# Blender 5.2.2 LTS
# www.blender.org
mtllib fault_grease_leak.mtl
o fault_grease_leak
v -3.230000 0.423966 0.152699
v -3.230000 0.443411 0.146801
v -3.230000 0.448714 0.142448
v -3.230000 0.456301 0.131093
v -3.230000 0.458293 0.124528
v -3.230000 0.458966 0.117699
v -3.230000 0.458293 0.110871
v -3.230000 0.456301 0.104306
v -3.230000 0.453067 0.098255
v -3.230000 0.443411 0.088598
v -3.230000 0.423966 0.082699
v -3.229201 0.430663 0.152027
v -3.228432 0.437102 0.150035
v -3.227724 0.443037 0.146801
v -3.227103 0.448239 0.142448
v -3.226593 0.452508 0.137144
v -3.226215 0.455680 0.131093
v -3.225982 0.457633 0.124528
v -3.225903 0.458293 0.117699
v -3.225982 0.457633 0.110871
v -3.226215 0.455680 0.104306
v -3.226593 0.452508 0.098255
v -3.227103 0.448239 0.092951
v -3.227724 0.443037 0.088598
v -3.228432 0.437102 0.085364
v -3.229201 0.430663 0.083372
v -3.228432 0.430274 0.152027
v -3.226925 0.436340 0.150035
v -3.225535 0.441930 0.146801
v -3.224318 0.446830 0.142448
v -3.223318 0.450852 0.137144
v -3.222575 0.453840 0.131093
v -3.222118 0.455680 0.124528
v -3.221964 0.456301 0.117699
v -3.222118 0.455680 0.110871
v -3.222575 0.453840 0.104306
v -3.223318 0.450852 0.098255
v -3.224318 0.446830 0.092951
v -3.225535 0.441930 0.088598
v -3.226925 0.436340 0.085364
v -3.228432 0.430274 0.083372
v -3.227724 0.429643 0.152027
v -3.225535 0.435102 0.150035
v -3.223518 0.440133 0.146801
v -3.221750 0.444543 0.142448
v -3.220299 0.448163 0.137144
v -3.219221 0.450852 0.131093
v -3.218557 0.452508 0.124528
v -3.218333 0.453067 0.117699
v -3.218557 0.452508 0.110871
v -3.219221 0.450852 0.104306
v -3.220299 0.448163 0.098255
v -3.221750 0.444543 0.092951
v -3.223518 0.440133 0.088598
v -3.225535 0.435102 0.085364
v -3.227724 0.429643 0.083372
v -3.227103 0.428794 0.152027
v -3.224318 0.433437 0.150035
v -3.221750 0.437715 0.146801
v -3.219500 0.441466 0.142448
v -3.217653 0.444543 0.137144
v -3.216281 0.446830 0.131093
v -3.215436 0.448239 0.124528
v -3.215151 0.448714 0.117699
v -3.215436 0.448239 0.110871
v -3.216281 0.446830 0.104306
v -3.217653 0.444543 0.098255
v -3.219500 0.441466 0.092951
v -3.221750 0.437715 0.088598
v -3.224318 0.433437 0.085364
v -3.227103 0.428794 0.083372
v -3.226593 0.427759 0.152027
v -3.223318 0.431407 0.150035
v -3.220299 0.434769 0.146801
v -3.217653 0.437715 0.142448
v -3.215482 0.440133 0.137144
v -3.213868 0.441930 0.131093
v -3.212875 0.443037 0.124528
v -3.212539 0.443411 0.117699
v -3.212875 0.443037 0.110871
v -3.213868 0.441930 0.104306
v -3.215482 0.440133 0.098255
v -3.217653 0.437715 0.092951
v -3.220299 0.434769 0.088598
v -3.223318 0.431407 0.085364
v -3.226593 0.427759 0.083372
v -3.226215 0.426579 0.152027
v -3.222575 0.429091 0.150035
v -3.219221 0.431407 0.146801
v -3.216281 0.433437 0.142448
v -3.213868 0.435102 0.137144
v -3.212075 0.436340 0.131093
v -3.210971 0.437102 0.124528
v -3.210598 0.437360 0.117699
v -3.210971 0.437102 0.110871
v -3.212075 0.436340 0.104306
v -3.213868 0.435102 0.098255
v -3.216281 0.433437 0.092951
v -3.219221 0.431407 0.088598
v -3.222575 0.429091 0.085364
v -3.226215 0.426579 0.083372
v -3.225982 0.425298 0.152027
v -3.222118 0.426579 0.150035
v -3.218557 0.427759 0.146801
v -3.215436 0.428794 0.142448
v -3.212875 0.429643 0.137144
v -3.210971 0.430274 0.131093
v -3.209799 0.430663 0.124528
v -3.209404 0.430794 0.117699
v -3.209799 0.430663 0.110871
v -3.210971 0.430274 0.104306
v -3.212875 0.429643 0.098255
v -3.215436 0.428794 0.092951
v -3.218557 0.427759 0.088598
v -3.222118 0.426579 0.085364
v -3.225982 0.425298 0.083372
v -3.225903 0.423966 0.152027
v -3.221964 0.423966 0.150035
v -3.218333 0.423966 0.146801
v -3.215151 0.423966 0.142448
v -3.212539 0.423966 0.137144
v -3.210598 0.423966 0.131093
v -3.209404 0.423966 0.124528
v -3.209000 0.423966 0.117699
v -3.209404 0.423966 0.110871
v -3.210598 0.423966 0.104306
v -3.212539 0.423966 0.098255
v -3.215151 0.423966 0.092951
v -3.218333 0.423966 0.088598
v -3.221964 0.423966 0.085364
v -3.225903 0.423966 0.083372
v -3.225982 0.422633 0.152027
v -3.222118 0.421353 0.150035
v -3.218557 0.420172 0.146801
v -3.215436 0.419137 0.142448
v -3.212875 0.418288 0.137144
v -3.210971 0.417657 0.131093
v -3.209799 0.417269 0.124528
v -3.209404 0.417137 0.117699
v -3.209799 0.417269 0.110871
v -3.210971 0.417657 0.104306
v -3.212875 0.418288 0.098255
v -3.215436 0.419137 0.092951
v -3.218557 0.420172 0.088598
v -3.222118 0.421353 0.085364
v -3.225982 0.422633 0.083372
v -3.226215 0.421353 0.152027
v -3.222575 0.418840 0.150035
v -3.219221 0.416524 0.146801
v -3.216281 0.414495 0.142448
v -3.213868 0.412829 0.137144
v -3.212075 0.411591 0.131093
v -3.210971 0.410829 0.124528
v -3.210598 0.410572 0.117699
v -3.210971 0.410829 0.110871
v -3.212075 0.411591 0.104306
v -3.213868 0.412829 0.098255
v -3.216281 0.414495 0.092951
v -3.219221 0.416524 0.088598
v -3.222575 0.418840 0.085364
v -3.226215 0.421353 0.083372
v -3.226593 0.420172 0.152027
v -3.223318 0.416524 0.150035
v -3.220299 0.413163 0.146801
v -3.217653 0.410216 0.142448
v -3.215482 0.407798 0.137144
v -3.213868 0.406001 0.131093
v -3.212875 0.404894 0.124528
v -3.212539 0.404521 0.117699
v -3.212875 0.404894 0.110871
v -3.213868 0.406001 0.104306
v -3.215482 0.407798 0.098255
v -3.217653 0.410216 0.092951
v -3.220299 0.413163 0.088598
v -3.223318 0.416524 0.085364
v -3.226593 0.420172 0.083372
v -3.227103 0.419137 0.152027
v -3.224318 0.414495 0.150035
v -3.221750 0.410216 0.146801
v -3.219500 0.406466 0.142448
v -3.217653 0.403388 0.137144
v -3.216281 0.401101 0.131093
v -3.215436 0.399692 0.124528
v -3.215151 0.399217 0.117699
v -3.215436 0.399692 0.110871
v -3.216281 0.401101 0.104306
v -3.217653 0.403388 0.098255
v -3.219500 0.406466 0.092951
v -3.221750 0.410216 0.088598
v -3.224318 0.414495 0.085364
v -3.227103 0.419137 0.083372
v -3.227724 0.418288 0.152027
v -3.225535 0.412829 0.150035
v -3.223518 0.407798 0.146801
v -3.221750 0.403388 0.142448
v -3.220299 0.399769 0.137144
v -3.219221 0.397079 0.131093
v -3.218557 0.395423 0.124528
v -3.218333 0.394864 0.117699
v -3.218557 0.395423 0.110871
v -3.219221 0.397079 0.104306
v -3.220299 0.399769 0.098255
v -3.221750 0.403388 0.092951
v -3.223518 0.407798 0.088598
v -3.225535 0.412829 0.085364
v -3.227724 0.418288 0.083372
v -3.228432 0.417657 0.152027
v -3.226925 0.411591 0.150035
v -3.225535 0.406001 0.146801
v -3.224318 0.401101 0.142448
v -3.223318 0.397079 0.137144
v -3.222575 0.394091 0.131093
v -3.222118 0.392251 0.124528
v -3.221964 0.391630 0.117699
v -3.222118 0.392251 0.110871
v -3.222575 0.394091 0.104306
v -3.223318 0.397079 0.098255
v -3.224318 0.401101 0.092951
v -3.225535 0.406001 0.088598
v -3.226925 0.411591 0.085364
v -3.228432 0.417657 0.083372
v -3.229201 0.417269 0.152027
v -3.228432 0.410829 0.150035
v -3.227724 0.404894 0.146801
v -3.227103 0.399692 0.142448
v -3.226593 0.395423 0.137144
v -3.226215 0.392251 0.131093
v -3.225982 0.390298 0.124528
v -3.225903 0.389638 0.117699
v -3.225982 0.390298 0.110871
v -3.226215 0.392251 0.104306
v -3.226593 0.395423 0.098255
v -3.227103 0.399692 0.092951
v -3.227724 0.404894 0.088598
v -3.228432 0.410829 0.085364
v -3.229201 0.417269 0.083372
v -3.230000 0.417137 0.152027
v -3.230000 0.410572 0.150035
v -3.230000 0.404521 0.146801
v -3.230000 0.399217 0.142448
v -3.230000 0.394864 0.137144
v -3.230000 0.391630 0.131093
v -3.230000 0.389638 0.124528
v -3.230000 0.388966 0.117699
v -3.230000 0.389638 0.110871
v -3.230000 0.391630 0.104306
v -3.230000 0.394864 0.098255
v -3.230000 0.399217 0.092951
v -3.230000 0.404521 0.088598
v -3.230000 0.410572 0.085364
v -3.230000 0.417137 0.083372
v -3.230799 0.417269 0.152027
v -3.231568 0.410829 0.150035
v -3.232276 0.404894 0.146801
v -3.232897 0.399692 0.142448
v -3.233407 0.395423 0.137144
v -3.233785 0.392251 0.131093
v -3.234018 0.390298 0.124528
v -3.234097 0.389638 0.117699
v -3.234018 0.390298 0.110871
v -3.233785 0.392251 0.104306
v -3.233407 0.395423 0.098255
v -3.232897 0.399692 0.092951
v -3.232276 0.404894 0.088598
v -3.231568 0.410829 0.085364
v -3.230799 0.417269 0.083372
v -3.231568 0.417657 0.152027
v -3.233075 0.411591 0.150035
v -3.234465 0.406001 0.146801
v -3.235682 0.401101 0.142448
v -3.236682 0.397079 0.137144
v -3.237425 0.394091 0.131093
v -3.237882 0.392251 0.124528
v -3.238036 0.391630 0.117699
v -3.237882 0.392251 0.110871
v -3.237425 0.394091 0.104306
v -3.236682 0.397079 0.098255
v -3.235682 0.401101 0.092951
v -3.234465 0.406001 0.088598
v -3.233075 0.411591 0.085364
v -3.231568 0.417657 0.083372
v -3.232276 0.418288 0.152027
v -3.234465 0.412829 0.150035
v -3.236482 0.407798 0.146801
v -3.238250 0.403388 0.142448
v -3.239701 0.399769 0.137144
v -3.240779 0.397079 0.131093
v -3.241443 0.395423 0.124528
v -3.241667 0.394864 0.117699
v -3.241443 0.395423 0.110871
v -3.240779 0.397079 0.104306
v -3.239701 0.399769 0.098255
v -3.238250 0.403388 0.092951
v -3.236482 0.407798 0.088598
v -3.234465 0.412829 0.085364
v -3.232276 0.418288 0.083372
v -3.232897 0.419137 0.152027
v -3.235682 0.414495 0.150035
v -3.238250 0.410216 0.146801
v -3.240500 0.406466 0.142448
v -3.242347 0.403388 0.137144
v -3.243719 0.401101 0.131093
v -3.244564 0.399692 0.124528
v -3.244849 0.399217 0.117699
v -3.244564 0.399692 0.110871
v -3.243719 0.401101 0.104306
v -3.242347 0.403388 0.098255
v -3.240500 0.406466 0.092951
v -3.238250 0.410216 0.088598
v -3.235682 0.414495 0.085364
v -3.232897 0.419137 0.083372
v -3.233407 0.420172 0.152027
v -3.236682 0.416524 0.150035
v -3.239701 0.413163 0.146801
v -3.242347 0.410216 0.142448
v -3.244518 0.407798 0.137144
v -3.246132 0.406001 0.131093
v -3.247125 0.404894 0.124528
v -3.247461 0.404521 0.117699
v -3.247125 0.404894 0.110871
v -3.246132 0.406001 0.104306
v -3.244518 0.407798 0.098255
v -3.242347 0.410216 0.092951
v -3.239701 0.413163 0.088598
v -3.236682 0.416524 0.085364
v -3.233407 0.420172 0.083372
v -3.233785 0.421353 0.152027
v -3.237425 0.418840 0.150035
v -3.240779 0.416524 0.146801
v -3.243719 0.414495 0.142448
v -3.246132 0.412829 0.137144
v -3.247925 0.411591 0.131093
v -3.249029 0.410829 0.124528
v -3.249402 0.410572 0.117699
v -3.249029 0.410829 0.110871
v -3.247925 0.411591 0.104306
v -3.246132 0.412829 0.098255
v -3.243719 0.414495 0.092951
v -3.240779 0.416524 0.088598
v -3.237425 0.418840 0.085364
v -3.233785 0.421353 0.083372
v -3.234018 0.422633 0.152027
v -3.237882 0.421353 0.150035
v -3.241443 0.420172 0.146801
v -3.244564 0.419137 0.142448
v -3.247125 0.418288 0.137144
v -3.249029 0.417657 0.131093
v -3.250201 0.417269 0.124528
v -3.250597 0.417137 0.117699
v -3.250201 0.417269 0.110871
v -3.249029 0.417657 0.104306
v -3.247125 0.418288 0.098255
v -3.244564 0.419137 0.092951
v -3.241443 0.420172 0.088598
v -3.237882 0.421353 0.085364
v -3.234018 0.422633 0.083372
v -3.234097 0.423966 0.152027
v -3.238036 0.423966 0.150035
v -3.241667 0.423966 0.146801
v -3.244849 0.423966 0.142448
v -3.247461 0.423966 0.137144
v -3.249402 0.423966 0.131093
v -3.250597 0.423966 0.124528
v -3.251000 0.423966 0.117699
v -3.250597 0.423966 0.110871
v -3.249402 0.423966 0.104306
v -3.247461 0.423966 0.098255
v -3.244849 0.423966 0.092951
v -3.241667 0.423966 0.088598
v -3.238036 0.423966 0.085364
v -3.234097 0.423966 0.083372
v -3.234018 0.425298 0.152027
v -3.237882 0.426579 0.150035
v -3.241443 0.427759 0.146801
v -3.244564 0.428794 0.142448
v -3.247125 0.429643 0.137144
v -3.249029 0.430274 0.131093
v -3.250201 0.430663 0.124528
v -3.250597 0.430794 0.117699
v -3.250201 0.430663 0.110871
v -3.249029 0.430274 0.104306
v -3.247125 0.429643 0.098255
v -3.244564 0.428794 0.092951
v -3.241443 0.427759 0.088598
v -3.237882 0.426579 0.085364
v -3.234018 0.425298 0.083372
v -3.233785 0.426579 0.152027
v -3.237425 0.429091 0.150035
v -3.240779 0.431407 0.146801
v -3.243719 0.433437 0.142448
v -3.246132 0.435102 0.137144
v -3.247925 0.436340 0.131093
v -3.249029 0.437102 0.124528
v -3.249402 0.437360 0.117699
v -3.249029 0.437102 0.110871
v -3.247925 0.436340 0.104306
v -3.246132 0.435102 0.098255
v -3.243719 0.433437 0.092951
v -3.240779 0.431407 0.088598
v -3.237425 0.429091 0.085364
v -3.233785 0.426579 0.083372
v -3.233407 0.427759 0.152027
v -3.236682 0.431407 0.150035
v -3.239701 0.434769 0.146801
v -3.242347 0.437715 0.142448
v -3.244518 0.440133 0.137144
v -3.246132 0.441930 0.131093
v -3.247125 0.443037 0.124528
v -3.247461 0.443411 0.117699
v -3.247125 0.443037 0.110871
v -3.246132 0.441930 0.104306
v -3.244518 0.440133 0.098255
v -3.242347 0.437715 0.092951
v -3.239701 0.434769 0.088598
v -3.236682 0.431407 0.085364
v -3.233407 0.427759 0.083372
v -3.232897 0.428794 0.152027
v -3.235682 0.433437 0.150035
v -3.238250 0.437715 0.146801
v -3.240500 0.441466 0.142448
v -3.242347 0.444543 0.137144
v -3.243719 0.446830 0.131093
v -3.244564 0.448239 0.124528
v -3.244849 0.448714 0.117699
v -3.244564 0.448239 0.110871
v -3.243719 0.446830 0.104306
v -3.242347 0.444543 0.098255
v -3.240500 0.441466 0.092951
v -3.238250 0.437715 0.088598
v -3.235682 0.433437 0.085364
v -3.232897 0.428794 0.083372
v -3.232276 0.429643 0.152027
v -3.234465 0.435102 0.150035
v -3.236482 0.440133 0.146801
v -3.238250 0.444543 0.142448
v -3.239701 0.448163 0.137144
v -3.240779 0.450852 0.131093
v -3.241443 0.452508 0.124528
v -3.241667 0.453067 0.117699
v -3.241443 0.452508 0.110871
v -3.240779 0.450852 0.104306
v -3.239701 0.448163 0.098255
v -3.238250 0.444543 0.092951
v -3.236482 0.440133 0.088598
v -3.234465 0.435102 0.085364
v -3.232276 0.429643 0.083372
v -3.231568 0.430274 0.152027
v -3.233075 0.436340 0.150035
v -3.234465 0.441930 0.146801
v -3.235682 0.446830 0.142448
v -3.236682 0.450852 0.137144
v -3.237425 0.453840 0.131093
v -3.237882 0.455680 0.124528
v -3.238036 0.456301 0.117699
v -3.237882 0.455680 0.110871
v -3.237425 0.453840 0.104306
v -3.236682 0.450852 0.098255
v -3.235682 0.446830 0.092951
v -3.234465 0.441930 0.088598
v -3.233075 0.436340 0.085364
v -3.231568 0.430274 0.083372
v -3.230799 0.430663 0.152027
v -3.231568 0.437102 0.150035
v -3.232276 0.443037 0.146801
v -3.232897 0.448239 0.142448
v -3.233407 0.452508 0.137144
v -3.233785 0.455680 0.131093
v -3.234018 0.457633 0.124528
v -3.234097 0.458293 0.117699
v -3.234018 0.457633 0.110871
v -3.233785 0.455680 0.104306
v -3.233407 0.452508 0.098255
v -3.232897 0.448239 0.092951
v -3.232276 0.443037 0.088598
v -3.231568 0.437102 0.085364
v -3.230799 0.430663 0.083372
v -3.230000 0.430794 0.152027
v -3.230000 0.437360 0.150035
v -3.230000 0.453067 0.137144
v -3.230000 0.448714 0.092951
v -3.230000 0.437360 0.085364
v -3.230000 0.430794 0.083372
v -3.230000 0.436333 -0.011692
v -3.230000 0.445112 -0.012556
v -3.230000 0.461333 -0.019275
v -3.230000 0.468152 -0.024872
v -3.230000 0.477907 -0.039471
v -3.230000 0.481333 -0.056692
v -3.230000 0.477907 -0.073912
v -3.230000 0.468152 -0.088511
v -3.230000 0.436333 -0.101692
v -3.228972 0.444943 -0.012556
v -3.227984 0.453222 -0.015117
v -3.227074 0.460853 -0.019275
v -3.226275 0.467541 -0.024872
v -3.225620 0.473030 -0.031691
v -3.225134 0.477108 -0.039471
v -3.224834 0.479620 -0.047913
v -3.224733 0.480468 -0.056692
v -3.224834 0.479620 -0.065471
v -3.225134 0.477108 -0.073912
v -3.225620 0.473030 -0.081692
v -3.226275 0.467541 -0.088511
v -3.227074 0.460853 -0.094108
v -3.227984 0.453222 -0.098266
v -3.228972 0.444943 -0.100827
v -3.227984 0.444443 -0.012556
v -3.226046 0.452242 -0.015117
v -3.224260 0.459430 -0.019275
v -3.222694 0.465730 -0.024872
v -3.221409 0.470901 -0.031691
v -3.220454 0.474742 -0.039471
v -3.219866 0.477108 -0.047913
v -3.219668 0.477907 -0.056692
v -3.219866 0.477108 -0.065471
v -3.220454 0.474742 -0.073912
v -3.221409 0.470901 -0.081692
v -3.222694 0.465730 -0.088511
v -3.224260 0.459430 -0.094108
v -3.226046 0.452242 -0.098266
v -3.227984 0.444443 -0.100827
v -3.227074 0.443632 -0.012556
v -3.224260 0.450651 -0.015117
v -3.221666 0.457120 -0.019275
v -3.219393 0.462790 -0.024872
v -3.217528 0.467443 -0.031691
v -3.216141 0.470901 -0.039471
v -3.215288 0.473030 -0.047913
v -3.215000 0.473749 -0.056692
v -3.215288 0.473030 -0.065471
v -3.216141 0.470901 -0.073912
v -3.217528 0.467443 -0.081692
v -3.219393 0.462790 -0.088511
v -3.221666 0.457120 -0.094108
v -3.224260 0.450651 -0.098266
v -3.227074 0.443632 -0.100827
v -3.226275 0.442540 -0.012556
v -3.222694 0.448509 -0.015117
v -3.219393 0.454011 -0.019275
v -3.216500 0.458833 -0.024872
v -3.214126 0.462790 -0.031691
v -3.212361 0.465730 -0.039471
v -3.211275 0.467541 -0.047913
v -3.210908 0.468152 -0.056692
v -3.211275 0.467541 -0.065471
v -3.212361 0.465730 -0.073912
v -3.214126 0.462790 -0.081692
v -3.216500 0.458833 -0.088511
v -3.219393 0.454011 -0.094108
v -3.222694 0.448509 -0.098266
v -3.226275 0.442540 -0.100827
v -3.225620 0.441210 -0.012556
v -3.221409 0.445900 -0.015117
v -3.217528 0.450222 -0.019275
v -3.214126 0.454011 -0.024872
v -3.211334 0.457120 -0.031691
v -3.209259 0.459430 -0.039471
v -3.207982 0.460853 -0.047913
v -3.207550 0.461333 -0.056692
v -3.207982 0.460853 -0.065471
v -3.209259 0.459430 -0.073912
v -3.211334 0.457120 -0.081692
v -3.214126 0.454011 -0.088511
v -3.217528 0.450222 -0.094108
v -3.221409 0.445900 -0.098266
v -3.225620 0.441210 -0.100827
v -3.225134 0.439692 -0.012556
v -3.220454 0.442923 -0.015117
v -3.216141 0.445900 -0.019275
v -3.212361 0.448509 -0.024872
v -3.209259 0.450651 -0.031691
v -3.206954 0.452242 -0.039471
v -3.205535 0.453222 -0.047913
v -3.205055 0.453553 -0.056692
v -3.205535 0.453222 -0.065471
v -3.206954 0.452242 -0.073912
v -3.209259 0.450651 -0.081692
v -3.212361 0.448509 -0.088511
v -3.216141 0.445900 -0.094108
v -3.220454 0.442923 -0.098266
v -3.225134 0.439692 -0.100827
v -3.224834 0.438045 -0.012556
v -3.219866 0.439692 -0.015117
v -3.215288 0.441210 -0.019275
v -3.211275 0.442540 -0.024872
v -3.207982 0.443632 -0.031691
v -3.205535 0.444443 -0.039471
v -3.204028 0.444943 -0.047913
v -3.203519 0.445112 -0.056692
v -3.204028 0.444943 -0.065471
v -3.205535 0.444443 -0.073912
v -3.207982 0.443632 -0.081692
v -3.211275 0.442540 -0.088511
v -3.215288 0.441210 -0.094108
v -3.219866 0.439692 -0.098266
v -3.224834 0.438045 -0.100827
v -3.224733 0.436333 -0.012556
v -3.219668 0.436333 -0.015117
v -3.215000 0.436333 -0.019275
v -3.210908 0.436333 -0.024872
v -3.207550 0.436333 -0.031691
v -3.205055 0.436333 -0.039471
v -3.203519 0.436333 -0.047913
v -3.203000 0.436333 -0.056692
v -3.203519 0.436333 -0.065471
v -3.205055 0.436333 -0.073912
v -3.207550 0.436333 -0.081692
v -3.210908 0.436333 -0.088511
v -3.215000 0.436333 -0.094108
v -3.219668 0.436333 -0.098266
v -3.224733 0.436333 -0.100827
v -3.224834 0.434620 -0.012556
v -3.219866 0.432973 -0.015117
v -3.215288 0.431455 -0.019275
v -3.211275 0.430125 -0.024872
v -3.207982 0.429033 -0.031691
v -3.205535 0.428222 -0.039471
v -3.204028 0.427722 -0.047913
v -3.203519 0.427553 -0.056692
v -3.204028 0.427722 -0.065471
v -3.205535 0.428222 -0.073912
v -3.207982 0.429033 -0.081692
v -3.211275 0.430125 -0.088511
v -3.215288 0.431455 -0.094108
v -3.219866 0.432973 -0.098266
v -3.224834 0.434620 -0.100827
v -3.225134 0.432973 -0.012556
v -3.220454 0.429742 -0.015117
v -3.216141 0.426765 -0.019275
v -3.212361 0.424156 -0.024872
v -3.209259 0.422014 -0.031691
v -3.206954 0.420423 -0.039471
v -3.205535 0.419443 -0.047913
v -3.205055 0.419112 -0.056692
v -3.205535 0.419443 -0.065471
v -3.206954 0.420423 -0.073912
v -3.209259 0.422014 -0.081692
v -3.212361 0.424156 -0.088511
v -3.216141 0.426765 -0.094108
v -3.220454 0.429742 -0.098266
v -3.225134 0.432973 -0.100827
v -3.225620 0.431455 -0.012556
v -3.221409 0.426765 -0.015117
v -3.217528 0.422443 -0.019275
v -3.214126 0.418654 -0.024872
v -3.211334 0.415545 -0.031691
v -3.209259 0.413235 -0.039471
v -3.207982 0.411812 -0.047913
v -3.207550 0.411332 -0.056692
v -3.207982 0.411812 -0.065471
v -3.209259 0.413235 -0.073912
v -3.211334 0.415545 -0.081692
v -3.214126 0.418654 -0.088511
v -3.217528 0.422443 -0.094108
v -3.221409 0.426765 -0.098266
v -3.225620 0.431455 -0.100827
v -3.226275 0.430125 -0.012556
v -3.222694 0.424156 -0.015117
v -3.219393 0.418654 -0.019275
v -3.216500 0.413833 -0.024872
v -3.214126 0.409875 -0.031691
v -3.212361 0.406935 -0.039471
v -3.211275 0.405124 -0.047913
v -3.210908 0.404513 -0.056692
v -3.211275 0.405124 -0.065471
v -3.212361 0.406935 -0.073912
v -3.214126 0.409875 -0.081692
v -3.216500 0.413833 -0.088511
v -3.219393 0.418654 -0.094108
v -3.222694 0.424156 -0.098266
v -3.226275 0.430125 -0.100827
v -3.227074 0.429033 -0.012556
v -3.224260 0.422014 -0.015117
v -3.221666 0.415545 -0.019275
v -3.219393 0.409875 -0.024872
v -3.217528 0.405222 -0.031691
v -3.216141 0.401765 -0.039471
v -3.215288 0.399635 -0.047913
v -3.215000 0.398916 -0.056692
v -3.215288 0.399635 -0.065471
v -3.216141 0.401765 -0.073912
v -3.217528 0.405222 -0.081692
v -3.219393 0.409875 -0.088511
v -3.221666 0.415545 -0.094108
v -3.224260 0.422014 -0.098266
v -3.227074 0.429033 -0.100827
v -3.227984 0.428222 -0.012556
v -3.226046 0.420423 -0.015117
v -3.224260 0.413235 -0.019275
v -3.222694 0.406935 -0.024872
v -3.221409 0.401765 -0.031691
v -3.220454 0.397923 -0.039471
v -3.219866 0.395557 -0.047913
v -3.219668 0.394758 -0.056692
v -3.219866 0.395557 -0.065471
v -3.220454 0.397923 -0.073912
v -3.221409 0.401765 -0.081692
v -3.222694 0.406935 -0.088511
v -3.224260 0.413235 -0.094108
v -3.226046 0.420423 -0.098266
v -3.227984 0.428222 -0.100827
v -3.228972 0.427722 -0.012556
v -3.227984 0.419443 -0.015117
v -3.227074 0.411812 -0.019275
v -3.226275 0.405124 -0.024872
v -3.225620 0.399635 -0.031691
v -3.225134 0.395557 -0.039471
v -3.224834 0.393045 -0.047913
v -3.224733 0.392197 -0.056692
v -3.224834 0.393045 -0.065471
v -3.225134 0.395557 -0.073912
v -3.225620 0.399635 -0.081692
v -3.226275 0.405124 -0.088511
v -3.227074 0.411812 -0.094108
v -3.227984 0.419443 -0.098266
v -3.228972 0.427722 -0.100827
v -3.230000 0.427553 -0.012556
v -3.230000 0.419112 -0.015117
v -3.230000 0.411332 -0.019275
v -3.230000 0.404513 -0.024872
v -3.230000 0.398916 -0.031691
v -3.230000 0.394758 -0.039471
v -3.230000 0.392197 -0.047913
v -3.230000 0.391333 -0.056692
v -3.230000 0.392197 -0.065471
v -3.230000 0.394758 -0.073912
v -3.230000 0.398916 -0.081692
v -3.230000 0.404513 -0.088511
v -3.230000 0.411332 -0.094108
v -3.230000 0.419112 -0.098266
v -3.230000 0.427553 -0.100827
v -3.231028 0.427722 -0.012556
v -3.232016 0.419443 -0.015117
v -3.232926 0.411812 -0.019275
v -3.233725 0.405124 -0.024872
v -3.234380 0.399635 -0.031691
v -3.234866 0.395557 -0.039471
v -3.235166 0.393045 -0.047913
v -3.235267 0.392197 -0.056692
v -3.235166 0.393045 -0.065471
v -3.234866 0.395557 -0.073912
v -3.234380 0.399635 -0.081692
v -3.233725 0.405124 -0.088511
v -3.232926 0.411812 -0.094108
v -3.232016 0.419443 -0.098266
v -3.231028 0.427722 -0.100827
v -3.232016 0.428222 -0.012556
v -3.233954 0.420423 -0.015117
v -3.235740 0.413235 -0.019275
v -3.237306 0.406935 -0.024872
v -3.238591 0.401765 -0.031691
v -3.239546 0.397923 -0.039471
v -3.240134 0.395557 -0.047913
v -3.240332 0.394758 -0.056692
v -3.240134 0.395557 -0.065471
v -3.239546 0.397923 -0.073912
v -3.238591 0.401765 -0.081692
v -3.237306 0.406935 -0.088511
v -3.235740 0.413235 -0.094108
v -3.233954 0.420423 -0.098266
v -3.232016 0.428222 -0.100827
v -3.232926 0.429033 -0.012556
v -3.235740 0.422014 -0.015117
v -3.238334 0.415545 -0.019275
v -3.240607 0.409875 -0.024872
v -3.242472 0.405222 -0.031691
v -3.243859 0.401765 -0.039471
v -3.244712 0.399635 -0.047913
v -3.245000 0.398916 -0.056692
v -3.244712 0.399635 -0.065471
v -3.243859 0.401765 -0.073912
v -3.242472 0.405222 -0.081692
v -3.240607 0.409875 -0.088511
v -3.238334 0.415545 -0.094108
v -3.235740 0.422014 -0.098266
v -3.232926 0.429033 -0.100827
v -3.233725 0.430125 -0.012556
v -3.237306 0.424156 -0.015117
v -3.240607 0.418654 -0.019275
v -3.243500 0.413833 -0.024872
v -3.245874 0.409875 -0.031691
v -3.247639 0.406935 -0.039471
v -3.248725 0.405124 -0.047913
v -3.249092 0.404513 -0.056692
v -3.248725 0.405124 -0.065471
v -3.247639 0.406935 -0.073912
v -3.245874 0.409875 -0.081692
v -3.243500 0.413833 -0.088511
v -3.240607 0.418654 -0.094108
v -3.237306 0.424156 -0.098266
v -3.233725 0.430125 -0.100827
v -3.234380 0.431455 -0.012556
v -3.238591 0.426765 -0.015117
v -3.242472 0.422443 -0.019275
v -3.245874 0.418654 -0.024872
v -3.248666 0.415545 -0.031691
v -3.250741 0.413235 -0.039471
v -3.252018 0.411812 -0.047913
v -3.252450 0.411332 -0.056692
v -3.252018 0.411812 -0.065471
v -3.250741 0.413235 -0.073912
v -3.248666 0.415545 -0.081692
v -3.245874 0.418654 -0.088511
v -3.242472 0.422443 -0.094108
v -3.238591 0.426765 -0.098266
v -3.234380 0.431455 -0.100827
v -3.234866 0.432973 -0.012556
v -3.239546 0.429742 -0.015117
v -3.243859 0.426765 -0.019275
v -3.247639 0.424156 -0.024872
v -3.250741 0.422014 -0.031691
v -3.253046 0.420423 -0.039471
v -3.254465 0.419443 -0.047913
v -3.254945 0.419112 -0.056692
v -3.254465 0.419443 -0.065471
v -3.253046 0.420423 -0.073912
v -3.250741 0.422014 -0.081692
v -3.247639 0.424156 -0.088511
v -3.243859 0.426765 -0.094108
v -3.239546 0.429742 -0.098266
v -3.234866 0.432973 -0.100827
v -3.235166 0.434620 -0.012556
v -3.240134 0.432973 -0.015117
v -3.244712 0.431455 -0.019275
v -3.248725 0.430125 -0.024872
v -3.252018 0.429033 -0.031691
v -3.254465 0.428222 -0.039471
v -3.255972 0.427722 -0.047913
v -3.256481 0.427553 -0.056692
v -3.255972 0.427722 -0.065471
v -3.254465 0.428222 -0.073912
v -3.252018 0.429033 -0.081692
v -3.248725 0.430125 -0.088511
v -3.244712 0.431455 -0.094108
v -3.240134 0.432973 -0.098266
v -3.235166 0.434620 -0.100827
v -3.235267 0.436333 -0.012556
v -3.240332 0.436333 -0.015117
v -3.245000 0.436333 -0.019275
v -3.249092 0.436333 -0.024872
v -3.252450 0.436333 -0.031691
v -3.254945 0.436333 -0.039471
v -3.256481 0.436333 -0.047913
v -3.257000 0.436333 -0.056692
v -3.256481 0.436333 -0.065471
v -3.254945 0.436333 -0.073912
v -3.252450 0.436333 -0.081692
v -3.249092 0.436333 -0.088511
v -3.245000 0.436333 -0.094108
v -3.240332 0.436333 -0.098266
v -3.235267 0.436333 -0.100827
v -3.235166 0.438045 -0.012556
v -3.240134 0.439692 -0.015117
v -3.244712 0.441210 -0.019275
v -3.248725 0.442540 -0.024872
v -3.252018 0.443632 -0.031691
v -3.254465 0.444443 -0.039471
v -3.255972 0.444943 -0.047913
v -3.256481 0.445112 -0.056692
v -3.255972 0.444943 -0.065471
v -3.254465 0.444443 -0.073912
v -3.252018 0.443632 -0.081692
v -3.248725 0.442540 -0.088511
v -3.244712 0.441210 -0.094108
v -3.240134 0.439692 -0.098266
v -3.235166 0.438045 -0.100827
v -3.234866 0.439692 -0.012556
v -3.239546 0.442923 -0.015117
v -3.243859 0.445900 -0.019275
v -3.247639 0.448509 -0.024872
v -3.250741 0.450651 -0.031691
v -3.253046 0.452242 -0.039471
v -3.254465 0.453222 -0.047913
v -3.254945 0.453553 -0.056692
v -3.254465 0.453222 -0.065471
v -3.253046 0.452242 -0.073912
v -3.250741 0.450651 -0.081692
v -3.247639 0.448509 -0.088511
v -3.243859 0.445900 -0.094108
v -3.239546 0.442923 -0.098266
v -3.234866 0.439692 -0.100827
v -3.234380 0.441210 -0.012556
v -3.238591 0.445900 -0.015117
v -3.242472 0.450222 -0.019275
v -3.245874 0.454011 -0.024872
v -3.248666 0.457120 -0.031691
v -3.250741 0.459430 -0.039471
v -3.252018 0.460853 -0.047913
v -3.252450 0.461333 -0.056692
v -3.252018 0.460853 -0.065471
v -3.250741 0.459430 -0.073912
v -3.248666 0.457120 -0.081692
v -3.245874 0.454011 -0.088511
v -3.242472 0.450222 -0.094108
v -3.238591 0.445900 -0.098266
v -3.234380 0.441210 -0.100827
v -3.233725 0.442540 -0.012556
v -3.237306 0.448509 -0.015117
v -3.240607 0.454011 -0.019275
v -3.243500 0.458833 -0.024872
v -3.245874 0.462790 -0.031691
v -3.247639 0.465730 -0.039471
v -3.248725 0.467541 -0.047913
v -3.249092 0.468152 -0.056692
v -3.248725 0.467541 -0.065471
v -3.247639 0.465730 -0.073912
v -3.245874 0.462790 -0.081692
v -3.243500 0.458833 -0.088511
v -3.240607 0.454011 -0.094108
v -3.237306 0.448509 -0.098266
v -3.233725 0.442540 -0.100827
v -3.232926 0.443632 -0.012556
v -3.235740 0.450651 -0.015117
v -3.238334 0.457120 -0.019275
v -3.240607 0.462790 -0.024872
v -3.242472 0.467443 -0.031691
v -3.243859 0.470901 -0.039471
v -3.244712 0.473030 -0.047913
v -3.245000 0.473749 -0.056692
v -3.244712 0.473030 -0.065471
v -3.243859 0.470901 -0.073912
v -3.242472 0.467443 -0.081692
v -3.240607 0.462790 -0.088511
v -3.238334 0.457120 -0.094108
v -3.235740 0.450651 -0.098266
v -3.232926 0.443632 -0.100827
v -3.232016 0.444443 -0.012556
v -3.233954 0.452242 -0.015117
v -3.235740 0.459430 -0.019275
v -3.237306 0.465730 -0.024872
v -3.238591 0.470901 -0.031691
v -3.239546 0.474742 -0.039471
v -3.240134 0.477108 -0.047913
v -3.240332 0.477907 -0.056692
v -3.240134 0.477108 -0.065471
v -3.239546 0.474742 -0.073912
v -3.238591 0.470901 -0.081692
v -3.237306 0.465730 -0.088511
v -3.235740 0.459430 -0.094108
v -3.233954 0.452242 -0.098266
v -3.232016 0.444443 -0.100827
v -3.231028 0.444943 -0.012556
v -3.232016 0.453222 -0.015117
v -3.232926 0.460853 -0.019275
v -3.233725 0.467541 -0.024872
v -3.234380 0.473030 -0.031691
v -3.234866 0.477108 -0.039471
v -3.235166 0.479620 -0.047913
v -3.235267 0.480468 -0.056692
v -3.235166 0.479620 -0.065471
v -3.234866 0.477108 -0.073912
v -3.234380 0.473030 -0.081692
v -3.233725 0.467541 -0.088511
v -3.232926 0.460853 -0.094108
v -3.232016 0.453222 -0.098266
v -3.231028 0.444943 -0.100827
v -3.230000 0.453553 -0.015117
v -3.230000 0.473749 -0.031691
v -3.230000 0.480468 -0.047913
v -3.230000 0.480468 -0.065471
v -3.230000 0.473749 -0.081692
v -3.230000 0.461333 -0.094108
v -3.230000 0.453553 -0.098266
v -3.230000 0.445112 -0.100827
v -3.230000 0.379812 -0.167132
v -3.230000 0.390542 -0.168189
v -3.230000 0.410368 -0.176401
v -3.230000 0.418703 -0.183241
v -3.230000 0.430625 -0.201085
v -3.230000 0.434812 -0.222132
v -3.230000 0.433755 -0.232862
v -3.230000 0.425543 -0.252689
v -3.230000 0.410368 -0.267863
v -3.230000 0.379812 -0.277132
v -3.228744 0.390336 -0.168189
v -3.227536 0.400455 -0.171319
v -3.226423 0.409781 -0.176401
v -3.225448 0.417956 -0.183241
v -3.224647 0.424664 -0.191576
v -3.224052 0.429649 -0.201085
v -3.223686 0.432719 -0.211402
v -3.223562 0.433755 -0.222132
v -3.223686 0.432719 -0.232862
v -3.224052 0.429649 -0.243180
v -3.224647 0.424664 -0.252689
v -3.225448 0.417956 -0.261023
v -3.226423 0.409781 -0.267863
v -3.227536 0.400455 -0.272946
v -3.228744 0.390336 -0.276075
v -3.227536 0.389725 -0.168189
v -3.225167 0.399258 -0.171319
v -3.222984 0.408043 -0.176401
v -3.221070 0.415743 -0.183241
v -3.219500 0.422062 -0.191576
v -3.218333 0.426758 -0.201085
v -3.217614 0.429649 -0.211402
v -3.217371 0.430625 -0.222132
v -3.217614 0.429649 -0.232862
v -3.218333 0.426758 -0.243180
v -3.219500 0.422062 -0.252689
v -3.221070 0.415743 -0.261023
v -3.222984 0.408043 -0.267863
v -3.225167 0.399258 -0.272946
v -3.227536 0.389725 -0.276075
v -3.226423 0.388734 -0.168189
v -3.222984 0.397313 -0.171319
v -3.219814 0.405219 -0.176401
v -3.217036 0.412149 -0.183241
v -3.214756 0.417836 -0.191576
v -3.213062 0.422062 -0.201085
v -3.212018 0.424664 -0.211402
v -3.211666 0.425543 -0.222132
v -3.212018 0.424664 -0.232862
v -3.213062 0.422062 -0.243180
v -3.214756 0.417836 -0.252689
v -3.217036 0.412149 -0.261023
v -3.219814 0.405219 -0.267863
v -3.222984 0.397313 -0.272946
v -3.226423 0.388734 -0.276075
v -3.225448 0.387399 -0.168189
v -3.221070 0.394695 -0.171319
v -3.217036 0.401419 -0.176401
v -3.213500 0.407312 -0.183241
v -3.210598 0.412149 -0.191576
v -3.208442 0.415743 -0.201085
v -3.207114 0.417956 -0.211402
v -3.206666 0.418703 -0.222132
v -3.207114 0.417956 -0.232862
v -3.208442 0.415743 -0.243180
v -3.210598 0.412149 -0.252689
v -3.213500 0.407312 -0.261023
v -3.217036 0.401419 -0.267863
v -3.221070 0.394695 -0.272946
v -3.225448 0.387399 -0.276075
v -3.224647 0.385773 -0.168189
v -3.219500 0.391506 -0.171319
v -3.214756 0.396788 -0.176401
v -3.210598 0.401419 -0.183241
v -3.207186 0.405219 -0.191576
v -3.204650 0.408043 -0.201085
v -3.203089 0.409781 -0.211402
v -3.202562 0.410368 -0.222132
v -3.203089 0.409781 -0.232862
v -3.204650 0.408043 -0.243180
v -3.207186 0.405219 -0.252689
v -3.210598 0.401419 -0.261023
v -3.214756 0.396788 -0.267863
v -3.219500 0.391506 -0.272946
v -3.224647 0.385773 -0.276075
v -3.224052 0.383918 -0.168189
v -3.218333 0.387867 -0.171319
v -3.213062 0.391506 -0.176401
v -3.208442 0.394695 -0.183241
v -3.204650 0.397313 -0.191576
v -3.201833 0.399258 -0.201085
v -3.200098 0.400455 -0.211402
v -3.199512 0.400860 -0.222132
v -3.200098 0.400455 -0.232862
v -3.201833 0.399258 -0.243180
v -3.204650 0.397313 -0.252689
v -3.208442 0.394695 -0.261023
v -3.213062 0.391506 -0.267863
v -3.218333 0.387867 -0.272946
v -3.224052 0.383918 -0.276075
v -3.223686 0.381905 -0.168189
v -3.217614 0.383918 -0.171319
v -3.212018 0.385773 -0.176401
v -3.207114 0.387399 -0.183241
v -3.203089 0.388734 -0.191576
v -3.200098 0.389725 -0.201085
v -3.198256 0.390336 -0.211402
v -3.197634 0.390542 -0.222132
v -3.198256 0.390336 -0.232862
v -3.200098 0.389725 -0.243180
v -3.203089 0.388734 -0.252689
v -3.207114 0.387399 -0.261023
v -3.212018 0.385773 -0.267863
v -3.217614 0.383918 -0.272946
v -3.223686 0.381905 -0.276075
v -3.223562 0.379812 -0.168189
v -3.217371 0.379812 -0.171319
v -3.211666 0.379812 -0.176401
v -3.206666 0.379812 -0.183241
v -3.202562 0.379812 -0.191576
v -3.199512 0.379812 -0.201085
v -3.197634 0.379812 -0.211402
v -3.197000 0.379812 -0.222132
v -3.197634 0.379812 -0.232862
v -3.199512 0.379812 -0.243180
v -3.202562 0.379812 -0.252689
v -3.206666 0.379812 -0.261023
v -3.211666 0.379812 -0.267863
v -3.217371 0.379812 -0.272946
v -3.223562 0.379812 -0.276075
v -3.223686 0.377719 -0.168189
v -3.217614 0.375706 -0.171319
v -3.212018 0.373851 -0.176401
v -3.207114 0.372225 -0.183241
v -3.203089 0.370890 -0.191576
v -3.200098 0.369899 -0.201085
v -3.198256 0.369288 -0.211402
v -3.197634 0.369082 -0.222132
v -3.198256 0.369288 -0.232862
v -3.200098 0.369899 -0.243180
v -3.203089 0.370890 -0.252689
v -3.207114 0.372225 -0.261023
v -3.212018 0.373851 -0.267863
v -3.217614 0.375706 -0.272946
v -3.223686 0.377719 -0.276075
v -3.224052 0.375706 -0.168189
v -3.218333 0.371758 -0.171319
v -3.213062 0.368119 -0.176401
v -3.208442 0.364929 -0.183241
v -3.204650 0.362312 -0.191576
v -3.201833 0.360367 -0.201085
v -3.200098 0.359169 -0.211402
v -3.199512 0.358765 -0.222132
v -3.200098 0.359169 -0.232862
v -3.201833 0.360367 -0.243180
v -3.204650 0.362312 -0.252689
v -3.208442 0.364929 -0.261023
v -3.213062 0.368119 -0.267863
v -3.218333 0.371758 -0.272946
v -3.224052 0.375706 -0.276075
v -3.224647 0.373851 -0.168189
v -3.219500 0.368119 -0.171319
v -3.214756 0.362836 -0.176401
v -3.210598 0.358205 -0.183241
v -3.207186 0.354405 -0.191576
v -3.204650 0.351582 -0.201085
v -3.203089 0.349843 -0.211402
v -3.202562 0.349256 -0.222132
v -3.203089 0.349843 -0.232862
v -3.204650 0.351582 -0.243180
v -3.207186 0.354405 -0.252689
v -3.210598 0.358205 -0.261023
v -3.214756 0.362836 -0.267863
v -3.219500 0.368119 -0.272946
v -3.224647 0.373851 -0.276075
v -3.225448 0.372225 -0.168189
v -3.221070 0.364929 -0.171319
v -3.217036 0.358205 -0.176401
v -3.213500 0.352312 -0.183241
v -3.210598 0.347476 -0.191576
v -3.208442 0.343882 -0.201085
v -3.207114 0.341669 -0.211402
v -3.206666 0.340921 -0.222132
v -3.207114 0.341669 -0.232862
v -3.208442 0.343882 -0.243180
v -3.210598 0.347476 -0.252689
v -3.213500 0.352312 -0.261023
v -3.217036 0.358205 -0.267863
v -3.221070 0.364929 -0.272946
v -3.225448 0.372225 -0.276075
v -3.226423 0.370890 -0.168189
v -3.222984 0.362312 -0.171319
v -3.219814 0.354405 -0.176401
v -3.217036 0.347476 -0.183241
v -3.214756 0.341788 -0.191576
v -3.213062 0.337562 -0.201085
v -3.212018 0.334960 -0.211402
v -3.211666 0.334081 -0.222132
v -3.212018 0.334960 -0.232862
v -3.213062 0.337562 -0.243180
v -3.214756 0.341788 -0.252689
v -3.217036 0.347476 -0.261023
v -3.219814 0.354405 -0.267863
v -3.222984 0.362312 -0.272946
v -3.226423 0.370890 -0.276075
v -3.227536 0.369899 -0.168189
v -3.225167 0.360367 -0.171319
v -3.222984 0.351582 -0.176401
v -3.221070 0.343882 -0.183241
v -3.219500 0.337562 -0.191576
v -3.218333 0.332867 -0.201085
v -3.217614 0.329975 -0.211402
v -3.217371 0.328999 -0.222132
v -3.217614 0.329975 -0.232862
v -3.218333 0.332867 -0.243180
v -3.219500 0.337562 -0.252689
v -3.221070 0.343882 -0.261023
v -3.222984 0.351582 -0.267863
v -3.225167 0.360367 -0.272946
v -3.227536 0.369899 -0.276075
v -3.228744 0.369288 -0.168189
v -3.227536 0.359169 -0.171319
v -3.226423 0.349843 -0.176401
v -3.225448 0.341669 -0.183241
v -3.224647 0.334960 -0.191576
v -3.224052 0.329975 -0.201085
v -3.223686 0.326905 -0.211402
v -3.223562 0.325869 -0.222132
v -3.223686 0.326905 -0.232862
v -3.224052 0.329975 -0.243180
v -3.224647 0.334960 -0.252689
v -3.225448 0.341669 -0.261023
v -3.226423 0.349843 -0.267863
v -3.227536 0.359169 -0.272946
v -3.228744 0.369288 -0.276075
v -3.230000 0.369082 -0.168189
v -3.230000 0.358765 -0.171319
v -3.230000 0.349256 -0.176401
v -3.230000 0.340921 -0.183241
v -3.230000 0.334081 -0.191576
v -3.230000 0.328999 -0.201085
v -3.230000 0.325869 -0.211402
v -3.230000 0.324812 -0.222132
v -3.230000 0.325869 -0.232862
v -3.230000 0.328999 -0.243180
v -3.230000 0.334081 -0.252689
v -3.230000 0.340921 -0.261023
v -3.230000 0.349256 -0.267863
v -3.230000 0.358765 -0.272946
v -3.230000 0.369082 -0.276075
v -3.231256 0.369288 -0.168189
v -3.232464 0.359169 -0.171319
v -3.233577 0.349843 -0.176401
v -3.234552 0.341669 -0.183241
v -3.235353 0.334960 -0.191576
v -3.235948 0.329975 -0.201085
v -3.236314 0.326905 -0.211402
v -3.236438 0.325869 -0.222132
v -3.236314 0.326905 -0.232862
v -3.235948 0.329975 -0.243180
v -3.235353 0.334960 -0.252689
v -3.234552 0.341669 -0.261023
v -3.233577 0.349843 -0.267863
v -3.232464 0.359169 -0.272946
v -3.231256 0.369288 -0.276075
v -3.232464 0.369899 -0.168189
v -3.234833 0.360367 -0.171319
v -3.237016 0.351582 -0.176401
v -3.238930 0.343882 -0.183241
v -3.240500 0.337562 -0.191576
v -3.241667 0.332867 -0.201085
v -3.242386 0.329975 -0.211402
v -3.242629 0.328999 -0.222132
v -3.242386 0.329975 -0.232862
v -3.241667 0.332867 -0.243180
v -3.240500 0.337562 -0.252689
v -3.238930 0.343882 -0.261023
v -3.237016 0.351582 -0.267863
v -3.234833 0.360367 -0.272946
v -3.232464 0.369899 -0.276075
v -3.233577 0.370890 -0.168189
v -3.237016 0.362312 -0.171319
v -3.240186 0.354405 -0.176401
v -3.242964 0.347476 -0.183241
v -3.245244 0.341788 -0.191576
v -3.246938 0.337562 -0.201085
v -3.247982 0.334960 -0.211402
v -3.248334 0.334081 -0.222132
v -3.247982 0.334960 -0.232862
v -3.246938 0.337562 -0.243180
v -3.245244 0.341788 -0.252689
v -3.242964 0.347476 -0.261023
v -3.240186 0.354405 -0.267863
v -3.237016 0.362312 -0.272946
v -3.233577 0.370890 -0.276075
v -3.234552 0.372225 -0.168189
v -3.238930 0.364929 -0.171319
v -3.242964 0.358206 -0.176401
v -3.246500 0.352312 -0.183241
v -3.249402 0.347476 -0.191576
v -3.251558 0.343882 -0.201085
v -3.252886 0.341669 -0.211402
v -3.253335 0.340921 -0.222132
v -3.252886 0.341669 -0.232862
v -3.251558 0.343882 -0.243180
v -3.249402 0.347476 -0.252689
v -3.246500 0.352312 -0.261023
v -3.242964 0.358206 -0.267863
v -3.238930 0.364929 -0.272946
v -3.234552 0.372225 -0.276075
v -3.235353 0.373851 -0.168189
v -3.240500 0.368119 -0.171319
v -3.245244 0.362836 -0.176401
v -3.249402 0.358206 -0.183241
v -3.252814 0.354405 -0.191576
v -3.255350 0.351582 -0.201085
v -3.256911 0.349843 -0.211402
v -3.257438 0.349256 -0.222132
v -3.256911 0.349843 -0.232862
v -3.255350 0.351582 -0.243180
v -3.252814 0.354405 -0.252689
v -3.249402 0.358206 -0.261023
v -3.245244 0.362836 -0.267863
v -3.240500 0.368119 -0.272946
v -3.235353 0.373851 -0.276075
v -3.235948 0.375706 -0.168189
v -3.241667 0.371758 -0.171319
v -3.246938 0.368119 -0.176401
v -3.251558 0.364929 -0.183241
v -3.255350 0.362312 -0.191576
v -3.258167 0.360367 -0.201085
v -3.259902 0.359169 -0.211402
v -3.260488 0.358765 -0.222132
v -3.259902 0.359169 -0.232862
v -3.258167 0.360367 -0.243180
v -3.255350 0.362312 -0.252689
v -3.251558 0.364929 -0.261023
v -3.246938 0.368119 -0.267863
v -3.241667 0.371758 -0.272946
v -3.235948 0.375706 -0.276075
v -3.236314 0.377719 -0.168189
v -3.242386 0.375706 -0.171319
v -3.247982 0.373851 -0.176401
v -3.252886 0.372225 -0.183241
v -3.256911 0.370890 -0.191576
v -3.259902 0.369899 -0.201085
v -3.261744 0.369288 -0.211402
v -3.262366 0.369082 -0.222132
v -3.261744 0.369288 -0.232862
v -3.259902 0.369899 -0.243180
v -3.256911 0.370890 -0.252689
v -3.252886 0.372225 -0.261023
v -3.247982 0.373851 -0.267863
v -3.242386 0.375706 -0.272946
v -3.236314 0.377719 -0.276075
v -3.236438 0.379812 -0.168189
v -3.242629 0.379812 -0.171319
v -3.248334 0.379812 -0.176401
v -3.253335 0.379812 -0.183241
v -3.257438 0.379812 -0.191576
v -3.260488 0.379812 -0.201085
v -3.262366 0.379812 -0.211402
v -3.263000 0.379812 -0.222132
v -3.262366 0.379812 -0.232862
v -3.260488 0.379812 -0.243180
v -3.257438 0.379812 -0.252689
v -3.253335 0.379812 -0.261023
v -3.248334 0.379812 -0.267863
v -3.242629 0.379812 -0.272946
v -3.236438 0.379812 -0.276075
v -3.236314 0.381905 -0.168189
v -3.242386 0.383918 -0.171319
v -3.247982 0.385773 -0.176401
v -3.252886 0.387399 -0.183241
v -3.256911 0.388734 -0.191576
v -3.259902 0.389725 -0.201085
v -3.261744 0.390336 -0.211402
v -3.262366 0.390542 -0.222132
v -3.261744 0.390336 -0.232862
v -3.259902 0.389725 -0.243180
v -3.256911 0.388734 -0.252689
v -3.252886 0.387399 -0.261023
v -3.247982 0.385773 -0.267863
v -3.242386 0.383918 -0.272946
v -3.236314 0.381905 -0.276075
v -3.235948 0.383918 -0.168189
v -3.241667 0.387867 -0.171319
v -3.246938 0.391506 -0.176401
v -3.251558 0.394695 -0.183241
v -3.255350 0.397313 -0.191576
v -3.258167 0.399258 -0.201085
v -3.259902 0.400455 -0.211402
v -3.260488 0.400860 -0.222132
v -3.259902 0.400455 -0.232862
v -3.258167 0.399258 -0.243180
v -3.255350 0.397313 -0.252689
v -3.251558 0.394695 -0.261023
v -3.246938 0.391506 -0.267863
v -3.241667 0.387867 -0.272946
v -3.235948 0.383918 -0.276075
v -3.235353 0.385773 -0.168189
v -3.240500 0.391506 -0.171319
v -3.245244 0.396788 -0.176401
v -3.249402 0.401419 -0.183241
v -3.252814 0.405219 -0.191576
v -3.255350 0.408043 -0.201085
v -3.256911 0.409781 -0.211402
v -3.257438 0.410368 -0.222132
v -3.256911 0.409781 -0.232862
v -3.255350 0.408043 -0.243180
v -3.252814 0.405219 -0.252689
v -3.249402 0.401419 -0.261023
v -3.245244 0.396788 -0.267863
v -3.240500 0.391506 -0.272946
v -3.235353 0.385773 -0.276075
v -3.234552 0.387399 -0.168189
v -3.238930 0.394695 -0.171319
v -3.242964 0.401419 -0.176401
v -3.246500 0.407312 -0.183241
v -3.249402 0.412149 -0.191576
v -3.251558 0.415743 -0.201085
v -3.252886 0.417956 -0.211402
v -3.253335 0.418703 -0.222132
v -3.252886 0.417956 -0.232862
v -3.251558 0.415743 -0.243180
v -3.249402 0.412149 -0.252689
v -3.246500 0.407312 -0.261023
v -3.242964 0.401419 -0.267863
v -3.238930 0.394695 -0.272946
v -3.234552 0.387399 -0.276075
v -3.233577 0.388734 -0.168189
v -3.237016 0.397313 -0.171319
v -3.240186 0.405219 -0.176401
v -3.242964 0.412149 -0.183241
v -3.245244 0.417836 -0.191576
v -3.246938 0.422062 -0.201085
v -3.247982 0.424664 -0.211402
v -3.248334 0.425543 -0.222132
v -3.247982 0.424664 -0.232862
v -3.246938 0.422062 -0.243180
v -3.245244 0.417836 -0.252689
v -3.242964 0.412149 -0.261023
v -3.240186 0.405219 -0.267863
v -3.237016 0.397313 -0.272946
v -3.233577 0.388734 -0.276075
v -3.232464 0.389725 -0.168189
v -3.234833 0.399258 -0.171319
v -3.237016 0.408042 -0.176401
v -3.238930 0.415743 -0.183241
v -3.240500 0.422062 -0.191576
v -3.241667 0.426758 -0.201085
v -3.242386 0.429649 -0.211402
v -3.242629 0.430625 -0.222132
v -3.242386 0.429649 -0.232862
v -3.241667 0.426758 -0.243180
v -3.240500 0.422062 -0.252689
v -3.238930 0.415743 -0.261023
v -3.237016 0.408042 -0.267863
v -3.234833 0.399258 -0.272946
v -3.232464 0.389725 -0.276075
v -3.231256 0.390336 -0.168189
v -3.232464 0.400455 -0.171319
v -3.233577 0.409781 -0.176401
v -3.234552 0.417956 -0.183241
v -3.235353 0.424664 -0.191576
v -3.235948 0.429649 -0.201085
v -3.236314 0.432719 -0.211402
v -3.236438 0.433755 -0.222132
v -3.236314 0.432719 -0.232862
v -3.235948 0.429649 -0.243180
v -3.235353 0.424664 -0.252689
v -3.234552 0.417956 -0.261023
v -3.233577 0.409781 -0.267863
v -3.232464 0.400455 -0.272946
v -3.231256 0.390336 -0.276075
v -3.230000 0.400860 -0.171319
v -3.230000 0.425543 -0.191576
v -3.230000 0.433755 -0.211402
v -3.230000 0.430625 -0.243180
v -3.230000 0.418703 -0.261023
v -3.230000 0.400860 -0.272946
v -3.230000 0.390542 -0.276075
v -3.230000 0.263328 -0.317503
v -3.230000 0.282773 -0.323402
v -3.230000 0.288076 -0.327754
v -3.230000 0.295664 -0.339109
v -3.230000 0.297655 -0.345675
v -3.230000 0.298328 -0.352503
v -3.230000 0.297655 -0.359331
v -3.230000 0.295664 -0.365897
v -3.230000 0.292429 -0.371948
v -3.230000 0.282773 -0.381605
v -3.230000 0.263328 -0.387503
v -3.229201 0.270025 -0.318176
v -3.228432 0.276464 -0.320167
v -3.227724 0.282399 -0.323402
v -3.227103 0.287601 -0.327754
v -3.226593 0.291870 -0.333058
v -3.226215 0.295042 -0.339109
v -3.225982 0.296996 -0.345675
v -3.225903 0.297655 -0.352503
v -3.225982 0.296996 -0.359331
v -3.226215 0.295042 -0.365897
v -3.226593 0.291870 -0.371948
v -3.227103 0.287601 -0.377252
v -3.227724 0.282399 -0.381605
v -3.228432 0.276464 -0.384839
v -3.229201 0.270025 -0.386831
v -3.228432 0.269636 -0.318176
v -3.226925 0.275702 -0.320167
v -3.225535 0.281293 -0.323402
v -3.224318 0.286193 -0.327754
v -3.223318 0.290214 -0.333058
v -3.222575 0.293202 -0.339109
v -3.222118 0.295042 -0.345675
v -3.221964 0.295664 -0.352503
v -3.222118 0.295042 -0.359331
v -3.222575 0.293202 -0.365897
v -3.223318 0.290214 -0.371948
v -3.224318 0.286193 -0.377252
v -3.225535 0.281293 -0.381605
v -3.226925 0.275702 -0.384839
v -3.228432 0.269636 -0.386831
v -3.227724 0.269005 -0.318176
v -3.225535 0.274464 -0.320167
v -3.223518 0.279496 -0.323402
v -3.221750 0.283906 -0.327754
v -3.220299 0.287525 -0.333058
v -3.219221 0.290214 -0.339109
v -3.218557 0.291870 -0.345675
v -3.218333 0.292429 -0.352503
v -3.218557 0.291870 -0.359331
v -3.219221 0.290214 -0.365897
v -3.220299 0.287525 -0.371948
v -3.221750 0.283906 -0.377252
v -3.223518 0.279496 -0.381605
v -3.225535 0.274464 -0.384839
v -3.227724 0.269005 -0.386831
v -3.227103 0.268156 -0.318176
v -3.224318 0.272799 -0.320167
v -3.221750 0.277077 -0.323402
v -3.219500 0.280828 -0.327754
v -3.217653 0.283906 -0.333058
v -3.216281 0.286193 -0.339109
v -3.215436 0.287601 -0.345675
v -3.215151 0.288076 -0.352503
v -3.215436 0.287601 -0.359331
v -3.216281 0.286193 -0.365897
v -3.217653 0.283906 -0.371948
v -3.219500 0.280828 -0.377252
v -3.221750 0.277077 -0.381605
v -3.224318 0.272799 -0.384839
v -3.227103 0.268156 -0.386831
v -3.226593 0.267121 -0.318176
v -3.223318 0.270769 -0.320167
v -3.220299 0.274131 -0.323402
v -3.217653 0.277077 -0.327754
v -3.215482 0.279496 -0.333058
v -3.213868 0.281293 -0.339109
v -3.212875 0.282399 -0.345675
v -3.212539 0.282773 -0.352503
v -3.212875 0.282399 -0.359331
v -3.213868 0.281293 -0.365897
v -3.215482 0.279496 -0.371948
v -3.217653 0.277077 -0.377252
v -3.220299 0.274131 -0.381605
v -3.223318 0.270769 -0.384839
v -3.226593 0.267121 -0.386831
v -3.226215 0.265941 -0.318176
v -3.222575 0.268453 -0.320167
v -3.219221 0.270769 -0.323402
v -3.216281 0.272799 -0.327754
v -3.213868 0.274464 -0.333058
v -3.212075 0.275702 -0.339109
v -3.210971 0.276464 -0.345675
v -3.210598 0.276722 -0.352503
v -3.210971 0.276464 -0.359331
v -3.212075 0.275702 -0.365897
v -3.213868 0.274464 -0.371948
v -3.216281 0.272799 -0.377252
v -3.219221 0.270769 -0.381605
v -3.222575 0.268453 -0.384839
v -3.226215 0.265941 -0.386831
v -3.225982 0.264660 -0.318176
v -3.222118 0.265941 -0.320167
v -3.218557 0.267121 -0.323402
v -3.215436 0.268156 -0.327754
v -3.212875 0.269005 -0.333058
v -3.210971 0.269636 -0.339109
v -3.209799 0.270025 -0.345675
v -3.209404 0.270156 -0.352503
v -3.209799 0.270025 -0.359331
v -3.210971 0.269636 -0.365897
v -3.212875 0.269005 -0.371948
v -3.215436 0.268156 -0.377252
v -3.218557 0.267121 -0.381605
v -3.222118 0.265941 -0.384839
v -3.225982 0.264660 -0.386831
v -3.225903 0.263328 -0.318176
v -3.221964 0.263328 -0.320167
v -3.218333 0.263328 -0.323402
v -3.215151 0.263328 -0.327754
v -3.212539 0.263328 -0.333058
v -3.210598 0.263328 -0.339109
v -3.209404 0.263328 -0.345675
v -3.209000 0.263328 -0.352503
v -3.209404 0.263328 -0.359331
v -3.210598 0.263328 -0.365897
v -3.212539 0.263328 -0.371948
v -3.215151 0.263328 -0.377252
v -3.218333 0.263328 -0.381605
v -3.221964 0.263328 -0.384839
v -3.225903 0.263328 -0.386831
v -3.225982 0.261996 -0.318176
v -3.222118 0.260715 -0.320167
v -3.218557 0.259534 -0.323402
v -3.215436 0.258500 -0.327754
v -3.212875 0.257650 -0.333058
v -3.210971 0.257019 -0.339109
v -3.209799 0.256631 -0.345675
v -3.209404 0.256500 -0.352503
v -3.209799 0.256631 -0.359331
v -3.210971 0.257019 -0.365897
v -3.212875 0.257650 -0.371948
v -3.215436 0.258500 -0.377252
v -3.218557 0.259534 -0.381605
v -3.222118 0.260715 -0.384839
v -3.225982 0.261996 -0.386831
v -3.226215 0.260715 -0.318176
v -3.222575 0.258202 -0.320167
v -3.219221 0.255886 -0.323402
v -3.216281 0.253857 -0.327754
v -3.213868 0.252191 -0.333058
v -3.212075 0.250953 -0.339109
v -3.210971 0.250191 -0.345675
v -3.210598 0.249934 -0.352503
v -3.210971 0.250191 -0.359331
v -3.212075 0.250953 -0.365897
v -3.213868 0.252191 -0.371948
v -3.216281 0.253857 -0.377252
v -3.219221 0.255886 -0.381605
v -3.222575 0.258202 -0.384839
v -3.226215 0.260715 -0.386831
v -3.226593 0.259534 -0.318176
v -3.223318 0.255886 -0.320167
v -3.220299 0.252525 -0.323402
v -3.217653 0.249578 -0.327754
v -3.215482 0.247160 -0.333058
v -3.213868 0.245363 -0.339109
v -3.212875 0.244256 -0.345675
v -3.212539 0.243883 -0.352503
v -3.212875 0.244256 -0.359331
v -3.213868 0.245363 -0.365897
v -3.215482 0.247160 -0.371948
v -3.217653 0.249578 -0.377252
v -3.220299 0.252525 -0.381605
v -3.223318 0.255886 -0.384839
v -3.226593 0.259534 -0.386831
v -3.227103 0.258500 -0.318176
v -3.224318 0.253857 -0.320167
v -3.221750 0.249578 -0.323402
v -3.219500 0.245828 -0.327754
v -3.217653 0.242750 -0.333058
v -3.216281 0.240463 -0.339109
v -3.215436 0.239055 -0.345675
v -3.215151 0.238579 -0.352503
v -3.215436 0.239055 -0.359331
v -3.216281 0.240463 -0.365897
v -3.217653 0.242750 -0.371948
v -3.219500 0.245828 -0.377252
v -3.221750 0.249578 -0.381605
v -3.224318 0.253857 -0.384839
v -3.227103 0.258500 -0.386831
v -3.227724 0.257650 -0.318176
v -3.225535 0.252191 -0.320167
v -3.223518 0.247160 -0.323402
v -3.221750 0.242750 -0.327754
v -3.220299 0.239131 -0.333058
v -3.219221 0.236442 -0.339109
v -3.218557 0.234785 -0.345675
v -3.218333 0.234226 -0.352503
v -3.218557 0.234785 -0.359331
v -3.219221 0.236442 -0.365897
v -3.220299 0.239131 -0.371948
v -3.221750 0.242750 -0.377252
v -3.223518 0.247160 -0.381605
v -3.225535 0.252191 -0.384839
v -3.227724 0.257650 -0.386831
v -3.228432 0.257019 -0.318176
v -3.226925 0.250953 -0.320167
v -3.225535 0.245363 -0.323402
v -3.224318 0.240463 -0.327754
v -3.223318 0.236442 -0.333058
v -3.222575 0.233453 -0.339109
v -3.222118 0.231613 -0.345675
v -3.221964 0.230992 -0.352503
v -3.222118 0.231613 -0.359331
v -3.222575 0.233453 -0.365897
v -3.223318 0.236442 -0.371948
v -3.224318 0.240463 -0.377252
v -3.225535 0.245363 -0.381605
v -3.226925 0.250953 -0.384839
v -3.228432 0.257019 -0.386831
v -3.229201 0.256631 -0.318176
v -3.228432 0.250191 -0.320167
v -3.227724 0.244256 -0.323402
v -3.227103 0.239055 -0.327754
v -3.226593 0.234785 -0.333058
v -3.226215 0.231613 -0.339109
v -3.225982 0.229660 -0.345675
v -3.225903 0.229000 -0.352503
v -3.225982 0.229660 -0.359331
v -3.226215 0.231613 -0.365897
v -3.226593 0.234785 -0.371948
v -3.227103 0.239055 -0.377252
v -3.227724 0.244256 -0.381605
v -3.228432 0.250191 -0.384839
v -3.229201 0.256631 -0.386831
v -3.230000 0.256500 -0.318176
v -3.230000 0.249934 -0.320167
v -3.230000 0.243883 -0.323402
v -3.230000 0.238579 -0.327754
v -3.230000 0.234226 -0.333058
v -3.230000 0.230992 -0.339109
v -3.230000 0.229000 -0.345675
v -3.230000 0.228328 -0.352503
v -3.230000 0.229000 -0.359331
v -3.230000 0.230992 -0.365897
v -3.230000 0.234226 -0.371948
v -3.230000 0.238579 -0.377252
v -3.230000 0.243883 -0.381605
v -3.230000 0.249934 -0.384839
v -3.230000 0.256500 -0.386831
v -3.230799 0.256631 -0.318176
v -3.231568 0.250191 -0.320167
v -3.232276 0.244256 -0.323402
v -3.232897 0.239055 -0.327754
v -3.233407 0.234785 -0.333058
v -3.233785 0.231613 -0.339109
v -3.234018 0.229660 -0.345675
v -3.234097 0.229000 -0.352503
v -3.234018 0.229660 -0.359331
v -3.233785 0.231613 -0.365897
v -3.233407 0.234785 -0.371948
v -3.232897 0.239055 -0.377252
v -3.232276 0.244256 -0.381605
v -3.231568 0.250191 -0.384839
v -3.230799 0.256631 -0.386831
v -3.231568 0.257019 -0.318176
v -3.233075 0.250953 -0.320167
v -3.234465 0.245363 -0.323402
v -3.235682 0.240463 -0.327754
v -3.236682 0.236442 -0.333058
v -3.237425 0.233453 -0.339109
v -3.237882 0.231613 -0.345675
v -3.238036 0.230992 -0.352503
v -3.237882 0.231613 -0.359331
v -3.237425 0.233453 -0.365897
v -3.236682 0.236442 -0.371948
v -3.235682 0.240463 -0.377252
v -3.234465 0.245363 -0.381605
v -3.233075 0.250953 -0.384839
v -3.231568 0.257019 -0.386831
v -3.232276 0.257650 -0.318176
v -3.234465 0.252191 -0.320167
v -3.236482 0.247160 -0.323402
v -3.238250 0.242750 -0.327754
v -3.239701 0.239131 -0.333058
v -3.240779 0.236442 -0.339109
v -3.241443 0.234785 -0.345675
v -3.241667 0.234226 -0.352503
v -3.241443 0.234785 -0.359331
v -3.240779 0.236442 -0.365897
v -3.239701 0.239131 -0.371948
v -3.238250 0.242750 -0.377252
v -3.236482 0.247160 -0.381605
v -3.234465 0.252191 -0.384839
v -3.232276 0.257650 -0.386831
v -3.232897 0.258500 -0.318176
v -3.235682 0.253857 -0.320167
v -3.238250 0.249578 -0.323402
v -3.240500 0.245828 -0.327754
v -3.242347 0.242750 -0.333058
v -3.243719 0.240463 -0.339109
v -3.244564 0.239055 -0.345675
v -3.244849 0.238579 -0.352503
v -3.244564 0.239055 -0.359331
v -3.243719 0.240463 -0.365897
v -3.242347 0.242750 -0.371948
v -3.240500 0.245828 -0.377252
v -3.238250 0.249578 -0.381605
v -3.235682 0.253857 -0.384839
v -3.232897 0.258500 -0.386831
v -3.233407 0.259534 -0.318176
v -3.236682 0.255886 -0.320167
v -3.239701 0.252525 -0.323402
v -3.242347 0.249578 -0.327754
v -3.244518 0.247160 -0.333058
v -3.246132 0.245363 -0.339109
v -3.247125 0.244256 -0.345675
v -3.247461 0.243883 -0.352503
v -3.247125 0.244256 -0.359331
v -3.246132 0.245363 -0.365897
v -3.244518 0.247160 -0.371948
v -3.242347 0.249578 -0.377252
v -3.239701 0.252525 -0.381605
v -3.236682 0.255886 -0.384839
v -3.233407 0.259534 -0.386831
v -3.233785 0.260715 -0.318176
v -3.237425 0.258202 -0.320167
v -3.240779 0.255886 -0.323402
v -3.243719 0.253857 -0.327754
v -3.246132 0.252191 -0.333058
v -3.247925 0.250953 -0.339109
v -3.249029 0.250191 -0.345675
v -3.249402 0.249934 -0.352503
v -3.249029 0.250191 -0.359331
v -3.247925 0.250953 -0.365897
v -3.246132 0.252191 -0.371948
v -3.243719 0.253857 -0.377252
v -3.240779 0.255886 -0.381605
v -3.237425 0.258202 -0.384839
v -3.233785 0.260715 -0.386831
v -3.234018 0.261996 -0.318176
v -3.237882 0.260715 -0.320167
v -3.241443 0.259534 -0.323402
v -3.244564 0.258500 -0.327754
v -3.247125 0.257650 -0.333058
v -3.249029 0.257019 -0.339109
v -3.250201 0.256631 -0.345675
v -3.250597 0.256500 -0.352503
v -3.250201 0.256631 -0.359331
v -3.249029 0.257019 -0.365897
v -3.247125 0.257650 -0.371948
v -3.244564 0.258500 -0.377252
v -3.241443 0.259534 -0.381605
v -3.237882 0.260715 -0.384839
v -3.234018 0.261996 -0.386831
v -3.234097 0.263328 -0.318176
v -3.238036 0.263328 -0.320167
v -3.241667 0.263328 -0.323402
v -3.244849 0.263328 -0.327754
v -3.247461 0.263328 -0.333058
v -3.249402 0.263328 -0.339109
v -3.250597 0.263328 -0.345675
v -3.251000 0.263328 -0.352503
v -3.250597 0.263328 -0.359331
v -3.249402 0.263328 -0.365897
v -3.247461 0.263328 -0.371948
v -3.244849 0.263328 -0.377252
v -3.241667 0.263328 -0.381605
v -3.238036 0.263328 -0.384839
v -3.234097 0.263328 -0.386831
v -3.234018 0.264660 -0.318176
v -3.237882 0.265941 -0.320167
v -3.241443 0.267121 -0.323402
v -3.244564 0.268156 -0.327754
v -3.247125 0.269005 -0.333058
v -3.249029 0.269636 -0.339109
v -3.250201 0.270025 -0.345675
v -3.250597 0.270156 -0.352503
v -3.250201 0.270025 -0.359331
v -3.249029 0.269636 -0.365897
v -3.247125 0.269005 -0.371948
v -3.244564 0.268156 -0.377252
v -3.241443 0.267121 -0.381605
v -3.237882 0.265941 -0.384839
v -3.234018 0.264660 -0.386831
v -3.233785 0.265941 -0.318176
v -3.237425 0.268453 -0.320167
v -3.240779 0.270769 -0.323402
v -3.243719 0.272799 -0.327754
v -3.246132 0.274464 -0.333058
v -3.247925 0.275702 -0.339109
v -3.249029 0.276464 -0.345675
v -3.249402 0.276722 -0.352503
v -3.249029 0.276464 -0.359331
v -3.247925 0.275702 -0.365897
v -3.246132 0.274464 -0.371948
v -3.243719 0.272799 -0.377252
v -3.240779 0.270769 -0.381605
v -3.237425 0.268453 -0.384839
v -3.233785 0.265941 -0.386831
v -3.233407 0.267121 -0.318176
v -3.236682 0.270769 -0.320167
v -3.239701 0.274131 -0.323402
v -3.242347 0.277077 -0.327754
v -3.244518 0.279496 -0.333058
v -3.246132 0.281293 -0.339109
v -3.247125 0.282399 -0.345675
v -3.247461 0.282773 -0.352503
v -3.247125 0.282399 -0.359331
v -3.246132 0.281293 -0.365897
v -3.244518 0.279496 -0.371948
v -3.242347 0.277077 -0.377252
v -3.239701 0.274131 -0.381605
v -3.236682 0.270769 -0.384839
v -3.233407 0.267121 -0.386831
v -3.232897 0.268156 -0.318176
v -3.235682 0.272799 -0.320167
v -3.238250 0.277077 -0.323402
v -3.240500 0.280828 -0.327754
v -3.242347 0.283906 -0.333058
v -3.243719 0.286193 -0.339109
v -3.244564 0.287601 -0.345675
v -3.244849 0.288076 -0.352503
v -3.244564 0.287601 -0.359331
v -3.243719 0.286193 -0.365897
v -3.242347 0.283906 -0.371948
v -3.240500 0.280828 -0.377252
v -3.238250 0.277077 -0.381605
v -3.235682 0.272799 -0.384839
v -3.232897 0.268156 -0.386831
v -3.232276 0.269005 -0.318176
v -3.234465 0.274464 -0.320167
v -3.236482 0.279496 -0.323402
v -3.238250 0.283906 -0.327754
v -3.239701 0.287525 -0.333058
v -3.240779 0.290214 -0.339109
v -3.241443 0.291870 -0.345675
v -3.241667 0.292429 -0.352503
v -3.241443 0.291870 -0.359331
v -3.240779 0.290214 -0.365897
v -3.239701 0.287525 -0.371948
v -3.238250 0.283906 -0.377252
v -3.236482 0.279496 -0.381605
v -3.234465 0.274464 -0.384839
v -3.232276 0.269005 -0.386831
v -3.231568 0.269636 -0.318176
v -3.233075 0.275702 -0.320167
v -3.234465 0.281293 -0.323402
v -3.235682 0.286193 -0.327754
v -3.236682 0.290214 -0.333058
v -3.237425 0.293202 -0.339109
v -3.237882 0.295042 -0.345675
v -3.238036 0.295664 -0.352503
v -3.237882 0.295042 -0.359331
v -3.237425 0.293202 -0.365897
v -3.236682 0.290214 -0.371948
v -3.235682 0.286193 -0.377252
v -3.234465 0.281293 -0.381605
v -3.233075 0.275702 -0.384839
v -3.231568 0.269636 -0.386831
v -3.230799 0.270025 -0.318176
v -3.231568 0.276464 -0.320167
v -3.232276 0.282399 -0.323402
v -3.232897 0.287601 -0.327754
v -3.233407 0.291870 -0.333058
v -3.233785 0.295042 -0.339109
v -3.234018 0.296996 -0.345675
v -3.234097 0.297655 -0.352503
v -3.234018 0.296996 -0.359331
v -3.233785 0.295042 -0.365897
v -3.233407 0.291870 -0.371948
v -3.232897 0.287601 -0.377252
v -3.232276 0.282399 -0.381605
v -3.231568 0.276464 -0.384839
v -3.230799 0.270025 -0.386831
v -3.230000 0.270156 -0.318176
v -3.230000 0.276722 -0.320167
v -3.230000 0.292429 -0.333058
v -3.230000 0.288076 -0.377252
v -3.230000 0.276722 -0.384839
v -3.230000 0.270156 -0.386831
v -3.230000 0.105270 -0.382222
v -3.230000 0.114049 -0.383086
v -3.230000 0.130270 -0.389805
v -3.230000 0.137090 -0.395402
v -3.230000 0.146844 -0.410001
v -3.230000 0.150270 -0.427222
v -3.230000 0.146844 -0.444442
v -3.230000 0.137090 -0.459041
v -3.230000 0.105270 -0.472222
v -3.228972 0.113880 -0.383086
v -3.227984 0.122160 -0.385647
v -3.227074 0.129790 -0.389805
v -3.226275 0.136478 -0.395402
v -3.225620 0.141967 -0.402221
v -3.225134 0.146045 -0.410001
v -3.224834 0.148557 -0.418443
v -3.224733 0.149405 -0.427222
v -3.224834 0.148557 -0.436001
v -3.225134 0.146045 -0.444442
v -3.225620 0.141967 -0.452222
v -3.226275 0.136478 -0.459041
v -3.227074 0.129790 -0.464638
v -3.227984 0.122160 -0.468796
v -3.228972 0.113880 -0.471357
v -3.227984 0.113380 -0.383086
v -3.226046 0.121180 -0.385647
v -3.224260 0.128367 -0.389805
v -3.222694 0.134667 -0.395402
v -3.221409 0.139838 -0.402221
v -3.220454 0.143680 -0.410001
v -3.219866 0.146045 -0.418443
v -3.219668 0.146844 -0.427222
v -3.219866 0.146045 -0.436001
v -3.220454 0.143680 -0.444442
v -3.221409 0.139838 -0.452222
v -3.222694 0.134667 -0.459041
v -3.224260 0.128367 -0.464638
v -3.226046 0.121180 -0.468796
v -3.227984 0.113380 -0.471357
v -3.227074 0.112569 -0.383086
v -3.224260 0.119588 -0.385647
v -3.221666 0.126057 -0.389805
v -3.219393 0.131727 -0.395402
v -3.217528 0.136380 -0.402221
v -3.216141 0.139838 -0.410001
v -3.215288 0.141967 -0.418443
v -3.215000 0.142686 -0.427222
v -3.215288 0.141967 -0.436001
v -3.216141 0.139838 -0.444442
v -3.217528 0.136380 -0.452222
v -3.219393 0.131727 -0.459041
v -3.221666 0.126057 -0.464638
v -3.224260 0.119588 -0.468796
v -3.227074 0.112569 -0.471357
v -3.226275 0.111477 -0.383086
v -3.222694 0.117447 -0.385647
v -3.219393 0.122948 -0.389805
v -3.216500 0.127770 -0.395402
v -3.214126 0.131727 -0.402221
v -3.212361 0.134667 -0.410001
v -3.211275 0.136478 -0.418443
v -3.210908 0.137090 -0.427222
v -3.211275 0.136478 -0.436001
v -3.212361 0.134667 -0.444442
v -3.214126 0.131727 -0.452222
v -3.216500 0.127770 -0.459041
v -3.219393 0.122948 -0.464638
v -3.222694 0.117447 -0.468796
v -3.226275 0.111477 -0.471357
v -3.225620 0.110147 -0.383086
v -3.221409 0.114837 -0.385647
v -3.217528 0.119159 -0.389805
v -3.214126 0.122948 -0.395402
v -3.211334 0.126057 -0.402221
v -3.209259 0.128367 -0.410001
v -3.207982 0.129790 -0.418443
v -3.207550 0.130270 -0.427222
v -3.207982 0.129790 -0.436001
v -3.209259 0.128367 -0.444442
v -3.211334 0.126057 -0.452222
v -3.214126 0.122948 -0.459041
v -3.217528 0.119159 -0.464638
v -3.221409 0.114837 -0.468796
v -3.225620 0.110147 -0.471357
v -3.225134 0.108629 -0.383086
v -3.220454 0.111860 -0.385647
v -3.216141 0.114837 -0.389805
v -3.212361 0.117447 -0.395402
v -3.209259 0.119588 -0.402221
v -3.206954 0.121180 -0.410001
v -3.205535 0.122160 -0.418443
v -3.205055 0.122490 -0.427222
v -3.205535 0.122160 -0.436001
v -3.206954 0.121180 -0.444442
v -3.209259 0.119588 -0.452222
v -3.212361 0.117447 -0.459041
v -3.216141 0.114837 -0.464638
v -3.220454 0.111860 -0.468796
v -3.225134 0.108629 -0.471357
v -3.224834 0.106982 -0.383086
v -3.219866 0.108629 -0.385647
v -3.215288 0.110147 -0.389805
v -3.211275 0.111477 -0.395402
v -3.207982 0.112569 -0.402221
v -3.205535 0.113380 -0.410001
v -3.204028 0.113880 -0.418443
v -3.203519 0.114049 -0.427222
v -3.204028 0.113880 -0.436001
v -3.205535 0.113380 -0.444442
v -3.207982 0.112569 -0.452222
v -3.211275 0.111477 -0.459041
v -3.215288 0.110147 -0.464638
v -3.219866 0.108629 -0.468796
v -3.224834 0.106982 -0.471357
v -3.224733 0.105270 -0.383086
v -3.219668 0.105270 -0.385647
v -3.215000 0.105270 -0.389805
v -3.210908 0.105270 -0.395402
v -3.207550 0.105270 -0.402221
v -3.205055 0.105270 -0.410001
v -3.203519 0.105270 -0.418443
v -3.203000 0.105270 -0.427222
v -3.203519 0.105270 -0.436001
v -3.205055 0.105270 -0.444442
v -3.207550 0.105270 -0.452222
v -3.210908 0.105270 -0.459041
v -3.215000 0.105270 -0.464638
v -3.219668 0.105270 -0.468796
v -3.224733 0.105270 -0.471357
v -3.224834 0.103557 -0.383086
v -3.219866 0.101910 -0.385647
v -3.215288 0.100392 -0.389805
v -3.211275 0.099062 -0.395402
v -3.207982 0.097970 -0.402221
v -3.205535 0.097159 -0.410001
v -3.204028 0.096659 -0.418443
v -3.203519 0.096491 -0.427222
v -3.204028 0.096659 -0.436001
v -3.205535 0.097159 -0.444442
v -3.207982 0.097970 -0.452222
v -3.211275 0.099062 -0.459041
v -3.215288 0.100392 -0.464638
v -3.219866 0.101910 -0.468796
v -3.224834 0.103557 -0.471357
v -3.225134 0.101910 -0.383086
v -3.220454 0.098680 -0.385647
v -3.216141 0.095702 -0.389805
v -3.212361 0.093093 -0.395402
v -3.209259 0.090951 -0.402221
v -3.206954 0.089360 -0.410001
v -3.205535 0.088380 -0.418443
v -3.205055 0.088049 -0.427222
v -3.205535 0.088380 -0.436001
v -3.206954 0.089360 -0.444442
v -3.209259 0.090951 -0.452222
v -3.212361 0.093093 -0.459041
v -3.216141 0.095702 -0.464638
v -3.220454 0.098680 -0.468796
v -3.225134 0.101910 -0.471357
v -3.225620 0.100392 -0.383086
v -3.221409 0.095702 -0.385647
v -3.217528 0.091380 -0.389805
v -3.214126 0.087592 -0.395402
v -3.211334 0.084482 -0.402221
v -3.209259 0.082172 -0.410001
v -3.207982 0.080749 -0.418443
v -3.207550 0.080269 -0.427222
v -3.207982 0.080749 -0.436001
v -3.209259 0.082172 -0.444442
v -3.211334 0.084482 -0.452222
v -3.214126 0.087592 -0.459041
v -3.217528 0.091380 -0.464638
v -3.221409 0.095702 -0.468796
v -3.225620 0.100392 -0.471357
v -3.226275 0.099062 -0.383086
v -3.222694 0.093093 -0.385647
v -3.219393 0.087592 -0.389805
v -3.216500 0.082770 -0.395402
v -3.214126 0.078813 -0.402221
v -3.212361 0.075872 -0.410001
v -3.211275 0.074061 -0.418443
v -3.210908 0.073450 -0.427222
v -3.211275 0.074061 -0.436001
v -3.212361 0.075872 -0.444442
v -3.214126 0.078813 -0.452222
v -3.216500 0.082770 -0.459041
v -3.219393 0.087592 -0.464638
v -3.222694 0.093093 -0.468796
v -3.226275 0.099062 -0.471357
v -3.227074 0.097970 -0.383086
v -3.224260 0.090951 -0.385647
v -3.221666 0.084482 -0.389805
v -3.219393 0.078813 -0.395402
v -3.217528 0.074159 -0.402221
v -3.216141 0.070702 -0.410001
v -3.215288 0.068573 -0.418443
v -3.215000 0.067854 -0.427222
v -3.215288 0.068573 -0.436001
v -3.216141 0.070702 -0.444442
v -3.217528 0.074159 -0.452222
v -3.219393 0.078813 -0.459041
v -3.221666 0.084482 -0.464638
v -3.224260 0.090951 -0.468796
v -3.227074 0.097970 -0.471357
v -3.227984 0.097159 -0.383086
v -3.226046 0.089360 -0.385647
v -3.224260 0.082172 -0.389805
v -3.222694 0.075872 -0.395402
v -3.221409 0.070702 -0.402221
v -3.220454 0.066860 -0.410001
v -3.219866 0.064494 -0.418443
v -3.219668 0.063695 -0.427222
v -3.219866 0.064494 -0.436001
v -3.220454 0.066860 -0.444442
v -3.221409 0.070702 -0.452222
v -3.222694 0.075872 -0.459041
v -3.224260 0.082172 -0.464638
v -3.226046 0.089360 -0.468796
v -3.227984 0.097159 -0.471357
v -3.228972 0.096659 -0.383086
v -3.227984 0.088380 -0.385647
v -3.227074 0.080749 -0.389805
v -3.226275 0.074061 -0.395402
v -3.225620 0.068573 -0.402221
v -3.225134 0.064494 -0.410001
v -3.224834 0.061982 -0.418443
v -3.224733 0.061134 -0.427222
v -3.224834 0.061982 -0.436001
v -3.225134 0.064494 -0.444442
v -3.225620 0.068573 -0.452222
v -3.226275 0.074061 -0.459041
v -3.227074 0.080749 -0.464638
v -3.227984 0.088380 -0.468796
v -3.228972 0.096659 -0.471357
v -3.230000 0.096491 -0.383086
v -3.230000 0.088049 -0.385647
v -3.230000 0.080269 -0.389805
v -3.230000 0.073450 -0.395402
v -3.230000 0.067854 -0.402221
v -3.230000 0.063695 -0.410001
v -3.230000 0.061134 -0.418443
v -3.230000 0.060270 -0.427222
v -3.230000 0.061134 -0.436001
v -3.230000 0.063695 -0.444442
v -3.230000 0.067854 -0.452222
v -3.230000 0.073450 -0.459041
v -3.230000 0.080269 -0.464638
v -3.230000 0.088049 -0.468796
v -3.230000 0.096491 -0.471357
v -3.231028 0.096659 -0.383086
v -3.232016 0.088380 -0.385647
v -3.232926 0.080749 -0.389805
v -3.233725 0.074061 -0.395402
v -3.234380 0.068573 -0.402221
v -3.234866 0.064494 -0.410001
v -3.235166 0.061982 -0.418443
v -3.235267 0.061134 -0.427222
v -3.235166 0.061982 -0.436001
v -3.234866 0.064494 -0.444442
v -3.234380 0.068573 -0.452222
v -3.233725 0.074061 -0.459041
v -3.232926 0.080749 -0.464638
v -3.232016 0.088380 -0.468796
v -3.231028 0.096659 -0.471357
v -3.232016 0.097159 -0.383086
v -3.233954 0.089360 -0.385647
v -3.235740 0.082172 -0.389805
v -3.237306 0.075872 -0.395402
v -3.238591 0.070702 -0.402221
v -3.239546 0.066860 -0.410001
v -3.240134 0.064494 -0.418443
v -3.240332 0.063695 -0.427222
v -3.240134 0.064494 -0.436001
v -3.239546 0.066860 -0.444442
v -3.238591 0.070702 -0.452222
v -3.237306 0.075872 -0.459041
v -3.235740 0.082172 -0.464638
v -3.233954 0.089360 -0.468796
v -3.232016 0.097159 -0.471357
v -3.232926 0.097970 -0.383086
v -3.235740 0.090951 -0.385647
v -3.238334 0.084482 -0.389805
v -3.240607 0.078813 -0.395402
v -3.242472 0.074159 -0.402221
v -3.243859 0.070702 -0.410001
v -3.244712 0.068573 -0.418443
v -3.245000 0.067854 -0.427222
v -3.244712 0.068573 -0.436001
v -3.243859 0.070702 -0.444442
v -3.242472 0.074159 -0.452222
v -3.240607 0.078813 -0.459041
v -3.238334 0.084482 -0.464638
v -3.235740 0.090951 -0.468796
v -3.232926 0.097970 -0.471357
v -3.233725 0.099062 -0.383086
v -3.237306 0.093093 -0.385647
v -3.240607 0.087592 -0.389805
v -3.243500 0.082770 -0.395402
v -3.245874 0.078813 -0.402221
v -3.247639 0.075872 -0.410001
v -3.248725 0.074061 -0.418443
v -3.249092 0.073450 -0.427222
v -3.248725 0.074061 -0.436001
v -3.247639 0.075872 -0.444442
v -3.245874 0.078813 -0.452222
v -3.243500 0.082770 -0.459041
v -3.240607 0.087592 -0.464638
v -3.237306 0.093093 -0.468796
v -3.233725 0.099062 -0.471357
v -3.234380 0.100392 -0.383086
v -3.238591 0.095702 -0.385647
v -3.242472 0.091380 -0.389805
v -3.245874 0.087592 -0.395402
v -3.248666 0.084482 -0.402221
v -3.250741 0.082172 -0.410001
v -3.252018 0.080749 -0.418443
v -3.252450 0.080269 -0.427222
v -3.252018 0.080749 -0.436001
v -3.250741 0.082172 -0.444442
v -3.248666 0.084482 -0.452222
v -3.245874 0.087592 -0.459041
v -3.242472 0.091380 -0.464638
v -3.238591 0.095702 -0.468796
v -3.234380 0.100392 -0.471357
v -3.234866 0.101910 -0.383086
v -3.239546 0.098680 -0.385647
v -3.243859 0.095702 -0.389805
v -3.247639 0.093093 -0.395402
v -3.250741 0.090951 -0.402221
v -3.253046 0.089360 -0.410001
v -3.254465 0.088380 -0.418443
v -3.254945 0.088049 -0.427222
v -3.254465 0.088380 -0.436001
v -3.253046 0.089360 -0.444442
v -3.250741 0.090951 -0.452222
v -3.247639 0.093093 -0.459041
v -3.243859 0.095702 -0.464638
v -3.239546 0.098680 -0.468796
v -3.234866 0.101910 -0.471357
v -3.235166 0.103557 -0.383086
v -3.240134 0.101910 -0.385647
v -3.244712 0.100392 -0.389805
v -3.248725 0.099062 -0.395402
v -3.252018 0.097970 -0.402221
v -3.254465 0.097159 -0.410001
v -3.255972 0.096659 -0.418443
v -3.256481 0.096491 -0.427222
v -3.255972 0.096659 -0.436001
v -3.254465 0.097159 -0.444442
v -3.252018 0.097970 -0.452222
v -3.248725 0.099062 -0.459041
v -3.244712 0.100392 -0.464638
v -3.240134 0.101910 -0.468796
v -3.235166 0.103557 -0.471357
v -3.235267 0.105270 -0.383086
v -3.240332 0.105270 -0.385647
v -3.245000 0.105270 -0.389805
v -3.249092 0.105270 -0.395402
v -3.252450 0.105270 -0.402221
v -3.254945 0.105270 -0.410001
v -3.256481 0.105270 -0.418443
v -3.257000 0.105270 -0.427222
v -3.256481 0.105270 -0.436001
v -3.254945 0.105270 -0.444442
v -3.252450 0.105270 -0.452222
v -3.249092 0.105270 -0.459041
v -3.245000 0.105270 -0.464638
v -3.240332 0.105270 -0.468796
v -3.235267 0.105270 -0.471357
v -3.235166 0.106982 -0.383086
v -3.240134 0.108629 -0.385647
v -3.244712 0.110147 -0.389805
v -3.248725 0.111477 -0.395402
v -3.252018 0.112569 -0.402221
v -3.254465 0.113380 -0.410001
v -3.255972 0.113880 -0.418443
v -3.256481 0.114049 -0.427222
v -3.255972 0.113880 -0.436001
v -3.254465 0.113380 -0.444442
v -3.252018 0.112569 -0.452222
v -3.248725 0.111477 -0.459041
v -3.244712 0.110147 -0.464638
v -3.240134 0.108629 -0.468796
v -3.235166 0.106982 -0.471357
v -3.234866 0.108629 -0.383086
v -3.239546 0.111860 -0.385647
v -3.243859 0.114837 -0.389805
v -3.247639 0.117447 -0.395402
v -3.250741 0.119588 -0.402221
v -3.253046 0.121180 -0.410001
v -3.254465 0.122160 -0.418443
v -3.254945 0.122490 -0.427222
v -3.254465 0.122160 -0.436001
v -3.253046 0.121180 -0.444442
v -3.250741 0.119588 -0.452222
v -3.247639 0.117447 -0.459041
v -3.243859 0.114837 -0.464638
v -3.239546 0.111860 -0.468796
v -3.234866 0.108629 -0.471357
v -3.234380 0.110147 -0.383086
v -3.238591 0.114837 -0.385647
v -3.242472 0.119159 -0.389805
v -3.245874 0.122948 -0.395402
v -3.248666 0.126057 -0.402221
v -3.250741 0.128367 -0.410001
v -3.252018 0.129790 -0.418443
v -3.252450 0.130270 -0.427222
v -3.252018 0.129790 -0.436001
v -3.250741 0.128367 -0.444442
v -3.248666 0.126057 -0.452222
v -3.245874 0.122948 -0.459041
v -3.242472 0.119159 -0.464638
v -3.238591 0.114837 -0.468796
v -3.234380 0.110147 -0.471357
v -3.233725 0.111477 -0.383086
v -3.237306 0.117447 -0.385647
v -3.240607 0.122948 -0.389805
v -3.243500 0.127770 -0.395402
v -3.245874 0.131727 -0.402221
v -3.247639 0.134667 -0.410001
v -3.248725 0.136478 -0.418443
v -3.249092 0.137089 -0.427222
v -3.248725 0.136478 -0.436001
v -3.247639 0.134667 -0.444442
v -3.245874 0.131727 -0.452222
v -3.243500 0.127770 -0.459041
v -3.240607 0.122948 -0.464638
v -3.237306 0.117447 -0.468796
v -3.233725 0.111477 -0.471357
v -3.232926 0.112569 -0.383086
v -3.235740 0.119588 -0.385647
v -3.238334 0.126057 -0.389805
v -3.240607 0.131727 -0.395402
v -3.242472 0.136380 -0.402221
v -3.243859 0.139838 -0.410001
v -3.244712 0.141967 -0.418443
v -3.245000 0.142686 -0.427222
v -3.244712 0.141967 -0.436001
v -3.243859 0.139838 -0.444442
v -3.242472 0.136380 -0.452222
v -3.240607 0.131727 -0.459041
v -3.238334 0.126057 -0.464638
v -3.235740 0.119588 -0.468796
v -3.232926 0.112569 -0.471357
v -3.232016 0.113380 -0.383086
v -3.233954 0.121180 -0.385647
v -3.235740 0.128367 -0.389805
v -3.237306 0.134667 -0.395402
v -3.238591 0.139838 -0.402221
v -3.239546 0.143680 -0.410001
v -3.240134 0.146045 -0.418443
v -3.240332 0.146844 -0.427222
v -3.240134 0.146045 -0.436001
v -3.239546 0.143680 -0.444442
v -3.238591 0.139838 -0.452222
v -3.237306 0.134667 -0.459041
v -3.235740 0.128367 -0.464638
v -3.233954 0.121180 -0.468796
v -3.232016 0.113380 -0.471357
v -3.231028 0.113880 -0.383086
v -3.232016 0.122160 -0.385647
v -3.232926 0.129790 -0.389805
v -3.233725 0.136478 -0.395402
v -3.234380 0.141967 -0.402221
v -3.234866 0.146045 -0.410001
v -3.235166 0.148557 -0.418443
v -3.235267 0.149405 -0.427222
v -3.235166 0.148557 -0.436001
v -3.234866 0.146045 -0.444442
v -3.234380 0.141967 -0.452222
v -3.233725 0.136478 -0.459041
v -3.232926 0.129790 -0.464638
v -3.232016 0.122160 -0.468796
v -3.231028 0.113880 -0.471357
v -3.230000 0.122490 -0.385647
v -3.230000 0.142686 -0.402221
v -3.230000 0.149405 -0.418443
v -3.230000 0.149405 -0.436001
v -3.230000 0.142686 -0.452222
v -3.230000 0.130270 -0.464638
v -3.230000 0.122490 -0.468796
v -3.230000 0.114049 -0.471357
v -3.230000 -0.069408 -0.379491
v -3.230000 -0.058678 -0.380548
v -3.230000 -0.038852 -0.388760
v -3.230000 -0.030517 -0.395600
v -3.230000 -0.018595 -0.413444
v -3.230000 -0.014408 -0.434491
v -3.230000 -0.015465 -0.445221
v -3.230000 -0.023677 -0.465048
v -3.230000 -0.038852 -0.480222
v -3.230000 -0.069408 -0.489491
v -3.228744 -0.058884 -0.380548
v -3.227536 -0.048765 -0.383678
v -3.226423 -0.039439 -0.388760
v -3.225448 -0.031264 -0.395600
v -3.224647 -0.024556 -0.403935
v -3.224052 -0.019571 -0.413444
v -3.223686 -0.016501 -0.423761
v -3.223562 -0.015465 -0.434491
v -3.223686 -0.016501 -0.445221
v -3.224052 -0.019571 -0.455539
v -3.224647 -0.024556 -0.465048
v -3.225448 -0.031264 -0.473382
v -3.226423 -0.039439 -0.480222
v -3.227536 -0.048765 -0.485305
v -3.228744 -0.058884 -0.488434
v -3.227536 -0.059495 -0.380548
v -3.225167 -0.049963 -0.383678
v -3.222984 -0.041178 -0.388760
v -3.221070 -0.033478 -0.395600
v -3.219500 -0.027158 -0.403935
v -3.218333 -0.022463 -0.413444
v -3.217614 -0.019571 -0.423761
v -3.217371 -0.018595 -0.434491
v -3.217614 -0.019571 -0.445221
v -3.218333 -0.022463 -0.455539
v -3.219500 -0.027158 -0.465048
v -3.221070 -0.033478 -0.473382
v -3.222984 -0.041178 -0.480222
v -3.225167 -0.049963 -0.485305
v -3.227536 -0.059495 -0.488434
v -3.226423 -0.060486 -0.380548
v -3.222984 -0.051908 -0.383678
v -3.219814 -0.044001 -0.388760
v -3.217036 -0.037072 -0.395600
v -3.214756 -0.031384 -0.403935
v -3.213062 -0.027158 -0.413444
v -3.212018 -0.024556 -0.423761
v -3.211666 -0.023677 -0.434491
v -3.212018 -0.024556 -0.445221
v -3.213062 -0.027158 -0.455539
v -3.214756 -0.031384 -0.465048
v -3.217036 -0.037072 -0.473382
v -3.219814 -0.044001 -0.480222
v -3.222984 -0.051908 -0.485305
v -3.226423 -0.060486 -0.488434
v -3.225448 -0.061821 -0.380548
v -3.221070 -0.054525 -0.383678
v -3.217036 -0.047801 -0.388760
v -3.213500 -0.041908 -0.395600
v -3.210598 -0.037072 -0.403935
v -3.208442 -0.033478 -0.413444
v -3.207114 -0.031265 -0.423761
v -3.206666 -0.030517 -0.434491
v -3.207114 -0.031265 -0.445221
v -3.208442 -0.033478 -0.455539
v -3.210598 -0.037072 -0.465048
v -3.213500 -0.041908 -0.473382
v -3.217036 -0.047801 -0.480222
v -3.221070 -0.054525 -0.485305
v -3.225448 -0.061821 -0.488434
v -3.224647 -0.063447 -0.380548
v -3.219500 -0.057715 -0.383678
v -3.214756 -0.052432 -0.388760
v -3.210598 -0.047801 -0.395600
v -3.207186 -0.044001 -0.403935
v -3.204650 -0.041178 -0.413444
v -3.203089 -0.039439 -0.423761
v -3.202562 -0.038852 -0.434491
v -3.203089 -0.039439 -0.445221
v -3.204650 -0.041178 -0.455539
v -3.207186 -0.044001 -0.465048
v -3.210598 -0.047801 -0.473382
v -3.214756 -0.052432 -0.480222
v -3.219500 -0.057715 -0.485305
v -3.224647 -0.063447 -0.488434
v -3.224052 -0.065302 -0.380548
v -3.218333 -0.061354 -0.383678
v -3.213062 -0.057715 -0.388760
v -3.208442 -0.054525 -0.395600
v -3.204650 -0.051908 -0.403935
v -3.201833 -0.049963 -0.413444
v -3.200098 -0.048765 -0.423761
v -3.199512 -0.048360 -0.434491
v -3.200098 -0.048765 -0.445221
v -3.201833 -0.049963 -0.455539
v -3.204650 -0.051908 -0.465048
v -3.208442 -0.054525 -0.473382
v -3.213062 -0.057715 -0.480222
v -3.218333 -0.061354 -0.485305
v -3.224052 -0.065302 -0.488434
v -3.223686 -0.067315 -0.380548
v -3.217614 -0.065302 -0.383678
v -3.212018 -0.063447 -0.388760
v -3.207114 -0.061821 -0.395600
v -3.203089 -0.060486 -0.403935
v -3.200098 -0.059495 -0.413444
v -3.198256 -0.058884 -0.423761
v -3.197634 -0.058678 -0.434491
v -3.198256 -0.058884 -0.445221
v -3.200098 -0.059495 -0.455539
v -3.203089 -0.060486 -0.465048
v -3.207114 -0.061821 -0.473382
v -3.212018 -0.063447 -0.480222
v -3.217614 -0.065302 -0.485305
v -3.223686 -0.067315 -0.488434
v -3.223562 -0.069408 -0.380548
v -3.217371 -0.069408 -0.383678
v -3.211666 -0.069408 -0.388760
v -3.206666 -0.069408 -0.395600
v -3.202562 -0.069408 -0.403935
v -3.199512 -0.069408 -0.413444
v -3.197634 -0.069408 -0.423761
v -3.197000 -0.069408 -0.434491
v -3.197634 -0.069408 -0.445221
v -3.199512 -0.069408 -0.455539
v -3.202562 -0.069408 -0.465048
v -3.206666 -0.069408 -0.473382
v -3.211666 -0.069408 -0.480222
v -3.217371 -0.069408 -0.485305
v -3.223562 -0.069408 -0.488434
v -3.223686 -0.071501 -0.380548
v -3.217614 -0.073514 -0.383678
v -3.212018 -0.075369 -0.388760
v -3.207114 -0.076995 -0.395600
v -3.203089 -0.078330 -0.403935
v -3.200098 -0.079321 -0.413444
v -3.198256 -0.079932 -0.423761
v -3.197634 -0.080138 -0.434491
v -3.198256 -0.079932 -0.445221
v -3.200098 -0.079321 -0.455539
v -3.203089 -0.078330 -0.465048
v -3.207114 -0.076995 -0.473382
v -3.212018 -0.075369 -0.480222
v -3.217614 -0.073514 -0.485305
v -3.223686 -0.071501 -0.488434
v -3.224052 -0.073514 -0.380548
v -3.218333 -0.077463 -0.383678
v -3.213062 -0.081102 -0.388760
v -3.208442 -0.084291 -0.395600
v -3.204650 -0.086909 -0.403935
v -3.201833 -0.088854 -0.413444
v -3.200098 -0.090051 -0.423761
v -3.199512 -0.090456 -0.434491
v -3.200098 -0.090051 -0.445221
v -3.201833 -0.088854 -0.455539
v -3.204650 -0.086909 -0.465048
v -3.208442 -0.084291 -0.473382
v -3.213062 -0.081102 -0.480222
v -3.218333 -0.077463 -0.485305
v -3.224052 -0.073514 -0.488434
v -3.224647 -0.075369 -0.380548
v -3.219500 -0.081102 -0.383678
v -3.214756 -0.086384 -0.388760
v -3.210598 -0.091015 -0.395600
v -3.207186 -0.094815 -0.403935
v -3.204650 -0.097638 -0.413444
v -3.203089 -0.099377 -0.423761
v -3.202562 -0.099964 -0.434491
v -3.203089 -0.099377 -0.445221
v -3.204650 -0.097638 -0.455539
v -3.207186 -0.094815 -0.465048
v -3.210598 -0.091015 -0.473382
v -3.214756 -0.086384 -0.480222
v -3.219500 -0.081102 -0.485305
v -3.224647 -0.075369 -0.488434
v -3.225448 -0.076995 -0.380548
v -3.221070 -0.084291 -0.383678
v -3.217036 -0.091015 -0.388760
v -3.213500 -0.096908 -0.395600
v -3.210598 -0.101745 -0.403935
v -3.208442 -0.105339 -0.413444
v -3.207114 -0.107552 -0.423761
v -3.206666 -0.108299 -0.434491
v -3.207114 -0.107552 -0.445221
v -3.208442 -0.105339 -0.455539
v -3.210598 -0.101745 -0.465048
v -3.213500 -0.096908 -0.473382
v -3.217036 -0.091015 -0.480222
v -3.221070 -0.084291 -0.485305
v -3.225448 -0.076995 -0.488434
v -3.226423 -0.078330 -0.380548
v -3.222984 -0.086908 -0.383678
v -3.219814 -0.094815 -0.388760
v -3.217036 -0.101745 -0.395600
v -3.214756 -0.107432 -0.403935
v -3.213062 -0.111658 -0.413444
v -3.212018 -0.114260 -0.423761
v -3.211666 -0.115139 -0.434491
v -3.212018 -0.114260 -0.445221
v -3.213062 -0.111658 -0.455539
v -3.214756 -0.107432 -0.465048
v -3.217036 -0.101745 -0.473382
v -3.219814 -0.094815 -0.480222
v -3.222984 -0.086908 -0.485305
v -3.226423 -0.078330 -0.488434
v -3.227536 -0.079321 -0.380548
v -3.225167 -0.088854 -0.383678
v -3.222984 -0.097638 -0.388760
v -3.221070 -0.105339 -0.395600
v -3.219500 -0.111658 -0.403935
v -3.218333 -0.116353 -0.413444
v -3.217614 -0.119245 -0.423761
v -3.217371 -0.120221 -0.434491
v -3.217614 -0.119245 -0.445221
v -3.218333 -0.116353 -0.455539
v -3.219500 -0.111658 -0.465048
v -3.221070 -0.105339 -0.473382
v -3.222984 -0.097638 -0.480222
v -3.225167 -0.088854 -0.485305
v -3.227536 -0.079321 -0.488434
v -3.228744 -0.079932 -0.380548
v -3.227536 -0.090051 -0.383678
v -3.226423 -0.099377 -0.388760
v -3.225448 -0.107552 -0.395600
v -3.224647 -0.114260 -0.403935
v -3.224052 -0.119245 -0.413444
v -3.223686 -0.122315 -0.423761
v -3.223562 -0.123351 -0.434491
v -3.223686 -0.122315 -0.445221
v -3.224052 -0.119245 -0.455539
v -3.224647 -0.114260 -0.465048
v -3.225448 -0.107552 -0.473382
v -3.226423 -0.099377 -0.480222
v -3.227536 -0.090051 -0.485305
v -3.228744 -0.079932 -0.488434
v -3.230000 -0.080138 -0.380548
v -3.230000 -0.090456 -0.383678
v -3.230000 -0.099964 -0.388760
v -3.230000 -0.108299 -0.395600
v -3.230000 -0.115139 -0.403935
v -3.230000 -0.120221 -0.413444
v -3.230000 -0.123351 -0.423761
v -3.230000 -0.124408 -0.434491
v -3.230000 -0.123351 -0.445221
v -3.230000 -0.120221 -0.455539
v -3.230000 -0.115139 -0.465048
v -3.230000 -0.108299 -0.473382
v -3.230000 -0.099964 -0.480222
v -3.230000 -0.090456 -0.485305
v -3.230000 -0.080138 -0.488434
v -3.231256 -0.079932 -0.380548
v -3.232464 -0.090051 -0.383678
v -3.233577 -0.099377 -0.388760
v -3.234552 -0.107552 -0.395600
v -3.235353 -0.114260 -0.403935
v -3.235948 -0.119245 -0.413444
v -3.236314 -0.122315 -0.423761
v -3.236438 -0.123351 -0.434491
v -3.236314 -0.122315 -0.445221
v -3.235948 -0.119245 -0.455539
v -3.235353 -0.114260 -0.465048
v -3.234552 -0.107552 -0.473382
v -3.233577 -0.099377 -0.480222
v -3.232464 -0.090051 -0.485305
v -3.231256 -0.079932 -0.488434
v -3.232464 -0.079321 -0.380548
v -3.234833 -0.088854 -0.383678
v -3.237016 -0.097638 -0.388760
v -3.238930 -0.105339 -0.395600
v -3.240500 -0.111658 -0.403935
v -3.241667 -0.116353 -0.413444
v -3.242386 -0.119245 -0.423761
v -3.242629 -0.120221 -0.434491
v -3.242386 -0.119245 -0.445221
v -3.241667 -0.116353 -0.455539
v -3.240500 -0.111658 -0.465048
v -3.238930 -0.105339 -0.473382
v -3.237016 -0.097638 -0.480222
v -3.234833 -0.088854 -0.485305
v -3.232464 -0.079321 -0.488434
v -3.233577 -0.078330 -0.380548
v -3.237016 -0.086908 -0.383678
v -3.240186 -0.094815 -0.388760
v -3.242964 -0.101745 -0.395600
v -3.245244 -0.107432 -0.403935
v -3.246938 -0.111658 -0.413444
v -3.247982 -0.114260 -0.423761
v -3.248334 -0.115139 -0.434491
v -3.247982 -0.114260 -0.445221
v -3.246938 -0.111658 -0.455539
v -3.245244 -0.107432 -0.465048
v -3.242964 -0.101745 -0.473382
v -3.240186 -0.094815 -0.480222
v -3.237016 -0.086908 -0.485305
v -3.233577 -0.078330 -0.488434
v -3.234552 -0.076995 -0.380548
v -3.238930 -0.084291 -0.383678
v -3.242964 -0.091015 -0.388760
v -3.246500 -0.096908 -0.395600
v -3.249402 -0.101745 -0.403935
v -3.251558 -0.105339 -0.413444
v -3.252886 -0.107552 -0.423761
v -3.253335 -0.108299 -0.434491
v -3.252886 -0.107552 -0.445221
v -3.251558 -0.105339 -0.455539
v -3.249402 -0.101745 -0.465048
v -3.246500 -0.096908 -0.473382
v -3.242964 -0.091015 -0.480222
v -3.238930 -0.084291 -0.485305
v -3.234552 -0.076995 -0.488434
v -3.235353 -0.075369 -0.380548
v -3.240500 -0.081102 -0.383678
v -3.245244 -0.086384 -0.388760
v -3.249402 -0.091015 -0.395600
v -3.252814 -0.094815 -0.403935
v -3.255350 -0.097638 -0.413444
v -3.256911 -0.099377 -0.423761
v -3.257438 -0.099964 -0.434491
v -3.256911 -0.099377 -0.445221
v -3.255350 -0.097638 -0.455539
v -3.252814 -0.094815 -0.465048
v -3.249402 -0.091015 -0.473382
v -3.245244 -0.086384 -0.480222
v -3.240500 -0.081102 -0.485305
v -3.235353 -0.075369 -0.488434
v -3.235948 -0.073514 -0.380548
v -3.241667 -0.077463 -0.383678
v -3.246938 -0.081102 -0.388760
v -3.251558 -0.084291 -0.395600
v -3.255350 -0.086908 -0.403935
v -3.258167 -0.088854 -0.413444
v -3.259902 -0.090051 -0.423761
v -3.260488 -0.090456 -0.434491
v -3.259902 -0.090051 -0.445221
v -3.258167 -0.088854 -0.455539
v -3.255350 -0.086908 -0.465048
v -3.251558 -0.084291 -0.473382
v -3.246938 -0.081102 -0.480222
v -3.241667 -0.077463 -0.485305
v -3.235948 -0.073514 -0.488434
v -3.236314 -0.071501 -0.380548
v -3.242386 -0.073514 -0.383678
v -3.247982 -0.075369 -0.388760
v -3.252886 -0.076995 -0.395600
v -3.256911 -0.078330 -0.403935
v -3.259902 -0.079321 -0.413444
v -3.261744 -0.079932 -0.423761
v -3.262366 -0.080138 -0.434491
v -3.261744 -0.079932 -0.445221
v -3.259902 -0.079321 -0.455539
v -3.256911 -0.078330 -0.465048
v -3.252886 -0.076995 -0.473382
v -3.247982 -0.075369 -0.480222
v -3.242386 -0.073514 -0.485305
v -3.236314 -0.071501 -0.488434
v -3.236438 -0.069408 -0.380548
v -3.242629 -0.069408 -0.383678
v -3.248334 -0.069408 -0.388760
v -3.253335 -0.069408 -0.395600
v -3.257438 -0.069408 -0.403935
v -3.260488 -0.069408 -0.413444
v -3.262366 -0.069408 -0.423761
v -3.263000 -0.069408 -0.434491
v -3.262366 -0.069408 -0.445221
v -3.260488 -0.069408 -0.455539
v -3.257438 -0.069408 -0.465048
v -3.253335 -0.069408 -0.473382
v -3.248334 -0.069408 -0.480222
v -3.242629 -0.069408 -0.485305
v -3.236438 -0.069408 -0.488434
v -3.236314 -0.067315 -0.380548
v -3.242386 -0.065302 -0.383678
v -3.247982 -0.063447 -0.388760
v -3.252886 -0.061821 -0.395600
v -3.256911 -0.060486 -0.403935
v -3.259902 -0.059495 -0.413444
v -3.261744 -0.058884 -0.423761
v -3.262366 -0.058678 -0.434491
v -3.261744 -0.058884 -0.445221
v -3.259902 -0.059495 -0.455539
v -3.256911 -0.060486 -0.465048
v -3.252886 -0.061821 -0.473382
v -3.247982 -0.063447 -0.480222
v -3.242386 -0.065302 -0.485305
v -3.236314 -0.067315 -0.488434
v -3.235948 -0.065302 -0.380548
v -3.241667 -0.061354 -0.383678
v -3.246938 -0.057715 -0.388760
v -3.251558 -0.054525 -0.395600
v -3.255350 -0.051908 -0.403935
v -3.258167 -0.049963 -0.413444
v -3.259902 -0.048765 -0.423761
v -3.260488 -0.048360 -0.434491
v -3.259902 -0.048765 -0.445221
v -3.258167 -0.049963 -0.455539
v -3.255350 -0.051908 -0.465048
v -3.251558 -0.054525 -0.473382
v -3.246938 -0.057715 -0.480222
v -3.241667 -0.061354 -0.485305
v -3.235948 -0.065302 -0.488434
v -3.235353 -0.063447 -0.380548
v -3.240500 -0.057715 -0.383678
v -3.245244 -0.052432 -0.388760
v -3.249402 -0.047801 -0.395600
v -3.252814 -0.044001 -0.403935
v -3.255350 -0.041178 -0.413444
v -3.256911 -0.039439 -0.423761
v -3.257438 -0.038852 -0.434491
v -3.256911 -0.039439 -0.445221
v -3.255350 -0.041178 -0.455539
v -3.252814 -0.044001 -0.465048
v -3.249402 -0.047801 -0.473382
v -3.245244 -0.052432 -0.480222
v -3.240500 -0.057715 -0.485305
v -3.235353 -0.063447 -0.488434
v -3.234552 -0.061821 -0.380548
v -3.238930 -0.054525 -0.383678
v -3.242964 -0.047801 -0.388760
v -3.246500 -0.041908 -0.395600
v -3.249402 -0.037072 -0.403935
v -3.251558 -0.033478 -0.413444
v -3.252886 -0.031265 -0.423761
v -3.253335 -0.030517 -0.434491
v -3.252886 -0.031265 -0.445221
v -3.251558 -0.033478 -0.455539
v -3.249402 -0.037072 -0.465048
v -3.246500 -0.041908 -0.473382
v -3.242964 -0.047801 -0.480222
v -3.238930 -0.054525 -0.485305
v -3.234552 -0.061821 -0.488434
v -3.233577 -0.060486 -0.380548
v -3.237016 -0.051908 -0.383678
v -3.240186 -0.044001 -0.388760
v -3.242964 -0.037072 -0.395600
v -3.245244 -0.031384 -0.403935
v -3.246938 -0.027158 -0.413444
v -3.247982 -0.024556 -0.423761
v -3.248334 -0.023677 -0.434491
v -3.247982 -0.024556 -0.445221
v -3.246938 -0.027158 -0.455539
v -3.245244 -0.031384 -0.465048
v -3.242964 -0.037072 -0.473382
v -3.240186 -0.044001 -0.480222
v -3.237016 -0.051908 -0.485305
v -3.233577 -0.060486 -0.488434
v -3.232464 -0.059495 -0.380548
v -3.234833 -0.049963 -0.383678
v -3.237016 -0.041178 -0.388760
v -3.238930 -0.033478 -0.395600
v -3.240500 -0.027158 -0.403935
v -3.241667 -0.022463 -0.413444
v -3.242386 -0.019571 -0.423761
v -3.242629 -0.018595 -0.434491
v -3.242386 -0.019571 -0.445221
v -3.241667 -0.022463 -0.455539
v -3.240500 -0.027158 -0.465048
v -3.238930 -0.033478 -0.473382
v -3.237016 -0.041178 -0.480222
v -3.234833 -0.049963 -0.485305
v -3.232464 -0.059495 -0.488434
v -3.231256 -0.058884 -0.380548
v -3.232464 -0.048765 -0.383678
v -3.233577 -0.039439 -0.388760
v -3.234552 -0.031265 -0.395600
v -3.235353 -0.024556 -0.403935
v -3.235948 -0.019571 -0.413444
v -3.236314 -0.016501 -0.423761
v -3.236438 -0.015465 -0.434491
v -3.236314 -0.016501 -0.445221
v -3.235948 -0.019571 -0.455539
v -3.235353 -0.024556 -0.465048
v -3.234552 -0.031265 -0.473382
v -3.233577 -0.039439 -0.480222
v -3.232464 -0.048765 -0.485305
v -3.231256 -0.058884 -0.488434
v -3.230000 -0.048361 -0.383678
v -3.230000 -0.023677 -0.403935
v -3.230000 -0.015465 -0.423761
v -3.230000 -0.018595 -0.455539
v -3.230000 -0.030517 -0.473382
v -3.230000 -0.048361 -0.485305
v -3.230000 -0.058678 -0.488434
v -3.230000 -0.233128 -0.338164
v -3.230000 -0.213683 -0.344063
v -3.230000 -0.208379 -0.348415
v -3.230000 -0.200792 -0.359770
v -3.230000 -0.198800 -0.366336
v -3.230000 -0.198128 -0.373164
v -3.230000 -0.198800 -0.379992
v -3.230000 -0.200792 -0.386558
v -3.230000 -0.204026 -0.392609
v -3.230000 -0.213683 -0.402265
v -3.230000 -0.233128 -0.408164
v -3.229201 -0.226431 -0.338837
v -3.228432 -0.219991 -0.340828
v -3.227724 -0.214057 -0.344063
v -3.227103 -0.208855 -0.348415
v -3.226593 -0.204586 -0.353719
v -3.226215 -0.201413 -0.359770
v -3.225982 -0.199460 -0.366336
v -3.225903 -0.198800 -0.373164
v -3.225982 -0.199460 -0.379992
v -3.226215 -0.201413 -0.386558
v -3.226593 -0.204586 -0.392609
v -3.227103 -0.208855 -0.397913
v -3.227724 -0.214057 -0.402265
v -3.228432 -0.219991 -0.405500
v -3.229201 -0.226431 -0.407492
v -3.228432 -0.226820 -0.338837
v -3.226925 -0.220754 -0.340828
v -3.225535 -0.215163 -0.344063
v -3.224318 -0.210263 -0.348415
v -3.223318 -0.206242 -0.353719
v -3.222575 -0.203254 -0.359770
v -3.222118 -0.201413 -0.366336
v -3.221964 -0.200792 -0.373164
v -3.222118 -0.201413 -0.379992
v -3.222575 -0.203254 -0.386558
v -3.223318 -0.206242 -0.392609
v -3.224318 -0.210263 -0.397913
v -3.225535 -0.215163 -0.402265
v -3.226925 -0.220754 -0.405500
v -3.228432 -0.226820 -0.407492
v -3.227724 -0.227451 -0.338837
v -3.225535 -0.221991 -0.340828
v -3.223518 -0.216960 -0.344063
v -3.221750 -0.212550 -0.348415
v -3.220299 -0.208931 -0.353719
v -3.219221 -0.206242 -0.359770
v -3.218557 -0.204586 -0.366336
v -3.218333 -0.204026 -0.373164
v -3.218557 -0.204586 -0.379992
v -3.219221 -0.206242 -0.386558
v -3.220299 -0.208931 -0.392609
v -3.221750 -0.212550 -0.397913
v -3.223518 -0.216960 -0.402265
v -3.225535 -0.221991 -0.405500
v -3.227724 -0.227451 -0.407492
v -3.227103 -0.228300 -0.338837
v -3.224318 -0.223657 -0.340828
v -3.221750 -0.219378 -0.344063
v -3.219500 -0.215628 -0.348415
v -3.217653 -0.212550 -0.353719
v -3.216281 -0.210263 -0.359770
v -3.215436 -0.208855 -0.366336
v -3.215151 -0.208379 -0.373164
v -3.215436 -0.208855 -0.379992
v -3.216281 -0.210263 -0.386558
v -3.217653 -0.212550 -0.392609
v -3.219500 -0.215628 -0.397913
v -3.221750 -0.219378 -0.402265
v -3.224318 -0.223657 -0.405500
v -3.227103 -0.228300 -0.407492
v -3.226593 -0.229334 -0.338837
v -3.223318 -0.225687 -0.340828
v -3.220299 -0.222325 -0.344063
v -3.217653 -0.219378 -0.348415
v -3.215482 -0.216960 -0.353719
v -3.213868 -0.215163 -0.359770
v -3.212875 -0.214057 -0.366336
v -3.212539 -0.213683 -0.373164
v -3.212875 -0.214057 -0.379992
v -3.213868 -0.215163 -0.386558
v -3.215482 -0.216960 -0.392609
v -3.217653 -0.219378 -0.397913
v -3.220299 -0.222325 -0.402265
v -3.223318 -0.225687 -0.405500
v -3.226593 -0.229334 -0.407492
v -3.226215 -0.230515 -0.338837
v -3.222575 -0.228002 -0.340828
v -3.219221 -0.225687 -0.344063
v -3.216281 -0.223657 -0.348415
v -3.213868 -0.221991 -0.353719
v -3.212075 -0.220754 -0.359770
v -3.210971 -0.219991 -0.366336
v -3.210598 -0.219734 -0.373164
v -3.210971 -0.219991 -0.379992
v -3.212075 -0.220754 -0.386558
v -3.213868 -0.221991 -0.392609
v -3.216281 -0.223657 -0.397913
v -3.219221 -0.225687 -0.402265
v -3.222575 -0.228002 -0.405500
v -3.226215 -0.230515 -0.407492
v -3.225982 -0.231796 -0.338837
v -3.222118 -0.230515 -0.340828
v -3.218557 -0.229334 -0.344063
v -3.215436 -0.228300 -0.348415
v -3.212875 -0.227451 -0.353719
v -3.210971 -0.226820 -0.359770
v -3.209799 -0.226431 -0.366336
v -3.209404 -0.226300 -0.373164
v -3.209799 -0.226431 -0.379992
v -3.210971 -0.226820 -0.386558
v -3.212875 -0.227451 -0.392609
v -3.215436 -0.228300 -0.397913
v -3.218557 -0.229334 -0.402265
v -3.222118 -0.230515 -0.405500
v -3.225982 -0.231796 -0.407492
v -3.225903 -0.233128 -0.338837
v -3.221964 -0.233128 -0.340828
v -3.218333 -0.233128 -0.344063
v -3.215151 -0.233128 -0.348415
v -3.212539 -0.233128 -0.353719
v -3.210598 -0.233128 -0.359770
v -3.209404 -0.233128 -0.366336
v -3.209000 -0.233128 -0.373164
v -3.209404 -0.233128 -0.379992
v -3.210598 -0.233128 -0.386558
v -3.212539 -0.233128 -0.392609
v -3.215151 -0.233128 -0.397913
v -3.218333 -0.233128 -0.402265
v -3.221964 -0.233128 -0.405500
v -3.225903 -0.233128 -0.407492
v -3.225982 -0.234460 -0.338837
v -3.222118 -0.235741 -0.340828
v -3.218557 -0.236921 -0.344063
v -3.215436 -0.237956 -0.348415
v -3.212875 -0.238805 -0.353719
v -3.210971 -0.239436 -0.359770
v -3.209799 -0.239825 -0.366336
v -3.209404 -0.239956 -0.373164
v -3.209799 -0.239825 -0.379992
v -3.210971 -0.239436 -0.386558
v -3.212875 -0.238805 -0.392609
v -3.215436 -0.237956 -0.397913
v -3.218557 -0.236921 -0.402265
v -3.222118 -0.235741 -0.405500
v -3.225982 -0.234460 -0.407492
v -3.226215 -0.235741 -0.338837
v -3.222575 -0.238254 -0.340828
v -3.219221 -0.240569 -0.344063
v -3.216281 -0.242599 -0.348415
v -3.213868 -0.244265 -0.353719
v -3.212075 -0.245502 -0.359770
v -3.210971 -0.246264 -0.366336
v -3.210598 -0.246522 -0.373164
v -3.210971 -0.246264 -0.379992
v -3.212075 -0.245502 -0.386558
v -3.213868 -0.244265 -0.392609
v -3.216281 -0.242599 -0.397913
v -3.219221 -0.240569 -0.402265
v -3.222575 -0.238254 -0.405500
v -3.226215 -0.235741 -0.407492
v -3.226593 -0.236921 -0.338837
v -3.223318 -0.240569 -0.340828
v -3.220299 -0.243931 -0.344063
v -3.217653 -0.246878 -0.348415
v -3.215482 -0.249296 -0.353719
v -3.213868 -0.251093 -0.359770
v -3.212875 -0.252199 -0.366336
v -3.212539 -0.252573 -0.373164
v -3.212875 -0.252199 -0.379992
v -3.213868 -0.251093 -0.386558
v -3.215482 -0.249296 -0.392609
v -3.217653 -0.246878 -0.397913
v -3.220299 -0.243931 -0.402265
v -3.223318 -0.240569 -0.405500
v -3.226593 -0.236921 -0.407492
v -3.227103 -0.237956 -0.338837
v -3.224318 -0.242599 -0.340828
v -3.221750 -0.246878 -0.344063
v -3.219500 -0.250628 -0.348415
v -3.217653 -0.253706 -0.353719
v -3.216281 -0.255993 -0.359770
v -3.215436 -0.257401 -0.366336
v -3.215151 -0.257877 -0.373164
v -3.215436 -0.257401 -0.379992
v -3.216281 -0.255993 -0.386558
v -3.217653 -0.253706 -0.392609
v -3.219500 -0.250628 -0.397913
v -3.221750 -0.246878 -0.402265
v -3.224318 -0.242599 -0.405500
v -3.227103 -0.237956 -0.407492
v -3.227724 -0.238805 -0.338837
v -3.225535 -0.244265 -0.340828
v -3.223518 -0.249296 -0.344063
v -3.221750 -0.253706 -0.348415
v -3.220299 -0.257325 -0.353719
v -3.219221 -0.260014 -0.359770
v -3.218557 -0.261670 -0.366336
v -3.218333 -0.262229 -0.373164
v -3.218557 -0.261670 -0.379992
v -3.219221 -0.260014 -0.386558
v -3.220299 -0.257325 -0.392609
v -3.221750 -0.253706 -0.397913
v -3.223518 -0.249296 -0.402265
v -3.225535 -0.244265 -0.405500
v -3.227724 -0.238805 -0.407492
v -3.228432 -0.239436 -0.338837
v -3.226925 -0.245502 -0.340828
v -3.225535 -0.251093 -0.344063
v -3.224318 -0.255993 -0.348415
v -3.223318 -0.260014 -0.353719
v -3.222575 -0.263002 -0.359770
v -3.222118 -0.264842 -0.366336
v -3.221964 -0.265464 -0.373164
v -3.222118 -0.264842 -0.379992
v -3.222575 -0.263002 -0.386558
v -3.223318 -0.260014 -0.392609
v -3.224318 -0.255993 -0.397913
v -3.225535 -0.251093 -0.402265
v -3.226925 -0.245502 -0.405500
v -3.228432 -0.239436 -0.407492
v -3.229201 -0.239825 -0.338837
v -3.228432 -0.246264 -0.340828
v -3.227724 -0.252199 -0.344063
v -3.227103 -0.257401 -0.348415
v -3.226593 -0.261670 -0.353719
v -3.226215 -0.264842 -0.359770
v -3.225982 -0.266796 -0.366336
v -3.225903 -0.267455 -0.373164
v -3.225982 -0.266796 -0.379992
v -3.226215 -0.264842 -0.386558
v -3.226593 -0.261670 -0.392609
v -3.227103 -0.257401 -0.397913
v -3.227724 -0.252199 -0.402265
v -3.228432 -0.246264 -0.405500
v -3.229201 -0.239825 -0.407492
v -3.230000 -0.239956 -0.338837
v -3.230000 -0.246522 -0.340828
v -3.230000 -0.252573 -0.344063
v -3.230000 -0.257877 -0.348415
v -3.230000 -0.262229 -0.353719
v -3.230000 -0.265464 -0.359770
v -3.230000 -0.267455 -0.366336
v -3.230000 -0.268128 -0.373164
v -3.230000 -0.267455 -0.379992
v -3.230000 -0.265464 -0.386558
v -3.230000 -0.262229 -0.392609
v -3.230000 -0.257877 -0.397913
v -3.230000 -0.252573 -0.402265
v -3.230000 -0.246522 -0.405500
v -3.230000 -0.239956 -0.407492
v -3.230799 -0.239825 -0.338837
v -3.231568 -0.246264 -0.340828
v -3.232276 -0.252199 -0.344063
v -3.232897 -0.257401 -0.348415
v -3.233407 -0.261670 -0.353719
v -3.233785 -0.264842 -0.359770
v -3.234018 -0.266796 -0.366336
v -3.234097 -0.267455 -0.373164
v -3.234018 -0.266796 -0.379992
v -3.233785 -0.264842 -0.386558
v -3.233407 -0.261670 -0.392609
v -3.232897 -0.257401 -0.397913
v -3.232276 -0.252199 -0.402265
v -3.231568 -0.246264 -0.405500
v -3.230799 -0.239825 -0.407492
v -3.231568 -0.239436 -0.338837
v -3.233075 -0.245502 -0.340828
v -3.234465 -0.251093 -0.344063
v -3.235682 -0.255993 -0.348415
v -3.236682 -0.260014 -0.353719
v -3.237425 -0.263002 -0.359770
v -3.237882 -0.264842 -0.366336
v -3.238036 -0.265464 -0.373164
v -3.237882 -0.264842 -0.379992
v -3.237425 -0.263002 -0.386558
v -3.236682 -0.260014 -0.392609
v -3.235682 -0.255993 -0.397913
v -3.234465 -0.251093 -0.402265
v -3.233075 -0.245502 -0.405500
v -3.231568 -0.239436 -0.407492
v -3.232276 -0.238805 -0.338837
v -3.234465 -0.244265 -0.340828
v -3.236482 -0.249296 -0.344063
v -3.238250 -0.253706 -0.348415
v -3.239701 -0.257325 -0.353719
v -3.240779 -0.260014 -0.359770
v -3.241443 -0.261670 -0.366336
v -3.241667 -0.262229 -0.373164
v -3.241443 -0.261670 -0.379992
v -3.240779 -0.260014 -0.386558
v -3.239701 -0.257325 -0.392609
v -3.238250 -0.253706 -0.397913
v -3.236482 -0.249296 -0.402265
v -3.234465 -0.244265 -0.405500
v -3.232276 -0.238805 -0.407492
v -3.232897 -0.237956 -0.338837
v -3.235682 -0.242599 -0.340828
v -3.238250 -0.246878 -0.344063
v -3.240500 -0.250628 -0.348415
v -3.242347 -0.253706 -0.353719
v -3.243719 -0.255993 -0.359770
v -3.244564 -0.257401 -0.366336
v -3.244849 -0.257877 -0.373164
v -3.244564 -0.257401 -0.379992
v -3.243719 -0.255993 -0.386558
v -3.242347 -0.253706 -0.392609
v -3.240500 -0.250628 -0.397913
v -3.238250 -0.246878 -0.402265
v -3.235682 -0.242599 -0.405500
v -3.232897 -0.237956 -0.407492
v -3.233407 -0.236921 -0.338837
v -3.236682 -0.240569 -0.340828
v -3.239701 -0.243931 -0.344063
v -3.242347 -0.246878 -0.348415
v -3.244518 -0.249296 -0.353719
v -3.246132 -0.251093 -0.359770
v -3.247125 -0.252199 -0.366336
v -3.247461 -0.252573 -0.373164
v -3.247125 -0.252199 -0.379992
v -3.246132 -0.251093 -0.386558
v -3.244518 -0.249296 -0.392609
v -3.242347 -0.246878 -0.397913
v -3.239701 -0.243931 -0.402265
v -3.236682 -0.240569 -0.405500
v -3.233407 -0.236921 -0.407492
v -3.233785 -0.235741 -0.338837
v -3.237425 -0.238254 -0.340828
v -3.240779 -0.240569 -0.344063
v -3.243719 -0.242599 -0.348415
v -3.246132 -0.244265 -0.353719
v -3.247925 -0.245502 -0.359770
v -3.249029 -0.246264 -0.366336
v -3.249402 -0.246522 -0.373164
v -3.249029 -0.246264 -0.379992
v -3.247925 -0.245502 -0.386558
v -3.246132 -0.244265 -0.392609
v -3.243719 -0.242599 -0.397913
v -3.240779 -0.240569 -0.402265
v -3.237425 -0.238254 -0.405500
v -3.233785 -0.235741 -0.407492
v -3.234018 -0.234460 -0.338837
v -3.237882 -0.235741 -0.340828
v -3.241443 -0.236921 -0.344063
v -3.244564 -0.237956 -0.348415
v -3.247125 -0.238805 -0.353719
v -3.249029 -0.239436 -0.359770
v -3.250201 -0.239825 -0.366336
v -3.250597 -0.239956 -0.373164
v -3.250201 -0.239825 -0.379992
v -3.249029 -0.239436 -0.386558
v -3.247125 -0.238805 -0.392609
v -3.244564 -0.237956 -0.397913
v -3.241443 -0.236921 -0.402265
v -3.237882 -0.235741 -0.405500
v -3.234018 -0.234460 -0.407492
v -3.234097 -0.233128 -0.338837
v -3.238036 -0.233128 -0.340828
v -3.241667 -0.233128 -0.344063
v -3.244849 -0.233128 -0.348415
v -3.247461 -0.233128 -0.353719
v -3.249402 -0.233128 -0.359770
v -3.250597 -0.233128 -0.366336
v -3.251000 -0.233128 -0.373164
v -3.250597 -0.233128 -0.379992
v -3.249402 -0.233128 -0.386558
v -3.247461 -0.233128 -0.392609
v -3.244849 -0.233128 -0.397913
v -3.241667 -0.233128 -0.402265
v -3.238036 -0.233128 -0.405500
v -3.234097 -0.233128 -0.407492
v -3.234018 -0.231796 -0.338837
v -3.237882 -0.230515 -0.340828
v -3.241443 -0.229334 -0.344063
v -3.244564 -0.228300 -0.348415
v -3.247125 -0.227451 -0.353719
v -3.249029 -0.226820 -0.359770
v -3.250201 -0.226431 -0.366336
v -3.250597 -0.226300 -0.373164
v -3.250201 -0.226431 -0.379992
v -3.249029 -0.226820 -0.386558
v -3.247125 -0.227451 -0.392609
v -3.244564 -0.228300 -0.397913
v -3.241443 -0.229334 -0.402265
v -3.237882 -0.230515 -0.405500
v -3.234018 -0.231796 -0.407492
v -3.233785 -0.230515 -0.338837
v -3.237425 -0.228002 -0.340828
v -3.240779 -0.225687 -0.344063
v -3.243719 -0.223657 -0.348415
v -3.246132 -0.221991 -0.353719
v -3.247925 -0.220754 -0.359770
v -3.249029 -0.219991 -0.366336
v -3.249402 -0.219734 -0.373164
v -3.249029 -0.219991 -0.379992
v -3.247925 -0.220754 -0.386558
v -3.246132 -0.221991 -0.392609
v -3.243719 -0.223657 -0.397913
v -3.240779 -0.225687 -0.402265
v -3.237425 -0.228002 -0.405500
v -3.233785 -0.230515 -0.407492
v -3.233407 -0.229334 -0.338837
v -3.236682 -0.225687 -0.340828
v -3.239701 -0.222325 -0.344063
v -3.242347 -0.219378 -0.348415
v -3.244518 -0.216960 -0.353719
v -3.246132 -0.215163 -0.359770
v -3.247125 -0.214057 -0.366336
v -3.247461 -0.213683 -0.373164
v -3.247125 -0.214057 -0.379992
v -3.246132 -0.215163 -0.386558
v -3.244518 -0.216960 -0.392609
v -3.242347 -0.219378 -0.397913
v -3.239701 -0.222325 -0.402265
v -3.236682 -0.225687 -0.405500
v -3.233407 -0.229334 -0.407492
v -3.232897 -0.228300 -0.338837
v -3.235682 -0.223657 -0.340828
v -3.238250 -0.219378 -0.344063
v -3.240500 -0.215628 -0.348415
v -3.242347 -0.212550 -0.353719
v -3.243719 -0.210263 -0.359770
v -3.244564 -0.208855 -0.366336
v -3.244849 -0.208379 -0.373164
v -3.244564 -0.208855 -0.379992
v -3.243719 -0.210263 -0.386558
v -3.242347 -0.212550 -0.392609
v -3.240500 -0.215628 -0.397913
v -3.238250 -0.219378 -0.402265
v -3.235682 -0.223657 -0.405500
v -3.232897 -0.228300 -0.407492
v -3.232276 -0.227451 -0.338837
v -3.234465 -0.221991 -0.340828
v -3.236482 -0.216960 -0.344063
v -3.238250 -0.212550 -0.348415
v -3.239701 -0.208931 -0.353719
v -3.240779 -0.206242 -0.359770
v -3.241443 -0.204586 -0.366336
v -3.241667 -0.204026 -0.373164
v -3.241443 -0.204586 -0.379992
v -3.240779 -0.206242 -0.386558
v -3.239701 -0.208931 -0.392609
v -3.238250 -0.212550 -0.397913
v -3.236482 -0.216960 -0.402265
v -3.234465 -0.221991 -0.405500
v -3.232276 -0.227451 -0.407492
v -3.231568 -0.226820 -0.338837
v -3.233075 -0.220754 -0.340828
v -3.234465 -0.215163 -0.344063
v -3.235682 -0.210263 -0.348415
v -3.236682 -0.206242 -0.353719
v -3.237425 -0.203254 -0.359770
v -3.237882 -0.201413 -0.366336
v -3.238036 -0.200792 -0.373164
v -3.237882 -0.201413 -0.379992
v -3.237425 -0.203254 -0.386558
v -3.236682 -0.206242 -0.392609
v -3.235682 -0.210263 -0.397913
v -3.234465 -0.215163 -0.402265
v -3.233075 -0.220754 -0.405500
v -3.231568 -0.226820 -0.407492
v -3.230799 -0.226431 -0.338837
v -3.231568 -0.219991 -0.340828
v -3.232276 -0.214057 -0.344063
v -3.232897 -0.208855 -0.348415
v -3.233407 -0.204586 -0.353719
v -3.233785 -0.201413 -0.359770
v -3.234018 -0.199460 -0.366336
v -3.234097 -0.198800 -0.373164
v -3.234018 -0.199460 -0.379992
v -3.233785 -0.201413 -0.386558
v -3.233407 -0.204586 -0.392609
v -3.232897 -0.208855 -0.397913
v -3.232276 -0.214057 -0.402265
v -3.231568 -0.219991 -0.405500
v -3.230799 -0.226431 -0.407492
v -3.230000 -0.226300 -0.338837
v -3.230000 -0.219734 -0.340828
v -3.230000 -0.204026 -0.353719
v -3.230000 -0.208379 -0.397913
v -3.230000 -0.219734 -0.405500
v -3.230000 -0.226300 -0.407492
v -3.230000 0.200000 -0.646511
v -3.230000 0.200000 -0.300000
v -3.230000 0.290000 -0.646511
v -3.230000 0.290000 -0.300000
v -3.222000 0.200000 -0.646511
v -3.222000 0.200000 -0.300000
v -3.222000 0.290000 -0.646511
v -3.222000 0.290000 -0.300000
v -3.290000 0.399347 -0.646011
v -3.290000 0.399347 -0.643011
v -3.277820 0.395130 -0.646011
v -3.277820 0.395130 -0.643011
v -3.266274 0.391753 -0.646011
v -3.266274 0.391753 -0.643011
v -3.254482 0.390067 -0.646011
v -3.254482 0.390067 -0.643011
v -3.241464 0.390136 -0.646011
v -3.241464 0.390136 -0.643011
v -3.226611 0.391225 -0.646011
v -3.226611 0.391225 -0.643011
v -3.210056 0.392034 -0.646011
v -3.210056 0.392034 -0.643011
v -3.192797 0.391110 -0.646011
v -3.192797 0.391110 -0.643011
v -3.176521 0.387291 -0.646011
v -3.176521 0.387291 -0.643011
v -3.163174 0.380064 -0.646011
v -3.163174 0.380064 -0.643011
v -3.154398 0.369697 -0.646011
v -3.154398 0.369697 -0.643011
v -3.151030 0.357139 -0.646011
v -3.151030 0.357139 -0.643011
v -3.152822 0.343709 -0.646011
v -3.152822 0.343709 -0.643011
v -3.158476 0.330690 -0.646011
v -3.158476 0.330690 -0.643011
v -3.166002 0.318973 -0.646011
v -3.166002 0.318973 -0.643011
v -3.173281 0.308843 -0.646011
v -3.173281 0.308843 -0.643011
v -3.178658 0.300000 -0.646011
v -3.178658 0.300000 -0.643011
v -3.181388 0.291771 -0.646011
v -3.181388 0.291771 -0.643011
v -3.181794 0.283444 -0.646011
v -3.181794 0.283444 -0.643011
v -3.181090 0.274587 -0.646011
v -3.181090 0.274587 -0.643011
v -3.180939 0.265250 -0.646011
v -3.180939 0.265250 -0.643011
v -3.182896 0.255963 -0.646011
v -3.182896 0.255963 -0.643011
v -3.187917 0.247531 -0.646011
v -3.187917 0.247531 -0.643011
v -3.196084 0.240712 -0.646011
v -3.196084 0.240712 -0.643011
v -3.206649 0.235884 -0.646011
v -3.206649 0.235884 -0.643011
v -3.218339 0.232832 -0.646011
v -3.218339 0.232832 -0.643011
v -3.229838 0.230740 -0.646011
v -3.229838 0.230740 -0.643011
v -3.240252 0.228407 -0.646011
v -3.240252 0.228407 -0.643011
v -3.249413 0.224627 -0.646011
v -3.249413 0.224627 -0.643011
v -3.257902 0.218606 -0.646011
v -3.257902 0.218606 -0.643011
v -3.266801 0.210286 -0.646011
v -3.266801 0.210286 -0.643011
v -3.277255 0.200458 -0.646011
v -3.277255 0.200458 -0.643011
v -3.290000 0.190615 -0.646011
v -3.290000 0.190615 -0.643011
v -3.305034 0.182585 -0.646011
v -3.305034 0.182585 -0.643011
v -3.321535 0.178047 -0.646011
v -3.321535 0.178047 -0.643011
v -3.338079 0.178081 -0.646011
v -3.338079 0.178081 -0.643011
v -3.353065 0.182882 -0.646011
v -3.353065 0.182882 -0.643011
v -3.365231 0.191734 -0.646011
v -3.365231 0.191734 -0.643011
v -3.374051 0.203238 -0.646011
v -3.374051 0.203238 -0.643011
v -3.379913 0.215724 -0.646011
v -3.379913 0.215724 -0.643011
v -3.383972 0.227714 -0.646011
v -3.383972 0.227714 -0.643011
v -3.387752 0.238290 -0.646011
v -3.387752 0.238290 -0.643011
v -3.392609 0.247261 -0.646011
v -3.392609 0.247261 -0.643011
v -3.399245 0.255083 -0.646011
v -3.399245 0.255083 -0.643011
v -3.407421 0.262587 -0.646011
v -3.407421 0.262587 -0.643011
v -3.415994 0.270600 -0.646011
v -3.415994 0.270600 -0.643011
v -3.423249 0.279612 -0.646011
v -3.423249 0.279612 -0.643011
v -3.427430 0.289588 -0.646011
v -3.427430 0.289588 -0.643011
v -3.427306 0.300000 -0.646011
v -3.427306 0.300000 -0.643011
v -3.422575 0.310044 -0.646011
v -3.422575 0.310044 -0.643011
v -3.413984 0.318971 -0.646011
v -3.413984 0.318971 -0.643011
v -3.403116 0.326395 -0.646011
v -3.403116 0.326395 -0.643011
v -3.391926 0.332476 -0.646011
v -3.391926 0.332476 -0.643011
v -3.382157 0.337892 -0.646011
v -3.382157 0.337892 -0.643011
v -3.374845 0.343609 -0.646011
v -3.374845 0.343609 -0.643011
v -3.370048 0.350534 -0.646011
v -3.370048 0.350534 -0.643011
v -3.366894 0.359149 -0.646011
v -3.366894 0.359149 -0.643011
v -3.363918 0.369284 -0.646011
v -3.363918 0.369284 -0.643011
v -3.359567 0.380088 -0.646011
v -3.359567 0.380088 -0.643011
v -3.352705 0.390241 -0.646011
v -3.352705 0.390241 -0.643011
v -3.342950 0.398333 -0.646011
v -3.342950 0.398333 -0.643011
v -3.330733 0.403291 -0.646011
v -3.330733 0.403291 -0.643011
v -3.317079 0.404718 -0.646011
v -3.317079 0.404718 -0.643011
v -3.303192 0.403033 -0.646011
v -3.303192 0.403033 -0.643011
vn 0.1552 0.9453 0.2868
vn 0.0476 0.2900 -0.9559
vn 0.1612 0.9822 0.0967
vn 0.0161 0.0980 0.9951
vn 0.0161 0.0980 -0.9951
vn 0.1612 0.9822 -0.0967
vn 0.0476 0.2900 0.9559
vn 0.1552 0.9453 -0.2868
vn 0.0771 0.4700 0.8793
vn 0.1433 0.8728 -0.4665
vn 0.1036 0.6310 0.7689
vn 0.1259 0.7669 -0.6293
vn 0.1259 0.7669 0.6293
vn 0.1036 0.6310 -0.7689
vn 0.1433 0.8728 0.4665
vn 0.0771 0.4700 -0.8793
vn 0.4042 0.7995 0.4444
vn 0.2252 0.4454 -0.8666
vn 0.4343 0.8590 0.2710
vn 0.1402 0.2773 -0.9505
vn 0.4493 0.8887 0.0910
vn 0.0476 0.0942 0.9944
vn 0.0476 0.0942 -0.9944
vn 0.4493 0.8887 -0.0910
vn 0.1402 0.2773 0.9505
vn 0.4343 0.8590 -0.2710
vn 0.2252 0.4454 0.8666
vn 0.4042 0.7995 -0.4444
vn 0.2989 0.5912 0.7491
vn 0.3589 0.7099 -0.6059
vn 0.3589 0.7099 0.6059
vn 0.2989 0.5912 -0.7491
vn 0.6445 0.7234 -0.2476
vn 0.3563 0.4000 0.8444
vn 0.6065 0.6808 -0.4106
vn 0.4641 0.5210 0.7164
vn 0.5471 0.6142 -0.5688
vn 0.5471 0.6142 0.5688
vn 0.4641 0.5210 -0.7164
vn 0.6065 0.6808 0.4106
vn 0.3563 0.4000 -0.8444
vn 0.6445 0.7234 0.2476
vn 0.2253 0.2529 -0.9409
vn 0.6629 0.7441 0.0827
vn 0.0772 0.0867 0.9932
vn 0.0772 0.0867 -0.9932
vn 0.6629 0.7441 -0.0827
vn 0.2253 0.2529 0.9409
vn 0.4645 0.3396 -0.8179
vn 0.7866 0.5751 0.2246
vn 0.2993 0.2188 -0.9287
vn 0.8050 0.5885 0.0746
vn 0.1038 0.0759 0.9917
vn 0.1038 0.0759 -0.9917
vn 0.8050 0.5885 -0.0746
vn 0.2993 0.2188 0.9287
vn 0.7866 0.5751 -0.2246
vn 0.4645 0.3396 0.8179
vn 0.7479 0.5468 -0.3763
vn 0.5924 0.4331 0.6794
vn 0.6850 0.5008 -0.5291
vn 0.6850 0.5008 0.5291
vn 0.5924 0.4331 -0.6794
vn 0.7479 0.5468 0.3763
vn 0.5479 0.2698 0.7918
vn 0.8413 0.4143 -0.3473
vn 0.6854 0.3375 0.6452
vn 0.7798 0.3840 -0.4944
vn 0.7798 0.3840 0.4944
vn 0.6854 0.3375 -0.6452
vn 0.8413 0.4143 0.3473
vn 0.5479 0.2698 -0.7918
vn 0.8779 0.4323 0.2057
vn 0.3598 0.1771 -0.9161
vn 0.8951 0.4407 0.0681
vn 0.1262 0.0622 0.9901
vn 0.1262 0.0622 -0.9901
vn 0.8951 0.4407 -0.0681
vn 0.3597 0.1771 0.9161
vn 0.8779 0.4323 -0.2057
vn 0.9345 0.2997 0.1919
vn 0.4054 0.1300 -0.9048
vn 0.9503 0.3048 0.0634
vn 0.1438 0.0461 0.9885
vn 0.1438 0.0461 -0.9885
vn 0.9503 0.3048 -0.0634
vn 0.4054 0.1300 0.9048
vn 0.9345 0.2997 -0.1919
vn 0.6078 0.1949 0.7698
vn 0.9003 0.2887 -0.3258
vn 0.7488 0.2401 0.6178
vn 0.8417 0.2699 -0.4677
vn 0.8417 0.2699 0.4677
vn 0.7488 0.2401 -0.6178
vn 0.9003 0.2887 0.3258
vn 0.6078 0.1949 -0.7698
vn 0.9348 0.1701 -0.3118
vn 0.7878 0.1434 0.5990
vn 0.8786 0.1599 -0.4499
vn 0.8786 0.1599 0.4499
vn 0.7878 0.1434 -0.5990
vn 0.9348 0.1701 0.3118
vn 0.6460 0.1176 -0.7542
vn 0.9672 0.1760 0.1831
vn 0.4358 0.0793 -0.8965
vn 0.9820 0.1787 0.0604
vn 0.1559 0.0284 0.9874
vn 0.1559 0.0284 -0.9874
vn 0.9820 0.1787 -0.0604
vn 0.4358 0.0793 0.8965
vn 0.9672 0.1760 -0.1831
vn 0.6460 0.1176 0.7542
vn 0.4510 0.0267 -0.8921
vn 0.9965 0.0589 0.0589
vn 0.1620 0.0096 0.9867
vn 0.1620 0.0096 -0.9867
vn 0.9965 0.0589 -0.0589
vn 0.4510 0.0267 0.8921
vn 0.9822 0.0580 -0.1788
vn 0.6647 0.0393 0.7461
vn 0.9507 0.0562 -0.3049
vn 0.8063 0.0477 0.5895
vn 0.8959 0.0529 -0.4411
vn 0.8959 0.0529 0.4411
vn 0.8063 0.0477 -0.5895
vn 0.9507 0.0562 0.3049
vn 0.6647 0.0393 -0.7461
vn 0.9822 0.0580 0.1788
vn 0.8959 -0.0529 -0.4411
vn 0.8959 -0.0529 0.4411
vn 0.8063 -0.0477 -0.5895
vn 0.9507 -0.0562 0.3049
vn 0.6647 -0.0393 -0.7461
vn 0.9822 -0.0580 0.1788
vn 0.4510 -0.0267 -0.8921
vn 0.9965 -0.0589 0.0589
vn 0.1620 -0.0096 0.9867
vn 0.1620 -0.0096 -0.9867
vn 0.9965 -0.0589 -0.0589
vn 0.4510 -0.0267 0.8921
vn 0.9822 -0.0580 -0.1788
vn 0.6647 -0.0393 0.7461
vn 0.9507 -0.0562 -0.3049
vn 0.8063 -0.0477 0.5895
vn 0.1559 -0.0284 0.9874
vn 0.1559 -0.0284 -0.9874
vn 0.9820 -0.1787 -0.0604
vn 0.4358 -0.0793 0.8965
vn 0.9672 -0.1760 -0.1831
vn 0.6460 -0.1176 0.7542
vn 0.9348 -0.1701 -0.3118
vn 0.7878 -0.1434 0.5990
vn 0.8786 -0.1599 -0.4499
vn 0.8786 -0.1599 0.4499
vn 0.7878 -0.1434 -0.5990
vn 0.9348 -0.1701 0.3118
vn 0.6460 -0.1176 -0.7542
vn 0.9672 -0.1760 0.1831
vn 0.4358 -0.0793 -0.8965
vn 0.9820 -0.1787 0.0604
vn 0.8417 -0.2699 0.4677
vn 0.7488 -0.2401 -0.6178
vn 0.9003 -0.2887 0.3258
vn 0.6078 -0.1949 -0.7698
vn 0.9345 -0.2997 0.1919
vn 0.4054 -0.1300 -0.9048
vn 0.9503 -0.3048 0.0634
vn 0.1438 -0.0461 0.9885
vn 0.1438 -0.0461 -0.9885
vn 0.9503 -0.3048 -0.0634
vn 0.4054 -0.1300 0.9048
vn 0.9345 -0.2997 -0.1919
vn 0.6078 -0.1949 0.7698
vn 0.9003 -0.2887 -0.3258
vn 0.7488 -0.2401 0.6178
vn 0.8417 -0.2699 -0.4677
vn 0.8951 -0.4407 -0.0681
vn 0.3597 -0.1771 0.9161
vn 0.8779 -0.4323 -0.2057
vn 0.5479 -0.2698 0.7918
vn 0.8413 -0.4143 -0.3473
vn 0.6854 -0.3375 0.6452
vn 0.7798 -0.3840 -0.4944
vn 0.7798 -0.3840 0.4944
vn 0.6854 -0.3375 -0.6452
vn 0.8413 -0.4143 0.3473
vn 0.5479 -0.2698 -0.7918
vn 0.8779 -0.4323 0.2057
vn 0.3598 -0.1771 -0.9161
vn 0.8951 -0.4407 0.0681
vn 0.1262 -0.0622 0.9901
vn 0.1262 -0.0622 -0.9901
vn 0.5924 -0.4331 -0.6794
vn 0.7479 -0.5468 0.3763
vn 0.4645 -0.3396 -0.8179
vn 0.7866 -0.5751 0.2246
vn 0.2993 -0.2188 -0.9287
vn 0.8050 -0.5885 0.0746
vn 0.1038 -0.0759 0.9917
vn 0.1038 -0.0759 -0.9917
vn 0.8050 -0.5885 -0.0746
vn 0.2993 -0.2188 0.9287
vn 0.7866 -0.5751 -0.2246
vn 0.4645 -0.3396 0.8179
vn 0.7479 -0.5468 -0.3763
vn 0.5924 -0.4331 0.6794
vn 0.6850 -0.5008 -0.5291
vn 0.6850 -0.5008 0.5291
vn 0.2253 -0.2529 0.9409
vn 0.6445 -0.7234 -0.2476
vn 0.3563 -0.4000 0.8444
vn 0.6065 -0.6808 -0.4106
vn 0.4641 -0.5210 0.7164
vn 0.5471 -0.6142 -0.5688
vn 0.5471 -0.6142 0.5688
vn 0.4641 -0.5210 -0.7164
vn 0.6065 -0.6808 0.4106
vn 0.3563 -0.4000 -0.8444
vn 0.6445 -0.7234 0.2476
vn 0.2253 -0.2529 -0.9409
vn 0.6629 -0.7441 0.0827
vn 0.0772 -0.0867 0.9932
vn 0.0772 -0.0867 -0.9932
vn 0.6629 -0.7441 -0.0827
vn 0.4042 -0.7995 0.4444
vn 0.2252 -0.4454 -0.8666
vn 0.4343 -0.8590 0.2710
vn 0.1402 -0.2773 -0.9505
vn 0.4493 -0.8887 0.0910
vn 0.0476 -0.0942 0.9944
vn 0.0476 -0.0942 -0.9944
vn 0.4493 -0.8887 -0.0910
vn 0.1402 -0.2773 0.9505
vn 0.4343 -0.8590 -0.2710
vn 0.2252 -0.4454 0.8666
vn 0.4042 -0.7995 -0.4444
vn 0.2989 -0.5912 0.7491
vn 0.3589 -0.7099 -0.6059
vn 0.3589 -0.7099 0.6059
vn 0.2989 -0.5912 -0.7491
vn 0.1552 -0.9453 -0.2868
vn 0.0771 -0.4700 0.8793
vn 0.1433 -0.8728 -0.4665
vn 0.1036 -0.6310 0.7689
vn 0.1259 -0.7669 -0.6293
vn 0.1259 -0.7669 0.6293
vn 0.1036 -0.6310 -0.7689
vn 0.1433 -0.8728 0.4665
vn 0.0772 -0.4700 -0.8793
vn 0.1552 -0.9453 0.2868
vn 0.0476 -0.2900 -0.9559
vn 0.1612 -0.9822 0.0967
vn 0.0161 -0.0980 0.9951
vn 0.0161 -0.0980 -0.9951
vn 0.1612 -0.9822 -0.0967
vn 0.0476 -0.2900 0.9559
vn -0.0772 -0.4700 -0.8793
vn -0.1552 -0.9453 0.2868
vn -0.0476 -0.2900 -0.9559
vn -0.1612 -0.9822 0.0967
vn -0.0161 -0.0980 0.9951
vn -0.0161 -0.0980 -0.9951
vn -0.1612 -0.9822 -0.0967
vn -0.0476 -0.2900 0.9559
vn -0.1552 -0.9453 -0.2868
vn -0.0772 -0.4700 0.8793
vn -0.1433 -0.8728 -0.4665
vn -0.1036 -0.6310 0.7689
vn -0.1259 -0.7669 -0.6293
vn -0.1259 -0.7669 0.6293
vn -0.1036 -0.6310 -0.7689
vn -0.1433 -0.8728 0.4665
vn -0.4042 -0.7995 -0.4444
vn -0.2989 -0.5912 0.7491
vn -0.3589 -0.7099 -0.6059
vn -0.3589 -0.7099 0.6059
vn -0.2989 -0.5912 -0.7491
vn -0.4042 -0.7995 0.4444
vn -0.2252 -0.4454 -0.8666
vn -0.4343 -0.8590 0.2710
vn -0.1402 -0.2773 -0.9505
vn -0.4493 -0.8887 0.0910
vn -0.0476 -0.0942 0.9944
vn -0.0476 -0.0942 -0.9944
vn -0.4493 -0.8887 -0.0910
vn -0.1402 -0.2773 0.9505
vn -0.4343 -0.8590 -0.2710
vn -0.2252 -0.4454 0.8666
vn -0.2253 -0.2529 -0.9409
vn -0.6629 -0.7441 0.0827
vn -0.0772 -0.0867 0.9932
vn -0.0772 -0.0867 -0.9932
vn -0.6629 -0.7441 -0.0827
vn -0.2253 -0.2529 0.9409
vn -0.6445 -0.7234 -0.2476
vn -0.3563 -0.4000 0.8444
vn -0.6065 -0.6808 -0.4106
vn -0.4641 -0.5210 0.7164
vn -0.5471 -0.6142 -0.5688
vn -0.5471 -0.6142 0.5688
vn -0.4641 -0.5210 -0.7164
vn -0.6065 -0.6808 0.4106
vn -0.3563 -0.4000 -0.8444
vn -0.6445 -0.7234 0.2476
vn -0.5924 -0.4331 0.6794
vn -0.6850 -0.5008 -0.5291
vn -0.6850 -0.5008 0.5291
vn -0.5924 -0.4331 -0.6794
vn -0.7479 -0.5468 0.3763
vn -0.4645 -0.3396 -0.8179
vn -0.7866 -0.5751 0.2246
vn -0.2993 -0.2188 -0.9287
vn -0.8050 -0.5885 0.0746
vn -0.1038 -0.0759 0.9917
vn -0.1038 -0.0759 -0.9917
vn -0.8050 -0.5885 -0.0746
vn -0.2993 -0.2188 0.9287
vn -0.7866 -0.5751 -0.2246
vn -0.4645 -0.3396 0.8179
vn -0.7479 -0.5468 -0.3763
vn -0.8951 -0.4407 0.0681
vn -0.1262 -0.0622 0.9901
vn -0.1262 -0.0622 -0.9901
vn -0.8951 -0.4407 -0.0681
vn -0.3598 -0.1771 0.9161
vn -0.8779 -0.4323 -0.2057
vn -0.5479 -0.2698 0.7918
vn -0.8413 -0.4142 -0.3473
vn -0.6854 -0.3375 0.6452
vn -0.7798 -0.3840 -0.4944
vn -0.7798 -0.3840 0.4944
vn -0.6854 -0.3375 -0.6452
vn -0.8413 -0.4143 0.3473
vn -0.5479 -0.2698 -0.7918
vn -0.8779 -0.4323 0.2057
vn -0.3597 -0.1771 -0.9161
vn -0.8417 -0.2699 -0.4677
vn -0.8417 -0.2699 0.4677
vn -0.7488 -0.2401 -0.6178
vn -0.9003 -0.2887 0.3258
vn -0.6078 -0.1949 -0.7698
vn -0.9345 -0.2997 0.1919
vn -0.4054 -0.1300 -0.9048
vn -0.9503 -0.3048 0.0634
vn -0.1438 -0.0461 0.9885
vn -0.1438 -0.0461 -0.9885
vn -0.9503 -0.3048 -0.0634
vn -0.4054 -0.1300 0.9048
vn -0.9345 -0.2997 -0.1919
vn -0.6078 -0.1949 0.7698
vn -0.9003 -0.2887 -0.3258
vn -0.7488 -0.2401 0.6178
vn -0.1559 -0.0284 0.9874
vn -0.1559 -0.0284 -0.9874
vn -0.9820 -0.1787 -0.0604
vn -0.4358 -0.0793 0.8965
vn -0.9672 -0.1760 -0.1831
vn -0.6460 -0.1176 0.7542
vn -0.9348 -0.1701 -0.3118
vn -0.7878 -0.1434 0.5990
vn -0.8786 -0.1599 -0.4499
vn -0.8786 -0.1599 0.4499
vn -0.7878 -0.1434 -0.5990
vn -0.9348 -0.1701 0.3118
vn -0.6460 -0.1176 -0.7542
vn -0.9672 -0.1760 0.1831
vn -0.4358 -0.0793 -0.8965
vn -0.9820 -0.1787 0.0604
vn -0.8959 -0.0529 0.4411
vn -0.8063 -0.0477 -0.5895
vn -0.9507 -0.0562 0.3049
vn -0.6647 -0.0393 -0.7461
vn -0.9822 -0.0580 0.1788
vn -0.4510 -0.0267 -0.8921
vn -0.9965 -0.0589 0.0589
vn -0.1620 -0.0096 0.9867
vn -0.1620 -0.0096 -0.9867
vn -0.9965 -0.0589 -0.0589
vn -0.4510 -0.0267 0.8921
vn -0.9822 -0.0580 -0.1788
vn -0.6647 -0.0393 0.7461
vn -0.9507 -0.0562 -0.3049
vn -0.8063 -0.0477 0.5895
vn -0.8959 -0.0529 -0.4411
vn -0.9965 0.0589 -0.0589
vn -0.4510 0.0267 0.8921
vn -0.9822 0.0580 -0.1788
vn -0.6647 0.0393 0.7461
vn -0.9507 0.0562 -0.3049
vn -0.8063 0.0477 0.5895
vn -0.8959 0.0529 -0.4411
vn -0.8959 0.0529 0.4411
vn -0.8063 0.0477 -0.5895
vn -0.9507 0.0562 0.3049
vn -0.6647 0.0393 -0.7461
vn -0.9822 0.0580 0.1788
vn -0.4510 0.0267 -0.8921
vn -0.9965 0.0589 0.0589
vn -0.1620 0.0096 0.9867
vn -0.1620 0.0096 -0.9867
vn -0.7878 0.1434 -0.5990
vn -0.9348 0.1701 0.3118
vn -0.6460 0.1176 -0.7542
vn -0.9672 0.1760 0.1831
vn -0.4358 0.0793 -0.8965
vn -0.9820 0.1787 0.0604
vn -0.1559 0.0284 0.9874
vn -0.1559 0.0284 -0.9874
vn -0.9820 0.1787 -0.0604
vn -0.4358 0.0793 0.8965
vn -0.9672 0.1760 -0.1831
vn -0.6460 0.1176 0.7542
vn -0.9348 0.1701 -0.3118
vn -0.7878 0.1434 0.5990
vn -0.8786 0.1599 -0.4499
vn -0.8786 0.1599 0.4499
vn -0.9345 0.2997 -0.1919
vn -0.6078 0.1949 0.7698
vn -0.9003 0.2887 -0.3258
vn -0.7488 0.2401 0.6178
vn -0.8417 0.2699 -0.4677
vn -0.8417 0.2699 0.4677
vn -0.7488 0.2401 -0.6178
vn -0.9003 0.2887 0.3258
vn -0.6078 0.1949 -0.7698
vn -0.9345 0.2997 0.1919
vn -0.4054 0.1300 -0.9048
vn -0.9503 0.3048 0.0634
vn -0.1438 0.0461 0.9885
vn -0.1438 0.0461 -0.9885
vn -0.9503 0.3048 -0.0634
vn -0.4054 0.1300 0.9048
vn -0.5479 0.2698 -0.7918
vn -0.8779 0.4323 0.2057
vn -0.3598 0.1771 -0.9161
vn -0.8951 0.4407 0.0681
vn -0.1262 0.0622 0.9901
vn -0.1262 0.0622 -0.9901
vn -0.8951 0.4407 -0.0681
vn -0.3597 0.1771 0.9161
vn -0.8779 0.4323 -0.2057
vn -0.5479 0.2698 0.7918
vn -0.8413 0.4143 -0.3473
vn -0.6854 0.3375 0.6452
vn -0.7798 0.3840 -0.4944
vn -0.7798 0.3840 0.4944
vn -0.6854 0.3375 -0.6452
vn -0.8413 0.4143 0.3473
vn -0.4645 0.3396 0.8179
vn -0.7479 0.5468 -0.3763
vn -0.5924 0.4331 0.6794
vn -0.6850 0.5008 -0.5291
vn -0.6850 0.5008 0.5291
vn -0.5924 0.4331 -0.6794
vn -0.7479 0.5468 0.3763
vn -0.4645 0.3396 -0.8179
vn -0.7866 0.5751 0.2246
vn -0.2993 0.2188 -0.9287
vn -0.8050 0.5885 0.0746
vn -0.1038 0.0759 0.9917
vn -0.1038 0.0759 -0.9917
vn -0.8050 0.5885 -0.0746
vn -0.2993 0.2188 0.9287
vn -0.7866 0.5751 -0.2246
vn -0.6445 0.7234 0.2476
vn -0.2253 0.2529 -0.9409
vn -0.6629 0.7441 0.0827
vn -0.0772 0.0867 0.9932
vn -0.0772 0.0867 -0.9932
vn -0.6629 0.7441 -0.0827
vn -0.2253 0.2529 0.9409
vn -0.6445 0.7234 -0.2476
vn -0.3563 0.4000 0.8444
vn -0.6065 0.6808 -0.4106
vn -0.4641 0.5210 0.7164
vn -0.5471 0.6142 -0.5688
vn -0.5471 0.6142 0.5688
vn -0.4641 0.5210 -0.7164
vn -0.6065 0.6808 0.4106
vn -0.3563 0.4000 -0.8444
vn -0.4042 0.7995 -0.4444
vn -0.2989 0.5912 0.7491
vn -0.3589 0.7099 -0.6059
vn -0.3589 0.7099 0.6059
vn -0.2989 0.5912 -0.7491
vn -0.4042 0.7995 0.4444
vn -0.2252 0.4454 -0.8666
vn -0.4343 0.8590 0.2710
vn -0.1402 0.2773 -0.9505
vn -0.4493 0.8887 0.0910
vn -0.0476 0.0942 0.9944
vn -0.0476 0.0942 -0.9944
vn -0.4493 0.8887 -0.0910
vn -0.1402 0.2773 0.9505
vn -0.4343 0.8590 -0.2710
vn -0.2252 0.4454 0.8666
vn -0.0476 0.2900 -0.9559
vn -0.1612 0.9822 0.0967
vn -0.0161 0.0980 0.9951
vn -0.0161 0.0980 -0.9951
vn -0.1612 0.9822 -0.0967
vn -0.0476 0.2900 0.9559
vn -0.1552 0.9453 -0.2868
vn -0.0772 0.4700 0.8793
vn -0.1433 0.8728 -0.4665
vn -0.1036 0.6310 0.7689
vn -0.1259 0.7669 -0.6293
vn -0.1259 0.7669 0.6293
vn -0.1036 0.6310 -0.7689
vn -0.1433 0.8728 0.4665
vn -0.0772 0.4700 -0.8793
vn -0.1552 0.9453 0.2868
vn 0.0772 0.4700 -0.8793
vn 0.0772 0.4700 0.8793
vn 0.3598 0.1771 0.9161
vn 0.6855 0.3375 -0.6452
vn 0.8413 0.4142 0.3473
vn 0.1262 0.0622 -0.9900
vn 0.6461 0.1176 -0.7542
vn 0.6461 -0.1176 -0.7542
vn 0.3598 -0.1771 0.9161
vn 0.6855 -0.3375 -0.6452
vn 0.8413 -0.4142 0.3473
vn 0.0772 -0.4700 0.8793
vn -0.3598 -0.1771 -0.9161
vn -0.1263 -0.0622 -0.9900
vn -0.8413 -0.4143 -0.3473
vn -0.6855 -0.3375 -0.6452
vn -0.8413 -0.4142 0.3473
vn -0.4054 -0.1300 -0.9049
vn -0.1558 0.0284 0.9874
vn -0.6855 0.3375 -0.6452
vn -0.3597 0.1771 -0.9161
vn -0.1262 0.0622 -0.9900
vn -0.3598 0.1771 0.9161
vn -0.6855 0.3375 0.6452
vn 0.1552 0.9454 0.2868
vn 0.0475 0.2900 -0.9559
vn 0.0477 0.0942 0.9944
vn 0.0773 0.0867 -0.9932
vn 0.1262 0.0622 0.9900
vn 0.8413 0.4142 -0.3473
vn 0.3597 0.1771 -0.9161
vn 0.4359 0.0793 0.8965
vn 0.3597 -0.1771 -0.9161
vn 0.1263 -0.0622 0.9900
vn 0.1262 -0.0622 -0.9900
vn 0.8413 -0.4142 -0.3473
vn 0.0773 -0.0867 0.9932
vn 0.0773 -0.0867 -0.9932
vn 0.0771 -0.4700 -0.8793
vn -0.0771 -0.4700 -0.8793
vn -0.0773 -0.0867 0.9932
vn -0.0773 -0.0867 -0.9932
vn -0.1262 -0.0622 -0.9900
vn -0.1263 0.0622 0.9900
vn -0.8413 0.4142 -0.3473
vn -0.5471 0.6142 0.5687
vn -0.0773 0.0867 0.9932
vn -0.0771 0.4700 -0.8793
vn -0.0771 0.4700 0.8793
vn 0.0160 0.0980 0.9951
vn 0.1402 0.2772 -0.9505
vn 0.5471 0.6142 -0.5687
vn 0.8413 0.4143 -0.3474
vn 0.6855 0.3375 0.6452
vn 0.4054 0.1300 0.9049
vn 0.6077 0.1949 0.7698
vn 0.1558 0.0284 -0.9874
vn 0.1558 -0.0284 -0.9874
vn 0.6077 -0.1949 0.7698
vn 0.4054 -0.1300 -0.9049
vn 0.6855 -0.3375 0.6452
vn 0.5471 -0.6141 -0.5688
vn 0.5471 -0.6142 0.5687
vn 0.0160 -0.0980 0.9951
vn -0.0771 -0.4700 0.8793
vn -0.1259 -0.7669 0.6294
vn -0.0160 -0.0980 0.9951
vn -0.3597 -0.1771 0.9161
vn -0.8413 -0.4143 -0.3474
vn -0.6855 -0.3375 0.6452
vn -0.6077 -0.1949 0.7698
vn -0.1558 -0.0284 -0.9874
vn -0.1558 0.0284 -0.9874
vn -0.4054 0.1300 -0.9049
vn -0.8413 0.4143 -0.3474
vn -0.8413 0.4142 0.3473
vn -0.5471 0.6141 -0.5688
vn -0.0160 0.0980 0.9951
vn 0.0476 0.2899 -0.9559
vn 0.0160 0.0980 -0.9951
vn 0.0475 0.0942 0.9944
vn 0.0477 0.0942 -0.9944
vn 0.5471 0.6142 0.5687
vn 0.0773 0.0867 0.9932
vn 0.4644 0.3396 -0.8179
vn 0.1037 0.0759 -0.9917
vn 0.6077 0.1949 -0.7698
vn 0.1558 0.0284 0.9874
vn 0.6461 0.1176 0.7542
vn 0.1558 -0.0284 0.9874
vn 0.6461 -0.1176 0.7542
vn 0.1037 -0.0759 -0.9917
vn 0.5471 -0.6142 -0.5687
vn 0.5471 -0.6141 0.5687
vn 0.6065 -0.6808 -0.4107
vn 0.0477 -0.0942 -0.9944
vn 0.1401 -0.2773 0.9505
vn 0.0475 -0.0942 0.9944
vn 0.1036 -0.6310 -0.7688
vn 0.0160 -0.0980 -0.9951
vn -0.1036 -0.6310 -0.7688
vn -0.0160 -0.0980 -0.9951
vn -0.0475 -0.0942 0.9944
vn -0.0477 -0.0942 -0.9944
vn -0.5471 -0.6142 0.5687
vn -0.4644 -0.3396 -0.8179
vn -0.1037 -0.0759 -0.9917
vn -0.6077 -0.1949 -0.7698
vn -0.6461 -0.1176 0.7542
vn -0.1620 0.0096 -0.9868
vn -0.6461 0.1176 0.7542
vn -0.6077 0.1949 -0.7698
vn -0.1037 0.0759 -0.9917
vn -0.5471 0.6141 0.5687
vn -0.1402 0.2772 -0.9505
vn -0.0475 0.0942 0.9944
vn -0.0477 0.0942 -0.9944
vn -0.1036 0.6310 -0.7688
vn -0.0160 0.0980 -0.9951
vn 0.5471 0.6141 -0.5687
vn 0.5471 0.6141 0.5688
vn 0.1263 0.0622 0.9900
vn 0.1620 0.0096 -0.9868
vn 0.8413 -0.4142 -0.3474
vn 0.8950 -0.4407 0.0681
vn 0.4641 -0.5210 0.7163
vn 0.1036 -0.6310 0.7688
vn 0.1259 -0.7669 -0.6294
vn 0.1259 -0.7669 0.6294
vn 0.1552 -0.9454 0.2868
vn -0.1552 -0.9454 0.2868
vn -0.3589 -0.7100 -0.6059
vn -0.5471 -0.6141 -0.5687
vn -0.8413 -0.4143 0.3474
vn -0.1263 -0.0622 0.9900
vn -0.6461 -0.1176 -0.7542
vn -0.6461 0.1176 -0.7542
vn -0.6077 0.1949 0.7698
vn 0.1612 0.9822 0.0968
vn 0.1259 0.7669 -0.6294
vn 0.1036 0.6310 -0.7688
vn 0.1401 0.2773 -0.9505
vn 0.3589 0.7100 -0.6059
vn 0.5471 0.6141 -0.5688
vn 0.1037 0.0759 0.9917
vn 0.8413 0.4142 0.3474
vn 0.1263 0.0622 -0.9900
vn 0.8780 0.4323 -0.2057
vn 0.8064 0.0477 -0.5895
vn 0.4511 0.0267 -0.8921
vn 0.6646 -0.0393 -0.7461
vn 0.1619 -0.0096 -0.9868
vn 0.9820 -0.1787 -0.0603
vn 0.4359 -0.0793 -0.8965
vn 0.7488 -0.2401 -0.6177
vn 0.6077 -0.1949 -0.7698
vn 0.8413 -0.4142 0.3474
vn 0.1263 -0.0622 -0.9900
vn 0.4644 -0.3396 -0.8179
vn 0.1037 -0.0759 0.9917
vn 0.8050 -0.5886 -0.0746
vn 0.4641 -0.5210 -0.7163
vn 0.1401 -0.2773 -0.9505
vn 0.0477 -0.0942 0.9944
vn 0.3590 -0.7099 -0.6059
vn -0.1259 -0.7669 -0.6294
vn -0.3590 -0.7099 -0.6059
vn -0.1401 -0.2773 -0.9505
vn -0.0477 -0.0942 0.9944
vn -0.5471 -0.6142 -0.5687
vn -0.5471 -0.6141 0.5688
vn -0.4641 -0.5210 -0.7163
vn -0.5923 -0.4331 0.6794
vn -0.1037 -0.0759 0.9917
vn -0.1262 -0.0622 0.9900
vn -0.6077 -0.1949 -0.7699
vn -0.4359 -0.0793 -0.8965
vn -0.9820 -0.1787 0.0603
vn -0.1558 -0.0284 0.9874
vn -0.4511 -0.0267 -0.8921
vn -0.1620 -0.0096 -0.9868
vn -0.4511 0.0267 -0.8921
vn -0.1619 0.0096 -0.9868
vn -0.4359 0.0793 -0.8965
vn -0.9820 0.1787 -0.0603
vn -0.7488 0.2401 -0.6177
vn -0.8413 0.4142 0.3474
vn -0.5923 0.4331 0.6794
vn -0.4644 0.3396 -0.8179
vn -0.1037 0.0759 0.9917
vn -0.8050 0.5886 -0.0746
vn -0.6065 0.6808 -0.4107
vn -0.5471 0.6142 -0.5687
vn -0.4641 0.5210 -0.7163
vn -0.1401 0.2773 -0.9505
vn -0.0477 0.0942 0.9944
vn -1.0000 -0.0000 -0.0000
vn -0.0000 1.0000 -0.0000
vn 1.0000 -0.0000 -0.0000
vn -0.0000 -1.0000 -0.0000
vn -0.0000 -0.0000 -1.0000
vn -0.0000 -0.0000 1.0000
vn 0.3272 0.9450 -0.0000
vn 0.2807 0.9598 -0.0000
vn 0.1416 0.9899 -0.0000
vn -0.0053 1.0000 -0.0000
vn -0.0731 0.9973 -0.0000
vn -0.0488 0.9988 -0.0000
vn 0.0535 0.9986 -0.0000
vn 0.2284 0.9736 -0.0000
vn 0.4762 0.8794 -0.0000
vn 0.7632 0.6461 -0.0000
vn 0.9659 0.2590 -0.0000
vn 0.9912 -0.1322 -0.0000
vn 0.9172 -0.3984 -0.0000
vn 0.8414 -0.5404 -0.0000
vn 0.8121 -0.5835 -0.0000
vn 0.8545 -0.5195 -0.0000
vn 0.9491 -0.3149 -0.0000
vn 0.9988 -0.0487 -0.0000
vn 0.9969 0.0793 -0.0000
vn 0.9999 0.0162 -0.0000
vn 0.9785 -0.2062 -0.0000
vn 0.8592 -0.5116 -0.0000
vn 0.6409 -0.7676 -0.0000
vn 0.4156 -0.9095 -0.0000
vn 0.2526 -0.9676 -0.0000
vn 0.1790 -0.9838 -0.0000
vn 0.2186 -0.9758 -0.0000
vn 0.3814 -0.9244 -0.0000
vn 0.5786 -0.8156 -0.0000
vn 0.6829 -0.7305 -0.0000
vn 0.6850 -0.7286 -0.0000
vn 0.6112 -0.7915 -0.0000
vn 0.4711 -0.8821 -0.0000
vn 0.2651 -0.9642 -0.0000
vn -0.0020 -1.0000 -0.0000
vn -0.3051 -0.9523 -0.0000
vn -0.5884 -0.8086 -0.0000
vn -0.7936 -0.6085 -0.0000
vn -0.9052 -0.4250 -0.0000
vn -0.9472 -0.3206 -0.0000
vn -0.9417 -0.3366 -0.0000
vn -0.8793 -0.4762 -0.0000
vn -0.7626 -0.6469 -0.0000
vn -0.6762 -0.7367 -0.0000
vn -0.6828 -0.7306 -0.0000
vn -0.7790 -0.6271 -0.0000
vn -0.9223 -0.3865 -0.0000
vn -0.9999 0.0119 -0.0000
vn -0.9047 0.4261 -0.0000
vn -0.7205 0.6934 -0.0000
vn -0.5641 0.8257 -0.0000
vn -0.4775 0.8786 -0.0000
vn -0.4849 0.8746 -0.0000
vn -0.6160 0.7877 -0.0000
vn -0.8220 0.5695 -0.0000
vn -0.9391 0.3438 -0.0000
vn -0.9595 0.2818 -0.0000
vn -0.9276 0.3736 -0.0000
vn -0.8286 0.5599 -0.0000
vn -0.6385 0.7697 -0.0000
vn -0.3760 0.9266 -0.0000
vn -0.1040 0.9946 -0.0000
vn 0.1205 0.9927 -0.0000
vn 0.2691 0.9631 -0.0000
vn 0.1401 0.2773 0.9505
vn 0.4359 0.0793 -0.8965
vn 0.0477 0.2900 0.9559
vn 0.1402 0.2772 0.9505
vn 0.8050 0.5886 -0.0746
vn 0.4359 -0.0793 0.8965
vn 0.8050 -0.5886 0.0746
vn 0.5471 -0.6141 0.5688
vn -0.0477 -0.2900 0.9559
vn -0.4359 0.0793 0.8965
vn -0.8413 0.4143 0.3474
vn -0.5471 0.6141 0.5688
vn -0.1401 0.2773 0.9505
vn 0.0475 0.2900 0.9559
vn 0.4644 0.3396 0.8179
vn 0.8413 0.4143 0.3474
vn 0.8413 -0.4143 0.3474
vn 0.6065 -0.6808 0.4107
vn 0.2254 -0.2529 0.9409
vn 0.3589 -0.7100 0.6059
vn 0.1035 -0.6310 -0.7689
vn 0.0475 -0.2900 0.9559
vn -0.0475 -0.2900 0.9559
vn -0.1036 -0.6310 0.7688
vn -0.4644 -0.3396 0.8179
vn -0.1402 0.2772 0.9505
vn -0.1036 0.6310 0.7688
vn -0.0476 0.2899 0.9559
vn 0.4641 0.5210 -0.7163
vn 0.3589 -0.7100 -0.6059
vn 0.1552 -0.9454 -0.2868
vn -0.1552 -0.9454 -0.2868
vn -0.3589 -0.7100 0.6059
vn -0.3589 0.7100 -0.6059
vn 0.1612 0.9822 -0.0968
vn 0.1552 0.9454 -0.2868
vn 0.1036 0.6310 0.7688
vn 0.1259 0.7669 0.6294
vn 0.2252 0.4454 0.8665
vn 0.3589 0.7100 0.6059
vn 0.2994 0.2188 0.9287
vn 0.8413 0.4142 -0.3474
vn 0.8780 0.4323 0.2057
vn 0.8064 0.0477 0.5895
vn 0.8959 -0.0529 -0.4412
vn 0.8064 -0.0477 -0.5895
vn 0.6646 -0.0393 0.7461
vn 0.9820 -0.1787 0.0603
vn 0.4054 -0.1300 0.9049
vn 0.7488 -0.2401 0.6177
vn 0.8780 -0.4323 0.2057
vn 0.2994 -0.2188 0.9287
vn 0.2254 -0.2529 -0.9409
vn 0.1402 -0.2772 0.9505
vn 0.0476 -0.2899 0.9559
vn -0.0476 -0.2899 0.9559
vn -0.1433 -0.8728 -0.4666
vn -0.4641 -0.5210 0.7163
vn -0.5471 -0.6141 -0.5688
vn -0.5923 -0.4331 -0.6794
vn -0.2994 -0.2188 0.9287
vn -0.8413 -0.4142 -0.3474
vn -0.4054 -0.1300 0.9049
vn -0.9820 -0.1787 -0.0603
vn -0.4359 -0.0793 0.8965
vn -0.8064 -0.0476 -0.5895
vn -0.8064 -0.0477 0.5895
vn -0.8064 0.0477 0.5895
vn -0.9820 0.1787 0.0603
vn -0.4055 0.1300 -0.9048
vn -0.4054 0.1300 0.9049
vn -0.8413 0.4142 -0.3474
vn -0.5923 0.4331 -0.6794
vn -0.2994 0.2188 0.9287
vn -0.2254 0.2529 -0.9409
vn -0.4641 0.5210 0.7163
vn -0.6065 0.6808 0.4107
vn 0.1415 0.9899 -0.0000
vn 0.4761 0.8794 -0.0000
vn 0.7633 0.6461 -0.0000
vn 0.8414 -0.5405 -0.0000
vn 0.8593 -0.5115 -0.0000
vn 0.5785 -0.8157 -0.0000
vn -0.9417 -0.3365 -0.0000
vn -0.7205 0.6935 -0.0000
vn -0.4848 0.8746 -0.0000
vn -0.9390 0.3438 -0.0000
vn -0.6384 0.7697 -0.0000
vn -0.0001 -0.0000 1.0000
vn 0.0008 -0.0000 1.0000
vn -0.0002 -0.0000 1.0000
vn -0.0002 -0.0000 -1.0000
vn -0.0001 -0.0000 -1.0000
vn 0.0001 -0.0000 -1.0000
s 0
usemtl grease
f 4//1 18//1 5//1
f 482//2 25//2 26//2
f 5//3 19//3 6//3
f 477//4 1//4 12//4
f 11//5 482//5 26//5
f 7//6 19//6 20//6
f 477//7 13//7 478//7
f 8//8 20//8 21//8
f 478//9 14//9 2//9
f 9//10 21//10 22//10
f 2//11 15//11 3//11
f 480//12 22//12 23//12
f 3//13 16//13 479//13
f 10//14 23//14 24//14
f 479//15 17//15 4//15
f 481//16 24//16 25//16
f 16//17 32//17 17//17
f 25//18 39//18 40//18
f 17//19 33//19 18//19
f 26//20 40//20 41//20
f 18//21 34//21 19//21
f 12//22 1//22 27//22
f 11//23 26//23 41//23
f 20//24 34//24 35//24
f 12//25 28//25 13//25
f 21//26 35//26 36//26
f 13//27 29//27 14//27
f 22//28 36//28 37//28
f 14//29 30//29 15//29
f 23//30 37//30 38//30
f 15//31 31//31 16//31
f 24//32 38//32 39//32
f 36//33 50//33 51//33
f 28//34 44//34 29//34
f 37//35 51//35 52//35
f 29//36 45//36 30//36
f 38//37 52//37 53//37
f 30//38 46//38 31//38
f 39//39 53//39 54//39
f 31//40 47//40 32//40
f 40//41 54//41 55//41
f 32//42 48//42 33//42
f 41//43 55//43 56//43
f 33//44 49//44 34//44
f 27//45 1//45 42//45
f 11//46 41//46 56//46
f 35//47 49//47 50//47
f 27//48 43//48 28//48
f 55//49 69//49 70//49
f 47//50 63//50 48//50
f 56//51 70//51 71//51
f 48//52 64//52 49//52
f 42//53 1//53 57//53
f 11//54 56//54 71//54
f 50//55 64//55 65//55
f 42//56 58//56 43//56
f 51//57 65//57 66//57
f 43//58 59//58 44//58
f 52//59 66//59 67//59
f 44//60 60//60 45//60
f 53//61 67//61 68//61
f 45//62 61//62 46//62
f 54//63 68//63 69//63
f 46//64 62//64 47//64
f 58//65 74//65 59//65
f 67//66 81//66 82//66
f 59//67 75//67 60//67
f 68//68 82//68 83//68
f 60//69 76//69 61//69
f 69//70 83//70 84//70
f 61//71 77//71 62//71
f 70//72 84//72 85//72
f 62//73 78//73 63//73
f 71//74 85//74 86//74
f 63//75 79//75 64//75
f 57//76 1//76 72//76
f 11//77 71//77 86//77
f 65//78 79//78 80//78
f 57//79 73//79 58//79
f 66//80 80//80 81//80
f 77//81 93//81 78//81
f 86//82 100//82 101//82
f 78//83 94//83 79//83
f 72//84 1//84 87//84
f 11//85 86//85 101//85
f 80//86 94//86 95//86
f 72//87 88//87 73//87
f 81//88 95//88 96//88
f 73//89 89//89 74//89
f 82//90 96//90 97//90
f 74//91 90//91 75//91
f 83//92 97//92 98//92
f 75//93 91//93 76//93
f 84//94 98//94 99//94
f 76//95 92//95 77//95
f 85//96 99//96 100//96
f 97//97 111//97 112//97
f 89//98 105//98 90//98
f 98//99 112//99 113//99
f 90//100 106//100 91//100
f 99//101 113//101 114//101
f 91//102 107//102 92//102
f 100//103 114//103 115//103
f 92//104 108//104 93//104
f 101//105 115//105 116//105
f 93//106 109//106 94//106
f 87//107 1//107 102//107
f 11//108 101//108 116//108
f 95//109 109//109 110//109
f 87//110 103//110 88//110
f 96//111 110//111 111//111
f 88//112 104//112 89//112
f 116//113 130//113 131//113
f 108//114 124//114 109//114
f 102//115 1//115 117//115
f 11//116 116//116 131//116
f 110//117 124//117 125//117
f 102//118 118//118 103//118
f 111//119 125//119 126//119
f 103//120 119//120 104//120
f 112//121 126//121 127//121
f 104//122 120//122 105//122
f 113//123 127//123 128//123
f 105//124 121//124 106//124
f 114//125 128//125 129//125
f 106//126 122//126 107//126
f 115//127 129//127 130//127
f 107//128 123//128 108//128
f 127//129 143//129 128//129
f 121//130 135//130 136//130
f 128//131 144//131 129//131
f 122//132 136//132 137//132
f 129//133 145//133 130//133
f 123//134 137//134 138//134
f 130//135 146//135 131//135
f 124//136 138//136 139//136
f 117//137 1//137 132//137
f 11//138 131//138 146//138
f 124//139 140//139 125//139
f 118//140 132//140 133//140
f 125//141 141//141 126//141
f 119//142 133//142 134//142
f 126//143 142//143 127//143
f 120//144 134//144 135//144
f 132//145 1//145 147//145
f 11//146 146//146 161//146
f 139//147 155//147 140//147
f 133//148 147//148 148//148
f 140//149 156//149 141//149
f 134//150 148//150 149//150
f 141//151 157//151 142//151
f 135//152 149//152 150//152
f 142//153 158//153 143//153
f 136//154 150//154 151//154
f 143//155 159//155 144//155
f 137//156 151//156 152//156
f 144//157 160//157 145//157
f 138//158 152//158 153//158
f 145//159 161//159 146//159
f 139//160 153//160 154//160
f 151//161 165//161 166//161
f 158//162 174//162 159//162
f 152//163 166//163 167//163
f 159//164 175//164 160//164
f 153//165 167//165 168//165
f 160//166 176//166 161//166
f 154//167 168//167 169//167
f 147//168 1//168 162//168
f 11//169 161//169 176//169
f 154//170 170//170 155//170
f 148//171 162//171 163//171
f 155//172 171//172 156//172
f 149//173 163//173 164//173
f 156//174 172//174 157//174
f 150//175 164//175 165//175
f 157//176 173//176 158//176
f 169//177 185//177 170//177
f 163//178 177//178 178//178
f 170//179 186//179 171//179
f 164//180 178//180 179//180
f 171//181 187//181 172//181
f 165//182 179//182 180//182
f 172//183 188//183 173//183
f 166//184 180//184 181//184
f 173//185 189//185 174//185
f 167//186 181//186 182//186
f 174//187 190//187 175//187
f 168//188 182//188 183//188
f 175//189 191//189 176//189
f 169//190 183//190 184//190
f 162//191 1//191 177//191
f 11//192 176//192 191//192
f 188//193 204//193 189//193
f 182//194 196//194 197//194
f 189//195 205//195 190//195
f 183//196 197//196 198//196
f 190//197 206//197 191//197
f 184//198 198//198 199//198
f 177//199 1//199 192//199
f 11//200 191//200 206//200
f 184//201 200//201 185//201
f 178//202 192//202 193//202
f 185//203 201//203 186//203
f 179//204 193//204 194//204
f 186//205 202//205 187//205
f 180//206 194//206 195//206
f 187//207 203//207 188//207
f 181//208 195//208 196//208
f 193//209 207//209 208//209
f 200//210 216//210 201//210
f 194//211 208//211 209//211
f 201//212 217//212 202//212
f 195//213 209//213 210//213
f 202//214 218//214 203//214
f 196//215 210//215 211//215
f 203//216 219//216 204//216
f 197//217 211//217 212//217
f 204//218 220//218 205//218
f 198//219 212//219 213//219
f 205//220 221//220 206//220
f 199//221 213//221 214//221
f 192//222 1//222 207//222
f 11//223 206//223 221//223
f 199//224 215//224 200//224
f 212//225 226//225 227//225
f 219//226 235//226 220//226
f 213//227 227//227 228//227
f 220//228 236//228 221//228
f 214//229 228//229 229//229
f 207//230 1//230 222//230
f 11//231 221//231 236//231
f 214//232 230//232 215//232
f 208//233 222//233 223//233
f 215//234 231//234 216//234
f 209//235 223//235 224//235
f 216//236 232//236 217//236
f 210//237 224//237 225//237
f 217//238 233//238 218//238
f 211//239 225//239 226//239
f 218//240 234//240 219//240
f 230//241 246//241 231//241
f 224//242 238//242 239//242
f 231//243 247//243 232//243
f 225//244 239//244 240//244
f 232//245 248//245 233//245
f 226//246 240//246 241//246
f 233//247 249//247 234//247
f 227//248 241//248 242//248
f 234//249 250//249 235//249
f 228//250 242//250 243//250
f 235//251 251//251 236//251
f 229//252 243//252 244//252
f 222//253 1//253 237//253
f 11//254 236//254 251//254
f 229//255 245//255 230//255
f 223//256 237//256 238//256
f 250//257 264//257 265//257
f 242//258 258//258 243//258
f 251//259 265//259 266//259
f 243//260 259//260 244//260
f 237//261 1//261 252//261
f 11//262 251//262 266//262
f 245//263 259//263 260//263
f 237//264 253//264 238//264
f 246//265 260//265 261//265
f 238//266 254//266 239//266
f 247//267 261//267 262//267
f 239//268 255//268 240//268
f 248//269 262//269 263//269
f 240//270 256//270 241//270
f 249//271 263//271 264//271
f 241//272 257//272 242//272
f 262//273 276//273 277//273
f 254//274 270//274 255//274
f 263//275 277//275 278//275
f 255//276 271//276 256//276
f 264//277 278//277 279//277
f 256//278 272//278 257//278
f 265//279 279//279 280//279
f 257//280 273//280 258//280
f 266//281 280//281 281//281
f 258//282 274//282 259//282
f 252//283 1//283 267//283
f 11//284 266//284 281//284
f 260//285 274//285 275//285
f 252//286 268//286 253//286
f 261//287 275//287 276//287
f 253//288 269//288 254//288
f 281//289 295//289 296//289
f 273//290 289//290 274//290
f 267//291 1//291 282//291
f 11//292 281//292 296//292
f 275//293 289//293 290//293
f 267//294 283//294 268//294
f 276//295 290//295 291//295
f 268//296 284//296 269//296
f 277//297 291//297 292//297
f 269//298 285//298 270//298
f 278//299 292//299 293//299
f 270//300 286//300 271//300
f 279//301 293//301 294//301
f 271//302 287//302 272//302
f 280//303 294//303 295//303
f 272//304 288//304 273//304
f 284//305 300//305 285//305
f 293//306 307//306 308//306
f 285//307 301//307 286//307
f 294//308 308//308 309//308
f 286//309 302//309 287//309
f 295//310 309//310 310//310
f 287//311 303//311 288//311
f 296//312 310//312 311//312
f 288//313 304//313 289//313
f 282//314 1//314 297//314
f 11//315 296//315 311//315
f 290//316 304//316 305//316
f 282//317 298//317 283//317
f 291//318 305//318 306//318
f 283//319 299//319 284//319
f 292//320 306//320 307//320
f 303//321 319//321 304//321
f 297//322 1//322 312//322
f 11//323 311//323 326//323
f 305//324 319//324 320//324
f 297//325 313//325 298//325
f 306//326 320//326 321//326
f 298//327 314//327 299//327
f 307//328 321//328 322//328
f 299//329 315//329 300//329
f 308//330 322//330 323//330
f 300//331 316//331 301//331
f 309//332 323//332 324//332
f 301//333 317//333 302//333
f 310//334 324//334 325//334
f 302//335 318//335 303//335
f 311//336 325//336 326//336
f 323//337 337//337 338//337
f 315//338 331//338 316//338
f 324//339 338//339 339//339
f 316//340 332//340 317//340
f 325//341 339//341 340//341
f 317//342 333//342 318//342
f 326//343 340//343 341//343
f 318//344 334//344 319//344
f 312//345 1//345 327//345
f 11//346 326//346 341//346
f 320//347 334//347 335//347
f 312//348 328//348 313//348
f 321//349 335//349 336//349
f 313//350 329//350 314//350
f 322//351 336//351 337//351
f 314//352 330//352 315//352
f 327//353 1//353 342//353
f 11//354 341//354 356//354
f 335//355 349//355 350//355
f 327//356 343//356 328//356
f 336//357 350//357 351//357
f 328//358 344//358 329//358
f 337//359 351//359 352//359
f 329//360 345//360 330//360
f 338//361 352//361 353//361
f 330//362 346//362 331//362
f 339//363 353//363 354//363
f 331//364 347//364 332//364
f 340//365 354//365 355//365
f 332//366 348//366 333//366
f 341//367 355//367 356//367
f 333//368 349//368 334//368
f 345//369 361//369 346//369
f 354//370 368//370 369//370
f 346//371 362//371 347//371
f 355//372 369//372 370//372
f 347//373 363//373 348//373
f 356//374 370//374 371//374
f 348//375 364//375 349//375
f 342//376 1//376 357//376
f 11//377 356//377 371//377
f 350//378 364//378 365//378
f 342//379 358//379 343//379
f 351//380 365//380 366//380
f 343//381 359//381 344//381
f 352//382 366//382 367//382
f 344//383 360//383 345//383
f 353//384 367//384 368//384
f 364//385 380//385 365//385
f 358//386 372//386 373//386
f 365//387 381//387 366//387
f 359//388 373//388 374//388
f 366//389 382//389 367//389
f 360//390 374//390 375//390
f 367//391 383//391 368//391
f 361//392 375//392 376//392
f 368//393 384//393 369//393
f 362//394 376//394 377//394
f 369//395 385//395 370//395
f 363//396 377//396 378//396
f 370//397 386//397 371//397
f 364//398 378//398 379//398
f 357//399 1//399 372//399
f 11//400 371//400 386//400
f 383//401 399//401 384//401
f 377//402 391//402 392//402
f 384//403 400//403 385//403
f 378//404 392//404 393//404
f 385//405 401//405 386//405
f 379//406 393//406 394//406
f 372//407 1//407 387//407
f 11//408 386//408 401//408
f 379//409 395//409 380//409
f 373//410 387//410 388//410
f 380//411 396//411 381//411
f 374//412 388//412 389//412
f 381//413 397//413 382//413
f 375//414 389//414 390//414
f 382//415 398//415 383//415
f 376//416 390//416 391//416
f 395//417 411//417 396//417
f 389//418 403//418 404//418
f 396//419 412//419 397//419
f 390//420 404//420 405//420
f 397//421 413//421 398//421
f 391//422 405//422 406//422
f 398//423 414//423 399//423
f 392//424 406//424 407//424
f 399//425 415//425 400//425
f 393//426 407//426 408//426
f 400//427 416//427 401//427
f 394//428 408//428 409//428
f 387//429 1//429 402//429
f 11//430 401//430 416//430
f 394//431 410//431 395//431
f 388//432 402//432 403//432
f 414//433 430//433 415//433
f 408//434 422//434 423//434
f 415//435 431//435 416//435
f 409//436 423//436 424//436
f 402//437 1//437 417//437
f 11//438 416//438 431//438
f 409//439 425//439 410//439
f 403//440 417//440 418//440
f 410//441 426//441 411//441
f 404//442 418//442 419//442
f 411//443 427//443 412//443
f 405//444 419//444 420//444
f 412//445 428//445 413//445
f 406//446 420//446 421//446
f 413//447 429//447 414//447
f 407//448 421//448 422//448
f 419//449 433//449 434//449
f 426//450 442//450 427//450
f 420//451 434//451 435//451
f 427//452 443//452 428//452
f 421//453 435//453 436//453
f 428//454 444//454 429//454
f 422//455 436//455 437//455
f 429//456 445//456 430//456
f 423//457 437//457 438//457
f 430//458 446//458 431//458
f 424//459 438//459 439//459
f 417//460 1//460 432//460
f 11//461 431//461 446//461
f 424//462 440//462 425//462
f 418//463 432//463 433//463
f 425//464 441//464 426//464
f 438//465 452//465 453//465
f 445//466 461//466 446//466
f 439//467 453//467 454//467
f 432//468 1//468 447//468
f 11//469 446//469 461//469
f 439//470 455//470 440//470
f 433//471 447//471 448//471
f 440//472 456//472 441//472
f 434//473 448//473 449//473
f 441//474 457//474 442//474
f 435//475 449//475 450//475
f 442//476 458//476 443//476
f 436//477 450//477 451//477
f 443//478 459//478 444//478
f 437//479 451//479 452//479
f 444//480 460//480 445//480
f 456//481 472//481 457//481
f 450//482 464//482 465//482
f 457//483 473//483 458//483
f 451//484 465//484 466//484
f 458//485 474//485 459//485
f 452//486 466//486 467//486
f 459//487 475//487 460//487
f 453//488 467//488 468//488
f 460//489 476//489 461//489
f 454//490 468//490 469//490
f 447//491 1//491 462//491
f 11//492 461//492 476//492
f 454//493 470//493 455//493
f 448//494 462//494 463//494
f 455//495 471//495 456//495
f 449//496 463//496 464//496
f 475//497 482//497 476//497
f 469//498 5//498 6//498
f 462//499 1//499 477//499
f 11//500 476//500 482//500
f 469//501 7//501 470//501
f 463//502 477//502 478//502
f 470//503 8//503 471//503
f 464//504 478//504 2//504
f 471//505 9//505 472//505
f 465//506 2//506 3//506
f 472//507 480//507 473//507
f 466//508 3//508 479//508
f 473//509 10//509 474//509
f 467//510 479//510 4//510
f 474//511 481//511 475//511
f 468//512 4//512 5//512
f 958//15 497//15 487//15
f 963//513 504//513 505//513
f 487//1 498//1 959//1
f 964//2 505//2 506//2
f 959//3 499//3 488//3
f 484//4 483//4 492//4
f 491//5 964//5 506//5
f 960//6 499//6 500//6
f 484//7 493//7 957//7
f 489//8 500//8 501//8
f 957//514 494//514 485//514
f 961//10 501//10 502//10
f 485//11 495//11 486//11
f 490//12 502//12 503//12
f 486//13 496//13 958//13
f 962//14 503//14 504//14
f 503//30 517//30 518//30
f 495//31 511//31 496//31
f 504//32 518//32 519//32
f 496//17 512//17 497//17
f 505//18 519//18 520//18
f 497//19 513//19 498//19
f 506//20 520//20 521//20
f 498//21 514//21 499//21
f 492//22 483//22 507//22
f 491//23 506//23 521//23
f 500//24 514//24 515//24
f 492//25 508//25 493//25
f 501//26 515//26 516//26
f 493//27 509//27 494//27
f 502//28 516//28 517//28
f 494//29 510//29 495//29
f 491//46 521//46 536//46
f 515//47 529//47 530//47
f 507//48 523//48 508//48
f 516//33 530//33 531//33
f 508//34 524//34 509//34
f 517//35 531//35 532//35
f 509//36 525//36 510//36
f 518//37 532//37 533//37
f 510//38 526//38 511//38
f 519//39 533//39 534//39
f 511//40 527//40 512//40
f 520//41 534//41 535//41
f 512//42 528//42 513//42
f 521//43 535//43 536//43
f 513//44 529//44 514//44
f 507//45 483//45 522//45
f 534//63 548//63 549//63
f 526//64 542//64 527//64
f 535//49 549//49 550//49
f 527//50 543//50 528//50
f 536//51 550//51 551//51
f 528//52 544//52 529//52
f 522//53 483//53 537//53
f 491//54 536//54 551//54
f 530//55 544//55 545//55
f 522//56 538//56 523//56
f 531//57 545//57 546//57
f 523//58 539//58 524//58
f 532//59 546//59 547//59
f 524//60 540//60 525//60
f 533//61 547//61 548//61
f 525//62 541//62 526//62
f 537//515 553//515 538//515
f 546//80 560//80 561//80
f 538//65 554//65 539//65
f 547//66 561//66 562//66
f 539//67 555//67 540//67
f 548//68 562//68 563//68
f 540//69 556//69 541//69
f 549//516 563//516 564//516
f 541//517 557//517 542//517
f 550//72 564//72 565//72
f 542//73 558//73 543//73
f 551//74 565//74 566//74
f 543//75 559//75 544//75
f 537//76 483//76 552//76
f 491//518 551//518 566//518
f 545//78 559//78 560//78
f 556//95 572//95 557//95
f 565//96 579//96 580//96
f 557//81 573//81 558//81
f 566//82 580//82 581//82
f 558//83 574//83 559//83
f 552//84 483//84 567//84
f 491//85 566//85 581//85
f 560//86 574//86 575//86
f 552//87 568//87 553//87
f 561//88 575//88 576//88
f 553//89 569//89 554//89
f 562//90 576//90 577//90
f 554//91 570//91 555//91
f 563//92 577//92 578//92
f 555//93 571//93 556//93
f 564//94 578//94 579//94
f 576//111 590//111 591//111
f 568//112 584//112 569//112
f 577//97 591//97 592//97
f 569//98 585//98 570//98
f 578//99 592//99 593//99
f 570//100 586//100 571//100
f 579//101 593//101 594//101
f 571//102 587//102 572//102
f 580//519 594//519 595//519
f 572//104 588//104 573//104
f 581//105 595//105 596//105
f 573//106 589//106 574//106
f 567//107 483//107 582//107
f 491//108 581//108 596//108
f 575//109 589//109 590//109
f 567//110 583//110 568//110
f 595//127 609//127 610//127
f 587//128 603//128 588//128
f 596//113 610//113 611//113
f 588//114 604//114 589//114
f 582//115 483//115 597//115
f 491//116 596//116 611//116
f 590//117 604//117 605//117
f 582//118 598//118 583//118
f 591//119 605//119 606//119
f 583//120 599//120 584//120
f 592//121 606//121 607//121
f 584//122 600//122 585//122
f 593//123 607//123 608//123
f 585//124 601//124 586//124
f 594//125 608//125 609//125
f 586//126 602//126 587//126
f 599//142 613//142 614//142
f 606//143 622//143 607//143
f 600//144 614//144 615//144
f 607//129 623//129 608//129
f 601//130 615//130 616//130
f 608//131 624//131 609//131
f 602//132 616//132 617//132
f 609//133 625//133 610//133
f 603//134 617//134 618//134
f 610//135 626//135 611//135
f 604//136 618//136 619//136
f 597//137 483//137 612//137
f 491//138 611//138 626//138
f 604//139 620//139 605//139
f 598//140 612//140 613//140
f 605//141 621//141 606//141
f 618//158 632//158 633//158
f 625//159 641//159 626//159
f 619//160 633//160 634//160
f 612//145 483//145 627//145
f 491//146 626//146 641//146
f 619//147 635//147 620//147
f 613//148 627//148 628//148
f 620//149 636//149 621//149
f 614//150 628//150 629//150
f 621//151 637//151 622//151
f 615//152 629//152 630//152
f 622//153 638//153 623//153
f 616//154 630//154 631//154
f 623//155 639//155 624//155
f 617//156 631//156 632//156
f 624//520 640//520 625//520
f 636//174 652//174 637//174
f 630//175 644//175 645//175
f 637//176 653//176 638//176
f 631//161 645//161 646//161
f 638//162 654//162 639//162
f 632//163 646//163 647//163
f 639//164 655//164 640//164
f 633//165 647//165 648//165
f 640//166 656//166 641//166
f 634//167 648//167 649//167
f 627//168 483//168 642//168
f 491//169 641//169 656//169
f 634//170 650//170 635//170
f 628//171 642//171 643//171
f 635//172 651//172 636//172
f 629//173 643//173 644//173
f 655//189 671//189 656//189
f 649//190 663//190 664//190
f 642//191 483//191 657//191
f 491//192 656//192 671//192
f 649//177 665//177 650//177
f 643//521 657//521 658//521
f 650//179 666//179 651//179
f 644//180 658//180 659//180
f 651//181 667//181 652//181
f 645//182 659//182 660//182
f 652//183 668//183 653//183
f 646//184 660//184 661//184
f 653//522 669//522 654//522
f 647//523 661//523 662//523
f 654//187 670//187 655//187
f 648//188 662//188 663//188
f 667//207 683//207 668//207
f 661//208 675//208 676//208
f 668//193 684//193 669//193
f 662//194 676//194 677//194
f 669//195 685//195 670//195
f 663//196 677//196 678//196
f 670//197 686//197 671//197
f 664//198 678//198 679//198
f 657//199 483//199 672//199
f 491//200 671//200 686//200
f 664//201 680//201 665//201
f 658//202 672//202 673//202
f 665//203 681//203 666//203
f 659//204 673//204 674//204
f 666//205 682//205 667//205
f 660//206 674//206 675//206
f 672//222 483//222 687//222
f 491//223 686//223 701//223
f 679//224 695//224 680//224
f 673//209 687//209 688//209
f 680//210 696//210 681//210
f 674//211 688//211 689//211
f 681//212 697//212 682//212
f 675//213 689//213 690//213
f 682//214 698//214 683//214
f 676//215 690//215 691//215
f 683//216 699//216 684//216
f 677//217 691//217 692//217
f 684//218 700//218 685//218
f 678//219 692//219 693//219
f 685//220 701//220 686//220
f 679//221 693//221 694//221
f 691//239 705//239 706//239
f 698//240 714//240 699//240
f 692//225 706//225 707//225
f 699//226 715//226 700//226
f 693//227 707//227 708//227
f 700//228 716//228 701//228
f 694//229 708//229 709//229
f 687//230 483//230 702//230
f 491//231 701//231 716//231
f 694//232 710//232 695//232
f 688//233 702//233 703//233
f 695//234 711//234 696//234
f 689//235 703//235 704//235
f 696//236 712//236 697//236
f 690//237 704//237 705//237
f 697//238 713//238 698//238
f 709//255 725//255 710//255
f 703//256 717//256 718//256
f 710//241 726//241 711//241
f 704//524 718//524 719//524
f 711//243 727//243 712//243
f 705//244 719//244 720//244
f 712//245 728//245 713//245
f 706//246 720//246 721//246
f 713//247 729//247 714//247
f 707//248 721//248 722//248
f 714//249 730//249 715//249
f 708//250 722//250 723//250
f 715//251 731//251 716//251
f 709//252 723//252 724//252
f 702//253 483//253 717//253
f 491//254 716//254 731//254
f 729//271 743//271 744//271
f 721//272 737//272 722//272
f 730//257 744//257 745//257
f 722//258 738//258 723//258
f 731//259 745//259 746//259
f 723//260 739//260 724//260
f 717//261 483//261 732//261
f 491//262 731//262 746//262
f 725//263 739//263 740//263
f 717//264 733//264 718//264
f 726//265 740//265 741//265
f 718//266 734//266 719//266
f 727//267 741//267 742//267
f 719//268 735//268 720//268
f 728//269 742//269 743//269
f 720//270 736//270 721//270
f 732//286 748//286 733//286
f 741//287 755//287 756//287
f 733//288 749//288 734//288
f 742//273 756//273 757//273
f 734//274 750//274 735//274
f 743//275 757//275 758//275
f 735//276 751//276 736//276
f 744//277 758//277 759//277
f 736//278 752//278 737//278
f 745//279 759//279 760//279
f 737//280 753//280 738//280
f 746//281 760//281 761//281
f 738//282 754//282 739//282
f 732//283 483//283 747//283
f 491//284 746//284 761//284
f 740//285 754//285 755//285
f 751//302 767//302 752//302
f 760//303 774//303 775//303
f 752//304 768//304 753//304
f 761//289 775//289 776//289
f 753//290 769//290 754//290
f 747//291 483//291 762//291
f 491//292 761//292 776//292
f 755//293 769//293 770//293
f 747//294 763//294 748//294
f 756//295 770//295 771//295
f 748//296 764//296 749//296
f 757//297 771//297 772//297
f 749//298 765//298 750//298
f 758//299 772//299 773//299
f 750//300 766//300 751//300
f 759//301 773//301 774//301
f 771//318 785//318 786//318
f 763//319 779//319 764//319
f 772//320 786//320 787//320
f 764//305 780//305 765//305
f 773//306 787//306 788//306
f 765//307 781//307 766//307
f 774//308 788//308 789//308
f 766//309 782//309 767//309
f 775//310 789//310 790//310
f 767//311 783//311 768//311
f 776//312 790//312 791//312
f 768//313 784//313 769//313
f 762//314 483//314 777//314
f 491//315 776//315 791//315
f 770//316 784//316 785//316
f 762//317 778//317 763//317
f 790//334 804//334 805//334
f 782//335 798//335 783//335
f 791//525 805//525 806//525
f 783//321 799//321 784//321
f 777//322 483//322 792//322
f 491//526 791//526 806//526
f 785//324 799//324 800//324
f 777//325 793//325 778//325
f 786//326 800//326 801//326
f 778//327 794//327 779//327
f 787//527 801//527 802//527
f 779//329 795//329 780//329
f 788//330 802//330 803//330
f 780//331 796//331 781//331
f 789//528 803//528 804//528
f 781//529 797//529 782//529
f 802//351 816//351 817//351
f 794//352 810//352 795//352
f 803//337 817//337 818//337
f 795//338 811//338 796//338
f 804//339 818//339 819//339
f 796//340 812//340 797//340
f 805//341 819//341 820//341
f 797//342 813//342 798//342
f 806//530 820//530 821//530
f 798//344 814//344 799//344
f 792//345 483//345 807//345
f 491//346 806//346 821//346
f 800//347 814//347 815//347
f 792//348 808//348 793//348
f 801//349 815//349 816//349
f 793//350 809//350 794//350
f 821//367 835//367 836//367
f 813//368 829//368 814//368
f 807//353 483//353 822//353
f 491//354 821//354 836//354
f 815//355 829//355 830//355
f 807//356 823//356 808//356
f 816//357 830//357 831//357
f 808//358 824//358 809//358
f 817//359 831//359 832//359
f 809//360 825//360 810//360
f 818//361 832//361 833//361
f 810//362 826//362 811//362
f 819//363 833//363 834//363
f 811//364 827//364 812//364
f 820//365 834//365 835//365
f 812//366 828//366 813//366
f 824//383 840//383 825//383
f 833//384 847//384 848//384
f 825//369 841//369 826//369
f 834//370 848//370 849//370
f 826//371 842//371 827//371
f 835//372 849//372 850//372
f 827//373 843//373 828//373
f 836//374 850//374 851//374
f 828//375 844//375 829//375
f 822//376 483//376 837//376
f 491//377 836//377 851//377
f 830//378 844//378 845//378
f 822//379 838//379 823//379
f 831//380 845//380 846//380
f 823//381 839//381 824//381
f 832//382 846//382 847//382
f 844//398 858//398 859//398
f 837//399 483//399 852//399
f 491//400 851//400 866//400
f 844//385 860//385 845//385
f 838//386 852//386 853//386
f 845//387 861//387 846//387
f 839//388 853//388 854//388
f 846//389 862//389 847//389
f 840//390 854//390 855//390
f 847//391 863//391 848//391
f 841//392 855//392 856//392
f 848//393 864//393 849//393
f 842//394 856//394 857//394
f 849//395 865//395 850//395
f 843//396 857//396 858//396
f 850//397 866//397 851//397
f 862//415 878//415 863//415
f 856//416 870//416 871//416
f 863//401 879//401 864//401
f 857//402 871//402 872//402
f 864//403 880//403 865//403
f 858//404 872//404 873//404
f 865//405 881//405 866//405
f 859//406 873//406 874//406
f 852//531 483//531 867//531
f 491//408 866//408 881//408
f 859//409 875//409 860//409
f 853//410 867//410 868//410
f 860//411 876//411 861//411
f 854//412 868//412 869//412
f 861//413 877//413 862//413
f 855//414 869//414 870//414
f 867//429 483//429 882//429
f 491//430 881//430 896//430
f 874//431 890//431 875//431
f 868//432 882//432 883//432
f 875//417 891//417 876//417
f 869//418 883//418 884//418
f 876//419 892//419 877//419
f 870//420 884//420 885//420
f 877//421 893//421 878//421
f 871//422 885//422 886//422
f 878//423 894//423 879//423
f 872//424 886//424 887//424
f 879//425 895//425 880//425
f 873//426 887//426 888//426
f 880//427 896//427 881//427
f 874//428 888//428 889//428
f 886//446 900//446 901//446
f 893//532 909//532 894//532
f 887//448 901//448 902//448
f 894//433 910//433 895//433
f 888//434 902//434 903//434
f 895//533 911//533 896//533
f 889//436 903//436 904//436
f 882//437 483//437 897//437
f 491//534 896//534 911//534
f 889//439 905//439 890//439
f 883//535 897//535 898//535
f 890//441 906//441 891//441
f 884//442 898//442 899//442
f 891//443 907//443 892//443
f 885//536 899//536 900//536
f 892//445 908//445 893//445
f 904//462 920//462 905//462
f 898//463 912//463 913//463
f 905//464 921//464 906//464
f 899//449 913//449 914//449
f 906//450 922//450 907//450
f 900//451 914//451 915//451
f 907//452 923//452 908//452
f 901//453 915//453 916//453
f 908//454 924//454 909//454
f 902//455 916//455 917//455
f 909//456 925//456 910//456
f 903//457 917//457 918//457
f 910//458 926//458 911//458
f 904//459 918//459 919//459
f 897//460 483//460 912//460
f 491//461 911//461 926//461
f 923//478 939//478 924//478
f 917//479 931//479 932//479
f 924//480 940//480 925//480
f 918//465 932//465 933//465
f 925//466 941//466 926//466
f 919//467 933//467 934//467
f 912//468 483//468 927//468
f 491//469 926//469 941//469
f 919//470 935//470 920//470
f 913//471 927//471 928//471
f 920//472 936//472 921//472
f 914//473 928//473 929//473
f 921//474 937//474 922//474
f 915//475 929//475 930//475
f 922//476 938//476 923//476
f 916//477 930//477 931//477
f 935//495 951//495 936//495
f 929//496 943//496 944//496
f 936//481 952//481 937//481
f 930//482 944//482 945//482
f 937//483 953//483 938//483
f 931//484 945//484 946//484
f 938//485 954//485 939//485
f 932//486 946//486 947//486
f 939//487 955//487 940//487
f 933//488 947//488 948//488
f 940//489 956//489 941//489
f 934//490 948//490 949//490
f 927//491 483//491 942//491
f 491//492 941//492 956//492
f 934//493 950//493 935//493
f 928//494 942//494 943//494
f 954//511 963//511 955//511
f 948//512 487//512 959//512
f 955//497 964//497 956//497
f 949//498 959//498 488//498
f 942//499 483//499 484//499
f 491//500 956//500 964//500
f 949//501 960//501 950//501
f 943//502 484//502 957//502
f 950//503 489//503 951//503
f 944//504 957//504 485//504
f 951//505 961//505 952//505
f 945//506 485//506 486//506
f 952//507 490//507 953//507
f 946//508 486//508 958//508
f 953//509 962//509 954//509
f 947//510 958//510 487//510
f 1444//12 985//12 986//12
f 968//13 979//13 1441//13
f 973//14 986//14 987//14
f 1441//15 980//15 969//15
f 1445//16 987//16 988//16
f 969//537 981//537 1442//537
f 1446//538 988//538 989//538
f 1442//3 982//3 970//3
f 966//4 965//4 975//4
f 974//5 1446//5 989//5
f 971//6 982//6 983//6
f 966//7 976//7 1440//7
f 1443//8 983//8 984//8
f 1440//9 977//9 967//9
f 972//10 984//10 985//10
f 967//11 978//11 968//11
f 985//28 999//28 1000//28
f 977//29 993//29 978//29
f 986//30 1000//30 1001//30
f 978//31 994//31 979//31
f 987//32 1001//32 1002//32
f 979//17 995//17 980//17
f 988//18 1002//18 1003//18
f 980//19 996//19 981//19
f 989//20 1003//20 1004//20
f 981//21 997//21 982//21
f 975//539 965//539 990//539
f 974//23 989//23 1004//23
f 983//24 997//24 998//24
f 975//25 991//25 976//25
f 984//26 998//26 999//26
f 976//27 992//27 977//27
f 1004//43 1018//43 1019//43
f 996//44 1012//44 997//44
f 990//45 965//45 1005//45
f 974//540 1004//540 1019//540
f 998//47 1012//47 1013//47
f 990//48 1006//48 991//48
f 999//33 1013//33 1014//33
f 991//34 1007//34 992//34
f 1000//35 1014//35 1015//35
f 992//36 1008//36 993//36
f 1001//37 1015//37 1016//37
f 993//38 1009//38 994//38
f 1002//39 1016//39 1017//39
f 994//40 1010//40 995//40
f 1003//41 1017//41 1018//41
f 995//42 1011//42 996//42
f 1007//60 1023//60 1008//60
f 1016//61 1030//61 1031//61
f 1008//62 1024//62 1009//62
f 1017//63 1031//63 1032//63
f 1009//64 1025//64 1010//64
f 1018//49 1032//49 1033//49
f 1010//50 1026//50 1011//50
f 1019//51 1033//51 1034//51
f 1011//52 1027//52 1012//52
f 1005//53 965//53 1020//53
f 974//54 1019//54 1034//54
f 1013//55 1027//55 1028//55
f 1005//56 1021//56 1006//56
f 1014//57 1028//57 1029//57
f 1006//58 1022//58 1007//58
f 1015//59 1029//59 1030//59
f 1026//75 1042//75 1027//75
f 1020//541 965//541 1035//541
f 974//518 1034//518 1049//518
f 1028//78 1042//78 1043//78
f 1020//515 1036//515 1021//515
f 1029//80 1043//80 1044//80
f 1021//65 1037//65 1022//65
f 1030//542 1044//542 1045//542
f 1022//67 1038//67 1023//67
f 1031//68 1045//68 1046//68
f 1023//69 1039//69 1024//69
f 1032//516 1046//516 1047//516
f 1024//71 1040//71 1025//71
f 1033//72 1047//72 1048//72
f 1025//73 1041//73 1026//73
f 1034//543 1048//543 1049//543
f 1046//92 1060//92 1061//92
f 1038//93 1054//93 1039//93
f 1047//94 1061//94 1062//94
f 1039//95 1055//95 1040//95
f 1048//96 1062//96 1063//96
f 1040//81 1056//81 1041//81
f 1049//82 1063//82 1064//82
f 1041//83 1057//83 1042//83
f 1035//84 965//84 1050//84
f 974//85 1049//85 1064//85
f 1043//86 1057//86 1058//86
f 1035//87 1051//87 1036//87
f 1044//88 1058//88 1059//88
f 1036//89 1052//89 1037//89
f 1045//90 1059//90 1060//90
f 1037//91 1053//91 1038//91
f 974//108 1064//108 1079//108
f 1058//109 1072//109 1073//109
f 1050//544 1066//544 1051//544
f 1059//111 1073//111 1074//111
f 1051//112 1067//112 1052//112
f 1060//97 1074//97 1075//97
f 1052//98 1068//98 1053//98
f 1061//99 1075//99 1076//99
f 1053//100 1069//100 1054//100
f 1062//101 1076//101 1077//101
f 1054//102 1070//102 1055//102
f 1063//103 1077//103 1078//103
f 1055//104 1071//104 1056//104
f 1064//105 1078//105 1079//105
f 1056//106 1072//106 1057//106
f 1050//107 965//107 1065//107
f 1077//125 1091//125 1092//125
f 1069//126 1085//126 1070//126
f 1078//127 1092//127 1093//127
f 1070//128 1086//128 1071//128
f 1079//113 1093//113 1094//113
f 1071//114 1087//114 1072//114
f 1065//115 965//115 1080//115
f 974//116 1079//116 1094//116
f 1073//117 1087//117 1088//117
f 1065//118 1081//118 1066//118
f 1074//119 1088//119 1089//119
f 1066//120 1082//120 1067//120
f 1075//121 1089//121 1090//121
f 1067//122 1083//122 1068//122
f 1076//123 1090//123 1091//123
f 1068//124 1084//124 1069//124
f 1081//140 1095//140 1096//140
f 1088//141 1104//141 1089//141
f 1082//142 1096//142 1097//142
f 1089//143 1105//143 1090//143
f 1083//144 1097//144 1098//144
f 1090//129 1106//129 1091//129
f 1084//130 1098//130 1099//130
f 1091//131 1107//131 1092//131
f 1085//132 1099//132 1100//132
f 1092//133 1108//133 1093//133
f 1086//134 1100//134 1101//134
f 1093//135 1109//135 1094//135
f 1087//136 1101//136 1102//136
f 1080//137 965//137 1095//137
f 974//138 1094//138 1109//138
f 1087//139 1103//139 1088//139
f 1100//156 1114//156 1115//156
f 1107//157 1123//157 1108//157
f 1101//158 1115//158 1116//158
f 1108//159 1124//159 1109//159
f 1102//160 1116//160 1117//160
f 1095//145 965//145 1110//145
f 974//146 1109//146 1124//146
f 1102//147 1118//147 1103//147
f 1096//148 1110//148 1111//148
f 1103//149 1119//149 1104//149
f 1097//150 1111//150 1112//150
f 1104//151 1120//151 1105//151
f 1098//152 1112//152 1113//152
f 1105//153 1121//153 1106//153
f 1099//154 1113//154 1114//154
f 1106//155 1122//155 1107//155
f 1118//172 1134//172 1119//172
f 1112//173 1126//173 1127//173
f 1119//174 1135//174 1120//174
f 1113//175 1127//175 1128//175
f 1120//176 1136//176 1121//176
f 1114//161 1128//161 1129//161
f 1121//162 1137//162 1122//162
f 1115//163 1129//163 1130//163
f 1122//164 1138//164 1123//164
f 1116//165 1130//165 1131//165
f 1123//166 1139//166 1124//166
f 1117//167 1131//167 1132//167
f 1110//168 965//168 1125//168
f 974//169 1124//169 1139//169
f 1117//170 1133//170 1118//170
f 1111//171 1125//171 1126//171
f 1137//187 1153//187 1138//187
f 1131//188 1145//188 1146//188
f 1138//545 1154//545 1139//545
f 1132//190 1146//190 1147//190
f 1125//546 965//546 1140//546
f 974//547 1139//547 1154//547
f 1132//177 1148//177 1133//177
f 1126//521 1140//521 1141//521
f 1133//179 1149//179 1134//179
f 1127//180 1141//180 1142//180
f 1134//548 1150//548 1135//548
f 1128//182 1142//182 1143//182
f 1135//183 1151//183 1136//183
f 1129//184 1143//184 1144//184
f 1136//522 1152//522 1137//522
f 1130//186 1144//186 1145//186
f 1142//204 1156//204 1157//204
f 1149//205 1165//205 1150//205
f 1143//206 1157//206 1158//206
f 1150//207 1166//207 1151//207
f 1144//208 1158//208 1159//208
f 1151//193 1167//193 1152//193
f 1145//194 1159//194 1160//194
f 1152//195 1168//195 1153//195
f 1146//196 1160//196 1161//196
f 1153//197 1169//197 1154//197
f 1147//198 1161//198 1162//198
f 1140//199 965//199 1155//199
f 974//200 1154//200 1169//200
f 1147//201 1163//201 1148//201
f 1141//202 1155//202 1156//202
f 1148//203 1164//203 1149//203
f 1161//219 1175//219 1176//219
f 1168//220 1184//220 1169//220
f 1162//221 1176//221 1177//221
f 1155//549 965//549 1170//549
f 974//550 1169//550 1184//550
f 1162//224 1178//224 1163//224
f 1156//209 1170//209 1171//209
f 1163//210 1179//210 1164//210
f 1157//211 1171//211 1172//211
f 1164//212 1180//212 1165//212
f 1158//213 1172//213 1173//213
f 1165//214 1181//214 1166//214
f 1159//215 1173//215 1174//215
f 1166//216 1182//216 1167//216
f 1160//217 1174//217 1175//217
f 1167//218 1183//218 1168//218
f 1179//236 1195//236 1180//236
f 1173//237 1187//237 1188//237
f 1180//238 1196//238 1181//238
f 1174//239 1188//239 1189//239
f 1181//240 1197//240 1182//240
f 1175//225 1189//225 1190//225
f 1182//226 1198//226 1183//226
f 1176//227 1190//227 1191//227
f 1183//228 1199//228 1184//228
f 1177//229 1191//229 1192//229
f 1170//230 965//230 1185//230
f 974//231 1184//231 1199//231
f 1177//232 1193//232 1178//232
f 1171//233 1185//233 1186//233
f 1178//234 1194//234 1179//234
f 1172//235 1186//235 1187//235
f 1198//251 1214//251 1199//251
f 1192//252 1206//252 1207//252
f 1185//253 965//253 1200//253
f 974//254 1199//254 1214//254
f 1192//255 1208//255 1193//255
f 1186//256 1200//256 1201//256
f 1193//241 1209//241 1194//241
f 1187//524 1201//524 1202//524
f 1194//243 1210//243 1195//243
f 1188//244 1202//244 1203//244
f 1195//245 1211//245 1196//245
f 1189//246 1203//246 1204//246
f 1196//247 1212//247 1197//247
f 1190//248 1204//248 1205//248
f 1197//551 1213//551 1198//551
f 1191//250 1205//250 1206//250
f 1211//269 1225//269 1226//269
f 1203//270 1219//270 1204//270
f 1212//271 1226//271 1227//271
f 1204//272 1220//272 1205//272
f 1213//552 1227//552 1228//552
f 1205//258 1221//258 1206//258
f 1214//259 1228//259 1229//259
f 1206//260 1222//260 1207//260
f 1200//261 965//261 1215//261
f 974//262 1214//262 1229//262
f 1208//263 1222//263 1223//263
f 1200//264 1216//264 1201//264
f 1209//265 1223//265 1224//265
f 1201//266 1217//266 1202//266
f 1210//267 1224//267 1225//267
f 1202//268 1218//268 1203//268
f 1215//283 965//283 1230//283
f 974//284 1229//284 1244//284
f 1223//285 1237//285 1238//285
f 1215//286 1231//286 1216//286
f 1224//287 1238//287 1239//287
f 1216//288 1232//288 1217//288
f 1225//273 1239//273 1240//273
f 1217//274 1233//274 1218//274
f 1226//275 1240//275 1241//275
f 1218//276 1234//276 1219//276
f 1227//277 1241//277 1242//277
f 1219//278 1235//278 1220//278
f 1228//279 1242//279 1243//279
f 1220//280 1236//280 1221//280
f 1229//281 1243//281 1244//281
f 1221//282 1237//282 1222//282
f 1233//300 1249//300 1234//300
f 1242//301 1256//301 1257//301
f 1234//302 1250//302 1235//302
f 1243//303 1257//303 1258//303
f 1235//304 1251//304 1236//304
f 1244//289 1258//289 1259//289
f 1236//290 1252//290 1237//290
f 1230//553 965//553 1245//553
f 974//554 1244//554 1259//554
f 1238//293 1252//293 1253//293
f 1230//294 1246//294 1231//294
f 1239//295 1253//295 1254//295
f 1231//296 1247//296 1232//296
f 1240//297 1254//297 1255//297
f 1232//298 1248//298 1233//298
f 1241//299 1255//299 1256//299
f 1253//316 1267//316 1268//316
f 1245//317 1261//317 1246//317
f 1254//318 1268//318 1269//318
f 1246//319 1262//319 1247//319
f 1255//320 1269//320 1270//320
f 1247//305 1263//305 1248//305
f 1256//306 1270//306 1271//306
f 1248//307 1264//307 1249//307
f 1257//308 1271//308 1272//308
f 1249//309 1265//309 1250//309
f 1258//310 1272//310 1273//310
f 1250//311 1266//311 1251//311
f 1259//312 1273//312 1274//312
f 1251//313 1267//313 1252//313
f 1245//314 965//314 1260//314
f 974//315 1259//315 1274//315
f 1272//528 1286//528 1287//528
f 1264//333 1280//333 1265//333
f 1273//334 1287//334 1288//334
f 1265//335 1281//335 1266//335
f 1274//336 1288//336 1289//336
f 1266//321 1282//321 1267//321
f 1260//322 965//322 1275//322
f 974//555 1274//555 1289//555
f 1268//324 1282//324 1283//324
f 1260//325 1276//325 1261//325
f 1269//326 1283//326 1284//326
f 1261//327 1277//327 1262//327
f 1270//328 1284//328 1285//328
f 1262//329 1278//329 1263//329
f 1271//330 1285//330 1286//330
f 1263//331 1279//331 1264//331
f 1275//348 1291//348 1276//348
f 1284//349 1298//349 1299//349
f 1276//350 1292//350 1277//350
f 1285//351 1299//351 1300//351
f 1277//352 1293//352 1278//352
f 1286//337 1300//337 1301//337
f 1278//338 1294//338 1279//338
f 1287//339 1301//339 1302//339
f 1279//340 1295//340 1280//340
f 1288//341 1302//341 1303//341
f 1280//342 1296//342 1281//342
f 1289//343 1303//343 1304//343
f 1281//344 1297//344 1282//344
f 1275//345 965//345 1290//345
f 974//346 1289//346 1304//346
f 1283//347 1297//347 1298//347
f 1294//364 1310//364 1295//364
f 1303//365 1317//365 1318//365
f 1295//366 1311//366 1296//366
f 1304//367 1318//367 1319//367
f 1296//368 1312//368 1297//368
f 1290//353 965//353 1305//353
f 974//354 1304//354 1319//354
f 1298//355 1312//355 1313//355
f 1290//356 1306//356 1291//356
f 1299//357 1313//357 1314//357
f 1291//358 1307//358 1292//358
f 1300//359 1314//359 1315//359
f 1292//360 1308//360 1293//360
f 1301//361 1315//361 1316//361
f 1293//362 1309//362 1294//362
f 1302//363 1316//363 1317//363
f 1314//380 1328//380 1329//380
f 1306//381 1322//381 1307//381
f 1315//382 1329//382 1330//382
f 1307//383 1323//383 1308//383
f 1316//384 1330//384 1331//384
f 1308//369 1324//369 1309//369
f 1317//370 1331//370 1332//370
f 1309//371 1325//371 1310//371
f 1318//372 1332//372 1333//372
f 1310//373 1326//373 1311//373
f 1319//374 1333//374 1334//374
f 1311//375 1327//375 1312//375
f 1305//376 965//376 1320//376
f 974//377 1319//377 1334//377
f 1313//378 1327//378 1328//378
f 1305//379 1321//379 1306//379
f 1332//395 1348//395 1333//395
f 1326//396 1340//396 1341//396
f 1333//397 1349//397 1334//397
f 1327//398 1341//398 1342//398
f 1320//399 965//399 1335//399
f 974//400 1334//400 1349//400
f 1327//385 1343//385 1328//385
f 1321//386 1335//386 1336//386
f 1328//387 1344//387 1329//387
f 1322//388 1336//388 1337//388
f 1329//389 1345//389 1330//389
f 1323//390 1337//390 1338//390
f 1330//391 1346//391 1331//391
f 1324//392 1338//392 1339//392
f 1331//393 1347//393 1332//393
f 1325//394 1339//394 1340//394
f 1344//413 1360//413 1345//413
f 1338//414 1352//414 1353//414
f 1345//415 1361//415 1346//415
f 1339//416 1353//416 1354//416
f 1346//401 1362//401 1347//401
f 1340//402 1354//402 1355//402
f 1347//403 1363//403 1348//403
f 1341//404 1355//404 1356//404
f 1348//405 1364//405 1349//405
f 1342//406 1356//406 1357//406
f 1335//407 965//407 1350//407
f 974//408 1349//408 1364//408
f 1342//409 1358//409 1343//409
f 1336//410 1350//410 1351//410
f 1343//411 1359//411 1344//411
f 1337//412 1351//412 1352//412
f 1363//427 1379//427 1364//427
f 1357//428 1371//428 1372//428
f 1350//429 965//429 1365//429
f 974//430 1364//430 1379//430
f 1357//431 1373//431 1358//431
f 1351//432 1365//432 1366//432
f 1358//417 1374//417 1359//417
f 1352//418 1366//418 1367//418
f 1359//419 1375//419 1360//419
f 1353//420 1367//420 1368//420
f 1360//421 1376//421 1361//421
f 1354//422 1368//422 1369//422
f 1361//423 1377//423 1362//423
f 1355//424 1369//424 1370//424
f 1362//425 1378//425 1363//425
f 1356//426 1370//426 1371//426
f 1368//444 1382//444 1383//444
f 1375//445 1391//445 1376//445
f 1369//446 1383//446 1384//446
f 1376//532 1392//532 1377//532
f 1370//448 1384//448 1385//448
f 1377//433 1393//433 1378//433
f 1371//434 1385//434 1386//434
f 1378//533 1394//533 1379//533
f 1372//436 1386//436 1387//436
f 1365//556 965//556 1380//556
f 974//534 1379//534 1394//534
f 1372//439 1388//439 1373//439
f 1366//535 1380//535 1381//535
f 1373//441 1389//441 1374//441
f 1367//442 1381//442 1382//442
f 1374//557 1390//557 1375//557
f 1387//459 1401//459 1402//459
f 1380//460 965//460 1395//460
f 974//461 1394//461 1409//461
f 1387//462 1403//462 1388//462
f 1381//463 1395//463 1396//463
f 1388//464 1404//464 1389//464
f 1382//449 1396//449 1397//449
f 1389//450 1405//450 1390//450
f 1383//451 1397//451 1398//451
f 1390//452 1406//452 1391//452
f 1384//453 1398//453 1399//453
f 1391//454 1407//454 1392//454
f 1385//455 1399//455 1400//455
f 1392//456 1408//456 1393//456
f 1386//457 1400//457 1401//457
f 1393//458 1409//458 1394//458
f 1405//476 1421//476 1406//476
f 1399//558 1413//558 1414//558
f 1406//478 1422//478 1407//478
f 1400//479 1414//479 1415//479
f 1407//480 1423//480 1408//480
f 1401//465 1415//465 1416//465
f 1408//466 1424//466 1409//466
f 1402//467 1416//467 1417//467
f 1395//559 965//559 1410//559
f 974//469 1409//469 1424//469
f 1402//470 1418//470 1403//470
f 1396//471 1410//471 1411//471
f 1403//472 1419//472 1404//472
f 1397//473 1411//473 1412//473
f 1404//474 1420//474 1405//474
f 1398//475 1412//475 1413//475
f 1410//491 965//491 1425//491
f 974//492 1424//492 1439//492
f 1417//493 1433//493 1418//493
f 1411//494 1425//494 1426//494
f 1418//495 1434//495 1419//495
f 1412//496 1426//496 1427//496
f 1419//481 1435//481 1420//481
f 1413//482 1427//482 1428//482
f 1420//483 1436//483 1421//483
f 1414//484 1428//484 1429//484
f 1421//485 1437//485 1422//485
f 1415//486 1429//486 1430//486
f 1422//487 1438//487 1423//487
f 1416//488 1430//488 1431//488
f 1423//489 1439//489 1424//489
f 1417//490 1431//490 1432//490
f 1429//508 968//508 1441//508
f 1436//509 973//509 1437//509
f 1430//510 1441//510 969//510
f 1437//560 1445//560 1438//560
f 1431//512 969//512 1442//512
f 1438//497 1446//497 1439//497
f 1432//498 1442//498 970//498
f 1425//499 965//499 966//499
f 974//500 1439//500 1446//500
f 1432//501 971//501 1433//501
f 1426//502 966//502 1440//502
f 1433//503 1443//503 1434//503
f 1427//561 1440//561 967//561
f 1434//505 972//505 1435//505
f 1428//506 967//506 968//506
f 1435//507 1444//507 1436//507
f 1455//10 1467//10 1468//10
f 1448//11 1461//11 1449//11
f 1926//12 1468//12 1469//12
f 1449//13 1462//13 1925//13
f 1456//14 1469//14 1470//14
f 1925//15 1463//15 1450//15
f 1927//513 1470//513 1471//513
f 1450//1 1464//1 1451//1
f 1928//2 1471//2 1472//2
f 1451//3 1465//3 1452//3
f 1923//562 1447//562 1458//562
f 1457//5 1928//5 1472//5
f 1453//6 1465//6 1466//6
f 1923//7 1459//7 1924//7
f 1454//8 1466//8 1467//8
f 1924//9 1460//9 1448//9
f 1467//26 1481//26 1482//26
f 1459//27 1475//27 1460//27
f 1468//28 1482//28 1483//28
f 1460//29 1476//29 1461//29
f 1469//30 1483//30 1484//30
f 1461//31 1477//31 1462//31
f 1470//32 1484//32 1485//32
f 1462//17 1478//17 1463//17
f 1471//18 1485//18 1486//18
f 1463//19 1479//19 1464//19
f 1472//563 1486//563 1487//563
f 1464//21 1480//21 1465//21
f 1458//22 1447//22 1473//22
f 1457//23 1472//23 1487//23
f 1466//24 1480//24 1481//24
f 1458//25 1474//25 1459//25
f 1486//41 1500//41 1501//41
f 1478//42 1494//42 1479//42
f 1487//43 1501//43 1502//43
f 1479//44 1495//44 1480//44
f 1473//45 1447//45 1488//45
f 1457//46 1487//46 1502//46
f 1481//47 1495//47 1496//47
f 1473//48 1489//48 1474//48
f 1482//33 1496//33 1497//33
f 1474//34 1490//34 1475//34
f 1483//35 1497//35 1498//35
f 1475//36 1491//36 1476//36
f 1484//564 1498//564 1499//564
f 1476//38 1492//38 1477//38
f 1485//39 1499//39 1500//39
f 1477//40 1493//40 1478//40
f 1489//58 1505//58 1490//58
f 1498//59 1512//59 1513//59
f 1490//60 1506//60 1491//60
f 1499//61 1513//61 1514//61
f 1491//62 1507//62 1492//62
f 1500//63 1514//63 1515//63
f 1492//64 1508//64 1493//64
f 1501//49 1515//49 1516//49
f 1493//50 1509//50 1494//50
f 1502//51 1516//51 1517//51
f 1494//52 1510//52 1495//52
f 1488//53 1447//53 1503//53
f 1457//54 1502//54 1517//54
f 1496//55 1510//55 1511//55
f 1488//56 1504//56 1489//56
f 1497//57 1511//57 1512//57
f 1508//73 1524//73 1509//73
f 1517//543 1531//543 1532//543
f 1509//75 1525//75 1510//75
f 1503//76 1447//76 1518//76
f 1457//77 1517//77 1532//77
f 1511//78 1525//78 1526//78
f 1503//79 1519//79 1504//79
f 1512//80 1526//80 1527//80
f 1504//65 1520//65 1505//65
f 1513//565 1527//565 1528//565
f 1505//566 1521//566 1506//566
f 1514//68 1528//68 1529//68
f 1506//69 1522//69 1507//69
f 1515//70 1529//70 1530//70
f 1507//71 1523//71 1508//71
f 1516//72 1530//72 1531//72
f 1528//90 1542//90 1543//90
f 1520//91 1536//91 1521//91
f 1529//92 1543//92 1544//92
f 1521//93 1537//93 1522//93
f 1530//94 1544//94 1545//94
f 1522//95 1538//95 1523//95
f 1531//96 1545//96 1546//96
f 1523//81 1539//81 1524//81
f 1532//82 1546//82 1547//82
f 1524//83 1540//83 1525//83
f 1518//84 1447//84 1533//84
f 1457//85 1532//85 1547//85
f 1526//86 1540//86 1541//86
f 1518//567 1534//567 1519//567
f 1527//88 1541//88 1542//88
f 1519//568 1535//568 1520//568
f 1547//105 1561//105 1562//105
f 1539//106 1555//106 1540//106
f 1533//107 1447//107 1548//107
f 1457//569 1547//569 1562//569
f 1541//109 1555//109 1556//109
f 1533//110 1549//110 1534//110
f 1542//111 1556//111 1557//111
f 1534//112 1550//112 1535//112
f 1543//97 1557//97 1558//97
f 1535//98 1551//98 1536//98
f 1544//99 1558//99 1559//99
f 1536//100 1552//100 1537//100
f 1545//101 1559//101 1560//101
f 1537//102 1553//102 1538//102
f 1546//103 1560//103 1561//103
f 1538//104 1554//104 1539//104
f 1550//122 1566//122 1551//122
f 1559//123 1573//123 1574//123
f 1551//124 1567//124 1552//124
f 1560//125 1574//125 1575//125
f 1552//126 1568//126 1553//126
f 1561//127 1575//127 1576//127
f 1553//128 1569//128 1554//128
f 1562//113 1576//113 1577//113
f 1554//114 1570//114 1555//114
f 1548//115 1447//115 1563//115
f 1457//116 1562//116 1577//116
f 1556//117 1570//117 1571//117
f 1548//118 1564//118 1549//118
f 1557//119 1571//119 1572//119
f 1549//120 1565//120 1550//120
f 1558//121 1572//121 1573//121
f 1570//136 1584//136 1585//136
f 1563//137 1447//137 1578//137
f 1457//138 1577//138 1592//138
f 1570//139 1586//139 1571//139
f 1564//140 1578//140 1579//140
f 1571//141 1587//141 1572//141
f 1565//142 1579//142 1580//142
f 1572//143 1588//143 1573//143
f 1566//144 1580//144 1581//144
f 1573//129 1589//129 1574//129
f 1567//130 1581//130 1582//130
f 1574//131 1590//131 1575//131
f 1568//132 1582//132 1583//132
f 1575//133 1591//133 1576//133
f 1569//134 1583//134 1584//134
f 1576//135 1592//135 1577//135
f 1588//153 1604//153 1589//153
f 1582//154 1596//154 1597//154
f 1589//155 1605//155 1590//155
f 1583//156 1597//156 1598//156
f 1590//157 1606//157 1591//157
f 1584//158 1598//158 1599//158
f 1591//159 1607//159 1592//159
f 1585//160 1599//160 1600//160
f 1578//145 1447//145 1593//145
f 1457//570 1592//570 1607//570
f 1585//147 1601//147 1586//147
f 1579//148 1593//148 1594//148
f 1586//149 1602//149 1587//149
f 1580//150 1594//150 1595//150
f 1587//151 1603//151 1588//151
f 1581//152 1595//152 1596//152
f 1457//169 1607//169 1622//169
f 1600//170 1616//170 1601//170
f 1594//171 1608//171 1609//171
f 1601//172 1617//172 1602//172
f 1595//571 1609//571 1610//571
f 1602//174 1618//174 1603//174
f 1596//175 1610//175 1611//175
f 1603//176 1619//176 1604//176
f 1597//161 1611//161 1612//161
f 1604//162 1620//162 1605//162
f 1598//163 1612//163 1613//163
f 1605//164 1621//164 1606//164
f 1599//165 1613//165 1614//165
f 1606//572 1622//572 1607//572
f 1600//167 1614//167 1615//167
f 1593//168 1447//168 1608//168
f 1619//185 1635//185 1620//185
f 1613//523 1627//523 1628//523
f 1620//187 1636//187 1621//187
f 1614//188 1628//188 1629//188
f 1621//545 1637//545 1622//545
f 1615//190 1629//190 1630//190
f 1608//191 1447//191 1623//191
f 1457//192 1622//192 1637//192
f 1615//177 1631//177 1616//177
f 1609//178 1623//178 1624//178
f 1616//179 1632//179 1617//179
f 1610//180 1624//180 1625//180
f 1617//181 1633//181 1618//181
f 1611//573 1625//573 1626//573
f 1618//183 1634//183 1619//183
f 1612//184 1626//184 1627//184
f 1624//202 1638//202 1639//202
f 1631//203 1647//203 1632//203
f 1625//204 1639//204 1640//204
f 1632//205 1648//205 1633//205
f 1626//206 1640//206 1641//206
f 1633//207 1649//207 1634//207
f 1627//208 1641//208 1642//208
f 1634//193 1650//193 1635//193
f 1628//194 1642//194 1643//194
f 1635//195 1651//195 1636//195
f 1629//196 1643//196 1644//196
f 1636//197 1652//197 1637//197
f 1630//198 1644//198 1645//198
f 1623//199 1447//199 1638//199
f 1457//200 1637//200 1652//200
f 1630//201 1646//201 1631//201
f 1643//217 1657//217 1658//217
f 1650//218 1666//218 1651//218
f 1644//219 1658//219 1659//219
f 1651//220 1667//220 1652//220
f 1645//221 1659//221 1660//221
f 1638//222 1447//222 1653//222
f 1457//223 1652//223 1667//223
f 1645//224 1661//224 1646//224
f 1639//209 1653//209 1654//209
f 1646//210 1662//210 1647//210
f 1640//211 1654//211 1655//211
f 1647//212 1663//212 1648//212
f 1641//213 1655//213 1656//213
f 1648//574 1664//574 1649//574
f 1642//575 1656//575 1657//575
f 1649//216 1665//216 1650//216
f 1661//234 1677//234 1662//234
f 1655//235 1669//235 1670//235
f 1662//236 1678//236 1663//236
f 1656//237 1670//237 1671//237
f 1663//238 1679//238 1664//238
f 1657//239 1671//239 1672//239
f 1664//240 1680//240 1665//240
f 1658//225 1672//225 1673//225
f 1665//226 1681//226 1666//226
f 1659//227 1673//227 1674//227
f 1666//228 1682//228 1667//228
f 1660//229 1674//229 1675//229
f 1653//230 1447//230 1668//230
f 1457//231 1667//231 1682//231
f 1660//232 1676//232 1661//232
f 1654//233 1668//233 1669//233
f 1680//249 1696//249 1681//249
f 1674//250 1688//250 1689//250
f 1681//251 1697//251 1682//251
f 1675//252 1689//252 1690//252
f 1668//576 1447//576 1683//576
f 1457//254 1682//254 1697//254
f 1675//255 1691//255 1676//255
f 1669//256 1683//256 1684//256
f 1676//241 1692//241 1677//241
f 1670//242 1684//242 1685//242
f 1677//243 1693//243 1678//243
f 1671//244 1685//244 1686//244
f 1678//245 1694//245 1679//245
f 1672//246 1686//246 1687//246
f 1679//247 1695//247 1680//247
f 1673//248 1687//248 1688//248
f 1684//577 1700//577 1685//577
f 1693//267 1707//267 1708//267
f 1685//268 1701//268 1686//268
f 1694//269 1708//269 1709//269
f 1686//578 1702//578 1687//578
f 1695//271 1709//271 1710//271
f 1687//272 1703//272 1688//272
f 1696//257 1710//257 1711//257
f 1688//258 1704//258 1689//258
f 1697//259 1711//259 1712//259
f 1689//260 1705//260 1690//260
f 1683//579 1447//579 1698//579
f 1457//262 1697//262 1712//262
f 1691//263 1705//263 1706//263
f 1683//264 1699//264 1684//264
f 1692//265 1706//265 1707//265
f 1703//280 1719//280 1704//280
f 1712//281 1726//281 1727//281
f 1704//282 1720//282 1705//282
f 1698//283 1447//283 1713//283
f 1457//284 1712//284 1727//284
f 1706//285 1720//285 1721//285
f 1698//286 1714//286 1699//286
f 1707//287 1721//287 1722//287
f 1699//288 1715//288 1700//288
f 1708//273 1722//273 1723//273
f 1700//274 1716//274 1701//274
f 1709//275 1723//275 1724//275
f 1701//276 1717//276 1702//276
f 1710//277 1724//277 1725//277
f 1702//278 1718//278 1703//278
f 1711//279 1725//279 1726//279
f 1723//297 1737//297 1738//297
f 1715//298 1731//298 1716//298
f 1724//299 1738//299 1739//299
f 1716//300 1732//300 1717//300
f 1725//301 1739//301 1740//301
f 1717//302 1733//302 1718//302
f 1726//303 1740//303 1741//303
f 1718//304 1734//304 1719//304
f 1727//289 1741//289 1742//289
f 1719//290 1735//290 1720//290
f 1713//291 1447//291 1728//291
f 1457//292 1727//292 1742//292
f 1721//293 1735//293 1736//293
f 1713//294 1729//294 1714//294
f 1722//295 1736//295 1737//295
f 1714//296 1730//296 1715//296
f 1742//312 1756//312 1757//312
f 1734//313 1750//313 1735//313
f 1728//314 1447//314 1743//314
f 1457//315 1742//315 1757//315
f 1736//316 1750//316 1751//316
f 1728//317 1744//317 1729//317
f 1737//318 1751//318 1752//318
f 1729//319 1745//319 1730//319
f 1738//320 1752//320 1753//320
f 1730//305 1746//305 1731//305
f 1739//306 1753//306 1754//306
f 1731//307 1747//307 1732//307
f 1740//308 1754//308 1755//308
f 1732//309 1748//309 1733//309
f 1741//310 1755//310 1756//310
f 1733//311 1749//311 1734//311
f 1754//330 1768//330 1769//330
f 1746//331 1762//331 1747//331
f 1755//332 1769//332 1770//332
f 1747//333 1763//333 1748//333
f 1756//334 1770//334 1771//334
f 1748//335 1764//335 1749//335
f 1757//336 1771//336 1772//336
f 1749//321 1765//321 1750//321
f 1743//322 1447//322 1758//322
f 1457//323 1757//323 1772//323
f 1751//324 1765//324 1766//324
f 1743//580 1759//580 1744//580
f 1752//326 1766//326 1767//326
f 1744//327 1760//327 1745//327
f 1753//581 1767//581 1768//581
f 1745//582 1761//582 1746//582
f 1758//345 1447//345 1773//345
f 1457//346 1772//346 1787//346
f 1766//347 1780//347 1781//347
f 1758//348 1774//348 1759//348
f 1767//349 1781//349 1782//349
f 1759//583 1775//583 1760//583
f 1768//351 1782//351 1783//351
f 1760//352 1776//352 1761//352
f 1769//337 1783//337 1784//337
f 1761//338 1777//338 1762//338
f 1770//339 1784//339 1785//339
f 1762//340 1778//340 1763//340
f 1771//341 1785//341 1786//341
f 1763//342 1779//342 1764//342
f 1772//530 1786//530 1787//530
f 1764//344 1780//344 1765//344
f 1776//362 1792//362 1777//362
f 1785//363 1799//363 1800//363
f 1777//364 1793//364 1778//364
f 1786//365 1800//365 1801//365
f 1778//366 1794//366 1779//366
f 1787//367 1801//367 1802//367
f 1779//368 1795//368 1780//368
f 1773//353 1447//353 1788//353
f 1457//584 1787//584 1802//584
f 1781//355 1795//355 1796//355
f 1773//356 1789//356 1774//356
f 1782//357 1796//357 1797//357
f 1774//358 1790//358 1775//358
f 1783//359 1797//359 1798//359
f 1775//360 1791//360 1776//360
f 1784//361 1798//361 1799//361
f 1796//378 1810//378 1811//378
f 1788//379 1804//379 1789//379
f 1797//380 1811//380 1812//380
f 1789//381 1805//381 1790//381
f 1798//382 1812//382 1813//382
f 1790//383 1806//383 1791//383
f 1799//384 1813//384 1814//384
f 1791//369 1807//369 1792//369
f 1800//370 1814//370 1815//370
f 1792//371 1808//371 1793//371
f 1801//372 1815//372 1816//372
f 1793//373 1809//373 1794//373
f 1802//374 1816//374 1817//374
f 1794//375 1810//375 1795//375
f 1788//376 1447//376 1803//376
f 1457//377 1802//377 1817//377
f 1814//393 1830//393 1815//393
f 1808//394 1822//394 1823//394
f 1815//395 1831//395 1816//395
f 1809//396 1823//396 1824//396
f 1816//397 1832//397 1817//397
f 1810//398 1824//398 1825//398
f 1803//399 1447//399 1818//399
f 1457//400 1817//400 1832//400
f 1810//385 1826//385 1811//385
f 1804//386 1818//386 1819//386
f 1811//387 1827//387 1812//387
f 1805//388 1819//388 1820//388
f 1812//389 1828//389 1813//389
f 1806//390 1820//390 1821//390
f 1813//391 1829//391 1814//391
f 1807//392 1821//392 1822//392
f 1819//410 1833//410 1834//410
f 1826//411 1842//411 1827//411
f 1820//412 1834//412 1835//412
f 1827//413 1843//413 1828//413
f 1821//414 1835//414 1836//414
f 1828//415 1844//415 1829//415
f 1822//416 1836//416 1837//416
f 1829//401 1845//401 1830//401
f 1823//402 1837//402 1838//402
f 1830//403 1846//403 1831//403
f 1824//404 1838//404 1839//404
f 1831//405 1847//405 1832//405
f 1825//406 1839//406 1840//406
f 1818//407 1447//407 1833//407
f 1457//585 1832//585 1847//585
f 1825//409 1841//409 1826//409
f 1838//424 1852//424 1853//424
f 1845//425 1861//425 1846//425
f 1839//426 1853//426 1854//426
f 1846//586 1862//586 1847//586
f 1840//428 1854//428 1855//428
f 1833//429 1447//429 1848//429
f 1457//430 1847//430 1862//430
f 1840//431 1856//431 1841//431
f 1834//432 1848//432 1849//432
f 1841//417 1857//417 1842//417
f 1835//418 1849//418 1850//418
f 1842//419 1858//419 1843//419
f 1836//420 1850//420 1851//420
f 1843//421 1859//421 1844//421
f 1837//422 1851//422 1852//422
f 1844//423 1860//423 1845//423
f 1856//441 1872//441 1857//441
f 1850//442 1864//442 1865//442
f 1857//587 1873//587 1858//587
f 1851//536 1865//536 1866//536
f 1858//445 1874//445 1859//445
f 1852//446 1866//446 1867//446
f 1859//447 1875//447 1860//447
f 1853//588 1867//588 1868//588
f 1860//433 1876//433 1861//433
f 1854//434 1868//434 1869//434
f 1861//533 1877//533 1862//533
f 1855//436 1869//436 1870//436
f 1848//437 1447//437 1863//437
f 1457//438 1862//438 1877//438
f 1855//439 1871//439 1856//439
f 1849//440 1863//440 1864//440
f 1875//456 1891//456 1876//456
f 1869//457 1883//457 1884//457
f 1876//458 1892//458 1877//458
f 1870//459 1884//459 1885//459
f 1863//460 1447//460 1878//460
f 1457//461 1877//461 1892//461
f 1870//462 1886//462 1871//462
f 1864//463 1878//463 1879//463
f 1871//464 1887//464 1872//464
f 1865//449 1879//449 1880//449
f 1872//450 1888//450 1873//450
f 1866//451 1880//451 1881//451
f 1873//452 1889//452 1874//452
f 1867//453 1881//453 1882//453
f 1874//454 1890//454 1875//454
f 1868//455 1882//455 1883//455
f 1887//474 1903//474 1888//474
f 1881//475 1895//475 1896//475
f 1888//589 1904//589 1889//589
f 1882//558 1896//558 1897//558
f 1889//478 1905//478 1890//478
f 1883//479 1897//479 1898//479
f 1890//480 1906//480 1891//480
f 1884//465 1898//465 1899//465
f 1891//466 1907//466 1892//466
f 1885//467 1899//467 1900//467
f 1878//468 1447//468 1893//468
f 1457//469 1892//469 1907//469
f 1885//470 1901//470 1886//470
f 1879//471 1893//471 1894//471
f 1886//472 1902//472 1887//472
f 1880//473 1894//473 1895//473
f 1906//489 1922//489 1907//489
f 1900//490 1914//490 1915//490
f 1893//491 1447//491 1908//491
f 1457//492 1907//492 1922//492
f 1900//493 1916//493 1901//493
f 1894//494 1908//494 1909//494
f 1901//495 1917//495 1902//495
f 1895//496 1909//496 1910//496
f 1902//481 1918//481 1903//481
f 1896//482 1910//482 1911//482
f 1903//483 1919//483 1904//483
f 1897//484 1911//484 1912//484
f 1904//485 1920//485 1905//485
f 1898//486 1912//486 1913//486
f 1905//487 1921//487 1906//487
f 1899//488 1913//488 1914//488
f 1911//506 1448//506 1449//506
f 1918//507 1926//507 1919//507
f 1912//508 1449//508 1925//508
f 1919//509 1456//509 1920//509
f 1913//510 1925//510 1450//510
f 1920//511 1927//511 1921//511
f 1914//512 1450//512 1451//512
f 1921//497 1928//497 1922//497
f 1915//498 1451//498 1452//498
f 1908//590 1447//590 1923//590
f 1457//500 1922//500 1928//500
f 1915//501 1453//501 1916//501
f 1909//502 1923//502 1924//502
f 1916//503 1454//503 1917//503
f 1910//561 1924//561 1448//561
f 1917//505 1455//505 1918//505
f 1935//8 1946//8 1947//8
f 2403//514 1940//514 1931//514
f 2407//10 1947//10 1948//10
f 1931//11 1941//11 1932//11
f 1936//12 1948//12 1949//12
f 1932//13 1942//13 2404//13
f 2408//14 1949//14 1950//14
f 2404//15 1943//15 1933//15
f 2409//16 1950//16 1951//16
f 1933//1 1944//1 2405//1
f 2410//591 1951//591 1952//591
f 2405//3 1945//3 1934//3
f 1930//4 1929//4 1938//4
f 1937//592 2410//592 1952//592
f 2406//6 1945//6 1946//6
f 1930//7 1939//7 2403//7
f 1938//593 1929//593 1953//593
f 1937//594 1952//594 1967//594
f 1946//24 1960//24 1961//24
f 1938//25 1954//25 1939//25
f 1947//26 1961//26 1962//26
f 1939//27 1955//27 1940//27
f 1948//28 1962//28 1963//28
f 1940//29 1956//29 1941//29
f 1949//30 1963//30 1964//30
f 1941//31 1957//31 1942//31
f 1950//32 1964//32 1965//32
f 1942//17 1958//17 1943//17
f 1951//18 1965//18 1966//18
f 1943//19 1959//19 1944//19
f 1952//563 1966//563 1967//563
f 1944//21 1960//21 1945//21
f 1956//595 1972//595 1957//595
f 1965//39 1979//39 1980//39
f 1957//40 1973//40 1958//40
f 1966//41 1980//41 1981//41
f 1958//42 1974//42 1959//42
f 1967//43 1981//43 1982//43
f 1959//44 1975//44 1960//44
f 1953//596 1929//596 1968//596
f 1937//46 1967//46 1982//46
f 1961//47 1975//47 1976//47
f 1953//48 1969//48 1954//48
f 1962//33 1976//33 1977//33
f 1954//34 1970//34 1955//34
f 1963//35 1977//35 1978//35
f 1955//36 1971//36 1956//36
f 1964//37 1978//37 1979//37
f 1976//55 1990//55 1991//55
f 1968//56 1984//56 1969//56
f 1977//57 1991//57 1992//57
f 1969//58 1985//58 1970//58
f 1978//59 1992//59 1993//59
f 1970//60 1986//60 1971//60
f 1979//61 1993//61 1994//61
f 1971//62 1987//62 1972//62
f 1980//63 1994//63 1995//63
f 1972//64 1988//64 1973//64
f 1981//597 1995//597 1996//597
f 1973//50 1989//50 1974//50
f 1982//51 1996//51 1997//51
f 1974//52 1990//52 1975//52
f 1968//53 1929//53 1983//53
f 1937//598 1982//598 1997//598
f 1995//516 2009//516 2010//516
f 1987//517 2003//517 1988//517
f 1996//72 2010//72 2011//72
f 1988//73 2004//73 1989//73
f 1997//543 2011//543 2012//543
f 1989//75 2005//75 1990//75
f 1983//76 1929//76 1998//76
f 1937//77 1997//77 2012//77
f 1991//78 2005//78 2006//78
f 1983//515 1999//515 1984//515
f 1992//80 2006//80 2007//80
f 1984//65 2000//65 1985//65
f 1993//565 2007//565 2008//565
f 1985//67 2001//67 1986//67
f 1994//68 2008//68 2009//68
f 1986//69 2002//69 1987//69
f 2007//88 2021//88 2022//88
f 1999//89 2015//89 2000//89
f 2008//90 2022//90 2023//90
f 2000//91 2016//91 2001//91
f 2009//92 2023//92 2024//92
f 2001//93 2017//93 2002//93
f 2010//94 2024//94 2025//94
f 2002//95 2018//95 2003//95
f 2011//599 2025//599 2026//599
f 2003//81 2019//81 2004//81
f 2012//82 2026//82 2027//82
f 2004//83 2020//83 2005//83
f 1998//84 1929//84 2013//84
f 1937//85 2012//85 2027//85
f 2006//86 2020//86 2021//86
f 1998//567 2014//567 1999//567
f 2026//519 2040//519 2041//519
f 2018//104 2034//104 2019//104
f 2027//105 2041//105 2042//105
f 2019//106 2035//106 2020//106
f 2013//600 1929//600 2028//600
f 1937//569 2027//569 2042//569
f 2021//109 2035//109 2036//109
f 2013//110 2029//110 2014//110
f 2022//111 2036//111 2037//111
f 2014//601 2030//601 2015//601
f 2023//97 2037//97 2038//97
f 2015//98 2031//98 2016//98
f 2024//99 2038//99 2039//99
f 2016//100 2032//100 2017//100
f 2025//101 2039//101 2040//101
f 2017//102 2033//102 2018//102
f 2029//120 2045//120 2030//120
f 2038//121 2052//121 2053//121
f 2030//122 2046//122 2031//122
f 2039//123 2053//123 2054//123
f 2031//124 2047//124 2032//124
f 2040//125 2054//125 2055//125
f 2032//126 2048//126 2033//126
f 2041//127 2055//127 2056//127
f 2033//128 2049//128 2034//128
f 2042//113 2056//113 2057//113
f 2034//114 2050//114 2035//114
f 2028//115 1929//115 2043//115
f 1937//116 2042//116 2057//116
f 2036//117 2050//117 2051//117
f 2028//118 2044//118 2029//118
f 2037//119 2051//119 2052//119
f 2049//134 2063//134 2064//134
f 2056//135 2072//135 2057//135
f 2050//136 2064//136 2065//136
f 2043//137 1929//137 2058//137
f 1937//138 2057//138 2072//138
f 2050//139 2066//139 2051//139
f 2044//140 2058//140 2059//140
f 2051//141 2067//141 2052//141
f 2045//142 2059//142 2060//142
f 2052//143 2068//143 2053//143
f 2046//144 2060//144 2061//144
f 2053//129 2069//129 2054//129
f 2047//130 2061//130 2062//130
f 2054//131 2070//131 2055//131
f 2048//132 2062//132 2063//132
f 2055//133 2071//133 2056//133
f 2067//151 2083//151 2068//151
f 2061//152 2075//152 2076//152
f 2068//153 2084//153 2069//153
f 2062//154 2076//154 2077//154
f 2069//155 2085//155 2070//155
f 2063//156 2077//156 2078//156
f 2070//157 2086//157 2071//157
f 2064//158 2078//158 2079//158
f 2071//159 2087//159 2072//159
f 2065//160 2079//160 2080//160
f 2058//602 1929//602 2073//602
f 1937//570 2072//570 2087//570
f 2065//147 2081//147 2066//147
f 2059//148 2073//148 2074//148
f 2066//149 2082//149 2067//149
f 2060//603 2074//603 2075//603
f 2086//166 2102//166 2087//166
f 2080//167 2094//167 2095//167
f 2073//168 1929//168 2088//168
f 1937//169 2087//169 2102//169
f 2080//170 2096//170 2081//170
f 2074//171 2088//171 2089//171
f 2081//172 2097//172 2082//172
f 2075//173 2089//173 2090//173
f 2082//174 2098//174 2083//174
f 2076//175 2090//175 2091//175
f 2083//176 2099//176 2084//176
f 2077//161 2091//161 2092//161
f 2084//162 2100//162 2085//162
f 2078//163 2092//163 2093//163
f 2085//164 2101//164 2086//164
f 2079//165 2093//165 2094//165
f 2091//573 2105//573 2106//573
f 2098//183 2114//183 2099//183
f 2092//184 2106//184 2107//184
f 2099//522 2115//522 2100//522
f 2093//523 2107//523 2108//523
f 2100//187 2116//187 2101//187
f 2094//188 2108//188 2109//188
f 2101//545 2117//545 2102//545
f 2095//190 2109//190 2110//190
f 2088//191 1929//191 2103//191
f 1937//192 2102//192 2117//192
f 2095//177 2111//177 2096//177
f 2089//178 2103//178 2104//178
f 2096//179 2112//179 2097//179
f 2090//180 2104//180 2105//180
f 2097//181 2113//181 2098//181
f 2110//198 2124//198 2125//198
f 2103//199 1929//199 2118//199
f 1937//604 2117//604 2132//604
f 2110//201 2126//201 2111//201
f 2104//202 2118//202 2119//202
f 2111//203 2127//203 2112//203
f 2105//204 2119//204 2120//204
f 2112//205 2128//205 2113//205
f 2106//206 2120//206 2121//206
f 2113//207 2129//207 2114//207
f 2107//208 2121//208 2122//208
f 2114//193 2130//193 2115//193
f 2108//194 2122//194 2123//194
f 2115//195 2131//195 2116//195
f 2109//196 2123//196 2124//196
f 2116//197 2132//197 2117//197
f 2128//605 2144//605 2129//605
f 2122//606 2136//606 2137//606
f 2129//216 2145//216 2130//216
f 2123//217 2137//217 2138//217
f 2130//218 2146//218 2131//218
f 2124//219 2138//219 2139//219
f 2131//220 2147//220 2132//220
f 2125//221 2139//221 2140//221
f 2118//549 1929//549 2133//549
f 1937//223 2132//223 2147//223
f 2125//224 2141//224 2126//224
f 2119//209 2133//209 2134//209
f 2126//210 2142//210 2127//210
f 2120//211 2134//211 2135//211
f 2127//607 2143//607 2128//607
f 2121//213 2135//213 2136//213
f 1937//608 2147//608 2162//608
f 2140//232 2156//232 2141//232
f 2134//609 2148//609 2149//609
f 2141//234 2157//234 2142//234
f 2135//235 2149//235 2150//235
f 2142//236 2158//236 2143//236
f 2136//237 2150//237 2151//237
f 2143//238 2159//238 2144//238
f 2137//239 2151//239 2152//239
f 2144//240 2160//240 2145//240
f 2138//225 2152//225 2153//225
f 2145//226 2161//226 2146//226
f 2139//227 2153//227 2154//227
f 2146//228 2162//228 2147//228
f 2140//229 2154//229 2155//229
f 2133//610 1929//610 2148//610
f 2159//611 2175//611 2160//611
f 2153//248 2167//248 2168//248
f 2160//551 2176//551 2161//551
f 2154//250 2168//250 2169//250
f 2161//251 2177//251 2162//251
f 2155//252 2169//252 2170//252
f 2148//253 1929//253 2163//253
f 1937//612 2162//612 2177//612
f 2155//255 2171//255 2156//255
f 2149//256 2163//256 2164//256
f 2156//241 2172//241 2157//241
f 2150//524 2164//524 2165//524
f 2157//243 2173//243 2158//243
f 2151//244 2165//244 2166//244
f 2158//245 2174//245 2159//245
f 2152//246 2166//246 2167//246
f 2163//264 2179//264 2164//264
f 2172//265 2186//265 2187//265
f 2164//266 2180//266 2165//266
f 2173//267 2187//267 2188//267
f 2165//268 2181//268 2166//268
f 2174//269 2188//269 2189//269
f 2166//270 2182//270 2167//270
f 2175//613 2189//613 2190//613
f 2167//272 2183//272 2168//272
f 2176//552 2190//552 2191//552
f 2168//258 2184//258 2169//258
f 2177//259 2191//259 2192//259
f 2169//260 2185//260 2170//260
f 2163//261 1929//261 2178//261
f 1937//614 2177//614 2192//614
f 2171//263 2185//263 2186//263
f 2182//278 2198//278 2183//278
f 2191//279 2205//279 2206//279
f 2183//280 2199//280 2184//280
f 2192//281 2206//281 2207//281
f 2184//282 2200//282 2185//282
f 2178//615 1929//615 2193//615
f 1937//616 2192//616 2207//616
f 2186//285 2200//285 2201//285
f 2178//286 2194//286 2179//286
f 2187//287 2201//287 2202//287
f 2179//288 2195//288 2180//288
f 2188//273 2202//273 2203//273
f 2180//274 2196//274 2181//274
f 2189//275 2203//275 2204//275
f 2181//276 2197//276 2182//276
f 2190//277 2204//277 2205//277
f 2202//295 2216//295 2217//295
f 2194//296 2210//296 2195//296
f 2203//297 2217//297 2218//297
f 2195//298 2211//298 2196//298
f 2204//299 2218//299 2219//299
f 2196//617 2212//617 2197//617
f 2205//301 2219//301 2220//301
f 2197//302 2213//302 2198//302
f 2206//303 2220//303 2221//303
f 2198//304 2214//304 2199//304
f 2207//289 2221//289 2222//289
f 2199//290 2215//290 2200//290
f 2193//553 1929//553 2208//553
f 1937//292 2207//292 2222//292
f 2201//293 2215//293 2216//293
f 2193//294 2209//294 2194//294
f 2221//618 2235//618 2236//618
f 2213//311 2229//311 2214//311
f 2222//312 2236//312 2237//312
f 2214//313 2230//313 2215//313
f 2208//314 1929//314 2223//314
f 1937//619 2222//619 2237//619
f 2216//316 2230//316 2231//316
f 2208//317 2224//317 2209//317
f 2217//318 2231//318 2232//318
f 2209//319 2225//319 2210//319
f 2218//320 2232//320 2233//320
f 2210//305 2226//305 2211//305
f 2219//306 2233//306 2234//306
f 2211//307 2227//307 2212//307
f 2220//308 2234//308 2235//308
f 2212//309 2228//309 2213//309
f 2224//327 2240//327 2225//327
f 2233//527 2247//527 2248//527
f 2225//582 2241//582 2226//582
f 2234//330 2248//330 2249//330
f 2226//331 2242//331 2227//331
f 2235//332 2249//332 2250//332
f 2227//529 2243//529 2228//529
f 2236//334 2250//334 2251//334
f 2228//335 2244//335 2229//335
f 2237//525 2251//525 2252//525
f 2229//321 2245//321 2230//321
f 2223//322 1929//322 2238//322
f 1937//323 2237//323 2252//323
f 2231//324 2245//324 2246//324
f 2223//325 2239//325 2224//325
f 2232//326 2246//326 2247//326
f 2243//342 2259//342 2244//342
f 2252//343 2266//343 2267//343
f 2244//344 2260//344 2245//344
f 2238//345 1929//345 2253//345
f 1937//346 2252//346 2267//346
f 2246//347 2260//347 2261//347
f 2238//348 2254//348 2239//348
f 2247//349 2261//349 2262//349
f 2239//350 2255//350 2240//350
f 2248//351 2262//351 2263//351
f 2240//352 2256//352 2241//352
f 2249//337 2263//337 2264//337
f 2241//338 2257//338 2242//338
f 2250//339 2264//339 2265//339
f 2242//340 2258//340 2243//340
f 2251//620 2265//620 2266//620
f 2263//359 2277//359 2278//359
f 2255//360 2271//360 2256//360
f 2264//361 2278//361 2279//361
f 2256//362 2272//362 2257//362
f 2265//363 2279//363 2280//363
f 2257//364 2273//364 2258//364
f 2266//365 2280//365 2281//365
f 2258//366 2274//366 2259//366
f 2267//367 2281//367 2282//367
f 2259//368 2275//368 2260//368
f 2253//353 1929//353 2268//353
f 1937//354 2267//354 2282//354
f 2261//355 2275//355 2276//355
f 2253//356 2269//356 2254//356
f 2262//357 2276//357 2277//357
f 2254//621 2270//621 2255//621
f 2282//374 2296//374 2297//374
f 2274//375 2290//375 2275//375
f 2268//376 1929//376 2283//376
f 1937//377 2282//377 2297//377
f 2276//378 2290//378 2291//378
f 2268//379 2284//379 2269//379
f 2277//380 2291//380 2292//380
f 2269//381 2285//381 2270//381
f 2278//382 2292//382 2293//382
f 2270//383 2286//383 2271//383
f 2279//384 2293//384 2294//384
f 2271//369 2287//369 2272//369
f 2280//370 2294//370 2295//370
f 2272//371 2288//371 2273//371
f 2281//372 2295//372 2296//372
f 2273//373 2289//373 2274//373
f 2293//391 2309//391 2294//391
f 2287//392 2301//392 2302//392
f 2294//393 2310//393 2295//393
f 2288//394 2302//394 2303//394
f 2295//395 2311//395 2296//395
f 2289//396 2303//396 2304//396
f 2296//397 2312//397 2297//397
f 2290//398 2304//398 2305//398
f 2283//399 1929//399 2298//399
f 1937//622 2297//622 2312//622
f 2290//385 2306//385 2291//385
f 2284//386 2298//386 2299//386
f 2291//387 2307//387 2292//387
f 2285//388 2299//388 2300//388
f 2292//389 2308//389 2293//389
f 2286//390 2300//390 2301//390
f 2298//531 1929//531 2313//531
f 1937//585 2312//585 2327//585
f 2305//409 2321//409 2306//409
f 2299//410 2313//410 2314//410
f 2306//411 2322//411 2307//411
f 2300//623 2314//623 2315//623
f 2307//413 2323//413 2308//413
f 2301//414 2315//414 2316//414
f 2308//415 2324//415 2309//415
f 2302//416 2316//416 2317//416
f 2309//401 2325//401 2310//401
f 2303//402 2317//402 2318//402
f 2310//403 2326//403 2311//403
f 2304//404 2318//404 2319//404
f 2311//405 2327//405 2312//405
f 2305//406 2319//406 2320//406
f 2317//422 2331//422 2332//422
f 2324//423 2340//423 2325//423
f 2318//424 2332//424 2333//424
f 2325//624 2341//624 2326//624
f 2319//426 2333//426 2334//426
f 2326//427 2342//427 2327//427
f 2320//428 2334//428 2335//428
f 2313//429 1929//429 2328//429
f 1937//430 2327//430 2342//430
f 2320//431 2336//431 2321//431
f 2314//432 2328//432 2329//432
f 2321//417 2337//417 2322//417
f 2315//418 2329//418 2330//418
f 2322//419 2338//419 2323//419
f 2316//420 2330//420 2331//420
f 2323//421 2339//421 2324//421
f 2335//439 2351//439 2336//439
f 2329//535 2343//535 2344//535
f 2336//441 2352//441 2337//441
f 2330//442 2344//442 2345//442
f 2337//443 2353//443 2338//443
f 2331//444 2345//444 2346//444
f 2338//445 2354//445 2339//445
f 2332//446 2346//446 2347//446
f 2339//532 2355//532 2340//532
f 2333//588 2347//588 2348//588
f 2340//433 2356//433 2341//433
f 2334//434 2348//434 2349//434
f 2341//435 2357//435 2342//435
f 2335//436 2349//436 2350//436
f 2328//437 1929//437 2343//437
f 1937//438 2342//438 2357//438
f 2354//454 2370//454 2355//454
f 2348//455 2362//455 2363//455
f 2355//456 2371//456 2356//456
f 2349//457 2363//457 2364//457
f 2356//458 2372//458 2357//458
f 2350//459 2364//459 2365//459
f 2343//460 1929//460 2358//460
f 1937//625 2357//625 2372//625
f 2350//462 2366//462 2351//462
f 2344//463 2358//463 2359//463
f 2351//464 2367//464 2352//464
f 2345//449 2359//449 2360//449
f 2352//450 2368//450 2353//450
f 2346//451 2360//451 2361//451
f 2353//452 2369//452 2354//452
f 2347//453 2361//453 2362//453
f 2359//471 2373//471 2374//471
f 2366//472 2382//472 2367//472
f 2360//473 2374//473 2375//473
f 2367//474 2383//474 2368//474
f 2361//475 2375//475 2376//475
f 2368//476 2384//476 2369//476
f 2362//626 2376//626 2377//626
f 2369//478 2385//478 2370//478
f 2363//479 2377//479 2378//479
f 2370//480 2386//480 2371//480
f 2364//465 2378//465 2379//465
f 2371//466 2387//466 2372//466
f 2365//467 2379//467 2380//467
f 2358//559 1929//559 2373//559
f 1937//469 2372//469 2387//469
f 2365//470 2381//470 2366//470
f 2378//486 2392//486 2393//486
f 2385//487 2401//487 2386//487
f 2379//488 2393//488 2394//488
f 2386//627 2402//627 2387//627
f 2380//490 2394//490 2395//490
f 2373//628 1929//628 2388//628
f 1937//629 2387//629 2402//629
f 2380//493 2396//493 2381//493
f 2374//494 2388//494 2389//494
f 2381//495 2397//495 2382//495
f 2375//496 2389//496 2390//496
f 2382//481 2398//481 2383//481
f 2376//482 2390//482 2391//482
f 2383//483 2399//483 2384//483
f 2377//484 2391//484 2392//484
f 2384//485 2400//485 2385//485
f 2396//503 1935//503 2397//503
f 2390//504 2403//504 1931//504
f 2397//505 2407//505 2398//505
f 2391//506 1931//506 1932//506
f 2398//507 1936//507 2399//507
f 2392//508 1932//508 2404//508
f 2399//630 2408//630 2400//630
f 2393//510 2404//510 1933//510
f 2400//560 2409//560 2401//560
f 2394//512 1933//512 2405//512
f 2401//497 2410//497 2402//497
f 2395//498 2405//498 1934//498
f 2388//499 1929//499 1930//499
f 1937//631 2402//631 2410//631
f 2395//501 2406//501 2396//501
f 2389//502 1930//502 2403//502
f 2412//4 2411//4 2421//4
f 2420//5 2892//5 2435//5
f 2417//6 2428//6 2429//6
f 2412//7 2422//7 2886//7
f 2889//8 2429//8 2430//8
f 2886//9 2423//9 2413//9
f 2418//10 2430//10 2431//10
f 2413//11 2424//11 2414//11
f 2890//12 2431//12 2432//12
f 2414//13 2425//13 2887//13
f 2419//14 2432//14 2433//14
f 2887//15 2426//15 2415//15
f 2891//16 2433//16 2434//16
f 2415//1 2427//1 2888//1
f 2892//2 2434//2 2435//2
f 2888//3 2428//3 2416//3
f 2435//20 2449//20 2450//20
f 2427//21 2443//21 2428//21
f 2421//22 2411//22 2436//22
f 2420//23 2435//23 2450//23
f 2429//24 2443//24 2444//24
f 2421//25 2437//25 2422//25
f 2430//26 2444//26 2445//26
f 2422//27 2438//27 2423//27
f 2431//28 2445//28 2446//28
f 2423//29 2439//29 2424//29
f 2432//30 2446//30 2447//30
f 2424//31 2440//31 2425//31
f 2433//32 2447//32 2448//32
f 2425//17 2441//17 2426//17
f 2434//18 2448//18 2449//18
f 2426//19 2442//19 2427//19
f 2438//36 2454//36 2439//36
f 2447//632 2461//632 2462//632
f 2439//633 2455//633 2440//633
f 2448//39 2462//39 2463//39
f 2440//40 2456//40 2441//40
f 2449//41 2463//41 2464//41
f 2441//42 2457//42 2442//42
f 2450//43 2464//43 2465//43
f 2442//44 2458//44 2443//44
f 2436//45 2411//45 2451//45
f 2420//540 2450//540 2465//540
f 2444//47 2458//47 2459//47
f 2436//48 2452//48 2437//48
f 2445//33 2459//33 2460//33
f 2437//34 2453//34 2438//34
f 2446//35 2460//35 2461//35
f 2457//52 2473//52 2458//52
f 2451//53 2411//53 2466//53
f 2420//54 2465//54 2480//54
f 2459//55 2473//55 2474//55
f 2451//56 2467//56 2452//56
f 2460//57 2474//57 2475//57
f 2452//58 2468//58 2453//58
f 2461//59 2475//59 2476//59
f 2453//60 2469//60 2454//60
f 2462//61 2476//61 2477//61
f 2454//62 2470//62 2455//62
f 2463//63 2477//63 2478//63
f 2455//64 2471//64 2456//64
f 2464//49 2478//49 2479//49
f 2456//50 2472//50 2457//50
f 2465//51 2479//51 2480//51
f 2477//68 2491//68 2492//68
f 2469//69 2485//69 2470//69
f 2478//70 2492//70 2493//70
f 2470//71 2486//71 2471//71
f 2479//72 2493//72 2494//72
f 2471//73 2487//73 2472//73
f 2480//74 2494//74 2495//74
f 2472//75 2488//75 2473//75
f 2466//634 2411//634 2481//634
f 2420//77 2480//77 2495//77
f 2474//78 2488//78 2489//78
f 2466//515 2482//515 2467//515
f 2475//80 2489//80 2490//80
f 2467//65 2483//65 2468//65
f 2476//66 2490//66 2491//66
f 2468//566 2484//566 2469//566
f 2481//84 2411//84 2496//84
f 2420//85 2495//85 2510//85
f 2489//86 2503//86 2504//86
f 2481//87 2497//87 2482//87
f 2490//88 2504//88 2505//88
f 2482//89 2498//89 2483//89
f 2491//90 2505//90 2506//90
f 2483//91 2499//91 2484//91
f 2492//92 2506//92 2507//92
f 2484//93 2500//93 2485//93
f 2493//94 2507//94 2508//94
f 2485//95 2501//95 2486//95
f 2494//96 2508//96 2509//96
f 2486//81 2502//81 2487//81
f 2495//82 2509//82 2510//82
f 2487//83 2503//83 2488//83
f 2499//100 2515//100 2500//100
f 2508//101 2522//101 2523//101
f 2500//102 2516//102 2501//102
f 2509//519 2523//519 2524//519
f 2501//104 2517//104 2502//104
f 2510//105 2524//105 2525//105
f 2502//106 2518//106 2503//106
f 2496//107 2411//107 2511//107
f 2420//569 2510//569 2525//569
f 2504//109 2518//109 2519//109
f 2496//110 2512//110 2497//110
f 2505//111 2519//111 2520//111
f 2497//112 2513//112 2498//112
f 2506//97 2520//97 2521//97
f 2498//98 2514//98 2499//98
f 2507//99 2521//99 2522//99
f 2519//117 2533//117 2534//117
f 2511//118 2527//118 2512//118
f 2520//119 2534//119 2535//119
f 2512//120 2528//120 2513//120
f 2521//121 2535//121 2536//121
f 2513//122 2529//122 2514//122
f 2522//123 2536//123 2537//123
f 2514//124 2530//124 2515//124
f 2523//125 2537//125 2538//125
f 2515//126 2531//126 2516//126
f 2524//127 2538//127 2539//127
f 2516//128 2532//128 2517//128
f 2525//113 2539//113 2540//113
f 2517//114 2533//114 2518//114
f 2511//115 2411//115 2526//115
f 2420//635 2525//635 2540//635
f 2537//131 2553//131 2538//131
f 2531//132 2545//132 2546//132
f 2538//133 2554//133 2539//133
f 2532//134 2546//134 2547//134
f 2539//135 2555//135 2540//135
f 2533//136 2547//136 2548//136
f 2526//137 2411//137 2541//137
f 2420//138 2540//138 2555//138
f 2533//139 2549//139 2534//139
f 2527//140 2541//140 2542//140
f 2534//141 2550//141 2535//141
f 2528//142 2542//142 2543//142
f 2535//143 2551//143 2536//143
f 2529//144 2543//144 2544//144
f 2536//129 2552//129 2537//129
f 2530//130 2544//130 2545//130
f 2549//149 2565//149 2550//149
f 2543//150 2557//150 2558//150
f 2550//151 2566//151 2551//151
f 2544//152 2558//152 2559//152
f 2551//153 2567//153 2552//153
f 2545//154 2559//154 2560//154
f 2552//155 2568//155 2553//155
f 2546//156 2560//156 2561//156
f 2553//520 2569//520 2554//520
f 2547//158 2561//158 2562//158
f 2554//159 2570//159 2555//159
f 2548//160 2562//160 2563//160
f 2541//602 2411//602 2556//602
f 2420//570 2555//570 2570//570
f 2548//147 2564//147 2549//147
f 2542//148 2556//148 2557//148
f 2568//164 2584//164 2569//164
f 2562//165 2576//165 2577//165
f 2569//166 2585//166 2570//166
f 2563//167 2577//167 2578//167
f 2556//168 2411//168 2571//168
f 2420//169 2570//169 2585//169
f 2563//170 2579//170 2564//170
f 2557//171 2571//171 2572//171
f 2564//172 2580//172 2565//172
f 2558//571 2572//571 2573//571
f 2565//174 2581//174 2566//174
f 2559//175 2573//175 2574//175
f 2566//176 2582//176 2567//176
f 2560//161 2574//161 2575//161
f 2567//162 2583//162 2568//162
f 2561//163 2575//163 2576//163
f 2573//180 2587//180 2588//180
f 2580//636 2596//636 2581//636
f 2574//573 2588//573 2589//573
f 2581//183 2597//183 2582//183
f 2575//184 2589//184 2590//184
f 2582//185 2598//185 2583//185
f 2576//186 2590//186 2591//186
f 2583//187 2599//187 2584//187
f 2577//188 2591//188 2592//188
f 2584//545 2600//545 2585//545
f 2578//637 2592//637 2593//637
f 2571//546 2411//546 2586//546
f 2420//192 2585//192 2600//192
f 2578//177 2594//177 2579//177
f 2572//521 2586//521 2587//521
f 2579//179 2595//179 2580//179
f 2592//196 2606//196 2607//196
f 2599//197 2615//197 2600//197
f 2593//198 2607//198 2608//198
f 2586//199 2411//199 2601//199
f 2420//200 2600//200 2615//200
f 2593//201 2609//201 2594//201
f 2587//202 2601//202 2602//202
f 2594//203 2610//203 2595//203
f 2588//204 2602//204 2603//204
f 2595//205 2611//205 2596//205
f 2589//206 2603//206 2604//206
f 2596//207 2612//207 2597//207
f 2590//208 2604//208 2605//208
f 2597//193 2613//193 2598//193
f 2591//194 2605//194 2606//194
f 2598//195 2614//195 2599//195
f 2610//212 2626//212 2611//212
f 2604//638 2618//638 2619//638
f 2611//214 2627//214 2612//214
f 2605//215 2619//215 2620//215
f 2612//216 2628//216 2613//216
f 2606//217 2620//217 2621//217
f 2613//218 2629//218 2614//218
f 2607//219 2621//219 2622//219
f 2614//220 2630//220 2615//220
f 2608//221 2622//221 2623//221
f 2601//222 2411//222 2616//222
f 2420//223 2615//223 2630//223
f 2608//224 2624//224 2609//224
f 2602//209 2616//209 2617//209
f 2609//210 2625//210 2610//210
f 2603//211 2617//211 2618//211
f 2629//228 2645//228 2630//228
f 2623//229 2637//229 2638//229
f 2616//230 2411//230 2631//230
f 2420//231 2630//231 2645//231
f 2623//232 2639//232 2624//232
f 2617//233 2631//233 2632//233
f 2624//234 2640//234 2625//234
f 2618//235 2632//235 2633//235
f 2625//236 2641//236 2626//236
f 2619//237 2633//237 2634//237
f 2626//238 2642//238 2627//238
f 2620//239 2634//239 2635//239
f 2627//240 2643//240 2628//240
f 2621//225 2635//225 2636//225
f 2628//226 2644//226 2629//226
f 2622//227 2636//227 2637//227
f 2634//639 2648//639 2649//639
f 2641//640 2657//640 2642//640
f 2635//641 2649//641 2650//641
f 2642//247 2658//247 2643//247
f 2636//248 2650//248 2651//248
f 2643//551 2659//551 2644//551
f 2637//642 2651//642 2652//642
f 2644//251 2660//251 2645//251
f 2638//252 2652//252 2653//252
f 2631//253 2411//253 2646//253
f 2420//254 2645//254 2660//254
f 2638//255 2654//255 2639//255
f 2632//256 2646//256 2647//256
f 2639//241 2655//241 2640//241
f 2633//242 2647//242 2648//242
f 2640//243 2656//243 2641//243
f 2652//260 2668//260 2653//260
f 2646//261 2411//261 2661//261
f 2420//262 2660//262 2675//262
f 2654//263 2668//263 2669//263
f 2646//264 2662//264 2647//264
f 2655//265 2669//265 2670//265
f 2647//266 2663//266 2648//266
f 2656//267 2670//267 2671//267
f 2648//268 2664//268 2649//268
f 2657//269 2671//269 2672//269
f 2649//270 2665//270 2650//270
f 2658//271 2672//271 2673//271
f 2650//272 2666//272 2651//272
f 2659//552 2673//552 2674//552
f 2651//643 2667//643 2652//643
f 2660//259 2674//259 2675//259
f 2672//644 2686//644 2687//644
f 2664//276 2680//276 2665//276
f 2673//277 2687//277 2688//277
f 2665//278 2681//278 2666//278
f 2674//279 2688//279 2689//279
f 2666//280 2682//280 2667//280
f 2675//281 2689//281 2690//281
f 2667//282 2683//282 2668//282
f 2661//283 2411//283 2676//283
f 2420//284 2675//284 2690//284
f 2669//285 2683//285 2684//285
f 2661//286 2677//286 2662//286
f 2670//287 2684//287 2685//287
f 2662//288 2678//288 2663//288
f 2671//273 2685//273 2686//273
f 2663//274 2679//274 2664//274
f 2420//292 2690//292 2705//292
f 2684//293 2698//293 2699//293
f 2676//294 2692//294 2677//294
f 2685//295 2699//295 2700//295
f 2677//296 2693//296 2678//296
f 2686//297 2700//297 2701//297
f 2678//298 2694//298 2679//298
f 2687//645 2701//645 2702//645
f 2679//617 2695//617 2680//617
f 2688//301 2702//301 2703//301
f 2680//302 2696//302 2681//302
f 2689//303 2703//303 2704//303
f 2681//304 2697//304 2682//304
f 2690//289 2704//289 2705//289
f 2682//290 2698//290 2683//290
f 2676//291 2411//291 2691//291
f 2703//308 2717//308 2718//308
f 2695//309 2711//309 2696//309
f 2704//310 2718//310 2719//310
f 2696//311 2712//311 2697//311
f 2705//312 2719//312 2720//312
f 2697//313 2713//313 2698//313
f 2691//314 2411//314 2706//314
f 2420//315 2705//315 2720//315
f 2699//316 2713//316 2714//316
f 2691//317 2707//317 2692//317
f 2700//318 2714//318 2715//318
f 2692//319 2708//319 2693//319
f 2701//320 2715//320 2716//320
f 2693//305 2709//305 2694//305
f 2702//306 2716//306 2717//306
f 2694//307 2710//307 2695//307
f 2706//325 2722//325 2707//325
f 2715//326 2729//326 2730//326
f 2707//327 2723//327 2708//327
f 2716//527 2730//527 2731//527
f 2708//582 2724//582 2709//582
f 2717//330 2731//330 2732//330
f 2709//331 2725//331 2710//331
f 2718//332 2732//332 2733//332
f 2710//646 2726//646 2711//646
f 2719//334 2733//334 2734//334
f 2711//335 2727//335 2712//335
f 2720//336 2734//336 2735//336
f 2712//321 2728//321 2713//321
f 2706//647 2411//647 2721//647
f 2420//323 2720//323 2735//323
f 2714//324 2728//324 2729//324
f 2725//340 2741//340 2726//340
f 2734//341 2748//341 2749//341
f 2726//342 2742//342 2727//342
f 2735//343 2749//343 2750//343
f 2727//344 2743//344 2728//344
f 2721//345 2411//345 2736//345
f 2420//346 2735//346 2750//346
f 2729//347 2743//347 2744//347
f 2721//348 2737//348 2722//348
f 2730//349 2744//349 2745//349
f 2722//583 2738//583 2723//583
f 2731//351 2745//351 2746//351
f 2723//352 2739//352 2724//352
f 2732//337 2746//337 2747//337
f 2724//338 2740//338 2725//338
f 2733//339 2747//339 2748//339
f 2745//357 2759//357 2760//357
f 2737//621 2753//621 2738//621
f 2746//359 2760//359 2761//359
f 2738//360 2754//360 2739//360
f 2747//361 2761//361 2762//361
f 2739//362 2755//362 2740//362
f 2748//363 2762//363 2763//363
f 2740//364 2756//364 2741//364
f 2749//648 2763//648 2764//648
f 2741//366 2757//366 2742//366
f 2750//367 2764//367 2765//367
f 2742//368 2758//368 2743//368
f 2736//353 2411//353 2751//353
f 2420//354 2750//354 2765//354
f 2744//355 2758//355 2759//355
f 2736//356 2752//356 2737//356
f 2764//372 2778//372 2779//372
f 2756//373 2772//373 2757//373
f 2765//374 2779//374 2780//374
f 2757//375 2773//375 2758//375
f 2751//376 2411//376 2766//376
f 2420//377 2765//377 2780//377
f 2759//378 2773//378 2774//378
f 2751//379 2767//379 2752//379
f 2760//380 2774//380 2775//380
f 2752//381 2768//381 2753//381
f 2761//382 2775//382 2776//382
f 2753//383 2769//383 2754//383
f 2762//384 2776//384 2777//384
f 2754//369 2770//369 2755//369
f 2763//370 2777//370 2778//370
f 2755//371 2771//371 2756//371
f 2768//388 2782//388 2783//388
f 2775//389 2791//389 2776//389
f 2769//390 2783//390 2784//390
f 2776//391 2792//391 2777//391
f 2770//392 2784//392 2785//392
f 2777//393 2793//393 2778//393
f 2771//394 2785//394 2786//394
f 2778//395 2794//395 2779//395
f 2772//396 2786//396 2787//396
f 2779//397 2795//397 2780//397
f 2773//398 2787//398 2788//398
f 2766//399 2411//399 2781//399
f 2420//622 2780//622 2795//622
f 2773//385 2789//385 2774//385
f 2767//386 2781//386 2782//386
f 2774//387 2790//387 2775//387
f 2787//404 2801//404 2802//404
f 2794//405 2810//405 2795//405
f 2788//406 2802//406 2803//406
f 2781//531 2411//531 2796//531
f 2420//585 2795//585 2810//585
f 2788//409 2804//409 2789//409
f 2782//410 2796//410 2797//410
f 2789//411 2805//411 2790//411
f 2783//412 2797//412 2798//412
f 2790//413 2806//413 2791//413
f 2784//414 2798//414 2799//414
f 2791//415 2807//415 2792//415
f 2785//416 2799//416 2800//416
f 2792//401 2808//401 2793//401
f 2786//402 2800//402 2801//402
f 2793//649 2809//649 2794//649
f 2805//419 2821//419 2806//419
f 2799//420 2813//420 2814//420
f 2806//421 2822//421 2807//421
f 2800//422 2814//422 2815//422
f 2807//423 2823//423 2808//423
f 2801//424 2815//424 2816//424
f 2808//425 2824//425 2809//425
f 2802//426 2816//426 2817//426
f 2809//427 2825//427 2810//427
f 2803//428 2817//428 2818//428
f 2796//429 2411//429 2811//429
f 2420//430 2810//430 2825//430
f 2803//431 2819//431 2804//431
f 2797//432 2811//432 2812//432
f 2804//417 2820//417 2805//417
f 2798//650 2812//650 2813//650
f 2824//435 2840//435 2825//435
f 2818//436 2832//436 2833//436
f 2811//556 2411//556 2826//556
f 2420//438 2825//438 2840//438
f 2818//439 2834//439 2819//439
f 2812//440 2826//440 2827//440
f 2819//441 2835//441 2820//441
f 2813//442 2827//442 2828//442
f 2820//557 2836//557 2821//557
f 2814//444 2828//444 2829//444
f 2821//445 2837//445 2822//445
f 2815//446 2829//446 2830//446
f 2822//447 2838//447 2823//447
f 2816//448 2830//448 2831//448
f 2823//433 2839//433 2824//433
f 2817//434 2831//434 2832//434
f 2836//452 2852//452 2837//452
f 2830//453 2844//453 2845//453
f 2837//454 2853//454 2838//454
f 2831//455 2845//455 2846//455
f 2838//456 2854//456 2839//456
f 2832//457 2846//457 2847//457
f 2839//458 2855//458 2840//458
f 2833//459 2847//459 2848//459
f 2826//460 2411//460 2841//460
f 2420//461 2840//461 2855//461
f 2833//462 2849//462 2834//462
f 2827//463 2841//463 2842//463
f 2834//464 2850//464 2835//464
f 2828//449 2842//449 2843//449
f 2835//450 2851//450 2836//450
f 2829//451 2843//451 2844//451
f 2841//468 2411//468 2856//468
f 2420//469 2855//469 2870//469
f 2848//470 2864//470 2849//470
f 2842//471 2856//471 2857//471
f 2849//472 2865//472 2850//472
f 2843//473 2857//473 2858//473
f 2850//474 2866//474 2851//474
f 2844//475 2858//475 2859//475
f 2851//476 2867//476 2852//476
f 2845//477 2859//477 2860//477
f 2852//478 2868//478 2853//478
f 2846//479 2860//479 2861//479
f 2853//480 2869//480 2854//480
f 2847//465 2861//465 2862//465
f 2854//466 2870//466 2855//466
f 2848//467 2862//467 2863//467
f 2860//484 2874//484 2875//484
f 2867//485 2883//485 2868//485
f 2861//486 2875//486 2876//486
f 2868//487 2884//487 2869//487
f 2862//488 2876//488 2877//488
f 2869//489 2885//489 2870//489
f 2863//490 2877//490 2878//490
f 2856//491 2411//491 2871//491
f 2420//492 2870//492 2885//492
f 2863//493 2879//493 2864//493
f 2857//494 2871//494 2872//494
f 2864//495 2880//495 2865//495
f 2858//496 2872//496 2873//496
f 2865//481 2881//481 2866//481
f 2859//482 2873//482 2874//482
f 2866//483 2882//483 2867//483
f 2878//501 2417//501 2879//501
f 2872//502 2412//502 2886//502
f 2879//503 2889//503 2880//503
f 2873//561 2886//561 2413//561
f 2880//505 2418//505 2881//505
f 2874//506 2413//506 2414//506
f 2881//507 2890//507 2882//507
f 2875//508 2414//508 2887//508
f 2882//509 2419//509 2883//509
f 2876//510 2887//510 2415//510
f 2883//560 2891//560 2884//560
f 2877//512 2415//512 2888//512
f 2884//497 2892//497 2885//497
f 2878//498 2888//498 2416//498
f 2871//499 2411//499 2412//499
f 2420//500 2885//500 2892//500
f 3374//2 2917//2 2918//2
f 2897//651 2911//651 2898//651
f 3369//4 2893//4 2904//4
f 2903//5 3374//5 2918//5
f 2899//6 2911//6 2912//6
f 3369//7 2905//7 3370//7
f 2900//8 2912//8 2913//8
f 3370//9 2906//9 2894//9
f 2901//10 2913//10 2914//10
f 2894//11 2907//11 2895//11
f 3372//652 2914//652 2915//652
f 2895//13 2908//13 3371//13
f 2902//653 2915//653 2916//653
f 3371//15 2909//15 2896//15
f 3373//513 2916//513 2917//513
f 2896//1 2910//1 2897//1
f 2908//17 2924//17 2909//17
f 2917//18 2931//18 2932//18
f 2909//19 2925//19 2910//19
f 2918//654 2932//654 2933//654
f 2910//21 2926//21 2911//21
f 2904//539 2893//539 2919//539
f 2903//23 2918//23 2933//23
f 2912//24 2926//24 2927//24
f 2904//25 2920//25 2905//25
f 2913//26 2927//26 2928//26
f 2905//27 2921//27 2906//27
f 2914//28 2928//28 2929//28
f 2906//29 2922//29 2907//29
f 2915//655 2929//655 2930//655
f 2907//31 2923//31 2908//31
f 2916//32 2930//32 2931//32
f 2928//33 2942//33 2943//33
f 2920//34 2936//34 2921//34
f 2929//35 2943//35 2944//35
f 2921//36 2937//36 2922//36
f 2930//656 2944//656 2945//656
f 2922//595 2938//595 2923//595
f 2931//39 2945//39 2946//39
f 2923//40 2939//40 2924//40
f 2932//41 2946//41 2947//41
f 2924//42 2940//42 2925//42
f 2933//43 2947//43 2948//43
f 2925//44 2941//44 2926//44
f 2919//45 2893//45 2934//45
f 2903//46 2933//46 2948//46
f 2927//47 2941//47 2942//47
f 2919//48 2935//48 2920//48
f 2947//597 2961//597 2962//597
f 2939//50 2955//50 2940//50
f 2948//51 2962//51 2963//51
f 2940//52 2956//52 2941//52
f 2934//657 2893//657 2949//657
f 2903//54 2948//54 2963//54
f 2942//55 2956//55 2957//55
f 2934//56 2950//56 2935//56
f 2943//57 2957//57 2958//57
f 2935//58 2951//58 2936//58
f 2944//59 2958//59 2959//59
f 2936//60 2952//60 2937//60
f 2945//61 2959//61 2960//61
f 2937//62 2953//62 2938//62
f 2946//63 2960//63 2961//63
f 2938//64 2954//64 2939//64
f 2959//66 2973//66 2974//66
f 2951//67 2967//67 2952//67
f 2960//68 2974//68 2975//68
f 2952//69 2968//69 2953//69
f 2961//516 2975//516 2976//516
f 2953//658 2969//658 2954//658
f 2962//72 2976//72 2977//72
f 2954//73 2970//73 2955//73
f 2963//543 2977//543 2978//543
f 2955//75 2971//75 2956//75
f 2949//541 2893//541 2964//541
f 2903//659 2963//659 2978//659
f 2957//78 2971//78 2972//78
f 2949//79 2965//79 2950//79
f 2958//660 2972//660 2973//660
f 2950//65 2966//65 2951//65
f 2978//82 2992//82 2993//82
f 2970//83 2986//83 2971//83
f 2964//84 2893//84 2979//84
f 2903//85 2978//85 2993//85
f 2972//86 2986//86 2987//86
f 2964//87 2980//87 2965//87
f 2973//88 2987//88 2988//88
f 2965//89 2981//89 2966//89
f 2974//90 2988//90 2989//90
f 2966//91 2982//91 2967//91
f 2975//92 2989//92 2990//92
f 2967//93 2983//93 2968//93
f 2976//94 2990//94 2991//94
f 2968//95 2984//95 2969//95
f 2977//599 2991//599 2992//599
f 2969//81 2985//81 2970//81
f 2981//98 2997//98 2982//98
f 2990//99 3004//99 3005//99
f 2982//100 2998//100 2983//100
f 2991//101 3005//101 3006//101
f 2983//102 2999//102 2984//102
f 2992//103 3006//103 3007//103
f 2984//104 3000//104 2985//104
f 2993//105 3007//105 3008//105
f 2985//106 3001//106 2986//106
f 2979//600 2893//600 2994//600
f 2903//569 2993//569 3008//569
f 2987//109 3001//109 3002//109
f 2979//544 2995//544 2980//544
f 2988//111 3002//111 3003//111
f 2980//601 2996//601 2981//601
f 2989//97 3003//97 3004//97
f 3000//114 3016//114 3001//114
f 2994//115 2893//115 3009//115
f 2903//635 3008//635 3023//635
f 3002//117 3016//117 3017//117
f 2994//118 3010//118 2995//118
f 3003//119 3017//119 3018//119
f 2995//120 3011//120 2996//120
f 3004//121 3018//121 3019//121
f 2996//122 3012//122 2997//122
f 3005//123 3019//123 3020//123
f 2997//124 3013//124 2998//124
f 3006//661 3020//661 3021//661
f 2998//126 3014//126 2999//126
f 3007//127 3021//127 3022//127
f 2999//128 3015//128 3000//128
f 3008//662 3022//662 3023//662
f 3019//129 3035//129 3020//129
f 3013//130 3027//130 3028//130
f 3020//131 3036//131 3021//131
f 3014//132 3028//132 3029//132
f 3021//663 3037//663 3022//663
f 3015//134 3029//134 3030//134
f 3022//135 3038//135 3023//135
f 3016//136 3030//136 3031//136
f 3009//137 2893//137 3024//137
f 2903//664 3023//664 3038//664
f 3016//139 3032//139 3017//139
f 3010//140 3024//140 3025//140
f 3017//141 3033//141 3018//141
f 3011//142 3025//142 3026//142
f 3018//143 3034//143 3019//143
f 3012//144 3026//144 3027//144
f 3024//602 2893//602 3039//602
f 2903//570 3038//570 3053//570
f 3031//665 3047//665 3032//665
f 3025//148 3039//148 3040//148
f 3032//149 3048//149 3033//149
f 3026//603 3040//603 3041//603
f 3033//151 3049//151 3034//151
f 3027//152 3041//152 3042//152
f 3034//153 3050//153 3035//153
f 3028//154 3042//154 3043//154
f 3035//155 3051//155 3036//155
f 3029//156 3043//156 3044//156
f 3036//157 3052//157 3037//157
f 3030//158 3044//158 3045//158
f 3037//666 3053//666 3038//666
f 3031//160 3045//160 3046//160
f 3043//161 3057//161 3058//161
f 3050//667 3066//667 3051//667
f 3044//163 3058//163 3059//163
f 3051//668 3067//668 3052//668
f 3045//165 3059//165 3060//165
f 3052//166 3068//166 3053//166
f 3046//167 3060//167 3061//167
f 3039//168 2893//168 3054//168
f 2903//169 3053//169 3068//169
f 3046//170 3062//170 3047//170
f 3040//171 3054//171 3055//171
f 3047//172 3063//172 3048//172
f 3041//173 3055//173 3056//173
f 3048//174 3064//174 3049//174
f 3042//175 3056//175 3057//175
f 3049//176 3065//176 3050//176
f 3061//177 3077//177 3062//177
f 3055//521 3069//521 3070//521
f 3062//179 3078//179 3063//179
f 3056//180 3070//180 3071//180
f 3063//181 3079//181 3064//181
f 3057//182 3071//182 3072//182
f 3064//183 3080//183 3065//183
f 3058//184 3072//184 3073//184
f 3065//522 3081//522 3066//522
f 3059//669 3073//669 3074//669
f 3066//187 3082//187 3067//187
f 3060//188 3074//188 3075//188
f 3067//545 3083//545 3068//545
f 3061//190 3075//190 3076//190
f 3054//546 2893//546 3069//546
f 2903//670 3068//670 3083//670
f 3080//193 3096//193 3081//193
f 3074//194 3088//194 3089//194
f 3081//671 3097//671 3082//671
f 3075//196 3089//196 3090//196
f 3082//197 3098//197 3083//197
f 3076//198 3090//198 3091//198
f 3069//672 2893//672 3084//672
f 2903//200 3083//200 3098//200
f 3076//673 3092//673 3077//673
f 3070//202 3084//202 3085//202
f 3077//203 3093//203 3078//203
f 3071//204 3085//204 3086//204
f 3078//205 3094//205 3079//205
f 3072//206 3086//206 3087//206
f 3079//207 3095//207 3080//207
f 3073//208 3087//208 3088//208
f 3092//210 3108//210 3093//210
f 3086//211 3100//211 3101//211
f 3093//212 3109//212 3094//212
f 3087//213 3101//213 3102//213
f 3094//605 3110//605 3095//605
f 3088//215 3102//215 3103//215
f 3095//674 3111//674 3096//674
f 3089//217 3103//217 3104//217
f 3096//218 3112//218 3097//218
f 3090//219 3104//219 3105//219
f 3097//220 3113//220 3098//220
f 3091//221 3105//221 3106//221
f 3084//222 2893//222 3099//222
f 2903//223 3098//223 3113//223
f 3091//224 3107//224 3092//224
f 3085//209 3099//209 3100//209
f 3111//226 3127//226 3112//226
f 3105//227 3119//227 3120//227
f 3112//675 3128//675 3113//675
f 3106//229 3120//229 3121//229
f 3099//676 2893//676 3114//676
f 2903//231 3113//231 3128//231
f 3106//232 3122//232 3107//232
f 3100//233 3114//233 3115//233
f 3107//234 3123//234 3108//234
f 3101//235 3115//235 3116//235
f 3108//236 3124//236 3109//236
f 3102//237 3116//237 3117//237
f 3109//677 3125//677 3110//677
f 3103//239 3117//239 3118//239
f 3110//240 3126//240 3111//240
f 3104//225 3118//225 3119//225
f 3116//242 3130//242 3131//242
f 3123//243 3139//243 3124//243
f 3117//244 3131//244 3132//244
f 3124//245 3140//245 3125//245
f 3118//246 3132//246 3133//246
f 3125//611 3141//611 3126//611
f 3119//248 3133//248 3134//248
f 3126//249 3142//249 3127//249
f 3120//250 3134//250 3135//250
f 3127//251 3143//251 3128//251
f 3121//252 3135//252 3136//252
f 3114//253 2893//253 3129//253
f 2903//254 3128//254 3143//254
f 3121//255 3137//255 3122//255
f 3115//256 3129//256 3130//256
f 3122//241 3138//241 3123//241
f 3134//258 3150//258 3135//258
f 3143//259 3157//259 3158//259
f 3135//260 3151//260 3136//260
f 3129//261 2893//261 3144//261
f 2903//262 3143//262 3158//262
f 3137//263 3151//263 3152//263
f 3129//264 3145//264 3130//264
f 3138//265 3152//265 3153//265
f 3130//577 3146//577 3131//577
f 3139//267 3153//267 3154//267
f 3131//268 3147//268 3132//268
f 3140//678 3154//678 3155//678
f 3132//270 3148//270 3133//270
f 3141//613 3155//613 3156//613
f 3133//272 3149//272 3134//272
f 3142//257 3156//257 3157//257
f 3154//273 3168//273 3169//273
f 3146//274 3162//274 3147//274
f 3155//679 3169//679 3170//679
f 3147//276 3163//276 3148//276
f 3156//277 3170//277 3171//277
f 3148//278 3164//278 3149//278
f 3157//279 3171//279 3172//279
f 3149//280 3165//280 3150//280
f 3158//680 3172//680 3173//680
f 3150//282 3166//282 3151//282
f 3144//681 2893//681 3159//681
f 2903//284 3158//284 3173//284
f 3152//285 3166//285 3167//285
f 3144//286 3160//286 3145//286
f 3153//287 3167//287 3168//287
f 3145//288 3161//288 3146//288
f 3173//289 3187//289 3188//289
f 3165//290 3181//290 3166//290
f 3159//291 2893//291 3174//291
f 2903//292 3173//292 3188//292
f 3167//293 3181//293 3182//293
f 3159//294 3175//294 3160//294
f 3168//295 3182//295 3183//295
f 3160//296 3176//296 3161//296
f 3169//297 3183//297 3184//297
f 3161//298 3177//298 3162//298
f 3170//682 3184//682 3185//682
f 3162//683 3178//683 3163//683
f 3171//684 3185//684 3186//684
f 3163//302 3179//302 3164//302
f 3172//303 3186//303 3187//303
f 3164//304 3180//304 3165//304
f 3176//685 3192//685 3177//685
f 3185//306 3199//306 3200//306
f 3177//307 3193//307 3178//307
f 3186//308 3200//308 3201//308
f 3178//309 3194//309 3179//309
f 3187//618 3201//618 3202//618
f 3179//311 3195//311 3180//311
f 3188//312 3202//312 3203//312
f 3180//313 3196//313 3181//313
f 3174//686 2893//686 3189//686
f 2903//315 3188//315 3203//315
f 3182//316 3196//316 3197//316
f 3174//317 3190//317 3175//317
f 3183//318 3197//318 3198//318
f 3175//319 3191//319 3176//319
f 3184//320 3198//320 3199//320
f 3195//321 3211//321 3196//321
f 3189//687 2893//687 3204//687
f 2903//526 3203//526 3218//526
f 3197//324 3211//324 3212//324
f 3189//580 3205//580 3190//580
f 3198//326 3212//326 3213//326
f 3190//327 3206//327 3191//327
f 3199//527 3213//527 3214//527
f 3191//329 3207//329 3192//329
f 3200//330 3214//330 3215//330
f 3192//331 3208//331 3193//331
f 3201//332 3215//332 3216//332
f 3193//333 3209//333 3194//333
f 3202//334 3216//334 3217//334
f 3194//335 3210//335 3195//335
f 3203//336 3217//336 3218//336
f 3215//337 3229//337 3230//337
f 3207//338 3223//338 3208//338
f 3216//339 3230//339 3231//339
f 3208//340 3224//340 3209//340
f 3217//688 3231//688 3232//688
f 3209//342 3225//342 3210//342
f 3218//343 3232//343 3233//343
f 3210//344 3226//344 3211//344
f 3204//345 2893//345 3219//345
f 2903//346 3218//346 3233//346
f 3212//347 3226//347 3227//347
f 3204//348 3220//348 3205//348
f 3213//349 3227//349 3228//349
f 3205//350 3221//350 3206//350
f 3214//351 3228//351 3229//351
f 3206//352 3222//352 3207//352
f 2903//584 3233//584 3248//584
f 3227//355 3241//355 3242//355
f 3219//356 3235//356 3220//356
f 3228//357 3242//357 3243//357
f 3220//621 3236//621 3221//621
f 3229//359 3243//359 3244//359
f 3221//360 3237//360 3222//360
f 3230//361 3244//361 3245//361
f 3222//362 3238//362 3223//362
f 3231//363 3245//363 3246//363
f 3223//364 3239//364 3224//364
f 3232//365 3246//365 3247//365
f 3224//366 3240//366 3225//366
f 3233//689 3247//689 3248//689
f 3225//690 3241//690 3226//690
f 3219//691 2893//691 3234//691
f 3246//370 3260//370 3261//370
f 3238//371 3254//371 3239//371
f 3247//372 3261//372 3262//372
f 3239//373 3255//373 3240//373
f 3248//692 3262//692 3263//692
f 3240//375 3256//375 3241//375
f 3234//376 2893//376 3249//376
f 2903//693 3248//693 3263//693
f 3242//378 3256//378 3257//378
f 3234//379 3250//379 3235//379
f 3243//380 3257//380 3258//380
f 3235//381 3251//381 3236//381
f 3244//382 3258//382 3259//382
f 3236//383 3252//383 3237//383
f 3245//384 3259//384 3260//384
f 3237//369 3253//369 3238//369
f 3250//386 3264//386 3265//386
f 3257//387 3273//387 3258//387
f 3251//388 3265//388 3266//388
f 3258//389 3274//389 3259//389
f 3252//390 3266//390 3267//390
f 3259//391 3275//391 3260//391
f 3253//392 3267//392 3268//392
f 3260//393 3276//393 3261//393
f 3254//394 3268//394 3269//394
f 3261//395 3277//395 3262//395
f 3255//396 3269//396 3270//396
f 3262//694 3278//694 3263//694
f 3256//398 3270//398 3271//398
f 3249//399 2893//399 3264//399
f 2903//695 3263//695 3278//695
f 3256//385 3272//385 3257//385
f 3269//402 3283//402 3284//402
f 3276//403 3292//403 3277//403
f 3270//404 3284//404 3285//404
f 3277//696 3293//696 3278//696
f 3271//406 3285//406 3286//406
f 3264//531 2893//531 3279//531
f 2903//585 3278//585 3293//585
f 3271//697 3287//697 3272//697
f 3265//410 3279//410 3280//410
f 3272//411 3288//411 3273//411
f 3266//623 3280//623 3281//623
f 3273//413 3289//413 3274//413
f 3267//414 3281//414 3282//414
f 3274//415 3290//415 3275//415
f 3268//416 3282//416 3283//416
f 3275//401 3291//401 3276//401
f 3287//417 3303//417 3288//417
f 3281//418 3295//418 3296//418
f 3288//419 3304//419 3289//419
f 3282//420 3296//420 3297//420
f 3289//421 3305//421 3290//421
f 3283//422 3297//422 3298//422
f 3290//698 3306//698 3291//698
f 3284//424 3298//424 3299//424
f 3291//624 3307//624 3292//624
f 3285//426 3299//426 3300//426
f 3292//427 3308//427 3293//427
f 3286//428 3300//428 3301//428
f 3279//429 2893//429 3294//429
f 2903//430 3293//430 3308//430
f 3286//431 3302//431 3287//431
f 3280//432 3294//432 3295//432
f 3306//433 3322//433 3307//433
f 3300//434 3314//434 3315//434
f 3307//533 3323//533 3308//533
f 3301//436 3315//436 3316//436
f 3294//556 2893//556 3309//556
f 2903//534 3308//534 3323//534
f 3301//439 3317//439 3302//439
f 3295//440 3309//440 3310//440
f 3302//441 3318//441 3303//441
f 3296//442 3310//442 3311//442
f 3303//443 3319//443 3304//443
f 3297//444 3311//444 3312//444
f 3304//445 3320//445 3305//445
f 3298//446 3312//446 3313//446
f 3305//532 3321//532 3306//532
f 3299//699 3313//699 3314//699
f 3311//449 3325//449 3326//449
f 3318//450 3334//450 3319//450
f 3312//700 3326//700 3327//700
f 3319//452 3335//452 3320//452
f 3313//453 3327//453 3328//453
f 3320//454 3336//454 3321//454
f 3314//455 3328//455 3329//455
f 3321//701 3337//701 3322//701
f 3315//457 3329//457 3330//457
f 3322//458 3338//458 3323//458
f 3316//459 3330//459 3331//459
f 3309//702 2893//702 3324//702
f 2903//461 3323//461 3338//461
f 3316//703 3332//703 3317//703
f 3310//463 3324//463 3325//463
f 3317//464 3333//464 3318//464
f 3330//465 3344//465 3345//465
f 3337//466 3353//466 3338//466
f 3331//467 3345//467 3346//467
f 3324//468 2893//468 3339//468
f 2903//469 3338//469 3353//469
f 3331//470 3347//470 3332//470
f 3325//471 3339//471 3340//471
f 3332//472 3348//472 3333//472
f 3326//473 3340//473 3341//473
f 3333//704 3349//704 3334//704
f 3327//475 3341//475 3342//475
f 3334//705 3350//705 3335//705
f 3328//626 3342//626 3343//626
f 3335//706 3351//706 3336//706
f 3329//479 3343//479 3344//479
f 3336//480 3352//480 3337//480
f 3348//481 3364//481 3349//481
f 3342//482 3356//482 3357//482
f 3349//483 3365//483 3350//483
f 3343//484 3357//484 3358//484
f 3350//485 3366//485 3351//485
f 3344//486 3358//486 3359//486
f 3351//487 3367//487 3352//487
f 3345//488 3359//488 3360//488
f 3352//707 3368//707 3353//707
f 3346//490 3360//490 3361//490
f 3339//708 2893//708 3354//708
f 2903//492 3353//492 3368//492
f 3346//493 3362//493 3347//493
f 3340//494 3354//494 3355//494
f 3347//495 3363//495 3348//495
f 3341//496 3355//496 3356//496
f 3367//497 3374//497 3368//497
f 3361//498 2897//498 2898//498
f 3354//499 2893//499 3369//499
f 2903//500 3368//500 3374//500
f 3361//501 2899//501 3362//501
f 3355//502 3369//502 3370//502
f 3362//503 2900//503 3363//503
f 3356//561 3370//561 2894//561
f 3363//505 2901//505 3364//505
f 3357//506 2894//506 2895//506
f 3364//507 3372//507 3365//507
f 3358//508 2895//508 3371//508
f 3365//509 2902//509 3366//509
f 3359//510 3371//510 2896//510
f 3366//511 3373//511 3367//511
f 3360//512 2896//512 2897//512
f 3376//709 3377//709 3375//709
f 3378//710 3381//710 3377//710
f 3382//711 3379//711 3381//711
f 3380//712 3375//712 3379//712
f 3381//713 3375//713 3377//713
f 3378//714 3380//714 3382//714
f 3384//715 3385//715 3383//715
f 3386//716 3387//716 3385//716
f 3388//717 3389//717 3387//717
f 3390//718 3391//718 3389//718
f 3392//719 3393//719 3391//719
f 3394//720 3395//720 3393//720
f 3396//721 3397//721 3395//721
f 3398//722 3399//722 3397//722
f 3400//723 3401//723 3399//723
f 3402//724 3403//724 3401//724
f 3404//725 3405//725 3403//725
f 3406//726 3407//726 3405//726
f 3408//727 3409//727 3407//727
f 3410//728 3411//728 3409//728
f 3412//729 3413//729 3411//729
f 3414//730 3415//730 3413//730
f 3416//731 3417//731 3415//731
f 3418//732 3419//732 3417//732
f 3420//733 3421//733 3419//733
f 3422//734 3423//734 3421//734
f 3424//735 3425//735 3423//735
f 3426//736 3427//736 3425//736
f 3428//737 3429//737 3427//737
f 3430//738 3431//738 3429//738
f 3432//739 3433//739 3431//739
f 3434//740 3435//740 3433//740
f 3436//741 3437//741 3435//741
f 3438//742 3439//742 3437//742
f 3440//743 3441//743 3439//743
f 3442//744 3443//744 3441//744
f 3444//745 3445//745 3443//745
f 3446//746 3447//746 3445//746
f 3448//747 3449//747 3447//747
f 3450//748 3451//748 3449//748
f 3452//749 3453//749 3451//749
f 3454//750 3455//750 3453//750
f 3456//751 3457//751 3455//751
f 3458//752 3459//752 3457//752
f 3460//753 3461//753 3459//753
f 3462//754 3463//754 3461//754
f 3464//755 3465//755 3463//755
f 3466//756 3467//756 3465//756
f 3468//757 3469//757 3467//757
f 3470//758 3471//758 3469//758
f 3472//759 3473//759 3471//759
f 3474//760 3475//760 3473//760
f 3476//761 3477//761 3475//761
f 3478//762 3479//762 3477//762
f 3480//763 3481//763 3479//763
f 3482//764 3483//764 3481//764
f 3484//765 3485//765 3483//765
f 3486//766 3487//766 3485//766
f 3488//767 3489//767 3487//767
f 3490//768 3491//768 3489//768
f 3492//769 3493//769 3491//769
f 3494//770 3495//770 3493//770
f 3496//771 3497//771 3495//771
f 3498//772 3499//772 3497//772
f 3500//773 3501//773 3499//773
f 3502//774 3503//774 3501//774
f 3504//775 3505//775 3503//775
f 3506//776 3507//776 3505//776
f 3488//714 3442//714 3440//714
f 3508//777 3509//777 3507//777
f 3510//778 3383//778 3509//778
f 3441//713 3447//713 3463//713
f 4//1 17//1 18//1
f 482//2 481//2 25//2
f 5//3 18//3 19//3
f 7//6 6//6 19//6
f 477//7 12//7 13//7
f 8//8 7//8 20//8
f 478//9 13//9 14//9
f 9//10 8//10 21//10
f 2//11 14//11 15//11
f 480//12 9//12 22//12
f 3//13 15//13 16//13
f 10//14 480//14 23//14
f 479//15 16//15 17//15
f 481//16 10//16 24//16
f 16//17 31//17 32//17
f 25//18 24//18 39//18
f 17//19 32//19 33//19
f 26//20 25//20 40//20
f 18//21 33//21 34//21
f 20//24 19//24 34//24
f 12//25 27//25 28//25
f 21//26 20//26 35//26
f 13//27 28//27 29//27
f 22//28 21//28 36//28
f 14//29 29//29 30//29
f 23//30 22//30 37//30
f 15//31 30//31 31//31
f 24//32 23//32 38//32
f 36//33 35//33 50//33
f 28//34 43//34 44//34
f 37//35 36//35 51//35
f 29//36 44//36 45//36
f 38//37 37//37 52//37
f 30//38 45//38 46//38
f 39//39 38//39 53//39
f 31//40 46//40 47//40
f 40//41 39//41 54//41
f 32//42 47//42 48//42
f 41//43 40//43 55//43
f 33//44 48//44 49//44
f 35//47 34//47 49//47
f 27//48 42//48 43//48
f 55//49 54//49 69//49
f 47//50 62//50 63//50
f 56//51 55//51 70//51
f 48//52 63//52 64//52
f 50//55 49//55 64//55
f 42//56 57//56 58//56
f 51//57 50//57 65//57
f 43//58 58//58 59//58
f 52//59 51//59 66//59
f 44//60 59//60 60//60
f 53//61 52//61 67//61
f 45//62 60//62 61//62
f 54//63 53//63 68//63
f 46//64 61//64 62//64
f 58//65 73//65 74//65
f 67//66 66//66 81//66
f 59//67 74//67 75//67
f 68//68 67//68 82//68
f 60//69 75//69 76//69
f 69//70 68//70 83//70
f 61//71 76//71 77//71
f 70//72 69//72 84//72
f 62//73 77//73 78//73
f 71//543 70//543 85//543
f 63//75 78//75 79//75
f 65//78 64//78 79//78
f 57//515 72//515 73//515
f 66//80 65//80 80//80
f 77//81 92//81 93//81
f 86//82 85//82 100//82
f 78//83 93//83 94//83
f 80//86 79//86 94//86
f 72//87 87//87 88//87
f 81//88 80//88 95//88
f 73//89 88//89 89//89
f 82//90 81//90 96//90
f 74//91 89//91 90//91
f 83//92 82//92 97//92
f 75//93 90//93 91//93
f 84//94 83//94 98//94
f 76//95 91//95 92//95
f 85//96 84//96 99//96
f 97//97 96//97 111//97
f 89//98 104//98 105//98
f 98//99 97//99 112//99
f 90//100 105//100 106//100
f 99//101 98//101 113//101
f 91//102 106//102 107//102
f 100//103 99//103 114//103
f 92//104 107//104 108//104
f 101//105 100//105 115//105
f 93//106 108//106 109//106
f 95//109 94//109 109//109
f 87//110 102//110 103//110
f 96//111 95//111 110//111
f 88//112 103//112 104//112
f 116//113 115//113 130//113
f 108//114 123//114 124//114
f 110//117 109//117 124//117
f 102//118 117//118 118//118
f 111//119 110//119 125//119
f 103//120 118//120 119//120
f 112//121 111//121 126//121
f 104//122 119//122 120//122
f 113//123 112//123 127//123
f 105//124 120//124 121//124
f 114//125 113//125 128//125
f 106//126 121//126 122//126
f 115//127 114//127 129//127
f 107//128 122//128 123//128
f 127//129 142//129 143//129
f 121//130 120//130 135//130
f 128//131 143//131 144//131
f 122//132 121//132 136//132
f 129//133 144//133 145//133
f 123//134 122//134 137//134
f 130//135 145//135 146//135
f 124//136 123//136 138//136
f 124//139 139//139 140//139
f 118//140 117//140 132//140
f 125//141 140//141 141//141
f 119//142 118//142 133//142
f 126//143 141//143 142//143
f 120//144 119//144 134//144
f 139//147 154//147 155//147
f 133//148 132//148 147//148
f 140//149 155//149 156//149
f 134//150 133//150 148//150
f 141//151 156//151 157//151
f 135//152 134//152 149//152
f 142//153 157//153 158//153
f 136//154 135//154 150//154
f 143//155 158//155 159//155
f 137//156 136//156 151//156
f 144//157 159//157 160//157
f 138//158 137//158 152//158
f 145//159 160//159 161//159
f 139//160 138//160 153//160
f 151//161 150//161 165//161
f 158//162 173//162 174//162
f 152//163 151//163 166//163
f 159//164 174//164 175//164
f 153//165 152//165 167//165
f 160//166 175//166 176//166
f 154//167 153//167 168//167
f 154//170 169//170 170//170
f 148//171 147//171 162//171
f 155//172 170//172 171//172
f 149//173 148//173 163//173
f 156//174 171//174 172//174
f 150//175 149//175 164//175
f 157//176 172//176 173//176
f 169//177 184//177 185//177
f 163//521 162//521 177//521
f 170//179 185//179 186//179
f 164//180 163//180 178//180
f 171//181 186//181 187//181
f 165//182 164//182 179//182
f 172//183 187//183 188//183
f 166//184 165//184 180//184
f 173//185 188//185 189//185
f 167//186 166//186 181//186
f 174//187 189//187 190//187
f 168//188 167//188 182//188
f 175//545 190//545 191//545
f 169//190 168//190 183//190
f 188//193 203//193 204//193
f 182//194 181//194 196//194
f 189//195 204//195 205//195
f 183//196 182//196 197//196
f 190//197 205//197 206//197
f 184//198 183//198 198//198
f 184//201 199//201 200//201
f 178//202 177//202 192//202
f 185//203 200//203 201//203
f 179//204 178//204 193//204
f 186//205 201//205 202//205
f 180//206 179//206 194//206
f 187//207 202//207 203//207
f 181//208 180//208 195//208
f 193//209 192//209 207//209
f 200//210 215//210 216//210
f 194//211 193//211 208//211
f 201//212 216//212 217//212
f 195//213 194//213 209//213
f 202//214 217//214 218//214
f 196//215 195//215 210//215
f 203//216 218//216 219//216
f 197//217 196//217 211//217
f 204//218 219//218 220//218
f 198//219 197//219 212//219
f 205//220 220//220 221//220
f 199//221 198//221 213//221
f 199//224 214//224 215//224
f 212//225 211//225 226//225
f 219//226 234//226 235//226
f 213//227 212//227 227//227
f 220//228 235//228 236//228
f 214//229 213//229 228//229
f 214//232 229//232 230//232
f 208//233 207//233 222//233
f 215//234 230//234 231//234
f 209//235 208//235 223//235
f 216//236 231//236 232//236
f 210//237 209//237 224//237
f 217//238 232//238 233//238
f 211//239 210//239 225//239
f 218//240 233//240 234//240
f 230//241 245//241 246//241
f 224//524 223//524 238//524
f 231//243 246//243 247//243
f 225//244 224//244 239//244
f 232//245 247//245 248//245
f 226//246 225//246 240//246
f 233//247 248//247 249//247
f 227//248 226//248 241//248
f 234//551 249//551 250//551
f 228//250 227//250 242//250
f 235//251 250//251 251//251
f 229//252 228//252 243//252
f 229//255 244//255 245//255
f 223//256 222//256 237//256
f 250//257 249//257 264//257
f 242//258 257//258 258//258
f 251//259 250//259 265//259
f 243//260 258//260 259//260
f 245//263 244//263 259//263
f 237//264 252//264 253//264
f 246//265 245//265 260//265
f 238//266 253//266 254//266
f 247//267 246//267 261//267
f 239//268 254//268 255//268
f 248//269 247//269 262//269
f 240//270 255//270 256//270
f 249//271 248//271 263//271
f 241//272 256//272 257//272
f 262//273 261//273 276//273
f 254//274 269//274 270//274
f 263//275 262//275 277//275
f 255//276 270//276 271//276
f 264//277 263//277 278//277
f 256//278 271//278 272//278
f 265//279 264//279 279//279
f 257//280 272//280 273//280
f 266//281 265//281 280//281
f 258//282 273//282 274//282
f 260//285 259//285 274//285
f 252//286 267//286 268//286
f 261//287 260//287 275//287
f 253//288 268//288 269//288
f 281//289 280//289 295//289
f 273//290 288//290 289//290
f 275//293 274//293 289//293
f 267//294 282//294 283//294
f 276//295 275//295 290//295
f 268//296 283//296 284//296
f 277//297 276//297 291//297
f 269//298 284//298 285//298
f 278//299 277//299 292//299
f 270//300 285//300 286//300
f 279//301 278//301 293//301
f 271//302 286//302 287//302
f 280//303 279//303 294//303
f 272//304 287//304 288//304
f 284//305 299//305 300//305
f 293//306 292//306 307//306
f 285//307 300//307 301//307
f 294//308 293//308 308//308
f 286//309 301//309 302//309
f 295//310 294//310 309//310
f 287//311 302//311 303//311
f 296//312 295//312 310//312
f 288//313 303//313 304//313
f 290//316 289//316 304//316
f 282//317 297//317 298//317
f 291//318 290//318 305//318
f 283//319 298//319 299//319
f 292//320 291//320 306//320
f 303//321 318//321 319//321
f 305//324 304//324 319//324
f 297//580 312//580 313//580
f 306//326 305//326 320//326
f 298//327 313//327 314//327
f 307//527 306//527 321//527
f 299//329 314//329 315//329
f 308//330 307//330 322//330
f 300//331 315//331 316//331
f 309//332 308//332 323//332
f 301//529 316//529 317//529
f 310//334 309//334 324//334
f 302//335 317//335 318//335
f 311//525 310//525 325//525
f 323//337 322//337 337//337
f 315//338 330//338 331//338
f 324//339 323//339 338//339
f 316//340 331//340 332//340
f 325//341 324//341 339//341
f 317//342 332//342 333//342
f 326//343 325//343 340//343
f 318//344 333//344 334//344
f 320//347 319//347 334//347
f 312//348 327//348 328//348
f 321//349 320//349 335//349
f 313//350 328//350 329//350
f 322//351 321//351 336//351
f 314//352 329//352 330//352
f 335//355 334//355 349//355
f 327//356 342//356 343//356
f 336//357 335//357 350//357
f 328//358 343//358 344//358
f 337//359 336//359 351//359
f 329//360 344//360 345//360
f 338//361 337//361 352//361
f 330//362 345//362 346//362
f 339//363 338//363 353//363
f 331//364 346//364 347//364
f 340//365 339//365 354//365
f 332//366 347//366 348//366
f 341//367 340//367 355//367
f 333//368 348//368 349//368
f 345//369 360//369 361//369
f 354//370 353//370 368//370
f 346//371 361//371 362//371
f 355//372 354//372 369//372
f 347//373 362//373 363//373
f 356//374 355//374 370//374
f 348//375 363//375 364//375
f 350//378 349//378 364//378
f 342//379 357//379 358//379
f 351//380 350//380 365//380
f 343//381 358//381 359//381
f 352//382 351//382 366//382
f 344//383 359//383 360//383
f 353//384 352//384 367//384
f 364//385 379//385 380//385
f 358//386 357//386 372//386
f 365//387 380//387 381//387
f 359//388 358//388 373//388
f 366//389 381//389 382//389
f 360//390 359//390 374//390
f 367//391 382//391 383//391
f 361//392 360//392 375//392
f 368//393 383//393 384//393
f 362//394 361//394 376//394
f 369//395 384//395 385//395
f 363//396 362//396 377//396
f 370//397 385//397 386//397
f 364//398 363//398 378//398
f 383//401 398//401 399//401
f 377//402 376//402 391//402
f 384//403 399//403 400//403
f 378//404 377//404 392//404
f 385//405 400//405 401//405
f 379//406 378//406 393//406
f 379//409 394//409 395//409
f 373//410 372//410 387//410
f 380//411 395//411 396//411
f 374//412 373//412 388//412
f 381//413 396//413 397//413
f 375//414 374//414 389//414
f 382//415 397//415 398//415
f 376//416 375//416 390//416
f 395//417 410//417 411//417
f 389//418 388//418 403//418
f 396//419 411//419 412//419
f 390//420 389//420 404//420
f 397//421 412//421 413//421
f 391//422 390//422 405//422
f 398//423 413//423 414//423
f 392//424 391//424 406//424
f 399//425 414//425 415//425
f 393//426 392//426 407//426
f 400//427 415//427 416//427
f 394//428 393//428 408//428
f 394//431 409//431 410//431
f 388//432 387//432 402//432
f 414//433 429//433 430//433
f 408//434 407//434 422//434
f 415//533 430//533 431//533
f 409//436 408//436 423//436
f 409//439 424//439 425//439
f 403//535 402//535 417//535
f 410//441 425//441 426//441
f 404//442 403//442 418//442
f 411//443 426//443 427//443
f 405//444 404//444 419//444
f 412//445 427//445 428//445
f 406//446 405//446 420//446
f 413//447 428//447 429//447
f 407//448 406//448 421//448
f 419//449 418//449 433//449
f 426//450 441//450 442//450
f 420//451 419//451 434//451
f 427//452 442//452 443//452
f 421//453 420//453 435//453
f 428//454 443//454 444//454
f 422//455 421//455 436//455
f 429//456 444//456 445//456
f 423//457 422//457 437//457
f 430//458 445//458 446//458
f 424//459 423//459 438//459
f 424//462 439//462 440//462
f 418//463 417//463 432//463
f 425//464 440//464 441//464
f 438//465 437//465 452//465
f 445//466 460//466 461//466
f 439//467 438//467 453//467
f 439//470 454//470 455//470
f 433//471 432//471 447//471
f 440//472 455//472 456//472
f 434//473 433//473 448//473
f 441//474 456//474 457//474
f 435//475 434//475 449//475
f 442//476 457//476 458//476
f 436//477 435//477 450//477
f 443//478 458//478 459//478
f 437//479 436//479 451//479
f 444//480 459//480 460//480
f 456//481 471//481 472//481
f 450//482 449//482 464//482
f 457//483 472//483 473//483
f 451//484 450//484 465//484
f 458//485 473//485 474//485
f 452//486 451//486 466//486
f 459//487 474//487 475//487
f 453//488 452//488 467//488
f 460//489 475//489 476//489
f 454//490 453//490 468//490
f 454//493 469//493 470//493
f 448//494 447//494 462//494
f 455//495 470//495 471//495
f 449//496 448//496 463//496
f 475//497 481//497 482//497
f 469//498 468//498 5//498
f 469//501 6//501 7//501
f 463//502 462//502 477//502
f 470//503 7//503 8//503
f 464//504 463//504 478//504
f 471//505 8//505 9//505
f 465//506 464//506 2//506
f 472//507 9//507 480//507
f 466//508 465//508 3//508
f 473//509 480//509 10//509
f 467//510 466//510 479//510
f 474//511 10//511 481//511
f 468//512 467//512 4//512
f 958//15 496//15 497//15
f 963//16 962//16 504//16
f 487//1 497//1 498//1
f 964//2 963//2 505//2
f 959//3 498//3 499//3
f 960//6 488//6 499//6
f 484//7 492//7 493//7
f 489//8 960//8 500//8
f 957//514 493//514 494//514
f 961//10 489//10 501//10
f 485//11 494//11 495//11
f 490//12 961//12 502//12
f 486//13 495//13 496//13
f 962//14 490//14 503//14
f 503//30 502//30 517//30
f 495//31 510//31 511//31
f 504//32 503//32 518//32
f 496//17 511//17 512//17
f 505//18 504//18 519//18
f 497//19 512//19 513//19
f 506//20 505//20 520//20
f 498//21 513//21 514//21
f 500//24 499//24 514//24
f 492//25 507//25 508//25
f 501//26 500//26 515//26
f 493//27 508//27 509//27
f 502//28 501//28 516//28
f 494//29 509//29 510//29
f 515//47 514//47 529//47
f 507//48 522//48 523//48
f 516//33 515//33 530//33
f 508//34 523//34 524//34
f 517//35 516//35 531//35
f 509//36 524//36 525//36
f 518//37 517//37 532//37
f 510//38 525//38 526//38
f 519//39 518//39 533//39
f 511//40 526//40 527//40
f 520//41 519//41 534//41
f 512//42 527//42 528//42
f 521//43 520//43 535//43
f 513//44 528//44 529//44
f 534//63 533//63 548//63
f 526//64 541//64 542//64
f 535//49 534//49 549//49
f 527//50 542//50 543//50
f 536//51 535//51 550//51
f 528//52 543//52 544//52
f 530//55 529//55 544//55
f 522//56 537//56 538//56
f 531//57 530//57 545//57
f 523//58 538//58 539//58
f 532//59 531//59 546//59
f 524//60 539//60 540//60
f 533//61 532//61 547//61
f 525//62 540//62 541//62
f 537//79 552//79 553//79
f 546//80 545//80 560//80
f 538//65 553//65 554//65
f 547//542 546//542 561//542
f 539//566 554//566 555//566
f 548//68 547//68 562//68
f 540//69 555//69 556//69
f 549//70 548//70 563//70
f 541//71 556//71 557//71
f 550//72 549//72 564//72
f 542//73 557//73 558//73
f 551//74 550//74 565//74
f 543//75 558//75 559//75
f 545//78 544//78 559//78
f 556//95 571//95 572//95
f 565//96 564//96 579//96
f 557//81 572//81 573//81
f 566//82 565//82 580//82
f 558//83 573//83 574//83
f 560//86 559//86 574//86
f 552//87 567//87 568//87
f 561//88 560//88 575//88
f 553//89 568//89 569//89
f 562//90 561//90 576//90
f 554//91 569//91 570//91
f 563//92 562//92 577//92
f 555//93 570//93 571//93
f 564//94 563//94 578//94
f 576//111 575//111 590//111
f 568//601 583//601 584//601
f 577//97 576//97 591//97
f 569//98 584//98 585//98
f 578//99 577//99 592//99
f 570//100 585//100 586//100
f 579//101 578//101 593//101
f 571//102 586//102 587//102
f 580//103 579//103 594//103
f 572//104 587//104 588//104
f 581//105 580//105 595//105
f 573//106 588//106 589//106
f 575//109 574//109 589//109
f 567//110 582//110 583//110
f 595//127 594//127 609//127
f 587//128 602//128 603//128
f 596//113 595//113 610//113
f 588//114 603//114 604//114
f 590//117 589//117 604//117
f 582//118 597//118 598//118
f 591//119 590//119 605//119
f 583//120 598//120 599//120
f 592//121 591//121 606//121
f 584//122 599//122 600//122
f 593//123 592//123 607//123
f 585//124 600//124 601//124
f 594//125 593//125 608//125
f 586//126 601//126 602//126
f 599//142 598//142 613//142
f 606//143 621//143 622//143
f 600//144 599//144 614//144
f 607//129 622//129 623//129
f 601//130 600//130 615//130
f 608//131 623//131 624//131
f 602//132 601//132 616//132
f 609//133 624//133 625//133
f 603//134 602//134 617//134
f 610//135 625//135 626//135
f 604//136 603//136 618//136
f 604//139 619//139 620//139
f 598//140 597//140 612//140
f 605//141 620//141 621//141
f 618//158 617//158 632//158
f 625//159 640//159 641//159
f 619//160 618//160 633//160
f 619//147 634//147 635//147
f 613//148 612//148 627//148
f 620//149 635//149 636//149
f 614//603 613//603 628//603
f 621//151 636//151 637//151
f 615//152 614//152 629//152
f 622//153 637//153 638//153
f 616//154 615//154 630//154
f 623//155 638//155 639//155
f 617//156 616//156 631//156
f 624//157 639//157 640//157
f 636//174 651//174 652//174
f 630//175 629//175 644//175
f 637//176 652//176 653//176
f 631//161 630//161 645//161
f 638//162 653//162 654//162
f 632//163 631//163 646//163
f 639//164 654//164 655//164
f 633//165 632//165 647//165
f 640//166 655//166 656//166
f 634//167 633//167 648//167
f 634//170 649//170 650//170
f 628//171 627//171 642//171
f 635//172 650//172 651//172
f 629//173 628//173 643//173
f 655//189 670//189 671//189
f 649//190 648//190 663//190
f 649//177 664//177 665//177
f 643//178 642//178 657//178
f 650//179 665//179 666//179
f 644//180 643//180 658//180
f 651//181 666//181 667//181
f 645//573 644//573 659//573
f 652//183 667//183 668//183
f 646//184 645//184 660//184
f 653//185 668//185 669//185
f 647//186 646//186 661//186
f 654//187 669//187 670//187
f 648//188 647//188 662//188
f 667//207 682//207 683//207
f 661//208 660//208 675//208
f 668//193 683//193 684//193
f 662//194 661//194 676//194
f 669//195 684//195 685//195
f 663//196 662//196 677//196
f 670//197 685//197 686//197
f 664//198 663//198 678//198
f 664//201 679//201 680//201
f 658//202 657//202 672//202
f 665//203 680//203 681//203
f 659//204 658//204 673//204
f 666//205 681//205 682//205
f 660//206 659//206 674//206
f 679//224 694//224 695//224
f 673//209 672//209 687//209
f 680//210 695//210 696//210
f 674//211 673//211 688//211
f 681//212 696//212 697//212
f 675//213 674//213 689//213
f 682//214 697//214 698//214
f 676//215 675//215 690//215
f 683//216 698//216 699//216
f 677//217 676//217 691//217
f 684//218 699//218 700//218
f 678//219 677//219 692//219
f 685//220 700//220 701//220
f 679//221 678//221 693//221
f 691//239 690//239 705//239
f 698//240 713//240 714//240
f 692//225 691//225 706//225
f 699//226 714//226 715//226
f 693//227 692//227 707//227
f 700//228 715//228 716//228
f 694//229 693//229 708//229
f 694//232 709//232 710//232
f 688//233 687//233 702//233
f 695//234 710//234 711//234
f 689//235 688//235 703//235
f 696//236 711//236 712//236
f 690//237 689//237 704//237
f 697//238 712//238 713//238
f 709//255 724//255 725//255
f 703//256 702//256 717//256
f 710//241 725//241 726//241
f 704//524 703//524 718//524
f 711//243 726//243 727//243
f 705//244 704//244 719//244
f 712//245 727//245 728//245
f 706//246 705//246 720//246
f 713//247 728//247 729//247
f 707//248 706//248 721//248
f 714//249 729//249 730//249
f 708//250 707//250 722//250
f 715//251 730//251 731//251
f 709//252 708//252 723//252
f 729//271 728//271 743//271
f 721//272 736//272 737//272
f 730//552 729//552 744//552
f 722//258 737//258 738//258
f 731//259 730//259 745//259
f 723//260 738//260 739//260
f 725//263 724//263 739//263
f 717//264 732//264 733//264
f 726//265 725//265 740//265
f 718//577 733//577 734//577
f 727//267 726//267 741//267
f 719//268 734//268 735//268
f 728//269 727//269 742//269
f 720//270 735//270 736//270
f 732//286 747//286 748//286
f 741//287 740//287 755//287
f 733//288 748//288 749//288
f 742//273 741//273 756//273
f 734//274 749//274 750//274
f 743//275 742//275 757//275
f 735//276 750//276 751//276
f 744//277 743//277 758//277
f 736//278 751//278 752//278
f 745//279 744//279 759//279
f 737//280 752//280 753//280
f 746//281 745//281 760//281
f 738//282 753//282 754//282
f 740//285 739//285 754//285
f 751//302 766//302 767//302
f 760//303 759//303 774//303
f 752//304 767//304 768//304
f 761//289 760//289 775//289
f 753//290 768//290 769//290
f 755//293 754//293 769//293
f 747//294 762//294 763//294
f 756//295 755//295 770//295
f 748//296 763//296 764//296
f 757//297 756//297 771//297
f 749//298 764//298 765//298
f 758//299 757//299 772//299
f 750//300 765//300 766//300
f 759//301 758//301 773//301
f 771//318 770//318 785//318
f 763//319 778//319 779//319
f 772//320 771//320 786//320
f 764//305 779//305 780//305
f 773//306 772//306 787//306
f 765//307 780//307 781//307
f 774//308 773//308 788//308
f 766//309 781//309 782//309
f 775//310 774//310 789//310
f 767//311 782//311 783//311
f 776//312 775//312 790//312
f 768//313 783//313 784//313
f 770//316 769//316 784//316
f 762//317 777//317 778//317
f 790//334 789//334 804//334
f 782//335 797//335 798//335
f 791//525 790//525 805//525
f 783//321 798//321 799//321
f 785//324 784//324 799//324
f 777//580 792//580 793//580
f 786//326 785//326 800//326
f 778//327 793//327 794//327
f 787//328 786//328 801//328
f 779//582 794//582 795//582
f 788//330 787//330 802//330
f 780//331 795//331 796//331
f 789//332 788//332 803//332
f 781//333 796//333 797//333
f 802//351 801//351 816//351
f 794//352 809//352 810//352
f 803//337 802//337 817//337
f 795//338 810//338 811//338
f 804//339 803//339 818//339
f 796//340 811//340 812//340
f 805//341 804//341 819//341
f 797//342 812//342 813//342
f 806//343 805//343 820//343
f 798//344 813//344 814//344
f 800//347 799//347 814//347
f 792//348 807//348 808//348
f 801//349 800//349 815//349
f 793//350 808//350 809//350
f 821//367 820//367 835//367
f 813//368 828//368 829//368
f 815//355 814//355 829//355
f 807//356 822//356 823//356
f 816//357 815//357 830//357
f 808//358 823//358 824//358
f 817//359 816//359 831//359
f 809//360 824//360 825//360
f 818//361 817//361 832//361
f 810//362 825//362 826//362
f 819//363 818//363 833//363
f 811//364 826//364 827//364
f 820//648 819//648 834//648
f 812//366 827//366 828//366
f 824//383 839//383 840//383
f 833//384 832//384 847//384
f 825//369 840//369 841//369
f 834//370 833//370 848//370
f 826//371 841//371 842//371
f 835//372 834//372 849//372
f 827//373 842//373 843//373
f 836//374 835//374 850//374
f 828//375 843//375 844//375
f 830//378 829//378 844//378
f 822//379 837//379 838//379
f 831//380 830//380 845//380
f 823//381 838//381 839//381
f 832//382 831//382 846//382
f 844//398 843//398 858//398
f 844//385 859//385 860//385
f 838//386 837//386 852//386
f 845//387 860//387 861//387
f 839//388 838//388 853//388
f 846//389 861//389 862//389
f 840//390 839//390 854//390
f 847//391 862//391 863//391
f 841//392 840//392 855//392
f 848//393 863//393 864//393
f 842//394 841//394 856//394
f 849//395 864//395 865//395
f 843//396 842//396 857//396
f 850//397 865//397 866//397
f 862//415 877//415 878//415
f 856//416 855//416 870//416
f 863//401 878//401 879//401
f 857//402 856//402 871//402
f 864//649 879//649 880//649
f 858//404 857//404 872//404
f 865//405 880//405 881//405
f 859//406 858//406 873//406
f 859//409 874//409 875//409
f 853//410 852//410 867//410
f 860//411 875//411 876//411
f 854//412 853//412 868//412
f 861//413 876//413 877//413
f 855//414 854//414 869//414
f 874//431 889//431 890//431
f 868//432 867//432 882//432
f 875//417 890//417 891//417
f 869//418 868//418 883//418
f 876//419 891//419 892//419
f 870//420 869//420 884//420
f 877//421 892//421 893//421
f 871//422 870//422 885//422
f 878//423 893//423 894//423
f 872//424 871//424 886//424
f 879//425 894//425 895//425
f 873//426 872//426 887//426
f 880//427 895//427 896//427
f 874//428 873//428 888//428
f 886//446 885//446 900//446
f 893//447 908//447 909//447
f 887//448 886//448 901//448
f 894//433 909//433 910//433
f 888//434 887//434 902//434
f 895//435 910//435 911//435
f 889//436 888//436 903//436
f 889//439 904//439 905//439
f 883//535 882//535 897//535
f 890//441 905//441 906//441
f 884//442 883//442 898//442
f 891//557 906//557 907//557
f 885//536 884//536 899//536
f 892//445 907//445 908//445
f 904//462 919//462 920//462
f 898//463 897//463 912//463
f 905//464 920//464 921//464
f 899//449 898//449 913//449
f 906//450 921//450 922//450
f 900//451 899//451 914//451
f 907//452 922//452 923//452
f 901//453 900//453 915//453
f 908//454 923//454 924//454
f 902//455 901//455 916//455
f 909//456 924//456 925//456
f 903//457 902//457 917//457
f 910//458 925//458 926//458
f 904//459 903//459 918//459
f 923//478 938//478 939//478
f 917//479 916//479 931//479
f 924//480 939//480 940//480
f 918//465 917//465 932//465
f 925//466 940//466 941//466
f 919//467 918//467 933//467
f 919//470 934//470 935//470
f 913//471 912//471 927//471
f 920//472 935//472 936//472
f 914//473 913//473 928//473
f 921//474 936//474 937//474
f 915//475 914//475 929//475
f 922//476 937//476 938//476
f 916//477 915//477 930//477
f 935//495 950//495 951//495
f 929//496 928//496 943//496
f 936//481 951//481 952//481
f 930//482 929//482 944//482
f 937//483 952//483 953//483
f 931//484 930//484 945//484
f 938//485 953//485 954//485
f 932//486 931//486 946//486
f 939//487 954//487 955//487
f 933//488 932//488 947//488
f 940//489 955//489 956//489
f 934//490 933//490 948//490
f 934//493 949//493 950//493
f 928//494 927//494 942//494
f 954//560 962//560 963//560
f 948//512 947//512 487//512
f 955//497 963//497 964//497
f 949//498 948//498 959//498
f 949//501 488//501 960//501
f 943//502 942//502 484//502
f 950//503 960//503 489//503
f 944//504 943//504 957//504
f 951//505 489//505 961//505
f 945//506 944//506 485//506
f 952//507 961//507 490//507
f 946//508 945//508 486//508
f 953//509 490//509 962//509
f 947//510 946//510 958//510
f 1444//12 972//12 985//12
f 968//13 978//13 979//13
f 973//14 1444//14 986//14
f 1441//15 979//15 980//15
f 1445//513 973//513 987//513
f 969//1 980//1 981//1
f 1446//2 1445//2 988//2
f 1442//3 981//3 982//3
f 971//6 970//6 982//6
f 966//7 975//7 976//7
f 1443//8 971//8 983//8
f 1440//9 976//9 977//9
f 972//10 1443//10 984//10
f 967//11 977//11 978//11
f 985//28 984//28 999//28
f 977//29 992//29 993//29
f 986//30 985//30 1000//30
f 978//31 993//31 994//31
f 987//32 986//32 1001//32
f 979//17 994//17 995//17
f 988//18 987//18 1002//18
f 980//19 995//19 996//19
f 989//20 988//20 1003//20
f 981//21 996//21 997//21
f 983//24 982//24 997//24
f 975//779 990//779 991//779
f 984//26 983//26 998//26
f 976//27 991//27 992//27
f 1004//43 1003//43 1018//43
f 996//44 1011//44 1012//44
f 998//47 997//47 1012//47
f 990//48 1005//48 1006//48
f 999//33 998//33 1013//33
f 991//34 1006//34 1007//34
f 1000//35 999//35 1014//35
f 992//36 1007//36 1008//36
f 1001//37 1000//37 1015//37
f 993//38 1008//38 1009//38
f 1002//39 1001//39 1016//39
f 994//40 1009//40 1010//40
f 1003//41 1002//41 1017//41
f 995//42 1010//42 1011//42
f 1007//60 1022//60 1023//60
f 1016//61 1015//61 1030//61
f 1008//62 1023//62 1024//62
f 1017//63 1016//63 1031//63
f 1009//64 1024//64 1025//64
f 1018//49 1017//49 1032//49
f 1010//50 1025//50 1026//50
f 1019//51 1018//51 1033//51
f 1011//52 1026//52 1027//52
f 1013//55 1012//55 1027//55
f 1005//56 1020//56 1021//56
f 1014//57 1013//57 1028//57
f 1006//58 1021//58 1022//58
f 1015//59 1014//59 1029//59
f 1026//75 1041//75 1042//75
f 1028//78 1027//78 1042//78
f 1020//79 1035//79 1036//79
f 1029//80 1028//80 1043//80
f 1021//65 1036//65 1037//65
f 1030//565 1029//565 1044//565
f 1022//67 1037//67 1038//67
f 1031//68 1030//68 1045//68
f 1023//69 1038//69 1039//69
f 1032//70 1031//70 1046//70
f 1024//71 1039//71 1040//71
f 1033//72 1032//72 1047//72
f 1025//73 1040//73 1041//73
f 1034//74 1033//74 1048//74
f 1046//92 1045//92 1060//92
f 1038//93 1053//93 1054//93
f 1047//94 1046//94 1061//94
f 1039//95 1054//95 1055//95
f 1048//96 1047//96 1062//96
f 1040//81 1055//81 1056//81
f 1049//82 1048//82 1063//82
f 1041//83 1056//83 1057//83
f 1043//86 1042//86 1057//86
f 1035//87 1050//87 1051//87
f 1044//88 1043//88 1058//88
f 1036//89 1051//89 1052//89
f 1045//90 1044//90 1059//90
f 1037//91 1052//91 1053//91
f 1058//109 1057//109 1072//109
f 1050//110 1065//110 1066//110
f 1059//111 1058//111 1073//111
f 1051//112 1066//112 1067//112
f 1060//97 1059//97 1074//97
f 1052//98 1067//98 1068//98
f 1061//99 1060//99 1075//99
f 1053//100 1068//100 1069//100
f 1062//101 1061//101 1076//101
f 1054//102 1069//102 1070//102
f 1063//103 1062//103 1077//103
f 1055//104 1070//104 1071//104
f 1064//780 1063//780 1078//780
f 1056//106 1071//106 1072//106
f 1077//125 1076//125 1091//125
f 1069//126 1084//126 1085//126
f 1078//127 1077//127 1092//127
f 1070//128 1085//128 1086//128
f 1079//113 1078//113 1093//113
f 1071//114 1086//114 1087//114
f 1073//117 1072//117 1087//117
f 1065//118 1080//118 1081//118
f 1074//119 1073//119 1088//119
f 1066//120 1081//120 1082//120
f 1075//121 1074//121 1089//121
f 1067//122 1082//122 1083//122
f 1076//123 1075//123 1090//123
f 1068//124 1083//124 1084//124
f 1081//140 1080//140 1095//140
f 1088//141 1103//141 1104//141
f 1082//142 1081//142 1096//142
f 1089//143 1104//143 1105//143
f 1083//144 1082//144 1097//144
f 1090//129 1105//129 1106//129
f 1084//130 1083//130 1098//130
f 1091//131 1106//131 1107//131
f 1085//132 1084//132 1099//132
f 1092//133 1107//133 1108//133
f 1086//134 1085//134 1100//134
f 1093//135 1108//135 1109//135
f 1087//136 1086//136 1101//136
f 1087//139 1102//139 1103//139
f 1100//156 1099//156 1114//156
f 1107//157 1122//157 1123//157
f 1101//158 1100//158 1115//158
f 1108//159 1123//159 1124//159
f 1102//160 1101//160 1116//160
f 1102//147 1117//147 1118//147
f 1096//148 1095//148 1110//148
f 1103//149 1118//149 1119//149
f 1097//150 1096//150 1111//150
f 1104//151 1119//151 1120//151
f 1098//152 1097//152 1112//152
f 1105//153 1120//153 1121//153
f 1099//154 1098//154 1113//154
f 1106//155 1121//155 1122//155
f 1118//172 1133//172 1134//172
f 1112//173 1111//173 1126//173
f 1119//174 1134//174 1135//174
f 1113//175 1112//175 1127//175
f 1120//176 1135//176 1136//176
f 1114//161 1113//161 1128//161
f 1121//162 1136//162 1137//162
f 1115//163 1114//163 1129//163
f 1122//164 1137//164 1138//164
f 1116//165 1115//165 1130//165
f 1123//166 1138//166 1139//166
f 1117//167 1116//167 1131//167
f 1117//170 1132//170 1133//170
f 1111//171 1110//171 1125//171
f 1137//187 1152//187 1153//187
f 1131//188 1130//188 1145//188
f 1138//189 1153//189 1154//189
f 1132//190 1131//190 1146//190
f 1132//177 1147//177 1148//177
f 1126//178 1125//178 1140//178
f 1133//179 1148//179 1149//179
f 1127//180 1126//180 1141//180
f 1134//181 1149//181 1150//181
f 1128//573 1127//573 1142//573
f 1135//183 1150//183 1151//183
f 1129//184 1128//184 1143//184
f 1136//185 1151//185 1152//185
f 1130//523 1129//523 1144//523
f 1142//204 1141//204 1156//204
f 1149//205 1164//205 1165//205
f 1143//206 1142//206 1157//206
f 1150//207 1165//207 1166//207
f 1144//208 1143//208 1158//208
f 1151//193 1166//193 1167//193
f 1145//194 1144//194 1159//194
f 1152//195 1167//195 1168//195
f 1146//196 1145//196 1160//196
f 1153//197 1168//197 1169//197
f 1147//198 1146//198 1161//198
f 1147//201 1162//201 1163//201
f 1141//202 1140//202 1155//202
f 1148//203 1163//203 1164//203
f 1161//219 1160//219 1175//219
f 1168//220 1183//220 1184//220
f 1162//221 1161//221 1176//221
f 1162//224 1177//224 1178//224
f 1156//209 1155//209 1170//209
f 1163//210 1178//210 1179//210
f 1157//211 1156//211 1171//211
f 1164//212 1179//212 1180//212
f 1158//213 1157//213 1172//213
f 1165//214 1180//214 1181//214
f 1159//215 1158//215 1173//215
f 1166//216 1181//216 1182//216
f 1160//217 1159//217 1174//217
f 1167//218 1182//218 1183//218
f 1179//236 1194//236 1195//236
f 1173//237 1172//237 1187//237
f 1180//238 1195//238 1196//238
f 1174//239 1173//239 1188//239
f 1181//240 1196//240 1197//240
f 1175//225 1174//225 1189//225
f 1182//226 1197//226 1198//226
f 1176//227 1175//227 1190//227
f 1183//228 1198//228 1199//228
f 1177//229 1176//229 1191//229
f 1177//232 1192//232 1193//232
f 1171//233 1170//233 1185//233
f 1178//234 1193//234 1194//234
f 1172//235 1171//235 1186//235
f 1198//251 1213//251 1214//251
f 1192//252 1191//252 1206//252
f 1192//255 1207//255 1208//255
f 1186//256 1185//256 1200//256
f 1193//241 1208//241 1209//241
f 1187//242 1186//242 1201//242
f 1194//243 1209//243 1210//243
f 1188//244 1187//244 1202//244
f 1195//245 1210//245 1211//245
f 1189//246 1188//246 1203//246
f 1196//247 1211//247 1212//247
f 1190//248 1189//248 1204//248
f 1197//551 1212//551 1213//551
f 1191//250 1190//250 1205//250
f 1211//269 1210//269 1225//269
f 1203//270 1218//270 1219//270
f 1212//271 1211//271 1226//271
f 1204//272 1219//272 1220//272
f 1213//552 1212//552 1227//552
f 1205//258 1220//258 1221//258
f 1214//259 1213//259 1228//259
f 1206//260 1221//260 1222//260
f 1208//263 1207//263 1222//263
f 1200//264 1215//264 1216//264
f 1209//265 1208//265 1223//265
f 1201//577 1216//577 1217//577
f 1210//267 1209//267 1224//267
f 1202//268 1217//268 1218//268
f 1223//285 1222//285 1237//285
f 1215//286 1230//286 1231//286
f 1224//287 1223//287 1238//287
f 1216//288 1231//288 1232//288
f 1225//273 1224//273 1239//273
f 1217//274 1232//274 1233//274
f 1226//275 1225//275 1240//275
f 1218//276 1233//276 1234//276
f 1227//277 1226//277 1241//277
f 1219//278 1234//278 1235//278
f 1228//279 1227//279 1242//279
f 1220//280 1235//280 1236//280
f 1229//281 1228//281 1243//281
f 1221//282 1236//282 1237//282
f 1233//300 1248//300 1249//300
f 1242//301 1241//301 1256//301
f 1234//302 1249//302 1250//302
f 1243//303 1242//303 1257//303
f 1235//304 1250//304 1251//304
f 1244//289 1243//289 1258//289
f 1236//290 1251//290 1252//290
f 1238//293 1237//293 1252//293
f 1230//294 1245//294 1246//294
f 1239//295 1238//295 1253//295
f 1231//296 1246//296 1247//296
f 1240//297 1239//297 1254//297
f 1232//298 1247//298 1248//298
f 1241//299 1240//299 1255//299
f 1253//316 1252//316 1267//316
f 1245//317 1260//317 1261//317
f 1254//318 1253//318 1268//318
f 1246//319 1261//319 1262//319
f 1255//320 1254//320 1269//320
f 1247//305 1262//305 1263//305
f 1256//306 1255//306 1270//306
f 1248//307 1263//307 1264//307
f 1257//308 1256//308 1271//308
f 1249//309 1264//309 1265//309
f 1258//310 1257//310 1272//310
f 1250//311 1265//311 1266//311
f 1259//312 1258//312 1273//312
f 1251//313 1266//313 1267//313
f 1272//332 1271//332 1286//332
f 1264//333 1279//333 1280//333
f 1273//334 1272//334 1287//334
f 1265//335 1280//335 1281//335
f 1274//336 1273//336 1288//336
f 1266//321 1281//321 1282//321
f 1268//324 1267//324 1282//324
f 1260//325 1275//325 1276//325
f 1269//326 1268//326 1283//326
f 1261//327 1276//327 1277//327
f 1270//527 1269//527 1284//527
f 1262//329 1277//329 1278//329
f 1271//330 1270//330 1285//330
f 1263//331 1278//331 1279//331
f 1275//348 1290//348 1291//348
f 1284//349 1283//349 1298//349
f 1276//350 1291//350 1292//350
f 1285//351 1284//351 1299//351
f 1277//352 1292//352 1293//352
f 1286//337 1285//337 1300//337
f 1278//338 1293//338 1294//338
f 1287//339 1286//339 1301//339
f 1279//340 1294//340 1295//340
f 1288//341 1287//341 1302//341
f 1280//342 1295//342 1296//342
f 1289//343 1288//343 1303//343
f 1281//344 1296//344 1297//344
f 1283//347 1282//347 1297//347
f 1294//364 1309//364 1310//364
f 1303//365 1302//365 1317//365
f 1295//366 1310//366 1311//366
f 1304//367 1303//367 1318//367
f 1296//368 1311//368 1312//368
f 1298//355 1297//355 1312//355
f 1290//356 1305//356 1306//356
f 1299//357 1298//357 1313//357
f 1291//358 1306//358 1307//358
f 1300//359 1299//359 1314//359
f 1292//360 1307//360 1308//360
f 1301//361 1300//361 1315//361
f 1293//362 1308//362 1309//362
f 1302//363 1301//363 1316//363
f 1314//380 1313//380 1328//380
f 1306//381 1321//381 1322//381
f 1315//382 1314//382 1329//382
f 1307//383 1322//383 1323//383
f 1316//384 1315//384 1330//384
f 1308//369 1323//369 1324//369
f 1317//370 1316//370 1331//370
f 1309//371 1324//371 1325//371
f 1318//372 1317//372 1332//372
f 1310//373 1325//373 1326//373
f 1319//374 1318//374 1333//374
f 1311//375 1326//375 1327//375
f 1313//378 1312//378 1327//378
f 1305//379 1320//379 1321//379
f 1332//395 1347//395 1348//395
f 1326//396 1325//396 1340//396
f 1333//397 1348//397 1349//397
f 1327//398 1326//398 1341//398
f 1327//385 1342//385 1343//385
f 1321//386 1320//386 1335//386
f 1328//387 1343//387 1344//387
f 1322//388 1321//388 1336//388
f 1329//389 1344//389 1345//389
f 1323//390 1322//390 1337//390
f 1330//391 1345//391 1346//391
f 1324//392 1323//392 1338//392
f 1331//393 1346//393 1347//393
f 1325//394 1324//394 1339//394
f 1344//413 1359//413 1360//413
f 1338//414 1337//414 1352//414
f 1345//415 1360//415 1361//415
f 1339//416 1338//416 1353//416
f 1346//401 1361//401 1362//401
f 1340//402 1339//402 1354//402
f 1347//403 1362//403 1363//403
f 1341//404 1340//404 1355//404
f 1348//405 1363//405 1364//405
f 1342//406 1341//406 1356//406
f 1342//409 1357//409 1358//409
f 1336//410 1335//410 1350//410
f 1343//411 1358//411 1359//411
f 1337//412 1336//412 1351//412
f 1363//427 1378//427 1379//427
f 1357//428 1356//428 1371//428
f 1357//431 1372//431 1373//431
f 1351//432 1350//432 1365//432
f 1358//417 1373//417 1374//417
f 1352//418 1351//418 1366//418
f 1359//419 1374//419 1375//419
f 1353//420 1352//420 1367//420
f 1360//421 1375//421 1376//421
f 1354//422 1353//422 1368//422
f 1361//423 1376//423 1377//423
f 1355//424 1354//424 1369//424
f 1362//425 1377//425 1378//425
f 1356//426 1355//426 1370//426
f 1368//536 1367//536 1382//536
f 1375//445 1390//445 1391//445
f 1369//446 1368//446 1383//446
f 1376//447 1391//447 1392//447
f 1370//588 1369//588 1384//588
f 1377//433 1392//433 1393//433
f 1371//434 1370//434 1385//434
f 1378//533 1393//533 1394//533
f 1372//436 1371//436 1386//436
f 1372//439 1387//439 1388//439
f 1366//440 1365//440 1380//440
f 1373//441 1388//441 1389//441
f 1367//442 1366//442 1381//442
f 1374//443 1389//443 1390//443
f 1387//459 1386//459 1401//459
f 1387//462 1402//462 1403//462
f 1381//463 1380//463 1395//463
f 1388//464 1403//464 1404//464
f 1382//449 1381//449 1396//449
f 1389//450 1404//450 1405//450
f 1383//451 1382//451 1397//451
f 1390//452 1405//452 1406//452
f 1384//453 1383//453 1398//453
f 1391//454 1406//454 1407//454
f 1385//455 1384//455 1399//455
f 1392//456 1407//456 1408//456
f 1386//457 1385//457 1400//457
f 1393//458 1408//458 1409//458
f 1405//476 1420//476 1421//476
f 1399//477 1398//477 1413//477
f 1406//478 1421//478 1422//478
f 1400//479 1399//479 1414//479
f 1407//480 1422//480 1423//480
f 1401//465 1400//465 1415//465
f 1408//466 1423//466 1424//466
f 1402//467 1401//467 1416//467
f 1402//470 1417//470 1418//470
f 1396//471 1395//471 1410//471
f 1403//472 1418//472 1419//472
f 1397//473 1396//473 1411//473
f 1404//474 1419//474 1420//474
f 1398//475 1397//475 1412//475
f 1417//493 1432//493 1433//493
f 1411//494 1410//494 1425//494
f 1418//495 1433//495 1434//495
f 1412//496 1411//496 1426//496
f 1419//481 1434//481 1435//481
f 1413//482 1412//482 1427//482
f 1420//483 1435//483 1436//483
f 1414//484 1413//484 1428//484
f 1421//485 1436//485 1437//485
f 1415//486 1414//486 1429//486
f 1422//487 1437//487 1438//487
f 1416//488 1415//488 1430//488
f 1423//489 1438//489 1439//489
f 1417//490 1416//490 1431//490
f 1429//508 1428//508 968//508
f 1436//509 1444//509 973//509
f 1430//510 1429//510 1441//510
f 1437//511 973//511 1445//511
f 1431//512 1430//512 969//512
f 1438//497 1445//497 1446//497
f 1432//498 1431//498 1442//498
f 1432//501 970//501 971//501
f 1426//502 1425//502 966//502
f 1433//503 971//503 1443//503
f 1427//504 1426//504 1440//504
f 1434//505 1443//505 972//505
f 1428//506 1427//506 967//506
f 1435//507 972//507 1444//507
f 1455//10 1454//10 1467//10
f 1448//11 1460//11 1461//11
f 1926//652 1455//652 1468//652
f 1449//13 1461//13 1462//13
f 1456//14 1926//14 1469//14
f 1925//15 1462//15 1463//15
f 1927//16 1456//16 1470//16
f 1450//1 1463//1 1464//1
f 1928//2 1927//2 1471//2
f 1451//3 1464//3 1465//3
f 1453//6 1452//6 1465//6
f 1923//781 1458//781 1459//781
f 1454//8 1453//8 1466//8
f 1924//9 1459//9 1460//9
f 1467//26 1466//26 1481//26
f 1459//27 1474//27 1475//27
f 1468//28 1467//28 1482//28
f 1460//29 1475//29 1476//29
f 1469//30 1468//30 1483//30
f 1461//31 1476//31 1477//31
f 1470//32 1469//32 1484//32
f 1462//17 1477//17 1478//17
f 1471//18 1470//18 1485//18
f 1463//19 1478//19 1479//19
f 1472//20 1471//20 1486//20
f 1464//21 1479//21 1480//21
f 1466//24 1465//24 1480//24
f 1458//782 1473//782 1474//782
f 1486//41 1485//41 1500//41
f 1478//42 1493//42 1494//42
f 1487//43 1486//43 1501//43
f 1479//44 1494//44 1495//44
f 1481//47 1480//47 1495//47
f 1473//48 1488//48 1489//48
f 1482//33 1481//33 1496//33
f 1474//34 1489//34 1490//34
f 1483//35 1482//35 1497//35
f 1475//36 1490//36 1491//36
f 1484//37 1483//37 1498//37
f 1476//595 1491//595 1492//595
f 1485//39 1484//39 1499//39
f 1477//40 1492//40 1493//40
f 1489//58 1504//58 1505//58
f 1498//59 1497//59 1512//59
f 1490//60 1505//60 1506//60
f 1499//61 1498//61 1513//61
f 1491//62 1506//62 1507//62
f 1500//63 1499//63 1514//63
f 1492//64 1507//64 1508//64
f 1501//49 1500//49 1515//49
f 1493//50 1508//50 1509//50
f 1502//51 1501//51 1516//51
f 1494//52 1509//52 1510//52
f 1496//783 1495//783 1510//783
f 1488//56 1503//56 1504//56
f 1497//57 1496//57 1511//57
f 1508//73 1523//73 1524//73
f 1517//74 1516//74 1531//74
f 1509//75 1524//75 1525//75
f 1511//78 1510//78 1525//78
f 1503//515 1518//515 1519//515
f 1512//80 1511//80 1526//80
f 1504//65 1519//65 1520//65
f 1513//66 1512//66 1527//66
f 1505//67 1520//67 1521//67
f 1514//68 1513//68 1528//68
f 1506//69 1521//69 1522//69
f 1515//516 1514//516 1529//516
f 1507//71 1522//71 1523//71
f 1516//72 1515//72 1530//72
f 1528//90 1527//90 1542//90
f 1520//91 1535//91 1536//91
f 1529//92 1528//92 1543//92
f 1521//93 1536//93 1537//93
f 1530//94 1529//94 1544//94
f 1522//95 1537//95 1538//95
f 1531//599 1530//599 1545//599
f 1523//81 1538//81 1539//81
f 1532//82 1531//82 1546//82
f 1524//83 1539//83 1540//83
f 1526//86 1525//86 1540//86
f 1518//87 1533//87 1534//87
f 1527//88 1526//88 1541//88
f 1519//89 1534//89 1535//89
f 1547//780 1546//780 1561//780
f 1539//106 1554//106 1555//106
f 1541//109 1540//109 1555//109
f 1533//110 1548//110 1549//110
f 1542//111 1541//111 1556//111
f 1534//601 1549//601 1550//601
f 1543//97 1542//97 1557//97
f 1535//98 1550//98 1551//98
f 1544//99 1543//99 1558//99
f 1536//100 1551//100 1552//100
f 1545//101 1544//101 1559//101
f 1537//102 1552//102 1553//102
f 1546//103 1545//103 1560//103
f 1538//104 1553//104 1554//104
f 1550//122 1565//122 1566//122
f 1559//123 1558//123 1573//123
f 1551//124 1566//124 1567//124
f 1560//661 1559//661 1574//661
f 1552//126 1567//126 1568//126
f 1561//127 1560//127 1575//127
f 1553//128 1568//128 1569//128
f 1562//113 1561//113 1576//113
f 1554//114 1569//114 1570//114
f 1556//117 1555//117 1570//117
f 1548//118 1563//118 1564//118
f 1557//119 1556//119 1571//119
f 1549//120 1564//120 1565//120
f 1558//121 1557//121 1572//121
f 1570//136 1569//136 1584//136
f 1570//139 1585//139 1586//139
f 1564//140 1563//140 1578//140
f 1571//141 1586//141 1587//141
f 1565//142 1564//142 1579//142
f 1572//143 1587//143 1588//143
f 1566//144 1565//144 1580//144
f 1573//129 1588//129 1589//129
f 1567//130 1566//130 1581//130
f 1574//131 1589//131 1590//131
f 1568//132 1567//132 1582//132
f 1575//133 1590//133 1591//133
f 1569//134 1568//134 1583//134
f 1576//135 1591//135 1592//135
f 1588//153 1603//153 1604//153
f 1582//154 1581//154 1596//154
f 1589//155 1604//155 1605//155
f 1583//156 1582//156 1597//156
f 1590//520 1605//520 1606//520
f 1584//158 1583//158 1598//158
f 1591//666 1606//666 1607//666
f 1585//160 1584//160 1599//160
f 1585//147 1600//147 1601//147
f 1579//784 1578//784 1593//784
f 1586//149 1601//149 1602//149
f 1580//603 1579//603 1594//603
f 1587//151 1602//151 1603//151
f 1581//152 1580//152 1595//152
f 1600//170 1615//170 1616//170
f 1594//171 1593//171 1608//171
f 1601//172 1616//172 1617//172
f 1595//173 1594//173 1609//173
f 1602//174 1617//174 1618//174
f 1596//175 1595//175 1610//175
f 1603//176 1618//176 1619//176
f 1597//161 1596//161 1611//161
f 1604//162 1619//162 1620//162
f 1598//163 1597//163 1612//163
f 1605//668 1620//668 1621//668
f 1599//165 1598//165 1613//165
f 1606//166 1621//166 1622//166
f 1600//167 1599//167 1614//167
f 1619//522 1634//522 1635//522
f 1613//186 1612//186 1627//186
f 1620//187 1635//187 1636//187
f 1614//188 1613//188 1628//188
f 1621//545 1636//545 1637//545
f 1615//190 1614//190 1629//190
f 1615//177 1630//177 1631//177
f 1609//521 1608//521 1623//521
f 1616//179 1631//179 1632//179
f 1610//180 1609//180 1624//180
f 1617//548 1632//548 1633//548
f 1611//182 1610//182 1625//182
f 1618//183 1633//183 1634//183
f 1612//184 1611//184 1626//184
f 1624//202 1623//202 1638//202
f 1631//203 1646//203 1647//203
f 1625//204 1624//204 1639//204
f 1632//205 1647//205 1648//205
f 1626//206 1625//206 1640//206
f 1633//207 1648//207 1649//207
f 1627//208 1626//208 1641//208
f 1634//193 1649//193 1650//193
f 1628//194 1627//194 1642//194
f 1635//195 1650//195 1651//195
f 1629//196 1628//196 1643//196
f 1636//197 1651//197 1652//197
f 1630//785 1629//785 1644//785
f 1630//673 1645//673 1646//673
f 1643//217 1642//217 1657//217
f 1650//218 1665//218 1666//218
f 1644//219 1643//219 1658//219
f 1651//220 1666//220 1667//220
f 1645//221 1644//221 1659//221
f 1645//224 1660//224 1661//224
f 1639//209 1638//209 1653//209
f 1646//210 1661//210 1662//210
f 1640//211 1639//211 1654//211
f 1647//212 1662//212 1663//212
f 1641//213 1640//213 1655//213
f 1648//605 1663//605 1664//605
f 1642//786 1641//786 1656//786
f 1649//216 1664//216 1665//216
f 1661//234 1676//234 1677//234
f 1655//235 1654//235 1669//235
f 1662//236 1677//236 1678//236
f 1656//237 1655//237 1670//237
f 1663//238 1678//238 1679//238
f 1657//239 1656//239 1671//239
f 1664//240 1679//240 1680//240
f 1658//225 1657//225 1672//225
f 1665//226 1680//226 1681//226
f 1659//227 1658//227 1673//227
f 1666//228 1681//228 1682//228
f 1660//229 1659//229 1674//229
f 1660//232 1675//232 1676//232
f 1654//609 1653//609 1668//609
f 1680//551 1695//551 1696//551
f 1674//250 1673//250 1688//250
f 1681//251 1696//251 1697//251
f 1675//252 1674//252 1689//252
f 1675//255 1690//255 1691//255
f 1669//256 1668//256 1683//256
f 1676//241 1691//241 1692//241
f 1670//242 1669//242 1684//242
f 1677//243 1692//243 1693//243
f 1671//244 1670//244 1685//244
f 1678//245 1693//245 1694//245
f 1672//246 1671//246 1686//246
f 1679//247 1694//247 1695//247
f 1673//248 1672//248 1687//248
f 1684//577 1699//577 1700//577
f 1693//267 1692//267 1707//267
f 1685//268 1700//268 1701//268
f 1694//678 1693//678 1708//678
f 1686//270 1701//270 1702//270
f 1695//271 1694//271 1709//271
f 1687//272 1702//272 1703//272
f 1696//552 1695//552 1710//552
f 1688//258 1703//258 1704//258
f 1697//259 1696//259 1711//259
f 1689//260 1704//260 1705//260
f 1691//263 1690//263 1705//263
f 1683//787 1698//787 1699//787
f 1692//265 1691//265 1706//265
f 1703//280 1718//280 1719//280
f 1712//281 1711//281 1726//281
f 1704//282 1719//282 1720//282
f 1706//285 1705//285 1720//285
f 1698//286 1713//286 1714//286
f 1707//287 1706//287 1721//287
f 1699//288 1714//288 1715//288
f 1708//273 1707//273 1722//273
f 1700//274 1715//274 1716//274
f 1709//275 1708//275 1723//275
f 1701//276 1716//276 1717//276
f 1710//277 1709//277 1724//277
f 1702//278 1717//278 1718//278
f 1711//279 1710//279 1725//279
f 1723//297 1722//297 1737//297
f 1715//298 1730//298 1731//298
f 1724//682 1723//682 1738//682
f 1716//300 1731//300 1732//300
f 1725//301 1724//301 1739//301
f 1717//302 1732//302 1733//302
f 1726//303 1725//303 1740//303
f 1718//304 1733//304 1734//304
f 1727//289 1726//289 1741//289
f 1719//290 1734//290 1735//290
f 1721//293 1720//293 1735//293
f 1713//294 1728//294 1729//294
f 1722//295 1721//295 1736//295
f 1714//296 1729//296 1730//296
f 1742//312 1741//312 1756//312
f 1734//313 1749//313 1750//313
f 1736//316 1735//316 1750//316
f 1728//317 1743//317 1744//317
f 1737//318 1736//318 1751//318
f 1729//319 1744//319 1745//319
f 1738//320 1737//320 1752//320
f 1730//305 1745//305 1746//305
f 1739//306 1738//306 1753//306
f 1731//307 1746//307 1747//307
f 1740//308 1739//308 1754//308
f 1732//309 1747//309 1748//309
f 1741//310 1740//310 1755//310
f 1733//311 1748//311 1749//311
f 1754//330 1753//330 1768//330
f 1746//331 1761//331 1762//331
f 1755//528 1754//528 1769//528
f 1747//646 1762//646 1763//646
f 1756//334 1755//334 1770//334
f 1748//335 1763//335 1764//335
f 1757//525 1756//525 1771//525
f 1749//321 1764//321 1765//321
f 1751//324 1750//324 1765//324
f 1743//325 1758//325 1759//325
f 1752//326 1751//326 1766//326
f 1744//327 1759//327 1760//327
f 1753//527 1752//527 1767//527
f 1745//329 1760//329 1761//329
f 1766//347 1765//347 1780//347
f 1758//348 1773//348 1774//348
f 1767//349 1766//349 1781//349
f 1759//350 1774//350 1775//350
f 1768//351 1767//351 1782//351
f 1760//352 1775//352 1776//352
f 1769//337 1768//337 1783//337
f 1761//338 1776//338 1777//338
f 1770//339 1769//339 1784//339
f 1762//340 1777//340 1778//340
f 1771//620 1770//620 1785//620
f 1763//342 1778//342 1779//342
f 1772//343 1771//343 1786//343
f 1764//344 1779//344 1780//344
f 1776//362 1791//362 1792//362
f 1785//363 1784//363 1799//363
f 1777//364 1792//364 1793//364
f 1786//365 1785//365 1800//365
f 1778//366 1793//366 1794//366
f 1787//689 1786//689 1801//689
f 1779//368 1794//368 1795//368
f 1781//355 1780//355 1795//355
f 1773//356 1788//356 1789//356
f 1782//357 1781//357 1796//357
f 1774//621 1789//621 1790//621
f 1783//359 1782//359 1797//359
f 1775//360 1790//360 1791//360
f 1784//361 1783//361 1798//361
f 1796//378 1795//378 1810//378
f 1788//379 1803//379 1804//379
f 1797//380 1796//380 1811//380
f 1789//381 1804//381 1805//381
f 1798//382 1797//382 1812//382
f 1790//383 1805//383 1806//383
f 1799//384 1798//384 1813//384
f 1791//369 1806//369 1807//369
f 1800//370 1799//370 1814//370
f 1792//371 1807//371 1808//371
f 1801//372 1800//372 1815//372
f 1793//373 1808//373 1809//373
f 1802//374 1801//374 1816//374
f 1794//375 1809//375 1810//375
f 1814//393 1829//393 1830//393
f 1808//394 1807//394 1822//394
f 1815//395 1830//395 1831//395
f 1809//396 1808//396 1823//396
f 1816//397 1831//397 1832//397
f 1810//398 1809//398 1824//398
f 1810//385 1825//385 1826//385
f 1804//386 1803//386 1818//386
f 1811//387 1826//387 1827//387
f 1805//388 1804//388 1819//388
f 1812//389 1827//389 1828//389
f 1806//390 1805//390 1820//390
f 1813//391 1828//391 1829//391
f 1807//392 1806//392 1821//392
f 1819//788 1818//788 1833//788
f 1826//411 1841//411 1842//411
f 1820//623 1819//623 1834//623
f 1827//413 1842//413 1843//413
f 1821//414 1820//414 1835//414
f 1828//415 1843//415 1844//415
f 1822//416 1821//416 1836//416
f 1829//401 1844//401 1845//401
f 1823//402 1822//402 1837//402
f 1830//649 1845//649 1846//649
f 1824//404 1823//404 1838//404
f 1831//696 1846//696 1847//696
f 1825//406 1824//406 1839//406
f 1825//409 1840//409 1841//409
f 1838//424 1837//424 1852//424
f 1845//624 1860//624 1861//624
f 1839//426 1838//426 1853//426
f 1846//427 1861//427 1862//427
f 1840//428 1839//428 1854//428
f 1840//431 1855//431 1856//431
f 1834//432 1833//432 1848//432
f 1841//417 1856//417 1857//417
f 1835//418 1834//418 1849//418
f 1842//419 1857//419 1858//419
f 1836//420 1835//420 1850//420
f 1843//421 1858//421 1859//421
f 1837//422 1836//422 1851//422
f 1844//423 1859//423 1860//423
f 1856//441 1871//441 1872//441
f 1850//442 1849//442 1864//442
f 1857//557 1872//557 1873//557
f 1851//444 1850//444 1865//444
f 1858//445 1873//445 1874//445
f 1852//446 1851//446 1866//446
f 1859//532 1874//532 1875//532
f 1853//789 1852//789 1867//789
f 1860//433 1875//433 1876//433
f 1854//434 1853//434 1868//434
f 1861//533 1876//533 1877//533
f 1855//436 1854//436 1869//436
f 1855//439 1870//439 1871//439
f 1849//535 1848//535 1863//535
f 1875//456 1890//456 1891//456
f 1869//457 1868//457 1883//457
f 1876//458 1891//458 1892//458
f 1870//459 1869//459 1884//459
f 1870//462 1885//462 1886//462
f 1864//463 1863//463 1878//463
f 1871//464 1886//464 1887//464
f 1865//449 1864//449 1879//449
f 1872//450 1887//450 1888//450
f 1866//451 1865//451 1880//451
f 1873//452 1888//452 1889//452
f 1867//453 1866//453 1881//453
f 1874//454 1889//454 1890//454
f 1868//455 1867//455 1882//455
f 1887//474 1902//474 1903//474
f 1881//475 1880//475 1895//475
f 1888//476 1903//476 1904//476
f 1882//790 1881//790 1896//790
f 1889//478 1904//478 1905//478
f 1883//479 1882//479 1897//479
f 1890//480 1905//480 1906//480
f 1884//465 1883//465 1898//465
f 1891//466 1906//466 1907//466
f 1885//467 1884//467 1899//467
f 1885//470 1900//470 1901//470
f 1879//471 1878//471 1893//471
f 1886//472 1901//472 1902//472
f 1880//473 1879//473 1894//473
f 1906//489 1921//489 1922//489
f 1900//490 1899//490 1914//490
f 1900//493 1915//493 1916//493
f 1894//791 1893//791 1908//791
f 1901//495 1916//495 1917//495
f 1895//496 1894//496 1909//496
f 1902//481 1917//481 1918//481
f 1896//482 1895//482 1910//482
f 1903//483 1918//483 1919//483
f 1897//484 1896//484 1911//484
f 1904//485 1919//485 1920//485
f 1898//486 1897//486 1912//486
f 1905//487 1920//487 1921//487
f 1899//488 1898//488 1913//488
f 1911//506 1910//506 1448//506
f 1918//507 1455//507 1926//507
f 1912//508 1911//508 1449//508
f 1919//509 1926//509 1456//509
f 1913//510 1912//510 1925//510
f 1920//560 1456//560 1927//560
f 1914//512 1913//512 1450//512
f 1921//497 1927//497 1928//497
f 1915//498 1914//498 1451//498
f 1915//501 1452//501 1453//501
f 1909//502 1908//502 1923//502
f 1916//503 1453//503 1454//503
f 1910//561 1909//561 1924//561
f 1917//505 1454//505 1455//505
f 1935//8 2406//8 1946//8
f 2403//514 1939//514 1940//514
f 2407//10 1935//10 1947//10
f 1931//11 1940//11 1941//11
f 1936//12 2407//12 1948//12
f 1932//13 1941//13 1942//13
f 2408//14 1936//14 1949//14
f 2404//15 1942//15 1943//15
f 2409//513 2408//513 1950//513
f 1933//1 1943//1 1944//1
f 2410//2 2409//2 1951//2
f 2405//3 1944//3 1945//3
f 2406//6 1934//6 1945//6
f 1930//792 1938//792 1939//792
f 1946//24 1945//24 1960//24
f 1938//782 1953//782 1954//782
f 1947//26 1946//26 1961//26
f 1939//27 1954//27 1955//27
f 1948//28 1947//28 1962//28
f 1940//29 1955//29 1956//29
f 1949//30 1948//30 1963//30
f 1941//31 1956//31 1957//31
f 1950//32 1949//32 1964//32
f 1942//17 1957//17 1958//17
f 1951//18 1950//18 1965//18
f 1943//19 1958//19 1959//19
f 1952//20 1951//20 1966//20
f 1944//21 1959//21 1960//21
f 1956//38 1971//38 1972//38
f 1965//39 1964//39 1979//39
f 1957//40 1972//40 1973//40
f 1966//41 1965//41 1980//41
f 1958//42 1973//42 1974//42
f 1967//43 1966//43 1981//43
f 1959//44 1974//44 1975//44
f 1961//47 1960//47 1975//47
f 1953//48 1968//48 1969//48
f 1962//33 1961//33 1976//33
f 1954//34 1969//34 1970//34
f 1963//35 1962//35 1977//35
f 1955//36 1970//36 1971//36
f 1964//564 1963//564 1978//564
f 1976//55 1975//55 1990//55
f 1968//56 1983//56 1984//56
f 1977//57 1976//57 1991//57
f 1969//793 1984//793 1985//793
f 1978//59 1977//59 1992//59
f 1970//60 1985//60 1986//60
f 1979//61 1978//61 1993//61
f 1971//62 1986//62 1987//62
f 1980//63 1979//63 1994//63
f 1972//64 1987//64 1988//64
f 1981//49 1980//49 1995//49
f 1973//50 1988//50 1989//50
f 1982//51 1981//51 1996//51
f 1974//52 1989//52 1990//52
f 1995//70 1994//70 2009//70
f 1987//794 2002//794 2003//794
f 1996//72 1995//72 2010//72
f 1988//73 2003//73 2004//73
f 1997//74 1996//74 2011//74
f 1989//75 2004//75 2005//75
f 1991//78 1990//78 2005//78
f 1983//515 1998//515 1999//515
f 1992//80 1991//80 2006//80
f 1984//65 1999//65 2000//65
f 1993//542 1992//542 2007//542
f 1985//566 2000//566 2001//566
f 1994//68 1993//68 2008//68
f 1986//69 2001//69 2002//69
f 2007//88 2006//88 2021//88
f 1999//568 2014//568 2015//568
f 2008//90 2007//90 2022//90
f 2000//91 2015//91 2016//91
f 2009//92 2008//92 2023//92
f 2001//93 2016//93 2017//93
f 2010//94 2009//94 2024//94
f 2002//95 2017//95 2018//95
f 2011//96 2010//96 2025//96
f 2003//81 2018//81 2019//81
f 2012//82 2011//82 2026//82
f 2004//83 2019//83 2020//83
f 2006//86 2005//86 2020//86
f 1998//87 2013//87 2014//87
f 2026//519 2025//519 2040//519
f 2018//104 2033//104 2034//104
f 2027//105 2026//105 2041//105
f 2019//106 2034//106 2035//106
f 2021//109 2020//109 2035//109
f 2013//110 2028//110 2029//110
f 2022//111 2021//111 2036//111
f 2014//601 2029//601 2030//601
f 2023//97 2022//97 2037//97
f 2015//98 2030//98 2031//98
f 2024//99 2023//99 2038//99
f 2016//100 2031//100 2032//100
f 2025//101 2024//101 2039//101
f 2017//102 2032//102 2033//102
f 2029//120 2044//120 2045//120
f 2038//121 2037//121 2052//121
f 2030//122 2045//122 2046//122
f 2039//123 2038//123 2053//123
f 2031//124 2046//124 2047//124
f 2040//125 2039//125 2054//125
f 2032//126 2047//126 2048//126
f 2041//127 2040//127 2055//127
f 2033//128 2048//128 2049//128
f 2042//113 2041//113 2056//113
f 2034//114 2049//114 2050//114
f 2036//117 2035//117 2050//117
f 2028//118 2043//118 2044//118
f 2037//119 2036//119 2051//119
f 2049//134 2048//134 2063//134
f 2056//135 2071//135 2072//135
f 2050//136 2049//136 2064//136
f 2050//139 2065//139 2066//139
f 2044//140 2043//140 2058//140
f 2051//141 2066//141 2067//141
f 2045//142 2044//142 2059//142
f 2052//143 2067//143 2068//143
f 2046//144 2045//144 2060//144
f 2053//129 2068//129 2069//129
f 2047//130 2046//130 2061//130
f 2054//131 2069//131 2070//131
f 2048//132 2047//132 2062//132
f 2055//133 2070//133 2071//133
f 2067//151 2082//151 2083//151
f 2061//152 2060//152 2075//152
f 2068//153 2083//153 2084//153
f 2062//154 2061//154 2076//154
f 2069//155 2084//155 2085//155
f 2063//156 2062//156 2077//156
f 2070//157 2085//157 2086//157
f 2064//158 2063//158 2078//158
f 2071//159 2086//159 2087//159
f 2065//160 2064//160 2079//160
f 2065//147 2080//147 2081//147
f 2059//148 2058//148 2073//148
f 2066//149 2081//149 2082//149
f 2060//150 2059//150 2074//150
f 2086//166 2101//166 2102//166
f 2080//167 2079//167 2094//167
f 2080//170 2095//170 2096//170
f 2074//171 2073//171 2088//171
f 2081//172 2096//172 2097//172
f 2075//173 2074//173 2089//173
f 2082//174 2097//174 2098//174
f 2076//175 2075//175 2090//175
f 2083//176 2098//176 2099//176
f 2077//161 2076//161 2091//161
f 2084//162 2099//162 2100//162
f 2078//163 2077//163 2092//163
f 2085//164 2100//164 2101//164
f 2079//165 2078//165 2093//165
f 2091//573 2090//573 2105//573
f 2098//183 2113//183 2114//183
f 2092//184 2091//184 2106//184
f 2099//522 2114//522 2115//522
f 2093//795 2092//795 2107//795
f 2100//187 2115//187 2116//187
f 2094//188 2093//188 2108//188
f 2101//189 2116//189 2117//189
f 2095//190 2094//190 2109//190
f 2095//177 2110//177 2111//177
f 2089//521 2088//521 2103//521
f 2096//179 2111//179 2112//179
f 2090//180 2089//180 2104//180
f 2097//181 2112//181 2113//181
f 2110//198 2109//198 2124//198
f 2110//201 2125//201 2126//201
f 2104//202 2103//202 2118//202
f 2111//203 2126//203 2127//203
f 2105//204 2104//204 2119//204
f 2112//205 2127//205 2128//205
f 2106//206 2105//206 2120//206
f 2113//207 2128//207 2129//207
f 2107//208 2106//208 2121//208
f 2114//193 2129//193 2130//193
f 2108//194 2107//194 2122//194
f 2115//195 2130//195 2131//195
f 2109//196 2108//196 2123//196
f 2116//197 2131//197 2132//197
f 2128//605 2143//605 2144//605
f 2122//575 2121//575 2136//575
f 2129//216 2144//216 2145//216
f 2123//796 2122//796 2137//796
f 2130//218 2145//218 2146//218
f 2124//219 2123//219 2138//219
f 2131//220 2146//220 2147//220
f 2125//221 2124//221 2139//221
f 2125//224 2140//224 2141//224
f 2119//797 2118//797 2133//797
f 2126//210 2141//210 2142//210
f 2120//211 2119//211 2134//211
f 2127//212 2142//212 2143//212
f 2121//213 2120//213 2135//213
f 2140//232 2155//232 2156//232
f 2134//233 2133//233 2148//233
f 2141//234 2156//234 2157//234
f 2135//235 2134//235 2149//235
f 2142//236 2157//236 2158//236
f 2136//237 2135//237 2150//237
f 2143//238 2158//238 2159//238
f 2137//798 2136//798 2151//798
f 2144//240 2159//240 2160//240
f 2138//225 2137//225 2152//225
f 2145//226 2160//226 2161//226
f 2139//227 2138//227 2153//227
f 2146//675 2161//675 2162//675
f 2140//229 2139//229 2154//229
f 2159//799 2174//799 2175//799
f 2153//248 2152//248 2167//248
f 2160//249 2175//249 2176//249
f 2154//250 2153//250 2168//250
f 2161//251 2176//251 2177//251
f 2155//252 2154//252 2169//252
f 2155//255 2170//255 2171//255
f 2149//800 2148//800 2163//800
f 2156//241 2171//241 2172//241
f 2150//524 2149//524 2164//524
f 2157//243 2172//243 2173//243
f 2151//244 2150//244 2165//244
f 2158//245 2173//245 2174//245
f 2152//246 2151//246 2166//246
f 2163//801 2178//801 2179//801
f 2172//265 2171//265 2186//265
f 2164//266 2179//266 2180//266
f 2173//267 2172//267 2187//267
f 2165//802 2180//802 2181//802
f 2174//269 2173//269 2188//269
f 2166//270 2181//270 2182//270
f 2175//271 2174//271 2189//271
f 2167//272 2182//272 2183//272
f 2176//257 2175//257 2190//257
f 2168//258 2183//258 2184//258
f 2177//259 2176//259 2191//259
f 2169//260 2184//260 2185//260
f 2171//263 2170//263 2185//263
f 2182//278 2197//278 2198//278
f 2191//279 2190//279 2205//279
f 2183//280 2198//280 2199//280
f 2192//281 2191//281 2206//281
f 2184//282 2199//282 2200//282
f 2186//285 2185//285 2200//285
f 2178//286 2193//286 2194//286
f 2187//287 2186//287 2201//287
f 2179//288 2194//288 2195//288
f 2188//273 2187//273 2202//273
f 2180//274 2195//274 2196//274
f 2189//644 2188//644 2203//644
f 2181//276 2196//276 2197//276
f 2190//277 2189//277 2204//277
f 2202//295 2201//295 2216//295
f 2194//296 2209//296 2210//296
f 2203//297 2202//297 2217//297
f 2195//298 2210//298 2211//298
f 2204//682 2203//682 2218//682
f 2196//300 2211//300 2212//300
f 2205//301 2204//301 2219//301
f 2197//302 2212//302 2213//302
f 2206//303 2205//303 2220//303
f 2198//304 2213//304 2214//304
f 2207//289 2206//289 2221//289
f 2199//290 2214//290 2215//290
f 2201//293 2200//293 2215//293
f 2193//294 2208//294 2209//294
f 2221//310 2220//310 2235//310
f 2213//311 2228//311 2229//311
f 2222//312 2221//312 2236//312
f 2214//313 2229//313 2230//313
f 2216//316 2215//316 2230//316
f 2208//317 2223//317 2224//317
f 2217//318 2216//318 2231//318
f 2209//803 2224//803 2225//803
f 2218//320 2217//320 2232//320
f 2210//305 2225//305 2226//305
f 2219//306 2218//306 2233//306
f 2211//307 2226//307 2227//307
f 2220//308 2219//308 2234//308
f 2212//309 2227//309 2228//309
f 2224//327 2239//327 2240//327
f 2233//328 2232//328 2247//328
f 2225//582 2240//582 2241//582
f 2234//330 2233//330 2248//330
f 2226//331 2241//331 2242//331
f 2235//528 2234//528 2249//528
f 2227//646 2242//646 2243//646
f 2236//334 2235//334 2250//334
f 2228//335 2243//335 2244//335
f 2237//336 2236//336 2251//336
f 2229//321 2244//321 2245//321
f 2231//324 2230//324 2245//324
f 2223//580 2238//580 2239//580
f 2232//326 2231//326 2246//326
f 2243//342 2258//342 2259//342
f 2252//343 2251//343 2266//343
f 2244//344 2259//344 2260//344
f 2246//347 2245//347 2260//347
f 2238//348 2253//348 2254//348
f 2247//349 2246//349 2261//349
f 2239//583 2254//583 2255//583
f 2248//351 2247//351 2262//351
f 2240//352 2255//352 2256//352
f 2249//337 2248//337 2263//337
f 2241//338 2256//338 2257//338
f 2250//339 2249//339 2264//339
f 2242//340 2257//340 2258//340
f 2251//341 2250//341 2265//341
f 2263//359 2262//359 2277//359
f 2255//360 2270//360 2271//360
f 2264//361 2263//361 2278//361
f 2256//362 2271//362 2272//362
f 2265//363 2264//363 2279//363
f 2257//364 2272//364 2273//364
f 2266//365 2265//365 2280//365
f 2258//366 2273//366 2274//366
f 2267//367 2266//367 2281//367
f 2259//368 2274//368 2275//368
f 2261//355 2260//355 2275//355
f 2253//356 2268//356 2269//356
f 2262//357 2261//357 2276//357
f 2254//358 2269//358 2270//358
f 2282//374 2281//374 2296//374
f 2274//375 2289//375 2290//375
f 2276//378 2275//378 2290//378
f 2268//379 2283//379 2284//379
f 2277//380 2276//380 2291//380
f 2269//381 2284//381 2285//381
f 2278//382 2277//382 2292//382
f 2270//383 2285//383 2286//383
f 2279//384 2278//384 2293//384
f 2271//369 2286//369 2287//369
f 2280//370 2279//370 2294//370
f 2272//371 2287//371 2288//371
f 2281//372 2280//372 2295//372
f 2273//373 2288//373 2289//373
f 2293//391 2308//391 2309//391
f 2287//392 2286//392 2301//392
f 2294//393 2309//393 2310//393
f 2288//394 2287//394 2302//394
f 2295//395 2310//395 2311//395
f 2289//396 2288//396 2303//396
f 2296//397 2311//397 2312//397
f 2290//398 2289//398 2304//398
f 2290//385 2305//385 2306//385
f 2284//386 2283//386 2298//386
f 2291//387 2306//387 2307//387
f 2285//388 2284//388 2299//388
f 2292//389 2307//389 2308//389
f 2286//390 2285//390 2300//390
f 2305//409 2320//409 2321//409
f 2299//410 2298//410 2313//410
f 2306//411 2321//411 2322//411
f 2300//412 2299//412 2314//412
f 2307//413 2322//413 2323//413
f 2301//414 2300//414 2315//414
f 2308//415 2323//415 2324//415
f 2302//416 2301//416 2316//416
f 2309//401 2324//401 2325//401
f 2303//402 2302//402 2317//402
f 2310//403 2325//403 2326//403
f 2304//404 2303//404 2318//404
f 2311//405 2326//405 2327//405
f 2305//406 2304//406 2319//406
f 2317//422 2316//422 2331//422
f 2324//423 2339//423 2340//423
f 2318//424 2317//424 2332//424
f 2325//425 2340//425 2341//425
f 2319//426 2318//426 2333//426
f 2326//427 2341//427 2342//427
f 2320//428 2319//428 2334//428
f 2320//431 2335//431 2336//431
f 2314//432 2313//432 2328//432
f 2321//417 2336//417 2337//417
f 2315//418 2314//418 2329//418
f 2322//419 2337//419 2338//419
f 2316//420 2315//420 2330//420
f 2323//421 2338//421 2339//421
f 2335//439 2350//439 2351//439
f 2329//440 2328//440 2343//440
f 2336//441 2351//441 2352//441
f 2330//442 2329//442 2344//442
f 2337//443 2352//443 2353//443
f 2331//536 2330//536 2345//536
f 2338//445 2353//445 2354//445
f 2332//446 2331//446 2346//446
f 2339//447 2354//447 2355//447
f 2333//448 2332//448 2347//448
f 2340//433 2355//433 2356//433
f 2334//434 2333//434 2348//434
f 2341//533 2356//533 2357//533
f 2335//436 2334//436 2349//436
f 2354//454 2369//454 2370//454
f 2348//455 2347//455 2362//455
f 2355//456 2370//456 2371//456
f 2349//457 2348//457 2363//457
f 2356//458 2371//458 2372//458
f 2350//459 2349//459 2364//459
f 2350//462 2365//462 2366//462
f 2344//463 2343//463 2358//463
f 2351//464 2366//464 2367//464
f 2345//449 2344//449 2359//449
f 2352//450 2367//450 2368//450
f 2346//451 2345//451 2360//451
f 2353//452 2368//452 2369//452
f 2347//453 2346//453 2361//453
f 2359//471 2358//471 2373//471
f 2366//472 2381//472 2382//472
f 2360//473 2359//473 2374//473
f 2367//474 2382//474 2383//474
f 2361//475 2360//475 2375//475
f 2368//705 2383//705 2384//705
f 2362//477 2361//477 2376//477
f 2369//478 2384//478 2385//478
f 2363//479 2362//479 2377//479
f 2370//480 2385//480 2386//480
f 2364//465 2363//465 2378//465
f 2371//466 2386//466 2387//466
f 2365//467 2364//467 2379//467
f 2365//470 2380//470 2381//470
f 2378//486 2377//486 2392//486
f 2385//487 2400//487 2401//487
f 2379//488 2378//488 2393//488
f 2386//489 2401//489 2402//489
f 2380//490 2379//490 2394//490
f 2380//493 2395//493 2396//493
f 2374//804 2373//804 2388//804
f 2381//495 2396//495 2397//495
f 2375//496 2374//496 2389//496
f 2382//481 2397//481 2398//481
f 2376//482 2375//482 2390//482
f 2383//483 2398//483 2399//483
f 2377//484 2376//484 2391//484
f 2384//485 2399//485 2400//485
f 2396//503 2406//503 1935//503
f 2390//504 2389//504 2403//504
f 2397//505 1935//505 2407//505
f 2391//805 2390//805 1931//805
f 2398//507 2407//507 1936//507
f 2392//508 2391//508 1932//508
f 2399//509 1936//509 2408//509
f 2393//510 2392//510 2404//510
f 2400//511 2408//511 2409//511
f 2394//512 2393//512 1933//512
f 2401//497 2409//497 2410//497
f 2395//498 2394//498 2405//498
f 2395//501 1934//501 2406//501
f 2389//806 2388//806 1930//806
f 2417//6 2416//6 2428//6
f 2412//7 2421//7 2422//7
f 2889//8 2417//8 2429//8
f 2886//9 2422//9 2423//9
f 2418//10 2889//10 2430//10
f 2413//11 2423//11 2424//11
f 2890//652 2418//652 2431//652
f 2414//13 2424//13 2425//13
f 2419//14 2890//14 2432//14
f 2887//15 2425//15 2426//15
f 2891//513 2419//513 2433//513
f 2415//1 2426//1 2427//1
f 2892//2 2891//2 2434//2
f 2888//3 2427//3 2428//3
f 2435//20 2434//20 2449//20
f 2427//21 2442//21 2443//21
f 2429//24 2428//24 2443//24
f 2421//25 2436//25 2437//25
f 2430//26 2429//26 2444//26
f 2422//27 2437//27 2438//27
f 2431//28 2430//28 2445//28
f 2423//29 2438//29 2439//29
f 2432//30 2431//30 2446//30
f 2424//31 2439//31 2440//31
f 2433//32 2432//32 2447//32
f 2425//17 2440//17 2441//17
f 2434//18 2433//18 2448//18
f 2426//19 2441//19 2442//19
f 2438//36 2453//36 2454//36
f 2447//37 2446//37 2461//37
f 2439//38 2454//38 2455//38
f 2448//807 2447//807 2462//807
f 2440//40 2455//40 2456//40
f 2449//41 2448//41 2463//41
f 2441//42 2456//42 2457//42
f 2450//43 2449//43 2464//43
f 2442//44 2457//44 2458//44
f 2444//47 2443//47 2458//47
f 2436//48 2451//48 2452//48
f 2445//33 2444//33 2459//33
f 2437//34 2452//34 2453//34
f 2446//35 2445//35 2460//35
f 2457//52 2472//52 2473//52
f 2459//55 2458//55 2473//55
f 2451//56 2466//56 2467//56
f 2460//57 2459//57 2474//57
f 2452//58 2467//58 2468//58
f 2461//59 2460//59 2475//59
f 2453//60 2468//60 2469//60
f 2462//61 2461//61 2476//61
f 2454//62 2469//62 2470//62
f 2463//63 2462//63 2477//63
f 2455//64 2470//64 2471//64
f 2464//49 2463//49 2478//49
f 2456//50 2471//50 2472//50
f 2465//51 2464//51 2479//51
f 2477//68 2476//68 2491//68
f 2469//69 2484//69 2485//69
f 2478//516 2477//516 2492//516
f 2470//517 2485//517 2486//517
f 2479//72 2478//72 2493//72
f 2471//73 2486//73 2487//73
f 2480//543 2479//543 2494//543
f 2472//75 2487//75 2488//75
f 2474//78 2473//78 2488//78
f 2466//79 2481//79 2482//79
f 2475//80 2474//80 2489//80
f 2467//65 2482//65 2483//65
f 2476//66 2475//66 2490//66
f 2468//67 2483//67 2484//67
f 2489//86 2488//86 2503//86
f 2481//87 2496//87 2497//87
f 2490//88 2489//88 2504//88
f 2482//89 2497//89 2498//89
f 2491//90 2490//90 2505//90
f 2483//91 2498//91 2499//91
f 2492//92 2491//92 2506//92
f 2484//93 2499//93 2500//93
f 2493//94 2492//94 2507//94
f 2485//95 2500//95 2501//95
f 2494//96 2493//96 2508//96
f 2486//81 2501//81 2502//81
f 2495//82 2494//82 2509//82
f 2487//83 2502//83 2503//83
f 2499//100 2514//100 2515//100
f 2508//101 2507//101 2522//101
f 2500//102 2515//102 2516//102
f 2509//103 2508//103 2523//103
f 2501//104 2516//104 2517//104
f 2510//105 2509//105 2524//105
f 2502//106 2517//106 2518//106
f 2504//109 2503//109 2518//109
f 2496//110 2511//110 2512//110
f 2505//111 2504//111 2519//111
f 2497//601 2512//601 2513//601
f 2506//97 2505//97 2520//97
f 2498//98 2513//98 2514//98
f 2507//99 2506//99 2521//99
f 2519//117 2518//117 2533//117
f 2511//118 2526//118 2527//118
f 2520//119 2519//119 2534//119
f 2512//120 2527//120 2528//120
f 2521//121 2520//121 2535//121
f 2513//122 2528//122 2529//122
f 2522//123 2521//123 2536//123
f 2514//124 2529//124 2530//124
f 2523//125 2522//125 2537//125
f 2515//126 2530//126 2531//126
f 2524//127 2523//127 2538//127
f 2516//128 2531//128 2532//128
f 2525//113 2524//113 2539//113
f 2517//114 2532//114 2533//114
f 2537//131 2552//131 2553//131
f 2531//132 2530//132 2545//132
f 2538//133 2553//133 2554//133
f 2532//134 2531//134 2546//134
f 2539//135 2554//135 2555//135
f 2533//136 2532//136 2547//136
f 2533//139 2548//139 2549//139
f 2527//140 2526//140 2541//140
f 2534//141 2549//141 2550//141
f 2528//142 2527//142 2542//142
f 2535//143 2550//143 2551//143
f 2529//144 2528//144 2543//144
f 2536//129 2551//129 2552//129
f 2530//130 2529//130 2544//130
f 2549//149 2564//149 2565//149
f 2543//603 2542//603 2557//603
f 2550//151 2565//151 2566//151
f 2544//152 2543//152 2558//152
f 2551//153 2566//153 2567//153
f 2545//154 2544//154 2559//154
f 2552//155 2567//155 2568//155
f 2546//156 2545//156 2560//156
f 2553//157 2568//157 2569//157
f 2547//158 2546//158 2561//158
f 2554//159 2569//159 2570//159
f 2548//160 2547//160 2562//160
f 2548//147 2563//147 2564//147
f 2542//148 2541//148 2556//148
f 2568//668 2583//668 2584//668
f 2562//165 2561//165 2576//165
f 2569//166 2584//166 2585//166
f 2563//167 2562//167 2577//167
f 2563//170 2578//170 2579//170
f 2557//171 2556//171 2571//171
f 2564//172 2579//172 2580//172
f 2558//173 2557//173 2572//173
f 2565//174 2580//174 2581//174
f 2559//175 2558//175 2573//175
f 2566//176 2581//176 2582//176
f 2560//161 2559//161 2574//161
f 2567//162 2582//162 2583//162
f 2561//163 2560//163 2575//163
f 2573//180 2572//180 2587//180
f 2580//181 2595//181 2596//181
f 2574//182 2573//182 2588//182
f 2581//183 2596//183 2597//183
f 2575//184 2574//184 2589//184
f 2582//522 2597//522 2598//522
f 2576//523 2575//523 2590//523
f 2583//187 2598//187 2599//187
f 2577//188 2576//188 2591//188
f 2584//189 2599//189 2600//189
f 2578//190 2577//190 2592//190
f 2578//177 2593//177 2594//177
f 2572//178 2571//178 2586//178
f 2579//179 2594//179 2595//179
f 2592//196 2591//196 2606//196
f 2599//197 2614//197 2615//197
f 2593//198 2592//198 2607//198
f 2593//201 2608//201 2609//201
f 2587//202 2586//202 2601//202
f 2594//203 2609//203 2610//203
f 2588//204 2587//204 2602//204
f 2595//205 2610//205 2611//205
f 2589//206 2588//206 2603//206
f 2596//207 2611//207 2612//207
f 2590//208 2589//208 2604//208
f 2597//193 2612//193 2613//193
f 2591//194 2590//194 2605//194
f 2598//195 2613//195 2614//195
f 2610//212 2625//212 2626//212
f 2604//213 2603//213 2618//213
f 2611//605 2626//605 2627//605
f 2605//215 2604//215 2619//215
f 2612//674 2627//674 2628//674
f 2606//217 2605//217 2620//217
f 2613//218 2628//218 2629//218
f 2607//219 2606//219 2621//219
f 2614//220 2629//220 2630//220
f 2608//221 2607//221 2622//221
f 2608//224 2623//224 2624//224
f 2602//209 2601//209 2616//209
f 2609//210 2624//210 2625//210
f 2603//211 2602//211 2617//211
f 2629//228 2644//228 2645//228
f 2623//229 2622//229 2637//229
f 2623//232 2638//232 2639//232
f 2617//233 2616//233 2631//233
f 2624//234 2639//234 2640//234
f 2618//235 2617//235 2632//235
f 2625//236 2640//236 2641//236
f 2619//237 2618//237 2633//237
f 2626//808 2641//808 2642//808
f 2620//798 2619//798 2634//798
f 2627//240 2642//240 2643//240
f 2621//225 2620//225 2635//225
f 2628//226 2643//226 2644//226
f 2622//227 2621//227 2636//227
f 2634//244 2633//244 2648//244
f 2641//640 2656//640 2657//640
f 2635//641 2634//641 2649//641
f 2642//611 2657//611 2658//611
f 2636//248 2635//248 2650//248
f 2643//249 2658//249 2659//249
f 2637//642 2636//642 2651//642
f 2644//251 2659//251 2660//251
f 2638//252 2637//252 2652//252
f 2638//255 2653//255 2654//255
f 2632//256 2631//256 2646//256
f 2639//809 2654//809 2655//809
f 2633//242 2632//242 2647//242
f 2640//243 2655//243 2656//243
f 2652//260 2667//260 2668//260
f 2654//263 2653//263 2668//263
f 2646//264 2661//264 2662//264
f 2655//810 2654//810 2669//810
f 2647//577 2662//577 2663//577
f 2656//267 2655//267 2670//267
f 2648//268 2663//268 2664//268
f 2657//269 2656//269 2671//269
f 2649//578 2664//578 2665//578
f 2658//271 2657//271 2672//271
f 2650//272 2665//272 2666//272
f 2659//257 2658//257 2673//257
f 2651//258 2666//258 2667//258
f 2660//259 2659//259 2674//259
f 2672//275 2671//275 2686//275
f 2664//811 2679//811 2680//811
f 2673//277 2672//277 2687//277
f 2665//278 2680//278 2681//278
f 2674//279 2673//279 2688//279
f 2666//280 2681//280 2682//280
f 2675//281 2674//281 2689//281
f 2667//282 2682//282 2683//282
f 2669//285 2668//285 2683//285
f 2661//286 2676//286 2677//286
f 2670//287 2669//287 2684//287
f 2662//288 2677//288 2678//288
f 2671//273 2670//273 2685//273
f 2663//274 2678//274 2679//274
f 2684//293 2683//293 2698//293
f 2676//294 2691//294 2692//294
f 2685//295 2684//295 2699//295
f 2677//296 2692//296 2693//296
f 2686//297 2685//297 2700//297
f 2678//298 2693//298 2694//298
f 2687//299 2686//299 2701//299
f 2679//617 2694//617 2695//617
f 2688//301 2687//301 2702//301
f 2680//302 2695//302 2696//302
f 2689//303 2688//303 2703//303
f 2681//304 2696//304 2697//304
f 2690//289 2689//289 2704//289
f 2682//290 2697//290 2698//290
f 2703//308 2702//308 2717//308
f 2695//309 2710//309 2711//309
f 2704//310 2703//310 2718//310
f 2696//311 2711//311 2712//311
f 2705//312 2704//312 2719//312
f 2697//313 2712//313 2713//313
f 2699//316 2698//316 2713//316
f 2691//317 2706//317 2707//317
f 2700//318 2699//318 2714//318
f 2692//319 2707//319 2708//319
f 2701//320 2700//320 2715//320
f 2693//305 2708//305 2709//305
f 2702//306 2701//306 2716//306
f 2694//307 2709//307 2710//307
f 2706//325 2721//325 2722//325
f 2715//326 2714//326 2729//326
f 2707//327 2722//327 2723//327
f 2716//581 2715//581 2730//581
f 2708//329 2723//329 2724//329
f 2717//330 2716//330 2731//330
f 2709//331 2724//331 2725//331
f 2718//528 2717//528 2732//528
f 2710//529 2725//529 2726//529
f 2719//334 2718//334 2733//334
f 2711//335 2726//335 2727//335
f 2720//525 2719//525 2734//525
f 2712//321 2727//321 2728//321
f 2714//324 2713//324 2728//324
f 2725//340 2740//340 2741//340
f 2734//620 2733//620 2748//620
f 2726//342 2741//342 2742//342
f 2735//343 2734//343 2749//343
f 2727//344 2742//344 2743//344
f 2729//347 2728//347 2743//347
f 2721//348 2736//348 2737//348
f 2730//349 2729//349 2744//349
f 2722//350 2737//350 2738//350
f 2731//351 2730//351 2745//351
f 2723//352 2738//352 2739//352
f 2732//337 2731//337 2746//337
f 2724//338 2739//338 2740//338
f 2733//339 2732//339 2747//339
f 2745//357 2744//357 2759//357
f 2737//621 2752//621 2753//621
f 2746//359 2745//359 2760//359
f 2738//360 2753//360 2754//360
f 2747//361 2746//361 2761//361
f 2739//362 2754//362 2755//362
f 2748//363 2747//363 2762//363
f 2740//364 2755//364 2756//364
f 2749//365 2748//365 2763//365
f 2741//366 2756//366 2757//366
f 2750//367 2749//367 2764//367
f 2742//368 2757//368 2758//368
f 2744//355 2743//355 2758//355
f 2736//356 2751//356 2752//356
f 2764//372 2763//372 2778//372
f 2756//373 2771//373 2772//373
f 2765//374 2764//374 2779//374
f 2757//375 2772//375 2773//375
f 2759//378 2758//378 2773//378
f 2751//379 2766//379 2767//379
f 2760//380 2759//380 2774//380
f 2752//381 2767//381 2768//381
f 2761//382 2760//382 2775//382
f 2753//383 2768//383 2769//383
f 2762//384 2761//384 2776//384
f 2754//369 2769//369 2770//369
f 2763//370 2762//370 2777//370
f 2755//371 2770//371 2771//371
f 2768//388 2767//388 2782//388
f 2775//389 2790//389 2791//389
f 2769//390 2768//390 2783//390
f 2776//391 2791//391 2792//391
f 2770//392 2769//392 2784//392
f 2777//393 2792//393 2793//393
f 2771//394 2770//394 2785//394
f 2778//395 2793//395 2794//395
f 2772//396 2771//396 2786//396
f 2779//397 2794//397 2795//397
f 2773//398 2772//398 2787//398
f 2773//385 2788//385 2789//385
f 2767//386 2766//386 2781//386
f 2774//387 2789//387 2790//387
f 2787//404 2786//404 2801//404
f 2794//405 2809//405 2810//405
f 2788//406 2787//406 2802//406
f 2788//409 2803//409 2804//409
f 2782//410 2781//410 2796//410
f 2789//411 2804//411 2805//411
f 2783//623 2782//623 2797//623
f 2790//413 2805//413 2806//413
f 2784//414 2783//414 2798//414
f 2791//415 2806//415 2807//415
f 2785//416 2784//416 2799//416
f 2792//401 2807//401 2808//401
f 2786//402 2785//402 2800//402
f 2793//403 2808//403 2809//403
f 2805//419 2820//419 2821//419
f 2799//420 2798//420 2813//420
f 2806//421 2821//421 2822//421
f 2800//422 2799//422 2814//422
f 2807//423 2822//423 2823//423
f 2801//424 2800//424 2815//424
f 2808//425 2823//425 2824//425
f 2802//426 2801//426 2816//426
f 2809//427 2824//427 2825//427
f 2803//428 2802//428 2817//428
f 2803//431 2818//431 2819//431
f 2797//432 2796//432 2811//432
f 2804//417 2819//417 2820//417
f 2798//418 2797//418 2812//418
f 2824//533 2839//533 2840//533
f 2818//436 2817//436 2832//436
f 2818//439 2833//439 2834//439
f 2812//440 2811//440 2826//440
f 2819//441 2834//441 2835//441
f 2813//442 2812//442 2827//442
f 2820//443 2835//443 2836//443
f 2814//444 2813//444 2828//444
f 2821//445 2836//445 2837//445
f 2815//446 2814//446 2829//446
f 2822//532 2837//532 2838//532
f 2816//588 2815//588 2830//588
f 2823//433 2838//433 2839//433
f 2817//434 2816//434 2831//434
f 2836//452 2851//452 2852//452
f 2830//453 2829//453 2844//453
f 2837//454 2852//454 2853//454
f 2831//455 2830//455 2845//455
f 2838//456 2853//456 2854//456
f 2832//457 2831//457 2846//457
f 2839//458 2854//458 2855//458
f 2833//459 2832//459 2847//459
f 2833//462 2848//462 2849//462
f 2827//463 2826//463 2841//463
f 2834//464 2849//464 2850//464
f 2828//449 2827//449 2842//449
f 2835//450 2850//450 2851//450
f 2829//451 2828//451 2843//451
f 2848//470 2863//470 2864//470
f 2842//471 2841//471 2856//471
f 2849//472 2864//472 2865//472
f 2843//473 2842//473 2857//473
f 2850//474 2865//474 2866//474
f 2844//475 2843//475 2858//475
f 2851//476 2866//476 2867//476
f 2845//477 2844//477 2859//477
f 2852//478 2867//478 2868//478
f 2846//479 2845//479 2860//479
f 2853//480 2868//480 2869//480
f 2847//465 2846//465 2861//465
f 2854//466 2869//466 2870//466
f 2848//467 2847//467 2862//467
f 2860//484 2859//484 2874//484
f 2867//485 2882//485 2883//485
f 2861//486 2860//486 2875//486
f 2868//487 2883//487 2884//487
f 2862//488 2861//488 2876//488
f 2869//489 2884//489 2885//489
f 2863//490 2862//490 2877//490
f 2863//493 2878//493 2879//493
f 2857//494 2856//494 2871//494
f 2864//495 2879//495 2880//495
f 2858//496 2857//496 2872//496
f 2865//481 2880//481 2881//481
f 2859//482 2858//482 2873//482
f 2866//812 2881//812 2882//812
f 2878//501 2416//501 2417//501
f 2872//502 2871//502 2412//502
f 2879//503 2417//503 2889//503
f 2873//504 2872//504 2886//504
f 2880//505 2889//505 2418//505
f 2874//506 2873//506 2413//506
f 2881//507 2418//507 2890//507
f 2875//508 2874//508 2414//508
f 2882//509 2890//509 2419//509
f 2876//510 2875//510 2887//510
f 2883//560 2419//560 2891//560
f 2877//512 2876//512 2415//512
f 2884//497 2891//497 2892//497
f 2878//498 2877//498 2888//498
f 3374//2 3373//2 2917//2
f 2897//3 2910//3 2911//3
f 2899//813 2898//813 2911//813
f 3369//7 2904//7 2905//7
f 2900//814 2899//814 2912//814
f 3370//514 2905//514 2906//514
f 2901//10 2900//10 2913//10
f 2894//815 2906//815 2907//815
f 3372//12 2901//12 2914//12
f 2895//816 2907//816 2908//816
f 2902//14 3372//14 2915//14
f 3371//15 2908//15 2909//15
f 3373//513 2902//513 2916//513
f 2896//1 2909//1 2910//1
f 2908//17 2923//17 2924//17
f 2917//18 2916//18 2931//18
f 2909//19 2924//19 2925//19
f 2918//20 2917//20 2932//20
f 2910//21 2925//21 2926//21
f 2912//24 2911//24 2926//24
f 2904//782 2919//782 2920//782
f 2913//26 2912//26 2927//26
f 2905//817 2920//817 2921//817
f 2914//28 2913//28 2928//28
f 2906//29 2921//29 2922//29
f 2915//30 2914//30 2929//30
f 2907//818 2922//818 2923//818
f 2916//32 2915//32 2930//32
f 2928//33 2927//33 2942//33
f 2920//34 2935//34 2936//34
f 2929//35 2928//35 2943//35
f 2921//36 2936//36 2937//36
f 2930//564 2929//564 2944//564
f 2922//633 2937//633 2938//633
f 2931//39 2930//39 2945//39
f 2923//40 2938//40 2939//40
f 2932//41 2931//41 2946//41
f 2924//42 2939//42 2940//42
f 2933//43 2932//43 2947//43
f 2925//44 2940//44 2941//44
f 2927//47 2926//47 2941//47
f 2919//48 2934//48 2935//48
f 2947//49 2946//49 2961//49
f 2939//50 2954//50 2955//50
f 2948//51 2947//51 2962//51
f 2940//52 2955//52 2956//52
f 2942//55 2941//55 2956//55
f 2934//819 2949//819 2950//819
f 2943//57 2942//57 2957//57
f 2935//58 2950//58 2951//58
f 2944//59 2943//59 2958//59
f 2936//60 2951//60 2952//60
f 2945//61 2944//61 2959//61
f 2937//62 2952//62 2953//62
f 2946//63 2945//63 2960//63
f 2938//64 2953//64 2954//64
f 2959//820 2958//820 2973//820
f 2951//566 2966//566 2967//566
f 2960//68 2959//68 2974//68
f 2952//69 2967//69 2968//69
f 2961//70 2960//70 2975//70
f 2953//71 2968//71 2969//71
f 2962//72 2961//72 2976//72
f 2954//821 2969//821 2970//821
f 2963//74 2962//74 2977//74
f 2955//75 2970//75 2971//75
f 2957//78 2956//78 2971//78
f 2949//79 2964//79 2965//79
f 2958//80 2957//80 2972//80
f 2950//65 2965//65 2966//65
f 2978//82 2977//82 2992//82
f 2970//83 2985//83 2986//83
f 2972//86 2971//86 2986//86
f 2964//567 2979//567 2980//567
f 2973//88 2972//88 2987//88
f 2965//89 2980//89 2981//89
f 2974//90 2973//90 2988//90
f 2966//91 2981//91 2982//91
f 2975//92 2974//92 2989//92
f 2967//93 2982//93 2983//93
f 2976//94 2975//94 2990//94
f 2968//95 2983//95 2984//95
f 2977//96 2976//96 2991//96
f 2969//81 2984//81 2985//81
f 2981//98 2996//98 2997//98
f 2990//99 2989//99 3004//99
f 2982//100 2997//100 2998//100
f 2991//101 2990//101 3005//101
f 2983//102 2998//102 2999//102
f 2992//519 2991//519 3006//519
f 2984//104 2999//104 3000//104
f 2993//780 2992//780 3007//780
f 2985//106 3000//106 3001//106
f 2987//109 2986//109 3001//109
f 2979//110 2994//110 2995//110
f 2988//111 2987//111 3002//111
f 2980//112 2995//112 2996//112
f 2989//97 2988//97 3003//97
f 3000//114 3015//114 3016//114
f 3002//117 3001//117 3016//117
f 2994//118 3009//118 3010//118
f 3003//119 3002//119 3017//119
f 2995//120 3010//120 3011//120
f 3004//121 3003//121 3018//121
f 2996//822 3011//822 3012//822
f 3005//123 3004//123 3019//123
f 2997//124 3012//124 3013//124
f 3006//661 3005//661 3020//661
f 2998//126 3013//126 3014//126
f 3007//127 3006//127 3021//127
f 2999//128 3014//128 3015//128
f 3008//113 3007//113 3022//113
f 3019//823 3034//823 3035//823
f 3013//130 3012//130 3027//130
f 3020//824 3035//824 3036//824
f 3014//132 3013//132 3028//132
f 3021//133 3036//133 3037//133
f 3015//134 3014//134 3029//134
f 3022//135 3037//135 3038//135
f 3016//136 3015//136 3030//136
f 3016//139 3031//139 3032//139
f 3010//140 3009//140 3024//140
f 3017//141 3032//141 3033//141
f 3011//825 3010//825 3025//825
f 3018//143 3033//143 3034//143
f 3012//144 3011//144 3026//144
f 3031//147 3046//147 3047//147
f 3025//784 3024//784 3039//784
f 3032//149 3047//149 3048//149
f 3026//150 3025//150 3040//150
f 3033//151 3048//151 3049//151
f 3027//152 3026//152 3041//152
f 3034//153 3049//153 3050//153
f 3028//154 3027//154 3042//154
f 3035//155 3050//155 3051//155
f 3029//156 3028//156 3043//156
f 3036//520 3051//520 3052//520
f 3030//158 3029//158 3044//158
f 3037//159 3052//159 3053//159
f 3031//826 3030//826 3045//826
f 3043//161 3042//161 3057//161
f 3050//162 3065//162 3066//162
f 3044//163 3043//163 3058//163
f 3051//164 3066//164 3067//164
f 3045//165 3044//165 3059//165
f 3052//166 3067//166 3068//166
f 3046//167 3045//167 3060//167
f 3046//170 3061//170 3062//170
f 3040//827 3039//827 3054//827
f 3047//172 3062//172 3063//172
f 3041//173 3040//173 3055//173
f 3048//174 3063//174 3064//174
f 3042//828 3041//828 3056//828
f 3049//176 3064//176 3065//176
f 3061//177 3076//177 3077//177
f 3055//178 3054//178 3069//178
f 3062//179 3077//179 3078//179
f 3056//180 3055//180 3070//180
f 3063//636 3078//636 3079//636
f 3057//573 3056//573 3071//573
f 3064//183 3079//183 3080//183
f 3058//184 3057//184 3072//184
f 3065//185 3080//185 3081//185
f 3059//186 3058//186 3073//186
f 3066//187 3081//187 3082//187
f 3060//829 3059//829 3074//829
f 3067//189 3082//189 3083//189
f 3061//190 3060//190 3075//190
f 3080//193 3095//193 3096//193
f 3074//194 3073//194 3088//194
f 3081//195 3096//195 3097//195
f 3075//196 3074//196 3089//196
f 3082//197 3097//197 3098//197
f 3076//198 3075//198 3090//198
f 3076//201 3091//201 3092//201
f 3070//830 3069//830 3084//830
f 3077//203 3092//203 3093//203
f 3071//204 3070//204 3085//204
f 3078//205 3093//205 3094//205
f 3072//206 3071//206 3086//206
f 3079//207 3094//207 3095//207
f 3073//208 3072//208 3087//208
f 3092//210 3107//210 3108//210
f 3086//211 3085//211 3100//211
f 3093//212 3108//212 3109//212
f 3087//638 3086//638 3101//638
f 3094//214 3109//214 3110//214
f 3088//215 3087//215 3102//215
f 3095//216 3110//216 3111//216
f 3089//217 3088//217 3103//217
f 3096//218 3111//218 3112//218
f 3090//219 3089//219 3104//219
f 3097//831 3112//831 3113//831
f 3091//221 3090//221 3105//221
f 3091//224 3106//224 3107//224
f 3085//209 3084//209 3099//209
f 3111//226 3126//226 3127//226
f 3105//227 3104//227 3119//227
f 3112//228 3127//228 3128//228
f 3106//229 3105//229 3120//229
f 3106//232 3121//232 3122//232
f 3100//832 3099//832 3114//832
f 3107//234 3122//234 3123//234
f 3101//235 3100//235 3115//235
f 3108//236 3123//236 3124//236
f 3102//237 3101//237 3116//237
f 3109//238 3124//238 3125//238
f 3103//239 3102//239 3117//239
f 3110//240 3125//240 3126//240
f 3104//225 3103//225 3118//225
f 3116//524 3115//524 3130//524
f 3123//243 3138//243 3139//243
f 3117//639 3116//639 3131//639
f 3124//245 3139//245 3140//245
f 3118//246 3117//246 3132//246
f 3125//247 3140//247 3141//247
f 3119//248 3118//248 3133//248
f 3126//551 3141//551 3142//551
f 3120//250 3119//250 3134//250
f 3127//251 3142//251 3143//251
f 3121//252 3120//252 3135//252
f 3121//255 3136//255 3137//255
f 3115//833 3114//833 3129//833
f 3122//241 3137//241 3138//241
f 3134//258 3149//258 3150//258
f 3143//259 3142//259 3157//259
f 3135//260 3150//260 3151//260
f 3137//263 3136//263 3151//263
f 3129//834 3144//834 3145//834
f 3138//810 3137//810 3152//810
f 3130//266 3145//266 3146//266
f 3139//835 3138//835 3153//835
f 3131//802 3146//802 3147//802
f 3140//269 3139//269 3154//269
f 3132//578 3147//578 3148//578
f 3141//271 3140//271 3155//271
f 3133//272 3148//272 3149//272
f 3142//257 3141//257 3156//257
f 3154//273 3153//273 3168//273
f 3146//274 3161//274 3162//274
f 3155//275 3154//275 3169//275
f 3147//276 3162//276 3163//276
f 3156//277 3155//277 3170//277
f 3148//278 3163//278 3164//278
f 3157//279 3156//279 3171//279
f 3149//280 3164//280 3165//280
f 3158//281 3157//281 3172//281
f 3150//282 3165//282 3166//282
f 3152//285 3151//285 3166//285
f 3144//286 3159//286 3160//286
f 3153//287 3152//287 3167//287
f 3145//288 3160//288 3161//288
f 3173//289 3172//289 3187//289
f 3165//290 3180//290 3181//290
f 3167//293 3166//293 3181//293
f 3159//294 3174//294 3175//294
f 3168//295 3167//295 3182//295
f 3160//296 3175//296 3176//296
f 3169//297 3168//297 3183//297
f 3161//836 3176//836 3177//836
f 3170//837 3169//837 3184//837
f 3162//300 3177//300 3178//300
f 3171//301 3170//301 3185//301
f 3163//302 3178//302 3179//302
f 3172//303 3171//303 3186//303
f 3164//304 3179//304 3180//304
f 3176//305 3191//305 3192//305
f 3185//306 3184//306 3199//306
f 3177//307 3192//307 3193//307
f 3186//838 3185//838 3200//838
f 3178//309 3193//309 3194//309
f 3187//310 3186//310 3201//310
f 3179//311 3194//311 3195//311
f 3188//312 3187//312 3202//312
f 3180//313 3195//313 3196//313
f 3182//316 3181//316 3196//316
f 3174//839 3189//839 3190//839
f 3183//318 3182//318 3197//318
f 3175//319 3190//319 3191//319
f 3184//320 3183//320 3198//320
f 3195//321 3210//321 3211//321
f 3197//324 3196//324 3211//324
f 3189//580 3204//580 3205//580
f 3198//326 3197//326 3212//326
f 3190//327 3205//327 3206//327
f 3199//840 3198//840 3213//840
f 3191//329 3206//329 3207//329
f 3200//330 3199//330 3214//330
f 3192//331 3207//331 3208//331
f 3201//332 3200//332 3215//332
f 3193//333 3208//333 3209//333
f 3202//334 3201//334 3216//334
f 3194//335 3209//335 3210//335
f 3203//525 3202//525 3217//525
f 3215//337 3214//337 3229//337
f 3207//338 3222//338 3223//338
f 3216//339 3215//339 3230//339
f 3208//340 3223//340 3224//340
f 3217//341 3216//341 3231//341
f 3209//342 3224//342 3225//342
f 3218//343 3217//343 3232//343
f 3210//344 3225//344 3226//344
f 3212//347 3211//347 3226//347
f 3204//841 3219//841 3220//841
f 3213//349 3212//349 3227//349
f 3205//583 3220//583 3221//583
f 3214//351 3213//351 3228//351
f 3206//352 3221//352 3222//352
f 3227//842 3226//842 3241//842
f 3219//843 3234//843 3235//843
f 3228//357 3227//357 3242//357
f 3220//358 3235//358 3236//358
f 3229//359 3228//359 3243//359
f 3221//360 3236//360 3237//360
f 3230//361 3229//361 3244//361
f 3222//362 3237//362 3238//362
f 3231//363 3230//363 3245//363
f 3223//364 3238//364 3239//364
f 3232//648 3231//648 3246//648
f 3224//366 3239//366 3240//366
f 3233//367 3232//367 3247//367
f 3225//368 3240//368 3241//368
f 3246//844 3245//844 3260//844
f 3238//371 3253//371 3254//371
f 3247//372 3246//372 3261//372
f 3239//373 3254//373 3255//373
f 3248//374 3247//374 3262//374
f 3240//375 3255//375 3256//375
f 3242//378 3241//378 3256//378
f 3234//379 3249//379 3250//379
f 3243//380 3242//380 3257//380
f 3235//381 3250//381 3251//381
f 3244//382 3243//382 3258//382
f 3236//845 3251//845 3252//845
f 3245//384 3244//384 3259//384
f 3237//369 3252//369 3253//369
f 3250//386 3249//386 3264//386
f 3257//387 3272//387 3273//387
f 3251//388 3250//388 3265//388
f 3258//389 3273//389 3274//389
f 3252//846 3251//846 3266//846
f 3259//391 3274//391 3275//391
f 3253//392 3252//392 3267//392
f 3260//393 3275//393 3276//393
f 3254//394 3253//394 3268//394
f 3261//395 3276//395 3277//395
f 3255//396 3254//396 3269//396
f 3262//397 3277//397 3278//397
f 3256//398 3255//398 3270//398
f 3256//385 3271//385 3272//385
f 3269//402 3268//402 3283//402
f 3276//649 3291//649 3292//649
f 3270//404 3269//404 3284//404
f 3277//405 3292//405 3293//405
f 3271//847 3270//847 3285//847
f 3271//409 3286//409 3287//409
f 3265//788 3264//788 3279//788
f 3272//411 3287//411 3288//411
f 3266//412 3265//412 3280//412
f 3273//413 3288//413 3289//413
f 3267//414 3266//414 3281//414
f 3274//415 3289//415 3290//415
f 3268//416 3267//416 3282//416
f 3275//401 3290//401 3291//401
f 3287//417 3302//417 3303//417
f 3281//418 3280//418 3295//418
f 3288//419 3303//419 3304//419
f 3282//420 3281//420 3296//420
f 3289//421 3304//421 3305//421
f 3283//422 3282//422 3297//422
f 3290//423 3305//423 3306//423
f 3284//424 3283//424 3298//424
f 3291//425 3306//425 3307//425
f 3285//426 3284//426 3299//426
f 3292//848 3307//848 3308//848
f 3286//428 3285//428 3300//428
f 3286//431 3301//431 3302//431
f 3280//849 3279//849 3294//849
f 3306//433 3321//433 3322//433
f 3300//434 3299//434 3314//434
f 3307//435 3322//435 3323//435
f 3301//436 3300//436 3315//436
f 3301//439 3316//439 3317//439
f 3295//440 3294//440 3309//440
f 3302//441 3317//441 3318//441
f 3296//442 3295//442 3310//442
f 3303//850 3318//850 3319//850
f 3297//536 3296//536 3311//536
f 3304//445 3319//445 3320//445
f 3298//446 3297//446 3312//446
f 3305//447 3320//447 3321//447
f 3299//448 3298//448 3313//448
f 3311//449 3310//449 3325//449
f 3318//450 3333//450 3334//450
f 3312//451 3311//451 3326//451
f 3319//452 3334//452 3335//452
f 3313//453 3312//453 3327//453
f 3320//851 3335//851 3336//851
f 3314//455 3313//455 3328//455
f 3321//456 3336//456 3337//456
f 3315//457 3314//457 3329//457
f 3322//458 3337//458 3338//458
f 3316//459 3315//459 3330//459
f 3316//462 3331//462 3332//462
f 3310//852 3309//852 3324//852
f 3317//464 3332//464 3333//464
f 3330//465 3329//465 3344//465
f 3337//853 3352//853 3353//853
f 3331//467 3330//467 3345//467
f 3331//470 3346//470 3347//470
f 3325//471 3324//471 3339//471
f 3332//472 3347//472 3348//472
f 3326//473 3325//473 3340//473
f 3333//474 3348//474 3349//474
f 3327//854 3326//854 3341//854
f 3334//705 3349//705 3350//705
f 3328//558 3327//558 3342//558
f 3335//478 3350//478 3351//478
f 3329//855 3328//855 3343//855
f 3336//480 3351//480 3352//480
f 3348//481 3363//481 3364//481
f 3342//482 3341//482 3356//482
f 3349//483 3364//483 3365//483
f 3343//484 3342//484 3357//484
f 3350//485 3365//485 3366//485
f 3344//486 3343//486 3358//486
f 3351//487 3366//487 3367//487
f 3345//488 3344//488 3359//488
f 3352//489 3367//489 3368//489
f 3346//490 3345//490 3360//490
f 3346//493 3361//493 3362//493
f 3340//804 3339//804 3354//804
f 3347//495 3362//495 3363//495
f 3341//496 3340//496 3355//496
f 3367//497 3373//497 3374//497
f 3361//498 3360//498 2897//498
f 3361//501 2898//501 2899//501
f 3355//806 3354//806 3369//806
f 3362//503 2899//503 2900//503
f 3356//504 3355//504 3370//504
f 3363//505 2900//505 2901//505
f 3357//506 3356//506 2894//506
f 3364//507 2901//507 3372//507
f 3358//508 3357//508 2895//508
f 3365//509 3372//509 2902//509
f 3359//510 3358//510 3371//510
f 3366//560 2902//560 3373//560
f 3360//512 3359//512 2896//512
f 3376//709 3378//709 3377//709
f 3378//710 3382//710 3381//710
f 3382//711 3380//711 3379//711
f 3380//712 3376//712 3375//712
f 3381//713 3379//713 3375//713
f 3378//714 3376//714 3380//714
f 3384//715 3386//715 3385//715
f 3386//716 3388//716 3387//716
f 3388//856 3390//856 3389//856
f 3390//718 3392//718 3391//718
f 3392//719 3394//719 3393//719
f 3394//720 3396//720 3395//720
f 3396//721 3398//721 3397//721
f 3398//722 3400//722 3399//722
f 3400//857 3402//857 3401//857
f 3402//858 3404//858 3403//858
f 3404//725 3406//725 3405//725
f 3406//726 3408//726 3407//726
f 3408//727 3410//727 3409//727
f 3410//859 3412//859 3411//859
f 3412//729 3414//729 3413//729
f 3414//730 3416//730 3415//730
f 3416//731 3418//731 3417//731
f 3418//732 3420//732 3419//732
f 3420//733 3422//733 3421//733
f 3422//734 3424//734 3423//734
f 3424//735 3426//735 3425//735
f 3426//860 3428//860 3427//860
f 3428//737 3430//737 3429//737
f 3430//738 3432//738 3431//738
f 3432//739 3434//739 3433//739
f 3434//740 3436//740 3435//740
f 3436//741 3438//741 3437//741
f 3438//742 3440//742 3439//742
f 3440//861 3442//861 3441//861
f 3442//744 3444//744 3443//744
f 3444//745 3446//745 3445//745
f 3446//746 3448//746 3447//746
f 3448//747 3450//747 3449//747
f 3450//748 3452//748 3451//748
f 3452//749 3454//749 3453//749
f 3454//750 3456//750 3455//750
f 3456//751 3458//751 3457//751
f 3458//752 3460//752 3459//752
f 3460//753 3462//753 3461//753
f 3462//754 3464//754 3463//754
f 3464//862 3466//862 3465//862
f 3466//756 3468//756 3467//756
f 3468//757 3470//757 3469//757
f 3470//758 3472//758 3471//758
f 3472//759 3474//759 3473//759
f 3474//760 3476//760 3475//760
f 3476//761 3478//761 3477//761
f 3478//762 3480//762 3479//762
f 3480//763 3482//763 3481//763
f 3482//863 3484//863 3483//863
f 3484//765 3486//765 3485//765
f 3486//766 3488//766 3487//766
f 3488//864 3490//864 3489//864
f 3490//768 3492//768 3491//768
f 3492//769 3494//769 3493//769
f 3494//865 3496//865 3495//865
f 3496//771 3498//771 3497//771
f 3498//772 3500//772 3499//772
f 3500//773 3502//773 3501//773
f 3502//866 3504//866 3503//866
f 3504//775 3506//775 3505//775
f 3506//776 3508//776 3507//776
f 3386//714 3384//714 3510//714
f 3510//714 3508//714 3506//714
f 3506//714 3504//714 3502//714
f 3502//867 3500//867 3498//867
f 3502//714 3498//714 3496//714
f 3510//714 3506//714 3502//714
f 3386//714 3510//714 3502//714
f 3502//714 3496//714 3494//714
f 3386//714 3502//714 3494//714
f 3388//714 3386//714 3494//714
f 3388//714 3494//714 3492//714
f 3390//714 3388//714 3492//714
f 3390//714 3492//714 3490//714
f 3396//714 3394//714 3392//714
f 3392//714 3390//714 3490//714
f 3488//714 3486//714 3484//714
f 3392//714 3490//714 3488//714
f 3398//714 3396//714 3392//714
f 3402//714 3400//714 3398//714
f 3406//714 3404//714 3402//714
f 3410//714 3408//714 3406//714
f 3414//714 3412//714 3410//714
f 3414//714 3410//714 3406//714
f 3406//714 3402//714 3398//714
f 3398//714 3392//714 3488//714
f 3488//714 3484//714 3482//714
f 3482//714 3480//714 3478//714
f 3478//714 3476//714 3474//714
f 3474//868 3472//868 3470//868
f 3478//714 3474//714 3470//714
f 3488//714 3482//714 3478//714
f 3406//714 3398//714 3488//714
f 3416//867 3414//867 3406//867
f 3416//714 3406//714 3488//714
f 3488//714 3478//714 3470//714
f 3488//714 3470//714 3468//714
f 3418//714 3416//714 3488//714
f 3424//869 3422//869 3420//869
f 3420//714 3418//714 3488//714
f 3488//714 3468//714 3466//714
f 3464//714 3462//714 3460//714
f 3488//714 3466//714 3464//714
f 3424//714 3420//714 3488//714
f 3428//714 3426//714 3424//714
f 3432//714 3430//714 3428//714
f 3436//714 3434//714 3432//714
f 3436//714 3432//714 3428//714
f 3428//714 3424//714 3488//714
f 3488//714 3464//714 3460//714
f 3460//714 3458//714 3456//714
f 3456//714 3454//714 3452//714
f 3452//714 3450//714 3448//714
f 3448//714 3446//714 3444//714
f 3448//867 3444//867 3442//867
f 3456//714 3452//714 3448//714
f 3488//714 3460//714 3456//714
f 3436//714 3428//714 3488//714
f 3438//714 3436//714 3488//714
f 3488//714 3456//714 3448//714
f 3488//714 3448//714 3442//714
f 3440//714 3438//714 3488//714
f 3508//777 3510//777 3509//777
f 3510//778 3384//778 3383//778
f 3509//713 3383//713 3385//713
f 3507//713 3509//713 3385//713
f 3503//713 3505//713 3507//713
f 3499//713 3501//713 3503//713
f 3495//870 3497//870 3499//870
f 3495//713 3499//713 3503//713
f 3503//713 3507//713 3385//713
f 3503//713 3385//713 3387//713
f 3493//713 3495//713 3503//713
f 3493//713 3503//713 3387//713
f 3493//713 3387//713 3389//713
f 3491//713 3493//713 3389//713
f 3391//713 3393//713 3395//713
f 3491//713 3389//713 3391//713
f 3489//713 3491//713 3391//713
f 3391//713 3395//713 3397//713
f 3397//713 3399//713 3401//713
f 3401//713 3403//713 3405//713
f 3405//713 3407//713 3409//713
f 3409//713 3411//713 3413//713
f 3405//713 3409//713 3413//713
f 3397//713 3401//713 3405//713
f 3489//713 3391//713 3397//713
f 3483//871 3485//871 3487//871
f 3487//713 3489//713 3397//713
f 3397//713 3405//713 3413//713
f 3397//713 3413//713 3415//713
f 3483//713 3487//713 3397//713
f 3479//713 3481//713 3483//713
f 3475//713 3477//713 3479//713
f 3471//713 3473//713 3475//713
f 3469//872 3471//872 3475//872
f 3475//713 3479//713 3483//713
f 3483//713 3397//713 3415//713
f 3483//713 3415//713 3417//713
f 3469//713 3475//713 3483//713
f 3467//713 3469//713 3483//713
f 3483//713 3417//713 3419//713
f 3419//870 3421//870 3423//870
f 3423//713 3425//713 3427//713
f 3427//713 3429//713 3431//713
f 3431//713 3433//713 3435//713
f 3427//713 3431//713 3435//713
f 3419//713 3423//713 3427//713
f 3467//713 3483//713 3419//713
f 3465//713 3467//713 3419//713
f 3419//713 3427//713 3435//713
f 3419//713 3435//713 3437//713
f 3463//713 3465//713 3419//713
f 3459//872 3461//872 3463//872
f 3455//713 3457//713 3459//713
f 3451//713 3453//713 3455//713
f 3447//713 3449//713 3451//713
f 3443//713 3445//713 3447//713
f 3441//713 3443//713 3447//713
f 3447//713 3451//713 3455//713
f 3455//713 3459//713 3463//713
f 3463//713 3419//713 3437//713
f 3463//713 3437//713 3439//713
f 3447//713 3455//713 3463//713
f 3463//713 3439//713 3441//713
