# Blender 5.2.2 LTS
# www.blender.org
mtllib main_bearing.mtl
o main_bearing
v -0.250000 0.620000 0.000000
v 0.250000 0.620000 -0.000000
v -0.250000 0.617015 -0.060771
v 0.250000 0.617015 -0.060771
v -0.250000 0.608087 -0.120956
v 0.250000 0.608087 -0.120956
v -0.250000 0.593303 -0.179976
v 0.250000 0.593303 -0.179977
v -0.250000 0.572805 -0.237264
v 0.250000 0.572805 -0.237264
v -0.250000 0.546791 -0.292266
v 0.250000 0.546791 -0.292266
v -0.250000 0.515511 -0.344454
v 0.250000 0.515511 -0.344454
v -0.250000 0.479266 -0.393324
v 0.250000 0.479266 -0.393324
v -0.250000 0.438406 -0.438406
v 0.250000 0.438406 -0.438406
v -0.250000 0.393324 -0.479266
v 0.250000 0.393324 -0.479266
v -0.250000 0.344454 -0.515511
v 0.250000 0.344454 -0.515511
v -0.250000 0.292266 -0.546791
v 0.250000 0.292266 -0.546791
v -0.250000 0.237264 -0.572805
v 0.250000 0.237264 -0.572805
v -0.250000 0.179977 -0.593303
v 0.250000 0.179977 -0.593303
v -0.250000 0.120956 -0.608087
v 0.250000 0.120956 -0.608087
v -0.250000 0.060771 -0.617015
v 0.250000 0.060771 -0.617015
v -0.250000 0.000000 -0.620000
v 0.250000 0.000000 -0.620000
v -0.250000 -0.060771 -0.617015
v 0.250000 -0.060771 -0.617015
v -0.250000 -0.120956 -0.608087
v 0.250000 -0.120956 -0.608087
v -0.250000 -0.179977 -0.593303
v 0.250000 -0.179977 -0.593303
v -0.250000 -0.237264 -0.572805
v 0.250000 -0.237264 -0.572805
v -0.250000 -0.292266 -0.546791
v 0.250000 -0.292266 -0.546791
v -0.250000 -0.344454 -0.515511
v 0.250000 -0.344454 -0.515511
v -0.250000 -0.393324 -0.479266
v 0.250000 -0.393324 -0.479266
v -0.250000 -0.438406 -0.438406
v 0.250000 -0.438406 -0.438406
v -0.250000 -0.479266 -0.393324
v 0.250000 -0.479266 -0.393324
v -0.250000 -0.515511 -0.344454
v 0.250000 -0.515511 -0.344454
v -0.250000 -0.546791 -0.292266
v 0.250000 -0.546791 -0.292266
v -0.250000 -0.572805 -0.237264
v 0.250000 -0.572805 -0.237264
v -0.250000 -0.593303 -0.179976
v 0.250000 -0.593303 -0.179977
v -0.250000 -0.608087 -0.120956
v 0.250000 -0.608087 -0.120956
v -0.250000 -0.617015 -0.060771
v 0.250000 -0.617015 -0.060771
v -0.250000 -0.620000 0.000000
v 0.250000 -0.620000 -0.000000
v -0.250000 -0.617015 0.060771
v 0.250000 -0.617015 0.060771
v -0.250000 -0.608087 0.120956
v 0.250000 -0.608087 0.120956
v -0.250000 -0.593303 0.179977
v 0.250000 -0.593303 0.179976
v -0.250000 -0.572805 0.237264
v 0.250000 -0.572805 0.237264
v -0.250000 -0.546791 0.292266
v 0.250000 -0.546791 0.292266
v -0.250000 -0.515511 0.344454
v 0.250000 -0.515511 0.344454
v -0.250000 -0.479266 0.393324
v 0.250000 -0.479266 0.393324
v -0.250000 -0.438406 0.438406
v 0.250000 -0.438406 0.438406
v -0.250000 -0.393324 0.479266
v 0.250000 -0.393324 0.479266
v -0.250000 -0.344454 0.515511
v 0.250000 -0.344454 0.515511
v -0.250000 -0.292266 0.546791
v 0.250000 -0.292266 0.546791
v -0.250000 -0.237264 0.572805
v 0.250000 -0.237264 0.572805
v -0.250000 -0.179977 0.593303
v 0.250000 -0.179977 0.593303
v -0.250000 -0.120956 0.608087
v 0.250000 -0.120956 0.608087
v -0.250000 -0.060771 0.617015
v 0.250000 -0.060771 0.617015
v -0.250000 0.000000 0.620000
v 0.250000 0.000000 0.620000
v -0.250000 0.060771 0.617015
v 0.250000 0.060771 0.617015
v -0.250000 0.120956 0.608087
v 0.250000 0.120956 0.608087
v -0.250000 0.179977 0.593303
v 0.250000 0.179977 0.593303
v -0.250000 0.237264 0.572805
v 0.250000 0.237264 0.572805
v -0.250000 0.292266 0.546791
v 0.250000 0.292266 0.546791
v -0.250000 0.344454 0.515511
v 0.250000 0.344454 0.515511
v -0.250000 0.393324 0.479266
v 0.250000 0.393324 0.479266
v -0.250000 0.438406 0.438406
v 0.250000 0.438406 0.438406
v -0.250000 0.479266 0.393324
v 0.250000 0.479266 0.393324
v -0.250000 0.515511 0.344454
v 0.250000 0.515511 0.344454
v -0.250000 0.546791 0.292266
v 0.250000 0.546791 0.292266
v -0.250000 0.572805 0.237264
v 0.250000 0.572805 0.237264
v -0.250000 0.593303 0.179977
v 0.250000 0.593303 0.179976
v -0.250000 0.608087 0.120956
v 0.250000 0.608087 0.120956
v -0.250000 0.617015 0.060771
v 0.250000 0.617015 0.060771
v 0.250000 0.000000 0.370000
v 0.250000 -0.036266 0.368218
v 0.250000 0.036266 0.368218
v 0.250000 -0.107405 0.354068
v 0.250000 0.107405 0.354068
v 0.250000 -0.141593 0.341835
v 0.250000 -0.072183 0.362891
v 0.250000 0.072183 0.362891
v 0.250000 -0.174417 0.326311
v 0.250000 0.174417 0.326311
v 0.250000 -0.234726 0.286014
v 0.250000 0.234726 0.286014
v 0.250000 -0.205561 0.307644
v 0.250000 0.205561 0.307644
v 0.250000 0.141593 0.341835
v 0.250000 0.261630 0.261630
v 0.250000 -0.286014 0.234726
v 0.250000 0.286014 0.234726
v 0.250000 -0.341835 0.141593
v 0.250000 -0.326311 0.174417
v 0.250000 0.326311 0.174417
v 0.250000 -0.307644 0.205561
v 0.250000 0.307644 0.205561
v 0.250000 -0.362891 0.072183
v 0.250000 -0.354068 0.107405
v 0.250000 0.354068 0.107405
v 0.250000 0.368218 0.036266
v 0.250000 0.368218 -0.036266
v 0.250000 0.370000 -0.000000
v 0.250000 0.362891 0.072183
v 0.250000 0.341835 0.141593
v 0.250000 -0.261630 0.261630
v 0.250000 -0.368218 0.036266
v 0.250000 -0.370000 -0.000000
v 0.250000 -0.368218 -0.036266
v 0.250000 -0.354068 -0.107405
v 0.250000 -0.362891 -0.072183
v 0.250000 0.362891 -0.072183
v 0.250000 0.341835 -0.141593
v 0.250000 0.326311 -0.174417
v 0.250000 -0.286014 -0.234726
v 0.250000 -0.307644 -0.205561
v 0.250000 0.307644 -0.205561
v 0.250000 -0.326311 -0.174417
v 0.250000 0.286014 -0.234726
v 0.250000 -0.341835 -0.141593
v 0.250000 0.354068 -0.107405
v 0.250000 -0.234726 -0.286014
v 0.250000 0.261630 -0.261630
v 0.250000 0.174417 -0.326311
v 0.250000 -0.174417 -0.326311
v 0.250000 0.205561 -0.307644
v 0.250000 -0.205561 -0.307644
v 0.250000 0.234726 -0.286014
v 0.250000 -0.107405 -0.354068
v 0.250000 0.107405 -0.354068
v 0.250000 0.000000 -0.370000
v 0.250000 0.036266 -0.368218
v 0.250000 -0.036266 -0.368218
v 0.250000 0.072183 -0.362891
v 0.250000 -0.141593 -0.341835
v 0.250000 -0.072183 -0.362891
v 0.250000 0.141593 -0.341835
v 0.250000 -0.261630 -0.261630
v -0.250000 0.368218 0.036266
v -0.250000 0.370000 0.000000
v -0.250000 0.368218 -0.036266
v -0.250000 -0.362891 -0.072183
v -0.250000 -0.354068 -0.107405
v -0.250000 0.362891 -0.072183
v -0.250000 0.354068 -0.107405
v -0.250000 -0.341835 -0.141593
v -0.250000 0.341835 -0.141593
v -0.250000 0.286014 -0.234726
v -0.250000 -0.307644 -0.205561
v -0.250000 0.307644 -0.205561
v -0.250000 -0.326311 -0.174417
v -0.250000 0.326311 -0.174417
v -0.250000 -0.286014 -0.234726
v -0.250000 -0.261630 -0.261630
v -0.250000 0.234726 -0.286014
v -0.250000 -0.174417 -0.326311
v -0.250000 -0.205561 -0.307644
v -0.250000 0.174417 -0.326311
v -0.250000 -0.234726 -0.286014
v -0.250000 0.205561 -0.307644
v -0.250000 -0.107405 -0.354068
v -0.250000 0.107405 -0.354068
v -0.250000 0.000000 -0.370000
v -0.250000 0.036266 -0.368218
v -0.250000 -0.036266 -0.368218
v -0.250000 0.072183 -0.362891
v -0.250000 -0.141593 -0.341835
v -0.250000 -0.072183 -0.362891
v -0.250000 0.141593 -0.341835
v -0.250000 0.261630 -0.261630
v -0.250000 0.000000 0.370000
v -0.250000 -0.036266 0.368218
v -0.250000 0.036266 0.368218
v -0.250000 -0.107405 0.354068
v -0.250000 0.107405 0.354068
v -0.250000 -0.141593 0.341835
v -0.250000 -0.072183 0.362891
v -0.250000 0.072183 0.362891
v -0.250000 -0.174417 0.326311
v -0.250000 0.174417 0.326311
v -0.250000 -0.234726 0.286014
v -0.250000 0.234726 0.286014
v -0.250000 -0.205561 0.307644
v -0.250000 0.205561 0.307644
v -0.250000 -0.261630 0.261630
v -0.250000 0.141593 0.341835
v -0.250000 -0.286014 0.234726
v -0.250000 0.286014 0.234726
v -0.250000 0.341835 0.141593
v -0.250000 -0.326311 0.174417
v -0.250000 0.326311 0.174417
v -0.250000 -0.307644 0.205561
v -0.250000 0.307644 0.205561
v -0.250000 0.362891 0.072183
v -0.250000 -0.354068 0.107405
v -0.250000 0.354068 0.107405
v -0.250000 -0.368218 0.036266
v -0.250000 -0.368218 -0.036266
v -0.250000 -0.370000 0.000000
v -0.250000 -0.362891 0.072183
v -0.250000 -0.341835 0.141593
v -0.250000 0.261630 0.261630
v -0.200000 -0.550000 -0.800000
v -0.200000 0.550000 -0.800000
v 0.200000 -0.550000 -0.800000
v 0.200000 0.550000 -0.800000
v -0.200000 -0.529153 -0.282838
v -0.200000 -0.550000 -0.238760
v -0.200000 -0.463806 -0.380636
v -0.200000 -0.498882 -0.333342
v -0.200000 -0.380636 -0.463806
v -0.200000 -0.282838 -0.529153
v -0.200000 -0.229610 -0.554328
v -0.200000 -0.333342 -0.498882
v -0.200000 -0.424264 -0.424264
v -0.200000 -0.174171 -0.574164
v -0.200000 -0.058810 -0.597111
v -0.200000 -0.117054 -0.588471
v -0.200000 0.058810 -0.597111
v -0.200000 0.174171 -0.574164
v -0.200000 0.117054 -0.588471
v -0.200000 0.000000 -0.600000
v -0.200000 0.282838 -0.529153
v -0.200000 0.424264 -0.424264
v -0.200000 0.380636 -0.463806
v -0.200000 0.333342 -0.498882
v -0.200000 0.498882 -0.333342
v -0.200000 0.529153 -0.282838
v -0.200000 0.550000 -0.238760
v -0.200000 0.463806 -0.380636
v -0.200000 0.229610 -0.554328
v 0.200000 0.550000 -0.238760
v 0.200000 0.229610 -0.554328
v 0.200000 0.380636 -0.463806
v 0.200000 0.333342 -0.498882
v 0.200000 0.282838 -0.529153
v 0.200000 0.463806 -0.380636
v 0.200000 0.529153 -0.282838
v 0.200000 0.424264 -0.424264
v 0.200000 0.498882 -0.333342
v 0.200000 -0.550000 -0.238760
v 0.200000 -0.498882 -0.333342
v 0.200000 -0.463806 -0.380636
v 0.200000 -0.529153 -0.282838
v 0.200000 -0.424264 -0.424264
v 0.200000 -0.282838 -0.529153
v 0.200000 -0.333342 -0.498882
v 0.200000 -0.380636 -0.463806
v 0.200000 -0.174171 -0.574164
v 0.200000 -0.058810 -0.597111
v 0.200000 -0.117054 -0.588471
v 0.200000 0.058810 -0.597111
v 0.200000 0.174171 -0.574164
v 0.200000 0.117054 -0.588471
v 0.200000 0.000000 -0.600000
v 0.200000 -0.229610 -0.554328
v -0.250000 -0.850000 -0.800000
v -0.250000 -0.850000 -0.450000
v -0.250000 0.850000 -0.800000
v -0.250000 0.850000 -0.450000
v 0.250000 -0.850000 -0.800000
v 0.250000 -0.850000 -0.450000
v 0.250000 0.850000 -0.800000
v 0.250000 0.850000 -0.450000
v -0.265000 0.460000 0.000000
v -0.235000 0.460000 -0.000000
v -0.265000 0.457785 -0.045088
v -0.235000 0.457785 -0.045088
v -0.265000 0.451161 -0.089742
v -0.235000 0.451161 -0.089742
v -0.265000 0.440193 -0.133531
v -0.235000 0.440193 -0.133531
v -0.265000 0.424985 -0.176034
v -0.235000 0.424985 -0.176034
v -0.265000 0.405684 -0.216843
v -0.235000 0.405684 -0.216843
v -0.265000 0.382476 -0.255562
v -0.235000 0.382476 -0.255562
v -0.265000 0.355585 -0.291821
v -0.235000 0.355585 -0.291821
v -0.265000 0.325269 -0.325269
v -0.235000 0.325269 -0.325269
v -0.265000 0.291821 -0.355585
v -0.235000 0.291821 -0.355585
v -0.265000 0.255562 -0.382476
v -0.235000 0.255562 -0.382476
v -0.265000 0.216843 -0.405684
v -0.235000 0.216843 -0.405684
v -0.265000 0.176034 -0.424985
v -0.235000 0.176034 -0.424985
v -0.265000 0.133531 -0.440193
v -0.235000 0.133531 -0.440193
v -0.265000 0.089742 -0.451161
v -0.235000 0.089742 -0.451161
v -0.265000 0.045088 -0.457785
v -0.235000 0.045088 -0.457785
v -0.265000 0.000000 -0.460000
v -0.235000 0.000000 -0.460000
v -0.265000 -0.045088 -0.457785
v -0.235000 -0.045088 -0.457785
v -0.265000 -0.089742 -0.451161
v -0.235000 -0.089742 -0.451161
v -0.265000 -0.133531 -0.440193
v -0.235000 -0.133531 -0.440193
v -0.265000 -0.176034 -0.424985
v -0.235000 -0.176034 -0.424985
v -0.265000 -0.216843 -0.405684
v -0.235000 -0.216843 -0.405684
v -0.265000 -0.255562 -0.382476
v -0.235000 -0.255562 -0.382476
v -0.265000 -0.291821 -0.355585
v -0.235000 -0.291821 -0.355585
v -0.265000 -0.325269 -0.325269
v -0.235000 -0.325269 -0.325269
v -0.265000 -0.355585 -0.291821
v -0.235000 -0.355585 -0.291821
v -0.265000 -0.382476 -0.255562
v -0.235000 -0.382476 -0.255562
v -0.265000 -0.405684 -0.216843
v -0.235000 -0.405684 -0.216843
v -0.265000 -0.424985 -0.176034
v -0.235000 -0.424985 -0.176034
v -0.265000 -0.440193 -0.133531
v -0.235000 -0.440193 -0.133531
v -0.265000 -0.451161 -0.089742
v -0.235000 -0.451161 -0.089742
v -0.265000 -0.457785 -0.045088
v -0.235000 -0.457785 -0.045088
v -0.265000 -0.460000 0.000000
v -0.235000 -0.460000 -0.000000
v -0.265000 -0.457785 0.045088
v -0.235000 -0.457785 0.045088
v -0.265000 -0.451161 0.089742
v -0.235000 -0.451161 0.089742
v -0.265000 -0.440193 0.133531
v -0.235000 -0.440193 0.133531
v -0.265000 -0.424985 0.176034
v -0.235000 -0.424985 0.176034
v -0.265000 -0.405684 0.216843
v -0.235000 -0.405684 0.216843
v -0.265000 -0.382476 0.255562
v -0.235000 -0.382476 0.255562
v -0.265000 -0.355585 0.291821
v -0.235000 -0.355585 0.291821
v -0.265000 -0.325269 0.325269
v -0.235000 -0.325269 0.325269
v -0.265000 -0.291821 0.355585
v -0.235000 -0.291821 0.355585
v -0.265000 -0.255562 0.382476
v -0.235000 -0.255562 0.382476
v -0.265000 -0.216843 0.405684
v -0.235000 -0.216843 0.405684
v -0.265000 -0.176034 0.424985
v -0.235000 -0.176034 0.424985
v -0.265000 -0.133531 0.440193
v -0.235000 -0.133531 0.440193
v -0.265000 -0.089742 0.451161
v -0.235000 -0.089742 0.451161
v -0.265000 -0.045088 0.457785
v -0.235000 -0.045088 0.457785
v -0.265000 0.000000 0.460000
v -0.235000 0.000000 0.460000
v -0.265000 0.045088 0.457785
v -0.235000 0.045088 0.457785
v -0.265000 0.089742 0.451161
v -0.235000 0.089742 0.451161
v -0.265000 0.133531 0.440193
v -0.235000 0.133531 0.440193
v -0.265000 0.176034 0.424985
v -0.235000 0.176034 0.424985
v -0.265000 0.216843 0.405684
v -0.235000 0.216843 0.405684
v -0.265000 0.255562 0.382476
v -0.235000 0.255562 0.382476
v -0.265000 0.291821 0.355585
v -0.235000 0.291821 0.355585
v -0.265000 0.325269 0.325269
v -0.235000 0.325269 0.325269
v -0.265000 0.355585 0.291821
v -0.235000 0.355585 0.291821
v -0.265000 0.382476 0.255562
v -0.235000 0.382476 0.255562
v -0.265000 0.405684 0.216843
v -0.235000 0.405684 0.216843
v -0.265000 0.424985 0.176034
v -0.235000 0.424985 0.176034
v -0.265000 0.440193 0.133531
v -0.235000 0.440193 0.133531
v -0.265000 0.451161 0.089742
v -0.235000 0.451161 0.089742
v -0.265000 0.457785 0.045088
v -0.235000 0.457785 0.045088
v -0.235000 0.174417 0.326311
v -0.235000 0.205561 0.307644
v -0.235000 0.286014 0.234726
v -0.235000 0.261630 0.261630
v -0.235000 0.234726 0.286014
v -0.235000 0.341835 0.141593
v -0.235000 0.326311 0.174417
v -0.235000 0.368218 0.036266
v -0.235000 0.362891 0.072183
v -0.235000 0.354068 0.107405
v -0.235000 0.307644 0.205561
v -0.235000 -0.072183 0.362891
v -0.235000 -0.036266 0.368218
v -0.235000 -0.107405 0.354068
v -0.235000 -0.174417 0.326311
v -0.235000 -0.141593 0.341835
v -0.235000 -0.261630 0.261630
v -0.235000 -0.234726 0.286014
v -0.235000 -0.326311 0.174417
v -0.235000 -0.307644 0.205561
v -0.235000 -0.286014 0.234726
v -0.235000 -0.205561 0.307644
v -0.235000 -0.368218 -0.036266
v -0.235000 -0.362891 -0.072183
v -0.235000 -0.326311 -0.174417
v -0.235000 -0.341835 -0.141593
v -0.235000 -0.354068 -0.107405
v -0.235000 -0.286014 -0.234726
v -0.235000 -0.261630 -0.261630
v -0.235000 -0.174417 -0.326311
v -0.235000 -0.205561 -0.307644
v -0.235000 -0.234726 -0.286014
v -0.235000 -0.307644 -0.205561
v -0.235000 0.326311 -0.174417
v -0.235000 0.307644 -0.205561
v -0.235000 0.234726 -0.286014
v -0.235000 0.261630 -0.261630
v -0.235000 0.286014 -0.234726
v -0.235000 0.174417 -0.326311
v -0.235000 0.141593 -0.341835
v -0.235000 0.072183 -0.362891
v -0.235000 0.036266 -0.368218
v -0.235000 0.107405 -0.354068
v -0.235000 0.205561 -0.307644
v -0.235000 0.000000 0.370000
v -0.235000 0.036266 0.368218
v -0.235000 0.107405 0.354068
v -0.235000 0.141593 0.341835
v -0.235000 0.072183 0.362891
v -0.235000 -0.341835 0.141593
v -0.235000 -0.362891 0.072183
v -0.235000 -0.354068 0.107405
v -0.235000 0.370000 -0.000000
v -0.235000 0.368218 -0.036266
v -0.235000 -0.370000 -0.000000
v -0.235000 -0.368218 0.036266
v -0.235000 0.362891 -0.072183
v -0.235000 0.354068 -0.107405
v -0.235000 0.341835 -0.141593
v -0.235000 -0.107405 -0.354068
v -0.235000 -0.141593 -0.341835
v -0.235000 0.000000 -0.370000
v -0.235000 -0.072183 -0.362891
v -0.235000 -0.036266 -0.368218
v -0.265000 0.362891 -0.072183
v -0.265000 0.354068 -0.107405
v -0.265000 0.307644 -0.205561
v -0.265000 0.326311 -0.174417
v -0.265000 0.341835 -0.141593
v -0.265000 0.261630 -0.261630
v -0.265000 0.234726 -0.286014
v -0.265000 0.141593 -0.341835
v -0.265000 0.174417 -0.326311
v -0.265000 0.205561 -0.307644
v -0.265000 0.286014 -0.234726
v -0.265000 -0.341835 -0.141593
v -0.265000 -0.326311 -0.174417
v -0.265000 -0.261630 -0.261630
v -0.265000 -0.286014 -0.234726
v -0.265000 -0.307644 -0.205561
v -0.265000 -0.205561 -0.307644
v -0.265000 -0.174417 -0.326311
v -0.265000 -0.107405 -0.354068
v -0.265000 -0.072183 -0.362891
v -0.265000 -0.141593 -0.341835
v -0.265000 -0.234726 -0.286014
v -0.265000 -0.141593 0.341835
v -0.265000 -0.174417 0.326311
v -0.265000 -0.205561 0.307644
v -0.265000 -0.261630 0.261630
v -0.265000 -0.234726 0.286014
v -0.265000 -0.326311 0.174417
v -0.265000 -0.307644 0.205561
v -0.265000 -0.362891 0.072183
v -0.265000 -0.354068 0.107405
v -0.265000 -0.341835 0.141593
v -0.265000 -0.286014 0.234726
v -0.265000 0.072183 0.362891
v -0.265000 0.107405 0.354068
v -0.265000 0.141593 0.341835
v -0.265000 0.205561 0.307644
v -0.265000 0.174417 0.326311
v -0.265000 0.286014 0.234726
v -0.265000 0.261630 0.261630
v -0.265000 0.341835 0.141593
v -0.265000 0.326311 0.174417
v -0.265000 0.307644 0.205561
v -0.265000 0.234726 0.286014
v -0.265000 0.368218 0.036266
v -0.265000 0.370000 0.000000
v -0.265000 0.368218 -0.036266
v -0.265000 -0.354068 -0.107405
v -0.265000 -0.362891 -0.072183
v -0.265000 0.107405 -0.354068
v -0.265000 0.000000 -0.370000
v -0.265000 -0.036266 -0.368218
v -0.265000 0.036266 -0.368218
v -0.265000 0.072183 -0.362891
v -0.265000 0.000000 0.370000
v -0.265000 -0.036266 0.368218
v -0.265000 0.036266 0.368218
v -0.265000 -0.072183 0.362891
v -0.265000 -0.107405 0.354068
v -0.265000 0.354068 0.107405
v -0.265000 0.362891 0.072183
v -0.265000 -0.368218 -0.036266
v -0.265000 -0.368218 0.036266
v -0.265000 -0.370000 0.000000
v -0.150000 -0.703000 -0.450000
v -0.150000 -0.703000 -0.436000
v -0.135278 -0.711500 -0.450000
v -0.135278 -0.711500 -0.436000
v -0.135278 -0.728500 -0.450000
v -0.135278 -0.728500 -0.436000
v -0.150000 -0.737000 -0.450000
v -0.150000 -0.737000 -0.436000
v -0.164722 -0.728500 -0.450000
v -0.164722 -0.728500 -0.436000
v -0.164722 -0.711500 -0.450000
v -0.164722 -0.711500 -0.436000
v -0.150000 -0.483000 -0.450000
v -0.150000 -0.483000 -0.436000
v -0.135278 -0.491500 -0.450000
v -0.135278 -0.491500 -0.436000
v -0.135278 -0.508500 -0.450000
v -0.135278 -0.508500 -0.436000
v -0.150000 -0.517000 -0.450000
v -0.150000 -0.517000 -0.436000
v -0.164722 -0.508500 -0.450000
v -0.164722 -0.508500 -0.436000
v -0.164722 -0.491500 -0.450000
v -0.164722 -0.491500 -0.436000
v -0.150000 0.517000 -0.450000
v -0.150000 0.517000 -0.436000
v -0.135278 0.508500 -0.450000
v -0.135278 0.508500 -0.436000
v -0.135278 0.491500 -0.450000
v -0.135278 0.491500 -0.436000
v -0.150000 0.483000 -0.450000
v -0.150000 0.483000 -0.436000
v -0.164722 0.491500 -0.450000
v -0.164722 0.491500 -0.436000
v -0.164722 0.508500 -0.450000
v -0.164722 0.508500 -0.436000
v -0.150000 0.737000 -0.450000
v -0.150000 0.737000 -0.436000
v -0.135278 0.728500 -0.450000
v -0.135278 0.728500 -0.436000
v -0.135278 0.711500 -0.450000
v -0.135278 0.711500 -0.436000
v -0.150000 0.703000 -0.450000
v -0.150000 0.703000 -0.436000
v -0.164722 0.711500 -0.450000
v -0.164722 0.711500 -0.436000
v -0.164722 0.728500 -0.450000
v -0.164722 0.728500 -0.436000
v 0.235000 0.460000 0.000000
v 0.265000 0.460000 -0.000000
v 0.235000 0.457785 -0.045088
v 0.265000 0.457785 -0.045088
v 0.235000 0.451161 -0.089742
v 0.265000 0.451161 -0.089742
v 0.235000 0.440193 -0.133531
v 0.265000 0.440193 -0.133531
v 0.235000 0.424985 -0.176034
v 0.265000 0.424985 -0.176034
v 0.235000 0.405684 -0.216843
v 0.265000 0.405684 -0.216843
v 0.235000 0.382476 -0.255562
v 0.265000 0.382476 -0.255562
v 0.235000 0.355585 -0.291821
v 0.265000 0.355585 -0.291821
v 0.235000 0.325269 -0.325269
v 0.265000 0.325269 -0.325269
v 0.235000 0.291821 -0.355585
v 0.265000 0.291821 -0.355585
v 0.235000 0.255562 -0.382476
v 0.265000 0.255562 -0.382476
v 0.235000 0.216843 -0.405684
v 0.265000 0.216843 -0.405684
v 0.235000 0.176034 -0.424985
v 0.265000 0.176034 -0.424985
v 0.235000 0.133531 -0.440193
v 0.265000 0.133531 -0.440193
v 0.235000 0.089742 -0.451161
v 0.265000 0.089742 -0.451161
v 0.235000 0.045088 -0.457785
v 0.265000 0.045088 -0.457785
v 0.235000 0.000000 -0.460000
v 0.265000 0.000000 -0.460000
v 0.235000 -0.045088 -0.457785
v 0.265000 -0.045088 -0.457785
v 0.235000 -0.089742 -0.451161
v 0.265000 -0.089742 -0.451161
v 0.235000 -0.133531 -0.440193
v 0.265000 -0.133531 -0.440193
v 0.235000 -0.176034 -0.424985
v 0.265000 -0.176034 -0.424985
v 0.235000 -0.216843 -0.405684
v 0.265000 -0.216843 -0.405684
v 0.235000 -0.255562 -0.382476
v 0.265000 -0.255562 -0.382476
v 0.235000 -0.291821 -0.355585
v 0.265000 -0.291821 -0.355585
v 0.235000 -0.325269 -0.325269
v 0.265000 -0.325269 -0.325269
v 0.235000 -0.355585 -0.291821
v 0.265000 -0.355585 -0.291821
v 0.235000 -0.382476 -0.255562
v 0.265000 -0.382476 -0.255562
v 0.235000 -0.405684 -0.216843
v 0.265000 -0.405684 -0.216843
v 0.235000 -0.424985 -0.176034
v 0.265000 -0.424985 -0.176034
v 0.235000 -0.440193 -0.133531
v 0.265000 -0.440193 -0.133531
v 0.235000 -0.451161 -0.089742
v 0.265000 -0.451161 -0.089742
v 0.235000 -0.457785 -0.045088
v 0.265000 -0.457785 -0.045088
v 0.235000 -0.460000 0.000000
v 0.265000 -0.460000 -0.000000
v 0.235000 -0.457785 0.045088
v 0.265000 -0.457785 0.045088
v 0.235000 -0.451161 0.089742
v 0.265000 -0.451161 0.089742
v 0.235000 -0.440193 0.133531
v 0.265000 -0.440193 0.133531
v 0.235000 -0.424985 0.176034
v 0.265000 -0.424985 0.176034
v 0.235000 -0.405684 0.216843
v 0.265000 -0.405684 0.216843
v 0.235000 -0.382476 0.255562
v 0.265000 -0.382476 0.255562
v 0.235000 -0.355585 0.291821
v 0.265000 -0.355585 0.291821
v 0.235000 -0.325269 0.325269
v 0.265000 -0.325269 0.325269
v 0.235000 -0.291821 0.355585
v 0.265000 -0.291821 0.355585
v 0.235000 -0.255562 0.382476
v 0.265000 -0.255562 0.382476
v 0.235000 -0.216843 0.405684
v 0.265000 -0.216843 0.405684
v 0.235000 -0.176034 0.424985
v 0.265000 -0.176034 0.424985
v 0.235000 -0.133531 0.440193
v 0.265000 -0.133531 0.440193
v 0.235000 -0.089742 0.451161
v 0.265000 -0.089742 0.451161
v 0.235000 -0.045088 0.457785
v 0.265000 -0.045088 0.457785
v 0.235000 0.000000 0.460000
v 0.265000 0.000000 0.460000
v 0.235000 0.045088 0.457785
v 0.265000 0.045088 0.457785
v 0.235000 0.089742 0.451161
v 0.265000 0.089742 0.451161
v 0.235000 0.133531 0.440193
v 0.265000 0.133531 0.440193
v 0.235000 0.176034 0.424985
v 0.265000 0.176034 0.424985
v 0.235000 0.216843 0.405684
v 0.265000 0.216843 0.405684
v 0.235000 0.255562 0.382476
v 0.265000 0.255562 0.382476
v 0.235000 0.291821 0.355585
v 0.265000 0.291821 0.355585
v 0.235000 0.325269 0.325269
v 0.265000 0.325269 0.325269
v 0.235000 0.355585 0.291821
v 0.265000 0.355585 0.291821
v 0.235000 0.382476 0.255562
v 0.265000 0.382476 0.255562
v 0.235000 0.405684 0.216843
v 0.265000 0.405684 0.216843
v 0.235000 0.424985 0.176034
v 0.265000 0.424985 0.176034
v 0.235000 0.440193 0.133531
v 0.265000 0.440193 0.133531
v 0.235000 0.451161 0.089742
v 0.265000 0.451161 0.089742
v 0.235000 0.457785 0.045088
v 0.265000 0.457785 0.045088
v 0.265000 0.174417 0.326311
v 0.265000 0.205561 0.307644
v 0.265000 0.286014 0.234726
v 0.265000 0.261630 0.261630
v 0.265000 0.234726 0.286014
v 0.265000 0.341835 0.141593
v 0.265000 0.326311 0.174417
v 0.265000 0.368218 0.036266
v 0.265000 0.362891 0.072183
v 0.265000 0.354068 0.107405
v 0.265000 0.307644 0.205561
v 0.265000 -0.072183 0.362891
v 0.265000 -0.036266 0.368218
v 0.265000 -0.107405 0.354068
v 0.265000 -0.174417 0.326311
v 0.265000 -0.141593 0.341835
v 0.265000 -0.261630 0.261630
v 0.265000 -0.234726 0.286014
v 0.265000 -0.326311 0.174417
v 0.265000 -0.307644 0.205561
v 0.265000 -0.286014 0.234726
v 0.265000 -0.205561 0.307644
v 0.265000 -0.368218 -0.036266
v 0.265000 -0.362891 -0.072183
v 0.265000 -0.326311 -0.174417
v 0.265000 -0.341835 -0.141593
v 0.265000 -0.354068 -0.107405
v 0.265000 -0.286014 -0.234726
v 0.265000 -0.261630 -0.261630
v 0.265000 -0.174417 -0.326311
v 0.265000 -0.205561 -0.307644
v 0.265000 -0.234726 -0.286014
v 0.265000 -0.307644 -0.205561
v 0.265000 0.326311 -0.174417
v 0.265000 0.307644 -0.205561
v 0.265000 0.234726 -0.286014
v 0.265000 0.261630 -0.261630
v 0.265000 0.286014 -0.234726
v 0.265000 0.174417 -0.326311
v 0.265000 0.141593 -0.341835
v 0.265000 0.072183 -0.362891
v 0.265000 0.036266 -0.368218
v 0.265000 0.107405 -0.354068
v 0.265000 0.205561 -0.307644
v 0.265000 0.000000 0.370000
v 0.265000 0.036266 0.368218
v 0.265000 0.107405 0.354068
v 0.265000 0.141593 0.341835
v 0.265000 0.072183 0.362891
v 0.265000 -0.341835 0.141593
v 0.265000 -0.362891 0.072183
v 0.265000 -0.354068 0.107405
v 0.265000 0.370000 -0.000000
v 0.265000 0.368218 -0.036266
v 0.265000 -0.370000 -0.000000
v 0.265000 -0.368218 0.036266
v 0.265000 0.362891 -0.072183
v 0.265000 0.354068 -0.107405
v 0.265000 0.341835 -0.141593
v 0.265000 -0.107405 -0.354068
v 0.265000 -0.141593 -0.341835
v 0.265000 0.000000 -0.370000
v 0.265000 -0.072183 -0.362891
v 0.265000 -0.036266 -0.368218
v 0.235000 0.362891 -0.072183
v 0.235000 0.354068 -0.107405
v 0.235000 0.307644 -0.205561
v 0.235000 0.326311 -0.174417
v 0.235000 0.341835 -0.141593
v 0.235000 0.261630 -0.261630
v 0.235000 0.234726 -0.286014
v 0.235000 0.141593 -0.341835
v 0.235000 0.174417 -0.326311
v 0.235000 0.205561 -0.307644
v 0.235000 0.286014 -0.234726
v 0.235000 -0.341835 -0.141593
v 0.235000 -0.326311 -0.174417
v 0.235000 -0.261630 -0.261630
v 0.235000 -0.286014 -0.234726
v 0.235000 -0.307644 -0.205561
v 0.235000 -0.205561 -0.307644
v 0.235000 -0.174417 -0.326311
v 0.235000 -0.107405 -0.354068
v 0.235000 -0.072183 -0.362891
v 0.235000 -0.141593 -0.341835
v 0.235000 -0.234726 -0.286014
v 0.235000 -0.141593 0.341835
v 0.235000 -0.174417 0.326311
v 0.235000 -0.205561 0.307644
v 0.235000 -0.261630 0.261630
v 0.235000 -0.234726 0.286014
v 0.235000 -0.326311 0.174417
v 0.235000 -0.307644 0.205561
v 0.235000 -0.362891 0.072183
v 0.235000 -0.354068 0.107405
v 0.235000 -0.341835 0.141593
v 0.235000 -0.286014 0.234726
v 0.235000 0.072183 0.362891
v 0.235000 0.107405 0.354068
v 0.235000 0.141593 0.341835
v 0.235000 0.205561 0.307644
v 0.235000 0.174417 0.326311
v 0.235000 0.286014 0.234726
v 0.235000 0.261630 0.261630
v 0.235000 0.341835 0.141593
v 0.235000 0.326311 0.174417
v 0.235000 0.307644 0.205561
v 0.235000 0.234726 0.286014
v 0.235000 0.368218 0.036266
v 0.235000 0.370000 0.000000
v 0.235000 0.368218 -0.036266
v 0.235000 -0.354068 -0.107405
v 0.235000 -0.362891 -0.072183
v 0.235000 0.107405 -0.354068
v 0.235000 0.000000 -0.370000
v 0.235000 -0.036266 -0.368218
v 0.235000 0.036266 -0.368218
v 0.235000 0.072183 -0.362891
v 0.235000 0.000000 0.370000
v 0.235000 -0.036266 0.368218
v 0.235000 0.036266 0.368218
v 0.235000 -0.107405 0.354068
v 0.235000 -0.072183 0.362891
v 0.235000 0.354068 0.107405
v 0.235000 0.362891 0.072183
v 0.235000 -0.368218 -0.036266
v 0.235000 -0.368218 0.036266
v 0.235000 -0.370000 0.000000
v 0.150000 -0.703000 -0.450000
v 0.150000 -0.703000 -0.436000
v 0.164722 -0.711500 -0.450000
v 0.164722 -0.711500 -0.436000
v 0.164722 -0.728500 -0.450000
v 0.164722 -0.728500 -0.436000
v 0.150000 -0.737000 -0.450000
v 0.150000 -0.737000 -0.436000
v 0.135278 -0.728500 -0.450000
v 0.135278 -0.728500 -0.436000
v 0.135278 -0.711500 -0.450000
v 0.135278 -0.711500 -0.436000
v 0.150000 -0.483000 -0.450000
v 0.150000 -0.483000 -0.436000
v 0.164722 -0.491500 -0.450000
v 0.164722 -0.491500 -0.436000
v 0.164722 -0.508500 -0.450000
v 0.164722 -0.508500 -0.436000
v 0.150000 -0.517000 -0.450000
v 0.150000 -0.517000 -0.436000
v 0.135278 -0.508500 -0.450000
v 0.135278 -0.508500 -0.436000
v 0.135278 -0.491500 -0.450000
v 0.135278 -0.491500 -0.436000
v 0.150000 0.517000 -0.450000
v 0.150000 0.517000 -0.436000
v 0.164722 0.508500 -0.450000
v 0.164722 0.508500 -0.436000
v 0.164722 0.491500 -0.450000
v 0.164722 0.491500 -0.436000
v 0.150000 0.483000 -0.450000
v 0.150000 0.483000 -0.436000
v 0.135278 0.491500 -0.450000
v 0.135278 0.491500 -0.436000
v 0.135278 0.508500 -0.450000
v 0.135278 0.508500 -0.436000
v 0.150000 0.737000 -0.450000
v 0.150000 0.737000 -0.436000
v 0.164722 0.728500 -0.450000
v 0.164722 0.728500 -0.436000
v 0.164722 0.711500 -0.450000
v 0.164722 0.711500 -0.436000
v 0.150000 0.703000 -0.450000
v 0.150000 0.703000 -0.436000
v 0.135278 0.711500 -0.450000
v 0.135278 0.711500 -0.436000
v 0.135278 0.728500 -0.450000
v 0.135278 0.728500 -0.436000
v 0.000000 0.012000 0.620000
v -0.000000 0.012000 0.670000
v 0.001566 0.011897 0.620000
v 0.001566 0.011897 0.670000
v 0.003106 0.011591 0.620000
v 0.003106 0.011591 0.670000
v 0.004592 0.011087 0.620000
v 0.004592 0.011087 0.670000
v 0.006000 0.010392 0.620000
v 0.006000 0.010392 0.670000
v 0.007305 0.009520 0.620000
v 0.007305 0.009520 0.670000
v 0.008485 0.008485 0.620000
v 0.008485 0.008485 0.670000
v 0.009520 0.007305 0.620000
v 0.009520 0.007305 0.670000
v 0.010392 0.006000 0.620000
v 0.010392 0.006000 0.670000
v 0.011087 0.004592 0.620000
v 0.011087 0.004592 0.670000
v 0.011591 0.003106 0.620000
v 0.011591 0.003106 0.670000
v 0.011897 0.001566 0.620000
v 0.011897 0.001566 0.670000
v 0.012000 0.000000 0.620000
v 0.012000 0.000000 0.670000
v 0.011897 -0.001566 0.620000
v 0.011897 -0.001566 0.670000
v 0.011591 -0.003106 0.620000
v 0.011591 -0.003106 0.670000
v 0.011087 -0.004592 0.620000
v 0.011087 -0.004592 0.670000
v 0.010392 -0.006000 0.620000
v 0.010392 -0.006000 0.670000
v 0.009520 -0.007305 0.620000
v 0.009520 -0.007305 0.670000
v 0.008485 -0.008485 0.620000
v 0.008485 -0.008485 0.670000
v 0.007305 -0.009520 0.620000
v 0.007305 -0.009520 0.670000
v 0.006000 -0.010392 0.620000
v 0.006000 -0.010392 0.670000
v 0.004592 -0.011087 0.620000
v 0.004592 -0.011087 0.670000
v 0.003106 -0.011591 0.620000
v 0.003106 -0.011591 0.670000
v 0.001566 -0.011897 0.620000
v 0.001566 -0.011897 0.670000
v 0.000000 -0.012000 0.620000
v -0.000000 -0.012000 0.670000
v -0.001566 -0.011897 0.620000
v -0.001566 -0.011897 0.670000
v -0.003106 -0.011591 0.620000
v -0.003106 -0.011591 0.670000
v -0.004592 -0.011087 0.620000
v -0.004592 -0.011087 0.670000
v -0.006000 -0.010392 0.620000
v -0.006000 -0.010392 0.670000
v -0.007305 -0.009520 0.620000
v -0.007305 -0.009520 0.670000
v -0.008485 -0.008485 0.620000
v -0.008485 -0.008485 0.670000
v -0.009520 -0.007305 0.620000
v -0.009520 -0.007305 0.670000
v -0.010392 -0.006000 0.620000
v -0.010392 -0.006000 0.670000
v -0.011087 -0.004592 0.620000
v -0.011087 -0.004592 0.670000
v -0.011591 -0.003106 0.620000
v -0.011591 -0.003106 0.670000
v -0.011897 -0.001566 0.620000
v -0.011897 -0.001566 0.670000
v -0.012000 0.000000 0.620000
v -0.012000 0.000000 0.670000
v -0.011897 0.001566 0.620000
v -0.011897 0.001566 0.670000
v -0.011591 0.003106 0.620000
v -0.011591 0.003106 0.670000
v -0.011087 0.004592 0.620000
v -0.011087 0.004592 0.670000
v -0.010392 0.006000 0.620000
v -0.010392 0.006000 0.670000
v -0.009520 0.007305 0.620000
v -0.009520 0.007305 0.670000
v -0.008485 0.008485 0.620000
v -0.008485 0.008485 0.670000
v -0.007305 0.009520 0.620000
v -0.007305 0.009520 0.670000
v -0.006000 0.010392 0.620000
v -0.006000 0.010392 0.670000
v -0.004592 0.011087 0.620000
v -0.004592 0.011087 0.670000
v -0.003106 0.011591 0.620000
v -0.003106 0.011591 0.670000
v -0.001566 0.011897 0.620000
v -0.001566 0.011897 0.670000
v 0.250000 -0.289608 -0.344000
v 0.250000 -0.294000 -0.339608
v 0.250000 -0.300000 -0.338000
v 0.250000 -0.306000 -0.339608
v 0.250000 -0.310392 -0.344000
v 0.250000 -0.312000 -0.350000
v 0.250000 -0.310392 -0.356000
v 0.250000 -0.306000 -0.360392
v 0.250000 -0.300000 -0.362000
v 0.250000 -0.294000 -0.360392
v 0.250000 -0.289608 -0.356000
v 0.250000 -0.288000 -0.350000
v 0.273469 -0.299574 -0.338858
v 0.268929 -0.302071 -0.335431
v 0.264261 -0.306122 -0.334817
v 0.260715 -0.310642 -0.337180
v 0.259241 -0.314419 -0.341886
v 0.260234 -0.316441 -0.347674
v 0.263429 -0.316167 -0.352994
v 0.267969 -0.313670 -0.356420
v 0.272637 -0.309619 -0.357035
v 0.276184 -0.305099 -0.354672
v 0.277657 -0.301322 -0.349966
v 0.276664 -0.299299 -0.344178
v 0.281635 -0.324623 -0.326182
v 0.275757 -0.324228 -0.324212
v 0.269701 -0.325280 -0.325109
v 0.265090 -0.327498 -0.328631
v 0.263159 -0.330287 -0.333834
v 0.264425 -0.332899 -0.339326
v 0.268550 -0.334636 -0.343633
v 0.274428 -0.335031 -0.345602
v 0.280484 -0.333979 -0.344706
v 0.285095 -0.331761 -0.341184
v 0.287026 -0.328973 -0.335981
v 0.285760 -0.326360 -0.330489
v 0.278351 -0.359098 -0.309237
v 0.272527 -0.357391 -0.307911
v 0.266529 -0.357053 -0.309490
v 0.261963 -0.358175 -0.313549
v 0.260053 -0.360455 -0.319002
v 0.261311 -0.363283 -0.324388
v 0.265399 -0.365902 -0.328263
v 0.271223 -0.367609 -0.329589
v 0.277221 -0.367947 -0.328010
v 0.281787 -0.366825 -0.323951
v 0.283697 -0.364545 -0.318498
v 0.282439 -0.361717 -0.313112
v 0.267010 -0.401127 -0.289357
v 0.261332 -0.398838 -0.288306
v 0.255496 -0.397853 -0.290190
v 0.251064 -0.398436 -0.294504
v 0.249226 -0.400430 -0.300092
v 0.250473 -0.403301 -0.305457
v 0.254471 -0.406280 -0.309161
v 0.260149 -0.408569 -0.310213
v 0.265986 -0.409554 -0.308329
v 0.270417 -0.408972 -0.304015
v 0.272255 -0.406978 -0.298427
v 0.271009 -0.404106 -0.293062
v 0.249701 -0.448456 -0.268083
v 0.244134 -0.445855 -0.267172
v 0.238433 -0.444489 -0.269226
v 0.234126 -0.444724 -0.273696
v 0.232367 -0.446496 -0.279384
v 0.233627 -0.449331 -0.284765
v 0.237568 -0.452470 -0.288398
v 0.243135 -0.455071 -0.289310
v 0.248835 -0.456437 -0.287255
v 0.253142 -0.456202 -0.282785
v 0.254902 -0.454430 -0.277098
v 0.253642 -0.451595 -0.271717
v 0.228354 -0.498498 -0.247133
v 0.222866 -0.495709 -0.246299
v 0.217280 -0.494071 -0.248467
v 0.213093 -0.494021 -0.253055
v 0.211426 -0.495573 -0.258834
v 0.212727 -0.498312 -0.264256
v 0.216646 -0.501502 -0.267867
v 0.222134 -0.504291 -0.268701
v 0.227720 -0.505929 -0.266533
v 0.231907 -0.505979 -0.261945
v 0.233574 -0.504427 -0.256166
v 0.232273 -0.501688 -0.250744
v 0.204879 -0.548587 -0.228270
v 0.199445 -0.545682 -0.227480
v 0.193968 -0.543811 -0.229734
v 0.189915 -0.543474 -0.234429
v 0.188371 -0.544761 -0.240306
v 0.189752 -0.547329 -0.245792
v 0.193686 -0.550488 -0.249415
v 0.199120 -0.553392 -0.250205
v 0.204597 -0.555263 -0.247951
v 0.208650 -0.555600 -0.243256
v 0.210193 -0.554313 -0.237379
v 0.208813 -0.551746 -0.231893
v 0.181157 -0.596080 -0.213276
v 0.175755 -0.593111 -0.212506
v 0.170399 -0.590996 -0.214835
v 0.166524 -0.590301 -0.219639
v 0.165168 -0.591213 -0.225632
v 0.166695 -0.593486 -0.231208
v 0.170695 -0.596513 -0.234872
v 0.176097 -0.599481 -0.235642
v 0.181453 -0.601596 -0.233313
v 0.185328 -0.602291 -0.228509
v 0.186684 -0.601380 -0.222516
v 0.185157 -0.599106 -0.216940
v 0.158983 -0.638478 -0.203963
v 0.153585 -0.635502 -0.203194
v 0.148399 -0.633061 -0.205588
v 0.144814 -0.631810 -0.210504
v 0.143791 -0.632083 -0.216625
v 0.145604 -0.633808 -0.222310
v 0.149767 -0.636522 -0.226037
v 0.155165 -0.639498 -0.226806
v 0.160351 -0.641939 -0.224412
v 0.163936 -0.643190 -0.219496
v 0.164959 -0.642917 -0.213375
v 0.163146 -0.641192 -0.207690
v 0.139853 -0.673807 -0.202406
v 0.134402 -0.670929 -0.201637
v 0.129533 -0.667902 -0.204028
v 0.126550 -0.665536 -0.208936
v 0.126254 -0.664466 -0.215048
v 0.128723 -0.664977 -0.220725
v 0.133295 -0.666934 -0.224446
v 0.138746 -0.669811 -0.225214
v 0.143615 -0.672839 -0.222824
v 0.146598 -0.675204 -0.217916
v 0.146894 -0.676275 -0.211804
v 0.144426 -0.675763 -0.206127
v 0.124911 -0.700687 -0.212757
v 0.119282 -0.698133 -0.212153
v 0.115042 -0.693969 -0.213962
v 0.113327 -0.689313 -0.217699
v 0.114598 -0.685411 -0.222363
v 0.118513 -0.683310 -0.226703
v 0.124024 -0.683572 -0.229558
v 0.129654 -0.686127 -0.230161
v 0.133894 -0.690290 -0.228352
v 0.135608 -0.694946 -0.224615
v 0.134337 -0.698848 -0.219952
v 0.130422 -0.700949 -0.215611
v 0.118565 -0.711914 -0.240000
v 0.112800 -0.709600 -0.240000
v 0.108965 -0.704714 -0.240000
v 0.108086 -0.698565 -0.240000
v 0.110400 -0.692800 -0.240000
v 0.115286 -0.688965 -0.240000
v 0.121435 -0.688086 -0.240000
v 0.127200 -0.690400 -0.240000
v 0.131035 -0.695286 -0.240000
v 0.131914 -0.701435 -0.240000
v 0.129600 -0.707200 -0.240000
v 0.124714 -0.711035 -0.240000
vn -0.0000 0.9988 -0.0491
vn -0.0000 0.9892 -0.1467
vn -0.0000 0.9700 -0.2430
vn -0.0000 0.9415 -0.3369
vn -0.0000 0.9040 -0.4276
vn -0.0000 0.8577 -0.5141
vn -0.0000 0.8032 -0.5957
vn -0.0000 0.7410 -0.6716
vn -0.0000 0.6716 -0.7410
vn -0.0000 0.5957 -0.8032
vn -0.0000 0.5141 -0.8577
vn -0.0000 0.4276 -0.9040
vn -0.0000 0.3369 -0.9415
vn -0.0000 0.2430 -0.9700
vn -0.0000 0.1467 -0.9892
vn -0.0000 0.0491 -0.9988
vn -0.0000 -0.0491 -0.9988
vn -0.0000 -0.1467 -0.9892
vn -0.0000 -0.2430 -0.9700
vn -0.0000 -0.3369 -0.9415
vn -0.0000 -0.4276 -0.9040
vn -0.0000 -0.5141 -0.8577
vn -0.0000 -0.5957 -0.8032
vn -0.0000 -0.6716 -0.7410
vn -0.0000 -0.7410 -0.6716
vn -0.0000 -0.8032 -0.5957
vn -0.0000 -0.8577 -0.5141
vn -0.0000 -0.9040 -0.4276
vn -0.0000 -0.9415 -0.3369
vn -0.0000 -0.9700 -0.2430
vn -0.0000 -0.9892 -0.1467
vn -0.0000 -0.9988 -0.0491
vn -0.0000 -0.9988 0.0491
vn -0.0000 -0.9892 0.1467
vn -0.0000 -0.9700 0.2430
vn -0.0000 -0.9415 0.3369
vn -0.0000 -0.9040 0.4276
vn -0.0000 -0.8577 0.5141
vn -0.0000 -0.8032 0.5957
vn -0.0000 -0.7410 0.6716
vn -0.0000 -0.6716 0.7410
vn -0.0000 -0.5957 0.8032
vn -0.0000 -0.5141 0.8577
vn -0.0000 -0.4276 0.9040
vn -0.0000 -0.3369 0.9415
vn -0.0000 -0.2430 0.9700
vn -0.0000 -0.1467 0.9892
vn -0.0000 -0.0491 0.9988
vn -0.0000 0.0491 0.9988
vn -0.0000 0.1467 0.9892
vn -0.0000 0.2430 0.9700
vn -0.0000 0.3369 0.9415
vn -0.0000 0.4276 0.9040
vn -0.0000 0.5141 0.8577
vn -0.0000 0.5957 0.8032
vn -0.0000 0.6716 0.7410
vn -0.0000 0.7410 0.6716
vn -0.0000 0.8032 0.5957
vn -0.0000 0.8577 0.5141
vn -0.0000 0.9040 0.4276
vn -0.0000 0.9415 0.3369
vn -0.0000 0.9700 0.2430
vn 1.0000 -0.0000 -0.0000
vn -0.0000 0.9892 0.1467
vn -0.0000 0.9988 0.0491
vn -1.0000 -0.0000 -0.0000
vn -0.0000 1.0000 -0.0000
vn -0.0000 -1.0000 -0.0000
vn -0.0000 -0.0000 -1.0000
vn -0.0000 -0.0000 1.0000
vn -0.0000 -0.6716 0.7409
vn 0.5000 0.8660 -0.0000
vn 0.5000 -0.8660 -0.0000
vn -0.5000 -0.8660 -0.0000
vn -0.5000 0.8660 -0.0000
vn 0.0654 0.9979 -0.0000
vn 0.1951 0.9808 -0.0000
vn 0.3214 0.9469 -0.0000
vn 0.4423 0.8969 -0.0000
vn 0.5556 0.8315 -0.0000
vn 0.6593 0.7518 -0.0000
vn 0.7518 0.6593 -0.0000
vn 0.8315 0.5556 -0.0000
vn 0.8969 0.4423 -0.0000
vn 0.9469 0.3214 -0.0000
vn 0.9808 0.1951 -0.0000
vn 0.9979 0.0654 -0.0000
vn 0.9979 -0.0654 -0.0000
vn 0.9808 -0.1951 -0.0000
vn 0.9469 -0.3214 -0.0000
vn 0.8969 -0.4423 -0.0000
vn 0.8315 -0.5556 -0.0000
vn 0.7518 -0.6593 -0.0000
vn 0.6593 -0.7518 -0.0000
vn 0.5556 -0.8315 -0.0000
vn 0.4423 -0.8969 -0.0000
vn 0.3214 -0.9469 -0.0000
vn 0.1951 -0.9808 -0.0000
vn 0.0654 -0.9979 -0.0000
vn -0.0654 -0.9979 -0.0000
vn -0.1951 -0.9808 -0.0000
vn -0.3214 -0.9469 -0.0000
vn -0.4423 -0.8969 -0.0000
vn -0.5556 -0.8315 -0.0000
vn -0.6593 -0.7518 -0.0000
vn -0.7518 -0.6593 -0.0000
vn -0.8315 -0.5556 -0.0000
vn -0.8969 -0.4423 -0.0000
vn -0.9469 -0.3214 -0.0000
vn -0.9808 -0.1951 -0.0000
vn -0.9979 -0.0654 -0.0000
vn -0.9979 0.0654 -0.0000
vn -0.9808 0.1951 -0.0000
vn -0.9469 0.3214 -0.0000
vn -0.8969 0.4423 -0.0000
vn -0.8315 0.5556 -0.0000
vn -0.7518 0.6593 -0.0000
vn -0.6593 0.7518 -0.0000
vn -0.5556 0.8315 -0.0000
vn -0.4423 0.8969 -0.0000
vn -0.3214 0.9469 -0.0000
vn -0.1951 0.9808 -0.0000
vn -0.0654 0.9979 -0.0000
vn 0.2701 0.8601 0.4328
vn 0.6856 0.7188 0.1158
vn 0.3950 0.9183 -0.0274
vn 0.0568 0.5609 0.8260
vn 0.4468 0.7083 0.5465
vn -0.1886 0.0679 0.9797
vn 0.0912 0.5211 0.8486
vn -0.3704 -0.4282 0.8243
vn -0.3044 0.1955 0.9323
vn -0.4398 -0.7761 0.4519
vn -0.6354 -0.1878 0.7490
vn -0.6830 -0.7060 -0.1872
vn -0.3901 -0.9201 -0.0353
vn -0.3788 -0.6723 -0.6360
vn -0.2268 -0.8096 -0.5415
vn 0.0130 -0.4429 -0.8965
vn 0.0127 -0.4350 -0.9003
vn 0.3833 -0.0990 -0.9183
vn 0.2373 0.0594 -0.9696
vn 0.6501 0.2628 -0.7129
vn 0.3792 0.4907 -0.7845
vn 0.7582 0.5572 -0.3386
vn 0.4298 0.7834 -0.4491
vn 0.8938 0.2779 0.3520
vn 0.5652 0.4172 0.7117
vn 0.0834 0.4524 0.8879
vn -0.4287 0.3746 0.8221
vn -0.7847 -0.5237 0.3317
vn -0.8273 0.2010 0.5246
vn -0.8860 -0.2565 -0.3863
vn -0.5285 -0.4128 -0.7418
vn -0.0277 -0.4474 -0.8939
vn 0.4729 -0.3516 -0.8079
vn 0.8422 -0.1609 -0.5146
vn 0.9933 0.0685 -0.0932
vn 0.8827 0.0645 0.4655
vn 0.5479 0.2805 0.7881
vn 0.0665 0.4237 0.9034
vn -0.4352 0.4552 0.7767
vn -0.9964 -0.0293 0.0796
vn -0.8215 0.3643 0.4387
vn -0.8780 -0.0654 -0.4742
vn -0.5315 -0.2861 -0.7973
vn -0.0422 -0.4277 -0.9030
vn 0.4559 -0.4528 -0.7663
vn 0.8305 -0.3570 -0.4276
vn 0.9856 -0.1679 0.0220
vn 0.8565 -0.0342 0.5151
vn 0.5264 0.2127 0.8232
vn 0.0557 0.4036 0.9132
vn -0.4313 0.4874 0.7592
vn -0.9846 0.1735 -0.0204
vn -0.8037 0.4403 0.4003
vn -0.8548 0.0329 -0.5179
vn -0.5185 -0.2167 -0.8272
vn -0.0428 -0.4073 -0.9123
vn 0.4429 -0.4877 -0.7523
vn 0.8090 -0.4378 -0.3923
vn 0.9597 -0.2718 0.0710
vn 0.8341 -0.0944 0.5435
vn 0.5076 0.1660 0.8455
vn 0.0456 0.3826 0.9228
vn -0.4294 0.4974 0.7538
vn -0.9594 0.2739 -0.0678
vn -0.7903 0.4790 0.3821
vn -0.8339 0.0942 -0.5439
vn -0.5035 -0.1685 -0.8474
vn -0.0376 -0.3854 -0.9220
vn 0.4374 -0.4983 -0.7486
vn 0.7944 -0.4776 -0.3753
vn 0.9391 -0.3297 0.0972
vn 0.8140 -0.1402 0.5637
vn 0.4888 0.1246 0.8635
vn 0.0333 0.3564 0.9337
vn -0.4317 0.4935 0.7551
vn -0.9227 0.3699 -0.1085
vn -0.9388 0.3315 -0.0932
vn -0.8148 0.1412 -0.5623
vn -0.4868 -0.1258 -0.8644
vn -0.0276 -0.3587 -0.9330
vn 0.4383 -0.4947 -0.7504
vn 0.7859 -0.4977 -0.3670
vn 0.9229 -0.3678 0.1138
vn 0.7932 -0.1830 0.5808
vn 0.4664 0.0791 0.8810
vn 0.0158 0.3202 0.9472
vn -0.7784 0.5056 0.3720
vn -0.7820 0.4987 0.3739
vn -0.9092 0.3993 -0.1181
vn -0.7952 0.1851 -0.5773
vn -0.4663 -0.0793 -0.8811
vn -0.0113 -0.3223 -0.9466
vn 0.4462 -0.4780 -0.7566
vn 0.7829 -0.5049 -0.3636
vn 0.9093 -0.3967 0.1259
vn 0.7672 -0.2323 0.5979
vn 0.4349 0.0185 0.9003
vn -0.4565 0.4403 0.7731
vn -0.4395 0.4764 0.7615
vn -0.7805 0.4997 0.3757
vn -0.8966 0.4253 -0.1235
vn -0.7714 0.2360 -0.5910
vn -0.4370 -0.0177 -0.8993
vn 0.0163 -0.2667 -0.9636
vn 0.4646 -0.4431 -0.7667
vn 0.7864 -0.4995 -0.3634
vn 0.8964 -0.4219 0.1362
vn 0.7260 -0.3049 0.6165
vn -0.0122 0.2642 0.9644
vn 0.3803 -0.0811 0.9213
vn -0.4922 0.3663 0.7897
vn -0.7922 0.4730 0.3857
vn -0.8828 0.4532 -0.1236
vn -0.7358 0.3100 -0.6021
vn -0.3877 0.0814 -0.9182
vn 0.0673 -0.1698 -0.9832
vn 0.5034 -0.3738 -0.7790
vn 0.8010 -0.4755 -0.3638
vn 0.8811 -0.4495 0.1473
vn 0.6382 -0.4494 0.6251
vn -0.0641 0.1637 0.9844
vn 0.2589 -0.2917 0.9208
vn -0.5782 0.1897 0.7935
vn -0.8288 0.3928 0.3985
vn -0.8652 0.4893 -0.1091
vn -0.6700 0.4448 -0.5944
vn -0.2901 0.2720 -0.9175
vn 0.1739 0.0241 -0.9845
vn 0.5896 -0.2260 -0.7754
vn 0.8396 -0.4135 -0.3523
vn 0.8542 -0.4941 0.1620
vn 0.4545 -0.7473 0.4847
vn -0.1826 -0.0600 0.9814
vn 0.0114 -0.7164 0.6976
vn -0.7710 -0.1881 0.6084
vn -0.9268 0.1886 0.3248
vn -0.8501 0.5242 -0.0503
vn -0.5432 0.7204 -0.4311
vn -0.0732 0.7048 -0.7057
vn 0.4314 0.4747 -0.7672
vn 0.8022 0.1087 -0.5870
vn 0.9278 -0.2825 -0.2436
vn 0.7918 -0.5928 0.1470
vn 0.3281 -0.8978 0.2938
vn -0.4306 -0.5142 0.7418
vn -0.1319 -0.9054 0.4037
vn -0.8423 -0.4000 0.3612
vn -0.9771 0.0548 0.2058
vn -0.8417 0.5392 -0.0263
vn -0.4351 0.8620 -0.2599
vn 0.0782 0.9088 -0.4098
vn 0.5463 0.7114 -0.4422
vn 0.8785 0.3236 -0.3515
vn 0.9702 -0.1881 -0.1527
vn 0.7519 -0.6526 0.0936
vn -0.0000 0.6716 0.7409
vn -0.0000 -0.0007 1.0000
vn -0.0000 -0.0004 1.0000
vn -0.0000 0.0004 1.0000
vn -0.0000 -0.0002 1.0000
vn -0.0000 -0.0001 1.0000
vn -0.0000 0.0001 1.0000
vn -0.0000 0.0002 1.0000
vn -0.0000 0.0007 1.0000
vn -0.0000 -0.0004 -1.0000
vn -0.0000 -0.0002 -1.0000
vn -0.0000 0.0001 -1.0000
vn -0.0000 0.0004 -1.0000
vn -0.0000 -0.0007 -1.0000
vn -0.0000 0.0002 -1.0000
vn -0.0000 -0.0001 -1.0000
vn -0.0000 0.0007 -1.0000
vn -0.5371 -0.7286 0.4251
s 0
usemtl gear_paint
f 2//1 3//1 1//1
f 4//2 5//2 3//2
f 6//3 7//3 5//3
f 8//4 9//4 7//4
f 10//5 11//5 9//5
f 12//6 13//6 11//6
f 14//7 15//7 13//7
f 16//8 17//8 15//8
f 18//9 19//9 17//9
f 20//10 21//10 19//10
f 22//11 23//11 21//11
f 24//12 25//12 23//12
f 26//13 27//13 25//13
f 28//14 29//14 27//14
f 30//15 31//15 29//15
f 32//16 33//16 31//16
f 34//17 35//17 33//17
f 36//18 37//18 35//18
f 38//19 39//19 37//19
f 40//20 41//20 39//20
f 42//21 43//21 41//21
f 44//22 45//22 43//22
f 46//23 47//23 45//23
f 48//24 49//24 47//24
f 50//25 51//25 49//25
f 52//26 53//26 51//26
f 54//27 55//27 53//27
f 56//28 57//28 55//28
f 58//29 59//29 57//29
f 60//30 61//30 59//30
f 62//31 63//31 61//31
f 64//32 65//32 63//32
f 66//33 67//33 65//33
f 68//34 69//34 67//34
f 70//35 71//35 69//35
f 72//36 73//36 71//36
f 74//37 75//37 73//37
f 76//38 77//38 75//38
f 78//39 79//39 77//39
f 80//40 81//40 79//40
f 82//41 83//41 81//41
f 84//42 85//42 83//42
f 86//43 87//43 85//43
f 88//44 89//44 87//44
f 90//45 91//45 89//45
f 92//46 93//46 91//46
f 94//47 95//47 93//47
f 96//48 97//48 95//48
f 98//49 99//49 97//49
f 100//50 101//50 99//50
f 102//51 103//51 101//51
f 104//52 105//52 103//52
f 106//53 107//53 105//53
f 108//54 109//54 107//54
f 110//55 111//55 109//55
f 112//56 113//56 111//56
f 114//57 115//57 113//57
f 116//58 117//58 115//58
f 118//59 119//59 117//59
f 120//60 121//60 119//60
f 122//61 123//61 121//61
f 124//62 125//62 123//62
f 112//63 131//63 136//63
f 183//63 189//63 28//63
f 126//64 127//64 125//64
f 128//65 1//65 127//65
f 21//66 202//66 204//66
f 85//66 241//66 246//66
f 156//33 194//33 195//33
f 166//34 195//34 198//34
f 175//35 198//35 199//35
f 167//36 199//36 201//36
f 168//37 201//37 206//37
f 171//38 206//38 204//38
f 173//39 204//39 202//39
f 177//40 202//40 224//40
f 177//41 209//41 182//41
f 182//42 214//42 180//42
f 180//43 212//43 178//43
f 178//44 223//44 191//44
f 191//45 216//45 184//45
f 184//46 220//46 188//46
f 188//47 218//47 186//47
f 186//48 217//48 185//48
f 185//49 219//49 187//49
f 187//50 222//50 190//50
f 190//51 215//51 183//51
f 183//52 221//52 189//52
f 189//53 210//53 179//53
f 179//54 211//54 181//54
f 181//55 213//55 176//55
f 176//56 208//56 192//56
f 192//57 207//57 169//57
f 169//58 203//58 170//58
f 170//59 205//59 172//59
f 172//60 200//60 174//60
f 174//61 197//61 164//61
f 164//62 196//62 165//62
f 165//64 252//64 163//64
f 163//65 253//65 162//65
f 162//1 251//1 161//1
f 161//2 254//2 152//2
f 152//3 249//3 153//3
f 153//4 255//4 147//4
f 147//5 244//5 148//5
f 148//6 246//6 150//6
f 150//7 241//7 145//7
f 145//8 239//8 160//8
f 139//9 239//9 235//9
f 141//10 235//10 237//10
f 137//11 237//11 233//11
f 134//12 233//12 230//12
f 132//13 230//13 228//13
f 135//14 228//14 231//14
f 130//15 231//15 226//15
f 129//16 226//16 225//16
f 131//17 225//17 227//17
f 136//18 227//18 232//18
f 133//19 232//19 229//19
f 143//20 229//20 240//20
f 138//21 240//21 234//21
f 142//22 234//22 238//22
f 140//23 238//23 236//23
f 144//24 236//24 256//24
f 146//25 256//25 242//25
f 151//26 242//26 247//26
f 149//27 247//27 245//27
f 159//28 245//28 243//28
f 154//29 243//29 250//29
f 158//30 250//30 248//30
f 155//31 248//31 193//31
f 157//32 193//32 194//32
f 258//66 276//66 273//66
f 258//67 286//67 260//67
f 260//63 309//63 304//63
f 257//68 295//68 262//68
f 260//69 257//69 258//69
f 286//37 282//37 292//37
f 281//38 292//38 282//38
f 284//39 294//39 281//39
f 278//40 291//40 284//40
f 279//41 293//41 278//41
f 280//42 288//42 279//42
f 277//43 289//43 280//43
f 285//44 290//44 277//44
f 287//45 274//45 307//45
f 275//46 307//46 274//46
f 273//47 308//47 275//47
f 276//48 306//48 273//48
f 271//49 309//49 276//49
f 272//50 304//50 271//50
f 270//51 305//51 272//51
f 270//52 310//52 303//52
f 266//53 310//53 267//53
f 268//54 300//54 266//54
f 265//55 301//55 268//55
f 269//56 302//56 265//56
f 297//57 269//57 263//57
f 296//58 263//58 264//58
f 298//59 264//59 261//59
f 298//60 262//60 295//60
f 312//66 313//66 311//66
f 314//67 317//67 313//67
f 318//63 315//63 317//63
f 316//68 311//68 315//68
f 317//69 311//69 313//69
f 314//70 316//70 318//70
f 2//1 4//1 3//1
f 4//2 6//2 5//2
f 6//3 8//3 7//3
f 8//4 10//4 9//4
f 10//5 12//5 11//5
f 12//6 14//6 13//6
f 14//7 16//7 15//7
f 16//8 18//8 17//8
f 18//9 20//9 19//9
f 20//10 22//10 21//10
f 22//11 24//11 23//11
f 24//12 26//12 25//12
f 26//13 28//13 27//13
f 28//14 30//14 29//14
f 30//15 32//15 31//15
f 32//16 34//16 33//16
f 34//17 36//17 35//17
f 36//18 38//18 37//18
f 38//19 40//19 39//19
f 40//20 42//20 41//20
f 42//21 44//21 43//21
f 44//22 46//22 45//22
f 46//23 48//23 47//23
f 48//24 50//24 49//24
f 50//25 52//25 51//25
f 52//26 54//26 53//26
f 54//27 56//27 55//27
f 56//28 58//28 57//28
f 58//29 60//29 59//29
f 60//30 62//30 61//30
f 62//31 64//31 63//31
f 64//32 66//32 65//32
f 66//33 68//33 67//33
f 68//34 70//34 69//34
f 70//35 72//35 71//35
f 72//36 74//36 73//36
f 74//37 76//37 75//37
f 76//38 78//38 77//38
f 78//39 80//39 79//39
f 80//40 82//40 81//40
f 82//41 84//41 83//41
f 84//42 86//42 85//42
f 86//43 88//43 87//43
f 88//44 90//44 89//44
f 90//45 92//45 91//45
f 92//46 94//46 93//46
f 94//47 96//47 95//47
f 96//48 98//48 97//48
f 98//49 100//49 99//49
f 100//50 102//50 101//50
f 102//51 104//51 103//51
f 104//52 106//52 105//52
f 106//53 108//53 107//53
f 108//54 110//54 109//54
f 110//55 112//55 111//55
f 112//56 114//56 113//56
f 114//57 116//57 115//57
f 116//58 118//58 117//58
f 118//59 120//59 119//59
f 120//60 122//60 121//60
f 122//61 124//61 123//61
f 124//62 126//62 125//62
f 124//63 122//63 120//63
f 120//63 118//63 116//63
f 116//63 114//63 112//63
f 112//63 110//63 108//63
f 108//63 106//63 104//63
f 104//63 102//63 100//63
f 100//63 98//63 96//63
f 96//63 94//63 92//63
f 92//63 90//63 88//63
f 88//63 86//63 84//63
f 84//63 82//63 80//63
f 80//63 78//63 76//63
f 76//63 74//63 72//63
f 72//63 70//63 152//63
f 72//63 152//63 153//63
f 80//63 76//63 72//63
f 88//63 84//63 80//63
f 96//63 92//63 88//63
f 104//63 100//63 96//63
f 112//63 108//63 104//63
f 120//63 116//63 112//63
f 126//63 124//63 120//63
f 2//63 128//63 126//63
f 6//63 4//63 2//63
f 156//63 166//63 6//63
f 157//63 156//63 6//63
f 6//63 2//63 126//63
f 126//63 120//63 112//63
f 112//63 104//63 96//63
f 96//63 88//63 80//63
f 80//63 72//63 153//63
f 80//63 153//63 147//63
f 112//63 96//63 80//63
f 6//63 126//63 112//63
f 155//63 157//63 6//63
f 158//63 155//63 6//63
f 80//63 147//63 148//63
f 80//63 148//63 150//63
f 158//63 6//63 112//63
f 154//63 158//63 112//63
f 80//63 150//63 145//63
f 80//63 145//63 160//63
f 159//63 154//63 112//63
f 149//63 159//63 112//63
f 80//63 160//63 139//63
f 80//63 139//63 141//63
f 151//63 149//63 112//63
f 146//63 151//63 112//63
f 80//63 141//63 137//63
f 80//63 137//63 134//63
f 144//63 146//63 112//63
f 140//63 144//63 112//63
f 80//63 134//63 132//63
f 80//63 132//63 135//63
f 142//63 140//63 112//63
f 138//63 142//63 112//63
f 112//63 80//63 135//63
f 112//63 135//63 130//63
f 143//63 138//63 112//63
f 133//63 143//63 112//63
f 112//63 130//63 129//63
f 112//63 129//63 131//63
f 136//63 133//63 112//63
f 16//63 14//63 12//63
f 12//63 10//63 8//63
f 8//63 6//63 166//63
f 8//63 166//63 175//63
f 16//63 12//63 8//63
f 20//63 18//63 16//63
f 24//63 22//63 20//63
f 28//63 26//63 24//63
f 32//63 30//63 28//63
f 36//63 34//63 32//63
f 40//63 38//63 36//63
f 44//63 42//63 40//63
f 48//63 46//63 44//63
f 52//63 50//63 48//63
f 56//63 54//63 52//63
f 60//63 58//63 56//63
f 64//63 62//63 60//63
f 68//63 66//63 64//63
f 152//63 70//63 68//63
f 161//63 152//63 68//63
f 68//63 64//63 60//63
f 60//63 56//63 52//63
f 52//63 48//63 44//63
f 44//63 40//63 36//63
f 36//63 32//63 28//63
f 28//63 24//63 20//63
f 20//63 16//63 8//63
f 8//63 175//63 167//63
f 8//63 167//63 168//63
f 28//63 20//63 8//63
f 44//63 36//63 28//63
f 60//63 52//63 44//63
f 161//63 68//63 60//63
f 162//63 161//63 60//63
f 60//63 44//63 28//63
f 28//63 8//63 168//63
f 28//63 168//63 171//63
f 163//63 162//63 60//63
f 165//63 163//63 60//63
f 28//63 171//63 173//63
f 28//63 173//63 177//63
f 164//63 165//63 60//63
f 174//63 164//63 60//63
f 28//63 177//63 182//63
f 28//63 182//63 180//63
f 172//63 174//63 60//63
f 170//63 172//63 60//63
f 28//63 180//63 178//63
f 28//63 178//63 191//63
f 169//63 170//63 60//63
f 192//63 169//63 60//63
f 28//63 191//63 184//63
f 28//63 184//63 188//63
f 176//63 192//63 60//63
f 181//63 176//63 60//63
f 28//63 188//63 186//63
f 28//63 186//63 185//63
f 181//63 60//63 28//63
f 179//63 181//63 28//63
f 28//63 185//63 187//63
f 28//63 187//63 190//63
f 189//63 179//63 28//63
f 28//63 190//63 183//63
f 126//64 128//64 127//64
f 128//65 2//65 1//65
f 125//66 127//66 1//66
f 1//66 3//66 5//66
f 5//66 7//66 9//66
f 9//66 11//66 13//66
f 13//66 15//66 17//66
f 17//66 19//66 21//66
f 21//66 23//66 25//66
f 25//66 27//66 29//66
f 29//66 31//66 33//66
f 33//66 35//66 37//66
f 37//66 39//66 41//66
f 41//66 43//66 45//66
f 45//66 47//66 49//66
f 49//66 51//66 53//66
f 53//66 55//66 57//66
f 57//66 59//66 61//66
f 61//66 63//66 252//66
f 61//66 252//66 196//66
f 53//66 57//66 61//66
f 45//66 49//66 53//66
f 37//66 41//66 45//66
f 29//66 33//66 37//66
f 21//66 25//66 29//66
f 13//66 17//66 21//66
f 5//66 9//66 13//66
f 125//66 1//66 5//66
f 121//66 123//66 125//66
f 117//66 119//66 121//66
f 113//66 115//66 117//66
f 109//66 111//66 113//66
f 105//66 107//66 109//66
f 101//66 103//66 105//66
f 97//66 99//66 101//66
f 226//66 95//66 97//66
f 225//66 226//66 97//66
f 97//66 101//66 105//66
f 105//66 109//66 113//66
f 113//66 117//66 121//66
f 121//66 125//66 5//66
f 5//66 13//66 21//66
f 21//66 29//66 37//66
f 37//66 45//66 53//66
f 53//66 61//66 196//66
f 53//66 196//66 197//66
f 21//66 37//66 53//66
f 121//66 5//66 21//66
f 105//66 113//66 121//66
f 225//66 97//66 105//66
f 227//66 225//66 105//66
f 53//66 197//66 200//66
f 53//66 200//66 205//66
f 232//66 227//66 105//66
f 229//66 232//66 105//66
f 53//66 205//66 203//66
f 53//66 203//66 207//66
f 229//66 105//66 121//66
f 240//66 229//66 121//66
f 53//66 207//66 208//66
f 53//66 208//66 213//66
f 234//66 240//66 121//66
f 238//66 234//66 121//66
f 53//66 213//66 211//66
f 53//66 211//66 210//66
f 236//66 238//66 121//66
f 256//66 236//66 121//66
f 53//66 210//66 221//66
f 53//66 221//66 215//66
f 242//66 256//66 121//66
f 247//66 242//66 121//66
f 21//66 53//66 215//66
f 21//66 215//66 222//66
f 245//66 247//66 121//66
f 243//66 245//66 121//66
f 21//66 222//66 219//66
f 21//66 219//66 217//66
f 250//66 243//66 121//66
f 248//66 250//66 121//66
f 21//66 217//66 218//66
f 21//66 218//66 220//66
f 193//66 248//66 121//66
f 194//66 193//66 121//66
f 21//66 220//66 216//66
f 21//66 216//66 223//66
f 195//66 194//66 121//66
f 198//66 195//66 121//66
f 21//66 223//66 212//66
f 21//66 212//66 214//66
f 198//66 121//66 21//66
f 199//66 198//66 21//66
f 21//66 214//66 209//66
f 21//66 209//66 224//66
f 201//66 199//66 21//66
f 206//66 201//66 21//66
f 21//66 224//66 202//66
f 204//66 206//66 21//66
f 252//66 63//66 65//66
f 65//66 67//66 69//66
f 69//66 71//66 73//66
f 73//66 75//66 77//66
f 77//66 79//66 81//66
f 81//66 83//66 85//66
f 85//66 87//66 89//66
f 89//66 91//66 93//66
f 93//66 95//66 226//66
f 93//66 226//66 231//66
f 85//66 89//66 93//66
f 77//66 81//66 85//66
f 69//66 73//66 77//66
f 252//66 65//66 69//66
f 253//66 252//66 69//66
f 69//66 77//66 85//66
f 85//66 93//66 231//66
f 85//66 231//66 228//66
f 251//66 253//66 69//66
f 254//66 251//66 69//66
f 85//66 228//66 230//66
f 85//66 230//66 233//66
f 254//66 69//66 85//66
f 249//66 254//66 85//66
f 85//66 233//66 237//66
f 85//66 237//66 235//66
f 255//66 249//66 85//66
f 244//66 255//66 85//66
f 85//66 235//66 239//66
f 85//66 239//66 241//66
f 246//66 244//66 85//66
f 156//33 157//33 194//33
f 166//34 156//34 195//34
f 175//35 166//35 198//35
f 167//36 175//36 199//36
f 168//37 167//37 201//37
f 171//38 168//38 206//38
f 173//39 171//39 204//39
f 177//40 173//40 202//40
f 177//41 224//41 209//41
f 182//42 209//42 214//42
f 180//43 214//43 212//43
f 178//44 212//44 223//44
f 191//45 223//45 216//45
f 184//46 216//46 220//46
f 188//47 220//47 218//47
f 186//48 218//48 217//48
f 185//49 217//49 219//49
f 187//50 219//50 222//50
f 190//51 222//51 215//51
f 183//52 215//52 221//52
f 189//53 221//53 210//53
f 179//54 210//54 211//54
f 181//55 211//55 213//55
f 176//56 213//56 208//56
f 192//57 208//57 207//57
f 169//58 207//58 203//58
f 170//59 203//59 205//59
f 172//60 205//60 200//60
f 174//61 200//61 197//61
f 164//62 197//62 196//62
f 165//64 196//64 252//64
f 163//65 252//65 253//65
f 162//1 253//1 251//1
f 161//2 251//2 254//2
f 152//3 254//3 249//3
f 153//4 249//4 255//4
f 147//5 255//5 244//5
f 148//6 244//6 246//6
f 150//7 246//7 241//7
f 145//8 241//8 239//8
f 139//9 160//9 239//9
f 141//10 139//10 235//10
f 137//11 141//11 237//11
f 134//12 137//12 233//12
f 132//13 134//13 230//13
f 135//14 132//14 228//14
f 130//15 135//15 231//15
f 129//16 130//16 226//16
f 131//17 129//17 225//17
f 136//18 131//18 227//18
f 133//19 136//19 232//19
f 143//20 133//20 229//20
f 138//21 143//21 240//21
f 142//22 138//22 234//22
f 140//23 142//23 238//23
f 144//24 140//24 236//24
f 146//25 144//25 256//25
f 151//26 146//26 242//26
f 149//27 151//27 247//27
f 159//28 149//28 245//28
f 154//29 159//29 243//29
f 158//30 154//30 250//30
f 155//31 158//31 248//31
f 157//32 155//32 193//32
f 257//66 262//66 261//66
f 257//66 261//66 264//66
f 282//66 283//66 258//66
f 281//66 282//66 258//66
f 257//66 264//66 263//66
f 257//66 263//66 269//66
f 284//66 281//66 258//66
f 278//66 284//66 258//66
f 257//66 269//66 265//66
f 257//66 265//66 268//66
f 279//66 278//66 258//66
f 280//66 279//66 258//66
f 257//66 268//66 266//66
f 257//66 266//66 267//66
f 277//66 280//66 258//66
f 285//66 277//66 258//66
f 257//66 267//66 270//66
f 257//66 270//66 272//66
f 274//66 285//66 258//66
f 275//66 274//66 258//66
f 258//66 257//66 272//66
f 258//66 272//66 271//66
f 273//66 275//66 258//66
f 258//66 271//66 276//66
f 258//67 283//67 286//67
f 298//63 295//63 259//63
f 260//63 286//63 292//63
f 260//63 292//63 294//63
f 296//63 298//63 259//63
f 297//63 296//63 259//63
f 260//63 294//63 291//63
f 260//63 291//63 293//63
f 299//63 297//63 259//63
f 302//63 299//63 259//63
f 260//63 293//63 288//63
f 260//63 288//63 289//63
f 301//63 302//63 259//63
f 300//63 301//63 259//63
f 260//63 289//63 290//63
f 260//63 290//63 287//63
f 310//63 300//63 259//63
f 303//63 310//63 259//63
f 260//63 287//63 307//63
f 260//63 307//63 308//63
f 303//63 259//63 260//63
f 305//63 303//63 260//63
f 260//63 308//63 306//63
f 260//63 306//63 309//63
f 304//63 305//63 260//63
f 257//68 259//68 295//68
f 260//69 259//69 257//69
f 286//37 283//37 282//37
f 281//38 294//38 292//38
f 284//39 291//39 294//39
f 278//40 293//40 291//40
f 279//41 288//41 293//41
f 280//42 289//42 288//42
f 277//43 290//43 289//43
f 285//44 287//44 290//44
f 287//45 285//45 274//45
f 275//46 308//46 307//46
f 273//47 306//47 308//47
f 276//48 309//48 306//48
f 271//49 304//49 309//49
f 272//50 305//50 304//50
f 270//51 303//51 305//51
f 270//52 267//52 310//52
f 266//53 300//53 310//53
f 268//54 301//54 300//54
f 265//55 302//55 301//55
f 269//56 299//56 302//56
f 297//57 299//57 269//57
f 296//58 297//58 263//58
f 298//59 296//59 264//59
f 298//60 261//60 262//60
f 312//66 314//66 313//66
f 314//67 318//67 317//67
f 318//63 316//63 315//63
f 316//68 312//68 311//68
f 317//69 315//69 311//69
f 314//70 312//70 316//70
usemtl rubber
f 320//1 321//1 319//1
f 322//2 323//2 321//2
f 324//3 325//3 323//3
f 326//4 327//4 325//4
f 328//5 329//5 327//5
f 330//6 331//6 329//6
f 332//7 333//7 331//7
f 334//8 335//8 333//8
f 336//9 337//9 335//9
f 338//10 339//10 337//10
f 340//11 341//11 339//11
f 342//12 343//12 341//12
f 344//13 345//13 343//13
f 346//14 347//14 345//14
f 348//15 349//15 347//15
f 350//16 351//16 349//16
f 352//17 353//17 351//17
f 354//18 355//18 353//18
f 356//19 357//19 355//19
f 358//20 359//20 357//20
f 360//21 361//21 359//21
f 362//22 363//22 361//22
f 364//23 365//23 363//23
f 366//24 367//24 365//24
f 368//25 369//25 367//25
f 370//26 371//26 369//26
f 372//27 373//27 371//27
f 374//28 375//28 373//28
f 376//29 377//29 375//29
f 378//30 379//30 377//30
f 380//31 381//31 379//31
f 382//32 383//32 381//32
f 384//33 385//33 383//33
f 386//34 387//34 385//34
f 388//35 389//35 387//35
f 390//36 391//36 389//36
f 392//37 393//37 391//37
f 394//38 395//38 393//38
f 396//39 397//39 395//39
f 398//40 399//40 397//40
f 400//71 401//71 399//71
f 402//42 403//42 401//42
f 404//43 405//43 403//43
f 406//44 407//44 405//44
f 408//45 409//45 407//45
f 410//46 411//46 409//46
f 412//47 413//47 411//47
f 414//48 415//48 413//48
f 416//49 417//49 415//49
f 418//50 419//50 417//50
f 420//51 421//51 419//51
f 422//52 423//52 421//52
f 424//53 425//53 423//53
f 426//54 427//54 425//54
f 428//55 429//55 427//55
f 430//56 431//56 429//56
f 432//57 433//57 431//57
f 434//58 435//58 433//58
f 436//59 437//59 435//59
f 438//60 439//60 437//60
f 440//61 441//61 439//61
f 442//62 443//62 441//62
f 358//63 509//63 506//63
f 422//63 495//63 493//63
f 444//64 445//64 443//64
f 446//65 319//65 445//65
f 381//66 574//66 572//66
f 445//66 556//66 555//66
f 500//33 556//33 557//33
f 503//34 557//34 511//34
f 504//35 511//35 512//35
f 505//36 512//36 515//36
f 480//37 515//37 514//37
f 481//38 514//38 513//38
f 484//39 513//39 521//39
f 483//40 521//40 516//40
f 483//41 517//41 482//41
f 482//42 520//42 490//42
f 490//43 519//43 485//43
f 485//44 518//44 486//44
f 486//45 560//45 489//45
f 489//46 564//46 487//46
f 487//47 563//47 488//47
f 488//48 561//48 508//48
f 508//49 562//49 510//49
f 510//50 530//50 509//50
f 509//51 529//51 506//51
f 506//52 531//52 507//52
f 507//53 528//53 476//53
f 476//54 527//54 477//54
f 477//55 532//55 478//55
f 478//56 524//56 475//56
f 475//57 525//57 474//57
f 474//58 526//58 479//58
f 479//59 523//59 471//59
f 471//60 522//60 472//60
f 472//61 558//61 473//61
f 473//62 559//62 470//62
f 470//64 572//64 469//64
f 469//65 574//65 501//65
f 501//1 573//1 502//1
f 502//2 540//2 497//2
f 497//3 541//3 498//3
f 498//4 542//4 496//4
f 496//5 538//5 465//5
f 465//6 539//6 466//6
f 466//7 543//7 467//7
f 467//8 536//8 463//8
f 464//9 536//9 537//9
f 468//10 537//10 535//10
f 461//11 535//11 534//11
f 462//12 534//12 533//12
f 460//13 533//13 569//13
f 458//14 569//14 568//14
f 459//15 568//15 566//15
f 491//16 566//16 565//16
f 492//17 565//17 567//17
f 495//18 567//18 544//18
f 493//19 544//19 545//19
f 494//20 545//20 546//20
f 447//21 546//21 548//21
f 448//22 548//22 547//22
f 451//23 547//23 554//23
f 450//24 554//24 550//24
f 449//25 550//25 549//25
f 457//26 549//26 553//26
f 453//27 553//27 552//27
f 452//28 552//28 551//28
f 456//29 551//29 570//29
f 455//30 570//30 571//30
f 454//31 571//31 555//31
f 499//32 555//32 556//32
f 624//1 625//1 623//1
f 626//2 627//2 625//2
f 628//3 629//3 627//3
f 630//4 631//4 629//4
f 632//5 633//5 631//5
f 634//6 635//6 633//6
f 636//7 637//7 635//7
f 638//8 639//8 637//8
f 640//9 641//9 639//9
f 642//10 643//10 641//10
f 644//11 645//11 643//11
f 646//12 647//12 645//12
f 648//13 649//13 647//13
f 650//14 651//14 649//14
f 652//15 653//15 651//15
f 654//16 655//16 653//16
f 656//17 657//17 655//17
f 658//18 659//18 657//18
f 660//19 661//19 659//19
f 662//20 663//20 661//20
f 664//21 665//21 663//21
f 666//22 667//22 665//22
f 668//23 669//23 667//23
f 670//24 671//24 669//24
f 672//25 673//25 671//25
f 674//26 675//26 673//26
f 676//27 677//27 675//27
f 678//28 679//28 677//28
f 680//29 681//29 679//29
f 682//30 683//30 681//30
f 684//31 685//31 683//31
f 686//32 687//32 685//32
f 688//33 689//33 687//33
f 690//34 691//34 689//34
f 692//35 693//35 691//35
f 694//36 695//36 693//36
f 696//37 697//37 695//37
f 698//38 699//38 697//38
f 700//39 701//39 699//39
f 702//40 703//40 701//40
f 704//41 705//41 703//41
f 706//42 707//42 705//42
f 708//43 709//43 707//43
f 710//44 711//44 709//44
f 712//45 713//45 711//45
f 714//46 715//46 713//46
f 716//47 717//47 715//47
f 718//48 719//48 717//48
f 720//49 721//49 719//49
f 722//50 723//50 721//50
f 724//51 725//51 723//51
f 726//52 727//52 725//52
f 728//53 729//53 727//53
f 730//54 731//54 729//54
f 732//55 733//55 731//55
f 734//56 735//56 733//56
f 736//57 737//57 735//57
f 738//58 739//58 737//58
f 740//59 741//59 739//59
f 742//60 743//60 741//60
f 744//61 745//61 743//61
f 746//62 747//62 745//62
f 662//63 813//63 810//63
f 726//63 799//63 797//63
f 748//64 749//64 747//64
f 750//65 623//65 749//65
f 685//66 878//66 876//66
f 749//66 860//66 859//66
f 804//33 860//33 861//33
f 807//34 861//34 815//34
f 808//35 815//35 816//35
f 809//36 816//36 819//36
f 784//37 819//37 818//37
f 785//38 818//38 817//38
f 788//39 817//39 825//39
f 787//40 825//40 820//40
f 787//41 821//41 786//41
f 786//42 824//42 794//42
f 794//43 823//43 789//43
f 789//44 822//44 790//44
f 790//45 864//45 793//45
f 793//46 868//46 791//46
f 791//47 867//47 792//47
f 792//48 865//48 812//48
f 812//49 866//49 814//49
f 814//50 834//50 813//50
f 813//51 833//51 810//51
f 810//52 835//52 811//52
f 811//53 832//53 780//53
f 780//54 831//54 781//54
f 781//55 836//55 782//55
f 782//56 828//56 779//56
f 779//57 829//57 778//57
f 778//58 830//58 783//58
f 783//59 827//59 775//59
f 775//60 826//60 776//60
f 776//61 862//61 777//61
f 777//62 863//62 774//62
f 774//64 876//64 773//64
f 773//65 878//65 805//65
f 805//1 877//1 806//1
f 806//2 844//2 801//2
f 801//3 845//3 802//3
f 802//4 846//4 800//4
f 800//5 842//5 769//5
f 769//6 843//6 770//6
f 770//7 847//7 771//7
f 771//8 840//8 767//8
f 768//9 840//9 841//9
f 772//10 841//10 839//10
f 765//11 839//11 838//11
f 766//12 838//12 837//12
f 764//13 837//13 872//13
f 762//14 872//14 873//14
f 763//15 873//15 870//15
f 795//16 870//16 869//16
f 796//17 869//17 871//17
f 799//18 871//18 848//18
f 797//19 848//19 849//19
f 798//20 849//20 850//20
f 751//21 850//21 852//21
f 752//22 852//22 851//22
f 755//23 851//23 858//23
f 754//24 858//24 854//24
f 753//25 854//25 853//25
f 761//26 853//26 857//26
f 757//27 857//27 856//27
f 756//28 856//28 855//28
f 760//29 855//29 874//29
f 759//30 874//30 875//30
f 758//31 875//31 859//31
f 803//32 859//32 860//32
f 320//1 322//1 321//1
f 322//2 324//2 323//2
f 324//3 326//3 325//3
f 326//4 328//4 327//4
f 328//5 330//5 329//5
f 330//6 332//6 331//6
f 332//7 334//7 333//7
f 334//8 336//8 335//8
f 336//9 338//9 337//9
f 338//10 340//10 339//10
f 340//11 342//11 341//11
f 342//12 344//12 343//12
f 344//13 346//13 345//13
f 346//14 348//14 347//14
f 348//15 350//15 349//15
f 350//16 352//16 351//16
f 352//17 354//17 353//17
f 354//18 356//18 355//18
f 356//19 358//19 357//19
f 358//20 360//20 359//20
f 360//21 362//21 361//21
f 362//22 364//22 363//22
f 364//23 366//23 365//23
f 366//24 368//24 367//24
f 368//25 370//25 369//25
f 370//26 372//26 371//26
f 372//27 374//27 373//27
f 374//28 376//28 375//28
f 376//29 378//29 377//29
f 378//30 380//30 379//30
f 380//31 382//31 381//31
f 382//32 384//32 383//32
f 384//33 386//33 385//33
f 386//34 388//34 387//34
f 388//35 390//35 389//35
f 390//36 392//36 391//36
f 392//37 394//37 393//37
f 394//38 396//38 395//38
f 396//39 398//39 397//39
f 398//40 400//40 399//40
f 400//41 402//41 401//41
f 402//42 404//42 403//42
f 404//43 406//43 405//43
f 406//44 408//44 407//44
f 408//45 410//45 409//45
f 410//46 412//46 411//46
f 412//47 414//47 413//47
f 414//48 416//48 415//48
f 416//49 418//49 417//49
f 418//50 420//50 419//50
f 420//51 422//51 421//51
f 422//52 424//52 423//52
f 424//53 426//53 425//53
f 426//54 428//54 427//54
f 428//55 430//55 429//55
f 430//56 432//56 431//56
f 432//57 434//57 433//57
f 434//58 436//58 435//58
f 436//59 438//59 437//59
f 438//60 440//60 439//60
f 440//61 442//61 441//61
f 442//62 444//62 443//62
f 366//63 364//63 362//63
f 362//63 360//63 358//63
f 358//63 356//63 354//63
f 354//63 352//63 350//63
f 350//63 348//63 346//63
f 346//63 344//63 342//63
f 342//63 340//63 490//63
f 342//63 490//63 485//63
f 350//63 346//63 342//63
f 358//63 354//63 350//63
f 366//63 362//63 358//63
f 370//63 368//63 366//63
f 479//63 372//63 370//63
f 474//63 479//63 370//63
f 370//63 366//63 358//63
f 358//63 350//63 342//63
f 342//63 485//63 486//63
f 342//63 486//63 489//63
f 474//63 370//63 358//63
f 475//63 474//63 358//63
f 358//63 342//63 489//63
f 358//63 489//63 487//63
f 478//63 475//63 358//63
f 477//63 478//63 358//63
f 358//63 487//63 488//63
f 358//63 488//63 508//63
f 476//63 477//63 358//63
f 507//63 476//63 358//63
f 358//63 508//63 510//63
f 358//63 510//63 509//63
f 506//63 507//63 358//63
f 334//63 332//63 330//63
f 330//63 328//63 326//63
f 326//63 324//63 322//63
f 322//63 320//63 446//63
f 446//63 444//63 442//63
f 442//63 440//63 438//63
f 438//63 436//63 434//63
f 434//63 432//63 430//63
f 430//63 428//63 426//63
f 426//63 424//63 422//63
f 422//63 420//63 418//63
f 418//63 416//63 414//63
f 414//63 412//63 410//63
f 410//63 408//63 406//63
f 406//63 404//63 402//63
f 402//63 400//63 398//63
f 398//63 396//63 394//63
f 394//63 392//63 390//63
f 390//63 388//63 386//63
f 386//63 384//63 382//63
f 382//63 380//63 378//63
f 378//63 376//63 374//63
f 374//63 372//63 479//63
f 374//63 479//63 471//63
f 382//63 378//63 374//63
f 390//63 386//63 382//63
f 398//63 394//63 390//63
f 406//63 402//63 398//63
f 414//63 410//63 406//63
f 422//63 418//63 414//63
f 430//63 426//63 422//63
f 438//63 434//63 430//63
f 446//63 442//63 438//63
f 326//63 322//63 446//63
f 334//63 330//63 326//63
f 338//63 336//63 334//63
f 490//63 340//63 338//63
f 482//63 490//63 338//63
f 338//63 334//63 326//63
f 326//63 446//63 438//63
f 438//63 430//63 422//63
f 422//63 414//63 406//63
f 406//63 398//63 390//63
f 390//63 382//63 374//63
f 374//63 471//63 472//63
f 374//63 472//63 473//63
f 482//63 338//63 326//63
f 483//63 482//63 326//63
f 390//63 374//63 473//63
f 390//63 473//63 470//63
f 484//63 483//63 326//63
f 481//63 484//63 326//63
f 390//63 470//63 469//63
f 390//63 469//63 501//63
f 480//63 481//63 326//63
f 505//63 480//63 326//63
f 390//63 501//63 502//63
f 390//63 502//63 497//63
f 504//63 505//63 326//63
f 503//63 504//63 326//63
f 390//63 497//63 498//63
f 390//63 498//63 496//63
f 500//63 503//63 326//63
f 499//63 500//63 326//63
f 390//63 496//63 465//63
f 390//63 465//63 466//63
f 499//63 326//63 438//63
f 454//63 499//63 438//63
f 406//63 390//63 466//63
f 406//63 466//63 467//63
f 455//63 454//63 438//63
f 456//63 455//63 438//63
f 406//63 467//63 463//63
f 406//63 463//63 464//63
f 452//63 456//63 438//63
f 453//63 452//63 438//63
f 406//63 464//63 468//63
f 406//63 468//63 461//63
f 457//63 453//63 438//63
f 449//63 457//63 438//63
f 406//63 461//63 462//63
f 406//63 462//63 460//63
f 449//63 438//63 422//63
f 450//63 449//63 422//63
f 422//63 406//63 460//63
f 422//63 460//63 458//63
f 451//63 450//63 422//63
f 448//63 451//63 422//63
f 422//63 458//63 459//63
f 422//63 459//63 491//63
f 447//63 448//63 422//63
f 494//63 447//63 422//63
f 422//63 491//63 492//63
f 422//63 492//63 495//63
f 493//63 494//63 422//63
f 444//64 446//64 445//64
f 446//65 320//65 319//65
f 561//66 563//66 349//66
f 349//66 351//66 353//66
f 353//66 355//66 357//66
f 357//66 359//66 361//66
f 361//66 363//66 365//66
f 365//66 367//66 369//66
f 369//66 371//66 373//66
f 373//66 375//66 377//66
f 377//66 379//66 381//66
f 381//66 383//66 385//66
f 385//66 387//66 389//66
f 389//66 391//66 393//66
f 393//66 395//66 397//66
f 397//66 399//66 401//66
f 401//66 403//66 405//66
f 405//66 407//66 409//66
f 409//66 411//66 413//66
f 413//66 566//66 568//66
f 413//66 568//66 569//66
f 405//66 409//66 413//66
f 397//66 401//66 405//66
f 389//66 393//66 397//66
f 381//66 385//66 389//66
f 373//66 377//66 381//66
f 365//66 369//66 373//66
f 357//66 361//66 365//66
f 349//66 353//66 357//66
f 562//66 561//66 349//66
f 530//66 562//66 349//66
f 349//66 357//66 365//66
f 365//66 373//66 381//66
f 381//66 389//66 397//66
f 397//66 405//66 413//66
f 413//66 569//66 533//66
f 413//66 533//66 534//66
f 530//66 349//66 365//66
f 529//66 530//66 365//66
f 397//66 413//66 534//66
f 397//66 534//66 535//66
f 531//66 529//66 365//66
f 528//66 531//66 365//66
f 397//66 535//66 537//66
f 397//66 537//66 536//66
f 527//66 528//66 365//66
f 532//66 527//66 365//66
f 397//66 536//66 543//66
f 397//66 543//66 539//66
f 524//66 532//66 365//66
f 525//66 524//66 365//66
f 397//66 539//66 538//66
f 397//66 538//66 542//66
f 525//66 365//66 381//66
f 526//66 525//66 381//66
f 381//66 397//66 542//66
f 381//66 542//66 541//66
f 523//66 526//66 381//66
f 522//66 523//66 381//66
f 381//66 541//66 540//66
f 381//66 540//66 573//66
f 558//66 522//66 381//66
f 559//66 558//66 381//66
f 381//66 573//66 574//66
f 572//66 559//66 381//66
f 565//66 566//66 413//66
f 413//66 415//66 417//66
f 417//66 419//66 421//66
f 421//66 423//66 425//66
f 425//66 427//66 429//66
f 429//66 431//66 433//66
f 433//66 435//66 437//66
f 437//66 439//66 441//66
f 441//66 443//66 445//66
f 445//66 319//66 321//66
f 321//66 323//66 325//66
f 325//66 327//66 329//66
f 329//66 331//66 333//66
f 333//66 335//66 337//66
f 337//66 339//66 341//66
f 341//66 343//66 345//66
f 345//66 347//66 349//66
f 349//66 563//66 564//66
f 349//66 564//66 560//66
f 341//66 345//66 349//66
f 333//66 337//66 341//66
f 325//66 329//66 333//66
f 445//66 321//66 325//66
f 437//66 441//66 445//66
f 429//66 433//66 437//66
f 421//66 425//66 429//66
f 413//66 417//66 421//66
f 567//66 565//66 413//66
f 544//66 567//66 413//66
f 413//66 421//66 429//66
f 429//66 437//66 445//66
f 445//66 325//66 333//66
f 333//66 341//66 349//66
f 349//66 560//66 518//66
f 349//66 518//66 519//66
f 544//66 413//66 429//66
f 545//66 544//66 429//66
f 333//66 349//66 519//66
f 333//66 519//66 520//66
f 546//66 545//66 429//66
f 548//66 546//66 429//66
f 333//66 520//66 517//66
f 333//66 517//66 516//66
f 547//66 548//66 429//66
f 554//66 547//66 429//66
f 333//66 516//66 521//66
f 333//66 521//66 513//66
f 550//66 554//66 429//66
f 549//66 550//66 429//66
f 333//66 513//66 514//66
f 333//66 514//66 515//66
f 549//66 429//66 445//66
f 553//66 549//66 445//66
f 445//66 333//66 515//66
f 445//66 515//66 512//66
f 552//66 553//66 445//66
f 551//66 552//66 445//66
f 445//66 512//66 511//66
f 445//66 511//66 557//66
f 570//66 551//66 445//66
f 571//66 570//66 445//66
f 445//66 557//66 556//66
f 555//66 571//66 445//66
f 500//33 499//33 556//33
f 503//34 500//34 557//34
f 504//35 503//35 511//35
f 505//36 504//36 512//36
f 480//37 505//37 515//37
f 481//38 480//38 514//38
f 484//39 481//39 513//39
f 483//40 484//40 521//40
f 483//41 516//41 517//41
f 482//42 517//42 520//42
f 490//43 520//43 519//43
f 485//44 519//44 518//44
f 486//45 518//45 560//45
f 489//46 560//46 564//46
f 487//47 564//47 563//47
f 488//48 563//48 561//48
f 508//49 561//49 562//49
f 510//50 562//50 530//50
f 509//51 530//51 529//51
f 506//52 529//52 531//52
f 507//53 531//53 528//53
f 476//54 528//54 527//54
f 477//55 527//55 532//55
f 478//56 532//56 524//56
f 475//57 524//57 525//57
f 474//58 525//58 526//58
f 479//59 526//59 523//59
f 471//60 523//60 522//60
f 472//61 522//61 558//61
f 473//62 558//62 559//62
f 470//64 559//64 572//64
f 469//65 572//65 574//65
f 501//1 574//1 573//1
f 502//2 573//2 540//2
f 497//3 540//3 541//3
f 498//4 541//4 542//4
f 496//5 542//5 538//5
f 465//6 538//6 539//6
f 466//7 539//7 543//7
f 467//8 543//8 536//8
f 464//9 463//9 536//9
f 468//10 464//10 537//10
f 461//11 468//11 535//11
f 462//12 461//12 534//12
f 460//13 462//13 533//13
f 458//14 460//14 569//14
f 459//15 458//15 568//15
f 491//16 459//16 566//16
f 492//17 491//17 565//17
f 495//18 492//18 567//18
f 493//19 495//19 544//19
f 494//20 493//20 545//20
f 447//21 494//21 546//21
f 448//22 447//22 548//22
f 451//23 448//23 547//23
f 450//24 451//24 554//24
f 449//25 450//25 550//25
f 457//26 449//26 549//26
f 453//27 457//27 553//27
f 452//28 453//28 552//28
f 456//29 452//29 551//29
f 455//30 456//30 570//30
f 454//31 455//31 571//31
f 499//32 454//32 555//32
f 624//1 626//1 625//1
f 626//2 628//2 627//2
f 628//3 630//3 629//3
f 630//4 632//4 631//4
f 632//5 634//5 633//5
f 634//6 636//6 635//6
f 636//7 638//7 637//7
f 638//8 640//8 639//8
f 640//9 642//9 641//9
f 642//10 644//10 643//10
f 644//11 646//11 645//11
f 646//12 648//12 647//12
f 648//13 650//13 649//13
f 650//14 652//14 651//14
f 652//15 654//15 653//15
f 654//16 656//16 655//16
f 656//17 658//17 657//17
f 658//18 660//18 659//18
f 660//19 662//19 661//19
f 662//20 664//20 663//20
f 664//21 666//21 665//21
f 666//22 668//22 667//22
f 668//23 670//23 669//23
f 670//24 672//24 671//24
f 672//25 674//25 673//25
f 674//26 676//26 675//26
f 676//27 678//27 677//27
f 678//28 680//28 679//28
f 680//29 682//29 681//29
f 682//30 684//30 683//30
f 684//31 686//31 685//31
f 686//32 688//32 687//32
f 688//33 690//33 689//33
f 690//34 692//34 691//34
f 692//35 694//35 693//35
f 694//36 696//36 695//36
f 696//37 698//37 697//37
f 698//38 700//38 699//38
f 700//39 702//39 701//39
f 702//40 704//40 703//40
f 704//41 706//41 705//41
f 706//42 708//42 707//42
f 708//43 710//43 709//43
f 710//44 712//44 711//44
f 712//45 714//45 713//45
f 714//46 716//46 715//46
f 716//47 718//47 717//47
f 718//48 720//48 719//48
f 720//49 722//49 721//49
f 722//50 724//50 723//50
f 724//51 726//51 725//51
f 726//52 728//52 727//52
f 728//53 730//53 729//53
f 730//54 732//54 731//54
f 732//55 734//55 733//55
f 734//279 736//279 735//279
f 736//57 738//57 737//57
f 738//58 740//58 739//58
f 740//59 742//59 741//59
f 742//60 744//60 743//60
f 744//61 746//61 745//61
f 746//62 748//62 747//62
f 670//63 668//63 666//63
f 666//63 664//63 662//63
f 662//63 660//63 658//63
f 658//63 656//63 654//63
f 654//63 652//63 650//63
f 650//63 648//63 646//63
f 646//63 644//63 794//63
f 646//63 794//63 789//63
f 654//63 650//63 646//63
f 662//63 658//63 654//63
f 670//63 666//63 662//63
f 674//63 672//63 670//63
f 783//63 676//63 674//63
f 778//63 783//63 674//63
f 674//63 670//63 662//63
f 662//63 654//63 646//63
f 646//63 789//63 790//63
f 646//63 790//63 793//63
f 778//63 674//63 662//63
f 779//63 778//63 662//63
f 662//63 646//63 793//63
f 662//63 793//63 791//63
f 782//63 779//63 662//63
f 781//63 782//63 662//63
f 662//63 791//63 792//63
f 662//63 792//63 812//63
f 780//63 781//63 662//63
f 811//63 780//63 662//63
f 662//63 812//63 814//63
f 662//63 814//63 813//63
f 810//63 811//63 662//63
f 638//63 636//63 634//63
f 634//63 632//63 630//63
f 630//63 628//63 626//63
f 626//63 624//63 750//63
f 750//63 748//63 746//63
f 746//63 744//63 742//63
f 742//63 740//63 738//63
f 738//63 736//63 734//63
f 734//63 732//63 730//63
f 730//63 728//63 726//63
f 726//63 724//63 722//63
f 722//63 720//63 718//63
f 718//63 716//63 714//63
f 714//63 712//63 710//63
f 710//63 708//63 706//63
f 706//63 704//63 702//63
f 702//63 700//63 698//63
f 698//63 696//63 694//63
f 694//63 692//63 690//63
f 690//63 688//63 686//63
f 686//63 684//63 682//63
f 682//63 680//63 678//63
f 678//63 676//63 783//63
f 678//63 783//63 775//63
f 686//63 682//63 678//63
f 694//63 690//63 686//63
f 702//63 698//63 694//63
f 710//63 706//63 702//63
f 718//63 714//63 710//63
f 726//63 722//63 718//63
f 734//63 730//63 726//63
f 742//63 738//63 734//63
f 750//63 746//63 742//63
f 630//63 626//63 750//63
f 638//63 634//63 630//63
f 642//63 640//63 638//63
f 794//63 644//63 642//63
f 786//63 794//63 642//63
f 642//63 638//63 630//63
f 630//63 750//63 742//63
f 742//63 734//63 726//63
f 726//63 718//63 710//63
f 710//63 702//63 694//63
f 694//63 686//63 678//63
f 678//63 775//63 776//63
f 678//63 776//63 777//63
f 786//63 642//63 630//63
f 787//63 786//63 630//63
f 694//63 678//63 777//63
f 694//63 777//63 774//63
f 788//63 787//63 630//63
f 785//63 788//63 630//63
f 694//63 774//63 773//63
f 694//63 773//63 805//63
f 784//63 785//63 630//63
f 809//63 784//63 630//63
f 694//63 805//63 806//63
f 694//63 806//63 801//63
f 808//63 809//63 630//63
f 807//63 808//63 630//63
f 694//63 801//63 802//63
f 694//63 802//63 800//63
f 804//63 807//63 630//63
f 803//63 804//63 630//63
f 694//63 800//63 769//63
f 694//63 769//63 770//63
f 803//63 630//63 742//63
f 758//63 803//63 742//63
f 710//63 694//63 770//63
f 710//63 770//63 771//63
f 759//63 758//63 742//63
f 760//63 759//63 742//63
f 710//63 771//63 767//63
f 710//63 767//63 768//63
f 756//63 760//63 742//63
f 757//63 756//63 742//63
f 710//63 768//63 772//63
f 710//63 772//63 765//63
f 761//63 757//63 742//63
f 753//63 761//63 742//63
f 710//63 765//63 766//63
f 710//63 766//63 764//63
f 753//63 742//63 726//63
f 754//63 753//63 726//63
f 726//63 710//63 764//63
f 726//63 764//63 762//63
f 755//63 754//63 726//63
f 752//63 755//63 726//63
f 726//63 762//63 763//63
f 726//63 763//63 795//63
f 751//63 752//63 726//63
f 798//63 751//63 726//63
f 726//63 795//63 796//63
f 726//63 796//63 799//63
f 797//63 798//63 726//63
f 748//64 750//64 749//64
f 750//65 624//65 623//65
f 865//66 867//66 653//66
f 653//66 655//66 657//66
f 657//66 659//66 661//66
f 661//66 663//66 665//66
f 665//66 667//66 669//66
f 669//66 671//66 673//66
f 673//66 675//66 677//66
f 677//66 679//66 681//66
f 681//66 683//66 685//66
f 685//66 687//66 689//66
f 689//66 691//66 693//66
f 693//66 695//66 697//66
f 697//66 699//66 701//66
f 701//66 703//66 705//66
f 705//66 707//66 709//66
f 709//66 711//66 713//66
f 713//66 715//66 717//66
f 717//66 870//66 873//66
f 717//66 873//66 872//66
f 709//66 713//66 717//66
f 701//66 705//66 709//66
f 693//66 697//66 701//66
f 685//66 689//66 693//66
f 677//66 681//66 685//66
f 669//66 673//66 677//66
f 661//66 665//66 669//66
f 653//66 657//66 661//66
f 866//66 865//66 653//66
f 834//66 866//66 653//66
f 653//66 661//66 669//66
f 669//66 677//66 685//66
f 685//66 693//66 701//66
f 701//66 709//66 717//66
f 717//66 872//66 837//66
f 717//66 837//66 838//66
f 834//66 653//66 669//66
f 833//66 834//66 669//66
f 701//66 717//66 838//66
f 701//66 838//66 839//66
f 835//66 833//66 669//66
f 832//66 835//66 669//66
f 701//66 839//66 841//66
f 701//66 841//66 840//66
f 831//66 832//66 669//66
f 836//66 831//66 669//66
f 701//66 840//66 847//66
f 701//66 847//66 843//66
f 828//66 836//66 669//66
f 829//66 828//66 669//66
f 701//66 843//66 842//66
f 701//66 842//66 846//66
f 829//66 669//66 685//66
f 830//66 829//66 685//66
f 685//66 701//66 846//66
f 685//66 846//66 845//66
f 827//66 830//66 685//66
f 826//66 827//66 685//66
f 685//66 845//66 844//66
f 685//66 844//66 877//66
f 862//66 826//66 685//66
f 863//66 862//66 685//66
f 685//66 877//66 878//66
f 876//66 863//66 685//66
f 869//66 870//66 717//66
f 717//66 719//66 721//66
f 721//66 723//66 725//66
f 725//66 727//66 729//66
f 729//66 731//66 733//66
f 733//66 735//66 737//66
f 737//66 739//66 741//66
f 741//66 743//66 745//66
f 745//66 747//66 749//66
f 749//66 623//66 625//66
f 625//66 627//66 629//66
f 629//66 631//66 633//66
f 633//66 635//66 637//66
f 637//66 639//66 641//66
f 641//66 643//66 645//66
f 645//66 647//66 649//66
f 649//66 651//66 653//66
f 653//66 867//66 868//66
f 653//66 868//66 864//66
f 645//66 649//66 653//66
f 637//66 641//66 645//66
f 629//66 633//66 637//66
f 749//66 625//66 629//66
f 741//66 745//66 749//66
f 733//66 737//66 741//66
f 725//66 729//66 733//66
f 717//66 721//66 725//66
f 871//66 869//66 717//66
f 848//66 871//66 717//66
f 717//66 725//66 733//66
f 733//66 741//66 749//66
f 749//66 629//66 637//66
f 637//66 645//66 653//66
f 653//66 864//66 822//66
f 653//66 822//66 823//66
f 848//66 717//66 733//66
f 849//66 848//66 733//66
f 637//66 653//66 823//66
f 637//66 823//66 824//66
f 850//66 849//66 733//66
f 852//66 850//66 733//66
f 637//66 824//66 821//66
f 637//66 821//66 820//66
f 851//66 852//66 733//66
f 858//66 851//66 733//66
f 637//66 820//66 825//66
f 637//66 825//66 817//66
f 854//66 858//66 733//66
f 853//66 854//66 733//66
f 637//66 817//66 818//66
f 637//66 818//66 819//66
f 853//66 733//66 749//66
f 857//66 853//66 749//66
f 749//66 637//66 819//66
f 749//66 819//66 816//66
f 856//66 857//66 749//66
f 855//66 856//66 749//66
f 749//66 816//66 815//66
f 749//66 815//66 861//66
f 874//66 855//66 749//66
f 875//66 874//66 749//66
f 749//66 861//66 860//66
f 859//66 875//66 749//66
f 804//33 803//33 860//33
f 807//34 804//34 861//34
f 808//35 807//35 815//35
f 809//36 808//36 816//36
f 784//37 809//37 819//37
f 785//38 784//38 818//38
f 788//39 785//39 817//39
f 787//40 788//40 825//40
f 787//41 820//41 821//41
f 786//42 821//42 824//42
f 794//43 824//43 823//43
f 789//44 823//44 822//44
f 790//45 822//45 864//45
f 793//46 864//46 868//46
f 791//47 868//47 867//47
f 792//48 867//48 865//48
f 812//49 865//49 866//49
f 814//50 866//50 834//50
f 813//51 834//51 833//51
f 810//52 833//52 835//52
f 811//53 835//53 832//53
f 780//54 832//54 831//54
f 781//55 831//55 836//55
f 782//56 836//56 828//56
f 779//57 828//57 829//57
f 778//58 829//58 830//58
f 783//59 830//59 827//59
f 775//60 827//60 826//60
f 776//61 826//61 862//61
f 777//62 862//62 863//62
f 774//64 863//64 876//64
f 773//65 876//65 878//65
f 805//1 878//1 877//1
f 806//2 877//2 844//2
f 801//3 844//3 845//3
f 802//4 845//4 846//4
f 800//5 846//5 842//5
f 769//6 842//6 843//6
f 770//7 843//7 847//7
f 771//8 847//8 840//8
f 768//9 767//9 840//9
f 772//10 768//10 841//10
f 765//11 772//11 839//11
f 766//12 765//12 838//12
f 764//13 766//13 837//13
f 762//14 764//14 872//14
f 763//15 762//15 873//15
f 795//16 763//16 870//16
f 796//17 795//17 869//17
f 799//18 796//18 871//18
f 797//19 799//19 848//19
f 798//20 797//20 849//20
f 751//21 798//21 850//21
f 752//22 751//22 852//22
f 755//23 752//23 851//23
f 754//24 755//24 858//24
f 753//25 754//25 854//25
f 761//26 753//26 853//26
f 757//27 761//27 857//27
f 756//28 757//28 856//28
f 760//29 756//29 855//29
f 759//30 760//30 874//30
f 758//31 759//31 875//31
f 803//32 758//32 859//32
usemtl bolt_black
f 576//72 577//72 575//72
f 578//63 579//63 577//63
f 580//73 581//73 579//73
f 582//74 583//74 581//74
f 576//70 584//70 580//70
f 584//66 585//66 583//66
f 586//75 575//75 585//75
f 577//69 581//69 585//69
f 588//72 589//72 587//72
f 590//63 591//63 589//63
f 592//73 593//73 591//73
f 594//74 595//74 593//74
f 588//70 596//70 592//70
f 596//66 597//66 595//66
f 598//75 587//75 597//75
f 589//69 593//69 597//69
f 600//72 601//72 599//72
f 602//63 603//63 601//63
f 604//73 605//73 603//73
f 606//74 607//74 605//74
f 600//70 608//70 604//70
f 608//66 609//66 607//66
f 610//75 599//75 609//75
f 601//69 605//69 609//69
f 612//72 613//72 611//72
f 614//63 615//63 613//63
f 616//73 617//73 615//73
f 618//74 619//74 617//74
f 612//70 620//70 616//70
f 620//66 621//66 619//66
f 622//75 611//75 621//75
f 613//69 617//69 621//69
f 880//72 881//72 879//72
f 882//63 883//63 881//63
f 884//73 885//73 883//73
f 886//74 887//74 885//74
f 880//70 888//70 884//70
f 888//66 889//66 887//66
f 890//75 879//75 889//75
f 881//69 885//69 889//69
f 892//72 893//72 891//72
f 894//63 895//63 893//63
f 896//73 897//73 895//73
f 898//74 899//74 897//74
f 892//70 900//70 896//70
f 900//66 901//66 899//66
f 902//75 891//75 901//75
f 893//69 897//69 901//69
f 904//72 905//72 903//72
f 906//63 907//63 905//63
f 908//73 909//73 907//73
f 910//74 911//74 909//74
f 904//70 912//70 908//70
f 912//66 913//66 911//66
f 914//75 903//75 913//75
f 905//69 909//69 913//69
f 916//72 917//72 915//72
f 918//63 919//63 917//63
f 920//73 921//73 919//73
f 922//74 923//74 921//74
f 916//70 924//70 920//70
f 924//66 925//66 923//66
f 926//75 915//75 925//75
f 917//69 921//69 925//69
f 576//72 578//72 577//72
f 578//63 580//63 579//63
f 580//73 582//73 581//73
f 582//74 584//74 583//74
f 580//70 578//70 576//70
f 576//70 586//70 584//70
f 584//70 582//70 580//70
f 584//66 586//66 585//66
f 586//75 576//75 575//75
f 585//69 575//69 577//69
f 577//69 579//69 581//69
f 581//69 583//69 585//69
f 588//72 590//72 589//72
f 590//63 592//63 591//63
f 592//73 594//73 593//73
f 594//74 596//74 595//74
f 592//70 590//70 588//70
f 588//70 598//70 596//70
f 596//70 594//70 592//70
f 596//66 598//66 597//66
f 598//75 588//75 587//75
f 597//69 587//69 589//69
f 589//69 591//69 593//69
f 593//69 595//69 597//69
f 600//72 602//72 601//72
f 602//63 604//63 603//63
f 604//73 606//73 605//73
f 606//74 608//74 607//74
f 604//70 602//70 600//70
f 600//70 610//70 608//70
f 608//70 606//70 604//70
f 608//66 610//66 609//66
f 610//75 600//75 599//75
f 609//69 599//69 601//69
f 601//69 603//69 605//69
f 605//69 607//69 609//69
f 612//72 614//72 613//72
f 614//63 616//63 615//63
f 616//73 618//73 617//73
f 618//74 620//74 619//74
f 616//70 614//70 612//70
f 612//70 622//70 620//70
f 620//70 618//70 616//70
f 620//66 622//66 621//66
f 622//75 612//75 611//75
f 621//69 611//69 613//69
f 613//69 615//69 617//69
f 617//69 619//69 621//69
f 880//72 882//72 881//72
f 882//63 884//63 883//63
f 884//73 886//73 885//73
f 886//74 888//74 887//74
f 884//70 882//70 880//70
f 880//70 890//70 888//70
f 888//70 886//70 884//70
f 888//66 890//66 889//66
f 890//75 880//75 879//75
f 889//69 879//69 881//69
f 881//69 883//69 885//69
f 885//69 887//69 889//69
f 892//72 894//72 893//72
f 894//63 896//63 895//63
f 896//73 898//73 897//73
f 898//74 900//74 899//74
f 896//70 894//70 892//70
f 892//70 902//70 900//70
f 900//70 898//70 896//70
f 900//66 902//66 901//66
f 902//75 892//75 891//75
f 901//69 891//69 893//69
f 893//69 895//69 897//69
f 897//69 899//69 901//69
f 904//72 906//72 905//72
f 906//63 908//63 907//63
f 908//73 910//73 909//73
f 910//74 912//74 911//74
f 908//70 906//70 904//70
f 904//70 914//70 912//70
f 912//70 910//70 908//70
f 912//66 914//66 913//66
f 914//75 904//75 903//75
f 913//69 903//69 905//69
f 905//69 907//69 909//69
f 909//69 911//69 913//69
f 916//72 918//72 917//72
f 918//63 920//63 919//63
f 920//73 922//73 921//73
f 922//74 924//74 923//74
f 920//70 918//70 916//70
f 916//70 926//70 924//70
f 924//70 922//70 920//70
f 924//66 926//66 925//66
f 926//75 916//75 915//75
f 925//69 915//69 917//69
f 917//69 919//69 921//69
f 921//69 923//69 925//69
usemtl pipe_steel
f 927//76 930//76 929//76
f 930//77 931//77 929//77
f 932//78 933//78 931//78
f 934//79 935//79 933//79
f 936//80 937//80 935//80
f 938//81 939//81 937//81
f 940//82 941//82 939//82
f 942//83 943//83 941//83
f 944//84 945//84 943//84
f 946//85 947//85 945//85
f 948//86 949//86 947//86
f 950//87 951//87 949//87
f 952//88 953//88 951//88
f 954//89 955//89 953//89
f 956//90 957//90 955//90
f 958//91 959//91 957//91
f 960//92 961//92 959//92
f 962//93 963//93 961//93
f 964//94 965//94 963//94
f 966//95 967//95 965//95
f 968//96 969//96 967//96
f 970//97 971//97 969//97
f 971//98 974//98 973//98
f 973//99 976//99 975//99
f 976//100 977//100 975//100
f 978//101 979//101 977//101
f 980//102 981//102 979//102
f 982//103 983//103 981//103
f 984//104 985//104 983//104
f 986//105 987//105 985//105
f 988//106 989//106 987//106
f 990//107 991//107 989//107
f 992//108 993//108 991//108
f 994//109 995//109 993//109
f 996//110 997//110 995//110
f 997//111 1000//111 999//111
f 1000//112 1001//112 999//112
f 1002//113 1003//113 1001//113
f 1004//114 1005//114 1003//114
f 1006//115 1007//115 1005//115
f 1008//116 1009//116 1007//116
f 1010//117 1011//117 1009//117
f 1012//118 1013//118 1011//118
f 1014//119 1015//119 1013//119
f 1016//120 1017//120 1015//120
f 1018//121 1019//121 1017//121
f 996//70 964//70 932//70
f 1020//122 1021//122 1019//122
f 1022//123 927//123 1021//123
f 957//69 989//69 1021//69
s 1
f 1023//124 1046//125 1034//126
f 1024//127 1035//128 1023//124
f 1025//129 1036//130 1024//127
f 1026//131 1037//132 1025//129
f 1027//133 1038//134 1026//131
f 1040//135 1027//133 1028//136
f 1041//137 1028//136 1029//138
f 1042//139 1029//138 1030//140
f 1043//141 1030//140 1031//142
f 1044//143 1031//142 1032//144
f 1045//145 1032//144 1033//146
f 1034//126 1045//145 1033//146
f 1035//128 1058//147 1046//125
f 1036//130 1047//148 1035//128
f 1037//132 1048//149 1036//130
f 1038//134 1049//150 1037//132
f 1039//151 1050//152 1038//134
f 1052//153 1039//151 1040//135
f 1053//154 1040//135 1041//137
f 1054//155 1041//137 1042//139
f 1055//156 1042//139 1043//141
f 1056//157 1043//141 1044//143
f 1057//158 1044//143 1045//145
f 1046//125 1057//158 1045//145
f 1047//148 1070//159 1058//147
f 1048//149 1059//160 1047//148
f 1049//150 1060//161 1048//149
f 1050//152 1061//162 1049//150
f 1051//163 1062//164 1050//152
f 1064//165 1051//163 1052//153
f 1065//166 1052//153 1053//154
f 1066//167 1053//154 1054//155
f 1067//168 1054//155 1055//156
f 1068//169 1055//156 1056//157
f 1069//170 1056//157 1057//158
f 1058//147 1069//170 1057//158
f 1059//160 1082//171 1070//159
f 1060//161 1071//172 1059//160
f 1061//162 1072//173 1060//161
f 1062//164 1073//174 1061//162
f 1063//175 1074//176 1062//164
f 1076//177 1063//175 1064//165
f 1077//178 1064//165 1065//166
f 1078//179 1065//166 1066//167
f 1079//180 1066//167 1067//168
f 1080//181 1067//168 1068//169
f 1081//182 1068//169 1069//170
f 1070//159 1081//182 1069//170
f 1071//172 1094//183 1082//171
f 1072//173 1083//184 1071//172
f 1073//174 1084//185 1072//173
f 1074//176 1085//186 1073//174
f 1075//187 1086//188 1074//176
f 1088//189 1075//187 1076//177
f 1089//190 1076//177 1077//178
f 1090//191 1077//178 1078//179
f 1091//192 1078//179 1079//180
f 1092//193 1079//180 1080//181
f 1093//194 1080//181 1081//182
f 1082//171 1093//194 1081//182
f 1083//184 1106//195 1094//183
f 1084//185 1095//196 1083//184
f 1085//186 1096//197 1084//185
f 1086//188 1097//198 1085//186
f 1099//199 1086//188 1087//200
f 1100//201 1087//200 1088//189
f 1101//202 1088//189 1089//190
f 1102//203 1089//190 1090//191
f 1103//204 1090//191 1091//192
f 1104//205 1091//192 1092//193
f 1093//194 1104//205 1092//193
f 1094//183 1105//206 1093//194
f 1095//196 1118//207 1106//195
f 1096//197 1107//208 1095//196
f 1097//198 1108//209 1096//197
f 1110//210 1097//198 1098//211
f 1111//212 1098//211 1099//199
f 1112//213 1099//199 1100//201
f 1113//214 1100//201 1101//202
f 1114//215 1101//202 1102//203
f 1115//216 1102//203 1103//204
f 1104//205 1115//216 1103//204
f 1105//206 1116//217 1104//205
f 1106//195 1117//218 1105//206
f 1107//208 1130//219 1118//207
f 1108//209 1119//220 1107//208
f 1121//221 1108//209 1109//222
f 1122//223 1109//222 1110//210
f 1123//224 1110//210 1111//212
f 1124//225 1111//212 1112//213
f 1125//226 1112//213 1113//214
f 1126//227 1113//214 1114//215
f 1115//216 1126//227 1114//215
f 1116//217 1127//228 1115//216
f 1117//218 1128//229 1116//217
f 1118//207 1129//230 1117//218
f 1119//220 1142//231 1130//219
f 1120//232 1131//233 1119//220
f 1133//234 1120//232 1121//221
f 1134//235 1121//221 1122//223
f 1135//236 1122//223 1123//224
f 1136//237 1123//224 1124//225
f 1137//238 1124//225 1125//226
f 1138//239 1125//226 1126//227
f 1127//228 1138//239 1126//227
f 1128//229 1139//240 1127//228
f 1129//230 1140//241 1128//229
f 1130//219 1141//242 1129//230
f 1131//233 1154//243 1142//231
f 1132//244 1143//245 1131//233
f 1145//246 1132//244 1133//234
f 1146//247 1133//234 1134//235
f 1147//248 1134//235 1135//236
f 1148//249 1135//236 1136//237
f 1149//250 1136//237 1137//238
f 1150//251 1137//238 1138//239
f 1139//240 1150//251 1138//239
f 1140//241 1151//252 1139//240
f 1141//242 1152//253 1140//241
f 1142//231 1153//254 1141//242
f 1143//245 1166//255 1154//243
f 1144//256 1155//257 1143//245
f 1157//258 1144//256 1145//246
f 1158//259 1145//246 1146//247
f 1159//260 1146//247 1147//248
f 1160//261 1147//248 1148//249
f 1161//262 1148//249 1149//250
f 1162//263 1149//250 1150//251
f 1151//252 1162//263 1150//251
f 1152//253 1163//264 1151//252
f 1153//254 1164//265 1152//253
f 1154//243 1165//266 1153//254
f 1155//257 1178//267 1166//255
f 1156//268 1167//269 1155//257
f 1169//270 1156//268 1157//258
f 1170//271 1157//258 1158//259
f 1171//272 1158//259 1159//260
f 1172//273 1159//260 1160//261
f 1173//274 1160//261 1161//262
f 1174//275 1161//262 1162//263
f 1163//264 1174//275 1162//263
f 1164//265 1175//276 1163//264
f 1165//266 1176//277 1164//265
f 1166//255 1177//278 1165//266
s 0
f 927//76 928//76 930//76
f 930//77 932//77 931//77
f 932//78 934//78 933//78
f 934//79 936//79 935//79
f 936//80 938//80 937//80
f 938//81 940//81 939//81
f 940//82 942//82 941//82
f 942//83 944//83 943//83
f 944//84 946//84 945//84
f 946//85 948//85 947//85
f 948//86 950//86 949//86
f 950//87 952//87 951//87
f 952//88 954//88 953//88
f 954//89 956//89 955//89
f 956//90 958//90 957//90
f 958//91 960//91 959//91
f 960//92 962//92 961//92
f 962//93 964//93 963//93
f 964//94 966//94 965//94
f 966//95 968//95 967//95
f 968//96 970//96 969//96
f 970//97 972//97 971//97
f 971//98 972//98 974//98
f 973//99 974//99 976//99
f 976//100 978//100 977//100
f 978//101 980//101 979//101
f 980//102 982//102 981//102
f 982//103 984//103 983//103
f 984//104 986//104 985//104
f 986//105 988//105 987//105
f 988//106 990//106 989//106
f 990//107 992//107 991//107
f 992//108 994//108 993//108
f 994//109 996//109 995//109
f 996//110 998//110 997//110
f 997//111 998//111 1000//111
f 1000//112 1002//112 1001//112
f 1002//113 1004//113 1003//113
f 1004//114 1006//114 1005//114
f 1006//115 1008//115 1007//115
f 1008//116 1010//116 1009//116
f 1010//117 1012//117 1011//117
f 1012//118 1014//118 1013//118
f 1014//119 1016//119 1015//119
f 1016//120 1018//120 1017//120
f 1018//121 1020//121 1019//121
f 932//70 930//70 928//70
f 928//70 1022//70 1020//70
f 1020//280 1018//280 1016//280
f 1016//281 1014//281 1012//281
f 1012//282 1010//282 1008//282
f 1008//283 1006//283 1004//283
f 1004//284 1002//284 1000//284
f 1000//285 998//285 996//285
f 996//286 994//286 992//286
f 992//281 990//281 988//281
f 988//282 986//282 984//282
f 984//287 982//287 980//287
f 980//70 978//70 976//70
f 976//70 974//70 972//70
f 972//287 970//287 968//287
f 968//70 966//70 964//70
f 964//281 962//281 960//281
f 960//286 958//286 956//286
f 956//285 954//285 952//285
f 952//284 950//284 948//284
f 948//283 946//283 944//283
f 944//282 942//282 940//282
f 940//70 938//70 936//70
f 936//280 934//280 932//280
f 932//70 928//70 1020//70
f 1020//285 1016//285 1012//285
f 1012//70 1008//70 1004//70
f 1004//70 1000//70 996//70
f 996//70 992//70 988//70
f 988//284 984//284 980//284
f 980//70 976//70 972//70
f 972//284 968//284 964//284
f 964//70 960//70 956//70
f 956//70 952//70 948//70
f 948//70 944//70 940//70
f 940//285 936//285 932//285
f 932//70 1020//70 1012//70
f 1012//70 1004//70 996//70
f 996//70 988//70 980//70
f 980//70 972//70 964//70
f 964//70 956//70 948//70
f 948//70 940//70 932//70
f 932//70 1012//70 996//70
f 996//70 980//70 964//70
f 964//70 948//70 932//70
f 1020//122 1022//122 1021//122
f 1022//123 928//123 927//123
f 1021//69 927//69 929//69
f 929//288 931//288 933//288
f 933//69 935//69 937//69
f 937//69 939//69 941//69
f 941//289 943//289 945//289
f 945//290 947//290 949//290
f 949//69 951//69 953//69
f 953//69 955//69 957//69
f 957//69 959//69 961//69
f 961//69 963//69 965//69
f 965//69 967//69 969//69
f 969//291 971//291 973//291
f 973//69 975//69 977//69
f 977//292 979//292 981//292
f 981//69 983//69 985//69
f 985//288 987//288 989//288
f 989//293 991//293 993//293
f 993//294 995//294 997//294
f 997//69 999//69 1001//69
f 1001//69 1003//69 1005//69
f 1005//69 1007//69 1009//69
f 1009//291 1011//291 1013//291
f 1013//69 1015//69 1017//69
f 1017//295 1019//295 1021//295
f 1021//69 929//69 933//69
f 933//69 937//69 941//69
f 941//69 945//69 949//69
f 949//69 953//69 957//69
f 957//290 961//290 965//290
f 965//69 969//69 973//69
f 973//69 977//69 981//69
f 981//290 985//290 989//290
f 989//69 993//69 997//69
f 997//69 1001//69 1005//69
f 1005//69 1009//69 1013//69
f 1013//69 1017//69 1021//69
f 1021//69 933//69 941//69
f 941//69 949//69 957//69
f 957//69 965//69 973//69
f 973//69 981//69 989//69
f 989//69 997//69 1005//69
f 1005//69 1013//69 1021//69
f 1021//69 941//69 957//69
f 957//69 973//69 989//69
f 989//69 1005//69 1021//69
s 1
f 1023//124 1035//128 1046//125
f 1024//127 1036//130 1035//128
f 1025//129 1037//132 1036//130
f 1026//131 1038//134 1037//132
f 1027//133 1039//151 1038//134
f 1040//135 1039//151 1027//133
f 1041//137 1040//135 1028//136
f 1042//139 1041//137 1029//138
f 1043//141 1042//139 1030//140
f 1044//143 1043//141 1031//142
f 1045//145 1044//143 1032//144
f 1034//126 1046//125 1045//145
f 1035//128 1047//148 1058//147
f 1036//130 1048//149 1047//148
f 1037//132 1049//150 1048//149
f 1038//134 1050//152 1049//150
f 1039//151 1051//163 1050//152
f 1052//153 1051//163 1039//151
f 1053//154 1052//153 1040//135
f 1054//155 1053//154 1041//137
f 1055//156 1054//155 1042//139
f 1056//157 1055//156 1043//141
f 1057//158 1056//157 1044//143
f 1046//125 1058//147 1057//158
f 1047//148 1059//160 1070//159
f 1048//149 1060//161 1059//160
f 1049//150 1061//162 1060//161
f 1050//152 1062//164 1061//162
f 1051//163 1063//175 1062//164
f 1064//165 1063//175 1051//163
f 1065//166 1064//165 1052//153
f 1066//167 1065//166 1053//154
f 1067//168 1066//167 1054//155
f 1068//169 1067//168 1055//156
f 1069//170 1068//169 1056//157
f 1058//147 1070//159 1069//170
f 1059//160 1071//172 1082//171
f 1060//161 1072//173 1071//172
f 1061//162 1073//174 1072//173
f 1062//164 1074//176 1073//174
f 1063//175 1075//187 1074//176
f 1076//177 1075//187 1063//175
f 1077//178 1076//177 1064//165
f 1078//179 1077//178 1065//166
f 1079//180 1078//179 1066//167
f 1080//181 1079//180 1067//168
f 1081//182 1080//181 1068//169
f 1070//159 1082//171 1081//182
f 1071//172 1083//184 1094//183
f 1072//173 1084//185 1083//184
f 1073//174 1085//186 1084//185
f 1074//176 1086//188 1085//186
f 1075//187 1087//200 1086//188
f 1088//189 1087//200 1075//187
f 1089//190 1088//189 1076//177
f 1090//191 1089//190 1077//178
f 1091//192 1090//191 1078//179
f 1092//193 1091//192 1079//180
f 1093//194 1092//193 1080//181
f 1082//171 1094//183 1093//194
f 1083//184 1095//196 1106//195
f 1084//185 1096//197 1095//196
f 1085//186 1097//198 1096//197
f 1086//188 1098//211 1097//198
f 1099//199 1098//211 1086//188
f 1100//201 1099//199 1087//200
f 1101//202 1100//201 1088//189
f 1102//203 1101//202 1089//190
f 1103//204 1102//203 1090//191
f 1104//205 1103//204 1091//192
f 1093//194 1105//206 1104//205
f 1094//183 1106//195 1105//206
f 1095//196 1107//208 1118//207
f 1096//197 1108//209 1107//208
f 1097//198 1109//222 1108//209
f 1110//210 1109//222 1097//198
f 1111//212 1110//210 1098//211
f 1112//213 1111//212 1099//199
f 1113//214 1112//213 1100//201
f 1114//215 1113//214 1101//202
f 1115//216 1114//215 1102//203
f 1104//205 1116//217 1115//216
f 1105//206 1117//218 1116//217
f 1106//195 1118//207 1117//218
f 1107//208 1119//220 1130//219
f 1108//209 1120//232 1119//220
f 1121//221 1120//232 1108//209
f 1122//223 1121//221 1109//222
f 1123//224 1122//223 1110//210
f 1124//225 1123//224 1111//212
f 1125//226 1124//225 1112//213
f 1126//227 1125//226 1113//214
f 1115//216 1127//228 1126//227
f 1116//217 1128//229 1127//228
f 1117//218 1129//230 1128//229
f 1118//207 1130//219 1129//230
f 1119//220 1131//233 1142//231
f 1120//232 1132//244 1131//233
f 1133//234 1132//244 1120//232
f 1134//235 1133//234 1121//221
f 1135//236 1134//235 1122//223
f 1136//237 1135//236 1123//224
f 1137//238 1136//237 1124//225
f 1138//239 1137//238 1125//226
f 1127//228 1139//240 1138//239
f 1128//229 1140//241 1139//240
f 1129//230 1141//242 1140//241
f 1130//219 1142//231 1141//242
f 1131//233 1143//245 1154//243
f 1132//244 1144//256 1143//245
f 1145//246 1144//256 1132//244
f 1146//247 1145//246 1133//234
f 1147//248 1146//247 1134//235
f 1148//249 1147//248 1135//236
f 1149//250 1148//249 1136//237
f 1150//251 1149//250 1137//238
f 1139//240 1151//252 1150//251
f 1140//241 1152//253 1151//252
f 1141//242 1153//254 1152//253
f 1142//231 1154//243 1153//254
f 1143//245 1155//257 1166//255
f 1144//256 1156//268 1155//257
f 1157//258 1156//268 1144//256
f 1158//259 1157//258 1145//246
f 1159//260 1158//259 1146//247
f 1160//261 1159//260 1147//248
f 1161//262 1160//261 1148//249
f 1162//263 1161//262 1149//250
f 1151//252 1163//264 1162//263
f 1152//253 1164//265 1163//264
f 1153//254 1165//266 1164//265
f 1154//243 1166//255 1165//266
f 1155//257 1167//269 1178//267
f 1156//268 1168//296 1167//269
f 1169//270 1168//296 1156//268
f 1170//271 1169//270 1157//258
f 1171//272 1170//271 1158//259
f 1172//273 1171//272 1159//260
f 1173//274 1172//273 1160//261
f 1174//275 1173//274 1161//262
f 1163//264 1175//276 1174//275
f 1164//265 1176//277 1175//276
f 1165//266 1177//278 1176//277
f 1166//255 1178//267 1177//278
