# Blender 5.2.2 LTS
# www.blender.org
mtllib main_shaft.mtl
o main_shaft
v 0.800000 0.400000 0.000000
v 0.970000 0.400000 -0.000000
v 0.800000 0.398074 -0.039207
v 0.970000 0.398074 -0.039207
v 0.800000 0.392314 -0.078036
v 0.970000 0.392314 -0.078036
v 0.800000 0.382776 -0.116114
v 0.970000 0.382776 -0.116114
v 0.800000 0.369552 -0.153073
v 0.970000 0.369552 -0.153073
v 0.800000 0.352769 -0.188559
v 0.970000 0.352769 -0.188559
v 0.800000 0.332588 -0.222228
v 0.970000 0.332588 -0.222228
v 0.800000 0.309204 -0.253757
v 0.970000 0.309204 -0.253757
v 0.800000 0.282843 -0.282843
v 0.970000 0.282843 -0.282843
v 0.800000 0.253757 -0.309204
v 0.970000 0.253757 -0.309204
v 0.800000 0.222228 -0.332588
v 0.970000 0.222228 -0.332588
v 0.800000 0.188559 -0.352769
v 0.970000 0.188559 -0.352769
v 0.800000 0.153073 -0.369552
v 0.970000 0.153073 -0.369552
v 0.800000 0.116114 -0.382776
v 0.970000 0.116114 -0.382776
v 0.800000 0.078036 -0.392314
v 0.970000 0.078036 -0.392314
v 0.800000 0.039207 -0.398074
v 0.970000 0.039207 -0.398074
v 0.800000 0.000000 -0.400000
v 0.970000 0.000000 -0.400000
v 0.800000 -0.039207 -0.398074
v 0.970000 -0.039207 -0.398074
v 0.800000 -0.078036 -0.392314
v 0.970000 -0.078036 -0.392314
v 0.800000 -0.116114 -0.382776
v 0.970000 -0.116114 -0.382776
v 0.800000 -0.153073 -0.369552
v 0.970000 -0.153073 -0.369552
v 0.800000 -0.188559 -0.352769
v 0.970000 -0.188559 -0.352769
v 0.800000 -0.222228 -0.332588
v 0.970000 -0.222228 -0.332588
v 0.800000 -0.253757 -0.309204
v 0.970000 -0.253757 -0.309204
v 0.800000 -0.282843 -0.282843
v 0.970000 -0.282843 -0.282843
v 0.800000 -0.309204 -0.253757
v 0.970000 -0.309204 -0.253757
v 0.800000 -0.332588 -0.222228
v 0.970000 -0.332588 -0.222228
v 0.800000 -0.352769 -0.188559
v 0.970000 -0.352769 -0.188559
v 0.800000 -0.369552 -0.153073
v 0.970000 -0.369552 -0.153073
v 0.800000 -0.382776 -0.116114
v 0.970000 -0.382776 -0.116114
v 0.800000 -0.392314 -0.078036
v 0.970000 -0.392314 -0.078036
v 0.800000 -0.398074 -0.039207
v 0.970000 -0.398074 -0.039207
v 0.800000 -0.400000 0.000000
v 0.970000 -0.400000 -0.000000
v 0.800000 -0.398074 0.039207
v 0.970000 -0.398074 0.039207
v 0.800000 -0.392314 0.078036
v 0.970000 -0.392314 0.078036
v 0.800000 -0.382776 0.116114
v 0.970000 -0.382776 0.116114
v 0.800000 -0.369552 0.153073
v 0.970000 -0.369552 0.153073
v 0.800000 -0.352769 0.188559
v 0.970000 -0.352769 0.188559
v 0.800000 -0.332588 0.222228
v 0.970000 -0.332588 0.222228
v 0.800000 -0.309204 0.253757
v 0.970000 -0.309204 0.253757
v 0.800000 -0.282843 0.282843
v 0.970000 -0.282843 0.282843
v 0.800000 -0.253757 0.309204
v 0.970000 -0.253757 0.309204
v 0.800000 -0.222228 0.332588
v 0.970000 -0.222228 0.332588
v 0.800000 -0.188559 0.352769
v 0.970000 -0.188559 0.352769
v 0.800000 -0.153073 0.369552
v 0.970000 -0.153073 0.369552
v 0.800000 -0.116114 0.382776
v 0.970000 -0.116114 0.382776
v 0.800000 -0.078036 0.392314
v 0.970000 -0.078036 0.392314
v 0.800000 -0.039207 0.398074
v 0.970000 -0.039207 0.398074
v 0.800000 0.000000 0.400000
v 0.970000 0.000000 0.400000
v 0.800000 0.039207 0.398074
v 0.970000 0.039207 0.398074
v 0.800000 0.078036 0.392314
v 0.970000 0.078036 0.392314
v 0.800000 0.116114 0.382776
v 0.970000 0.116114 0.382776
v 0.800000 0.153073 0.369552
v 0.970000 0.153073 0.369552
v 0.800000 0.188559 0.352769
v 0.970000 0.188559 0.352769
v 0.800000 0.222228 0.332588
v 0.970000 0.222228 0.332588
v 0.800000 0.253757 0.309204
v 0.970000 0.253757 0.309204
v 0.800000 0.282843 0.282843
v 0.970000 0.282843 0.282843
v 0.800000 0.309204 0.253757
v 0.970000 0.309204 0.253757
v 0.800000 0.332588 0.222228
v 0.970000 0.332588 0.222228
v 0.800000 0.352769 0.188559
v 0.970000 0.352769 0.188559
v 0.800000 0.369552 0.153073
v 0.970000 0.369552 0.153073
v 0.800000 0.382776 0.116114
v 0.970000 0.382776 0.116114
v 0.800000 0.392314 0.078036
v 0.970000 0.392314 0.078036
v 0.800000 0.398074 0.039207
v 0.970000 0.398074 0.039207
v 0.260000 0.360000 0.000000
v 0.800000 0.360000 -0.000000
v 0.260000 0.358267 -0.035286
v 0.800000 0.358267 -0.035286
v 0.260000 0.353083 -0.070233
v 0.800000 0.353083 -0.070233
v 0.260000 0.344499 -0.104502
v 0.800000 0.344499 -0.104503
v 0.260000 0.332597 -0.137766
v 0.800000 0.332597 -0.137766
v 0.260000 0.317492 -0.169703
v 0.800000 0.317492 -0.169703
v 0.260000 0.299329 -0.200005
v 0.800000 0.299329 -0.200005
v 0.260000 0.278284 -0.228382
v 0.800000 0.278284 -0.228382
v 0.260000 0.254558 -0.254558
v 0.800000 0.254558 -0.254558
v 0.260000 0.228382 -0.278284
v 0.800000 0.228382 -0.278284
v 0.260000 0.200005 -0.299329
v 0.800000 0.200005 -0.299329
v 0.260000 0.169703 -0.317492
v 0.800000 0.169703 -0.317492
v 0.260000 0.137766 -0.332597
v 0.800000 0.137766 -0.332597
v 0.260000 0.104502 -0.344499
v 0.800000 0.104502 -0.344499
v 0.260000 0.070233 -0.353083
v 0.800000 0.070233 -0.353083
v 0.260000 0.035286 -0.358267
v 0.800000 0.035286 -0.358267
v 0.260000 0.000000 -0.360000
v 0.800000 0.000000 -0.360000
v 0.260000 -0.035286 -0.358267
v 0.800000 -0.035286 -0.358267
v 0.260000 -0.070233 -0.353083
v 0.800000 -0.070233 -0.353083
v 0.260000 -0.104502 -0.344499
v 0.800000 -0.104502 -0.344499
v 0.260000 -0.137766 -0.332597
v 0.800000 -0.137766 -0.332597
v 0.260000 -0.169703 -0.317492
v 0.800000 -0.169703 -0.317492
v 0.260000 -0.200005 -0.299329
v 0.800000 -0.200005 -0.299329
v 0.260000 -0.228382 -0.278284
v 0.800000 -0.228382 -0.278284
v 0.260000 -0.254558 -0.254558
v 0.800000 -0.254558 -0.254558
v 0.260000 -0.278284 -0.228382
v 0.800000 -0.278284 -0.228382
v 0.260000 -0.299329 -0.200005
v 0.800000 -0.299329 -0.200005
v 0.260000 -0.317492 -0.169703
v 0.800000 -0.317492 -0.169703
v 0.260000 -0.332597 -0.137766
v 0.800000 -0.332597 -0.137766
v 0.260000 -0.344499 -0.104502
v 0.800000 -0.344499 -0.104503
v 0.260000 -0.353083 -0.070233
v 0.800000 -0.353083 -0.070233
v 0.260000 -0.358267 -0.035286
v 0.800000 -0.358267 -0.035286
v 0.260000 -0.360000 0.000000
v 0.800000 -0.360000 -0.000000
v 0.260000 -0.358267 0.035286
v 0.800000 -0.358267 0.035286
v 0.260000 -0.353083 0.070233
v 0.800000 -0.353083 0.070233
v 0.260000 -0.344499 0.104503
v 0.800000 -0.344499 0.104502
v 0.260000 -0.332597 0.137766
v 0.800000 -0.332597 0.137766
v 0.260000 -0.317492 0.169703
v 0.800000 -0.317492 0.169703
v 0.260000 -0.299329 0.200005
v 0.800000 -0.299329 0.200005
v 0.260000 -0.278284 0.228382
v 0.800000 -0.278284 0.228382
v 0.260000 -0.254558 0.254558
v 0.800000 -0.254558 0.254558
v 0.260000 -0.228382 0.278284
v 0.800000 -0.228382 0.278284
v 0.260000 -0.200005 0.299329
v 0.800000 -0.200005 0.299329
v 0.260000 -0.169703 0.317492
v 0.800000 -0.169703 0.317492
v 0.260000 -0.137766 0.332597
v 0.800000 -0.137766 0.332597
v 0.260000 -0.104502 0.344499
v 0.800000 -0.104502 0.344499
v 0.260000 -0.070233 0.353083
v 0.800000 -0.070233 0.353083
v 0.260000 -0.035286 0.358267
v 0.800000 -0.035286 0.358266
v 0.260000 0.000000 0.360000
v 0.800000 0.000000 0.360000
v 0.260000 0.035286 0.358267
v 0.800000 0.035286 0.358266
v 0.260000 0.070233 0.353083
v 0.800000 0.070233 0.353083
v 0.260000 0.104502 0.344499
v 0.800000 0.104502 0.344499
v 0.260000 0.137766 0.332597
v 0.800000 0.137766 0.332597
v 0.260000 0.169703 0.317492
v 0.800000 0.169703 0.317492
v 0.260000 0.200005 0.299329
v 0.800000 0.200005 0.299329
v 0.260000 0.228382 0.278284
v 0.800000 0.228382 0.278284
v 0.260000 0.254558 0.254558
v 0.800000 0.254558 0.254558
v 0.260000 0.278284 0.228382
v 0.800000 0.278284 0.228382
v 0.260000 0.299329 0.200005
v 0.800000 0.299329 0.200005
v 0.260000 0.317492 0.169703
v 0.800000 0.317492 0.169703
v 0.260000 0.332597 0.137766
v 0.800000 0.332597 0.137766
v 0.260000 0.344499 0.104503
v 0.800000 0.344499 0.104502
v 0.260000 0.353083 0.070233
v 0.800000 0.353083 0.070233
v 0.260000 0.358267 0.035286
v 0.800000 0.358267 0.035286
v -0.260000 0.360000 0.000000
v 0.260000 0.360000 -0.000000
v -0.260000 0.358267 -0.035286
v 0.260000 0.358267 -0.035286
v -0.260000 0.353083 -0.070233
v 0.260000 0.353083 -0.070233
v -0.260000 0.344499 -0.104502
v 0.260000 0.344499 -0.104502
v -0.260000 0.332597 -0.137766
v 0.260000 0.332597 -0.137766
v -0.260000 0.317492 -0.169703
v 0.260000 0.317492 -0.169703
v -0.260000 0.299329 -0.200005
v 0.260000 0.299329 -0.200005
v -0.260000 0.278284 -0.228382
v 0.260000 0.278284 -0.228382
v -0.260000 0.254558 -0.254558
v 0.260000 0.254558 -0.254558
v -0.260000 0.228382 -0.278284
v 0.260000 0.228382 -0.278284
v -0.260000 0.200005 -0.299329
v 0.260000 0.200005 -0.299329
v -0.260000 0.169703 -0.317492
v 0.260000 0.169703 -0.317492
v -0.260000 0.137766 -0.332597
v 0.260000 0.137766 -0.332597
v -0.260000 0.104502 -0.344499
v 0.260000 0.104502 -0.344499
v -0.260000 0.070233 -0.353083
v 0.260000 0.070233 -0.353083
v -0.260000 0.035286 -0.358266
v 0.260000 0.035286 -0.358267
v -0.260000 0.000000 -0.360000
v 0.260000 0.000000 -0.360000
v -0.260000 -0.035286 -0.358266
v 0.260000 -0.035286 -0.358267
v -0.260000 -0.070233 -0.353083
v 0.260000 -0.070233 -0.353083
v -0.260000 -0.104502 -0.344499
v 0.260000 -0.104502 -0.344499
v -0.260000 -0.137766 -0.332597
v 0.260000 -0.137766 -0.332597
v -0.260000 -0.169703 -0.317492
v 0.260000 -0.169703 -0.317492
v -0.260000 -0.200005 -0.299329
v 0.260000 -0.200005 -0.299329
v -0.260000 -0.228382 -0.278284
v 0.260000 -0.228382 -0.278284
v -0.260000 -0.254558 -0.254558
v 0.260000 -0.254558 -0.254558
v -0.260000 -0.278284 -0.228382
v 0.260000 -0.278284 -0.228382
v -0.260000 -0.299329 -0.200005
v 0.260000 -0.299329 -0.200005
v -0.260000 -0.317492 -0.169703
v 0.260000 -0.317492 -0.169703
v -0.260000 -0.332597 -0.137766
v 0.260000 -0.332597 -0.137766
v -0.260000 -0.344499 -0.104502
v 0.260000 -0.344499 -0.104502
v -0.260000 -0.353083 -0.070233
v 0.260000 -0.353083 -0.070233
v -0.260000 -0.358267 -0.035286
v 0.260000 -0.358267 -0.035286
v -0.260000 -0.360000 0.000000
v 0.260000 -0.360000 -0.000000
v -0.260000 -0.358267 0.035286
v 0.260000 -0.358267 0.035286
v -0.260000 -0.353083 0.070233
v 0.260000 -0.353083 0.070233
v -0.260000 -0.344499 0.104503
v 0.260000 -0.344499 0.104502
v -0.260000 -0.332597 0.137766
v 0.260000 -0.332597 0.137766
v -0.260000 -0.317492 0.169703
v 0.260000 -0.317492 0.169703
v -0.260000 -0.299329 0.200005
v 0.260000 -0.299329 0.200005
v -0.260000 -0.278284 0.228382
v 0.260000 -0.278284 0.228382
v -0.260000 -0.254558 0.254558
v 0.260000 -0.254558 0.254558
v -0.260000 -0.228382 0.278284
v 0.260000 -0.228382 0.278284
v -0.260000 -0.200005 0.299329
v 0.260000 -0.200005 0.299329
v -0.260000 -0.169703 0.317492
v 0.260000 -0.169703 0.317492
v -0.260000 -0.137766 0.332597
v 0.260000 -0.137766 0.332597
v -0.260000 -0.104502 0.344499
v 0.260000 -0.104502 0.344499
v -0.260000 -0.070233 0.353083
v 0.260000 -0.070233 0.353083
v -0.260000 -0.035286 0.358267
v 0.260000 -0.035286 0.358267
v -0.260000 0.000000 0.360000
v 0.260000 0.000000 0.360000
v -0.260000 0.035286 0.358267
v 0.260000 0.035286 0.358267
v -0.260000 0.070233 0.353083
v 0.260000 0.070233 0.353083
v -0.260000 0.104502 0.344499
v 0.260000 0.104502 0.344499
v -0.260000 0.137766 0.332597
v 0.260000 0.137766 0.332597
v -0.260000 0.169703 0.317492
v 0.260000 0.169703 0.317492
v -0.260000 0.200005 0.299329
v 0.260000 0.200005 0.299329
v -0.260000 0.228382 0.278284
v 0.260000 0.228382 0.278284
v -0.260000 0.254558 0.254558
v 0.260000 0.254558 0.254558
v -0.260000 0.278284 0.228382
v 0.260000 0.278284 0.228382
v -0.260000 0.299329 0.200005
v 0.260000 0.299329 0.200005
v -0.260000 0.317492 0.169703
v 0.260000 0.317492 0.169703
v -0.260000 0.332597 0.137766
v 0.260000 0.332597 0.137766
v -0.260000 0.344499 0.104503
v 0.260000 0.344499 0.104502
v -0.260000 0.353083 0.070233
v 0.260000 0.353083 0.070233
v -0.260000 0.358267 0.035286
v 0.260000 0.358267 0.035286
v -1.450000 0.330000 0.000000
v -0.260000 0.330000 -0.000000
v -1.450000 0.328411 -0.032346
v -0.260000 0.328411 -0.032346
v -1.450000 0.323659 -0.064380
v -0.260000 0.323659 -0.064380
v -1.450000 0.315790 -0.095794
v -0.260000 0.315790 -0.095794
v -1.450000 0.304880 -0.126286
v -0.260000 0.304880 -0.126286
v -1.450000 0.291034 -0.155561
v -0.260000 0.291034 -0.155561
v -1.450000 0.274385 -0.183338
v -0.260000 0.274385 -0.183338
v -1.450000 0.255093 -0.209350
v -0.260000 0.255093 -0.209350
v -1.450000 0.233345 -0.233345
v -0.260000 0.233345 -0.233345
v -1.450000 0.209350 -0.255093
v -0.260000 0.209350 -0.255093
v -1.450000 0.183338 -0.274385
v -0.260000 0.183338 -0.274385
v -1.450000 0.155561 -0.291034
v -0.260000 0.155561 -0.291034
v -1.450000 0.126286 -0.304880
v -0.260000 0.126286 -0.304880
v -1.450000 0.095794 -0.315790
v -0.260000 0.095794 -0.315790
v -1.450000 0.064380 -0.323659
v -0.260000 0.064380 -0.323659
v -1.450000 0.032346 -0.328411
v -0.260000 0.032346 -0.328411
v -1.450000 0.000000 -0.330000
v -0.260000 0.000000 -0.330000
v -1.450000 -0.032346 -0.328411
v -0.260000 -0.032346 -0.328411
v -1.450000 -0.064380 -0.323659
v -0.260000 -0.064380 -0.323659
v -1.450000 -0.095794 -0.315790
v -0.260000 -0.095794 -0.315790
v -1.450000 -0.126286 -0.304880
v -0.260000 -0.126286 -0.304880
v -1.450000 -0.155561 -0.291034
v -0.260000 -0.155561 -0.291034
v -1.450000 -0.183338 -0.274385
v -0.260000 -0.183338 -0.274385
v -1.450000 -0.209350 -0.255093
v -0.260000 -0.209350 -0.255093
v -1.450000 -0.233345 -0.233345
v -0.260000 -0.233345 -0.233345
v -1.450000 -0.255093 -0.209350
v -0.260000 -0.255093 -0.209350
v -1.450000 -0.274385 -0.183338
v -0.260000 -0.274385 -0.183338
v -1.450000 -0.291034 -0.155561
v -0.260000 -0.291034 -0.155561
v -1.450000 -0.304880 -0.126286
v -0.260000 -0.304880 -0.126286
v -1.450000 -0.315790 -0.095794
v -0.260000 -0.315790 -0.095794
v -1.450000 -0.323659 -0.064380
v -0.260000 -0.323659 -0.064380
v -1.450000 -0.328411 -0.032346
v -0.260000 -0.328411 -0.032346
v -1.450000 -0.330000 0.000000
v -0.260000 -0.330000 -0.000000
v -1.450000 -0.328411 0.032346
v -0.260000 -0.328411 0.032346
v -1.450000 -0.323659 0.064380
v -0.260000 -0.323659 0.064380
v -1.450000 -0.315790 0.095794
v -0.260000 -0.315790 0.095794
v -1.450000 -0.304880 0.126286
v -0.260000 -0.304880 0.126286
v -1.450000 -0.291034 0.155561
v -0.260000 -0.291034 0.155561
v -1.450000 -0.274385 0.183338
v -0.260000 -0.274385 0.183338
v -1.450000 -0.255093 0.209350
v -0.260000 -0.255093 0.209350
v -1.450000 -0.233345 0.233345
v -0.260000 -0.233345 0.233345
v -1.450000 -0.209350 0.255093
v -0.260000 -0.209350 0.255093
v -1.450000 -0.183338 0.274385
v -0.260000 -0.183338 0.274385
v -1.450000 -0.155561 0.291034
v -0.260000 -0.155561 0.291034
v -1.450000 -0.126286 0.304880
v -0.260000 -0.126286 0.304880
v -1.450000 -0.095794 0.315790
v -0.260000 -0.095794 0.315790
v -1.450000 -0.064380 0.323659
v -0.260000 -0.064380 0.323659
v -1.450000 -0.032346 0.328411
v -0.260000 -0.032346 0.328411
v -1.450000 0.000000 0.330000
v -0.260000 0.000000 0.330000
v -1.450000 0.032346 0.328411
v -0.260000 0.032346 0.328411
v -1.450000 0.064380 0.323659
v -0.260000 0.064380 0.323659
v -1.450000 0.095794 0.315790
v -0.260000 0.095794 0.315790
v -1.450000 0.126286 0.304880
v -0.260000 0.126286 0.304880
v -1.450000 0.155561 0.291034
v -0.260000 0.155561 0.291034
v -1.450000 0.183338 0.274385
v -0.260000 0.183338 0.274385
v -1.450000 0.209350 0.255093
v -0.260000 0.209350 0.255093
v -1.450000 0.233345 0.233345
v -0.260000 0.233345 0.233345
v -1.450000 0.255093 0.209350
v -0.260000 0.255093 0.209350
v -1.450000 0.274385 0.183338
v -0.260000 0.274385 0.183338
v -1.450000 0.291034 0.155561
v -0.260000 0.291034 0.155561
v -1.450000 0.304880 0.126286
v -0.260000 0.304880 0.126286
v -1.450000 0.315790 0.095794
v -0.260000 0.315790 0.095794
v -1.450000 0.323659 0.064380
v -0.260000 0.323659 0.064380
v -1.450000 0.328411 0.032346
v -0.260000 0.328411 0.032346
v -1.650000 0.260000 0.000000
v -1.450000 0.260000 -0.000000
v -1.650000 0.258748 -0.025484
v -1.450000 0.258748 -0.025484
v -1.650000 0.255004 -0.050723
v -1.450000 0.255004 -0.050723
v -1.650000 0.248804 -0.075474
v -1.450000 0.248804 -0.075474
v -1.650000 0.240209 -0.099498
v -1.450000 0.240209 -0.099498
v -1.650000 0.229300 -0.122563
v -1.450000 0.229300 -0.122563
v -1.650000 0.216182 -0.144448
v -1.450000 0.216182 -0.144448
v -1.650000 0.200983 -0.164942
v -1.450000 0.200983 -0.164942
v -1.650000 0.183848 -0.183848
v -1.450000 0.183848 -0.183848
v -1.650000 0.164942 -0.200983
v -1.450000 0.164942 -0.200983
v -1.650000 0.144448 -0.216182
v -1.450000 0.144448 -0.216182
v -1.650000 0.122563 -0.229300
v -1.450000 0.122563 -0.229300
v -1.650000 0.099498 -0.240209
v -1.450000 0.099498 -0.240209
v -1.650000 0.075474 -0.248804
v -1.450000 0.075474 -0.248804
v -1.650000 0.050723 -0.255004
v -1.450000 0.050723 -0.255004
v -1.650000 0.025484 -0.258748
v -1.450000 0.025484 -0.258748
v -1.650000 0.000000 -0.260000
v -1.450000 0.000000 -0.260000
v -1.650000 -0.025484 -0.258748
v -1.450000 -0.025484 -0.258748
v -1.650000 -0.050723 -0.255004
v -1.450000 -0.050723 -0.255004
v -1.650000 -0.075474 -0.248804
v -1.450000 -0.075474 -0.248804
v -1.650000 -0.099498 -0.240209
v -1.450000 -0.099498 -0.240209
v -1.650000 -0.122563 -0.229300
v -1.450000 -0.122563 -0.229300
v -1.650000 -0.144448 -0.216182
v -1.450000 -0.144448 -0.216182
v -1.650000 -0.164942 -0.200983
v -1.450000 -0.164942 -0.200983
v -1.650000 -0.183848 -0.183848
v -1.450000 -0.183848 -0.183848
v -1.650000 -0.200983 -0.164942
v -1.450000 -0.200983 -0.164942
v -1.650000 -0.216182 -0.144448
v -1.450000 -0.216182 -0.144448
v -1.650000 -0.229300 -0.122563
v -1.450000 -0.229300 -0.122563
v -1.650000 -0.240209 -0.099498
v -1.450000 -0.240209 -0.099498
v -1.650000 -0.248804 -0.075474
v -1.450000 -0.248804 -0.075474
v -1.650000 -0.255004 -0.050723
v -1.450000 -0.255004 -0.050723
v -1.650000 -0.258748 -0.025484
v -1.450000 -0.258748 -0.025484
v -1.650000 -0.260000 0.000000
v -1.450000 -0.260000 -0.000000
v -1.650000 -0.258748 0.025484
v -1.450000 -0.258748 0.025484
v -1.650000 -0.255004 0.050723
v -1.450000 -0.255004 0.050723
v -1.650000 -0.248804 0.075474
v -1.450000 -0.248804 0.075474
v -1.650000 -0.240209 0.099498
v -1.450000 -0.240209 0.099498
v -1.650000 -0.229300 0.122563
v -1.450000 -0.229300 0.122563
v -1.650000 -0.216182 0.144448
v -1.450000 -0.216182 0.144448
v -1.650000 -0.200983 0.164942
v -1.450000 -0.200983 0.164942
v -1.650000 -0.183848 0.183848
v -1.450000 -0.183848 0.183848
v -1.650000 -0.164942 0.200983
v -1.450000 -0.164942 0.200983
v -1.650000 -0.144448 0.216182
v -1.450000 -0.144448 0.216182
v -1.650000 -0.122563 0.229300
v -1.450000 -0.122563 0.229300
v -1.650000 -0.099498 0.240209
v -1.450000 -0.099498 0.240209
v -1.650000 -0.075474 0.248804
v -1.450000 -0.075474 0.248804
v -1.650000 -0.050723 0.255004
v -1.450000 -0.050723 0.255004
v -1.650000 -0.025484 0.258748
v -1.450000 -0.025484 0.258748
v -1.650000 0.000000 0.260000
v -1.450000 0.000000 0.260000
v -1.650000 0.025484 0.258748
v -1.450000 0.025484 0.258748
v -1.650000 0.050723 0.255004
v -1.450000 0.050723 0.255004
v -1.650000 0.075474 0.248804
v -1.450000 0.075474 0.248804
v -1.650000 0.099498 0.240209
v -1.450000 0.099498 0.240209
v -1.650000 0.122563 0.229300
v -1.450000 0.122563 0.229300
v -1.650000 0.144448 0.216182
v -1.450000 0.144448 0.216182
v -1.650000 0.164942 0.200983
v -1.450000 0.164942 0.200983
v -1.650000 0.183848 0.183848
v -1.450000 0.183848 0.183848
v -1.650000 0.200983 0.164942
v -1.450000 0.200983 0.164942
v -1.650000 0.216182 0.144448
v -1.450000 0.216182 0.144448
v -1.650000 0.229300 0.122563
v -1.450000 0.229300 0.122563
v -1.650000 0.240209 0.099498
v -1.450000 0.240209 0.099498
v -1.650000 0.248804 0.075474
v -1.450000 0.248804 0.075474
v -1.650000 0.255004 0.050723
v -1.450000 0.255004 0.050723
v -1.650000 0.258748 0.025484
v -1.450000 0.258748 0.025484
v 0.970000 0.660000 0.000000
v 1.090000 0.660000 -0.000000
v 0.970000 0.656822 -0.064691
v 1.090000 0.656822 -0.064691
v 0.970000 0.647318 -0.128760
v 1.090000 0.647318 -0.128760
v 0.970000 0.631581 -0.191588
v 1.090000 0.631581 -0.191588
v 0.970000 0.609761 -0.252571
v 1.090000 0.609761 -0.252571
v 0.970000 0.582068 -0.311122
v 1.090000 0.582068 -0.311122
v 0.970000 0.548770 -0.366676
v 1.090000 0.548770 -0.366676
v 0.970000 0.510187 -0.418700
v 1.090000 0.510187 -0.418700
v 0.970000 0.466690 -0.466690
v 1.090000 0.466690 -0.466690
v 0.970000 0.418700 -0.510187
v 1.090000 0.418700 -0.510187
v 0.970000 0.366676 -0.548770
v 1.090000 0.366676 -0.548770
v 0.970000 0.311122 -0.582068
v 1.090000 0.311122 -0.582068
v 0.970000 0.252571 -0.609761
v 1.090000 0.252571 -0.609761
v 0.970000 0.191588 -0.631581
v 1.090000 0.191588 -0.631581
v 0.970000 0.128760 -0.647318
v 1.090000 0.128760 -0.647318
v 0.970000 0.064691 -0.656822
v 1.090000 0.064691 -0.656822
v 0.970000 0.000000 -0.660000
v 1.090000 0.000000 -0.660000
v 0.970000 -0.064691 -0.656822
v 1.090000 -0.064691 -0.656822
v 0.970000 -0.128760 -0.647318
v 1.090000 -0.128760 -0.647318
v 0.970000 -0.191588 -0.631581
v 1.090000 -0.191588 -0.631581
v 0.970000 -0.252571 -0.609761
v 1.090000 -0.252571 -0.609761
v 0.970000 -0.311122 -0.582068
v 1.090000 -0.311122 -0.582068
v 0.970000 -0.366676 -0.548770
v 1.090000 -0.366676 -0.548770
v 0.970000 -0.418700 -0.510187
v 1.090000 -0.418700 -0.510187
v 0.970000 -0.466690 -0.466690
v 1.090000 -0.466690 -0.466690
v 0.970000 -0.510187 -0.418700
v 1.090000 -0.510187 -0.418700
v 0.970000 -0.548770 -0.366676
v 1.090000 -0.548770 -0.366676
v 0.970000 -0.582068 -0.311122
v 1.090000 -0.582068 -0.311122
v 0.970000 -0.609761 -0.252571
v 1.090000 -0.609761 -0.252571
v 0.970000 -0.631581 -0.191588
v 1.090000 -0.631581 -0.191588
v 0.970000 -0.647318 -0.128760
v 1.090000 -0.647318 -0.128760
v 0.970000 -0.656822 -0.064691
v 1.090000 -0.656822 -0.064691
v 0.970000 -0.660000 0.000000
v 1.090000 -0.660000 -0.000000
v 0.970000 -0.656822 0.064691
v 1.090000 -0.656822 0.064691
v 0.970000 -0.647318 0.128760
v 1.090000 -0.647318 0.128760
v 0.970000 -0.631581 0.191588
v 1.090000 -0.631581 0.191588
v 0.970000 -0.609761 0.252571
v 1.090000 -0.609761 0.252571
v 0.970000 -0.582068 0.311122
v 1.090000 -0.582068 0.311122
v 0.970000 -0.548770 0.366676
v 1.090000 -0.548770 0.366676
v 0.970000 -0.510187 0.418700
v 1.090000 -0.510187 0.418700
v 0.970000 -0.466690 0.466690
v 1.090000 -0.466690 0.466690
v 0.970000 -0.418700 0.510187
v 1.090000 -0.418700 0.510187
v 0.970000 -0.366676 0.548770
v 1.090000 -0.366676 0.548770
v 0.970000 -0.311122 0.582068
v 1.090000 -0.311122 0.582068
v 0.970000 -0.252571 0.609761
v 1.090000 -0.252571 0.609761
v 0.970000 -0.191588 0.631581
v 1.090000 -0.191588 0.631581
v 0.970000 -0.128760 0.647318
v 1.090000 -0.128760 0.647318
v 0.970000 -0.064691 0.656822
v 1.090000 -0.064691 0.656822
v 0.970000 0.000000 0.660000
v 1.090000 0.000000 0.660000
v 0.970000 0.064691 0.656822
v 1.090000 0.064691 0.656822
v 0.970000 0.128760 0.647318
v 1.090000 0.128760 0.647318
v 0.970000 0.191588 0.631581
v 1.090000 0.191588 0.631581
v 0.970000 0.252571 0.609761
v 1.090000 0.252571 0.609761
v 0.970000 0.311122 0.582068
v 1.090000 0.311122 0.582068
v 0.970000 0.366676 0.548770
v 1.090000 0.366676 0.548770
v 0.970000 0.418700 0.510187
v 1.090000 0.418700 0.510187
v 0.970000 0.466690 0.466690
v 1.090000 0.466690 0.466690
v 0.970000 0.510187 0.418700
v 1.090000 0.510187 0.418700
v 0.970000 0.548770 0.366676
v 1.090000 0.548770 0.366676
v 0.970000 0.582068 0.311122
v 1.090000 0.582068 0.311122
v 0.970000 0.609761 0.252571
v 1.090000 0.609761 0.252571
v 0.970000 0.631581 0.191588
v 1.090000 0.631581 0.191588
v 0.970000 0.647318 0.128760
v 1.090000 0.647318 0.128760
v 0.970000 0.656822 0.064691
v 1.090000 0.656822 0.064691
v 0.956000 0.017000 0.590000
v 0.970000 0.017000 0.590000
v 0.956000 0.008500 0.575278
v 0.970000 0.008500 0.575278
v 0.956000 -0.008500 0.575278
v 0.970000 -0.008500 0.575278
v 0.956000 -0.017000 0.590000
v 0.970000 -0.017000 0.590000
v 0.956000 -0.008500 0.604722
v 0.970000 -0.008500 0.604722
v 0.956000 0.008500 0.604722
v 0.970000 0.008500 0.604722
v 0.956000 -0.135703 0.569896
v 0.970000 -0.135703 0.569896
v 0.956000 -0.144203 0.555174
v 0.970000 -0.144203 0.555174
v 0.956000 -0.161203 0.555174
v 0.970000 -0.161203 0.555174
v 0.956000 -0.169703 0.569896
v 0.970000 -0.169703 0.569896
v 0.956000 -0.161203 0.584619
v 0.970000 -0.161203 0.584619
v 0.956000 -0.144203 0.584619
v 0.970000 -0.144203 0.584619
v 0.956000 -0.278000 0.510955
v 0.970000 -0.278000 0.510955
v 0.956000 -0.286500 0.496233
v 0.970000 -0.286500 0.496233
v 0.956000 -0.303500 0.496233
v 0.970000 -0.303500 0.496233
v 0.956000 -0.312000 0.510955
v 0.970000 -0.312000 0.510955
v 0.956000 -0.303500 0.525677
v 0.970000 -0.303500 0.525677
v 0.956000 -0.286500 0.525677
v 0.970000 -0.286500 0.525677
v 0.956000 -0.400193 0.417193
v 0.970000 -0.400193 0.417193
v 0.956000 -0.408693 0.402471
v 0.970000 -0.408693 0.402471
v 0.956000 -0.425693 0.402471
v 0.970000 -0.425693 0.402471
v 0.956000 -0.434193 0.417193
v 0.970000 -0.434193 0.417193
v 0.956000 -0.425693 0.431915
v 0.970000 -0.425693 0.431915
v 0.956000 -0.408693 0.431915
v 0.970000 -0.408693 0.431915
v 0.956000 -0.493955 0.295000
v 0.970000 -0.493955 0.295000
v 0.956000 -0.502455 0.280278
v 0.970000 -0.502455 0.280278
v 0.956000 -0.519455 0.280278
v 0.970000 -0.519455 0.280278
v 0.956000 -0.527955 0.295000
v 0.970000 -0.527955 0.295000
v 0.956000 -0.519455 0.309722
v 0.970000 -0.519455 0.309722
v 0.956000 -0.502455 0.309722
v 0.970000 -0.502455 0.309722
v 0.956000 -0.552896 0.152703
v 0.970000 -0.552896 0.152703
v 0.956000 -0.561396 0.137981
v 0.970000 -0.561396 0.137981
v 0.956000 -0.578396 0.137981
v 0.970000 -0.578396 0.137981
v 0.956000 -0.586896 0.152703
v 0.970000 -0.586896 0.152703
v 0.956000 -0.578396 0.167426
v 0.970000 -0.578396 0.167426
v 0.956000 -0.561396 0.167426
v 0.970000 -0.561396 0.167426
v 0.956000 -0.573000 0.000000
v 0.970000 -0.573000 -0.000000
v 0.956000 -0.581500 -0.014722
v 0.970000 -0.581500 -0.014722
v 0.956000 -0.598500 -0.014722
v 0.970000 -0.598500 -0.014722
v 0.956000 -0.607000 0.000000
v 0.970000 -0.607000 -0.000000
v 0.956000 -0.598500 0.014722
v 0.970000 -0.598500 0.014722
v 0.956000 -0.581500 0.014722
v 0.970000 -0.581500 0.014722
v 0.956000 -0.552896 -0.152703
v 0.970000 -0.552896 -0.152703
v 0.956000 -0.561396 -0.167426
v 0.970000 -0.561396 -0.167426
v 0.956000 -0.578396 -0.167426
v 0.970000 -0.578396 -0.167426
v 0.956000 -0.586896 -0.152703
v 0.970000 -0.586896 -0.152703
v 0.956000 -0.578396 -0.137981
v 0.970000 -0.578396 -0.137981
v 0.956000 -0.561396 -0.137981
v 0.970000 -0.561396 -0.137981
v 0.956000 -0.493955 -0.295000
v 0.970000 -0.493955 -0.295000
v 0.956000 -0.502455 -0.309722
v 0.970000 -0.502455 -0.309722
v 0.956000 -0.519455 -0.309722
v 0.970000 -0.519455 -0.309722
v 0.956000 -0.527955 -0.295000
v 0.970000 -0.527955 -0.295000
v 0.956000 -0.519455 -0.280278
v 0.970000 -0.519455 -0.280278
v 0.956000 -0.502455 -0.280278
v 0.970000 -0.502455 -0.280278
v 0.956000 -0.400193 -0.417193
v 0.970000 -0.400193 -0.417193
v 0.956000 -0.408693 -0.431915
v 0.970000 -0.408693 -0.431915
v 0.956000 -0.425693 -0.431915
v 0.970000 -0.425693 -0.431915
v 0.956000 -0.434193 -0.417193
v 0.970000 -0.434193 -0.417193
v 0.956000 -0.425693 -0.402471
v 0.970000 -0.425693 -0.402471
v 0.956000 -0.408693 -0.402471
v 0.970000 -0.408693 -0.402471
v 0.956000 -0.278000 -0.510955
v 0.970000 -0.278000 -0.510955
v 0.956000 -0.286500 -0.525677
v 0.970000 -0.286500 -0.525677
v 0.956000 -0.303500 -0.525677
v 0.970000 -0.303500 -0.525677
v 0.956000 -0.312000 -0.510955
v 0.970000 -0.312000 -0.510955
v 0.956000 -0.303500 -0.496233
v 0.970000 -0.303500 -0.496233
v 0.956000 -0.286500 -0.496233
v 0.970000 -0.286500 -0.496233
v 0.956000 -0.135703 -0.569896
v 0.970000 -0.135703 -0.569896
v 0.956000 -0.144203 -0.584619
v 0.970000 -0.144203 -0.584619
v 0.956000 -0.161203 -0.584619
v 0.970000 -0.161203 -0.584619
v 0.956000 -0.169703 -0.569896
v 0.970000 -0.169703 -0.569896
v 0.956000 -0.161203 -0.555174
v 0.970000 -0.161203 -0.555174
v 0.956000 -0.144203 -0.555174
v 0.970000 -0.144203 -0.555174
v 0.956000 0.017000 -0.590000
v 0.970000 0.017000 -0.590000
v 0.956000 0.008500 -0.604722
v 0.970000 0.008500 -0.604722
v 0.956000 -0.008500 -0.604722
v 0.970000 -0.008500 -0.604722
v 0.956000 -0.017000 -0.590000
v 0.970000 -0.017000 -0.590000
v 0.956000 -0.008500 -0.575278
v 0.970000 -0.008500 -0.575278
v 0.956000 0.008500 -0.575278
v 0.970000 0.008500 -0.575278
v 0.956000 0.169703 -0.569896
v 0.970000 0.169703 -0.569896
v 0.956000 0.161203 -0.584619
v 0.970000 0.161203 -0.584619
v 0.956000 0.144203 -0.584619
v 0.970000 0.144203 -0.584619
v 0.956000 0.135703 -0.569896
v 0.970000 0.135703 -0.569896
v 0.956000 0.144203 -0.555174
v 0.970000 0.144203 -0.555174
v 0.956000 0.161203 -0.555174
v 0.970000 0.161203 -0.555174
v 0.956000 0.312000 -0.510955
v 0.970000 0.312000 -0.510955
v 0.956000 0.303500 -0.525677
v 0.970000 0.303500 -0.525677
v 0.956000 0.286500 -0.525677
v 0.970000 0.286500 -0.525677
v 0.956000 0.278000 -0.510955
v 0.970000 0.278000 -0.510955
v 0.956000 0.286500 -0.496233
v 0.970000 0.286500 -0.496233
v 0.956000 0.303500 -0.496233
v 0.970000 0.303500 -0.496233
v 0.956000 0.434193 -0.417193
v 0.970000 0.434193 -0.417193
v 0.956000 0.425693 -0.431915
v 0.970000 0.425693 -0.431915
v 0.956000 0.408693 -0.431915
v 0.970000 0.408693 -0.431915
v 0.956000 0.400193 -0.417193
v 0.970000 0.400193 -0.417193
v 0.956000 0.408693 -0.402471
v 0.970000 0.408693 -0.402471
v 0.956000 0.425693 -0.402471
v 0.970000 0.425693 -0.402471
v 0.956000 0.527955 -0.295000
v 0.970000 0.527955 -0.295000
v 0.956000 0.519455 -0.309722
v 0.970000 0.519455 -0.309722
v 0.956000 0.502455 -0.309722
v 0.970000 0.502455 -0.309722
v 0.956000 0.493955 -0.295000
v 0.970000 0.493955 -0.295000
v 0.956000 0.502455 -0.280278
v 0.970000 0.502455 -0.280278
v 0.956000 0.519455 -0.280278
v 0.970000 0.519455 -0.280278
v 0.956000 0.586896 -0.152703
v 0.970000 0.586896 -0.152703
v 0.956000 0.578396 -0.167426
v 0.970000 0.578396 -0.167426
v 0.956000 0.561396 -0.167426
v 0.970000 0.561396 -0.167426
v 0.956000 0.552896 -0.152703
v 0.970000 0.552896 -0.152703
v 0.956000 0.561396 -0.137981
v 0.970000 0.561396 -0.137981
v 0.956000 0.578396 -0.137981
v 0.970000 0.578396 -0.137981
v 0.956000 0.607000 0.000000
v 0.970000 0.607000 -0.000000
v 0.956000 0.598500 -0.014722
v 0.970000 0.598500 -0.014722
v 0.956000 0.581500 -0.014722
v 0.970000 0.581500 -0.014722
v 0.956000 0.573000 0.000000
v 0.970000 0.573000 -0.000000
v 0.956000 0.581500 0.014722
v 0.970000 0.581500 0.014722
v 0.956000 0.598500 0.014722
v 0.970000 0.598500 0.014722
v 0.956000 0.586896 0.152703
v 0.970000 0.586896 0.152703
v 0.956000 0.578396 0.137981
v 0.970000 0.578396 0.137981
v 0.956000 0.561396 0.137981
v 0.970000 0.561396 0.137981
v 0.956000 0.552896 0.152703
v 0.970000 0.552896 0.152703
v 0.956000 0.561396 0.167426
v 0.970000 0.561396 0.167426
v 0.956000 0.578396 0.167426
v 0.970000 0.578396 0.167426
v 0.956000 0.527955 0.295000
v 0.970000 0.527955 0.295000
v 0.956000 0.519455 0.280278
v 0.970000 0.519455 0.280278
v 0.956000 0.502455 0.280278
v 0.970000 0.502455 0.280278
v 0.956000 0.493955 0.295000
v 0.970000 0.493955 0.295000
v 0.956000 0.502455 0.309722
v 0.970000 0.502455 0.309722
v 0.956000 0.519455 0.309722
v 0.970000 0.519455 0.309722
v 0.956000 0.434193 0.417193
v 0.970000 0.434193 0.417193
v 0.956000 0.425693 0.402471
v 0.970000 0.425693 0.402471
v 0.956000 0.408693 0.402471
v 0.970000 0.408693 0.402471
v 0.956000 0.400193 0.417193
v 0.970000 0.400193 0.417193
v 0.956000 0.408693 0.431915
v 0.970000 0.408693 0.431915
v 0.956000 0.425693 0.431915
v 0.970000 0.425693 0.431915
v 0.956000 0.312000 0.510955
v 0.970000 0.312000 0.510955
v 0.956000 0.303500 0.496233
v 0.970000 0.303500 0.496233
v 0.956000 0.286500 0.496233
v 0.970000 0.286500 0.496233
v 0.956000 0.278000 0.510955
v 0.970000 0.278000 0.510955
v 0.956000 0.286500 0.525677
v 0.970000 0.286500 0.525677
v 0.956000 0.303500 0.525677
v 0.970000 0.303500 0.525677
v 0.956000 0.169703 0.569896
v 0.970000 0.169703 0.569896
v 0.956000 0.161203 0.555174
v 0.970000 0.161203 0.555174
v 0.956000 0.144203 0.555174
v 0.970000 0.144203 0.555174
v 0.956000 0.135703 0.569896
v 0.970000 0.135703 0.569896
v 0.956000 0.144203 0.584619
v 0.970000 0.144203 0.584619
v 0.956000 0.161203 0.584619
v 0.970000 0.161203 0.584619
v 0.600000 0.620000 0.000000
v 0.700000 0.620000 -0.000000
v 0.600000 0.617015 -0.060771
v 0.700000 0.617015 -0.060771
v 0.600000 0.608087 -0.120956
v 0.700000 0.608087 -0.120956
v 0.600000 0.593303 -0.179977
v 0.700000 0.593303 -0.179977
v 0.600000 0.572805 -0.237264
v 0.700000 0.572805 -0.237264
v 0.600000 0.546791 -0.292266
v 0.700000 0.546791 -0.292266
v 0.600000 0.515511 -0.344454
v 0.700000 0.515511 -0.344454
v 0.600000 0.479266 -0.393324
v 0.700000 0.479266 -0.393324
v 0.600000 0.438406 -0.438406
v 0.700000 0.438406 -0.438406
v 0.600000 0.393324 -0.479266
v 0.700000 0.393324 -0.479266
v 0.600000 0.344454 -0.515511
v 0.700000 0.344454 -0.515511
v 0.600000 0.292266 -0.546791
v 0.700000 0.292266 -0.546791
v 0.600000 0.237264 -0.572805
v 0.700000 0.237264 -0.572805
v 0.600000 0.179977 -0.593303
v 0.700000 0.179977 -0.593303
v 0.600000 0.120956 -0.608087
v 0.700000 0.120956 -0.608087
v 0.600000 0.060771 -0.617015
v 0.700000 0.060771 -0.617015
v 0.600000 0.000000 -0.620000
v 0.700000 0.000000 -0.620000
v 0.600000 -0.060771 -0.617015
v 0.700000 -0.060771 -0.617015
v 0.600000 -0.120956 -0.608087
v 0.700000 -0.120956 -0.608087
v 0.600000 -0.179977 -0.593303
v 0.700000 -0.179977 -0.593303
v 0.600000 -0.237264 -0.572805
v 0.700000 -0.237264 -0.572805
v 0.600000 -0.292266 -0.546791
v 0.700000 -0.292266 -0.546791
v 0.600000 -0.344454 -0.515511
v 0.700000 -0.344454 -0.515511
v 0.600000 -0.393324 -0.479266
v 0.700000 -0.393324 -0.479266
v 0.600000 -0.438406 -0.438406
v 0.700000 -0.438406 -0.438406
v 0.600000 -0.479266 -0.393324
v 0.700000 -0.479266 -0.393324
v 0.600000 -0.515511 -0.344454
v 0.700000 -0.515511 -0.344454
v 0.600000 -0.546791 -0.292266
v 0.700000 -0.546791 -0.292266
v 0.600000 -0.572805 -0.237264
v 0.700000 -0.572805 -0.237264
v 0.600000 -0.593303 -0.179977
v 0.700000 -0.593303 -0.179977
v 0.600000 -0.608087 -0.120956
v 0.700000 -0.608087 -0.120956
v 0.600000 -0.617015 -0.060771
v 0.700000 -0.617015 -0.060771
v 0.600000 -0.620000 0.000000
v 0.700000 -0.620000 -0.000000
v 0.600000 -0.617015 0.060771
v 0.700000 -0.617015 0.060771
v 0.600000 -0.608087 0.120956
v 0.700000 -0.608087 0.120956
v 0.600000 -0.593303 0.179977
v 0.700000 -0.593303 0.179977
v 0.600000 -0.572805 0.237264
v 0.700000 -0.572805 0.237264
v 0.600000 -0.546791 0.292266
v 0.700000 -0.546791 0.292266
v 0.600000 -0.515511 0.344454
v 0.700000 -0.515511 0.344454
v 0.600000 -0.479266 0.393324
v 0.700000 -0.479266 0.393324
v 0.600000 -0.438406 0.438406
v 0.700000 -0.438406 0.438406
v 0.600000 -0.393324 0.479266
v 0.700000 -0.393324 0.479266
v 0.600000 -0.344454 0.515511
v 0.700000 -0.344454 0.515511
v 0.600000 -0.292266 0.546791
v 0.700000 -0.292266 0.546791
v 0.600000 -0.237264 0.572805
v 0.700000 -0.237264 0.572805
v 0.600000 -0.179977 0.593303
v 0.700000 -0.179977 0.593303
v 0.600000 -0.120956 0.608087
v 0.700000 -0.120956 0.608087
v 0.600000 -0.060771 0.617015
v 0.700000 -0.060771 0.617015
v 0.600000 0.000000 0.620000
v 0.700000 0.000000 0.620000
v 0.600000 0.060771 0.617015
v 0.700000 0.060771 0.617015
v 0.600000 0.120956 0.608087
v 0.700000 0.120956 0.608087
v 0.600000 0.179977 0.593303
v 0.700000 0.179977 0.593303
v 0.600000 0.237264 0.572805
v 0.700000 0.237264 0.572805
v 0.600000 0.292266 0.546791
v 0.700000 0.292266 0.546791
v 0.600000 0.344454 0.515511
v 0.700000 0.344454 0.515511
v 0.600000 0.393324 0.479266
v 0.700000 0.393324 0.479266
v 0.600000 0.438406 0.438406
v 0.700000 0.438406 0.438406
v 0.600000 0.479266 0.393324
v 0.700000 0.479266 0.393324
v 0.600000 0.515511 0.344454
v 0.700000 0.515511 0.344454
v 0.600000 0.546791 0.292266
v 0.700000 0.546791 0.292266
v 0.600000 0.572805 0.237264
v 0.700000 0.572805 0.237264
v 0.600000 0.593303 0.179977
v 0.700000 0.593303 0.179977
v 0.600000 0.608087 0.120956
v 0.700000 0.608087 0.120956
v 0.600000 0.617015 0.060771
v 0.700000 0.617015 0.060771
v 0.700000 0.000000 0.550000
v 0.700000 -0.004901 0.549759
v 0.700000 0.004901 0.549759
v 0.700000 -0.009755 0.549039
v 0.700000 0.009755 0.549039
v 0.700000 -0.023570 0.544096
v 0.700000 0.023570 0.544096
v 0.700000 -0.019134 0.546194
v 0.700000 0.019134 0.546194
v 0.700000 -0.014514 0.547847
v 0.700000 0.014514 0.547847
v 0.700000 -0.031720 0.538651
v 0.700000 -0.035355 0.535355
v 0.700000 -0.041573 0.527779
v 0.700000 -0.044096 0.523570
v 0.700000 -0.038651 0.531720
v 0.700000 -0.047847 0.514514
v 0.700000 -0.049039 0.509754
v 0.700000 -0.049759 0.495099
v 0.700000 -0.050000 0.500000
v 0.700000 -0.049759 0.504901
v 0.700000 -0.046194 0.519134
v 0.700000 -0.027779 0.541573
v 0.700000 0.027779 0.541573
v 0.700000 0.038651 0.531720
v 0.700000 0.037580 0.532901
v 0.700000 0.035355 0.535355
v 0.700000 0.031720 0.538651
v 0.700000 0.044096 0.523570
v 0.700000 0.047847 0.514514
v 0.700000 0.049039 0.509754
v 0.700000 0.046194 0.519134
v 0.700000 0.041573 0.527779
v 0.700000 0.049759 0.504901
v 0.700000 0.050000 0.500000
v 0.700000 -0.049039 0.490245
v 0.700000 0.049039 0.490245
v 0.700000 0.049759 0.495099
v 0.700000 -0.044096 0.476430
v 0.700000 -0.046194 0.480866
v 0.700000 0.046194 0.480866
v 0.700000 -0.047847 0.485486
v 0.700000 0.047847 0.485486
v 0.700000 0.041573 0.472221
v 0.700000 -0.038651 0.468280
v 0.700000 0.038651 0.468280
v 0.700000 -0.031720 0.461349
v 0.700000 0.027779 0.458426
v 0.700000 -0.027779 0.458426
v 0.700000 0.031720 0.461349
v 0.700000 -0.035355 0.464645
v 0.700000 0.035355 0.464645
v 0.700000 -0.014514 0.452153
v 0.700000 0.014514 0.452153
v 0.700000 -0.019134 0.453806
v 0.700000 0.019134 0.453806
v 0.700000 0.000000 0.450000
v 0.700000 0.004901 0.450241
v 0.700000 -0.009755 0.450961
v 0.700000 -0.004901 0.450241
v 0.700000 0.009755 0.450961
v 0.700000 0.023570 0.455904
v 0.700000 -0.041573 0.472221
v 0.700000 -0.023570 0.455904
v 0.700000 0.044096 0.476430
v 0.600000 0.000000 0.550000
v 0.600000 -0.004901 0.549759
v 0.600000 0.004901 0.549759
v 0.600000 -0.014514 0.547847
v 0.600000 0.014514 0.547847
v 0.600000 -0.009755 0.549039
v 0.600000 0.009755 0.549039
v 0.600000 -0.023570 0.544096
v 0.600000 0.023570 0.544096
v 0.600000 -0.031720 0.538651
v 0.600000 0.031720 0.538651
v 0.600000 -0.027779 0.541573
v 0.600000 0.027779 0.541573
v 0.600000 -0.019134 0.546194
v 0.600000 0.019134 0.546194
v 0.600000 -0.038651 0.531720
v 0.600000 0.038651 0.531720
v 0.600000 -0.044096 0.523570
v 0.600000 0.044096 0.523570
v 0.600000 -0.041573 0.527779
v 0.600000 0.041573 0.527779
v 0.600000 -0.047847 0.514514
v 0.600000 0.047847 0.514514
v 0.600000 -0.049759 0.504901
v 0.600000 0.049759 0.504901
v 0.600000 -0.049039 0.509754
v 0.600000 0.049039 0.509754
v 0.600000 -0.046194 0.519134
v 0.600000 0.046194 0.519134
v 0.600000 -0.050000 0.500000
v 0.600000 -0.035355 0.535355
v 0.600000 0.035355 0.535355
v 0.600000 -0.049759 0.495099
v 0.600000 0.049759 0.495099
v 0.600000 -0.047847 0.485486
v 0.600000 0.047847 0.485486
v 0.600000 -0.049039 0.490245
v 0.600000 0.049039 0.490245
v 0.600000 -0.044096 0.476430
v 0.600000 0.044096 0.476430
v 0.600000 -0.038651 0.468280
v 0.600000 0.038651 0.468280
v 0.600000 -0.041573 0.472221
v 0.600000 0.041573 0.472221
v 0.600000 -0.046194 0.480866
v 0.600000 0.046194 0.480866
v 0.600000 -0.031720 0.461349
v 0.600000 0.031720 0.461349
v 0.600000 -0.023570 0.455904
v 0.600000 0.023570 0.455904
v 0.600000 -0.027779 0.458426
v 0.600000 0.027779 0.458426
v 0.600000 -0.014514 0.452153
v 0.600000 0.014514 0.452153
v 0.600000 0.000000 0.450000
v 0.600000 -0.004901 0.450241
v 0.600000 0.004901 0.450241
v 0.600000 -0.009755 0.450961
v 0.600000 0.009755 0.450961
v 0.600000 -0.019134 0.453806
v 0.600000 0.019134 0.453806
v 0.600000 -0.035355 0.464645
v 0.600000 0.035355 0.464645
v 0.600000 0.050000 0.500000
v 0.700000 -0.250000 0.483013
v 0.700000 -0.254901 0.482772
v 0.700000 -0.245099 0.482772
v 0.700000 -0.264514 0.480860
v 0.700000 -0.235486 0.480860
v 0.700000 -0.240245 0.482052
v 0.700000 -0.259755 0.482052
v 0.700000 -0.273570 0.477109
v 0.700000 -0.230866 0.479207
v 0.700000 -0.281720 0.471663
v 0.700000 -0.222221 0.474586
v 0.700000 -0.277779 0.474586
v 0.700000 -0.226430 0.477109
v 0.700000 -0.269134 0.479207
v 0.700000 -0.218280 0.471663
v 0.700000 -0.288651 0.464732
v 0.700000 -0.214645 0.468368
v 0.700000 -0.294096 0.456582
v 0.700000 -0.208427 0.460791
v 0.700000 -0.291573 0.460791
v 0.700000 -0.211349 0.464732
v 0.700000 -0.297847 0.447527
v 0.700000 -0.203806 0.452147
v 0.700000 -0.200241 0.437914
v 0.700000 -0.299759 0.437914
v 0.700000 -0.200961 0.442767
v 0.700000 -0.299039 0.442767
v 0.700000 -0.202153 0.447527
v 0.700000 -0.296194 0.452147
v 0.700000 -0.205904 0.456582
v 0.700000 -0.285355 0.468368
v 0.700000 -0.299759 0.428112
v 0.700000 -0.200241 0.428112
v 0.700000 -0.297847 0.418498
v 0.700000 -0.202153 0.418498
v 0.700000 -0.299039 0.423258
v 0.700000 -0.200961 0.423258
v 0.700000 -0.294096 0.409443
v 0.700000 -0.205904 0.409443
v 0.700000 -0.288651 0.401293
v 0.700000 -0.211349 0.401293
v 0.700000 -0.291573 0.405234
v 0.700000 -0.208427 0.405234
v 0.700000 -0.296194 0.413879
v 0.700000 -0.203806 0.413879
v 0.700000 -0.281720 0.394362
v 0.700000 -0.218280 0.394362
v 0.700000 -0.273570 0.388917
v 0.700000 -0.226430 0.388917
v 0.700000 -0.277779 0.391439
v 0.700000 -0.222221 0.391439
v 0.700000 -0.264514 0.385166
v 0.700000 -0.235486 0.385166
v 0.700000 -0.250000 0.383013
v 0.700000 -0.245099 0.383253
v 0.700000 -0.254901 0.383253
v 0.700000 -0.240245 0.383973
v 0.700000 -0.259755 0.383973
v 0.700000 -0.230866 0.386819
v 0.700000 -0.269134 0.386819
v 0.700000 -0.285355 0.397657
v 0.700000 -0.214645 0.397657
v 0.700000 -0.300000 0.433013
v 0.700000 -0.200000 0.433013
v 0.600000 -0.299039 0.442767
v 0.600000 -0.300000 0.433013
v 0.600000 -0.299759 0.428112
v 0.600000 -0.299759 0.437914
v 0.600000 -0.297847 0.418498
v 0.600000 -0.299039 0.423258
v 0.600000 -0.294096 0.409443
v 0.600000 -0.296194 0.413879
v 0.600000 -0.285355 0.397657
v 0.600000 -0.288651 0.401293
v 0.600000 -0.277779 0.391439
v 0.600000 -0.281720 0.394362
v 0.600000 -0.264514 0.385166
v 0.600000 -0.269134 0.386819
v 0.600000 -0.259755 0.383973
v 0.600000 -0.273570 0.388917
v 0.600000 -0.291573 0.405234
v 0.600000 -0.250000 0.483013
v 0.600000 -0.254901 0.482772
v 0.600000 -0.245099 0.482772
v 0.600000 -0.259755 0.482052
v 0.600000 -0.240245 0.482052
v 0.600000 -0.273570 0.477109
v 0.600000 -0.226430 0.477109
v 0.600000 -0.269134 0.479207
v 0.600000 -0.230866 0.479207
v 0.600000 -0.264514 0.480860
v 0.600000 -0.235486 0.480860
v 0.600000 -0.285355 0.468368
v 0.600000 -0.214645 0.468368
v 0.600000 -0.281720 0.471663
v 0.600000 -0.218280 0.471663
v 0.600000 -0.294096 0.456582
v 0.600000 -0.205904 0.456582
v 0.600000 -0.291573 0.460791
v 0.600000 -0.208427 0.460791
v 0.600000 -0.288651 0.464732
v 0.600000 -0.211349 0.464732
v 0.600000 -0.296194 0.452147
v 0.600000 -0.277779 0.474586
v 0.600000 -0.222221 0.474586
v 0.600000 -0.203806 0.452147
v 0.600000 -0.202153 0.447527
v 0.600000 -0.200241 0.437914
v 0.600000 -0.200961 0.442767
v 0.600000 -0.297847 0.447527
v 0.600000 -0.200961 0.423258
v 0.600000 -0.200241 0.428112
v 0.600000 -0.205904 0.409443
v 0.600000 -0.203806 0.413879
v 0.600000 -0.202153 0.418498
v 0.600000 -0.200000 0.433013
v 0.600000 -0.214645 0.397657
v 0.600000 -0.211349 0.401293
v 0.600000 -0.226430 0.388917
v 0.600000 -0.222221 0.391439
v 0.600000 -0.218280 0.394362
v 0.600000 -0.240245 0.383973
v 0.600000 -0.235486 0.385166
v 0.600000 -0.250000 0.383013
v 0.600000 -0.254901 0.383253
v 0.600000 -0.245099 0.383253
v 0.600000 -0.230866 0.386819
v 0.600000 -0.208427 0.405234
v 0.700000 -0.442767 0.299039
v 0.700000 -0.447527 0.297847
v 0.700000 -0.452147 0.296194
v 0.700000 -0.456583 0.294096
v 0.700000 -0.464732 0.288650
v 0.700000 -0.460791 0.291573
v 0.700000 -0.468368 0.285355
v 0.700000 -0.471663 0.281720
v 0.700000 -0.477109 0.273570
v 0.700000 -0.474586 0.277778
v 0.700000 -0.480860 0.264514
v 0.700000 -0.482772 0.254901
v 0.700000 -0.482052 0.259754
v 0.700000 -0.479207 0.269134
v 0.700000 -0.437914 0.299759
v 0.700000 -0.483013 0.250000
v 0.700000 -0.433013 0.300000
v 0.700000 -0.428112 0.299759
v 0.700000 -0.482772 0.245099
v 0.700000 -0.423258 0.299039
v 0.700000 -0.482052 0.240245
v 0.700000 -0.418498 0.297847
v 0.700000 -0.413879 0.296194
v 0.700000 -0.480860 0.235486
v 0.700000 -0.409443 0.294096
v 0.700000 -0.405234 0.291573
v 0.700000 -0.479207 0.230866
v 0.700000 -0.404802 0.291253
v 0.700000 -0.402347 0.289432
v 0.700000 -0.401293 0.288650
v 0.700000 -0.477109 0.226430
v 0.700000 -0.397657 0.285355
v 0.700000 -0.391439 0.277778
v 0.700000 -0.394362 0.281720
v 0.700000 -0.386819 0.269134
v 0.700000 -0.383253 0.254901
v 0.700000 -0.383973 0.259754
v 0.700000 -0.385166 0.264514
v 0.700000 -0.388917 0.273570
v 0.700000 -0.383253 0.245099
v 0.700000 -0.385166 0.235486
v 0.700000 -0.383973 0.240245
v 0.700000 -0.388917 0.226430
v 0.700000 -0.474586 0.222221
v 0.700000 -0.391439 0.222221
v 0.700000 -0.386819 0.230866
v 0.700000 -0.383013 0.250000
v 0.700000 -0.468368 0.214645
v 0.700000 -0.397657 0.214645
v 0.700000 -0.460791 0.208426
v 0.700000 -0.409443 0.205904
v 0.700000 -0.456583 0.205904
v 0.700000 -0.405234 0.208426
v 0.700000 -0.464732 0.211349
v 0.700000 -0.401293 0.211349
v 0.700000 -0.447527 0.202153
v 0.700000 -0.418498 0.202153
v 0.700000 -0.433013 0.200000
v 0.700000 -0.437914 0.200241
v 0.700000 -0.428112 0.200241
v 0.700000 -0.423258 0.200961
v 0.700000 -0.452147 0.203806
v 0.700000 -0.442767 0.200961
v 0.700000 -0.413879 0.203806
v 0.700000 -0.394362 0.218280
v 0.700000 -0.471663 0.218280
v 0.600000 -0.437914 0.299759
v 0.600000 -0.433013 0.300000
v 0.600000 -0.428112 0.299759
v 0.600000 -0.442767 0.299039
v 0.600000 -0.423258 0.299039
v 0.600000 -0.447527 0.297847
v 0.600000 -0.418498 0.297847
v 0.600000 -0.452147 0.296194
v 0.600000 -0.413879 0.296194
v 0.600000 -0.460791 0.291573
v 0.600000 -0.468368 0.285355
v 0.600000 -0.464732 0.288650
v 0.600000 -0.456583 0.294096
v 0.600000 -0.471663 0.281720
v 0.600000 -0.474586 0.277778
v 0.600000 -0.479207 0.269134
v 0.600000 -0.477109 0.273570
v 0.600000 -0.482052 0.259754
v 0.600000 -0.483013 0.250000
v 0.600000 -0.482772 0.254901
v 0.600000 -0.480860 0.264514
v 0.600000 -0.482052 0.240245
v 0.600000 -0.479207 0.230866
v 0.600000 -0.480860 0.235486
v 0.600000 -0.474586 0.222221
v 0.600000 -0.468368 0.214645
v 0.600000 -0.471663 0.218280
v 0.600000 -0.477109 0.226430
v 0.600000 -0.482772 0.245099
v 0.600000 -0.409443 0.294096
v 0.600000 -0.405234 0.291573
v 0.600000 -0.464732 0.211349
v 0.600000 -0.386819 0.230866
v 0.600000 -0.394362 0.218280
v 0.600000 -0.391439 0.222221
v 0.600000 -0.388917 0.226430
v 0.600000 -0.405234 0.208426
v 0.600000 -0.401293 0.211349
v 0.600000 -0.413879 0.203806
v 0.600000 -0.409443 0.205904
v 0.600000 -0.397657 0.214645
v 0.600000 -0.401293 0.288650
v 0.600000 -0.385166 0.235486
v 0.600000 -0.418498 0.202153
v 0.600000 -0.383973 0.240245
v 0.600000 -0.423258 0.200961
v 0.600000 -0.460791 0.208426
v 0.600000 -0.397657 0.285355
v 0.600000 -0.383253 0.245099
v 0.600000 -0.428112 0.200241
v 0.600000 -0.456583 0.205904
v 0.600000 -0.394362 0.281720
v 0.600000 -0.393079 0.279990
v 0.600000 -0.383013 0.250000
v 0.600000 -0.383253 0.254901
v 0.600000 -0.433013 0.200000
v 0.600000 -0.391439 0.277778
v 0.600000 -0.452147 0.203806
v 0.600000 -0.383973 0.259754
v 0.600000 -0.437914 0.200241
v 0.600000 -0.388917 0.273570
v 0.600000 -0.447527 0.202153
v 0.600000 -0.385166 0.264514
v 0.600000 -0.442767 0.200961
v 0.600000 -0.386819 0.269134
v 0.700000 -0.514514 0.047847
v 0.700000 -0.509755 0.049039
v 0.700000 -0.523570 0.044096
v 0.700000 -0.519134 0.046194
v 0.700000 -0.531720 0.038651
v 0.700000 -0.541573 0.027779
v 0.700000 -0.538651 0.031720
v 0.700000 -0.535355 0.035355
v 0.700000 -0.527779 0.041573
v 0.700000 -0.546194 0.019134
v 0.700000 -0.549759 0.004901
v 0.700000 -0.549039 0.009755
v 0.700000 -0.547847 0.014514
v 0.700000 -0.549759 -0.004901
v 0.700000 -0.547847 -0.014514
v 0.700000 -0.547008 -0.016861
v 0.700000 -0.550000 -0.000000
v 0.700000 -0.549039 -0.009755
v 0.700000 -0.544096 0.023570
v 0.700000 -0.500000 0.050000
v 0.700000 -0.504901 0.049759
v 0.700000 -0.495099 0.049759
v 0.700000 -0.490245 0.049039
v 0.700000 -0.544096 -0.023570
v 0.700000 -0.538651 -0.031720
v 0.700000 -0.541573 -0.027779
v 0.700000 -0.535355 -0.035355
v 0.700000 -0.531720 -0.038651
v 0.700000 -0.546194 -0.019134
v 0.700000 -0.485486 0.047847
v 0.700000 -0.480866 0.046194
v 0.700000 -0.476430 0.044096
v 0.700000 -0.523570 -0.044096
v 0.700000 -0.519134 -0.046194
v 0.700000 -0.509755 -0.049039
v 0.700000 -0.514514 -0.047847
v 0.700000 -0.527779 -0.041573
v 0.700000 -0.472221 0.041573
v 0.700000 -0.504901 -0.049759
v 0.700000 -0.468280 0.038651
v 0.700000 -0.464645 0.035355
v 0.700000 -0.461349 0.031720
v 0.700000 -0.490245 -0.049039
v 0.700000 -0.485486 -0.047847
v 0.700000 -0.500000 -0.050000
v 0.700000 -0.495099 -0.049759
v 0.700000 -0.480866 -0.046194
v 0.700000 -0.458427 0.027779
v 0.700000 -0.455904 0.023570
v 0.700000 -0.452153 0.014514
v 0.700000 -0.453806 0.019134
v 0.700000 -0.450241 0.004901
v 0.700000 -0.450961 -0.009755
v 0.700000 -0.450241 -0.004901
v 0.700000 -0.450000 -0.000000
v 0.700000 -0.450961 0.009755
v 0.700000 -0.453806 -0.019134
v 0.700000 -0.461349 -0.031720
v 0.700000 -0.458427 -0.027779
v 0.700000 -0.455904 -0.023570
v 0.700000 -0.468280 -0.038651
v 0.700000 -0.476430 -0.044096
v 0.700000 -0.472221 -0.041573
v 0.700000 -0.464645 -0.035355
v 0.700000 -0.452153 -0.014514
v 0.600000 -0.490245 -0.049039
v 0.600000 -0.485486 -0.047847
v 0.600000 -0.500000 -0.050000
v 0.600000 -0.504901 -0.049759
v 0.600000 -0.495099 -0.049759
v 0.600000 -0.483312 0.047069
v 0.600000 -0.480866 0.046194
v 0.600000 -0.472221 0.041573
v 0.600000 -0.476430 0.044096
v 0.600000 -0.464645 0.035355
v 0.600000 -0.458427 0.027779
v 0.600000 -0.455904 0.023570
v 0.600000 -0.461349 0.031720
v 0.600000 -0.468280 0.038651
v 0.600000 -0.453806 0.019134
v 0.600000 -0.450961 0.009755
v 0.600000 -0.452153 0.014514
v 0.600000 -0.450000 0.000000
v 0.600000 -0.450241 0.004901
v 0.600000 -0.547847 -0.014514
v 0.600000 -0.452153 -0.014514
v 0.600000 -0.549039 -0.009755
v 0.600000 -0.450961 -0.009755
v 0.600000 -0.450241 -0.004901
v 0.600000 -0.544096 -0.023570
v 0.600000 -0.455904 -0.023570
v 0.600000 -0.538651 -0.031720
v 0.600000 -0.464645 -0.035355
v 0.600000 -0.535355 -0.035355
v 0.600000 -0.461349 -0.031720
v 0.600000 -0.541573 -0.027779
v 0.600000 -0.458427 -0.027779
v 0.600000 -0.523570 -0.044096
v 0.600000 -0.476430 -0.044096
v 0.600000 -0.527779 -0.041573
v 0.600000 -0.472221 -0.041573
v 0.600000 -0.514514 -0.047847
v 0.600000 -0.509755 -0.049039
v 0.600000 -0.519134 -0.046194
v 0.600000 -0.480866 -0.046194
v 0.600000 -0.546194 -0.019134
v 0.600000 -0.531720 -0.038651
v 0.600000 -0.468280 -0.038651
v 0.600000 -0.453806 -0.019134
v 0.600000 -0.500000 0.050000
v 0.600000 -0.509755 0.049039
v 0.600000 -0.504901 0.049759
v 0.600000 -0.495099 0.049759
v 0.600000 -0.490245 0.049039
v 0.600000 -0.514514 0.047847
v 0.600000 -0.485486 0.047847
v 0.600000 -0.527779 0.041573
v 0.600000 -0.523570 0.044096
v 0.600000 -0.519134 0.046194
v 0.600000 -0.535355 0.035355
v 0.600000 -0.541573 0.027779
v 0.600000 -0.544096 0.023570
v 0.600000 -0.538651 0.031720
v 0.600000 -0.547847 0.014514
v 0.600000 -0.549039 0.009755
v 0.600000 -0.550000 0.000000
v 0.600000 -0.549759 -0.004901
v 0.600000 -0.549759 0.004901
v 0.600000 -0.546194 0.019134
v 0.600000 -0.531720 0.038651
v 0.700000 -0.464732 -0.211350
v 0.700000 -0.460791 -0.208427
v 0.700000 -0.471663 -0.218280
v 0.700000 -0.477109 -0.226430
v 0.700000 -0.474586 -0.222222
v 0.700000 -0.468368 -0.214645
v 0.700000 -0.482052 -0.240246
v 0.700000 -0.480860 -0.235486
v 0.700000 -0.483013 -0.250000
v 0.700000 -0.482052 -0.259755
v 0.700000 -0.482772 -0.254901
v 0.700000 -0.482772 -0.245099
v 0.700000 -0.480860 -0.264514
v 0.700000 -0.479207 -0.230866
v 0.700000 -0.479207 -0.269134
v 0.700000 -0.474586 -0.277779
v 0.700000 -0.477109 -0.273570
v 0.700000 -0.468368 -0.285355
v 0.700000 -0.460791 -0.291574
v 0.700000 -0.464732 -0.288651
v 0.700000 -0.471663 -0.281720
v 0.700000 -0.452147 -0.296194
v 0.700000 -0.442767 -0.299039
v 0.700000 -0.447527 -0.297847
v 0.700000 -0.433013 -0.300000
v 0.700000 -0.437914 -0.299759
v 0.700000 -0.428112 -0.299759
v 0.700000 -0.456583 -0.294096
v 0.700000 -0.423258 -0.299039
v 0.700000 -0.456583 -0.205904
v 0.700000 -0.452147 -0.203806
v 0.700000 -0.418498 -0.297847
v 0.700000 -0.447527 -0.202153
v 0.700000 -0.445937 -0.201755
v 0.700000 -0.442764 -0.200960
v 0.700000 -0.442767 -0.200961
v 0.700000 -0.413879 -0.296194
v 0.700000 -0.437914 -0.200241
v 0.700000 -0.409443 -0.294096
v 0.700000 -0.433013 -0.200000
v 0.700000 -0.405234 -0.291574
v 0.700000 -0.428112 -0.200241
v 0.700000 -0.423258 -0.200961
v 0.700000 -0.401293 -0.288651
v 0.700000 -0.418498 -0.202153
v 0.700000 -0.397657 -0.285355
v 0.700000 -0.413879 -0.203806
v 0.700000 -0.394362 -0.281720
v 0.700000 -0.409443 -0.205904
v 0.700000 -0.401293 -0.211350
v 0.700000 -0.405234 -0.208427
v 0.700000 -0.397657 -0.214645
v 0.700000 -0.391439 -0.222222
v 0.700000 -0.394362 -0.218280
v 0.700000 -0.386819 -0.230866
v 0.700000 -0.388917 -0.226430
v 0.700000 -0.385166 -0.235486
v 0.700000 -0.383253 -0.245099
v 0.700000 -0.383973 -0.240246
v 0.700000 -0.383253 -0.254901
v 0.700000 -0.383013 -0.250000
v 0.700000 -0.386819 -0.269134
v 0.700000 -0.385166 -0.264514
v 0.700000 -0.391439 -0.277779
v 0.700000 -0.388917 -0.273570
v 0.700000 -0.383973 -0.259755
v 0.600000 -0.418498 -0.202153
v 0.600000 -0.413879 -0.203806
v 0.600000 -0.405234 -0.208427
v 0.600000 -0.409443 -0.205904
v 0.600000 -0.397657 -0.214645
v 0.600000 -0.388917 -0.226430
v 0.600000 -0.391439 -0.222222
v 0.600000 -0.394362 -0.218280
v 0.600000 -0.401293 -0.211350
v 0.600000 -0.385166 -0.235486
v 0.600000 -0.383013 -0.250000
v 0.600000 -0.383253 -0.245099
v 0.600000 -0.383973 -0.240246
v 0.600000 -0.383973 -0.259755
v 0.600000 -0.386819 -0.269134
v 0.600000 -0.388917 -0.273570
v 0.600000 -0.385166 -0.264514
v 0.600000 -0.383253 -0.254901
v 0.600000 -0.386819 -0.230866
v 0.600000 -0.471663 -0.281720
v 0.600000 -0.397657 -0.285355
v 0.600000 -0.468368 -0.285355
v 0.600000 -0.394362 -0.281720
v 0.600000 -0.460791 -0.291574
v 0.600000 -0.405234 -0.291574
v 0.600000 -0.464732 -0.288651
v 0.600000 -0.401293 -0.288651
v 0.600000 -0.452147 -0.296194
v 0.600000 -0.418498 -0.297847
v 0.600000 -0.447527 -0.297847
v 0.600000 -0.413879 -0.296194
v 0.600000 -0.433013 -0.300000
v 0.600000 -0.428112 -0.299759
v 0.600000 -0.442767 -0.299039
v 0.600000 -0.437914 -0.299759
v 0.600000 -0.423258 -0.299039
v 0.600000 -0.456583 -0.294096
v 0.600000 -0.409443 -0.294096
v 0.600000 -0.391439 -0.277779
v 0.600000 -0.423258 -0.200961
v 0.600000 -0.437914 -0.200241
v 0.600000 -0.433013 -0.200000
v 0.600000 -0.428112 -0.200241
v 0.600000 -0.447527 -0.202153
v 0.600000 -0.442767 -0.200961
v 0.600000 -0.452147 -0.203806
v 0.600000 -0.456583 -0.205904
v 0.600000 -0.480860 -0.264514
v 0.600000 -0.477109 -0.273570
v 0.600000 -0.474586 -0.277779
v 0.600000 -0.479207 -0.269134
v 0.600000 -0.460791 -0.208427
v 0.600000 -0.461510 -0.208960
v 0.600000 -0.464732 -0.211350
v 0.600000 -0.468368 -0.214645
v 0.600000 -0.471663 -0.218280
v 0.600000 -0.477109 -0.226430
v 0.600000 -0.474586 -0.222222
v 0.600000 -0.482052 -0.240246
v 0.600000 -0.480860 -0.235486
v 0.600000 -0.483013 -0.250000
v 0.600000 -0.482052 -0.259755
v 0.600000 -0.482772 -0.254901
v 0.600000 -0.482772 -0.245099
v 0.600000 -0.479207 -0.230866
v 0.700000 -0.291573 -0.460791
v 0.700000 -0.294096 -0.456583
v 0.700000 -0.285355 -0.468368
v 0.700000 -0.281720 -0.471663
v 0.700000 -0.288651 -0.464732
v 0.700000 -0.296194 -0.452147
v 0.700000 -0.297847 -0.447527
v 0.700000 -0.277779 -0.474586
v 0.700000 -0.299039 -0.442767
v 0.700000 -0.273570 -0.477109
v 0.700000 -0.299759 -0.437914
v 0.700000 -0.269134 -0.479207
v 0.700000 -0.300000 -0.433013
v 0.700000 -0.264514 -0.480860
v 0.700000 -0.299759 -0.428112
v 0.700000 -0.259755 -0.482052
v 0.700000 -0.299039 -0.423258
v 0.700000 -0.297847 -0.418498
v 0.700000 -0.254901 -0.482772
v 0.700000 -0.296194 -0.413879
v 0.700000 -0.250000 -0.483013
v 0.700000 -0.250000 -0.383013
v 0.700000 -0.259755 -0.383973
v 0.700000 -0.254901 -0.383253
v 0.700000 -0.245099 -0.383253
v 0.700000 -0.240245 -0.383973
v 0.700000 -0.264514 -0.385166
v 0.700000 -0.230866 -0.386819
v 0.700000 -0.269134 -0.386819
v 0.700000 -0.235486 -0.385166
v 0.700000 -0.273570 -0.388917
v 0.700000 -0.281720 -0.394362
v 0.700000 -0.218280 -0.394362
v 0.700000 -0.277779 -0.391439
v 0.700000 -0.222221 -0.391439
v 0.700000 -0.291573 -0.405234
v 0.700000 -0.208427 -0.405234
v 0.700000 -0.288651 -0.401293
v 0.700000 -0.211349 -0.401293
v 0.700000 -0.285355 -0.397657
v 0.700000 -0.214645 -0.397657
v 0.700000 -0.226430 -0.388917
v 0.700000 -0.202153 -0.418498
v 0.700000 -0.200961 -0.423258
v 0.700000 -0.203806 -0.413879
v 0.700000 -0.200000 -0.433013
v 0.700000 -0.200241 -0.437914
v 0.700000 -0.202153 -0.447527
v 0.700000 -0.203806 -0.452147
v 0.700000 -0.200961 -0.442767
v 0.700000 -0.200241 -0.428112
v 0.700000 -0.211349 -0.464732
v 0.700000 -0.208427 -0.460791
v 0.700000 -0.222221 -0.474586
v 0.700000 -0.218280 -0.471663
v 0.700000 -0.214645 -0.468368
v 0.700000 -0.235486 -0.480860
v 0.700000 -0.230866 -0.479207
v 0.700000 -0.245099 -0.482772
v 0.700000 -0.240245 -0.482052
v 0.700000 -0.226430 -0.477109
v 0.700000 -0.205904 -0.456583
v 0.700000 -0.294096 -0.409443
v 0.700000 -0.205904 -0.409443
v 0.600000 -0.250000 -0.383013
v 0.600000 -0.254901 -0.383253
v 0.600000 -0.245099 -0.383253
v 0.600000 -0.264514 -0.385166
v 0.600000 -0.240245 -0.383973
v 0.600000 -0.259755 -0.383973
v 0.600000 -0.235486 -0.385166
v 0.600000 -0.273570 -0.388917
v 0.600000 -0.230866 -0.386819
v 0.600000 -0.281720 -0.394362
v 0.600000 -0.222221 -0.391439
v 0.600000 -0.277779 -0.391439
v 0.600000 -0.226430 -0.388917
v 0.600000 -0.269134 -0.386819
v 0.600000 -0.218280 -0.394362
v 0.600000 -0.288651 -0.401293
v 0.600000 -0.214645 -0.397657
v 0.600000 -0.294096 -0.409443
v 0.600000 -0.208427 -0.405234
v 0.600000 -0.291573 -0.405234
v 0.600000 -0.211349 -0.401293
v 0.600000 -0.297847 -0.418498
v 0.600000 -0.203806 -0.413879
v 0.600000 -0.200241 -0.428112
v 0.600000 -0.299759 -0.428112
v 0.600000 -0.200961 -0.423258
v 0.600000 -0.299039 -0.423258
v 0.600000 -0.202153 -0.418498
v 0.600000 -0.296194 -0.413879
v 0.600000 -0.205904 -0.409443
v 0.600000 -0.285355 -0.397657
v 0.600000 -0.299759 -0.437914
v 0.600000 -0.200241 -0.437914
v 0.600000 -0.297847 -0.447527
v 0.600000 -0.202153 -0.447527
v 0.600000 -0.299039 -0.442767
v 0.600000 -0.200961 -0.442767
v 0.600000 -0.294096 -0.456583
v 0.600000 -0.205904 -0.456583
v 0.600000 -0.288651 -0.464732
v 0.600000 -0.211349 -0.464732
v 0.600000 -0.291573 -0.460791
v 0.600000 -0.208427 -0.460791
v 0.600000 -0.296194 -0.452147
v 0.600000 -0.203806 -0.452147
v 0.600000 -0.281720 -0.471663
v 0.600000 -0.218280 -0.471663
v 0.600000 -0.273570 -0.477109
v 0.600000 -0.226430 -0.477109
v 0.600000 -0.277779 -0.474586
v 0.600000 -0.222221 -0.474586
v 0.600000 -0.267517 -0.479785
v 0.600000 -0.264514 -0.480860
v 0.600000 -0.235486 -0.480860
v 0.600000 -0.250000 -0.483013
v 0.600000 -0.245099 -0.482772
v 0.600000 -0.254901 -0.482772
v 0.600000 -0.240245 -0.482052
v 0.600000 -0.259755 -0.482052
v 0.600000 -0.230866 -0.479207
v 0.600000 -0.269134 -0.479207
v 0.600000 -0.285355 -0.468368
v 0.600000 -0.214645 -0.468368
v 0.600000 -0.300000 -0.433013
v 0.600000 -0.200000 -0.433013
v 0.700000 0.046194 -0.480866
v 0.700000 0.044096 -0.476430
v 0.700000 0.049039 -0.490245
v 0.700000 0.049759 -0.504901
v 0.700000 0.050000 -0.500000
v 0.700000 0.049759 -0.495099
v 0.700000 0.047847 -0.485486
v 0.700000 0.047847 -0.514514
v 0.700000 0.046194 -0.519134
v 0.700000 -0.038651 -0.531720
v 0.700000 -0.041573 -0.527779
v 0.700000 0.041573 -0.527779
v 0.700000 -0.044096 -0.523570
v 0.700000 0.044096 -0.523570
v 0.700000 0.049039 -0.509755
v 0.700000 0.031720 -0.538651
v 0.700000 -0.031720 -0.538651
v 0.700000 0.035355 -0.535355
v 0.700000 -0.023570 -0.544096
v 0.700000 0.023570 -0.544096
v 0.700000 -0.027779 -0.541573
v 0.700000 0.027779 -0.541573
v 0.700000 0.019134 -0.546194
v 0.700000 -0.014514 -0.547847
v 0.700000 0.014514 -0.547847
v 0.700000 0.000000 -0.550000
v 0.700000 0.004901 -0.549759
v 0.700000 -0.004901 -0.549759
v 0.700000 -0.009755 -0.549039
v 0.700000 0.009755 -0.549039
v 0.700000 -0.035355 -0.535355
v 0.700000 -0.019134 -0.546194
v 0.700000 0.038651 -0.531720
v 0.700000 0.000000 -0.450000
v 0.700000 -0.004901 -0.450241
v 0.700000 0.004901 -0.450241
v 0.700000 -0.014514 -0.452153
v 0.700000 0.009755 -0.450961
v 0.700000 -0.009755 -0.450961
v 0.700000 0.014514 -0.452153
v 0.700000 -0.023570 -0.455904
v 0.700000 0.019134 -0.453806
v 0.700000 0.031720 -0.461349
v 0.700000 -0.031720 -0.461349
v 0.700000 0.027779 -0.458427
v 0.700000 -0.027779 -0.458427
v 0.700000 0.023570 -0.455904
v 0.700000 -0.019134 -0.453806
v 0.700000 -0.038651 -0.468280
v 0.700000 0.038651 -0.468280
v 0.700000 -0.046194 -0.480866
v 0.700000 -0.044096 -0.476430
v 0.700000 -0.041573 -0.472221
v 0.700000 0.041573 -0.472221
v 0.700000 -0.049039 -0.490245
v 0.700000 -0.050000 -0.500000
v 0.700000 -0.049759 -0.495099
v 0.700000 -0.049039 -0.509755
v 0.700000 -0.046194 -0.519134
v 0.700000 -0.047847 -0.514514
v 0.700000 -0.049759 -0.504901
v 0.700000 -0.035355 -0.464645
v 0.700000 -0.047847 -0.485486
v 0.700000 0.035355 -0.464645
v 0.600000 -0.047847 -0.514514
v 0.600000 -0.049039 -0.509755
v 0.600000 -0.044096 -0.523570
v 0.600000 -0.046194 -0.519134
v 0.600000 -0.038651 -0.531720
v 0.600000 -0.027779 -0.541573
v 0.600000 -0.031720 -0.538651
v 0.600000 -0.035355 -0.535355
v 0.600000 -0.041573 -0.527779
v 0.600000 -0.019134 -0.546194
v 0.600000 0.016861 -0.547008
v 0.600000 0.014514 -0.547847
v 0.600000 -0.014514 -0.547847
v 0.600000 0.000000 -0.550000
v 0.600000 0.004901 -0.549759
v 0.600000 -0.009755 -0.549039
v 0.600000 -0.004901 -0.549759
v 0.600000 0.009755 -0.549039
v 0.600000 -0.023570 -0.544096
v 0.600000 -0.049759 -0.495099
v 0.600000 -0.049039 -0.490245
v 0.600000 -0.050000 -0.500000
v 0.600000 -0.049759 -0.504901
v 0.600000 0.031720 -0.538651
v 0.600000 0.035355 -0.535355
v 0.600000 0.023570 -0.544096
v 0.600000 0.019134 -0.546194
v 0.600000 0.027779 -0.541573
v 0.600000 0.038651 -0.531720
v 0.600000 -0.044096 -0.476430
v 0.600000 -0.047847 -0.485486
v 0.600000 -0.046194 -0.480866
v 0.600000 0.046194 -0.519134
v 0.600000 0.047847 -0.514514
v 0.600000 0.041573 -0.527779
v 0.600000 0.044096 -0.523570
v 0.600000 0.049039 -0.509755
v 0.600000 -0.041573 -0.472221
v 0.600000 0.049759 -0.504901
v 0.600000 -0.035355 -0.464645
v 0.600000 -0.031720 -0.461349
v 0.600000 -0.038651 -0.468280
v 0.600000 0.049039 -0.490245
v 0.600000 0.047847 -0.485486
v 0.600000 0.050000 -0.500000
v 0.600000 0.049759 -0.495099
v 0.600000 0.046194 -0.480866
v 0.600000 -0.027779 -0.458427
v 0.600000 0.000000 -0.450000
v 0.600000 -0.009755 -0.450961
v 0.600000 -0.004901 -0.450241
v 0.600000 0.004901 -0.450241
v 0.600000 -0.019134 -0.453806
v 0.600000 -0.014514 -0.452153
v 0.600000 0.014514 -0.452153
v 0.600000 0.009755 -0.450961
v 0.600000 0.031720 -0.461349
v 0.600000 0.027779 -0.458427
v 0.600000 0.023570 -0.455904
v 0.600000 0.038651 -0.468280
v 0.600000 0.044096 -0.476430
v 0.600000 0.041573 -0.472221
v 0.600000 0.035355 -0.464645
v 0.600000 -0.023570 -0.455904
v 0.600000 0.019134 -0.453806
v 0.700000 0.250000 -0.383013
v 0.700000 0.245099 -0.383253
v 0.700000 0.254901 -0.383253
v 0.700000 0.264514 -0.385166
v 0.700000 0.259755 -0.383973
v 0.700000 0.269134 -0.386819
v 0.700000 0.273570 -0.388917
v 0.700000 0.281720 -0.394362
v 0.700000 0.277779 -0.391439
v 0.700000 0.288651 -0.401293
v 0.700000 0.285355 -0.397657
v 0.700000 0.291573 -0.405234
v 0.700000 0.205904 -0.409443
v 0.700000 0.294096 -0.409443
v 0.700000 0.202153 -0.418498
v 0.700000 0.297847 -0.418498
v 0.700000 0.203806 -0.413879
v 0.700000 0.296194 -0.413879
v 0.700000 0.200241 -0.428112
v 0.700000 0.299759 -0.428112
v 0.700000 0.200241 -0.437914
v 0.700000 0.299759 -0.437914
v 0.700000 0.200000 -0.433013
v 0.700000 0.300000 -0.433013
v 0.700000 0.200961 -0.423258
v 0.700000 0.299039 -0.423258
v 0.700000 0.208427 -0.405234
v 0.700000 0.202153 -0.447527
v 0.700000 0.296194 -0.452147
v 0.700000 0.203806 -0.452147
v 0.700000 0.297847 -0.447527
v 0.700000 0.208427 -0.460791
v 0.700000 0.291573 -0.460791
v 0.700000 0.214645 -0.468368
v 0.700000 0.285355 -0.468368
v 0.700000 0.211349 -0.464732
v 0.700000 0.288651 -0.464732
v 0.700000 0.205904 -0.456583
v 0.700000 0.294096 -0.456583
v 0.700000 0.222221 -0.474586
v 0.700000 0.277779 -0.474586
v 0.700000 0.230866 -0.479207
v 0.700000 0.269134 -0.479207
v 0.700000 0.226430 -0.477109
v 0.700000 0.273570 -0.477109
v 0.700000 0.240245 -0.482052
v 0.700000 0.250000 -0.483013
v 0.700000 0.245099 -0.482772
v 0.700000 0.254901 -0.482772
v 0.700000 0.235486 -0.480860
v 0.700000 0.259755 -0.482052
v 0.700000 0.264514 -0.480860
v 0.700000 0.281720 -0.471663
v 0.700000 0.200961 -0.442767
v 0.700000 0.218280 -0.471663
v 0.700000 0.299039 -0.442767
v 0.700000 0.240245 -0.383973
v 0.700000 0.230866 -0.386819
v 0.700000 0.235486 -0.385166
v 0.700000 0.218280 -0.394362
v 0.700000 0.211349 -0.401293
v 0.700000 0.214645 -0.397657
v 0.700000 0.226430 -0.388917
v 0.700000 0.222221 -0.391439
v 0.600000 0.285355 -0.397657
v 0.600000 0.291573 -0.405234
v 0.600000 0.288651 -0.401293
v 0.600000 0.294096 -0.409443
v 0.600000 0.297847 -0.418498
v 0.600000 0.296194 -0.413879
v 0.600000 0.300000 -0.433013
v 0.600000 0.299759 -0.428112
v 0.600000 0.299039 -0.423258
v 0.600000 0.200961 -0.442767
v 0.600000 0.299039 -0.442767
v 0.600000 0.203806 -0.452147
v 0.600000 0.294096 -0.456583
v 0.600000 0.205904 -0.456583
v 0.600000 0.296194 -0.452147
v 0.600000 0.202153 -0.447527
v 0.600000 0.297847 -0.447527
v 0.600000 0.299759 -0.437914
v 0.600000 0.214645 -0.468368
v 0.600000 0.211349 -0.464732
v 0.600000 0.288651 -0.464732
v 0.600000 0.281720 -0.471663
v 0.600000 0.222221 -0.474586
v 0.600000 0.277779 -0.474586
v 0.600000 0.218280 -0.471663
v 0.600000 0.285355 -0.468368
v 0.600000 0.230866 -0.479207
v 0.600000 0.264514 -0.480860
v 0.600000 0.235486 -0.480860
v 0.600000 0.269134 -0.479207
v 0.600000 0.250000 -0.483013
v 0.600000 0.254901 -0.482772
v 0.600000 0.240245 -0.482052
v 0.600000 0.245099 -0.482772
v 0.600000 0.259755 -0.482052
v 0.600000 0.226430 -0.477109
v 0.600000 0.273570 -0.477109
v 0.600000 0.291573 -0.460791
v 0.600000 0.208427 -0.460791
v 0.600000 0.281720 -0.394362
v 0.600000 0.200241 -0.437914
v 0.600000 0.277779 -0.391439
v 0.600000 0.200000 -0.433013
v 0.600000 0.200241 -0.428112
v 0.600000 0.200275 -0.427884
v 0.600000 0.273570 -0.388917
v 0.600000 0.200961 -0.423258
v 0.600000 0.269134 -0.386819
v 0.600000 0.202153 -0.418498
v 0.600000 0.264514 -0.385166
v 0.600000 0.203806 -0.413879
v 0.600000 0.259755 -0.383973
v 0.600000 0.205904 -0.409443
v 0.600000 0.250000 -0.383013
v 0.600000 0.245099 -0.383253
v 0.600000 0.254901 -0.383253
v 0.600000 0.235486 -0.385166
v 0.600000 0.240245 -0.383973
v 0.600000 0.230866 -0.386819
v 0.600000 0.226430 -0.388917
v 0.600000 0.218280 -0.394362
v 0.600000 0.222221 -0.391439
v 0.600000 0.208427 -0.405234
v 0.600000 0.214645 -0.397657
v 0.600000 0.211349 -0.401293
v 0.700000 0.471663 -0.281720
v 0.700000 0.468368 -0.285355
v 0.700000 0.464732 -0.288651
v 0.700000 0.460791 -0.291574
v 0.700000 0.456583 -0.294096
v 0.700000 0.474586 -0.277779
v 0.700000 0.447527 -0.297847
v 0.700000 0.452147 -0.296194
v 0.700000 0.477109 -0.273570
v 0.700000 0.442767 -0.299039
v 0.700000 0.479207 -0.269134
v 0.700000 0.437914 -0.299759
v 0.700000 0.480860 -0.264514
v 0.700000 0.433013 -0.300000
v 0.700000 0.482052 -0.259755
v 0.700000 0.428112 -0.299759
v 0.700000 0.423258 -0.299039
v 0.700000 0.482772 -0.254901
v 0.700000 0.418498 -0.297847
v 0.700000 0.414900 -0.296560
v 0.700000 0.413879 -0.296194
v 0.700000 0.483013 -0.250000
v 0.700000 0.409443 -0.294096
v 0.700000 0.405234 -0.291574
v 0.700000 0.482772 -0.245099
v 0.700000 0.433013 -0.200000
v 0.700000 0.423258 -0.200961
v 0.700000 0.428112 -0.200241
v 0.700000 0.437914 -0.200241
v 0.700000 0.413879 -0.203806
v 0.700000 0.452147 -0.203806
v 0.700000 0.418498 -0.202153
v 0.700000 0.447527 -0.202153
v 0.700000 0.442767 -0.200961
v 0.700000 0.405234 -0.208427
v 0.700000 0.460791 -0.208427
v 0.700000 0.397657 -0.214645
v 0.700000 0.471663 -0.218280
v 0.700000 0.394362 -0.218280
v 0.700000 0.468368 -0.214645
v 0.700000 0.401293 -0.211350
v 0.700000 0.464732 -0.211350
v 0.700000 0.391439 -0.222222
v 0.700000 0.409443 -0.205904
v 0.700000 0.456583 -0.205904
v 0.700000 0.386819 -0.230866
v 0.700000 0.388917 -0.226430
v 0.700000 0.477109 -0.226430
v 0.700000 0.480860 -0.235486
v 0.700000 0.383253 -0.245099
v 0.700000 0.383973 -0.240246
v 0.700000 0.482052 -0.240246
v 0.700000 0.385166 -0.235486
v 0.700000 0.479207 -0.230866
v 0.700000 0.383253 -0.254901
v 0.700000 0.386819 -0.269134
v 0.700000 0.385166 -0.264514
v 0.700000 0.383973 -0.259755
v 0.700000 0.391439 -0.277779
v 0.700000 0.397657 -0.285355
v 0.700000 0.401293 -0.288651
v 0.700000 0.388917 -0.273570
v 0.700000 0.394362 -0.281720
v 0.700000 0.383013 -0.250000
v 0.700000 0.474586 -0.222222
v 0.600000 0.433013 -0.200000
v 0.600000 0.428112 -0.200241
v 0.600000 0.442767 -0.200961
v 0.600000 0.437914 -0.200241
v 0.600000 0.447527 -0.202153
v 0.600000 0.452147 -0.203806
v 0.600000 0.383253 -0.245099
v 0.600000 0.383253 -0.254901
v 0.600000 0.383973 -0.259755
v 0.600000 0.383013 -0.250000
v 0.600000 0.385166 -0.264514
v 0.600000 0.456583 -0.205904
v 0.600000 0.468368 -0.214645
v 0.600000 0.464732 -0.211350
v 0.600000 0.460791 -0.208427
v 0.600000 0.386819 -0.269134
v 0.600000 0.388917 -0.273570
v 0.600000 0.391439 -0.277779
v 0.600000 0.471663 -0.218280
v 0.600000 0.474586 -0.222222
v 0.600000 0.477109 -0.226430
v 0.600000 0.479207 -0.230866
v 0.600000 0.480860 -0.235486
v 0.600000 0.482052 -0.240246
v 0.600000 0.482772 -0.245099
v 0.600000 0.394362 -0.281720
v 0.600000 0.405234 -0.291574
v 0.600000 0.397657 -0.285355
v 0.600000 0.401293 -0.288651
v 0.600000 0.418498 -0.202153
v 0.600000 0.423258 -0.200961
v 0.600000 0.409443 -0.205904
v 0.600000 0.401293 -0.211350
v 0.600000 0.405234 -0.208427
v 0.600000 0.413879 -0.203806
v 0.600000 0.391439 -0.222222
v 0.600000 0.394362 -0.218280
v 0.600000 0.386819 -0.230866
v 0.600000 0.383973 -0.240246
v 0.600000 0.385166 -0.235486
v 0.600000 0.388917 -0.226430
v 0.600000 0.397657 -0.214645
v 0.600000 0.482890 -0.247505
v 0.600000 0.482772 -0.254901
v 0.600000 0.483013 -0.250000
v 0.600000 0.482052 -0.259755
v 0.600000 0.479207 -0.269134
v 0.600000 0.480860 -0.264514
v 0.600000 0.474586 -0.277779
v 0.600000 0.477109 -0.273570
v 0.600000 0.471663 -0.281720
v 0.600000 0.468368 -0.285355
v 0.600000 0.418498 -0.297847
v 0.600000 0.413879 -0.296194
v 0.600000 0.409443 -0.294096
v 0.600000 0.433013 -0.300000
v 0.600000 0.437914 -0.299759
v 0.600000 0.423258 -0.299039
v 0.600000 0.428112 -0.299759
v 0.600000 0.464732 -0.288651
v 0.600000 0.442767 -0.299039
v 0.600000 0.460791 -0.291574
v 0.600000 0.456583 -0.294096
v 0.600000 0.452147 -0.296194
v 0.600000 0.447527 -0.297847
v 0.700000 0.476430 0.044096
v 0.700000 0.468280 0.038651
v 0.700000 0.472221 0.041573
v 0.700000 0.461349 0.031720
v 0.700000 0.453806 0.019134
v 0.700000 0.455904 0.023570
v 0.700000 0.458427 0.027779
v 0.700000 0.464645 0.035355
v 0.700000 0.450961 0.009755
v 0.700000 0.450241 -0.004901
v 0.700000 0.450000 -0.000000
v 0.700000 0.450241 0.004901
v 0.700000 0.452153 -0.014514
v 0.700000 0.455904 -0.023570
v 0.700000 0.450961 -0.009755
v 0.700000 0.453806 -0.019134
v 0.700000 0.452153 0.014514
v 0.700000 0.458427 -0.027779
v 0.700000 0.500000 0.050000
v 0.700000 0.485486 0.047847
v 0.700000 0.490245 0.049039
v 0.700000 0.495099 0.049759
v 0.700000 0.464645 -0.035355
v 0.700000 0.468280 -0.038651
v 0.700000 0.461349 -0.031720
v 0.700000 0.480866 0.046194
v 0.700000 0.504901 0.049759
v 0.700000 0.472221 -0.041573
v 0.700000 0.509755 0.049039
v 0.700000 0.514514 0.047847
v 0.700000 0.519134 0.046194
v 0.700000 0.523570 0.044096
v 0.700000 0.527779 0.041573
v 0.700000 0.480866 -0.046194
v 0.700000 0.485486 -0.047847
v 0.700000 0.476430 -0.044096
v 0.700000 0.531720 0.038651
v 0.700000 0.541573 0.027779
v 0.700000 0.538651 0.031720
v 0.700000 0.535355 0.035355
v 0.700000 0.544096 0.023570
v 0.700000 0.546194 0.019134
v 0.700000 0.490245 -0.049039
v 0.700000 0.500000 -0.050000
v 0.700000 0.495099 -0.049759
v 0.700000 0.504901 -0.049759
v 0.700000 0.547008 0.016861
v 0.700000 0.547847 0.014514
v 0.700000 0.549759 0.004901
v 0.700000 0.549039 0.009755
v 0.700000 0.549759 -0.004901
v 0.700000 0.546194 -0.019134
v 0.700000 0.547847 -0.014514
v 0.700000 0.549039 -0.009755
v 0.700000 0.550000 -0.000000
v 0.700000 0.541573 -0.027779
v 0.700000 0.531720 -0.038651
v 0.700000 0.535355 -0.035355
v 0.700000 0.538651 -0.031720
v 0.700000 0.523570 -0.044096
v 0.700000 0.514514 -0.047847
v 0.700000 0.509755 -0.049039
v 0.700000 0.519134 -0.046194
v 0.700000 0.527779 -0.041573
v 0.700000 0.544096 -0.023570
v 0.600000 0.500000 0.050000
v 0.600000 0.495099 0.049759
v 0.600000 0.504901 0.049759
v 0.600000 0.485486 0.047847
v 0.600000 0.509755 0.049039
v 0.600000 0.490245 0.049039
v 0.600000 0.514514 0.047847
v 0.600000 0.476430 0.044096
v 0.600000 0.519134 0.046194
v 0.600000 0.468280 0.038651
v 0.600000 0.527779 0.041573
v 0.600000 0.472221 0.041573
v 0.600000 0.523570 0.044096
v 0.600000 0.480866 0.046194
v 0.600000 0.531720 0.038651
v 0.600000 0.461349 0.031720
v 0.600000 0.535355 0.035355
v 0.600000 0.455904 0.023570
v 0.600000 0.541573 0.027779
v 0.600000 0.458427 0.027779
v 0.600000 0.538651 0.031720
v 0.600000 0.452153 0.014514
v 0.600000 0.546194 0.019134
v 0.600000 0.549759 0.004901
v 0.600000 0.450241 0.004901
v 0.600000 0.549039 0.009755
v 0.600000 0.450961 0.009755
v 0.600000 0.547847 0.014514
v 0.600000 0.453806 0.019134
v 0.600000 0.544096 0.023570
v 0.600000 0.464645 0.035355
v 0.600000 0.450241 -0.004901
v 0.600000 0.549759 -0.004901
v 0.600000 0.452153 -0.014514
v 0.600000 0.547847 -0.014514
v 0.600000 0.450961 -0.009755
v 0.600000 0.549039 -0.009755
v 0.600000 0.455904 -0.023570
v 0.600000 0.544096 -0.023570
v 0.600000 0.461349 -0.031720
v 0.600000 0.538651 -0.031720
v 0.600000 0.458427 -0.027779
v 0.600000 0.541573 -0.027779
v 0.600000 0.453806 -0.019134
v 0.600000 0.546194 -0.019134
v 0.600000 0.468280 -0.038651
v 0.600000 0.531720 -0.038651
v 0.600000 0.476430 -0.044096
v 0.600000 0.523570 -0.044096
v 0.600000 0.472221 -0.041573
v 0.600000 0.527779 -0.041573
v 0.600000 0.485486 -0.047847
v 0.600000 0.514514 -0.047847
v 0.600000 0.500000 -0.050000
v 0.600000 0.504901 -0.049759
v 0.600000 0.495099 -0.049759
v 0.600000 0.509755 -0.049039
v 0.600000 0.490245 -0.049039
v 0.600000 0.519134 -0.046194
v 0.600000 0.480866 -0.046194
v 0.600000 0.535355 -0.035355
v 0.600000 0.450000 0.000000
v 0.600000 0.464645 -0.035355
v 0.600000 0.550000 0.000000
v 0.700000 0.433013 0.300000
v 0.700000 0.423258 0.299039
v 0.700000 0.428112 0.299759
v 0.700000 0.437914 0.299759
v 0.700000 0.409443 0.294096
v 0.700000 0.413879 0.296194
v 0.700000 0.418498 0.297847
v 0.700000 0.442767 0.299039
v 0.700000 0.401293 0.288650
v 0.700000 0.391439 0.277778
v 0.700000 0.394362 0.281720
v 0.700000 0.397657 0.285355
v 0.700000 0.386819 0.269134
v 0.700000 0.383973 0.259754
v 0.700000 0.383253 0.254901
v 0.700000 0.385166 0.264514
v 0.700000 0.388917 0.273570
v 0.700000 0.383013 0.250000
v 0.700000 0.405234 0.291573
v 0.700000 0.383973 0.240245
v 0.700000 0.383253 0.245099
v 0.700000 0.386819 0.230866
v 0.700000 0.385166 0.235486
v 0.700000 0.394362 0.218280
v 0.700000 0.391439 0.222221
v 0.700000 0.401293 0.211349
v 0.700000 0.397657 0.214645
v 0.700000 0.388917 0.226430
v 0.700000 0.409443 0.205904
v 0.700000 0.418498 0.202153
v 0.700000 0.413879 0.203806
v 0.700000 0.442767 0.200961
v 0.700000 0.433013 0.200000
v 0.700000 0.428112 0.200241
v 0.700000 0.437914 0.200241
v 0.700000 0.423258 0.200961
v 0.700000 0.447527 0.202153
v 0.700000 0.405234 0.208426
v 0.700000 0.452147 0.296194
v 0.700000 0.447527 0.297847
v 0.700000 0.460791 0.291573
v 0.700000 0.468368 0.285355
v 0.700000 0.464732 0.288650
v 0.700000 0.456583 0.294096
v 0.700000 0.468368 0.214645
v 0.700000 0.460791 0.208426
v 0.700000 0.452147 0.203806
v 0.700000 0.456583 0.205904
v 0.700000 0.464732 0.211349
v 0.700000 0.471663 0.281720
v 0.700000 0.474549 0.277829
v 0.700000 0.471663 0.218280
v 0.700000 0.477109 0.273570
v 0.700000 0.474586 0.277778
v 0.700000 0.480860 0.264514
v 0.700000 0.482772 0.254901
v 0.700000 0.482052 0.259754
v 0.700000 0.479207 0.269134
v 0.700000 0.482772 0.245099
v 0.700000 0.480860 0.235486
v 0.700000 0.482052 0.240245
v 0.700000 0.477109 0.226430
v 0.700000 0.474586 0.222221
v 0.700000 0.479207 0.230866
v 0.700000 0.483013 0.250000
v 0.600000 0.394362 0.218280
v 0.600000 0.391692 0.221880
v 0.600000 0.401293 0.211349
v 0.600000 0.397657 0.214645
v 0.600000 0.409443 0.205904
v 0.600000 0.419705 0.201851
v 0.600000 0.418498 0.202153
v 0.600000 0.405234 0.208426
v 0.600000 0.413879 0.203806
v 0.600000 0.391439 0.222221
v 0.600000 0.423258 0.200961
v 0.600000 0.388917 0.226430
v 0.600000 0.386819 0.230866
v 0.600000 0.428112 0.200241
v 0.600000 0.385166 0.235486
v 0.600000 0.433013 0.300000
v 0.600000 0.423258 0.299039
v 0.600000 0.428112 0.299759
v 0.600000 0.437914 0.299759
v 0.600000 0.442767 0.299039
v 0.600000 0.418498 0.297847
v 0.600000 0.447527 0.297847
v 0.600000 0.413879 0.296194
v 0.600000 0.452147 0.296194
v 0.600000 0.409443 0.294096
v 0.600000 0.456583 0.294096
v 0.600000 0.405234 0.291573
v 0.600000 0.460791 0.291573
v 0.600000 0.401293 0.288650
v 0.600000 0.464732 0.288650
v 0.600000 0.394362 0.281720
v 0.600000 0.471663 0.281720
v 0.600000 0.391439 0.277778
v 0.600000 0.474586 0.277778
v 0.600000 0.397657 0.285355
v 0.600000 0.468368 0.285355
v 0.600000 0.388917 0.273570
v 0.600000 0.477109 0.273570
v 0.600000 0.386819 0.269134
v 0.600000 0.479207 0.269134
v 0.600000 0.385166 0.264514
v 0.600000 0.480860 0.264514
v 0.600000 0.383253 0.254901
v 0.600000 0.483013 0.250000
v 0.600000 0.482772 0.245099
v 0.600000 0.482772 0.254901
v 0.600000 0.383973 0.259754
v 0.600000 0.482052 0.259754
v 0.600000 0.480860 0.235486
v 0.600000 0.479207 0.230866
v 0.600000 0.474586 0.222221
v 0.600000 0.471663 0.218280
v 0.600000 0.477109 0.226430
v 0.600000 0.464732 0.211349
v 0.600000 0.460791 0.208426
v 0.600000 0.452147 0.203806
v 0.600000 0.447527 0.202153
v 0.600000 0.456583 0.205904
v 0.600000 0.468368 0.214645
v 0.600000 0.482052 0.240245
v 0.600000 0.433013 0.200000
v 0.600000 0.383973 0.240245
v 0.600000 0.437914 0.200241
v 0.600000 0.383253 0.245099
v 0.600000 0.442767 0.200961
v 0.600000 0.383013 0.250000
v 0.700000 0.250000 0.483013
v 0.700000 0.245099 0.482772
v 0.700000 0.254901 0.482772
v 0.700000 0.235486 0.480860
v 0.700000 0.267633 0.479744
v 0.700000 0.264514 0.480860
v 0.700000 0.240245 0.482052
v 0.700000 0.259755 0.482052
v 0.700000 0.226430 0.477109
v 0.700000 0.273570 0.477109
v 0.700000 0.218280 0.471663
v 0.700000 0.222221 0.474586
v 0.700000 0.277779 0.474586
v 0.700000 0.230866 0.479207
v 0.700000 0.269134 0.479207
v 0.700000 0.281720 0.471663
v 0.700000 0.211349 0.464732
v 0.700000 0.285355 0.468368
v 0.700000 0.205904 0.456582
v 0.700000 0.291573 0.460791
v 0.700000 0.208427 0.460791
v 0.700000 0.288651 0.464732
v 0.700000 0.202153 0.447527
v 0.700000 0.296194 0.452147
v 0.700000 0.299759 0.437914
v 0.700000 0.200241 0.437914
v 0.700000 0.299039 0.442767
v 0.700000 0.200961 0.442767
v 0.700000 0.297847 0.447527
v 0.700000 0.203806 0.452147
v 0.700000 0.294096 0.456582
v 0.700000 0.214645 0.468368
v 0.700000 0.200241 0.428112
v 0.700000 0.299759 0.428112
v 0.700000 0.202153 0.418498
v 0.700000 0.297847 0.418498
v 0.700000 0.200961 0.423258
v 0.700000 0.299039 0.423258
v 0.700000 0.205904 0.409443
v 0.700000 0.294096 0.409443
v 0.700000 0.211349 0.401293
v 0.700000 0.288651 0.401293
v 0.700000 0.208427 0.405234
v 0.700000 0.291573 0.405234
v 0.700000 0.203806 0.413879
v 0.700000 0.296194 0.413879
v 0.700000 0.218280 0.394362
v 0.700000 0.281720 0.394362
v 0.700000 0.226430 0.388917
v 0.700000 0.273570 0.388917
v 0.700000 0.222221 0.391439
v 0.700000 0.277779 0.391439
v 0.700000 0.235486 0.385166
v 0.700000 0.264514 0.385166
v 0.700000 0.250000 0.383013
v 0.700000 0.254901 0.383253
v 0.700000 0.245099 0.383253
v 0.700000 0.259755 0.383973
v 0.700000 0.240245 0.383973
v 0.700000 0.269134 0.386819
v 0.700000 0.230866 0.386819
v 0.700000 0.285355 0.397657
v 0.700000 0.214645 0.397657
v 0.700000 0.300000 0.433013
v 0.700000 0.200000 0.433013
v 0.600000 0.245099 0.482772
v 0.600000 0.250000 0.483013
v 0.600000 0.259755 0.482052
v 0.600000 0.240245 0.482052
v 0.600000 0.254901 0.482772
v 0.600000 0.264514 0.480860
v 0.600000 0.235486 0.480860
v 0.600000 0.230866 0.479207
v 0.600000 0.269134 0.479207
v 0.600000 0.273570 0.477109
v 0.600000 0.222221 0.474586
v 0.600000 0.226430 0.477109
v 0.600000 0.277779 0.474586
v 0.600000 0.281720 0.471663
v 0.600000 0.211349 0.464732
v 0.600000 0.214645 0.468368
v 0.600000 0.285355 0.468368
v 0.600000 0.218280 0.471663
v 0.600000 0.288651 0.464732
v 0.600000 0.291573 0.460791
v 0.600000 0.203806 0.452147
v 0.600000 0.205904 0.456582
v 0.600000 0.294096 0.456582
v 0.600000 0.297847 0.447527
v 0.600000 0.200241 0.437914
v 0.600000 0.200961 0.442767
v 0.600000 0.299039 0.442767
v 0.600000 0.202153 0.447527
v 0.600000 0.296194 0.452147
v 0.600000 0.208427 0.460791
v 0.600000 0.299759 0.437914
v 0.600000 0.300000 0.433013
v 0.600000 0.200961 0.423258
v 0.600000 0.200241 0.428112
v 0.600000 0.299759 0.428112
v 0.600000 0.297847 0.418498
v 0.600000 0.205904 0.409443
v 0.600000 0.203806 0.413879
v 0.600000 0.296194 0.413879
v 0.600000 0.202153 0.418498
v 0.600000 0.299039 0.423258
v 0.600000 0.291573 0.405234
v 0.600000 0.281720 0.394362
v 0.600000 0.285355 0.397657
v 0.600000 0.288651 0.401293
v 0.600000 0.269134 0.386819
v 0.600000 0.273570 0.388917
v 0.600000 0.259755 0.383973
v 0.600000 0.264514 0.385166
v 0.600000 0.277779 0.391439
v 0.600000 0.208427 0.405234
v 0.600000 0.294096 0.409443
v 0.600000 0.200000 0.433013
v 0.600000 0.254901 0.383253
v 0.600000 0.211349 0.401293
v 0.600000 0.250000 0.383013
v 0.600000 0.214645 0.397657
v 0.600000 0.245099 0.383253
v 0.600000 0.218280 0.394362
v 0.600000 0.235486 0.385166
v 0.600000 0.240245 0.383973
v 0.600000 0.226430 0.388917
v 0.600000 0.222221 0.391439
v 0.600000 0.230866 0.386819
v -1.620000 0.450000 0.000000
v -1.440000 0.450000 -0.000000
v -1.620000 0.447833 -0.044108
v -1.440000 0.447833 -0.044108
v -1.620000 0.441353 -0.087791
v -1.440000 0.441353 -0.087791
v -1.620000 0.430623 -0.130628
v -1.440000 0.430623 -0.130628
v -1.620000 0.415746 -0.172208
v -1.440000 0.415746 -0.172208
v -1.620000 0.396865 -0.212129
v -1.440000 0.396865 -0.212129
v -1.620000 0.374161 -0.250007
v -1.440000 0.374161 -0.250007
v -1.620000 0.347855 -0.285477
v -1.440000 0.347855 -0.285477
v -1.620000 0.318198 -0.318198
v -1.440000 0.318198 -0.318198
v -1.620000 0.285477 -0.347855
v -1.440000 0.285477 -0.347855
v -1.620000 0.250007 -0.374161
v -1.440000 0.250007 -0.374161
v -1.620000 0.212129 -0.396865
v -1.440000 0.212129 -0.396865
v -1.620000 0.172208 -0.415746
v -1.440000 0.172208 -0.415746
v -1.620000 0.130628 -0.430623
v -1.440000 0.130628 -0.430623
v -1.620000 0.087791 -0.441353
v -1.440000 0.087791 -0.441353
v -1.620000 0.044108 -0.447833
v -1.440000 0.044108 -0.447833
v -1.620000 0.000000 -0.450000
v -1.440000 0.000000 -0.450000
v -1.620000 -0.044108 -0.447833
v -1.440000 -0.044108 -0.447833
v -1.620000 -0.087791 -0.441353
v -1.440000 -0.087791 -0.441353
v -1.620000 -0.130628 -0.430623
v -1.440000 -0.130628 -0.430623
v -1.620000 -0.172208 -0.415746
v -1.440000 -0.172208 -0.415746
v -1.620000 -0.212129 -0.396865
v -1.440000 -0.212129 -0.396865
v -1.620000 -0.250007 -0.374161
v -1.440000 -0.250007 -0.374161
v -1.620000 -0.285477 -0.347855
v -1.440000 -0.285477 -0.347855
v -1.620000 -0.318198 -0.318198
v -1.440000 -0.318198 -0.318198
v -1.620000 -0.347855 -0.285477
v -1.440000 -0.347855 -0.285477
v -1.620000 -0.374161 -0.250007
v -1.440000 -0.374161 -0.250007
v -1.620000 -0.396865 -0.212129
v -1.440000 -0.396865 -0.212129
v -1.620000 -0.415746 -0.172208
v -1.440000 -0.415746 -0.172208
v -1.620000 -0.430623 -0.130628
v -1.440000 -0.430623 -0.130628
v -1.620000 -0.441353 -0.087791
v -1.440000 -0.441353 -0.087791
v -1.620000 -0.447833 -0.044108
v -1.440000 -0.447833 -0.044108
v -1.620000 -0.450000 0.000000
v -1.440000 -0.450000 -0.000000
v -1.620000 -0.447833 0.044108
v -1.440000 -0.447833 0.044108
v -1.620000 -0.441353 0.087791
v -1.440000 -0.441353 0.087791
v -1.620000 -0.430623 0.130628
v -1.440000 -0.430623 0.130628
v -1.620000 -0.415746 0.172208
v -1.440000 -0.415746 0.172208
v -1.620000 -0.396865 0.212129
v -1.440000 -0.396865 0.212129
v -1.620000 -0.374161 0.250007
v -1.440000 -0.374161 0.250007
v -1.620000 -0.347855 0.285477
v -1.440000 -0.347855 0.285477
v -1.620000 -0.318198 0.318198
v -1.440000 -0.318198 0.318198
v -1.620000 -0.285477 0.347855
v -1.440000 -0.285477 0.347855
v -1.620000 -0.250007 0.374161
v -1.440000 -0.250007 0.374161
v -1.620000 -0.212129 0.396865
v -1.440000 -0.212129 0.396865
v -1.620000 -0.172208 0.415746
v -1.440000 -0.172208 0.415746
v -1.620000 -0.130628 0.430623
v -1.440000 -0.130628 0.430623
v -1.620000 -0.087791 0.441353
v -1.440000 -0.087791 0.441353
v -1.620000 -0.044108 0.447833
v -1.440000 -0.044108 0.447833
v -1.620000 0.000000 0.450000
v -1.440000 0.000000 0.450000
v -1.620000 0.044108 0.447833
v -1.440000 0.044108 0.447833
v -1.620000 0.087791 0.441353
v -1.440000 0.087791 0.441353
v -1.620000 0.130628 0.430623
v -1.440000 0.130628 0.430623
v -1.620000 0.172208 0.415746
v -1.440000 0.172208 0.415746
v -1.620000 0.212129 0.396865
v -1.440000 0.212129 0.396865
v -1.620000 0.250007 0.374161
v -1.440000 0.250007 0.374161
v -1.620000 0.285477 0.347855
v -1.440000 0.285477 0.347855
v -1.620000 0.318198 0.318198
v -1.440000 0.318198 0.318198
v -1.620000 0.347855 0.285477
v -1.440000 0.347855 0.285477
v -1.620000 0.374161 0.250007
v -1.440000 0.374161 0.250007
v -1.620000 0.396865 0.212129
v -1.440000 0.396865 0.212129
v -1.620000 0.415746 0.172208
v -1.440000 0.415746 0.172208
v -1.620000 0.430623 0.130628
v -1.440000 0.430623 0.130628
v -1.620000 0.441353 0.087791
v -1.440000 0.441353 0.087791
v -1.620000 0.447833 0.044108
v -1.440000 0.447833 0.044108
v -1.520000 0.401888 0.166467
v -1.520000 0.416269 0.126274
v -1.520000 0.435000 -0.000000
v -1.520000 0.432905 0.042637
v -1.520000 0.426642 0.084864
v -1.520000 0.166467 0.401888
v -1.520000 0.205058 0.383636
v -1.520000 0.307591 0.307591
v -1.520000 0.275961 0.336260
v -1.520000 0.241673 0.361689
v -1.520000 0.000000 0.435000
v -1.520000 -0.042637 0.432905
v -1.520000 -0.166467 0.401888
v -1.520000 -0.126274 0.416269
v -1.520000 -0.084864 0.426642
v -1.520000 -0.307591 0.307591
v -1.520000 -0.336260 0.275961
v -1.520000 -0.401888 0.166467
v -1.520000 -0.383636 0.205058
v -1.520000 -0.361689 0.241673
v -1.520000 -0.435000 -0.000000
v -1.520000 -0.432905 -0.042637
v -1.520000 -0.416269 -0.126274
v -1.520000 -0.401888 -0.166467
v -1.520000 -0.426642 -0.084864
v -1.520000 -0.307591 -0.307591
v -1.520000 -0.275961 -0.336260
v -1.520000 -0.205058 -0.383636
v -1.520000 -0.166467 -0.401888
v -1.520000 -0.241673 -0.361689
v -1.520000 0.166467 -0.401888
v -1.520000 0.126274 -0.416269
v -1.520000 0.042637 -0.432905
v -1.520000 0.000000 -0.435000
v -1.520000 0.084864 -0.426642
v -1.520000 0.401888 -0.166467
v -1.520000 0.383636 -0.205058
v -1.520000 0.336260 -0.275961
v -1.520000 0.307591 -0.307591
v -1.520000 0.361689 -0.241673
v -1.520000 0.126274 0.416269
v -1.520000 0.336260 0.275961
v -1.520000 0.383636 0.205058
v -1.520000 0.432905 -0.042637
v -1.520000 0.361689 0.241673
v -1.520000 0.042637 0.432905
v -1.520000 -0.205058 0.383636
v -1.520000 -0.275961 0.336260
v -1.520000 -0.241673 0.361689
v -1.520000 -0.416269 0.126274
v -1.520000 -0.432905 0.042637
v -1.520000 -0.383636 -0.205058
v -1.520000 -0.336260 -0.275961
v -1.520000 -0.361689 -0.241673
v -1.520000 -0.126274 -0.416269
v -1.520000 0.416269 -0.126274
v -1.520000 0.275961 -0.336260
v -1.520000 0.205058 -0.383636
v -1.520000 -0.042637 -0.432905
v -1.520000 0.241673 -0.361689
v -1.520000 0.084864 0.426642
v -1.520000 -0.426642 0.084864
v -1.520000 0.426642 -0.084864
v -1.520000 -0.084864 -0.426642
v -1.540000 0.432905 -0.042637
v -1.540000 0.426642 -0.084864
v -1.540000 0.401888 -0.166467
v -1.540000 0.383636 -0.205058
v -1.540000 0.416269 -0.126274
v -1.540000 0.275961 -0.336260
v -1.540000 0.241673 -0.361689
v -1.540000 0.166467 -0.401888
v -1.540000 0.126274 -0.416269
v -1.540000 0.205058 -0.383636
v -1.540000 -0.205058 -0.383636
v -1.540000 -0.166467 -0.401888
v -1.540000 -0.084864 -0.426642
v -1.540000 -0.042637 -0.432905
v -1.540000 -0.126274 -0.416269
v -1.540000 -0.416269 -0.126274
v -1.540000 -0.401888 -0.166467
v -1.540000 -0.361689 -0.241673
v -1.540000 -0.336260 -0.275961
v -1.540000 -0.383636 -0.205058
v -1.540000 -0.383636 0.205058
v -1.540000 -0.401888 0.166467
v -1.540000 -0.432905 0.042637
v -1.540000 -0.426642 0.084864
v -1.540000 -0.416269 0.126274
v -1.540000 -0.126274 0.416269
v -1.540000 -0.166467 0.401888
v -1.540000 -0.275961 0.336260
v -1.540000 -0.241673 0.361689
v -1.540000 -0.205058 0.383636
v -1.540000 0.084864 0.426642
v -1.540000 0.042637 0.432905
v -1.540000 0.205058 0.383636
v -1.540000 0.166467 0.401888
v -1.540000 0.126274 0.416269
v -1.540000 0.336260 0.275961
v -1.540000 0.361689 0.241673
v -1.540000 0.416269 0.126274
v -1.540000 0.401888 0.166467
v -1.540000 0.383636 0.205058
v -1.540000 0.435000 0.000000
v -1.540000 0.361689 -0.241673
v -1.540000 0.307591 -0.307591
v -1.540000 0.084864 -0.426642
v -1.540000 0.336260 -0.275961
v -1.540000 -0.426642 -0.084864
v -1.540000 -0.307591 -0.307591
v -1.540000 -0.241673 -0.361689
v -1.540000 -0.275961 -0.336260
v -1.540000 0.000000 -0.435000
v -1.540000 -0.084864 0.426642
v -1.540000 -0.307591 0.307591
v -1.540000 -0.361689 0.241673
v -1.540000 -0.336260 0.275961
v -1.540000 -0.435000 0.000000
v -1.540000 0.000000 0.435000
v -1.540000 0.241673 0.361689
v -1.540000 0.307591 0.307591
v -1.540000 0.426642 0.084864
v -1.540000 0.275961 0.336260
v -1.540000 0.042637 -0.432905
v -1.540000 -0.432905 -0.042637
v -1.540000 -0.042637 0.432905
v -1.540000 0.432905 0.042637
v -1.540000 0.450000 0.000000
v -1.520000 0.450000 -0.000000
v -1.540000 0.447833 -0.044108
v -1.520000 0.447833 -0.044108
v -1.540000 0.441353 -0.087791
v -1.520000 0.441353 -0.087791
v -1.540000 0.430623 -0.130628
v -1.520000 0.430623 -0.130628
v -1.540000 0.415746 -0.172208
v -1.520000 0.415746 -0.172208
v -1.540000 0.396865 -0.212129
v -1.520000 0.396865 -0.212129
v -1.540000 0.374161 -0.250007
v -1.520000 0.374161 -0.250007
v -1.520000 0.374161 -0.250007
v -1.540000 0.347855 -0.285477
v -1.520000 0.347855 -0.285477
v -1.540000 0.347855 -0.285477
v -1.540000 0.318198 -0.318198
v -1.520000 0.318198 -0.318198
v -1.540000 0.285477 -0.347855
v -1.520000 0.285477 -0.347855
v -1.540000 0.250007 -0.374161
v -1.520000 0.250007 -0.374161
v -1.540000 0.212129 -0.396865
v -1.520000 0.212129 -0.396865
v -1.540000 0.172208 -0.415746
v -1.520000 0.172208 -0.415746
v -1.540000 0.130628 -0.430623
v -1.520000 0.130628 -0.430623
v -1.540000 0.087791 -0.441353
v -1.520000 0.087791 -0.441353
v -1.540000 0.044108 -0.447833
v -1.520000 0.044108 -0.447833
v -1.540000 0.000000 -0.450000
v -1.520000 0.000000 -0.450000
v -1.540000 -0.044108 -0.447833
v -1.520000 -0.044108 -0.447833
v -1.540000 -0.087791 -0.441353
v -1.520000 -0.087791 -0.441353
v -1.540000 -0.130628 -0.430623
v -1.520000 -0.130628 -0.430623
v -1.540000 -0.172208 -0.415746
v -1.520000 -0.172208 -0.415746
v -1.540000 -0.212129 -0.396865
v -1.520000 -0.212129 -0.396865
v -1.540000 -0.250007 -0.374161
v -1.520000 -0.250007 -0.374161
v -1.540000 -0.285477 -0.347855
v -1.520000 -0.285477 -0.347855
v -1.540000 -0.318198 -0.318198
v -1.520000 -0.318198 -0.318198
v -1.540000 -0.347855 -0.285477
v -1.520000 -0.347855 -0.285477
v -1.540000 -0.374161 -0.250007
v -1.520000 -0.374161 -0.250007
v -1.520000 -0.374161 -0.250007
v -1.540000 -0.396865 -0.212129
v -1.520000 -0.396865 -0.212129
v -1.540000 -0.415746 -0.172208
v -1.520000 -0.415746 -0.172208
v -1.540000 -0.430623 -0.130628
v -1.520000 -0.430623 -0.130628
v -1.540000 -0.441353 -0.087791
v -1.520000 -0.441353 -0.087791
v -1.540000 -0.447833 -0.044108
v -1.520000 -0.447833 -0.044108
v -1.540000 -0.450000 0.000000
v -1.520000 -0.450000 -0.000000
v -1.540000 -0.447833 0.044108
v -1.520000 -0.447833 0.044108
v -1.540000 -0.441353 0.087791
v -1.520000 -0.441353 0.087791
v -1.540000 -0.430623 0.130628
v -1.520000 -0.430623 0.130628
v -1.540000 -0.415746 0.172208
v -1.520000 -0.415746 0.172208
v -1.540000 -0.396865 0.212129
v -1.520000 -0.396865 0.212129
v -1.540000 -0.374161 0.250007
v -1.520000 -0.374161 0.250007
v -1.540000 -0.347855 0.285477
v -1.520000 -0.347855 0.285477
v -1.540000 -0.347855 0.285477
v -1.540000 -0.318198 0.318198
v -1.520000 -0.318198 0.318198
v -1.540000 -0.285477 0.347855
v -1.520000 -0.285477 0.347855
v -1.540000 -0.250007 0.374161
v -1.520000 -0.250007 0.374161
v -1.540000 -0.212129 0.396865
v -1.520000 -0.212129 0.396865
v -1.540000 -0.172208 0.415746
v -1.520000 -0.172208 0.415746
v -1.540000 -0.130628 0.430623
v -1.520000 -0.130628 0.430623
v -1.540000 -0.087791 0.441353
v -1.520000 -0.087791 0.441353
v -1.540000 -0.044108 0.447833
v -1.520000 -0.044108 0.447833
v -1.540000 0.000000 0.450000
v -1.520000 0.000000 0.450000
v -1.540000 0.044108 0.447833
v -1.520000 0.044108 0.447833
v -1.540000 0.087791 0.441353
v -1.520000 0.087791 0.441353
v -1.540000 0.130628 0.430623
v -1.520000 0.130628 0.430623
v -1.540000 0.172208 0.415746
v -1.520000 0.172208 0.415746
v -1.540000 0.212129 0.396865
v -1.520000 0.212129 0.396865
v -1.540000 0.250007 0.374161
v -1.520000 0.250007 0.374161
v -1.540000 0.285477 0.347855
v -1.520000 0.285477 0.347855
v -1.540000 0.318198 0.318198
v -1.520000 0.318198 0.318198
v -1.540000 0.347855 0.285477
v -1.520000 0.347855 0.285477
v -1.540000 0.374161 0.250007
v -1.520000 0.374161 0.250007
v -1.540000 0.396865 0.212129
v -1.520000 0.396865 0.212129
v -1.540000 0.415746 0.172208
v -1.520000 0.415746 0.172208
v -1.540000 0.430623 0.130628
v -1.520000 0.430623 0.130628
v -1.540000 0.441353 0.087791
v -1.520000 0.441353 0.087791
v -1.540000 0.447833 0.044108
v -1.520000 0.447833 0.044108
vn -0.0000 0.9988 -0.0491
vn -0.0000 0.9892 -0.1467
vn -0.0000 0.9700 -0.2430
vn -0.0000 0.9415 -0.3369
vn -0.0000 0.9040 -0.4276
vn -0.0000 0.8577 -0.5141
vn -0.0000 0.8032 -0.5957
vn -0.0000 0.7410 -0.6716
vn -0.0000 0.6716 -0.7410
vn -0.0000 0.5957 -0.8032
vn -0.0000 0.5141 -0.8577
vn -0.0000 0.4276 -0.9040
vn -0.0000 0.3369 -0.9415
vn -0.0000 0.2430 -0.9700
vn -0.0000 0.1467 -0.9892
vn -0.0000 0.0491 -0.9988
vn -0.0000 -0.0491 -0.9988
vn -0.0000 -0.1467 -0.9892
vn -0.0000 -0.2430 -0.9700
vn -0.0000 -0.3369 -0.9415
vn -0.0000 -0.4276 -0.9040
vn -0.0000 -0.5141 -0.8577
vn -0.0000 -0.5957 -0.8032
vn -0.0000 -0.6716 -0.7410
vn -0.0000 -0.7410 -0.6716
vn -0.0000 -0.8032 -0.5957
vn -0.0000 -0.8577 -0.5141
vn -0.0000 -0.9040 -0.4276
vn -0.0000 -0.9415 -0.3369
vn -0.0000 -0.9700 -0.2430
vn -0.0000 -0.9892 -0.1467
vn -0.0000 -0.9988 -0.0491
vn -0.0000 -0.9988 0.0491
vn -0.0000 -0.9892 0.1467
vn -0.0000 -0.9700 0.2430
vn -0.0000 -0.9415 0.3369
vn -0.0000 -0.9040 0.4276
vn -0.0000 -0.8577 0.5141
vn -0.0000 -0.8032 0.5957
vn -0.0000 -0.7410 0.6716
vn -0.0000 -0.6716 0.7410
vn -0.0000 -0.5957 0.8032
vn -0.0000 -0.5141 0.8577
vn -0.0000 -0.4276 0.9040
vn -0.0000 -0.3369 0.9415
vn -0.0000 -0.2430 0.9700
vn -0.0000 -0.1467 0.9892
vn -0.0000 -0.0491 0.9988
vn -0.0000 0.0491 0.9988
vn -0.0000 0.1467 0.9892
vn -0.0000 0.2430 0.9700
vn -0.0000 0.3369 0.9415
vn -0.0000 0.4276 0.9040
vn -0.0000 0.5141 0.8577
vn -0.0000 0.5957 0.8032
vn -0.0000 0.6716 0.7410
vn -0.0000 0.7410 0.6716
vn -0.0000 0.8032 0.5957
vn -0.0000 0.8577 0.5141
vn -0.0000 0.9040 0.4276
vn -0.0000 0.9415 0.3369
vn -0.0000 0.9700 0.2430
vn 1.0000 -0.0000 -0.0000
vn -0.0000 0.9892 0.1467
vn -0.0000 0.9988 0.0491
vn -1.0000 -0.0000 -0.0000
vn -0.0000 0.7409 0.6716
vn -0.0000 0.8660 -0.5000
vn -0.0000 -0.0000 -1.0000
vn -0.0000 -0.8660 -0.5000
vn -0.0000 -0.8660 0.5000
vn -0.0000 -0.0000 1.0000
vn -0.0000 0.8660 0.5000
vn -0.0000 -0.7409 0.6716
vn -0.0000 -0.6716 0.7409
vn -0.0000 0.7409 -0.6716
vn -0.0000 0.4275 -0.9040
vn -0.0000 -0.0490 -0.9988
vn -0.0000 -0.3369 -0.9416
vn -0.0000 -0.6716 -0.7409
vn -0.0000 -0.7410 -0.6715
vn -0.0000 -0.4275 0.9040
vn -0.0000 0.6716 0.7409
vn -0.0000 -0.7409 -0.6716
vn -0.0000 0.6716 -0.7409
vn -0.0000 0.3369 0.9416
vn -1.0000 -0.0000 0.0003
vn -1.0000 -0.0000 0.0001
vn 1.0000 -0.0000 -0.0001
vn 1.0000 -0.0000 0.0001
vn -1.0000 -0.0000 -0.0001
vn 1.0000 -0.0000 -0.0002
vn 1.0000 -0.0000 0.0005
vn 1.0000 -0.0000 0.0004
vn 1.0000 -0.0000 0.0003
vn 1.0000 -0.0000 -0.0006
vn 1.0000 -0.0000 -0.0004
vn -1.0000 -0.0000 -0.0002
vn -1.0000 -0.0000 0.0002
vn -1.0000 -0.0000 0.0007
vn -1.0000 -0.0000 -0.0004
vn -1.0000 -0.0000 -0.0003
vn -0.0000 0.7410 -0.6715
vn -0.0000 0.3369 -0.9416
vn -0.0000 0.0490 -0.9988
vn -0.0000 -0.4275 -0.9040
vn -0.0000 0.4275 0.9040
vn -0.0000 0.1530 -0.9882
vn -0.0000 -0.3369 0.9416
vn -0.0000 -0.8031 -0.5958
vn -1.0000 -0.0000 -0.0007
vn 1.0000 -0.0000 0.0002
vn 1.0000 -0.0000 -0.0003
s 0
usemtl pipe_steel
f 2//1 3//1 1//1
f 4//2 5//2 3//2
f 6//3 7//3 5//3
f 8//4 9//4 7//4
f 10//5 11//5 9//5
f 12//6 13//6 11//6
f 14//7 15//7 13//7
f 16//8 17//8 15//8
f 18//9 19//9 17//9
f 20//10 21//10 19//10
f 22//11 23//11 21//11
f 24//12 25//12 23//12
f 26//13 27//13 25//13
f 28//14 29//14 27//14
f 30//15 31//15 29//15
f 32//16 33//16 31//16
f 34//17 35//17 33//17
f 36//18 37//18 35//18
f 38//19 39//19 37//19
f 40//20 41//20 39//20
f 42//21 43//21 41//21
f 44//22 45//22 43//22
f 46//23 47//23 45//23
f 48//24 49//24 47//24
f 50//25 51//25 49//25
f 52//26 53//26 51//26
f 54//27 55//27 53//27
f 56//28 57//28 55//28
f 58//29 59//29 57//29
f 60//30 61//30 59//30
f 62//31 63//31 61//31
f 64//32 65//32 63//32
f 66//33 67//33 65//33
f 68//34 69//34 67//34
f 70//35 71//35 69//35
f 72//36 73//36 71//36
f 74//37 75//37 73//37
f 76//38 77//38 75//38
f 78//39 79//39 77//39
f 80//40 81//40 79//40
f 82//41 83//41 81//41
f 84//42 85//42 83//42
f 86//43 87//43 85//43
f 88//44 89//44 87//44
f 90//45 91//45 89//45
f 92//46 93//46 91//46
f 94//47 95//47 93//47
f 96//48 97//48 95//48
f 98//49 99//49 97//49
f 100//50 101//50 99//50
f 102//51 103//51 101//51
f 104//52 105//52 103//52
f 106//53 107//53 105//53
f 108//54 109//54 107//54
f 110//55 111//55 109//55
f 112//56 113//56 111//56
f 114//57 115//57 113//57
f 116//58 117//58 115//58
f 118//59 119//59 117//59
f 120//60 121//60 119//60
f 122//61 123//61 121//61
f 124//62 125//62 123//62
f 70//63 38//63 6//63
f 126//64 127//64 125//64
f 128//65 1//65 127//65
f 63//66 95//66 127//66
f 130//1 131//1 129//1
f 132//2 133//2 131//2
f 134//3 135//3 133//3
f 136//4 137//4 135//4
f 138//5 139//5 137//5
f 140//6 141//6 139//6
f 142//7 143//7 141//7
f 144//8 145//8 143//8
f 146//9 147//9 145//9
f 148//10 149//10 147//10
f 150//11 151//11 149//11
f 152//12 153//12 151//12
f 154//13 155//13 153//13
f 156//14 157//14 155//14
f 158//15 159//15 157//15
f 160//16 161//16 159//16
f 162//17 163//17 161//17
f 164//18 165//18 163//18
f 166//19 167//19 165//19
f 168//20 169//20 167//20
f 170//21 171//21 169//21
f 172//22 173//22 171//22
f 174//23 175//23 173//23
f 176//24 177//24 175//24
f 178//25 179//25 177//25
f 180//26 181//26 179//26
f 182//27 183//27 181//27
f 184//28 185//28 183//28
f 186//29 187//29 185//29
f 188//30 189//30 187//30
f 190//31 191//31 189//31
f 192//32 193//32 191//32
f 194//33 195//33 193//33
f 196//34 197//34 195//34
f 198//35 199//35 197//35
f 200//36 201//36 199//36
f 202//37 203//37 201//37
f 204//38 205//38 203//38
f 206//39 207//39 205//39
f 208//40 209//40 207//40
f 210//41 211//41 209//41
f 212//42 213//42 211//42
f 214//43 215//43 213//43
f 216//44 217//44 215//44
f 218//45 219//45 217//45
f 220//46 221//46 219//46
f 222//47 223//47 221//47
f 224//48 225//48 223//48
f 226//49 227//49 225//49
f 228//50 229//50 227//50
f 230//51 231//51 229//51
f 232//52 233//52 231//52
f 234//53 235//53 233//53
f 236//54 237//54 235//54
f 238//55 239//55 237//55
f 240//56 241//56 239//56
f 242//67 243//67 241//67
f 244//58 245//58 243//58
f 246//59 247//59 245//59
f 248//60 249//60 247//60
f 250//61 251//61 249//61
f 252//62 253//62 251//62
f 198//63 166//63 134//63
f 254//64 255//64 253//64
f 256//65 129//65 255//65
f 191//66 223//66 255//66
f 258//1 259//1 257//1
f 260//2 261//2 259//2
f 262//3 263//3 261//3
f 264//4 265//4 263//4
f 266//5 267//5 265//5
f 268//6 269//6 267//6
f 270//7 271//7 269//7
f 272//8 273//8 271//8
f 274//9 275//9 273//9
f 276//10 277//10 275//10
f 278//11 279//11 277//11
f 280//12 281//12 279//12
f 282//13 283//13 281//13
f 284//14 285//14 283//14
f 286//15 287//15 285//15
f 288//16 289//16 287//16
f 290//17 291//17 289//17
f 292//18 293//18 291//18
f 294//19 295//19 293//19
f 296//20 297//20 295//20
f 298//21 299//21 297//21
f 300//22 301//22 299//22
f 302//23 303//23 301//23
f 304//24 305//24 303//24
f 306//25 307//25 305//25
f 308//26 309//26 307//26
f 310//27 311//27 309//27
f 312//28 313//28 311//28
f 314//29 315//29 313//29
f 316//30 317//30 315//30
f 318//31 319//31 317//31
f 320//32 321//32 319//32
f 322//33 323//33 321//33
f 324//34 325//34 323//34
f 326//35 327//35 325//35
f 328//36 329//36 327//36
f 330//37 331//37 329//37
f 332//38 333//38 331//38
f 334//39 335//39 333//39
f 336//40 337//40 335//40
f 338//41 339//41 337//41
f 340//42 341//42 339//42
f 342//43 343//43 341//43
f 344//44 345//44 343//44
f 346//45 347//45 345//45
f 348//46 349//46 347//46
f 350//47 351//47 349//47
f 352//48 353//48 351//48
f 354//49 355//49 353//49
f 356//50 357//50 355//50
f 358//51 359//51 357//51
f 360//52 361//52 359//52
f 362//53 363//53 361//53
f 364//54 365//54 363//54
f 366//55 367//55 365//55
f 368//56 369//56 367//56
f 370//57 371//57 369//57
f 372//58 373//58 371//58
f 374//59 375//59 373//59
f 376//60 377//60 375//60
f 378//61 379//61 377//61
f 380//62 381//62 379//62
f 326//63 294//63 262//63
f 382//64 383//64 381//64
f 384//65 257//65 383//65
f 319//66 351//66 383//66
f 386//1 387//1 385//1
f 388//2 389//2 387//2
f 390//3 391//3 389//3
f 392//4 393//4 391//4
f 394//5 395//5 393//5
f 396//6 397//6 395//6
f 398//7 399//7 397//7
f 400//8 401//8 399//8
f 402//9 403//9 401//9
f 404//10 405//10 403//10
f 406//11 407//11 405//11
f 408//12 409//12 407//12
f 410//13 411//13 409//13
f 412//14 413//14 411//14
f 414//15 415//15 413//15
f 416//16 417//16 415//16
f 418//17 419//17 417//17
f 420//18 421//18 419//18
f 422//19 423//19 421//19
f 424//20 425//20 423//20
f 426//21 427//21 425//21
f 428//22 429//22 427//22
f 430//23 431//23 429//23
f 432//24 433//24 431//24
f 434//25 435//25 433//25
f 436//26 437//26 435//26
f 438//27 439//27 437//27
f 440//28 441//28 439//28
f 442//29 443//29 441//29
f 444//30 445//30 443//30
f 446//31 447//31 445//31
f 448//32 449//32 447//32
f 450//33 451//33 449//33
f 452//34 453//34 451//34
f 454//35 455//35 453//35
f 456//36 457//36 455//36
f 458//37 459//37 457//37
f 460//38 461//38 459//38
f 462//39 463//39 461//39
f 464//40 465//40 463//40
f 466//41 467//41 465//41
f 468//42 469//42 467//42
f 470//43 471//43 469//43
f 472//44 473//44 471//44
f 474//45 475//45 473//45
f 476//46 477//46 475//46
f 478//47 479//47 477//47
f 480//48 481//48 479//48
f 482//49 483//49 481//49
f 484//50 485//50 483//50
f 486//51 487//51 485//51
f 488//52 489//52 487//52
f 490//53 491//53 489//53
f 492//54 493//54 491//54
f 494//55 495//55 493//55
f 496//56 497//56 495//56
f 498//57 499//57 497//57
f 500//58 501//58 499//58
f 502//59 503//59 501//59
f 504//60 505//60 503//60
f 506//61 507//61 505//61
f 508//62 509//62 507//62
f 454//63 422//63 390//63
f 510//64 511//64 509//64
f 512//65 385//65 511//65
f 447//66 479//66 511//66
f 514//1 515//1 513//1
f 516//2 517//2 515//2
f 518//3 519//3 517//3
f 520//4 521//4 519//4
f 522//5 523//5 521//5
f 524//6 525//6 523//6
f 526//7 527//7 525//7
f 528//8 529//8 527//8
f 530//9 531//9 529//9
f 532//10 533//10 531//10
f 534//11 535//11 533//11
f 536//12 537//12 535//12
f 538//13 539//13 537//13
f 540//14 541//14 539//14
f 542//15 543//15 541//15
f 544//16 545//16 543//16
f 546//17 547//17 545//17
f 548//18 549//18 547//18
f 550//19 551//19 549//19
f 552//20 553//20 551//20
f 554//21 555//21 553//21
f 556//22 557//22 555//22
f 558//23 559//23 557//23
f 560//24 561//24 559//24
f 562//25 563//25 561//25
f 564//26 565//26 563//26
f 566//27 567//27 565//27
f 568//28 569//28 567//28
f 570//29 571//29 569//29
f 572//30 573//30 571//30
f 574//31 575//31 573//31
f 576//32 577//32 575//32
f 578//33 579//33 577//33
f 580//34 581//34 579//34
f 582//35 583//35 581//35
f 584//36 585//36 583//36
f 586//37 587//37 585//37
f 588//38 589//38 587//38
f 590//39 591//39 589//39
f 592//40 593//40 591//40
f 594//41 595//41 593//41
f 596//42 597//42 595//42
f 598//43 599//43 597//43
f 600//44 601//44 599//44
f 602//45 603//45 601//45
f 604//46 605//46 603//46
f 606//47 607//47 605//47
f 608//48 609//48 607//48
f 610//49 611//49 609//49
f 612//50 613//50 611//50
f 614//51 615//51 613//51
f 616//52 617//52 615//52
f 618//53 619//53 617//53
f 620//54 621//54 619//54
f 622//55 623//55 621//55
f 624//56 625//56 623//56
f 626//57 627//57 625//57
f 628//58 629//58 627//58
f 630//59 631//59 629//59
f 632//60 633//60 631//60
f 634//61 635//61 633//61
f 636//62 637//62 635//62
f 582//63 550//63 518//63
f 638//64 639//64 637//64
f 640//65 513//65 639//65
f 575//66 607//66 639//66
f 642//1 643//1 641//1
f 644//2 645//2 643//2
f 646//3 647//3 645//3
f 648//4 649//4 647//4
f 650//5 651//5 649//5
f 652//6 653//6 651//6
f 654//7 655//7 653//7
f 656//8 657//8 655//8
f 658//9 659//9 657//9
f 660//10 661//10 659//10
f 662//11 663//11 661//11
f 664//12 665//12 663//12
f 666//13 667//13 665//13
f 668//14 669//14 667//14
f 670//15 671//15 669//15
f 672//16 673//16 671//16
f 674//17 675//17 673//17
f 676//18 677//18 675//18
f 678//19 679//19 677//19
f 680//20 681//20 679//20
f 682//21 683//21 681//21
f 684//22 685//22 683//22
f 686//23 687//23 685//23
f 688//24 689//24 687//24
f 690//25 691//25 689//25
f 692//26 693//26 691//26
f 694//27 695//27 693//27
f 696//28 697//28 695//28
f 698//29 699//29 697//29
f 700//30 701//30 699//30
f 702//31 703//31 701//31
f 704//32 705//32 703//32
f 706//33 707//33 705//33
f 708//34 709//34 707//34
f 710//35 711//35 709//35
f 712//36 713//36 711//36
f 714//37 715//37 713//37
f 716//38 717//38 715//38
f 718//39 719//39 717//39
f 720//40 721//40 719//40
f 722//41 723//41 721//41
f 724//42 725//42 723//42
f 726//43 727//43 725//43
f 728//44 729//44 727//44
f 730//45 731//45 729//45
f 732//46 733//46 731//46
f 734//47 735//47 733//47
f 736//48 737//48 735//48
f 738//49 739//49 737//49
f 740//50 741//50 739//50
f 742//51 743//51 741//51
f 744//52 745//52 743//52
f 746//53 747//53 745//53
f 748//54 749//54 747//54
f 750//55 751//55 749//55
f 752//56 753//56 751//56
f 754//57 755//57 753//57
f 756//58 757//58 755//58
f 758//59 759//59 757//59
f 760//60 761//60 759//60
f 762//61 763//61 761//61
f 764//62 765//62 763//62
f 710//63 678//63 646//63
f 766//64 767//64 765//64
f 768//65 641//65 767//65
f 703//66 735//66 767//66
f 2741//1 2999//1 2997//1
f 2740//1 2998//1 2742//1
f 2745//2 2999//2 2743//2
f 2742//2 3000//2 2744//2
f 2747//3 3001//3 2745//3
f 2746//3 3000//3 3002//3
f 2749//4 3003//4 2747//4
f 2746//4 3004//4 2748//4
f 2749//5 3007//5 3005//5
f 2748//5 3006//5 2750//5
f 2753//6 3010//6 3007//6
f 2750//6 3008//6 2752//6
f 2755//7 3009//7 2753//7
f 2752//7 3011//7 2754//7
f 2757//8 3012//8 2755//8
f 2756//8 2754//8 3013//8
f 2757//85 3017//85 3015//85
f 2758//9 3014//9 3016//9
f 2759//10 3019//10 3017//10
f 2760//10 3016//10 3018//10
f 2761//11 3021//11 3019//11
f 2762//11 3018//11 3020//11
f 2763//12 3023//12 3021//12
f 2764//12 3020//12 3022//12
f 2765//13 3025//13 3023//13
f 2766//13 3022//13 3024//13
f 2767//14 3027//14 3025//14
f 2768//14 3024//14 3026//14
f 2769//15 3029//15 3027//15
f 2770//15 3026//15 3028//15
f 2771//16 3031//16 3029//16
f 2772//16 3028//16 3030//16
f 2773//17 3033//17 3031//17
f 2774//17 3030//17 3032//17
f 2775//18 3035//18 3033//18
f 2776//18 3032//18 3034//18
f 2777//19 3037//19 3035//19
f 2778//19 3034//19 3036//19
f 2779//20 3039//20 3037//20
f 2780//20 3036//20 3038//20
f 2781//21 3041//21 3039//21
f 2782//21 3038//21 3040//21
f 2783//22 3043//22 3041//22
f 2784//22 3040//22 3042//22
f 2785//23 3045//23 3043//23
f 2786//23 3042//23 3044//23
f 2787//80 3047//80 3045//80
f 2788//24 3044//24 3046//24
f 2789//25 3049//25 3047//25
f 2790//25 3046//25 3048//25
f 2791//26 3051//26 3049//26
f 2792//26 3048//26 3050//26
f 2793//27 3054//27 3052//27
f 2794//27 3050//27 3053//27
f 2795//28 3056//28 3054//28
f 2796//28 3053//28 3055//28
f 2797//29 3058//29 3056//29
f 2798//29 3055//29 3057//29
f 2799//30 3060//30 3058//30
f 2800//30 3057//30 3059//30
f 2801//31 3062//31 3060//31
f 2802//31 3059//31 3061//31
f 2803//32 3064//32 3062//32
f 2804//32 3061//32 3063//32
f 2805//33 3066//33 3064//33
f 2806//33 3063//33 3065//33
f 2807//34 3068//34 3066//34
f 2808//34 3065//34 3067//34
f 2809//35 3070//35 3068//35
f 2810//35 3067//35 3069//35
f 2811//36 3072//36 3070//36
f 2812//36 3069//36 3071//36
f 2813//37 3074//37 3072//37
f 2814//37 3071//37 3073//37
f 2815//38 3076//38 3074//38
f 2816//38 3073//38 3075//38
f 2817//39 3078//39 3076//39
f 2818//39 3075//39 3077//39
f 2819//40 3081//40 3078//40
f 2820//40 2818//40 3079//40
f 2821//75 3083//75 3081//75
f 2820//75 3082//75 2822//75
f 2825//42 3083//42 2823//42
f 2822//42 3084//42 2824//42
f 2827//43 3085//43 2825//43
f 2824//43 3086//43 2826//43
f 2829//44 3087//44 2827//44
f 2826//44 3088//44 2828//44
f 2829//45 3091//45 3089//45
f 2828//45 3090//45 2830//45
f 2833//46 3091//46 2831//46
f 2830//46 3092//46 2832//46
f 2835//47 3093//47 2833//47
f 2834//47 3092//47 3094//47
f 2837//48 3095//48 2835//48
f 2834//48 3096//48 2836//48
f 2837//49 3099//49 3097//49
f 2836//49 3098//49 2838//49
f 2841//50 3099//50 2839//50
f 2838//50 3100//50 2840//50
f 2843//51 3101//51 2841//51
f 2842//51 3100//51 3102//51
f 2845//52 3103//52 2843//52
f 2842//52 3104//52 2844//52
f 2845//53 3107//53 3105//53
f 2844//53 3106//53 2846//53
f 2847//54 3109//54 3107//54
f 2846//54 3108//54 2848//54
f 2851//55 3109//55 2849//55
f 2848//55 3110//55 2850//55
f 2853//56 3111//56 2851//56
f 2852//56 3110//56 3112//56
f 2853//57 3115//57 3113//57
f 2852//57 3114//57 2854//57
f 2857//58 3115//58 2855//58
f 2854//58 3116//58 2856//58
f 2859//59 3117//59 2857//59
f 2856//59 3118//59 2858//59
f 2861//60 3119//60 2859//60
f 2858//60 3120//60 2860//60
f 2861//61 3123//61 3121//61
f 2860//61 3122//61 2862//61
f 2863//62 3125//62 3123//62
f 2862//62 3124//62 2864//62
f 2823//63 2791//63 2759//63
f 2867//64 3125//64 2865//64
f 2866//64 3124//64 3126//64
f 2741//65 3127//65 2867//65
f 2740//65 3126//65 2996//65
f 2800//66 2832//66 2864//66
f 2913//87 2878//87 3093//87
f 2901//88 2900//88 3033//88
f 2985//63 3079//63 3075//63
f 2976//63 3013//63 3008//63
f 2972//1 2911//1 2932//1
f 2932//2 2930//2 2933//2
f 2933//3 2923//3 2936//3
f 2903//4 2936//4 2923//4
f 2904//5 2934//5 2903//5
f 2907//6 2935//6 2904//6
f 2905//7 2973//7 2907//7
f 2906//76 2976//76 2905//76
f 2937//9 2906//9 2924//9
f 2938//10 2924//10 2927//10
f 2941//11 2927//11 2925//11
f 2939//12 2925//12 2898//12
f 2940//13 2898//13 2899//13
f 2975//14 2899//14 2902//14
f 2992//15 2902//15 2900//15
f 2981//16 2900//16 2901//16
f 2945//17 2901//17 2926//17
f 2944//18 2926//18 2931//18
f 2946//19 2931//19 2922//19
f 2943//20 2922//20 2896//20
f 2942//21 2896//21 2895//21
f 2979//22 2895//22 2897//22
f 2980//23 2897//23 2894//23
f 2978//24 2894//24 2893//24
f 2950//84 2893//84 2920//84
f 2949//26 2920//26 2921//26
f 2951//27 2921//27 2919//27
f 2948//28 2919//28 2891//28
f 2947//29 2891//29 2890//29
f 2977//30 2890//30 2892//30
f 2993//31 2892//31 2889//31
f 2986//32 2889//32 2888//32
f 2954//33 2888//33 2918//33
f 2955//34 2918//34 2929//34
f 2956//35 2929//35 2917//35
f 2953//36 2917//36 2885//36
f 2952//37 2885//37 2886//37
f 2984//38 2886//38 2887//38
f 2985//39 2887//39 2884//39
f 2983//74 2884//74 2883//74
f 2915//41 2983//41 2883//41
f 2916//42 2959//42 2915//42
f 2914//43 2960//43 2916//43
f 2880//44 2961//44 2914//44
f 2881//45 2958//45 2880//45
f 2957//46 2882//46 2982//46
f 2982//47 2879//47 2994//47
f 2994//48 2878//48 2987//48
f 2987//49 2913//49 2963//49
f 2963//50 2928//50 2962//50
f 2962//51 2908//51 2966//51
f 2873//52 2966//52 2908//52
f 2874//53 2965//53 2873//53
f 2877//54 2964//54 2874//54
f 2876//55 2988//55 2877//55
f 2875//56 2991//56 2876//56
f 2909//67 2989//67 2875//67
f 2912//58 2967//58 2909//58
f 2910//59 2968//59 2912//59
f 2868//60 2971//60 2910//60
f 2869//61 2970//61 2868//61
f 2969//62 2872//62 2990//62
f 2990//64 2871//64 2995//64
f 2995//65 2870//65 2972//65
f 2//1 4//1 3//1
f 4//2 6//2 5//2
f 6//3 8//3 7//3
f 8//4 10//4 9//4
f 10//5 12//5 11//5
f 12//6 14//6 13//6
f 14//7 16//7 15//7
f 16//8 18//8 17//8
f 18//9 20//9 19//9
f 20//10 22//10 21//10
f 22//11 24//11 23//11
f 24//12 26//12 25//12
f 26//13 28//13 27//13
f 28//14 30//14 29//14
f 30//15 32//15 31//15
f 32//16 34//16 33//16
f 34//17 36//17 35//17
f 36//18 38//18 37//18
f 38//19 40//19 39//19
f 40//20 42//20 41//20
f 42//21 44//21 43//21
f 44//22 46//22 45//22
f 46//23 48//23 47//23
f 48//24 50//24 49//24
f 50//25 52//25 51//25
f 52//26 54//26 53//26
f 54//27 56//27 55//27
f 56//28 58//28 57//28
f 58//29 60//29 59//29
f 60//30 62//30 61//30
f 62//31 64//31 63//31
f 64//32 66//32 65//32
f 66//33 68//33 67//33
f 68//34 70//34 69//34
f 70//35 72//35 71//35
f 72//36 74//36 73//36
f 74//37 76//37 75//37
f 76//38 78//38 77//38
f 78//39 80//39 79//39
f 80//40 82//40 81//40
f 82//41 84//41 83//41
f 84//42 86//42 85//42
f 86//43 88//43 87//43
f 88//44 90//44 89//44
f 90//45 92//45 91//45
f 92//46 94//46 93//46
f 94//47 96//47 95//47
f 96//48 98//48 97//48
f 98//49 100//49 99//49
f 100//50 102//50 101//50
f 102//51 104//51 103//51
f 104//52 106//52 105//52
f 106//53 108//53 107//53
f 108//54 110//54 109//54
f 110//55 112//55 111//55
f 112//56 114//56 113//56
f 114//57 116//57 115//57
f 116//58 118//58 117//58
f 118//59 120//59 119//59
f 120//60 122//60 121//60
f 122//61 124//61 123//61
f 124//62 126//62 125//62
f 6//63 4//63 2//63
f 2//63 128//63 126//63
f 126//63 124//63 122//63
f 122//63 120//63 118//63
f 118//63 116//63 114//63
f 114//63 112//63 110//63
f 110//63 108//63 106//63
f 106//63 104//63 102//63
f 102//63 100//63 98//63
f 98//63 96//63 94//63
f 94//63 92//63 90//63
f 90//63 88//63 86//63
f 86//63 84//63 82//63
f 82//63 80//63 78//63
f 78//63 76//63 74//63
f 74//63 72//63 70//63
f 70//63 68//63 66//63
f 66//63 64//63 62//63
f 62//63 60//63 58//63
f 58//63 56//63 54//63
f 54//63 52//63 50//63
f 50//63 48//63 46//63
f 46//63 44//63 42//63
f 42//63 40//63 38//63
f 38//63 36//63 34//63
f 34//63 32//63 30//63
f 30//63 28//63 26//63
f 26//63 24//63 22//63
f 22//63 20//63 18//63
f 18//63 16//63 14//63
f 14//63 12//63 10//63
f 10//63 8//63 6//63
f 6//63 2//63 126//63
f 126//63 122//63 118//63
f 118//63 114//63 110//63
f 110//63 106//63 102//63
f 102//63 98//63 94//63
f 94//63 90//63 86//63
f 86//63 82//63 78//63
f 78//63 74//63 70//63
f 70//63 66//63 62//63
f 62//63 58//63 54//63
f 54//63 50//63 46//63
f 46//63 42//63 38//63
f 38//63 34//63 30//63
f 30//63 26//63 22//63
f 22//63 18//63 14//63
f 14//63 10//63 6//63
f 6//63 126//63 118//63
f 118//63 110//63 102//63
f 102//63 94//63 86//63
f 86//63 78//63 70//63
f 70//63 62//63 54//63
f 54//63 46//63 38//63
f 38//63 30//63 22//63
f 22//63 14//63 6//63
f 6//63 118//63 102//63
f 102//63 86//63 70//63
f 70//63 54//63 38//63
f 38//63 22//63 6//63
f 6//63 102//63 70//63
f 126//64 128//64 127//64
f 128//65 2//65 1//65
f 127//66 1//66 3//66
f 3//66 5//66 7//66
f 7//66 9//66 11//66
f 11//66 13//66 15//66
f 15//66 17//66 19//66
f 19//66 21//66 23//66
f 23//66 25//66 27//66
f 27//66 29//66 31//66
f 31//66 33//66 35//66
f 35//66 37//66 39//66
f 39//66 41//66 43//66
f 43//66 45//66 47//66
f 47//66 49//66 51//66
f 51//66 53//66 55//66
f 55//66 57//66 59//66
f 59//66 61//66 63//66
f 63//66 65//66 67//66
f 67//66 69//66 71//66
f 71//66 73//66 75//66
f 75//66 77//66 79//66
f 79//66 81//66 83//66
f 83//66 85//66 87//66
f 87//66 89//66 91//66
f 91//66 93//66 95//66
f 95//66 97//66 99//66
f 99//66 101//66 103//66
f 103//66 105//66 107//66
f 107//66 109//66 111//66
f 111//66 113//66 115//66
f 115//66 117//66 119//66
f 119//66 121//66 123//66
f 123//66 125//66 127//66
f 127//66 3//66 7//66
f 7//66 11//66 15//66
f 15//66 19//66 23//66
f 23//66 27//66 31//66
f 31//66 35//66 39//66
f 39//66 43//66 47//66
f 47//66 51//66 55//66
f 55//66 59//66 63//66
f 63//66 67//66 71//66
f 71//66 75//66 79//66
f 79//66 83//66 87//66
f 87//66 91//66 95//66
f 95//66 99//66 103//66
f 103//66 107//66 111//66
f 111//66 115//66 119//66
f 119//66 123//66 127//66
f 127//66 7//66 15//66
f 15//66 23//66 31//66
f 31//66 39//66 47//66
f 47//66 55//66 63//66
f 63//66 71//66 79//66
f 79//66 87//66 95//66
f 95//66 103//66 111//66
f 111//66 119//66 127//66
f 127//66 15//66 31//66
f 31//66 47//66 63//66
f 63//66 79//66 95//66
f 95//66 111//66 127//66
f 127//66 31//66 63//66
f 130//1 132//1 131//1
f 132//2 134//2 133//2
f 134//3 136//3 135//3
f 136//4 138//4 137//4
f 138//5 140//5 139//5
f 140//6 142//6 141//6
f 142//7 144//7 143//7
f 144//8 146//8 145//8
f 146//9 148//9 147//9
f 148//10 150//10 149//10
f 150//11 152//11 151//11
f 152//12 154//12 153//12
f 154//13 156//13 155//13
f 156//14 158//14 157//14
f 158//15 160//15 159//15
f 160//16 162//16 161//16
f 162//17 164//17 163//17
f 164//18 166//18 165//18
f 166//19 168//19 167//19
f 168//20 170//20 169//20
f 170//21 172//21 171//21
f 172//22 174//22 173//22
f 174//23 176//23 175//23
f 176//24 178//24 177//24
f 178//25 180//25 179//25
f 180//26 182//26 181//26
f 182//27 184//27 183//27
f 184//28 186//28 185//28
f 186//29 188//29 187//29
f 188//30 190//30 189//30
f 190//31 192//31 191//31
f 192//32 194//32 193//32
f 194//33 196//33 195//33
f 196//34 198//34 197//34
f 198//35 200//35 199//35
f 200//36 202//36 201//36
f 202//37 204//37 203//37
f 204//38 206//38 205//38
f 206//39 208//39 207//39
f 208//74 210//74 209//74
f 210//41 212//41 211//41
f 212//42 214//42 213//42
f 214//43 216//43 215//43
f 216//44 218//44 217//44
f 218//45 220//45 219//45
f 220//46 222//46 221//46
f 222//47 224//47 223//47
f 224//48 226//48 225//48
f 226//49 228//49 227//49
f 228//50 230//50 229//50
f 230//51 232//51 231//51
f 232//52 234//52 233//52
f 234//53 236//53 235//53
f 236//54 238//54 237//54
f 238//55 240//55 239//55
f 240//56 242//56 241//56
f 242//57 244//57 243//57
f 244//58 246//58 245//58
f 246//59 248//59 247//59
f 248//60 250//60 249//60
f 250//61 252//61 251//61
f 252//62 254//62 253//62
f 134//63 132//63 130//63
f 130//63 256//63 254//63
f 254//63 252//63 250//63
f 250//63 248//63 246//63
f 246//63 244//63 242//63
f 242//63 240//63 238//63
f 238//63 236//63 234//63
f 234//63 232//63 230//63
f 230//63 228//63 226//63
f 226//63 224//63 222//63
f 222//63 220//63 218//63
f 218//63 216//63 214//63
f 214//63 212//63 210//63
f 210//63 208//63 206//63
f 206//63 204//63 202//63
f 202//63 200//63 198//63
f 198//63 196//63 194//63
f 194//63 192//63 190//63
f 190//63 188//63 186//63
f 186//63 184//63 182//63
f 182//63 180//63 178//63
f 178//63 176//63 174//63
f 174//63 172//63 170//63
f 170//63 168//63 166//63
f 166//63 164//63 162//63
f 162//63 160//63 158//63
f 158//63 156//63 154//63
f 154//63 152//63 150//63
f 150//63 148//63 146//63
f 146//63 144//63 142//63
f 142//63 140//63 138//63
f 138//63 136//63 134//63
f 134//63 130//63 254//63
f 254//63 250//63 246//63
f 246//63 242//63 238//63
f 238//63 234//63 230//63
f 230//63 226//63 222//63
f 222//63 218//63 214//63
f 214//63 210//63 206//63
f 206//63 202//63 198//63
f 198//63 194//63 190//63
f 190//63 186//63 182//63
f 182//63 178//63 174//63
f 174//63 170//63 166//63
f 166//63 162//63 158//63
f 158//63 154//63 150//63
f 150//63 146//63 142//63
f 142//63 138//63 134//63
f 134//63 254//63 246//63
f 246//63 238//63 230//63
f 230//63 222//63 214//63
f 214//63 206//63 198//63
f 198//63 190//63 182//63
f 182//63 174//63 166//63
f 166//63 158//63 150//63
f 150//63 142//63 134//63
f 134//63 246//63 230//63
f 230//63 214//63 198//63
f 198//63 182//63 166//63
f 166//63 150//63 134//63
f 134//63 230//63 198//63
f 254//64 256//64 255//64
f 256//65 130//65 129//65
f 255//66 129//66 131//66
f 131//66 133//66 135//66
f 135//66 137//66 139//66
f 139//66 141//66 143//66
f 143//66 145//66 147//66
f 147//66 149//66 151//66
f 151//66 153//66 155//66
f 155//66 157//66 159//66
f 159//66 161//66 163//66
f 163//66 165//66 167//66
f 167//66 169//66 171//66
f 171//66 173//66 175//66
f 175//66 177//66 179//66
f 179//66 181//66 183//66
f 183//66 185//66 187//66
f 187//66 189//66 191//66
f 191//66 193//66 195//66
f 195//66 197//66 199//66
f 199//66 201//66 203//66
f 203//66 205//66 207//66
f 207//66 209//66 211//66
f 211//66 213//66 215//66
f 215//66 217//66 219//66
f 219//66 221//66 223//66
f 223//66 225//66 227//66
f 227//66 229//66 231//66
f 231//66 233//66 235//66
f 235//66 237//66 239//66
f 239//66 241//66 243//66
f 243//66 245//66 247//66
f 247//66 249//66 251//66
f 251//66 253//66 255//66
f 255//66 131//66 135//66
f 135//66 139//66 143//66
f 143//66 147//66 151//66
f 151//66 155//66 159//66
f 159//66 163//66 167//66
f 167//66 171//66 175//66
f 175//66 179//66 183//66
f 183//66 187//66 191//66
f 191//66 195//66 199//66
f 199//66 203//66 207//66
f 207//66 211//66 215//66
f 215//66 219//66 223//66
f 223//66 227//66 231//66
f 231//66 235//66 239//66
f 239//66 243//66 247//66
f 247//66 251//66 255//66
f 255//66 135//66 143//66
f 143//66 151//66 159//66
f 159//66 167//66 175//66
f 175//66 183//66 191//66
f 191//66 199//66 207//66
f 207//66 215//66 223//66
f 223//66 231//66 239//66
f 239//66 247//66 255//66
f 255//66 143//66 159//66
f 159//66 175//66 191//66
f 191//66 207//66 223//66
f 223//66 239//66 255//66
f 255//66 159//66 191//66
f 258//1 260//1 259//1
f 260//2 262//2 261//2
f 262//3 264//3 263//3
f 264//4 266//4 265//4
f 266//5 268//5 267//5
f 268//6 270//6 269//6
f 270//7 272//7 271//7
f 272//8 274//8 273//8
f 274//9 276//9 275//9
f 276//10 278//10 277//10
f 278//11 280//11 279//11
f 280//12 282//12 281//12
f 282//13 284//13 283//13
f 284//14 286//14 285//14
f 286//15 288//15 287//15
f 288//16 290//16 289//16
f 290//17 292//17 291//17
f 292//18 294//18 293//18
f 294//19 296//19 295//19
f 296//20 298//20 297//20
f 298//21 300//21 299//21
f 300//22 302//22 301//22
f 302//23 304//23 303//23
f 304//24 306//24 305//24
f 306//25 308//25 307//25
f 308//26 310//26 309//26
f 310//27 312//27 311//27
f 312//28 314//28 313//28
f 314//29 316//29 315//29
f 316//30 318//30 317//30
f 318//31 320//31 319//31
f 320//32 322//32 321//32
f 322//33 324//33 323//33
f 324//34 326//34 325//34
f 326//35 328//35 327//35
f 328//36 330//36 329//36
f 330//37 332//37 331//37
f 332//38 334//38 333//38
f 334//39 336//39 335//39
f 336//40 338//40 337//40
f 338//41 340//41 339//41
f 340//42 342//42 341//42
f 342//43 344//43 343//43
f 344//44 346//44 345//44
f 346//45 348//45 347//45
f 348//46 350//46 349//46
f 350//47 352//47 351//47
f 352//48 354//48 353//48
f 354//49 356//49 355//49
f 356//50 358//50 357//50
f 358//51 360//51 359//51
f 360//52 362//52 361//52
f 362//53 364//53 363//53
f 364//54 366//54 365//54
f 366//55 368//55 367//55
f 368//56 370//56 369//56
f 370//57 372//57 371//57
f 372//58 374//58 373//58
f 374//59 376//59 375//59
f 376//60 378//60 377//60
f 378//61 380//61 379//61
f 380//62 382//62 381//62
f 262//63 260//63 258//63
f 258//63 384//63 382//63
f 382//63 380//63 378//63
f 378//63 376//63 374//63
f 374//63 372//63 370//63
f 370//63 368//63 366//63
f 366//63 364//63 362//63
f 362//63 360//63 358//63
f 358//63 356//63 354//63
f 354//63 352//63 350//63
f 350//63 348//63 346//63
f 346//63 344//63 342//63
f 342//63 340//63 338//63
f 338//63 336//63 334//63
f 334//63 332//63 330//63
f 330//63 328//63 326//63
f 326//63 324//63 322//63
f 322//63 320//63 318//63
f 318//63 316//63 314//63
f 314//63 312//63 310//63
f 310//63 308//63 306//63
f 306//63 304//63 302//63
f 302//63 300//63 298//63
f 298//63 296//63 294//63
f 294//63 292//63 290//63
f 290//63 288//63 286//63
f 286//63 284//63 282//63
f 282//63 280//63 278//63
f 278//63 276//63 274//63
f 274//63 272//63 270//63
f 270//63 268//63 266//63
f 266//63 264//63 262//63
f 262//63 258//63 382//63
f 382//63 378//63 374//63
f 374//63 370//63 366//63
f 366//63 362//63 358//63
f 358//63 354//63 350//63
f 350//63 346//63 342//63
f 342//63 338//63 334//63
f 334//63 330//63 326//63
f 326//63 322//63 318//63
f 318//63 314//63 310//63
f 310//63 306//63 302//63
f 302//63 298//63 294//63
f 294//63 290//63 286//63
f 286//63 282//63 278//63
f 278//63 274//63 270//63
f 270//63 266//63 262//63
f 262//63 382//63 374//63
f 374//63 366//63 358//63
f 358//63 350//63 342//63
f 342//63 334//63 326//63
f 326//63 318//63 310//63
f 310//63 302//63 294//63
f 294//63 286//63 278//63
f 278//63 270//63 262//63
f 262//63 374//63 358//63
f 358//63 342//63 326//63
f 326//63 310//63 294//63
f 294//63 278//63 262//63
f 262//63 358//63 326//63
f 382//64 384//64 383//64
f 384//65 258//65 257//65
f 383//66 257//66 259//66
f 259//66 261//66 263//66
f 263//66 265//66 267//66
f 267//66 269//66 271//66
f 271//66 273//66 275//66
f 275//66 277//66 279//66
f 279//66 281//66 283//66
f 283//66 285//66 287//66
f 287//66 289//66 291//66
f 291//66 293//66 295//66
f 295//66 297//66 299//66
f 299//66 301//66 303//66
f 303//66 305//66 307//66
f 307//66 309//66 311//66
f 311//66 313//66 315//66
f 315//66 317//66 319//66
f 319//66 321//66 323//66
f 323//66 325//66 327//66
f 327//66 329//66 331//66
f 331//66 333//66 335//66
f 335//66 337//66 339//66
f 339//66 341//66 343//66
f 343//66 345//66 347//66
f 347//66 349//66 351//66
f 351//66 353//66 355//66
f 355//66 357//66 359//66
f 359//66 361//66 363//66
f 363//66 365//66 367//66
f 367//66 369//66 371//66
f 371//66 373//66 375//66
f 375//66 377//66 379//66
f 379//66 381//66 383//66
f 383//66 259//66 263//66
f 263//66 267//66 271//66
f 271//66 275//66 279//66
f 279//66 283//66 287//66
f 287//66 291//66 295//66
f 295//66 299//66 303//66
f 303//66 307//66 311//66
f 311//66 315//66 319//66
f 319//66 323//66 327//66
f 327//66 331//66 335//66
f 335//66 339//66 343//66
f 343//66 347//66 351//66
f 351//66 355//66 359//66
f 359//66 363//66 367//66
f 367//66 371//66 375//66
f 375//66 379//66 383//66
f 383//66 263//66 271//66
f 271//66 279//66 287//66
f 287//66 295//66 303//66
f 303//66 311//66 319//66
f 319//66 327//66 335//66
f 335//66 343//66 351//66
f 351//66 359//66 367//66
f 367//66 375//66 383//66
f 383//66 271//66 287//66
f 287//66 303//66 319//66
f 319//66 335//66 351//66
f 351//66 367//66 383//66
f 383//66 287//66 319//66
f 386//1 388//1 387//1
f 388//2 390//2 389//2
f 390//3 392//3 391//3
f 392//4 394//4 393//4
f 394//5 396//5 395//5
f 396//6 398//6 397//6
f 398//7 400//7 399//7
f 400//8 402//8 401//8
f 402//9 404//9 403//9
f 404//10 406//10 405//10
f 406//11 408//11 407//11
f 408//12 410//12 409//12
f 410//13 412//13 411//13
f 412//14 414//14 413//14
f 414//15 416//15 415//15
f 416//16 418//16 417//16
f 418//17 420//17 419//17
f 420//18 422//18 421//18
f 422//19 424//19 423//19
f 424//20 426//20 425//20
f 426//21 428//21 427//21
f 428//22 430//22 429//22
f 430//23 432//23 431//23
f 432//24 434//24 433//24
f 434//25 436//25 435//25
f 436//26 438//26 437//26
f 438//27 440//27 439//27
f 440//28 442//28 441//28
f 442//29 444//29 443//29
f 444//30 446//30 445//30
f 446//31 448//31 447//31
f 448//32 450//32 449//32
f 450//33 452//33 451//33
f 452//34 454//34 453//34
f 454//35 456//35 455//35
f 456//36 458//36 457//36
f 458//37 460//37 459//37
f 460//38 462//38 461//38
f 462//39 464//39 463//39
f 464//40 466//40 465//40
f 466//41 468//41 467//41
f 468//42 470//42 469//42
f 470//43 472//43 471//43
f 472//44 474//44 473//44
f 474//45 476//45 475//45
f 476//46 478//46 477//46
f 478//47 480//47 479//47
f 480//48 482//48 481//48
f 482//49 484//49 483//49
f 484//50 486//50 485//50
f 486//51 488//51 487//51
f 488//52 490//52 489//52
f 490//53 492//53 491//53
f 492//54 494//54 493//54
f 494//55 496//55 495//55
f 496//56 498//56 497//56
f 498//57 500//57 499//57
f 500//58 502//58 501//58
f 502//59 504//59 503//59
f 504//60 506//60 505//60
f 506//61 508//61 507//61
f 508//62 510//62 509//62
f 390//63 388//63 386//63
f 386//63 512//63 510//63
f 510//63 508//63 506//63
f 506//63 504//63 502//63
f 502//63 500//63 498//63
f 498//63 496//63 494//63
f 494//63 492//63 490//63
f 490//89 488//89 486//89
f 486//63 484//63 482//63
f 482//63 480//63 478//63
f 478//89 476//89 474//89
f 474//63 472//63 470//63
f 470//63 468//63 466//63
f 466//63 464//63 462//63
f 462//63 460//63 458//63
f 458//63 456//63 454//63
f 454//63 452//63 450//63
f 450//63 448//63 446//63
f 446//63 444//63 442//63
f 442//63 440//63 438//63
f 438//63 436//63 434//63
f 434//63 432//63 430//63
f 430//63 428//63 426//63
f 426//90 424//90 422//90
f 422//63 420//63 418//63
f 418//63 416//63 414//63
f 414//90 412//90 410//90
f 410//63 408//63 406//63
f 406//63 404//63 402//63
f 402//63 400//63 398//63
f 398//63 396//63 394//63
f 394//63 392//63 390//63
f 390//63 386//63 510//63
f 510//63 506//63 502//63
f 502//63 498//63 494//63
f 494//63 490//63 486//63
f 486//63 482//63 478//63
f 478//63 474//63 470//63
f 470//63 466//63 462//63
f 462//63 458//63 454//63
f 454//63 450//63 446//63
f 446//63 442//63 438//63
f 438//63 434//63 430//63
f 430//63 426//63 422//63
f 422//63 418//63 414//63
f 414//63 410//63 406//63
f 406//63 402//63 398//63
f 398//63 394//63 390//63
f 390//63 510//63 502//63
f 502//63 494//63 486//63
f 486//63 478//63 470//63
f 470//63 462//63 454//63
f 454//63 446//63 438//63
f 438//63 430//63 422//63
f 422//63 414//63 406//63
f 406//63 398//63 390//63
f 390//63 502//63 486//63
f 486//63 470//63 454//63
f 454//63 438//63 422//63
f 422//63 406//63 390//63
f 390//63 486//63 454//63
f 510//64 512//64 511//64
f 512//65 386//65 385//65
f 511//66 385//66 387//66
f 387//66 389//66 391//66
f 391//66 393//66 395//66
f 395//66 397//66 399//66
f 399//66 401//66 403//66
f 403//88 405//88 407//88
f 407//88 409//88 411//88
f 411//88 413//88 415//88
f 415//66 417//66 419//66
f 419//88 421//88 423//88
f 423//88 425//88 427//88
f 427//88 429//88 431//88
f 431//66 433//66 435//66
f 435//66 437//66 439//66
f 439//66 441//66 443//66
f 443//66 445//66 447//66
f 447//66 449//66 451//66
f 451//66 453//66 455//66
f 455//66 457//66 459//66
f 459//66 461//66 463//66
f 463//66 465//66 467//66
f 467//91 469//91 471//91
f 471//91 473//91 475//91
f 475//91 477//91 479//91
f 479//66 481//66 483//66
f 483//91 485//91 487//91
f 487//91 489//91 491//91
f 491//91 493//91 495//91
f 495//66 497//66 499//66
f 499//66 501//66 503//66
f 503//66 505//66 507//66
f 507//66 509//66 511//66
f 511//66 387//66 391//66
f 391//66 395//66 399//66
f 399//66 403//66 407//66
f 407//66 411//66 415//66
f 415//91 419//91 423//91
f 423//66 427//66 431//66
f 431//66 435//66 439//66
f 439//66 443//66 447//66
f 447//66 451//66 455//66
f 455//66 459//66 463//66
f 463//66 467//66 471//66
f 471//66 475//66 479//66
f 479//88 483//88 487//88
f 487//66 491//66 495//66
f 495//66 499//66 503//66
f 503//66 507//66 511//66
f 511//66 391//66 399//66
f 399//66 407//66 415//66
f 415//66 423//66 431//66
f 431//66 439//66 447//66
f 447//66 455//66 463//66
f 463//66 471//66 479//66
f 479//66 487//66 495//66
f 495//66 503//66 511//66
f 511//66 399//66 415//66
f 415//66 431//66 447//66
f 447//66 463//66 479//66
f 479//66 495//66 511//66
f 511//66 415//66 447//66
f 514//1 516//1 515//1
f 516//2 518//2 517//2
f 518//3 520//3 519//3
f 520//4 522//4 521//4
f 522//5 524//5 523//5
f 524//6 526//6 525//6
f 526//7 528//7 527//7
f 528//8 530//8 529//8
f 530//9 532//9 531//9
f 532//10 534//10 533//10
f 534//11 536//11 535//11
f 536//12 538//12 537//12
f 538//13 540//13 539//13
f 540//14 542//14 541//14
f 542//15 544//15 543//15
f 544//16 546//16 545//16
f 546//17 548//17 547//17
f 548//18 550//18 549//18
f 550//19 552//19 551//19
f 552//20 554//20 553//20
f 554//21 556//21 555//21
f 556//22 558//22 557//22
f 558//23 560//23 559//23
f 560//24 562//24 561//24
f 562//25 564//25 563//25
f 564//26 566//26 565//26
f 566//27 568//27 567//27
f 568//28 570//28 569//28
f 570//29 572//29 571//29
f 572//30 574//30 573//30
f 574//31 576//31 575//31
f 576//32 578//32 577//32
f 578//33 580//33 579//33
f 580//34 582//34 581//34
f 582//35 584//35 583//35
f 584//36 586//36 585//36
f 586//37 588//37 587//37
f 588//38 590//38 589//38
f 590//39 592//39 591//39
f 592//40 594//40 593//40
f 594//41 596//41 595//41
f 596//42 598//42 597//42
f 598//43 600//43 599//43
f 600//44 602//44 601//44
f 602//45 604//45 603//45
f 604//46 606//46 605//46
f 606//47 608//47 607//47
f 608//48 610//48 609//48
f 610//49 612//49 611//49
f 612//50 614//50 613//50
f 614//51 616//51 615//51
f 616//52 618//52 617//52
f 618//53 620//53 619//53
f 620//54 622//54 621//54
f 622//55 624//55 623//55
f 624//56 626//56 625//56
f 626//57 628//57 627//57
f 628//58 630//58 629//58
f 630//59 632//59 631//59
f 632//60 634//60 633//60
f 634//61 636//61 635//61
f 636//62 638//62 637//62
f 518//63 516//63 514//63
f 514//63 640//63 638//63
f 638//89 636//89 634//89
f 634//63 632//63 630//63
f 630//63 628//63 626//63
f 626//63 624//63 622//63
f 622//63 620//63 618//63
f 618//90 616//90 614//90
f 614//63 612//63 610//63
f 610//63 608//63 606//63
f 606//90 604//90 602//90
f 602//63 600//63 598//63
f 598//63 596//63 594//63
f 594//63 592//63 590//63
f 590//63 588//63 586//63
f 586//89 584//89 582//89
f 582//63 580//63 578//63
f 578//63 576//63 574//63
f 574//90 572//90 570//90
f 570//63 568//63 566//63
f 566//63 564//63 562//63
f 562//63 560//63 558//63
f 558//63 556//63 554//63
f 554//89 552//89 550//89
f 550//63 548//63 546//63
f 546//63 544//63 542//63
f 542//89 540//89 538//89
f 538//63 536//63 534//63
f 534//63 532//63 530//63
f 530//63 528//63 526//63
f 526//63 524//63 522//63
f 522//90 520//90 518//90
f 518//63 514//63 638//63
f 638//63 634//63 630//63
f 630//63 626//63 622//63
f 622//63 618//63 614//63
f 614//63 610//63 606//63
f 606//63 602//63 598//63
f 598//63 594//63 590//63
f 590//63 586//63 582//63
f 582//63 578//63 574//63
f 574//63 570//63 566//63
f 566//63 562//63 558//63
f 558//63 554//63 550//63
f 550//63 546//63 542//63
f 542//63 538//63 534//63
f 534//63 530//63 526//63
f 526//63 522//63 518//63
f 518//63 638//63 630//63
f 630//63 622//63 614//63
f 614//63 606//63 598//63
f 598//63 590//63 582//63
f 582//63 574//63 566//63
f 566//63 558//63 550//63
f 550//63 542//63 534//63
f 534//63 526//63 518//63
f 518//63 630//63 614//63
f 614//63 598//63 582//63
f 582//63 566//63 550//63
f 550//63 534//63 518//63
f 518//63 614//63 582//63
f 638//64 640//64 639//64
f 640//65 514//65 513//65
f 639//66 513//66 515//66
f 515//88 517//88 519//88
f 519//66 521//66 523//66
f 523//66 525//66 527//66
f 527//91 529//91 531//91
f 531//91 533//91 535//91
f 535//91 537//91 539//91
f 539//66 541//66 543//66
f 543//66 545//66 547//66
f 547//66 549//66 551//66
f 551//91 553//91 555//91
f 555//91 557//91 559//91
f 559//91 561//91 563//91
f 563//66 565//66 567//66
f 567//66 569//66 571//66
f 571//66 573//66 575//66
f 575//66 577//66 579//66
f 579//91 581//91 583//91
f 583//66 585//66 587//66
f 587//66 589//66 591//66
f 591//88 593//88 595//88
f 595//88 597//88 599//88
f 599//88 601//88 603//88
f 603//66 605//66 607//66
f 607//66 609//66 611//66
f 611//66 613//66 615//66
f 615//88 617//88 619//88
f 619//88 621//88 623//88
f 623//88 625//88 627//88
f 627//66 629//66 631//66
f 631//66 633//66 635//66
f 635//66 637//66 639//66
f 639//66 515//66 519//66
f 519//66 523//66 527//66
f 527//66 531//66 535//66
f 535//66 539//66 543//66
f 543//66 547//66 551//66
f 551//66 555//66 559//66
f 559//66 563//66 567//66
f 567//66 571//66 575//66
f 575//66 579//66 583//66
f 583//66 587//66 591//66
f 591//66 595//66 599//66
f 599//66 603//66 607//66
f 607//66 611//66 615//66
f 615//66 619//66 623//66
f 623//66 627//66 631//66
f 631//66 635//66 639//66
f 639//66 519//66 527//66
f 527//66 535//66 543//66
f 543//66 551//66 559//66
f 559//66 567//66 575//66
f 575//66 583//66 591//66
f 591//66 599//66 607//66
f 607//66 615//66 623//66
f 623//66 631//66 639//66
f 639//66 527//66 543//66
f 543//66 559//66 575//66
f 575//66 591//66 607//66
f 607//66 623//66 639//66
f 639//66 543//66 575//66
f 642//1 644//1 643//1
f 644//2 646//2 645//2
f 646//3 648//3 647//3
f 648//4 650//4 649//4
f 650//5 652//5 651//5
f 652//6 654//6 653//6
f 654//7 656//7 655//7
f 656//8 658//8 657//8
f 658//9 660//9 659//9
f 660//10 662//10 661//10
f 662//11 664//11 663//11
f 664//12 666//12 665//12
f 666//13 668//13 667//13
f 668//14 670//14 669//14
f 670//15 672//15 671//15
f 672//16 674//16 673//16
f 674//17 676//17 675//17
f 676//18 678//18 677//18
f 678//19 680//19 679//19
f 680//20 682//20 681//20
f 682//21 684//21 683//21
f 684//22 686//22 685//22
f 686//23 688//23 687//23
f 688//24 690//24 689//24
f 690//25 692//25 691//25
f 692//26 694//26 693//26
f 694//27 696//27 695//27
f 696//28 698//28 697//28
f 698//29 700//29 699//29
f 700//30 702//30 701//30
f 702//31 704//31 703//31
f 704//32 706//32 705//32
f 706//33 708//33 707//33
f 708//34 710//34 709//34
f 710//35 712//35 711//35
f 712//36 714//36 713//36
f 714//37 716//37 715//37
f 716//38 718//38 717//38
f 718//39 720//39 719//39
f 720//40 722//40 721//40
f 722//41 724//41 723//41
f 724//42 726//42 725//42
f 726//43 728//43 727//43
f 728//44 730//44 729//44
f 730//45 732//45 731//45
f 732//46 734//46 733//46
f 734//47 736//47 735//47
f 736//48 738//48 737//48
f 738//49 740//49 739//49
f 740//50 742//50 741//50
f 742//51 744//51 743//51
f 744//52 746//52 745//52
f 746//53 748//53 747//53
f 748//54 750//54 749//54
f 750//55 752//55 751//55
f 752//56 754//56 753//56
f 754//57 756//57 755//57
f 756//58 758//58 757//58
f 758//59 760//59 759//59
f 760//60 762//60 761//60
f 762//61 764//61 763//61
f 764//62 766//62 765//62
f 646//63 644//63 642//63
f 642//63 768//63 766//63
f 766//63 764//63 762//63
f 762//63 760//63 758//63
f 758//63 756//63 754//63
f 754//63 752//63 750//63
f 750//63 748//63 746//63
f 746//63 744//63 742//63
f 742//63 740//63 738//63
f 738//63 736//63 734//63
f 734//63 732//63 730//63
f 730//63 728//63 726//63
f 726//63 724//63 722//63
f 722//63 720//63 718//63
f 718//63 716//63 714//63
f 714//63 712//63 710//63
f 710//63 708//63 706//63
f 706//63 704//63 702//63
f 702//63 700//63 698//63
f 698//63 696//63 694//63
f 694//63 692//63 690//63
f 690//63 688//63 686//63
f 686//63 684//63 682//63
f 682//63 680//63 678//63
f 678//63 676//63 674//63
f 674//63 672//63 670//63
f 670//63 668//63 666//63
f 666//63 664//63 662//63
f 662//63 660//63 658//63
f 658//63 656//63 654//63
f 654//63 652//63 650//63
f 650//63 648//63 646//63
f 646//63 642//63 766//63
f 766//63 762//63 758//63
f 758//63 754//63 750//63
f 750//63 746//63 742//63
f 742//63 738//63 734//63
f 734//63 730//63 726//63
f 726//63 722//63 718//63
f 718//63 714//63 710//63
f 710//63 706//63 702//63
f 702//63 698//63 694//63
f 694//63 690//63 686//63
f 686//63 682//63 678//63
f 678//63 674//63 670//63
f 670//63 666//63 662//63
f 662//63 658//63 654//63
f 654//63 650//63 646//63
f 646//63 766//63 758//63
f 758//63 750//63 742//63
f 742//63 734//63 726//63
f 726//63 718//63 710//63
f 710//63 702//63 694//63
f 694//63 686//63 678//63
f 678//63 670//63 662//63
f 662//63 654//63 646//63
f 646//63 758//63 742//63
f 742//63 726//63 710//63
f 710//63 694//63 678//63
f 678//63 662//63 646//63
f 646//63 742//63 710//63
f 766//64 768//64 767//64
f 768//65 642//65 641//65
f 767//66 641//66 643//66
f 643//66 645//66 647//66
f 647//66 649//66 651//66
f 651//66 653//66 655//66
f 655//66 657//66 659//66
f 659//66 661//66 663//66
f 663//66 665//66 667//66
f 667//66 669//66 671//66
f 671//66 673//66 675//66
f 675//66 677//66 679//66
f 679//66 681//66 683//66
f 683//66 685//66 687//66
f 687//66 689//66 691//66
f 691//66 693//66 695//66
f 695//66 697//66 699//66
f 699//66 701//66 703//66
f 703//66 705//66 707//66
f 707//66 709//66 711//66
f 711//66 713//66 715//66
f 715//66 717//66 719//66
f 719//66 721//66 723//66
f 723//66 725//66 727//66
f 727//66 729//66 731//66
f 731//66 733//66 735//66
f 735//66 737//66 739//66
f 739//66 741//66 743//66
f 743//66 745//66 747//66
f 747//66 749//66 751//66
f 751//66 753//66 755//66
f 755//66 757//66 759//66
f 759//66 761//66 763//66
f 763//66 765//66 767//66
f 767//66 643//66 647//66
f 647//66 651//66 655//66
f 655//66 659//66 663//66
f 663//66 667//66 671//66
f 671//66 675//66 679//66
f 679//66 683//66 687//66
f 687//66 691//66 695//66
f 695//66 699//66 703//66
f 703//66 707//66 711//66
f 711//66 715//66 719//66
f 719//66 723//66 727//66
f 727//66 731//66 735//66
f 735//66 739//66 743//66
f 743//66 747//66 751//66
f 751//66 755//66 759//66
f 759//66 763//66 767//66
f 767//66 647//66 655//66
f 655//66 663//66 671//66
f 671//66 679//66 687//66
f 687//66 695//66 703//66
f 703//66 711//66 719//66
f 719//66 727//66 735//66
f 735//66 743//66 751//66
f 751//66 759//66 767//66
f 767//66 655//66 671//66
f 671//66 687//66 703//66
f 703//66 719//66 735//66
f 735//66 751//66 767//66
f 767//66 671//66 703//66
f 2741//1 2743//1 2999//1
f 2740//1 2996//1 2998//1
f 2745//2 3001//2 2999//2
f 2742//2 2998//2 3000//2
f 2747//3 3003//3 3001//3
f 2746//3 2744//3 3000//3
f 2749//4 3005//4 3003//4
f 2746//4 3002//4 3004//4
f 2749//5 2751//5 3007//5
f 2748//5 3004//5 3006//5
f 3007//6 2751//6 2753//6
f 2753//63 3009//63 3010//63
f 2750//6 3006//6 3008//6
f 2755//7 3012//7 3009//7
f 2752//7 3008//7 3011//7
f 2757//8 3015//8 3012//8
f 3013//8 3014//8 2756//8
f 2754//63 3011//63 3013//63
f 2757//9 2759//9 3017//9
f 2758//85 2756//85 3014//85
f 2759//10 2761//10 3019//10
f 2760//10 2758//10 3016//10
f 2761//11 2763//11 3021//11
f 2762//11 2760//11 3018//11
f 2763//12 2765//12 3023//12
f 2764//12 2762//12 3020//12
f 2765//13 2767//13 3025//13
f 2766//13 2764//13 3022//13
f 2767//14 2769//14 3027//14
f 2768//14 2766//14 3024//14
f 2769//15 2771//15 3029//15
f 2770//15 2768//15 3026//15
f 2771//16 2773//16 3031//16
f 2772//16 2770//16 3028//16
f 2773//17 2775//17 3033//17
f 2774//17 2772//17 3030//17
f 2775//18 2777//18 3035//18
f 2776//18 2774//18 3032//18
f 2777//19 2779//19 3037//19
f 2778//19 2776//19 3034//19
f 2779//20 2781//20 3039//20
f 2780//20 2778//20 3036//20
f 2781//21 2783//21 3041//21
f 2782//21 2780//21 3038//21
f 2783//22 2785//22 3043//22
f 2784//22 2782//22 3040//22
f 2785//23 2787//23 3045//23
f 2786//23 2784//23 3042//23
f 2787//24 2789//24 3047//24
f 2788//80 2786//80 3044//80
f 2789//25 2791//25 3049//25
f 2790//25 2788//25 3046//25
f 2791//26 2793//26 3051//26
f 2792//26 2790//26 3048//26
f 3052//63 3051//63 2793//63
f 2793//27 2795//27 3054//27
f 2794//27 2792//27 3050//27
f 2795//28 2797//28 3056//28
f 2796//28 2794//28 3053//28
f 2797//29 2799//29 3058//29
f 2798//29 2796//29 3055//29
f 2799//30 2801//30 3060//30
f 2800//30 2798//30 3057//30
f 2801//31 2803//31 3062//31
f 2802//31 2800//31 3059//31
f 2803//32 2805//32 3064//32
f 2804//32 2802//32 3061//32
f 2805//33 2807//33 3066//33
f 2806//33 2804//33 3063//33
f 2807//34 2809//34 3068//34
f 2808//34 2806//34 3065//34
f 2809//35 2811//35 3070//35
f 2810//35 2808//35 3067//35
f 2811//36 2813//36 3072//36
f 2812//36 2810//36 3069//36
f 2813//37 2815//37 3074//37
f 2814//37 2812//37 3071//37
f 2815//38 2817//38 3076//38
f 2816//38 2814//38 3073//38
f 2817//39 2819//39 3078//39
f 2818//39 2816//39 3075//39
f 2819//40 2821//40 3081//40
f 3079//40 3080//40 2820//40
f 2818//63 3077//63 3079//63
f 2821//41 2823//41 3083//41
f 2820//41 3080//41 3082//41
f 2825//42 3085//42 3083//42
f 2822//42 3082//42 3084//42
f 2827//43 3087//43 3085//43
f 2824//43 3084//43 3086//43
f 2829//44 3089//44 3087//44
f 2826//44 3086//44 3088//44
f 2829//45 2831//45 3091//45
f 2828//45 3088//45 3090//45
f 2833//46 3093//46 3091//46
f 2830//46 3090//46 3092//46
f 2835//47 3095//47 3093//47
f 2834//47 2832//47 3092//47
f 2837//48 3097//48 3095//48
f 2834//48 3094//48 3096//48
f 2837//49 2839//49 3099//49
f 2836//49 3096//49 3098//49
f 2841//50 3101//50 3099//50
f 2838//50 3098//50 3100//50
f 2843//51 3103//51 3101//51
f 2842//51 2840//51 3100//51
f 2845//52 3105//52 3103//52
f 2842//52 3102//52 3104//52
f 2845//53 2847//53 3107//53
f 2844//53 3104//53 3106//53
f 2847//54 2849//54 3109//54
f 2846//54 3106//54 3108//54
f 2851//55 3111//55 3109//55
f 2848//55 3108//55 3110//55
f 2853//83 3113//83 3111//83
f 2852//83 2850//83 3110//83
f 2853//57 2855//57 3115//57
f 2852//57 3112//57 3114//57
f 2857//58 3117//58 3115//58
f 2854//58 3114//58 3116//58
f 2859//59 3119//59 3117//59
f 2856//59 3116//59 3118//59
f 2861//60 3121//60 3119//60
f 2858//60 3118//60 3120//60
f 2861//61 2863//61 3123//61
f 2860//61 3120//61 3122//61
f 2863//62 2865//62 3125//62
f 2862//62 3122//62 3124//62
f 2759//89 2757//89 2755//89
f 2755//63 2753//63 2751//63
f 2751//63 2749//63 2747//63
f 2747//63 2745//63 2743//63
f 2743//63 2741//63 2867//63
f 2867//63 2865//63 2863//63
f 2863//63 2861//63 2859//63
f 2859//63 2857//63 2855//63
f 2855//90 2853//90 2851//90
f 2851//63 2849//63 2847//63
f 2847//89 2845//89 2843//89
f 2843//63 2841//63 2839//63
f 2839//63 2837//63 2835//63
f 2835//63 2833//63 2831//63
f 2831//89 2829//89 2827//89
f 2827//63 2825//63 2823//63
f 2823//90 2821//90 2819//90
f 2819//63 2817//63 2815//63
f 2815//63 2813//63 2811//63
f 2811//63 2809//63 2807//63
f 2807//63 2805//63 2803//63
f 2803//63 2801//63 2799//63
f 2799//63 2797//63 2795//63
f 2795//63 2793//63 2791//63
f 2791//89 2789//89 2787//89
f 2787//63 2785//63 2783//63
f 2783//90 2781//90 2779//90
f 2779//63 2777//63 2775//63
f 2775//63 2773//63 2771//63
f 2771//63 2769//63 2767//63
f 2767//90 2765//90 2763//90
f 2763//63 2761//63 2759//63
f 2759//63 2755//63 2751//63
f 2751//63 2747//63 2743//63
f 2743//63 2867//63 2863//63
f 2863//63 2859//63 2855//63
f 2855//63 2851//63 2847//63
f 2847//63 2843//63 2839//63
f 2839//63 2835//63 2831//63
f 2831//63 2827//63 2823//63
f 2823//63 2819//63 2815//63
f 2815//63 2811//63 2807//63
f 2807//63 2803//63 2799//63
f 2799//63 2795//63 2791//63
f 2791//63 2787//63 2783//63
f 2783//63 2779//63 2775//63
f 2775//63 2771//63 2767//63
f 2767//63 2763//63 2759//63
f 2759//63 2751//63 2743//63
f 2743//63 2863//63 2855//63
f 2855//63 2847//63 2839//63
f 2839//63 2831//63 2823//63
f 2823//63 2815//63 2807//63
f 2807//63 2799//63 2791//63
f 2791//63 2783//63 2775//63
f 2775//63 2767//63 2759//63
f 2759//63 2743//63 2855//63
f 2855//63 2839//63 2823//63
f 2823//63 2807//63 2791//63
f 2791//63 2775//63 2759//63
f 2759//63 2855//63 2823//63
f 2867//64 3127//64 3125//64
f 2866//64 2864//64 3124//64
f 2741//65 2997//65 3127//65
f 2740//65 2866//65 3126//65
f 2864//66 2866//66 2740//66
f 2740//66 2742//66 2744//66
f 2744//66 2746//66 2748//66
f 2748//66 2750//66 2752//66
f 2752//66 2754//66 2756//66
f 2756//91 2758//91 2760//91
f 2760//66 2762//66 2764//66
f 2764//88 2766//88 2768//88
f 2768//66 2770//66 2772//66
f 2772//66 2774//66 2776//66
f 2776//88 2778//88 2780//88
f 2780//66 2782//66 2784//66
f 2784//91 2786//91 2788//91
f 2788//66 2790//66 2792//66
f 2792//66 2794//66 2796//66
f 2796//66 2798//66 2800//66
f 2800//66 2802//66 2804//66
f 2804//66 2806//66 2808//66
f 2808//66 2810//66 2812//66
f 2812//66 2814//66 2816//66
f 2816//66 2818//66 2820//66
f 2820//88 2822//88 2824//88
f 2824//66 2826//66 2828//66
f 2828//91 2830//91 2832//91
f 2832//66 2834//66 2836//66
f 2836//66 2838//66 2840//66
f 2840//91 2842//91 2844//91
f 2844//66 2846//66 2848//66
f 2848//88 2850//88 2852//88
f 2852//66 2854//66 2856//66
f 2856//66 2858//66 2860//66
f 2860//66 2862//66 2864//66
f 2864//66 2740//66 2744//66
f 2744//66 2748//66 2752//66
f 2752//66 2756//66 2760//66
f 2760//66 2764//66 2768//66
f 2768//66 2772//66 2776//66
f 2776//66 2780//66 2784//66
f 2784//66 2788//66 2792//66
f 2792//66 2796//66 2800//66
f 2800//66 2804//66 2808//66
f 2808//66 2812//66 2816//66
f 2816//66 2820//66 2824//66
f 2824//66 2828//66 2832//66
f 2832//66 2836//66 2840//66
f 2840//66 2844//66 2848//66
f 2848//66 2852//66 2856//66
f 2856//66 2860//66 2864//66
f 2864//66 2744//66 2752//66
f 2752//66 2760//66 2768//66
f 2768//66 2776//66 2784//66
f 2784//66 2792//66 2800//66
f 2800//66 2808//66 2816//66
f 2816//66 2824//66 2832//66
f 2832//66 2840//66 2848//66
f 2848//66 2856//66 2864//66
f 2864//66 2752//66 2768//66
f 2768//66 2784//66 2800//66
f 2800//66 2816//66 2832//66
f 2832//66 2848//66 2864//66
f 2864//66 2768//66 2800//66
f 3010//66 2907//66 2904//66
f 3010//66 2904//66 2903//66
f 3005//66 3007//66 3010//66
f 3001//66 3003//66 3005//66
f 2997//66 2999//66 3001//66
f 3125//66 3127//66 2997//66
f 3121//66 3123//66 3125//66
f 3117//66 3119//66 3121//66
f 3113//88 3115//88 3117//88
f 3109//66 3111//66 3113//66
f 3105//88 3107//88 3109//88
f 3101//91 3103//91 3105//91
f 3097//66 3099//66 3101//66
f 3093//66 3095//66 3097//66
f 3089//91 3091//91 3093//91
f 3085//88 3087//88 3089//88
f 3081//66 3083//66 3085//66
f 3076//88 3078//88 3081//88
f 3072//66 3074//66 3076//66
f 3068//66 3070//66 3072//66
f 3064//66 3066//66 3068//66
f 3060//66 3062//66 3064//66
f 3056//66 3058//66 3060//66
f 3052//66 3054//66 3056//66
f 2919//66 2921//66 3052//66
f 2891//66 2919//66 3052//66
f 3052//66 3056//66 3060//66
f 3060//66 3064//66 3068//66
f 3068//66 3072//66 3076//66
f 3076//66 3081//66 3085//66
f 3085//66 3089//66 3093//66
f 3093//66 3097//66 3101//66
f 3101//66 3105//66 3109//66
f 3109//66 3113//66 3117//66
f 3117//66 3121//66 3125//66
f 3125//66 2997//66 3001//66
f 3001//66 3005//66 3010//66
f 3010//91 2903//91 2923//91
f 3001//66 3010//66 2923//66
f 2891//66 3052//66 3060//66
f 2890//66 2891//66 3060//66
f 3001//66 2923//66 2930//66
f 3001//66 2930//66 2911//66
f 2892//66 2890//66 3060//66
f 2889//66 2892//66 3060//66
f 3125//66 3001//66 2911//66
f 3125//66 2911//66 2870//66
f 2889//66 3060//66 3068//66
f 2888//66 2889//66 3068//66
f 3125//66 2870//66 2871//66
f 3125//66 2871//66 2872//66
f 2918//66 2888//66 3068//66
f 2929//66 2918//66 3068//66
f 3125//66 2872//66 2869//66
f 3125//66 2869//66 2868//66
f 2917//66 2929//66 3068//66
f 2885//66 2917//66 3068//66
f 3117//66 3125//66 2868//66
f 3117//66 2868//66 2910//66
f 2885//66 3068//66 3076//66
f 2886//66 2885//66 3076//66
f 3117//66 2910//66 2912//66
f 3117//66 2912//66 2909//66
f 2887//66 2886//66 3076//66
f 2884//66 2887//66 3076//66
f 3109//66 3117//66 2909//66
f 3109//66 2909//66 2875//66
f 2884//66 3076//66 3085//66
f 2883//66 2884//66 3085//66
f 3109//66 2875//66 2876//66
f 3109//66 2876//66 2877//66
f 2915//66 2883//66 3085//66
f 2916//66 2915//66 3085//66
f 3109//66 2877//66 2874//66
f 3109//66 2874//66 2873//66
f 2914//66 2916//66 3085//66
f 2880//66 2914//66 3085//66
f 3101//66 3109//66 2873//66
f 3101//66 2873//66 2908//66
f 2880//91 3085//91 3093//91
f 2881//66 2880//66 3093//66
f 3101//66 2908//66 2928//66
f 3101//66 2928//66 2913//66
f 2882//66 2881//66 3093//66
f 2879//66 2882//66 3093//66
f 3093//66 3101//66 2913//66
f 2878//66 2879//66 3093//66
f 3052//66 2921//66 2920//66
f 3052//66 2920//66 2893//66
f 3049//63 3051//63 3052//63
f 3045//91 3047//91 3049//91
f 3041//91 3043//91 3045//91
f 3037//88 3039//88 3041//88
f 3033//88 3035//88 3037//88
f 3029//66 3031//66 3033//66
f 3025//88 3027//88 3029//88
f 3021//88 3023//88 3025//88
f 3017//91 3019//91 3021//91
f 3012//91 3015//91 3017//91
f 3010//63 3009//63 3012//63
f 2905//66 2907//66 3010//66
f 2906//66 2905//66 3010//66
f 3010//66 3012//66 3017//66
f 3017//66 3021//66 3025//66
f 3025//66 3029//66 3033//66
f 3033//66 3037//66 3041//66
f 3041//66 3045//66 3049//66
f 3049//66 3052//66 2893//66
f 3049//66 2893//66 2894//66
f 2906//66 3010//66 3017//66
f 2924//66 2906//66 3017//66
f 3041//66 3049//66 2894//66
f 3041//66 2894//66 2897//66
f 2927//66 2924//66 3017//66
f 2925//66 2927//66 3017//66
f 3041//66 2897//66 2895//66
f 3041//66 2895//66 2896//66
f 2925//66 3017//66 3025//66
f 2898//91 2925//91 3025//91
f 3033//91 3041//91 2896//91
f 3033//87 2896//87 2922//87
f 2899//66 2898//66 3025//66
f 2902//66 2899//66 3025//66
f 3033//66 2922//66 2931//66
f 3033//66 2931//66 2926//66
f 2902//66 3025//66 3033//66
f 2900//111 2902//111 3033//111
f 3033//66 2926//66 2901//66
f 3014//63 3013//63 2976//63
f 3014//63 2976//63 2974//63
f 3018//63 3016//63 3014//63
f 3022//63 3020//63 3018//63
f 3026//90 3024//90 3022//90
f 3030//63 3028//63 3026//63
f 3034//63 3032//63 3030//63
f 3038//90 3036//90 3034//90
f 3042//63 3040//63 3038//63
f 3046//63 3044//63 3042//63
f 3050//89 3048//89 3046//89
f 3055//63 3053//63 3050//63
f 3059//63 3057//63 3055//63
f 3063//63 3061//63 3059//63
f 3067//63 3065//63 3063//63
f 3071//63 3069//63 3067//63
f 3075//63 3073//63 3071//63
f 3075//63 3071//63 3067//63
f 3067//63 3063//63 3059//63
f 3059//63 3055//63 3050//63
f 3050//63 3046//63 3042//63
f 3042//63 3038//63 3034//63
f 3034//63 3030//63 3026//63
f 3026//63 3022//63 3018//63
f 3018//63 3014//63 2974//63
f 3018//63 2974//63 2937//63
f 3018//63 2937//63 2938//63
f 3018//63 2938//63 2941//63
f 3018//63 2941//63 2939//63
f 3018//92 2939//92 2940//92
f 3026//63 3018//63 2940//63
f 3026//63 2940//63 2975//63
f 3026//63 2975//63 2992//63
f 3026//63 2992//63 2981//63
f 3026//92 2981//92 2945//92
f 3034//63 3026//63 2945//63
f 3034//63 2945//63 2944//63
f 3034//63 2944//63 2946//63
f 3034//63 2946//63 2943//63
f 3034//112 2943//112 2942//112
f 3042//63 3034//63 2942//63
f 3042//63 2942//63 2979//63
f 3042//63 2979//63 2980//63
f 3042//63 2980//63 2978//63
f 3042//92 2978//92 2950//92
f 3050//63 3042//63 2950//63
f 3050//63 2950//63 2949//63
f 3050//63 2949//63 2951//63
f 3050//63 2951//63 2948//63
f 3050//90 2948//90 2947//90
f 3059//63 3050//63 2947//63
f 3059//63 2947//63 2977//63
f 3059//63 2977//63 2993//63
f 3059//63 2993//63 2986//63
f 3059//63 2986//63 2954//63
f 3067//63 3059//63 2954//63
f 3067//63 2954//63 2955//63
f 3067//63 2955//63 2956//63
f 3067//63 2956//63 2953//63
f 3067//95 2953//95 2952//95
f 3075//63 3067//63 2952//63
f 3075//63 2952//63 2984//63
f 3075//63 2984//63 2985//63
f 3079//63 3077//63 3075//63
f 3080//63 3079//63 2985//63
f 3080//63 2985//63 2983//63
f 3084//63 3082//63 3080//63
f 3088//63 3086//63 3084//63
f 3092//89 3090//89 3088//89
f 3096//63 3094//63 3092//63
f 3100//63 3098//63 3096//63
f 3104//89 3102//89 3100//89
f 3108//63 3106//63 3104//63
f 3112//63 3110//63 3108//63
f 3116//90 3114//90 3112//90
f 3120//63 3118//63 3116//63
f 3124//63 3122//63 3120//63
f 2996//63 3126//63 3124//63
f 3000//63 2998//63 2996//63
f 3004//63 3002//63 3000//63
f 3008//63 3006//63 3004//63
f 3008//63 3004//63 3000//63
f 3000//63 2996//63 3124//63
f 3124//63 3120//63 3116//63
f 3116//63 3112//63 3108//63
f 3108//63 3104//63 3100//63
f 3100//63 3096//63 3092//63
f 3092//63 3088//63 3084//63
f 3084//63 3080//63 2983//63
f 3084//63 2983//63 2959//63
f 3084//63 2959//63 2960//63
f 3084//63 2960//63 2961//63
f 3084//63 2961//63 2958//63
f 3084//112 2958//112 2957//112
f 3092//63 3084//63 2957//63
f 3092//63 2957//63 2982//63
f 3092//63 2982//63 2994//63
f 3092//63 2994//63 2987//63
f 3092//112 2987//112 2963//112
f 3100//63 3092//63 2963//63
f 3100//63 2963//63 2962//63
f 3100//63 2962//63 2966//63
f 3100//63 2966//63 2965//63
f 3100//92 2965//92 2964//92
f 3108//63 3100//63 2964//63
f 3108//63 2964//63 2988//63
f 3108//63 2988//63 2991//63
f 3108//63 2991//63 2989//63
f 3108//112 2989//112 2967//112
f 3116//63 3108//63 2967//63
f 3116//63 2967//63 2968//63
f 3116//63 2968//63 2971//63
f 3116//63 2971//63 2970//63
f 3116//89 2970//89 2969//89
f 3124//63 3116//63 2969//63
f 3124//63 2969//63 2990//63
f 3124//63 2990//63 2995//63
f 3124//63 2995//63 2972//63
f 3124//63 2972//63 2932//63
f 3000//63 3124//63 2932//63
f 3000//63 2932//63 2933//63
f 3000//63 2933//63 2936//63
f 3000//63 2936//63 2934//63
f 3000//113 2934//113 2935//113
f 3008//63 3000//63 2935//63
f 3008//63 2935//63 2973//63
f 3008//63 2973//63 2976//63
f 3013//63 3011//63 3008//63
f 2972//1 2870//1 2911//1
f 2932//2 2911//2 2930//2
f 2933//3 2930//3 2923//3
f 2903//4 2934//4 2936//4
f 2904//5 2935//5 2934//5
f 2907//6 2973//6 2935//6
f 2905//7 2976//7 2973//7
f 2906//8 2974//8 2976//8
f 2937//85 2974//85 2906//85
f 2938//10 2937//10 2924//10
f 2941//11 2938//11 2927//11
f 2939//12 2941//12 2925//12
f 2940//13 2939//13 2898//13
f 2975//14 2940//14 2899//14
f 2992//15 2975//15 2902//15
f 2981//16 2992//16 2900//16
f 2945//17 2981//17 2901//17
f 2944//18 2945//18 2926//18
f 2946//19 2944//19 2931//19
f 2943//20 2946//20 2922//20
f 2942//21 2943//21 2896//21
f 2979//22 2942//22 2895//22
f 2980//23 2979//23 2897//23
f 2978//80 2980//80 2894//80
f 2950//25 2978//25 2893//25
f 2949//26 2950//26 2920//26
f 2951//27 2949//27 2921//27
f 2948//28 2951//28 2919//28
f 2947//29 2948//29 2891//29
f 2977//30 2947//30 2890//30
f 2993//31 2977//31 2892//31
f 2986//32 2993//32 2889//32
f 2954//33 2986//33 2888//33
f 2955//34 2954//34 2918//34
f 2956//35 2955//35 2929//35
f 2953//36 2956//36 2917//36
f 2952//37 2953//37 2885//37
f 2984//38 2952//38 2886//38
f 2985//39 2984//39 2887//39
f 2983//40 2985//40 2884//40
f 2915//75 2959//75 2983//75
f 2916//42 2960//42 2959//42
f 2914//43 2961//43 2960//43
f 2880//44 2958//44 2961//44
f 2881//45 2957//45 2958//45
f 2957//46 2881//46 2882//46
f 2982//47 2882//47 2879//47
f 2994//48 2879//48 2878//48
f 2987//49 2878//49 2913//49
f 2963//50 2913//50 2928//50
f 2962//51 2928//51 2908//51
f 2873//52 2965//52 2966//52
f 2874//53 2964//53 2965//53
f 2877//54 2988//54 2964//54
f 2876//55 2991//55 2988//55
f 2875//83 2989//83 2991//83
f 2909//57 2967//57 2989//57
f 2912//58 2968//58 2967//58
f 2910//59 2971//59 2968//59
f 2868//60 2970//60 2971//60
f 2869//61 2969//61 2970//61
f 2969//62 2869//62 2872//62
f 2990//64 2872//64 2871//64
f 2995//65 2871//65 2870//65
usemtl bolt_black
f 770//68 771//68 769//68
f 772//69 773//69 771//69
f 774//70 775//70 773//70
f 776//71 777//71 775//71
f 770//63 778//63 774//63
f 778//72 779//72 777//72
f 780//73 769//73 779//73
f 771//66 775//66 779//66
f 782//68 783//68 781//68
f 784//69 785//69 783//69
f 786//70 787//70 785//70
f 788//71 789//71 787//71
f 782//63 790//63 786//63
f 790//72 791//72 789//72
f 792//73 781//73 791//73
f 783//66 787//66 791//66
f 794//68 795//68 793//68
f 796//69 797//69 795//69
f 798//70 799//70 797//70
f 800//71 801//71 799//71
f 794//63 802//63 798//63
f 802//72 803//72 801//72
f 804//73 793//73 803//73
f 795//66 799//66 803//66
f 806//68 807//68 805//68
f 808//69 809//69 807//69
f 810//70 811//70 809//70
f 812//71 813//71 811//71
f 806//63 814//63 810//63
f 814//72 815//72 813//72
f 816//73 805//73 815//73
f 807//66 811//66 815//66
f 818//68 819//68 817//68
f 820//69 821//69 819//69
f 822//70 823//70 821//70
f 824//71 825//71 823//71
f 818//63 826//63 822//63
f 826//72 827//72 825//72
f 828//73 817//73 827//73
f 819//66 823//66 827//66
f 830//68 831//68 829//68
f 832//69 833//69 831//69
f 834//70 835//70 833//70
f 836//71 837//71 835//71
f 830//63 838//63 834//63
f 838//72 839//72 837//72
f 840//73 829//73 839//73
f 831//66 835//66 839//66
f 842//68 843//68 841//68
f 844//69 845//69 843//69
f 846//70 847//70 845//70
f 848//71 849//71 847//71
f 842//63 850//63 846//63
f 850//72 851//72 849//72
f 852//73 841//73 851//73
f 843//66 847//66 851//66
f 854//68 855//68 853//68
f 856//69 857//69 855//69
f 858//70 859//70 857//70
f 860//71 861//71 859//71
f 854//63 862//63 858//63
f 862//72 863//72 861//72
f 864//73 853//73 863//73
f 855//66 859//66 863//66
f 866//68 867//68 865//68
f 868//69 869//69 867//69
f 870//70 871//70 869//70
f 872//71 873//71 871//71
f 866//63 874//63 870//63
f 874//72 875//72 873//72
f 876//73 865//73 875//73
f 867//66 871//66 875//66
f 878//68 879//68 877//68
f 880//69 881//69 879//69
f 882//70 883//70 881//70
f 884//71 885//71 883//71
f 878//63 886//63 882//63
f 886//72 887//72 885//72
f 888//73 877//73 887//73
f 879//66 883//66 887//66
f 890//68 891//68 889//68
f 892//69 893//69 891//69
f 894//70 895//70 893//70
f 896//71 897//71 895//71
f 890//63 898//63 894//63
f 898//72 899//72 897//72
f 900//73 889//73 899//73
f 891//66 895//66 899//66
f 902//68 903//68 901//68
f 904//69 905//69 903//69
f 906//70 907//70 905//70
f 908//71 909//71 907//71
f 902//63 910//63 906//63
f 910//72 911//72 909//72
f 912//73 901//73 911//73
f 903//66 907//66 911//66
f 914//68 915//68 913//68
f 916//69 917//69 915//69
f 918//70 919//70 917//70
f 920//71 921//71 919//71
f 914//63 922//63 918//63
f 922//72 923//72 921//72
f 924//73 913//73 923//73
f 915//66 919//66 923//66
f 926//68 927//68 925//68
f 928//69 929//69 927//69
f 930//70 931//70 929//70
f 932//71 933//71 931//71
f 926//63 934//63 930//63
f 934//72 935//72 933//72
f 936//73 925//73 935//73
f 927//66 931//66 935//66
f 938//68 939//68 937//68
f 940//69 941//69 939//69
f 942//70 943//70 941//70
f 944//71 945//71 943//71
f 938//63 946//63 942//63
f 946//72 947//72 945//72
f 948//73 937//73 947//73
f 939//66 943//66 947//66
f 950//68 951//68 949//68
f 952//69 953//69 951//69
f 954//70 955//70 953//70
f 956//71 957//71 955//71
f 950//63 958//63 954//63
f 958//72 959//72 957//72
f 960//73 949//73 959//73
f 951//66 955//66 959//66
f 962//68 963//68 961//68
f 964//69 965//69 963//69
f 966//70 967//70 965//70
f 968//71 969//71 967//71
f 962//63 970//63 966//63
f 970//72 971//72 969//72
f 972//73 961//73 971//73
f 963//66 967//66 971//66
f 974//68 975//68 973//68
f 976//69 977//69 975//69
f 978//70 979//70 977//70
f 980//71 981//71 979//71
f 974//63 982//63 978//63
f 982//72 983//72 981//72
f 984//73 973//73 983//73
f 975//66 979//66 983//66
f 986//68 987//68 985//68
f 988//69 989//69 987//69
f 990//70 991//70 989//70
f 992//71 993//71 991//71
f 986//63 994//63 990//63
f 994//72 995//72 993//72
f 996//73 985//73 995//73
f 987//66 991//66 995//66
f 998//68 999//68 997//68
f 1000//69 1001//69 999//69
f 1002//70 1003//70 1001//70
f 1004//71 1005//71 1003//71
f 998//63 1006//63 1002//63
f 1006//72 1007//72 1005//72
f 1008//73 997//73 1007//73
f 999//66 1003//66 1007//66
f 1010//68 1011//68 1009//68
f 1012//69 1013//69 1011//69
f 1014//70 1015//70 1013//70
f 1016//71 1017//71 1015//71
f 1010//63 1018//63 1014//63
f 1018//72 1019//72 1017//72
f 1020//73 1009//73 1019//73
f 1011//66 1015//66 1019//66
f 1022//68 1023//68 1021//68
f 1024//69 1025//69 1023//69
f 1026//70 1027//70 1025//70
f 1028//71 1029//71 1027//71
f 1022//63 1030//63 1026//63
f 1030//72 1031//72 1029//72
f 1032//73 1021//73 1031//73
f 1023//66 1027//66 1031//66
f 1034//68 1035//68 1033//68
f 1036//69 1037//69 1035//69
f 1038//70 1039//70 1037//70
f 1040//71 1041//71 1039//71
f 1034//63 1042//63 1038//63
f 1042//72 1043//72 1041//72
f 1044//73 1033//73 1043//73
f 1035//66 1039//66 1043//66
f 1046//68 1047//68 1045//68
f 1048//69 1049//69 1047//69
f 1050//70 1051//70 1049//70
f 1052//71 1053//71 1051//71
f 1046//63 1054//63 1050//63
f 1054//72 1055//72 1053//72
f 1056//73 1045//73 1055//73
f 1047//66 1051//66 1055//66
f 770//68 772//68 771//68
f 772//69 774//69 773//69
f 774//70 776//70 775//70
f 776//71 778//71 777//71
f 774//63 772//63 770//63
f 770//63 780//63 778//63
f 778//63 776//63 774//63
f 778//72 780//72 779//72
f 780//73 770//73 769//73
f 779//66 769//66 771//66
f 771//66 773//66 775//66
f 775//66 777//66 779//66
f 782//68 784//68 783//68
f 784//69 786//69 785//69
f 786//70 788//70 787//70
f 788//71 790//71 789//71
f 786//63 784//63 782//63
f 782//63 792//63 790//63
f 790//63 788//63 786//63
f 790//72 792//72 791//72
f 792//73 782//73 781//73
f 791//66 781//66 783//66
f 783//66 785//66 787//66
f 787//66 789//66 791//66
f 794//68 796//68 795//68
f 796//69 798//69 797//69
f 798//70 800//70 799//70
f 800//71 802//71 801//71
f 798//63 796//63 794//63
f 794//63 804//63 802//63
f 802//63 800//63 798//63
f 802//72 804//72 803//72
f 804//73 794//73 793//73
f 803//66 793//66 795//66
f 795//66 797//66 799//66
f 799//66 801//66 803//66
f 806//68 808//68 807//68
f 808//69 810//69 809//69
f 810//70 812//70 811//70
f 812//71 814//71 813//71
f 810//63 808//63 806//63
f 806//63 816//63 814//63
f 814//63 812//63 810//63
f 814//72 816//72 815//72
f 816//73 806//73 805//73
f 815//66 805//66 807//66
f 807//66 809//66 811//66
f 811//66 813//66 815//66
f 818//68 820//68 819//68
f 820//69 822//69 821//69
f 822//70 824//70 823//70
f 824//71 826//71 825//71
f 822//63 820//63 818//63
f 818//63 828//63 826//63
f 826//63 824//63 822//63
f 826//72 828//72 827//72
f 828//73 818//73 817//73
f 827//66 817//66 819//66
f 819//66 821//66 823//66
f 823//66 825//66 827//66
f 830//68 832//68 831//68
f 832//69 834//69 833//69
f 834//70 836//70 835//70
f 836//71 838//71 837//71
f 834//63 832//63 830//63
f 830//63 840//63 838//63
f 838//63 836//63 834//63
f 838//72 840//72 839//72
f 840//73 830//73 829//73
f 839//66 829//66 831//66
f 831//66 833//66 835//66
f 835//66 837//66 839//66
f 842//68 844//68 843//68
f 844//69 846//69 845//69
f 846//70 848//70 847//70
f 848//71 850//71 849//71
f 846//63 844//63 842//63
f 842//63 852//63 850//63
f 850//63 848//63 846//63
f 850//72 852//72 851//72
f 852//73 842//73 841//73
f 851//66 841//66 843//66
f 843//66 845//66 847//66
f 847//66 849//66 851//66
f 854//68 856//68 855//68
f 856//69 858//69 857//69
f 858//70 860//70 859//70
f 860//71 862//71 861//71
f 858//63 856//63 854//63
f 854//63 864//63 862//63
f 862//63 860//63 858//63
f 862//72 864//72 863//72
f 864//73 854//73 853//73
f 863//66 853//66 855//66
f 855//66 857//66 859//66
f 859//66 861//66 863//66
f 866//68 868//68 867//68
f 868//69 870//69 869//69
f 870//70 872//70 871//70
f 872//71 874//71 873//71
f 870//63 868//63 866//63
f 866//63 876//63 874//63
f 874//63 872//63 870//63
f 874//72 876//72 875//72
f 876//73 866//73 865//73
f 875//66 865//66 867//66
f 867//66 869//66 871//66
f 871//66 873//66 875//66
f 878//68 880//68 879//68
f 880//69 882//69 881//69
f 882//70 884//70 883//70
f 884//71 886//71 885//71
f 882//63 880//63 878//63
f 878//63 888//63 886//63
f 886//63 884//63 882//63
f 886//72 888//72 887//72
f 888//73 878//73 877//73
f 887//66 877//66 879//66
f 879//66 881//66 883//66
f 883//66 885//66 887//66
f 890//68 892//68 891//68
f 892//69 894//69 893//69
f 894//70 896//70 895//70
f 896//71 898//71 897//71
f 894//63 892//63 890//63
f 890//63 900//63 898//63
f 898//63 896//63 894//63
f 898//72 900//72 899//72
f 900//73 890//73 889//73
f 899//66 889//66 891//66
f 891//66 893//66 895//66
f 895//66 897//66 899//66
f 902//68 904//68 903//68
f 904//69 906//69 905//69
f 906//70 908//70 907//70
f 908//71 910//71 909//71
f 906//63 904//63 902//63
f 902//63 912//63 910//63
f 910//63 908//63 906//63
f 910//72 912//72 911//72
f 912//73 902//73 901//73
f 911//66 901//66 903//66
f 903//66 905//66 907//66
f 907//66 909//66 911//66
f 914//68 916//68 915//68
f 916//69 918//69 917//69
f 918//70 920//70 919//70
f 920//71 922//71 921//71
f 918//63 916//63 914//63
f 914//63 924//63 922//63
f 922//63 920//63 918//63
f 922//72 924//72 923//72
f 924//73 914//73 913//73
f 923//66 913//66 915//66
f 915//66 917//66 919//66
f 919//66 921//66 923//66
f 926//68 928//68 927//68
f 928//69 930//69 929//69
f 930//70 932//70 931//70
f 932//71 934//71 933//71
f 930//63 928//63 926//63
f 926//63 936//63 934//63
f 934//63 932//63 930//63
f 934//72 936//72 935//72
f 936//73 926//73 925//73
f 935//66 925//66 927//66
f 927//66 929//66 931//66
f 931//66 933//66 935//66
f 938//68 940//68 939//68
f 940//69 942//69 941//69
f 942//70 944//70 943//70
f 944//71 946//71 945//71
f 942//63 940//63 938//63
f 938//63 948//63 946//63
f 946//63 944//63 942//63
f 946//72 948//72 947//72
f 948//73 938//73 937//73
f 947//66 937//66 939//66
f 939//66 941//66 943//66
f 943//66 945//66 947//66
f 950//68 952//68 951//68
f 952//69 954//69 953//69
f 954//70 956//70 955//70
f 956//71 958//71 957//71
f 954//63 952//63 950//63
f 950//63 960//63 958//63
f 958//63 956//63 954//63
f 958//72 960//72 959//72
f 960//73 950//73 949//73
f 959//66 949//66 951//66
f 951//66 953//66 955//66
f 955//66 957//66 959//66
f 962//68 964//68 963//68
f 964//69 966//69 965//69
f 966//70 968//70 967//70
f 968//71 970//71 969//71
f 966//63 964//63 962//63
f 962//63 972//63 970//63
f 970//63 968//63 966//63
f 970//72 972//72 971//72
f 972//73 962//73 961//73
f 971//66 961//66 963//66
f 963//66 965//66 967//66
f 967//66 969//66 971//66
f 974//68 976//68 975//68
f 976//69 978//69 977//69
f 978//70 980//70 979//70
f 980//71 982//71 981//71
f 978//63 976//63 974//63
f 974//63 984//63 982//63
f 982//63 980//63 978//63
f 982//72 984//72 983//72
f 984//73 974//73 973//73
f 983//66 973//66 975//66
f 975//66 977//66 979//66
f 979//66 981//66 983//66
f 986//68 988//68 987//68
f 988//69 990//69 989//69
f 990//70 992//70 991//70
f 992//71 994//71 993//71
f 990//63 988//63 986//63
f 986//63 996//63 994//63
f 994//63 992//63 990//63
f 994//72 996//72 995//72
f 996//73 986//73 985//73
f 995//66 985//66 987//66
f 987//66 989//66 991//66
f 991//66 993//66 995//66
f 998//68 1000//68 999//68
f 1000//69 1002//69 1001//69
f 1002//70 1004//70 1003//70
f 1004//71 1006//71 1005//71
f 1002//63 1000//63 998//63
f 998//63 1008//63 1006//63
f 1006//63 1004//63 1002//63
f 1006//72 1008//72 1007//72
f 1008//73 998//73 997//73
f 1007//66 997//66 999//66
f 999//66 1001//66 1003//66
f 1003//66 1005//66 1007//66
f 1010//68 1012//68 1011//68
f 1012//69 1014//69 1013//69
f 1014//70 1016//70 1015//70
f 1016//71 1018//71 1017//71
f 1014//63 1012//63 1010//63
f 1010//63 1020//63 1018//63
f 1018//63 1016//63 1014//63
f 1018//72 1020//72 1019//72
f 1020//73 1010//73 1009//73
f 1019//66 1009//66 1011//66
f 1011//66 1013//66 1015//66
f 1015//66 1017//66 1019//66
f 1022//68 1024//68 1023//68
f 1024//69 1026//69 1025//69
f 1026//70 1028//70 1027//70
f 1028//71 1030//71 1029//71
f 1026//63 1024//63 1022//63
f 1022//63 1032//63 1030//63
f 1030//63 1028//63 1026//63
f 1030//72 1032//72 1031//72
f 1032//73 1022//73 1021//73
f 1031//66 1021//66 1023//66
f 1023//66 1025//66 1027//66
f 1027//66 1029//66 1031//66
f 1034//68 1036//68 1035//68
f 1036//69 1038//69 1037//69
f 1038//70 1040//70 1039//70
f 1040//71 1042//71 1041//71
f 1038//63 1036//63 1034//63
f 1034//63 1044//63 1042//63
f 1042//63 1040//63 1038//63
f 1042//72 1044//72 1043//72
f 1044//73 1034//73 1033//73
f 1043//66 1033//66 1035//66
f 1035//66 1037//66 1039//66
f 1039//66 1041//66 1043//66
f 1046//68 1048//68 1047//68
f 1048//69 1050//69 1049//69
f 1050//70 1052//70 1051//70
f 1052//71 1054//71 1053//71
f 1050//63 1048//63 1046//63
f 1046//63 1056//63 1054//63
f 1054//63 1052//63 1050//63
f 1054//72 1056//72 1055//72
f 1056//73 1046//73 1045//73
f 1055//66 1045//66 1047//66
f 1047//66 1049//66 1051//66
f 1051//66 1053//66 1055//66
usemtl gear_paint
f 1058//1 1059//1 1057//1
f 1060//2 1061//2 1059//2
f 1062//3 1063//3 1061//3
f 1064//4 1065//4 1063//4
f 1066//5 1067//5 1065//5
f 1068//6 1069//6 1067//6
f 1070//7 1071//7 1069//7
f 1072//8 1073//8 1071//8
f 1074//9 1075//9 1073//9
f 1076//10 1077//10 1075//10
f 1078//11 1079//11 1077//11
f 1080//12 1081//12 1079//12
f 1082//13 1083//13 1081//13
f 1084//14 1085//14 1083//14
f 1086//15 1087//15 1085//15
f 1088//16 1089//16 1087//16
f 1090//17 1091//17 1089//17
f 1092//18 1093//18 1091//18
f 1094//19 1095//19 1093//19
f 1096//20 1097//20 1095//20
f 1098//21 1099//21 1097//21
f 1100//22 1101//22 1099//22
f 1102//23 1103//23 1101//23
f 1104//24 1105//24 1103//24
f 1106//25 1107//25 1105//25
f 1108//26 1109//26 1107//26
f 1110//27 1111//27 1109//27
f 1112//28 1113//28 1111//28
f 1114//29 1115//29 1113//29
f 1116//30 1117//30 1115//30
f 1118//31 1119//31 1117//31
f 1120//32 1121//32 1119//32
f 1122//33 1123//33 1121//33
f 1124//34 1125//34 1123//34
f 1126//35 1127//35 1125//35
f 1128//36 1129//36 1127//36
f 1130//37 1131//37 1129//37
f 1132//38 1133//38 1131//38
f 1134//39 1135//39 1133//39
f 1136//40 1137//40 1135//40
f 1138//41 1139//41 1137//41
f 1140//42 1141//42 1139//42
f 1142//43 1143//43 1141//43
f 1144//44 1145//44 1143//44
f 1146//45 1147//45 1145//45
f 1148//46 1149//46 1147//46
f 1150//47 1151//47 1149//47
f 1152//48 1153//48 1151//48
f 1154//49 1155//49 1153//49
f 1156//50 1157//50 1155//50
f 1158//51 1159//51 1157//51
f 1160//52 1161//52 1159//52
f 1162//53 1163//53 1161//53
f 1164//54 1165//54 1163//54
f 1166//55 1167//55 1165//55
f 1168//56 1169//56 1167//56
f 1170//57 1171//57 1169//57
f 1172//58 1173//58 1171//58
f 1174//59 1175//59 1173//59
f 1176//60 1177//60 1175//60
f 1178//61 1179//61 1177//61
f 1180//62 1181//62 1179//62
f 2237//63 2239//63 2099//63
f 1579//63 1501//63 1499//63
f 2646//63 2656//63 2490//63
f 1174//63 2523//63 2520//63
f 1184//63 2389//63 2388//63
f 1080//63 2141//63 2133//63
f 1082//63 1992//63 1989//63
f 1873//63 1731//63 1729//63
f 1738//63 1616//63 1736//63
f 1120//63 1597//63 1598//63
f 1374//63 1470//63 1359//63
f 1203//63 1314//63 1316//63
f 1142//63 1194//63 1188//63
f 1182//64 1183//64 1181//64
f 1184//65 1057//65 1183//65
f 1309//66 1302//66 1422//66
f 1385//66 1384//66 1559//66
f 1667//66 1669//66 1822//66
f 1063//66 2310//66 2309//66
f 2320//66 2469//66 2470//66
f 2551//66 1183//66 2436//66
f 1085//66 2171//66 2167//66
f 1085//66 2052//66 2054//66
f 1772//66 1770//66 1660//66
f 1569//66 1571//66 1688//66
f 2696//66 2703//66 1295//66
f 1167//66 1183//66 2582//66
f 1222//33 1313//33 1283//33
f 1221//34 1283//34 1287//34
f 1227//35 1287//35 1285//35
f 1225//36 1285//36 1295//36
f 1249//37 1295//37 1289//37
f 1228//38 1289//38 1293//38
f 1230//39 1293//39 1291//39
f 1236//74 1291//74 1312//74
f 1236//75 1297//75 1234//75
f 1234//42 1301//42 1232//42
f 1232//43 1299//43 1246//43
f 1246//44 1310//44 1240//44
f 1240//45 1303//45 1238//45
f 1238//46 1308//46 1245//46
f 1245//47 1306//47 1242//47
f 1242//48 1304//48 1241//48
f 1241//49 1305//49 1244//49
f 1244//50 1307//50 1243//50
f 1243//51 1302//51 1237//51
f 1237//52 1309//52 1239//52
f 1239//53 1298//53 1248//53
f 1248//54 1300//54 1233//54
f 1233//55 1296//55 1231//55
f 1231//56 1311//56 1235//56
f 1235//67 1290//67 1229//67
f 1229//58 1292//58 1247//58
f 1247//59 1288//59 1223//59
f 1223//60 1294//60 1224//60
f 1224//61 1284//61 1226//61
f 1226//62 1286//62 1220//62
f 1220//64 1282//64 1203//64
f 1203//65 1279//65 1204//65
f 1204//1 1273//1 1205//1
f 1205//2 1275//2 1202//2
f 1202//3 1271//3 1201//3
f 1201//4 1277//4 1206//4
f 1206//5 1267//5 1199//5
f 1199//6 1269//6 1198//6
f 1198//7 1265//7 1200//7
f 1200//76 1280//76 1197//76
f 1196//9 1280//9 1259//9
f 1207//10 1259//10 1261//10
f 1190//11 1261//11 1257//11
f 1192//77 1257//77 1263//77
f 1194//13 1263//13 1253//13
f 1188//14 1253//14 1255//14
f 1186//15 1255//15 1251//15
f 1185//16 1251//16 1250//16
f 1187//78 1250//78 1252//78
f 1189//18 1252//18 1256//18
f 1195//19 1256//19 1254//19
f 1193//79 1254//79 1264//79
f 1191//21 1264//21 1258//21
f 1208//22 1258//22 1262//22
f 1212//23 1262//23 1260//23
f 1211//80 1260//80 1281//80
f 1266//81 1210//81 1211//81
f 1217//26 1266//26 1270//26
f 1213//27 1270//27 1268//27
f 1216//28 1268//28 1278//28
f 1214//29 1278//29 1272//29
f 1215//30 1272//30 1276//30
f 1218//31 1276//31 1274//31
f 1219//32 1274//32 1313//32
f 1346//33 1429//33 1425//33
f 1350//34 1425//34 1424//34
f 1348//35 1424//35 1428//35
f 1358//36 1428//36 1427//36
f 1352//37 1427//37 1426//37
f 1356//38 1426//38 1441//38
f 1354//39 1441//39 1431//39
f 1375//74 1431//74 1430//74
f 1375//75 1434//75 1360//75
f 1360//42 1433//42 1364//42
f 1364//43 1432//43 1362//43
f 1362//82 1440//82 1372//82
f 1372//45 1436//45 1366//45
f 1366//46 1435//46 1370//46
f 1370//47 1439//47 1368//47
f 1368//48 1437//48 1367//48
f 1367//49 1438//49 1369//49
f 1369//50 1392//50 1371//50
f 1371//51 1390//51 1365//51
f 1365//52 1391//52 1373//52
f 1373//53 1393//53 1361//53
f 1361//54 1388//54 1363//54
f 1363//55 1389//55 1359//55
f 1359//56 1386//56 1374//56
f 1374//67 1387//67 1353//67
f 1353//58 1394//58 1355//58
f 1355//59 1384//59 1351//59
f 1351//60 1385//60 1357//60
f 1357//61 1382//61 1347//61
f 1347//62 1383//62 1349//62
f 1349//64 1380//64 1345//64
f 1345//65 1379//65 1376//65
f 1376//1 1381//1 1338//1
f 1338//2 1378//2 1340//2
f 1340//3 1423//3 1335//3
f 1335//4 1416//4 1342//4
f 1342//5 1410//5 1331//5
f 1331//6 1412//6 1333//6
f 1333//7 1414//7 1329//7
f 1329//76 1406//76 1344//76
f 1323//9 1406//9 1408//9
f 1325//10 1408//10 1417//10
f 1321//11 1417//11 1400//11
f 1327//12 1400//12 1402//12
f 1317//13 1402//13 1404//13
f 1320//14 1404//14 1398//14
f 1315//15 1398//15 1396//15
f 1314//16 1396//16 1395//16
f 1316//17 1395//17 1397//17
f 1319//18 1397//18 1399//18
f 1318//19 1399//19 1405//19
f 1322//20 1405//20 1403//20
f 1326//21 1403//21 1401//21
f 1324//22 1401//22 1418//22
f 1328//23 1418//23 1409//23
f 1330//24 1409//24 1407//24
f 1334//25 1407//25 1415//25
f 1332//26 1415//26 1413//26
f 1343//27 1413//27 1411//27
f 1336//28 1411//28 1419//28
f 1341//29 1419//29 1420//29
f 1339//30 1420//30 1422//30
f 1337//31 1422//31 1421//31
f 1377//32 1421//32 1429//32
f 1481//33 1561//33 1556//33
f 1483//34 1556//34 1552//34
f 1482//35 1552//35 1550//35
f 1487//36 1550//36 1540//36
f 1484//37 1540//37 1543//37
f 1486//38 1543//38 1542//38
f 1506//39 1542//39 1541//39
f 1490//74 1541//74 1548//74
f 1490//41 1545//41 1496//41
f 1496//42 1544//42 1494//42
f 1494//43 1547//43 1492//43
f 1492//44 1546//44 1505//44
f 1505//45 1551//45 1498//45
f 1498//46 1553//46 1502//46
f 1502//47 1557//47 1501//47
f 1501//48 1563//48 1499//48
f 1499//49 1567//49 1500//49
f 1500//50 1571//50 1504//50
f 1504//51 1569//51 1497//51
f 1497//52 1565//52 1503//52
f 1503//53 1558//53 1493//53
f 1493//54 1554//54 1491//54
f 1491//55 1539//55 1495//55
f 1495//83 1533//83 1489//83
f 1489//57 1534//57 1507//57
f 1507//58 1532//58 1485//58
f 1485//59 1535//59 1472//59
f 1472//60 1530//60 1468//60
f 1468//61 1531//61 1465//61
f 1465//62 1529//62 1462//62
f 1462//64 1536//64 1460//64
f 1460//65 1526//65 1457//65
f 1457//1 1527//1 1453//1
f 1453//2 1525//2 1454//2
f 1454//3 1528//3 1452//3
f 1452//4 1523//4 1455//4
f 1455//5 1524//5 1450//5
f 1450//6 1522//6 1451//6
f 1451//7 1521//7 1449//7
f 1449//8 1518//8 1448//8
f 1446//9 1518//9 1519//9
f 1447//10 1519//10 1517//10
f 1445//11 1517//11 1520//11
f 1444//12 1520//12 1515//12
f 1443//13 1515//13 1513//13
f 1442//14 1513//14 1511//14
f 1456//15 1511//15 1508//15
f 1458//16 1508//16 1509//16
f 1459//17 1509//17 1510//17
f 1461//18 1510//18 1512//18
f 1463//19 1512//19 1514//19
f 1464//20 1514//20 1516//20
f 1466//21 1516//21 1537//21
f 1467//22 1537//22 1538//22
f 1549//23 1470//23 1469//23
f 1473//80 1549//80 1555//80
f 1475//84 1555//84 1559//84
f 1560//26 1474//26 1559//26
f 1480//27 1564//27 1568//27
f 1476//28 1568//28 1572//28
f 1479//29 1572//29 1570//29
f 1478//30 1570//30 1566//30
f 1477//31 1566//31 1562//31
f 1488//32 1562//32 1561//32
f 1626//33 1655//33 1661//33
f 1625//34 1661//34 1660//34
f 1637//35 1660//35 1658//35
f 1629//36 1658//36 1681//36
f 1632//37 1681//37 1663//37
f 1631//38 1663//38 1669//38
f 1630//39 1669//39 1667//39
f 1636//40 1667//40 1665//40
f 1636//41 1680//41 1633//41
f 1633//42 1673//42 1635//42
f 1635//43 1671//43 1634//43
f 1634//44 1677//44 1619//44
f 1619//45 1639//45 1616//45
f 1616//46 1638//46 1615//46
f 1615//47 1642//47 1618//47
f 1618//48 1640//48 1617//48
f 1617//49 1641//49 1611//49
f 1611//50 1675//50 1607//50
f 1607//51 1674//51 1608//51
f 1608//52 1676//52 1606//52
f 1606//53 1670//53 1605//53
f 1605//54 1672//54 1609//54
f 1609//55 1679//55 1600//55
f 1600//83 1666//83 1599//83
f 1599//57 1664//57 1597//57
f 1597//58 1668//58 1598//58
f 1598//59 1662//59 1596//59
f 1596//60 1678//60 1601//60
f 1657//61 1588//61 1601//61
f 1587//62 1659//62 1590//62
f 1590//64 1699//64 1586//64
f 1586//65 1698//65 1589//65
f 1589//1 1700//1 1583//1
f 1583//2 1697//2 1584//2
f 1584//3 1696//3 1585//3
f 1585//4 1701//4 1582//4
f 1582//5 1694//5 1591//5
f 1591//6 1693//6 1578//6
f 1578//7 1695//7 1579//7
f 1579//8 1692//8 1580//8
f 1577//85 1692//85 1702//85
f 1581//10 1702//10 1689//10
f 1575//11 1689//11 1690//11
f 1576//12 1690//12 1691//12
f 1573//13 1691//13 1687//13
f 1574//14 1687//14 1683//14
f 1593//15 1683//15 1684//15
f 1592//16 1684//16 1682//16
f 1594//17 1682//17 1685//17
f 1595//18 1685//18 1686//18
f 1602//19 1686//19 1688//19
f 1643//20 1603//20 1688//20
f 1604//21 1644//21 1646//21
f 1610//22 1646//22 1645//22
f 1612//23 1645//23 1651//23
f 1613//24 1651//24 1647//24
f 1614//25 1647//25 1650//25
f 1620//26 1650//26 1648//26
f 1621//27 1648//27 1649//27
f 1623//28 1649//28 1652//28
f 1622//29 1652//29 1654//29
f 1628//30 1654//30 1653//30
f 1624//31 1653//31 1656//31
f 1627//32 1656//32 1655//32
f 1762//33 1779//33 1786//33
f 1768//34 1786//34 1782//34
f 1765//35 1782//35 1785//35
f 1764//36 1785//36 1783//36
f 1767//37 1783//37 1784//37
f 1766//38 1784//38 1807//38
f 1750//39 1807//39 1791//39
f 1748//40 1791//40 1789//40
f 1748//41 1795//41 1746//41
f 1746//42 1793//42 1743//42
f 1743//43 1806//43 1741//43
f 1741//44 1799//44 1739//44
f 1739//45 1797//45 1734//45
f 1734//46 1804//46 1731//46
f 1731//47 1801//47 1729//47
f 1729//48 1800//48 1727//48
f 1727//49 1803//49 1728//49
f 1728//50 1802//50 1725//50
f 1725//51 1798//51 1726//51
f 1726//52 1796//52 1724//52
f 1724//53 1805//53 1730//53
f 1730//54 1792//54 1721//54
f 1721//55 1794//55 1722//55
f 1722//56 1790//56 1720//56
f 1720//67 1788//67 1723//67
f 1723//58 1818//58 1718//58
f 1718//59 1817//59 1719//59
f 1719//60 1819//60 1717//60
f 1717//61 1816//61 1715//61
f 1712//62 1816//62 1830//62
f 1712//64 1831//64 1713//64
f 1713//65 1829//65 1711//65
f 1711//1 1832//1 1714//1
f 1714//2 1827//2 1709//2
f 1709//3 1828//3 1710//3
f 1710//4 1833//4 1716//4
f 1716//5 1825//5 1706//5
f 1706//6 1826//6 1707//6
f 1707//7 1824//7 1705//7
f 1705//76 1823//76 1708//76
f 1703//9 1823//9 1822//9
f 1821//10 1704//10 1822//10
f 1732//11 1820//11 1815//11
f 1733//12 1815//12 1814//12
f 1735//13 1814//13 1812//13
f 1813//14 1736//14 1735//14
f 1737//15 1813//15 1740//15
f 1742//16 1809//16 1810//16
f 1744//17 1810//17 1811//17
f 1745//18 1811//18 1808//18
f 1747//19 1808//19 1769//19
f 1749//20 1769//20 1770//20
f 1751//21 1770//21 1772//21
f 1753//22 1772//22 1771//22
f 1752//23 1771//23 1777//23
f 1754//80 1777//80 1773//80
f 1756//84 1773//84 1776//84
f 1755//26 1776//26 1775//26
f 1758//27 1775//27 1774//27
f 1757//28 1774//28 1787//28
f 1759//29 1787//29 1778//29
f 1761//30 1778//30 1781//30
f 1760//31 1781//31 1780//31
f 1763//32 1780//32 1779//32
f 1880//33 1962//33 1930//33
f 1883//34 1930//34 1934//34
f 1881//35 1934//35 1932//35
f 1882//36 1932//36 1942//36
f 1895//37 1942//37 1936//37
f 1886//38 1936//38 1940//38
f 1885//39 1940//39 1938//39
f 1889//74 1938//74 1960//74
f 1889//41 1944//41 1888//41
f 1888//42 1948//42 1887//42
f 1887//43 1946//43 1894//43
f 1894//82 1957//82 1891//82
f 1891//45 1951//45 1890//45
f 1890//46 1955//46 1893//46
f 1893//47 1953//47 1892//47
f 1892//48 1952//48 1854//48
f 1854//49 1954//49 1852//49
f 1852//50 1956//50 1849//50
f 1849//51 1950//51 1847//51
f 1949//52 1845//52 1950//52
f 1845//53 1945//53 1843//53
f 1843//54 1947//54 1841//54
f 1841//55 1943//55 1837//55
f 1837//83 1959//83 1836//83
f 1836//57 1937//57 1838//57
f 1838//58 1939//58 1834//58
f 1834//59 1935//59 1835//59
f 1835//60 1941//60 1839//60
f 1839//61 1931//61 1840//61
f 1840//62 1933//62 1842//62
f 1842//64 1929//64 1844//64
f 1844//65 1961//65 1846//65
f 1846//1 1922//1 1848//1
f 1848//2 1924//2 1850//2
f 1850//3 1919//3 1851//3
f 1851//4 1926//4 1853//4
f 1853//5 1915//5 1896//5
f 1896//6 1917//6 1869//6
f 1869//7 1913//7 1871//7
f 1871//76 1928//76 1873//76
f 1865//9 1928//9 1907//9
f 1867//10 1907//10 1909//10
f 1864//11 1909//11 1905//11
f 1862//12 1905//12 1911//12
f 1860//13 1911//13 1901//13
f 1856//14 1901//14 1903//14
f 1857//15 1903//15 1899//15
f 1855//16 1899//16 1898//16
f 1858//17 1898//17 1900//17
f 1859//18 1900//18 1902//18
f 1863//19 1902//19 1904//19
f 1861//20 1904//20 1906//20
f 1875//21 1906//21 1910//21
f 1868//22 1910//22 1908//22
f 1866//23 1908//23 1912//23
f 1874//24 1912//24 1914//24
f 1872//25 1914//25 1918//25
f 1870//26 1918//26 1916//26
f 1897//27 1916//27 1927//27
f 1878//28 1927//28 1920//28
f 1876//29 1920//29 1925//29
f 1877//30 1925//30 1923//30
f 1884//31 1923//31 1921//31
f 1879//32 1921//32 1962//32
f 1966//33 2071//33 2065//33
f 1977//34 2065//34 2063//34
f 1970//35 2063//35 2060//35
f 1971//36 2060//36 2059//36
f 1976//37 2059//37 2062//37
f 1974//38 2062//38 2061//38
f 1995//39 2061//39 2055//39
f 1980//74 2055//74 2051//74
f 1980//41 2050//41 1978//41
f 1978//42 2054//42 1984//42
f 1984//43 2052//43 1982//43
f 1982//82 2053//82 1985//82
f 2037//45 1987//45 2053//45
f 1987//46 2044//46 1992//46
f 1992//47 2041//47 1989//47
f 1989//48 2040//48 1988//48
f 1988//49 2043//49 1990//49
f 1990//50 2042//50 1991//50
f 1991//51 2039//51 1986//51
f 1986//52 2036//52 1994//52
f 1994//53 2045//53 1981//53
f 1981//54 2032//54 1983//54
f 1983//55 2033//55 1979//55
f 1979//83 2034//83 1993//83
f 1993//67 2031//67 1972//67
f 1972//58 2035//58 1973//58
f 1973//59 2029//59 1975//59
f 1975//60 2030//60 2021//60
f 2021//61 2027//61 2022//61
f 2022//62 2028//62 2020//62
f 2020//64 2049//64 2023//64
f 2023//65 2048//65 2018//65
f 2018//1 2046//1 2019//1
f 2019//2 2047//2 2017//2
f 2017//3 2057//3 2025//3
f 2025//4 2058//4 2013//4
f 2013//5 2056//5 2014//5
f 2014//6 2064//6 2015//6
f 2015//7 2068//7 2011//7
f 2011//76 2066//76 2024//76
f 2006//9 2066//9 2067//9
f 2008//10 2067//10 2074//10
f 2003//11 2074//11 2090//11
f 2010//12 2090//12 2079//12
f 1999//13 2079//13 2080//13
f 2001//14 2080//14 2076//14
f 1997//15 2076//15 2077//15
f 1996//16 2077//16 2075//16
f 1998//17 2075//17 2078//17
f 2000//18 2078//18 2082//18
f 2002//19 2082//19 2081//19
f 2004//20 2081//20 2091//20
f 2009//21 2091//21 2085//21
f 2007//22 2085//22 2084//22
f 2005//23 2084//23 2083//23
f 2026//80 2083//80 2089//80
f 2012//25 2089//25 2086//25
f 2016//26 2086//26 2088//26
f 1964//27 2088//27 2087//27
f 1963//28 2087//28 2073//28
f 1969//29 2073//29 2070//29
f 1965//30 2070//30 2069//30
f 1968//31 2069//31 2072//31
f 1967//32 2072//32 2071//32
f 2113//33 2162//33 2173//33
f 2147//34 2173//34 2166//34
f 2122//35 2166//35 2172//35
f 2120//36 2172//36 2170//36
f 2130//37 2170//37 2168//37
f 2124//38 2168//38 2193//38
f 2128//39 2193//39 2176//39
f 2126//74 2176//74 2181//74
f 2126//41 2177//41 2144//41
f 2144//42 2179//42 2132//42
f 2132//43 2192//43 2136//43
f 2136//82 2185//82 2134//82
f 2134//45 2183//45 2143//45
f 2143//46 2190//46 2142//46
f 2142//47 2187//47 2140//47
f 2140//48 2186//48 2138//48
f 2138//49 2189//49 2139//49
f 2139//50 2188//50 2137//50
f 2137//51 2184//51 2141//51
f 2141//52 2182//52 2133//52
f 2133//53 2191//53 2135//53
f 2135//54 2178//54 2131//54
f 2131//55 2180//55 2146//55
f 2146//83 2174//83 2125//83
f 2125//57 2175//57 2127//57
f 2127//58 2194//58 2123//58
f 2123//59 2169//59 2129//59
f 2129//60 2167//60 2121//60
f 2121//61 2171//61 2119//61
f 2119//62 2165//62 2145//62
f 2145//64 2196//64 2112//64
f 2112//65 2198//65 2114//65
f 2114//1 2199//1 2110//1
f 2200//2 2116//2 2199//2
f 2116//3 2204//3 2106//3
f 2106//4 2206//4 2108//4
f 2108//5 2208//5 2104//5
f 2104//6 2218//6 2118//6
f 2118//7 2220//7 2152//7
f 2152//76 2219//76 2153//76
f 2151//9 2219//9 2216//9
f 2155//10 2216//10 2217//10
f 2154//11 2217//11 2215//11
f 2149//12 2215//12 2214//12
f 2150//13 2214//13 2212//13
f 2148//14 2212//14 2213//14
f 2093//15 2213//15 2210//15
f 2092//16 2210//16 2209//16
f 2094//17 2209//17 2211//17
f 2096//18 2211//18 2207//18
f 2095//19 2207//19 2205//19
f 2097//20 2205//20 2203//20
f 2098//21 2203//21 2201//21
f 2100//22 2201//22 2197//22
f 2099//23 2197//23 2195//23
f 2102//24 2195//24 2156//24
f 2101//25 2156//25 2158//25
f 2103//26 2158//26 2157//26
f 2105//27 2157//27 2159//27
f 2109//28 2159//28 2161//28
f 2107//29 2161//29 2160//29
f 2117//30 2160//30 2164//30
f 2111//31 2164//31 2163//31
f 2115//32 2163//32 2162//32
f 2238//33 2330//33 2329//33
f 2235//34 2329//34 2331//34
f 2233//35 2331//35 2333//35
f 2231//36 2333//36 2332//36
f 2229//37 2332//37 2335//37
f 2226//38 2335//38 2334//38
f 2221//39 2334//39 2336//39
f 2222//40 2336//40 2337//40
f 2222//41 2345//41 2223//41
f 2223//42 2347//42 2224//42
f 2224//43 2348//43 2225//43
f 2225//44 2349//44 2228//44
f 2228//45 2350//45 2227//45
f 2227//46 2346//46 2230//46
f 2230//47 2342//47 2232//47
f 2232//48 2341//48 2234//48
f 2234//49 2344//49 2236//49
f 2236//50 2343//50 2237//50
f 2237//51 2338//51 2239//51
f 2241//86 2240//86 2338//86
f 2241//53 2340//53 2243//53
f 2243//54 2312//54 2244//54
f 2312//55 2281//55 2244//55
f 2281//56 2313//56 2280//56
f 2280//67 2311//67 2283//67
f 2283//58 2303//58 2279//58
f 2279//59 2302//59 2282//59
f 2282//60 2301//60 2276//60
f 2276//61 2296//61 2277//61
f 2277//62 2294//62 2278//62
f 2278//64 2293//64 2275//64
f 2275//65 2295//65 2284//65
f 2284//1 2292//1 2270//1
f 2270//2 2324//2 2271//2
f 2271//3 2325//3 2273//3
f 2273//4 2323//4 2266//4
f 2266//5 2326//5 2267//5
f 2267//6 2321//6 2263//6
f 2263//7 2322//7 2259//7
f 2259//76 2327//76 2257//76
f 2261//9 2327//9 2318//9
f 2255//10 2318//10 2319//10
f 2264//11 2319//11 2317//11
f 2250//12 2317//12 2320//12
f 2252//13 2320//13 2315//13
f 2247//14 2315//14 2316//14
f 2248//15 2316//15 2287//15
f 2246//16 2287//16 2286//16
f 2249//17 2286//17 2289//17
f 2254//18 2289//18 2288//18
f 2253//19 2288//19 2290//19
f 2251//20 2290//20 2291//20
f 2265//21 2291//21 2297//21
f 2256//22 2297//22 2300//22
f 2262//23 2300//23 2299//23
f 2260//80 2299//80 2298//80
f 2258//84 2298//84 2304//84
f 2285//26 2304//26 2305//26
f 2268//27 2305//27 2306//27
f 2274//28 2306//28 2307//28
f 2269//29 2307//29 2308//29
f 2272//30 2308//30 2309//30
f 2245//31 2309//31 2310//31
f 2328//32 2242//32 2310//32
f 2401//33 2479//33 2448//33
f 2404//34 2448//34 2452//34
f 2403//35 2452//35 2450//35
f 2402//36 2450//36 2460//36
f 2415//37 2460//37 2454//37
f 2406//38 2454//38 2458//38
f 2409//39 2458//39 2456//39
f 2408//40 2456//40 2476//40
f 2408//75 2462//75 2407//75
f 2407//42 2466//42 2414//42
f 2414//43 2464//43 2410//43
f 2410//44 2474//44 2413//44
f 2413//45 2468//45 2411//45
f 2411//46 2472//46 2412//46
f 2412//47 2470//47 2396//47
f 2396//48 2469//48 2394//48
f 2394//49 2471//49 2395//49
f 2395//50 2473//50 2393//50
f 2393//51 2467//51 2385//51
f 2385//52 2475//52 2384//52
f 2384//53 2463//53 2386//53
f 2386//54 2465//54 2378//54
f 2378//55 2461//55 2374//55
f 2374//56 2478//56 2373//56
f 2373//57 2455//57 2375//57
f 2375//58 2457//58 2368//58
f 2368//59 2453//59 2364//59
f 2364//60 2459//60 2366//60
f 2366//61 2449//61 2363//61
f 2363//62 2451//62 2365//62
f 2365//64 2447//64 2360//64
f 2360//65 2477//65 2361//65
f 2361//1 2440//1 2362//1
f 2362//2 2442//2 2359//2
f 2359//3 2437//3 2367//3
f 2367//4 2444//4 2355//4
f 2355//5 2433//5 2356//5
f 2356//6 2435//6 2357//6
f 2357//7 2431//7 2354//7
f 2354//8 2446//8 2358//8
f 2352//9 2446//9 2425//9
f 2353//10 2425//10 2427//10
f 2351//11 2427//11 2423//11
f 2376//12 2423//12 2429//12
f 2370//13 2429//13 2419//13
f 2371//14 2419//14 2421//14
f 2372//15 2421//15 2417//15
f 2369//16 2417//16 2416//16
f 2377//17 2416//17 2418//17
f 2379//18 2418//18 2420//18
f 2380//19 2420//19 2422//19
f 2381//20 2422//20 2424//20
f 2382//21 2424//21 2428//21
f 2383//22 2428//22 2426//22
f 2387//23 2426//23 2430//23
f 2390//80 2430//80 2432//80
f 2389//25 2432//25 2436//25
f 2388//26 2436//26 2434//26
f 2391//27 2434//27 2445//27
f 2392//28 2445//28 2438//28
f 2398//29 2397//29 2438//29
f 2400//30 2443//30 2441//30
f 2399//31 2441//31 2439//31
f 2405//32 2439//32 2479//32
f 2538//33 2588//33 2589//33
f 2540//34 2589//34 2604//34
f 2539//35 2604//35 2593//35
f 2543//36 2593//36 2594//36
f 2541//37 2594//37 2597//37
f 2542//38 2597//38 2595//38
f 2531//39 2595//39 2596//39
f 2524//74 2596//74 2603//74
f 2524//41 2598//41 2528//41
f 2528//42 2599//42 2525//42
f 2525//43 2602//43 2527//43
f 2527//44 2600//44 2526//44
f 2526//45 2601//45 2516//45
f 2511//46 2601//46 2609//46
f 2511//47 2607//47 2514//47
f 2514//48 2605//48 2512//48
f 2512//49 2558//49 2513//49
f 2513//50 2555//50 2515//50
f 2509//51 2555//51 2550//51
f 2509//52 2553//52 2510//52
f 2510//53 2549//53 2508//53
f 2508//54 2552//54 2517//54
f 2517//55 2547//55 2505//55
f 2505//83 2548//83 2506//83
f 2506//57 2545//57 2503//57
f 2504//58 2545//58 2546//58
f 2504//59 2556//59 2507//59
f 2507//60 2557//60 2501//60
f 2501//61 2559//61 2502//61
f 2502//62 2606//62 2499//62
f 2499//64 2608//64 2500//64
f 2500//65 2610//65 2497//65
f 2497//1 2587//1 2494//1
f 2494//2 2591//2 2493//2
f 2493//3 2585//3 2495//3
f 2495//4 2583//4 2492//4
f 2492//5 2581//5 2496//5
f 2496//6 2577//6 2489//6
f 2489//7 2575//7 2490//7
f 2490//8 2579//8 2491//8
f 2488//9 2579//9 2573//9
f 2498//10 2573//10 2571//10
f 2484//11 2571//11 2569//11
f 2485//12 2569//12 2567//12
f 2486//13 2567//13 2565//13
f 2481//14 2565//14 2561//14
f 2482//15 2561//15 2562//15
f 2480//16 2562//16 2560//16
f 2483//17 2560//17 2563//17
f 2487//18 2563//18 2564//18
f 2519//19 2564//19 2566//19
f 2518//20 2566//20 2568//20
f 2523//21 2568//21 2570//21
f 2520//22 2570//22 2572//22
f 2522//23 2572//23 2574//23
f 2521//80 2574//80 2580//80
f 2529//84 2580//84 2576//84
f 2578//26 2530//26 2529//26
f 2532//27 2578//27 2582//27
f 2537//28 2582//28 2584//28
f 2534//29 2584//29 2586//29
f 2536//30 2586//30 2592//30
f 2535//31 2592//31 2590//31
f 2544//32 2590//32 2588//32
f 2644//33 2707//33 2710//33
f 2648//34 2710//34 2716//34
f 2646//35 2716//35 2711//35
f 2656//36 2711//36 2714//36
f 2650//37 2714//37 2727//37
f 2654//38 2727//38 2717//38
f 2652//39 2717//39 2720//39
f 2672//74 2720//74 2719//74
f 2672//75 2718//75 2658//75
f 2658//42 2725//42 2662//42
f 2662//43 2722//43 2660//43
f 2660//82 2721//82 2670//82
f 2670//45 2724//45 2664//45
f 2664//46 2723//46 2668//46
f 2668//47 2729//47 2666//47
f 2666//48 2731//48 2665//48
f 2665//49 2733//49 2667//49
f 2667//50 2736//50 2669//50
f 2669//51 2735//51 2663//51
f 2663//52 2739//52 2671//52
f 2671//53 2737//53 2659//53
f 2659//54 2738//54 2661//54
f 2661//55 2734//55 2657//55
f 2657//56 2732//56 2673//56
f 2673//67 2730//67 2651//67
f 2651//58 2726//58 2653//58
f 2653//59 2712//59 2649//59
f 2649//60 2713//60 2655//60
f 2655//61 2715//61 2645//61
f 2645//62 2708//62 2647//62
f 2647//64 2709//64 2643//64
f 2643//65 2728//65 2675//65
f 2675//1 2700//1 2636//1
f 2636//2 2701//2 2638//2
f 2638//3 2703//3 2633//3
f 2633//4 2696//4 2640//4
f 2640//5 2697//5 2629//5
f 2629//6 2705//6 2631//6
f 2631//7 2690//7 2627//7
f 2627//76 2691//76 2642//76
f 2621//9 2691//9 2693//9
f 2622//10 2693//10 2686//10
f 2619//11 2686//11 2687//11
f 2624//12 2687//12 2683//12
f 2614//13 2683//13 2682//13
f 2617//14 2682//14 2679//14
f 2612//15 2679//15 2676//15
f 2611//16 2676//16 2677//16
f 2613//17 2677//17 2680//17
f 2618//18 2680//18 2678//18
f 2616//19 2678//19 2681//19
f 2625//20 2615//20 2681//20
f 2620//21 2684//21 2685//21
f 2623//22 2685//22 2688//22
f 2626//23 2688//23 2689//23
f 2628//24 2689//24 2692//24
f 2632//25 2692//25 2694//25
f 2630//26 2694//26 2695//26
f 2641//27 2695//27 2698//27
f 2634//28 2698//28 2704//28
f 2639//29 2704//29 2699//29
f 2637//30 2699//30 2702//30
f 2635//31 2702//31 2706//31
f 2674//32 2706//32 2707//32
f 1058//1 1060//1 1059//1
f 1060//2 1062//2 1061//2
f 1062//3 1064//3 1063//3
f 1064//4 1066//4 1065//4
f 1066//5 1068//5 1067//5
f 1068//6 1070//6 1069//6
f 1070//7 1072//7 1071//7
f 1072//8 1074//8 1073//8
f 1074//9 1076//9 1075//9
f 1076//10 1078//10 1077//10
f 1078//11 1080//11 1079//11
f 1080//12 1082//12 1081//12
f 1082//13 1084//13 1083//13
f 1084//14 1086//14 1085//14
f 1086//15 1088//15 1087//15
f 1088//16 1090//16 1089//16
f 1090//17 1092//17 1091//17
f 1092//18 1094//18 1093//18
f 1094//19 1096//19 1095//19
f 1096//20 1098//20 1097//20
f 1098//21 1100//21 1099//21
f 1100//22 1102//22 1101//22
f 1102//23 1104//23 1103//23
f 1104//24 1106//24 1105//24
f 1106//25 1108//25 1107//25
f 1108//26 1110//26 1109//26
f 1110//27 1112//27 1111//27
f 1112//28 1114//28 1113//28
f 1114//29 1116//29 1115//29
f 1116//30 1118//30 1117//30
f 1118//31 1120//31 1119//31
f 1120//32 1122//32 1121//32
f 1122//33 1124//33 1123//33
f 1124//34 1126//34 1125//34
f 1126//35 1128//35 1127//35
f 1128//36 1130//36 1129//36
f 1130//37 1132//37 1131//37
f 1132//38 1134//38 1133//38
f 1134//39 1136//39 1135//39
f 1136//40 1138//40 1137//40
f 1138//41 1140//41 1139//41
f 1140//42 1142//42 1141//42
f 1142//43 1144//43 1143//43
f 1144//44 1146//44 1145//44
f 1146//45 1148//45 1147//45
f 1148//46 1150//46 1149//46
f 1150//47 1152//47 1151//47
f 1152//48 1154//48 1153//48
f 1154//49 1156//49 1155//49
f 1156//50 1158//50 1157//50
f 1158//51 1160//51 1159//51
f 1160//52 1162//52 1161//52
f 1162//53 1164//53 1163//53
f 1164//54 1166//54 1165//54
f 1166//55 1168//55 1167//55
f 1168//56 1170//56 1169//56
f 1170//57 1172//57 1171//57
f 1172//58 1174//58 1173//58
f 1174//59 1176//59 1175//59
f 1176//60 1178//60 1177//60
f 1178//61 1180//61 1179//61
f 1180//62 1182//62 1181//62
f 2136//63 2134//63 1080//63
f 1080//63 1078//63 1076//63
f 1076//63 1074//63 1072//63
f 1072//63 1070//63 1068//63
f 1068//63 1066//63 1064//63
f 1064//63 2274//63 2269//63
f 1064//63 2269//63 2272//63
f 1072//63 1068//63 1064//63
f 1080//63 1076//63 1072//63
f 2132//63 2136//63 1080//63
f 2144//63 2132//63 1080//63
f 1080//63 1072//63 1064//63
f 1064//63 2272//63 2245//63
f 1064//63 2245//63 2242//63
f 2126//63 2144//63 1080//63
f 2128//63 2126//63 1080//63
f 1064//63 2242//63 2238//63
f 1064//63 2238//63 2235//63
f 2128//63 1080//63 1064//63
f 2124//63 2128//63 1064//63
f 1064//63 2235//63 2233//63
f 1064//63 2233//63 2231//63
f 2130//63 2124//63 1064//63
f 2120//63 2130//63 1064//63
f 1064//63 2231//63 2229//63
f 1064//63 2229//63 2226//63
f 2122//63 2120//63 1064//63
f 2147//63 2122//63 1064//63
f 1064//63 2226//63 2221//63
f 1064//63 2221//63 2222//63
f 2113//63 2147//63 1064//63
f 2115//63 2113//63 1064//63
f 1064//89 2222//89 2223//89
f 2115//63 1064//63 2223//63
f 2111//63 2115//63 2223//63
f 2111//63 2223//63 2224//63
f 2117//63 2111//63 2224//63
f 2117//63 2224//63 2225//63
f 2107//63 2117//63 2225//63
f 2107//63 2225//63 2228//63
f 2109//63 2107//63 2228//63
f 2109//63 2228//63 2227//63
f 2105//63 2109//63 2227//63
f 2105//63 2227//63 2230//63
f 2103//63 2105//63 2230//63
f 2103//63 2230//63 2232//63
f 2101//63 2103//63 2232//63
f 2101//63 2232//63 2234//63
f 2102//63 2101//63 2234//63
f 2102//63 2234//63 2236//63
f 2240//63 2100//63 2099//63
f 2099//63 2102//63 2236//63
f 2099//63 2236//63 2237//63
f 2239//63 2240//63 2099//63
f 1333//63 1329//63 1142//63
f 1142//63 1140//63 1138//63
f 1138//63 1136//63 1134//63
f 1134//63 1132//63 1130//63
f 1130//63 1128//63 1126//63
f 1126//63 1124//63 1122//63
f 1122//63 1120//63 1588//63
f 1122//63 1588//63 1587//63
f 1130//63 1126//63 1122//63
f 1138//63 1134//63 1130//63
f 1333//63 1142//63 1138//63
f 1331//63 1333//63 1138//63
f 1138//63 1130//63 1122//63
f 1122//63 1587//63 1590//63
f 1122//63 1590//63 1586//63
f 1342//63 1331//63 1138//63
f 1335//63 1342//63 1138//63
f 1122//63 1586//63 1589//63
f 1122//63 1589//63 1583//63
f 1340//63 1335//63 1138//63
f 1338//63 1340//63 1138//63
f 1122//63 1583//63 1584//63
f 1122//63 1584//63 1585//63
f 1376//63 1338//63 1138//63
f 1345//63 1376//63 1138//63
f 1138//63 1122//63 1585//63
f 1138//63 1585//63 1582//63
f 1349//63 1345//63 1138//63
f 1347//63 1349//63 1138//63
f 1138//63 1582//63 1591//63
f 1138//63 1591//63 1578//63
f 1357//63 1347//63 1138//63
f 1351//63 1357//63 1138//63
f 1138//63 1578//63 1579//63
f 1355//63 1351//63 1138//63
f 1469//63 1374//63 1353//63
f 1353//63 1355//63 1138//63
f 1619//63 1616//63 1737//63
f 1619//63 1737//63 1740//63
f 1634//63 1619//63 1740//63
f 1634//63 1740//63 1742//63
f 1635//63 1634//63 1742//63
f 1635//63 1742//63 1744//63
f 1633//63 1635//63 1744//63
f 1633//63 1744//63 1745//63
f 1636//63 1633//63 1745//63
f 1636//63 1745//63 1747//63
f 1630//63 1636//63 1747//63
f 1630//63 1747//63 1749//63
f 1631//63 1630//63 1749//63
f 1631//63 1749//63 1751//63
f 1632//63 1631//63 1751//63
f 1632//63 1751//63 1753//63
f 1629//63 1632//63 1753//63
f 1629//63 1753//63 1752//63
f 1637//63 1629//63 1752//63
f 1637//63 1752//63 1754//63
f 1625//63 1637//63 1754//63
f 1625//63 1754//63 1756//63
f 1626//63 1625//63 1756//63
f 1626//63 1756//63 1755//63
f 1627//63 1626//63 1755//63
f 1627//63 1755//63 1758//63
f 1624//63 1627//63 1758//63
f 1624//63 1758//63 1757//63
f 1628//63 1624//63 1757//63
f 1628//63 1757//63 1759//63
f 1622//63 1628//63 1759//63
f 1469//63 1353//63 1138//63
f 1467//63 1469//63 1138//63
f 1768//63 1765//63 1865//63
f 1768//63 1865//63 1867//63
f 1762//63 1768//63 1867//63
f 1762//63 1867//63 1864//63
f 1763//63 1762//63 1864//63
f 1763//63 1864//63 1862//63
f 1760//63 1763//63 1862//63
f 1760//63 1862//63 1860//63
f 1761//63 1760//63 1860//63
f 1761//63 1860//63 1856//63
f 1759//63 1761//63 1856//63
f 1759//63 1856//63 1857//63
f 1622//63 1759//63 1857//63
f 1622//63 1857//63 1855//63
f 1623//63 1622//63 1855//63
f 1623//63 1855//63 1858//63
f 1621//63 1623//63 1858//63
f 1621//63 1858//63 1859//63
f 1621//63 1859//63 1863//63
f 1621//63 1863//63 1861//63
f 1621//63 1861//63 1875//63
f 1621//63 1875//63 1868//63
f 1621//63 1868//63 1866//63
f 1621//63 1866//63 1874//63
f 1621//63 1874//63 1872//63
f 1621//63 1872//63 1870//63
f 1621//92 1870//92 1897//92
f 1466//63 1467//63 1138//63
f 1464//63 1466//63 1138//63
f 1894//63 1891//63 1096//63
f 1096//63 1975//63 2021//63
f 1096//63 2021//63 2022//63
f 1887//63 1894//63 1096//63
f 1888//63 1887//63 1096//63
f 1096//63 2022//63 2020//63
f 1096//63 2020//63 2023//63
f 1889//63 1888//63 1096//63
f 1885//63 1889//63 1096//63
f 1096//63 2023//63 2018//63
f 1096//63 2018//63 2019//63
f 1886//63 1885//63 1096//63
f 1895//63 1886//63 1096//63
f 1096//63 2019//63 2017//63
f 1096//63 2017//63 2025//63
f 1882//63 1895//63 1096//63
f 1881//63 1882//63 1096//63
f 1096//63 2025//63 2013//63
f 1096//63 2013//63 2014//63
f 1883//63 1881//63 1096//63
f 1880//63 1883//63 1096//63
f 1096//63 2014//63 2015//63
f 1096//63 2015//63 2011//63
f 1879//63 1880//63 1096//63
f 1884//63 1879//63 1096//63
f 1096//63 2011//63 2024//63
f 1096//89 2024//89 2006//89
f 1884//63 1096//63 2006//63
f 1884//63 2006//63 2008//63
f 1877//63 1884//63 2008//63
f 1877//63 2008//63 2003//63
f 1876//63 1877//63 2003//63
f 1876//63 2003//63 2010//63
f 1878//63 1876//63 2010//63
f 1878//63 2010//63 1999//63
f 1897//63 1878//63 1999//63
f 1897//63 1999//63 2001//63
f 1621//63 1897//63 2001//63
f 1621//63 2001//63 1997//63
f 1620//63 1621//63 1997//63
f 1620//63 1997//63 1996//63
f 1614//63 1620//63 1996//63
f 1614//63 1996//63 1998//63
f 1613//90 1614//90 1998//90
f 1613//63 1998//63 2000//63
f 1613//63 2000//63 2002//63
f 1613//63 2002//63 2004//63
f 1613//63 2004//63 2009//63
f 1613//63 2009//63 2007//63
f 1613//63 2007//63 2005//63
f 1613//63 2005//63 2026//63
f 1965//63 1968//63 2119//63
f 1965//63 2119//63 2145//63
f 1969//63 1965//63 2145//63
f 1969//63 2145//63 2112//63
f 1963//63 1969//63 2112//63
f 1963//63 2112//63 2114//63
f 1964//63 1963//63 2114//63
f 1964//63 2114//63 2110//63
f 2016//63 1964//63 2110//63
f 2016//63 2110//63 2116//63
f 2012//63 2016//63 2116//63
f 2012//63 2116//63 2106//63
f 2026//63 2012//63 2106//63
f 2026//63 2106//63 2108//63
f 1613//63 2026//63 2108//63
f 1613//63 2108//63 2104//63
f 1612//63 1613//63 2104//63
f 1612//63 2104//63 2118//63
f 1610//63 1612//63 2118//63
f 1610//63 2118//63 2152//63
f 1610//63 2152//63 2153//63
f 1610//63 2153//63 2151//63
f 1610//63 2151//63 2155//63
f 1610//63 2155//63 2154//63
f 1610//63 2154//63 2149//63
f 1610//63 2149//63 2150//63
f 1610//63 2150//63 2148//63
f 1610//63 2148//63 2093//63
f 1604//63 1610//63 2093//63
f 1604//63 2093//63 2092//63
f 1604//63 2092//63 2094//63
f 1604//63 2094//63 2096//63
f 1604//63 2096//63 2095//63
f 1604//63 2095//63 2097//63
f 1604//90 2097//90 2098//90
f 2098//63 2100//63 2240//63
f 2098//63 2240//63 2241//63
f 1604//63 2098//63 2241//63
f 1604//89 2241//89 2243//89
f 1603//90 1604//90 2243//90
f 1603//63 2243//63 2244//63
f 1603//63 2244//63 2281//63
f 1603//63 2281//63 2280//63
f 1603//63 2280//63 2283//63
f 1603//63 2283//63 2279//63
f 1603//63 2279//63 2282//63
f 1603//63 2282//63 2276//63
f 1603//63 2276//63 2277//63
f 1603//63 2277//63 2278//63
f 1602//63 1603//63 2278//63
f 1602//63 2278//63 2275//63
f 1602//63 2275//63 2284//63
f 1602//63 2284//63 2270//63
f 1602//63 2270//63 2271//63
f 1602//63 2271//63 2273//63
f 1602//63 2273//63 2266//63
f 1602//63 2266//63 2267//63
f 1602//63 2267//63 2263//63
f 1602//63 2263//63 2259//63
f 1602//63 2259//63 2257//63
f 1602//63 2257//63 2261//63
f 1602//63 2261//63 2255//63
f 1602//63 2255//63 2264//63
f 1602//63 2264//63 2250//63
f 1602//63 2250//63 2252//63
f 1602//63 2252//63 2247//63
f 1602//63 2247//63 2248//63
f 1602//63 2248//63 2246//63
f 1602//63 2246//63 2249//63
f 1602//89 2249//89 2254//89
f 1602//93 2254//93 2253//93
f 2268//63 2274//63 1064//63
f 1064//63 1062//63 1060//63
f 1060//63 1058//63 1184//63
f 1184//63 2397//63 2398//63
f 1184//63 2398//63 2400//63
f 1064//63 1060//63 1184//63
f 2285//63 2268//63 1064//63
f 2258//63 2285//63 1064//63
f 1064//63 1184//63 2400//63
f 1064//63 2400//63 2399//63
f 2260//63 2258//63 1064//63
f 2262//63 2260//63 1064//63
f 1064//63 2399//63 2405//63
f 1064//63 2405//63 2401//63
f 2256//63 2262//63 1064//63
f 2265//63 2256//63 1064//63
f 1064//63 2401//63 2404//63
f 1064//63 2404//63 2403//63
f 2251//63 2265//63 1064//63
f 2253//63 2251//63 1064//63
f 1064//63 2403//63 2402//63
f 1064//63 2402//63 2415//63
f 1602//63 2253//63 1064//63
f 1595//63 1602//63 1064//63
f 1064//63 2415//63 2406//63
f 1064//63 2406//63 2409//63
f 1064//63 2409//63 2408//63
f 1064//63 2408//63 2407//63
f 1064//63 2407//63 2414//63
f 1064//63 2414//63 2410//63
f 1064//63 2410//63 2413//63
f 1064//63 2413//63 2411//63
f 1064//63 2411//63 2412//63
f 1064//63 2412//63 2396//63
f 1064//63 2396//63 2394//63
f 1064//63 2394//63 2395//63
f 1595//63 1064//63 2395//63
f 1595//63 2395//63 2393//63
f 1594//63 1595//63 2393//63
f 1594//63 2393//63 2385//63
f 1594//63 2385//63 2384//63
f 1594//63 2384//63 2386//63
f 1594//63 2386//63 2378//63
f 1594//63 2378//63 2374//63
f 1594//63 2374//63 2373//63
f 1594//63 2373//63 2375//63
f 1594//63 2375//63 2368//63
f 1594//63 2368//63 2364//63
f 1594//63 2364//63 2366//63
f 1594//63 2366//63 2363//63
f 1594//63 2363//63 2365//63
f 1594//63 2365//63 2360//63
f 1594//63 2360//63 2361//63
f 1594//63 2361//63 2362//63
f 1592//63 1594//63 2362//63
f 1592//63 2362//63 2359//63
f 1592//63 2359//63 2367//63
f 1592//63 2367//63 2355//63
f 1592//63 2355//63 2356//63
f 1592//63 2356//63 2357//63
f 1592//63 2357//63 2354//63
f 1592//63 2354//63 2358//63
f 1592//63 2358//63 2352//63
f 1592//63 2352//63 2353//63
f 1592//63 2353//63 2351//63
f 1592//63 2351//63 2376//63
f 1592//63 2376//63 2370//63
f 1592//63 2370//63 2371//63
f 1592//63 2371//63 2372//63
f 1592//89 2372//89 2369//89
f 2383//63 2387//63 1182//63
f 1182//63 1180//63 1178//63
f 1178//63 1176//63 1174//63
f 1174//90 2530//90 2533//90
f 1174//63 2533//63 2532//63
f 1182//63 1178//63 1174//63
f 2382//63 2383//63 1182//63
f 2381//63 2382//63 1182//63
f 1182//63 1174//63 2532//63
f 1182//63 2532//63 2537//63
f 2380//63 2381//63 1182//63
f 2379//63 2380//63 1182//63
f 1182//63 2537//63 2534//63
f 1182//63 2534//63 2536//63
f 2377//63 2379//63 1182//63
f 2369//63 2377//63 1182//63
f 1182//63 2536//63 2535//63
f 1182//63 2535//63 2544//63
f 1592//63 2369//63 1182//63
f 1593//94 1592//94 1182//94
f 1182//63 2544//63 2538//63
f 1182//63 2538//63 2540//63
f 1182//63 2540//63 2539//63
f 1182//63 2539//63 2543//63
f 1182//63 2543//63 2541//63
f 1182//63 2541//63 2542//63
f 1182//63 2542//63 2531//63
f 1182//63 2531//63 2524//63
f 1182//63 2524//63 2528//63
f 1182//63 2528//63 2525//63
f 1182//63 2525//63 2527//63
f 1182//63 2527//63 2526//63
f 1182//63 2526//63 2516//63
f 1182//63 2516//63 2511//63
f 1593//63 1182//63 2511//63
f 1593//63 2511//63 2514//63
f 1574//63 1593//63 2514//63
f 1574//63 2514//63 2512//63
f 1574//63 2512//63 2513//63
f 1574//63 2513//63 2515//63
f 1574//63 2515//63 2509//63
f 1574//63 2509//63 2510//63
f 1574//63 2510//63 2508//63
f 1574//63 2508//63 2517//63
f 1574//63 2517//63 2505//63
f 1574//63 2505//63 2506//63
f 1574//63 2506//63 2503//63
f 1574//63 2503//63 2504//63
f 1574//63 2504//63 2507//63
f 1574//63 2507//63 2501//63
f 1574//63 2501//63 2502//63
f 1574//63 2502//63 2499//63
f 1574//63 2499//63 2500//63
f 1574//63 2500//63 2497//63
f 1574//63 2497//63 2494//63
f 1574//63 2494//63 2493//63
f 1574//63 2493//63 2495//63
f 2492//63 2496//63 2658//63
f 1574//63 2495//63 2492//63
f 2492//63 2658//63 2662//63
f 2492//63 2662//63 2660//63
f 2492//63 2660//63 2670//63
f 2492//63 2670//63 2664//63
f 1574//63 2492//63 2664//63
f 1574//63 2664//63 2668//63
f 1573//63 1574//63 2668//63
f 1573//63 2668//63 2666//63
f 1576//63 1573//63 2666//63
f 1576//63 2666//63 2665//63
f 1576//63 2665//63 2667//63
f 1576//63 2667//63 2669//63
f 1576//63 2669//63 2663//63
f 1576//63 2663//63 2671//63
f 1576//63 2671//63 2659//63
f 1576//63 2659//63 2661//63
f 1576//63 2661//63 2657//63
f 1576//63 2657//63 2673//63
f 1575//63 1576//63 2673//63
f 1575//63 2673//63 2651//63
f 1575//63 2651//63 2653//63
f 1575//63 2653//63 2649//63
f 1575//63 2649//63 2655//63
f 1575//63 2655//63 2645//63
f 1575//63 2645//63 2647//63
f 1575//63 2647//63 2643//63
f 1575//63 2643//63 2675//63
f 1575//63 2675//63 2636//63
f 1575//63 2636//63 2638//63
f 1575//63 2638//63 2633//63
f 1575//63 2633//63 2640//63
f 1575//63 2640//63 2629//63
f 1575//63 2629//63 2631//63
f 1575//63 2631//63 2627//63
f 1575//63 2627//63 2642//63
f 1575//63 2642//63 2621//63
f 1575//63 2621//63 2622//63
f 1575//95 2622//95 2619//95
f 2616//63 2615//63 1164//63
f 1164//63 1162//63 1160//63
f 1160//63 1158//63 1210//63
f 1160//63 1210//63 1209//63
f 2616//63 1164//63 1160//63
f 2618//63 2616//63 1160//63
f 1160//63 1209//63 1217//63
f 1160//63 1217//63 1213//63
f 2613//63 2618//63 1160//63
f 2611//63 2613//63 1160//63
f 1160//63 1213//63 1216//63
f 1160//63 1216//63 1214//63
f 2612//63 2611//63 1160//63
f 2617//63 2612//63 1160//63
f 1160//63 1214//63 1215//63
f 1160//63 1215//63 1218//63
f 2614//63 2617//63 1160//63
f 2624//63 2614//63 1160//63
f 1160//63 1218//63 1219//63
f 1160//63 1219//63 1222//63
f 2619//63 2624//63 1160//63
f 2619//63 1160//63 1222//63
f 2619//63 1222//63 1221//63
f 2619//63 1221//63 1227//63
f 2619//63 1227//63 1225//63
f 2619//63 1225//63 1249//63
f 2619//63 1249//63 1228//63
f 2619//63 1228//63 1230//63
f 2619//63 1230//63 1236//63
f 2619//63 1236//63 1234//63
f 2619//63 1234//63 1232//63
f 1575//63 2619//63 1232//63
f 1575//63 1232//63 1246//63
f 1581//63 1575//63 1246//63
f 1581//63 1246//63 1240//63
f 1577//96 1581//96 1240//96
f 1577//63 1240//63 1238//63
f 1577//63 1238//63 1245//63
f 1577//63 1245//63 1242//63
f 1577//63 1242//63 1241//63
f 1577//63 1241//63 1244//63
f 1577//63 1244//63 1243//63
f 1577//63 1243//63 1237//63
f 1577//63 1237//63 1239//63
f 1577//63 1239//63 1248//63
f 1577//63 1248//63 1233//63
f 1577//63 1233//63 1231//63
f 1577//63 1231//63 1235//63
f 1577//63 1235//63 1229//63
f 1577//63 1229//63 1247//63
f 1223//63 1224//63 1339//63
f 1577//63 1247//63 1223//63
f 1223//63 1339//63 1337//63
f 1223//63 1337//63 1377//63
f 1223//63 1377//63 1346//63
f 1223//63 1346//63 1350//63
f 1223//63 1350//63 1348//63
f 1223//63 1348//63 1358//63
f 1223//63 1358//63 1352//63
f 1223//63 1352//63 1356//63
f 1223//63 1356//63 1354//63
f 1223//63 1354//63 1375//63
f 1577//63 1223//63 1375//63
f 1577//63 1375//63 1360//63
f 1580//63 1577//63 1360//63
f 1580//63 1360//63 1364//63
f 1463//63 1464//63 1138//63
f 1461//63 1463//63 1138//63
f 1579//63 1580//63 1364//63
f 1579//63 1364//63 1362//63
f 1459//63 1461//63 1138//63
f 1458//63 1459//63 1138//63
f 1579//63 1362//63 1372//63
f 1579//63 1372//63 1366//63
f 1456//63 1458//63 1138//63
f 1442//63 1456//63 1138//63
f 1579//63 1366//63 1370//63
f 1579//63 1370//63 1368//63
f 1443//63 1442//63 1138//63
f 1444//63 1443//63 1138//63
f 1579//63 1368//63 1367//63
f 1579//63 1367//63 1369//63
f 1445//63 1444//63 1138//63
f 1447//63 1445//63 1138//63
f 1579//63 1369//63 1371//63
f 1579//63 1371//63 1365//63
f 1446//63 1447//63 1138//63
f 1448//63 1446//63 1138//63
f 1363//63 1359//63 1470//63
f 1363//63 1470//63 1471//63
f 1361//63 1363//63 1471//63
f 1361//63 1471//63 1473//63
f 1373//63 1361//63 1473//63
f 1373//63 1473//63 1475//63
f 1449//63 1448//63 1138//63
f 1451//63 1449//63 1138//63
f 1365//63 1373//63 1475//63
f 1365//63 1475//63 1474//63
f 1450//63 1451//63 1138//63
f 1455//63 1450//63 1138//63
f 1365//63 1474//63 1480//63
f 1365//63 1480//63 1476//63
f 1452//63 1455//63 1138//63
f 1454//97 1452//97 1138//97
f 1365//63 1476//63 1479//63
f 1365//63 1479//63 1478//63
f 1454//63 1138//63 1579//63
f 1453//63 1454//63 1579//63
f 1365//63 1478//63 1477//63
f 1365//63 1477//63 1488//63
f 1457//63 1453//63 1579//63
f 1460//63 1457//63 1579//63
f 1365//63 1488//63 1481//63
f 1365//63 1481//63 1483//63
f 1462//63 1460//63 1579//63
f 1465//63 1462//63 1579//63
f 1365//63 1483//63 1482//63
f 1365//63 1482//63 1487//63
f 1468//63 1465//63 1579//63
f 1472//63 1468//63 1579//63
f 1365//63 1487//63 1484//63
f 1365//63 1484//63 1486//63
f 1485//63 1472//63 1579//63
f 1507//63 1485//63 1579//63
f 1365//63 1486//63 1506//63
f 1579//63 1365//63 1506//63
f 1489//63 1507//63 1579//63
f 1495//63 1489//63 1579//63
f 1579//63 1506//63 1490//63
f 1579//63 1490//63 1496//63
f 1491//63 1495//63 1579//63
f 1493//63 1491//63 1579//63
f 1579//63 1496//63 1494//63
f 1579//63 1494//63 1492//63
f 1503//63 1493//63 1579//63
f 1497//63 1503//63 1579//63
f 1579//63 1492//63 1505//63
f 1579//63 1505//63 1498//63
f 1504//63 1497//63 1579//63
f 1500//63 1504//63 1579//63
f 1579//63 1498//63 1502//63
f 1579//63 1502//63 1501//63
f 1499//63 1500//63 1579//63
f 2487//63 2519//63 1172//63
f 1172//63 1170//63 1168//63
f 1168//63 1166//63 1164//63
f 1164//63 2615//63 2625//63
f 1164//63 2625//63 2620//63
f 1172//63 1168//63 1164//63
f 2483//63 2487//63 1172//63
f 2480//63 2483//63 1172//63
f 1172//63 1164//63 2620//63
f 1172//63 2620//63 2623//63
f 2482//63 2480//63 1172//63
f 2481//63 2482//63 1172//63
f 1172//63 2623//63 2626//63
f 1172//63 2626//63 2628//63
f 2486//63 2481//63 1172//63
f 2485//63 2486//63 1172//63
f 1172//63 2628//63 2632//63
f 1172//63 2632//63 2630//63
f 2484//63 2485//63 1172//63
f 2498//63 2484//63 1172//63
f 1172//63 2630//63 2641//63
f 1172//63 2641//63 2634//63
f 2488//63 2498//63 1172//63
f 2491//63 2488//63 1172//63
f 1172//63 2634//63 2639//63
f 1172//63 2639//63 2637//63
f 2490//63 2491//63 1172//63
f 2658//63 2496//63 2489//63
f 2490//63 1172//63 2637//63
f 2658//63 2489//63 2490//63
f 2672//63 2658//63 2490//63
f 2490//63 2637//63 2635//63
f 2490//63 2635//63 2674//63
f 2652//63 2672//63 2490//63
f 2654//63 2652//63 2490//63
f 2490//63 2674//63 2644//63
f 2490//63 2644//63 2648//63
f 2650//63 2654//63 2490//63
f 2656//63 2650//63 2490//63
f 2490//63 2648//63 2646//63
f 2529//63 2530//63 1174//63
f 1174//63 1172//63 2519//63
f 1174//63 2519//63 2518//63
f 2521//63 2529//63 1174//63
f 2522//63 2521//63 1174//63
f 1174//63 2518//63 2523//63
f 2520//63 2522//63 1174//63
f 2392//63 2397//63 1184//63
f 1184//63 1182//63 2387//63
f 1184//63 2387//63 2390//63
f 2391//63 2392//63 1184//63
f 2388//63 2391//63 1184//63
f 1184//63 2390//63 2389//63
f 2121//63 2119//63 1968//63
f 2121//63 1968//63 1967//63
f 2129//63 2121//63 1967//63
f 1966//63 1977//63 1080//63
f 2129//63 1967//63 1966//63
f 2123//63 2129//63 1966//63
f 1080//63 2134//63 2143//63
f 1080//63 2143//63 2142//63
f 2127//63 2123//63 1966//63
f 2125//63 2127//63 1966//63
f 1080//63 2142//63 2140//63
f 1080//63 2140//63 2138//63
f 2125//63 1966//63 1080//63
f 2146//90 2125//90 1080//90
f 1080//63 2138//63 2139//63
f 1080//63 2139//63 2137//63
f 2131//63 2146//63 1080//63
f 2135//63 2131//63 1080//63
f 1080//63 2137//63 2141//63
f 2133//63 2135//63 1080//63
f 1094//63 1092//63 1090//63
f 1090//63 1088//63 1086//63
f 1086//63 1084//63 1082//63
f 1082//63 1080//63 1977//63
f 1082//63 1977//63 1970//63
f 1090//63 1086//63 1082//63
f 1096//63 1094//63 1090//63
f 1973//63 1975//63 1096//63
f 1972//63 1973//63 1096//63
f 1096//63 1090//63 1082//63
f 1082//63 1970//63 1971//63
f 1082//63 1971//63 1976//63
f 1993//63 1972//63 1096//63
f 1979//63 1993//63 1096//63
f 1082//63 1976//63 1974//63
f 1082//63 1974//63 1995//63
f 1983//63 1979//63 1096//63
f 1981//63 1983//63 1096//63
f 1082//63 1995//63 1980//63
f 1082//63 1980//63 1978//63
f 1994//63 1981//63 1096//63
f 1986//63 1994//63 1096//63
f 1082//63 1978//63 1984//63
f 1082//63 1984//63 1982//63
f 1991//63 1986//63 1096//63
f 1990//63 1991//63 1096//63
f 1082//63 1982//63 1985//63
f 1082//63 1985//63 1987//63
f 1990//63 1096//63 1082//63
f 1988//63 1990//63 1082//63
f 1082//63 1987//63 1992//63
f 1989//63 1988//63 1082//63
f 1609//63 1600//63 1118//63
f 1118//63 1116//63 1114//63
f 1114//63 1112//63 1110//63
f 1110//63 1108//63 1106//63
f 1106//63 1104//63 1102//63
f 1102//63 1100//63 1098//63
f 1098//63 1096//63 1891//63
f 1098//63 1891//63 1890//63
f 1106//63 1102//63 1098//63
f 1114//63 1110//63 1106//63
f 1609//63 1118//63 1114//63
f 1605//63 1609//63 1114//63
f 1114//63 1106//63 1098//63
f 1098//63 1890//63 1893//63
f 1098//63 1893//63 1892//63
f 1606//63 1605//63 1114//63
f 1608//63 1606//63 1114//63
f 1098//63 1892//63 1854//63
f 1098//63 1854//63 1852//63
f 1607//63 1608//63 1114//63
f 1611//63 1607//63 1114//63
f 1098//63 1852//63 1849//63
f 1098//63 1849//63 1847//63
f 1617//63 1611//63 1114//63
f 1736//63 1615//63 1618//63
f 1618//63 1617//63 1114//63
f 1098//63 1847//63 1845//63
f 1098//63 1845//63 1843//63
f 1735//63 1736//63 1618//63
f 1733//63 1735//63 1618//63
f 1098//63 1843//63 1841//63
f 1098//63 1841//63 1837//63
f 1733//63 1618//63 1114//63
f 1732//63 1733//63 1114//63
f 1114//63 1098//63 1837//63
f 1114//63 1837//63 1836//63
f 1704//63 1732//63 1114//63
f 1703//63 1704//63 1114//63
f 1114//63 1836//63 1838//63
f 1114//63 1838//63 1834//63
f 1708//63 1703//63 1114//63
f 1705//63 1708//63 1114//63
f 1114//63 1834//63 1835//63
f 1114//63 1835//63 1839//63
f 1707//63 1705//63 1114//63
f 1706//63 1707//63 1114//63
f 1114//63 1839//63 1840//63
f 1114//63 1840//63 1842//63
f 1716//63 1706//63 1114//63
f 1710//63 1716//63 1114//63
f 1114//63 1842//63 1844//63
f 1114//63 1844//63 1846//63
f 1709//63 1710//63 1114//63
f 1714//63 1709//63 1114//63
f 1114//63 1846//63 1848//63
f 1114//63 1848//63 1850//63
f 1711//63 1714//63 1114//63
f 1713//63 1711//63 1114//63
f 1114//63 1850//63 1851//63
f 1114//63 1851//63 1853//63
f 1712//63 1713//63 1114//63
f 1715//63 1712//63 1114//63
f 1114//63 1853//63 1896//63
f 1114//63 1896//63 1869//63
f 1717//63 1715//63 1114//63
f 1719//63 1717//63 1114//63
f 1114//63 1869//63 1871//63
f 1873//63 1865//63 1765//63
f 1114//63 1871//63 1873//63
f 1718//63 1719//63 1114//63
f 1723//63 1718//63 1114//63
f 1873//63 1765//63 1764//63
f 1873//63 1764//63 1767//63
f 1720//63 1723//63 1114//63
f 1722//63 1720//63 1114//63
f 1873//63 1767//63 1766//63
f 1873//63 1766//63 1750//63
f 1721//63 1722//63 1114//63
f 1730//89 1721//89 1114//89
f 1873//63 1750//63 1748//63
f 1873//63 1748//63 1746//63
f 1730//63 1114//63 1873//63
f 1724//63 1730//63 1873//63
f 1873//63 1746//63 1743//63
f 1873//63 1743//63 1741//63
f 1726//63 1724//63 1873//63
f 1725//63 1726//63 1873//63
f 1873//63 1741//63 1739//63
f 1873//63 1739//63 1734//63
f 1728//63 1725//63 1873//63
f 1727//63 1728//63 1873//63
f 1873//63 1734//63 1731//63
f 1729//63 1727//63 1873//63
f 1738//63 1737//63 1616//63
f 1616//63 1615//63 1736//63
f 1601//63 1588//63 1120//63
f 1120//63 1118//63 1600//63
f 1120//63 1600//63 1599//63
f 1596//63 1601//63 1120//63
f 1598//63 1596//63 1120//63
f 1120//63 1599//63 1597//63
f 1374//63 1469//63 1470//63
f 1341//63 1339//63 1224//63
f 1341//63 1224//63 1226//63
f 1336//63 1341//63 1226//63
f 1336//63 1226//63 1220//63
f 1343//63 1336//63 1220//63
f 1203//63 1204//63 1142//63
f 1343//63 1220//63 1203//63
f 1332//63 1343//63 1203//63
f 1142//63 1329//63 1344//63
f 1142//63 1344//63 1323//63
f 1334//63 1332//63 1203//63
f 1330//63 1334//63 1203//63
f 1142//63 1323//63 1325//63
f 1142//63 1325//63 1321//63
f 1328//63 1330//63 1203//63
f 1324//63 1328//63 1203//63
f 1142//63 1321//63 1327//63
f 1142//63 1327//63 1317//63
f 1326//63 1324//63 1203//63
f 1322//63 1326//63 1203//63
f 1142//63 1317//63 1320//63
f 1142//63 1320//63 1315//63
f 1318//63 1322//63 1203//63
f 1319//63 1318//63 1203//63
f 1203//63 1142//63 1315//63
f 1203//95 1315//95 1314//95
f 1316//63 1319//63 1203//63
f 1211//63 1210//63 1158//63
f 1158//63 1156//63 1154//63
f 1154//63 1152//63 1150//63
f 1150//63 1148//63 1146//63
f 1146//63 1144//63 1142//63
f 1142//63 1204//63 1205//63
f 1142//63 1205//63 1202//63
f 1150//63 1146//63 1142//63
f 1158//63 1154//63 1150//63
f 1212//63 1211//63 1158//63
f 1208//63 1212//63 1158//63
f 1158//63 1150//63 1142//63
f 1142//63 1202//63 1201//63
f 1142//63 1201//63 1206//63
f 1191//63 1208//63 1158//63
f 1193//63 1191//63 1158//63
f 1142//63 1206//63 1199//63
f 1142//63 1199//63 1198//63
f 1195//63 1193//63 1158//63
f 1189//63 1195//63 1158//63
f 1142//63 1198//63 1200//63
f 1142//63 1200//63 1197//63
f 1187//63 1189//63 1158//63
f 1185//63 1187//63 1158//63
f 1142//63 1197//63 1196//63
f 1142//63 1196//63 1207//63
f 1186//63 1185//63 1158//63
f 1188//63 1186//63 1158//63
f 1142//63 1207//63 1190//63
f 1142//63 1190//63 1192//63
f 1188//63 1158//63 1142//63
f 1142//63 1192//63 1194//63
f 1182//64 1184//64 1183//64
f 1184//65 1058//65 1057//65
f 1406//66 1414//66 1141//66
f 1141//66 1143//66 1145//66
f 1145//66 1147//66 1149//66
f 1149//66 1151//66 1257//66
f 1149//66 1257//66 1261//66
f 1141//66 1145//66 1149//66
f 1408//66 1406//66 1141//66
f 1417//66 1408//66 1141//66
f 1141//66 1149//66 1261//66
f 1141//66 1261//66 1259//66
f 1400//66 1417//66 1141//66
f 1402//66 1400//66 1141//66
f 1141//66 1259//66 1280//66
f 1141//66 1280//66 1265//66
f 1404//66 1402//66 1141//66
f 1398//66 1404//66 1141//66
f 1141//66 1265//66 1269//66
f 1141//66 1269//66 1267//66
f 1396//66 1398//66 1141//66
f 1395//66 1396//66 1141//66
f 1141//66 1267//66 1277//66
f 1141//66 1277//66 1271//66
f 1397//66 1395//66 1141//66
f 1399//66 1397//66 1141//66
f 1141//66 1271//66 1275//66
f 1141//66 1275//66 1273//66
f 1405//66 1399//66 1141//66
f 1405//66 1141//66 1273//66
f 1405//66 1273//66 1279//66
f 1403//66 1405//66 1279//66
f 1403//66 1279//66 1282//66
f 1401//66 1403//66 1282//66
f 1401//66 1282//66 1286//66
f 1418//66 1401//66 1286//66
f 1418//66 1286//66 1284//66
f 1409//66 1418//66 1284//66
f 1409//66 1284//66 1294//66
f 1407//66 1409//66 1294//66
f 1407//66 1294//66 1288//66
f 1415//66 1407//66 1288//66
f 1415//66 1288//66 1292//66
f 1413//66 1415//66 1292//66
f 1413//66 1292//66 1290//66
f 1411//66 1413//66 1290//66
f 1411//66 1290//66 1311//66
f 1419//66 1411//66 1311//66
f 1419//66 1311//66 1296//66
f 1420//66 1419//66 1296//66
f 1420//66 1296//66 1300//66
f 1307//66 1421//66 1422//66
f 1422//66 1420//66 1300//66
f 1422//66 1300//66 1298//66
f 1302//66 1307//66 1422//66
f 1422//66 1298//66 1309//66
f 1510//66 1509//66 1137//66
f 1137//66 1139//66 1141//66
f 1141//66 1414//66 1412//66
f 1141//66 1412//66 1410//66
f 1510//66 1137//66 1141//66
f 1512//66 1510//66 1141//66
f 1141//66 1410//66 1416//66
f 1141//66 1416//66 1423//66
f 1514//66 1512//66 1141//66
f 1516//66 1514//66 1141//66
f 1141//66 1423//66 1378//66
f 1141//66 1378//66 1381//66
f 1537//66 1516//66 1141//66
f 1538//66 1537//66 1141//66
f 1141//66 1381//66 1379//66
f 1141//66 1379//66 1380//66
f 1549//66 1538//66 1141//66
f 1555//66 1549//66 1141//66
f 1141//66 1380//66 1383//66
f 1141//66 1383//66 1382//66
f 1559//66 1555//66 1141//66
f 1387//66 1560//66 1559//66
f 1394//66 1387//66 1559//66
f 1559//66 1141//66 1382//66
f 1559//66 1382//66 1385//66
f 1384//66 1394//66 1559//66
f 1790//66 1794//66 1109//66
f 1109//66 1111//66 1113//66
f 1113//66 1115//66 1117//66
f 1117//66 1119//66 1662//66
f 1117//66 1662//66 1668//66
f 1109//66 1113//66 1117//66
f 1788//66 1790//66 1109//66
f 1818//66 1788//66 1109//66
f 1109//66 1117//66 1668//66
f 1109//66 1668//66 1664//66
f 1817//66 1818//66 1109//66
f 1819//66 1817//66 1109//66
f 1109//66 1664//66 1666//66
f 1109//66 1666//66 1679//66
f 1816//66 1819//66 1109//66
f 1830//66 1816//66 1109//66
f 1109//66 1679//66 1672//66
f 1109//66 1672//66 1670//66
f 1831//66 1830//66 1109//66
f 1829//66 1831//66 1109//66
f 1109//66 1670//66 1676//66
f 1109//66 1676//66 1674//66
f 1832//66 1829//66 1109//66
f 1827//66 1832//66 1109//66
f 1109//66 1674//66 1675//66
f 1109//66 1675//66 1641//66
f 1828//66 1827//66 1109//66
f 1828//66 1109//66 1641//66
f 1828//66 1641//66 1640//66
f 1833//66 1828//66 1640//66
f 1833//66 1640//66 1642//66
f 1825//66 1833//66 1642//66
f 1825//66 1642//66 1638//66
f 1826//66 1825//66 1638//66
f 1826//66 1638//66 1639//66
f 1824//66 1826//66 1639//66
f 1824//66 1639//66 1677//66
f 1823//66 1824//66 1677//66
f 1823//66 1677//66 1671//66
f 1660//66 1821//66 1822//66
f 1822//66 1823//66 1671//66
f 1822//66 1671//66 1673//66
f 1658//66 1660//66 1822//66
f 1681//66 1658//66 1822//66
f 1822//66 1673//66 1680//66
f 1822//66 1680//66 1665//66
f 1663//66 1681//66 1822//66
f 1669//66 1663//66 1822//66
f 1822//66 1665//66 1667//66
f 2308//66 2307//66 1063//66
f 1063//66 1065//66 2328//66
f 1063//66 2328//66 2310//66
f 2309//66 2308//66 1063//66
f 2438//66 2445//66 1183//66
f 1183//66 1057//66 1059//66
f 1059//66 1061//66 1063//66
f 1063//66 2307//66 2306//66
f 1063//66 2306//66 2305//66
f 1183//66 1059//66 1063//66
f 2443//66 2438//66 1183//66
f 2441//66 2443//66 1183//66
f 1183//66 1063//66 2305//66
f 1183//66 2305//66 2304//66
f 2439//66 2441//66 1183//66
f 2479//66 2439//66 1183//66
f 1183//66 2304//66 2298//66
f 1183//66 2298//66 2299//66
f 2448//66 2479//66 1183//66
f 2452//66 2448//66 1183//66
f 1183//66 2299//66 2300//66
f 1183//66 2300//66 2297//66
f 2450//66 2452//66 1183//66
f 2460//66 2450//66 1183//66
f 1183//66 2297//66 2291//66
f 1183//66 2291//66 2290//66
f 2454//66 2460//66 1183//66
f 2458//66 2454//66 1183//66
f 1183//66 2290//66 2288//66
f 1183//66 2288//66 2289//66
f 2456//66 2458//66 1183//66
f 2456//66 1183//66 2289//66
f 2456//66 2289//66 2286//66
f 2476//66 2456//66 2286//66
f 2476//66 2286//66 2287//66
f 2462//66 2476//66 2287//66
f 2462//66 2287//66 2316//66
f 2466//66 2462//66 2316//66
f 2466//66 2316//66 2315//66
f 2464//66 2466//66 2315//66
f 2320//66 2317//66 2475//66
f 2464//66 2315//66 2320//66
f 2474//66 2464//66 2320//66
f 2320//66 2475//66 2467//66
f 2320//66 2467//66 2473//66
f 2468//66 2474//66 2320//66
f 2472//66 2468//66 2320//66
f 2320//66 2473//66 2471//66
f 2320//66 2471//66 2469//66
f 2470//66 2472//66 2320//66
f 2038//66 2037//66 1087//66
f 1087//66 1089//66 1091//66
f 1091//66 1093//66 1095//66
f 1095//66 1097//66 1099//66
f 1099//66 1949//66 1950//66
f 1099//66 1950//66 1956//66
f 1091//66 1095//66 1099//66
f 2038//66 1087//66 1091//66
f 2044//66 2038//66 1091//66
f 1091//66 1099//66 1956//66
f 1091//66 1956//66 1954//66
f 2041//66 2044//66 1091//66
f 2040//66 2041//66 1091//66
f 1091//66 1954//66 1952//66
f 1091//66 1952//66 1953//66
f 2043//66 2040//66 1091//66
f 2042//66 2043//66 1091//66
f 1091//66 1953//66 1955//66
f 1091//66 1955//66 1951//66
f 2039//66 2042//66 1091//66
f 2036//66 2039//66 1091//66
f 1091//66 1951//66 1957//66
f 1091//66 1957//66 1946//66
f 2045//66 2036//66 1091//66
f 2032//66 2045//66 1091//66
f 1091//66 1946//66 1948//66
f 1091//66 1948//66 1944//66
f 2033//66 2032//66 1091//66
f 2034//66 2033//66 1091//66
f 1091//66 1944//66 1960//66
f 1091//66 1960//66 1938//66
f 2031//66 2034//66 1091//66
f 2035//66 2031//66 1091//66
f 1091//66 1938//66 1940//66
f 1091//66 1940//66 1936//66
f 2029//66 2035//66 1091//66
f 2030//66 2029//66 1091//66
f 1091//66 1936//66 1942//66
f 1091//66 1942//66 1932//66
f 2027//66 2030//66 1091//66
f 2028//66 2027//66 1091//66
f 1091//66 1932//66 1934//66
f 1091//66 1934//66 1930//66
f 2049//66 2028//66 1091//66
f 2048//66 2049//66 1091//66
f 1091//66 1930//66 1962//66
f 1091//66 1962//66 1921//66
f 2046//66 2048//66 1091//66
f 2046//66 1091//66 1921//66
f 2046//66 1921//66 1923//66
f 2047//66 2046//66 1923//66
f 2047//66 1923//66 1925//66
f 2057//66 2047//66 1925//66
f 2057//66 1925//66 1920//66
f 2058//66 2057//66 1920//66
f 2058//66 1920//66 1927//66
f 2056//66 2058//66 1927//66
f 2056//66 1927//66 1916//66
f 2064//66 2056//66 1916//66
f 2064//66 1916//66 1918//66
f 2068//66 2064//66 1918//66
f 2068//66 1918//66 1914//66
f 2066//66 2068//66 1914//66
f 2066//66 1914//66 1912//66
f 2067//66 2066//66 1912//66
f 2067//66 1912//66 1908//66
f 2074//66 2067//66 1908//66
f 2074//66 1908//66 1910//66
f 2090//66 2074//66 1910//66
f 2090//66 1910//66 1906//66
f 2079//66 2090//66 1906//66
f 2079//91 1906//91 1904//91
f 2080//66 2079//66 1904//66
f 2076//66 2080//66 1904//66
f 2077//66 2076//66 1904//66
f 2075//66 2077//66 1904//66
f 2078//88 2075//88 1904//88
f 2082//91 2078//91 1904//91
f 2081//66 2082//66 1904//66
f 2200//66 2071//66 2072//66
f 2202//66 2200//66 2072//66
f 2202//66 2072//66 2069//66
f 2204//66 2202//66 2069//66
f 2204//66 2069//66 2070//66
f 2206//66 2204//66 2070//66
f 2206//66 2070//66 2073//66
f 2208//66 2206//66 2073//66
f 2208//66 2073//66 2087//66
f 2218//66 2208//66 2087//66
f 2218//66 2087//66 2088//66
f 2220//66 2218//66 2088//66
f 2220//66 2088//66 2086//66
f 2219//66 2220//66 2086//66
f 2219//66 2086//66 2089//66
f 2216//66 2219//66 2089//66
f 2216//66 2089//66 2083//66
f 2217//66 2216//66 2083//66
f 2217//66 2083//66 2084//66
f 2215//66 2217//66 2084//66
f 2215//66 2084//66 2085//66
f 2214//66 2215//66 2085//66
f 2214//66 2085//66 2091//66
f 2212//98 2214//98 2091//98
f 2212//66 2091//66 2081//66
f 2212//66 2081//66 1904//66
f 2212//66 1904//66 1902//66
f 2213//66 2212//66 1902//66
f 2213//66 1902//66 1900//66
f 2210//66 2213//66 1900//66
f 2210//66 1900//66 1898//66
f 2209//66 2210//66 1898//66
f 1081//66 2189//66 2186//66
f 1077//66 1079//66 1081//66
f 1073//66 1075//66 1077//66
f 1069//66 1071//66 1073//66
f 1065//66 1067//66 1069//66
f 2330//66 2328//66 1065//66
f 2329//66 2330//66 1065//66
f 1065//66 1069//66 1073//66
f 1073//66 1077//66 1081//66
f 1081//66 2186//66 2187//66
f 1081//66 2187//66 2190//66
f 1065//66 1073//66 1081//66
f 2331//66 2329//66 1065//66
f 2333//66 2331//66 1065//66
f 1081//66 2190//66 2183//66
f 1081//66 2183//66 2185//66
f 2332//66 2333//66 1065//66
f 2335//66 2332//66 1065//66
f 1081//66 2185//66 2192//66
f 1081//66 2192//66 2179//66
f 2334//66 2335//66 1065//66
f 2336//66 2334//66 1065//66
f 1081//66 2179//66 2177//66
f 1081//66 2177//66 2181//66
f 2336//66 1065//66 1081//66
f 2337//66 2336//66 1081//66
f 1081//66 2181//66 2176//66
f 1081//66 2176//66 2193//66
f 2345//66 2337//66 1081//66
f 2347//66 2345//66 1081//66
f 1081//66 2193//66 2168//66
f 2347//66 1081//66 2168//66
f 2348//66 2347//66 2168//66
f 2348//66 2168//66 2170//66
f 2349//66 2348//66 2170//66
f 2349//66 2170//66 2172//66
f 2350//66 2349//66 2172//66
f 2350//66 2172//66 2166//66
f 2346//66 2350//66 2166//66
f 2346//66 2166//66 2173//66
f 2342//66 2346//66 2173//66
f 2342//66 2173//66 2162//66
f 2341//66 2342//66 2162//66
f 2341//66 2162//66 2163//66
f 2344//66 2341//66 2163//66
f 2344//66 2163//66 2164//66
f 2343//66 2344//66 2164//66
f 2343//66 2164//66 2160//66
f 2338//66 2343//66 2160//66
f 2338//66 2160//66 2161//66
f 2339//66 2338//66 2161//66
f 2339//66 2161//66 2159//66
f 2340//66 2339//66 2159//66
f 2340//66 2159//66 2157//66
f 2312//66 2340//66 2157//66
f 2312//66 2157//66 2158//66
f 2314//66 2312//66 2158//66
f 2314//66 2158//66 2156//66
f 2313//66 2314//66 2156//66
f 2313//66 2156//66 2195//66
f 2311//66 2313//66 2195//66
f 2311//66 2195//66 2197//66
f 2303//66 2311//66 2197//66
f 2303//66 2197//66 2201//66
f 2302//66 2303//66 2201//66
f 2302//66 2201//66 2203//66
f 2301//66 2302//66 2203//66
f 2301//66 2203//66 2205//66
f 2296//66 2301//66 2205//66
f 2296//66 2205//66 2207//66
f 2294//66 2296//66 2207//66
f 2294//66 2207//66 2211//66
f 2293//66 2294//66 2211//66
f 2293//66 2211//66 2209//66
f 2295//66 2293//66 2209//66
f 2295//66 2209//66 1898//66
f 2292//66 2295//66 1898//66
f 2292//66 1898//66 1899//66
f 2324//66 2292//66 1899//66
f 2324//99 1899//99 1903//99
f 2325//66 2324//66 1903//66
f 1901//66 1911//66 1661//66
f 2323//66 2325//66 1903//66
f 1903//66 1901//66 1661//66
f 1903//66 1661//66 1655//66
f 2326//66 2323//66 1903//66
f 2321//66 2326//66 1903//66
f 1903//66 1655//66 1656//66
f 1903//66 1656//66 1653//66
f 2322//66 2321//66 1903//66
f 2327//66 2322//66 1903//66
f 1903//66 1653//66 1654//66
f 1903//66 1654//66 1652//66
f 2318//66 2327//66 1903//66
f 2475//66 2317//66 2319//66
f 2319//66 2318//66 1903//66
f 1903//98 1652//98 1649//98
f 2319//66 1903//66 1649//66
f 2463//66 2475//66 2319//66
f 2465//66 2463//66 2319//66
f 2319//66 1649//66 1648//66
f 2319//66 1648//66 1650//66
f 2461//66 2465//66 2319//66
f 2478//66 2461//66 2319//66
f 2319//66 1650//66 1647//66
f 2319//66 1647//66 1651//66
f 2455//66 2478//66 2319//66
f 2457//66 2455//66 2319//66
f 2319//66 1651//66 1645//66
f 2319//66 1645//66 1646//66
f 2453//66 2457//66 2319//66
f 2459//66 2453//66 2319//66
f 2319//66 1646//66 1644//66
f 1644//66 1643//66 1547//66
f 1644//66 1547//66 1544//66
f 2459//66 2319//66 1644//66
f 2449//66 2459//66 1644//66
f 1644//66 1544//66 1545//66
f 1644//66 1545//66 1548//66
f 2451//66 2449//66 1644//66
f 2447//66 2451//66 1644//66
f 1644//66 1548//66 1541//66
f 1644//66 1541//66 1542//66
f 2477//66 2447//66 1644//66
f 2440//66 2477//66 1644//66
f 1644//66 1542//66 1543//66
f 2440//66 1644//66 1543//66
f 2442//66 2440//66 1543//66
f 2442//66 1543//66 1540//66
f 2437//66 2442//66 1540//66
f 2437//66 1540//66 1550//66
f 2444//66 2437//66 1550//66
f 2444//66 1550//66 1552//66
f 2433//66 2444//66 1552//66
f 2433//66 1552//66 1556//66
f 2435//66 2433//66 1556//66
f 2435//66 1556//66 1561//66
f 2431//66 2435//66 1561//66
f 2431//66 1561//66 1562//66
f 2446//66 2431//66 1562//66
f 2446//66 1562//66 1566//66
f 2425//66 2446//66 1566//66
f 2425//66 1566//66 1570//66
f 2427//66 2425//66 1570//66
f 2427//66 1570//66 1572//66
f 2423//66 2427//66 1572//66
f 2423//66 1572//66 1568//66
f 2429//66 2423//66 1568//66
f 1564//66 1560//66 1387//66
f 2429//66 1568//66 1564//66
f 2419//66 2429//66 1564//66
f 1564//66 1387//66 1386//66
f 1564//66 1386//66 1389//66
f 2421//66 2419//66 1564//66
f 2417//66 2421//66 1564//66
f 1564//66 1389//66 1388//66
f 1564//66 1388//66 1393//66
f 2416//66 2417//66 1564//66
f 2418//66 2416//66 1564//66
f 1564//66 1393//66 1391//66
f 1564//66 1391//66 1390//66
f 2420//88 2418//88 1564//88
f 2422//66 2420//66 1564//66
f 1564//66 1390//66 1392//66
f 1564//66 1392//66 1438//66
f 2422//66 1564//66 1438//66
f 2422//66 1438//66 1437//66
f 2424//91 2422//91 1437//91
f 2424//66 1437//66 1439//66
f 2424//66 1439//66 1435//66
f 2424//66 1435//66 1436//66
f 2424//66 1436//66 1440//66
f 2424//66 1440//66 1432//66
f 2424//66 1432//66 1433//66
f 2424//66 1433//66 1434//66
f 2424//66 1434//66 1430//66
f 2424//66 1430//66 1431//66
f 2428//100 2424//100 1431//100
f 2428//66 1431//66 1441//66
f 2428//66 1441//66 1426//66
f 2428//66 1426//66 1427//66
f 2428//66 1427//66 1428//66
f 2428//66 1428//66 1424//66
f 2428//66 1424//66 1425//66
f 1429//66 1421//66 1307//66
f 2428//66 1425//66 1429//66
f 2428//66 1429//66 1307//66
f 2428//66 1307//66 1305//66
f 2426//91 2428//91 1305//91
f 2426//66 1305//66 1304//66
f 2430//101 2426//101 1304//101
f 2430//66 1304//66 1306//66
f 2430//66 1306//66 1308//66
f 2430//66 1308//66 1303//66
f 2430//66 1303//66 1310//66
f 2430//66 1310//66 1299//66
f 2430//66 1299//66 1301//66
f 2430//66 1301//66 1297//66
f 2430//66 1297//66 1312//66
f 1291//66 1293//66 2546//66
f 2430//66 1312//66 1291//66
f 1291//66 2546//66 2545//66
f 1291//66 2545//66 2548//66
f 2430//66 1291//66 2548//66
f 2430//66 2548//66 2547//66
f 2432//66 2430//66 2547//66
f 2432//66 2547//66 2552//66
f 2436//66 2432//66 2552//66
f 2436//66 2552//66 2549//66
f 1183//66 2445//66 2434//66
f 2436//66 2549//66 2553//66
f 1183//66 2434//66 2436//66
f 2551//66 2550//66 1183//66
f 2436//66 2553//66 2551//66
f 2188//66 2189//66 1081//66
f 1081//66 1083//66 1085//66
f 1085//66 2055//66 2061//66
f 1085//66 2061//66 2062//66
f 2188//66 1081//66 1085//66
f 2184//66 2188//66 1085//66
f 1085//66 2062//66 2059//66
f 1085//66 2059//66 2060//66
f 2182//66 2184//66 1085//66
f 2191//66 2182//66 1085//66
f 1085//66 2060//66 2063//66
f 2065//66 2071//66 2200//66
f 1085//66 2063//66 2065//66
f 2178//66 2191//66 1085//66
f 2180//66 2178//66 1085//66
f 1085//66 2065//66 2200//66
f 1085//66 2200//66 2199//66
f 2174//66 2180//66 1085//66
f 2175//66 2174//66 1085//66
f 1085//66 2199//66 2198//66
f 1085//66 2198//66 2196//66
f 2194//66 2175//66 1085//66
f 2169//66 2194//66 1085//66
f 1085//66 2196//66 2165//66
f 1085//66 2165//66 2171//66
f 2167//66 2169//66 1085//66
f 2051//66 2055//66 1085//66
f 1085//66 1087//66 2037//66
f 1085//66 2037//66 2053//66
f 2050//66 2051//66 1085//66
f 2054//66 2050//66 1085//66
f 1085//66 2053//66 2052//66
f 1949//66 1099//66 1101//66
f 1101//66 1103//66 1105//66
f 1105//66 1107//66 1109//66
f 1109//66 1794//66 1792//66
f 1109//66 1792//66 1805//66
f 1101//66 1105//66 1109//66
f 1958//66 1949//66 1101//66
f 1945//66 1958//66 1101//66
f 1101//66 1109//66 1805//66
f 1101//66 1805//66 1796//66
f 1947//66 1945//66 1101//66
f 1943//66 1947//66 1101//66
f 1101//66 1796//66 1798//66
f 1101//66 1798//66 1802//66
f 1959//66 1943//66 1101//66
f 1937//66 1959//66 1101//66
f 1101//66 1802//66 1803//66
f 1101//66 1803//66 1800//66
f 1939//66 1937//66 1101//66
f 1935//66 1939//66 1101//66
f 1101//66 1800//66 1801//66
f 1101//66 1801//66 1804//66
f 1941//66 1935//66 1101//66
f 1931//66 1941//66 1101//66
f 1101//66 1804//66 1797//66
f 1101//66 1797//66 1799//66
f 1933//66 1931//66 1101//66
f 1929//66 1933//66 1101//66
f 1101//66 1799//66 1806//66
f 1101//66 1806//66 1793//66
f 1961//66 1929//66 1101//66
f 1922//66 1961//66 1101//66
f 1101//66 1793//66 1795//66
f 1101//66 1795//66 1789//66
f 1924//66 1922//66 1101//66
f 1919//66 1924//66 1101//66
f 1101//66 1789//66 1791//66
f 1101//66 1791//66 1807//66
f 1926//66 1919//66 1101//66
f 1915//66 1926//66 1101//66
f 1101//66 1807//66 1784//66
f 1101//66 1784//66 1783//66
f 1915//66 1101//66 1783//66
f 1915//66 1783//66 1785//66
f 1917//66 1915//66 1785//66
f 1917//66 1785//66 1782//66
f 1913//66 1917//66 1782//66
f 1913//66 1782//66 1786//66
f 1928//66 1913//66 1786//66
f 1928//66 1786//66 1779//66
f 1907//66 1928//66 1779//66
f 1907//66 1779//66 1780//66
f 1909//66 1907//66 1780//66
f 1909//66 1780//66 1781//66
f 1661//66 1911//66 1905//66
f 1905//66 1909//66 1781//66
f 1905//66 1781//66 1778//66
f 1660//66 1661//66 1905//66
f 1820//66 1821//66 1660//66
f 1815//66 1820//66 1660//66
f 1660//66 1905//66 1778//66
f 1660//66 1778//66 1787//66
f 1814//66 1815//66 1660//66
f 1812//66 1814//66 1660//66
f 1660//66 1787//66 1774//66
f 1660//66 1774//66 1775//66
f 1813//66 1812//66 1660//66
f 1809//66 1813//66 1660//66
f 1660//66 1775//66 1776//66
f 1660//66 1776//66 1773//66
f 1810//66 1809//66 1660//66
f 1811//66 1810//66 1660//66
f 1660//66 1773//66 1777//66
f 1660//66 1777//66 1771//66
f 1808//66 1811//66 1660//66
f 1769//66 1808//66 1660//66
f 1660//66 1771//66 1772//66
f 1770//66 1769//66 1660//66
f 1678//66 1662//66 1119//66
f 1119//66 1121//66 1123//66
f 1123//66 1125//66 1127//66
f 1127//66 1129//66 1131//66
f 1131//66 1133//66 1135//66
f 1135//66 1137//66 1509//66
f 1135//66 1509//66 1508//66
f 1127//66 1131//66 1135//66
f 1119//66 1123//66 1127//66
f 1657//66 1678//66 1119//66
f 1659//66 1657//66 1119//66
f 1119//66 1127//66 1135//66
f 1135//66 1508//66 1511//66
f 1135//66 1511//66 1513//66
f 1699//66 1659//66 1119//66
f 1698//66 1699//66 1119//66
f 1135//66 1513//66 1515//66
f 1135//66 1515//66 1520//66
f 1700//66 1698//66 1119//66
f 1697//66 1700//66 1119//66
f 1135//66 1520//66 1517//66
f 1135//66 1517//66 1519//66
f 1697//66 1119//66 1135//66
f 1696//66 1697//66 1135//66
f 1135//66 1519//66 1518//66
f 1135//66 1518//66 1521//66
f 1701//66 1696//66 1135//66
f 1694//66 1701//66 1135//66
f 1135//66 1521//66 1522//66
f 1135//66 1522//66 1524//66
f 1693//66 1694//66 1135//66
f 1695//66 1693//66 1135//66
f 1135//66 1524//66 1523//66
f 1135//66 1523//66 1528//66
f 1692//66 1695//66 1135//66
f 1702//66 1692//66 1135//66
f 1135//66 1528//66 1525//66
f 1135//66 1525//66 1527//66
f 1689//66 1702//66 1135//66
f 1690//66 1689//66 1135//66
f 1135//66 1527//66 1526//66
f 1690//66 1135//66 1526//66
f 1691//66 1690//66 1526//66
f 1691//66 1526//66 1536//66
f 1687//66 1691//66 1536//66
f 1687//66 1536//66 1529//66
f 1683//66 1687//66 1529//66
f 1683//66 1529//66 1531//66
f 1684//66 1683//66 1531//66
f 1684//66 1531//66 1530//66
f 1682//66 1684//66 1530//66
f 1682//66 1530//66 1535//66
f 1685//66 1682//66 1535//66
f 1685//66 1535//66 1532//66
f 1686//66 1685//66 1532//66
f 1686//66 1532//66 1534//66
f 1547//66 1643//66 1688//66
f 1688//66 1686//66 1534//66
f 1688//66 1534//66 1533//66
f 1546//66 1547//66 1688//66
f 1551//66 1546//66 1688//66
f 1688//66 1533//66 1539//66
f 1688//66 1539//66 1554//66
f 1553//66 1551//66 1688//66
f 1557//66 1553//66 1688//66
f 1688//66 1554//66 1558//66
f 1688//66 1558//66 1565//66
f 1563//66 1557//66 1688//66
f 1567//66 1563//66 1688//66
f 1688//66 1565//66 1569//66
f 1571//66 1567//66 1688//66
f 1263//66 1257//66 1151//66
f 1151//66 1153//66 1155//66
f 1155//66 1157//66 1159//66
f 1159//66 1161//66 1163//66
f 1163//66 1165//66 1167//66
f 1167//66 2699//66 2704//66
f 1167//66 2704//66 2698//66
f 1159//66 1163//66 1167//66
f 1151//66 1155//66 1159//66
f 1253//66 1263//66 1151//66
f 1255//66 1253//66 1151//66
f 1151//66 1159//66 1167//66
f 1167//66 2698//66 2695//66
f 1167//66 2695//66 2694//66
f 1251//66 1255//66 1151//66
f 1250//66 1251//66 1151//66
f 1167//66 2694//66 2692//66
f 1167//66 2692//66 2689//66
f 1252//66 1250//66 1151//66
f 1256//66 1252//66 1151//66
f 1167//66 2689//66 2688//66
f 1167//66 2688//66 2685//66
f 1256//66 1151//66 1167//66
f 1254//91 1256//91 1167//91
f 1167//66 2685//66 2684//66
f 1167//66 2684//66 2681//66
f 1264//66 1254//66 1167//66
f 1258//91 1264//91 1167//91
f 1167//66 2681//66 2678//66
f 1167//91 2678//91 2680//91
f 1262//66 1258//66 1167//66
f 1260//66 1262//66 1167//66
f 1167//87 2680//87 2677//87
f 1260//66 1167//66 2677//66
f 1281//66 1260//66 2677//66
f 1281//66 2677//66 2676//66
f 1266//66 1281//66 2676//66
f 1266//66 2676//66 2679//66
f 1270//66 1266//66 2679//66
f 1270//66 2679//66 2682//66
f 1268//66 1270//66 2682//66
f 1268//66 2682//66 2683//66
f 1278//66 1268//66 2683//66
f 1278//66 2683//66 2687//66
f 1272//66 1278//66 2687//66
f 1272//66 2687//66 2686//66
f 1276//66 1272//66 2686//66
f 1276//66 2686//66 2693//66
f 1274//66 1276//66 2693//66
f 1274//66 2693//66 2691//66
f 1313//66 1274//66 2691//66
f 1313//66 2691//66 2690//66
f 1283//66 1313//66 2690//66
f 1283//66 2690//66 2705//66
f 1287//66 1283//66 2705//66
f 1287//66 2705//66 2697//66
f 1285//66 1287//66 2697//66
f 1285//66 2697//66 2696//66
f 2701//66 1289//66 1295//66
f 1295//66 1285//66 2696//66
f 2703//66 2701//66 1295//66
f 2702//66 2699//66 1167//66
f 1167//66 1169//66 1171//66
f 1171//66 1173//66 1175//66
f 1175//66 1177//66 1179//66
f 1179//66 1181//66 1183//66
f 1183//66 2550//66 2555//66
f 1183//66 2555//66 2558//66
f 1175//66 1179//66 1183//66
f 1167//66 1171//66 1175//66
f 2706//66 2702//66 1167//66
f 2707//66 2706//66 1167//66
f 1167//66 1175//66 1183//66
f 1183//66 2558//66 2605//66
f 1183//66 2605//66 2607//66
f 2710//66 2707//66 1167//66
f 2716//66 2710//66 1167//66
f 1183//66 2607//66 2609//66
f 1183//66 2609//66 2601//66
f 2711//66 2716//66 1167//66
f 2714//66 2711//66 1167//66
f 1183//66 2601//66 2600//66
f 1183//66 2600//66 2602//66
f 2727//66 2714//66 1167//66
f 2717//66 2727//66 1167//66
f 1183//66 2602//66 2599//66
f 1183//66 2599//66 2598//66
f 2720//66 2717//66 1167//66
f 2719//66 2720//66 1167//66
f 1183//66 2598//66 2603//66
f 1183//66 2603//66 2596//66
f 2718//66 2719//66 1167//66
f 1183//66 2596//66 2595//66
f 1183//66 2595//66 2597//66
f 1289//66 2701//66 2700//66
f 2546//66 1293//66 1289//66
f 2554//102 2546//102 1289//102
f 1289//66 2700//66 2728//66
f 1289//66 2728//66 2709//66
f 2556//66 2554//66 1289//66
f 2557//66 2556//66 1289//66
f 1289//66 2709//66 2708//66
f 1289//66 2708//66 2715//66
f 2559//66 2557//66 1289//66
f 2606//66 2559//66 1289//66
f 1289//66 2715//66 2713//66
f 1289//66 2713//66 2712//66
f 2608//66 2606//66 1289//66
f 2610//66 2608//66 1289//66
f 1289//66 2712//66 2726//66
f 1289//66 2726//66 2730//66
f 2587//66 2610//66 1289//66
f 2591//66 2587//66 1289//66
f 1289//66 2730//66 2732//66
f 1289//66 2732//66 2734//66
f 2585//66 2591//66 1289//66
f 2583//66 2585//66 1289//66
f 1289//66 2734//66 2738//66
f 1289//66 2738//66 2737//66
f 2581//66 2583//66 1289//66
f 2577//66 2581//66 1289//66
f 2577//66 1289//66 2737//66
f 2575//66 2577//66 2737//66
f 2575//66 2737//66 2739//66
f 2579//66 2575//66 2739//66
f 2579//66 2739//66 2735//66
f 2573//66 2579//66 2735//66
f 2573//66 2735//66 2736//66
f 2571//66 2573//66 2736//66
f 2571//66 2736//66 2733//66
f 2569//66 2571//66 2733//66
f 2569//66 2733//66 2731//66
f 2567//66 2569//66 2731//66
f 2567//66 2731//66 2729//66
f 2565//66 2567//66 2729//66
f 2565//66 2729//66 2723//66
f 2561//66 2565//66 2723//66
f 2561//66 2723//66 2724//66
f 2562//66 2561//66 2724//66
f 2562//66 2724//66 2721//66
f 2560//66 2562//66 2721//66
f 2560//66 2721//66 2722//66
f 2563//66 2560//66 2722//66
f 2563//66 2722//66 2725//66
f 2564//66 2563//66 2725//66
f 2564//66 2725//66 2718//66
f 2566//66 2564//66 2718//66
f 1183//66 2597//66 2594//66
f 1183//66 2594//66 2593//66
f 2566//66 2718//66 1167//66
f 2568//66 2566//66 1167//66
f 1183//66 2593//66 2604//66
f 1183//66 2604//66 2589//66
f 2570//66 2568//66 1167//66
f 2572//66 2570//66 1167//66
f 1183//66 2589//66 2588//66
f 1183//66 2588//66 2590//66
f 2574//66 2572//66 1167//66
f 2580//66 2574//66 1167//66
f 1183//66 2590//66 2592//66
f 1183//66 2592//66 2586//66
f 2576//66 2580//66 1167//66
f 2578//66 2576//66 1167//66
f 1183//66 2586//66 2584//66
f 2582//66 2578//66 1167//66
f 1183//66 2584//66 2582//66
f 1222//33 1219//33 1313//33
f 1221//34 1222//34 1283//34
f 1227//35 1221//35 1287//35
f 1225//36 1227//36 1285//36
f 1249//37 1225//37 1295//37
f 1228//38 1249//38 1289//38
f 1230//39 1228//39 1293//39
f 1236//74 1230//74 1291//74
f 1236//41 1312//41 1297//41
f 1234//42 1297//42 1301//42
f 1232//43 1301//43 1299//43
f 1246//44 1299//44 1310//44
f 1240//45 1310//45 1303//45
f 1238//46 1303//46 1308//46
f 1245//47 1308//47 1306//47
f 1242//48 1306//48 1304//48
f 1241//49 1304//49 1305//49
f 1244//50 1305//50 1307//50
f 1243//51 1307//51 1302//51
f 1237//52 1302//52 1309//52
f 1239//53 1309//53 1298//53
f 1248//54 1298//54 1300//54
f 1233//55 1300//55 1296//55
f 1231//83 1296//83 1311//83
f 1235//67 1311//67 1290//67
f 1229//58 1290//58 1292//58
f 1247//59 1292//59 1288//59
f 1223//60 1288//60 1294//60
f 1224//61 1294//61 1284//61
f 1226//62 1284//62 1286//62
f 1220//64 1286//64 1282//64
f 1203//65 1282//65 1279//65
f 1204//1 1279//1 1273//1
f 1205//2 1273//2 1275//2
f 1202//3 1275//3 1271//3
f 1201//4 1271//4 1277//4
f 1206//5 1277//5 1267//5
f 1199//6 1267//6 1269//6
f 1198//7 1269//7 1265//7
f 1200//103 1265//103 1280//103
f 1196//85 1197//85 1280//85
f 1207//10 1196//10 1259//10
f 1190//11 1207//11 1261//11
f 1192//12 1190//12 1257//12
f 1194//104 1192//104 1263//104
f 1188//14 1194//14 1253//14
f 1186//15 1188//15 1255//15
f 1185//105 1186//105 1251//105
f 1187//17 1185//17 1250//17
f 1189//18 1187//18 1252//18
f 1195//19 1189//19 1256//19
f 1193//20 1195//20 1254//20
f 1191//106 1193//106 1264//106
f 1208//22 1191//22 1258//22
f 1212//23 1208//23 1262//23
f 1211//24 1212//24 1260//24
f 1211//84 1281//84 1266//84
f 1266//84 1209//84 1210//84
f 1217//26 1209//26 1266//26
f 1213//27 1217//27 1270//27
f 1216//28 1213//28 1268//28
f 1214//29 1216//29 1278//29
f 1215//30 1214//30 1272//30
f 1218//31 1215//31 1276//31
f 1219//32 1218//32 1274//32
f 1346//33 1377//33 1429//33
f 1350//34 1346//34 1425//34
f 1348//35 1350//35 1424//35
f 1358//36 1348//36 1428//36
f 1352//37 1358//37 1427//37
f 1356//38 1352//38 1426//38
f 1354//39 1356//39 1441//39
f 1375//74 1354//74 1431//74
f 1375//41 1430//41 1434//41
f 1360//42 1434//42 1433//42
f 1364//43 1433//43 1432//43
f 1362//44 1432//44 1440//44
f 1372//45 1440//45 1436//45
f 1366//46 1436//46 1435//46
f 1370//47 1435//47 1439//47
f 1368//48 1439//48 1437//48
f 1367//49 1437//49 1438//49
f 1369//50 1438//50 1392//50
f 1371//51 1392//51 1390//51
f 1365//52 1390//52 1391//52
f 1373//107 1391//107 1393//107
f 1361//54 1393//54 1388//54
f 1363//55 1388//55 1389//55
f 1359//83 1389//83 1386//83
f 1374//67 1386//67 1387//67
f 1353//58 1387//58 1394//58
f 1355//59 1394//59 1384//59
f 1351//60 1384//60 1385//60
f 1357//61 1385//61 1382//61
f 1347//62 1382//62 1383//62
f 1349//64 1383//64 1380//64
f 1345//65 1380//65 1379//65
f 1376//1 1379//1 1381//1
f 1338//2 1381//2 1378//2
f 1340//3 1378//3 1423//3
f 1335//4 1423//4 1416//4
f 1342//5 1416//5 1410//5
f 1331//6 1410//6 1412//6
f 1333//7 1412//7 1414//7
f 1329//8 1414//8 1406//8
f 1323//9 1344//9 1406//9
f 1325//10 1323//10 1408//10
f 1321//11 1325//11 1417//11
f 1327//12 1321//12 1400//12
f 1317//13 1327//13 1402//13
f 1320//14 1317//14 1404//14
f 1315//15 1320//15 1398//15
f 1314//16 1315//16 1396//16
f 1316//17 1314//17 1395//17
f 1319//18 1316//18 1397//18
f 1318//19 1319//19 1399//19
f 1322//20 1318//20 1405//20
f 1326//21 1322//21 1403//21
f 1324//22 1326//22 1401//22
f 1328//23 1324//23 1418//23
f 1330//24 1328//24 1409//24
f 1334//84 1330//84 1407//84
f 1332//26 1334//26 1415//26
f 1343//27 1332//27 1413//27
f 1336//28 1343//28 1411//28
f 1341//29 1336//29 1419//29
f 1339//30 1341//30 1420//30
f 1337//31 1339//31 1422//31
f 1377//32 1337//32 1421//32
f 1481//33 1488//33 1561//33
f 1483//34 1481//34 1556//34
f 1482//35 1483//35 1552//35
f 1487//36 1482//36 1550//36
f 1484//37 1487//37 1540//37
f 1486//38 1484//38 1543//38
f 1506//39 1486//39 1542//39
f 1490//40 1506//40 1541//40
f 1490//75 1548//75 1545//75
f 1496//42 1545//42 1544//42
f 1494//43 1544//43 1547//43
f 1492//44 1547//44 1546//44
f 1505//45 1546//45 1551//45
f 1498//46 1551//46 1553//46
f 1502//47 1553//47 1557//47
f 1501//48 1557//48 1563//48
f 1499//49 1563//49 1567//49
f 1500//50 1567//50 1571//50
f 1504//51 1571//51 1569//51
f 1497//52 1569//52 1565//52
f 1503//53 1565//53 1558//53
f 1493//54 1558//54 1554//54
f 1491//55 1554//55 1539//55
f 1495//56 1539//56 1533//56
f 1489//67 1533//67 1534//67
f 1507//58 1534//58 1532//58
f 1485//59 1532//59 1535//59
f 1472//60 1535//60 1530//60
f 1468//61 1530//61 1531//61
f 1465//62 1531//62 1529//62
f 1462//64 1529//64 1536//64
f 1460//65 1536//65 1526//65
f 1457//1 1526//1 1527//1
f 1453//2 1527//2 1525//2
f 1454//3 1525//3 1528//3
f 1452//4 1528//4 1523//4
f 1455//5 1523//5 1524//5
f 1450//6 1524//6 1522//6
f 1451//7 1522//7 1521//7
f 1449//76 1521//76 1518//76
f 1446//85 1448//85 1518//85
f 1447//10 1446//10 1519//10
f 1445//11 1447//11 1517//11
f 1444//12 1445//12 1520//12
f 1443//13 1444//13 1515//13
f 1442//14 1443//14 1513//14
f 1456//15 1442//15 1511//15
f 1458//16 1456//16 1508//16
f 1459//17 1458//17 1509//17
f 1461//18 1459//18 1510//18
f 1463//19 1461//19 1512//19
f 1464//20 1463//20 1514//20
f 1466//21 1464//21 1516//21
f 1467//22 1466//22 1537//22
f 1467//23 1538//23 1549//23
f 1549//23 1471//23 1470//23
f 1469//23 1467//23 1549//23
f 1473//24 1471//24 1549//24
f 1475//25 1473//25 1555//25
f 1560//26 1564//26 1474//26
f 1474//26 1475//26 1559//26
f 1480//27 1474//27 1564//27
f 1476//28 1480//28 1568//28
f 1479//29 1476//29 1572//29
f 1478//30 1479//30 1570//30
f 1477//31 1478//31 1566//31
f 1488//32 1477//32 1562//32
f 1626//33 1627//33 1655//33
f 1625//34 1626//34 1661//34
f 1637//35 1625//35 1660//35
f 1629//36 1637//36 1658//36
f 1632//37 1629//37 1681//37
f 1631//38 1632//38 1663//38
f 1630//39 1631//39 1669//39
f 1636//40 1630//40 1667//40
f 1636//41 1665//41 1680//41
f 1633//42 1680//42 1673//42
f 1635//43 1673//43 1671//43
f 1634//44 1671//44 1677//44
f 1619//45 1677//45 1639//45
f 1616//46 1639//46 1638//46
f 1615//47 1638//47 1642//47
f 1618//48 1642//48 1640//48
f 1617//49 1640//49 1641//49
f 1611//50 1641//50 1675//50
f 1607//51 1675//51 1674//51
f 1608//52 1674//52 1676//52
f 1606//53 1676//53 1670//53
f 1605//54 1670//54 1672//54
f 1609//55 1672//55 1679//55
f 1600//83 1679//83 1666//83
f 1599//57 1666//57 1664//57
f 1597//58 1664//58 1668//58
f 1598//59 1668//59 1662//59
f 1596//60 1662//60 1678//60
f 1601//61 1678//61 1657//61
f 1657//61 1587//61 1588//61
f 1587//62 1657//62 1659//62
f 1590//64 1659//64 1699//64
f 1586//65 1699//65 1698//65
f 1589//1 1698//1 1700//1
f 1583//2 1700//2 1697//2
f 1584//3 1697//3 1696//3
f 1585//4 1696//4 1701//4
f 1582//5 1701//5 1694//5
f 1591//6 1694//6 1693//6
f 1578//7 1693//7 1695//7
f 1579//8 1695//8 1692//8
f 1577//85 1580//85 1692//85
f 1581//10 1577//10 1702//10
f 1575//11 1581//11 1689//11
f 1576//12 1575//12 1690//12
f 1573//13 1576//13 1691//13
f 1574//14 1573//14 1687//14
f 1593//15 1574//15 1683//15
f 1592//16 1593//16 1684//16
f 1594//17 1592//17 1682//17
f 1595//18 1594//18 1685//18
f 1602//19 1595//19 1686//19
f 1643//20 1644//20 1603//20
f 1603//20 1602//20 1688//20
f 1604//21 1603//21 1644//21
f 1610//22 1604//22 1646//22
f 1612//23 1610//23 1645//23
f 1613//24 1612//24 1651//24
f 1614//25 1613//25 1647//25
f 1620//26 1614//26 1650//26
f 1621//27 1620//27 1648//27
f 1623//28 1621//28 1649//28
f 1622//29 1623//29 1652//29
f 1628//30 1622//30 1654//30
f 1624//31 1628//31 1653//31
f 1627//32 1624//32 1656//32
f 1762//33 1763//33 1779//33
f 1768//34 1762//34 1786//34
f 1765//35 1768//35 1782//35
f 1764//36 1765//36 1785//36
f 1767//37 1764//37 1783//37
f 1766//38 1767//38 1784//38
f 1750//39 1766//39 1807//39
f 1748//74 1750//74 1791//74
f 1748//41 1789//41 1795//41
f 1746//42 1795//42 1793//42
f 1743//43 1793//43 1806//43
f 1741//44 1806//44 1799//44
f 1739//45 1799//45 1797//45
f 1734//46 1797//46 1804//46
f 1731//47 1804//47 1801//47
f 1729//48 1801//48 1800//48
f 1727//49 1800//49 1803//49
f 1728//50 1803//50 1802//50
f 1725//51 1802//51 1798//51
f 1726//52 1798//52 1796//52
f 1724//53 1796//53 1805//53
f 1730//54 1805//54 1792//54
f 1721//55 1792//55 1794//55
f 1722//56 1794//56 1790//56
f 1720//57 1790//57 1788//57
f 1723//58 1788//58 1818//58
f 1718//59 1818//59 1817//59
f 1719//60 1817//60 1819//60
f 1717//61 1819//61 1816//61
f 1712//62 1715//62 1816//62
f 1712//64 1830//64 1831//64
f 1713//65 1831//65 1829//65
f 1711//1 1829//1 1832//1
f 1714//2 1832//2 1827//2
f 1709//3 1827//3 1828//3
f 1710//4 1828//4 1833//4
f 1716//5 1833//5 1825//5
f 1706//6 1825//6 1826//6
f 1707//7 1826//7 1824//7
f 1705//76 1824//76 1823//76
f 1703//85 1708//85 1823//85
f 1821//10 1820//10 1704//10
f 1704//10 1703//10 1822//10
f 1732//11 1704//11 1820//11
f 1733//12 1732//12 1815//12
f 1735//13 1733//13 1814//13
f 1735//14 1812//14 1813//14
f 1813//14 1738//14 1736//14
f 1737//108 1738//108 1813//108
f 1813//15 1809//15 1740//15
f 1742//16 1740//16 1809//16
f 1744//17 1742//17 1810//17
f 1745//18 1744//18 1811//18
f 1747//19 1745//19 1808//19
f 1749//20 1747//20 1769//20
f 1751//21 1749//21 1770//21
f 1753//22 1751//22 1772//22
f 1752//23 1753//23 1771//23
f 1754//24 1752//24 1777//24
f 1756//84 1754//84 1773//84
f 1755//26 1756//26 1776//26
f 1758//27 1755//27 1775//27
f 1757//28 1758//28 1774//28
f 1759//29 1757//29 1787//29
f 1761//30 1759//30 1778//30
f 1760//31 1761//31 1781//31
f 1763//32 1760//32 1780//32
f 1880//33 1879//33 1962//33
f 1883//34 1880//34 1930//34
f 1881//35 1883//35 1934//35
f 1882//36 1881//36 1932//36
f 1895//37 1882//37 1942//37
f 1886//38 1895//38 1936//38
f 1885//39 1886//39 1940//39
f 1889//40 1885//40 1938//40
f 1889//75 1960//75 1944//75
f 1888//42 1944//42 1948//42
f 1887//43 1948//43 1946//43
f 1894//44 1946//44 1957//44
f 1891//45 1957//45 1951//45
f 1890//46 1951//46 1955//46
f 1893//47 1955//47 1953//47
f 1892//48 1953//48 1952//48
f 1854//49 1952//49 1954//49
f 1852//50 1954//50 1956//50
f 1849//51 1956//51 1950//51
f 1949//52 1958//52 1845//52
f 1845//52 1847//52 1950//52
f 1845//107 1958//107 1945//107
f 1843//54 1945//54 1947//54
f 1841//55 1947//55 1943//55
f 1837//56 1943//56 1959//56
f 1836//67 1959//67 1937//67
f 1838//58 1937//58 1939//58
f 1834//59 1939//59 1935//59
f 1835//60 1935//60 1941//60
f 1839//61 1941//61 1931//61
f 1840//62 1931//62 1933//62
f 1842//64 1933//64 1929//64
f 1844//65 1929//65 1961//65
f 1846//1 1961//1 1922//1
f 1848//2 1922//2 1924//2
f 1850//3 1924//3 1919//3
f 1851//4 1919//4 1926//4
f 1853//5 1926//5 1915//5
f 1896//6 1915//6 1917//6
f 1869//7 1917//7 1913//7
f 1871//8 1913//8 1928//8
f 1865//9 1873//9 1928//9
f 1867//10 1865//10 1907//10
f 1864//11 1867//11 1909//11
f 1862//12 1864//12 1905//12
f 1860//13 1862//13 1911//13
f 1856//14 1860//14 1901//14
f 1857//15 1856//15 1903//15
f 1855//16 1857//16 1899//16
f 1858//17 1855//17 1898//17
f 1859//18 1858//18 1900//18
f 1863//19 1859//19 1902//19
f 1861//20 1863//20 1904//20
f 1875//21 1861//21 1906//21
f 1868//22 1875//22 1910//22
f 1866//23 1868//23 1908//23
f 1874//24 1866//24 1912//24
f 1872//84 1874//84 1914//84
f 1870//26 1872//26 1918//26
f 1897//27 1870//27 1916//27
f 1878//28 1897//28 1927//28
f 1876//29 1878//29 1920//29
f 1877//30 1876//30 1925//30
f 1884//31 1877//31 1923//31
f 1879//32 1884//32 1921//32
f 1966//33 1967//33 2071//33
f 1977//34 1966//34 2065//34
f 1970//35 1977//35 2063//35
f 1971//36 1970//36 2060//36
f 1976//37 1971//37 2059//37
f 1974//38 1976//38 2062//38
f 1995//39 1974//39 2061//39
f 1980//74 1995//74 2055//74
f 1980//75 2051//75 2050//75
f 1978//42 2050//42 2054//42
f 1984//43 2054//43 2052//43
f 1982//44 2052//44 2053//44
f 2037//109 2038//109 1987//109
f 1987//45 1985//45 2053//45
f 1987//46 2038//46 2044//46
f 1992//47 2044//47 2041//47
f 1989//48 2041//48 2040//48
f 1988//49 2040//49 2043//49
f 1990//50 2043//50 2042//50
f 1991//51 2042//51 2039//51
f 1986//52 2039//52 2036//52
f 1994//107 2036//107 2045//107
f 1981//54 2045//54 2032//54
f 1983//55 2032//55 2033//55
f 1979//56 2033//56 2034//56
f 1993//67 2034//67 2031//67
f 1972//58 2031//58 2035//58
f 1973//59 2035//59 2029//59
f 1975//60 2029//60 2030//60
f 2021//61 2030//61 2027//61
f 2022//62 2027//62 2028//62
f 2020//64 2028//64 2049//64
f 2023//65 2049//65 2048//65
f 2018//1 2048//1 2046//1
f 2019//2 2046//2 2047//2
f 2017//3 2047//3 2057//3
f 2025//4 2057//4 2058//4
f 2013//5 2058//5 2056//5
f 2014//6 2056//6 2064//6
f 2015//7 2064//7 2068//7
f 2011//8 2068//8 2066//8
f 2006//85 2024//85 2066//85
f 2008//10 2006//10 2067//10
f 2003//11 2008//11 2074//11
f 2010//12 2003//12 2090//12
f 1999//13 2010//13 2079//13
f 2001//14 1999//14 2080//14
f 1997//15 2001//15 2076//15
f 1996//16 1997//16 2077//16
f 1998//17 1996//17 2075//17
f 2000//18 1998//18 2078//18
f 2002//19 2000//19 2082//19
f 2004//20 2002//20 2081//20
f 2009//21 2004//21 2091//21
f 2007//22 2009//22 2085//22
f 2005//23 2007//23 2084//23
f 2026//24 2005//24 2083//24
f 2012//84 2026//84 2089//84
f 2016//26 2012//26 2086//26
f 1964//27 2016//27 2088//27
f 1963//28 1964//28 2087//28
f 1969//29 1963//29 2073//29
f 1965//30 1969//30 2070//30
f 1968//31 1965//31 2069//31
f 1967//32 1968//32 2072//32
f 2113//33 2115//33 2162//33
f 2147//34 2113//34 2173//34
f 2122//35 2147//35 2166//35
f 2120//36 2122//36 2172//36
f 2130//37 2120//37 2170//37
f 2124//38 2130//38 2168//38
f 2128//39 2124//39 2193//39
f 2126//40 2128//40 2176//40
f 2126//75 2181//75 2177//75
f 2144//42 2177//42 2179//42
f 2132//43 2179//43 2192//43
f 2136//44 2192//44 2185//44
f 2134//45 2185//45 2183//45
f 2143//46 2183//46 2190//46
f 2142//47 2190//47 2187//47
f 2140//48 2187//48 2186//48
f 2138//49 2186//49 2189//49
f 2139//50 2189//50 2188//50
f 2137//51 2188//51 2184//51
f 2141//52 2184//52 2182//52
f 2133//107 2182//107 2191//107
f 2135//54 2191//54 2178//54
f 2131//55 2178//55 2180//55
f 2146//56 2180//56 2174//56
f 2125//67 2174//67 2175//67
f 2127//58 2175//58 2194//58
f 2123//59 2194//59 2169//59
f 2129//60 2169//60 2167//60
f 2121//61 2167//61 2171//61
f 2119//62 2171//62 2165//62
f 2145//64 2165//64 2196//64
f 2112//65 2196//65 2198//65
f 2114//1 2198//1 2199//1
f 2200//2 2202//2 2116//2
f 2116//2 2110//2 2199//2
f 2116//3 2202//3 2204//3
f 2106//4 2204//4 2206//4
f 2108//5 2206//5 2208//5
f 2104//6 2208//6 2218//6
f 2118//7 2218//7 2220//7
f 2152//8 2220//8 2219//8
f 2151//9 2153//9 2219//9
f 2155//10 2151//10 2216//10
f 2154//11 2155//11 2217//11
f 2149//12 2154//12 2215//12
f 2150//13 2149//13 2214//13
f 2148//14 2150//14 2212//14
f 2093//15 2148//15 2213//15
f 2092//16 2093//16 2210//16
f 2094//17 2092//17 2209//17
f 2096//18 2094//18 2211//18
f 2095//19 2096//19 2207//19
f 2097//20 2095//20 2205//20
f 2098//21 2097//21 2203//21
f 2100//22 2098//22 2201//22
f 2099//23 2100//23 2197//23
f 2102//24 2099//24 2195//24
f 2101//84 2102//84 2156//84
f 2103//26 2101//26 2158//26
f 2105//27 2103//27 2157//27
f 2109//28 2105//28 2159//28
f 2107//29 2109//29 2161//29
f 2117//30 2107//30 2160//30
f 2111//31 2117//31 2164//31
f 2115//32 2111//32 2163//32
f 2238//33 2242//33 2330//33
f 2235//34 2238//34 2329//34
f 2233//35 2235//35 2331//35
f 2231//36 2233//36 2333//36
f 2229//37 2231//37 2332//37
f 2226//38 2229//38 2335//38
f 2221//39 2226//39 2334//39
f 2222//74 2221//74 2336//74
f 2222//41 2337//41 2345//41
f 2223//42 2345//42 2347//42
f 2224//43 2347//43 2348//43
f 2225//44 2348//44 2349//44
f 2228//45 2349//45 2350//45
f 2227//46 2350//46 2346//46
f 2230//47 2346//47 2342//47
f 2232//48 2342//48 2341//48
f 2234//49 2341//49 2344//49
f 2236//50 2344//50 2343//50
f 2237//51 2343//51 2338//51
f 2338//52 2339//52 2241//52
f 2240//52 2239//52 2338//52
f 2241//53 2339//53 2340//53
f 2243//54 2340//54 2312//54
f 2312//55 2314//55 2281//55
f 2281//56 2314//56 2313//56
f 2280//57 2313//57 2311//57
f 2283//58 2311//58 2303//58
f 2279//59 2303//59 2302//59
f 2282//60 2302//60 2301//60
f 2276//61 2301//61 2296//61
f 2277//62 2296//62 2294//62
f 2278//64 2294//64 2293//64
f 2275//65 2293//65 2295//65
f 2284//1 2295//1 2292//1
f 2270//2 2292//2 2324//2
f 2271//3 2324//3 2325//3
f 2273//4 2325//4 2323//4
f 2266//5 2323//5 2326//5
f 2267//6 2326//6 2321//6
f 2263//7 2321//7 2322//7
f 2259//76 2322//76 2327//76
f 2261//85 2257//85 2327//85
f 2255//10 2261//10 2318//10
f 2264//11 2255//11 2319//11
f 2250//12 2264//12 2317//12
f 2252//13 2250//13 2320//13
f 2247//14 2252//14 2315//14
f 2248//15 2247//15 2316//15
f 2246//16 2248//16 2287//16
f 2249//17 2246//17 2286//17
f 2254//18 2249//18 2289//18
f 2253//19 2254//19 2288//19
f 2251//20 2253//20 2290//20
f 2265//21 2251//21 2291//21
f 2256//22 2265//22 2297//22
f 2262//23 2256//23 2300//23
f 2260//24 2262//24 2299//24
f 2258//84 2260//84 2298//84
f 2285//26 2258//26 2304//26
f 2268//27 2285//27 2305//27
f 2274//28 2268//28 2306//28
f 2269//29 2274//29 2307//29
f 2272//30 2269//30 2308//30
f 2245//31 2272//31 2309//31
f 2328//32 2330//32 2242//32
f 2242//32 2245//32 2310//32
f 2401//33 2405//33 2479//33
f 2404//34 2401//34 2448//34
f 2403//35 2404//35 2452//35
f 2402//36 2403//36 2450//36
f 2415//37 2402//37 2460//37
f 2406//38 2415//38 2454//38
f 2409//39 2406//39 2458//39
f 2408//40 2409//40 2456//40
f 2408//75 2476//75 2462//75
f 2407//42 2462//42 2466//42
f 2414//43 2466//43 2464//43
f 2410//44 2464//44 2474//44
f 2413//45 2474//45 2468//45
f 2411//46 2468//46 2472//46
f 2412//47 2472//47 2470//47
f 2396//48 2470//48 2469//48
f 2394//49 2469//49 2471//49
f 2395//50 2471//50 2473//50
f 2393//51 2473//51 2467//51
f 2385//52 2467//52 2475//52
f 2384//53 2475//53 2463//53
f 2386//54 2463//54 2465//54
f 2378//55 2465//55 2461//55
f 2374//56 2461//56 2478//56
f 2373//57 2478//57 2455//57
f 2375//58 2455//58 2457//58
f 2368//59 2457//59 2453//59
f 2364//60 2453//60 2459//60
f 2366//61 2459//61 2449//61
f 2363//62 2449//62 2451//62
f 2365//64 2451//64 2447//64
f 2360//65 2447//65 2477//65
f 2361//1 2477//1 2440//1
f 2362//2 2440//2 2442//2
f 2359//3 2442//3 2437//3
f 2367//4 2437//4 2444//4
f 2355//5 2444//5 2433//5
f 2356//6 2433//6 2435//6
f 2357//7 2435//7 2431//7
f 2354//8 2431//8 2446//8
f 2352//9 2358//9 2446//9
f 2353//10 2352//10 2425//10
f 2351//11 2353//11 2427//11
f 2376//12 2351//12 2423//12
f 2370//13 2376//13 2429//13
f 2371//14 2370//14 2419//14
f 2372//15 2371//15 2421//15
f 2369//16 2372//16 2417//16
f 2377//17 2369//17 2416//17
f 2379//18 2377//18 2418//18
f 2380//19 2379//19 2420//19
f 2381//20 2380//20 2422//20
f 2382//21 2381//21 2424//21
f 2383//22 2382//22 2428//22
f 2387//23 2383//23 2426//23
f 2390//80 2387//80 2430//80
f 2389//25 2390//25 2432//25
f 2388//26 2389//26 2436//26
f 2391//27 2388//27 2434//27
f 2392//28 2391//28 2445//28
f 2438//29 2443//29 2398//29
f 2397//29 2392//29 2438//29
f 2400//30 2398//30 2443//30
f 2399//31 2400//31 2441//31
f 2405//32 2399//32 2439//32
f 2538//33 2544//33 2588//33
f 2540//34 2538//34 2589//34
f 2539//35 2540//35 2604//35
f 2543//36 2539//36 2593//36
f 2541//37 2543//37 2594//37
f 2542//38 2541//38 2597//38
f 2531//39 2542//39 2595//39
f 2524//40 2531//40 2596//40
f 2524//75 2603//75 2598//75
f 2528//42 2598//42 2599//42
f 2525//43 2599//43 2602//43
f 2527//44 2602//44 2600//44
f 2526//45 2600//45 2601//45
f 2511//46 2516//46 2601//46
f 2511//47 2609//47 2607//47
f 2514//48 2607//48 2605//48
f 2512//49 2605//49 2558//49
f 2513//50 2558//50 2555//50
f 2550//51 2551//51 2509//51
f 2509//51 2515//51 2555//51
f 2509//52 2551//52 2553//52
f 2510//53 2553//53 2549//53
f 2508//54 2549//54 2552//54
f 2517//55 2552//55 2547//55
f 2505//56 2547//56 2548//56
f 2506//67 2548//67 2545//67
f 2546//58 2554//58 2504//58
f 2504//58 2503//58 2545//58
f 2504//59 2554//59 2556//59
f 2507//60 2556//60 2557//60
f 2501//61 2557//61 2559//61
f 2502//62 2559//62 2606//62
f 2499//64 2606//64 2608//64
f 2500//65 2608//65 2610//65
f 2497//1 2610//1 2587//1
f 2494//2 2587//2 2591//2
f 2493//3 2591//3 2585//3
f 2495//4 2585//4 2583//4
f 2492//5 2583//5 2581//5
f 2496//6 2581//6 2577//6
f 2489//7 2577//7 2575//7
f 2490//76 2575//76 2579//76
f 2488//85 2491//85 2579//85
f 2498//10 2488//10 2573//10
f 2484//11 2498//11 2571//11
f 2485//12 2484//12 2569//12
f 2486//13 2485//13 2567//13
f 2481//14 2486//14 2565//14
f 2482//15 2481//15 2561//15
f 2480//16 2482//16 2562//16
f 2483//17 2480//17 2560//17
f 2487//18 2483//18 2563//18
f 2519//19 2487//19 2564//19
f 2518//20 2519//20 2566//20
f 2523//21 2518//21 2568//21
f 2520//22 2523//22 2570//22
f 2522//23 2520//23 2572//23
f 2521//24 2522//24 2574//24
f 2529//25 2521//25 2580//25
f 2529//26 2576//26 2578//26
f 2578//110 2533//110 2530//110
f 2532//27 2533//27 2578//27
f 2537//28 2532//28 2582//28
f 2534//29 2537//29 2584//29
f 2536//30 2534//30 2586//30
f 2535//31 2536//31 2592//31
f 2544//32 2535//32 2590//32
f 2644//33 2674//33 2707//33
f 2648//34 2644//34 2710//34
f 2646//35 2648//35 2716//35
f 2656//36 2646//36 2711//36
f 2650//37 2656//37 2714//37
f 2654//38 2650//38 2727//38
f 2652//39 2654//39 2717//39
f 2672//74 2652//74 2720//74
f 2672//41 2719//41 2718//41
f 2658//42 2718//42 2725//42
f 2662//43 2725//43 2722//43
f 2660//44 2722//44 2721//44
f 2670//45 2721//45 2724//45
f 2664//46 2724//46 2723//46
f 2668//47 2723//47 2729//47
f 2666//48 2729//48 2731//48
f 2665//49 2731//49 2733//49
f 2667//50 2733//50 2736//50
f 2669//51 2736//51 2735//51
f 2663//52 2735//52 2739//52
f 2671//107 2739//107 2737//107
f 2659//54 2737//54 2738//54
f 2661//55 2738//55 2734//55
f 2657//83 2734//83 2732//83
f 2673//67 2732//67 2730//67
f 2651//58 2730//58 2726//58
f 2653//59 2726//59 2712//59
f 2649//60 2712//60 2713//60
f 2655//61 2713//61 2715//61
f 2645//62 2715//62 2708//62
f 2647//64 2708//64 2709//64
f 2643//65 2709//65 2728//65
f 2675//1 2728//1 2700//1
f 2636//2 2700//2 2701//2
f 2638//3 2701//3 2703//3
f 2633//4 2703//4 2696//4
f 2640//5 2696//5 2697//5
f 2629//6 2697//6 2705//6
f 2631//7 2705//7 2690//7
f 2627//8 2690//8 2691//8
f 2621//9 2642//9 2691//9
f 2622//10 2621//10 2693//10
f 2619//11 2622//11 2686//11
f 2624//12 2619//12 2687//12
f 2614//13 2624//13 2683//13
f 2617//14 2614//14 2682//14
f 2612//15 2617//15 2679//15
f 2611//16 2612//16 2676//16
f 2613//17 2611//17 2677//17
f 2618//18 2613//18 2680//18
f 2616//19 2618//19 2678//19
f 2681//20 2684//20 2625//20
f 2615//20 2616//20 2681//20
f 2620//21 2625//21 2684//21
f 2623//22 2620//22 2685//22
f 2626//23 2623//23 2688//23
f 2628//24 2626//24 2689//24
f 2632//84 2628//84 2692//84
f 2630//26 2632//26 2694//26
f 2641//27 2630//27 2695//27
f 2634//28 2641//28 2698//28
f 2639//29 2634//29 2704//29
f 2637//30 2639//30 2699//30
f 2635//31 2637//31 2702//31
f 2674//32 2635//32 2706//32
