object_friction,pre_approach_linear_velocity,grasp_linear_velocity,grasp_closing_velocity,grasp_stall_min_time,lift_linear_velocity
2.0351628759522433,0.09527691334246391,0.0783193694602855,0.08155631636051348,0.529887258210774,0.13205327007540996
1.5057241215378179,0.12102535998420821,0.043942029959868886,0.14522152205824188,0.33564165737720786,0.12484193528825738
1.607727434207029,0.10452265623709694,0.03712347718181394,0.1451731812682837,0.4324380063486779,0.1323774300935185
0.8282818202723623,0.0783208435155773,0.06165112296074671,0.06544773479215332,0.5053272650791185,0.12444622907229615
0.7862500037508431,0.09432378784541466,0.023798814279953992,0.11612487914248765,0.5417482319157525,0.1513754373325591
2.368539405914742,0.10435236390974399,0.06715047881829217,0.09858504084891952,0.3247676062014302,0.0925805773412422
0.9941984315140013,0.1389507726934224,0.06813383741936083,0.1692914751328422,0.46171367850186584,0.0913271187095352
1.5842843802584086,0.0632818636244474,0.031298373974335464,0.07878754817299805,0.5274128936726782,0.12067669651514082
1.0137059050180008,0.12851219027247657,0.026993049440762956,0.09575894845476228,0.4290641194406192,0.09021288790462399
1.1653806813965137,0.0637700917185664,0.09020732432710812,0.1307574059495095,0.30723092829069637,0.12780153118239818
1.2068886345519512,0.1424736367821238,0.038030794207348194,0.11300163401765075,0.3331939786151342,0.1903517911287137
1.7127145074344023,0.11851872042295036,0.024624641114105204,0.12740440370869216,0.36276248086850665,0.09890821047048899
2.248761944721222,0.1275593808911511,0.052676849128078324,0.1034426967571675,0.45740487164362387,0.1437443732714331
1.3082317741319858,0.09815892789551575,0.055305542627055365,0.14547290395251428,0.3861418827383649,0.13459078219871135
0.9926593980704608,0.11199928677842388,0.019431372789079325,0.10062757305957484,0.3257009682836102,0.13213787157763102
0.7385995859596082,0.13877903630938485,0.020850431548171827,0.1350143450454018,0.3530318723737058,0.08617284139042597
1.575819542907245,0.1035639723389266,0.029192212129673042,0.07073723202429372,0.47125836161777424,0.10693875131924512
0.9340267460830668,0.09677694708902944,0.09804704884486462,0.18062404252387576,0.3272906684659006,0.15907866060102138
1.8070769725272304,0.15498194084069053,0.021203079367668513,0.10089329794504971,0.5695114812976065,0.08849212099567619
1.4924620975562508,0.08268036337280772,0.05826361241749987,0.10071291894057556,0.3030968602265083,0.09261218544750709
2.102730520417638,0.07000899251152917,0.05461392821104932,0.10812752337786932,0.3894753346045159,0.093840265354657
0.2689628526883048,0.11529895277304435,0.09761061789856107,0.06247791666373325,0.26411337967042037,0.07305648275745956
1.5056708157493772,0.1214373538582659,0.10772075612729208,0.04550375689819255,0.2722530301274307,0.1480716274983977
1.7002721261573635,0.10515823589101958,0.08934623488270921,0.09446800119330122,0.4403779588649464,0.13158757296935106
1.4352828540903844,0.1481359307425693,0.015041059417426655,0.06364562873658357,0.21787596967579734,0.1404238449798167
0.9292996114616784,0.13083995789958036,0.09511832573586021,0.0944557260274353,0.3239778746491982,0.16181994630569382
0.8346985410660581,0.12220432302876455,0.09473100349566992,0.1872295028377104,0.3134971527480277,0.12079840909188733
1.856299379425917,0.13085439105009636,0.04818170709584114,0.13171607656989906,0.33123299235519776,0.09519200618949866
0.814498844808332,0.14434025615862095,0.03737415730908576,0.13742902922701056,0.34289674341642495,0.13358290934332148
1.5676267334612193,0.0764386306613411,0.01298129323906197,0.115489298647458,0.5233264835017235,0.11612758029889071
0.8407044068402235,0.12474159854175927,0.07569518148008621,0.16329740130089002,0.36286624517989874,0.1441120004263401
1.5514142599291054,0.1388479309043085,0.049183920343365176,0.06500724401844962,0.37871722339804353,0.05402459172644214
1.8699009105101694,0.0894712106406175,0.03103254947642105,0.10907058031327249,0.46212063390186553,0.1147397839611798
1.9001641959890685,0.12469628635205442,0.05060123905853096,0.1076529173186853,0.5060941889513867,0.06212325442748655
0.6227618243770172,0.1720635681913047,0.05091650324762646,0.11063068545608147,0.41028574919649363,0.14448777630308202
1.2070393829424717,0.0665413333748661,0.04605242095907555,0.12968773889572635,0.5611589080029039,0.12773972443829418
0.5178436842829186,0.07989776834811843,0.020935205306466642,0.05486741648120191,0.4335007690112839,0.09911362382483366
1.4038529156509116,0.09494317679392353,0.04304803250348119,0.07559029199353133,0.39544988402000286,0.12949264370343547
1.9623782900664346,0.14248559382677417,0.060770546570733136,0.17244789278261596,0.4366926490837565,0.16533154492129418
1.4109587430788897,0.1416923786700694,0.026526511791033797,0.10652925194899183,0.446665729621502,0.12484620926875852
0.542049838406713,0.12387222775639839,0.027776238252772083,0.07267065297196428,0.2843112290831511,0.14307036585766142
1.0701121944076568,0.11447525904020753,0.043239440646868466,0.054355733986799826,0.579692161505407,0.10685740111228308
1.3333896745078853,0.12966899957198808,0.01940136162458224,0.11687378027277456,0.4301086910057793,0.14063924436019903
1.2054400275880586,0.14117756767175557,0.03673549453681225,0.09389941862685758,0.48678798427179193,0.16054905233390246
0.30484662922488504,0.08686824055454762,0.09294795681529683,0.06938367953154978,0.35270789326950897,0.1228374065331818
1.6031138102704416,0.09551651280594815,0.06920520586782776,0.03982027924472918,0.46313269866633144,0.1036811460289352
1.873320563232743,0.15249764723022596,0.04805578915885962,0.13556726005200384,0.3665269570507561,0.12270412887155013
1.412347902224725,0.10958040018512466,0.1024253619068366,0.06742118997444407,0.4100243375341301,0.10238902258547777
1.3409095950411605,0.10151495322164657,0.0811836844962925,0.11963369934664347,0.4324840345695819,0.06329128811208794
1.208760871524832,0.13006794884141068,0.061607565559036445,0.08216347142796712,0.335217978316721,0.12801679400289892
1.2677893249952723,0.09681077904124585,0.0390287382249208,0.1018573068612068,0.47272349766846844,0.11699756632494723
1.4150669705682057,0.11225105968642864,0.014980435664216023,0.10941421377969868,0.5084163723761316,0.14294527025548479
0.7521990943846624,0.10136868550864163,0.031941303014645275,0.10218109969419048,0.5883713759341231,0.1233003738393276
0.17196068748518534,0.10639593669916236,0.0551678980448695,0.06537135701367935,0.36824435276351536,0.20786432680655864
1.5931132233623582,0.06748727078531289,0.08833149097449775,0.1043811492301432,0.45375467474196163,0.09876640951623981
0.18400605383542068,0.1485809953234159,0.04605573855698315,0.14639263430268407,0.47222497304017885,0.1034371796085033
0.8940014362604549,0.12488334276565687,0.03288999787122498,0.11129520833212854,0.5156612847767608,0.19239141872464222
1.3814885218964184,0.12537405280539418,0.08776723684460967,0.1295587024429353,0.40237304249615347,0.13484298498049369
1.9144067223106944,0.12437529645488887,0.05374865884060834,0.07177776830651728,0.4607614722287033,0.13372632290726338
1.290625073725693,0.12110890230457196,0.046019765695309266,0.07244838380295726,0.3705391785230581,0.14282119553415448
1.3926922599213214,0.12519217387312123,0.03185595084783186,0.13114281512613704,0.4535358108311718,0.09818183510805595
0.22548147137990115,0.1581015116891144,0.09707021310326035,0.14815757388051584,0.3854580983185969,0.12064449312478243
1.4995353865211796,0.11753664263052914,0.06660795558301649,0.09696189527515126,0.4103020807331661,0.13261448750284896
0.5321765285162079,0.08189126660050358,0.058497475436354085,0.19546944122706708,0.545895027897568,0.10490438139667088
1.9334900545508265,0.09408411911323618,0.02086138533647722,0.08187547150388896,0.36124545619539356,0.1435787500283436
0.39559280992749957,0.14738925748149556,0.027294127970719204,0.08154103175518093,0.22939919872208905,0.09878884560747106
0.7782600957610426,0.16802230585080602,0.09635774615264871,0.057129121696730095,0.47113780296961505,0.08460317013811743
1.062803980525873,0.10744312903064496,0.09940993913536408,0.1133014900047723,0.4831247575806435,0.17826209332604562
0.21646962647005719,0.09920383874995266,0.06431444969383754,0.07427951899749433,0.2729308740318165,0.16222802500338612
0.7879879329176307,0.0991471817254585,0.04752828539584786,0.11265226673169493,0.5123536623123236,0.1623690728131611
0.7913660813578031,0.13698472091927488,0.04718489360234735,0.08216881250643952,0.43261310287345117,0.13317843035452925
0.38577801316376237,0.09064194403800585,0.08567940552687961,0.07447447903602247,0.4526434168366921,0.11220789861052861
0.7763928053310897,0.07508551653587436,0.023403467289039852,0.040441156300548675,0.4057842916310898,0.060545966938326326
1.4568715171433557,0.07828298430069584,0.05545304751645101,0.105931312150254,0.39949249861045133,0.16839650210344084
0.6709100577995668,0.14545099845883525,0.0967283326405064,0.06597341339014681,0.4751769244670935,0.12229242673902022
1.0359341148424313,0.10628063722913951,0.07494378319938996,0.09573477309576628,0.23601290592590685,0.07380442895097819
1.4176707316358965,0.07252653109036289,0.014999269084252028,0.0526290110877559,0.5127294596401769,0.08599682029212251
1.1290848557312234,0.14928537799960395,0.09397032597881527,0.1461910037058095,0.2784940356839361,0.12568445262503566
0.8047766038725762,0.14744113765454958,0.060227126920049,0.11422433788349359,0.5154666658403524,0.13342943401235172
0.5062850323616173,0.125934563645126,0.014240933847709907,0.14069417868356934,0.4568666279986521,0.15244325414287568
1.6467125715331754,0.1362642294515624,0.05496441111671647,0.08394430627469775,0.29155056122128137,0.1071663456347203
0.9071546259796665,0.11743715884387108,0.02034132429574071,0.11574088165849383,0.49126929928349994,0.1423783960157456
0.38954001889707124,0.12550899651908795,0.02837071720769489,0.08402534320472507,0.49379697498707886,0.145631452720908
2.1588602215681183,0.08122313451389243,0.02747067213881652,0.1242462496801861,0.5347789790972654,0.14947118192825973
1.8672913873480455,0.08042288867659916,0.023623463945372517,0.04589604800945936,0.33063072582570086,0.11847556956710298
1.3520605686974096,0.14719658182565842,0.022504268980524208,0.08040821063914944,0.49129575429524736,0.1331423438617595
1.5235891765016647,0.09702677116803379,0.1048903196781905,0.1209533201298234,0.5460095379410047,0.13157429504136064
0.44083760117840487,0.10385898019403951,0.05925148311690759,0.09648642183371478,0.5156026313178204,0.13820543778386363
1.0785434892219035,0.11129428775269722,0.02726233379120607,0.11063158623853338,0.4175791402594833,0.13565745516821925
0.8495116082301049,0.10839747072780839,0.07238910344386737,0.13349073840177436,0.33371364687468813,0.2034103596715514
1.37864468700368,0.17183437263693546,0.10084913590312959,0.07830275601873658,0.31106355442802774,0.17884429386486883
1.4959701522948905,0.15293697806042578,0.032095879569783096,0.12685623857251213,0.5183279670734022,0.09951182195146581
0.679675677833029,0.1238504917698667,0.03865473483679629,0.1560544355822909,0.5248756744580364,0.14297422911858548
1.5917594935605506,0.0991972693679505,0.05913926054603184,0.11144265868087005,0.39903250049601185,0.15845337489987316
0.7897142036963808,0.08667198973728751,0.051702425427477515,0.06476956637254906,0.4316929459798875,0.16025103233242222
0.5699923342734953,0.13786160712925355,0.07697440024069678,0.16563938002336645,0.2919384465581874,0.12263064283403102
0.5906909424740655,0.12230313478294082,0.06546318193760592,0.13487509775964268,0.61163577480075,0.153658311986953
1.7097261278095435,0.19316309484060862,0.09934624985323114,0.16636153985840907,0.28456240316894477,0.1256729059077719
2.324811201280327,0.14267480338373828,0.0761081734881477,0.1630731761321499,0.31553879014592795,0.09345357148870784
1.3072393137570408,0.14512487189275017,0.03094195601387443,0.11118352505355175,0.3265674533538666,0.10827012802503208
1.8050187045477475,0.094442055409942,0.04576207269292708,0.07025844274808037,0.32338081491262094,0.16075902841736783
1.32665813759334,0.08483118019886011,0.03271141558278515,0.14344178469090202,0.3978914454433867,0.15571069017951356
1.5143324977548807,0.06683108619914427,0.03627439352639196,0.07453060169611579,0.43550407439796335,0.17880101012741867
0.9476891987948379,0.10522664733341719,0.039086423343283425,0.0906670612427195,0.3546831454923594,0.08501983339896674
1.286152302736388,0.1119889981805725,0.07084951642601776,0.12646888376758775,0.3090544858699374,0.1854297320428971
1.9101689037366651,0.1301149669219074,0.07817119203547333,0.08231552185454102,0.49807802116393,0.14811087651889837
1.57356380597539,0.10449702459174752,0.04521758295784266,0.1319579721821441,0.47445109631702964,0.08750515304333839
2.2785643863985445,0.08974281845484253,0.060656856272973306,0.06968929675526446,0.4450932292818437,0.16567481151059688
0.720277697820513,0.12595067750624978,0.09902939652757153,0.09219565325603946,0.3566463006148537,0.0532907251391949
1.5485252483667424,0.12167004426569858,0.017688040326862175,0.11014177616688425,0.4342040412974531,0.10144933988004537
1.7310581507665646,0.14677497288352953,0.03791997686085306,0.09453261178857159,0.263148234969542,0.12228212722283288
0.9360593507110905,0.1411595116591311,0.010577709066323403,0.12101512277643406,0.29609029129926656,0.1576014437858842
0.9143098621173502,0.12990930545534726,0.010917835405062568,0.16881237315929012,0.39279031319583163,0.17159084756610393
1.581710125176236,0.14467134063755369,0.048635484498290846,0.05531873626712635,0.572400900946337,0.18425022060389468
0.8455605716896458,0.08899516267690502,0.010573036347733301,0.05800861580777211,0.39752369336554016,0.12652366860837047
1.3891237988768932,0.14278779255563137,0.05688861665580441,0.08774550024882588,0.440148267597265,0.0956642504546716
1.6173229842322112,0.10447199410068553,0.10240870820738247,0.03207232912338316,0.43816277361899053,0.166121670325534
1.532563728563421,0.110187622335174,0.028977647187620408,0.09223483571021691,0.5052166777157998,0.16265078084149936
2.459585922263156,0.09978051863597577,0.015789330575527578,0.062202772436856534,0.38038078902637906,0.10638404871403485
0.9109735730139201,0.1369859099313038,0.02430819539306157,0.0908437081657631,0.616055166638331,0.088930896259408
0.7450747961909249,0.1031715126767263,0.11732894224284791,0.05510967764536378,0.5977816715018003,0.10738037993391177
0.577858919173753,0.15488782304716947,0.052155858464806096,0.12439033969386355,0.43437798649947934,0.124938116908924
0.9712850108308551,0.0973123139135254,0.040460634568299514,0.15006561422465603,0.40581791143179163,0.0971695152046211
0.9664801681833081,0.10239839924298616,0.081429824357029,0.09263137701522757,0.3158551155957377,0.13444293165197527
0.2870832319899054,0.15575440984569086,0.0910307708017364,0.12732238152564987,0.36786720806728757,0.11228292248096977
1.6881089821083275,0.14198093321431748,0.09625633824543228,0.10346011698150558,0.4196994482237879,0.13252351209669913
1.5367550888264492,0.10965837617034566,0.061256802197122026,0.07050881397873963,0.5222999765500151,0.15293569631055917
1.3345061799543552,0.11558740214947676,0.023953626167451902,0.10556907236183403,0.21543524464863884,0.12598004748566627
0.5496172797853935,0.14780453505977437,0.03672106627603695,0.0887281432214153,0.33655688607079887,0.1785039854771522
1.4126942302388648,0.11015705910548314,0.05056862167393479,0.10010434025159885,0.4902667122365163,0.13467582530088207
0.6918321989569847,0.08200554490293738,0.03784030212660139,0.06192337047672772,0.41373154032830517,0.0718715770189774
0.6431611588089747,0.11929791613155094,0.0854318520850737,0.15420416069160345,0.42130320028050056,0.1452354536584973
0.8150824579336425,0.08805101551532478,0.06293195499424983,0.11486256370132582,0.38082716460143584,0.1232750192531127
0.36463714423051163,0.1506518726027879,0.05059593942149506,0.13191244493712925,0.38491034713172867,0.1725217668162704
0.4702793669565708,0.1788885431836269,0.023242290371011172,0.07361124826633503,0.21341608402329665,0.18620604802188978
1.162426273770362,0.10661366780381337,0.05117141380548748,0.10420405334321645,0.40468331548810044,0.07769451248021653
1.1963845714461263,0.1641066008834341,0.0458722286632747,0.04480615534030922,0.36730309438481357,0.10815602628872736
0.33283030657105095,0.09564013025944704,0.05933672315927222,0.15642345931235876,0.5908909238156512,0.10995906032401322
1.9115733396642784,0.12365294665952352,0.016064016545804638,0.12636992037013728,0.2363198085927412,0.10537351951429119
0.8934208437574223,0.13302711707243456,0.0864855793971388,0.08935548430717362,0.36430749349247055,0.09929912041047975
0.5918403406039107,0.07631852734233785,0.0720989100770485,0.06738069949668138,0.5089002368828079,0.12336857272561363
1.2133746539569223,0.11685115516190893,0.07399997825760701,0.07271437179077811,0.343466574774388,0.10457878238300537
1.0153409570945033,0.11586168622833536,0.02301998705100268,0.08747952634867717,0.38120561631492506,0.11571313074607294
0.8257649982230411,0.1074460504224418,0.01341566556466308,0.13121662417887747,0.5054913972569111,0.10709831640972091
0.775901637369095,0.13480524345568945,0.10309016154596821,0.08951121957315493,0.5286553702386526,0.07893802090451497
0.45569172922394163,0.11053156648784628,0.028928321598366717,0.09153525628780708,0.2978094642784763,0.13224680369758404
1.3733286789709382,0.15949173353730095,0.0570540798521946,0.09947339521241104,0.404235654828631,0.17250081556115596
1.4357506879472792,0.1442860995566228,0.01870056168697169,0.1580729006669165,0.32257743851385917,0.10685545733645747
0.9951504455124747,0.08774716865238055,0.07576535456737699,0.07897586182254208,0.33462233669377867,0.19725030018738318
1.012638890619193,0.10730415577992296,0.0902810655893621,0.07132058082323166,0.4969086291946563,0.16678342248142408
0.8625234765212347,0.1069203090958537,0.03589388317348919,0.0789056163321155,0.43487972129960495,0.1003650476768165
0.6990917341061708,0.1572376308983125,0.014135723657552297,0.12274006303694375,0.34825093892853043,0.08184258553648385
1.943470615873501,0.09737004386775072,0.037967897168021195,0.0712962873775545,0.3495406026762842,0.06385917971567824
1.8614338534441708,0.1137819346999003,0.0802964008304013,0.04076837648149243,0.3333017336608768,0.13177996877731438
1.283842762718627,0.18376020974139712,0.029909736980620057,0.17016792846005863,0.6110034577142015,0.13146142028104077
1.9082883573895622,0.0907028777750103,0.02509934436383106,0.11538828610206574,0.30145866241418856,0.12242474757580639
1.3156341817304087,0.13089591748752516,0.020270498204039023,0.12472125215909262,0.18536058257917035,0.08857575374398335
1.6060677915743593,0.0695107014216837,0.020283990699959394,0.058924327643261526,0.4710831519360635,0.11890563762767073
1.4839065734471044,0.13562698161807793,0.029647360985433545,0.08664491393110242,0.44982993278044864,0.11644004221907928
0.9133628725516145,0.11708435614639058,0.03252291093292893,0.03380442107095691,0.6048684218735194,0.17093935125267046
0.4572437495559839,0.13825357773166774,0.018018840062705082,0.19424157664713163,0.39455861525131813,0.09508684415403781
0.6174858157060878,0.09006241328842624,0.029892771925136265,0.14344168655908665,0.4386097100885798,0.13985322765443048
1.7941907746742298,0.1269519491966008,0.02669834614647493,0.07426428513767305,0.5060262633456662,0.10522978688142018
1.898534483758669,0.13537066457396713,0.03511224242061972,0.12095050062560697,0.5316609201785724,0.13803047787055683
1.1636026142347378,0.12510688051226793,0.041681310952178155,0.0690923587092119,0.5049058661582181,0.10840855982951474
1.0750274180415036,0.08419903739412421,0.09126891005980142,0.163464597273402,0.36278453640463093,0.08208043554356537
0.35446106196988647,0.11068344773972856,0.08674946008239387,0.12068609096897359,0.4452907777811175,0.09101299647505759
1.5180927603781884,0.13356409631500382,0.01032001771549957,0.2028025189503611,0.39390269275449186,0.08949436559293358
1.8493853421762063,0.18161603084954273,0.026319771590162327,0.13536788083121,0.5551648287432027,0.09527345709721287
0.7283567314829119,0.07812612762036081,0.04976048606242887,0.14578449841285432,0.42297120044682623,0.12767646338644367
1.8759179712004839,0.08308992929560478,0.04314669628331332,0.15913061154977337,0.3922011558455926,0.06917040669259805
0.30823822864187855,0.10724872320002725,0.019138250307243074,0.15262407942656347,0.359669426583318,0.12659256221474363
1.2912469351023257,0.16475520117406128,0.09477578410476906,0.12436430471383762,0.39976121109331114,0.12392315472357
1.8185783896117127,0.13083270867738742,0.025461776888801187,0.05661301655953437,0.4110712593704731,0.12858502802296964
1.7704855255866556,0.13361538829014474,0.032167772468862876,0.11097128551127333,0.30050907993415005,0.11823609569317739
1.0018655631152151,0.08844977258520886,0.01849264918850072,0.08004503722647821,0.5041810220795067,0.13962165087735223
2.276021834184813,0.18396816726658316,0.13298572868899744,0.08038389010106348,0.39759950564609503,0.1362181946445573
1.3027767760452067,0.11404934115690138,0.05637647817979082,0.1124452734524224,0.36538856632106803,0.1922307522165253
0.4826953889554223,0.17047063090456843,0.023728449793723762,0.111746739855255,0.516657461360595,0.1859173260972466
0.40100747902488165,0.07001860182514527,0.03834726762857666,0.13343408390499556,0.48035450965392973,0.19610660842223754
0.7103671981667655,0.13606810852701598,0.01356055451305302,0.07227881029495678,0.4316017933147623,0.10425279561041868
0.8430764636492806,0.11857807387542481,0.03149182675611953,0.12922782851328743,0.44716838519865293,0.13373621328715518
1.3211817156884273,0.11061796617860127,0.05392683761889237,0.04122902622907662,0.3480394428244742,0.13078758088311576
1.3078870683780992,0.12637839594923161,0.03713815353796298,0.07263645922991202,0.361387827741781,0.1078964041844324
1.9344260177392902,0.09673650025133736,0.061948613727715,0.05525346860732004,0.23080294577201974,0.16919863587507614
0.7315787900437519,0.14105842306381952,0.03890187990890267,0.0942989817114937,0.4619687929678935,0.07809105361355802
2.182862198572174,0.11728531817088203,0.09231301470092933,0.06493803482970475,0.4593017366674368,0.13906796856853498
1.1996705276579525,0.0769792928576591,0.06703952780638044,0.10204962711876607,0.3670666221973291,0.12909258779348393
1.1088710461441136,0.1919820078078301,0.02887118823467712,0.07406742327652024,0.31735870423741974,0.10525934143980939
1.909982350480459,0.14185652557657896,0.0995308959979336,0.1147422327341707,0.3018257588673405,0.119790939440512
0.3001978846080855,0.13719328696924488,0.03722229793588677,0.1268778302885395,0.3544667446490473,0.10454063006496031
1.5196327625399586,0.1667773302749117,0.023621886607290084,0.136892451932012,0.3178902041168369,0.21942290421032595
0.9270352853910953,0.07806960030774732,0.015439047924158011,0.17914653001554937,0.3728522892011361,0.14502976434612797
1.0305168606588841,0.10732672591039787,0.0346639501347155,0.12014529243245727,0.35990498440339547,0.10035917118305589
0.9004786635372786,0.16080045412015323,0.03149690640012085,0.12303591609648823,0.30599128075017024,0.14057887420846216
1.1861819085581735,0.09209791249648341,0.05916147259794113,0.14480358598870635,0.332532545837608,0.12426685565160152
1.5115327722744598,0.15963033398619358,0.0783340803719614,0.12295295708862364,0.3889379210401507,0.0910458703269579
0.860039859063735,0.1355375031512747,0.018302474562485273,0.11895128956944823,0.5086452880079233,0.08794587813398866
0.7621367535539407,0.11292166524537105,0.039482379611285014,0.06342277974922997,0.21644906517973098,0.11192125185144311
1.1841803243044442,0.11543981088335538,0.018148635570120857,0.15221277085459015,0.3762031658392404,0.09982068531515594
0.8403817190599918,0.11736134320520047,0.016329335567186583,0.0890906627681475,0.384110713109763,0.15162442989364183
0.9299049572734888,0.06898175337179531,0.040913256949454475,0.12386413417974229,0.5390183752975624,0.09409798120623275
0.7836572210355087,0.10075930965768704,0.042872758764617366,0.11535801924539042,0.18491077857356225,0.12635927216893517
1.215664971151092,0.1069801003088798,0.03653006469859053,0.04827072380450885,0.49087323692641593,0.13952754233072745
1.4639997413113328,0.09434127356600588,0.08509198242607295,0.09307980446406362,0.6262775704092042,0.1809352845120869
1.0389596395215173,0.10167198598002875,0.03438838950091387,0.08321828693357748,0.5524835093381102,0.08694265124010082
1.7597556512624388,0.1435434474075139,0.07818730144685349,0.15123046909536325,0.2328006541271733,0.13529834030612306
0.7736795069625586,0.10295230886846424,0.05225433458338439,0.10147985530062396,0.39907509504577976,0.1227940023197058
1.08856581588687,0.11855738666785123,0.08482852162983778,0.07054351367172887,0.2991225106678471,0.07063544644338227
1.5235073196677733,0.08723288149200864,0.05631878871731142,0.11282763242820341,0.45471949716834487,0.1139019499226673
1.232122914695957,0.08987882856685743,0.03233321978646475,0.0832712515921294,0.5639766709389715,0.1934118377392189
0.8239943209753638,0.10684653514851553,0.010778007227621844,0.15125209187924712,0.4557684812474613,0.135856576071584
0.6963901181659988,0.12888594741763273,0.01548186657909667,0.14287371003004914,0.5059140804651584,0.09938783083265663
0.7743026613964278,0.17622529082099792,0.041321729656368676,0.1054156370873894,0.29893254223551213,0.09123413278092957
1.3184874469762236,0.12891554191374116,0.019992779783946216,0.1559054416250159,0.2982022122282727,0.11590833180359791
0.46912734715572113,0.15076306557726554,0.028429436309055228,0.13382931317638835,0.2918204068360766,0.07984448743135798
1.7691898576737133,0.17637603592721016,0.09653279354894065,0.06419930625208747,0.5341228786555045,0.100740221769658
1.3497932115796851,0.12616112603693186,0.033627656340012635,0.07529751240147278,0.34516944650922066,0.1455623764574382
1.5190131578144714,0.1291143486668788,0.03779414929002517,0.09289162239396583,0.26022438750121757,0.14825219367201992
1.1408218173506226,0.10278410526235142,0.02516844139586649,0.08252535687160378,0.22600172467194288,0.12969054512290448
2.0196025090865377,0.09350362830398892,0.038795968948433394,0.1253305355624567,0.41518546664221484,0.1399908810009396
0.6458624321804819,0.13548682567624654,0.04071173053000261,0.09113795245985969,0.555304372166735,0.1332179010423866
1.2296579261140923,0.12278601780626308,0.1085834560071835,0.11962820147057096,0.5940164899259139,0.17252727664142092
2.0357718158521805,0.060016845702061415,0.09235598260165392,0.17029092241828425,0.45337219907746323,0.15150918224578383
1.3275416483353994,0.14239452890488227,0.07951840365845549,0.12359923172434889,0.3750031972982666,0.17918574984957425
1.3968886861571705,0.14551359949181425,0.1000947444227375,0.10144149026292194,0.39901765968554004,0.13277720958986905
1.4517144593869669,0.11263794513548832,0.07803769766906139,0.11255564310340697,0.29268201906783614,0.1281428794143154
0.18773432099294496,0.08873916607286472,0.054709176613020105,0.062409043008675884,0.3044729181045495,0.09848401530736585
0.9131232975071977,0.15720868035244137,0.055647285085916515,0.08936195585943954,0.36192380447362016,0.15426929768825307
1.8807123387838947,0.10157305560684256,0.0435935355774541,0.03420725840795098,0.3062190684950345,0.17195290732027851
1.604874371077952,0.08156981164467503,0.12844943812870918,0.10827856120395757,0.3246818905597612,0.12179158678430256
1.758456323335511,0.13508602038495648,0.03159414135060421,0.05995792948306648,0.5442497696459997,0.14218192259729956
1.3313422455654322,0.09120874843596934,0.07571340576610962,0.16119106428896363,0.33031429457559536,0.1794287433821588
0.6674674820399964,0.11271645301817176,0.04096778817389824,0.07393880297557877,0.31776466038105794,0.10548580984640023
1.339585950319023,0.1196957737236155,0.04242080594779273,0.09347168355848344,0.48462136604640227,0.12138346508890888
0.8639246062056257,0.09283487003355964,0.024554796162613357,0.14868692289460084,0.41836250423454957,0.15714496658543914
1.4280656135791734,0.13375413685246876,0.016190296753732493,0.16643180542849928,0.42759403029792664,0.14509320964476005
2.0837211714512884,0.09142899726807822,0.027376400167853542,0.04801955895599936,0.3004692130274478,0.17255569367945423
1.9831222882914619,0.07128356991601019,0.05055525907807342,0.0771934463177962,0.35590093726011124,0.13031321007593363
0.9233203476609386,0.09396956194959968,0.11709276488383262,0.040804140837311424,0.26071448389376006,0.12353063078220103
0.562046648149652,0.11754402608826496,0.04263459846410867,0.09481289795392937,0.35170261018738214,0.10447929995940461
1.0173522283618288,0.11341382104618093,0.022533356717730244,0.09632891246336339,0.4580880424676928,0.09387921365376274
1.1731223288486274,0.07014157274948404,0.010117409719614168,0.09340658333609865,0.34190640687402024,0.13198047661722526
1.247334519327847,0.10016178539553744,0.06020489656079467,0.08144702158582534,0.4660311552526158,0.1612676328521342
1.9399607084537975,0.13587082419278104,0.09548360435760544,0.08508991188957554,0.42377303765897184,0.17502147231852505
1.9139513479412782,0.06598176979415071,0.11077980714550469,0.0755266298227328,0.26484518513469274,0.10067485824942858
0.4668977387520985,0.06286021959304908,0.048517997999268286,0.0830908033219484,0.39219438316730243,0.17218967276500885
1.107459394144278,0.1418068109787703,0.012708509104820721,0.07680778728385904,0.5365722174527503,0.0968069194413686
1.1574750610981621,0.16243940880843002,0.08404584777373611,0.04709281323149671,0.44837028475767843,0.11753980944060076
0.6196993274696896,0.11250485673035784,0.07859322131752486,0.12030158179666402,0.4255253793095283,0.07115116016275325
1.6304317361543055,0.1505389515922073,0.054501655655817355,0.16320044404771256,0.4150346114779696,0.16030672824748687
1.1924342811784,0.09352393233996517,0.03785716562234147,0.07137588912588766,0.2737536335597208,0.13494350839423103
0.84785955126322,0.06765258811869078,0.04396282896776747,0.09679505663561587,0.44293247280503284,0.08616214536319036
1.1557184936766856,0.1057552772053183,0.0664321354659598,0.12160346124066734,0.5507339525204757,0.14901938752099775
1.2315302687203713,0.10767500231314787,0.03300512977039165,0.11778051005815797,0.4364399050633615,0.11567016832831006
0.7589002036756428,0.12746880342731504,0.05691903790901621,0.10306758463063495,0.5599548415216294,0.07906584220064136
1.299406099058106,0.07149545731215187,0.017816655794392885,0.08907150012069835,0.3210301869691929,0.13017135907442953
1.0546467400697668,0.09322523821265503,0.08648316692530597,0.14133658336303195,0.2679170666185631,0.13998773095737826
1.3929998081280117,0.10474238860812923,0.037203158061221195,0.049633574120493906,0.41266208388185344,0.12515005067735288
0.9985221910324336,0.11710080989843953,0.023811866378832227,0.05066283567907396,0.33951101191764677,0.15418316338667723
2.1218148762468614,0.1061404805846359,0.03901380833658932,0.10210105801665355,0.44693514886771085,0.1612148621032447
1.1424357739488988,0.07683728844399017,0.019996560334941425,0.05975115845038261,0.24828104303637355,0.17967393018996697
0.8231747875923446,0.1378033379513951,0.018364465965248565,0.07370176335750563,0.36673514713561906,0.16271611788352663
0.5602439280226252,0.09627008162402255,0.03173677760854772,0.06833655519380204,0.30368828762506345,0.09619782062928531
2.090187600277572,0.16872050047583748,0.05406878946265945,0.15078685414431814,0.4875964147285863,0.12912067552014656
1.478579713755916,0.12744958968965395,0.030834084808791275,0.11747185190820711,0.4660396598723727,0.10846981310237441
1.0963218580305498,0.06151310286333798,0.10339039365071725,0.14361229737407005,0.5598540287441209,0.0656470243023882
1.4976585348797566,0.13599261233335225,0.11587981925368719,0.14294259782102292,0.39558847399419705,0.188419189027213
1.441164245524415,0.11460929231411995,0.04969895690445953,0.0552901434895029,0.43902888002151036,0.16352925765755533
0.6234182768641776,0.08753375484596872,0.013475093731656514,0.09318330600041273,0.37522385113586165,0.1203145294799031
1.2902517921546224,0.12842485209924498,0.012729900396735529,0.04309049857914359,0.513894034919257,0.1385032094286292
0.5924239810761187,0.10379669648440902,0.027063902749681283,0.10507204374396675,0.3086301543821393,0.1788371027043973
1.412320527292676,0.12220549363522792,0.016255126611974306,0.10441274916789244,0.3897149129327601,0.13197209362481144
1.096475891903717,0.09398843882626215,0.09498798408493497,0.08899162052605787,0.2053142223098807,0.15287755928134528
2.1728333440697547,0.11407538892159441,0.019123592011877227,0.1385465292743089,0.4513257641098678,0.11864420214891866
0.8261792388111039,0.1683379987284905,0.048478303374991503,0.048565312019756245,0.30351190077510043,0.13177648496310387
0.5030122101507483,0.09113119310570479,0.03653018425942103,0.051092559023978114,0.37255421660799465,0.1269754897536121
1.9110847542265514,0.1631987176365099,0.09742678570042258,0.1397273844480648,0.5107819954614677,0.09175293111070111
0.7208276836505659,0.11693857384375056,0.06806252482339765,0.04556690959669791,0.19297558326518832,0.13438247639244622
1.15949388796183,0.06109339697820374,0.03387459160283286,0.06672327298277925,0.4236812463492816,0.1877680246732861
2.1331705564204775,0.14786239082218677,0.11698755134360098,0.10257224405715239,0.2995181729312528,0.11707504749601023
0.6545188242480956,0.15705846160500248,0.1308953611003741,0.07954761462717727,0.39824405514535877,0.14091522872659246
1.6398449425187536,0.11901310306973814,0.037042843650399386,0.10291413843272099,0.3590047850181747,0.18533678191460085
1.841317301333082,0.10499678777895657,0.08170484392122188,0.12188121040284346,0.4527660436072384,0.12720015374469149
0.48728079969025817,0.08166529671145409,0.10152663463307188,0.08776947507320774,0.29159494813156256,0.13588170734868277
0.8462334229576514,0.11375151791994975,0.1089117278264894,0.07015581615502296,0.43397734688090916,0.13984073239892458
0.6228122267309134,0.1729765166445963,0.08615902125928894,0.057021734510934514,0.4539139043945032,0.14446509880668645
1.2903886744983906,0.08992158271612646,0.0786701096628794,0.17556391492912501,0.6766152921619908,0.1405584804958761
1.0015563139643182,0.11902934452776709,0.09868672547634941,0.06588221630771948,0.3929503745308871,0.08942397938171814
0.6417126224638583,0.10887379200878514,0.036208760104127734,0.12966593140237703,0.28500380832317046,0.11596132679541421
1.3796735512862592,0.06956966733266001,0.015765035092885665,0.11875010420052273,0.25510520840557116,0.10311628064740341
1.151232769775139,0.16104147585077672,0.027746171610503537,0.09027952140657886,0.3199429237127871,0.16137517020558417
1.6383637205654413,0.17702839112543817,0.05737959923380459,0.1435665323118876,0.4180250119970614,0.1054278377584867
1.5500963469157225,0.10276865277034317,0.1046598883497682,0.09007470830646083,0.47736939059638295,0.1234465559942687
1.5797318478368374,0.13494851925167184,0.01878019458334417,0.08981061561327142,0.4045686900265584,0.15287634563616853
0.5483869981026419,0.14602954744586322,0.11494711939749173,0.11302142731810176,0.39403016021827697,0.16169867715653927
0.5890397944387973,0.14722085616897992,0.08655422402831062,0.07306246515051885,0.38272043090986474,0.09615365443827516
0.8739285137127205,0.16525011133793038,0.12826751614941673,0.13598334746457205,0.2679052178372306,0.1115104749450945
1.0093952810025026,0.08789614962158662,0.0849071617330815,0.09973075015316678,0.3661105667405482,0.11179583439649146
1.7397404294351921,0.09053511150361501,0.0768891175807467,0.0886640265746865,0.3823587942406527,0.111307400344492
1.2105301225654184,0.11768838751348282,0.03885774783732301,0.08513736597143239,0.44007583432241565,0.12111701289069401
1.0096141152766904,0.16516447448231936,0.05480688019962151,0.08071533630802948,0.5838987252887344,0.156230208050435
0.736430822111054,0.09770265946984505,0.049946220302558825,0.090952361171851,0.36466973772324435,0.14193174519305174
0.7882301236162366,0.12652503633212855,0.023571254919862353,0.04611703780371619,0.5182163919167264,0.16630867051797807
1.0637671776302162,0.08059653102152092,0.016945667861258312,0.06994887086997176,0.4415584937779897,0.0959487303432782
1.4238041199453706,0.11393744395623848,0.014709540547170781,0.11591245606243405,0.4155608683920653,0.08589415534952438
0.7953553899159161,0.14708519682663934,0.02294433577817467,0.045889797192329176,0.5200498308839377,0.16983848318925587
1.5612419177345929,0.09737704914020219,0.05106423094536399,0.14739457431527891,0.2661853933235855,0.13728323435577897
1.582820929975446,0.06463189541051803,0.04758523435755196,0.10244485485582407,0.4371091572356251,0.14074775299751827
1.650712294739351,0.15512192963325777,0.06595685565286545,0.12712249036955167,0.26507433077818315,0.14153970525036563
1.882603316527294,0.09293476389646933,0.05441049238014253,0.08917556572418393,0.38261041637569804,0.09895836508015013
1.4574538943165267,0.1258992383998166,0.03964307393850548,0.12275120151715134,0.3309078946917339,0.17620482890095301
1.7087602156390094,0.09171532352928444,0.12141913957975364,0.12296471408226556,0.3559234479439051,0.07557483171873777
1.5521795574732005,0.11701040692127276,0.08652339074348056,0.10598210710135679,0.29157064586923503,0.15340005937320517
0.9551457698915428,0.09685584654306159,0.03139841302389004,0.1119021596409831,0.40875421599099176,0.10292353835918984
0.3965911947812334,0.113376805781598,0.056189597711960804,0.07841264037547886,0.42805765871541807,0.1515637559800099
0.2371355511619455,0.11177161429132793,0.07243298294774617,0.08806218409875685,0.449555173580621,0.10115324458797167
0.9005444578425618,0.08352051190632029,0.05490600710338003,0.11275615774741093,0.24782381366401673,0.058756593890360184
1.8656519324988892,0.07984520827039666,0.06366021768164243,0.06304645651974142,0.5941244361358643,0.12867686922067145
1.6621425531845502,0.14101936812354857,0.07252775423403701,0.08655834329800097,0.29130344620392357,0.08380942482815068
2.428099026533948,0.10863148646167778,0.04062131616403681,0.08060953143639192,0.374878791202904,0.19577031757569438
1.3645345002423281,0.1351809112061731,0.016550078496259432,0.06247196776138085,0.37012265773532826,0.1639619067393586
1.1648307592750307,0.06080785945912483,0.02162655612111493,0.07608415770741457,0.3592763810946274,0.15587055863767355
1.718917468240129,0.13085997697300508,0.03308671261426019,0.06243296323920472,0.2363318504477765,0.11713091880117746
1.6017398733067532,0.10440680617440562,0.03765582523627128,0.06682925581405633,0.4102636968715358,0.16622795991986838
1.390274423024686,0.09485010139495341,0.027801915723571113,0.1345786772566866,0.24532061224641658,0.19806415105153707
1.0938802949550888,0.16144957695874784,0.029514979711411538,0.10638691214542795,0.4617501114980869,0.12187260874075344
0.5287425417991664,0.100931912831652,0.0445988949341197,0.10383051454968674,0.3827591179273255,0.11680041589947801
1.2568671534847058,0.10450024306315041,0.049048989966117146,0.11302093967331381,0.4907269447806269,0.1006454835013106
1.3305478284800794,0.07742710777227592,0.11403694591504997,0.10489255610410159,0.45641907222472167,0.07081392213053672
1.5207661393307221,0.08179128343220615,0.03605636226070555,0.08908331424665855,0.28472675884931214,0.12068609542907426
1.1707701394914753,0.10628901323056739,0.08633953517228915,0.12680822566437008,0.5851032352666928,0.07817377751952123
1.2703680905642893,0.08028546779218416,0.033021895404706375,0.12677419458822245,0.4365870682436492,0.14034578702020634
1.2249972052818288,0.1322857757097948,0.04610648188718103,0.11612492472771296,0.33016090287753463,0.11655211935174262
1.2807292906296803,0.11615585497936498,0.08598545201934263,0.12971103019374938,0.5831990384336385,0.06640199366420177
0.7716719409893956,0.19771843157197064,0.030906226835450436,0.06077561613246292,0.40198849999654673,0.12497012487620535
1.5222435515548278,0.14187637108645051,0.024059201663980973,0.08743348530625288,0.3192175486042762,0.1328369785954117
1.3698906036397442,0.10001930136346515,0.06614547255412198,0.11364179013658254,0.1820195993598005,0.11709790074639724
1.0448158946074355,0.15534710384528588,0.013773121775497648,0.13793145095340772,0.2397753265750366,0.10037703010667566
0.7809457073911019,0.1349760250405249,0.125273623526171,0.08219902523934577,0.17721921574330454,0.16249885774102912
0.8484780580475164,0.07471755042629696,0.053163039785521546,0.14408068764400667,0.3587297429679901,0.10701650076035928
1.5651391173283322,0.10144713379632588,0.07524748618965461,0.16639242657986852,0.4480538614075668,0.0913106902043364
1.5916106763769189,0.10757628995839831,0.10066646631503648,0.10304338000976426,0.45493410619267965,0.05890126656080734
1.0187751980974062,0.11343961999412695,0.038213366082316354,0.11698717070806218,0.44540476223747516,0.15295166152370018
1.8911032637207752,0.10962876930832352,0.06413750114588924,0.12474426836632153,0.6249138833395415,0.16955212143986384
1.634932080030662,0.10572728880634197,0.05458882749765574,0.12689699151730874,0.38859436417902143,0.1417730241171206
1.3635437007519762,0.09262841054102575,0.06989776845133168,0.130979609175862,0.39289918097021764,0.09316788330736422
0.6443852175514677,0.10160522650894793,0.04694139459832986,0.10994785586898613,0.18813564362070456,0.14312004363653189
1.147694329684778,0.1445350668325974,0.014852256263966995,0.14903494175482163,0.5135926676140656,0.1526477539727313
1.8488090088747764,0.17714294368862907,0.06007409415200721,0.09273208596369507,0.36266520525565427,0.1345247619265096
1.2554239220441732,0.15008171822550842,0.1067597437789028,0.05388345249891238,0.4344157124646639,0.1363878459311965
1.344150632637979,0.12004692404087257,0.01841697625185964,0.03573241294232761,0.5878897965348929,0.11657856609902947
0.45438217061149055,0.11522179912071354,0.05819273186773087,0.11735787586701904,0.27101092514061764,0.10016777012705069
1.4074554382357147,0.06869371388448511,0.047131419126444626,0.1552613756936072,0.406065540547857,0.1895196928695223
1.168361680781531,0.0965726759618544,0.10631771440409973,0.09168601641974432,0.46361290747992423,0.12477986370903035
1.2559377261318179,0.11212425568355662,0.07675318908757832,0.07593352307981645,0.3450784814242452,0.21678152349415192
0.2735717938653104,0.1387208400217245,0.06301724909827784,0.10858395746648672,0.39029357342988463,0.231966014940153
0.8163066156453879,0.13181661924822044,0.03068862522434886,0.17877709608296,0.4291819973509294,0.08922173714340895
1.5081811598640888,0.14590421201141499,0.08867662081143704,0.047841316374980174,0.4212548683280547,0.09980539753607368
0.9503436087396475,0.10612498383525247,0.052520682369351646,0.12454438191046857,0.46731871604593034,0.15613459185314071
0.9976801142461251,0.11946209924937581,0.0633863658597091,0.08824498745760255,0.5840439658482595,0.10740356144993524
1.3765925452039895,0.1818107599157751,0.034396746544810654,0.1275150646062263,0.3019789225846872,0.15793370065643048
1.5989656042659344,0.09622071191119035,0.0505281247840528,0.08678408873695949,0.43596114211040427,0.17069232610137242
1.4514265811846037,0.11266220216384694,0.022445122206842017,0.12965427098770724,0.34702061071447593,0.156298758964779
1.1712045926499617,0.08980146840693948,0.07721049383069613,0.09901169528953592,0.3002350858338218,0.160138860693064
1.3246371665462704,0.1048284031011749,0.011065064906445418,0.11611071353967779,0.3908108516994644,0.1658826784424811
1.5723726670275793,0.11763539205509474,0.046361502024075046,0.07499366028195066,0.2607761484274902,0.11242908395234068
0.885772313150294,0.1288827154778867,0.07227231927197902,0.061226909143585535,0.4074930574958679,0.1353823345723595
1.1860281270236352,0.13027504718128471,0.017989913391308433,0.09622744782197394,0.38486429426246455,0.10563106691425055
1.4108527277329477,0.09662513622639302,0.014002485280647823,0.05226585469432216,0.4920059476237342,0.1658460946631695
0.9257065151990752,0.09889631289654068,0.06519570035579517,0.06231754184463104,0.4434660198761998,0.09084714698935542
1.2828417222309432,0.10644864786790634,0.13180574152560187,0.07303956591384383,0.3592065393929848,0.09712502055377077
2.084720744298087,0.1387387805965331,0.07330455350345202,0.07461854986194696,0.28941959418708424,0.09475060072812619
1.2335711749789828,0.08996683164824737,0.09425460289308724,0.07718547556868388,0.4328808800917963,0.0926168691722941
0.9558329165941384,0.15534172223867515,0.021566054655763427,0.08053329431018319,0.3506808864700205,0.17627164121447123
1.1906992299105126,0.15998090356755915,0.0947734153021999,0.09294012160607112,0.30472324114603677,0.17374107543637607
1.0723949522387959,0.10296847113965117,0.021947879313944308,0.0487574479832088,0.30469902134497673,0.18310625397106411
0.5828132165856401,0.11107516943754725,0.03239457193249837,0.09011661996265671,0.4178640221421923,0.1364778132005933
1.5742398159916866,0.09544739633567634,0.05960254541306796,0.07070563533009996,0.456229270875033,0.13784703715450636
1.6259940884963606,0.15574180528800108,0.03893697944158172,0.06442284780053534,0.3145675177083424,0.13353280440142049
1.903197258620156,0.10013880908993958,0.04709499019912791,0.17874159113343344,0.36826750723961776,0.13789081127392577
1.751278004152951,0.07763794756295071,0.03996703666435917,0.0804517294609379,0.629072934792406,0.091947031684823
1.4373085008635171,0.12022432023398968,0.02715617441486692,0.10899903734053032,0.33452219826036045,0.08932523723491308
0.6516176512033326,0.07749461980114243,0.020653930397067363,0.08460526143166339,0.398487420287338,0.1636794284242099
1.4163221989954977,0.09384900970332005,0.038924727445066136,0.15469109889082128,0.4055358408903383,0.09501068035982285
1.6064390188426427,0.07194332601987108,0.056108313228521126,0.05102790071044865,0.46049758498665183,0.10937994260021294
1.7224149828468105,0.14009538338783384,0.010492143367783167,0.12332044782135648,0.4343687310668011,0.10693136517697256
0.32696825087582326,0.13952307673387337,0.05185588089751227,0.03299395230804415,0.3827632936911586,0.1429646342543278
1.4412314368649508,0.10496626849609272,0.04238705300574907,0.14119183937776608,0.5507015079968532,0.09766778158936917
1.5451955952351595,0.08288216000503576,0.047145284048968145,0.12262231298448495,0.3351734712130703,0.08200344146029956
0.6128776917695269,0.14122618826175468,0.045817684806909856,0.0762855881362664,0.3423016571533219,0.14458070767289802
0.8084373737220416,0.07094268573090082,0.04501187064459117,0.13098598232760017,0.4340423406470885,0.09081560386860918
0.9024421134016375,0.16691417048468551,0.1132128040282782,0.13181519504785483,0.3229387531056251,0.09911302219526164
1.8603490388099497,0.08668112222939314,0.01785296055766147,0.09506777731305938,0.3977252887526636,0.07374203441630973
1.3713185384725284,0.11649594420244413,0.02541404073334351,0.04731436261995173,0.4035133079800419,0.16141558605854006
0.4519168548663839,0.09367472552029094,0.10377854839102324,0.16763054127520655,0.3886590811347856,0.17239082390229002
1.5156338412433255,0.09015659483065158,0.05749152479702859,0.12037607436181931,0.45161421155384773,0.15665353658144487
1.804841801973468,0.12885760723987583,0.06169157771805761,0.03817198611108281,0.5004600836821798,0.12876925691440835
0.9952326243107921,0.1126107390170209,0.08289772410787938,0.08137125307373289,0.2828244498499586,0.1286816176445077
0.8825591752619276,0.09793874007804731,0.09280541687045304,0.07427015579139558,0.38997573013892395,0.1505823210233765
1.624457886838374,0.16835062461049832,0.09042432569527531,0.12599941284740018,0.46533050397734227,0.1481002848633515
1.4265280758405017,0.1648398521579606,0.07475066804641183,0.14229913045585538,0.4440520883053762,0.09416231018344488
0.6926062916368378,0.15684482040805273,0.0865714756898619,0.06841128304351965,0.39831922991033863,0.14696496669090406
1.5110442616698372,0.10505946630380539,0.011185142752915968,0.047473765040313455,0.32263514262017823,0.14082154485757112
0.7546324957486783,0.12647486791012616,0.05522523157331807,0.1099252748581569,0.33664675586430354,0.0860575481229999
1.4754617180034664,0.08236322885894665,0.054357442647133235,0.11545215331478918,0.39623304447576174,0.09285712412774111
1.0953431648723986,0.1143840688682584,0.05947110784815412,0.10001951805268645,0.2981628534097759,0.12524734604903628
1.85800789067717,0.13900752722965162,0.05735225405856337,0.05666700936835874,0.40913061348283636,0.09355635165538528
1.4763154612999143,0.11901757870307629,0.016112229746535263,0.11502655282601783,0.31894774658967995,0.08336502291399353
1.5685020095900493,0.16757566005886332,0.06581951910830597,0.10622432756968449,0.46491937604798705,0.07391267395478218
1.4205231357451975,0.06328195037816815,0.040599286405881355,0.10002428187731044,0.3813587290427398,0.13934576859143852
1.610632493540755,0.10357382151933572,0.039013545965561544,0.07413321417526544,0.25830026116994637,0.09760253809731173
1.7120886796779877,0.10447787896290436,0.10113028666710511,0.09312828165828677,0.3548193989752103,0.11537194403115786
1.2099107086758132,0.1502051152190053,0.012344939979371312,0.09073619517069603,0.37519799019876476,0.11317479558732257
1.8634219013795124,0.13287417995372713,0.01786913022806503,0.12548007799898786,0.3466062991005827,0.13208482020400525
1.429286575680286,0.12208221141181014,0.01826642727922154,0.14516464942309004,0.6046525004672059,0.17996040859341716
1.2215554372024822,0.14445630315814684,0.03612362432241097,0.09971988582661764,0.39362934144307515,0.1362727074317101
1.2269132810552297,0.11642237877469634,0.029018944627392965,0.13294924553118415,0.3658230189692946,0.1268685801198468
1.0824500810538056,0.11088571465342517,0.028454717068531095,0.0918619583308686,0.5812680466447729,0.15159755142749343
0.7796010260242213,0.10468466299476535,0.05696041535896864,0.12667304151702366,0.41262533938448825,0.14963553947734018
0.8026503033097845,0.10275388645215174,0.03702708761353602,0.15588529440080756,0.4174494525426939,0.1415917931920795
0.647175320766271,0.13070327241959284,0.051667266794243494,0.06087509149402589,0.385076093111643,0.12877957997766873
0.33061150630418346,0.0948006699738751,0.060753287100268366,0.08103828446935149,0.27723193106517063,0.11912684598602764
0.4979938270440608,0.1128692716451708,0.02817983514772622,0.09252739104444695,0.46731481662233954,0.08021342751841337
0.5050542619679896,0.09933782137926343,0.0666356589745762,0.1219610761963905,0.4150547756799142,0.14639428493879514
1.913057538175853,0.10158083691297123,0.113320695383557,0.1192088943749692,0.38017065555341145,0.08583864113874722
1.3790365427998843,0.1129386244536803,0.048984454629978226,0.0924492970434605,0.2878429123003794,0.16763147628122776
0.9162884494048412,0.16240201790418518,0.06264869096238211,0.05303449620129799,0.44466384316613916,0.13095485469703183
1.4240050321852724,0.10087768153846385,0.059578709982704856,0.12300229989537464,0.45484007917743424,0.11891477219111264
0.98994948483644,0.06368731832348756,0.05706784687158203,0.07201306153058394,0.22542154419973626,0.09752964921860141
1.5696055627862726,0.10871614589735346,0.03590539474731499,0.07718936197863595,0.41106083627942513,0.09666183161934028
1.317365349232376,0.12071887879731132,0.07495721185017708,0.04774969318193549,0.4033729382607854,0.11593999573626468
1.3228749735824883,0.09934311897727502,0.017456468213948813,0.08289117776884569,0.372629248840024,0.11239238380995799
1.345419799873098,0.14865872033183403,0.0926544886751361,0.16725911877207447,0.1929429416474133,0.15430112101801643
1.1007399344207682,0.10083223980221581,0.01991370865443492,0.03440608701498685,0.29470389451317086,0.16027895946269774
1.2975378547827894,0.15886675468641942,0.04478923016311909,0.15567080722971857,0.5075150292566972,0.14581610237123308
1.424346136219092,0.08633955858299937,0.07112224413128547,0.1283669467767085,0.4189173678839522,0.16029650975376178
1.3174048841483643,0.15901081326374455,0.011164997808648179,0.14773915140703467,0.3580608877745937,0.09908913481504622
0.730383751483578,0.12340085084521302,0.04162814620425397,0.11182069710678963,0.29873274298981745,0.1203189217881716
1.4265191956803467,0.10257944419703935,0.04910249646913112,0.12220707077360285,0.3830136596746334,0.13155880901323747
1.1695057234270148,0.11393301624691106,0.056080044310806716,0.053375409630479896,0.30027092292547053,0.15518419435516317
0.9009724992118311,0.12913310492509522,0.06683912086801148,0.11450935583283373,0.4959877528053729,0.11041171894051204
1.259018947256421,0.15477144735046522,0.03520669346290403,0.0898981446727654,0.23010161913823454,0.1840004596157157
1.0303378360704607,0.09950862164441504,0.04678715143415908,0.11127669863526592,0.3549041058290838,0.13770911538757877
1.6913208172001815,0.15408655693246556,0.03781112519417652,0.06402960206056994,0.34094287744733814,0.1529003539830393
1.6298612130715164,0.11582076204913332,0.08185675897517328,0.05833852811795778,0.3669262173663741,0.10443469788970314
0.2475366769801588,0.10559482377363584,0.028400897984639083,0.10676247046444516,0.3636376743012819,0.06206704312425401
0.5736600544138464,0.08959900947512672,0.11061260794437372,0.10907634759951329,0.4379022444358264,0.11741838927023372
0.7578765048199941,0.1677065205338764,0.11000477842400441,0.035961549254879904,0.2994529149318936,0.12086385725967633
1.8174653063043436,0.08348052679317898,0.0598008868039979,0.08115018214296658,0.33281309527737957,0.15015509361914567
1.40271773461905,0.1508473375731238,0.03792809788730992,0.12175947515942238,0.4434474422082417,0.08700678030908031
2.0351628759522433,0.09527691334246391,0.0783193694602855,0.08155631636051348,0.529887258210774,0.13205327007540996
1.5057241215378179,0.12102535998420821,0.043942029959868886,0.14522152205824188,0.33564165737720786,0.12484193528825738
0.5469974297923994,0.14858092980227897,0.02593129890281942,0.0543287095546193,0.28460231316606954,0.09183242309689685
0.7596450915067066,0.11276658920651152,0.01273040393725456,0.06949838872556492,0.4449971854147486,0.09173015375256653
1.7471710971962142,0.12312812433497175,0.03319956375759288,0.08457540875669109,0.44944119361510365,0.10372978679655792
1.8401241580351093,0.09602704205617987,0.03195924647022405,0.16423038887469593,0.4987370015171973,0.12748603690120683
1.0810058351834937,0.09882152546818175,0.03238453636467805,0.09213630108686927,0.37721008093018926,0.1752324988096707
1.1232049266322033,0.103052416711399,0.035490837278710066,0.1468916939972908,0.28623575827453557,0.14799918372655707
1.938328261176002,0.11355871898117863,0.043615043340460326,0.1470372362837459,0.5379585598924117,0.13173845572381437
1.7127145074344023,0.11851872042295036,0.024624641114105204,0.12740440370869216,0.36276248086850665,0.09890821047048899
1.8513366589855853,0.20781568673011397,0.06409751627008159,0.051752651369001874,0.565562553845977,0.15493440270721826
2.248761944721222,0.1275593808911511,0.052676849128078324,0.1034426967571675,0.45740487164362387,0.1437443732714331
1.3082317741319858,0.09815892789551575,0.055305542627055365,0.14547290395251428,0.3861418827383649,0.13459078219871135
1.1492862429093766,0.14955717041486433,0.0534859199342796,0.12631488381704484,0.5273661869152062,0.12640394237679028
1.805702886356666,0.1198421059057194,0.031288308486163416,0.08250063093791024,0.4325207016531139,0.16930123480176126
1.360263298886798,0.1396581898918952,0.10322308544633935,0.08719875514739438,0.36686481272572835,0.08668322390947575
1.1483994879067865,0.15324144890819835,0.05094479197906074,0.05973057622721889,0.3190504395949834,0.09651846535146345
0.543604091081674,0.12035022662294902,0.02787173208515492,0.043496629003040584,0.33799351721754983,0.10275413274340231
0.6304537034770412,0.0973573665827095,0.042443362841034414,0.11169719119558368,0.2694958543187361,0.14150911692395132
0.26832143125999086,0.13191337860476485,0.05508613636730464,0.1311354570653177,0.45186370885409055,0.089680495315836
0.9797918030144155,0.09188763235442934,0.01845995894337967,0.12809382746301573,0.30143294434157897,0.08040132461299887
1.483368712339871,0.134847339564138,0.03793205777053904,0.06957992434994971,0.3328137027576022,0.14622959805375765
0.9894019985028557,0.1588037305400662,0.03364399797113084,0.14996143650490038,0.42518525874495544,0.11860266899144487
1.856299379425917,0.13085439105009636,0.04818170709584114,0.13171607656989906,0.33123299235519776,0.09519200618949866
0.814498844808332,0.14434025615862095,0.03737415730908576,0.13742902922701056,0.34289674341642495,0.13358290934332148
1.2729882861566026,0.1102434825490273,0.023708119088957414,0.11343482607640615,0.5177227851155051,0.13332750767555787
1.622870356986337,0.10385066049346768,0.032476118184318,0.11317536096960101,0.3300066457763671,0.10815260635138634
1.672871233312482,0.15772927687427976,0.08892245599166762,0.06126755129775167,0.560065875950671,0.14635243908293236
1.9001641959890685,0.12469628635205442,0.05060123905853096,0.1076529173186853,0.5060941889513867,0.06212325442748655
0.6227618243770172,0.1720635681913047,0.05091650324762646,0.11063068545608147,0.41028574919649363,0.14448777630308202
1.2070393829424717,0.0665413333748661,0.04605242095907555,0.12968773889572635,0.5611589080029039,0.12773972443829418
0.5178436842829186,0.07989776834811843,0.020935205306466642,0.05486741648120191,0.4335007690112839,0.09911362382483366
1.4038529156509116,0.09494317679392353,0.04304803250348119,0.07559029199353133,0.39544988402000286,0.12949264370343547
1.9623782900664346,0.14248559382677417,0.060770546570733136,0.17244789278261596,0.4366926490837565,0.16533154492129418
1.6874540681624268,0.1145905824150698,0.018251308481645412,0.07673995095154562,0.39661621894642485,0.06564235621968958
1.7215701318634977,0.1262931816688076,0.03903156878315199,0.12430132713569483,0.20483675243340468,0.14137700260339287
1.3333896745078853,0.12966899957198808,0.01940136162458224,0.11687378027277456,0.4301086910057793,0.14063924436019903
1.2054400275880586,0.14117756767175557,0.03673549453681225,0.09389941862685758,0.48678798427179193,0.16054905233390246
0.30484662922488504,0.08686824055454762,0.09294795681529683,0.06938367953154978,0.35270789326950897,0.1228374065331818
1.1764263539392001,0.11555387443846186,0.05180728569387112,0.11551810156881866,0.33926826471745947,0.11211345151915228
0.7371885672106313,0.09987488535809035,0.012003180345364434,0.13313986177059153,0.43561406389955676,0.12998712732065204
0.501440932030401,0.13039660135593195,0.028863408040137643,0.1438790755447675,0.5115825572724836,0.14932405470473942
0.6672581272374408,0.12550189067566125,0.03256517545279617,0.05760434202489389,0.4280592706963628,0.15490926370438748
0.9189697969068886,0.12609128409242382,0.031111375325285538,0.11555038730111919,0.3629086781398256,0.12076067467666385
0.5427656716874173,0.1431852823437461,0.059435522256720594,0.10182590227495524,0.5419251710751647,0.16231703586802626
2.0398768031387355,0.1561249883673243,0.03150283718656707,0.09407517306082873,0.5333283888999667,0.10085835443025606
0.17196068748518534,0.10639593669916236,0.0551678980448695,0.06537135701367935,0.36824435276351536,0.20786432680655864
1.5931132233623582,0.06748727078531289,0.08833149097449775,0.1043811492301432,0.45375467474196163,0.09876640951623981
1.0241876977120614,0.15481840023254326,0.06421321520828045,0.14080708145300155,0.30489361374632884,0.09661109589150019
1.2633363637884194,0.11671016707054516,0.029161416673893624,0.07947549847198146,0.38142056697900134,0.11020316413490365
0.5233038586026386,0.10575920713075718,0.03739568367579272,0.12601308693622,0.2702523766344368,0.16560716112371895
1.9144067223106944,0.12437529645488887,0.05374865884060834,0.07177776830651728,0.4607614722287033,0.13372632290726338
1.5504279993260308,0.07530785033886023,0.03744663328714573,0.09476654292730444,0.41068046622474935,0.13020165137218767
1.290625073725693,0.12110890230457196,0.046019765695309266,0.07244838380295726,0.3705391785230581,0.14282119553415448
1.3926922599213214,0.12519217387312123,0.03185595084783186,0.13114281512613704,0.4535358108311718,0.09818183510805595
0.47612336211369843,0.09369115882537435,0.015223935223067139,0.08188547588658895,0.5443686184663159,0.0844756913817897
0.22548147137990115,0.1581015116891144,0.09707021310326035,0.14815757388051584,0.3854580983185969,0.12064449312478243
1.4995353865211796,0.11753664263052914,0.06660795558301649,0.09696189527515126,0.4103020807331661,0.13261448750284896
0.5299300208166624,0.09292087717308388,0.11012699701908048,0.10506450229472429,0.1862218357683708,0.13363438720242024
1.400570086647587,0.10639320892223017,0.029947195445235546,0.103559525331782,0.24928018008137243,0.15761008586645647
0.5118397582389346,0.09153147364818556,0.013131155472509655,0.07781624295864684,0.35612486918881214,0.16211131483538307
1.1645020063558962,0.13694109326287227,0.03009042918992466,0.09545535288774594,0.4437583214013036,0.13078051994984538
1.029689973171576,0.08694122189768129,0.07066633286858762,0.07651370296014037,0.39461334854853986,0.1259715359880289
0.5392071715028587,0.1157590449504032,0.11292503958662421,0.1082605213798212,0.3917776634445173,0.14292689384957896
1.5521578220728383,0.10506714703975929,0.08543853953056182,0.12139971479395811,0.3765639467250602,0.15004636670464155
0.15823600664747195,0.09057891572930708,0.06935137724981355,0.08041507052963019,0.44453214544352254,0.1714192665871937
1.5504627408174516,0.13840916679663073,0.04956290115410336,0.06267437655527786,0.4597296488954629,0.09198226042174817
0.9162656970559492,0.10230517964864273,0.049206786824206275,0.11976746304546665,0.3098929197823551,0.13697561335793043
1.7795507102917167,0.1436328699026092,0.11115328771559034,0.12312118114518493,0.34671954838914176,0.0938649719393933
0.9680245511302416,0.12502370044338407,0.02879046042630765,0.12251873609593573,0.30173039792538947,0.1134621915634014
0.49279248211420756,0.0936702286236882,0.055621780220984886,0.18459084549227756,0.48305777049622073,0.0693453258270158
1.1022805989223086,0.12128112278820957,0.055122946508318255,0.07044164673612152,0.43832880832695564,0.1792135125147689
1.6744964041808044,0.09433468559278266,0.06737273627054882,0.07150326680824795,0.3811506576120192,0.13535568770719852
0.8047766038725762,0.14744113765454958,0.060227126920049,0.11422433788349359,0.5154666658403524,0.13342943401235172
0.5678261263558795,0.14137683122136382,0.05378383974039472,0.13346869803205905,0.316228235055922,0.10959259147528616
1.3090094721505594,0.1352859968981973,0.0338667648754535,0.07008416529671788,0.5204330691225969,0.12669511949153514
1.6640771540798893,0.12273104153123963,0.057947236497357967,0.15422929484459508,0.3089222839975881,0.08732459313713414
0.2121681330398143,0.15863420027112862,0.024596637268190575,0.07020060582061892,0.4352049569363007,0.09385547150160847
0.3748094666448031,0.15112530920692865,0.06398718258878731,0.09453385095811809,0.5986799268854963,0.1428449465250112
1.331682719740171,0.1061758690604511,0.026142091710168514,0.09493394484413374,0.3063600064791583,0.05222324379206625
1.482333611366309,0.09741945500993687,0.03319305665764173,0.11736626242089507,0.4019730674182089,0.1378305081294805
0.44083760117840487,0.10385898019403951,0.05925148311690759,0.09648642183371478,0.5156026313178204,0.13820543778386363
1.0785434892219035,0.11129428775269722,0.02726233379120607,0.11063158623853338,0.4175791402594833,0.13565745516821925
0.915316837479237,0.10888780408106526,0.030154896306183718,0.08509208148837674,0.4009728783588908,0.16345752944191566
1.20593974450496,0.12388520880426929,0.011583629470359715,0.0834489897247893,0.37195769217506547,0.15839781631781194
2.4755295775399127,0.13226117874243337,0.01074528829160197,0.0812308717125998,0.5771809186331619,0.11203491525233607
1.7724243275378329,0.08623340994401205,0.09859026239717433,0.12025318439501369,0.4020146564981525,0.12878402762142704
1.9689077592069428,0.10297291811937988,0.036695051289980185,0.13054098981238746,0.3465263655224389,0.18098312931711108
0.7897142036963808,0.08667198973728751,0.051702425427477515,0.06476956637254906,0.4316929459798875,0.16025103233242222
0.5699923342734953,0.13786160712925355,0.07697440024069678,0.16563938002336645,0.2919384465581874,0.12263064283403102
1.7097261278095435,0.19316309484060862,0.09934624985323114,0.16636153985840907,0.28456240316894477,0.1256729059077719
2.324811201280327,0.14267480338373828,0.0761081734881477,0.1630731761321499,0.31553879014592795,0.09345357148870784
0.9649974030066588,0.07032992403194627,0.10007397862543348,0.14007908798269925,0.45623167593958863,0.09289513790124682
1.2201141779898388,0.11333436586971955,0.04973941529934671,0.16595823159290918,0.28831816938875565,0.11121449208167677
0.9482394108719775,0.07360828453857698,0.028499498649496195,0.12687675501229878,0.37600196091861676,0.09394039070136517
2.2052618277875684,0.13828845931786873,0.0909346548887841,0.09869554464635745,0.3000157835132822,0.11703742001130793
1.7594405814326726,0.09652665750854547,0.030162312543866785,0.11668617545468003,0.3286414868109186,0.06464256948497318
1.57356380597539,0.10449702459174752,0.04521758295784266,0.1319579721821441,0.47445109631702964,0.08750515304333839
2.2785643863985445,0.08974281845484253,0.060656856272973306,0.06968929675526446,0.4450932292818437,0.16567481151059688
0.720277697820513,0.12595067750624978,0.09902939652757153,0.09219565325603946,0.3566463006148537,0.0532907251391949
1.5485252483667424,0.12167004426569858,0.017688040326862175,0.11014177616688425,0.4342040412974531,0.10144933988004537
1.7310581507665646,0.14677497288352953,0.03791997686085306,0.09453261178857159,0.263148234969542,0.12228212722283288
1.3444731325633155,0.131292931096448,0.06414339614654735,0.08871509476627064,0.3379556293775429,0.09999857792281831
0.9143098621173502,0.12990930545534726,0.010917835405062568,0.16881237315929012,0.39279031319583163,0.17159084756610393
1.581710125176236,0.14467134063755369,0.048635484498290846,0.05531873626712635,0.572400900946337,0.18425022060389468
0.9848207371794512,0.10691277027650768,0.051099061010574265,0.17819307066680617,0.42441893925528396,0.1339195551376169
1.6173229842322112,0.10447199410068553,0.10240870820738247,0.03207232912338316,0.43816277361899053,0.166121670325534
1.532563728563421,0.110187622335174,0.028977647187620408,0.09223483571021691,0.5052166777157998,0.16265078084149936
2.459585922263156,0.09978051863597577,0.015789330575527578,0.062202772436856534,0.38038078902637906,0.10638404871403485
0.993876514748135,0.13041661691745113,0.028117363124044573,0.1082893534101843,0.3280721657981343,0.15579501778179822
0.7450747961909249,0.1031715126767263,0.11732894224284791,0.05510967764536378,0.5977816715018003,0.10738037993391177
0.577858919173753,0.15488782304716947,0.052155858464806096,0.12439033969386355,0.43437798649947934,0.124938116908924
0.9712850108308551,0.0973123139135254,0.040460634568299514,0.15006561422465603,0.40581791143179163,0.0971695152046211
0.9664801681833081,0.10239839924298616,0.081429824357029,0.09263137701522757,0.3158551155957377,0.13444293165197527
1.1040094313662494,0.13712515494375266,0.058577158190018255,0.09115713405207336,0.41459247539846455,0.10866988336614358
1.3008402475066807,0.13452012024657578,0.044042964640342304,0.12606293692397616,0.4385907657320658,0.09936894013661025
1.426317629669342,0.10526387259698838,0.021749068785710316,0.10077196661981622,0.3975326204417467,0.1593549654021801
0.9195944873039784,0.08258376839145876,0.0702818872850227,0.12545642234327495,0.2826357340668621,0.14053038384676939
1.4059845093567447,0.15071255178885268,0.06952363049614355,0.05144792564801904,0.25758555938892647,0.13298047253077028
0.6413479046644093,0.1192396682222124,0.06864851395868335,0.07097317756826978,0.5741903891855401,0.1438498950308933
1.6827591547432807,0.10899584290422891,0.03616695962008408,0.12419300003645062,0.330298322766588,0.12618779156163842
1.436383292419506,0.19378270165011874,0.04058934589137193,0.09563773729384549,0.259380822360352,0.09891806577328967
1.887957458637489,0.10515117266074248,0.062195407169037153,0.13879833708870348,0.472375635285883,0.10900846065649404
1.870345905981785,0.09346818914976199,0.050330450943167904,0.0818045003241818,0.4863915480105292,0.10573015289748289
1.1963845714461263,0.1641066008834341,0.0458722286632747,0.04480615534030922,0.36730309438481357,0.10815602628872736
0.33283030657105095,0.09564013025944704,0.05933672315927222,0.15642345931235876,0.5908909238156512,0.10995906032401322
1.1902930106453964,0.0932448779610094,0.04199855331724513,0.10993415387622847,0.4226158249443466,0.11751382239326484
1.1669067548593053,0.0962365992556449,0.03715223794598505,0.12560768286000595,0.24661022383296638,0.126399860951426
1.7730659977559942,0.154167518813475,0.0739023073272484,0.1361581817239491,0.5189826633978831,0.10409847063532307
0.15292081238958133,0.07875205148677854,0.05188989387323791,0.09288105237317441,0.4025102891472603,0.12946674066831917
0.7884170174806346,0.0988929099163815,0.0699294886902333,0.06557442975011274,0.4263326900146497,0.10872899452515725
1.5031615576130921,0.07250406385367156,0.05809544153540921,0.08402556970850387,0.34192420777204063,0.06550536710922777
1.0153409570945033,0.11586168622833536,0.02301998705100268,0.08747952634867717,0.38120561631492506,0.11571313074607294
0.8257649982230411,0.1074460504224418,0.01341566556466308,0.13121662417887747,0.5054913972569111,0.10709831640972091
1.0630206955215193,0.11124587090765387,0.033581891496078514,0.14205649937740028,0.26870071957228936,0.07759432411895506
1.3328049589099211,0.1311877521071795,0.04007778714013771,0.1515653940864424,0.40815078792639037,0.15364910221068592
0.6624589704812056,0.15174242102024854,0.0254521122991427,0.14854940193503197,0.3311009215318372,0.08412863705043783
1.3733286789709382,0.15949173353730095,0.0570540798521946,0.09947339521241104,0.404235654828631,0.17250081556115596
1.4357506879472792,0.1442860995566228,0.01870056168697169,0.1580729006669165,0.32257743851385917,0.10685545733645747
0.9951504455124747,0.08774716865238055,0.07576535456737699,0.07897586182254208,0.33462233669377867,0.19725030018738318
1.012638890619193,0.10730415577992296,0.0902810655893621,0.07132058082323166,0.4969086291946563,0.16678342248142408
0.8625234765212347,0.1069203090958537,0.03589388317348919,0.0789056163321155,0.43487972129960495,0.1003650476768165
0.6990917341061708,0.1572376308983125,0.014135723657552297,0.12274006303694375,0.34825093892853043,0.08184258553648385
1.3055364645428449,0.10085818581872483,0.032962493535835614,0.05082281729835194,0.3186753958538024,0.130024038513468
1.8614338534441708,0.1137819346999003,0.0802964008304013,0.04076837648149243,0.3333017336608768,0.13177996877731438
1.283842762718627,0.18376020974139712,0.029909736980620057,0.17016792846005863,0.6110034577142015,0.13146142028104077
1.9082883573895622,0.0907028777750103,0.02509934436383106,0.11538828610206574,0.30145866241418856,0.12242474757580639
2.218051730523336,0.10034736991842265,0.044975174454972434,0.10653103921593335,0.44535258659441856,0.12516307944887223
0.5666796715291866,0.08775865298433672,0.04623026136571133,0.15825203241403402,0.5227710273449372,0.11458142814544538
0.8071121197052835,0.14039725470166223,0.039974154731265046,0.16272023779689815,0.4012726402440011,0.0995257670751395
1.6430029052059938,0.15567469050152294,0.035962227047137876,0.036921075420820626,0.3543813615489003,0.07606847567160677
0.7057667521143214,0.10862305485425645,0.07030328404104991,0.06204006635891222,0.30903268709278764,0.11593141775680986
1.7205324680196723,0.11988432025773046,0.11566321222855293,0.05519302255644897,0.27075389003666084,0.12583170324507742
1.2350723119736815,0.16971991492418997,0.04186396635104388,0.1544651020364422,0.24375031920078327,0.11902548798454904
1.6597817724144157,0.12613023832370857,0.041866637696497816,0.1656021761221798,0.4549468718562982,0.1256028290894279
1.494237925620104,0.15588762880061197,0.04537798709914744,0.08119735634545103,0.5407838181470782,0.18734274687717364
1.789626082389026,0.09589966378855706,0.08299802487760562,0.11653532059184005,0.431428573239647,0.08225794993492463
1.9085101907473376,0.06890702631728737,0.07803842509777717,0.12968275781878846,0.4885828118744473,0.171677965511965
1.0318102075464783,0.08941137669565904,0.06821839937085356,0.17022062465980883,0.5142119778547807,0.11793451882417763
1.3769383070851282,0.11219821224528369,0.06597887197885814,0.15782985264575017,0.49523524643744343,0.13707376032979368
1.8580562377256682,0.12624681482403377,0.06458195303796568,0.06542624527137074,0.2648771098636683,0.13673325336285447
0.5292141812372573,0.12168126848148343,0.05548509324707371,0.058229911207803235,0.40199044131113504,0.09546489458771228
0.8862370359277868,0.10773847742912203,0.07128008066253717,0.0962482070020967,0.27250513050832836,0.16399521456701782
1.5949276833855812,0.19379958142636033,0.09571444018894075,0.05184991020245667,0.3411369661867661,0.06860158411515918
2.276021834184813,0.18396816726658316,0.13298572868899744,0.08038389010106348,0.39759950564609503,0.1362181946445573
2.2004540400505155,0.10145629366166084,0.02073472282282072,0.08232721253966174,0.6644072268783932,0.1213020664526245
0.40100747902488165,0.07001860182514527,0.03834726762857666,0.13343408390499556,0.48035450965392973,0.19610660842223754
0.7103671981667655,0.13606810852701598,0.01356055451305302,0.07227881029495678,0.4316017933147623,0.10425279561041868
0.8430764636492806,0.11857807387542481,0.03149182675611953,0.12922782851328743,0.44716838519865293,0.13373621328715518
1.3211817156884273,0.11061796617860127,0.05392683761889237,0.04122902622907662,0.3480394428244742,0.13078758088311576
1.3078870683780992,0.12637839594923161,0.03713815353796298,0.07263645922991202,0.361387827741781,0.1078964041844324
1.9344260177392902,0.09673650025133736,0.061948613727715,0.05525346860732004,0.23080294577201974,0.16919863587507614
0.8234028784721356,0.07907607407884013,0.0759148866859754,0.12857165630899997,0.5312285062733253,0.05766177708744814
1.421142082102272,0.11426340153674933,0.05551615038660479,0.04304241132958731,0.3763975939326751,0.07709418533190289
1.7725828041629776,0.16055466678837627,0.09312321925962985,0.08976395503572933,0.355327587091981,0.16430946395172402
1.5946709283164113,0.12180072274272616,0.07791633780974691,0.1515036090133759,0.49496367905166333,0.13719344351402615
0.6692783573527306,0.10609417098208046,0.014889917340056884,0.06429026015311409,0.40289034056195394,0.1059371758296551
0.7502051581112164,0.14846085864881958,0.06536864597730628,0.08969700352984511,0.2436977252663588,0.1463307626425155
0.9389586250477946,0.1111419240913045,0.0405840958864216,0.09610264837731593,0.33823794583864186,0.10164687236812267
1.1861819085581735,0.09209791249648341,0.05916147259794113,0.14480358598870635,0.332532545837608,0.12426685565160152
1.5115327722744598,0.15963033398619358,0.0783340803719614,0.12295295708862364,0.3889379210401507,0.0910458703269579
0.860039859063735,0.1355375031512747,0.018302474562485273,0.11895128956944823,0.5086452880079233,0.08794587813398866
0.7621367535539407,0.11292166524537105,0.039482379611285014,0.06342277974922997,0.21644906517973098,0.11192125185144311
1.1841803243044442,0.11543981088335538,0.018148635570120857,0.15221277085459015,0.3762031658392404,0.09982068531515594
0.8403817190599918,0.11736134320520047,0.016329335567186583,0.0890906627681475,0.384110713109763,0.15162442989364183
0.9401017266887414,0.12440337164928117,0.01354873515875691,0.05694899777123699,0.4863786001028804,0.14981388012677938
0.7836572210355087,0.10075930965768704,0.042872758764617366,0.11535801924539042,0.18491077857356225,0.12635927216893517
1.4639997413113328,0.09434127356600588,0.08509198242607295,0.09307980446406362,0.6262775704092042,0.1809352845120869
1.3457839697502196,0.11748248430069504,0.020671172895114602,0.14743598298796845,0.42642877383880956,0.12380784816036859
1.1731122986853535,0.09942406574782811,0.07616949975297369,0.08195049325550328,0.46788468820383583,0.13879557231844328
1.0055487313672888,0.1367939874037437,0.01493486809699723,0.09350637356388744,0.28528598342532674,0.09818077236568891
1.3590780010368813,0.06315188539996819,0.09924317735637929,0.09226942331026806,0.320955175294582,0.08476866508052452
1.9181680706842805,0.12713781729077717,0.09140917189413539,0.10347075242735783,0.4666273802177874,0.08467686738074186
1.232122914695957,0.08987882856685743,0.03233321978646475,0.0832712515921294,0.5639766709389715,0.1934118377392189
0.8239943209753638,0.10684653514851553,0.010778007227621844,0.15125209187924712,0.4557684812474613,0.135856576071584
0.6963901181659988,0.12888594741763273,0.01548186657909667,0.14287371003004914,0.5059140804651584,0.09938783083265663
0.7743026613964278,0.17622529082099792,0.041321729656368676,0.1054156370873894,0.29893254223551213,0.09123413278092957
0.5338323201176653,0.10838764856813049,0.011556847350931591,0.11639301329886843,0.43318430856303186,0.05752887144390838
2.204179948251748,0.15083103587847912,0.011715929405619926,0.07837704350208669,0.6890030892767027,0.0834191489401232
1.5828340057953667,0.06960258901201723,0.049972876151623456,0.10853373539415934,0.39085754134642064,0.09538648191014085
1.5368880409111145,0.14014024398852248,0.045669358196799084,0.14768359837253456,0.6073046531706102,0.11437564777137144
0.5830823682829427,0.11080891927171921,0.03662401140364654,0.08447811569917346,0.3365017964251529,0.10659694392904874
1.4934122782936352,0.09911685096536466,0.03682341743734071,0.16546317292950508,0.4663759098034462,0.1514081678925404
0.7718551156538848,0.13184454993735062,0.04271562908503949,0.03857960435427399,0.4449940672959599,0.09621590945530051
0.4582346185597015,0.09785214437704225,0.07527264725797732,0.10803141256246368,0.5167716008669597,0.13040645550418511
1.9407504116486716,0.06619147329245798,0.033000936231611266,0.10676683630876878,0.3145882298256133,0.17800615263773692
0.4280318562833534,0.12355344131498383,0.07790846105064142,0.03518082122095313,0.4008167781453169,0.11884557975651375
0.8018177468721345,0.15791422509475633,0.06127679116330065,0.03773675812913426,0.39796474023712414,0.0860486198887763
1.710828435016101,0.10318457252986353,0.04062202777009639,0.06406310704750517,0.40679563236940075,0.1722029714488663
0.9452964540797346,0.1798014353519911,0.06352309087460306,0.10035365549581013,0.29907591166410746,0.15595240714546263
1.9897663660661178,0.12421840141445455,0.025997331396874098,0.08439631882118655,0.32502634679805487,0.14851061082718559
0.8780053752701921,0.15368971281704533,0.036693531081890024,0.06674948445787979,0.4835875072540072,0.13128384025007364
0.9131232975071977,0.15720868035244137,0.055647285085916515,0.08936195585943954,0.36192380447362016,0.15426929768825307
1.758456323335511,0.13508602038495648,0.03159414135060421,0.05995792948306648,0.5442497696459997,0.14218192259729956
0.9579302213051395,0.0761551216311922,0.044852417306068225,0.15411148792238463,0.3901516143165715,0.134023924403685
1.7942239478260646,0.09447794094829819,0.03535563618601539,0.07140953143110207,0.3426140334899616,0.08247953040300963
0.4333437114825922,0.12279932636598961,0.07872807777950394,0.07777437021925152,0.4187874545379932,0.07277909697431179
1.6233925520340486,0.11987695768419368,0.021206846441697735,0.0844802874496027,0.2859786922637646,0.08749535783549589
1.6020330691654283,0.11214788053924137,0.06327912649794805,0.10059588247369344,0.37154842321110326,0.11416484987987224
1.0500052086204719,0.14341983722970775,0.062496478576724475,0.12655067988384994,0.40633737468754944,0.1283128807184177
1.2956936528412268,0.12400960612930187,0.03571641790657681,0.08736005462213103,0.4130818375064466,0.06921595566275981
0.5473186180071579,0.13201872360087136,0.03535168095525934,0.10451866304496525,0.6186960097169457,0.177160823891565
1.3239987659224286,0.10133754644769831,0.04156173487537142,0.09666520607944262,0.5267797048158418,0.13024791107478992
0.7339505530824576,0.17074252224992592,0.03234845699025767,0.11197936087080915,0.303019564678056,0.088002853191025
1.233523492447361,0.14570519451136918,0.08549387633676755,0.12556097544466815,0.3818188941263845,0.17343941226673365
1.4904742645472278,0.11286083270124682,0.042800675602464124,0.08586267680831144,0.3395307003277373,0.1254473610238432
0.5672891512960782,0.15286015784180843,0.05916530807830175,0.10667632750076934,0.4707522382931787,0.08717548463937574
1.359297338300807,0.10985255785897188,0.024091719306332374,0.09561960021406941,0.29747774146067374,0.09899253829593718
1.8575253062765797,0.1292037952569263,0.0378199701871583,0.14867886351689064,0.4834402695993036,0.13105837531796935
1.6837955145735894,0.14316939105443557,0.1090229190932526,0.10666557583929885,0.37194738812293054,0.08830083494241414
1.268589119963335,0.1296665292568537,0.03619467160302128,0.11189733412054031,0.41908798605421693,0.07964729107375236
1.661748547287196,0.09604968489812,0.10766445641502513,0.1057350646477081,0.4512310017745999,0.062036821827524194
2.314188223693053,0.11508280476635678,0.05581575134989599,0.059618134643206935,0.28375468758926514,0.11904353939623968
1.8220206528066691,0.10526972097151659,0.0464424344511408,0.07226020550335673,0.35052809169678967,0.18381449197402458
1.1796089951834996,0.15966778351355598,0.01827785944228406,0.11796072243523414,0.3772121804049888,0.06754186875210191
1.3097694507648698,0.1181686542702435,0.04324684742578954,0.09087435097579281,0.38743545190776063,0.07637636301010181
0.6656212953707918,0.11003010973087246,0.014612981473991978,0.0932961072782309,0.3517035299607419,0.10998369035990342
0.9776577466837233,0.11891663484785502,0.011439279536321852,0.13546706008606985,0.403985327322742,0.14333853334668825
1.2315302687203713,0.10767500231314787,0.03300512977039165,0.11778051005815797,0.4364399050633615,0.11567016832831006
1.4800818156101563,0.09920191084294361,0.04326313782234764,0.10110283061057557,0.15865683622661325,0.14147208736861422
1.299406099058106,0.07149545731215187,0.017816655794392885,0.08907150012069835,0.3210301869691929,0.13017135907442953
1.0546467400697668,0.09322523821265503,0.08648316692530597,0.14133658336303195,0.2679170666185631,0.13998773095737826
1.3929998081280117,0.10474238860812923,0.037203158061221195,0.049633574120493906,0.41266208388185344,0.12515005067735288
0.9985221910324336,0.11710080989843953,0.023811866378832227,0.05066283567907396,0.33951101191764677,0.15418316338667723
1.5677577810726055,0.11606551822098621,0.06777901890347998,0.1289224640291619,0.3094322152785267,0.14453133083547942
0.8231747875923446,0.1378033379513951,0.018364465965248565,0.07370176335750563,0.36673514713561906,0.16271611788352663
0.5602439280226252,0.09627008162402255,0.03173677760854772,0.06833655519380204,0.30368828762506345,0.09619782062928531
2.090187600277572,0.16872050047583748,0.05406878946265945,0.15078685414431814,0.4875964147285863,0.12912067552014656
0.967970331695794,0.10784381735355254,0.05594960671143588,0.055902023097395816,0.49710810874675276,0.1771675300691164
0.754831574738265,0.1315041666488987,0.06151576147098574,0.10959688185314395,0.5568752351329834,0.17746111476013862
1.098197671664701,0.12536933396192926,0.05831633926412827,0.09511621163016924,0.35566483963667317,0.0948945852123845
0.6786969208908311,0.12193130775939826,0.06885377837626722,0.0837932908989419,0.21976880550260064,0.12697197864850898
2.4397672707670575,0.1112814140720234,0.0864842156486405,0.09637382856630879,0.3618522092381682,0.08578981800935986
0.5924239810761187,0.10379669648440902,0.027063902749681283,0.10507204374396675,0.3086301543821393,0.1788371027043973
0.602786204555398,0.08941798491902676,0.028384846114708377,0.074894446771418,0.3631894910923077,0.14702035556980417
0.9083351393427677,0.1409760590163682,0.07163549936762909,0.08987813319133241,0.5234179174898798,0.1329290960026017
1.3225684262048456,0.1398538361687832,0.065200937095626,0.07558473430925788,0.38289356239729466,0.12107739715133717
0.9559698957414133,0.1261633871781954,0.011171231884453639,0.10493368708729127,0.5153651538483284,0.09995380675729759
0.8908831190812699,0.10129637148824489,0.020600147857007346,0.14577408830636623,0.3291328012255363,0.14192293356663258
1.7476878913127685,0.11411683457217363,0.07409268677092001,0.13414880622513428,0.591008757086149,0.15199201971681375
0.7227507339698631,0.060542492980065886,0.039991974012640395,0.09306777957311055,0.36340231228522113,0.1659222409305445
1.6007708188425145,0.1741589557383213,0.06241010744254949,0.10526733237798899,0.4666739522216572,0.13878740023901903
1.3954711926405745,0.07072053967605912,0.09436138735067892,0.11353832111329774,0.5477498765156841,0.12709985380256228
1.536750336555908,0.14011770443337698,0.01929091599054279,0.13986056749867615,0.3267946288569283,0.18709223812127063
1.2212052336330366,0.12067138595821236,0.03761216490225453,0.18807082960257937,0.3768477359294568,0.10898457918237237
1.9781101415002094,0.11323873762230016,0.05891064422413475,0.057472139052207896,0.4649452203589672,0.151817207475139
2.232124719871865,0.11499141679274764,0.06464123402408586,0.1132410563782428,0.37003737587560465,0.15989637663164497
1.3271344261707665,0.13274382985180355,0.05933258679024292,0.09846103612792927,0.37010798001197914,0.13850026495705137
1.921139993986025,0.14890773628337503,0.05418893075706303,0.08648830574567512,0.5160617290022241,0.12663630237822723
1.432725147703987,0.08972331665605776,0.016832476635729864,0.11100002935053604,0.6310006801949551,0.09055136103807687
0.7000890467404849,0.14136817637820995,0.10016993142252853,0.10855629042885546,0.4438521343876982,0.17581167438106315
0.8575487972013546,0.09145941424450933,0.04336617815397649,0.11719741767256876,0.38117535418355614,0.08664130457012598
0.4806338053606345,0.09431233802081601,0.05006231135843053,0.1112177486388797,0.17423649055477386,0.058526743456695965
0.5890397944387973,0.14722085616897992,0.08655422402831062,0.07306246515051885,0.38272043090986474,0.09615365443827516
0.8739285137127205,0.16525011133793038,0.12826751614941673,0.13598334746457205,0.2679052178372306,0.1115104749450945
1.0093952810025026,0.08789614962158662,0.0849071617330815,0.09973075015316678,0.3661105667405482,0.11179583439649146
1.5509809511428405,0.12317271783336987,0.05960420408594494,0.12085146119805709,0.35158708457567156,0.12428964184896067
1.8907317997252369,0.14123427616720538,0.06399904412994346,0.06581819307726539,0.2971999835955705,0.12636344326778504
1.1474001869429866,0.13997969925582568,0.04197263468772068,0.12997407584539117,0.337786344675311,0.10004974433161307
1.8202275312586669,0.10484085640917645,0.06989949043279015,0.12537210254139705,0.48984068855041024,0.11169207982368151
0.8392960601032958,0.11471521690367276,0.0793451471885383,0.06483919496993812,0.4586770306988754,0.10446548724101375
1.0016639248623922,0.13082212450621836,0.0179049039713237,0.08979397739059562,0.45017847605568406,0.12468665192637451
0.69164851699867,0.12047856495588231,0.05528868745944987,0.0902101073842902,0.17898581535682806,0.12483380384829762
1.1723380443678604,0.060537815293663234,0.04959169807709531,0.12685674116634468,0.4136249164141006,0.1375702613991433
1.3522217540299892,0.1268904201166305,0.03804382165289303,0.09170207506924258,0.4709941613905116,0.14200112636248535
0.7982898326609255,0.11829371162825127,0.012939599497203948,0.12080217395719607,0.4127499974609481,0.15631246702842347
1.6743986254613896,0.0802515473131902,0.025992835980359247,0.14063944214896817,0.3858545401087974,0.07822944010763022
1.882603316527294,0.09293476389646933,0.05441049238014253,0.08917556572418393,0.38261041637569804,0.09895836508015013
1.4574538943165267,0.1258992383998166,0.03964307393850548,0.12275120151715134,0.3309078946917339,0.17620482890095301
0.6040126253335781,0.0956863700103287,0.1390637699882889,0.1457696367718943,0.3754588064835236,0.14631481421444048
1.417125886189371,0.1447023653615838,0.09385352271112483,0.05460004503524409,0.25358153135633704,0.12519537663583344
1.2643609310207062,0.14240662525961648,0.06771332899103262,0.13213962696177173,0.2907323383642252,0.22026818210451815
1.8576660129910343,0.13292732857778217,0.021667257704677964,0.11246618517307884,0.21275381340770969,0.13681501915661115
1.273874921727299,0.16773777803750015,0.03064113094699401,0.14981015111451015,0.49414594245212146,0.13594609588277284
1.3871117948186673,0.11749175689669734,0.02021658231930335,0.19079013785508508,0.46246094089635753,0.14113836913469963
0.7162966397852302,0.12575710246255592,0.1091870778657035,0.11588791995974386,0.3710100175291043,0.0996231708637329
1.0484788872684379,0.11792869788035944,0.04131051290990749,0.19181452569847773,0.5693919896165949,0.16187341558485607
1.185532953128477,0.1457923596410782,0.125011298171699,0.10267930155529967,0.23946560012825815,0.07838715841764671
0.8850703668879644,0.09285083323236214,0.10665241777625362,0.128526196333577,0.40691776135266283,0.11125025472844445
1.2538425873441768,0.15277915213200108,0.036686552025106074,0.11380503917067447,0.44572265194162597,0.15798024956698759
1.4450255587044603,0.11067196617567193,0.03492687181898356,0.155930313894012,0.27443637654398667,0.09363531097320157
0.31339689494449496,0.11973456249515534,0.06991295501965229,0.11875628473116982,0.4962465019793468,0.15314497513673792
0.5162673289928126,0.15594937879465273,0.012454840751347451,0.14690138403398317,0.44501053746826114,0.14240397377614908
1.4582599616508733,0.10516413431655516,0.03585399275479887,0.04408940569438395,0.33880684218289153,0.08689334580339914
0.7286513141511444,0.11926121743530817,0.03581315520551365,0.10009360804491348,0.3210918307052635,0.09549295090880797
0.672472843980872,0.09382316221321041,0.0403909713003653,0.09648145714889798,0.32740843467659553,0.15950683590942474
0.9624966769795152,0.08824586088768452,0.10212443901954213,0.07503247502068658,0.2814053444635375,0.1461743506768961
1.2612819376553945,0.13957452286130123,0.029029464603075737,0.12393689307872349,0.3532198639971487,0.12359009433157393
1.1707701394914753,0.10628901323056739,0.08633953517228915,0.12680822566437008,0.5851032352666928,0.07817377751952123
1.2703680905642893,0.08028546779218416,0.033021895404706375,0.12677419458822245,0.4365870682436492,0.14034578702020634
0.6221491667640062,0.08908078572792451,0.028449146300671756,0.09989841576565842,0.3451396911976181,0.14300916751669754
1.5004535495441462,0.14717089021010743,0.03648827880799837,0.10117813416623568,0.294273929339605,0.09764594514659777
0.36324125333205015,0.12968320204704706,0.021007483331894946,0.10969409600209422,0.32903698855081026,0.1449675914203922
0.7716719409893956,0.19771843157197064,0.030906226835450436,0.06077561613246292,0.40198849999654673,0.12497012487620535
1.5222435515548278,0.14187637108645051,0.024059201663980973,0.08743348530625288,0.3192175486042762,0.1328369785954117
1.3698906036397442,0.10001930136346515,0.06614547255412198,0.11364179013658254,0.1820195993598005,0.11709790074639724
1.0448158946074355,0.15534710384528588,0.013773121775497648,0.13793145095340772,0.2397753265750366,0.10037703010667566
0.7809457073911019,0.1349760250405249,0.125273623526171,0.08219902523934577,0.17721921574330454,0.16249885774102912
0.8484780580475164,0.07471755042629696,0.053163039785521546,0.14408068764400667,0.3587297429679901,0.10701650076035928
1.5651391173283322,0.10144713379632588,0.07524748618965461,0.16639242657986852,0.4480538614075668,0.0913106902043364
1.0187751980974062,0.11343961999412695,0.038213366082316354,0.11698717070806218,0.44540476223747516,0.15295166152370018
0.24946918578950472,0.11354646737234411,0.08841933604004612,0.06528251808202654,0.4636568796105441,0.11031750838129926
1.634932080030662,0.10572728880634197,0.05458882749765574,0.12689699151730874,0.38859436417902143,0.1417730241171206
2.092055170795695,0.0863298009803287,0.056770105780350105,0.08669886690603178,0.36138027743699297,0.1443048624935179
1.147694329684778,0.1445350668325974,0.014852256263966995,0.14903494175482163,0.5135926676140656,0.1526477539727313
1.8488090088747764,0.17714294368862907,0.06007409415200721,0.09273208596369507,0.36266520525565427,0.1345247619265096
1.012278319796875,0.08549598328993085,0.03308693336273336,0.07477323500539773,0.44243182013661253,0.1485600447419438
1.344150632637979,0.12004692404087257,0.01841697625185964,0.03573241294232761,0.5878897965348929,0.11657856609902947
0.45438217061149055,0.11522179912071354,0.05819273186773087,0.11735787586701904,0.27101092514061764,0.10016777012705069
1.4074554382357147,0.06869371388448511,0.047131419126444626,0.1552613756936072,0.406065540547857,0.1895196928695223
1.168361680781531,0.0965726759618544,0.10631771440409973,0.09168601641974432,0.46361290747992423,0.12477986370903035
1.6089137732295304,0.15647498537806595,0.041231312584108434,0.14244605928776483,0.41676314824514515,0.13875344052706548
0.47225976752191257,0.10855527125076246,0.052303574229044615,0.10331740373469137,0.4798711323104001,0.06899182709834267
0.36779465758717644,0.1270716426694779,0.06953207841789784,0.11196284921141039,0.5348348985294239,0.10877217387872845
1.1073624815148093,0.12737312387427288,0.07012896411868988,0.07622097499647067,0.4723119702141523,0.075658120994265
1.3765925452039895,0.1818107599157751,0.034396746544810654,0.1275150646062263,0.3019789225846872,0.15793370065643048
1.4514265811846037,0.11266220216384694,0.022445122206842017,0.12965427098770724,0.34702061071447593,0.156298758964779
1.1712045926499617,0.08980146840693948,0.07721049383069613,0.09901169528953592,0.3002350858338218,0.160138860693064
0.833082300325733,0.11838983813148475,0.045078806215964974,0.15363403106870815,0.3229679860848646,0.19797149058758629
1.5723726670275793,0.11763539205509474,0.046361502024075046,0.07499366028195066,0.2607761484274902,0.11242908395234068
0.8263306205188503,0.12556175931871694,0.025471347484873175,0.06274160617159898,0.4637722333541938,0.11165933409480877
1.7299990208311746,0.07640994914130876,0.05033691319363368,0.16920284169010852,0.5420630106290174,0.11482423909105549
1.8238925783801547,0.13800267977200603,0.09797968003056881,0.053700736125634856,0.3269317750778919,0.11814622227855756
1.7970820890125005,0.09368681324975137,0.041599006776205594,0.1714167695839423,0.29834046563278444,0.1709893968383275
2.0568260221117427,0.1247030268103219,0.021096013624238796,0.06372667719832856,0.34413838296985594,0.17039137891759273
1.5218307808977911,0.10482355416896302,0.04165625397405606,0.0934973585673062,0.1761836323295387,0.15347679929834243
1.4656199899773736,0.13856345980266743,0.0806928758064224,0.09038429004475984,0.6125627130824,0.14715502682481899
1.1300455949828794,0.13926627330927588,0.06568262663555915,0.07336325679995258,0.33647621075394996,0.1609201151908272
1.2794932555426355,0.13960152647080665,0.10047498409413563,0.07976228572996982,0.276258565703351,0.13100386299285738
1.0677070534497015,0.1430324844245921,0.04917057813477298,0.10597115814149588,0.35826751496496567,0.07446731308773567
0.5280662858283869,0.15032307287129532,0.044713755783026374,0.11941919943836021,0.4067051197653936,0.10815451792650074
0.9771768161160538,0.11376116305000626,0.053087481581328075,0.05685530158155958,0.42835334229332217,0.11842074898265055
1.6259940884963606,0.15574180528800108,0.03893697944158172,0.06442284780053534,0.3145675177083424,0.13353280440142049
1.903197258620156,0.10013880908993958,0.04709499019912791,0.17874159113343344,0.36826750723961776,0.13789081127392577
1.751278004152951,0.07763794756295071,0.03996703666435917,0.0804517294609379,0.629072934792406,0.091947031684823
1.4373085008635171,0.12022432023398968,0.02715617441486692,0.10899903734053032,0.33452219826036045,0.08932523723491308
0.6516176512033326,0.07749461980114243,0.020653930397067363,0.08460526143166339,0.398487420287338,0.1636794284242099
1.4163221989954977,0.09384900970332005,0.038924727445066136,0.15469109889082128,0.4055358408903383,0.09501068035982285
1.6064390188426427,0.07194332601987108,0.056108313228521126,0.05102790071044865,0.46049758498665183,0.10937994260021294
1.7224149828468105,0.14009538338783384,0.010492143367783167,0.12332044782135648,0.4343687310668011,0.10693136517697256
1.4732138324386919,0.10087934066039825,0.049515530443753765,0.07000185117336447,0.33643204387098435,0.1462439316066315
1.3697507808768221,0.10288611065727238,0.07199384317962151,0.06953730116532779,0.36848507157649596,0.12962647684544715
1.2641159884106181,0.17115907526002055,0.014765902804109658,0.1015100335295054,0.33805092554572375,0.11079292347885562
0.9934176407530267,0.15484060191204183,0.061411778855094856,0.1491658209265151,0.37741965158215146,0.13621036156274813
1.1085094440904042,0.09627584206385979,0.06240856767296557,0.11877088130027122,0.4641528826979082,0.12616151959910407
1.2139629902233813,0.12714849011624277,0.013157051279404842,0.13386242683038507,0.49740492045185164,0.1733097897408078
1.8112976166389942,0.11859203068277069,0.056474366005682224,0.07411588356646803,0.30198032682592757,0.08974788816241273
1.2703220450381763,0.1392619533910414,0.053100465934081305,0.10142606473366722,0.36313442626852926,0.1903812086516189
1.4312670924028952,0.12564112143419406,0.07079110217677897,0.0958080846101515,0.5172199267647607,0.10595746918547075
0.8228763237094481,0.1359165163333851,0.04309757860246336,0.10951465045365236,0.4431983076398185,0.13258629041072006
1.016612550016055,0.0940863391495626,0.056664695021992964,0.05831508503116986,0.2945717448306649,0.16994262479699368
0.5735681017993713,0.10785363939881425,0.02006153096218065,0.11045642844320988,0.48099470341868455,0.14627598923041513
0.740740436684891,0.1462440083950259,0.099326541934701,0.14556894729109418,0.4258912882391506,0.14954019038759073
1.7271151307196297,0.16183100539990786,0.03393218023714333,0.15018519655260468,0.3699380238135313,0.07465821944015884
2.3736317749729032,0.09331779348318502,0.06688587147534399,0.07984108581158914,0.5079183738142581,0.0842024996839263
0.5400162753081503,0.06359468698136736,0.018972602185480105,0.03650594095461003,0.3352622540232886,0.15781425871866603
1.0238362418188696,0.08901467556784556,0.1251064886818826,0.13618104883141413,0.32697822257462233,0.10638112580041237
0.2365085227581315,0.16660144770958418,0.07476194860146723,0.10429875878363527,0.5026378467437129,0.11762665496548075
1.1243355793425414,0.1516981723363655,0.04828234748331697,0.1337780524544098,0.28070596771393636,0.12565703441436166
1.4754617180034664,0.08236322885894665,0.054357442647133235,0.11545215331478918,0.39623304447576174,0.09285712412774111
1.010988942827226,0.11637493294696168,0.09913078965208623,0.10836068006057076,0.46921683150849297,0.08246304246454436
1.0953431648723986,0.1143840688682584,0.05947110784815412,0.10001951805268645,0.2981628534097759,0.12524734604903628
1.718414283362397,0.13536316370002932,0.031235270668797974,0.07391387730774204,0.4352039212161694,0.11216655063005547
1.1896634992258663,0.10722533918580608,0.04357364443317421,0.08723157732836603,0.4068781155479805,0.17460102664861965
1.4763154612999143,0.11901757870307629,0.016112229746535263,0.11502655282601783,0.31894774658967995,0.08336502291399353
1.2259296011246288,0.1025126455230841,0.04284954190466189,0.0933713935802137,0.46437145697513105,0.10209080167455642
2.1739265801609156,0.1303089404537539,0.05655688099804993,0.18047738034208488,0.35704084267243363,0.10468802184542274
1.610632493540755,0.10357382151933572,0.039013545965561544,0.07413321417526544,0.25830026116994637,0.09760253809731173
1.824834877484556,0.12570758086027226,0.028063122024873086,0.07986826904076186,0.3041747955535157,0.1252460888459317
1.8386303692287063,0.1252797510567411,0.05669996036033152,0.07885273275082151,0.391779165508308,0.07681711278265958
1.1233206764226684,0.14945277171657628,0.09333480553960583,0.13730630136803812,0.3107321080030056,0.11030010052176675
1.5870264032641461,0.141693891077724,0.03553873472765812,0.11073594316293231,0.5768105427244432,0.15215006877418435
1.429286575680286,0.12208221141181014,0.01826642727922154,0.14516464942309004,0.6046525004672059,0.17996040859341716
0.7154949099614385,0.15215614914105619,0.05085463248218369,0.1886218844614808,0.26707831230945733,0.11851134367764643
1.7928560249390484,0.10299998592244752,0.03225468896528629,0.13263742742608736,0.35630264178591403,0.17974030045758985
1.0484484575950455,0.15793540351547558,0.013560348234374277,0.04939486428537314,0.18292360442166544,0.10807971079481081
0.7185611458707671,0.0881646805053769,0.0787080071130517,0.09837868380284115,0.43016738741957505,0.10395191899801424
0.5759333987116203,0.06895963749760747,0.04244435339158686,0.09015806440941035,0.5977971260127821,0.11640871611933729
0.8414887764991346,0.11261580470746674,0.049679058791087714,0.12476839939928133,0.5437222038913161,0.12586778540904273
0.8026503033097845,0.10275388645215174,0.03702708761353602,0.15588529440080756,0.4174494525426939,0.1415917931920795
0.647175320766271,0.13070327241959284,0.051667266794243494,0.06087509149402589,0.385076093111643,0.12877957997766873
0.33061150630418346,0.0948006699738751,0.060753287100268366,0.08103828446935149,0.27723193106517063,0.11912684598602764
0.4979938270440608,0.1128692716451708,0.02817983514772622,0.09252739104444695,0.46731481662233954,0.08021342751841337
0.5050542619679896,0.09933782137926343,0.0666356589745762,0.1219610761963905,0.4150547756799142,0.14639428493879514
1.913057538175853,0.10158083691297123,0.113320695383557,0.1192088943749692,0.38017065555341145,0.08583864113874722
0.3247232389401943,0.09019425818309981,0.01811549901133432,0.0531734946812677,0.5100274692525414,0.1279351533117704
0.6876295384449138,0.104323291442505,0.05382552203003909,0.058044315985530816,0.5458394381589703,0.08825005499719141
1.6098733155980798,0.11123717205277317,0.01426707914815429,0.14824690534317425,0.2548148924197609,0.12643112078589022
1.5844047975190494,0.1021319895255692,0.054413154897370135,0.1161335230564394,0.2226882323649961,0.11339987605876531
1.5696055627862726,0.10871614589735346,0.03590539474731499,0.07718936197863595,0.41106083627942513,0.09666183161934028
0.8428759618925001,0.12782764346360498,0.012245471439443704,0.07211881110554255,0.4676402020016028,0.12849822284923626
1.317365349232376,0.12071887879731132,0.07495721185017708,0.04774969318193549,0.4033729382607854,0.11593999573626468
1.3228749735824883,0.09934311897727502,0.017456468213948813,0.08289117776884569,0.372629248840024,0.11239238380995799
1.345419799873098,0.14865872033183403,0.0926544886751361,0.16725911877207447,0.1929429416474133,0.15430112101801643
0.9200992990322355,0.1107787877535468,0.03659437949076674,0.11247804957947895,0.3887932416042766,0.13969596130155856
2.0559571436679542,0.10302005389335223,0.07192062356831061,0.11028720182024519,0.35993594264685225,0.14743941918917974
0.9156817070026084,0.11639656881470072,0.12273062871670529,0.08165181065113278,0.36490119070053506,0.13914851408634465
1.128400507188265,0.1125441631174645,0.05618193030982801,0.08599174541252476,0.5431361136673825,0.09739022292070254
1.0880780459978139,0.07617929924729044,0.07439075277402757,0.07438466843421004,0.5960933958719575,0.1746013401193104
1.2129196737043106,0.0922265736411326,0.03640445141150244,0.11194145196699262,0.40982936447471463,0.07131543847929833
1.1486121549150559,0.14295551735690884,0.04872594487826201,0.04929010824682071,0.4202257392081767,0.14552526216706932
0.992659672197421,0.13749918223463167,0.06016375582513846,0.10513104601749299,0.3839325721217305,0.11659254691958999
1.4265191956803467,0.10257944419703935,0.04910249646913112,0.12220707077360285,0.3830136596746334,0.13155880901323747
0.9930276017416825,0.14439814653904626,0.05915327652855752,0.06944964134333068,0.5672293437578593,0.10859028900536158
1.0707076694381552,0.14818630203651095,0.033134649155859466,0.13851282823853814,0.2857237275240915,0.18906808887802523
0.7159875675199454,0.1142066688511778,0.027461364074461234,0.10371238753775865,0.47018155343982504,0.14272398366673647
1.5396125578106852,0.10058966566106597,0.042628447302253146,0.08393754806116133,0.2744090532843154,0.1765924095992132
2.428987149227755,0.12371712439725414,0.055417228427571914,0.13441863417806726,0.5586709490998785,0.13980669609111712
1.0395274885400807,0.08408342428590503,0.05757495542260901,0.09917021473237429,0.3702921385568623,0.09047929971580801
1.4309183354278563,0.080359381979172,0.06988039770950065,0.10377715180939509,0.17724810669034358,0.09105467812283088
1.8280047315888013,0.15029210276567567,0.06335813848288104,0.11608805027665056,0.4489478164425813,0.1402885286425781
1.8174653063043436,0.08348052679317898,0.0598008868039979,0.08115018214296658,0.33281309527737957,0.15015509361914567
1.40271773461905,0.1508473375731238,0.03792809788730992,0.12175947515942238,0.4434474422082417,0.08700678030908031
1.4925281634125498,0.16878290600127335,0.057291778251901786,0.12461302127278127,0.4284939305943876,0.1310925992010871
1.2295539270491131,0.13566732660135433,0.05925410247398022,0.1523962351163533,0.3242156272883635,0.1242381185986597
0.8517606321939416,0.12358103254572632,0.11424966702928292,0.08114878472423459,0.3129760992245265,0.12677906457462187
0.6374667790309976,0.1290987860887106,0.05701943905306564,0.16570372285825097,0.2491369721607893,0.1368025414148248
0.7985263457405735,0.14937603454405454,0.022731054590550595,0.05457282759814976,0.3289746353376221,0.10720198848111478
1.8884346161562768,0.10810293722174229,0.0292813758961144,0.07246410420765084,0.3725775993881354,0.121038451565346
0.43743031636345187,0.14412913528209942,0.037953532967778446,0.06639202393720503,0.4626222871501561,0.14134759772976135
2.0187105291152374,0.15886765217392085,0.09635236427760718,0.10487955798736562,0.44317628258425307,0.10431262821660198
1.3307007238783752,0.0694124099617352,0.01386208079406296,0.1173826603108188,0.3279912629424069,0.10165330417837531
0.5853072604419574,0.1340232544880975,0.07593952350928129,0.14193002781994635,0.45627254186544486,0.14108774042032896
1.2503520596180207,0.09628353635624028,0.05727936906269642,0.055076629087480976,0.29934859884932846,0.12662636455814139
1.4752288792828836,0.12824877668384116,0.03388557143192915,0.09078884224487639,0.40042922153864313,0.14611845793904762
1.9351115446866398,0.06859405485685222,0.07574972030190136,0.12367793101202733,0.2893684646366592,0.15289005937151545
0.17281661988966812,0.13388092148661,0.028013541545829253,0.1153359779205355,0.4231369903437343,0.06598843423961127
0.863848416109599,0.09038662976910208,0.06557534603635842,0.12705837950970414,0.5615997574199816,0.0793977737761033
0.7310791614328712,0.11070083387989717,0.013756292765022944,0.06199169195665508,0.4964831653209798,0.16220495865088025
0.4839928613777178,0.13847414270983957,0.09838084306083159,0.1092137892174426,0.26526145525085243,0.08006040533755628
0.9306847447765891,0.11053615830918406,0.06953448968030025,0.12986645268169258,0.49325687744310154,0.11717521807195305
0.7774157043052444,0.08438268586807046,0.02657835103020108,0.10165201393498671,0.4761766581007333,0.15909515439302088
1.2886977924849343,0.09964409479039782,0.09899132458205098,0.0904880411808497,0.2838285651645176,0.12208374825206006
0.6560893279814631,0.1633501225393215,0.08659987356812993,0.09114973740316322,0.5700949099721178,0.06486911268742471
1.0632403244926603,0.13703373831068663,0.04525812551538864,0.1334521036365811,0.47345934482835195,0.14779448854685173
1.5992059238886642,0.08633643327380301,0.026980815764720695,0.1169828438162181,0.31418099305819525,0.10988014242652909
1.4870137887994987,0.10236802169975422,0.0660717322809989,0.11614799572904054,0.4134102841550511,0.09619965194217883
1.3569158214270305,0.132100159000961,0.028902230396388444,0.061907603546840904,0.31937511133826096,0.10062739083142248
1.9957697435115709,0.09630324590820417,0.06686789341907726,0.08733044016663191,0.5055521875681607,0.10552623121828983
1.5844985757047922,0.10822597114830249,0.01946768154581686,0.07067438906607182,0.4183507904207027,0.07640627725032553
0.6239859694649761,0.11583990307991922,0.06469783943154717,0.07308933194729435,0.343996239115542,0.06443941729272445
1.7208357499477915,0.12274140327727787,0.0839343633885318,0.07325406448796307,0.3683685961105432,0.09634641306260452
0.9126640275938345,0.1705058922170498,0.05676995893482246,0.07946287866740813,0.5566469875539052,0.10605752394015729
0.3300526869931102,0.10252060833701176,0.031832139180842586,0.1331639827137067,0.2993277368063097,0.13352637593247624
1.0263974674433705,0.08461053644862943,0.04223290291606332,0.1451381130066245,0.43471203316380347,0.1558936284497975
1.0590646703735516,0.12302513342890252,0.03281919908162534,0.12339108320741457,0.5620319816012014,0.06101201361708236
0.8295463085534512,0.11210728370813525,0.025624897574622756,0.15293762065732205,0.5415388099973902,0.12567978547054662
1.1466164032594401,0.08855640039393989,0.03173505827467117,0.0787732421385904,0.20575757142049012,0.08116121224535056
1.114228508400366,0.07756511997667312,0.04036827464671461,0.1409537081762951,0.38249658726708224,0.11181005167515137
1.224180399188933,0.1389086870384455,0.03988137836194259,0.10439007331160349,0.4303214226816998,0.11102753951721445
1.7562555677339315,0.0947215365673955,0.07055509988626743,0.10814885334726593,0.3229150693704406,0.13456261983442377
0.7956177940826474,0.06624223542115598,0.08834043921221083,0.12805463239231868,0.3274672999739735,0.13139757068485672
1.6770436006975817,0.10484710020211256,0.04645241839699753,0.14646686433626255,0.4514335623773468,0.10654076105970395
1.0107375546149258,0.11946696756475747,0.07365420008559617,0.1008560209177324,0.4626576412421739,0.1332464488364302
1.407411984489069,0.10688409579541691,0.05484938704928767,0.07278977018578789,0.4324402164540509,0.133075083050811
0.9724857209143556,0.1017676837918833,0.05423216860126512,0.08571938634119776,0.3210750772629826,0.1124427775504414
1.5798701852766948,0.1664356772468042,0.1240599064028278,0.09647037949918989,0.47623398051345167,0.14362834367068442
0.43571697530763764,0.11502448486619547,0.05536304493396137,0.07439339104882461,0.2851306678838436,0.10718998366158337
1.0106796994566598,0.0896729655947392,0.05351131156772028,0.11856596502610656,0.41918365264711677,0.18050104991373683
1.7397199360329372,0.1213246337964548,0.06153312342890786,0.133606555421223,0.40205421115029694,0.17309454438958624
1.4176651750636753,0.09016378533555269,0.012211517412830615,0.08561430847556059,0.5002354772417592,0.10803306675282835
0.7271116263324742,0.12005607076545732,0.02588915357647532,0.18708344812642955,0.4182312637178258,0.13128877422370144
1.292483685902675,0.12775680386408864,0.0489413067224963,0.14709916165944506,0.3640360344202909,0.08823079687256147
0.6542518965481521,0.1013545110690423,0.026597896514123958,0.09523454901605699,0.3553096010957386,0.10953294281834958
1.5400742772921803,0.09209011547226781,0.04594936886768678,0.12265162678911605,0.1882236729047728,0.13723606372396846
0.8837959988958217,0.11642694454994747,0.07111560779130519,0.11078745572254592,0.532240556099179,0.06988743356201077
0.9407114997788051,0.10201896924555005,0.07355638285895374,0.07843193360885119,0.385701632553619,0.10325781581865401
0.9169322773342666,0.12152076887802411,0.024694113750832067,0.13559914075043825,0.4590591514049473,0.10486182430648228
1.5121396862020753,0.12792461118948903,0.04965965656100075,0.12137026885691644,0.36484470223095083,0.1040974605661032
1.627473656150861,0.15350090760859678,0.08816872734403135,0.14309726406857604,0.4771973047160363,0.18303977054713105
0.8603391232595262,0.12254240351436063,0.03029311941803184,0.09468440914866577,0.5139572143545773,0.13721767008052066
2.1698887861242016,0.14088607699202885,0.06915239322897467,0.034008989642785786,0.4062340035855622,0.056189521652596275
1.7140219124151395,0.0727659542688231,0.04002651471998827,0.13040412592066097,0.19150786322474642,0.0987379982868069
1.4062536867387754,0.13683613525460134,0.06912256195593108,0.03539999251090234,0.3401788245168788,0.1320469238756861
1.1057683714346849,0.06730456501778986,0.06894737290497303,0.08512815100958736,0.442032767547351,0.1181342945785252
1.7505870807837614,0.11295720414360667,0.0535633119720301,0.11004381357330122,0.28518610974850556,0.1686128737298913
1.8189855564991537,0.1315802229280742,0.04063719858783162,0.14641324374024273,0.46444249815747984,0.16356014699820942
1.701977030693602,0.14691376456022082,0.026414840253923738,0.08380028843790804,0.2212470096910356,0.11152371970421562
0.9514845339449928,0.14532816469533313,0.032215158870222825,0.1017913511500966,0.3465761718820448,0.11295024081181329
2.349746684847089,0.14576222348350293,0.0225523789985739,0.08904727397682607,0.5041460238121207,0.06223106169955554
1.5605416470763713,0.1519251742313019,0.04498732414363964,0.13075901967075637,0.46844446275778245,0.12690106445090532
1.4296354895525483,0.12022616006277041,0.0344936398720218,0.13073975540902744,0.36750051510558973,0.11590753729734711
1.0154741157609215,0.07758305462631102,0.03828880772881951,0.08644938949430041,0.28909148408582686,0.1507822861072234
0.9641838356270653,0.1852922200484483,0.05598573746537943,0.10804325795152439,0.313855338749488,0.1397522052191145
1.7211351511078528,0.1522051648048608,0.022515200554914364,0.0975602208782252,0.4984697086367043,0.12239368040918547
1.6107527188724329,0.15294100433325908,0.04892965594460205,0.09989793616454062,0.45357078041927534,0.17857512159081093
1.1674485325812098,0.12834080001163722,0.05343250048667575,0.11627216054141323,0.3368178505170142,0.13534928647962224
0.9817405964670891,0.14241041453275471,0.04363422683233624,0.13662864857355103,0.48512692001682955,0.08884790324496825
0.6654937809571887,0.13113474173739575,0.023726450162994663,0.105472591766037,0.4669613589721313,0.14932660543713835
1.1975743987068328,0.11948178587547126,0.023160845992513085,0.03895830231508881,0.5743120981187535,0.19508013683370484
1.285313585835355,0.11469853789107609,0.03674511023221304,0.12347692141015043,0.4519429024853169,0.12794224148307845
1.3696790621472283,0.1488573764173658,0.04469255496291579,0.09156121347978351,0.3862734639993004,0.07598640661428724
1.2874517874530815,0.1334636266089722,0.013834147002691342,0.04541861850452259,0.4982992630463139,0.13124160151012257
1.4324605283887597,0.1534185381185756,0.041357725027741425,0.048054652300902743,0.5325985794756177,0.18819238721992687
1.7410836551372728,0.08655255957103401,0.12216473950216383,0.06764789516093281,0.4434367462075328,0.1380639832728219
0.694622104309207,0.1508728792705527,0.021272050953703363,0.12011829527008999,0.16210850478006433,0.13406728818928454
1.7968913916462725,0.1042913092950708,0.05100080555062592,0.0912648027717873,0.3547841103599823,0.1258168021689195
1.391227989750469,0.1283168923343407,0.06062760838442447,0.10953221381778137,0.38220615407642405,0.12905080859354656
1.6990809485948108,0.08267195971693925,0.13029480010833291,0.0889858322393647,0.4318984181759953,0.0974470169753495
1.535963744769587,0.12596633988182587,0.04650339772310595,0.1335600773540973,0.47910943187426397,0.15628728805407555
1.3083906041525157,0.07480691355122623,0.05372704917527707,0.11629751216504665,0.47672874103158147,0.08972335941856927
1.4586826312765175,0.11867332299852167,0.026148910152439576,0.08836037936820161,0.3135086142337971,0.16434334493670527
1.0716797894853078,0.16203841799788155,0.06746558665523934,0.08206100400739047,0.636195705396634,0.1544547923875537
1.7037891707181876,0.12500200964466057,0.05669796954789694,0.11372818475240498,0.454086660890953,0.09526130816270602
1.3194791967663029,0.0976026814250863,0.09093266591860634,0.07946974721428207,0.36283634082136174,0.06851128905152462
1.7615164198468234,0.1278228733330495,0.059884823677017716,0.11537902658291811,0.33973337760850647,0.1104007290271354
0.5738336133650808,0.11796868487007392,0.1034725158145379,0.08433588065319911,0.43461683298903364,0.15381760758758634
1.3399013995663085,0.09483748562266428,0.0711793678522984,0.1166605656575559,0.47369511213966786,0.12864550484996495
1.375774182208032,0.16856853830553184,0.0537549727925352,0.09350060510094106,0.35273375432209625,0.15791110940770836
1.337542178249366,0.12159909088604454,0.04395607188385271,0.09166810082144257,0.4907785481073676,0.09683087978371843
1.6120709383919056,0.15436542288581698,0.0353592365744925,0.08151040707526758,0.38071097671051307,0.10746644088872112
0.7384020023560444,0.1326899967095447,0.11252032230582966,0.088948777288411,0.3962663210700904,0.09299727283100123
1.314312265846866,0.13332390440347,0.04622847025616385,0.12557041999547902,0.39724758042094965,0.1463019136010346
0.8909708929667328,0.10452957194886298,0.05112836647470861,0.10611928938772952,0.4436339490176666,0.11735748432060399
1.5153967835422268,0.10708191687671852,0.03876321339399552,0.041709540352235355,0.44067698044642817,0.05512707738059698
0.22775608166985373,0.16500882377956477,0.02747775408430115,0.1334828118183476,0.3896813387828549,0.08779672643164027
1.7671529417751635,0.1374161790755426,0.09014375268448702,0.10253866900865533,0.2881063660359484,0.126274024240759
0.9891786502148322,0.12483317673564315,0.07482803622705955,0.12223018196134346,0.3734178949899075,0.09804725651695721
1.586372367964061,0.15754814959207153,0.1055828073001828,0.11988003635491795,0.3641510658819376,0.1483615636528532
0.8386242000033709,0.15565365157217909,0.015967640365957075,0.1424540507516312,0.4723330638381782,0.11900178529197177
1.479989228732749,0.1076406008707994,0.10524898676582806,0.10203770784687881,0.40520209514887656,0.10194312406863099
0.47719306102457937,0.08120728055766667,0.058138710745324035,0.08625880540168157,0.4837088440694827,0.10943139257113482
1.2497564068961111,0.13922195529542658,0.10600828393275244,0.11215746312960233,0.3033047782328262,0.16855018452928455
1.1903821905490894,0.11440083358305068,0.03968950415875125,0.14154411053596577,0.4668370851178604,0.12277978429090494
1.6088057717590372,0.13701399507851808,0.019680391182898396,0.04839981898314501,0.2914525143117493,0.10627144778638467
1.5725081089728652,0.11626193061599163,0.04321932128246533,0.1610677057020281,0.3738618264730492,0.12726890723770734
1.56205863204183,0.08616536572282786,0.08632796376575616,0.15610871133153675,0.5281686937887802,0.10557679309693485
0.8552131467410993,0.12090667630175862,0.01746759139571258,0.11212000021775191,0.38493862473566565,0.19017176268368563
1.1416156629450946,0.14132056908439974,0.04843298292256492,0.13457531444455323,0.5495099712100296,0.09177072382174417
0.6012673613066288,0.15153381971573154,0.046281262688826444,0.12696254283496128,0.4619016113251038,0.18050041995649113
1.2078829214321964,0.11664656612649342,0.052594515849349134,0.10132636996434355,0.34342225725342745,0.10720162422119257
1.411288881528359,0.12179582417066084,0.022144004548104078,0.09831058414842794,0.3708768876196991,0.0674661792172832
1.0364770639375962,0.0889032879364156,0.08672257831646663,0.1512973967465842,0.37488078267194247,0.05450308112804024
0.7147520014260214,0.13156881170460075,0.03666428068543216,0.06821217335918375,0.35103660515511637,0.10710409593563072
0.5617407606475484,0.0973005609006987,0.08067956798366768,0.05648021193300124,0.3342323464434818,0.16625781558737265
1.8738646724937602,0.13929962446006225,0.037157497622739837,0.063816777038226,0.4764236959734543,0.11289198367293259
1.1184599424133244,0.15432044267379944,0.05353802306504988,0.08322475272696461,0.41135036139715275,0.11967500357737375
1.115305927436688,0.09211400042096976,0.05045789344177416,0.12836301625301696,0.2348519569033317,0.1334237938828357
1.3356961075567384,0.10249059949372308,0.08598518822385647,0.060564545496086836,0.2698521630830628,0.16760858551065974
1.7713444516954384,0.15617900143121136,0.028514122097701794,0.04609685858884949,0.4504168259381229,0.1431890916166535
1.5975028802570117,0.15402547017278684,0.014809801994162937,0.16154634021674283,0.37018388856554674,0.09599917593630697
0.7879486703954408,0.09097792639114378,0.022578867450533304,0.15299084534379426,0.3613330230000764,0.1871972803255752
0.8967684048164167,0.1149439184322595,0.02641594447111974,0.1199413073205364,0.3726271365688555,0.06899730578871682
1.0497548887156674,0.13147137658186914,0.04887135463504746,0.12892647753554398,0.447312247789007,0.13395579007275096
1.2811906952426622,0.08267863488831709,0.04156222848040055,0.03060667292881178,0.4573866093208543,0.06371380416717506
1.1759131848928868,0.13457553976567957,0.09294419863646372,0.11402649141261913,0.519868608372534,0.1023872116625279
0.6404778050622516,0.15371261563974115,0.1176597878119603,0.1441625511095013,0.37027573392067853,0.14116217075979823
1.5174478561696845,0.11630859471932486,0.04291692841537576,0.08395568985368948,0.36575445629215714,0.10075416389975089
0.7356932983114666,0.1365130879548763,0.038382206899617834,0.04363225405639528,0.30337611496198463,0.13644806419185124
2.248336632531207,0.10467269537669266,0.011996939573483224,0.14014782635901135,0.24605791170266814,0.179218688834419
1.6021597775591385,0.09240993492638068,0.039300491857283466,0.11300557913556544,0.19985334834464102,0.1718657857560213
1.8296982428100945,0.14160564692181415,0.044580581027869826,0.03631373415551302,0.38434899273072104,0.13470295385245284
0.9350813356234935,0.12689342805683523,0.03157078888479563,0.048174629667606245,0.35475531537090377,0.05786823766130664
1.6224997861777004,0.09699549501158339,0.012498408700962825,0.1044089161977333,0.31946742126556893,0.14763694887113893
1.054054501439681,0.07148206854038135,0.05316030573132831,0.09637623171397428,0.37574659222887147,0.1177138387015761
0.9770196224234449,0.095741128909188,0.07868559055219344,0.13470721009916684,0.40484821341618404,0.09160779560229865
2.128830344028436,0.10610103041562219,0.08739861033507232,0.14566998211037946,0.3670977530108691,0.1386501690561664
0.9839050126053857,0.1546333169996468,0.058777038086346586,0.12420849191771795,0.34639255969582183,0.08093367982393687
0.8901735393899066,0.14652065190729535,0.05020882468305288,0.0851169354479437,0.3837700626758145,0.07895061188069298
1.138144931838025,0.08515569381404464,0.05625239571279331,0.12800908181667311,0.37876334237801756,0.17400419678534138
1.1493230061952517,0.06530542851026769,0.04157403255422663,0.13841658044154087,0.33450461023499173,0.1082041330874439
1.0002351537093184,0.14853715872332932,0.0271927380588817,0.08991888691889492,0.37659499561708565,0.11846138449423013
0.5414032009124838,0.16754844632805133,0.05037150188581183,0.10502534766818677,0.54060636666391,0.10645700824380307
1.5657986551608813,0.11171965814831263,0.04644507374364823,0.12074445272834157,0.3639979631787171,0.16701203100009643
1.3254155104092398,0.12426831841569691,0.038991855972890024,0.0661264861569863,0.38231535894051116,0.10349609178619756
0.7149679386903666,0.1361703663116236,0.04534872604633518,0.1140462773220788,0.2354893723544141,0.13884343171810054
1.1886564087550058,0.06949396003184038,0.027352855304868518,0.059164268364618584,0.35424303818901826,0.14737314701280113
1.4386078664958961,0.0761575972533211,0.029432879190336676,0.07005749838503224,0.37774666385872424,0.10100828477029639
1.7863165384734445,0.16174071741257182,0.048686922022958254,0.14383512706230028,0.44000580436753456,0.1522167090140042
1.7589283229388544,0.11989304204901276,0.03222504609209379,0.07515876220445113,0.36408312000434817,0.08348335577544808
1.1879414895855056,0.13985138792261004,0.023949539611821474,0.09230973890939587,0.45137323846698674,0.11425257526314438
1.3569820186192794,0.11328370888198536,0.02227657889912979,0.03528888624426954,0.42882138932797265,0.10403343610622015
0.7515608362439868,0.09680235586490071,0.059224641260998745,0.15248467686429906,0.3806974453678671,0.11785729243224205
1.447212584451791,0.1521730984398354,0.0793657900270041,0.10304260407505515,0.39857137627269285,0.2335198754544598
0.8868651076568249,0.11282468712886008,0.05616331465988195,0.08840054369877547,0.5276224416985926,0.1599621219713077
1.435372767020052,0.09368538225251505,0.030724524676124722,0.11937491298492818,0.3124687114156407,0.1232107515654041
1.702899760552266,0.09673983320448805,0.09441842380170631,0.08528268327199731,0.2316122929035578,0.11775885175476852
1.3955911694387693,0.15847649995534005,0.05678597568801362,0.10495030417997399,0.3301381336011052,0.17680543431558518
1.5185860758518692,0.07430545707824722,0.029732633253820313,0.14878088175256754,0.3976427642026241,0.12177288170728687
1.0933469808839316,0.14499190622080815,0.01059782648632264,0.12967272856324027,0.41734526048835896,0.17239185441637933
1.1537197093193878,0.10416354080464073,0.05066748471539609,0.11786627921675415,0.31585446653128535,0.13238069052061543
1.0048528307533853,0.1515693112430809,0.085505409431349,0.09988874423709518,0.43157458767669266,0.12008275059494156
0.3354028197202368,0.07362311440799102,0.02399548351807408,0.09122457317675647,0.4016382381138056,0.12148380109190042
0.1517031223074332,0.09548447361686371,0.07225318845735465,0.10497542444365802,0.44205137204628425,0.1738801041653393
1.7332905710713538,0.09518145682772555,0.060947619896254364,0.08270479540726847,0.43180337609394454,0.1194507664211875
1.2030474168456882,0.10594640696361855,0.027586440624362392,0.10682849738371719,0.3443101956854191,0.15154323946779735
2.0652419425979476,0.13541864069459592,0.08203609281142873,0.15575763946236942,0.5449167089282881,0.06410388399925819
0.6954011426613351,0.09354433366159315,0.047777851240991535,0.12165858166626492,0.20727329506122175,0.06661798725910714
0.7971450355000608,0.09511655725287207,0.019021949411276683,0.13209040372211053,0.3119321912096719,0.14401806830241304
1.2663533796131408,0.13815511098993202,0.03952097331298594,0.12726712281385127,0.4239288930891356,0.19891421616095498
1.6912474001378377,0.09601650209904104,0.06071692214744104,0.09646825027542208,0.4004328429798403,0.10709941564948805
1.1442887374189872,0.10533684564975634,0.043731556193919045,0.09498758145084184,0.2557017134283268,0.1266658837217644
0.8353983469244184,0.13440418781387425,0.057633407074211454,0.12651475392916653,0.30930954815498424,0.12089437638957024
0.49377138368502527,0.1261154253376569,0.0800575305070727,0.1073773268108083,0.3677156592111686,0.1359012913282124
1.9190309912434718,0.1307824095891546,0.05279286674814909,0.12174028433862069,0.4310466770810395,0.15797384532843822
2.119993397817402,0.07291369007666967,0.013897453859955302,0.12166506536850903,0.3367811679884975,0.15077414398761907
1.3476999675750347,0.06444764025445379,0.0690449958959853,0.13538296514572126,0.2899880309481621,0.13269168452992405
1.2293026267221392,0.0962190824118059,0.08900198811669811,0.1005108599325682,0.5099261705553201,0.1712000061816446
1.6302790626359043,0.07005982136153525,0.05099547102407082,0.07638452245035691,0.25386367985169983,0.10796484486314414
0.9685328908724006,0.14885871931894223,0.03726689067240411,0.17794328356548042,0.3825785606670892,0.11897157695679636
0.7835456973588257,0.14113695027558937,0.027056975526416668,0.12323824518748139,0.3383327803956278,0.05449475317572956
0.9494367594967705,0.11844655642506331,0.03046068376236857,0.14436694509773457,0.28269062046799986,0.19017699547360695
0.6318799137081568,0.07772010118581577,0.03603561997853018,0.0900567426785988,0.3406380967499621,0.12557174638270754
1.8257042485316415,0.11518205350068353,0.08353588612133442,0.0807208744521443,0.3241086565058272,0.1144195479555042
0.6202466213774988,0.14148658043837145,0.02257045238852718,0.09480183228834412,0.43623704675318736,0.0700043737089418
1.6660120937662597,0.08229115658006164,0.05374749085073201,0.07564621505271056,0.3599795749887651,0.08982036856497343
1.3341352190692817,0.07627308664816033,0.10962110226135982,0.10893163990619997,0.3659296470691724,0.17910977907840764
1.2387234645136422,0.0935693072234346,0.05935884341629727,0.15805470771701274,0.17346061955987777,0.13823764903418417
0.2924859393460383,0.15063004926848608,0.03327694790228536,0.12260089225623277,0.46721848751932415,0.055274064070767376
1.2089996184462197,0.13875698286367114,0.04950049600100766,0.0723978714280719,0.2700734400479434,0.19990312610072924
0.6889181484539291,0.15911128024547438,0.0965088581320574,0.10088752461486736,0.41535564998623764,0.13614082602633926
1.298502632599985,0.12981564791168418,0.04788891986270489,0.07960774115394134,0.381563742393947,0.1382245759856285
0.7999138880288768,0.15991389961469438,0.05267740165436727,0.12565534475564677,0.44093743412497916,0.15298715269487467
1.674966139149582,0.10461832171704123,0.0984357818300397,0.1274594096219807,0.44083269926721563,0.14755227966125165
0.7396837913474602,0.12231597812096356,0.05631876044111441,0.07334625243815047,0.3196330413814188,0.11803173321056051
0.5524878294639795,0.1383684730863484,0.0349964148979023,0.06314419985969233,0.30590804908554503,0.11422877547472843
1.116570335784425,0.11992625585831398,0.019942420307723915,0.11768389827052331,0.4770793998620868,0.07010261487675798
1.405411668872599,0.07919020363864604,0.06496719385432578,0.10443623686144214,0.3772061232549922,0.10693368720209813
1.8515714715217895,0.16221484441768305,0.05096433371998165,0.12696348625898465,0.4941092896177794,0.14581805001742834
1.3903045092505713,0.12899428286788742,0.08569172366704801,0.14367470956466297,0.23221122465976163,0.18333468772056652
1.1214859079390591,0.13353654708905333,0.029144046436178118,0.09586113971075749,0.2674114947387134,0.1311171756164026
1.1928578685710463,0.15067395504378608,0.05854861714030245,0.14268735364588014,0.35710381662845503,0.12030966497281882
2.138105534185596,0.16109195409291757,0.04557435608614794,0.07177158113257863,0.46557534950682644,0.11245364831553394
1.3625217914327445,0.10033451706692925,0.08456811800798839,0.07794405935548594,0.25308203575547505,0.12192506911472899
1.5715127788949934,0.09647786024098273,0.11195482680236439,0.08830165634354055,0.3639047951547263,0.1336249529206356
0.5564825872449719,0.07839834081239266,0.10427846220692409,0.08851753347564872,0.4760978060738586,0.07747143807418475
0.7889230291454284,0.09370797509228872,0.01313094260697991,0.17007302199555088,0.42548146945072346,0.128430110241685
0.9379348700771396,0.06736759902987652,0.053934588913867584,0.09959481696295347,0.3734818013200758,0.09226119221795943
0.6427126750283956,0.16446434785955827,0.03713150782832331,0.12183894130489524,0.4153462595147951,0.12243454152974127
1.5789905736083192,0.08669935986339766,0.04347579775425408,0.08438753196411763,0.45885252613020766,0.12644371478623376
1.380210087866821,0.1313103315871258,0.08248141570058952,0.14765427000935727,0.33262624907717814,0.08992068301510234
0.657998643413203,0.11291122983267618,0.06451840276409467,0.1581369052677386,0.30854952575817335,0.1159838555312714
1.8959278706927498,0.0718119383124595,0.04422003606824831,0.10477621148469363,0.49265369487277866,0.10698381504741407
1.1956837360614156,0.06409594786030236,0.07561637680673355,0.13479359830756277,0.5542599872681397,0.08817773565481343
0.7191844227159789,0.15560940569438791,0.010800748565786236,0.09069885332808916,0.20931422457445345,0.23291024498829258
0.3878481982475811,0.07347571858508598,0.014988973892037068,0.11808678289224309,0.4660317998743937,0.13172465216692933
0.8781645202570451,0.12492218534568073,0.0859279067218731,0.09028235363387005,0.3497354129562508,0.14351428477584502
1.0342690184730885,0.06877258371944636,0.06782321654800447,0.1579733093717034,0.2840836625834834,0.1343709528066017
1.367713466894777,0.09203728955878333,0.06602637529570911,0.0951337575299656,0.4203088366840315,0.1386188394566411
1.5999119214763344,0.10898801330812612,0.011492390595904269,0.1025062699060988,0.4822183401882664,0.09868348685261374
1.5329636333897732,0.06593903395310302,0.03570845857459452,0.10692198713224513,0.6467647486604143,0.14014304139595846
1.2492603445900812,0.1359812093387278,0.04229481167774245,0.08288604557824324,0.44445619284535187,0.14938416056799134
1.4352167377865783,0.11506315326459883,0.05862056035450808,0.1335393558458693,0.40846955307070826,0.13127706434975178
1.2667743699761758,0.14775828933176033,0.02220756864312624,0.11206838032255853,0.36879506232941317,0.13896272759244493
0.9837552225637844,0.07471118971291685,0.047836605408087186,0.10862569424782464,0.43504183500040616,0.1482211416535403
0.80076604417234,0.07691611134791598,0.0930433695664025,0.09573535586598342,0.4916389616688266,0.12414876595740976
1.1421298370919766,0.13901066957274935,0.0630566303053394,0.07890438253655724,0.5296906198213894,0.16286375138143905
