object_friction,pre_approach_linear_velocity,grasp_linear_velocity,grasp_closing_velocity,grasp_stall_min_time,lift_linear_velocity
0.8365399438803937,0.08808335352957955,0.04818324311349113,0.0878060265249972,0.5782970263056657,0.14934735976138397
1.5385984078241417,0.11015636137397976,0.060307997040064204,0.07599050187573746,0.280562957279898,0.17322818355353942
1.239691255070948,0.111428173316856,0.025497278594433757,0.1163628028477321,0.3441668280867929,0.15480105878401085
1.400466687310911,0.10983797448421215,0.053963357900709163,0.12205936776389048,0.32670586104081456,0.13485014212390942
1.3211642660934386,0.2045136166843215,0.08003482605514028,0.09580573934240924,0.24859991426585992,0.10165911326688053
0.9858308974567528,0.15462422974237597,0.06718453856906748,0.13953813103496937,0.4225069298293836,0.13812186662199052
1.8401241580351093,0.09602704205617987,0.03195924647022405,0.16423038887469593,0.4987370015171973,0.12748603690120683
1.0810058351834937,0.09882152546818175,0.03238453636467805,0.09213630108686927,0.37721008093018926,0.1752324988096707
0.9667930964983201,0.1238993325880901,0.11900255609073679,0.09162341347855733,0.4652596553807296,0.17324037364553274
1.6461737400591006,0.08700875791620843,0.08893653988061155,0.11729488654484069,0.4730342252373139,0.1085742472763238
1.9962812752466839,0.07387048877650484,0.04096503060831963,0.1124636800904277,0.4448736373058504,0.10074075308570402
1.4654258508514528,0.0966779607221655,0.04317051279542308,0.05673519049700532,0.2635633840477356,0.15127439175834456
1.4606157361840606,0.08880448679898827,0.09095749999475368,0.13286744604144934,0.33153442812196615,0.15130151610632536
1.804064145899351,0.15200324204266824,0.06799560714238889,0.08137472473539377,0.42135416381895296,0.12207002567000767
1.7165111098712953,0.0679019883266496,0.1035637441357971,0.13821255879669403,0.3231382210733584,0.15050905921291674
1.2350329416118628,0.11452756073981903,0.04813893322888656,0.10470708866403043,0.5062233889137392,0.20203328558901185
1.208097483179917,0.1051607461350421,0.07571055278486613,0.06850020072727211,0.5580482397629842,0.14387489420285474
1.5782187949986868,0.16989841252719817,0.03468577303154619,0.06065893239288236,0.30565291332371924,0.1314824101780914
0.3080514390930065,0.12630249597357807,0.01654130948661212,0.07624537010167225,0.32430611527636294,0.124296294218099
1.2300225383063788,0.12167612395656645,0.042534315340122954,0.12206221964281637,0.4914840229808088,0.1662670208895349
1.1905756263329779,0.09122928725134084,0.02389468965523249,0.0955659120588863,0.3879803046552737,0.12303643571472357
0.5771803683087326,0.09982296337698739,0.03491519080573186,0.10747214043659276,0.39842837844058787,0.10872737017604
1.5464682851876024,0.1441826153826266,0.07935978017543772,0.17810817419982838,0.3770305641460626,0.11763552078817908
1.4222298851867077,0.1738313227100734,0.04919438735751334,0.08406286361781719,0.4849437490750324,0.09513651863026262
0.847039352465714,0.12890113551151178,0.04051860540830586,0.04178786929570445,0.6019005269991996,0.07254177058476183
0.356302396398253,0.14489690545626424,0.047964881618099704,0.06774246984730989,0.5807945458745848,0.12047555792657823
1.354123127538579,0.12210302876045263,0.05289084233737006,0.07173063669479335,0.4513750746391259,0.07768362577338997
1.8121054232106604,0.1253859608104506,0.02076532642695961,0.15060138756643962,0.4489735317522403,0.09693481320948617
1.4340566199727869,0.11679597019883692,0.08702764733571636,0.08418910284927049,0.37262772818616396,0.15479940201441716
1.5125994960990121,0.1473414791103519,0.020536823567194537,0.0650172656402232,0.46697736369902876,0.1395179874514137
1.4302825461262667,0.1693183916586976,0.05430367703018959,0.11746252017088037,0.3934756432031322,0.06671308804759662
1.2729882861566026,0.1102434825490273,0.023708119088957414,0.11343482607640615,0.5177227851155051,0.13332750767555787
1.622870356986337,0.10385066049346768,0.032476118184318,0.11317536096960101,0.3300066457763671,0.10815260635138634
1.8527110651077117,0.11455183473557778,0.023781478517341685,0.07857658273782263,0.3951305670323728,0.09772764780694583
1.2879008789725102,0.1437499527736112,0.06507760758114683,0.13680750389736993,0.5206735305157202,0.07639065362266836
1.0524448348784547,0.12956325900483762,0.12804328535087822,0.10039337348296792,0.46777118313350186,0.15826123563384586
0.9842858892470013,0.11477536424737393,0.010299952046627106,0.08328646263873901,0.4508818802591018,0.0877346288586871
1.9437430180838522,0.06872356048023352,0.018307076378148757,0.1512465822388132,0.36702381680871504,0.15928930496807717
0.8142683179981793,0.11577247871539785,0.05969295760870186,0.0797175599730628,0.43701665071922013,0.14384931147136643
1.6874540681624268,0.1145905824150698,0.018251308481645412,0.07673995095154562,0.39661621894642485,0.06564235621968958
1.7215701318634977,0.1262931816688076,0.03903156878315199,0.12430132713569483,0.20483675243340468,0.14137700260339287
1.2010914801976784,0.12162013242660336,0.11130895633489306,0.0892236314552136,0.40672645349815806,0.13171662286585867
1.1147285517590677,0.1289524839887155,0.024120533150927687,0.052507724109168916,0.496957744618273,0.11974050029825697
0.7919251295025553,0.09798120256064306,0.05614177752318335,0.11611973732024347,0.3703888087861148,0.10253795004895144
1.175103886315174,0.11467029101543462,0.07739644204708249,0.10643598931407319,0.41341827186849833,0.14674495987489616
1.3450663942052814,0.09408495577323514,0.0643973802617029,0.07082237547687628,0.38642359771439305,0.09626140861861322
1.1764263539392001,0.11555387443846186,0.05180728569387112,0.11551810156881866,0.33926826471745947,0.11211345151915228
0.7371885672106313,0.09987488535809035,0.012003180345364434,0.13313986177059153,0.43561406389955676,0.12998712732065204
0.501440932030401,0.13039660135593195,0.028863408040137643,0.1438790755447675,0.5115825572724836,0.14932405470473942
1.2848019276380205,0.07793950442530082,0.11370787309572788,0.056608514472449946,0.30094783390809443,0.18307463669892915
0.6672581272374408,0.12550189067566125,0.03256517545279617,0.05760434202489389,0.4280592706963628,0.15490926370438748
0.9189697969068886,0.12609128409242382,0.031111375325285538,0.11555038730111919,0.3629086781398256,0.12076067467666385
0.5427656716874173,0.1431852823437461,0.059435522256720594,0.10182590227495524,0.5419251710751647,0.16231703586802626
1.2088688628306965,0.09520271458676612,0.0635507670252259,0.171474699898279,0.3802438447475071,0.10043791892881893
0.8222411418022243,0.112927145563539,0.034233970238973926,0.09309403965238881,0.449476419646775,0.20938351990864978
1.0241876977120614,0.15481840023254326,0.06421321520828045,0.14080708145300155,0.30489361374632884,0.09661109589150019
1.2633363637884194,0.11671016707054516,0.029161416673893624,0.07947549847198146,0.38142056697900134,0.11020316413490365
0.5233038586026386,0.10575920713075718,0.03739568367579272,0.12601308693622,0.2702523766344368,0.16560716112371895
1.6207396532172602,0.15178018766140838,0.058517588968882484,0.11247350606248933,0.3752159209007945,0.13148112082344562
0.7960346145496795,0.13412076228269926,0.058300095035163965,0.1537507812494193,0.4966201145726664,0.06764729847647008
1.0154175687624352,0.06415538522466563,0.045078774081012046,0.17344596019834582,0.5065022934759483,0.05768269413591262
0.3209916249076785,0.10100413402154224,0.06928853365370792,0.09133475495045511,0.5041883304099445,0.0838729793921853
1.0564342858873006,0.1398562136099328,0.041833461499487086,0.08592113175479368,0.2669700614359437,0.08006899339457901
1.8378592673932208,0.11656347137400275,0.027068612016586422,0.09306219452618751,0.26880640782351106,0.16284023420499982
1.4281501825716774,0.11924460463091699,0.024871087291010542,0.13738291935628716,0.38707572311992167,0.12113184671845283
0.8913996528295466,0.14726004789048613,0.025263252726570297,0.12694990339020382,0.3549849357221823,0.1215742668115142
2.1260890627622837,0.09492969655812525,0.07871023722407172,0.11812764959808823,0.3988146245063349,0.12758579695074002
0.7497933831015989,0.11784341270540227,0.04311462113536093,0.11080854906422596,0.5812689935045483,0.05291130302607894
1.8458296234747957,0.10424888180273971,0.05418830158571883,0.11116857569281427,0.3312221193793532,0.1914668749877906
1.219275930211832,0.1275895009029161,0.08401984273509688,0.10092794856836283,0.284640209532515,0.11913596277379226
1.7370833567472288,0.1520676154362779,0.01128701593587296,0.12849743411755937,0.5280460006989203,0.1347958125064755
0.36905276464198455,0.15782809925179142,0.07694765596761576,0.10517728414997535,0.3581104194579476,0.13908669195164955
0.6143238055371292,0.11327867027526904,0.07536150304150535,0.0889031079757196,0.455402551505586,0.13200793638279656
1.1166636933262064,0.1267447530398805,0.05745722078891341,0.0612012222589576,0.3301393917326726,0.12651053997167797
1.3538691449964364,0.14094413840617268,0.06075095745424622,0.10488531660722268,0.3706670398807148,0.10742664896808868
0.8057916724433047,0.09159205962401855,0.11299650028307247,0.1057452651037372,0.4744865563118801,0.14099877408931624
0.5505180558479297,0.0853338037149772,0.09599421845256588,0.19353842730980453,0.497455060726415,0.07466423755818642
1.1022805989223086,0.12128112278820957,0.055122946508318255,0.07044164673612152,0.43832880832695564,0.1792135125147689
1.2772953838897758,0.10394462568004895,0.013651636014341113,0.06787153343822158,0.33560430155190746,0.15857790773715263
0.5678261263558795,0.14137683122136382,0.05378383974039472,0.13346869803205905,0.316228235055922,0.10959259147528616
1.3090094721505594,0.1352859968981973,0.0338667648754535,0.07008416529671788,0.5204330691225969,0.12669511949153514
1.6640771540798893,0.12273104153123963,0.057947236497357967,0.15422929484459508,0.3089222839975881,0.08732459313713414
0.2121681330398143,0.15863420027112862,0.024596637268190575,0.07020060582061892,0.4352049569363007,0.09385547150160847
1.9693476293798202,0.13710304836237425,0.09552174762503482,0.13742318109283885,0.2866356699931479,0.15591711245688508
0.9359485549525051,0.10509025435731334,0.030304840430926034,0.1521209618424788,0.45554114451539496,0.14015566115645403
1.0216700613160041,0.09679267753469875,0.06519283550460164,0.07524319385513605,0.43442923113270776,0.12575908879706468
0.9215338591982072,0.0916920646650207,0.026042596527014194,0.07709635903704136,0.42344845836303735,0.14037558535108793
0.23407056744989385,0.18429119010046743,0.08113634379117116,0.048409510736696394,0.2983713631805815,0.1377513748849561
1.9944947502906871,0.13070538645457422,0.0635117009653201,0.16158970291102864,0.26064291020415453,0.1439791485731015
0.915316837479237,0.10888780408106526,0.030154896306183718,0.08509208148837674,0.4009728783588908,0.16345752944191566
1.530283374843488,0.16528406676502777,0.07973580085808056,0.06922411175062197,0.5076977543540397,0.09692199024084569
1.20593974450496,0.12388520880426929,0.011583629470359715,0.0834489897247893,0.37195769217506547,0.15839781631781194
0.9783391239235979,0.1369384177985115,0.010881403774418687,0.11085151707430434,0.3056227464499584,0.15615166614951004
1.5853361762182425,0.11604773833729684,0.048872833389847506,0.17113517209519952,0.4769861648851976,0.1155021619065211
1.1064753706258494,0.1266413049323585,0.044978912517725275,0.1051482196619288,0.4259693914844415,0.18159168832446515
1.5797586062191922,0.17209701120197346,0.07579884475177627,0.06029741876957702,0.5138847570085944,0.06959924298109174
1.9497850439512427,0.11229058226473798,0.030688165428392103,0.0527783155994759,0.25131305333665055,0.08960336495359955
1.6023763265692175,0.17678865425763549,0.10612736715026186,0.14462364141478037,0.5626102544229744,0.1312299012185115
2.160348659522822,0.14202305714849228,0.04367541217681904,0.08565207869100909,0.4743684401064238,0.12702155227970047
0.9228225027682133,0.18635006472098267,0.09096820482316723,0.11756744312107596,0.42155455297520855,0.11620190271228514
1.2242333536192043,0.1241208372820281,0.012935966286297479,0.12754411458236306,0.39814268554777094,0.1569703981811045
0.5935386670755737,0.1334696370304764,0.07668720932013379,0.043082932227517474,0.28179624422812544,0.1530266681830655
0.8452502577174537,0.09189850166257771,0.01466633429918705,0.11149652172453761,0.5882311293260016,0.16668326116912974
1.515605018256376,0.12623728074067797,0.09873200452584513,0.11683480383619507,0.46084531617597635,0.1519491940672563
0.9017970597540825,0.08643428503794143,0.02737697581687299,0.13684390287479498,0.2649544812216995,0.13006048229179967
1.3242729168118892,0.09738143476984389,0.06837121299750684,0.11295995149039556,0.45591685326907105,0.15759165293876354
0.4565865845782118,0.14881950314448394,0.04256979688074899,0.1611443341715817,0.3020009104879432,0.11222301847001927
2.289033879191437,0.12941856158837903,0.05950991770135034,0.03859907968935689,0.2869993904497857,0.11653249400984812
0.6052626767702838,0.12602581455207637,0.01953613277757777,0.10303023884773015,0.49796877057415845,0.12263232940015048
0.8641358034341702,0.12441993305862206,0.01708332256612098,0.08353299022080596,0.3951505910920567,0.1719503871754365
2.0745286492143586,0.09710500334856835,0.047579592462407234,0.1452694944995661,0.3531403468545902,0.12189346415767899
0.28534083975347513,0.09352809095808465,0.044047708507785735,0.1414938955002449,0.46756889287696823,0.08146017246425596
0.7515897315075271,0.13277483581327917,0.05886241713263788,0.12520336153170503,0.3617187658817075,0.20779747907168256
0.8098222279684578,0.12700655301766187,0.03952943494527962,0.060303220618057554,0.330225732772348,0.13174856694323708
0.9848207371794512,0.10691277027650768,0.051099061010574265,0.17819307066680617,0.42441893925528396,0.1339195551376169
1.3926673349927414,0.12264700737909988,0.011368426295293804,0.12007199415448375,0.44332199195888927,0.11251256743165143
1.0358323029759862,0.11063306099700261,0.09009140924544883,0.18985832480525194,0.4392912241652083,0.14947118476341972
1.9375736248343618,0.11855900646198961,0.03300268704524797,0.08791449594010832,0.4315922368164953,0.07472484698129658
0.2786949196467249,0.14181064535934393,0.04357241759979474,0.10531716968042763,0.30540737399202467,0.09508429220633777
0.8621598773316042,0.1067056148028772,0.050906694563896376,0.14561862938538545,0.26826992877092304,0.10391233841721487
0.9031506646930436,0.12150569887413873,0.05627763501896321,0.037992511021028706,0.4090434440089829,0.09292294677937686
1.3044913583777882,0.10263492566009182,0.014380909253855888,0.14113500869499793,0.431133001855466,0.16214819479348103
1.0671553408369208,0.1381118829008766,0.07341584766032663,0.06131615796462599,0.4112284219045772,0.10316033198125835
1.3453853845840777,0.1188160191991005,0.09348886184572719,0.09894412811294137,0.43532574225252363,0.13722546264200527
1.1040094313662494,0.13712515494375266,0.058577158190018255,0.09115713405207336,0.41459247539846455,0.10866988336614358
1.6529985890195886,0.10371563503498336,0.07975253245505952,0.12860503324809872,0.5131828730937815,0.15779872119922084
1.7088157504459511,0.10261900501384613,0.04627351859902636,0.15164164959293175,0.4764548831828279,0.18304287241220119
0.7371826392452498,0.08261537423830731,0.060060995352228315,0.07106922750288759,0.6125723084218877,0.13159272018920587
0.6134028559522517,0.10387259710124265,0.0323219207049247,0.15053548006070655,0.3602941312014426,0.117465330239102
1.3882605105981853,0.07365367997971857,0.07104696086585331,0.11458793332213987,0.3002778841714553,0.07379540837631629
0.9397199743242831,0.09470960794669059,0.0970836160229232,0.09590375583647556,0.30357769739450324,0.1586929307884597
0.9203322927311369,0.14755267298587177,0.06448967208285342,0.15879521227139973,0.5304924127861289,0.10270546703907288
0.9517731434570862,0.13711116008246452,0.0678723174731293,0.08209594223721602,0.18345403870908503,0.12108269081342259
1.7628076277304552,0.07678719409798271,0.07795983093640509,0.06295177055530107,0.5249838194500549,0.15738337669926583
1.1279535798258926,0.15704838708612173,0.02145615412469667,0.06328157139746382,0.39019488745977626,0.12308811091322423
0.8770926041828107,0.1641473612810032,0.07222554907387924,0.1192572524293668,0.35428626642232575,0.10780243531224384
1.6943647724031548,0.18688556322123667,0.011999904678930778,0.12749688812869295,0.4814667754789731,0.11117549430710624
2.025071454990975,0.08833455435154204,0.029118330534044987,0.05797834794008249,0.5569843097995966,0.1556185997549499
1.1902930106453964,0.0932448779610094,0.04199855331724513,0.10993415387622847,0.4226158249443466,0.11751382239326484
1.1669067548593053,0.0962365992556449,0.03715223794598505,0.12560768286000595,0.24661022383296638,0.126399860951426
1.4805101668144771,0.1517152973792368,0.10261871967387065,0.11183222851403027,0.3805730642720882,0.12079244210950141
1.7730659977559942,0.154167518813475,0.0739023073272484,0.1361581817239491,0.5189826633978831,0.10409847063532307
0.6302283574368727,0.1101808920680658,0.07718128407794134,0.07464867418274071,0.43837371985906814,0.0931665496204071
1.3652256642601737,0.12891530084377278,0.05905395423341643,0.17896631580943506,0.4497253266800525,0.13710282410493607
1.1681529310348242,0.09143499383609292,0.039688761677001284,0.09555562878353518,0.44644132819866317,0.06758882343929676
0.6624589704812056,0.15174242102024854,0.0254521122991427,0.14854940193503197,0.3311009215318372,0.08412863705043783
1.6686252764430343,0.09986907143497108,0.060140947520028826,0.038327670686692995,0.33041640667051375,0.1638370483468439
1.421585117639826,0.15271744483430955,0.10510927309239085,0.09635413568905335,0.3835208254149345,0.2374261549709622
1.9330410690551327,0.1668986193826273,0.03964790473467905,0.08706547972584489,0.2405494563486487,0.12855831641437498
1.9110947510845515,0.11781893146049331,0.05499204827783541,0.1257600861896095,0.2777202406560437,0.1101290845439717
0.29527479286502745,0.10947603953481169,0.011853680176915592,0.06560368224164526,0.39598884879097684,0.08339948595715402
1.4883666318434392,0.1432653099406436,0.03405802911317011,0.10574242911038852,0.351564558742846,0.13178072656845224
1.2559032276036965,0.14262297720696435,0.08464294330700128,0.07265402598307859,0.4138920876030754,0.14310703187935486
2.427543031274598,0.09772600696310087,0.031230670792881887,0.13479972610563817,0.41322429671618105,0.1236655549554379
1.140516704557461,0.13220091439126638,0.04976471559306397,0.13930972842183625,0.40257300918033123,0.17592722529714494
0.8560427301150121,0.13376845734350637,0.0641687938914326,0.061041359245658434,0.39210850429903427,0.1313985284378763
1.3413737708816318,0.11401657738957886,0.05802807880152676,0.13160852840401785,0.22308242130975264,0.11053803975145947
2.258268219977551,0.1322330161259499,0.10939105483339613,0.11817708742259736,0.3918911270142114,0.12196590017944522
1.2735335279294802,0.10439650046609683,0.08924519775871195,0.10870530109097365,0.6007463434665561,0.1403965046004361
1.12295548814898,0.1541203074157784,0.04529536093391988,0.10509826208324505,0.3456186087240919,0.16837261997600173
1.5988746782099192,0.1260383188066097,0.08203247091958896,0.07665530779640792,0.3237160902464966,0.14010672934300908
1.357716353421413,0.09953635557685563,0.06453932682151607,0.13646596922358423,0.438135607677175,0.11419410735459654
0.5674995458739972,0.10545145118601013,0.10475865670763872,0.07244012008127519,0.4677903385231098,0.11858403686611903
0.8043495562417419,0.10070641898032742,0.03597125386552025,0.0913577950214033,0.5203830767370857,0.06673905848985924
1.4376465166916597,0.16772084253007824,0.09933143417774015,0.09022156721996662,0.5957223142379949,0.13738951413766803
0.3918097128086635,0.0846516623722973,0.018939865438680252,0.12230201294830041,0.39388886328045974,0.10889444256374205
1.235975368449549,0.1347161437964483,0.06445679772798416,0.11404058323613644,0.2993826861932291,0.13011657068730542
1.4034648141462152,0.09360131493554232,0.05382048341412807,0.09144751130504682,0.4144936298495834,0.13205083000522966
1.1456431451692863,0.12999191720966907,0.029843502349824025,0.13359938295707924,0.5550667287578959,0.12824810273337958
1.076443373035051,0.15833146770875767,0.06584862973853624,0.10788458101340839,0.28344987446234143,0.11532449632334624
0.9106864429556111,0.082796033951772,0.04757191137973289,0.10440797097888277,0.4023395757457876,0.1050635338933818
0.2370395979382658,0.1239462556582605,0.03294909792983587,0.06638936916821568,0.43584027045361096,0.16517205039743144
1.0876039603530399,0.12795858131326993,0.05916638459290166,0.06544144537123585,0.25755018355699516,0.09048580129949302
0.7938128819835234,0.07663977663560176,0.0377576374096704,0.11106071219118781,0.3575760910902115,0.11771361319247793
1.5949276833855812,0.19379958142636033,0.09571444018894075,0.05184991020245667,0.3411369661867661,0.06860158411515918
1.310196638188897,0.12998318348035817,0.03238458428588605,0.05592594174582111,0.3790934106882918,0.1577025707145364
1.844425377851676,0.1206714700846167,0.014206398159055791,0.090682672827604,0.4178560936058324,0.09984136424008075
1.8087988437702323,0.0702568402360034,0.06797009675197282,0.05937651654808179,0.49919398644383617,0.20559330831021091
1.0839919333281367,0.13202213605763988,0.02155508946997999,0.12294706316546555,0.19293701921547637,0.10987787854304448
1.3346935511205944,0.1507765839703094,0.05754198472654408,0.04333815484969671,0.28792384472098287,0.09612077166397713
0.8636146445930311,0.12882503557409866,0.023769838674334295,0.10721959998844323,0.3272304333327234,0.13747322379949053
1.1901716223336984,0.08751042325020121,0.04922986284691897,0.03839123389120362,0.390983078718622,0.15840258398495752
1.7610919507023686,0.10792959504239558,0.050696774931176324,0.12318028314184348,0.5111408653725847,0.1687889957414569
0.6036316332889049,0.12556834818678902,0.014839576817749299,0.05319349581645813,0.46800783770660487,0.09942803775702885
0.6867048622113472,0.11492319821988196,0.07733700699978661,0.117396920572161,0.4451260249003421,0.07421730264099244
0.8986617322413327,0.1520001413172243,0.05314112634595643,0.06608357851531585,0.30865274162956435,0.16537192544486864
0.8234028784721356,0.07907607407884013,0.0759148866859754,0.12857165630899997,0.5312285062733253,0.05766177708744814
1.0809467243095243,0.1714834011055628,0.028590091081614383,0.1535634851970848,0.5604176894999562,0.10827279791357036
1.421142082102272,0.11426340153674933,0.05551615038660479,0.04304241132958731,0.3763975939326751,0.07709418533190289
1.7725828041629776,0.16055466678837627,0.09312321925962985,0.08976395503572933,0.355327587091981,0.16430946395172402
1.5946709283164113,0.12180072274272616,0.07791633780974691,0.1515036090133759,0.49496367905166333,0.13719344351402615
0.6692783573527306,0.10609417098208046,0.014889917340056884,0.06429026015311409,0.40289034056195394,0.1059371758296551
0.7502051581112164,0.14846085864881958,0.06536864597730628,0.08969700352984511,0.2436977252663588,0.1463307626425155
0.6813847229772633,0.13357812221786278,0.015254436835261124,0.1088319639592781,0.40662221697878853,0.1265668798288088
0.9389586250477946,0.1111419240913045,0.0405840958864216,0.09610264837731593,0.33823794583864186,0.10164687236812267
1.542863187914605,0.11288748967999217,0.11272411938078367,0.07658810401865326,0.21898505066414037,0.14675712393761883
1.5114816692757438,0.09488653871730891,0.06713557276491734,0.10358874809261233,0.39230510355038534,0.20566649083092214
1.1679109556811447,0.08922730587214431,0.018441785484683518,0.13825568246034917,0.3555431440488673,0.15197697643426183
1.8283082805043285,0.11660127249481193,0.06277483202430172,0.09768908510280255,0.3432304436862637,0.10906817817827555
2.442480991062963,0.1501171842465684,0.040949420273882646,0.08984352890703691,0.3500773248284776,0.0899848855972681
0.9964043302977759,0.10141870986287618,0.02935221761217561,0.13410793872392046,0.4186952066386761,0.11140296443961094
0.23682005614680424,0.11749523495437489,0.04743097709897427,0.052990231313673135,0.4631951006210031,0.17275639165635673
1.7476926779902608,0.10298379032431951,0.022227014394964842,0.10319684318792437,0.3993270774178651,0.10569634404862138
1.6205072680018038,0.08568860554857943,0.12898479675002067,0.059128585705117996,0.48304336539612647,0.09307281404508319
1.4339890630071452,0.10475174584042936,0.08422036264087542,0.1227910002982977,0.38026798527750416,0.08476614357551224
1.4230325394877403,0.13466084035947143,0.04050612206469685,0.11582811482381819,0.5313850201055601,0.1702667953840499
0.7224606440450986,0.12360261220119528,0.05368149046555152,0.08421147033142479,0.3961205492678289,0.06990175842458136
1.5480260051646206,0.09010250139290861,0.0341351617241743,0.08585555239892018,0.4601394008579506,0.1549930953928207
1.1950753000769303,0.15429034020404608,0.044782619373580225,0.060989644185153895,0.38912964924936316,0.11653443521033646
1.9072916131256406,0.13581082320233087,0.1340166760861713,0.08554500462743253,0.505085611713085,0.07395648904564883
1.0005375710452271,0.12828839558363087,0.07194069946176307,0.1340362586805394,0.3649608517171838,0.09917961082356058
0.9867100775218376,0.10285418957980935,0.054364937363943294,0.10639753087519402,0.2469724036824387,0.08596003654510154
0.5709027620318957,0.11317210773839721,0.06166367875345058,0.10022521458320711,0.5381063035457306,0.11687833441167728
0.8054708211212573,0.15689245024072343,0.026507590497637488,0.12919927782233687,0.2727170103067701,0.11944260607669288
0.9243584329261896,0.10738268284501729,0.010647093636554743,0.04829140326933155,0.5025023344063329,0.07748173565209732
1.1006022192445468,0.08759024305661936,0.03329977504697376,0.08529820957050326,0.40660917483298825,0.09070912766996361
1.5795075009217883,0.09900261921548768,0.09099172415615393,0.11208105450508218,0.31702965069768424,0.06412318595432259
0.9406491999358813,0.13943547163759085,0.07911310025591364,0.13208475601961744,0.4389387553403945,0.10590331923835362
0.6350395570590736,0.12038015753372588,0.05179908872632465,0.08997056173998916,0.4860174246650003,0.14180340251739476
0.7718551156538848,0.13184454993735062,0.04271562908503949,0.03857960435427399,0.4449940672959599,0.09621590945530051
0.6928809681882391,0.1560674023161207,0.023879160308118926,0.12057981498919208,0.4697496423737664,0.15046728498116238
0.4280318562833534,0.12355344131498383,0.07790846105064142,0.03518082122095313,0.4008167781453169,0.11884557975651375
0.8018177468721345,0.15791422509475633,0.06127679116330065,0.03773675812913426,0.39796474023712414,0.0860486198887763
0.7636255469374126,0.1121882640605056,0.08651961309995673,0.08914345912571216,0.2552636699172661,0.13936772338979508
0.6151062614271641,0.08471810997383447,0.016424136847738434,0.06851685231921863,0.4259728397704366,0.12400394225402474
1.710828435016101,0.10318457252986353,0.04062202777009639,0.06406310704750517,0.40679563236940075,0.1722029714488663
0.9452964540797346,0.1798014353519911,0.06352309087460306,0.10035365549581013,0.29907591166410746,0.15595240714546263
0.8780053752701921,0.15368971281704533,0.036693531081890024,0.06674948445787979,0.4835875072540072,0.13128384025007364
0.366490063745747,0.10800121930062291,0.027057598305954462,0.09817854476925485,0.4701653661893362,0.1585778051224453
1.1321236685036697,0.1119078530927093,0.05721879468214444,0.1008600696094223,0.339920088896675,0.07227576939004676
1.5257619378140719,0.13090594096417352,0.04889434581820805,0.08213974688871935,0.3246467654577137,0.11071244573256558
1.2885128768333716,0.10004156839195485,0.04977392725730357,0.11000791449075323,0.39246529111032086,0.12689493492733572
0.7568043576260393,0.1732058098850164,0.10933599765321078,0.10774761207786437,0.31779438217242695,0.0754924822862091
1.3056975108834152,0.13002714790326222,0.04448785284189278,0.07867517220970205,0.41484058325770523,0.11622692425245341
1.6020330691654283,0.11214788053924137,0.06327912649794805,0.10059588247369344,0.37154842321110326,0.11416484987987224
1.0500052086204719,0.14341983722970775,0.062496478576724475,0.12655067988384994,0.40633737468754944,0.1283128807184177
1.2956936528412268,0.12400960612930187,0.03571641790657681,0.08736005462213103,0.4130818375064466,0.06921595566275981
0.5473186180071579,0.13201872360087136,0.03535168095525934,0.10451866304496525,0.6186960097169457,0.177160823891565
1.3239987659224286,0.10133754644769831,0.04156173487537142,0.09666520607944262,0.5267797048158418,0.13024791107478992
1.8872950595956386,0.12303114552061287,0.05108222622771247,0.09383428284200118,0.34851319175698575,0.16726368853089668
0.7339505530824576,0.17074252224992592,0.03234845699025767,0.11197936087080915,0.303019564678056,0.088002853191025
1.233523492447361,0.14570519451136918,0.08549387633676755,0.12556097544466815,0.3818188941263845,0.17343941226673365
1.4904742645472278,0.11286083270124682,0.042800675602464124,0.08586267680831144,0.3395307003277373,0.1254473610238432
0.5672891512960782,0.15286015784180843,0.05916530807830175,0.10667632750076934,0.4707522382931787,0.08717548463937574
1.359297338300807,0.10985255785897188,0.024091719306332374,0.09561960021406941,0.29747774146067374,0.09899253829593718
1.8575253062765797,0.1292037952569263,0.0378199701871583,0.14867886351689064,0.4834402695993036,0.13105837531796935
1.6837955145735894,0.14316939105443557,0.1090229190932526,0.10666557583929885,0.37194738812293054,0.08830083494241414
1.005147929222731,0.1046264408160444,0.04707020000890986,0.07843304374794131,0.2578853889488498,0.09522910215708033
1.268589119963335,0.1296665292568537,0.03619467160302128,0.11189733412054031,0.41908798605421693,0.07964729107375236
2.314188223693053,0.11508280476635678,0.05581575134989599,0.059618134643206935,0.28375468758926514,0.11904353939623968
1.8220206528066691,0.10526972097151659,0.0464424344511408,0.07226020550335673,0.35052809169678967,0.18381449197402458
1.1796089951834996,0.15966778351355598,0.01827785944228406,0.11796072243523414,0.3772121804049888,0.06754186875210191
1.3097694507648698,0.1181686542702435,0.04324684742578954,0.09087435097579281,0.38743545190776063,0.07637636301010181
0.6656212953707918,0.11003010973087246,0.014612981473991978,0.0932961072782309,0.3517035299607419,0.10998369035990342
1.583340011414356,0.06983092579939565,0.019333295722934105,0.05933842162162524,0.20578517614331193,0.1294293606939429
1.673953662467256,0.06970475964910629,0.04701190510155024,0.09211681677752062,0.41103398557608833,0.1801748808425643
1.3311750582897055,0.14358364315373717,0.024316251131476514,0.08341759629732906,0.4328524628156123,0.14920958497153605
1.0984474116097322,0.17498982685469905,0.04480569222198139,0.11555656013927436,0.414285650064971,0.07117875735065676
1.8669197973416378,0.11647846906604854,0.012771597300056732,0.08174787552915821,0.36730618108721425,0.0896192384838847
1.215559800986906,0.08746579379239283,0.033451062009926674,0.11229218835424296,0.35793722636883984,0.17544456137583947
2.3976706175714426,0.07905026502559309,0.03808335143216661,0.10601667363048348,0.3695633708702528,0.1119051700257797
1.1080176753488657,0.09754390643937882,0.07819238072635123,0.13268272542610474,0.3412138113866246,0.19382453257110285
0.8029671955444186,0.10781124500420546,0.048147950225954306,0.06381960242170144,0.4393799309555566,0.087900131686512
1.4098811199137242,0.14514282091767555,0.039122031012571404,0.13209682182074256,0.3838892060242321,0.1347833010890095
1.1748192548139897,0.07610496335683795,0.026246357435176858,0.11799454570336267,0.30786865668883845,0.13815192731556195
1.6198563957312233,0.09985689746918802,0.02459634976796377,0.09749130939712262,0.46415157131431606,0.16793418097054166
1.304134334768946,0.09739263722852154,0.012625348840824696,0.07827498851781181,0.22055200097300243,0.14539541447995175
0.9110529468677929,0.14606237412689627,0.075810446862174,0.09472223650433174,0.3058522451230706,0.10695530097590442
1.0587325210635519,0.14028064596026082,0.10608393544341119,0.09392478405788385,0.49715813583324087,0.10367046943270604
1.153889449252174,0.06951701867506004,0.022596013553115017,0.08993158660037666,0.38447551504433836,0.15676043173947357
2.4397672707670575,0.1112814140720234,0.0864842156486405,0.09637382856630879,0.3618522092381682,0.08578981800935986
1.3450492747229228,0.10980119548242825,0.08297144143145509,0.1106370944966489,0.48369798954656007,0.1336912087781121
0.7918238926660178,0.07025521544612318,0.011070323971053585,0.09503820042110012,0.37998644582024044,0.1222331380407311
0.8234746678177123,0.10451687723727014,0.08856375760267109,0.05220253673166616,0.4730388533134563,0.1979700805762157
0.602786204555398,0.08941798491902676,0.028384846114708377,0.074894446771418,0.3631894910923077,0.14702035556980417
0.9083351393427677,0.1409760590163682,0.07163549936762909,0.08987813319133241,0.5234179174898798,0.1329290960026017
0.556390436640299,0.11667929119702601,0.025301402312650444,0.1647475267444634,0.2780617823214959,0.12613454150891532
1.3304389699231314,0.09909829104635914,0.07954145464609617,0.04760851586664951,0.2969149345861331,0.13697320772809532
1.0995827371061493,0.13487383349577475,0.05076591461005445,0.10357042029005846,0.4247212187514994,0.14819528506612284
0.5221135779319512,0.13846589622722852,0.11840860374206746,0.08857872096059695,0.2165266701399733,0.12689266234926752
1.0242611437682472,0.0982011708620568,0.053479783748669664,0.08908966178012986,0.4489236537508004,0.07241887497776946
1.634805119388904,0.09556857775166024,0.06280998770456814,0.095031644270936,0.31198769779958757,0.08551956521320286
1.0086613457585,0.13803099772522343,0.032510089360465566,0.04414521919562538,0.29296205386416097,0.16809671944726143
0.8555436071662607,0.06835207466370369,0.049940348640776296,0.07721253586520839,0.3525488201843586,0.13165123438660026
1.1144368440568047,0.10360699326894185,0.056609648883985286,0.05902307023361465,0.38100472622804277,0.15527929207473273
1.530876918072205,0.15488488824626723,0.09086647515339841,0.0995575532742855,0.41595017538279533,0.1655660533861643
1.6905703104318643,0.09165927902738139,0.03054420802309652,0.13475692067104636,0.31800106628588815,0.1440554236688253
1.2212052336330366,0.12067138595821236,0.03761216490225453,0.18807082960257937,0.3768477359294568,0.10898457918237237
1.9781101415002094,0.11323873762230016,0.05891064422413475,0.057472139052207896,0.4649452203589672,0.151817207475139
1.6539287834931062,0.15301837214939643,0.07658579010915048,0.09021729180368321,0.2466429937783522,0.12390416685194228
1.4829672098417748,0.13639895393644552,0.03297389252616398,0.11019682788661735,0.315708510029166,0.08328610828859251
1.332446758293343,0.08383201409810766,0.1416262116888821,0.08382716703298056,0.41546558865650446,0.12294222068759715
1.9069505853171478,0.11408273174936809,0.049454639197316436,0.11965943261594103,0.3842947265564427,0.09950141479044171
1.0106166301904869,0.07560019120039133,0.01743066711298911,0.04995233153192547,0.5491917239527732,0.14313507694884164
1.7131781912233741,0.11798838063539768,0.03834840810727846,0.03894966797057158,0.38929684716620544,0.06113137624546823
1.2390850389125154,0.1270649654320519,0.053817992632093414,0.11698891280874812,0.3775642090173825,0.11803921079598388
0.3856408676474673,0.12103285496831179,0.040565416088093914,0.16388417640969005,0.5608409595870225,0.08286501464231542
1.034041328469811,0.1537004650701037,0.04153447187116523,0.10278094302919422,0.319437557761042,0.12113715927007687
0.27668351152643744,0.12737531130606622,0.09095658378476362,0.10773422677490621,0.23563134732281657,0.1421882255519308
1.5507228728462652,0.13180266137022534,0.06070660936376124,0.10950388762241858,0.403701244268563,0.1803159550430791
0.8672123349333137,0.09931987687740682,0.050462330541399314,0.09915314283676853,0.4011914384423188,0.16553562573026714
2.3150367061638466,0.0970541461697369,0.07091530553250891,0.11575441326578773,0.4421165809976322,0.09105875182628767
1.893833744793992,0.16177025354260313,0.07644591295934655,0.0656900898962654,0.540445912381445,0.1671336177185076
0.6186233345646818,0.11841615720952516,0.0504244962772641,0.11509684264443887,0.272019313763187,0.16761221049283845
1.145772519128299,0.07084399112205894,0.04529893769852083,0.12206761797225613,0.5183530833064202,0.16766134760308363
0.6553638830044798,0.09550661991757942,0.02302202006696655,0.10630432003946283,0.39041473693221324,0.14231325574506104
1.4386514917459174,0.10311123237389697,0.014646803581566802,0.12647682291297863,0.5218870088385863,0.15848323820991767
2.2555308021933254,0.11323117065247489,0.03875990293049613,0.08303743822563348,0.33452023538440073,0.07855799506746974
0.6612862201116664,0.14363346227244483,0.0923826350745893,0.06363362634169023,0.39837622108119286,0.15754042722318545
0.5209867014337259,0.1384689232572966,0.0681302160140388,0.08948408008003578,0.5298726264043747,0.08870270080214926
1.577030007881242,0.13778398597872082,0.035955544383353515,0.11130814172934225,0.44485231870032943,0.08420830865353826
1.5480652886077482,0.09061349233897315,0.031203440390081206,0.09422319757979233,0.2710980184170594,0.20525477258237607
1.417125886189371,0.1447023653615838,0.09385352271112483,0.05460004503524409,0.25358153135633704,0.12519537663583344
0.9303155567937766,0.11293967500374825,0.05359918263119717,0.12430927063402156,0.3321589252476401,0.11811460163355245
1.4946152263971937,0.12495611334674987,0.05602227536208361,0.08329878807460922,0.38658330724875994,0.17016787775839365
0.738766925497343,0.12640999115809012,0.059358039841088964,0.082087942959883,0.41401149426888106,0.12910372084505467
1.5674316097711944,0.08776229984865172,0.09268299972524967,0.11111495326619401,0.38355406673961706,0.06579588251308305
0.8202544328425163,0.10826923695870475,0.025741968741896375,0.09610655464235529,0.30402501973441276,0.15410804246928975
1.4393410399038757,0.1543455449334289,0.0640432344092978,0.12156264922676693,0.4499009221031875,0.158437856623383
0.9968516279679406,0.12209373621057719,0.05038143600439091,0.12107070157363634,0.393543619415776,0.0918493480174854
1.259986944683225,0.15454574177616795,0.015936173991283987,0.15871830826098365,0.3630555566144144,0.1150510412119751
2.104052989830315,0.10304387408675984,0.08637062826154943,0.10223287946965254,0.4540266638215025,0.09612020432847844
1.1707131418264567,0.0776110700189043,0.039868717286121694,0.09496982150516163,0.4124969283732822,0.05657639010149429
0.34571180655581,0.0983464121642495,0.030015186922107834,0.14558458039502667,0.44052523286821127,0.09637171932908645
0.8064724799072868,0.15574963076394766,0.10621896102838216,0.10888824369023684,0.2606255517673711,0.15751205459794396
1.0509789703602204,0.16744462270436677,0.01883826824636299,0.15412452699308324,0.3171799184365167,0.14268382520874673
1.654854354871926,0.10733986751655261,0.0716595539181426,0.10758756626151077,0.3777544710860338,0.1273543731264897
0.9106629688042163,0.12002411565463118,0.04216336566925377,0.10562580912252846,0.48200588103065495,0.1687409997244464
1.6226749222683934,0.0719652041015968,0.10734003128188793,0.038898756343948244,0.6446395387304479,0.1535979865804596
0.6714616595899373,0.12119440275765453,0.06008475827313816,0.17745960973573405,0.5296769569151603,0.1643625971382803
1.7931453460640672,0.1353973830568843,0.0445567471459372,0.07337084871008595,0.5675853691086026,0.13239346511994632
1.775385568585784,0.11155904143479514,0.020368249544986033,0.06582637479912201,0.34205321553069934,0.14533335254654509
1.1134764879511272,0.14231725366897754,0.011743667596594433,0.129564815988414,0.4546837768104028,0.15858583676189328
0.6221491667640062,0.08908078572792451,0.028449146300671756,0.09989841576565842,0.3451396911976181,0.14300916751669754
1.5004535495441462,0.14717089021010743,0.03648827880799837,0.10117813416623568,0.294273929339605,0.09764594514659777
1.8004329309602232,0.06377451768887091,0.043408704793094235,0.09497571842309022,0.3758660421262313,0.17255979670124288
0.9649446099405632,0.12391913636029225,0.08366037095624337,0.08360290971844253,0.37755772595294657,0.14496714546683634
2.3813389775312865,0.12486546980695529,0.018393200033926797,0.10566375826261593,0.35431881366471063,0.12914859038186496
1.5922291790392846,0.1373231754869747,0.07549642663380446,0.12930266859499787,0.23207384872045905,0.15091615801541425
1.072099848974399,0.10183243456556468,0.0395499856839385,0.11822512742775966,0.4155418365579333,0.13617268723770404
1.063239770199346,0.11251997102412972,0.060997951593365726,0.09375111937552182,0.36168203757071515,0.14894817297784796
2.314521105654003,0.07888885060830643,0.05039912915182811,0.1561652633925544,0.6112672411428848,0.14695710340604826
1.1551373653126626,0.14229444355735965,0.07095461457321026,0.12499863034533776,0.2705777960521793,0.09186419167628529
2.074762720458203,0.12402641514161003,0.08388555954587207,0.05543013110829147,0.3808488995015879,0.13134530990979504
0.6660840343447024,0.07052178072229684,0.06899873155304219,0.05646455508179072,0.4286507886544551,0.16038456524157668
1.0893442079491122,0.13642739952279534,0.09161489512502985,0.06568343763876869,0.16464038316969742,0.15766412999544527
0.6925485856703588,0.10008168899931844,0.047915097579149586,0.07666159683851043,0.41872497654534613,0.11725019610683843
2.092055170795695,0.0863298009803287,0.056770105780350105,0.08669886690603178,0.36138027743699297,0.1443048624935179
1.2724235590789381,0.15306362355563777,0.08406858499895956,0.18871801694829637,0.613776913192777,0.07770089641082209
1.5446495791760866,0.16683243978308387,0.061371489566598714,0.1122070278117247,0.5089380482156791,0.21057008347057182
0.8739006536584065,0.1491471093335286,0.04094232187413023,0.05560917715435691,0.2874441894988934,0.08917948778433127
2.0418735279904157,0.10216101007589355,0.04457068354616488,0.1307310226738351,0.3084751735190427,0.1242404827346396
1.1184779229765995,0.10910302704411637,0.0672585607887455,0.0869873374458546,0.3513492260043433,0.07791171330951455
1.3454653139103514,0.07779613946845762,0.060879125178716936,0.12084185101351258,0.2783886296342219,0.161904234156466
0.46080937583821413,0.11988709708618742,0.08049155454148901,0.09438866322068991,0.4331571763339238,0.12406871273369383
1.4612086513690117,0.10759505378353959,0.04540688943858341,0.11717536747195158,0.5764953022631696,0.1321535494175178
0.47225976752191257,0.10855527125076246,0.052303574229044615,0.10331740373469137,0.4798711323104001,0.06899182709834267
0.36779465758717644,0.1270716426694779,0.06953207841789784,0.11196284921141039,0.5348348985294239,0.10877217387872845
0.20726588143768543,0.08542395505922311,0.05866743444520975,0.05700001482684573,0.3460422932708187,0.12987288792432988
1.1073624815148093,0.12737312387427288,0.07012896411868988,0.07622097499647067,0.4723119702141523,0.075658120994265
1.0886885992598914,0.14343618521952525,0.08763600790483214,0.1217752350632318,0.5705666907966305,0.14630635791029986
1.505183852315109,0.11309525462538456,0.08077524684188293,0.08525973056897501,0.3582650553192762,0.107965222686017
0.4431442240100987,0.0763222631788289,0.11627033439213696,0.11730726491048085,0.4106861276244269,0.11619738338291967
1.921696149143556,0.11032704391782366,0.10186241991977524,0.05994008674875412,0.22859484370954417,0.13834141118255214
0.9238145987937869,0.1499063972038695,0.12081579242761183,0.08702261238230459,0.49301377965521304,0.09380944582055514
1.2842155437827354,0.18110889726013155,0.024444203293824542,0.06053574448907206,0.38630115125937786,0.1519388733443405
1.2151397514227544,0.08664520492555855,0.073893218918646,0.08740707268682077,0.43755574515327134,0.10809854265628696
0.7584559869240234,0.11840991185971662,0.032242514288211885,0.08305021592729758,0.32924311030455466,0.1882362562778584
0.8263306205188503,0.12556175931871694,0.025471347484873175,0.06274160617159898,0.4637722333541938,0.11165933409480877
1.7299990208311746,0.07640994914130876,0.05033691319363368,0.16920284169010852,0.5420630106290174,0.11482423909105549
1.8238925783801547,0.13800267977200603,0.09797968003056881,0.053700736125634856,0.3269317750778919,0.11814622227855756
1.2052899832386879,0.10841364972930875,0.06920119977203693,0.03910752584580633,0.4104722717390242,0.14160081010511108
1.7970820890125005,0.09368681324975137,0.041599006776205594,0.1714167695839423,0.29834046563278444,0.1709893968383275
2.0568260221117427,0.1247030268103219,0.021096013624238796,0.06372667719832856,0.34413838296985594,0.17039137891759273
1.5218307808977911,0.10482355416896302,0.04165625397405606,0.0934973585673062,0.1761836323295387,0.15347679929834243
1.1861934005776038,0.1081200123261055,0.043262677626737876,0.06350797121132605,0.44488079536308595,0.11359930131366065
1.1300455949828794,0.13926627330927588,0.06568262663555915,0.07336325679995258,0.33647621075394996,0.1609201151908272
1.2794932555426355,0.13960152647080665,0.10047498409413563,0.07976228572996982,0.276258565703351,0.13100386299285738
0.5280662858283869,0.15032307287129532,0.044713755783026374,0.11941919943836021,0.4067051197653936,0.10815451792650074
1.0733619504171228,0.060565183759579075,0.0405056942705789,0.11180003939059013,0.3885191036504999,0.12985956732964468
1.1813439228464846,0.13874765782608603,0.04493807759708547,0.17535539357399388,0.46148860218054355,0.12168630100366071
1.8830649081296191,0.13547006621323948,0.043061989613020234,0.04303893414413506,0.4707639111160966,0.155643122539454
1.150057273251803,0.14312858489668284,0.07901382629632477,0.09453584017303752,0.36955077974868544,0.07200413906454214
1.2243499557646491,0.09703640671120142,0.01953346954443222,0.06057333199580471,0.2475162676894511,0.18278682671301075
1.2855670021299002,0.0663561404357218,0.04453292444598818,0.0870055519708841,0.475762372437166,0.15141553461094626
1.8556235819281937,0.12472284530664256,0.01738417160803134,0.09071482930271436,0.32618473365819656,0.12590542468618737
1.5006666398626407,0.1408951557033553,0.026291766885316318,0.08593628567278543,0.4425038404638027,0.09626551757913573
0.7473197411782012,0.13847099914738098,0.019966163533713773,0.09934141739612071,0.39536367041896037,0.17614660250672656
2.240173373439249,0.15774118678897864,0.07264586883757304,0.0801021577953751,0.4172943671587107,0.09962443283831124
1.7777180148885796,0.07479348093661828,0.04657301476476676,0.08836242616160613,0.16827877953932507,0.1515954187589699
0.8579551672042571,0.08435646750362905,0.04268831354523494,0.07796332879354331,0.5195224354863548,0.11512889374407723
0.8144409270192383,0.1370537398671344,0.0586137215308134,0.1223256344632999,0.38897659992972555,0.14823270787417697
0.5795657550596136,0.1123102157429754,0.10056819255005824,0.11576730890712536,0.3346679765837557,0.1646293477029533
0.9497702735884064,0.0966318227351202,0.04499123604062741,0.1203836192547619,0.5281935397692958,0.16765496192845242
0.9949215967062999,0.18693487636060202,0.06946512126076565,0.08499739490976511,0.44543607492631526,0.09919698314076264
0.6422712128856666,0.08216562921008352,0.0669467597454778,0.11655310165657441,0.3014586206753911,0.0947185273251489
1.9779910675129049,0.07842137151163156,0.04516585858997145,0.03420854106410673,0.4359699453024876,0.08925610001748081
1.2893803862793973,0.13992166427633929,0.010721852565294392,0.08217457904182622,0.3321655633935936,0.16560716811553697
1.5909312430465847,0.07493429884702921,0.0415083187607623,0.08312131042752914,0.23152592070595243,0.08263978891213594
1.3165186185015512,0.15076333658219215,0.05112144839546082,0.07301286454636238,0.46607619115435384,0.1744207690457402
0.5400162753081503,0.06359468698136736,0.018972602185480105,0.03650594095461003,0.3352622540232886,0.15781425871866603
1.0238362418188696,0.08901467556784556,0.1251064886818826,0.13618104883141413,0.32697822257462233,0.10638112580041237
1.146566683814389,0.15812421094018658,0.0574908834767015,0.08736865249936673,0.26938624818876655,0.10212359070091356
0.2365085227581315,0.16660144770958418,0.07476194860146723,0.10429875878363527,0.5026378467437129,0.11762665496548075
1.1243355793425414,0.1516981723363655,0.04828234748331697,0.1337780524544098,0.28070596771393636,0.12565703441436166
1.4558568103945964,0.13838017270113334,0.021990574843523195,0.07524703408682165,0.37253642930305236,0.11096041772572439
0.8241651225720393,0.12920963754319623,0.042338336326914965,0.1232869655110702,0.3076551452925019,0.15403594540430127
1.2923886134352978,0.12826654964453793,0.06779066702939238,0.06905816897623818,0.3659832423797533,0.17319242805406262
1.1124216701108156,0.12706988486686882,0.0966655041599395,0.10121538886753938,0.3587216739855772,0.1105255870931959
0.6684064877459985,0.13824537939158107,0.059964537567776935,0.06920431654748022,0.3399477304855128,0.15775512563223376
2.1739265801609156,0.1303089404537539,0.05655688099804993,0.18047738034208488,0.35704084267243363,0.10468802184542274
1.5295386063013838,0.13732312571690955,0.032849930719968744,0.05482432083205822,0.39871554639070445,0.08544302821180698
0.4974543856903755,0.1011372318532579,0.05266187764386937,0.13573525883971105,0.47489682424228424,0.14775984361403774
1.824834877484556,0.12570758086027226,0.028063122024873086,0.07986826904076186,0.3041747955535157,0.1252460888459317
1.1233206764226684,0.14945277171657628,0.09333480553960583,0.13730630136803812,0.3107321080030056,0.11030010052176675
0.37866411033110425,0.11492300295322612,0.0339344323128265,0.03428026040820967,0.26551764959442004,0.13506502837360784
1.926306614215947,0.1325875973754137,0.047214428451751146,0.0874253076528316,0.5298564519473635,0.11846234391527256
1.0484484575950455,0.15793540351547558,0.013560348234374277,0.04939486428537314,0.18292360442166544,0.10807971079481081
0.7185611458707671,0.0881646805053769,0.0787080071130517,0.09837868380284115,0.43016738741957505,0.10395191899801424
1.5519120502081438,0.13412075073760782,0.057918838035086524,0.15822105222840063,0.42729726909379534,0.19223449284585742
1.04500035314702,0.13403159693897118,0.06311447308985889,0.1318515834946498,0.37389901112822693,0.14403944260087528
1.5064725113927793,0.10005096667169183,0.05522183294433302,0.14677662177082135,0.34343425333123895,0.09953530298624619
1.4696594421398148,0.1094839729568234,0.015281183318562534,0.07240461073237495,0.3772938937399493,0.17545379330950875
1.943849518852222,0.12637680155501094,0.052038724080904056,0.07966412429980663,0.2304719876762773,0.061361917624181
1.1613816396072967,0.11804162534221156,0.0306400440861454,0.04463689599670005,0.5096131429039722,0.10833840725012682
1.3938803205148822,0.12061609894367725,0.05650123113679839,0.09731735384572794,0.32803685049280107,0.05936157512468242
0.9739546774048269,0.14301262038009083,0.03695145704017404,0.09951898845368276,0.3238938086113693,0.09750761826269161
1.443161170441354,0.0957030950061982,0.043446662289031386,0.07107531444675237,0.36348195435650255,0.1434803485283801
0.617554661645521,0.12072671141510907,0.05616398824658786,0.09333211678127622,0.5312191706121769,0.09547835168960887
0.9700145062731466,0.10270704637959191,0.11477102132892184,0.10208470091310527,0.48663714446364303,0.09978818778989199
0.6116359358111493,0.1343201621039181,0.025179431481248214,0.09056808451795641,0.4387440277517469,0.11285406817676416
1.589302755648742,0.11551546982373098,0.07841405323803988,0.07619776161350122,0.3291927330240779,0.0869277053730583
0.39225456435470685,0.11104510183477267,0.07521604648394495,0.057712985615144104,0.2641353980926485,0.10615122364009995
0.9948839584537074,0.12950752424718004,0.05078931724366218,0.1450386517219795,0.34294475202804015,0.1058247319417375
0.9200992990322355,0.1107787877535468,0.03659437949076674,0.11247804957947895,0.3887932416042766,0.13969596130155856
2.0559571436679542,0.10302005389335223,0.07192062356831061,0.11028720182024519,0.35993594264685225,0.14743941918917974
1.9266817279320945,0.09446045072069878,0.08030199033101523,0.14425688350805432,0.28825952656729636,0.09995413435728341
0.18484808901465133,0.11736704075574542,0.02406405727176571,0.04268003361193626,0.2352597365501251,0.12429368419148319
1.3230677779486306,0.1501165638169109,0.0368988757078651,0.0823098295001605,0.3584443949386689,0.19791563769444165
0.9894563551202662,0.0978672887529743,0.04078453366987482,0.06048339763069551,0.37982576467606394,0.1645207147834961
0.9930276017416825,0.14439814653904626,0.05915327652855752,0.06944964134333068,0.5672293437578593,0.10859028900536158
1.0707076694381552,0.14818630203651095,0.033134649155859466,0.13851282823853814,0.2857237275240915,0.18906808887802523
0.7159875675199454,0.1142066688511778,0.027461364074461234,0.10371238753775865,0.47018155343982504,0.14272398366673647
1.5396125578106852,0.10058966566106597,0.042628447302253146,0.08393754806116133,0.2744090532843154,0.1765924095992132
2.428987149227755,0.12371712439725414,0.055417228427571914,0.13441863417806726,0.5586709490998785,0.13980669609111712
1.0395274885400807,0.08408342428590503,0.05757495542260901,0.09917021473237429,0.3702921385568623,0.09047929971580801
1.4309183354278563,0.080359381979172,0.06988039770950065,0.10377715180939509,0.17724810669034358,0.09105467812283088
1.4579206888365226,0.09904984287784725,0.07727301529195771,0.07613378879402541,0.4802444489134776,0.1519745199848334
1.8280047315888013,0.15029210276567567,0.06335813848288104,0.11608805027665056,0.4489478164425813,0.1402885286425781
1.267157943089086,0.1297678680353546,0.060683923983801936,0.12814928127690625,0.428575990157781,0.10332290818918474
0.8264126969492186,0.09112282840431074,0.0222309053297229,0.11642831025364177,0.3298984251220085,0.12008890081437867
0.8365399438803937,0.08808335352957955,0.04818324311349113,0.0878060265249972,0.5782970263056657,0.14934735976138397
1.5385984078241417,0.11015636137397976,0.060307997040064204,0.07599050187573746,0.280562957279898,0.17322818355353942
1.607727434207029,0.10452265623709694,0.03712347718181394,0.1451731812682837,0.4324380063486779,0.1323774300935185
0.7862500037508431,0.09432378784541466,0.023798814279953992,0.11612487914248765,0.5417482319157525,0.1513754373325591
2.368539405914742,0.10435236390974399,0.06715047881829217,0.09858504084891952,0.3247676062014302,0.0925805773412422
1.560048278541661,0.08111547240161134,0.05211019260707071,0.08110874716333369,0.4247454894846794,0.12138325515648947
2.4180288922675315,0.10476856698420894,0.04520003542054671,0.12017986695826874,0.5050643660818748,0.0757415156461747
1.0137059050180008,0.12851219027247657,0.026993049440762956,0.09575894845476228,0.4290641194406192,0.09021288790462399
1.1653806813965137,0.0637700917185664,0.09020732432710812,0.1307574059495095,0.30723092829069637,0.12780153118239818
1.4654258508514528,0.0966779607221655,0.04317051279542308,0.05673519049700532,0.2635633840477356,0.15127439175834456
0.2362952460586234,0.10982657322037705,0.07958287149164066,0.06725856565406135,0.5116008399121854,0.11455714396046268
1.4606157361840606,0.08880448679898827,0.09095749999475368,0.13286744604144934,0.33153442812196615,0.15130151610632536
1.804064145899351,0.15200324204266824,0.06799560714238889,0.08137472473539377,0.42135416381895296,0.12207002567000767
0.9926593980704608,0.11199928677842388,0.019431372789079325,0.10062757305957484,0.3257009682836102,0.13213787157763102
0.7385995859596082,0.13877903630938485,0.020850431548171827,0.1350143450454018,0.3530318723737058,0.08617284139042597
1.575819542907245,0.1035639723389266,0.029192212129673042,0.07073723202429372,0.47125836161777424,0.10693875131924512
0.9340267460830668,0.09677694708902944,0.09804704884486462,0.18062404252387576,0.3272906684659006,0.15907866060102138
1.8070769725272304,0.15498194084069053,0.021203079367668513,0.10089329794504971,0.5695114812976065,0.08849212099567619
1.4924620975562508,0.08268036337280772,0.05826361241749987,0.10071291894057556,0.3030968602265083,0.09261218544750709
2.102730520417638,0.07000899251152917,0.05461392821104932,0.10812752337786932,0.3894753346045159,0.093840265354657
1.7002721261573635,0.10515823589101958,0.08934623488270921,0.09446800119330122,0.4403779588649464,0.13158757296935106
1.4352828540903844,0.1481359307425693,0.015041059417426655,0.06364562873658357,0.21787596967579734,0.1404238449798167
0.9292996114616784,0.13083995789958036,0.09511832573586021,0.0944557260274353,0.3239778746491982,0.16181994630569382
1.8121054232106604,0.1253859608104506,0.02076532642695961,0.15060138756643962,0.4489735317522403,0.09693481320948617
1.4340566199727869,0.11679597019883692,0.08702764733571636,0.08418910284927049,0.37262772818616396,0.15479940201441716
1.4317556786651788,0.1064593736560569,0.037989694197256355,0.13045439140823825,0.4545102160381564,0.19696150200826093
0.8587291631249967,0.09810858503739227,0.04291969001684425,0.08879788989368279,0.3981837461800252,0.11721726452457243
1.8374601580254224,0.11760289801917083,0.04412732371246582,0.1072870127135931,0.4687764336735586,0.08309151915291768
1.8527110651077117,0.11455183473557778,0.023781478517341685,0.07857658273782263,0.3951305670323728,0.09772764780694583
1.2879008789725102,0.1437499527736112,0.06507760758114683,0.13680750389736993,0.5206735305157202,0.07639065362266836
1.0524448348784547,0.12956325900483762,0.12804328535087822,0.10039337348296792,0.46777118313350186,0.15826123563384586
0.9842858892470013,0.11477536424737393,0.010299952046627106,0.08328646263873901,0.4508818802591018,0.0877346288586871
1.9437430180838522,0.06872356048023352,0.018307076378148757,0.1512465822388132,0.36702381680871504,0.15928930496807717
0.8142683179981793,0.11577247871539785,0.05969295760870186,0.0797175599730628,0.43701665071922013,0.14384931147136643
1.3080361634710704,0.12952254858045426,0.0845489743209278,0.04017954638927574,0.20459570648658637,0.1152066581743033
0.807063387734905,0.09532216880993263,0.031130195216743914,0.0843826187168049,0.29749466555243437,0.0944928662105738
1.1147285517590677,0.1289524839887155,0.024120533150927687,0.052507724109168916,0.496957744618273,0.11974050029825697
0.7919251295025553,0.09798120256064306,0.05614177752318335,0.11611973732024347,0.3703888087861148,0.10253795004895144
1.175103886315174,0.11467029101543462,0.07739644204708249,0.10643598931407319,0.41341827186849833,0.14674495987489616
1.0429058992583293,0.11998351091527275,0.028941097042051313,0.11548342894258386,0.31905435879924293,0.09813618903305608
1.2904096866127062,0.15744036575816903,0.03861261866931535,0.10563042020351653,0.43393357317880965,0.13926794021700112
0.8303200031063891,0.07564911942159278,0.04949229896060588,0.15507391963570533,0.5022534450280736,0.1045685077223028
2.060381722832574,0.13848869088354268,0.08152094685843492,0.13986366006151124,0.20197280153138203,0.13440030632678165
1.473347489626089,0.1239237150624859,0.03830501483266199,0.06212974128151134,0.34174040944093265,0.11232154213264617
1.4225397590294988,0.12657995010174478,0.10003227976781111,0.06952466716730189,0.47267871454877775,0.0985904747910411
2.243436671778081,0.12272603320487072,0.028589686195092966,0.0847602743487156,0.37563692065666054,0.1717702264954989
1.2088688628306965,0.09520271458676612,0.0635507670252259,0.171474699898279,0.3802438447475071,0.10043791892881893
0.8222411418022243,0.112927145563539,0.034233970238973926,0.09309403965238881,0.449476419646775,0.20938351990864978
0.7142975828445285,0.11852392475718874,0.05559948484791109,0.09325329868082877,0.1598557642980235,0.12651102272233625
1.3749792194583035,0.15236546724515998,0.04870958328752016,0.10370072096323975,0.2910230470552123,0.08922889054562792
2.1682126652667524,0.0651536135959315,0.06088522734136402,0.07421874623274624,0.44193410982463066,0.18339126205547268
1.6207396532172602,0.15178018766140838,0.058517588968882484,0.11247350606248933,0.3752159209007945,0.13148112082344562
1.1521429504434777,0.12555639758233136,0.057197508017245074,0.07350756548003323,0.4657532502774018,0.15385566863770003
0.7960346145496795,0.13412076228269926,0.058300095035163965,0.1537507812494193,0.4966201145726664,0.06764729847647008
1.0154175687624352,0.06415538522466563,0.045078774081012046,0.17344596019834582,0.5065022934759483,0.05768269413591262
1.0933923501600846,0.13013268053893776,0.05794947568459519,0.1029170472250627,0.4589014619599604,0.1072109554103082
0.3209916249076785,0.10100413402154224,0.06928853365370792,0.09133475495045511,0.5041883304099445,0.0838729793921853
1.0564342858873006,0.1398562136099328,0.041833461499487086,0.08592113175479368,0.2669700614359437,0.08006899339457901
1.1645346863245214,0.11801999377923861,0.011174772735192594,0.0763720559891021,0.5457022719677875,0.14183883412612738
0.5321765285162079,0.08189126660050358,0.058497475436354085,0.19546944122706708,0.545895027897568,0.10490438139667088
1.9334900545508265,0.09408411911323618,0.02086138533647722,0.08187547150388896,0.36124545619539356,0.1435787500283436
0.39559280992749957,0.14738925748149556,0.027294127970719204,0.08154103175518093,0.22939919872208905,0.09878884560747106
0.7782600957610426,0.16802230585080602,0.09635774615264871,0.057129121696730095,0.47113780296961505,0.08460317013811743
1.062803980525873,0.10744312903064496,0.09940993913536408,0.1133014900047723,0.4831247575806435,0.17826209332604562
0.21646962647005719,0.09920383874995266,0.06431444969383754,0.07427951899749433,0.2729308740318165,0.16222802500338612
0.7879879329176307,0.0991471817254585,0.04752828539584786,0.11265226673169493,0.5123536623123236,0.1623690728131611
0.7763928053310897,0.07508551653587436,0.023403467289039852,0.040441156300548675,0.4057842916310898,0.060545966938326326
1.4568715171433557,0.07828298430069584,0.05545304751645101,0.105931312150254,0.39949249861045133,0.16839650210344084
0.6709100577995668,0.14545099845883525,0.0967283326405064,0.06597341339014681,0.4751769244670935,0.12229242673902022
2.0058231940157,0.12445535186810235,0.04165380553225876,0.04776354881240963,0.2929872872634639,0.11287830550574902
1.4176707316358965,0.07252653109036289,0.014999269084252028,0.0526290110877559,0.5127294596401769,0.08599682029212251
1.8112408657500552,0.11482438819434916,0.07261002394110945,0.09954292407878078,0.41640315896467495,0.17179951771103377
1.6330045661946795,0.13540934888408088,0.04796168305318966,0.1355836733993075,0.34021696153913716,0.10831645266205422
1.2772953838897758,0.10394462568004895,0.013651636014341113,0.06787153343822158,0.33560430155190746,0.15857790773715263
1.1668565557901518,0.09691687374468448,0.11637630133509771,0.04317008974318163,0.4705434170397347,0.13367079685396954
1.3567768794547705,0.11462715526184394,0.10783306307061183,0.06541702889515366,0.5483326024255719,0.1840914976452199
1.2451082619717377,0.14347170961711092,0.04973989653450213,0.07955790551568655,0.5119103067207013,0.1124527053953002
1.5494311022382605,0.11720137121705343,0.04181124373629121,0.12173532450214142,0.5780039657176319,0.12408590176101639
2.1588602215681183,0.08122313451389243,0.02747067213881652,0.1242462496801861,0.5347789790972654,0.14947118192825973
1.8672913873480455,0.08042288867659916,0.023623463945372517,0.04589604800945936,0.33063072582570086,0.11847556956710298
1.3520605686974096,0.14719658182565842,0.022504268980524208,0.08040821063914944,0.49129575429524736,0.1331423438617595
0.23407056744989385,0.18429119010046743,0.08113634379117116,0.048409510736696394,0.2983713631805815,0.1377513748849561
1.9944947502906871,0.13070538645457422,0.0635117009653201,0.16158970291102864,0.26064291020415453,0.1439791485731015
0.6555560592652946,0.12738066880200877,0.04421238200071105,0.10218281396947033,0.43209983133752156,0.1999862221319305
1.8637421149886024,0.14111221181897474,0.04506535526809219,0.14813428409932045,0.32302387830742435,0.08767714618256495
1.6161815153993613,0.1045925074482544,0.03542024299619112,0.10213426346763076,0.3769080820735212,0.14010206533538516
1.574516658461297,0.1314135522163404,0.047525519980125795,0.03428671367078784,0.48711233857551445,0.11414029964680683
1.6656648474263884,0.08234883194248163,0.01393336133268817,0.11011951340473361,0.4889149731744013,0.14734507695417307
1.1064753706258494,0.1266413049323585,0.044978912517725275,0.1051482196619288,0.4259693914844415,0.18159168832446515
1.5797586062191922,0.17209701120197346,0.07579884475177627,0.06029741876957702,0.5138847570085944,0.06959924298109174
1.6023763265692175,0.17678865425763549,0.10612736715026186,0.14462364141478037,0.5626102544229744,0.1312299012185115
2.160348659522822,0.14202305714849228,0.04367541217681904,0.08565207869100909,0.4743684401064238,0.12702155227970047
1.3072393137570408,0.14512487189275017,0.03094195601387443,0.11118352505355175,0.3265674533538666,0.10827012802503208
1.32665813759334,0.08483118019886011,0.03271141558278515,0.14344178469090202,0.3978914454433867,0.15571069017951356
1.5143324977548807,0.06683108619914427,0.03627439352639196,0.07453060169611579,0.43550407439796335,0.17880101012741867
0.9476891987948379,0.10522664733341719,0.039086423343283425,0.0906670612427195,0.3546831454923594,0.08501983339896674
1.286152302736388,0.1119889981805725,0.07084951642601776,0.12646888376758775,0.3090544858699374,0.1854297320428971
0.4565865845782118,0.14881950314448394,0.04256979688074899,0.1611443341715817,0.3020009104879432,0.11222301847001927
2.289033879191437,0.12941856158837903,0.05950991770135034,0.03859907968935689,0.2869993904497857,0.11653249400984812
0.6052626767702838,0.12602581455207637,0.01953613277757777,0.10303023884773015,0.49796877057415845,0.12263232940015048
0.8641358034341702,0.12441993305862206,0.01708332256612098,0.08353299022080596,0.3951505910920567,0.1719503871754365
2.0745286492143586,0.09710500334856835,0.047579592462407234,0.1452694944995661,0.3531403468545902,0.12189346415767899
1.2806892473187563,0.12688891535309785,0.02648735582425622,0.12364232497946619,0.45012551890881813,0.12214201373806721
0.7515897315075271,0.13277483581327917,0.05886241713263788,0.12520336153170503,0.3617187658817075,0.20779747907168256
0.8098222279684578,0.12700655301766187,0.03952943494527962,0.060303220618057554,0.330225732772348,0.13174856694323708
1.8127491333857364,0.12236995635175994,0.07008539064299531,0.11544955573942035,0.42998330436099946,0.17529839328528998
1.0358323029759862,0.11063306099700261,0.09009140924544883,0.18985832480525194,0.4392912241652083,0.14947118476341972
1.9375736248343618,0.11855900646198961,0.03300268704524797,0.08791449594010832,0.4315922368164953,0.07472484698129658
0.2786949196467249,0.14181064535934393,0.04357241759979474,0.10531716968042763,0.30540737399202467,0.09508429220633777
1.274612982483629,0.10985644461283665,0.011319964632404145,0.07242653459558411,0.5278904657798916,0.08367810801075704
0.9031506646930436,0.12150569887413873,0.05627763501896321,0.037992511021028706,0.4090434440089829,0.09292294677937686
1.3044913583777882,0.10263492566009182,0.014380909253855888,0.14113500869499793,0.431133001855466,0.16214819479348103
1.0671553408369208,0.1381118829008766,0.07341584766032663,0.06131615796462599,0.4112284219045772,0.10316033198125835
1.3453853845840777,0.1188160191991005,0.09348886184572719,0.09894412811294137,0.43532574225252363,0.13722546264200527
1.2967084569957374,0.06704619111753482,0.07470654559680902,0.12539360598928248,0.31772337604368195,0.15501821821738773
1.6881089821083275,0.14198093321431748,0.09625633824543228,0.10346011698150558,0.4196994482237879,0.13252351209669913
0.9587843027284635,0.08049659886964192,0.06056785508700908,0.14587665491557034,0.26094252622759506,0.11990894309041211
0.5496172797853935,0.14780453505977437,0.03672106627603695,0.0887281432214153,0.33655688607079887,0.1785039854771522
1.4126942302388648,0.11015705910548314,0.05056862167393479,0.10010434025159885,0.4902667122365163,0.13467582530088207
0.6918321989569847,0.08200554490293738,0.03784030212660139,0.06192337047672772,0.41373154032830517,0.0718715770189774
0.36463714423051163,0.1506518726027879,0.05059593942149506,0.13191244493712925,0.38491034713172867,0.1725217668162704
1.4071557991104653,0.11462297495662226,0.09325830535786409,0.1440290038494245,0.4252915603612924,0.1073339134314279
0.4702793669565708,0.1788885431836269,0.023242290371011172,0.07361124826633503,0.21341608402329665,0.18620604802188978
0.5566434816072463,0.1370762875730459,0.06908050556934713,0.07815131308047507,0.3040279466982348,0.12415710289642319
1.6943647724031548,0.18688556322123667,0.011999904678930778,0.12749688812869295,0.4814667754789731,0.11117549430710624
2.025071454990975,0.08833455435154204,0.029118330534044987,0.05797834794008249,0.5569843097995966,0.1556185997549499
1.6803292914762913,0.16181655819256532,0.09527890885862042,0.09690809934034118,0.3517420743262982,0.09795639494778687
1.1899014005540458,0.1441131400898501,0.03798538180572727,0.10518544576375206,0.3638421287802448,0.14081038808900803
1.1060179661597556,0.10239298931095005,0.036871906936383404,0.10823768569772468,0.4143556655874358,0.16711516724799563
0.24192165414269473,0.0908368338851379,0.0163785145420298,0.15064754783082734,0.35206677936771635,0.13026718208957988
1.2188780483586863,0.09008120159669941,0.05750321081876578,0.08190110150525698,0.403729917652404,0.11627951075126064
1.8619201858954273,0.11189769145190218,0.0808046526999473,0.09171106281545323,0.2823640643526463,0.13955307300360434
0.6302283574368727,0.1101808920680658,0.07718128407794134,0.07464867418274071,0.43837371985906814,0.0931665496204071
1.3652256642601737,0.12891530084377278,0.05905395423341643,0.17896631580943506,0.4497253266800525,0.13710282410493607
0.3535575775954414,0.07858998178915241,0.08917416990089029,0.1414357381789279,0.4425563948481407,0.06978418613908233
1.595663145766598,0.1039658780786748,0.07995569649109799,0.08311165498951256,0.34549137587002443,0.17809463519330299
1.4719461932941436,0.161773033305251,0.10589979988610129,0.11332514300557579,0.3946906787577199,0.1404340405052217
1.6686252764430343,0.09986907143497108,0.060140947520028826,0.038327670686692995,0.33041640667051375,0.1638370483468439
1.421585117639826,0.15271744483430955,0.10510927309239085,0.09635413568905335,0.3835208254149345,0.2374261549709622
1.9330410690551327,0.1668986193826273,0.03964790473467905,0.08706547972584489,0.2405494563486487,0.12855831641437498
1.9110947510845515,0.11781893146049331,0.05499204827783541,0.1257600861896095,0.2777202406560437,0.1101290845439717
0.29527479286502745,0.10947603953481169,0.011853680176915592,0.06560368224164526,0.39598884879097684,0.08339948595715402
1.4883666318434392,0.1432653099406436,0.03405802911317011,0.10574242911038852,0.351564558742846,0.13178072656845224
1.1494677851957489,0.1043493209474326,0.08046705400882026,0.13554831158911437,0.5509062291582849,0.10674716887767906
2.427543031274598,0.09772600696310087,0.031230670792881887,0.13479972610563817,0.41322429671618105,0.1236655549554379
1.140516704557461,0.13220091439126638,0.04976471559306397,0.13930972842183625,0.40257300918033123,0.17592722529714494
0.8560427301150121,0.13376845734350637,0.0641687938914326,0.061041359245658434,0.39210850429903427,0.1313985284378763
1.6060677915743593,0.0695107014216837,0.020283990699959394,0.058924327643261526,0.4710831519360635,0.11890563762767073
1.4839065734471044,0.13562698161807793,0.029647360985433545,0.08664491393110242,0.44982993278044864,0.11644004221907928
0.9133628725516145,0.11708435614639058,0.03252291093292893,0.03380442107095691,0.6048684218735194,0.17093935125267046
0.4572437495559839,0.13825357773166774,0.018018840062705082,0.19424157664713163,0.39455861525131813,0.09508684415403781
1.7941907746742298,0.1269519491966008,0.02669834614647493,0.07426428513767305,0.5060262633456662,0.10522978688142018
1.898534483758669,0.13537066457396713,0.03511224242061972,0.12095050062560697,0.5316609201785724,0.13803047787055683
1.1636026142347378,0.12510688051226793,0.041681310952178155,0.0690923587092119,0.5049058661582181,0.10840855982951474
1.0750274180415036,0.08419903739412421,0.09126891005980142,0.163464597273402,0.36278453640463093,0.08208043554356537
0.35446106196988647,0.11068344773972856,0.08674946008239387,0.12068609096897359,0.4452907777811175,0.09101299647505759
1.5180927603781884,0.13356409631500382,0.01032001771549957,0.2028025189503611,0.39390269275449186,0.08949436559293358
1.8493853421762063,0.18161603084954273,0.026319771590162327,0.13536788083121,0.5551648287432027,0.09527345709721287
0.7283567314829119,0.07812612762036081,0.04976048606242887,0.14578449841285432,0.42297120044682623,0.12767646338644367
1.8759179712004839,0.08308992929560478,0.04314669628331332,0.15913061154977337,0.3922011558455926,0.06917040669259805
0.30823822864187855,0.10724872320002725,0.019138250307243074,0.15262407942656347,0.359669426583318,0.12659256221474363
1.2912469351023257,0.16475520117406128,0.09477578410476906,0.12436430471383762,0.39976121109331114,0.12392315472357
1.8185783896117127,0.13083270867738742,0.025461776888801187,0.05661301655953437,0.4110712593704731,0.12858502802296964
1.622484259357277,0.06514434298679242,0.02669821387452691,0.08779852621388289,0.24898227050522986,0.14313415700772678
1.844425377851676,0.1206714700846167,0.014206398159055791,0.090682672827604,0.4178560936058324,0.09984136424008075
0.4826953889554223,0.17047063090456843,0.023728449793723762,0.111746739855255,0.516657461360595,0.1859173260972466
1.3346935511205944,0.1507765839703094,0.05754198472654408,0.04333815484969671,0.28792384472098287,0.09612077166397713
0.8636146445930311,0.12882503557409866,0.023769838674334295,0.10721959998844323,0.3272304333327234,0.13747322379949053
1.1901716223336984,0.08751042325020121,0.04922986284691897,0.03839123389120362,0.390983078718622,0.15840258398495752
1.7610919507023686,0.10792959504239558,0.050696774931176324,0.12318028314184348,0.5111408653725847,0.1687889957414569
0.6036316332889049,0.12556834818678902,0.014839576817749299,0.05319349581645813,0.46800783770660487,0.09942803775702885
0.6867048622113472,0.11492319821988196,0.07733700699978661,0.117396920572161,0.4451260249003421,0.07421730264099244
0.7499468454378173,0.10805796407472915,0.024568187187288072,0.10509692305103491,0.3678493602625792,0.08097402889162253
1.5814971743238544,0.0915685715106132,0.01339496699785539,0.08013767395605813,0.38000465446028137,0.16190325086273621
0.42479949142089124,0.1515689022996147,0.09004930888617489,0.08788004659943387,0.4739257571408449,0.162824754089693
1.3368713296506034,0.15202935417747362,0.04877512403034308,0.12505648372917993,0.3468184970164331,0.10623221436166208
1.1484798462277013,0.13430965289242675,0.02481962408857115,0.14707296296303393,0.24855252270304296,0.12015615566011345
1.1021222593848834,0.17586567916303814,0.027270724090634257,0.11094624190238729,0.3290718183397954,0.11591470216395963
1.2025631073979195,0.08219216448289343,0.058877578305534924,0.10800772009527877,0.18435971858703334,0.14585493821332757
1.542863187914605,0.11288748967999217,0.11272411938078367,0.07658810401865326,0.21898505066414037,0.14675712393761883
1.5114816692757438,0.09488653871730891,0.06713557276491734,0.10358874809261233,0.39230510355038534,0.20566649083092214
1.1679109556811447,0.08922730587214431,0.018441785484683518,0.13825568246034917,0.3555431440488673,0.15197697643426183
1.8283082805043285,0.11660127249481193,0.06277483202430172,0.09768908510280255,0.3432304436862637,0.10906817817827555
2.442480991062963,0.1501171842465684,0.040949420273882646,0.08984352890703691,0.3500773248284776,0.0899848855972681
0.9964043302977759,0.10141870986287618,0.02935221761217561,0.13410793872392046,0.4186952066386761,0.11140296443961094
0.6479569408765203,0.11281381708854891,0.069745807977841,0.08494197102896421,0.47928029375116976,0.13152775731922228
1.7476926779902608,0.10298379032431951,0.022227014394964842,0.10319684318792437,0.3993270774178651,0.10569634404862138
1.4339890630071452,0.10475174584042936,0.08422036264087542,0.1227910002982977,0.38026798527750416,0.08476614357551224
1.5583995691261083,0.11616192651687104,0.0800587507404533,0.10092475154346431,0.41525800822148845,0.11927110959241354
1.0389596395215173,0.10167198598002875,0.03438838950091387,0.08321828693357748,0.5524835093381102,0.08694265124010082
1.7597556512624388,0.1435434474075139,0.07818730144685349,0.15123046909536325,0.2328006541271733,0.13529834030612306
0.7736795069625586,0.10295230886846424,0.05225433458338439,0.10147985530062396,0.39907509504577976,0.1227940023197058
1.08856581588687,0.11855738666785123,0.08482852162983778,0.07054351367172887,0.2991225106678471,0.07063544644338227
1.0005375710452271,0.12828839558363087,0.07194069946176307,0.1340362586805394,0.3649608517171838,0.09917961082356058
0.9867100775218376,0.10285418957980935,0.054364937363943294,0.10639753087519402,0.2469724036824387,0.08596003654510154
0.5709027620318957,0.11317210773839721,0.06166367875345058,0.10022521458320711,0.5381063035457306,0.11687833441167728
0.8054708211212573,0.15689245024072343,0.026507590497637488,0.12919927782233687,0.2727170103067701,0.11944260607669288
1.1301960910789672,0.14532085299583794,0.06109133613141893,0.05540201074998577,0.4606945384019066,0.1685527717145548
1.3184874469762236,0.12891554191374116,0.019992779783946216,0.1559054416250159,0.2982022122282727,0.11590833180359791
0.46912734715572113,0.15076306557726554,0.028429436309055228,0.13382931317638835,0.2918204068360766,0.07984448743135798
1.7691898576737133,0.17637603592721016,0.09653279354894065,0.06419930625208747,0.5341228786555045,0.100740221769658
1.3208724882904053,0.13137039783854323,0.02663168013598155,0.10890365702314694,0.4603054702299467,0.19497215382479216
1.3497932115796851,0.12616112603693186,0.033627656340012635,0.07529751240147278,0.34516944650922066,0.1455623764574382
1.2081098314898664,0.0912128329757987,0.07734210287365512,0.07418142019869105,0.41969644384525717,0.08361121213214136
1.7565373917155942,0.07781829505785584,0.016429100588330733,0.11598830914327918,0.5269206326046965,0.07995084999978139
2.0196025090865377,0.09350362830398892,0.038795968948433394,0.1253305355624567,0.41518546664221484,0.1399908810009396
0.5405513621522864,0.08185061696123118,0.11001951526742854,0.0790548861901268,0.5683226663914569,0.12712831473843486
1.0473871023308712,0.09555846769128043,0.019267772196882155,0.16685166238766996,0.31755540836228213,0.13154419566300107
2.2000728317688996,0.12243515387782525,0.033125100023908206,0.16687479044396675,0.304265870056366,0.08441363391349271
1.9191683067515772,0.12105083142767775,0.0422398939087447,0.044659607134518116,0.39315744123712043,0.09013359095072668
1.0477451639470479,0.1296157534997237,0.029298026706134028,0.12385116050643324,0.3455212668004741,0.14199905802303428
0.707973119360076,0.12702150078615082,0.13607531177575746,0.08933423939235412,0.2936413629410896,0.11529542685191417
0.366490063745747,0.10800121930062291,0.027057598305954462,0.09817854476925485,0.4701653661893362,0.1585778051224453
1.2885128768333716,0.10004156839195485,0.04977392725730357,0.11000791449075323,0.39246529111032086,0.12689493492733572
1.0980149200066855,0.12919376092349213,0.0447428182378377,0.08845892785738742,0.5371435943861869,0.1417392037891586
1.3313422455654322,0.09120874843596934,0.07571340576610962,0.16119106428896363,0.33031429457559536,0.1794287433821588
1.2129475523560935,0.12451520070394399,0.07038782869015248,0.10987477747034982,0.26927156409134145,0.11469686635649755
0.6674674820399964,0.11271645301817176,0.04096778817389824,0.07393880297557877,0.31776466038105794,0.10548580984640023
1.0569610956910098,0.13892504843770245,0.07145206018269668,0.07384957262172105,0.3568158512852607,0.08484245644555913
0.9943799446943763,0.09455851890456723,0.01103244855851164,0.17587600280715293,0.24487415632404008,0.05969154965337217
0.5973050010599144,0.09703889278087857,0.034193172843018135,0.1260797337099614,0.35183341974103155,0.16004824860707287
1.7151650388553434,0.1445231088843159,0.030337696227215764,0.08101010037360475,0.22005662643242904,0.11691177706466342
2.1820660096128472,0.12459019293339801,0.026441099739039797,0.16172635429827567,0.3370798157774952,0.1257562720584749
1.0624485629641265,0.11465501462765255,0.0882609873688773,0.09364095027511085,0.45715019347189106,0.1268279234156197
1.864739464548515,0.09849687464360252,0.01660067936096511,0.07901506540278058,0.3890984568161959,0.08230124771588333
0.5969422867124904,0.06647231909219226,0.060422409635266516,0.12850579202400494,0.4228897632215322,0.06694499959397923
0.7717188083594574,0.16265776253474656,0.08899338078296598,0.1132370460407216,0.27980990707176534,0.14507389724939435
1.0986003415206964,0.10683503322254315,0.08774398114265902,0.07162475182341003,0.38040567532416847,0.13084571289352867
1.3165652602701834,0.14108309216851253,0.04413231485602767,0.0604161837077479,0.46301683980647684,0.07505591833156758
1.526423699575204,0.09123354391649824,0.04533402643466792,0.052448845787084156,0.3293053095829833,0.07441065890200249
2.2257862266056314,0.0994688759462687,0.016890636118468104,0.11733290430568846,0.5119236938628491,0.10604227488175817
0.6359391840613502,0.09642774959710959,0.021581977605095757,0.10787457445951906,0.44941074436972034,0.07691388345250762
1.6691174161020612,0.09436303304897697,0.06272548345367232,0.089027802611495,0.5449404301967341,0.17969061458196814
1.396842919588209,0.11311091853230826,0.03220663016676794,0.13065022080063138,0.3223531005371438,0.09158410112086306
1.6263006549248906,0.09226913116882458,0.049892690884958506,0.0690691163485625,0.4309237973139517,0.1070224266241431
0.7168833676438576,0.0693099988243414,0.03244162514335946,0.11412881198291662,0.42952601324070905,0.15781746878881722
1.7023236268538045,0.09634981375636245,0.057485613949630594,0.10423402901699606,0.36898385293996855,0.16785711193589364
1.9478700515834018,0.08703547962991269,0.03008309153857793,0.11432133707040931,0.4491677882406882,0.18374901555956208
1.583340011414356,0.06983092579939565,0.019333295722934105,0.05933842162162524,0.20578517614331193,0.1294293606939429
1.6308888031289064,0.09343292344124055,0.02958429525193485,0.11526351202424928,0.4638495509013082,0.1446854193753856
1.3311750582897055,0.14358364315373717,0.024316251131476514,0.08341759629732906,0.4328524628156123,0.14920958497153605
1.0984474116097322,0.17498982685469905,0.04480569222198139,0.11555656013927436,0.414285650064971,0.07117875735065676
1.8669197973416378,0.11647846906604854,0.012771597300056732,0.08174787552915821,0.36730618108721425,0.0896192384838847
1.215559800986906,0.08746579379239283,0.033451062009926674,0.11229218835424296,0.35793722636883984,0.17544456137583947
1.1424357739488988,0.07683728844399017,0.019996560334941425,0.05975115845038261,0.24828104303637355,0.17967393018996697
0.8029671955444186,0.10781124500420546,0.048147950225954306,0.06381960242170144,0.4393799309555566,0.087900131686512
1.4098811199137242,0.14514282091767555,0.039122031012571404,0.13209682182074256,0.3838892060242321,0.1347833010890095
1.1748192548139897,0.07610496335683795,0.026246357435176858,0.11799454570336267,0.30786865668883845,0.13815192731556195
0.9483134592281061,0.10880941359858348,0.059897467236558734,0.03909092981796247,0.5269581759495596,0.11456275338674722
1.478579713755916,0.12744958968965395,0.030834084808791275,0.11747185190820711,0.4660396598723727,0.10846981310237441
1.0963218580305498,0.06151310286333798,0.10339039365071725,0.14361229737407005,0.5598540287441209,0.0656470243023882
1.4976585348797566,0.13599261233335225,0.11587981925368719,0.14294259782102292,0.39558847399419705,0.188419189027213
1.3058917318519279,0.07500408848905639,0.10221194027503783,0.10605688548651371,0.21354869195621765,0.13488548005478185
1.3450492747229228,0.10980119548242825,0.08297144143145509,0.1106370944966489,0.48369798954656007,0.1336912087781121
1.4603084361738918,0.0713015878859507,0.056840525710213294,0.07907696969545128,0.3208795488684053,0.14123157031812725
1.321963343854234,0.09457369505838129,0.02973192012559893,0.09396108858562463,0.5461671921988185,0.16120059901473321
2.017327932688781,0.13836037308996615,0.038422411381832576,0.06989858140466493,0.5221691805222083,0.16347949028614112
1.9110847542265514,0.1631987176365099,0.09742678570042258,0.1397273844480648,0.5107819954614677,0.09175293111070111
1.1748427751846588,0.07500183897081605,0.04803842557864435,0.16340034848715762,0.34790833824312123,0.150864396062583
0.5048106789182609,0.1306115246498589,0.09134788108150634,0.15227288670258549,0.2527161725947105,0.11983686506905225
1.15949388796183,0.06109339697820374,0.03387459160283286,0.06672327298277925,0.4236812463492816,0.1877680246732861
2.1331705564204775,0.14786239082218677,0.11698755134360098,0.10257224405715239,0.2995181729312528,0.11707504749601023
0.6545188242480956,0.15705846160500248,0.1308953611003741,0.07954761462717727,0.39824405514535877,0.14091522872659246
1.841317301333082,0.10499678777895657,0.08170484392122188,0.12188121040284346,0.4527660436072384,0.12720015374469149
0.3522054306763508,0.11782817227933658,0.05335581502308437,0.10728177137860608,0.4516262411801664,0.12210069990300826
1.2127246525373105,0.08856820129982135,0.04978852140221145,0.0736619390626537,0.47941468535271853,0.11292098093264158
0.6417126224638583,0.10887379200878514,0.036208760104127734,0.12966593140237703,0.28500380832317046,0.11596132679541421
0.9844279395656074,0.10965649444194074,0.08696541209490022,0.13740892842881486,0.4082220600268288,0.16301413762019584
1.151232769775139,0.16104147585077672,0.027746171610503537,0.09027952140657886,0.3199429237127871,0.16137517020558417
1.6383637205654413,0.17702839112543817,0.05737959923380459,0.1435665323118876,0.4180250119970614,0.1054278377584867
1.5500963469157225,0.10276865277034317,0.1046598883497682,0.09007470830646083,0.47736939059638295,0.1234465559942687
1.5797318478368374,0.13494851925167184,0.01878019458334417,0.08981061561327142,0.4045686900265584,0.15287634563616853
0.5483869981026419,0.14602954744586322,0.11494711939749173,0.11302142731810176,0.39403016021827697,0.16169867715653927
0.3856408676474673,0.12103285496831179,0.040565416088093914,0.16388417640969005,0.5608409595870225,0.08286501464231542
1.034041328469811,0.1537004650701037,0.04153447187116523,0.10278094302919422,0.319437557761042,0.12113715927007687
0.27668351152643744,0.12737531130606622,0.09095658378476362,0.10773422677490621,0.23563134732281657,0.1421882255519308
1.7397404294351921,0.09053511150361501,0.0768891175807467,0.0886640265746865,0.3823587942406527,0.111307400344492
1.2105301225654184,0.11768838751348282,0.03885774783732301,0.08513736597143239,0.44007583432241565,0.12111701289069401
0.736430822111054,0.09770265946984505,0.049946220302558825,0.090952361171851,0.36466973772324435,0.14193174519305174
0.7882301236162366,0.12652503633212855,0.023571254919862353,0.04611703780371619,0.5182163919167264,0.16630867051797807
0.5527164553565604,0.13332525233494244,0.052582556542996546,0.09980380681236714,0.4799872373881593,0.15449788887132124
1.0637671776302162,0.08059653102152092,0.016945667861258312,0.06994887086997176,0.4415584937779897,0.0959487303432782
1.4238041199453706,0.11393744395623848,0.014709540547170781,0.11591245606243405,0.4155608683920653,0.08589415534952438
1.2776830577996297,0.11029865914267935,0.06886323532236682,0.13299848297411074,0.34260348461781903,0.12404646924823176
1.5612419177345929,0.09737704914020219,0.05106423094536399,0.14739457431527891,0.2661853933235855,0.13728323435577897
1.582820929975446,0.06463189541051803,0.04758523435755196,0.10244485485582407,0.4371091572356251,0.14074775299751827
1.650712294739351,0.15512192963325777,0.06595685565286545,0.12712249036955167,0.26507433077818315,0.14153970525036563
1.577030007881242,0.13778398597872082,0.035955544383353515,0.11130814172934225,0.44485231870032943,0.08420830865353826
1.5480652886077482,0.09061349233897315,0.031203440390081206,0.09422319757979233,0.2710980184170594,0.20525477258237607
1.8886960532797836,0.10294041185144917,0.07998870120316195,0.17220388473071757,0.18818485407329089,0.125788875261171
1.3494809410329558,0.10252713444812811,0.07017299694960166,0.10435007511670796,0.35795195609568237,0.16284669977401664
1.5521795574732005,0.11701040692127276,0.08652339074348056,0.10598210710135679,0.29157064586923503,0.15340005937320517
0.9551457698915428,0.09685584654306159,0.03139841302389004,0.1119021596409831,0.40875421599099176,0.10292353835918984
0.3965911947812334,0.113376805781598,0.056189597711960804,0.07841264037547886,0.42805765871541807,0.1515637559800099
0.2371355511619455,0.11177161429132793,0.07243298294774617,0.08806218409875685,0.449555173580621,0.10115324458797167
1.8656519324988892,0.07984520827039666,0.06366021768164243,0.06304645651974142,0.5941244361358643,0.12867686922067145
1.6621425531845502,0.14101936812354857,0.07252775423403701,0.08655834329800097,0.29130344620392357,0.08380942482815068
2.428099026533948,0.10863148646167778,0.04062131616403681,0.08060953143639192,0.374878791202904,0.19577031757569438
0.8006964768527616,0.09495371424981133,0.04361760372744197,0.1563545558828138,0.42465503498068585,0.12287577408926809
1.3645345002423281,0.1351809112061731,0.016550078496259432,0.06247196776138085,0.37012265773532826,0.1639619067393586
1.1648307592750307,0.06080785945912483,0.02162655612111493,0.07608415770741457,0.3592763810946274,0.15587055863767355
1.718917468240129,0.13085997697300508,0.03308671261426019,0.06243296323920472,0.2363318504477765,0.11713091880117746
1.6017398733067532,0.10440680617440562,0.03765582523627128,0.06682925581405633,0.4102636968715358,0.16622795991986838
1.390274423024686,0.09485010139495341,0.027801915723571113,0.1345786772566866,0.24532061224641658,0.19806415105153707
1.0938802949550888,0.16144957695874784,0.029514979711411538,0.10638691214542795,0.4617501114980869,0.12187260874075344
0.5287425417991664,0.100931912831652,0.0445988949341197,0.10383051454968674,0.3827591179273255,0.11680041589947801
1.3305478284800794,0.07742710777227592,0.11403694591504997,0.10489255610410159,0.45641907222472167,0.07081392213053672
1.5207661393307221,0.08179128343220615,0.03605636226070555,0.08908331424665855,0.28472675884931214,0.12068609542907426
1.775385568585784,0.11155904143479514,0.020368249544986033,0.06582637479912201,0.34205321553069934,0.14533335254654509
1.1134764879511272,0.14231725366897754,0.011743667596594433,0.129564815988414,0.4546837768104028,0.15858583676189328
1.4337198681275591,0.0804652908686678,0.1001185242054895,0.06821424999915067,0.4591413505947357,0.10860221545756465
1.4254418673290474,0.1340052837600097,0.055116408847975445,0.15357820694072488,0.3239981416148795,0.12315108085708223
0.9242313617017233,0.15669433635205504,0.03455559719877288,0.09981766623700428,0.5312821787091357,0.10975137195578184
1.8004329309602232,0.06377451768887091,0.043408704793094235,0.09497571842309022,0.3758660421262313,0.17255979670124288
0.9649446099405632,0.12391913636029225,0.08366037095624337,0.08360290971844253,0.37755772595294657,0.14496714546683634
2.3813389775312865,0.12486546980695529,0.018393200033926797,0.10566375826261593,0.35431881366471063,0.12914859038186496
1.5922291790392846,0.1373231754869747,0.07549642663380446,0.12930266859499787,0.23207384872045905,0.15091615801541425
1.072099848974399,0.10183243456556468,0.0395499856839385,0.11822512742775966,0.4155418365579333,0.13617268723770404
1.063239770199346,0.11251997102412972,0.060997951593365726,0.09375111937552182,0.36168203757071515,0.14894817297784796
2.314521105654003,0.07888885060830643,0.05039912915182811,0.1561652633925544,0.6112672411428848,0.14695710340604826
2.074762720458203,0.12402641514161003,0.08388555954587207,0.05543013110829147,0.3808488995015879,0.13134530990979504
1.3793276079814858,0.14301505614460003,0.024587025272500902,0.06349694349789317,0.2598800840897746,0.08017879782293572
1.0893442079491122,0.13642739952279534,0.09161489512502985,0.06568343763876869,0.16464038316969742,0.15766412999544527
1.2151570462956636,0.11777615003989123,0.06715074553350853,0.09134084093094376,0.3476120208989297,0.0785510893816643
1.2724235590789381,0.15306362355563777,0.08406858499895956,0.18871801694829637,0.613776913192777,0.07770089641082209
1.5446495791760866,0.16683243978308387,0.061371489566598714,0.1122070278117247,0.5089380482156791,0.21057008347057182
1.8119909924364859,0.10814725809137685,0.03574238889236862,0.08537016303264965,0.27240619399981203,0.1036405250382291
2.0418735279904157,0.10216101007589355,0.04457068354616488,0.1307310226738351,0.3084751735190427,0.1242404827346396
1.1184779229765995,0.10910302704411637,0.0672585607887455,0.0869873374458546,0.3513492260043433,0.07791171330951455
1.3454653139103514,0.07779613946845762,0.060879125178716936,0.12084185101351258,0.2783886296342219,0.161904234156466
0.46080937583821413,0.11988709708618742,0.08049155454148901,0.09438866322068991,0.4331571763339238,0.12406871273369383
0.606544506918411,0.099258885647314,0.01105035232529896,0.06868948876304076,0.4482336454002076,0.15699991594630786
1.2883727343296996,0.10476305799002783,0.05318236132359527,0.07277094119067787,0.3353886986238017,0.1595044197943634
1.305620740215605,0.1353203398470584,0.03028827575713077,0.07649156430767567,0.5431237584447809,0.09069198143918503
1.664107791871,0.10731568177806845,0.03681416024219611,0.12671379009717962,0.5303859891306754,0.11971134343000225
1.505183852315109,0.11309525462538456,0.08077524684188293,0.08525973056897501,0.3582650553192762,0.107965222686017
1.921696149143556,0.11032704391782366,0.10186241991977524,0.05994008674875412,0.22859484370954417,0.13834141118255214
0.9238145987937869,0.1499063972038695,0.12081579242761183,0.08702261238230459,0.49301377965521304,0.09380944582055514
1.1466333056440976,0.14122760774997334,0.06966946159532375,0.09204064933695102,0.5113483229453787,0.09227677420777715
1.2151397514227544,0.08664520492555855,0.073893218918646,0.08740707268682077,0.43755574515327134,0.10809854265628696
1.1585399260816207,0.13088314537303,0.09696687655706233,0.1222124402277972,0.35996676469261424,0.1664422196888698
2.0778480186753012,0.1196922434643819,0.0323109046606903,0.10858841885744942,0.26686198903273406,0.12228544531614867
1.8824816086817622,0.11357460897031664,0.11075343623988537,0.10941059303875036,0.43275891525885457,0.12654874894919227
1.3389765562397131,0.1377444168322286,0.0625337196741232,0.1151771836534187,0.2722312918422159,0.14205087615797227
1.6942673191956932,0.10721119658616124,0.05795888025007644,0.1594557500280761,0.5219368609835696,0.08708811214936932
1.7849481318834535,0.09015611975855495,0.12801432839295873,0.06967572895670335,0.25158874451347485,0.05090381135103815
0.8829576559305021,0.10331386010948944,0.08531548873206138,0.05356256446222804,0.343753559605825,0.10335665195698578
1.5639716867614943,0.17047105797070816,0.04524374142243266,0.13689366565297692,0.39509633008932116,0.10257903666826612
0.7133146363859175,0.1549043961638746,0.0621702788986506,0.04738727160419417,0.3383331238481189,0.14520988917359634
0.9287262681013752,0.16633851564888524,0.03750246102365657,0.09061922557335207,0.5259521580650494,0.1293829407343206
0.44580079466089473,0.09494936333288646,0.04311544747261965,0.06468766293969314,0.2923642214429148,0.08624974329845347
1.1212093609381775,0.1393175879826673,0.04785654193122572,0.09235114868519764,0.5130290520829106,0.09182997658582118
1.0733619504171228,0.060565183759579075,0.0405056942705789,0.11180003939059013,0.3885191036504999,0.12985956732964468
1.1813439228464846,0.13874765782608603,0.04493807759708547,0.17535539357399388,0.46148860218054355,0.12168630100366071
1.8830649081296191,0.13547006621323948,0.043061989613020234,0.04303893414413506,0.4707639111160966,0.155643122539454
1.150057273251803,0.14312858489668284,0.07901382629632477,0.09453584017303752,0.36955077974868544,0.07200413906454214
1.2243499557646491,0.09703640671120142,0.01953346954443222,0.06057333199580471,0.2475162676894511,0.18278682671301075
1.2855670021299002,0.0663561404357218,0.04453292444598818,0.0870055519708841,0.475762372437166,0.15141553461094626
1.8556235819281937,0.12472284530664256,0.01738417160803134,0.09071482930271436,0.32618473365819656,0.12590542468618737
1.5006666398626407,0.1408951557033553,0.026291766885316318,0.08593628567278543,0.4425038404638027,0.09626551757913573
1.753088475639208,0.1252274870958567,0.02869697059368324,0.1134296457125216,0.5374576311746512,0.13524419136407118
1.0740086141262268,0.14049971454202603,0.11556359016385298,0.06943074841455371,0.3570891053077594,0.1138556649725244
0.32696825087582326,0.13952307673387337,0.05185588089751227,0.03299395230804415,0.3827632936911586,0.1429646342543278
1.5451955952351595,0.08288216000503576,0.047145284048968145,0.12262231298448495,0.3351734712130703,0.08200344146029956
0.6128776917695269,0.14122618826175468,0.045817684806909856,0.0762855881362664,0.3423016571533219,0.14458070767289802
0.8084373737220416,0.07094268573090082,0.04501187064459117,0.13098598232760017,0.4340423406470885,0.09081560386860918
0.9024421134016375,0.16691417048468551,0.1132128040282782,0.13181519504785483,0.3229387531056251,0.09911302219526164
1.8603490388099497,0.08668112222939314,0.01785296055766147,0.09506777731305938,0.3977252887526636,0.07374203441630973
1.9145172205456853,0.10915657515726265,0.039630295567240695,0.1342902191585088,0.3447618312056342,0.15460653122035273
0.9077751949776087,0.13990348969574157,0.02237163802325502,0.141472019207042,0.278734658306552,0.1195136680158086
1.3713185384725284,0.11649594420244413,0.02541404073334351,0.04731436261995173,0.4035133079800419,0.16141558605854006
0.4519168548663839,0.09367472552029094,0.10377854839102324,0.16763054127520655,0.3886590811347856,0.17239082390229002
1.5156338412433255,0.09015659483065158,0.05749152479702859,0.12037607436181931,0.45161421155384773,0.15665353658144487
1.804841801973468,0.12885760723987583,0.06169157771805761,0.03817198611108281,0.5004600836821798,0.12876925691440835
0.8825591752619276,0.09793874007804731,0.09280541687045304,0.07427015579139558,0.38997573013892395,0.1505823210233765
2.0073353609819744,0.11454185667955635,0.024140509144059928,0.12528860568653652,0.47441335737438317,0.14855640722793936
1.702895569703054,0.13567368755662274,0.031326048682196544,0.09870566766564069,0.44083596427348865,0.17846920713296377
1.7557606236507641,0.12040258665417727,0.05708213998122218,0.060835867822353035,0.21087592210320136,0.15034290725805116
1.268780675365428,0.16219155132506075,0.0422756767435739,0.1106865904865557,0.5105802744092071,0.11937037357439581
1.4558568103945964,0.13838017270113334,0.021990574843523195,0.07524703408682165,0.37253642930305236,0.11096041772572439
1.26030775614273,0.13455177877556795,0.02295044565477383,0.0675595247525698,0.4661027927711279,0.1253707694910549
0.8241651225720393,0.12920963754319623,0.042338336326914965,0.1232869655110702,0.3076551452925019,0.15403594540430127
1.85800789067717,0.13900752722965162,0.05735225405856337,0.05666700936835874,0.40913061348283636,0.09355635165538528
1.5181782855793953,0.1397203799892774,0.023860247330101805,0.15656845013435897,0.35879871079666814,0.15345558990311078
1.1124216701108156,0.12706988486686882,0.0966655041599395,0.10121538886753938,0.3587216739855772,0.1105255870931959
1.4935664046640245,0.09274668408079895,0.09511392141145637,0.13836005005069538,0.3837532652859186,0.1700760530754136
0.9260404540550365,0.06288910223648148,0.06202828628212799,0.050732115195145366,0.40181046685384025,0.1341160335308728
1.5295386063013838,0.13732312571690955,0.032849930719968744,0.05482432083205822,0.39871554639070445,0.08544302821180698
1.4934734279423376,0.10519140121664561,0.04117677243399811,0.11856131897017852,0.6522261777274809,0.1239546819334569
1.445610233903827,0.0839821305289429,0.07666766408279299,0.1362033591220706,0.38325380409871157,0.15078229678253757
1.0754833545971245,0.0990909685443852,0.025246303394107168,0.08764414115400151,0.5010754954847823,0.1357517076046289
2.444310585811378,0.0891917874264774,0.0455467895481253,0.14486368078212855,0.19480372881179442,0.17089663641661867
0.37866411033110425,0.11492300295322612,0.0339344323128265,0.03428026040820967,0.26551764959442004,0.13506502837360784
1.8520351824439865,0.2005290551899011,0.032302862488986575,0.13955960293548486,0.37125176318467257,0.15374711226782745
1.2215554372024822,0.14445630315814684,0.03612362432241097,0.09971988582661764,0.39362934144307515,0.1362727074317101
0.2681641854126018,0.060660125728856,0.06578629958803707,0.07975232762681388,0.5093529291150647,0.18454293789160936
0.6265201204257017,0.09004980883607717,0.03775758794158001,0.12071445649653116,0.32512304453168656,0.10899795937713982
1.450033664965947,0.09324531541199116,0.023899358309609854,0.08111428868917891,0.34055624304937265,0.12497463742555388
0.9314915681495415,0.09869048382746924,0.0223330936026136,0.14484005547853385,0.5309080314078999,0.12306260112566002
1.04500035314702,0.13403159693897118,0.06311447308985889,0.1318515834946498,0.37389901112822693,0.14403944260087528
1.5064725113927793,0.10005096667169183,0.05522183294433302,0.14677662177082135,0.34343425333123895,0.09953530298624619
1.4696594421398148,0.1094839729568234,0.015281183318562534,0.07240461073237495,0.3772938937399493,0.17545379330950875
1.943849518852222,0.12637680155501094,0.052038724080904056,0.07966412429980663,0.2304719876762773,0.061361917624181
1.1613816396072967,0.11804162534221156,0.0306400440861454,0.04463689599670005,0.5096131429039722,0.10833840725012682
1.3938803205148822,0.12061609894367725,0.05650123113679839,0.09731735384572794,0.32803685049280107,0.05936157512468242
1.3790365427998843,0.1129386244536803,0.048984454629978226,0.0924492970434605,0.2878429123003794,0.16763147628122776
0.9162884494048412,0.16240201790418518,0.06264869096238211,0.05303449620129799,0.44466384316613916,0.13095485469703183
1.4240050321852724,0.10087768153846385,0.059578709982704856,0.12300229989537464,0.45484007917743424,0.11891477219111264
0.98994948483644,0.06368731832348756,0.05706784687158203,0.07201306153058394,0.22542154419973626,0.09752964921860141
0.6116359358111493,0.1343201621039181,0.025179431481248214,0.09056808451795641,0.4387440277517469,0.11285406817676416
1.7745863845916874,0.10548538879090275,0.03695740438422093,0.16859303776398948,0.48503436160383473,0.1747954493935873
1.589302755648742,0.11551546982373098,0.07841405323803988,0.07619776161350122,0.3291927330240779,0.0869277053730583
0.39225456435470685,0.11104510183477267,0.07521604648394495,0.057712985615144104,0.2641353980926485,0.10615122364009995
0.9948839584537074,0.12950752424718004,0.05078931724366218,0.1450386517219795,0.34294475202804015,0.1058247319417375
0.5055843271488705,0.10579852046712016,0.023797623876769206,0.04802465631098153,0.4327690969372546,0.21109671649160977
2.2565068118779488,0.06751583720896008,0.08383038738535628,0.1338039452388978,0.33221619808423175,0.07962352160565336
1.8344836788464278,0.15417662446784602,0.03507815056877622,0.1552304288734134,0.447819688639137,0.17606997826693108
1.3174048841483643,0.15901081326374455,0.011164997808648179,0.14773915140703467,0.3580608877745937,0.09908913481504622
1.522268053933133,0.13099719380802277,0.018191841583558965,0.09714346162954339,0.3469416956793409,0.11958513585719736
0.730383751483578,0.12340085084521302,0.04162814620425397,0.11182069710678963,0.29873274298981745,0.1203189217881716
1.27860577095625,0.14112132926235404,0.0802263895158665,0.06621602081534769,0.3486272388612334,0.18385382066860748
0.9532587359456629,0.1339747415242875,0.07174302405086448,0.1295922967001534,0.3832461077996516,0.11451817865826588
0.9894563551202662,0.0978672887529743,0.04078453366987482,0.06048339763069551,0.37982576467606394,0.1645207147834961
1.285525812237657,0.16597919543463596,0.023283906582884487,0.11182655438606953,0.3507474431035661,0.10822956692195387
1.5544555174213728,0.09796413091320749,0.08018883070145916,0.08038807402072518,0.3285513445938473,0.1478922183516812
0.9820109326426946,0.10975838031470456,0.055333087844844794,0.10740937789107122,0.2920208841438632,0.09068003687069402
0.8466034927511557,0.11743543538839198,0.03202377659512375,0.10939297186833047,0.3563737182938435,0.12687685633946966
0.4192142909545463,0.10613788005849425,0.04798879138997261,0.11624055077449674,0.5384122795625177,0.16002263352089316
0.3553874611234029,0.08255077320589167,0.02412092844106104,0.08837002668337929,0.4550451386349501,0.14752563574811814
1.2239564748753078,0.10118495737563295,0.07907293469640778,0.1494675211269541,0.5314808975029846,0.16983159569068906
1.129634585867927,0.12373002179408416,0.049726636819741855,0.10468764496037779,0.5297287697113617,0.059846570361989954
1.267157943089086,0.1297678680353546,0.060683923983801936,0.12814928127690625,0.428575990157781,0.10332290818918474
0.8264126969492186,0.09112282840431074,0.0222309053297229,0.11642831025364177,0.3298984251220085,0.12008890081437867
1.0139483597849084,0.11942844623273136,0.052312951932938,0.09291810740139751,0.5651474055205038,0.19856249169942508
1.1462453022317602,0.11020875632947906,0.08865176405332315,0.1065686751243848,0.5329682556910386,0.10755242258250083
1.3701552100885872,0.12358697668090238,0.05536129911717152,0.08434215010275452,0.3809425348776727,0.11517895135293332
0.8418905554179331,0.13891114571992888,0.02546425721296983,0.16354985490547308,0.46602399969654257,0.058739398977944335
1.054636906857099,0.09988810585297526,0.0510151278741497,0.10146866726174443,0.31850474930837236,0.1338299355040388
1.101679147150802,0.10380127279851148,0.07279626835111302,0.09841018483918224,0.432643327335796,0.12843345142946055
1.1279150220757983,0.11127454176146422,0.02402837303824124,0.07034303711761611,0.3945929944525866,0.11194721818968958
0.6596523539471887,0.11513573461179684,0.05055941193239801,0.12129357635509941,0.5409071074968261,0.08583152234191758
0.8654160348927333,0.1420389789116477,0.04427168049167984,0.08311942646069688,0.5767832874626108,0.10868664693132789
1.4289242628816388,0.1080285677051435,0.04544154863937025,0.07289142700368541,0.5923274381180379,0.12432829562072421
1.6642540464803022,0.15052504086285767,0.02849098440077945,0.13072455899463287,0.44159437960511916,0.17193572687708625
0.8121141029291695,0.10250567165995951,0.05645219419798909,0.10383283731906491,0.45065699669382075,0.13979501170063285
0.699804910974342,0.08171866224941218,0.029272616511192538,0.1485365071877518,0.2578494993198408,0.10395192827801444
1.7573665479480476,0.09240031622560868,0.014702549992950415,0.0819847871917393,0.45331245318849805,0.09018035041366752
0.9825776298594932,0.11443920788505837,0.06690560796098309,0.11928412313364856,0.2875587532083696,0.1544475815497613
1.4955623018260542,0.13314104518948697,0.09326316700301639,0.0875267428910742,0.4922158472703621,0.11209783538087584
1.2733740749210252,0.06247593466226567,0.07555697498152775,0.16909900907704026,0.2843897479706063,0.12101891202339449
0.8570084507377961,0.1162336531420535,0.09605466287054543,0.12638440975950332,0.4493490085550471,0.2123162514630702
1.08375044779708,0.13554134126035092,0.10387135795313515,0.04514682191428684,0.32500227766043227,0.10308472118135742
0.8098289608323253,0.12773581730784833,0.033897987086760006,0.052904093099187456,0.5584220291692756,0.11983074162158404
1.2655154327738474,0.1210289391911846,0.011690896065567488,0.1108144230511172,0.48127180891956706,0.11074843882608354
1.3404928981153197,0.08246932354561802,0.04317199090276712,0.12870549079161722,0.4216098447681561,0.12276955316999798
1.4162375714590814,0.10521211101632469,0.07572219749758526,0.12904659393684675,0.533522522399954,0.1004873215814234
1.771238368648382,0.08650153619744966,0.024347724070040162,0.09959796384521451,0.3353033786325739,0.14292590760563118
1.4178228714983672,0.13207098484576074,0.06861079797265521,0.08820034471945291,0.31270697870737424,0.14430706228264306
0.7711322851561876,0.1331765921951878,0.02066418611306091,0.05800969555469384,0.4673926013974777,0.12428547846729164
1.2276137217377385,0.08439957484676264,0.0222077794925613,0.051327435482517655,0.27569559826479595,0.07387640331721435
1.275731232240086,0.09168427792447381,0.01010069950137514,0.08525784604585604,0.5179292350984115,0.14204615229084128
0.20202229527098337,0.1829292890054529,0.0949732699680812,0.1326700744807956,0.43787979762323953,0.0854240281155831
0.8048580279836368,0.12250844887482426,0.04047270516137152,0.10800169921499027,0.42847091800330833,0.1387695671436193
1.8992921289285523,0.12184607530195272,0.01185228527593507,0.11353038220624798,0.2633869595290926,0.08845942752248792
1.177871919264463,0.10228857895309654,0.09964597979908102,0.11818045136562078,0.4149247870015695,0.06523543672890332
0.663803154480887,0.10701895857914738,0.12902583729960432,0.14103020091048482,0.2704942862617167,0.1624548010655545
1.221602913500513,0.11854972167943294,0.02798968613410487,0.11174687392582232,0.3583782332728247,0.12958084737142958
0.7203586073777933,0.10622863391201808,0.08587782540817707,0.0831721827584066,0.42734744862126073,0.15869382112246716
0.33879235866662283,0.07903730875564707,0.14545131414887824,0.08583190513774687,0.339209085745132,0.1023240764238505
1.4598957891609765,0.14302779355147854,0.10421468576867736,0.09914588084458015,0.49567612595386273,0.14424911987914227
1.0109159683948166,0.0948566825720152,0.0967812937827826,0.14602088872695598,0.5264786943892981,0.16736521701502308
1.0750925568378449,0.172352144476089,0.027755190693152767,0.07469676453071727,0.634180455454869,0.061694245922980756
1.6722646050609795,0.1145790035776149,0.07786444172435969,0.10292958436361503,0.19752481541095568,0.11972982704394394
1.44446318878338,0.10056518897638231,0.06049172478628654,0.08955357351503881,0.39988512649491836,0.1486785297949724
0.976056747700443,0.15533019932455439,0.04459016561958627,0.0774109102806398,0.38016467118641184,0.15623974420395476
1.4511115201384606,0.07002668319896788,0.09385265736937284,0.1269246681443773,0.3040109628273088,0.13271227529267904
0.4836574581388099,0.09912236129304902,0.06519216562882686,0.1336615167148004,0.5178646568650966,0.16280790220843383
2.1207503881489713,0.14013007305447614,0.02120230544350065,0.10021302504885951,0.3548183420728996,0.20037863722648191
1.3400609625703166,0.06055381623227918,0.07843728318552115,0.06385199661110069,0.6209611888612995,0.10149586468286485
1.0184643036894059,0.10430211712462992,0.06127726929629369,0.10801510880103485,0.5675955356519955,0.1285462469491156
1.345078313490758,0.15272293113321475,0.03858592728892865,0.14795327285422313,0.4972121622330727,0.156717542708238
0.957457805301246,0.13406798560589447,0.05344281697369608,0.08662885969452915,0.32991767432855623,0.11067347837157727
2.028583545392947,0.15395630526068327,0.0816184644221101,0.08766931039728701,0.36979653297641835,0.08261825187360392
1.5393241586012298,0.13805809045542078,0.03811587010902057,0.07571392670936829,0.31063993119392036,0.13413617544201506
1.2359187139670764,0.08055702771546866,0.046585065315613246,0.05632967715339471,0.47705404246868155,0.13225199086379524
1.265819843281961,0.1385749536968259,0.04156423264328028,0.10357401589438088,0.37998404149875203,0.09433995143999031
1.5973017297316534,0.1503337430489629,0.03979027346169313,0.1595237107911538,0.29684618737682306,0.1306648926235778
1.0941293537830319,0.14507093308377939,0.08295154020972739,0.10875302929979623,0.4485186775698402,0.19998644575241709
1.473598978365515,0.09367095710136529,0.05517343560456454,0.10899862441223304,0.5023841533329284,0.09366129439666833
0.9782985616597123,0.0880528680075546,0.07399384698563109,0.05127611509664042,0.3994859315235719,0.13839504092977173
1.2546477437467196,0.11604100077426217,0.05207319552710706,0.0723569066327908,0.3094244732527055,0.06335195343892885
1.7640648275822965,0.11136454759169734,0.013092559087679992,0.10808728140181147,0.40500064442589073,0.15618404409714143
1.6024467232262583,0.1313100224686043,0.04386013146745988,0.04994172204842091,0.5270404709356624,0.13223164406663906
1.2977939937243776,0.10833131099212213,0.04492435775359155,0.0731468097439946,0.45186849091599923,0.07891152417944428
1.4349275400090185,0.1709249792631253,0.028520698686107883,0.13883600755738784,0.5356582110224517,0.13250603255892107
1.2443268862750085,0.09479635943231639,0.08342998432581075,0.15887195997133968,0.374012092706866,0.08525309122850835
1.0188964387462107,0.08688468849274351,0.03225203082138466,0.04539538440246666,0.5686299279585211,0.12385027203595837
0.6581921429679973,0.12026360800177023,0.038434522073327565,0.1531965923249204,0.29993664812102533,0.0606841963185612
0.9414205258261898,0.1368368440388951,0.08017845049096098,0.1086324058521819,0.4380484674524303,0.1330514844673816
1.3119463873339652,0.17518412278680895,0.06416876333633853,0.10582816870850723,0.28723161415550624,0.13627516536772483
1.9521989621566869,0.13905241669778878,0.023944301384993275,0.0642491623532547,0.48487084216746634,0.11488758155847624
1.906182394658251,0.082808078539111,0.12191559028564332,0.08312478527823275,0.4463675984003328,0.184221468845281
2.314149159152815,0.10505285166411998,0.09126220910397999,0.125829001548193,0.29644177882266604,0.16490598751922692
2.1493749103778717,0.07715315767733533,0.02626450072241792,0.0940422206110013,0.3898151524478644,0.13184022652462285
0.8549674550729793,0.0971434128658697,0.12945524708942824,0.10009799632895278,0.3834407965609303,0.052352241467990376
1.4071824862774327,0.15004004018470937,0.05260769425423893,0.12749750009537433,0.3571785002660918,0.09768519088090091
1.2719112849544532,0.12732694754357154,0.09607006720666966,0.1559577499521712,0.4577480801258933,0.13082239025581358
1.7407558406392518,0.09949903467686398,0.09616057312442045,0.12579877088924987,0.5342190511778715,0.05441878927624291
1.7858832489818661,0.07183100396588268,0.039733347855786055,0.05362693552578141,0.2922200021091909,0.1305836996516772
0.9905671006953639,0.17491245223864033,0.11799264708583702,0.18478010723604207,0.35805793525673124,0.05714710868304693
1.7746286134848717,0.11450369361766492,0.04981549178064054,0.07660267783785735,0.3124240611814442,0.12818371103116855
1.0751958785753417,0.14878817682005158,0.03823730670589844,0.08930292288572057,0.4660000233966849,0.1612422466872402
1.9613479546970058,0.08311111115171739,0.11276561341808246,0.10987264034162122,0.45941032213866834,0.08682234437007746
1.6010290710998076,0.13186251686287404,0.07994720539100103,0.16098799384143916,0.29083765742063644,0.08555224089445158
1.1854832848815886,0.1520195432714474,0.06084056589990304,0.15868630581672938,0.5971420354335197,0.14304172179313782
2.363654525266469,0.14392937700357505,0.02780148105972688,0.09049331643985332,0.2129274768944295,0.11928615858774258
1.261099019236305,0.1394058292860709,0.01934888513427959,0.08406206960346946,0.31751282745049736,0.12515523870175482
1.4163209947050586,0.15997654097391867,0.029060818967310293,0.13745705918356144,0.4107025933230294,0.13528160565652042
1.8230813029830788,0.07818004623102864,0.03774189142612207,0.13072728999682903,0.3340819854444667,0.09250275229260879
1.0398547833593796,0.07714280377770605,0.03284329262361876,0.14020481340838142,0.30180139249182814,0.1782457238490903
0.9029835002840857,0.12077300524488431,0.03293550541948171,0.08235390819276045,0.2412028886782742,0.1408357095673609
0.15627842766296474,0.14498243143793255,0.03920046738609791,0.10096045145338942,0.3892163869346017,0.11921535335391648
1.3363787749147322,0.1396945421332779,0.05619279292289849,0.14273071518181107,0.38649789675271473,0.15196209694152596
1.3887474442408572,0.10817054127249857,0.12335775413928826,0.08350828983051566,0.48542728599262636,0.08668884807440164
2.0124331565212383,0.11838764673156638,0.04477039778738853,0.1337606416345584,0.44657016829058677,0.1303433972988365
1.9701503162912548,0.07831606241932859,0.0865690394513614,0.0633287929729092,0.3649493623684583,0.11181868548912592
1.9506187960577033,0.15637345106556833,0.05030395243027994,0.08427841981201228,0.5554915476407518,0.06287462464044329
1.7921302884896533,0.16591667686455716,0.12351203127670124,0.08181658119705826,0.367083796444968,0.15237859228435596
1.63241194874019,0.07766881280446777,0.06673383465317423,0.11744127926337601,0.45962385072037637,0.10746383559534503
1.792133577693245,0.14213193843790034,0.058293917141645585,0.11024196168702922,0.42209619972457474,0.13416458783316332
1.6018233614503163,0.11018940961425741,0.05570313729144385,0.03470699309400506,0.4587901935605272,0.15715852902007071
0.8063757745802796,0.09268629191456997,0.0931345006769789,0.11610264011297022,0.40583385526653887,0.10783274939949565
1.3510783370521189,0.13448319967096284,0.045510162003825246,0.07525121440499932,0.4180634221476884,0.12877700915397305
1.5084859771080301,0.11881249375242736,0.07655356670640914,0.039994831042371275,0.32431205979142363,0.12738489606265513
1.3827027641636398,0.10433004463724674,0.05368820341641893,0.05651318900437441,0.42136335981567313,0.1902489554885273
1.7001200282852098,0.17400163707902577,0.051828476866337334,0.1033786667763624,0.38675744471476503,0.11223049212975938
1.5363863960144244,0.12085672435547061,0.06098928100509146,0.10316417259319159,0.2974020881447166,0.0855895959129291
0.998666042774366,0.089330923733496,0.10993535459440992,0.07249854538581602,0.5449515487840835,0.1815263349992029
1.424551100919112,0.08036576795219402,0.06901918855541071,0.1458023045377045,0.48974173374355595,0.12647973694958506
1.1339111550456566,0.12865904622189933,0.06299165187299453,0.13914193370207179,0.34209421306061666,0.13577224440029734
0.4567389705686473,0.11698269279942623,0.09734969004855848,0.040697158744526764,0.4899316307851431,0.10810890891240005
1.0673612270637687,0.08526681967232166,0.07340007514550527,0.13425399920662245,0.31656245761473545,0.08553342015873354
2.071428291400199,0.12183876013534416,0.0972302368446849,0.124460120624922,0.3517372848637883,0.1294343417969388
0.9513552514111483,0.13105494813032617,0.021450382313532138,0.09191261264933329,0.4148444925347327,0.19901648990638687
1.3278147441890924,0.12391553789417104,0.015439728681110446,0.07237741219380196,0.25793530612496707,0.18119421219371826
0.5456532364243784,0.07857142407800935,0.038688540598809995,0.06815005380643216,0.45035434161298515,0.12588535625117925
2.1889373669098973,0.15621056191630248,0.02484755729069678,0.1724764281275695,0.2627163834754963,0.10698584857404284
2.0078542370922468,0.12278945187078205,0.011377031303429784,0.10454425110941538,0.37445706523849615,0.18900499292763198
1.3141494577433357,0.14585829975014553,0.10245822715341063,0.12135720417923113,0.40261454931762203,0.11503850844811837
1.4546173223148369,0.15340520828167178,0.029324125408205916,0.1686112126874838,0.48520837745949247,0.22103347584826893
1.0011104399846151,0.12539286137123826,0.03657775731676701,0.13144509189427872,0.3760911234790297,0.17703749604651453
0.45573273227213673,0.08920507223798618,0.04172639905116325,0.12885806891794097,0.44853978422664775,0.11559127456133601
1.5159481054118125,0.1495544614306939,0.07958491631093384,0.03835400675727519,0.2541167416227339,0.09941891079783971
0.8279641184274801,0.09878954057490723,0.021693680421424083,0.136906167602391,0.3984102183489764,0.22050070826000945
0.6243945655101042,0.13603354241830537,0.04845033126790867,0.04620264964010311,0.48863781267011963,0.09763940670930724
0.32180761382279577,0.08016181749786702,0.03909167303950281,0.09143855619475524,0.5184443742567839,0.15698370431500103
1.0337666444261089,0.07805338710587503,0.022676951286641423,0.08454837856931327,0.33723697001166675,0.1350703248307441
1.2697495862629837,0.07866667780751754,0.0632412718392594,0.13695133189691702,0.402230315195209,0.11511200445392113
1.0602755335506848,0.12504593902298042,0.04263220891944192,0.08170360511406731,0.4911342939345085,0.09426085585808323
1.890205219972313,0.08818978329840853,0.032003010269134435,0.10523894485407165,0.34944791287883,0.09896632388802518
1.0142641678434283,0.11045018154885126,0.018675339828604903,0.13104742165159433,0.4425976011825327,0.08576683292742601
0.7459081559161109,0.1401663866091855,0.04985210015968089,0.21997388779959676,0.3234666579637163,0.10912851354575676
1.2963321544108868,0.08426481853950649,0.026419546520086,0.07749926782469094,0.3977005101406357,0.1128020400303094
0.9363295730647343,0.10704142210917911,0.043135856321520255,0.1074786851523364,0.4758923976919743,0.07039207750712131
0.9689503507792524,0.08564372546848122,0.01704605463653061,0.10662661840357293,0.44699450390641815,0.11881866263459392
1.5256184129727342,0.09679573503895217,0.048759129438025475,0.07543628049744881,0.3980638957320305,0.17702862598705296
1.7690726834096275,0.15879498711507056,0.018515655740986667,0.13726819859935957,0.4477065822853501,0.10355647386776115
0.6846779973729011,0.09197972096946155,0.07668941540186575,0.12104146496556922,0.27660933195831783,0.10771158397532402
1.4595183885676553,0.08772059669700494,0.04182203416872733,0.11435312184735148,0.36754675329617953,0.09617329864544409
1.000098157888559,0.06682680911640651,0.08128949041302325,0.12941378295442413,0.397765259064671,0.14588554423175074
0.8701291346079801,0.12196824324113326,0.09266205366297872,0.10862960224863734,0.4669609974282319,0.07693547659720387
1.6072260264915452,0.12451050279068206,0.046557609632896825,0.06227966690957051,0.38168442004570724,0.09993206156716349
1.1516917610052329,0.10152025781105799,0.05529963356115675,0.05923343001008123,0.375782550970746,0.1129195083273956
2.038496139897277,0.07040130357938654,0.03955971932472708,0.07247318455910366,0.4527288230785468,0.1208148828463143
2.0357391093390804,0.12373775621888602,0.08672355455470981,0.13253492528134123,0.4282349722130166,0.13771046942072404
1.4972113826116036,0.12165625704915427,0.06541852845879029,0.07875195509189156,0.37912489648364794,0.1285849889164418
1.5240797518704352,0.09479273883557301,0.039077956627641505,0.07163978323028389,0.5372021836506731,0.12653427193934821
0.6940121805744327,0.07106353300728052,0.05187975151758475,0.12045648677066717,0.2970782813548007,0.09203906732537356
1.2798785674176714,0.08502032688000243,0.06539953876880869,0.11026295350473087,0.3835603268416536,0.07404390320635892
1.0759565979789683,0.15251240068482583,0.04244190961320911,0.05215219122325194,0.45612098145810487,0.19137067663500273
0.9024476726742344,0.10582337120892232,0.02577539859216503,0.1348818117369338,0.3375875262358109,0.06032550823602027
1.2797191625213395,0.1172945580780681,0.06130661796146493,0.1153700353748323,0.4592571376794945,0.14586766162142092
1.9135298877884712,0.14636604498816758,0.09022002591220661,0.06134438726334362,0.5952919958163814,0.12905152353312307
1.9114316285253223,0.06961457271707555,0.05441901071234032,0.10745865393460846,0.3207874220743679,0.118900637658226
0.38244435539389243,0.16009068933850767,0.05508564011579764,0.046415074334572294,0.3262626376864092,0.09912636277274914
0.9894917340806791,0.16369528174024947,0.12669642700641365,0.04036466693234888,0.2749613878437805,0.147255848583545
0.9859500533336466,0.0942182091255501,0.07288903433608647,0.1425396561271226,0.3279062140374563,0.13067018534131702
1.8237175632091633,0.08138201531084757,0.0871785390677723,0.07898871170144833,0.49245946479093256,0.1579882452818817
1.459524378819237,0.07692072782849402,0.03835311738367288,0.1090090167857569,0.4138172362592975,0.15484517427266542
1.5416577610469642,0.10265595906571376,0.014935460407957745,0.1585185390397048,0.5279593368780316,0.18401765223296376
1.8598850421462727,0.12529832760894757,0.04213606166959135,0.10306192898916053,0.6066128386214453,0.13379516739048225
1.7486279912289338,0.09788341688789123,0.02664330919724656,0.11274776754134148,0.25169206380382914,0.12230393027045187
1.4135634804298398,0.12852727335977812,0.05517408364579799,0.04505868603686898,0.40188701843177266,0.16330346261981987
1.7785452163260551,0.07725607369687379,0.06282707058459683,0.030625721562497044,0.5225858480496052,0.11550156927094145
1.5573834930531891,0.09003504592122158,0.12215477825337998,0.06521826746761769,0.42728986451051043,0.12000827475695057
0.9255796108756466,0.08929210280287278,0.04039962661198194,0.13328442395877435,0.3228805243360207,0.07921006714442559
1.7048586671229502,0.12200745330187346,0.035044850941359826,0.1338835541939289,0.34620871562416367,0.06416727301662885
1.5241663542414283,0.06980415586533323,0.12321346016109311,0.16642314408115566,0.3187306546443892,0.09137939975240128
1.3054979384131007,0.11495501109757407,0.051158083986564115,0.10120559867688636,0.290626489177419,0.11332415398253097
1.181657191293106,0.08087926378624449,0.09271143087301009,0.15536181468422716,0.5361891685355127,0.14464988276258564
0.8905435655913699,0.13860282274925326,0.06367085115235122,0.07397904283394871,0.6382898830555073,0.1442157740118444
1.733233407145192,0.09591213138211364,0.07054032781250563,0.08741684414568121,0.3409331774717696,0.07985182861516968
1.552458690211469,0.12275207181236847,0.09849724542121649,0.06761346443489559,0.4070460336695536,0.0991087370944592
1.5443549898082376,0.18010308809473688,0.028745437331834486,0.10289820943998781,0.6016351712753426,0.09994822072503365
1.9310855255845527,0.08708893072739432,0.03403260200717535,0.09759337237327394,0.4384158030222876,0.15082542057709983
0.9011036069290752,0.09912953333433448,0.06285833687944758,0.09303253645383464,0.37519815636114073,0.08902552520627549
0.7480566595491139,0.15985039338687185,0.040856889356624244,0.13076057796301552,0.6814193855005071,0.18131317796885932
1.051285589083533,0.10591906622811005,0.02863205459333006,0.09528691764458083,0.3818639332093615,0.11725669372631436
0.795878355242736,0.14371308507165065,0.025556324855927657,0.03784184928956526,0.4621451355109096,0.12837707692739042
1.2900041625813128,0.13314170167554254,0.040581579732595026,0.03833464488405633,0.4194450126977567,0.0997948532580144
1.4763233265282127,0.13781761747895105,0.05801344762693422,0.07277923789156288,0.3385648263576394,0.13252837964608832
1.235581382923188,0.14794384772607314,0.05146139813657665,0.16440372158503913,0.45680417060634115,0.07863824210742953
0.4784158944554041,0.16052862722872052,0.040765502452643515,0.1320212644983305,0.36624812637722926,0.18618520999292926
1.4862196745258482,0.10018107485133385,0.053138800221266415,0.08231469965973603,0.43743669738613544,0.12328775628360618
1.2092750359125857,0.13505641792761208,0.06842192706117528,0.1043775841619709,0.3384437536983604,0.135587463704245
1.389851285459525,0.12399274945554001,0.057283752264018224,0.07601974689946198,0.4469401680728029,0.18131258826884838
1.0318473947957283,0.12515445900444822,0.018037578518277843,0.08862701162995702,0.4546048749904506,0.09271532872104449
1.1875496329172577,0.14183505028408636,0.03658562863830317,0.13565075909916718,0.3965499243275483,0.13889914799378184
0.8936901829842511,0.07528331201831055,0.031682783429947924,0.12418310483306298,0.1849753346028758,0.10390388483095711
2.0517758938009925,0.12674614472854548,0.04777529702968638,0.10971014407233734,0.5252616141193847,0.10611653332986809
1.13469947149219,0.11150470600772025,0.11721980695419025,0.14317225718489346,0.390808155737926,0.14776260571141345
1.7510319856602254,0.10102800922814147,0.029431466497119415,0.10093532694744728,0.223973742304162,0.1748382104810003
1.4199583370584983,0.1421693274883121,0.08408936265515096,0.07596485236092118,0.39408827483545594,0.1590341962460817
1.3640475207191856,0.08322792753455491,0.05663937403081255,0.06323716830971782,0.4503609065364009,0.16950086284655688
0.8272793972986177,0.12051303985855721,0.09968916655083299,0.08770152915019726,0.33544419317472585,0.12232267346574988
1.8055947513375243,0.10043934156033105,0.04339539874307301,0.07335791033171594,0.34646594904168854,0.11839599005224118
1.6904221775985,0.14855623149484332,0.04616463200811929,0.1472341697192726,0.31721316290279133,0.18729133029537073
1.3352055909403986,0.10466331678156433,0.051153664692477306,0.09527509371604018,0.3669654265519047,0.18583164265613245
1.5601415407078825,0.1250337601953052,0.012746320690799187,0.09422896735672724,0.4424408685282772,0.15329471597576896
1.3789664089573728,0.07893049839149226,0.0389117746594366,0.06557882839812257,0.27299764538498345,0.12382757865996623
1.533757709310313,0.08377925932761987,0.06236001705604044,0.08187812726779875,0.4339534118625741,0.11007985270934678
1.1578542042363906,0.2232792429406663,0.03167749021258595,0.0651962224414104,0.32791052157450173,0.10633923739536064
1.3293442621689457,0.13595144198829212,0.11290772176721536,0.03281422657002879,0.40600065138127733,0.16470357936074737
0.8348218313607741,0.08606712281502513,0.04983529339285443,0.13162388022868957,0.34458455129733573,0.19241043165087285
1.304482585738246,0.07375439491871749,0.021161900823946513,0.12418255195384723,0.272359706025127,0.14728879316054969
0.4218366126770994,0.11229616034496066,0.09970973910118808,0.051853037930624325,0.19188585875049885,0.08251396766826329
1.7252373959663847,0.12742744140562157,0.06885677198164514,0.144841396487105,0.4499841328765149,0.1658244221905139
1.098280144774276,0.06830137131196104,0.08595416824923588,0.107666470635776,0.27308225705716704,0.1732151356151186
1.22595070003869,0.1167526500470066,0.07914301767710799,0.0758044247051739,0.3254935469107246,0.11529132559326671
1.1452818384672478,0.1363439571752107,0.03603904826858553,0.0987132125655194,0.3445158763528867,0.20137016266931546
1.0896871573649234,0.0990765742918816,0.05943116509216482,0.046111869381053286,0.5184302705533854,0.09254700916708186
0.5380317367630678,0.08833319093833196,0.05181498887310318,0.14765065787143336,0.3841497160346859,0.1540809028201107
2.2716268816501914,0.064368917081137,0.050933083992575005,0.10766369618467352,0.4432827812793189,0.11203592824206154
1.6492899167792867,0.13369388077415756,0.06479113296005663,0.10252898500848333,0.34856372492512283,0.09247476300837452
1.285496413988462,0.1330778938773328,0.05566147544908274,0.09485977493447553,0.31239710067889387,0.13668728326793356
0.8530174188892854,0.16627359960563007,0.05330599306817778,0.10172245228396472,0.4152883125383282,0.09662517607893249
1.2110994482526385,0.10667837013401073,0.08755957427339467,0.09146252471235707,0.6165147542645015,0.15655865984158548
2.134501462848902,0.1655648224858816,0.06513144220572756,0.12456258332804836,0.40322709243807187,0.13561969454451767
0.5562717131559141,0.07261357351503736,0.01132384988944124,0.05893401847916223,0.5476709650027501,0.12538419383495072
1.604850858565094,0.12056508686252006,0.030242517400103627,0.09756088585063151,0.29296159444931363,0.13521549546709935
1.0812502669030726,0.12296564382043221,0.06831774914741505,0.1331136595508482,0.3978980451377965,0.1392142811575058
2.090351697784323,0.08630853057072849,0.04993561628416861,0.11860546143216535,0.5630613852651858,0.0871732608939863
2.0869865773268312,0.09355651931120114,0.11895403825869574,0.07871979944841268,0.3728170144155022,0.07413584090261346
1.8090925734445693,0.11912339592270074,0.11158349574658771,0.1160963354630482,0.5573734326822495,0.08443407291338001
1.4440345541376292,0.15012197535581367,0.10859592165592283,0.11204651426301158,0.4911455486817651,0.11963560870440043
1.52990388279684,0.11513627901559748,0.0357366286788977,0.046668752189836654,0.4883737641497219,0.0846750091811927
0.1586923574205159,0.1494767219360919,0.09871745233557168,0.12614763487936656,0.3964479343343211,0.08302926958932813
0.6089374321654726,0.1663282768103622,0.08728599119025526,0.13200769025164893,0.5059194916998611,0.09578609210329878
1.2551035938093624,0.12900324621568138,0.1028220265021213,0.11180844215204981,0.4442004030000203,0.10419091943703185
1.5537346988287328,0.0910963579986625,0.04117109131719304,0.1317177850355969,0.3113033727225488,0.09392227836113204
1.2684891258062168,0.11981522584166543,0.0383464614307312,0.0931154416054161,0.3034608956890657,0.1290425678467269
1.39745916274766,0.10897323958809105,0.03335098166219422,0.19187988932850938,0.2797355021492336,0.1987505280629798
1.571996449841496,0.12801302460627714,0.06300123294475703,0.09212671586106214,0.5307533651486597,0.14605778436952832
1.7031183272801624,0.11996282289204929,0.10238816848754614,0.05873331339205368,0.4342927600605303,0.13608298636672142
1.156128891234714,0.09210206574490964,0.0852656925305862,0.12306255318693442,0.45812475726809865,0.08644296550180183
1.689775772124441,0.15017450070754934,0.023546580796029514,0.06149927100780325,0.20570779980368134,0.1723687114788026
1.4413021561119637,0.13120645563553837,0.049964317201649615,0.1769497828970297,0.41362431280269685,0.11112669084834315
