step_index,object_friction,pre_approach_linear_velocity,grasp_linear_velocity,grasp_closing_velocity,grasp_stall_min_time,lift_linear_velocity
1,0.8365399438803937,0.08808335352957955,0.04818324311349113,0.0878060265249972,0.5782970263056657,0.14934735976138397
2,2.0351628759522433,0.09527691334246391,0.0783193694602855,0.08155631636051348,0.529887258210774,0.13205327007540996
3,1.1309158652759312,0.11658407427742132,0.05804761475324072,0.08505277639902659,0.3095546137793592,0.12314080390225259
1,1.5385984078241417,0.11015636137397976,0.060307997040064204,0.07599050187573746,0.280562957279898,0.17322818355353942
2,1.5057241215378179,0.12102535998420821,0.043942029959868886,0.14522152205824188,0.33564165737720786,0.12484193528825738
3,1.398683381194937,0.15767603111462247,0.13407498471949225,0.09843622229752066,0.20974322549563762,0.099638840252132
1,1.239691255070948,0.111428173316856,0.025497278594433757,0.1163628028477321,0.3441668280867929,0.15480105878401085
2,1.607727434207029,0.10452265623709694,0.03712347718181394,0.1451731812682837,0.4324380063486779,0.1323774300935185
3,0.5469974297923994,0.14858092980227897,0.02593129890281942,0.0543287095546193,0.28460231316606954,0.09183242309689685
1,1.400466687310911,0.10983797448421215,0.053963357900709163,0.12205936776389048,0.32670586104081456,0.13485014212390942
2,0.8282818202723623,0.0783208435155773,0.06165112296074671,0.06544773479215332,0.5053272650791185,0.12444622907229615
3,1.4254024377923304,0.08945806793845466,0.08033017907798809,0.08922719325275583,0.2549421991441416,0.1413760820546904
1,1.3211642660934386,0.2045136166843215,0.08003482605514028,0.09580573934240924,0.24859991426585992,0.10165911326688053
2,0.7862500037508431,0.09432378784541466,0.023798814279953992,0.11612487914248765,0.5417482319157525,0.1513754373325591
3,0.7596450915067066,0.11276658920651152,0.01273040393725456,0.06949838872556492,0.4449971854147486,0.09173015375256653
1,0.9858308974567528,0.15462422974237597,0.06718453856906748,0.13953813103496937,0.4225069298293836,0.13812186662199052
2,2.368539405914742,0.10435236390974399,0.06715047881829217,0.09858504084891952,0.3247676062014302,0.0925805773412422
3,1.7471710971962142,0.12312812433497175,0.03319956375759288,0.08457540875669109,0.44944119361510365,0.10372978679655792
1,1.8401241580351093,0.09602704205617987,0.03195924647022405,0.16423038887469593,0.4987370015171973,0.12748603690120683
2,0.9941984315140013,0.1389507726934224,0.06813383741936083,0.1692914751328422,0.46171367850186584,0.0913271187095352
3,2.4180288922675315,0.10476856698420894,0.04520003542054671,0.12017986695826874,0.5050643660818748,0.0757415156461747
1,1.0810058351834937,0.09882152546818175,0.03238453636467805,0.09213630108686927,0.37721008093018926,0.1752324988096707
2,1.5842843802584086,0.0632818636244474,0.031298373974335464,0.07878754817299805,0.5274128936726782,0.12067669651514082
3,1.5766709745953515,0.10105435694303813,0.0842184896535708,0.1568344816611609,0.30171786006354295,0.18491995311029552
1,0.9667930964983201,0.1238993325880901,0.11900255609073679,0.09162341347855733,0.4652596553807296,0.17324037364553274
2,1.0137059050180008,0.12851219027247657,0.026993049440762956,0.09575894845476228,0.4290641194406192,0.09021288790462399
3,1.1232049266322033,0.103052416711399,0.035490837278710066,0.1468916939972908,0.28623575827453557,0.14799918372655707
1,1.6461737400591006,0.08700875791620843,0.08893653988061155,0.11729488654484069,0.4730342252373139,0.1085742472763238
2,1.1653806813965137,0.0637700917185664,0.09020732432710812,0.1307574059495095,0.30723092829069637,0.12780153118239818
3,1.938328261176002,0.11355871898117863,0.043615043340460326,0.1470372362837459,0.5379585598924117,0.13173845572381437
1,1.9962812752466839,0.07387048877650484,0.04096503060831963,0.1124636800904277,0.4448736373058504,0.10074075308570402
2,1.2068886345519512,0.1424736367821238,0.038030794207348194,0.11300163401765075,0.3331939786151342,0.1903517911287137
3,1.431764888773507,0.1229111445336023,0.041761834034336254,0.13663233044270945,0.43823587910915596,0.1614801518909146
1,1.4654258508514528,0.0966779607221655,0.04317051279542308,0.05673519049700532,0.2635633840477356,0.15127439175834456
2,1.7127145074344023,0.11851872042295036,0.024624641114105204,0.12740440370869216,0.36276248086850665,0.09890821047048899
3,1.365998924960533,0.07737620309785229,0.012604847618236104,0.08724039990353626,0.5692849557240475,0.11836470028317822
1,1.4606157361840606,0.08880448679898827,0.09095749999475368,0.13286744604144934,0.33153442812196615,0.15130151610632536
2,2.248761944721222,0.1275593808911511,0.052676849128078324,0.1034426967571675,0.45740487164362387,0.1437443732714331
3,1.1019913411898932,0.12278769367493395,0.026141035807994335,0.03954294223802909,0.31266902613923353,0.1426608602712666
1,1.804064145899351,0.15200324204266824,0.06799560714238889,0.08137472473539377,0.42135416381895296,0.12207002567000767
2,1.3082317741319858,0.09815892789551575,0.055305542627055365,0.14547290395251428,0.3861418827383649,0.13459078219871135
3,1.6444935488691106,0.11396409269747933,0.07361230305497045,0.07336471933588058,0.30776688760473614,0.1589762663046655
1,1.7165111098712953,0.0679019883266496,0.1035637441357971,0.13821255879669403,0.3231382210733584,0.15050905921291674
2,0.9926593980704608,0.11199928677842388,0.019431372789079325,0.10062757305957484,0.3257009682836102,0.13213787157763102
3,1.1492862429093766,0.14955717041486433,0.0534859199342796,0.12631488381704484,0.5273661869152062,0.12640394237679028
1,1.2350329416118628,0.11452756073981903,0.04813893322888656,0.10470708866403043,0.5062233889137392,0.20203328558901185
2,0.7385995859596082,0.13877903630938485,0.020850431548171827,0.1350143450454018,0.3530318723737058,0.08617284139042597
3,1.805702886356666,0.1198421059057194,0.031288308486163416,0.08250063093791024,0.4325207016531139,0.16930123480176126
1,1.208097483179917,0.1051607461350421,0.07571055278486613,0.06850020072727211,0.5580482397629842,0.14387489420285474
2,1.575819542907245,0.1035639723389266,0.029192212129673042,0.07073723202429372,0.47125836161777424,0.10693875131924512
3,1.360263298886798,0.1396581898918952,0.10322308544633935,0.08719875514739438,0.36686481272572835,0.08668322390947575
1,1.5782187949986868,0.16989841252719817,0.03468577303154619,0.06065893239288236,0.30565291332371924,0.1314824101780914
2,0.9340267460830668,0.09677694708902944,0.09804704884486462,0.18062404252387576,0.3272906684659006,0.15907866060102138
3,1.1483994879067865,0.15324144890819835,0.05094479197906074,0.05973057622721889,0.3190504395949834,0.09651846535146345
1,0.3080514390930065,0.12630249597357807,0.01654130948661212,0.07624537010167225,0.32430611527636294,0.124296294218099
2,1.8070769725272304,0.15498194084069053,0.021203079367668513,0.10089329794504971,0.5695114812976065,0.08849212099567619
3,0.543604091081674,0.12035022662294902,0.02787173208515492,0.043496629003040584,0.33799351721754983,0.10275413274340231
1,1.2300225383063788,0.12167612395656645,0.042534315340122954,0.12206221964281637,0.4914840229808088,0.1662670208895349
2,1.4924620975562508,0.08268036337280772,0.05826361241749987,0.10071291894057556,0.3030968602265083,0.09261218544750709
3,0.6304537034770412,0.0973573665827095,0.042443362841034414,0.11169719119558368,0.2694958543187361,0.14150911692395132
1,1.1905756263329779,0.09122928725134084,0.02389468965523249,0.0955659120588863,0.3879803046552737,0.12303643571472357
2,2.102730520417638,0.07000899251152917,0.05461392821104932,0.10812752337786932,0.3894753346045159,0.093840265354657
3,0.26832143125999086,0.13191337860476485,0.05508613636730464,0.1311354570653177,0.45186370885409055,0.089680495315836
1,0.5771803683087326,0.09982296337698739,0.03491519080573186,0.10747214043659276,0.39842837844058787,0.10872737017604
2,0.2689628526883048,0.11529895277304435,0.09761061789856107,0.06247791666373325,0.26411337967042037,0.07305648275745956
3,0.5116648090370453,0.15897633814114082,0.05747660491221816,0.11551114202749452,0.42620062072324666,0.15168462352271733
1,1.5464682851876024,0.1441826153826266,0.07935978017543772,0.17810817419982838,0.3770305641460626,0.11763552078817908
2,1.5056708157493772,0.1214373538582659,0.10772075612729208,0.04550375689819255,0.2722530301274307,0.1480716274983977
3,1.4398510789642358,0.1216915641592291,0.029827968508700994,0.052461538376234414,0.5101229294179259,0.10853071047657797
1,1.4222298851867077,0.1738313227100734,0.04919438735751334,0.08406286361781719,0.4849437490750324,0.09513651863026262
2,1.7002721261573635,0.10515823589101958,0.08934623488270921,0.09446800119330122,0.4403779588649464,0.13158757296935106
3,0.9797918030144155,0.09188763235442934,0.01845995894337967,0.12809382746301573,0.30143294434157897,0.08040132461299887
1,0.847039352465714,0.12890113551151178,0.04051860540830586,0.04178786929570445,0.6019005269991996,0.07254177058476183
2,1.4352828540903844,0.1481359307425693,0.015041059417426655,0.06364562873658357,0.21787596967579734,0.1404238449798167
3,1.483368712339871,0.134847339564138,0.03793205777053904,0.06957992434994971,0.3328137027576022,0.14622959805375765
1,0.356302396398253,0.14489690545626424,0.047964881618099704,0.06774246984730989,0.5807945458745848,0.12047555792657823
2,0.9292996114616784,0.13083995789958036,0.09511832573586021,0.0944557260274353,0.3239778746491982,0.16181994630569382
3,0.9894019985028557,0.1588037305400662,0.03364399797113084,0.14996143650490038,0.42518525874495544,0.11860266899144487
1,1.354123127538579,0.12210302876045263,0.05289084233737006,0.07173063669479335,0.4513750746391259,0.07768362577338997
2,0.8346985410660581,0.12220432302876455,0.09473100349566992,0.1872295028377104,0.3134971527480277,0.12079840909188733
3,1.7744296416583718,0.1044530079832458,0.045450101214758475,0.08399501652400256,0.5311887272582729,0.1367224092114764
1,1.8121054232106604,0.1253859608104506,0.02076532642695961,0.15060138756643962,0.4489735317522403,0.09693481320948617
2,1.856299379425917,0.13085439105009636,0.04818170709584114,0.13171607656989906,0.33123299235519776,0.09519200618949866
3,0.71357691249819,0.10981574156939275,0.01770971813144399,0.09390144531229211,0.45040464437082534,0.10442025409927752
1,1.4340566199727869,0.11679597019883692,0.08702764733571636,0.08418910284927049,0.37262772818616396,0.15479940201441716
2,0.814498844808332,0.14434025615862095,0.03737415730908576,0.13742902922701056,0.34289674341642495,0.13358290934332148
3,1.788340678779084,0.1319969406702987,0.041866011720141004,0.12588108531728717,0.42023565495628507,0.1550842621516753
1,1.5125994960990121,0.1473414791103519,0.020536823567194537,0.0650172656402232,0.46697736369902876,0.1395179874514137
2,1.5676267334612193,0.0764386306613411,0.01298129323906197,0.115489298647458,0.5233264835017235,0.11612758029889071
3,1.3863209286526048,0.1519968848451248,0.08812914924056356,0.11700105662000328,0.46040737198523085,0.10695528206181623
1,1.4302825461262667,0.1693183916586976,0.05430367703018959,0.11746252017088037,0.3934756432031322,0.06671308804759662
2,0.8407044068402235,0.12474159854175927,0.07569518148008621,0.16329740130089002,0.36286624517989874,0.1441120004263401
3,1.4317556786651788,0.1064593736560569,0.037989694197256355,0.13045439140823825,0.4545102160381564,0.19696150200826093
1,1.2729882861566026,0.1102434825490273,0.023708119088957414,0.11343482607640615,0.5177227851155051,0.13332750767555787
2,1.5514142599291054,0.1388479309043085,0.049183920343365176,0.06500724401844962,0.37871722339804353,0.05402459172644214
3,0.8587291631249967,0.09810858503739227,0.04291969001684425,0.08879788989368279,0.3981837461800252,0.11721726452457243
1,1.622870356986337,0.10385066049346768,0.032476118184318,0.11317536096960101,0.3300066457763671,0.10815260635138634
2,1.8699009105101694,0.0894712106406175,0.03103254947642105,0.10907058031327249,0.46212063390186553,0.1147397839611798
3,1.8374601580254224,0.11760289801917083,0.04412732371246582,0.1072870127135931,0.4687764336735586,0.08309151915291768
1,1.8527110651077117,0.11455183473557778,0.023781478517341685,0.07857658273782263,0.3951305670323728,0.09772764780694583
2,1.9001641959890685,0.12469628635205442,0.05060123905853096,0.1076529173186853,0.5060941889513867,0.06212325442748655
3,1.320744853231533,0.10324410127229867,0.08492180297334276,0.06977619613254152,0.34583685162092864,0.15571139857017977
1,1.2879008789725102,0.1437499527736112,0.06507760758114683,0.13680750389736993,0.5206735305157202,0.07639065362266836
2,0.6227618243770172,0.1720635681913047,0.05091650324762646,0.11063068545608147,0.41028574919649363,0.14448777630308202
3,1.1888556063524727,0.06163767140590916,0.06257533320987965,0.14532489281567879,0.5019484092926765,0.11177775887571248
1,1.0524448348784547,0.12956325900483762,0.12804328535087822,0.10039337348296792,0.46777118313350186,0.15826123563384586
2,1.2070393829424717,0.0665413333748661,0.04605242095907555,0.12968773889572635,0.5611589080029039,0.12773972443829418
3,1.0257442673956083,0.12240937459040821,0.04191583831955075,0.09566913744888973,0.6358921577833658,0.10666010101193518
1,0.9842858892470013,0.11477536424737393,0.010299952046627106,0.08328646263873901,0.4508818802591018,0.0877346288586871
2,0.5178436842829186,0.07989776834811843,0.020935205306466642,0.05486741648120191,0.4335007690112839,0.09911362382483366
3,0.9021399929918761,0.1505530650576689,0.05049631787787158,0.09112041043672882,0.714695465421543,0.09758053521097494
1,1.9437430180838522,0.06872356048023352,0.018307076378148757,0.1512465822388132,0.36702381680871504,0.15928930496807717
2,1.4038529156509116,0.09494317679392353,0.04304803250348119,0.07559029199353133,0.39544988402000286,0.12949264370343547
3,1.319280296195622,0.14075386369466408,0.041628300144389015,0.10278117367663236,0.5706700364982481,0.16127329205861402
1,0.8142683179981793,0.11577247871539785,0.05969295760870186,0.0797175599730628,0.43701665071922013,0.14384931147136643
2,1.9623782900664346,0.14248559382677417,0.060770546570733136,0.17244789278261596,0.4366926490837565,0.16533154492129418
3,1.7054686892688946,0.12896960177824682,0.10582653231570209,0.0807698804608931,0.38698781920593595,0.08026002385226574
1,1.6874540681624268,0.1145905824150698,0.018251308481645412,0.07673995095154562,0.39661621894642485,0.06564235621968958
2,1.4109587430788897,0.1416923786700694,0.026526511791033797,0.10652925194899183,0.446665729621502,0.12484620926875852
3,0.807063387734905,0.09532216880993263,0.031130195216743914,0.0843826187168049,0.29749466555243437,0.0944928662105738
1,1.7215701318634977,0.1262931816688076,0.03903156878315199,0.12430132713569483,0.20483675243340468,0.14137700260339287
2,0.542049838406713,0.12387222775639839,0.027776238252772083,0.07267065297196428,0.2843112290831511,0.14307036585766142
3,1.7250968274675598,0.15761399248028551,0.04540580017114773,0.10492481827671751,0.3467517198115792,0.06706052790142708
1,1.2010914801976784,0.12162013242660336,0.11130895633489306,0.0892236314552136,0.40672645349815806,0.13171662286585867
2,1.0701121944076568,0.11447525904020753,0.043239440646868466,0.054355733986799826,0.579692161505407,0.10685740111228308
3,1.1640440881738543,0.099477670241605,0.0445503282024906,0.08005995499591599,0.18956098355773016,0.12249985423556739
1,1.1147285517590677,0.1289524839887155,0.024120533150927687,0.052507724109168916,0.496957744618273,0.11974050029825697
2,1.3333896745078853,0.12966899957198808,0.01940136162458224,0.11687378027277456,0.4301086910057793,0.14063924436019903
3,1.0042589878340524,0.08047715098588154,0.047474641560658705,0.1433773688315305,0.40153729336105104,0.11037698324309879
1,0.7919251295025553,0.09798120256064306,0.05614177752318335,0.11611973732024347,0.3703888087861148,0.10253795004895144
2,1.2054400275880586,0.14117756767175557,0.03673549453681225,0.09389941862685758,0.48678798427179193,0.16054905233390246
3,0.7191311217326567,0.13979765496155586,0.050120892428823394,0.1448323373462115,0.34632425694325675,0.12019934649688782
1,1.175103886315174,0.11467029101543462,0.07739644204708249,0.10643598931407319,0.41341827186849833,0.14674495987489616
2,0.30484662922488504,0.08686824055454762,0.09294795681529683,0.06938367953154978,0.35270789326950897,0.1228374065331818
3,1.1201725930457127,0.12298118101311517,0.08550406034920073,0.06856877648831465,0.30129506861764455,0.1265785615669774
1,1.3450663942052814,0.09408495577323514,0.0643973802617029,0.07082237547687628,0.38642359771439305,0.09626140861861322
2,1.6031138102704416,0.09551651280594815,0.06920520586782776,0.03982027924472918,0.46313269866633144,0.1036811460289352
3,1.0429058992583293,0.11998351091527275,0.028941097042051313,0.11548342894258386,0.31905435879924293,0.09813618903305608
1,1.1764263539392001,0.11555387443846186,0.05180728569387112,0.11551810156881866,0.33926826471745947,0.11211345151915228
2,1.873320563232743,0.15249764723022596,0.04805578915885962,0.13556726005200384,0.3665269570507561,0.12270412887155013
3,1.2904096866127062,0.15744036575816903,0.03861261866931535,0.10563042020351653,0.43393357317880965,0.13926794021700112
1,0.7371885672106313,0.09987488535809035,0.012003180345364434,0.13313986177059153,0.43561406389955676,0.12998712732065204
2,1.412347902224725,0.10958040018512466,0.1024253619068366,0.06742118997444407,0.4100243375341301,0.10238902258547777
3,0.8303200031063891,0.07564911942159278,0.04949229896060588,0.15507391963570533,0.5022534450280736,0.1045685077223028
1,0.501440932030401,0.13039660135593195,0.028863408040137643,0.1438790755447675,0.5115825572724836,0.14932405470473942
2,1.3409095950411605,0.10151495322164657,0.0811836844962925,0.11963369934664347,0.4324840345695819,0.06329128811208794
3,0.6535387791282736,0.13046176615096236,0.08203924121653214,0.12558298189978953,0.4872860775033807,0.1509767316398707
1,1.2848019276380205,0.07793950442530082,0.11370787309572788,0.056608514472449946,0.30094783390809443,0.18307463669892915
2,1.208760871524832,0.13006794884141068,0.061607565559036445,0.08216347142796712,0.335217978316721,0.12801679400289892
3,2.060381722832574,0.13848869088354268,0.08152094685843492,0.13986366006151124,0.20197280153138203,0.13440030632678165
1,0.6672581272374408,0.12550189067566125,0.03256517545279617,0.05760434202489389,0.4280592706963628,0.15490926370438748
2,1.2677893249952723,0.09681077904124585,0.0390287382249208,0.1018573068612068,0.47272349766846844,0.11699756632494723
3,1.473347489626089,0.1239237150624859,0.03830501483266199,0.06212974128151134,0.34174040944093265,0.11232154213264617
1,0.9189697969068886,0.12609128409242382,0.031111375325285538,0.11555038730111919,0.3629086781398256,0.12076067467666385
2,1.4150669705682057,0.11225105968642864,0.014980435664216023,0.10941421377969868,0.5084163723761316,0.14294527025548479
3,1.4225397590294988,0.12657995010174478,0.10003227976781111,0.06952466716730189,0.47267871454877775,0.0985904747910411
1,0.5427656716874173,0.1431852823437461,0.059435522256720594,0.10182590227495524,0.5419251710751647,0.16231703586802626
2,0.7521990943846624,0.10136868550864163,0.031941303014645275,0.10218109969419048,0.5883713759341231,0.1233003738393276
3,2.243436671778081,0.12272603320487072,0.028589686195092966,0.0847602743487156,0.37563692065666054,0.1717702264954989
1,1.2088688628306965,0.09520271458676612,0.0635507670252259,0.171474699898279,0.3802438447475071,0.10043791892881893
2,0.17196068748518534,0.10639593669916236,0.0551678980448695,0.06537135701367935,0.36824435276351536,0.20786432680655864
3,1.7381573272287183,0.14367296181220404,0.05434318786070466,0.128306245683534,0.29000624477892334,0.11084565010835787
1,0.8222411418022243,0.112927145563539,0.034233970238973926,0.09309403965238881,0.449476419646775,0.20938351990864978
2,1.5931132233623582,0.06748727078531289,0.08833149097449775,0.1043811492301432,0.45375467474196163,0.09876640951623981
3,1.8314389728074032,0.1296834890382272,0.044902112729836546,0.15671202426501313,0.4942534428365677,0.16138123141316443
1,1.0241876977120614,0.15481840023254326,0.06421321520828045,0.14080708145300155,0.30489361374632884,0.09661109589150019
2,0.18400605383542068,0.1485809953234159,0.04605573855698315,0.14639263430268407,0.47222497304017885,0.1034371796085033
3,1.3749792194583035,0.15236546724515998,0.04870958328752016,0.10370072096323975,0.2910230470552123,0.08922889054562792
1,1.2633363637884194,0.11671016707054516,0.029161416673893624,0.07947549847198146,0.38142056697900134,0.11020316413490365
2,0.8940014362604549,0.12488334276565687,0.03288999787122498,0.11129520833212854,0.5156612847767608,0.19239141872464222
3,2.1682126652667524,0.0651536135959315,0.06088522734136402,0.07421874623274624,0.44193410982463066,0.18339126205547268
1,0.5233038586026386,0.10575920713075718,0.03739568367579272,0.12601308693622,0.2702523766344368,0.16560716112371895
2,1.3814885218964184,0.12537405280539418,0.08776723684460967,0.1295587024429353,0.40237304249615347,0.13484298498049369
3,1.5190015091757385,0.11364750344447155,0.017823314928981177,0.11606963969770895,0.43893415092415555,0.12520485806874204
1,1.6207396532172602,0.15178018766140838,0.058517588968882484,0.11247350606248933,0.3752159209007945,0.13148112082344562
2,1.9144067223106944,0.12437529645488887,0.05374865884060834,0.07177776830651728,0.4607614722287033,0.13372632290726338
3,1.534647541605765,0.11135003723703185,0.07254794315560457,0.07622736660680225,0.4601531530534142,0.13526345615440535
1,0.7960346145496795,0.13412076228269926,0.058300095035163965,0.1537507812494193,0.4966201145726664,0.06764729847647008
2,1.290625073725693,0.12110890230457196,0.046019765695309266,0.07244838380295726,0.3705391785230581,0.14282119553415448
3,1.481196517713391,0.12470010223523458,0.03895875256337013,0.08980926888147572,0.48913096632323483,0.1321062541297581
1,1.0154175687624352,0.06415538522466563,0.045078774081012046,0.17344596019834582,0.5065022934759483,0.05768269413591262
2,1.3926922599213214,0.12519217387312123,0.03185595084783186,0.13114281512613704,0.4535358108311718,0.09818183510805595
3,0.9233753350383719,0.0989139413314421,0.014245679231037457,0.11916363340227393,0.3265366129995428,0.13460141660894687
1,0.3209916249076785,0.10100413402154224,0.06928853365370792,0.09133475495045511,0.5041883304099445,0.0838729793921853
2,0.22548147137990115,0.1581015116891144,0.09707021310326035,0.14815757388051584,0.3854580983185969,0.12064449312478243
3,1.7617580394190402,0.13482664141252249,0.021201434231088535,0.08858746378772685,0.4129541148451006,0.12810182729088118
1,1.0564342858873006,0.1398562136099328,0.041833461499487086,0.08592113175479368,0.2669700614359437,0.08006899339457901
2,1.4995353865211796,0.11753664263052914,0.06660795558301649,0.09696189527515126,0.4103020807331661,0.13261448750284896
3,1.0964710133306261,0.12027424879018195,0.028874438821133983,0.12414674428351424,0.4361905632075478,0.12948360572617323
1,1.8378592673932208,0.11656347137400275,0.027068612016586422,0.09306219452618751,0.26880640782351106,0.16284023420499982
2,0.5321765285162079,0.08189126660050358,0.058497475436354085,0.19546944122706708,0.545895027897568,0.10490438139667088
3,1.400570086647587,0.10639320892223017,0.029947195445235546,0.103559525331782,0.24928018008137243,0.15761008586645647
1,1.4281501825716774,0.11924460463091699,0.024871087291010542,0.13738291935628716,0.38707572311992167,0.12113184671845283
2,1.9334900545508265,0.09408411911323618,0.02086138533647722,0.08187547150388896,0.36124545619539356,0.1435787500283436
3,0.5118397582389346,0.09153147364818556,0.013131155472509655,0.07781624295864684,0.35612486918881214,0.16211131483538307
1,0.8913996528295466,0.14726004789048613,0.025263252726570297,0.12694990339020382,0.3549849357221823,0.1215742668115142
2,0.39559280992749957,0.14738925748149556,0.027294127970719204,0.08154103175518093,0.22939919872208905,0.09878884560747106
3,1.1645020063558962,0.13694109326287227,0.03009042918992466,0.09545535288774594,0.4437583214013036,0.13078051994984538
1,2.1260890627622837,0.09492969655812525,0.07871023722407172,0.11812764959808823,0.3988146245063349,0.12758579695074002
2,0.7782600957610426,0.16802230585080602,0.09635774615264871,0.057129121696730095,0.47113780296961505,0.08460317013811743
3,1.029689973171576,0.08694122189768129,0.07066633286858762,0.07651370296014037,0.39461334854853986,0.1259715359880289
1,0.7497933831015989,0.11784341270540227,0.04311462113536093,0.11080854906422596,0.5812689935045483,0.05291130302607894
2,1.062803980525873,0.10744312903064496,0.09940993913536408,0.1133014900047723,0.4831247575806435,0.17826209332604562
3,0.5392071715028587,0.1157590449504032,0.11292503958662421,0.1082605213798212,0.3917776634445173,0.14292689384957896
1,1.8458296234747957,0.10424888180273971,0.05418830158571883,0.11116857569281427,0.3312221193793532,0.1914668749877906
2,0.21646962647005719,0.09920383874995266,0.06431444969383754,0.07427951899749433,0.2729308740318165,0.16222802500338612
3,1.5521578220728383,0.10506714703975929,0.08543853953056182,0.12139971479395811,0.3765639467250602,0.15004636670464155
1,1.219275930211832,0.1275895009029161,0.08401984273509688,0.10092794856836283,0.284640209532515,0.11913596277379226
2,0.7879879329176307,0.0991471817254585,0.04752828539584786,0.11265226673169493,0.5123536623123236,0.1623690728131611
3,0.15823600664747195,0.09057891572930708,0.06935137724981355,0.08041507052963019,0.44453214544352254,0.1714192665871937
1,1.7370833567472288,0.1520676154362779,0.01128701593587296,0.12849743411755937,0.5280460006989203,0.1347958125064755
2,0.7913660813578031,0.13698472091927488,0.04718489360234735,0.08216881250643952,0.43261310287345117,0.13317843035452925
3,1.4467963219827,0.0912550744594987,0.12038251588007762,0.11292519629667847,0.1803776859092363,0.17007692747993358
1,0.36905276464198455,0.15782809925179142,0.07694765596761576,0.10517728414997535,0.3581104194579476,0.13908669195164955
2,0.38577801316376237,0.09064194403800585,0.08567940552687961,0.07447447903602247,0.4526434168366921,0.11220789861052861
3,1.4407962644021532,0.09022068273237845,0.04621488637405773,0.1100545656583754,0.5227604088295641,0.11704819188845667
1,0.6143238055371292,0.11327867027526904,0.07536150304150535,0.0889031079757196,0.455402551505586,0.13200793638279656
2,0.7763928053310897,0.07508551653587436,0.023403467289039852,0.040441156300548675,0.4057842916310898,0.060545966938326326
3,1.5504627408174516,0.13840916679663073,0.04956290115410336,0.06267437655527786,0.4597296488954629,0.09198226042174817
1,1.1166636933262064,0.1267447530398805,0.05745722078891341,0.0612012222589576,0.3301393917326726,0.12651053997167797
2,1.4568715171433557,0.07828298430069584,0.05545304751645101,0.105931312150254,0.39949249861045133,0.16839650210344084
3,0.9162656970559492,0.10230517964864273,0.049206786824206275,0.11976746304546665,0.3098929197823551,0.13697561335793043
1,1.3538691449964364,0.14094413840617268,0.06075095745424622,0.10488531660722268,0.3706670398807148,0.10742664896808868
2,0.6709100577995668,0.14545099845883525,0.0967283326405064,0.06597341339014681,0.4751769244670935,0.12229242673902022
3,1.7795507102917167,0.1436328699026092,0.11115328771559034,0.12312118114518493,0.34671954838914176,0.0938649719393933
1,0.8057916724433047,0.09159205962401855,0.11299650028307247,0.1057452651037372,0.4744865563118801,0.14099877408931624
2,1.0359341148424313,0.10628063722913951,0.07494378319938996,0.09573477309576628,0.23601290592590685,0.07380442895097819
3,2.0058231940157,0.12445535186810235,0.04165380553225876,0.04776354881240963,0.2929872872634639,0.11287830550574902
1,0.5505180558479297,0.0853338037149772,0.09599421845256588,0.19353842730980453,0.497455060726415,0.07466423755818642
2,1.4176707316358965,0.07252653109036289,0.014999269084252028,0.0526290110877559,0.5127294596401769,0.08599682029212251
3,0.49279248211420756,0.0936702286236882,0.055621780220984886,0.18459084549227756,0.48305777049622073,0.0693453258270158
1,1.1022805989223086,0.12128112278820957,0.055122946508318255,0.07044164673612152,0.43832880832695564,0.1792135125147689
2,1.1290848557312234,0.14928537799960395,0.09397032597881527,0.1461910037058095,0.2784940356839361,0.12568445262503566
3,1.6330045661946795,0.13540934888408088,0.04796168305318966,0.1355836733993075,0.34021696153913716,0.10831645266205422
1,1.2772953838897758,0.10394462568004895,0.013651636014341113,0.06787153343822158,0.33560430155190746,0.15857790773715263
2,0.8047766038725762,0.14744113765454958,0.060227126920049,0.11422433788349359,0.5154666658403524,0.13342943401235172
3,1.7626481904660625,0.11122094894732672,0.035879280282058834,0.16907389015958896,0.4190373195709694,0.09467357760343176
1,0.5678261263558795,0.14137683122136382,0.05378383974039472,0.13346869803205905,0.316228235055922,0.10959259147528616
2,0.5062850323616173,0.125934563645126,0.014240933847709907,0.14069417868356934,0.4568666279986521,0.15244325414287568
3,1.3567768794547705,0.11462715526184394,0.10783306307061183,0.06541702889515366,0.5483326024255719,0.1840914976452199
1,1.3090094721505594,0.1352859968981973,0.0338667648754535,0.07008416529671788,0.5204330691225969,0.12669511949153514
2,1.6467125715331754,0.1362642294515624,0.05496441111671647,0.08394430627469775,0.29155056122128137,0.1071663456347203
3,1.2451082619717377,0.14347170961711092,0.04973989653450213,0.07955790551568655,0.5119103067207013,0.1124527053953002
1,1.6640771540798893,0.12273104153123963,0.057947236497357967,0.15422929484459508,0.3089222839975881,0.08732459313713414
2,0.9071546259796665,0.11743715884387108,0.02034132429574071,0.11574088165849383,0.49126929928349994,0.1423783960157456
3,1.5494311022382605,0.11720137121705343,0.04181124373629121,0.12173532450214142,0.5780039657176319,0.12408590176101639
1,0.2121681330398143,0.15863420027112862,0.024596637268190575,0.07020060582061892,0.4352049569363007,0.09385547150160847
2,0.38954001889707124,0.12550899651908795,0.02837071720769489,0.08402534320472507,0.49379697498707886,0.145631452720908
3,1.5840850884668793,0.09525699142165832,0.09363384592297243,0.13467340224683735,0.42759460175795666,0.11643576281648525
1,1.9693476293798202,0.13710304836237425,0.09552174762503482,0.13742318109283885,0.2866356699931479,0.15591711245688508
2,2.1588602215681183,0.08122313451389243,0.02747067213881652,0.1242462496801861,0.5347789790972654,0.14947118192825973
3,0.3748094666448031,0.15112530920692865,0.06398718258878731,0.09453385095811809,0.5986799268854963,0.1428449465250112
1,0.9359485549525051,0.10509025435731334,0.030304840430926034,0.1521209618424788,0.45554114451539496,0.14015566115645403
2,1.8672913873480455,0.08042288867659916,0.023623463945372517,0.04589604800945936,0.33063072582570086,0.11847556956710298
3,1.331682719740171,0.1061758690604511,0.026142091710168514,0.09493394484413374,0.3063600064791583,0.05222324379206625
1,1.0216700613160041,0.09679267753469875,0.06519283550460164,0.07524319385513605,0.43442923113270776,0.12575908879706468
2,1.3520605686974096,0.14719658182565842,0.022504268980524208,0.08040821063914944,0.49129575429524736,0.1331423438617595
3,1.482333611366309,0.09741945500993687,0.03319305665764173,0.11736626242089507,0.4019730674182089,0.1378305081294805
1,0.9215338591982072,0.0916920646650207,0.026042596527014194,0.07709635903704136,0.42344845836303735,0.14037558535108793
2,1.5235891765016647,0.09702677116803379,0.1048903196781905,0.1209533201298234,0.5460095379410047,0.13157429504136064
3,1.1559123179257726,0.11079215401561959,0.04306512100986779,0.08328167403327805,0.3866776445152925,0.1165733191444927
1,0.23407056744989385,0.18429119010046743,0.08113634379117116,0.048409510736696394,0.2983713631805815,0.1377513748849561
2,0.44083760117840487,0.10385898019403951,0.05925148311690759,0.09648642183371478,0.5156026313178204,0.13820543778386363
3,0.7109188962841196,0.12212834111800425,0.0627885415309869,0.14719929232433465,0.4512748326112528,0.14500250536786224
1,1.9944947502906871,0.13070538645457422,0.0635117009653201,0.16158970291102864,0.26064291020415453,0.1439791485731015
2,1.0785434892219035,0.11129428775269722,0.02726233379120607,0.11063158623853338,0.4175791402594833,0.13565745516821925
3,2.062308464662368,0.1392563328685682,0.03342548054284004,0.13358625817707445,0.41784880854590006,0.08701976565047685
1,0.915316837479237,0.10888780408106526,0.030154896306183718,0.08509208148837674,0.4009728783588908,0.16345752944191566
2,0.8495116082301049,0.10839747072780839,0.07238910344386737,0.13349073840177436,0.33371364687468813,0.2034103596715514
3,1.1731844371582212,0.1510561107339486,0.05524518816068509,0.07573013303935353,0.37008701846165676,0.13841861373933242
1,1.530283374843488,0.16528406676502777,0.07973580085808056,0.06922411175062197,0.5076977543540397,0.09692199024084569
2,1.37864468700368,0.17183437263693546,0.10084913590312959,0.07830275601873658,0.31106355442802774,0.17884429386486883
3,1.8637421149886024,0.14111221181897474,0.04506535526809219,0.14813428409932045,0.32302387830742435,0.08767714618256495
1,1.20593974450496,0.12388520880426929,0.011583629470359715,0.0834489897247893,0.37195769217506547,0.15839781631781194
2,1.4959701522948905,0.15293697806042578,0.032095879569783096,0.12685623857251213,0.5183279670734022,0.09951182195146581
3,0.7977431409351357,0.10616649263692034,0.05857894558446124,0.0969802921603777,0.35349339913306754,0.14162172928560418
1,0.9783391239235979,0.1369384177985115,0.010881403774418687,0.11085151707430434,0.3056227464499584,0.15615166614951004
2,0.679675677833029,0.1238504917698667,0.03865473483679629,0.1560544355822909,0.5248756744580364,0.14297422911858548
3,1.6161815153993613,0.1045925074482544,0.03542024299619112,0.10213426346763076,0.3769080820735212,0.14010206533538516
1,1.5853361762182425,0.11604773833729684,0.048872833389847506,0.17113517209519952,0.4769861648851976,0.1155021619065211
2,1.5917594935605506,0.0991972693679505,0.05913926054603184,0.11144265868087005,0.39903250049601185,0.15845337489987316
3,1.7473152616675232,0.16414357078774047,0.06505602586573925,0.10965501938426782,0.5879685309474345,0.17270676857892192
1,1.1064753706258494,0.1266413049323585,0.044978912517725275,0.1051482196619288,0.4259693914844415,0.18159168832446515
2,0.7897142036963808,0.08667198973728751,0.051702425427477515,0.06476956637254906,0.4316929459798875,0.16025103233242222
3,1.0612904307008226,0.1408068048708211,0.0410229442286206,0.10856820282488429,0.37974122537633226,0.0966145422844883
1,1.5797586062191922,0.17209701120197346,0.07579884475177627,0.06029741876957702,0.5138847570085944,0.06959924298109174
2,0.5699923342734953,0.13786160712925355,0.07697440024069678,0.16563938002336645,0.2919384465581874,0.12263064283403102
3,1.7991236955666368,0.10325809627698194,0.07732472048686673,0.06494328995347701,0.1865100615973305,0.1250144396544435
1,1.9497850439512427,0.11229058226473798,0.030688165428392103,0.0527783155994759,0.25131305333665055,0.08960336495359955
2,0.5906909424740655,0.12230313478294082,0.06546318193760592,0.13487509775964268,0.61163577480075,0.153658311986953
3,1.9550112516979337,0.10269018059347675,0.06396345931884687,0.14362349003185443,0.4218854837103663,0.13368152834824876
1,1.6023763265692175,0.17678865425763549,0.10612736715026186,0.14462364141478037,0.5626102544229744,0.1312299012185115
2,1.7097261278095435,0.19316309484060862,0.09934624985323114,0.16636153985840907,0.28456240316894477,0.1256729059077719
3,1.1028579702993428,0.10714377840881444,0.10703255839787236,0.08809012042724598,0.4108732668470865,0.07664197463121487
1,2.160348659522822,0.14202305714849228,0.04367541217681904,0.08565207869100909,0.4743684401064238,0.12702155227970047
2,2.324811201280327,0.14267480338373828,0.0761081734881477,0.1630731761321499,0.31553879014592795,0.09345357148870784
3,1.2203736604944448,0.11304419513310111,0.06173799371187619,0.09382504390899159,0.39387164207144015,0.1423307825152342
1,0.9228225027682133,0.18635006472098267,0.09096820482316723,0.11756744312107596,0.42155455297520855,0.11620190271228514
2,1.3072393137570408,0.14512487189275017,0.03094195601387443,0.11118352505355175,0.3265674533538666,0.10827012802503208
3,0.9649974030066588,0.07032992403194627,0.10007397862543348,0.14007908798269925,0.45623167593958863,0.09289513790124682
1,1.2242333536192043,0.1241208372820281,0.012935966286297479,0.12754411458236306,0.39814268554777094,0.1569703981811045
2,1.8050187045477475,0.094442055409942,0.04576207269292708,0.07025844274808037,0.32338081491262094,0.16075902841736783
3,1.1358267471736532,0.10094245787957923,0.09117715348361345,0.04234814954184043,0.41462153681201724,0.08113336955723285
1,0.5935386670755737,0.1334696370304764,0.07668720932013379,0.043082932227517474,0.28179624422812544,0.1530266681830655
2,1.32665813759334,0.08483118019886011,0.03271141558278515,0.14344178469090202,0.3978914454433867,0.15571069017951356
3,1.2201141779898388,0.11333436586971955,0.04973941529934671,0.16595823159290918,0.28831816938875565,0.11121449208167677
1,0.8452502577174537,0.09189850166257771,0.01466633429918705,0.11149652172453761,0.5882311293260016,0.16668326116912974
2,1.5143324977548807,0.06683108619914427,0.03627439352639196,0.07453060169611579,0.43550407439796335,0.17880101012741867
3,0.9482394108719775,0.07360828453857698,0.028499498649496195,0.12687675501229878,0.37600196091861676,0.09394039070136517
1,1.515605018256376,0.12623728074067797,0.09873200452584513,0.11683480383619507,0.46084531617597635,0.1519491940672563
2,0.9476891987948379,0.10522664733341719,0.039086423343283425,0.0906670612427195,0.3546831454923594,0.08501983339896674
3,2.2052618277875684,0.13828845931786873,0.0909346548887841,0.09869554464635745,0.3000157835132822,0.11703742001130793
1,0.9017970597540825,0.08643428503794143,0.02737697581687299,0.13684390287479498,0.2649544812216995,0.13006048229179967
2,1.286152302736388,0.1119889981805725,0.07084951642601776,0.12646888376758775,0.3090544858699374,0.1854297320428971
3,1.7594405814326726,0.09652665750854547,0.030162312543866785,0.11668617545468003,0.3286414868109186,0.06464256948497318
1,1.3242729168118892,0.09738143476984389,0.06837121299750684,0.11295995149039556,0.45591685326907105,0.15759165293876354
2,1.9101689037366651,0.1301149669219074,0.07817119203547333,0.08231552185454102,0.49807802116393,0.14811087651889837
3,0.8690915790811301,0.15187284095198336,0.06693347000644022,0.06049053069154082,0.19969243380597057,0.13919885556481992
1,0.4565865845782118,0.14881950314448394,0.04256979688074899,0.1611443341715817,0.3020009104879432,0.11222301847001927
2,1.57356380597539,0.10449702459174752,0.04521758295784266,0.1319579721821441,0.47445109631702964,0.08750515304333839
3,0.46938238311042024,0.12112261069845534,0.02879829695692595,0.11423080175950386,0.4401337091852985,0.1297271345686199
1,2.289033879191437,0.12941856158837903,0.05950991770135034,0.03859907968935689,0.2869993904497857,0.11653249400984812
2,2.2785643863985445,0.08974281845484253,0.060656856272973306,0.06968929675526446,0.4450932292818437,0.16567481151059688
3,2.227382456049777,0.11585939898230187,0.025705514545601684,0.09111996925021382,0.30996760339472107,0.0899845831269544
1,0.6052626767702838,0.12602581455207637,0.01953613277757777,0.10303023884773015,0.49796877057415845,0.12263232940015048
2,0.720277697820513,0.12595067750624978,0.09902939652757153,0.09219565325603946,0.3566463006148537,0.0532907251391949
3,1.5825160358629748,0.10758211905334063,0.05833806856296412,0.15158032361863388,0.6083989670177281,0.12496885982509302
1,0.8641358034341702,0.12441993305862206,0.01708332256612098,0.08353299022080596,0.3951505910920567,0.1719503871754365
2,1.5485252483667424,0.12167004426569858,0.017688040326862175,0.11014177616688425,0.4342040412974531,0.10144933988004537
3,1.574911457746959,0.08649644127909371,0.036963196078472836,0.05252032561712039,0.2311075959339701,0.08119655970408363
1,2.0745286492143586,0.09710500334856835,0.047579592462407234,0.1452694944995661,0.3531403468545902,0.12189346415767899
2,1.7310581507665646,0.14677497288352953,0.03791997686085306,0.09453261178857159,0.263148234969542,0.12228212722283288
3,1.3217053762666882,0.13072922040977578,0.013469773255170576,0.09919699367961189,0.45615414399624427,0.14157434053686735
1,0.28534083975347513,0.09352809095808465,0.044047708507785735,0.1414938955002449,0.46756889287696823,0.08146017246425596
2,0.9360593507110905,0.1411595116591311,0.010577709066323403,0.12101512277643406,0.29609029129926656,0.1576014437858842
3,0.7378148231298067,0.14043142301363168,0.028811030831830096,0.12708561457798767,0.5670844278305057,0.1795735073526986
1,0.7515897315075271,0.13277483581327917,0.05886241713263788,0.12520336153170503,0.3617187658817075,0.20779747907168256
2,0.9143098621173502,0.12990930545534726,0.010917835405062568,0.16881237315929012,0.39279031319583163,0.17159084756610393
3,1.4468795392649707,0.11593618717319527,0.10985159929849023,0.12431121410656717,0.16738408523601,0.20690067901438092
1,0.8098222279684578,0.12700655301766187,0.03952943494527962,0.060303220618057554,0.330225732772348,0.13174856694323708
2,1.581710125176236,0.14467134063755369,0.048635484498290846,0.05531873626712635,0.572400900946337,0.18425022060389468
3,1.9515510152772666,0.07897082374214606,0.024037916161711966,0.14348529062865553,0.3891718279658981,0.16434009074131134
1,0.9848207371794512,0.10691277027650768,0.051099061010574265,0.17819307066680617,0.42441893925528396,0.1339195551376169
2,0.8455605716896458,0.08899516267690502,0.010573036347733301,0.05800861580777211,0.39752369336554016,0.12652366860837047
3,1.1754256173835054,0.18020553936263328,0.121187618914008,0.08763372301665151,0.58909364841756,0.09193561907596912
1,1.3926673349927414,0.12264700737909988,0.011368426295293804,0.12007199415448375,0.44332199195888927,0.11251256743165143
2,1.3891237988768932,0.14278779255563137,0.05688861665580441,0.08774550024882588,0.440148267597265,0.0956642504546716
3,0.8502402172812621,0.11713295692139164,0.02712019349500311,0.10559302393936237,0.36538457055715123,0.13641118318848638
1,1.0358323029759862,0.11063306099700261,0.09009140924544883,0.18985832480525194,0.4392912241652083,0.14947118476341972
2,1.6173229842322112,0.10447199410068553,0.10240870820738247,0.03207232912338316,0.43816277361899053,0.166121670325534
3,1.4712246311998232,0.11439082512221027,0.056740353370613374,0.08407034075829997,0.387235742298606,0.13839306128846524
1,1.9375736248343618,0.11855900646198961,0.03300268704524797,0.08791449594010832,0.4315922368164953,0.07472484698129658
2,1.532563728563421,0.110187622335174,0.028977647187620408,0.09223483571021691,0.5052166777157998,0.16265078084149936
3,1.2596314782437765,0.13186956650279094,0.038157382110546464,0.13488081383625075,0.4543262083679924,0.10096967301999536
1,0.2786949196467249,0.14181064535934393,0.04357241759979474,0.10531716968042763,0.30540737399202467,0.09508429220633777
2,2.459585922263156,0.09978051863597577,0.015789330575527578,0.062202772436856534,0.38038078902637906,0.10638404871403485
3,1.205218731987902,0.13453114656550766,0.10489532366669574,0.12830869649201643,0.3636356841079669,0.1657346426764724
1,0.8621598773316042,0.1067056148028772,0.050906694563896376,0.14561862938538545,0.26826992877092304,0.10391233841721487
2,0.9109735730139201,0.1369859099313038,0.02430819539306157,0.0908437081657631,0.616055166638331,0.088930896259408
3,0.582843065098052,0.1328631704153588,0.06800773584870742,0.0487016752253122,0.3197357419769322,0.20452366070460154
1,0.9031506646930436,0.12150569887413873,0.05627763501896321,0.037992511021028706,0.4090434440089829,0.09292294677937686
2,0.7450747961909249,0.1031715126767263,0.11732894224284791,0.05510967764536378,0.5977816715018003,0.10738037993391177
3,0.5258332730860913,0.11270507752586977,0.09613144117661435,0.16102348598433333,0.5082291212900222,0.14618664577423174
1,1.3044913583777882,0.10263492566009182,0.014380909253855888,0.14113500869499793,0.431133001855466,0.16214819479348103
2,0.577858919173753,0.15488782304716947,0.052155858464806096,0.12439033969386355,0.43437798649947934,0.124938116908924
3,1.5268749455322619,0.11584435414214933,0.016463974668239845,0.08442831559904682,0.49923901130270315,0.15131124534289636
1,1.0671553408369208,0.1381118829008766,0.07341584766032663,0.06131615796462599,0.4112284219045772,0.10316033198125835
2,0.9712850108308551,0.0973123139135254,0.040460634568299514,0.15006561422465603,0.40581791143179163,0.0971695152046211
3,1.2665107548094972,0.12793039733451575,0.058653002738906564,0.11116321054710382,0.34354327697941517,0.12625517160551705
1,1.3453853845840777,0.1188160191991005,0.09348886184572719,0.09894412811294137,0.43532574225252363,0.13722546264200527
2,0.9664801681833081,0.10239839924298616,0.081429824357029,0.09263137701522757,0.3158551155957377,0.13444293165197527
3,1.0672360599565378,0.11544456103067133,0.07421523093781814,0.09319866170581889,0.36718803307591774,0.18335105300540372
1,1.1040094313662494,0.13712515494375266,0.058577158190018255,0.09115713405207336,0.41459247539846455,0.10866988336614358
2,0.2870832319899054,0.15575440984569086,0.0910307708017364,0.12732238152564987,0.36786720806728757,0.11228292248096977
3,1.9098709834797771,0.11618910261037166,0.0520022237831063,0.08040507708854458,0.41210531014431007,0.11067034783401974
1,1.6529985890195886,0.10371563503498336,0.07975253245505952,0.12860503324809872,0.5131828730937815,0.15779872119922084
2,1.6881089821083275,0.14198093321431748,0.09625633824543228,0.10346011698150558,0.4196994482237879,0.13252351209669913
3,1.3008402475066807,0.13452012024657578,0.044042964640342304,0.12606293692397616,0.4385907657320658,0.09936894013661025
1,1.7088157504459511,0.10261900501384613,0.04627351859902636,0.15164164959293175,0.4764548831828279,0.18304287241220119
2,1.5367550888264492,0.10965837617034566,0.061256802197122026,0.07050881397873963,0.5222999765500151,0.15293569631055917
3,2.131083701173264,0.15995607713362858,0.08180534569566866,0.10355996462688068,0.40949152643028963,0.18422344939202495
1,0.7371826392452498,0.08261537423830731,0.060060995352228315,0.07106922750288759,0.6125723084218877,0.13159272018920587
2,1.3345061799543552,0.11558740214947676,0.023953626167451902,0.10556907236183403,0.21543524464863884,0.12598004748566627
3,1.5479347405387516,0.13695398509981438,0.021956340956835817,0.04769076342508246,0.26263235063680146,0.16454239652815342
1,0.6134028559522517,0.10387259710124265,0.0323219207049247,0.15053548006070655,0.3602941312014426,0.117465330239102
2,0.5496172797853935,0.14780453505977437,0.03672106627603695,0.0887281432214153,0.33655688607079887,0.1785039854771522
3,0.9195944873039784,0.08258376839145876,0.0702818872850227,0.12545642234327495,0.2826357340668621,0.14053038384676939
1,1.3882605105981853,0.07365367997971857,0.07104696086585331,0.11458793332213987,0.3002778841714553,0.07379540837631629
2,1.4126942302388648,0.11015705910548314,0.05056862167393479,0.10010434025159885,0.4902667122365163,0.13467582530088207
3,1.4059845093567447,0.15071255178885268,0.06952363049614355,0.05144792564801904,0.25758555938892647,0.13298047253077028
1,0.9397199743242831,0.09470960794669059,0.0970836160229232,0.09590375583647556,0.30357769739450324,0.1586929307884597
2,0.6918321989569847,0.08200554490293738,0.03784030212660139,0.06192337047672772,0.41373154032830517,0.0718715770189774
3,0.6413479046644093,0.1192396682222124,0.06864851395868335,0.07097317756826978,0.5741903891855401,0.1438498950308933
1,0.9203322927311369,0.14755267298587177,0.06448967208285342,0.15879521227139973,0.5304924127861289,0.10270546703907288
2,0.6431611588089747,0.11929791613155094,0.0854318520850737,0.15420416069160345,0.42130320028050056,0.1452354536584973
3,0.7451866283484759,0.0991556093129411,0.07378536275226807,0.11958984279799735,0.4337272953736461,0.1360922614667353
1,0.9517731434570862,0.13711116008246452,0.0678723174731293,0.08209594223721602,0.18345403870908503,0.12108269081342259
2,0.8150824579336425,0.08805101551532478,0.06293195499424983,0.11486256370132582,0.38082716460143584,0.1232750192531127
3,1.4338376547193217,0.14089952088401708,0.02126304361513409,0.07943480281574906,0.4817180113409666,0.12135196802875618
1,1.7628076277304552,0.07678719409798271,0.07795983093640509,0.06295177055530107,0.5249838194500549,0.15738337669926583
2,0.36463714423051163,0.1506518726027879,0.05059593942149506,0.13191244493712925,0.38491034713172867,0.1725217668162704
3,1.6827591547432807,0.10899584290422891,0.03616695962008408,0.12419300003645062,0.330298322766588,0.12618779156163842
1,1.1279535798258926,0.15704838708612173,0.02145615412469667,0.06328157139746382,0.39019488745977626,0.12308811091322423
2,0.4702793669565708,0.1788885431836269,0.023242290371011172,0.07361124826633503,0.21341608402329665,0.18620604802188978
3,1.887957458637489,0.10515117266074248,0.062195407169037153,0.13879833708870348,0.472375635285883,0.10900846065649404
1,0.8770926041828107,0.1641473612810032,0.07222554907387924,0.1192572524293668,0.35428626642232575,0.10780243531224384
2,1.162426273770362,0.10661366780381337,0.05117141380548748,0.10420405334321645,0.40468331548810044,0.07769451248021653
3,1.1707260778987572,0.07331712755982897,0.07881275253210782,0.08329073514642042,0.4602065914184301,0.09905599503798682
1,1.6943647724031548,0.18688556322123667,0.011999904678930778,0.12749688812869295,0.4814667754789731,0.11117549430710624
2,1.1963845714461263,0.1641066008834341,0.0458722286632747,0.04480615534030922,0.36730309438481357,0.10815602628872736
3,1.012454106691279,0.07658206794474423,0.06087904362477138,0.10165376942225605,0.21421621351511153,0.13632114651481617
1,2.025071454990975,0.08833455435154204,0.029118330534044987,0.05797834794008249,0.5569843097995966,0.1556185997549499
2,0.33283030657105095,0.09564013025944704,0.05933672315927222,0.15642345931235876,0.5908909238156512,0.10995906032401322
3,2.158806183508182,0.15918008427443578,0.06703958107014309,0.12653530248095718,0.33533389912291556,0.13863780839387038
1,1.1902930106453964,0.0932448779610094,0.04199855331724513,0.10993415387622847,0.4226158249443466,0.11751382239326484
2,1.9115733396642784,0.12365294665952352,0.016064016545804638,0.12636992037013728,0.2363198085927412,0.10537351951429119
3,1.1899014005540458,0.1441131400898501,0.03798538180572727,0.10518544576375206,0.3638421287802448,0.14081038808900803
1,1.1669067548593053,0.0962365992556449,0.03715223794598505,0.12560768286000595,0.24661022383296638,0.126399860951426
2,0.8934208437574223,0.13302711707243456,0.0864855793971388,0.08935548430717362,0.36430749349247055,0.09929912041047975
3,1.4236172464492636,0.12095914791932266,0.07102477370491755,0.06572252072119023,0.5232243156322065,0.09335127202087887
1,1.4805101668144771,0.1517152973792368,0.10261871967387065,0.11183222851403027,0.3805730642720882,0.12079244210950141
2,0.5918403406039107,0.07631852734233785,0.0720989100770485,0.06738069949668138,0.5089002368828079,0.12336857272561363
3,1.1060179661597556,0.10239298931095005,0.036871906936383404,0.10823768569772468,0.4143556655874358,0.16711516724799563
1,1.7730659977559942,0.154167518813475,0.0739023073272484,0.1361581817239491,0.5189826633978831,0.10409847063532307
2,1.2133746539569223,0.11685115516190893,0.07399997825760701,0.07271437179077811,0.343466574774388,0.10457878238300537
3,0.8434150524058186,0.1883059325395347,0.06804264425857041,0.10154646344575427,0.4124031197562378,0.10543521097638466
1,0.6302283574368727,0.1101808920680658,0.07718128407794134,0.07464867418274071,0.43837371985906814,0.0931665496204071
2,1.0153409570945033,0.11586168622833536,0.02301998705100268,0.08747952634867717,0.38120561631492506,0.11571313074607294
3,1.6073223144504425,0.14190211864084393,0.0786130250233763,0.12013549116408641,0.5978878359268407,0.11584214692185497
1,1.3652256642601737,0.12891530084377278,0.05905395423341643,0.17896631580943506,0.4497253266800525,0.13710282410493607
2,0.8257649982230411,0.1074460504224418,0.01341566556466308,0.13121662417887747,0.5054913972569111,0.10709831640972091
3,1.7793838788231504,0.1132782868990055,0.02826735519302859,0.1370329389012943,0.36990193060542426,0.11958008582618168
1,1.1681529310348242,0.09143499383609292,0.039688761677001284,0.09555562878353518,0.44644132819866317,0.06758882343929676
2,0.775901637369095,0.13480524345568945,0.10309016154596821,0.08951121957315493,0.5286553702386526,0.07893802090451497
3,2.0961177681435372,0.07688920068242407,0.0860134863325066,0.03273576679840039,0.3540136584023672,0.0990125855725331
1,0.6624589704812056,0.15174242102024854,0.0254521122991427,0.14854940193503197,0.3311009215318372,0.08412863705043783
2,0.45569172922394163,0.11053156648784628,0.028928321598366717,0.09153525628780708,0.2978094642784763,0.13224680369758404
3,0.9753797144675151,0.12341037834461263,0.1546764846117982,0.15839646271863245,0.48247692687316396,0.11899360564455425
1,1.6686252764430343,0.09986907143497108,0.060140947520028826,0.038327670686692995,0.33041640667051375,0.1638370483468439
2,1.3733286789709382,0.15949173353730095,0.0570540798521946,0.09947339521241104,0.404235654828631,0.17250081556115596
3,1.0584265192961242,0.09729184501453855,0.0587972220903262,0.08380724144103058,0.5901411834759793,0.07528274702923925
1,1.421585117639826,0.15271744483430955,0.10510927309239085,0.09635413568905335,0.3835208254149345,0.2374261549709622
2,1.4357506879472792,0.1442860995566228,0.01870056168697169,0.1580729006669165,0.32257743851385917,0.10685545733645747
3,0.994866589885407,0.12498396896274658,0.08336669255854859,0.08930479285240625,0.439076614935248,0.16374654964383673
1,1.9330410690551327,0.1668986193826273,0.03964790473467905,0.08706547972584489,0.2405494563486487,0.12855831641437498
2,0.9951504455124747,0.08774716865238055,0.07576535456737699,0.07897586182254208,0.33462233669377867,0.19725030018738318
3,1.7176260197981346,0.10689043913800947,0.025723127868452916,0.062027375017499775,0.3910623714837408,0.17971788660973326
1,1.9110947510845515,0.11781893146049331,0.05499204827783541,0.1257600861896095,0.2777202406560437,0.1101290845439717
2,1.012638890619193,0.10730415577992296,0.0902810655893621,0.07132058082323166,0.4969086291946563,0.16678342248142408
3,1.1322063581317316,0.08368899724155185,0.07226759384371066,0.1202834354225489,0.3465687830282663,0.12835219387451746
1,0.29527479286502745,0.10947603953481169,0.011853680176915592,0.06560368224164526,0.39598884879097684,0.08339948595715402
2,0.8625234765212347,0.1069203090958537,0.03589388317348919,0.0789056163321155,0.43487972129960495,0.1003650476768165
3,2.069060551892549,0.06732505768483639,0.10762277782583768,0.12731189860239603,0.4053884576372664,0.127194673053838
1,1.4883666318434392,0.1432653099406436,0.03405802911317011,0.10574242911038852,0.351564558742846,0.13178072656845224
2,0.6990917341061708,0.1572376308983125,0.014135723657552297,0.12274006303694375,0.34825093892853043,0.08184258553648385
3,2.034417858304736,0.13170659393210457,0.04724702188614394,0.08979836605039015,0.3234393754209109,0.13570986140425642
1,1.2559032276036965,0.14262297720696435,0.08464294330700128,0.07265402598307859,0.4138920876030754,0.14310703187935486
2,1.943470615873501,0.09737004386775072,0.037967897168021195,0.0712962873775545,0.3495406026762842,0.06385917971567824
3,1.0363734529823954,0.15816610233801062,0.07796391035121555,0.11991251042429668,0.45805849402466603,0.1586844481930599
1,2.427543031274598,0.09772600696310087,0.031230670792881887,0.13479972610563817,0.41322429671618105,0.1236655549554379
2,1.8614338534441708,0.1137819346999003,0.0802964008304013,0.04076837648149243,0.3333017336608768,0.13177996877731438
3,1.096206559238022,0.12808606153463545,0.015270444654369594,0.09327846317308996,0.368103387080601,0.0802966607193959
1,1.140516704557461,0.13220091439126638,0.04976471559306397,0.13930972842183625,0.40257300918033123,0.17592722529714494
2,1.283842762718627,0.18376020974139712,0.029909736980620057,0.17016792846005863,0.6110034577142015,0.13146142028104077
3,1.0888452038084484,0.1271064593642064,0.04808722965687008,0.1239921180318125,0.42898317956903337,0.1868400293680481
1,0.8560427301150121,0.13376845734350637,0.0641687938914326,0.061041359245658434,0.39210850429903427,0.1313985284378763
2,1.9082883573895622,0.0907028777750103,0.02509934436383106,0.11538828610206574,0.30145866241418856,0.12242474757580639
3,1.538915311822857,0.14454309073435462,0.025956174303353802,0.05909292417292165,0.40778332744517604,0.14675421460841853
1,1.3413737708816318,0.11401657738957886,0.05802807880152676,0.13160852840401785,0.22308242130975264,0.11053803975145947
2,1.3156341817304087,0.13089591748752516,0.020270498204039023,0.12472125215909262,0.18536058257917035,0.08857575374398335
3,0.7773605814621095,0.13135026074412887,0.05782935088109953,0.0904720652123186,0.3226787057712901,0.12691472581961305
1,2.258268219977551,0.1322330161259499,0.10939105483339613,0.11817708742259736,0.3918911270142114,0.12196590017944522
2,1.6060677915743593,0.0695107014216837,0.020283990699959394,0.058924327643261526,0.4710831519360635,0.11890563762767073
3,2.218051730523336,0.10034736991842265,0.044975174454972434,0.10653103921593335,0.44535258659441856,0.12516307944887223
1,1.2735335279294802,0.10439650046609683,0.08924519775871195,0.10870530109097365,0.6007463434665561,0.1403965046004361
2,1.4839065734471044,0.13562698161807793,0.029647360985433545,0.08664491393110242,0.44982993278044864,0.11644004221907928
3,0.5666796715291866,0.08775865298433672,0.04623026136571133,0.15825203241403402,0.5227710273449372,0.11458142814544538
1,1.12295548814898,0.1541203074157784,0.04529536093391988,0.10509826208324505,0.3456186087240919,0.16837261997600173
2,0.9133628725516145,0.11708435614639058,0.03252291093292893,0.03380442107095691,0.6048684218735194,0.17093935125267046
3,0.8071121197052835,0.14039725470166223,0.039974154731265046,0.16272023779689815,0.4012726402440011,0.0995257670751395
1,1.5988746782099192,0.1260383188066097,0.08203247091958896,0.07665530779640792,0.3237160902464966,0.14010672934300908
2,0.4572437495559839,0.13825357773166774,0.018018840062705082,0.19424157664713163,0.39455861525131813,0.09508684415403781
3,1.6430029052059938,0.15567469050152294,0.035962227047137876,0.036921075420820626,0.3543813615489003,0.07606847567160677
1,1.357716353421413,0.09953635557685563,0.06453932682151607,0.13646596922358423,0.438135607677175,0.11419410735459654
2,0.6174858157060878,0.09006241328842624,0.029892771925136265,0.14344168655908665,0.4386097100885798,0.13985322765443048
3,1.3151226565106118,0.13009829138130083,0.0531637992184389,0.050600688211237206,0.39333862648828505,0.10015142118725691
1,0.5674995458739972,0.10545145118601013,0.10475865670763872,0.07244012008127519,0.4677903385231098,0.11858403686611903
2,1.7941907746742298,0.1269519491966008,0.02669834614647493,0.07426428513767305,0.5060262633456662,0.10522978688142018
3,0.7057667521143214,0.10862305485425645,0.07030328404104991,0.06204006635891222,0.30903268709278764,0.11593141775680986
1,0.8043495562417419,0.10070641898032742,0.03597125386552025,0.0913577950214033,0.5203830767370857,0.06673905848985924
2,1.898534483758669,0.13537066457396713,0.03511224242061972,0.12095050062560697,0.5316609201785724,0.13803047787055683
3,1.7205324680196723,0.11988432025773046,0.11566321222855293,0.05519302255644897,0.27075389003666084,0.12583170324507742
1,1.4376465166916597,0.16772084253007824,0.09933143417774015,0.09022156721996662,0.5957223142379949,0.13738951413766803
2,1.1636026142347378,0.12510688051226793,0.041681310952178155,0.0690923587092119,0.5049058661582181,0.10840855982951474
3,1.2350723119736815,0.16971991492418997,0.04186396635104388,0.1544651020364422,0.24375031920078327,0.11902548798454904
1,0.3918097128086635,0.0846516623722973,0.018939865438680252,0.12230201294830041,0.39388886328045974,0.10889444256374205
2,1.0750274180415036,0.08419903739412421,0.09126891005980142,0.163464597273402,0.36278453640463093,0.08208043554356537
3,1.6597817724144157,0.12613023832370857,0.041866637696497816,0.1656021761221798,0.4549468718562982,0.1256028290894279
1,1.235975368449549,0.1347161437964483,0.06445679772798416,0.11404058323613644,0.2993826861932291,0.13011657068730542
2,0.35446106196988647,0.11068344773972856,0.08674946008239387,0.12068609096897359,0.4452907777811175,0.09101299647505759
3,1.494237925620104,0.15588762880061197,0.04537798709914744,0.08119735634545103,0.5407838181470782,0.18734274687717364
1,1.4034648141462152,0.09360131493554232,0.05382048341412807,0.09144751130504682,0.4144936298495834,0.13205083000522966
2,1.5180927603781884,0.13356409631500382,0.01032001771549957,0.2028025189503611,0.39390269275449186,0.08949436559293358
3,1.789626082389026,0.09589966378855706,0.08299802487760562,0.11653532059184005,0.431428573239647,0.08225794993492463
1,1.1456431451692863,0.12999191720966907,0.029843502349824025,0.13359938295707924,0.5550667287578959,0.12824810273337958
2,1.8493853421762063,0.18161603084954273,0.026319771590162327,0.13536788083121,0.5551648287432027,0.09527345709721287
3,1.9085101907473376,0.06890702631728737,0.07803842509777717,0.12968275781878846,0.4885828118744473,0.171677965511965
1,1.076443373035051,0.15833146770875767,0.06584862973853624,0.10788458101340839,0.28344987446234143,0.11532449632334624
2,0.7283567314829119,0.07812612762036081,0.04976048606242887,0.14578449841285432,0.42297120044682623,0.12767646338644367
3,1.0318102075464783,0.08941137669565904,0.06821839937085356,0.17022062465980883,0.5142119778547807,0.11793451882417763
1,0.9106864429556111,0.082796033951772,0.04757191137973289,0.10440797097888277,0.4023395757457876,0.1050635338933818
2,1.8759179712004839,0.08308992929560478,0.04314669628331332,0.15913061154977337,0.3922011558455926,0.06917040669259805
3,1.3769383070851282,0.11219821224528369,0.06597887197885814,0.15782985264575017,0.49523524643744343,0.13707376032979368
1,0.2370395979382658,0.1239462556582605,0.03294909792983587,0.06638936916821568,0.43584027045361096,0.16517205039743144
2,0.30823822864187855,0.10724872320002725,0.019138250307243074,0.15262407942656347,0.359669426583318,0.12659256221474363
3,1.8580562377256682,0.12624681482403377,0.06458195303796568,0.06542624527137074,0.2648771098636683,0.13673325336285447
1,1.0876039603530399,0.12795858131326993,0.05916638459290166,0.06544144537123585,0.25755018355699516,0.09048580129949302
2,1.2912469351023257,0.16475520117406128,0.09477578410476906,0.12436430471383762,0.39976121109331114,0.12392315472357
3,0.5292141812372573,0.12168126848148343,0.05548509324707371,0.058229911207803235,0.40199044131113504,0.09546489458771228
1,0.7938128819835234,0.07663977663560176,0.0377576374096704,0.11106071219118781,0.3575760910902115,0.11771361319247793
2,1.8185783896117127,0.13083270867738742,0.025461776888801187,0.05661301655953437,0.4110712593704731,0.12858502802296964
3,0.8862370359277868,0.10773847742912203,0.07128008066253717,0.0962482070020967,0.27250513050832836,0.16399521456701782
1,1.5949276833855812,0.19379958142636033,0.09571444018894075,0.05184991020245667,0.3411369661867661,0.06860158411515918
2,1.7704855255866556,0.13361538829014474,0.032167772468862876,0.11097128551127333,0.30050907993415005,0.11823609569317739
3,0.939250811438621,0.19315852985787949,0.014486264250362101,0.09355669629397546,0.4091049513830892,0.08357051489726827
1,1.310196638188897,0.12998318348035817,0.03238458428588605,0.05592594174582111,0.3790934106882918,0.1577025707145364
2,1.0018655631152151,0.08844977258520886,0.01849264918850072,0.08004503722647821,0.5041810220795067,0.13962165087735223
3,1.614166313453115,0.11200896690639633,0.01279505741843516,0.11888422346747762,0.5169845112190019,0.1378693398247035
1,1.844425377851676,0.1206714700846167,0.014206398159055791,0.090682672827604,0.4178560936058324,0.09984136424008075
2,2.276021834184813,0.18396816726658316,0.13298572868899744,0.08038389010106348,0.39759950564609503,0.1362181946445573
3,0.9988855206899186,0.16220345622163052,0.0870397600960762,0.08887356880869272,0.5395331004395649,0.09491894304356951
1,1.8087988437702323,0.0702568402360034,0.06797009675197282,0.05937651654808179,0.49919398644383617,0.20559330831021091
2,1.3027767760452067,0.11404934115690138,0.05637647817979082,0.1124452734524224,0.36538856632106803,0.1922307522165253
3,1.5820726723870817,0.09036788042080225,0.08843741305847205,0.08979529623080774,0.47450363906707044,0.10799541547075737
1,1.0839919333281367,0.13202213605763988,0.02155508946997999,0.12294706316546555,0.19293701921547637,0.10987787854304448
2,0.4826953889554223,0.17047063090456843,0.023728449793723762,0.111746739855255,0.516657461360595,0.1859173260972466
3,2.2004540400505155,0.10145629366166084,0.02073472282282072,0.08232721253966174,0.6644072268783932,0.1213020664526245
1,1.3346935511205944,0.1507765839703094,0.05754198472654408,0.04333815484969671,0.28792384472098287,0.09612077166397713
2,0.40100747902488165,0.07001860182514527,0.03834726762857666,0.13343408390499556,0.48035450965392973,0.19610660842223754
3,1.4976570022409976,0.09112356640674947,0.06586056774335128,0.1484710148596888,0.5181534602709676,0.13782218504131197
1,0.8636146445930311,0.12882503557409866,0.023769838674334295,0.10721959998844323,0.3272304333327234,0.13747322379949053
2,0.7103671981667655,0.13606810852701598,0.01356055451305302,0.07227881029495678,0.4316017933147623,0.10425279561041868
3,0.7462080837901061,0.11125519224778069,0.05302618653789824,0.0947561846216971,0.39419187026230634,0.1437254609824611
1,1.1901716223336984,0.08751042325020121,0.04922986284691897,0.03839123389120362,0.390983078718622,0.15840258398495752
2,0.8430764636492806,0.11857807387542481,0.03149182675611953,0.12922782851328743,0.44716838519865293,0.13373621328715518
3,1.4454881157547905,0.09804547241366825,0.04039521063475331,0.08703852007504376,0.3669754173669202,0.1407404386344468
1,1.7610919507023686,0.10792959504239558,0.050696774931176324,0.12318028314184348,0.5111408653725847,0.1687889957414569
2,1.3211817156884273,0.11061796617860127,0.05392683761889237,0.04122902622907662,0.3480394428244742,0.13078758088311576
3,0.6762405657683148,0.09804436800663847,0.03187230988547763,0.10952902070462357,0.2547358455503903,0.07537426465890494
1,0.6036316332889049,0.12556834818678902,0.014839576817749299,0.05319349581645813,0.46800783770660487,0.09942803775702885
2,1.3078870683780992,0.12637839594923161,0.03713815353796298,0.07263645922991202,0.361387827741781,0.1078964041844324
3,1.4969659308377135,0.12397391700881452,0.13343358828188606,0.07049754801310466,0.4448154853099071,0.0745381884954174
1,0.6867048622113472,0.11492319821988196,0.07733700699978661,0.117396920572161,0.4451260249003421,0.07421730264099244
2,1.9344260177392902,0.09673650025133736,0.061948613727715,0.05525346860732004,0.23080294577201974,0.16919863587507614
3,1.1449952168635065,0.10588132659772304,0.0849157756996411,0.06335960460842814,0.3640074888511642,0.12098133765325389
1,0.8986617322413327,0.1520001413172243,0.05314112634595643,0.06608357851531585,0.30865274162956435,0.16537192544486864
2,0.7315787900437519,0.14105842306381952,0.03890187990890267,0.0942989817114937,0.4619687929678935,0.07809105361355802
3,0.7499468454378173,0.10805796407472915,0.024568187187288072,0.10509692305103491,0.3678493602625792,0.08097402889162253
1,0.8234028784721356,0.07907607407884013,0.0759148866859754,0.12857165630899997,0.5312285062733253,0.05766177708744814
2,2.182862198572174,0.11728531817088203,0.09231301470092933,0.06493803482970475,0.4593017366674368,0.13906796856853498
3,1.0706750804210683,0.10632984042251506,0.05255687197031867,0.15107163295312875,0.36061482250261734,0.09921579117195095
1,1.0809467243095243,0.1714834011055628,0.028590091081614383,0.1535634851970848,0.5604176894999562,0.10827279791357036
2,1.1996705276579525,0.0769792928576591,0.06703952780638044,0.10204962711876607,0.3670666221973291,0.12909258779348393
3,1.5814971743238544,0.0915685715106132,0.01339496699785539,0.08013767395605813,0.38000465446028137,0.16190325086273621
1,1.421142082102272,0.11426340153674933,0.05551615038660479,0.04304241132958731,0.3763975939326751,0.07709418533190289
2,1.1088710461441136,0.1919820078078301,0.02887118823467712,0.07406742327652024,0.31735870423741974,0.10525934143980939
3,0.42479949142089124,0.1515689022996147,0.09004930888617489,0.08788004659943387,0.4739257571408449,0.162824754089693
1,1.7725828041629776,0.16055466678837627,0.09312321925962985,0.08976395503572933,0.355327587091981,0.16430946395172402
2,1.909982350480459,0.14185652557657896,0.0995308959979336,0.1147422327341707,0.3018257588673405,0.119790939440512
3,1.3368713296506034,0.15202935417747362,0.04877512403034308,0.12505648372917993,0.3468184970164331,0.10623221436166208
1,1.5946709283164113,0.12180072274272616,0.07791633780974691,0.1515036090133759,0.49496367905166333,0.13719344351402615
2,0.3001978846080855,0.13719328696924488,0.03722229793588677,0.1268778302885395,0.3544667446490473,0.10454063006496031
3,1.1484798462277013,0.13430965289242675,0.02481962408857115,0.14707296296303393,0.24855252270304296,0.12015615566011345
1,0.6692783573527306,0.10609417098208046,0.014889917340056884,0.06429026015311409,0.40289034056195394,0.1059371758296551
2,1.5196327625399586,0.1667773302749117,0.023621886607290084,0.136892451932012,0.3178902041168369,0.21942290421032595
3,1.1021222593848834,0.17586567916303814,0.027270724090634257,0.11094624190238729,0.3290718183397954,0.11591470216395963
1,0.7502051581112164,0.14846085864881958,0.06536864597730628,0.08969700352984511,0.2436977252663588,0.1463307626425155
2,0.9270352853910953,0.07806960030774732,0.015439047924158011,0.17914653001554937,0.3728522892011361,0.14502976434612797
3,2.000679353770688,0.1317654248143212,0.028246886888870105,0.11136517121222275,0.31659333629681485,0.11466677558389586
1,0.6813847229772633,0.13357812221786278,0.015254436835261124,0.1088319639592781,0.40662221697878853,0.1265668798288088
2,1.0305168606588841,0.10732672591039787,0.0346639501347155,0.12014529243245727,0.35990498440339547,0.10035917118305589
3,1.2025631073979195,0.08219216448289343,0.058877578305534924,0.10800772009527877,0.18435971858703334,0.14585493821332757
1,0.9389586250477946,0.1111419240913045,0.0405840958864216,0.09610264837731593,0.33823794583864186,0.10164687236812267
2,0.9004786635372786,0.16080045412015323,0.03149690640012085,0.12303591609648823,0.30599128075017024,0.14057887420846216
3,1.3380739275344609,0.12480945756528762,0.02595810911938932,0.08504602499038862,0.18311200620246526,0.10071031089576933
1,1.542863187914605,0.11288748967999217,0.11272411938078367,0.07658810401865326,0.21898505066414037,0.14675712393761883
2,1.1861819085581735,0.09209791249648341,0.05916147259794113,0.14480358598870635,0.332532545837608,0.12426685565160152
3,0.3645590495023274,0.1339478534531807,0.03605694300513976,0.09665671498698908,0.3149437699353359,0.14765192634746155
1,1.5114816692757438,0.09488653871730891,0.06713557276491734,0.10358874809261233,0.39230510355038534,0.20566649083092214
2,1.5115327722744598,0.15963033398619358,0.0783340803719614,0.12295295708862364,0.3889379210401507,0.0910458703269579
3,1.905311440808695,0.09419742434195343,0.05022905410005801,0.08126768607957971,0.3154171166016543,0.08557758256410569
1,1.1679109556811447,0.08922730587214431,0.018441785484683518,0.13825568246034917,0.3555431440488673,0.15197697643426183
2,0.860039859063735,0.1355375031512747,0.018302474562485273,0.11895128956944823,0.5086452880079233,0.08794587813398866
3,1.7480060729332692,0.1586483045973319,0.07146030252180191,0.10201531550741096,0.23597417365200934,0.15298096609284567
1,1.8283082805043285,0.11660127249481193,0.06277483202430172,0.09768908510280255,0.3432304436862637,0.10906817817827555
2,0.7621367535539407,0.11292166524537105,0.039482379611285014,0.06342277974922997,0.21644906517973098,0.11192125185144311
3,1.3057586566119308,0.09095503216847073,0.08151268843045381,0.09350789612069413,0.34402122093935944,0.1506132569807763
1,2.442480991062963,0.1501171842465684,0.040949420273882646,0.08984352890703691,0.3500773248284776,0.0899848855972681
2,1.1841803243044442,0.11543981088335538,0.018148635570120857,0.15221277085459015,0.3762031658392404,0.09982068531515594
3,1.1557585522224743,0.0750125988036163,0.019098770323234975,0.13074155227684586,0.34450141554898733,0.10839741935166233
1,0.9964043302977759,0.10141870986287618,0.02935221761217561,0.13410793872392046,0.4186952066386761,0.11140296443961094
2,0.8403817190599918,0.11736134320520047,0.016329335567186583,0.0890906627681475,0.384110713109763,0.15162442989364183
3,1.42678493274855,0.11130673429976853,0.03411933128396595,0.0880803693320386,0.2835022793158788,0.13944636180753478
1,0.23682005614680424,0.11749523495437489,0.04743097709897427,0.052990231313673135,0.4631951006210031,0.17275639165635673
2,0.9299049572734888,0.06898175337179531,0.040913256949454475,0.12386413417974229,0.5390183752975624,0.09409798120623275
3,1.036941072079276,0.10323627260259048,0.09046271984014884,0.07784396688641841,0.471823439455172,0.10341166536231916
1,1.7476926779902608,0.10298379032431951,0.022227014394964842,0.10319684318792437,0.3993270774178651,0.10569634404862138
2,0.7836572210355087,0.10075930965768704,0.042872758764617366,0.11535801924539042,0.18491077857356225,0.12635927216893517
3,0.48448029551776584,0.09373444639695991,0.17730815473472744,0.06224807751378668,0.4049068231601274,0.09916352889972838
1,1.6205072680018038,0.08568860554857943,0.12898479675002067,0.059128585705117996,0.48304336539612647,0.09307281404508319
2,1.215664971151092,0.1069801003088798,0.03653006469859053,0.04827072380450885,0.49087323692641593,0.13952754233072745
3,0.3061295630186922,0.11873868933958422,0.1027624369907765,0.065341184479104,0.3693623097967475,0.10095692169483259
1,1.4339890630071452,0.10475174584042936,0.08422036264087542,0.1227910002982977,0.38026798527750416,0.08476614357551224
2,1.4639997413113328,0.09434127356600588,0.08509198242607295,0.09307980446406362,0.6262775704092042,0.1809352845120869
3,2.130967101075612,0.11559825516601305,0.08443917259205438,0.14020190403666358,0.41645109677160425,0.1685403894910104
1,1.4230325394877403,0.13466084035947143,0.04050612206469685,0.11582811482381819,0.5313850201055601,0.1702667953840499
2,1.0389596395215173,0.10167198598002875,0.03438838950091387,0.08321828693357748,0.5524835093381102,0.08694265124010082
3,1.1731122986853535,0.09942406574782811,0.07616949975297369,0.08195049325550328,0.46788468820383583,0.13879557231844328
1,0.7224606440450986,0.12360261220119528,0.05368149046555152,0.08421147033142479,0.3961205492678289,0.06990175842458136
2,1.7597556512624388,0.1435434474075139,0.07818730144685349,0.15123046909536325,0.2328006541271733,0.13529834030612306
3,1.0055487313672888,0.1367939874037437,0.01493486809699723,0.09350637356388744,0.28528598342532674,0.09818077236568891
1,1.5480260051646206,0.09010250139290861,0.0341351617241743,0.08585555239892018,0.4601394008579506,0.1549930953928207
2,0.7736795069625586,0.10295230886846424,0.05225433458338439,0.10147985530062396,0.39907509504577976,0.1227940023197058
3,1.3590780010368813,0.06315188539996819,0.09924317735637929,0.09226942331026806,0.320955175294582,0.08476866508052452
1,1.1950753000769303,0.15429034020404608,0.044782619373580225,0.060989644185153895,0.38912964924936316,0.11653443521033646
2,1.08856581588687,0.11855738666785123,0.08482852162983778,0.07054351367172887,0.2991225106678471,0.07063544644338227
3,1.9181680706842805,0.12713781729077717,0.09140917189413539,0.10347075242735783,0.4666273802177874,0.08467686738074186
1,1.9072916131256406,0.13581082320233087,0.1340166760861713,0.08554500462743253,0.505085611713085,0.07395648904564883
2,1.5235073196677733,0.08723288149200864,0.05631878871731142,0.11282763242820341,0.45471949716834487,0.1139019499226673
3,0.9928618572003312,0.153609490424752,0.06307456145584939,0.07419722922797393,0.462135414680679,0.09788298374385676
1,1.0005375710452271,0.12828839558363087,0.07194069946176307,0.1340362586805394,0.3649608517171838,0.09917961082356058
2,1.232122914695957,0.08987882856685743,0.03233321978646475,0.0832712515921294,0.5639766709389715,0.1934118377392189
3,2.0310906561981525,0.13988677243946854,0.0358657008561577,0.160092417312629,0.30353354948191025,0.13594892245482212
1,0.9867100775218376,0.10285418957980935,0.054364937363943294,0.10639753087519402,0.2469724036824387,0.08596003654510154
2,0.8239943209753638,0.10684653514851553,0.010778007227621844,0.15125209187924712,0.4557684812474613,0.135856576071584
3,1.6856533042748028,0.06517088276287879,0.07727938927440597,0.16001147532337057,0.35578083214179823,0.05908666314117306
1,0.5709027620318957,0.11317210773839721,0.06166367875345058,0.10022521458320711,0.5381063035457306,0.11687833441167728
2,0.6963901181659988,0.12888594741763273,0.01548186657909667,0.14287371003004914,0.5059140804651584,0.09938783083265663
3,1.3859390092751955,0.1262350394556657,0.028211772881532524,0.17462154302422223,0.4056531279101575,0.17985234080868343
1,0.8054708211212573,0.15689245024072343,0.026507590497637488,0.12919927782233687,0.2727170103067701,0.11944260607669288
2,0.7743026613964278,0.17622529082099792,0.041321729656368676,0.1054156370873894,0.29893254223551213,0.09123413278092957
3,1.6779173942347334,0.15103392613466293,0.04851858899764341,0.1197170882476064,0.5391075073751102,0.1203987518164878
1,0.9243584329261896,0.10738268284501729,0.010647093636554743,0.04829140326933155,0.5025023344063329,0.07748173565209732
2,1.3184874469762236,0.12891554191374116,0.019992779783946216,0.1559054416250159,0.2982022122282727,0.11590833180359791
3,2.204179948251748,0.15083103587847912,0.011715929405619926,0.07837704350208669,0.6890030892767027,0.0834191489401232
1,1.1006022192445468,0.08759024305661936,0.03329977504697376,0.08529820957050326,0.40660917483298825,0.09070912766996361
2,0.46912734715572113,0.15076306557726554,0.028429436309055228,0.13382931317638835,0.2918204068360766,0.07984448743135798
3,1.5828340057953667,0.06960258901201723,0.049972876151623456,0.10853373539415934,0.39085754134642064,0.09538648191014085
1,1.5795075009217883,0.09900261921548768,0.09099172415615393,0.11208105450508218,0.31702965069768424,0.06412318595432259
2,1.7691898576737133,0.17637603592721016,0.09653279354894065,0.06419930625208747,0.5341228786555045,0.100740221769658
3,1.5368880409111145,0.14014024398852248,0.045669358196799084,0.14768359837253456,0.6073046531706102,0.11437564777137144
1,0.9406491999358813,0.13943547163759085,0.07911310025591364,0.13208475601961744,0.4389387553403945,0.10590331923835362
2,1.3497932115796851,0.12616112603693186,0.033627656340012635,0.07529751240147278,0.34516944650922066,0.1455623764574382
3,1.4934122782936352,0.09911685096536466,0.03682341743734071,0.16546317292950508,0.4663759098034462,0.1514081678925404
1,0.6350395570590736,0.12038015753372588,0.05179908872632465,0.08997056173998916,0.4860174246650003,0.14180340251739476
2,1.5190131578144714,0.1291143486668788,0.03779414929002517,0.09289162239396583,0.26022438750121757,0.14825219367201992
3,1.5761822665070806,0.09133911495344775,0.09860379843242822,0.03210420863476035,0.38070604780911843,0.09374007572333162
1,0.7718551156538848,0.13184454993735062,0.04271562908503949,0.03857960435427399,0.4449940672959599,0.09621590945530051
2,1.1408218173506226,0.10278410526235142,0.02516844139586649,0.08252535687160378,0.22600172467194288,0.12969054512290448
3,1.7565373917155942,0.07781829505785584,0.016429100588330733,0.11598830914327918,0.5269206326046965,0.07995084999978139
1,0.6928809681882391,0.1560674023161207,0.023879160308118926,0.12057981498919208,0.4697496423737664,0.15046728498116238
2,2.0196025090865377,0.09350362830398892,0.038795968948433394,0.1253305355624567,0.41518546664221484,0.1399908810009396
3,1.9407504116486716,0.06619147329245798,0.033000936231611266,0.10676683630876878,0.3145882298256133,0.17800615263773692
1,0.4280318562833534,0.12355344131498383,0.07790846105064142,0.03518082122095313,0.4008167781453169,0.11884557975651375
2,0.6458624321804819,0.13548682567624654,0.04071173053000261,0.09113795245985969,0.555304372166735,0.1332179010423866
3,1.0473871023308712,0.09555846769128043,0.019267772196882155,0.16685166238766996,0.31755540836228213,0.13154419566300107
1,0.8018177468721345,0.15791422509475633,0.06127679116330065,0.03773675812913426,0.39796474023712414,0.0860486198887763
2,1.2296579261140923,0.12278601780626308,0.1085834560071835,0.11962820147057096,0.5940164899259139,0.17252727664142092
3,0.4314318370723006,0.10488631886978182,0.0545645133013596,0.16684523528816358,0.3831409196641711,0.14601475791392823
1,0.7636255469374126,0.1121882640605056,0.08651961309995673,0.08914345912571216,0.2552636699172661,0.13936772338979508
2,2.0357718158521805,0.060016845702061415,0.09235598260165392,0.17029092241828425,0.45337219907746323,0.15150918224578383
3,1.5347457122860169,0.11007457980276154,0.06361922112577233,0.1518179248806784,0.48134358507125097,0.11787307921713519
1,0.6151062614271641,0.08471810997383447,0.016424136847738434,0.06851685231921863,0.4259728397704366,0.12400394225402474
2,1.3275416483353994,0.14239452890488227,0.07951840365845549,0.12359923172434889,0.3750031972982666,0.17918574984957425
3,2.2000728317688996,0.12243515387782525,0.033125100023908206,0.16687479044396675,0.304265870056366,0.08441363391349271
1,1.710828435016101,0.10318457252986353,0.04062202777009639,0.06406310704750517,0.40679563236940075,0.1722029714488663
2,1.3968886861571705,0.14551359949181425,0.1000947444227375,0.10144149026292194,0.39901765968554004,0.13277720958986905
3,1.9191683067515772,0.12105083142767775,0.0422398939087447,0.044659607134518116,0.39315744123712043,0.09013359095072668
1,0.9452964540797346,0.1798014353519911,0.06352309087460306,0.10035365549581013,0.29907591166410746,0.15595240714546263
2,1.4517144593869669,0.11263794513548832,0.07803769766906139,0.11255564310340697,0.29268201906783614,0.1281428794143154
3,1.0477451639470479,0.1296157534997237,0.029298026706134028,0.12385116050643324,0.3455212668004741,0.14199905802303428
1,0.8780053752701921,0.15368971281704533,0.036693531081890024,0.06674948445787979,0.4835875072540072,0.13128384025007364
2,0.18773432099294496,0.08873916607286472,0.054709176613020105,0.062409043008675884,0.3044729181045495,0.09848401530736585
3,1.6984668237775729,0.10962693297289283,0.035056619079416054,0.11647324679658674,0.2531313682376404,0.09021631625103944
1,0.366490063745747,0.10800121930062291,0.027057598305954462,0.09817854476925485,0.4701653661893362,0.1585778051224453
2,0.9131232975071977,0.15720868035244137,0.055647285085916515,0.08936195585943954,0.36192380447362016,0.15426929768825307
3,1.1103758641767922,0.12564241195297918,0.035807313327067845,0.06851228723748465,0.2628274457295291,0.166346892160468
1,1.1321236685036697,0.1119078530927093,0.05721879468214444,0.1008600696094223,0.339920088896675,0.07227576939004676
2,1.8807123387838947,0.10157305560684256,0.0435935355774541,0.03420725840795098,0.3062190684950345,0.17195290732027851
3,0.6681130862196644,0.06320721074883871,0.09165271489625108,0.06712043979045987,0.19022664078101936,0.12259872557280664
1,1.5257619378140719,0.13090594096417352,0.04889434581820805,0.08213974688871935,0.3246467654577137,0.11071244573256558
2,1.604874371077952,0.08156981164467503,0.12844943812870918,0.10827856120395757,0.3246818905597612,0.12179158678430256
3,0.529352373777068,0.12495380167170991,0.038623361919420035,0.1160568522243579,0.339406498907742,0.1153054922275934
1,1.2885128768333716,0.10004156839195485,0.04977392725730357,0.11000791449075323,0.39246529111032086,0.12689493492733572
2,1.758456323335511,0.13508602038495648,0.03159414135060421,0.05995792948306648,0.5442497696459997,0.14218192259729956
3,0.6680339029122134,0.13151786089927983,0.033740048112140854,0.05734309637468281,0.5458381613338684,0.15318056642642647
1,0.7568043576260393,0.1732058098850164,0.10933599765321078,0.10774761207786437,0.31779438217242695,0.0754924822862091
2,1.3313422455654322,0.09120874843596934,0.07571340576610962,0.16119106428896363,0.33031429457559536,0.1794287433821588
3,1.7942239478260646,0.09447794094829819,0.03535563618601539,0.07140953143110207,0.3426140334899616,0.08247953040300963
1,1.3056975108834152,0.13002714790326222,0.04448785284189278,0.07867517220970205,0.41484058325770523,0.11622692425245341
2,0.6674674820399964,0.11271645301817176,0.04096778817389824,0.07393880297557877,0.31776466038105794,0.10548580984640023
3,1.6233925520340486,0.11987695768419368,0.021206846441697735,0.0844802874496027,0.2859786922637646,0.08749535783549589
1,1.6020330691654283,0.11214788053924137,0.06327912649794805,0.10059588247369344,0.37154842321110326,0.11416484987987224
2,1.339585950319023,0.1196957737236155,0.04242080594779273,0.09347168355848344,0.48462136604640227,0.12138346508890888
3,0.9943799446943763,0.09455851890456723,0.01103244855851164,0.17587600280715293,0.24487415632404008,0.05969154965337217
1,1.0500052086204719,0.14341983722970775,0.062496478576724475,0.12655067988384994,0.40633737468754944,0.1283128807184177
2,0.8639246062056257,0.09283487003355964,0.024554796162613357,0.14868692289460084,0.41836250423454957,0.15714496658543914
3,0.5973050010599144,0.09703889278087857,0.034193172843018135,0.1260797337099614,0.35183341974103155,0.16004824860707287
1,1.2956936528412268,0.12400960612930187,0.03571641790657681,0.08736005462213103,0.4130818375064466,0.06921595566275981
2,1.4280656135791734,0.13375413685246876,0.016190296753732493,0.16643180542849928,0.42759403029792664,0.14509320964476005
3,1.7151650388553434,0.1445231088843159,0.030337696227215764,0.08101010037360475,0.22005662643242904,0.11691177706466342
1,0.5473186180071579,0.13201872360087136,0.03535168095525934,0.10451866304496525,0.6186960097169457,0.177160823891565
2,2.0837211714512884,0.09142899726807822,0.027376400167853542,0.04801955895599936,0.3004692130274478,0.17255569367945423
3,2.1820660096128472,0.12459019293339801,0.026441099739039797,0.16172635429827567,0.3370798157774952,0.1257562720584749
1,1.3239987659224286,0.10133754644769831,0.04156173487537142,0.09666520607944262,0.5267797048158418,0.13024791107478992
2,1.9831222882914619,0.07128356991601019,0.05055525907807342,0.0771934463177962,0.35590093726011124,0.13031321007593363
3,1.5616228975972493,0.09024889026406989,0.05459680377774734,0.04855044526477415,0.41262094384978054,0.11531049704022676
1,1.8872950595956386,0.12303114552061287,0.05108222622771247,0.09383428284200118,0.34851319175698575,0.16726368853089668
2,0.9233203476609386,0.09396956194959968,0.11709276488383262,0.040804140837311424,0.26071448389376006,0.12353063078220103
3,1.0624485629641265,0.11465501462765255,0.0882609873688773,0.09364095027511085,0.45715019347189106,0.1268279234156197
1,0.7339505530824576,0.17074252224992592,0.03234845699025767,0.11197936087080915,0.303019564678056,0.088002853191025
2,0.562046648149652,0.11754402608826496,0.04263459846410867,0.09481289795392937,0.35170261018738214,0.10447929995940461
3,1.864739464548515,0.09849687464360252,0.01660067936096511,0.07901506540278058,0.3890984568161959,0.08230124771588333
1,1.233523492447361,0.14570519451136918,0.08549387633676755,0.12556097544466815,0.3818188941263845,0.17343941226673365
2,1.0173522283618288,0.11341382104618093,0.022533356717730244,0.09632891246336339,0.4580880424676928,0.09387921365376274
3,0.5969422867124904,0.06647231909219226,0.060422409635266516,0.12850579202400494,0.4228897632215322,0.06694499959397923
1,1.4904742645472278,0.11286083270124682,0.042800675602464124,0.08586267680831144,0.3395307003277373,0.1254473610238432
2,1.1731223288486274,0.07014157274948404,0.010117409719614168,0.09340658333609865,0.34190640687402024,0.13198047661722526
3,0.7717188083594574,0.16265776253474656,0.08899338078296598,0.1132370460407216,0.27980990707176534,0.14507389724939435
1,0.5672891512960782,0.15286015784180843,0.05916530807830175,0.10667632750076934,0.4707522382931787,0.08717548463937574
2,1.247334519327847,0.10016178539553744,0.06020489656079467,0.08144702158582534,0.4660311552526158,0.1612676328521342
3,1.0986003415206964,0.10683503322254315,0.08774398114265902,0.07162475182341003,0.38040567532416847,0.13084571289352867
1,1.359297338300807,0.10985255785897188,0.024091719306332374,0.09561960021406941,0.29747774146067374,0.09899253829593718
2,1.9399607084537975,0.13587082419278104,0.09548360435760544,0.08508991188957554,0.42377303765897184,0.17502147231852505
3,1.3165652602701834,0.14108309216851253,0.04413231485602767,0.0604161837077479,0.46301683980647684,0.07505591833156758
1,1.8575253062765797,0.1292037952569263,0.0378199701871583,0.14867886351689064,0.4834402695993036,0.13105837531796935
2,1.9139513479412782,0.06598176979415071,0.11077980714550469,0.0755266298227328,0.26484518513469274,0.10067485824942858
3,1.526423699575204,0.09123354391649824,0.04533402643466792,0.052448845787084156,0.3293053095829833,0.07441065890200249
1,1.6837955145735894,0.14316939105443557,0.1090229190932526,0.10666557583929885,0.37194738812293054,0.08830083494241414
2,0.4668977387520985,0.06286021959304908,0.048517997999268286,0.0830908033219484,0.39219438316730243,0.17218967276500885
3,1.003653337429991,0.12119658563590405,0.03703063428747849,0.0745069212217021,0.35174472807092316,0.110091844582238
1,1.005147929222731,0.1046264408160444,0.04707020000890986,0.07843304374794131,0.2578853889488498,0.09522910215708033
2,1.107459394144278,0.1418068109787703,0.012708509104820721,0.07680778728385904,0.5365722174527503,0.0968069194413686
3,2.2257862266056314,0.0994688759462687,0.016890636118468104,0.11733290430568846,0.5119236938628491,0.10604227488175817
1,1.268589119963335,0.1296665292568537,0.03619467160302128,0.11189733412054031,0.41908798605421693,0.07964729107375236
2,1.1574750610981621,0.16243940880843002,0.08404584777373611,0.04709281323149671,0.44837028475767843,0.11753980944060076
3,0.6359391840613502,0.09642774959710959,0.021581977605095757,0.10787457445951906,0.44941074436972034,0.07691388345250762
1,2.314188223693053,0.11508280476635678,0.05581575134989599,0.059618134643206935,0.28375468758926514,0.11904353939623968
2,0.6196993274696896,0.11250485673035784,0.07859322131752486,0.12030158179666402,0.4255253793095283,0.07115116016275325
3,1.396842919588209,0.11311091853230826,0.03220663016676794,0.13065022080063138,0.3223531005371438,0.09158410112086306
1,1.8220206528066691,0.10526972097151659,0.0464424344511408,0.07226020550335673,0.35052809169678967,0.18381449197402458
2,1.6304317361543055,0.1505389515922073,0.054501655655817355,0.16320044404771256,0.4150346114779696,0.16030672824748687
3,1.6263006549248906,0.09226913116882458,0.049892690884958506,0.0690691163485625,0.4309237973139517,0.1070224266241431
1,1.1796089951834996,0.15966778351355598,0.01827785944228406,0.11796072243523414,0.3772121804049888,0.06754186875210191
2,1.1924342811784,0.09352393233996517,0.03785716562234147,0.07137588912588766,0.2737536335597208,0.13494350839423103
3,0.7168833676438576,0.0693099988243414,0.03244162514335946,0.11412881198291662,0.42952601324070905,0.15781746878881722
1,1.3097694507648698,0.1181686542702435,0.04324684742578954,0.09087435097579281,0.38743545190776063,0.07637636301010181
2,0.84785955126322,0.06765258811869078,0.04396282896776747,0.09679505663561587,0.44293247280503284,0.08616214536319036
3,1.7023236268538045,0.09634981375636245,0.057485613949630594,0.10423402901699606,0.36898385293996855,0.16785711193589364
1,0.6656212953707918,0.11003010973087246,0.014612981473991978,0.0932961072782309,0.3517035299607419,0.10998369035990342
2,1.1557184936766856,0.1057552772053183,0.0664321354659598,0.12160346124066734,0.5507339525204757,0.14901938752099775
3,1.9478700515834018,0.08703547962991269,0.03008309153857793,0.11432133707040931,0.4491677882406882,0.18374901555956208
1,1.583340011414356,0.06983092579939565,0.019333295722934105,0.05933842162162524,0.20578517614331193,0.1294293606939429
2,1.2315302687203713,0.10767500231314787,0.03300512977039165,0.11778051005815797,0.4364399050633615,0.11567016832831006
3,1.3950703911703122,0.1321300758590771,0.04773891543855165,0.11890494326199204,0.35590481204794644,0.10665283731086564
1,1.673953662467256,0.06970475964910629,0.04701190510155024,0.09211681677752062,0.41103398557608833,0.1801748808425643
2,0.7589002036756428,0.12746880342731504,0.05691903790901621,0.10306758463063495,0.5599548415216294,0.07906584220064136
3,1.0717120721642466,0.11467346132324809,0.07215511727888729,0.08957278760532458,0.5073374427802652,0.09936321277858837
1,1.3311750582897055,0.14358364315373717,0.024316251131476514,0.08341759629732906,0.4328524628156123,0.14920958497153605
2,1.299406099058106,0.07149545731215187,0.017816655794392885,0.08907150012069835,0.3210301869691929,0.13017135907442953
3,0.35684734691724573,0.09200748184433157,0.07209961597280498,0.08345164176201698,0.47312911061936136,0.12339124615376476
1,1.0984474116097322,0.17498982685469905,0.04480569222198139,0.11555656013927436,0.414285650064971,0.07117875735065676
2,1.0546467400697668,0.09322523821265503,0.08648316692530597,0.14133658336303195,0.2679170666185631,0.13998773095737826
3,1.2506118067700391,0.09688169330811242,0.01834781742126962,0.16860786762320432,0.30379962772515284,0.07648488852559598
1,1.8669197973416378,0.11647846906604854,0.012771597300056732,0.08174787552915821,0.36730618108721425,0.0896192384838847
2,1.3929998081280117,0.10474238860812923,0.037203158061221195,0.049633574120493906,0.41266208388185344,0.12515005067735288
3,0.9794692765268931,0.06534165470056079,0.05762624827342702,0.10106756996489433,0.5275270353855782,0.12394177418701338
1,1.215559800986906,0.08746579379239283,0.033451062009926674,0.11229218835424296,0.35793722636883984,0.17544456137583947
2,0.9985221910324336,0.11710080989843953,0.023811866378832227,0.05066283567907396,0.33951101191764677,0.15418316338667723
3,1.7071604016029296,0.10891290439371804,0.05691928961778603,0.0978163158188918,0.4481686061878583,0.09167340214734035
1,2.3976706175714426,0.07905026502559309,0.03808335143216661,0.10601667363048348,0.3695633708702528,0.1119051700257797
2,2.1218148762468614,0.1061404805846359,0.03901380833658932,0.10210105801665355,0.44693514886771085,0.1612148621032447
3,0.9530474351329372,0.10010476134109014,0.09000314549674968,0.1046926851583431,0.4418422214350696,0.16115993922848104
1,1.1080176753488657,0.09754390643937882,0.07819238072635123,0.13268272542610474,0.3412138113866246,0.19382453257110285
2,1.1424357739488988,0.07683728844399017,0.019996560334941425,0.05975115845038261,0.24828104303637355,0.17967393018996697
3,1.5677577810726055,0.11606551822098621,0.06777901890347998,0.1289224640291619,0.3094322152785267,0.14453133083547942
1,0.8029671955444186,0.10781124500420546,0.048147950225954306,0.06381960242170144,0.4393799309555566,0.087900131686512
2,0.8231747875923446,0.1378033379513951,0.018364465965248565,0.07370176335750563,0.36673514713561906,0.16271611788352663
3,1.8775559217005275,0.0653913780262496,0.01923534035388086,0.19171572236071588,0.5051671666195289,0.11343260310523294
1,1.4098811199137242,0.14514282091767555,0.039122031012571404,0.13209682182074256,0.3838892060242321,0.1347833010890095
2,0.5602439280226252,0.09627008162402255,0.03173677760854772,0.06833655519380204,0.30368828762506345,0.09619782062928531
3,0.8048560805657052,0.0826425976180652,0.08489824417293988,0.10151155819596772,0.6074062165181395,0.12627859024603955
1,1.1748192548139897,0.07610496335683795,0.026246357435176858,0.11799454570336267,0.30786865668883845,0.13815192731556195
2,2.090187600277572,0.16872050047583748,0.05406878946265945,0.15078685414431814,0.4875964147285863,0.12912067552014656
3,1.788226149611514,0.10741138264044862,0.09686160705793724,0.1190509564919008,0.5317635470695257,0.12362540268969661
1,1.6198563957312233,0.09985689746918802,0.02459634976796377,0.09749130939712262,0.46415157131431606,0.16793418097054166
2,1.478579713755916,0.12744958968965395,0.030834084808791275,0.11747185190820711,0.4660396598723727,0.10846981310237441
3,0.754831574738265,0.1315041666488987,0.06151576147098574,0.10959688185314395,0.5568752351329834,0.17746111476013862
1,1.304134334768946,0.09739263722852154,0.012625348840824696,0.07827498851781181,0.22055200097300243,0.14539541447995175
2,1.0963218580305498,0.06151310286333798,0.10339039365071725,0.14361229737407005,0.5598540287441209,0.0656470243023882
3,1.098197671664701,0.12536933396192926,0.05831633926412827,0.09511621163016924,0.35566483963667317,0.0948945852123845
1,0.9110529468677929,0.14606237412689627,0.075810446862174,0.09472223650433174,0.3058522451230706,0.10695530097590442
2,1.4976585348797566,0.13599261233335225,0.11587981925368719,0.14294259782102292,0.39558847399419705,0.188419189027213
3,0.6786969208908311,0.12193130775939826,0.06885377837626722,0.0837932908989419,0.21976880550260064,0.12697197864850898
1,1.0587325210635519,0.14028064596026082,0.10608393544341119,0.09392478405788385,0.49715813583324087,0.10367046943270604
2,1.441164245524415,0.11460929231411995,0.04969895690445953,0.0552901434895029,0.43902888002151036,0.16352925765755533
3,1.1708087587759628,0.10774617298030881,0.0670438503672523,0.10787104302135242,0.39967731871333895,0.05557195601808197
1,1.153889449252174,0.06951701867506004,0.022596013553115017,0.08993158660037666,0.38447551504433836,0.15676043173947357
2,0.6234182768641776,0.08753375484596872,0.013475093731656514,0.09318330600041273,0.37522385113586165,0.1203145294799031
3,1.3058917318519279,0.07500408848905639,0.10221194027503783,0.10605688548651371,0.21354869195621765,0.13488548005478185
1,2.4397672707670575,0.1112814140720234,0.0864842156486405,0.09637382856630879,0.3618522092381682,0.08578981800935986
2,1.2902517921546224,0.12842485209924498,0.012729900396735529,0.04309049857914359,0.513894034919257,0.1385032094286292
3,1.4661519935739276,0.10268117786313212,0.023369499906169287,0.13393874415294696,0.3403676320129043,0.09551380096529384
1,1.3450492747229228,0.10980119548242825,0.08297144143145509,0.1106370944966489,0.48369798954656007,0.1336912087781121
2,0.5924239810761187,0.10379669648440902,0.027063902749681283,0.10507204374396675,0.3086301543821393,0.1788371027043973
3,0.9691566321159134,0.1356976977502462,0.02701536430477608,0.03753382279295652,0.23212120631799696,0.12655868833371703
1,0.7918238926660178,0.07025521544612318,0.011070323971053585,0.09503820042110012,0.37998644582024044,0.1222331380407311
2,1.412320527292676,0.12220549363522792,0.016255126611974306,0.10441274916789244,0.3897149129327601,0.13197209362481144
3,1.922155423469824,0.09309695916765419,0.06999902044704606,0.08670630569095138,0.4844143978076609,0.12411585901416317
1,0.8234746678177123,0.10451687723727014,0.08856375760267109,0.05220253673166616,0.4730388533134563,0.1979700805762157
2,1.096475891903717,0.09398843882626215,0.09498798408493497,0.08899162052605787,0.2053142223098807,0.15287755928134528
3,1.4603084361738918,0.0713015878859507,0.056840525710213294,0.07907696969545128,0.3208795488684053,0.14123157031812725
1,0.602786204555398,0.08941798491902676,0.028384846114708377,0.074894446771418,0.3631894910923077,0.14702035556980417
2,2.1728333440697547,0.11407538892159441,0.019123592011877227,0.1385465292743089,0.4513257641098678,0.11864420214891866
3,1.321963343854234,0.09457369505838129,0.02973192012559893,0.09396108858562463,0.5461671921988185,0.16120059901473321
1,0.9083351393427677,0.1409760590163682,0.07163549936762909,0.08987813319133241,0.5234179174898798,0.1329290960026017
2,0.8261792388111039,0.1683379987284905,0.048478303374991503,0.048565312019756245,0.30351190077510043,0.13177648496310387
3,1.0522661072047352,0.14275822680821237,0.10111511797815263,0.075570978688914,0.25479327097507753,0.13255309910076496
1,0.556390436640299,0.11667929119702601,0.025301402312650444,0.1647475267444634,0.2780617823214959,0.12613454150891532
2,0.5030122101507483,0.09113119310570479,0.03653018425942103,0.051092559023978114,0.37255421660799465,0.1269754897536121
3,1.320190849085246,0.18060464607151072,0.10071409742316378,0.18308579596464852,0.561195087895034,0.12804741893882313
1,1.3304389699231314,0.09909829104635914,0.07954145464609617,0.04760851586664951,0.2969149345861331,0.13697320772809532
2,1.9110847542265514,0.1631987176365099,0.09742678570042258,0.1397273844480648,0.5107819954614677,0.09175293111070111
3,0.9559698957414133,0.1261633871781954,0.011171231884453639,0.10493368708729127,0.5153651538483284,0.09995380675729759
1,1.0995827371061493,0.13487383349577475,0.05076591461005445,0.10357042029005846,0.4247212187514994,0.14819528506612284
2,0.7208276836505659,0.11693857384375056,0.06806252482339765,0.04556690959669791,0.19297558326518832,0.13438247639244622
3,1.1748427751846588,0.07500183897081605,0.04803842557864435,0.16340034848715762,0.34790833824312123,0.150864396062583
1,0.5221135779319512,0.13846589622722852,0.11840860374206746,0.08857872096059695,0.2165266701399733,0.12689266234926752
2,1.15949388796183,0.06109339697820374,0.03387459160283286,0.06672327298277925,0.4236812463492816,0.1877680246732861
3,0.7227507339698631,0.060542492980065886,0.039991974012640395,0.09306777957311055,0.36340231228522113,0.1659222409305445
1,1.0242611437682472,0.0982011708620568,0.053479783748669664,0.08908966178012986,0.4489236537508004,0.07241887497776946
2,2.1331705564204775,0.14786239082218677,0.11698755134360098,0.10257224405715239,0.2995181729312528,0.11707504749601023
3,1.6007708188425145,0.1741589557383213,0.06241010744254949,0.10526733237798899,0.4666739522216572,0.13878740023901903
1,1.634805119388904,0.09556857775166024,0.06280998770456814,0.095031644270936,0.31198769779958757,0.08551956521320286
2,0.6545188242480956,0.15705846160500248,0.1308953611003741,0.07954761462717727,0.39824405514535877,0.14091522872659246
3,1.3954711926405745,0.07072053967605912,0.09436138735067892,0.11353832111329774,0.5477498765156841,0.12709985380256228
1,1.0086613457585,0.13803099772522343,0.032510089360465566,0.04414521919562538,0.29296205386416097,0.16809671944726143
2,1.6398449425187536,0.11901310306973814,0.037042843650399386,0.10291413843272099,0.3590047850181747,0.18533678191460085
3,2.086544712365519,0.08597891077187,0.025062474736370896,0.08874534797157624,0.3974994584264554,0.12069177529484174
1,0.8555436071662607,0.06835207466370369,0.049940348640776296,0.07721253586520839,0.3525488201843586,0.13165123438660026
2,1.841317301333082,0.10499678777895657,0.08170484392122188,0.12188121040284346,0.4527660436072384,0.12720015374469149
3,1.536750336555908,0.14011770443337698,0.01929091599054279,0.13986056749867615,0.3267946288569283,0.18709223812127063
1,1.1144368440568047,0.10360699326894185,0.056609648883985286,0.05902307023361465,0.38100472622804277,0.15527929207473273
2,0.48728079969025817,0.08166529671145409,0.10152663463307188,0.08776947507320774,0.29159494813156256,0.13588170734868277
3,1.550737675979605,0.08682616746161631,0.0735629573681417,0.1301057248255392,0.4121977538706597,0.10608366828565974
1,1.530876918072205,0.15488488824626723,0.09086647515339841,0.0995575532742855,0.41595017538279533,0.1655660533861643
2,0.8462334229576514,0.11375151791994975,0.1089117278264894,0.07015581615502296,0.43397734688090916,0.13984073239892458
3,1.0551877928128643,0.08454104843188223,0.0828861990538012,0.1374430275483073,0.45293865808116873,0.15004036441458185
1,1.6905703104318643,0.09165927902738139,0.03054420802309652,0.13475692067104636,0.31800106628588815,0.1440554236688253
2,0.6228122267309134,0.1729765166445963,0.08615902125928894,0.057021734510934514,0.4539139043945032,0.14446509880668645
3,0.3522054306763508,0.11782817227933658,0.05335581502308437,0.10728177137860608,0.4516262411801664,0.12210069990300826
1,1.2212052336330366,0.12067138595821236,0.03761216490225453,0.18807082960257937,0.3768477359294568,0.10898457918237237
2,1.2903886744983906,0.08992158271612646,0.0786701096628794,0.17556391492912501,0.6766152921619908,0.1405584804958761
3,1.2127246525373105,0.08856820129982135,0.04978852140221145,0.0736619390626537,0.47941468535271853,0.11292098093264158
1,1.9781101415002094,0.11323873762230016,0.05891064422413475,0.057472139052207896,0.4649452203589672,0.151817207475139
2,1.0015563139643182,0.11902934452776709,0.09868672547634941,0.06588221630771948,0.3929503745308871,0.08942397938171814
3,1.2399476325478995,0.14267859871847247,0.0842239631331791,0.16168707578208932,0.2823998429085763,0.14570936864085496
1,1.6539287834931062,0.15301837214939643,0.07658579010915048,0.09021729180368321,0.2466429937783522,0.12390416685194228
2,0.6417126224638583,0.10887379200878514,0.036208760104127734,0.12966593140237703,0.28500380832317046,0.11596132679541421
3,2.232124719871865,0.11499141679274764,0.06464123402408586,0.1132410563782428,0.37003737587560465,0.15989637663164497
1,1.4829672098417748,0.13639895393644552,0.03297389252616398,0.11019682788661735,0.315708510029166,0.08328610828859251
2,1.3796735512862592,0.06956966733266001,0.015765035092885665,0.11875010420052273,0.25510520840557116,0.10311628064740341
3,0.8464761901653712,0.0771189810906755,0.06893966516564712,0.15290590581586144,0.40767365948638173,0.09527480599955754
1,1.332446758293343,0.08383201409810766,0.1416262116888821,0.08382716703298056,0.41546558865650446,0.12294222068759715
2,1.151232769775139,0.16104147585077672,0.027746171610503537,0.09027952140657886,0.3199429237127871,0.16137517020558417
3,1.921139993986025,0.14890773628337503,0.05418893075706303,0.08648830574567512,0.5160617290022241,0.12663630237822723
1,1.9069505853171478,0.11408273174936809,0.049454639197316436,0.11965943261594103,0.3842947265564427,0.09950141479044171
2,1.6383637205654413,0.17702839112543817,0.05737959923380459,0.1435665323118876,0.4180250119970614,0.1054278377584867
3,1.432725147703987,0.08972331665605776,0.016832476635729864,0.11100002935053604,0.6310006801949551,0.09055136103807687
1,1.0106166301904869,0.07560019120039133,0.01743066711298911,0.04995233153192547,0.5491917239527732,0.14313507694884164
2,1.5500963469157225,0.10276865277034317,0.1046598883497682,0.09007470830646083,0.47736939059638295,0.1234465559942687
3,0.7000890467404849,0.14136817637820995,0.10016993142252853,0.10855629042885546,0.4438521343876982,0.17581167438106315
1,1.7131781912233741,0.11798838063539768,0.03834840810727846,0.03894966797057158,0.38929684716620544,0.06113137624546823
2,1.5797318478368374,0.13494851925167184,0.01878019458334417,0.08981061561327142,0.4045686900265584,0.15287634563616853
3,0.8575487972013546,0.09145941424450933,0.04336617815397649,0.11719741767256876,0.38117535418355614,0.08664130457012598
1,1.2390850389125154,0.1270649654320519,0.053817992632093414,0.11698891280874812,0.3775642090173825,0.11803921079598388
2,0.5483869981026419,0.14602954744586322,0.11494711939749173,0.11302142731810176,0.39403016021827697,0.16169867715653927
3,0.4806338053606345,0.09431233802081601,0.05006231135843053,0.1112177486388797,0.17423649055477386,0.058526743456695965
1,0.3856408676474673,0.12103285496831179,0.040565416088093914,0.16388417640969005,0.5608409595870225,0.08286501464231542
2,0.5890397944387973,0.14722085616897992,0.08655422402831062,0.07306246515051885,0.38272043090986474,0.09615365443827516
3,1.1950738583684857,0.184513783008183,0.0177119261026401,0.10767614071839167,0.5705857212546527,0.16583634775918749
1,1.034041328469811,0.1537004650701037,0.04153447187116523,0.10278094302919422,0.319437557761042,0.12113715927007687
2,0.8739285137127205,0.16525011133793038,0.12826751614941673,0.13598334746457205,0.2679052178372306,0.1115104749450945
3,2.1340730561943593,0.15237549454394633,0.025894810919244633,0.07925566442166991,0.5056914156270388,0.10811543591441464
1,0.27668351152643744,0.12737531130606622,0.09095658378476362,0.10773422677490621,0.23563134732281657,0.1421882255519308
2,1.0093952810025026,0.08789614962158662,0.0849071617330815,0.09973075015316678,0.3661105667405482,0.11179583439649146
3,1.138702289080595,0.09604404671423382,0.029965536305095176,0.10004807424417132,0.5469352988256908,0.12418338663473201
1,1.5507228728462652,0.13180266137022534,0.06070660936376124,0.10950388762241858,0.403701244268563,0.1803159550430791
2,1.7397404294351921,0.09053511150361501,0.0768891175807467,0.0886640265746865,0.3823587942406527,0.111307400344492
3,1.5509809511428405,0.12317271783336987,0.05960420408594494,0.12085146119805709,0.35158708457567156,0.12428964184896067
1,0.8672123349333137,0.09931987687740682,0.050462330541399314,0.09915314283676853,0.4011914384423188,0.16553562573026714
2,1.2105301225654184,0.11768838751348282,0.03885774783732301,0.08513736597143239,0.44007583432241565,0.12111701289069401
3,1.8907317997252369,0.14123427616720538,0.06399904412994346,0.06581819307726539,0.2971999835955705,0.12636344326778504
1,2.3150367061638466,0.0970541461697369,0.07091530553250891,0.11575441326578773,0.4421165809976322,0.09105875182628767
2,1.0096141152766904,0.16516447448231936,0.05480688019962151,0.08071533630802948,0.5838987252887344,0.156230208050435
3,1.7152917968632369,0.14821254496107483,0.05128360138554844,0.13775546986457626,0.29005571547836884,0.13256354835694736
1,1.893833744793992,0.16177025354260313,0.07644591295934655,0.0656900898962654,0.540445912381445,0.1671336177185076
2,0.736430822111054,0.09770265946984505,0.049946220302558825,0.090952361171851,0.36466973772324435,0.14193174519305174
3,1.1474001869429866,0.13997969925582568,0.04197263468772068,0.12997407584539117,0.337786344675311,0.10004974433161307
1,0.6186233345646818,0.11841615720952516,0.0504244962772641,0.11509684264443887,0.272019313763187,0.16761221049283845
2,0.7882301236162366,0.12652503633212855,0.023571254919862353,0.04611703780371619,0.5182163919167264,0.16630867051797807
3,1.8202275312586669,0.10484085640917645,0.06989949043279015,0.12537210254139705,0.48984068855041024,0.11169207982368151
1,1.145772519128299,0.07084399112205894,0.04529893769852083,0.12206761797225613,0.5183530833064202,0.16766134760308363
2,1.0637671776302162,0.08059653102152092,0.016945667861258312,0.06994887086997176,0.4415584937779897,0.0959487303432782
3,1.0016639248623922,0.13082212450621836,0.0179049039713237,0.08979397739059562,0.45017847605568406,0.12468665192637451
1,0.6553638830044798,0.09550661991757942,0.02302202006696655,0.10630432003946283,0.39041473693221324,0.14231325574506104
2,1.4238041199453706,0.11393744395623848,0.014709540547170781,0.11591245606243405,0.4155608683920653,0.08589415534952438
3,0.69164851699867,0.12047856495588231,0.05528868745944987,0.0902101073842902,0.17898581535682806,0.12483380384829762
1,1.4386514917459174,0.10311123237389697,0.014646803581566802,0.12647682291297863,0.5218870088385863,0.15848323820991767
2,0.7953553899159161,0.14708519682663934,0.02294433577817467,0.045889797192329176,0.5200498308839377,0.16983848318925587
3,0.6464091173480982,0.0615730940614016,0.059296901686279074,0.12602771602577406,0.31759394572434385,0.15312182614450107
1,2.2555308021933254,0.11323117065247489,0.03875990293049613,0.08303743822563348,0.33452023538440073,0.07855799506746974
2,1.5612419177345929,0.09737704914020219,0.05106423094536399,0.14739457431527891,0.2661853933235855,0.13728323435577897
3,1.3522217540299892,0.1268904201166305,0.03804382165289303,0.09170207506924258,0.4709941613905116,0.14200112636248535
1,0.6612862201116664,0.14363346227244483,0.0923826350745893,0.06363362634169023,0.39837622108119286,0.15754042722318545
2,1.582820929975446,0.06463189541051803,0.04758523435755196,0.10244485485582407,0.4371091572356251,0.14074775299751827
3,0.7982898326609255,0.11829371162825127,0.012939599497203948,0.12080217395719607,0.4127499974609481,0.15631246702842347
1,0.5209867014337259,0.1384689232572966,0.0681302160140388,0.08948408008003578,0.5298726264043747,0.08870270080214926
2,1.650712294739351,0.15512192963325777,0.06595685565286545,0.12712249036955167,0.26507433077818315,0.14153970525036563
3,1.6743986254613896,0.0802515473131902,0.025992835980359247,0.14063944214896817,0.3858545401087974,0.07822944010763022
1,1.577030007881242,0.13778398597872082,0.035955544383353515,0.11130814172934225,0.44485231870032943,0.08420830865353826
2,1.882603316527294,0.09293476389646933,0.05441049238014253,0.08917556572418393,0.38261041637569804,0.09895836508015013
3,1.6198416887639537,0.13442844643745985,0.04544542280947785,0.12616169098138796,0.3275143216095879,0.054308223225125574
1,1.5480652886077482,0.09061349233897315,0.031203440390081206,0.09422319757979233,0.2710980184170594,0.20525477258237607
2,1.4574538943165267,0.1258992383998166,0.03964307393850548,0.12275120151715134,0.3309078946917339,0.17620482890095301
3,1.946760934697806,0.09669115861291012,0.07801754239789171,0.08889092408190433,0.41924959803208917,0.12483874618205572
1,1.417125886189371,0.1447023653615838,0.09385352271112483,0.05460004503524409,0.25358153135633704,0.12519537663583344
2,1.7087602156390094,0.09171532352928444,0.12141913957975364,0.12296471408226556,0.3559234479439051,0.07557483171873777
3,0.6241468868380795,0.14372278858799054,0.06235496827808876,0.17437631437343515,0.3365599018031744,0.12334837478802095
1,0.9303155567937766,0.11293967500374825,0.05359918263119717,0.12430927063402156,0.3321589252476401,0.11811460163355245
2,1.5521795574732005,0.11701040692127276,0.08652339074348056,0.10598210710135679,0.29157064586923503,0.15340005937320517
3,1.2643609310207062,0.14240662525961648,0.06771332899103262,0.13213962696177173,0.2907323383642252,0.22026818210451815
1,1.4946152263971937,0.12495611334674987,0.05602227536208361,0.08329878807460922,0.38658330724875994,0.17016787775839365
2,0.9551457698915428,0.09685584654306159,0.03139841302389004,0.1119021596409831,0.40875421599099176,0.10292353835918984
3,1.8576660129910343,0.13292732857778217,0.021667257704677964,0.11246618517307884,0.21275381340770969,0.13681501915661115
1,0.738766925497343,0.12640999115809012,0.059358039841088964,0.082087942959883,0.41401149426888106,0.12910372084505467
2,0.3965911947812334,0.113376805781598,0.056189597711960804,0.07841264037547886,0.42805765871541807,0.1515637559800099
3,1.273874921727299,0.16773777803750015,0.03064113094699401,0.14981015111451015,0.49414594245212146,0.13594609588277284
1,1.5674316097711944,0.08776229984865172,0.09268299972524967,0.11111495326619401,0.38355406673961706,0.06579588251308305
2,0.2371355511619455,0.11177161429132793,0.07243298294774617,0.08806218409875685,0.449555173580621,0.10115324458797167
3,1.3871117948186673,0.11749175689669734,0.02021658231930335,0.19079013785508508,0.46246094089635753,0.14113836913469963
1,0.8202544328425163,0.10826923695870475,0.025741968741896375,0.09610655464235529,0.30402501973441276,0.15410804246928975
2,0.9005444578425618,0.08352051190632029,0.05490600710338003,0.11275615774741093,0.24782381366401673,0.058756593890360184
3,1.0938293959092593,0.14469663162815383,0.04569252822880704,0.05007414325520012,0.3283432038674907,0.06491636460895053
1,1.4393410399038757,0.1543455449334289,0.0640432344092978,0.12156264922676693,0.4499009221031875,0.158437856623383
2,1.8656519324988892,0.07984520827039666,0.06366021768164243,0.06304645651974142,0.5941244361358643,0.12867686922067145
3,0.7162966397852302,0.12575710246255592,0.1091870778657035,0.11588791995974386,0.3710100175291043,0.0996231708637329
1,0.9968516279679406,0.12209373621057719,0.05038143600439091,0.12107070157363634,0.393543619415776,0.0918493480174854
2,1.6621425531845502,0.14101936812354857,0.07252775423403701,0.08655834329800097,0.29130344620392357,0.08380942482815068
3,1.0484788872684379,0.11792869788035944,0.04131051290990749,0.19181452569847773,0.5693919896165949,0.16187341558485607
1,1.259986944683225,0.15454574177616795,0.015936173991283987,0.15871830826098365,0.3630555566144144,0.1150510412119751
2,2.428099026533948,0.10863148646167778,0.04062131616403681,0.08060953143639192,0.374878791202904,0.19577031757569438
3,1.185532953128477,0.1457923596410782,0.125011298171699,0.10267930155529967,0.23946560012825815,0.07838715841764671
1,2.104052989830315,0.10304387408675984,0.08637062826154943,0.10223287946965254,0.4540266638215025,0.09612020432847844
2,1.3645345002423281,0.1351809112061731,0.016550078496259432,0.06247196776138085,0.37012265773532826,0.1639619067393586
3,1.2538425873441768,0.15277915213200108,0.036686552025106074,0.11380503917067447,0.44572265194162597,0.15798024956698759
1,1.1707131418264567,0.0776110700189043,0.039868717286121694,0.09496982150516163,0.4124969283732822,0.05657639010149429
2,1.1648307592750307,0.06080785945912483,0.02162655612111493,0.07608415770741457,0.3592763810946274,0.15587055863767355
3,1.4450255587044603,0.11067196617567193,0.03492687181898356,0.155930313894012,0.27443637654398667,0.09363531097320157
1,0.34571180655581,0.0983464121642495,0.030015186922107834,0.14558458039502667,0.44052523286821127,0.09637171932908645
2,1.718917468240129,0.13085997697300508,0.03308671261426019,0.06243296323920472,0.2363318504477765,0.11713091880117746
3,0.31339689494449496,0.11973456249515534,0.06991295501965229,0.11875628473116982,0.4962465019793468,0.15314497513673792
1,0.8064724799072868,0.15574963076394766,0.10621896102838216,0.10888824369023684,0.2606255517673711,0.15751205459794396
2,1.6017398733067532,0.10440680617440562,0.03765582523627128,0.06682925581405633,0.4102636968715358,0.16622795991986838
3,0.5162673289928126,0.15594937879465273,0.012454840751347451,0.14690138403398317,0.44501053746826114,0.14240397377614908
1,1.0509789703602204,0.16744462270436677,0.01883826824636299,0.15412452699308324,0.3171799184365167,0.14268382520874673
2,1.390274423024686,0.09485010139495341,0.027801915723571113,0.1345786772566866,0.24532061224641658,0.19806415105153707
3,1.4582599616508733,0.10516413431655516,0.03585399275479887,0.04408940569438395,0.33880684218289153,0.08689334580339914
1,1.654854354871926,0.10733986751655261,0.0716595539181426,0.10758756626151077,0.3777544710860338,0.1273543731264897
2,1.0938802949550888,0.16144957695874784,0.029514979711411538,0.10638691214542795,0.4617501114980869,0.12187260874075344
3,0.7286513141511444,0.11926121743530817,0.03581315520551365,0.10009360804491348,0.3210918307052635,0.09549295090880797
1,0.9106629688042163,0.12002411565463118,0.04216336566925377,0.10562580912252846,0.48200588103065495,0.1687409997244464
2,0.5287425417991664,0.100931912831652,0.0445988949341197,0.10383051454968674,0.3827591179273255,0.11680041589947801
3,0.672472843980872,0.09382316221321041,0.0403909713003653,0.09648145714889798,0.32740843467659553,0.15950683590942474
1,1.6226749222683934,0.0719652041015968,0.10734003128188793,0.038898756343948244,0.6446395387304479,0.1535979865804596
2,1.2568671534847058,0.10450024306315041,0.049048989966117146,0.11302093967331381,0.4907269447806269,0.1006454835013106
3,1.251186200407375,0.11907335379785555,0.09209142857936782,0.11319400772729495,0.26568044622643666,0.12656005897630196
1,0.6714616595899373,0.12119440275765453,0.06008475827313816,0.17745960973573405,0.5296769569151603,0.1643625971382803
2,1.3305478284800794,0.07742710777227592,0.11403694591504997,0.10489255610410159,0.45641907222472167,0.07081392213053672
3,0.9624966769795152,0.08824586088768452,0.10212443901954213,0.07503247502068658,0.2814053444635375,0.1461743506768961
1,1.7931453460640672,0.1353973830568843,0.0445567471459372,0.07337084871008595,0.5675853691086026,0.13239346511994632
2,1.5207661393307221,0.08179128343220615,0.03605636226070555,0.08908331424665855,0.28472675884931214,0.12068609542907426
3,1.2612819376553945,0.13957452286130123,0.029029464603075737,0.12393689307872349,0.3532198639971487,0.12359009433157393
1,1.775385568585784,0.11155904143479514,0.020368249544986033,0.06582637479912201,0.34205321553069934,0.14533335254654509
2,1.1707701394914753,0.10628901323056739,0.08633953517228915,0.12680822566437008,0.5851032352666928,0.07817377751952123
3,1.2164168004435727,0.07744580534978812,0.07501557483655005,0.079909580137599,0.638163937788512,0.12585997531519658
1,1.1134764879511272,0.14231725366897754,0.011743667596594433,0.129564815988414,0.4546837768104028,0.15858583676189328
2,1.2703680905642893,0.08028546779218416,0.033021895404706375,0.12677419458822245,0.4365870682436492,0.14034578702020634
3,1.384916945344465,0.13209263695164963,0.061233567779455475,0.08553589760868684,0.3239446465754604,0.17702586575503176
1,0.6221491667640062,0.08908078572792451,0.028449146300671756,0.09989841576565842,0.3451396911976181,0.14300916751669754
2,1.2249972052818288,0.1322857757097948,0.04610648188718103,0.11612492472771296,0.33016090287753463,0.11655211935174262
3,1.4254418673290474,0.1340052837600097,0.055116408847975445,0.15357820694072488,0.3239981416148795,0.12315108085708223
1,1.5004535495441462,0.14717089021010743,0.03648827880799837,0.10117813416623568,0.294273929339605,0.09764594514659777
2,1.2807292906296803,0.11615585497936498,0.08598545201934263,0.12971103019374938,0.5831990384336385,0.06640199366420177
3,0.9242313617017233,0.15669433635205504,0.03455559719877288,0.09981766623700428,0.5312821787091357,0.10975137195578184
1,1.8004329309602232,0.06377451768887091,0.043408704793094235,0.09497571842309022,0.3758660421262313,0.17255979670124288
2,0.7716719409893956,0.19771843157197064,0.030906226835450436,0.06077561613246292,0.40198849999654673,0.12497012487620535
3,1.9375219774531973,0.07499194021871874,0.0233480957942078,0.119641183238575,0.4587459325385821,0.1265751313049667
1,0.9649446099405632,0.12391913636029225,0.08366037095624337,0.08360290971844253,0.37755772595294657,0.14496714546683634
2,1.5222435515548278,0.14187637108645051,0.024059201663980973,0.08743348530625288,0.3192175486042762,0.1328369785954117
3,0.7046643825208179,0.13529723292570234,0.11871502334673739,0.07888597683143596,0.28537787497591416,0.07777930649707093
1,2.3813389775312865,0.12486546980695529,0.018393200033926797,0.10566375826261593,0.35431881366471063,0.12914859038186496
2,1.3698906036397442,0.10001930136346515,0.06614547255412198,0.11364179013658254,0.1820195993598005,0.11709790074639724
3,2.219349322880671,0.09447254017590277,0.05401313121971827,0.1022778274406565,0.29877223925250085,0.10970720217525551
1,1.5922291790392846,0.1373231754869747,0.07549642663380446,0.12930266859499787,0.23207384872045905,0.15091615801541425
2,1.0448158946074355,0.15534710384528588,0.013773121775497648,0.13793145095340772,0.2397753265750366,0.10037703010667566
3,0.9126678000607402,0.09469276692967105,0.061206825343369756,0.1408613087175224,0.2827730187223215,0.1503053553793938
1,1.072099848974399,0.10183243456556468,0.0395499856839385,0.11822512742775966,0.4155418365579333,0.13617268723770404
2,0.7809457073911019,0.1349760250405249,0.125273623526171,0.08219902523934577,0.17721921574330454,0.16249885774102912
3,2.1066290532474885,0.15742598651936382,0.06883893738776053,0.12945660985691892,0.3351819586242276,0.08518979461854714
1,1.063239770199346,0.11251997102412972,0.060997951593365726,0.09375111937552182,0.36168203757071515,0.14894817297784796
2,0.8484780580475164,0.07471755042629696,0.053163039785521546,0.14408068764400667,0.3587297429679901,0.10701650076035928
3,0.26085872009611144,0.12197081314165796,0.02565121694452522,0.10847258919224148,0.4172784672474241,0.14063565782903273
1,2.314521105654003,0.07888885060830643,0.05039912915182811,0.1561652633925544,0.6112672411428848,0.14695710340604826
2,1.5651391173283322,0.10144713379632588,0.07524748618965461,0.16639242657986852,0.4480538614075668,0.0913106902043364
3,1.425930469127599,0.1282624788849882,0.014040837750375564,0.09499156700115409,0.43366253482183686,0.14613283048622058
1,1.1551373653126626,0.14229444355735965,0.07095461457321026,0.12499863034533776,0.2705777960521793,0.09186419167628529
2,1.5916106763769189,0.10757628995839831,0.10066646631503648,0.10304338000976426,0.45493410619267965,0.05890126656080734
3,1.1083356427185107,0.10063928984533052,0.039933008870305285,0.12696846173234355,0.4286806682086397,0.05027575501699025
1,2.074762720458203,0.12402641514161003,0.08388555954587207,0.05543013110829147,0.3808488995015879,0.13134530990979504
2,1.0187751980974062,0.11343961999412695,0.038213366082316354,0.11698717070806218,0.44540476223747516,0.15295166152370018
3,1.2384770003390657,0.13515288384118698,0.03895533997413975,0.12898832107957414,0.3827499558776369,0.14635543792918324
1,0.6660840343447024,0.07052178072229684,0.06899873155304219,0.05646455508179072,0.4286507886544551,0.16038456524157668
2,1.8911032637207752,0.10962876930832352,0.06413750114588924,0.12474426836632153,0.6249138833395415,0.16955212143986384
3,2.022674749210055,0.13926781057833293,0.05826934221675969,0.09312099030202654,0.45350839979211566,0.15375330914226348
1,1.0893442079491122,0.13642739952279534,0.09161489512502985,0.06568343763876869,0.16464038316969742,0.15766412999544527
2,1.634932080030662,0.10572728880634197,0.05458882749765574,0.12689699151730874,0.38859436417902143,0.1417730241171206
3,0.7065891527609646,0.09479829426083333,0.11943473118643731,0.1219419441157481,0.38303814326694124,0.12153126668571065
1,0.6925485856703588,0.10008168899931844,0.047915097579149586,0.07666159683851043,0.41872497654534613,0.11725019610683843
2,1.3635437007519762,0.09262841054102575,0.06989776845133168,0.130979609175862,0.39289918097021764,0.09316788330736422
3,1.1907950577180417,0.1243115132875841,0.011877085691909754,0.10549853437282904,0.3503352310441641,0.18581993981015732
1,2.092055170795695,0.0863298009803287,0.056770105780350105,0.08669886690603178,0.36138027743699297,0.1443048624935179
2,0.6443852175514677,0.10160522650894793,0.04694139459832986,0.10994785586898613,0.18813564362070456,0.14312004363653189
3,1.5386366311475557,0.1383166612782606,0.08015160623241091,0.10218405423187446,0.4432383620257967,0.15246544722777258
1,1.2724235590789381,0.15306362355563777,0.08406858499895956,0.18871801694829637,0.613776913192777,0.07770089641082209
2,1.147694329684778,0.1445350668325974,0.014852256263966995,0.14903494175482163,0.5135926676140656,0.1526477539727313
3,1.3097839028427927,0.10186176713784169,0.14628938807639508,0.11531030653070636,0.4238156627660717,0.13279175701002324
1,1.5446495791760866,0.16683243978308387,0.061371489566598714,0.1122070278117247,0.5089380482156791,0.21057008347057182
2,1.8488090088747764,0.17714294368862907,0.06007409415200721,0.09273208596369507,0.36266520525565427,0.1345247619265096
3,0.5048237275598124,0.10311965003659901,0.06382816242668135,0.13106414825548257,0.4153896218153323,0.11333227424741918
1,0.8739006536584065,0.1491471093335286,0.04094232187413023,0.05560917715435691,0.2874441894988934,0.08917948778433127
2,1.2554239220441732,0.15008171822550842,0.1067597437789028,0.05388345249891238,0.4344157124646639,0.1363878459311965
3,0.918060220668013,0.07188383855372349,0.0913391581959279,0.13749507518543536,0.44708376859443605,0.12845395299036694
1,2.0418735279904157,0.10216101007589355,0.04457068354616488,0.1307310226738351,0.3084751735190427,0.1242404827346396
2,1.344150632637979,0.12004692404087257,0.01841697625185964,0.03573241294232761,0.5878897965348929,0.11657856609902947
3,1.3803942239318692,0.16286245855135031,0.045126338342843665,0.06805441377511494,0.29987773040241084,0.09117661443383208
1,1.1184779229765995,0.10910302704411637,0.0672585607887455,0.0869873374458546,0.3513492260043433,0.07791171330951455
2,0.45438217061149055,0.11522179912071354,0.05819273186773087,0.11735787586701904,0.27101092514061764,0.10016777012705069
3,0.8042696178419612,0.18988403708963578,0.022894110376713305,0.09366329367097556,0.24217666575123797,0.11610737562345311
1,1.3454653139103514,0.07779613946845762,0.060879125178716936,0.12084185101351258,0.2783886296342219,0.161904234156466
2,1.4074554382357147,0.06869371388448511,0.047131419126444626,0.1552613756936072,0.406065540547857,0.1895196928695223
3,0.6483111388611228,0.10345408610612832,0.06848706621728208,0.06667261675681332,0.34372030693384764,0.08572498754853886
1,0.46080937583821413,0.11988709708618742,0.08049155454148901,0.09438866322068991,0.4331571763339238,0.12406871273369383
2,1.168361680781531,0.0965726759618544,0.10631771440409973,0.09168601641974432,0.46361290747992423,0.12477986370903035
3,1.156792777661329,0.09137449612474392,0.09932463977269138,0.1430719844081489,0.2746705921213968,0.13589427185455508
1,1.4612086513690117,0.10759505378353959,0.04540688943858341,0.11717536747195158,0.5764953022631696,0.1321535494175178
2,1.2559377261318179,0.11212425568355662,0.07675318908757832,0.07593352307981645,0.3450784814242452,0.21678152349415192
3,0.606544506918411,0.099258885647314,0.01105035232529896,0.06868948876304076,0.4482336454002076,0.15699991594630786
1,0.47225976752191257,0.10855527125076246,0.052303574229044615,0.10331740373469137,0.4798711323104001,0.06899182709834267
2,0.2735717938653104,0.1387208400217245,0.06301724909827784,0.10858395746648672,0.39029357342988463,0.231966014940153
3,1.305620740215605,0.1353203398470584,0.03028827575713077,0.07649156430767567,0.5431237584447809,0.09069198143918503
1,0.36779465758717644,0.1270716426694779,0.06953207841789784,0.11196284921141039,0.5348348985294239,0.10877217387872845
2,0.8163066156453879,0.13181661924822044,0.03068862522434886,0.17877709608296,0.4291819973509294,0.08922173714340895
3,1.529206438320918,0.1007059527866699,0.020328245480545487,0.08978426152408436,0.4272882212713827,0.11739462412630526
1,0.20726588143768543,0.08542395505922311,0.05866743444520975,0.05700001482684573,0.3460422932708187,0.12987288792432988
2,1.5081811598640888,0.14590421201141499,0.08867662081143704,0.047841316374980174,0.4212548683280547,0.09980539753607368
3,1.664107791871,0.10731568177806845,0.03681416024219611,0.12671379009717962,0.5303859891306754,0.11971134343000225
1,1.1073624815148093,0.12737312387427288,0.07012896411868988,0.07622097499647067,0.4723119702141523,0.075658120994265
2,0.9503436087396475,0.10612498383525247,0.052520682369351646,0.12454438191046857,0.46731871604593034,0.15613459185314071
3,1.3124341447384458,0.12130467945350688,0.04836189405497188,0.0812948552115611,0.49810008237748843,0.12516252937430555
1,1.0886885992598914,0.14343618521952525,0.08763600790483214,0.1217752350632318,0.5705666907966305,0.14630635791029986
2,0.9976801142461251,0.11946209924937581,0.0633863658597091,0.08824498745760255,0.5840439658482595,0.10740356144993524
3,1.0033430833710384,0.09797314017164092,0.10422236608299966,0.17289773211071946,0.46659545992547763,0.12414581903738374
1,1.505183852315109,0.11309525462538456,0.08077524684188293,0.08525973056897501,0.3582650553192762,0.107965222686017
2,1.3765925452039895,0.1818107599157751,0.034396746544810654,0.1275150646062263,0.3019789225846872,0.15793370065643048
3,1.7432315144470818,0.1230052292391076,0.03739791777489254,0.0818860507069026,0.30966844325450515,0.10865481505162197
1,0.4431442240100987,0.0763222631788289,0.11627033439213696,0.11730726491048085,0.4106861276244269,0.11619738338291967
2,1.5989656042659344,0.09622071191119035,0.0505281247840528,0.08678408873695949,0.43596114211040427,0.17069232610137242
3,0.7852943292628196,0.12648381695103453,0.08862044792885063,0.10101092165136245,0.4568061392353695,0.07045994756904567
1,1.921696149143556,0.11032704391782366,0.10186241991977524,0.05994008674875412,0.22859484370954417,0.13834141118255214
2,1.4514265811846037,0.11266220216384694,0.022445122206842017,0.12965427098770724,0.34702061071447593,0.156298758964779
3,1.9002998391311283,0.11821610841814224,0.0908621803182668,0.10429364880477394,0.44170255284304755,0.12815461210747264
1,0.9238145987937869,0.1499063972038695,0.12081579242761183,0.08702261238230459,0.49301377965521304,0.09380944582055514
2,1.1712045926499617,0.08980146840693948,0.07721049383069613,0.09901169528953592,0.3002350858338218,0.160138860693064
3,0.4661283543848318,0.12988485667048402,0.0583441865410818,0.09202597615518668,0.4118086967113153,0.10459774752001676
1,1.2842155437827354,0.18110889726013155,0.024444203293824542,0.06053574448907206,0.38630115125937786,0.1519388733443405
2,1.3246371665462704,0.1048284031011749,0.011065064906445418,0.11611071353967779,0.3908108516994644,0.1658826784424811
3,0.8985700894841977,0.09931194264317676,0.01396929042491872,0.061381153263009434,0.3904589209878201,0.07817830431336294
1,1.2151397514227544,0.08664520492555855,0.073893218918646,0.08740707268682077,0.43755574515327134,0.10809854265628696
2,1.5723726670275793,0.11763539205509474,0.046361502024075046,0.07499366028195066,0.2607761484274902,0.11242908395234068
3,0.9165629143790524,0.12476157672391831,0.028476438563062405,0.1673225987817964,0.28299795462162763,0.10200376603074478
1,0.7584559869240234,0.11840991185971662,0.032242514288211885,0.08305021592729758,0.32924311030455466,0.1882362562778584
2,0.885772313150294,0.1288827154778867,0.07227231927197902,0.061226909143585535,0.4074930574958679,0.1353823345723595
3,1.1585399260816207,0.13088314537303,0.09696687655706233,0.1222124402277972,0.35996676469261424,0.1664422196888698
1,0.8263306205188503,0.12556175931871694,0.025471347484873175,0.06274160617159898,0.4637722333541938,0.11165933409480877
2,1.1860281270236352,0.13027504718128471,0.017989913391308433,0.09622744782197394,0.38486429426246455,0.10563106691425055
3,2.0778480186753012,0.1196922434643819,0.0323109046606903,0.10858841885744942,0.26686198903273406,0.12228544531614867
1,1.7299990208311746,0.07640994914130876,0.05033691319363368,0.16920284169010852,0.5420630106290174,0.11482423909105549
2,1.4108527277329477,0.09662513622639302,0.014002485280647823,0.05226585469432216,0.4920059476237342,0.1658460946631695
3,1.8824816086817622,0.11357460897031664,0.11075343623988537,0.10941059303875036,0.43275891525885457,0.12654874894919227
1,1.8238925783801547,0.13800267977200603,0.09797968003056881,0.053700736125634856,0.3269317750778919,0.11814622227855756
2,0.9257065151990752,0.09889631289654068,0.06519570035579517,0.06231754184463104,0.4434660198761998,0.09084714698935542
3,0.2100024018470651,0.10520403161501732,0.04125431999276831,0.15152065098852147,0.4504673987348349,0.10338495197535694
1,1.2052899832386879,0.10841364972930875,0.06920119977203693,0.03910752584580633,0.4104722717390242,0.14160081010511108
2,1.2828417222309432,0.10644864786790634,0.13180574152560187,0.07303956591384383,0.3592065393929848,0.09712502055377077
3,1.3389765562397131,0.1377444168322286,0.0625337196741232,0.1151771836534187,0.2722312918422159,0.14205087615797227
1,1.7970820890125005,0.09368681324975137,0.041599006776205594,0.1714167695839423,0.29834046563278444,0.1709893968383275
2,2.084720744298087,0.1387387805965331,0.07330455350345202,0.07461854986194696,0.28941959418708424,0.09475060072812619
3,1.6942673191956932,0.10721119658616124,0.05795888025007644,0.1594557500280761,0.5219368609835696,0.08708811214936932
1,2.0568260221117427,0.1247030268103219,0.021096013624238796,0.06372667719832856,0.34413838296985594,0.17039137891759273
2,1.2335711749789828,0.08996683164824737,0.09425460289308724,0.07718547556868388,0.4328808800917963,0.0926168691722941
3,1.7849481318834535,0.09015611975855495,0.12801432839295873,0.06967572895670335,0.25158874451347485,0.05090381135103815
1,1.5218307808977911,0.10482355416896302,0.04165625397405606,0.0934973585673062,0.1761836323295387,0.15347679929834243
2,0.9558329165941384,0.15534172223867515,0.021566054655763427,0.08053329431018319,0.3506808864700205,0.17627164121447123
3,0.8829576559305021,0.10331386010948944,0.08531548873206138,0.05356256446222804,0.343753559605825,0.10335665195698578
1,1.1861934005776038,0.1081200123261055,0.043262677626737876,0.06350797121132605,0.44488079536308595,0.11359930131366065
2,1.1906992299105126,0.15998090356755915,0.0947734153021999,0.09294012160607112,0.30472324114603677,0.17374107543637607
3,1.5639716867614943,0.17047105797070816,0.04524374142243266,0.13689366565297692,0.39509633008932116,0.10257903666826612
1,1.1300455949828794,0.13926627330927588,0.06568262663555915,0.07336325679995258,0.33647621075394996,0.1609201151908272
2,1.0723949522387959,0.10296847113965117,0.021947879313944308,0.0487574479832088,0.30469902134497673,0.18310625397106411
3,0.7133146363859175,0.1549043961638746,0.0621702788986506,0.04738727160419417,0.3383331238481189,0.14520988917359634
1,1.2794932555426355,0.13960152647080665,0.10047498409413563,0.07976228572996982,0.276258565703351,0.13100386299285738
2,0.5828132165856401,0.11107516943754725,0.03239457193249837,0.09011661996265671,0.4178640221421923,0.1364778132005933
3,0.9287262681013752,0.16633851564888524,0.03750246102365657,0.09061922557335207,0.5259521580650494,0.1293829407343206
1,0.5280662858283869,0.15032307287129532,0.044713755783026374,0.11941919943836021,0.4067051197653936,0.10815451792650074
2,1.5742398159916866,0.09544739633567634,0.05960254541306796,0.07070563533009996,0.456229270875033,0.13784703715450636
3,1.1212093609381775,0.1393175879826673,0.04785654193122572,0.09235114868519764,0.5130290520829106,0.09182997658582118
1,1.0733619504171228,0.060565183759579075,0.0405056942705789,0.11180003939059013,0.3885191036504999,0.12985956732964468
2,1.6259940884963606,0.15574180528800108,0.03893697944158172,0.06442284780053534,0.3145675177083424,0.13353280440142049
3,0.9717605634041063,0.14375233853854547,0.031165340374183975,0.12705489344224774,0.5368438197764955,0.12947249912952633
1,1.1813439228464846,0.13874765782608603,0.04493807759708547,0.17535539357399388,0.46148860218054355,0.12168630100366071
2,1.903197258620156,0.10013880908993958,0.04709499019912791,0.17874159113343344,0.36826750723961776,0.13789081127392577
3,1.7236802001518072,0.11763559770907231,0.1365020637753222,0.047778209995159665,0.45899626070738625,0.09600986548406543
1,1.8830649081296191,0.13547006621323948,0.043061989613020234,0.04303893414413506,0.4707639111160966,0.155643122539454
2,1.751278004152951,0.07763794756295071,0.03996703666435917,0.0804517294609379,0.629072934792406,0.091947031684823
3,1.5294690184039677,0.1380552001689927,0.046570226445004914,0.06713258948821677,0.4125573958164189,0.11680183487247937
1,1.150057273251803,0.14312858489668284,0.07901382629632477,0.09453584017303752,0.36955077974868544,0.07200413906454214
2,1.4373085008635171,0.12022432023398968,0.02715617441486692,0.10899903734053032,0.33452219826036045,0.08932523723491308
3,1.8378204999007053,0.13756597593946998,0.1277566864697351,0.1079646808720109,0.3159992256468088,0.06636500289216724
1,1.2243499557646491,0.09703640671120142,0.01953346954443222,0.06057333199580471,0.2475162676894511,0.18278682671301075
2,0.6516176512033326,0.07749461980114243,0.020653930397067363,0.08460526143166339,0.398487420287338,0.1636794284242099
3,0.427958677154197,0.18442045442160138,0.10680149972949463,0.07566244258721162,0.41867120575512584,0.14389412242722877
1,1.2855670021299002,0.0663561404357218,0.04453292444598818,0.0870055519708841,0.475762372437166,0.15141553461094626
2,1.4163221989954977,0.09384900970332005,0.038924727445066136,0.15469109889082128,0.4055358408903383,0.09501068035982285
3,0.8444511846471037,0.08897236650828501,0.08298364206000797,0.07028524317242317,0.5544526951670106,0.06693733154367928
1,1.8556235819281937,0.12472284530664256,0.01738417160803134,0.09071482930271436,0.32618473365819656,0.12590542468618737
2,1.6064390188426427,0.07194332601987108,0.056108313228521126,0.05102790071044865,0.46049758498665183,0.10937994260021294
3,1.2789097514279586,0.14503947473592427,0.026260708115476688,0.08286616297726396,0.47586231910534327,0.1341550769874652
1,1.5006666398626407,0.1408951557033553,0.026291766885316318,0.08593628567278543,0.4425038404638027,0.09626551757913573
2,1.7224149828468105,0.14009538338783384,0.010492143367783167,0.12332044782135648,0.4343687310668011,0.10693136517697256
3,1.847653327120752,0.1467133301535138,0.04672406520421231,0.11718768793603188,0.48754208119580655,0.1470482357017245
1,0.7473197411782012,0.13847099914738098,0.019966163533713773,0.09934141739612071,0.39536367041896037,0.17614660250672656
2,0.32696825087582326,0.13952307673387337,0.05185588089751227,0.03299395230804415,0.3827632936911586,0.1429646342543278
3,1.2641159884106181,0.17115907526002055,0.014765902804109658,0.1015100335295054,0.33805092554572375,0.11079292347885562
1,2.240173373439249,0.15774118678897864,0.07264586883757304,0.0801021577953751,0.4172943671587107,0.09962443283831124
2,1.4412314368649508,0.10496626849609272,0.04238705300574907,0.14119183937776608,0.5507015079968532,0.09766778158936917
3,0.6396650210034993,0.11926887745093122,0.035122307047735064,0.11658572841329048,0.4655165148548965,0.0993440620249923
1,1.7777180148885796,0.07479348093661828,0.04657301476476676,0.08836242616160613,0.16827877953932507,0.1515954187589699
2,1.5451955952351595,0.08288216000503576,0.047145284048968145,0.12262231298448495,0.3351734712130703,0.08200344146029956
3,0.9934176407530267,0.15484060191204183,0.061411778855094856,0.1491658209265151,0.37741965158215146,0.13621036156274813
1,0.8579551672042571,0.08435646750362905,0.04268831354523494,0.07796332879354331,0.5195224354863548,0.11512889374407723
2,0.6128776917695269,0.14122618826175468,0.045817684806909856,0.0762855881362664,0.3423016571533219,0.14458070767289802
3,1.1085094440904042,0.09627584206385979,0.06240856767296557,0.11877088130027122,0.4641528826979082,0.12616151959910407
1,0.8144409270192383,0.1370537398671344,0.0586137215308134,0.1223256344632999,0.38897659992972555,0.14823270787417697
2,0.8084373737220416,0.07094268573090082,0.04501187064459117,0.13098598232760017,0.4340423406470885,0.09081560386860918
3,1.2139629902233813,0.12714849011624277,0.013157051279404842,0.13386242683038507,0.49740492045185164,0.1733097897408078
1,0.5795657550596136,0.1123102157429754,0.10056819255005824,0.11576730890712536,0.3346679765837557,0.1646293477029533
2,0.9024421134016375,0.16691417048468551,0.1132128040282782,0.13181519504785483,0.3229387531056251,0.09911302219526164
3,1.8112976166389942,0.11859203068277069,0.056474366005682224,0.07411588356646803,0.30198032682592757,0.08974788816241273
1,0.9497702735884064,0.0966318227351202,0.04499123604062741,0.1203836192547619,0.5281935397692958,0.16765496192845242
2,1.8603490388099497,0.08668112222939314,0.01785296055766147,0.09506777731305938,0.3977252887526636,0.07374203441630973
3,1.2703220450381763,0.1392619533910414,0.053100465934081305,0.10142606473366722,0.36313442626852926,0.1903812086516189
1,0.9949215967062999,0.18693487636060202,0.06946512126076565,0.08499739490976511,0.44543607492631526,0.09919698314076264
2,1.3713185384725284,0.11649594420244413,0.02541404073334351,0.04731436261995173,0.4035133079800419,0.16141558605854006
3,1.016612550016055,0.0940863391495626,0.056664695021992964,0.05831508503116986,0.2945717448306649,0.16994262479699368
1,0.6422712128856666,0.08216562921008352,0.0669467597454778,0.11655310165657441,0.3014586206753911,0.0947185273251489
2,0.4519168548663839,0.09367472552029094,0.10377854839102324,0.16763054127520655,0.3886590811347856,0.17239082390229002
3,0.5735681017993713,0.10785363939881425,0.02006153096218065,0.11045642844320988,0.48099470341868455,0.14627598923041513
1,1.9779910675129049,0.07842137151163156,0.04516585858997145,0.03420854106410673,0.4359699453024876,0.08925610001748081
2,1.5156338412433255,0.09015659483065158,0.05749152479702859,0.12037607436181931,0.45161421155384773,0.15665353658144487
3,0.740740436684891,0.1462440083950259,0.099326541934701,0.14556894729109418,0.4258912882391506,0.14954019038759073
1,1.2893803862793973,0.13992166427633929,0.010721852565294392,0.08217457904182622,0.3321655633935936,0.16560716811553697
2,1.804841801973468,0.12885760723987583,0.06169157771805761,0.03817198611108281,0.5004600836821798,0.12876925691440835
3,1.7271151307196297,0.16183100539990786,0.03393218023714333,0.15018519655260468,0.3699380238135313,0.07465821944015884
1,1.5909312430465847,0.07493429884702921,0.0415083187607623,0.08312131042752914,0.23152592070595243,0.08263978891213594
2,0.9952326243107921,0.1126107390170209,0.08289772410787938,0.08137125307373289,0.2828244498499586,0.1286816176445077
3,1.4698249112233361,0.10390588839902606,0.111623545609903,0.04441566800770984,0.48037707835690524,0.11606051299325784
1,1.3165186185015512,0.15076333658219215,0.05112144839546082,0.07301286454636238,0.46607619115435384,0.1744207690457402
2,0.8825591752619276,0.09793874007804731,0.09280541687045304,0.07427015579139558,0.38997573013892395,0.1505823210233765
3,2.3736317749729032,0.09331779348318502,0.06688587147534399,0.07984108581158914,0.5079183738142581,0.0842024996839263
1,0.5400162753081503,0.06359468698136736,0.018972602185480105,0.03650594095461003,0.3352622540232886,0.15781425871866603
2,1.624457886838374,0.16835062461049832,0.09042432569527531,0.12599941284740018,0.46533050397734227,0.1481002848633515
3,1.702895569703054,0.13567368755662274,0.031326048682196544,0.09870566766564069,0.44083596427348865,0.17846920713296377
1,1.0238362418188696,0.08901467556784556,0.1251064886818826,0.13618104883141413,0.32697822257462233,0.10638112580041237
2,1.4265280758405017,0.1648398521579606,0.07475066804641183,0.14229913045585538,0.4440520883053762,0.09416231018344488
3,1.2311582930385119,0.2154879337947772,0.0986508463020965,0.07480947274643623,0.3521852773234742,0.13487747390536114
1,1.146566683814389,0.15812421094018658,0.0574908834767015,0.08736865249936673,0.26938624818876655,0.10212359070091356
2,0.6926062916368378,0.15684482040805273,0.0865714756898619,0.06841128304351965,0.39831922991033863,0.14696496669090406
3,1.7557606236507641,0.12040258665417727,0.05708213998122218,0.060835867822353035,0.21087592210320136,0.15034290725805116
1,0.2365085227581315,0.16660144770958418,0.07476194860146723,0.10429875878363527,0.5026378467437129,0.11762665496548075
2,1.5110442616698372,0.10505946630380539,0.011185142752915968,0.047473765040313455,0.32263514262017823,0.14082154485757112
3,1.268780675365428,0.16219155132506075,0.0422756767435739,0.1106865904865557,0.5105802744092071,0.11937037357439581
1,1.1243355793425414,0.1516981723363655,0.04828234748331697,0.1337780524544098,0.28070596771393636,0.12565703441436166
2,0.7546324957486783,0.12647486791012616,0.05522523157331807,0.1099252748581569,0.33664675586430354,0.0860575481229999
3,1.5593795277926719,0.09823553582178995,0.06890911791169829,0.1425739409247557,0.3739958741719146,0.0963951069052449
1,1.4558568103945964,0.13838017270113334,0.021990574843523195,0.07524703408682165,0.37253642930305236,0.11096041772572439
2,1.4754617180034664,0.08236322885894665,0.054357442647133235,0.11545215331478918,0.39623304447576174,0.09285712412774111
3,0.6154112826952025,0.11996731729137984,0.0794574381037487,0.1493572352819681,0.4842416040203521,0.09946888749796716
1,0.8241651225720393,0.12920963754319623,0.042338336326914965,0.1232869655110702,0.3076551452925019,0.15403594540430127
2,1.0953431648723986,0.1143840688682584,0.05947110784815412,0.10001951805268645,0.2981628534097759,0.12524734604903628
3,0.292551756087998,0.1216215000884757,0.04081136212165655,0.08780200971132238,0.3377527207020535,0.14200208162268507
1,1.2923886134352978,0.12826654964453793,0.06779066702939238,0.06905816897623818,0.3659832423797533,0.17319242805406262
2,1.85800789067717,0.13900752722965162,0.05735225405856337,0.05666700936835874,0.40913061348283636,0.09355635165538528
3,1.718414283362397,0.13536316370002932,0.031235270668797974,0.07391387730774204,0.4352039212161694,0.11216655063005547
1,1.1124216701108156,0.12706988486686882,0.0966655041599395,0.10121538886753938,0.3587216739855772,0.1105255870931959
2,1.4763154612999143,0.11901757870307629,0.016112229746535263,0.11502655282601783,0.31894774658967995,0.08336502291399353
3,1.333268327371987,0.09052993506436374,0.01639111850159133,0.11380743264522024,0.4291102874753656,0.12911768924866404
1,0.6684064877459985,0.13824537939158107,0.059964537567776935,0.06920431654748022,0.3399477304855128,0.15775512563223376
2,1.5685020095900493,0.16757566005886332,0.06581951910830597,0.10622432756968449,0.46491937604798705,0.07391267395478218
3,0.9260404540550365,0.06288910223648148,0.06202828628212799,0.050732115195145366,0.40181046685384025,0.1341160335308728
1,2.1739265801609156,0.1303089404537539,0.05655688099804993,0.18047738034208488,0.35704084267243363,0.10468802184542274
2,1.4205231357451975,0.06328195037816815,0.040599286405881355,0.10002428187731044,0.3813587290427398,0.13934576859143852
3,2.382526083593338,0.09748213911384987,0.06267064771587778,0.11756347209842684,0.4344468513840764,0.08638830438979096
1,1.5295386063013838,0.13732312571690955,0.032849930719968744,0.05482432083205822,0.39871554639070445,0.08544302821180698
2,1.610632493540755,0.10357382151933572,0.039013545965561544,0.07413321417526544,0.25830026116994637,0.09760253809731173
3,1.3363057307659671,0.12206957427037782,0.016812761714400767,0.07562054218947392,0.45997880275803393,0.17209269700535165
1,0.4974543856903755,0.1011372318532579,0.05266187764386937,0.13573525883971105,0.47489682424228424,0.14775984361403774
2,1.7120886796779877,0.10447787896290436,0.10113028666710511,0.09312828165828677,0.3548193989752103,0.11537194403115786
3,1.4934734279423376,0.10519140121664561,0.04117677243399811,0.11856131897017852,0.6522261777274809,0.1239546819334569
1,1.824834877484556,0.12570758086027226,0.028063122024873086,0.07986826904076186,0.3041747955535157,0.1252460888459317
2,1.2099107086758132,0.1502051152190053,0.012344939979371312,0.09073619517069603,0.37519799019876476,0.11317479558732257
3,1.445610233903827,0.0839821305289429,0.07666766408279299,0.1362033591220706,0.38325380409871157,0.15078229678253757
1,1.1233206764226684,0.14945277171657628,0.09333480553960583,0.13730630136803812,0.3107321080030056,0.11030010052176675
2,1.8634219013795124,0.13287417995372713,0.01786913022806503,0.12548007799898786,0.3466062991005827,0.13208482020400525
3,2.444310585811378,0.0891917874264774,0.0455467895481253,0.14486368078212855,0.19480372881179442,0.17089663641661867
1,0.37866411033110425,0.11492300295322612,0.0339344323128265,0.03428026040820967,0.26551764959442004,0.13506502837360784
2,1.429286575680286,0.12208221141181014,0.01826642727922154,0.14516464942309004,0.6046525004672059,0.17996040859341716
3,0.521403771762964,0.13312505683591266,0.038638660951733156,0.08928188658759591,0.26606292435183676,0.15212461978359731
1,1.926306614215947,0.1325875973754137,0.047214428451751146,0.0874253076528316,0.5298564519473635,0.11846234391527256
2,1.2215554372024822,0.14445630315814684,0.03612362432241097,0.09971988582661764,0.39362934144307515,0.1362727074317101
3,1.7928560249390484,0.10299998592244752,0.03225468896528629,0.13263742742608736,0.35630264178591403,0.17974030045758985
1,1.0484484575950455,0.15793540351547558,0.013560348234374277,0.04939486428537314,0.18292360442166544,0.10807971079481081
2,1.2269132810552297,0.11642237877469634,0.029018944627392965,0.13294924553118415,0.3658230189692946,0.1268685801198468
3,0.6265201204257017,0.09004980883607717,0.03775758794158001,0.12071445649653116,0.32512304453168656,0.10899795937713982
1,0.7185611458707671,0.0881646805053769,0.0787080071130517,0.09837868380284115,0.43016738741957505,0.10395191899801424
2,1.0824500810538056,0.11088571465342517,0.028454717068531095,0.0918619583308686,0.5812680466447729,0.15159755142749343
3,1.450033664965947,0.09324531541199116,0.023899358309609854,0.08111428868917891,0.34055624304937265,0.12497463742555388
1,1.5519120502081438,0.13412075073760782,0.057918838035086524,0.15822105222840063,0.42729726909379534,0.19223449284585742
2,0.7796010260242213,0.10468466299476535,0.05696041535896864,0.12667304151702366,0.41262533938448825,0.14963553947734018
3,0.8498338937509012,0.14835999858189175,0.09014435523414227,0.10035451658214567,0.3086521898259771,0.13639617352320008
1,1.04500035314702,0.13403159693897118,0.06311447308985889,0.1318515834946498,0.37389901112822693,0.14403944260087528
2,0.8026503033097845,0.10275388645215174,0.03702708761353602,0.15588529440080756,0.4174494525426939,0.1415917931920795
3,1.4880310387517308,0.13680448865238565,0.020829606541362452,0.08881947473836507,0.40039091216111317,0.14997247080377968
1,1.5064725113927793,0.10005096667169183,0.05522183294433302,0.14677662177082135,0.34343425333123895,0.09953530298624619
2,0.647175320766271,0.13070327241959284,0.051667266794243494,0.06087509149402589,0.385076093111643,0.12877957997766873
3,2.307163033342568,0.15281514600999904,0.04233425184612171,0.12305012190950138,0.33967120665249895,0.15503932652193084
1,1.4696594421398148,0.1094839729568234,0.015281183318562534,0.07240461073237495,0.3772938937399493,0.17545379330950875
2,0.33061150630418346,0.0948006699738751,0.060753287100268366,0.08103828446935149,0.27723193106517063,0.11912684598602764
3,2.0935444632913853,0.119769390674421,0.08348346336352436,0.09401184178234823,0.2987803469628003,0.1648110634290674
1,1.943849518852222,0.12637680155501094,0.052038724080904056,0.07966412429980663,0.2304719876762773,0.061361917624181
2,0.4979938270440608,0.1128692716451708,0.02817983514772622,0.09252739104444695,0.46731481662233954,0.08021342751841337
3,2.117394545388872,0.11009673687629914,0.054192405867412065,0.11664871917686391,0.24962520674115055,0.13615413570593188
1,1.1613816396072967,0.11804162534221156,0.0306400440861454,0.04463689599670005,0.5096131429039722,0.10833840725012682
2,0.5050542619679896,0.09933782137926343,0.0666356589745762,0.1219610761963905,0.4150547756799142,0.14639428493879514
3,0.7490979104035062,0.0966015521771958,0.05747472822996749,0.0745133495832704,0.3380817773426703,0.12459781214042234
1,1.3938803205148822,0.12061609894367725,0.05650123113679839,0.09731735384572794,0.32803685049280107,0.05936157512468242
2,1.913057538175853,0.10158083691297123,0.113320695383557,0.1192088943749692,0.38017065555341145,0.08583864113874722
3,0.9116727522864778,0.13912157130115094,0.03449641629926616,0.16199967453592037,0.4477862352065129,0.09246560121616043
1,0.9739546774048269,0.14301262038009083,0.03695145704017404,0.09951898845368276,0.3238938086113693,0.09750761826269161
2,1.3790365427998843,0.1129386244536803,0.048984454629978226,0.0924492970434605,0.2878429123003794,0.16763147628122776
3,0.3247232389401943,0.09019425818309981,0.01811549901133432,0.0531734946812677,0.5100274692525414,0.1279351533117704
1,1.443161170441354,0.0957030950061982,0.043446662289031386,0.07107531444675237,0.36348195435650255,0.1434803485283801
2,0.9162884494048412,0.16240201790418518,0.06264869096238211,0.05303449620129799,0.44466384316613916,0.13095485469703183
3,0.6876295384449138,0.104323291442505,0.05382552203003909,0.058044315985530816,0.5458394381589703,0.08825005499719141
1,0.617554661645521,0.12072671141510907,0.05616398824658786,0.09333211678127622,0.5312191706121769,0.09547835168960887
2,1.4240050321852724,0.10087768153846385,0.059578709982704856,0.12300229989537464,0.45484007917743424,0.11891477219111264
3,1.6098733155980798,0.11123717205277317,0.01426707914815429,0.14824690534317425,0.2548148924197609,0.12643112078589022
1,0.9700145062731466,0.10270704637959191,0.11477102132892184,0.10208470091310527,0.48663714446364303,0.09978818778989199
2,0.98994948483644,0.06368731832348756,0.05706784687158203,0.07201306153058394,0.22542154419973626,0.09752964921860141
3,1.5844047975190494,0.1021319895255692,0.054413154897370135,0.1161335230564394,0.2226882323649961,0.11339987605876531
1,0.6116359358111493,0.1343201621039181,0.025179431481248214,0.09056808451795641,0.4387440277517469,0.11285406817676416
2,1.5696055627862726,0.10871614589735346,0.03590539474731499,0.07718936197863595,0.41106083627942513,0.09666183161934028
3,0.6330561442353075,0.11133770432848364,0.044064965837672915,0.08635469431051877,0.485025576223216,0.12482578768720781
1,1.589302755648742,0.11551546982373098,0.07841405323803988,0.07619776161350122,0.3291927330240779,0.0869277053730583
2,1.317365349232376,0.12071887879731132,0.07495721185017708,0.04774969318193549,0.4033729382607854,0.11593999573626468
3,0.22373092291383712,0.12743299686284962,0.03934925452713741,0.1481318896916048,0.4720265626323087,0.11237167868893143
1,0.39225456435470685,0.11104510183477267,0.07521604648394495,0.057712985615144104,0.2641353980926485,0.10615122364009995
2,1.3228749735824883,0.09934311897727502,0.017456468213948813,0.08289117776884569,0.372629248840024,0.11239238380995799
3,1.2005659233309605,0.0785804388464775,0.06314695338454629,0.09144133039248992,0.31612096207072715,0.12136153799282016
1,0.9948839584537074,0.12950752424718004,0.05078931724366218,0.1450386517219795,0.34294475202804015,0.1058247319417375
2,1.345419799873098,0.14865872033183403,0.0926544886751361,0.16725911877207447,0.1929429416474133,0.15430112101801643
3,0.24046402715582893,0.15866932894392866,0.04519651406367555,0.08722553846795664,0.2955938227060882,0.1470460119070014
1,0.9200992990322355,0.1107787877535468,0.03659437949076674,0.11247804957947895,0.3887932416042766,0.13969596130155856
2,1.1007399344207682,0.10083223980221581,0.01991370865443492,0.03440608701498685,0.29470389451317086,0.16027895946269774
3,2.2565068118779488,0.06751583720896008,0.08383038738535628,0.1338039452388978,0.33221619808423175,0.07962352160565336
1,2.0559571436679542,0.10302005389335223,0.07192062356831061,0.11028720182024519,0.35993594264685225,0.14743941918917974
2,1.2975378547827894,0.15886675468641942,0.04478923016311909,0.15567080722971857,0.5075150292566972,0.14581610237123308
3,1.3360526179840948,0.11902638276093346,0.0864056955705865,0.1043944362286704,0.21755228697790494,0.1252078890125283
1,1.9266817279320945,0.09446045072069878,0.08030199033101523,0.14425688350805432,0.28825952656729636,0.09995413435728341
2,1.424346136219092,0.08633955858299937,0.07112224413128547,0.1283669467767085,0.4189173678839522,0.16029650975376178
3,1.8344836788464278,0.15417662446784602,0.03507815056877622,0.1552304288734134,0.447819688639137,0.17606997826693108
1,0.18484808901465133,0.11736704075574542,0.02406405727176571,0.04268003361193626,0.2352597365501251,0.12429368419148319
2,1.3174048841483643,0.15901081326374455,0.011164997808648179,0.14773915140703467,0.3580608877745937,0.09908913481504622
3,1.128400507188265,0.1125441631174645,0.05618193030982801,0.08599174541252476,0.5431361136673825,0.09739022292070254
1,1.3230677779486306,0.1501165638169109,0.0368988757078651,0.0823098295001605,0.3584443949386689,0.19791563769444165
2,0.730383751483578,0.12340085084521302,0.04162814620425397,0.11182069710678963,0.29873274298981745,0.1203189217881716
3,1.2129196737043106,0.0922265736411326,0.03640445141150244,0.11194145196699262,0.40982936447471463,0.07131543847929833
1,0.9894563551202662,0.0978672887529743,0.04078453366987482,0.06048339763069551,0.37982576467606394,0.1645207147834961
2,1.4265191956803467,0.10257944419703935,0.04910249646913112,0.12220707077360285,0.3830136596746334,0.13155880901323747
3,0.38604440372078397,0.12700579273955828,0.11142575598349364,0.11175641791552145,0.38433790606012475,0.1360696002355098
1,0.9930276017416825,0.14439814653904626,0.05915327652855752,0.06944964134333068,0.5672293437578593,0.10859028900536158
2,1.1695057234270148,0.11393301624691106,0.056080044310806716,0.053375409630479896,0.30027092292547053,0.15518419435516317
3,1.5544555174213728,0.09796413091320749,0.08018883070145916,0.08038807402072518,0.3285513445938473,0.1478922183516812
1,1.0707076694381552,0.14818630203651095,0.033134649155859466,0.13851282823853814,0.2857237275240915,0.18906808887802523
2,0.9009724992118311,0.12913310492509522,0.06683912086801148,0.11450935583283373,0.4959877528053729,0.11041171894051204
3,0.9820109326426946,0.10975838031470456,0.055333087844844794,0.10740937789107122,0.2920208841438632,0.09068003687069402
1,0.7159875675199454,0.1142066688511778,0.027461364074461234,0.10371238753775865,0.47018155343982504,0.14272398366673647
2,1.259018947256421,0.15477144735046522,0.03520669346290403,0.0898981446727654,0.23010161913823454,0.1840004596157157
3,0.8466034927511557,0.11743543538839198,0.03202377659512375,0.10939297186833047,0.3563737182938435,0.12687685633946966
1,1.5396125578106852,0.10058966566106597,0.042628447302253146,0.08393754806116133,0.2744090532843154,0.1765924095992132
2,1.0303378360704607,0.09950862164441504,0.04678715143415908,0.11127669863526592,0.3549041058290838,0.13770911538757877
3,0.4192142909545463,0.10613788005849425,0.04798879138997261,0.11624055077449674,0.5384122795625177,0.16002263352089316
1,2.428987149227755,0.12371712439725414,0.055417228427571914,0.13441863417806726,0.5586709490998785,0.13980669609111712
2,1.6913208172001815,0.15408655693246556,0.03781112519417652,0.06402960206056994,0.34094287744733814,0.1529003539830393
3,0.3553874611234029,0.08255077320589167,0.02412092844106104,0.08837002668337929,0.4550451386349501,0.14752563574811814
1,1.0395274885400807,0.08408342428590503,0.05757495542260901,0.09917021473237429,0.3702921385568623,0.09047929971580801
2,1.6298612130715164,0.11582076204913332,0.08185675897517328,0.05833852811795778,0.3669262173663741,0.10443469788970314
3,1.2239564748753078,0.10118495737563295,0.07907293469640778,0.1494675211269541,0.5314808975029846,0.16983159569068906
1,1.4309183354278563,0.080359381979172,0.06988039770950065,0.10377715180939509,0.17724810669034358,0.09105467812283088
2,0.2475366769801588,0.10559482377363584,0.028400897984639083,0.10676247046444516,0.3636376743012819,0.06206704312425401
3,0.6255547980779985,0.09293250473713845,0.07741323107216931,0.11982820926066896,0.25155399716377314,0.15466073985340476
1,1.4579206888365226,0.09904984287784725,0.07727301529195771,0.07613378879402541,0.4802444489134776,0.1519745199848334
2,0.5736600544138464,0.08959900947512672,0.11061260794437372,0.10907634759951329,0.4379022444358264,0.11741838927023372
3,1.129634585867927,0.12373002179408416,0.049726636819741855,0.10468764496037779,0.5297287697113617,0.059846570361989954
1,1.8280047315888013,0.15029210276567567,0.06335813848288104,0.11608805027665056,0.4489478164425813,0.1402885286425781
2,0.7578765048199941,0.1677065205338764,0.11000477842400441,0.035961549254879904,0.2994529149318936,0.12086385725967633
3,1.6659482161079262,0.08757901135784545,0.09090477057458668,0.099681404085632,0.37571220076834355,0.14147842044720124
1,1.267157943089086,0.1297678680353546,0.060683923983801936,0.12814928127690625,0.428575990157781,0.10332290818918474
2,1.8174653063043436,0.08348052679317898,0.0598008868039979,0.08115018214296658,0.33281309527737957,0.15015509361914567
3,1.6114657960863112,0.08963884894050853,0.04463465864532693,0.09683770004182922,0.3883706474179144,0.11202565769070533
1,0.8264126969492186,0.09112282840431074,0.0222309053297229,0.11642831025364177,0.3298984251220085,0.12008890081437867
2,1.40271773461905,0.1508473375731238,0.03792809788730992,0.12175947515942238,0.4434474422082417,0.08700678030908031
3,0.6411006156207842,0.06341381625586112,0.01646857588170636,0.1704090264310028,0.37684591598911416,0.16330308754080933
1,0.8365399438803937,0.08808335352957955,0.04818324311349113,0.0878060265249972,0.5782970263056657,0.14934735976138397
2,2.0351628759522433,0.09527691334246391,0.0783193694602855,0.08155631636051348,0.529887258210774,0.13205327007540996
3,1.1309158652759312,0.11658407427742132,0.05804761475324072,0.08505277639902659,0.3095546137793592,0.12314080390225259
1,1.5385984078241417,0.11015636137397976,0.060307997040064204,0.07599050187573746,0.280562957279898,0.17322818355353942
2,1.5057241215378179,0.12102535998420821,0.043942029959868886,0.14522152205824188,0.33564165737720786,0.12484193528825738
3,1.398683381194937,0.15767603111462247,0.13407498471949225,0.09843622229752066,0.20974322549563762,0.099638840252132
1,1.607727434207029,0.10452265623709694,0.03712347718181394,0.1451731812682837,0.4324380063486779,0.1323774300935185
2,0.5469974297923994,0.14858092980227897,0.02593129890281942,0.0543287095546193,0.28460231316606954,0.09183242309689685
3,1.400466687310911,0.10983797448421215,0.053963357900709163,0.12205936776389048,0.32670586104081456,0.13485014212390942
1,0.7862500037508431,0.09432378784541466,0.023798814279953992,0.11612487914248765,0.5417482319157525,0.1513754373325591
2,0.7596450915067066,0.11276658920651152,0.01273040393725456,0.06949838872556492,0.4449971854147486,0.09173015375256653
3,0.9858308974567528,0.15462422974237597,0.06718453856906748,0.13953813103496937,0.4225069298293836,0.13812186662199052
1,2.368539405914742,0.10435236390974399,0.06715047881829217,0.09858504084891952,0.3247676062014302,0.0925805773412422
2,1.7471710971962142,0.12312812433497175,0.03319956375759288,0.08457540875669109,0.44944119361510365,0.10372978679655792
3,2.198832254739533,0.1002871686755451,0.02921223585352852,0.08046400840847408,0.4864106041286536,0.135718363962694
1,1.560048278541661,0.08111547240161134,0.05211019260707071,0.08110874716333369,0.4247454894846794,0.12138325515648947
2,1.8401241580351093,0.09602704205617987,0.03195924647022405,0.16423038887469593,0.4987370015171973,0.12748603690120683
3,0.9941984315140013,0.1389507726934224,0.06813383741936083,0.1692914751328422,0.46171367850186584,0.0913271187095352
1,2.4180288922675315,0.10476856698420894,0.04520003542054671,0.12017986695826874,0.5050643660818748,0.0757415156461747
2,1.0810058351834937,0.09882152546818175,0.03238453636467805,0.09213630108686927,0.37721008093018926,0.1752324988096707
3,1.5842843802584086,0.0632818636244474,0.031298373974335464,0.07878754817299805,0.5274128936726782,0.12067669651514082
1,1.0137059050180008,0.12851219027247657,0.026993049440762956,0.09575894845476228,0.4290641194406192,0.09021288790462399
2,1.1232049266322033,0.103052416711399,0.035490837278710066,0.1468916939972908,0.28623575827453557,0.14799918372655707
3,1.6461737400591006,0.08700875791620843,0.08893653988061155,0.11729488654484069,0.4730342252373139,0.1085742472763238
1,1.1653806813965137,0.0637700917185664,0.09020732432710812,0.1307574059495095,0.30723092829069637,0.12780153118239818
2,1.938328261176002,0.11355871898117863,0.043615043340460326,0.1470372362837459,0.5379585598924117,0.13173845572381437
3,1.9962812752466839,0.07387048877650484,0.04096503060831963,0.1124636800904277,0.4448736373058504,0.10074075308570402
1,1.4654258508514528,0.0966779607221655,0.04317051279542308,0.05673519049700532,0.2635633840477356,0.15127439175834456
2,1.7127145074344023,0.11851872042295036,0.024624641114105204,0.12740440370869216,0.36276248086850665,0.09890821047048899
3,1.365998924960533,0.07737620309785229,0.012604847618236104,0.08724039990353626,0.5692849557240475,0.11836470028317822
1,0.2362952460586234,0.10982657322037705,0.07958287149164066,0.06725856565406135,0.5116008399121854,0.11455714396046268
2,1.8513366589855853,0.20781568673011397,0.06409751627008159,0.051752651369001874,0.565562553845977,0.15493440270721826
3,1.6467204329626242,0.13738759120058042,0.0678300465936379,0.11188719241130071,0.3921142225165002,0.08837784996837611
1,1.4606157361840606,0.08880448679898827,0.09095749999475368,0.13286744604144934,0.33153442812196615,0.15130151610632536
2,2.248761944721222,0.1275593808911511,0.052676849128078324,0.1034426967571675,0.45740487164362387,0.1437443732714331
3,1.1019913411898932,0.12278769367493395,0.026141035807994335,0.03954294223802909,0.31266902613923353,0.1426608602712666
1,1.804064145899351,0.15200324204266824,0.06799560714238889,0.08137472473539377,0.42135416381895296,0.12207002567000767
2,1.3082317741319858,0.09815892789551575,0.055305542627055365,0.14547290395251428,0.3861418827383649,0.13459078219871135
3,1.6444935488691106,0.11396409269747933,0.07361230305497045,0.07336471933588058,0.30776688760473614,0.1589762663046655
1,0.9926593980704608,0.11199928677842388,0.019431372789079325,0.10062757305957484,0.3257009682836102,0.13213787157763102
2,1.1492862429093766,0.14955717041486433,0.0534859199342796,0.12631488381704484,0.5273661869152062,0.12640394237679028
3,1.2350329416118628,0.11452756073981903,0.04813893322888656,0.10470708866403043,0.5062233889137392,0.20203328558901185
1,0.7385995859596082,0.13877903630938485,0.020850431548171827,0.1350143450454018,0.3530318723737058,0.08617284139042597
2,1.805702886356666,0.1198421059057194,0.031288308486163416,0.08250063093791024,0.4325207016531139,0.16930123480176126
3,1.208097483179917,0.1051607461350421,0.07571055278486613,0.06850020072727211,0.5580482397629842,0.14387489420285474
1,1.575819542907245,0.1035639723389266,0.029192212129673042,0.07073723202429372,0.47125836161777424,0.10693875131924512
2,1.360263298886798,0.1396581898918952,0.10322308544633935,0.08719875514739438,0.36686481272572835,0.08668322390947575
3,1.5782187949986868,0.16989841252719817,0.03468577303154619,0.06065893239288236,0.30565291332371924,0.1314824101780914
1,0.9340267460830668,0.09677694708902944,0.09804704884486462,0.18062404252387576,0.3272906684659006,0.15907866060102138
2,1.1483994879067865,0.15324144890819835,0.05094479197906074,0.05973057622721889,0.3190504395949834,0.09651846535146345
3,0.3080514390930065,0.12630249597357807,0.01654130948661212,0.07624537010167225,0.32430611527636294,0.124296294218099
1,1.8070769725272304,0.15498194084069053,0.021203079367668513,0.10089329794504971,0.5695114812976065,0.08849212099567619
2,0.543604091081674,0.12035022662294902,0.02787173208515492,0.043496629003040584,0.33799351721754983,0.10275413274340231
3,1.2300225383063788,0.12167612395656645,0.042534315340122954,0.12206221964281637,0.4914840229808088,0.1662670208895349
1,1.4924620975562508,0.08268036337280772,0.05826361241749987,0.10071291894057556,0.3030968602265083,0.09261218544750709
2,0.6304537034770412,0.0973573665827095,0.042443362841034414,0.11169719119558368,0.2694958543187361,0.14150911692395132
3,1.1905756263329779,0.09122928725134084,0.02389468965523249,0.0955659120588863,0.3879803046552737,0.12303643571472357
1,2.102730520417638,0.07000899251152917,0.05461392821104932,0.10812752337786932,0.3894753346045159,0.093840265354657
2,0.26832143125999086,0.13191337860476485,0.05508613636730464,0.1311354570653177,0.45186370885409055,0.089680495315836
3,0.5771803683087326,0.09982296337698739,0.03491519080573186,0.10747214043659276,0.39842837844058787,0.10872737017604
1,1.7002721261573635,0.10515823589101958,0.08934623488270921,0.09446800119330122,0.4403779588649464,0.13158757296935106
2,0.9797918030144155,0.09188763235442934,0.01845995894337967,0.12809382746301573,0.30143294434157897,0.08040132461299887
3,0.847039352465714,0.12890113551151178,0.04051860540830586,0.04178786929570445,0.6019005269991996,0.07254177058476183
1,1.4352828540903844,0.1481359307425693,0.015041059417426655,0.06364562873658357,0.21787596967579734,0.1404238449798167
2,1.483368712339871,0.134847339564138,0.03793205777053904,0.06957992434994971,0.3328137027576022,0.14622959805375765
3,0.356302396398253,0.14489690545626424,0.047964881618099704,0.06774246984730989,0.5807945458745848,0.12047555792657823
1,0.9292996114616784,0.13083995789958036,0.09511832573586021,0.0944557260274353,0.3239778746491982,0.16181994630569382
2,0.9894019985028557,0.1588037305400662,0.03364399797113084,0.14996143650490038,0.42518525874495544,0.11860266899144487
3,1.354123127538579,0.12210302876045263,0.05289084233737006,0.07173063669479335,0.4513750746391259,0.07768362577338997
1,1.8121054232106604,0.1253859608104506,0.02076532642695961,0.15060138756643962,0.4489735317522403,0.09693481320948617
2,1.856299379425917,0.13085439105009636,0.04818170709584114,0.13171607656989906,0.33123299235519776,0.09519200618949866
3,0.71357691249819,0.10981574156939275,0.01770971813144399,0.09390144531229211,0.45040464437082534,0.10442025409927752
1,1.4340566199727869,0.11679597019883692,0.08702764733571636,0.08418910284927049,0.37262772818616396,0.15479940201441716
2,0.814498844808332,0.14434025615862095,0.03737415730908576,0.13742902922701056,0.34289674341642495,0.13358290934332148
3,1.788340678779084,0.1319969406702987,0.041866011720141004,0.12588108531728717,0.42023565495628507,0.1550842621516753
1,1.4317556786651788,0.1064593736560569,0.037989694197256355,0.13045439140823825,0.4545102160381564,0.19696150200826093
2,1.2729882861566026,0.1102434825490273,0.023708119088957414,0.11343482607640615,0.5177227851155051,0.13332750767555787
3,1.5514142599291054,0.1388479309043085,0.049183920343365176,0.06500724401844962,0.37871722339804353,0.05402459172644214
1,0.8587291631249967,0.09810858503739227,0.04291969001684425,0.08879788989368279,0.3981837461800252,0.11721726452457243
2,1.622870356986337,0.10385066049346768,0.032476118184318,0.11317536096960101,0.3300066457763671,0.10815260635138634
3,1.8699009105101694,0.0894712106406175,0.03103254947642105,0.10907058031327249,0.46212063390186553,0.1147397839611798
1,1.8374601580254224,0.11760289801917083,0.04412732371246582,0.1072870127135931,0.4687764336735586,0.08309151915291768
2,1.672871233312482,0.15772927687427976,0.08892245599166762,0.06126755129775167,0.560065875950671,0.14635243908293236
3,2.4068618764580094,0.12093123589389727,0.040787743075600666,0.08869436770857418,0.6016050583106325,0.14348643042041032
1,1.8527110651077117,0.11455183473557778,0.023781478517341685,0.07857658273782263,0.3951305670323728,0.09772764780694583
2,1.9001641959890685,0.12469628635205442,0.05060123905853096,0.1076529173186853,0.5060941889513867,0.06212325442748655
3,1.320744853231533,0.10324410127229867,0.08492180297334276,0.06977619613254152,0.34583685162092864,0.15571139857017977
1,1.2879008789725102,0.1437499527736112,0.06507760758114683,0.13680750389736993,0.5206735305157202,0.07639065362266836
2,0.6227618243770172,0.1720635681913047,0.05091650324762646,0.11063068545608147,0.41028574919649363,0.14448777630308202
3,1.1888556063524727,0.06163767140590916,0.06257533320987965,0.14532489281567879,0.5019484092926765,0.11177775887571248
1,1.0524448348784547,0.12956325900483762,0.12804328535087822,0.10039337348296792,0.46777118313350186,0.15826123563384586
2,1.2070393829424717,0.0665413333748661,0.04605242095907555,0.12968773889572635,0.5611589080029039,0.12773972443829418
3,1.0257442673956083,0.12240937459040821,0.04191583831955075,0.09566913744888973,0.6358921577833658,0.10666010101193518
1,0.9842858892470013,0.11477536424737393,0.010299952046627106,0.08328646263873901,0.4508818802591018,0.0877346288586871
2,0.5178436842829186,0.07989776834811843,0.020935205306466642,0.05486741648120191,0.4335007690112839,0.09911362382483366
3,0.9021399929918761,0.1505530650576689,0.05049631787787158,0.09112041043672882,0.714695465421543,0.09758053521097494
1,1.9437430180838522,0.06872356048023352,0.018307076378148757,0.1512465822388132,0.36702381680871504,0.15928930496807717
2,1.4038529156509116,0.09494317679392353,0.04304803250348119,0.07559029199353133,0.39544988402000286,0.12949264370343547
3,1.319280296195622,0.14075386369466408,0.041628300144389015,0.10278117367663236,0.5706700364982481,0.16127329205861402
1,0.8142683179981793,0.11577247871539785,0.05969295760870186,0.0797175599730628,0.43701665071922013,0.14384931147136643
2,1.9623782900664346,0.14248559382677417,0.060770546570733136,0.17244789278261596,0.4366926490837565,0.16533154492129418
3,1.7054686892688946,0.12896960177824682,0.10582653231570209,0.0807698804608931,0.38698781920593595,0.08026002385226574
1,1.3080361634710704,0.12952254858045426,0.0845489743209278,0.04017954638927574,0.20459570648658637,0.1152066581743033
2,1.6874540681624268,0.1145905824150698,0.018251308481645412,0.07673995095154562,0.39661621894642485,0.06564235621968958
3,1.4109587430788897,0.1416923786700694,0.026526511791033797,0.10652925194899183,0.446665729621502,0.12484620926875852
1,0.807063387734905,0.09532216880993263,0.031130195216743914,0.0843826187168049,0.29749466555243437,0.0944928662105738
2,1.7215701318634977,0.1262931816688076,0.03903156878315199,0.12430132713569483,0.20483675243340468,0.14137700260339287
3,0.542049838406713,0.12387222775639839,0.027776238252772083,0.07267065297196428,0.2843112290831511,0.14307036585766142
1,1.1147285517590677,0.1289524839887155,0.024120533150927687,0.052507724109168916,0.496957744618273,0.11974050029825697
2,1.3333896745078853,0.12966899957198808,0.01940136162458224,0.11687378027277456,0.4301086910057793,0.14063924436019903
3,1.0042589878340524,0.08047715098588154,0.047474641560658705,0.1433773688315305,0.40153729336105104,0.11037698324309879
1,0.7919251295025553,0.09798120256064306,0.05614177752318335,0.11611973732024347,0.3703888087861148,0.10253795004895144
2,1.2054400275880586,0.14117756767175557,0.03673549453681225,0.09389941862685758,0.48678798427179193,0.16054905233390246
3,0.7191311217326567,0.13979765496155586,0.050120892428823394,0.1448323373462115,0.34632425694325675,0.12019934649688782
1,1.175103886315174,0.11467029101543462,0.07739644204708249,0.10643598931407319,0.41341827186849833,0.14674495987489616
2,0.30484662922488504,0.08686824055454762,0.09294795681529683,0.06938367953154978,0.35270789326950897,0.1228374065331818
3,1.1201725930457127,0.12298118101311517,0.08550406034920073,0.06856877648831465,0.30129506861764455,0.1265785615669774
1,1.0429058992583293,0.11998351091527275,0.028941097042051313,0.11548342894258386,0.31905435879924293,0.09813618903305608
2,1.1764263539392001,0.11555387443846186,0.05180728569387112,0.11551810156881866,0.33926826471745947,0.11211345151915228
3,1.873320563232743,0.15249764723022596,0.04805578915885962,0.13556726005200384,0.3665269570507561,0.12270412887155013
1,1.2904096866127062,0.15744036575816903,0.03861261866931535,0.10563042020351653,0.43393357317880965,0.13926794021700112
2,0.7371885672106313,0.09987488535809035,0.012003180345364434,0.13313986177059153,0.43561406389955676,0.12998712732065204
3,1.412347902224725,0.10958040018512466,0.1024253619068366,0.06742118997444407,0.4100243375341301,0.10238902258547777
1,0.8303200031063891,0.07564911942159278,0.04949229896060588,0.15507391963570533,0.5022534450280736,0.1045685077223028
2,0.501440932030401,0.13039660135593195,0.028863408040137643,0.1438790755447675,0.5115825572724836,0.14932405470473942
3,1.3409095950411605,0.10151495322164657,0.0811836844962925,0.11963369934664347,0.4324840345695819,0.06329128811208794
1,2.060381722832574,0.13848869088354268,0.08152094685843492,0.13986366006151124,0.20197280153138203,0.13440030632678165
2,0.6672581272374408,0.12550189067566125,0.03256517545279617,0.05760434202489389,0.4280592706963628,0.15490926370438748
3,1.2677893249952723,0.09681077904124585,0.0390287382249208,0.1018573068612068,0.47272349766846844,0.11699756632494723
1,1.473347489626089,0.1239237150624859,0.03830501483266199,0.06212974128151134,0.34174040944093265,0.11232154213264617
2,0.9189697969068886,0.12609128409242382,0.031111375325285538,0.11555038730111919,0.3629086781398256,0.12076067467666385
3,1.4150669705682057,0.11225105968642864,0.014980435664216023,0.10941421377969868,0.5084163723761316,0.14294527025548479
1,1.4225397590294988,0.12657995010174478,0.10003227976781111,0.06952466716730189,0.47267871454877775,0.0985904747910411
2,0.5427656716874173,0.1431852823437461,0.059435522256720594,0.10182590227495524,0.5419251710751647,0.16231703586802626
3,0.7521990943846624,0.10136868550864163,0.031941303014645275,0.10218109969419048,0.5883713759341231,0.1233003738393276
1,2.243436671778081,0.12272603320487072,0.028589686195092966,0.0847602743487156,0.37563692065666054,0.1717702264954989
2,2.0398768031387355,0.1561249883673243,0.03150283718656707,0.09407517306082873,0.5333283888999667,0.10085835443025606
3,0.8225250667664633,0.09077007903872597,0.05312731878489691,0.11400966676852542,0.4205103456515722,0.1396212122974994
1,1.2088688628306965,0.09520271458676612,0.0635507670252259,0.171474699898279,0.3802438447475071,0.10043791892881893
2,0.17196068748518534,0.10639593669916236,0.0551678980448695,0.06537135701367935,0.36824435276351536,0.20786432680655864
3,1.7381573272287183,0.14367296181220404,0.05434318786070466,0.128306245683534,0.29000624477892334,0.11084565010835787
1,0.8222411418022243,0.112927145563539,0.034233970238973926,0.09309403965238881,0.449476419646775,0.20938351990864978
2,1.5931132233623582,0.06748727078531289,0.08833149097449775,0.1043811492301432,0.45375467474196163,0.09876640951623981
3,1.8314389728074032,0.1296834890382272,0.044902112729836546,0.15671202426501313,0.4942534428365677,0.16138123141316443
1,0.7142975828445285,0.11852392475718874,0.05559948484791109,0.09325329868082877,0.1598557642980235,0.12651102272233625
2,1.0241876977120614,0.15481840023254326,0.06421321520828045,0.14080708145300155,0.30489361374632884,0.09661109589150019
3,0.18400605383542068,0.1485809953234159,0.04605573855698315,0.14639263430268407,0.47222497304017885,0.1034371796085033
1,1.3749792194583035,0.15236546724515998,0.04870958328752016,0.10370072096323975,0.2910230470552123,0.08922889054562792
2,1.2633363637884194,0.11671016707054516,0.029161416673893624,0.07947549847198146,0.38142056697900134,0.11020316413490365
3,0.8940014362604549,0.12488334276565687,0.03288999787122498,0.11129520833212854,0.5156612847767608,0.19239141872464222
1,2.1682126652667524,0.0651536135959315,0.06088522734136402,0.07421874623274624,0.44193410982463066,0.18339126205547268
2,0.5233038586026386,0.10575920713075718,0.03739568367579272,0.12601308693622,0.2702523766344368,0.16560716112371895
3,1.3814885218964184,0.12537405280539418,0.08776723684460967,0.1295587024429353,0.40237304249615347,0.13484298498049369
1,1.6207396532172602,0.15178018766140838,0.058517588968882484,0.11247350606248933,0.3752159209007945,0.13148112082344562
2,1.9144067223106944,0.12437529645488887,0.05374865884060834,0.07177776830651728,0.4607614722287033,0.13372632290726338
3,1.534647541605765,0.11135003723703185,0.07254794315560457,0.07622736660680225,0.4601531530534142,0.13526345615440535
1,1.1521429504434777,0.12555639758233136,0.057197508017245074,0.07350756548003323,0.4657532502774018,0.15385566863770003
2,1.5504279993260308,0.07530785033886023,0.03744663328714573,0.09476654292730444,0.41068046622474935,0.13020165137218767
3,1.0301599702251114,0.15017447135089756,0.06892394535461749,0.16465843102680122,0.4648077874144743,0.17077355771272695
1,0.7960346145496795,0.13412076228269926,0.058300095035163965,0.1537507812494193,0.4966201145726664,0.06764729847647008
2,1.290625073725693,0.12110890230457196,0.046019765695309266,0.07244838380295726,0.3705391785230581,0.14282119553415448
3,1.481196517713391,0.12470010223523458,0.03895875256337013,0.08980926888147572,0.48913096632323483,0.1321062541297581
1,1.0154175687624352,0.06415538522466563,0.045078774081012046,0.17344596019834582,0.5065022934759483,0.05768269413591262
2,1.3926922599213214,0.12519217387312123,0.03185595084783186,0.13114281512613704,0.4535358108311718,0.09818183510805595
3,0.9233753350383719,0.0989139413314421,0.014245679231037457,0.11916363340227393,0.3265366129995428,0.13460141660894687
1,1.0933923501600846,0.13013268053893776,0.05794947568459519,0.1029170472250627,0.4589014619599604,0.1072109554103082
2,0.47612336211369843,0.09369115882537435,0.015223935223067139,0.08188547588658895,0.5443686184663159,0.0844756913817897
3,0.49051188323736594,0.07222671532509281,0.07588440435737732,0.13750541931780655,0.268920672364634,0.14281024156706829
1,0.3209916249076785,0.10100413402154224,0.06928853365370792,0.09133475495045511,0.5041883304099445,0.0838729793921853
2,0.22548147137990115,0.1581015116891144,0.09707021310326035,0.14815757388051584,0.3854580983185969,0.12064449312478243
3,1.7617580394190402,0.13482664141252249,0.021201434231088535,0.08858746378772685,0.4129541148451006,0.12810182729088118
1,1.0564342858873006,0.1398562136099328,0.041833461499487086,0.08592113175479368,0.2669700614359437,0.08006899339457901
2,1.4995353865211796,0.11753664263052914,0.06660795558301649,0.09696189527515126,0.4103020807331661,0.13261448750284896
3,1.0964710133306261,0.12027424879018195,0.028874438821133983,0.12414674428351424,0.4361905632075478,0.12948360572617323
1,1.1645346863245214,0.11801999377923861,0.011174772735192594,0.0763720559891021,0.5457022719677875,0.14183883412612738
2,0.5299300208166624,0.09292087717308388,0.11012699701908048,0.10506450229472429,0.1862218357683708,0.13363438720242024
3,1.8378592673932208,0.11656347137400275,0.027068612016586422,0.09306219452618751,0.26880640782351106,0.16284023420499982
1,0.5321765285162079,0.08189126660050358,0.058497475436354085,0.19546944122706708,0.545895027897568,0.10490438139667088
2,1.400570086647587,0.10639320892223017,0.029947195445235546,0.103559525331782,0.24928018008137243,0.15761008586645647
3,1.4281501825716774,0.11924460463091699,0.024871087291010542,0.13738291935628716,0.38707572311992167,0.12113184671845283
1,1.9334900545508265,0.09408411911323618,0.02086138533647722,0.08187547150388896,0.36124545619539356,0.1435787500283436
2,0.5118397582389346,0.09153147364818556,0.013131155472509655,0.07781624295864684,0.35612486918881214,0.16211131483538307
3,0.8913996528295466,0.14726004789048613,0.025263252726570297,0.12694990339020382,0.3549849357221823,0.1215742668115142
1,0.39559280992749957,0.14738925748149556,0.027294127970719204,0.08154103175518093,0.22939919872208905,0.09878884560747106
2,1.1645020063558962,0.13694109326287227,0.03009042918992466,0.09545535288774594,0.4437583214013036,0.13078051994984538
3,2.1260890627622837,0.09492969655812525,0.07871023722407172,0.11812764959808823,0.3988146245063349,0.12758579695074002
1,0.7782600957610426,0.16802230585080602,0.09635774615264871,0.057129121696730095,0.47113780296961505,0.08460317013811743
2,1.029689973171576,0.08694122189768129,0.07066633286858762,0.07651370296014037,0.39461334854853986,0.1259715359880289
3,0.7497933831015989,0.11784341270540227,0.04311462113536093,0.11080854906422596,0.5812689935045483,0.05291130302607894
1,1.062803980525873,0.10744312903064496,0.09940993913536408,0.1133014900047723,0.4831247575806435,0.17826209332604562
2,0.5392071715028587,0.1157590449504032,0.11292503958662421,0.1082605213798212,0.3917776634445173,0.14292689384957896
3,1.8458296234747957,0.10424888180273971,0.05418830158571883,0.11116857569281427,0.3312221193793532,0.1914668749877906
1,0.21646962647005719,0.09920383874995266,0.06431444969383754,0.07427951899749433,0.2729308740318165,0.16222802500338612
2,1.5521578220728383,0.10506714703975929,0.08543853953056182,0.12139971479395811,0.3765639467250602,0.15004636670464155
3,1.219275930211832,0.1275895009029161,0.08401984273509688,0.10092794856836283,0.284640209532515,0.11913596277379226
1,0.7879879329176307,0.0991471817254585,0.04752828539584786,0.11265226673169493,0.5123536623123236,0.1623690728131611
2,0.15823600664747195,0.09057891572930708,0.06935137724981355,0.08041507052963019,0.44453214544352254,0.1714192665871937
3,1.7370833567472288,0.1520676154362779,0.01128701593587296,0.12849743411755937,0.5280460006989203,0.1347958125064755
1,0.7763928053310897,0.07508551653587436,0.023403467289039852,0.040441156300548675,0.4057842916310898,0.060545966938326326
2,1.5504627408174516,0.13840916679663073,0.04956290115410336,0.06267437655527786,0.4597296488954629,0.09198226042174817
3,1.1166636933262064,0.1267447530398805,0.05745722078891341,0.0612012222589576,0.3301393917326726,0.12651053997167797
1,1.4568715171433557,0.07828298430069584,0.05545304751645101,0.105931312150254,0.39949249861045133,0.16839650210344084
2,0.9162656970559492,0.10230517964864273,0.049206786824206275,0.11976746304546665,0.3098929197823551,0.13697561335793043
3,1.3538691449964364,0.14094413840617268,0.06075095745424622,0.10488531660722268,0.3706670398807148,0.10742664896808868
1,0.6709100577995668,0.14545099845883525,0.0967283326405064,0.06597341339014681,0.4751769244670935,0.12229242673902022
2,1.7795507102917167,0.1436328699026092,0.11115328771559034,0.12312118114518493,0.34671954838914176,0.0938649719393933
3,0.8057916724433047,0.09159205962401855,0.11299650028307247,0.1057452651037372,0.4744865563118801,0.14099877408931624
1,2.0058231940157,0.12445535186810235,0.04165380553225876,0.04776354881240963,0.2929872872634639,0.11287830550574902
2,0.9680245511302416,0.12502370044338407,0.02879046042630765,0.12251873609593573,0.30173039792538947,0.1134621915634014
3,1.5434425325145875,0.074016610104568,0.0569347384144753,0.12772203160599813,0.3931781532252372,0.17548210603789002
1,1.4176707316358965,0.07252653109036289,0.014999269084252028,0.0526290110877559,0.5127294596401769,0.08599682029212251
2,0.49279248211420756,0.0936702286236882,0.055621780220984886,0.18459084549227756,0.48305777049622073,0.0693453258270158
3,0.579786009849089,0.12688544884326888,0.04200545320795508,0.05513390467951951,0.47033864281260873,0.10531777385773547
1,1.8112408657500552,0.11482438819434916,0.07261002394110945,0.09954292407878078,0.41640315896467495,0.17179951771103377
2,1.1022805989223086,0.12128112278820957,0.055122946508318255,0.07044164673612152,0.43832880832695564,0.1792135125147689
3,1.1290848557312234,0.14928537799960395,0.09397032597881527,0.1461910037058095,0.2784940356839361,0.12568445262503566
1,1.6330045661946795,0.13540934888408088,0.04796168305318966,0.1355836733993075,0.34021696153913716,0.10831645266205422
2,1.6744964041808044,0.09433468559278266,0.06737273627054882,0.07150326680824795,0.3811506576120192,0.13535568770719852
3,0.9570940806712398,0.12893405942988675,0.012521924247695465,0.1261410142089235,0.36510555026960523,0.1584801500632389
1,1.2772953838897758,0.10394462568004895,0.013651636014341113,0.06787153343822158,0.33560430155190746,0.15857790773715263
2,0.8047766038725762,0.14744113765454958,0.060227126920049,0.11422433788349359,0.5154666658403524,0.13342943401235172
3,1.7626481904660625,0.11122094894732672,0.035879280282058834,0.16907389015958896,0.4190373195709694,0.09467357760343176
1,1.1668565557901518,0.09691687374468448,0.11637630133509771,0.04317008974318163,0.4705434170397347,0.13367079685396954
2,0.5678261263558795,0.14137683122136382,0.05378383974039472,0.13346869803205905,0.316228235055922,0.10959259147528616
3,0.5062850323616173,0.125934563645126,0.014240933847709907,0.14069417868356934,0.4568666279986521,0.15244325414287568
1,1.3567768794547705,0.11462715526184394,0.10783306307061183,0.06541702889515366,0.5483326024255719,0.1840914976452199
2,1.3090094721505594,0.1352859968981973,0.0338667648754535,0.07008416529671788,0.5204330691225969,0.12669511949153514
3,1.6467125715331754,0.1362642294515624,0.05496441111671647,0.08394430627469775,0.29155056122128137,0.1071663456347203
1,1.2451082619717377,0.14347170961711092,0.04973989653450213,0.07955790551568655,0.5119103067207013,0.1124527053953002
2,1.6640771540798893,0.12273104153123963,0.057947236497357967,0.15422929484459508,0.3089222839975881,0.08732459313713414
3,0.9071546259796665,0.11743715884387108,0.02034132429574071,0.11574088165849383,0.49126929928349994,0.1423783960157456
1,1.5494311022382605,0.11720137121705343,0.04181124373629121,0.12173532450214142,0.5780039657176319,0.12408590176101639
2,0.2121681330398143,0.15863420027112862,0.024596637268190575,0.07020060582061892,0.4352049569363007,0.09385547150160847
3,0.38954001889707124,0.12550899651908795,0.02837071720769489,0.08402534320472507,0.49379697498707886,0.145631452720908
1,2.1588602215681183,0.08122313451389243,0.02747067213881652,0.1242462496801861,0.5347789790972654,0.14947118192825973
2,0.3748094666448031,0.15112530920692865,0.06398718258878731,0.09453385095811809,0.5986799268854963,0.1428449465250112
3,0.9359485549525051,0.10509025435731334,0.030304840430926034,0.1521209618424788,0.45554114451539496,0.14015566115645403
1,1.8672913873480455,0.08042288867659916,0.023623463945372517,0.04589604800945936,0.33063072582570086,0.11847556956710298
2,1.331682719740171,0.1061758690604511,0.026142091710168514,0.09493394484413374,0.3063600064791583,0.05222324379206625
3,1.0216700613160041,0.09679267753469875,0.06519283550460164,0.07524319385513605,0.43442923113270776,0.12575908879706468
1,1.3520605686974096,0.14719658182565842,0.022504268980524208,0.08040821063914944,0.49129575429524736,0.1331423438617595
2,1.482333611366309,0.09741945500993687,0.03319305665764173,0.11736626242089507,0.4019730674182089,0.1378305081294805
3,0.9215338591982072,0.0916920646650207,0.026042596527014194,0.07709635903704136,0.42344845836303735,0.14037558535108793
1,0.23407056744989385,0.18429119010046743,0.08113634379117116,0.048409510736696394,0.2983713631805815,0.1377513748849561
2,0.44083760117840487,0.10385898019403951,0.05925148311690759,0.09648642183371478,0.5156026313178204,0.13820543778386363
3,0.7109188962841196,0.12212834111800425,0.0627885415309869,0.14719929232433465,0.4512748326112528,0.14500250536786224
1,1.9944947502906871,0.13070538645457422,0.0635117009653201,0.16158970291102864,0.26064291020415453,0.1439791485731015
2,1.0785434892219035,0.11129428775269722,0.02726233379120607,0.11063158623853338,0.4175791402594833,0.13565745516821925
3,2.062308464662368,0.1392563328685682,0.03342548054284004,0.13358625817707445,0.41784880854590006,0.08701976565047685
1,0.6555560592652946,0.12738066880200877,0.04421238200071105,0.10218281396947033,0.43209983133752156,0.1999862221319305
2,0.915316837479237,0.10888780408106526,0.030154896306183718,0.08509208148837674,0.4009728783588908,0.16345752944191566
3,0.8495116082301049,0.10839747072780839,0.07238910344386737,0.13349073840177436,0.33371364687468813,0.2034103596715514
1,1.8637421149886024,0.14111221181897474,0.04506535526809219,0.14813428409932045,0.32302387830742435,0.08767714618256495
2,1.20593974450496,0.12388520880426929,0.011583629470359715,0.0834489897247893,0.37195769217506547,0.15839781631781194
3,1.4959701522948905,0.15293697806042578,0.032095879569783096,0.12685623857251213,0.5183279670734022,0.09951182195146581
1,1.6161815153993613,0.1045925074482544,0.03542024299619112,0.10213426346763076,0.3769080820735212,0.14010206533538516
2,2.4755295775399127,0.13226117874243337,0.01074528829160197,0.0812308717125998,0.5771809186331619,0.11203491525233607
3,1.6128357880373183,0.09668750694796384,0.06642023477184379,0.09824280403443422,0.3951413477190779,0.10082958019532387
1,1.574516658461297,0.1314135522163404,0.047525519980125795,0.03428671367078784,0.48711233857551445,0.11414029964680683
2,1.7724243275378329,0.08623340994401205,0.09859026239717433,0.12025318439501369,0.4020146564981525,0.12878402762142704
3,1.8707645658356833,0.13214623735132505,0.03264297150890887,0.07781908703348418,0.4082285604644155,0.06308411361299074
1,1.6656648474263884,0.08234883194248163,0.01393336133268817,0.11011951340473361,0.4889149731744013,0.14734507695417307
2,1.9689077592069428,0.10297291811937988,0.036695051289980185,0.13054098981238746,0.3465263655224389,0.18098312931711108
3,1.8856090227382858,0.08979355062484615,0.04787975146376498,0.09338392075771437,0.39823896611018306,0.1445074788905616
1,1.1064753706258494,0.1266413049323585,0.044978912517725275,0.1051482196619288,0.4259693914844415,0.18159168832446515
2,0.7897142036963808,0.08667198973728751,0.051702425427477515,0.06476956637254906,0.4316929459798875,0.16025103233242222
3,1.0612904307008226,0.1408068048708211,0.0410229442286206,0.10856820282488429,0.37974122537633226,0.0966145422844883
1,1.5797586062191922,0.17209701120197346,0.07579884475177627,0.06029741876957702,0.5138847570085944,0.06959924298109174
2,0.5699923342734953,0.13786160712925355,0.07697440024069678,0.16563938002336645,0.2919384465581874,0.12263064283403102
3,1.7991236955666368,0.10325809627698194,0.07732472048686673,0.06494328995347701,0.1865100615973305,0.1250144396544435
1,1.6023763265692175,0.17678865425763549,0.10612736715026186,0.14462364141478037,0.5626102544229744,0.1312299012185115
2,1.7097261278095435,0.19316309484060862,0.09934624985323114,0.16636153985840907,0.28456240316894477,0.1256729059077719
3,1.1028579702993428,0.10714377840881444,0.10703255839787236,0.08809012042724598,0.4108732668470865,0.07664197463121487
1,2.160348659522822,0.14202305714849228,0.04367541217681904,0.08565207869100909,0.4743684401064238,0.12702155227970047
2,2.324811201280327,0.14267480338373828,0.0761081734881477,0.1630731761321499,0.31553879014592795,0.09345357148870784
3,1.2203736604944448,0.11304419513310111,0.06173799371187619,0.09382504390899159,0.39387164207144015,0.1423307825152342
1,1.3072393137570408,0.14512487189275017,0.03094195601387443,0.11118352505355175,0.3265674533538666,0.10827012802503208
2,0.9649974030066588,0.07032992403194627,0.10007397862543348,0.14007908798269925,0.45623167593958863,0.09289513790124682
3,1.2242333536192043,0.1241208372820281,0.012935966286297479,0.12754411458236306,0.39814268554777094,0.1569703981811045
1,1.32665813759334,0.08483118019886011,0.03271141558278515,0.14344178469090202,0.3978914454433867,0.15571069017951356
2,1.2201141779898388,0.11333436586971955,0.04973941529934671,0.16595823159290918,0.28831816938875565,0.11121449208167677
3,0.8452502577174537,0.09189850166257771,0.01466633429918705,0.11149652172453761,0.5882311293260016,0.16668326116912974
1,1.5143324977548807,0.06683108619914427,0.03627439352639196,0.07453060169611579,0.43550407439796335,0.17880101012741867
2,0.9482394108719775,0.07360828453857698,0.028499498649496195,0.12687675501229878,0.37600196091861676,0.09394039070136517
3,1.515605018256376,0.12623728074067797,0.09873200452584513,0.11683480383619507,0.46084531617597635,0.1519491940672563
1,0.9476891987948379,0.10522664733341719,0.039086423343283425,0.0906670612427195,0.3546831454923594,0.08501983339896674
2,2.2052618277875684,0.13828845931786873,0.0909346548887841,0.09869554464635745,0.3000157835132822,0.11703742001130793
3,0.9017970597540825,0.08643428503794143,0.02737697581687299,0.13684390287479498,0.2649544812216995,0.13006048229179967
1,1.286152302736388,0.1119889981805725,0.07084951642601776,0.12646888376758775,0.3090544858699374,0.1854297320428971
2,1.7594405814326726,0.09652665750854547,0.030162312543866785,0.11668617545468003,0.3286414868109186,0.06464256948497318
3,1.3242729168118892,0.09738143476984389,0.06837121299750684,0.11295995149039556,0.45591685326907105,0.15759165293876354
1,0.4565865845782118,0.14881950314448394,0.04256979688074899,0.1611443341715817,0.3020009104879432,0.11222301847001927
2,1.57356380597539,0.10449702459174752,0.04521758295784266,0.1319579721821441,0.47445109631702964,0.08750515304333839
3,0.46938238311042024,0.12112261069845534,0.02879829695692595,0.11423080175950386,0.4401337091852985,0.1297271345686199
1,2.289033879191437,0.12941856158837903,0.05950991770135034,0.03859907968935689,0.2869993904497857,0.11653249400984812
2,2.2785643863985445,0.08974281845484253,0.060656856272973306,0.06968929675526446,0.4450932292818437,0.16567481151059688
3,2.227382456049777,0.11585939898230187,0.025705514545601684,0.09111996925021382,0.30996760339472107,0.0899845831269544
1,0.6052626767702838,0.12602581455207637,0.01953613277757777,0.10303023884773015,0.49796877057415845,0.12263232940015048
2,0.720277697820513,0.12595067750624978,0.09902939652757153,0.09219565325603946,0.3566463006148537,0.0532907251391949
3,1.5825160358629748,0.10758211905334063,0.05833806856296412,0.15158032361863388,0.6083989670177281,0.12496885982509302
1,0.8641358034341702,0.12441993305862206,0.01708332256612098,0.08353299022080596,0.3951505910920567,0.1719503871754365
2,1.5485252483667424,0.12167004426569858,0.017688040326862175,0.11014177616688425,0.4342040412974531,0.10144933988004537
3,1.574911457746959,0.08649644127909371,0.036963196078472836,0.05252032561712039,0.2311075959339701,0.08119655970408363
1,2.0745286492143586,0.09710500334856835,0.047579592462407234,0.1452694944995661,0.3531403468545902,0.12189346415767899
2,1.7310581507665646,0.14677497288352953,0.03791997686085306,0.09453261178857159,0.263148234969542,0.12228212722283288
3,1.3217053762666882,0.13072922040977578,0.013469773255170576,0.09919699367961189,0.45615414399624427,0.14157434053686735
1,1.2806892473187563,0.12688891535309785,0.02648735582425622,0.12364232497946619,0.45012551890881813,0.12214201373806721
2,1.3444731325633155,0.131292931096448,0.06414339614654735,0.08871509476627064,0.3379556293775429,0.09999857792281831
3,1.2535146557778007,0.12332722232533358,0.06313662414174939,0.0437960620798141,0.28613756151132225,0.20064456137320752
1,0.7515897315075271,0.13277483581327917,0.05886241713263788,0.12520336153170503,0.3617187658817075,0.20779747907168256
2,0.9143098621173502,0.12990930545534726,0.010917835405062568,0.16881237315929012,0.39279031319583163,0.17159084756610393
3,1.4468795392649707,0.11593618717319527,0.10985159929849023,0.12431121410656717,0.16738408523601,0.20690067901438092
1,0.8098222279684578,0.12700655301766187,0.03952943494527962,0.060303220618057554,0.330225732772348,0.13174856694323708
2,1.581710125176236,0.14467134063755369,0.048635484498290846,0.05531873626712635,0.572400900946337,0.18425022060389468
3,1.9515510152772666,0.07897082374214606,0.024037916161711966,0.14348529062865553,0.3891718279658981,0.16434009074131134
1,1.8127491333857364,0.12236995635175994,0.07008539064299531,0.11544955573942035,0.42998330436099946,0.17529839328528998
2,0.9848207371794512,0.10691277027650768,0.051099061010574265,0.17819307066680617,0.42441893925528396,0.1339195551376169
3,0.8455605716896458,0.08899516267690502,0.010573036347733301,0.05800861580777211,0.39752369336554016,0.12652366860837047
1,1.0358323029759862,0.11063306099700261,0.09009140924544883,0.18985832480525194,0.4392912241652083,0.14947118476341972
2,1.6173229842322112,0.10447199410068553,0.10240870820738247,0.03207232912338316,0.43816277361899053,0.166121670325534
3,1.4712246311998232,0.11439082512221027,0.056740353370613374,0.08407034075829997,0.387235742298606,0.13839306128846524
1,1.9375736248343618,0.11855900646198961,0.03300268704524797,0.08791449594010832,0.4315922368164953,0.07472484698129658
2,1.532563728563421,0.110187622335174,0.028977647187620408,0.09223483571021691,0.5052166777157998,0.16265078084149936
3,1.2596314782437765,0.13186956650279094,0.038157382110546464,0.13488081383625075,0.4543262083679924,0.10096967301999536
1,0.2786949196467249,0.14181064535934393,0.04357241759979474,0.10531716968042763,0.30540737399202467,0.09508429220633777
2,2.459585922263156,0.09978051863597577,0.015789330575527578,0.062202772436856534,0.38038078902637906,0.10638404871403485
3,1.205218731987902,0.13453114656550766,0.10489532366669574,0.12830869649201643,0.3636356841079669,0.1657346426764724
1,1.274612982483629,0.10985644461283665,0.011319964632404145,0.07242653459558411,0.5278904657798916,0.08367810801075704
2,0.993876514748135,0.13041661691745113,0.028117363124044573,0.1082893534101843,0.3280721657981343,0.15579501778179822
3,1.0877703735044382,0.09991958977533641,0.08146015809066336,0.14353343187250023,0.3401559236844357,0.08725607673663754
1,0.9031506646930436,0.12150569887413873,0.05627763501896321,0.037992511021028706,0.4090434440089829,0.09292294677937686
2,0.7450747961909249,0.1031715126767263,0.11732894224284791,0.05510967764536378,0.5977816715018003,0.10738037993391177
3,0.5258332730860913,0.11270507752586977,0.09613144117661435,0.16102348598433333,0.5082291212900222,0.14618664577423174
1,1.3044913583777882,0.10263492566009182,0.014380909253855888,0.14113500869499793,0.431133001855466,0.16214819479348103
2,0.577858919173753,0.15488782304716947,0.052155858464806096,0.12439033969386355,0.43437798649947934,0.124938116908924
3,1.5268749455322619,0.11584435414214933,0.016463974668239845,0.08442831559904682,0.49923901130270315,0.15131124534289636
1,1.0671553408369208,0.1381118829008766,0.07341584766032663,0.06131615796462599,0.4112284219045772,0.10316033198125835
2,0.9712850108308551,0.0973123139135254,0.040460634568299514,0.15006561422465603,0.40581791143179163,0.0971695152046211
3,1.2665107548094972,0.12793039733451575,0.058653002738906564,0.11116321054710382,0.34354327697941517,0.12625517160551705
1,1.3453853845840777,0.1188160191991005,0.09348886184572719,0.09894412811294137,0.43532574225252363,0.13722546264200527
2,0.9664801681833081,0.10239839924298616,0.081429824357029,0.09263137701522757,0.3158551155957377,0.13444293165197527
3,1.0672360599565378,0.11544456103067133,0.07421523093781814,0.09319866170581889,0.36718803307591774,0.18335105300540372
1,1.2967084569957374,0.06704619111753482,0.07470654559680902,0.12539360598928248,0.31772337604368195,0.15501821821738773
2,1.1040094313662494,0.13712515494375266,0.058577158190018255,0.09115713405207336,0.41459247539846455,0.10866988336614358
3,0.2870832319899054,0.15575440984569086,0.0910307708017364,0.12732238152564987,0.36786720806728757,0.11228292248096977
1,1.6881089821083275,0.14198093321431748,0.09625633824543228,0.10346011698150558,0.4196994482237879,0.13252351209669913
2,1.3008402475066807,0.13452012024657578,0.044042964640342304,0.12606293692397616,0.4385907657320658,0.09936894013661025
3,1.7088157504459511,0.10261900501384613,0.04627351859902636,0.15164164959293175,0.4764548831828279,0.18304287241220119
1,0.9587843027284635,0.08049659886964192,0.06056785508700908,0.14587665491557034,0.26094252622759506,0.11990894309041211
2,1.426317629669342,0.10526387259698838,0.021749068785710316,0.10077196661981622,0.3975326204417467,0.1593549654021801
3,0.6134028559522517,0.10387259710124265,0.0323219207049247,0.15053548006070655,0.3602941312014426,0.117465330239102
1,0.5496172797853935,0.14780453505977437,0.03672106627603695,0.0887281432214153,0.33655688607079887,0.1785039854771522
2,0.9195944873039784,0.08258376839145876,0.0702818872850227,0.12545642234327495,0.2826357340668621,0.14053038384676939
3,1.3882605105981853,0.07365367997971857,0.07104696086585331,0.11458793332213987,0.3002778841714553,0.07379540837631629
1,1.4126942302388648,0.11015705910548314,0.05056862167393479,0.10010434025159885,0.4902667122365163,0.13467582530088207
2,1.4059845093567447,0.15071255178885268,0.06952363049614355,0.05144792564801904,0.25758555938892647,0.13298047253077028
3,0.9397199743242831,0.09470960794669059,0.0970836160229232,0.09590375583647556,0.30357769739450324,0.1586929307884597
1,0.6918321989569847,0.08200554490293738,0.03784030212660139,0.06192337047672772,0.41373154032830517,0.0718715770189774
2,0.6413479046644093,0.1192396682222124,0.06864851395868335,0.07097317756826978,0.5741903891855401,0.1438498950308933
3,0.9203322927311369,0.14755267298587177,0.06448967208285342,0.15879521227139973,0.5304924127861289,0.10270546703907288
1,0.36463714423051163,0.1506518726027879,0.05059593942149506,0.13191244493712925,0.38491034713172867,0.1725217668162704
2,1.6827591547432807,0.10899584290422891,0.03616695962008408,0.12419300003645062,0.330298322766588,0.12618779156163842
3,0.8781057458027157,0.13390789324364855,0.06340193205711682,0.10452184390194824,0.39310185129744996,0.16448456193787248
1,1.4071557991104653,0.11462297495662226,0.09325830535786409,0.1440290038494245,0.4252915603612924,0.1073339134314279
2,1.436383292419506,0.19378270165011874,0.04058934589137193,0.09563773729384549,0.259380822360352,0.09891806577328967
3,1.1279535798258926,0.15704838708612173,0.02145615412469667,0.06328157139746382,0.39019488745977626,0.12308811091322423
1,0.4702793669565708,0.1788885431836269,0.023242290371011172,0.07361124826633503,0.21341608402329665,0.18620604802188978
2,1.887957458637489,0.10515117266074248,0.062195407169037153,0.13879833708870348,0.472375635285883,0.10900846065649404
3,0.8242736338742882,0.08398134564127217,0.06892278357563306,0.1706981927986812,0.4639983684815337,0.06323190251325082
1,0.5566434816072463,0.1370762875730459,0.06908050556934713,0.07815131308047507,0.3040279466982348,0.12415710289642319
2,1.870345905981785,0.09346818914976199,0.050330450943167904,0.0818045003241818,0.4863915480105292,0.10573015289748289
3,1.440262084489106,0.11344511744797665,0.025763085903805553,0.08323307337020201,0.3885860920452078,0.1016056631460603
1,1.6943647724031548,0.18688556322123667,0.011999904678930778,0.12749688812869295,0.4814667754789731,0.11117549430710624
2,1.1963845714461263,0.1641066008834341,0.0458722286632747,0.04480615534030922,0.36730309438481357,0.10815602628872736
3,1.012454106691279,0.07658206794474423,0.06087904362477138,0.10165376942225605,0.21421621351511153,0.13632114651481617
1,2.025071454990975,0.08833455435154204,0.029118330534044987,0.05797834794008249,0.5569843097995966,0.1556185997549499
2,0.33283030657105095,0.09564013025944704,0.05933672315927222,0.15642345931235876,0.5908909238156512,0.10995906032401322
3,2.158806183508182,0.15918008427443578,0.06703958107014309,0.12653530248095718,0.33533389912291556,0.13863780839387038
1,1.6803292914762913,0.16181655819256532,0.09527890885862042,0.09690809934034118,0.3517420743262982,0.09795639494778687
2,1.1902930106453964,0.0932448779610094,0.04199855331724513,0.10993415387622847,0.4226158249443466,0.11751382239326484
3,1.9115733396642784,0.12365294665952352,0.016064016545804638,0.12636992037013728,0.2363198085927412,0.10537351951429119
1,1.1899014005540458,0.1441131400898501,0.03798538180572727,0.10518544576375206,0.3638421287802448,0.14081038808900803
2,1.1669067548593053,0.0962365992556449,0.03715223794598505,0.12560768286000595,0.24661022383296638,0.126399860951426
3,0.8934208437574223,0.13302711707243456,0.0864855793971388,0.08935548430717362,0.36430749349247055,0.09929912041047975
1,1.1060179661597556,0.10239298931095005,0.036871906936383404,0.10823768569772468,0.4143556655874358,0.16711516724799563
2,1.7730659977559942,0.154167518813475,0.0739023073272484,0.1361581817239491,0.5189826633978831,0.10409847063532307
3,1.2133746539569223,0.11685115516190893,0.07399997825760701,0.07271437179077811,0.343466574774388,0.10457878238300537
1,0.24192165414269473,0.0908368338851379,0.0163785145420298,0.15064754783082734,0.35206677936771635,0.13026718208957988
2,0.15292081238958133,0.07875205148677854,0.05188989387323791,0.09288105237317441,0.4025102891472603,0.12946674066831917
3,0.9522646382296052,0.170899113811058,0.07255154231726857,0.06353583793743078,0.6530198705670096,0.10598486350363856
1,1.2188780483586863,0.09008120159669941,0.05750321081876578,0.08190110150525698,0.403729917652404,0.11627951075126064
2,0.7884170174806346,0.0988929099163815,0.0699294886902333,0.06557442975011274,0.4263326900146497,0.10872899452515725
3,0.6399110582188845,0.14480417444785548,0.0549437521199813,0.08962507734790201,0.36792587554383693,0.09057374844201944
1,1.8619201858954273,0.11189769145190218,0.0808046526999473,0.09171106281545323,0.2823640643526463,0.13955307300360434
2,1.5031615576130921,0.07250406385367156,0.05809544153540921,0.08402556970850387,0.34192420777204063,0.06550536710922777
3,0.2679093472536672,0.1109729867157477,0.10034073046626579,0.12689135674840984,0.3154013956276649,0.12868048430715312
1,0.6302283574368727,0.1101808920680658,0.07718128407794134,0.07464867418274071,0.43837371985906814,0.0931665496204071
2,1.0153409570945033,0.11586168622833536,0.02301998705100268,0.08747952634867717,0.38120561631492506,0.11571313074607294
3,1.6073223144504425,0.14190211864084393,0.0786130250233763,0.12013549116408641,0.5978878359268407,0.11584214692185497
1,1.3652256642601737,0.12891530084377278,0.05905395423341643,0.17896631580943506,0.4497253266800525,0.13710282410493607
2,0.8257649982230411,0.1074460504224418,0.01341566556466308,0.13121662417887747,0.5054913972569111,0.10709831640972091
3,1.7793838788231504,0.1132782868990055,0.02826735519302859,0.1370329389012943,0.36990193060542426,0.11958008582618168
1,0.3535575775954414,0.07858998178915241,0.08917416990089029,0.1414357381789279,0.4425563948481407,0.06978418613908233
2,1.0630206955215193,0.11124587090765387,0.033581891496078514,0.14205649937740028,0.26870071957228936,0.07759432411895506
3,1.598570116116946,0.14960342049372352,0.0872671084522987,0.042050051745866936,0.571538655788284,0.09073774066184513
1,1.595663145766598,0.1039658780786748,0.07995569649109799,0.08311165498951256,0.34549137587002443,0.17809463519330299
2,1.3328049589099211,0.1311877521071795,0.04007778714013771,0.1515653940864424,0.40815078792639037,0.15364910221068592
3,0.7802810330836001,0.10231321186875443,0.0821695578780352,0.08531632816814438,0.34842782497457747,0.14150658065908872
1,1.4719461932941436,0.161773033305251,0.10589979988610129,0.11332514300557579,0.3946906787577199,0.1404340405052217
2,0.6624589704812056,0.15174242102024854,0.0254521122991427,0.14854940193503197,0.3311009215318372,0.08412863705043783
3,0.45569172922394163,0.11053156648784628,0.028928321598366717,0.09153525628780708,0.2978094642784763,0.13224680369758404
1,1.6686252764430343,0.09986907143497108,0.060140947520028826,0.038327670686692995,0.33041640667051375,0.1638370483468439
2,1.3733286789709382,0.15949173353730095,0.0570540798521946,0.09947339521241104,0.404235654828631,0.17250081556115596
3,1.0584265192961242,0.09729184501453855,0.0587972220903262,0.08380724144103058,0.5901411834759793,0.07528274702923925
1,1.421585117639826,0.15271744483430955,0.10510927309239085,0.09635413568905335,0.3835208254149345,0.2374261549709622
2,1.4357506879472792,0.1442860995566228,0.01870056168697169,0.1580729006669165,0.32257743851385917,0.10685545733645747
3,0.994866589885407,0.12498396896274658,0.08336669255854859,0.08930479285240625,0.439076614935248,0.16374654964383673
1,1.9330410690551327,0.1668986193826273,0.03964790473467905,0.08706547972584489,0.2405494563486487,0.12855831641437498
2,0.9951504455124747,0.08774716865238055,0.07576535456737699,0.07897586182254208,0.33462233669377867,0.19725030018738318
3,1.7176260197981346,0.10689043913800947,0.025723127868452916,0.062027375017499775,0.3910623714837408,0.17971788660973326
1,1.9110947510845515,0.11781893146049331,0.05499204827783541,0.1257600861896095,0.2777202406560437,0.1101290845439717
2,1.012638890619193,0.10730415577992296,0.0902810655893621,0.07132058082323166,0.4969086291946563,0.16678342248142408
3,1.1322063581317316,0.08368899724155185,0.07226759384371066,0.1202834354225489,0.3465687830282663,0.12835219387451746
1,0.29527479286502745,0.10947603953481169,0.011853680176915592,0.06560368224164526,0.39598884879097684,0.08339948595715402
2,0.8625234765212347,0.1069203090958537,0.03589388317348919,0.0789056163321155,0.43487972129960495,0.1003650476768165
3,2.069060551892549,0.06732505768483639,0.10762277782583768,0.12731189860239603,0.4053884576372664,0.127194673053838
1,1.4883666318434392,0.1432653099406436,0.03405802911317011,0.10574242911038852,0.351564558742846,0.13178072656845224
2,0.6990917341061708,0.1572376308983125,0.014135723657552297,0.12274006303694375,0.34825093892853043,0.08184258553648385
3,2.034417858304736,0.13170659393210457,0.04724702188614394,0.08979836605039015,0.3234393754209109,0.13570986140425642
1,1.1494677851957489,0.1043493209474326,0.08046705400882026,0.13554831158911437,0.5509062291582849,0.10674716887767906
2,1.3055364645428449,0.10085818581872483,0.032962493535835614,0.05082281729835194,0.3186753958538024,0.130024038513468
3,1.3440200949236794,0.18850702692805682,0.047531417553102584,0.14948596010291015,0.4947697974177227,0.08369475804912412
1,2.427543031274598,0.09772600696310087,0.031230670792881887,0.13479972610563817,0.41322429671618105,0.1236655549554379
2,1.8614338534441708,0.1137819346999003,0.0802964008304013,0.04076837648149243,0.3333017336608768,0.13177996877731438
3,1.096206559238022,0.12808606153463545,0.015270444654369594,0.09327846317308996,0.368103387080601,0.0802966607193959
1,1.140516704557461,0.13220091439126638,0.04976471559306397,0.13930972842183625,0.40257300918033123,0.17592722529714494
2,1.283842762718627,0.18376020974139712,0.029909736980620057,0.17016792846005863,0.6110034577142015,0.13146142028104077
3,1.0888452038084484,0.1271064593642064,0.04808722965687008,0.1239921180318125,0.42898317956903337,0.1868400293680481
1,0.8560427301150121,0.13376845734350637,0.0641687938914326,0.061041359245658434,0.39210850429903427,0.1313985284378763
2,1.9082883573895622,0.0907028777750103,0.02509934436383106,0.11538828610206574,0.30145866241418856,0.12242474757580639
3,1.538915311822857,0.14454309073435462,0.025956174303353802,0.05909292417292165,0.40778332744517604,0.14675421460841853
1,1.6060677915743593,0.0695107014216837,0.020283990699959394,0.058924327643261526,0.4710831519360635,0.11890563762767073
2,2.218051730523336,0.10034736991842265,0.044975174454972434,0.10653103921593335,0.44535258659441856,0.12516307944887223
3,1.2735335279294802,0.10439650046609683,0.08924519775871195,0.10870530109097365,0.6007463434665561,0.1403965046004361
1,1.4839065734471044,0.13562698161807793,0.029647360985433545,0.08664491393110242,0.44982993278044864,0.11644004221907928
2,0.5666796715291866,0.08775865298433672,0.04623026136571133,0.15825203241403402,0.5227710273449372,0.11458142814544538
3,1.12295548814898,0.1541203074157784,0.04529536093391988,0.10509826208324505,0.3456186087240919,0.16837261997600173
1,0.9133628725516145,0.11708435614639058,0.03252291093292893,0.03380442107095691,0.6048684218735194,0.17093935125267046
2,0.8071121197052835,0.14039725470166223,0.039974154731265046,0.16272023779689815,0.4012726402440011,0.0995257670751395
3,1.5988746782099192,0.1260383188066097,0.08203247091958896,0.07665530779640792,0.3237160902464966,0.14010672934300908
1,0.4572437495559839,0.13825357773166774,0.018018840062705082,0.19424157664713163,0.39455861525131813,0.09508684415403781
2,1.6430029052059938,0.15567469050152294,0.035962227047137876,0.036921075420820626,0.3543813615489003,0.07606847567160677
3,1.357716353421413,0.09953635557685563,0.06453932682151607,0.13646596922358423,0.438135607677175,0.11419410735459654
1,1.7941907746742298,0.1269519491966008,0.02669834614647493,0.07426428513767305,0.5060262633456662,0.10522978688142018
2,0.7057667521143214,0.10862305485425645,0.07030328404104991,0.06204006635891222,0.30903268709278764,0.11593141775680986
3,0.8043495562417419,0.10070641898032742,0.03597125386552025,0.0913577950214033,0.5203830767370857,0.06673905848985924
1,1.898534483758669,0.13537066457396713,0.03511224242061972,0.12095050062560697,0.5316609201785724,0.13803047787055683
2,1.7205324680196723,0.11988432025773046,0.11566321222855293,0.05519302255644897,0.27075389003666084,0.12583170324507742
3,1.4376465166916597,0.16772084253007824,0.09933143417774015,0.09022156721996662,0.5957223142379949,0.13738951413766803
1,1.1636026142347378,0.12510688051226793,0.041681310952178155,0.0690923587092119,0.5049058661582181,0.10840855982951474
2,1.2350723119736815,0.16971991492418997,0.04186396635104388,0.1544651020364422,0.24375031920078327,0.11902548798454904
3,0.3918097128086635,0.0846516623722973,0.018939865438680252,0.12230201294830041,0.39388886328045974,0.10889444256374205
1,1.0750274180415036,0.08419903739412421,0.09126891005980142,0.163464597273402,0.36278453640463093,0.08208043554356537
2,1.6597817724144157,0.12613023832370857,0.041866637696497816,0.1656021761221798,0.4549468718562982,0.1256028290894279
3,1.235975368449549,0.1347161437964483,0.06445679772798416,0.11404058323613644,0.2993826861932291,0.13011657068730542
1,0.35446106196988647,0.11068344773972856,0.08674946008239387,0.12068609096897359,0.4452907777811175,0.09101299647505759
2,1.494237925620104,0.15588762880061197,0.04537798709914744,0.08119735634545103,0.5407838181470782,0.18734274687717364
3,1.4034648141462152,0.09360131493554232,0.05382048341412807,0.09144751130504682,0.4144936298495834,0.13205083000522966
1,1.5180927603781884,0.13356409631500382,0.01032001771549957,0.2028025189503611,0.39390269275449186,0.08949436559293358
2,1.789626082389026,0.09589966378855706,0.08299802487760562,0.11653532059184005,0.431428573239647,0.08225794993492463
3,1.1456431451692863,0.12999191720966907,0.029843502349824025,0.13359938295707924,0.5550667287578959,0.12824810273337958
1,1.8493853421762063,0.18161603084954273,0.026319771590162327,0.13536788083121,0.5551648287432027,0.09527345709721287
2,1.9085101907473376,0.06890702631728737,0.07803842509777717,0.12968275781878846,0.4885828118744473,0.171677965511965
3,1.076443373035051,0.15833146770875767,0.06584862973853624,0.10788458101340839,0.28344987446234143,0.11532449632334624
1,0.7283567314829119,0.07812612762036081,0.04976048606242887,0.14578449841285432,0.42297120044682623,0.12767646338644367
2,1.0318102075464783,0.08941137669565904,0.06821839937085356,0.17022062465980883,0.5142119778547807,0.11793451882417763
3,0.9106864429556111,0.082796033951772,0.04757191137973289,0.10440797097888277,0.4023395757457876,0.1050635338933818
1,1.8759179712004839,0.08308992929560478,0.04314669628331332,0.15913061154977337,0.3922011558455926,0.06917040669259805
2,1.3769383070851282,0.11219821224528369,0.06597887197885814,0.15782985264575017,0.49523524643744343,0.13707376032979368
3,0.2370395979382658,0.1239462556582605,0.03294909792983587,0.06638936916821568,0.43584027045361096,0.16517205039743144
1,0.30823822864187855,0.10724872320002725,0.019138250307243074,0.15262407942656347,0.359669426583318,0.12659256221474363
2,1.8580562377256682,0.12624681482403377,0.06458195303796568,0.06542624527137074,0.2648771098636683,0.13673325336285447
3,1.0876039603530399,0.12795858131326993,0.05916638459290166,0.06544144537123585,0.25755018355699516,0.09048580129949302
1,1.2912469351023257,0.16475520117406128,0.09477578410476906,0.12436430471383762,0.39976121109331114,0.12392315472357
2,0.5292141812372573,0.12168126848148343,0.05548509324707371,0.058229911207803235,0.40199044131113504,0.09546489458771228
3,0.7938128819835234,0.07663977663560176,0.0377576374096704,0.11106071219118781,0.3575760910902115,0.11771361319247793
1,1.8185783896117127,0.13083270867738742,0.025461776888801187,0.05661301655953437,0.4110712593704731,0.12858502802296964
2,0.8862370359277868,0.10773847742912203,0.07128008066253717,0.0962482070020967,0.27250513050832836,0.16399521456701782
3,0.17907232624119795,0.13510277562880904,0.03478421584497707,0.14813450495007144,0.5540115923102438,0.10177912823744004
1,1.622484259357277,0.06514434298679242,0.02669821387452691,0.08779852621388289,0.24898227050522986,0.14313415700772678
2,1.5949276833855812,0.19379958142636033,0.09571444018894075,0.05184991020245667,0.3411369661867661,0.06860158411515918
3,1.7704855255866556,0.13361538829014474,0.032167772468862876,0.11097128551127333,0.30050907993415005,0.11823609569317739
1,1.844425377851676,0.1206714700846167,0.014206398159055791,0.090682672827604,0.4178560936058324,0.09984136424008075
2,2.276021834184813,0.18396816726658316,0.13298572868899744,0.08038389010106348,0.39759950564609503,0.1362181946445573
3,0.9988855206899186,0.16220345622163052,0.0870397600960762,0.08887356880869272,0.5395331004395649,0.09491894304356951
1,0.4826953889554223,0.17047063090456843,0.023728449793723762,0.111746739855255,0.516657461360595,0.1859173260972466
2,2.2004540400505155,0.10145629366166084,0.02073472282282072,0.08232721253966174,0.6644072268783932,0.1213020664526245
3,1.6717809454682828,0.10220108936647902,0.06917519028834257,0.15008870069148483,0.3652797699869237,0.13318330851932217
1,1.3346935511205944,0.1507765839703094,0.05754198472654408,0.04333815484969671,0.28792384472098287,0.09612077166397713
2,0.40100747902488165,0.07001860182514527,0.03834726762857666,0.13343408390499556,0.48035450965392973,0.19610660842223754
3,1.4976570022409976,0.09112356640674947,0.06586056774335128,0.1484710148596888,0.5181534602709676,0.13782218504131197
1,0.8636146445930311,0.12882503557409866,0.023769838674334295,0.10721959998844323,0.3272304333327234,0.13747322379949053
2,0.7103671981667655,0.13606810852701598,0.01356055451305302,0.07227881029495678,0.4316017933147623,0.10425279561041868
3,0.7462080837901061,0.11125519224778069,0.05302618653789824,0.0947561846216971,0.39419187026230634,0.1437254609824611
1,1.1901716223336984,0.08751042325020121,0.04922986284691897,0.03839123389120362,0.390983078718622,0.15840258398495752
2,0.8430764636492806,0.11857807387542481,0.03149182675611953,0.12922782851328743,0.44716838519865293,0.13373621328715518
3,1.4454881157547905,0.09804547241366825,0.04039521063475331,0.08703852007504376,0.3669754173669202,0.1407404386344468
1,1.7610919507023686,0.10792959504239558,0.050696774931176324,0.12318028314184348,0.5111408653725847,0.1687889957414569
2,1.3211817156884273,0.11061796617860127,0.05392683761889237,0.04122902622907662,0.3480394428244742,0.13078758088311576
3,0.6762405657683148,0.09804436800663847,0.03187230988547763,0.10952902070462357,0.2547358455503903,0.07537426465890494
1,0.6036316332889049,0.12556834818678902,0.014839576817749299,0.05319349581645813,0.46800783770660487,0.09942803775702885
2,1.3078870683780992,0.12637839594923161,0.03713815353796298,0.07263645922991202,0.361387827741781,0.1078964041844324
3,1.4969659308377135,0.12397391700881452,0.13343358828188606,0.07049754801310466,0.4448154853099071,0.0745381884954174
1,0.6867048622113472,0.11492319821988196,0.07733700699978661,0.117396920572161,0.4451260249003421,0.07421730264099244
2,1.9344260177392902,0.09673650025133736,0.061948613727715,0.05525346860732004,0.23080294577201974,0.16919863587507614
3,1.1449952168635065,0.10588132659772304,0.0849157756996411,0.06335960460842814,0.3640074888511642,0.12098133765325389
1,0.7499468454378173,0.10805796407472915,0.024568187187288072,0.10509692305103491,0.3678493602625792,0.08097402889162253
2,0.8234028784721356,0.07907607407884013,0.0759148866859754,0.12857165630899997,0.5312285062733253,0.05766177708744814
3,2.182862198572174,0.11728531817088203,0.09231301470092933,0.06493803482970475,0.4593017366674368,0.13906796856853498
1,1.5814971743238544,0.0915685715106132,0.01339496699785539,0.08013767395605813,0.38000465446028137,0.16190325086273621
2,1.421142082102272,0.11426340153674933,0.05551615038660479,0.04304241132958731,0.3763975939326751,0.07709418533190289
3,1.1088710461441136,0.1919820078078301,0.02887118823467712,0.07406742327652024,0.31735870423741974,0.10525934143980939
1,0.42479949142089124,0.1515689022996147,0.09004930888617489,0.08788004659943387,0.4739257571408449,0.162824754089693
2,1.7725828041629776,0.16055466678837627,0.09312321925962985,0.08976395503572933,0.355327587091981,0.16430946395172402
3,1.909982350480459,0.14185652557657896,0.0995308959979336,0.1147422327341707,0.3018257588673405,0.119790939440512
1,1.3368713296506034,0.15202935417747362,0.04877512403034308,0.12505648372917993,0.3468184970164331,0.10623221436166208
2,1.5946709283164113,0.12180072274272616,0.07791633780974691,0.1515036090133759,0.49496367905166333,0.13719344351402615
3,0.3001978846080855,0.13719328696924488,0.03722229793588677,0.1268778302885395,0.3544667446490473,0.10454063006496031
1,1.1484798462277013,0.13430965289242675,0.02481962408857115,0.14707296296303393,0.24855252270304296,0.12015615566011345
2,0.6692783573527306,0.10609417098208046,0.014889917340056884,0.06429026015311409,0.40289034056195394,0.1059371758296551
3,1.5196327625399586,0.1667773302749117,0.023621886607290084,0.136892451932012,0.3178902041168369,0.21942290421032595
1,1.1021222593848834,0.17586567916303814,0.027270724090634257,0.11094624190238729,0.3290718183397954,0.11591470216395963
2,0.7502051581112164,0.14846085864881958,0.06536864597730628,0.08969700352984511,0.2436977252663588,0.1463307626425155
3,0.9270352853910953,0.07806960030774732,0.015439047924158011,0.17914653001554937,0.3728522892011361,0.14502976434612797
1,1.2025631073979195,0.08219216448289343,0.058877578305534924,0.10800772009527877,0.18435971858703334,0.14585493821332757
2,0.9389586250477946,0.1111419240913045,0.0405840958864216,0.09610264837731593,0.33823794583864186,0.10164687236812267
3,0.9004786635372786,0.16080045412015323,0.03149690640012085,0.12303591609648823,0.30599128075017024,0.14057887420846216
1,1.542863187914605,0.11288748967999217,0.11272411938078367,0.07658810401865326,0.21898505066414037,0.14675712393761883
2,1.1861819085581735,0.09209791249648341,0.05916147259794113,0.14480358598870635,0.332532545837608,0.12426685565160152
3,0.3645590495023274,0.1339478534531807,0.03605694300513976,0.09665671498698908,0.3149437699353359,0.14765192634746155
1,1.5114816692757438,0.09488653871730891,0.06713557276491734,0.10358874809261233,0.39230510355038534,0.20566649083092214
2,1.5115327722744598,0.15963033398619358,0.0783340803719614,0.12295295708862364,0.3889379210401507,0.0910458703269579
3,1.905311440808695,0.09419742434195343,0.05022905410005801,0.08126768607957971,0.3154171166016543,0.08557758256410569
1,1.1679109556811447,0.08922730587214431,0.018441785484683518,0.13825568246034917,0.3555431440488673,0.15197697643426183
2,0.860039859063735,0.1355375031512747,0.018302474562485273,0.11895128956944823,0.5086452880079233,0.08794587813398866
3,1.7480060729332692,0.1586483045973319,0.07146030252180191,0.10201531550741096,0.23597417365200934,0.15298096609284567
1,1.8283082805043285,0.11660127249481193,0.06277483202430172,0.09768908510280255,0.3432304436862637,0.10906817817827555
2,0.7621367535539407,0.11292166524537105,0.039482379611285014,0.06342277974922997,0.21644906517973098,0.11192125185144311
3,1.3057586566119308,0.09095503216847073,0.08151268843045381,0.09350789612069413,0.34402122093935944,0.1506132569807763
1,2.442480991062963,0.1501171842465684,0.040949420273882646,0.08984352890703691,0.3500773248284776,0.0899848855972681
2,1.1841803243044442,0.11543981088335538,0.018148635570120857,0.15221277085459015,0.3762031658392404,0.09982068531515594
3,1.1557585522224743,0.0750125988036163,0.019098770323234975,0.13074155227684586,0.34450141554898733,0.10839741935166233
1,0.9964043302977759,0.10141870986287618,0.02935221761217561,0.13410793872392046,0.4186952066386761,0.11140296443961094
2,0.8403817190599918,0.11736134320520047,0.016329335567186583,0.0890906627681475,0.384110713109763,0.15162442989364183
3,1.42678493274855,0.11130673429976853,0.03411933128396595,0.0880803693320386,0.2835022793158788,0.13944636180753478
1,0.6479569408765203,0.11281381708854891,0.069745807977841,0.08494197102896421,0.47928029375116976,0.13152775731922228
2,0.9401017266887414,0.12440337164928117,0.01354873515875691,0.05694899777123699,0.4863786001028804,0.14981388012677938
3,0.8441239287234962,0.16030289403045533,0.07130550195053512,0.14473511125673633,0.5757837395250129,0.0799649964049873
1,1.7476926779902608,0.10298379032431951,0.022227014394964842,0.10319684318792437,0.3993270774178651,0.10569634404862138
2,0.7836572210355087,0.10075930965768704,0.042872758764617366,0.11535801924539042,0.18491077857356225,0.12635927216893517
3,0.48448029551776584,0.09373444639695991,0.17730815473472744,0.06224807751378668,0.4049068231601274,0.09916352889972838
1,1.4339890630071452,0.10475174584042936,0.08422036264087542,0.1227910002982977,0.38026798527750416,0.08476614357551224
2,1.4639997413113328,0.09434127356600588,0.08509198242607295,0.09307980446406362,0.6262775704092042,0.1809352845120869
3,2.130967101075612,0.11559825516601305,0.08443917259205438,0.14020190403666358,0.41645109677160425,0.1685403894910104
1,1.5583995691261083,0.11616192651687104,0.0800587507404533,0.10092475154346431,0.41525800822148845,0.11927110959241354
2,1.3457839697502196,0.11748248430069504,0.020671172895114602,0.14743598298796845,0.42642877383880956,0.12380784816036859
3,1.4230325394877403,0.13466084035947143,0.04050612206469685,0.11582811482381819,0.5313850201055601,0.1702667953840499
1,1.0389596395215173,0.10167198598002875,0.03438838950091387,0.08321828693357748,0.5524835093381102,0.08694265124010082
2,1.1731122986853535,0.09942406574782811,0.07616949975297369,0.08195049325550328,0.46788468820383583,0.13879557231844328
3,0.7224606440450986,0.12360261220119528,0.05368149046555152,0.08421147033142479,0.3961205492678289,0.06990175842458136
1,1.7597556512624388,0.1435434474075139,0.07818730144685349,0.15123046909536325,0.2328006541271733,0.13529834030612306
2,1.0055487313672888,0.1367939874037437,0.01493486809699723,0.09350637356388744,0.28528598342532674,0.09818077236568891
3,1.5480260051646206,0.09010250139290861,0.0341351617241743,0.08585555239892018,0.4601394008579506,0.1549930953928207
1,0.7736795069625586,0.10295230886846424,0.05225433458338439,0.10147985530062396,0.39907509504577976,0.1227940023197058
2,1.3590780010368813,0.06315188539996819,0.09924317735637929,0.09226942331026806,0.320955175294582,0.08476866508052452
3,1.1950753000769303,0.15429034020404608,0.044782619373580225,0.060989644185153895,0.38912964924936316,0.11653443521033646
1,1.08856581588687,0.11855738666785123,0.08482852162983778,0.07054351367172887,0.2991225106678471,0.07063544644338227
2,1.9181680706842805,0.12713781729077717,0.09140917189413539,0.10347075242735783,0.4666273802177874,0.08467686738074186
3,1.9072916131256406,0.13581082320233087,0.1340166760861713,0.08554500462743253,0.505085611713085,0.07395648904564883
1,1.0005375710452271,0.12828839558363087,0.07194069946176307,0.1340362586805394,0.3649608517171838,0.09917961082356058
2,1.232122914695957,0.08987882856685743,0.03233321978646475,0.0832712515921294,0.5639766709389715,0.1934118377392189
3,2.0310906561981525,0.13988677243946854,0.0358657008561577,0.160092417312629,0.30353354948191025,0.13594892245482212
1,0.9867100775218376,0.10285418957980935,0.054364937363943294,0.10639753087519402,0.2469724036824387,0.08596003654510154
2,0.8239943209753638,0.10684653514851553,0.010778007227621844,0.15125209187924712,0.4557684812474613,0.135856576071584
3,1.6856533042748028,0.06517088276287879,0.07727938927440597,0.16001147532337057,0.35578083214179823,0.05908666314117306
1,0.5709027620318957,0.11317210773839721,0.06166367875345058,0.10022521458320711,0.5381063035457306,0.11687833441167728
2,0.6963901181659988,0.12888594741763273,0.01548186657909667,0.14287371003004914,0.5059140804651584,0.09938783083265663
3,1.3859390092751955,0.1262350394556657,0.028211772881532524,0.17462154302422223,0.4056531279101575,0.17985234080868343
1,0.8054708211212573,0.15689245024072343,0.026507590497637488,0.12919927782233687,0.2727170103067701,0.11944260607669288
2,0.7743026613964278,0.17622529082099792,0.041321729656368676,0.1054156370873894,0.29893254223551213,0.09123413278092957
3,1.6779173942347334,0.15103392613466293,0.04851858899764341,0.1197170882476064,0.5391075073751102,0.1203987518164878
1,1.1301960910789672,0.14532085299583794,0.06109133613141893,0.05540201074998577,0.4606945384019066,0.1685527717145548
2,0.5338323201176653,0.10838764856813049,0.011556847350931591,0.11639301329886843,0.43318430856303186,0.05752887144390838
3,0.9243584329261896,0.10738268284501729,0.010647093636554743,0.04829140326933155,0.5025023344063329,0.07748173565209732
1,1.3184874469762236,0.12891554191374116,0.019992779783946216,0.1559054416250159,0.2982022122282727,0.11590833180359791
2,2.204179948251748,0.15083103587847912,0.011715929405619926,0.07837704350208669,0.6890030892767027,0.0834191489401232
3,1.1006022192445468,0.08759024305661936,0.03329977504697376,0.08529820957050326,0.40660917483298825,0.09070912766996361
1,0.46912734715572113,0.15076306557726554,0.028429436309055228,0.13382931317638835,0.2918204068360766,0.07984448743135798
2,1.5828340057953667,0.06960258901201723,0.049972876151623456,0.10853373539415934,0.39085754134642064,0.09538648191014085
3,1.5795075009217883,0.09900261921548768,0.09099172415615393,0.11208105450508218,0.31702965069768424,0.06412318595432259
1,1.7691898576737133,0.17637603592721016,0.09653279354894065,0.06419930625208747,0.5341228786555045,0.100740221769658
2,1.5368880409111145,0.14014024398852248,0.045669358196799084,0.14768359837253456,0.6073046531706102,0.11437564777137144
3,1.7457492239224706,0.11720658488363048,0.06306130089846822,0.08849175759160363,0.5018955329111872,0.18916920250958363
1,1.3208724882904053,0.13137039783854323,0.02663168013598155,0.10890365702314694,0.4603054702299467,0.19497215382479216
2,0.5830823682829427,0.11080891927171921,0.03662401140364654,0.08447811569917346,0.3365017964251529,0.10659694392904874
3,1.0765652630857243,0.1843654480351351,0.03729930398192188,0.07486624677068338,0.332880606727076,0.1132330872131533
1,1.3497932115796851,0.12616112603693186,0.033627656340012635,0.07529751240147278,0.34516944650922066,0.1455623764574382
2,1.4934122782936352,0.09911685096536466,0.03682341743734071,0.16546317292950508,0.4663759098034462,0.1514081678925404
3,0.6350395570590736,0.12038015753372588,0.05179908872632465,0.08997056173998916,0.4860174246650003,0.14180340251739476
1,1.2081098314898664,0.0912128329757987,0.07734210287365512,0.07418142019869105,0.41969644384525717,0.08361121213214136
2,0.7718551156538848,0.13184454993735062,0.04271562908503949,0.03857960435427399,0.4449940672959599,0.09621590945530051
3,1.1408218173506226,0.10278410526235142,0.02516844139586649,0.08252535687160378,0.22600172467194288,0.12969054512290448
1,1.7565373917155942,0.07781829505785584,0.016429100588330733,0.11598830914327918,0.5269206326046965,0.07995084999978139
2,0.4582346185597015,0.09785214437704225,0.07527264725797732,0.10803141256246368,0.5167716008669597,0.13040645550418511
3,0.8665530830908931,0.11297993136615189,0.10797630704375101,0.10561863010750717,0.5116842015948423,0.12205421503787868
1,2.0196025090865377,0.09350362830398892,0.038795968948433394,0.1253305355624567,0.41518546664221484,0.1399908810009396
2,1.9407504116486716,0.06619147329245798,0.033000936231611266,0.10676683630876878,0.3145882298256133,0.17800615263773692
3,2.153327990224878,0.12249841743614276,0.08041227879357007,0.08410072296783033,0.4741571118262687,0.15520844101814374
1,0.5405513621522864,0.08185061696123118,0.11001951526742854,0.0790548861901268,0.5683226663914569,0.12712831473843486
2,0.4280318562833534,0.12355344131498383,0.07790846105064142,0.03518082122095313,0.4008167781453169,0.11884557975651375
3,0.6458624321804819,0.13548682567624654,0.04071173053000261,0.09113795245985969,0.555304372166735,0.1332179010423866
1,1.0473871023308712,0.09555846769128043,0.019267772196882155,0.16685166238766996,0.31755540836228213,0.13154419566300107
2,0.8018177468721345,0.15791422509475633,0.06127679116330065,0.03773675812913426,0.39796474023712414,0.0860486198887763
3,1.2296579261140923,0.12278601780626308,0.1085834560071835,0.11962820147057096,0.5940164899259139,0.17252727664142092
1,2.2000728317688996,0.12243515387782525,0.033125100023908206,0.16687479044396675,0.304265870056366,0.08441363391349271
2,1.710828435016101,0.10318457252986353,0.04062202777009639,0.06406310704750517,0.40679563236940075,0.1722029714488663
3,1.3968886861571705,0.14551359949181425,0.1000947444227375,0.10144149026292194,0.39901765968554004,0.13277720958986905
1,1.9191683067515772,0.12105083142767775,0.0422398939087447,0.044659607134518116,0.39315744123712043,0.09013359095072668
2,0.9452964540797346,0.1798014353519911,0.06352309087460306,0.10035365549581013,0.29907591166410746,0.15595240714546263
3,1.4517144593869669,0.11263794513548832,0.07803769766906139,0.11255564310340697,0.29268201906783614,0.1281428794143154
1,1.0477451639470479,0.1296157534997237,0.029298026706134028,0.12385116050643324,0.3455212668004741,0.14199905802303428
2,1.9897663660661178,0.12421840141445455,0.025997331396874098,0.08439631882118655,0.32502634679805487,0.14851061082718559
3,0.9396221311144821,0.11728120905371146,0.023348855700185946,0.11547767991622751,0.5292964915245029,0.08780948976149691
1,0.707973119360076,0.12702150078615082,0.13607531177575746,0.08933423939235412,0.2936413629410896,0.11529542685191417
2,0.8780053752701921,0.15368971281704533,0.036693531081890024,0.06674948445787979,0.4835875072540072,0.13128384025007364
3,0.18773432099294496,0.08873916607286472,0.054709176613020105,0.062409043008675884,0.3044729181045495,0.09848401530736585
1,0.366490063745747,0.10800121930062291,0.027057598305954462,0.09817854476925485,0.4701653661893362,0.1585778051224453
2,0.9131232975071977,0.15720868035244137,0.055647285085916515,0.08936195585943954,0.36192380447362016,0.15426929768825307
3,1.1103758641767922,0.12564241195297918,0.035807313327067845,0.06851228723748465,0.2628274457295291,0.166346892160468
1,1.2885128768333716,0.10004156839195485,0.04977392725730357,0.11000791449075323,0.39246529111032086,0.12689493492733572
2,1.758456323335511,0.13508602038495648,0.03159414135060421,0.05995792948306648,0.5442497696459997,0.14218192259729956
3,0.6680339029122134,0.13151786089927983,0.033740048112140854,0.05734309637468281,0.5458381613338684,0.15318056642642647
1,1.0980149200066855,0.12919376092349213,0.0447428182378377,0.08845892785738742,0.5371435943861869,0.1417392037891586
2,0.9579302213051395,0.0761551216311922,0.044852417306068225,0.15411148792238463,0.3901516143165715,0.134023924403685
3,0.8118116463055394,0.12666195387003654,0.07940537272424691,0.05695599142719446,0.4585659751857354,0.1954186778101079
1,1.3313422455654322,0.09120874843596934,0.07571340576610962,0.16119106428896363,0.33031429457559536,0.1794287433821588
2,1.7942239478260646,0.09447794094829819,0.03535563618601539,0.07140953143110207,0.3426140334899616,0.08247953040300963
3,1.558372331881161,0.16145862767030777,0.015373364762909368,0.11001384039454298,0.388653335215865,0.12971874817536722
1,1.2129475523560935,0.12451520070394399,0.07038782869015248,0.10987477747034982,0.26927156409134145,0.11469686635649755
2,0.4333437114825922,0.12279932636598961,0.07872807777950394,0.07777437021925152,0.4187874545379932,0.07277909697431179
3,1.3056975108834152,0.13002714790326222,0.04448785284189278,0.07867517220970205,0.41484058325770523,0.11622692425245341
1,0.6674674820399964,0.11271645301817176,0.04096778817389824,0.07393880297557877,0.31776466038105794,0.10548580984640023
2,1.6233925520340486,0.11987695768419368,0.021206846441697735,0.0844802874496027,0.2859786922637646,0.08749535783549589
3,1.3628566959798405,0.12711289104139953,0.05276096938885073,0.033638175349334304,0.3424226371901823,0.16005209430060524
1,1.0569610956910098,0.13892504843770245,0.07145206018269668,0.07384957262172105,0.3568158512852607,0.08484245644555913
2,1.6020330691654283,0.11214788053924137,0.06327912649794805,0.10059588247369344,0.37154842321110326,0.11416484987987224
3,1.339585950319023,0.1196957737236155,0.04242080594779273,0.09347168355848344,0.48462136604640227,0.12138346508890888
1,0.9943799446943763,0.09455851890456723,0.01103244855851164,0.17587600280715293,0.24487415632404008,0.05969154965337217
2,1.0500052086204719,0.14341983722970775,0.062496478576724475,0.12655067988384994,0.40633737468754944,0.1283128807184177
3,0.8639246062056257,0.09283487003355964,0.024554796162613357,0.14868692289460084,0.41836250423454957,0.15714496658543914
1,0.5973050010599144,0.09703889278087857,0.034193172843018135,0.1260797337099614,0.35183341974103155,0.16004824860707287
2,1.2956936528412268,0.12400960612930187,0.03571641790657681,0.08736005462213103,0.4130818375064466,0.06921595566275981
3,1.4280656135791734,0.13375413685246876,0.016190296753732493,0.16643180542849928,0.42759403029792664,0.14509320964476005
1,1.7151650388553434,0.1445231088843159,0.030337696227215764,0.08101010037360475,0.22005662643242904,0.11691177706466342
2,0.5473186180071579,0.13201872360087136,0.03535168095525934,0.10451866304496525,0.6186960097169457,0.177160823891565
3,2.0837211714512884,0.09142899726807822,0.027376400167853542,0.04801955895599936,0.3004692130274478,0.17255569367945423
1,2.1820660096128472,0.12459019293339801,0.026441099739039797,0.16172635429827567,0.3370798157774952,0.1257562720584749
2,1.3239987659224286,0.10133754644769831,0.04156173487537142,0.09666520607944262,0.5267797048158418,0.13024791107478992
3,1.9831222882914619,0.07128356991601019,0.05055525907807342,0.0771934463177962,0.35590093726011124,0.13031321007593363
1,1.0624485629641265,0.11465501462765255,0.0882609873688773,0.09364095027511085,0.45715019347189106,0.1268279234156197
2,0.7339505530824576,0.17074252224992592,0.03234845699025767,0.11197936087080915,0.303019564678056,0.088002853191025
3,0.562046648149652,0.11754402608826496,0.04263459846410867,0.09481289795392937,0.35170261018738214,0.10447929995940461
1,1.864739464548515,0.09849687464360252,0.01660067936096511,0.07901506540278058,0.3890984568161959,0.08230124771588333
2,1.233523492447361,0.14570519451136918,0.08549387633676755,0.12556097544466815,0.3818188941263845,0.17343941226673365
3,1.0173522283618288,0.11341382104618093,0.022533356717730244,0.09632891246336339,0.4580880424676928,0.09387921365376274
1,0.5969422867124904,0.06647231909219226,0.060422409635266516,0.12850579202400494,0.4228897632215322,0.06694499959397923
2,1.4904742645472278,0.11286083270124682,0.042800675602464124,0.08586267680831144,0.3395307003277373,0.1254473610238432
3,1.1731223288486274,0.07014157274948404,0.010117409719614168,0.09340658333609865,0.34190640687402024,0.13198047661722526
1,0.7717188083594574,0.16265776253474656,0.08899338078296598,0.1132370460407216,0.27980990707176534,0.14507389724939435
2,0.5672891512960782,0.15286015784180843,0.05916530807830175,0.10667632750076934,0.4707522382931787,0.08717548463937574
3,1.247334519327847,0.10016178539553744,0.06020489656079467,0.08144702158582534,0.4660311552526158,0.1612676328521342
1,1.0986003415206964,0.10683503322254315,0.08774398114265902,0.07162475182341003,0.38040567532416847,0.13084571289352867
2,1.359297338300807,0.10985255785897188,0.024091719306332374,0.09561960021406941,0.29747774146067374,0.09899253829593718
3,1.9399607084537975,0.13587082419278104,0.09548360435760544,0.08508991188957554,0.42377303765897184,0.17502147231852505
1,1.3165652602701834,0.14108309216851253,0.04413231485602767,0.0604161837077479,0.46301683980647684,0.07505591833156758
2,1.8575253062765797,0.1292037952569263,0.0378199701871583,0.14867886351689064,0.4834402695993036,0.13105837531796935
3,1.9139513479412782,0.06598176979415071,0.11077980714550469,0.0755266298227328,0.26484518513469274,0.10067485824942858
1,1.526423699575204,0.09123354391649824,0.04533402643466792,0.052448845787084156,0.3293053095829833,0.07441065890200249
2,1.6837955145735894,0.14316939105443557,0.1090229190932526,0.10666557583929885,0.37194738812293054,0.08830083494241414
3,0.4668977387520985,0.06286021959304908,0.048517997999268286,0.0830908033219484,0.39219438316730243,0.17218967276500885
1,2.2257862266056314,0.0994688759462687,0.016890636118468104,0.11733290430568846,0.5119236938628491,0.10604227488175817
2,1.268589119963335,0.1296665292568537,0.03619467160302128,0.11189733412054031,0.41908798605421693,0.07964729107375236
3,1.1574750610981621,0.16243940880843002,0.08404584777373611,0.04709281323149671,0.44837028475767843,0.11753980944060076
1,0.6359391840613502,0.09642774959710959,0.021581977605095757,0.10787457445951906,0.44941074436972034,0.07691388345250762
2,1.661748547287196,0.09604968489812,0.10766445641502513,0.1057350646477081,0.4512310017745999,0.062036821827524194
3,1.006966357172317,0.11238190485191064,0.013356336632141308,0.1616976411894464,0.5228652111825368,0.1403195403309505
1,1.6691174161020612,0.09436303304897697,0.06272548345367232,0.089027802611495,0.5449404301967341,0.17969061458196814
2,2.314188223693053,0.11508280476635678,0.05581575134989599,0.059618134643206935,0.28375468758926514,0.11904353939623968
3,0.6196993274696896,0.11250485673035784,0.07859322131752486,0.12030158179666402,0.4255253793095283,0.07115116016275325
1,1.396842919588209,0.11311091853230826,0.03220663016676794,0.13065022080063138,0.3223531005371438,0.09158410112086306
2,1.8220206528066691,0.10526972097151659,0.0464424344511408,0.07226020550335673,0.35052809169678967,0.18381449197402458
3,1.6304317361543055,0.1505389515922073,0.054501655655817355,0.16320044404771256,0.4150346114779696,0.16030672824748687
1,1.6263006549248906,0.09226913116882458,0.049892690884958506,0.0690691163485625,0.4309237973139517,0.1070224266241431
2,1.1796089951834996,0.15966778351355598,0.01827785944228406,0.11796072243523414,0.3772121804049888,0.06754186875210191
3,1.1924342811784,0.09352393233996517,0.03785716562234147,0.07137588912588766,0.2737536335597208,0.13494350839423103
1,0.7168833676438576,0.0693099988243414,0.03244162514335946,0.11412881198291662,0.42952601324070905,0.15781746878881722
2,1.3097694507648698,0.1181686542702435,0.04324684742578954,0.09087435097579281,0.38743545190776063,0.07637636301010181
3,0.84785955126322,0.06765258811869078,0.04396282896776747,0.09679505663561587,0.44293247280503284,0.08616214536319036
1,1.7023236268538045,0.09634981375636245,0.057485613949630594,0.10423402901699606,0.36898385293996855,0.16785711193589364
2,0.6656212953707918,0.11003010973087246,0.014612981473991978,0.0932961072782309,0.3517035299607419,0.10998369035990342
3,1.1557184936766856,0.1057552772053183,0.0664321354659598,0.12160346124066734,0.5507339525204757,0.14901938752099775
1,1.9478700515834018,0.08703547962991269,0.03008309153857793,0.11432133707040931,0.4491677882406882,0.18374901555956208
2,0.9776577466837233,0.11891663484785502,0.011439279536321852,0.13546706008606985,0.403985327322742,0.14333853334668825
3,1.60261726629522,0.17300762190235827,0.07773739736682658,0.07728408214982187,0.5910580129806466,0.10472685869123513
1,1.583340011414356,0.06983092579939565,0.019333295722934105,0.05933842162162524,0.20578517614331193,0.1294293606939429
2,1.2315302687203713,0.10767500231314787,0.03300512977039165,0.11778051005815797,0.4364399050633615,0.11567016832831006
3,1.3950703911703122,0.1321300758590771,0.04773891543855165,0.11890494326199204,0.35590481204794644,0.10665283731086564
1,1.6308888031289064,0.09343292344124055,0.02958429525193485,0.11526351202424928,0.4638495509013082,0.1446854193753856
2,1.4800818156101563,0.09920191084294361,0.04326313782234764,0.10110283061057557,0.15865683622661325,0.14147208736861422
3,0.6737147047722997,0.08906631307942817,0.04638502544763495,0.13921450159328252,0.2978193052013321,0.1474496977636612
1,1.3311750582897055,0.14358364315373717,0.024316251131476514,0.08341759629732906,0.4328524628156123,0.14920958497153605
2,1.299406099058106,0.07149545731215187,0.017816655794392885,0.08907150012069835,0.3210301869691929,0.13017135907442953
3,0.35684734691724573,0.09200748184433157,0.07209961597280498,0.08345164176201698,0.47312911061936136,0.12339124615376476
1,1.0984474116097322,0.17498982685469905,0.04480569222198139,0.11555656013927436,0.414285650064971,0.07117875735065676
2,1.0546467400697668,0.09322523821265503,0.08648316692530597,0.14133658336303195,0.2679170666185631,0.13998773095737826
3,1.2506118067700391,0.09688169330811242,0.01834781742126962,0.16860786762320432,0.30379962772515284,0.07648488852559598
1,1.8669197973416378,0.11647846906604854,0.012771597300056732,0.08174787552915821,0.36730618108721425,0.0896192384838847
2,1.3929998081280117,0.10474238860812923,0.037203158061221195,0.049633574120493906,0.41266208388185344,0.12515005067735288
3,0.9794692765268931,0.06534165470056079,0.05762624827342702,0.10106756996489433,0.5275270353855782,0.12394177418701338
1,1.215559800986906,0.08746579379239283,0.033451062009926674,0.11229218835424296,0.35793722636883984,0.17544456137583947
2,0.9985221910324336,0.11710080989843953,0.023811866378832227,0.05066283567907396,0.33951101191764677,0.15418316338667723
3,1.7071604016029296,0.10891290439371804,0.05691928961778603,0.0978163158188918,0.4481686061878583,0.09167340214734035
1,1.1424357739488988,0.07683728844399017,0.019996560334941425,0.05975115845038261,0.24828104303637355,0.17967393018996697
2,1.5677577810726055,0.11606551822098621,0.06777901890347998,0.1289224640291619,0.3094322152785267,0.14453133083547942
3,2.23678188998114,0.14194974492733928,0.08084292259047068,0.14359144004240026,0.4112377940948373,0.15865384905747504
1,0.8029671955444186,0.10781124500420546,0.048147950225954306,0.06381960242170144,0.4393799309555566,0.087900131686512
2,0.8231747875923446,0.1378033379513951,0.018364465965248565,0.07370176335750563,0.36673514713561906,0.16271611788352663
3,1.8775559217005275,0.0653913780262496,0.01923534035388086,0.19171572236071588,0.5051671666195289,0.11343260310523294
1,1.4098811199137242,0.14514282091767555,0.039122031012571404,0.13209682182074256,0.3838892060242321,0.1347833010890095
2,0.5602439280226252,0.09627008162402255,0.03173677760854772,0.06833655519380204,0.30368828762506345,0.09619782062928531
3,0.8048560805657052,0.0826425976180652,0.08489824417293988,0.10151155819596772,0.6074062165181395,0.12627859024603955
1,1.1748192548139897,0.07610496335683795,0.026246357435176858,0.11799454570336267,0.30786865668883845,0.13815192731556195
2,2.090187600277572,0.16872050047583748,0.05406878946265945,0.15078685414431814,0.4875964147285863,0.12912067552014656
3,1.788226149611514,0.10741138264044862,0.09686160705793724,0.1190509564919008,0.5317635470695257,0.12362540268969661
1,0.9483134592281061,0.10880941359858348,0.059897467236558734,0.03909092981796247,0.5269581759495596,0.11456275338674722
2,0.967970331695794,0.10784381735355254,0.05594960671143588,0.055902023097395816,0.49710810874675276,0.1771675300691164
3,1.6198563957312233,0.09985689746918802,0.02459634976796377,0.09749130939712262,0.46415157131431606,0.16793418097054166
1,1.478579713755916,0.12744958968965395,0.030834084808791275,0.11747185190820711,0.4660396598723727,0.10846981310237441
2,0.754831574738265,0.1315041666488987,0.06151576147098574,0.10959688185314395,0.5568752351329834,0.17746111476013862
3,1.304134334768946,0.09739263722852154,0.012625348840824696,0.07827498851781181,0.22055200097300243,0.14539541447995175
1,1.0963218580305498,0.06151310286333798,0.10339039365071725,0.14361229737407005,0.5598540287441209,0.0656470243023882
2,1.098197671664701,0.12536933396192926,0.05831633926412827,0.09511621163016924,0.35566483963667317,0.0948945852123845
3,0.9110529468677929,0.14606237412689627,0.075810446862174,0.09472223650433174,0.3058522451230706,0.10695530097590442
1,1.4976585348797566,0.13599261233335225,0.11587981925368719,0.14294259782102292,0.39558847399419705,0.188419189027213
2,0.6786969208908311,0.12193130775939826,0.06885377837626722,0.0837932908989419,0.21976880550260064,0.12697197864850898
3,1.0587325210635519,0.14028064596026082,0.10608393544341119,0.09392478405788385,0.49715813583324087,0.10367046943270604
1,1.3058917318519279,0.07500408848905639,0.10221194027503783,0.10605688548651371,0.21354869195621765,0.13488548005478185
2,2.4397672707670575,0.1112814140720234,0.0864842156486405,0.09637382856630879,0.3618522092381682,0.08578981800935986
3,1.2902517921546224,0.12842485209924498,0.012729900396735529,0.04309049857914359,0.513894034919257,0.1385032094286292
1,1.3450492747229228,0.10980119548242825,0.08297144143145509,0.1106370944966489,0.48369798954656007,0.1336912087781121
2,0.5924239810761187,0.10379669648440902,0.027063902749681283,0.10507204374396675,0.3086301543821393,0.1788371027043973
3,0.9691566321159134,0.1356976977502462,0.02701536430477608,0.03753382279295652,0.23212120631799696,0.12655868833371703
1,1.4603084361738918,0.0713015878859507,0.056840525710213294,0.07907696969545128,0.3208795488684053,0.14123157031812725
2,0.602786204555398,0.08941798491902676,0.028384846114708377,0.074894446771418,0.3631894910923077,0.14702035556980417
3,2.1728333440697547,0.11407538892159441,0.019123592011877227,0.1385465292743089,0.4513257641098678,0.11864420214891866
1,1.321963343854234,0.09457369505838129,0.02973192012559893,0.09396108858562463,0.5461671921988185,0.16120059901473321
2,0.9083351393427677,0.1409760590163682,0.07163549936762909,0.08987813319133241,0.5234179174898798,0.1329290960026017
3,0.8261792388111039,0.1683379987284905,0.048478303374991503,0.048565312019756245,0.30351190077510043,0.13177648496310387
1,2.017327932688781,0.13836037308996615,0.038422411381832576,0.06989858140466493,0.5221691805222083,0.16347949028614112
2,1.3225684262048456,0.1398538361687832,0.065200937095626,0.07558473430925788,0.38289356239729466,0.12107739715133717
3,1.3304389699231314,0.09909829104635914,0.07954145464609617,0.04760851586664951,0.2969149345861331,0.13697320772809532
1,1.9110847542265514,0.1631987176365099,0.09742678570042258,0.1397273844480648,0.5107819954614677,0.09175293111070111
2,0.9559698957414133,0.1261633871781954,0.011171231884453639,0.10493368708729127,0.5153651538483284,0.09995380675729759
3,1.0995827371061493,0.13487383349577475,0.05076591461005445,0.10357042029005846,0.4247212187514994,0.14819528506612284
1,1.1748427751846588,0.07500183897081605,0.04803842557864435,0.16340034848715762,0.34790833824312123,0.150864396062583
2,0.8908831190812699,0.10129637148824489,0.020600147857007346,0.14577408830636623,0.3291328012255363,0.14192293356663258
3,1.5717025505186275,0.08085447090256696,0.06501480546923058,0.1432800336834123,0.3728850961712672,0.11620561219788482
1,0.5048106789182609,0.1306115246498589,0.09134788108150634,0.15227288670258549,0.2527161725947105,0.11983686506905225
2,1.7476878913127685,0.11411683457217363,0.07409268677092001,0.13414880622513428,0.591008757086149,0.15199201971681375
3,0.5221135779319512,0.13846589622722852,0.11840860374206746,0.08857872096059695,0.2165266701399733,0.12689266234926752
1,1.15949388796183,0.06109339697820374,0.03387459160283286,0.06672327298277925,0.4236812463492816,0.1877680246732861
2,0.7227507339698631,0.060542492980065886,0.039991974012640395,0.09306777957311055,0.36340231228522113,0.1659222409305445
3,1.0242611437682472,0.0982011708620568,0.053479783748669664,0.08908966178012986,0.4489236537508004,0.07241887497776946
1,2.1331705564204775,0.14786239082218677,0.11698755134360098,0.10257224405715239,0.2995181729312528,0.11707504749601023
2,1.6007708188425145,0.1741589557383213,0.06241010744254949,0.10526733237798899,0.4666739522216572,0.13878740023901903
3,1.634805119388904,0.09556857775166024,0.06280998770456814,0.095031644270936,0.31198769779958757,0.08551956521320286
1,0.6545188242480956,0.15705846160500248,0.1308953611003741,0.07954761462717727,0.39824405514535877,0.14091522872659246
2,1.3954711926405745,0.07072053967605912,0.09436138735067892,0.11353832111329774,0.5477498765156841,0.12709985380256228
3,1.0086613457585,0.13803099772522343,0.032510089360465566,0.04414521919562538,0.29296205386416097,0.16809671944726143
1,1.841317301333082,0.10499678777895657,0.08170484392122188,0.12188121040284346,0.4527660436072384,0.12720015374469149
2,1.536750336555908,0.14011770443337698,0.01929091599054279,0.13986056749867615,0.3267946288569283,0.18709223812127063
3,1.1144368440568047,0.10360699326894185,0.056609648883985286,0.05902307023361465,0.38100472622804277,0.15527929207473273
1,0.3522054306763508,0.11782817227933658,0.05335581502308437,0.10728177137860608,0.4516262411801664,0.12210069990300826
2,1.2212052336330366,0.12067138595821236,0.03761216490225453,0.18807082960257937,0.3768477359294568,0.10898457918237237
3,1.2903886744983906,0.08992158271612646,0.0786701096628794,0.17556391492912501,0.6766152921619908,0.1405584804958761
1,1.2127246525373105,0.08856820129982135,0.04978852140221145,0.0736619390626537,0.47941468535271853,0.11292098093264158
2,1.9781101415002094,0.11323873762230016,0.05891064422413475,0.057472139052207896,0.4649452203589672,0.151817207475139
3,1.0015563139643182,0.11902934452776709,0.09868672547634941,0.06588221630771948,0.3929503745308871,0.08942397938171814
1,0.6417126224638583,0.10887379200878514,0.036208760104127734,0.12966593140237703,0.28500380832317046,0.11596132679541421
2,2.232124719871865,0.11499141679274764,0.06464123402408586,0.1132410563782428,0.37003737587560465,0.15989637663164497
3,1.4829672098417748,0.13639895393644552,0.03297389252616398,0.11019682788661735,0.315708510029166,0.08328610828859251
1,0.9844279395656074,0.10965649444194074,0.08696541209490022,0.13740892842881486,0.4082220600268288,0.16301413762019584
2,1.3271344261707665,0.13274382985180355,0.05933258679024292,0.09846103612792927,0.37010798001197914,0.13850026495705137
3,1.332446758293343,0.08383201409810766,0.1416262116888821,0.08382716703298056,0.41546558865650446,0.12294222068759715
1,1.151232769775139,0.16104147585077672,0.027746171610503537,0.09027952140657886,0.3199429237127871,0.16137517020558417
2,1.921139993986025,0.14890773628337503,0.05418893075706303,0.08648830574567512,0.5160617290022241,0.12663630237822723
3,1.9069505853171478,0.11408273174936809,0.049454639197316436,0.11965943261594103,0.3842947265564427,0.09950141479044171
1,1.6383637205654413,0.17702839112543817,0.05737959923380459,0.1435665323118876,0.4180250119970614,0.1054278377584867
2,1.432725147703987,0.08972331665605776,0.016832476635729864,0.11100002935053604,0.6310006801949551,0.09055136103807687
3,1.0106166301904869,0.07560019120039133,0.01743066711298911,0.04995233153192547,0.5491917239527732,0.14313507694884164
1,1.5500963469157225,0.10276865277034317,0.1046598883497682,0.09007470830646083,0.47736939059638295,0.1234465559942687
2,0.7000890467404849,0.14136817637820995,0.10016993142252853,0.10855629042885546,0.4438521343876982,0.17581167438106315
3,1.7131781912233741,0.11798838063539768,0.03834840810727846,0.03894966797057158,0.38929684716620544,0.06113137624546823
1,1.5797318478368374,0.13494851925167184,0.01878019458334417,0.08981061561327142,0.4045686900265584,0.15287634563616853
2,0.8575487972013546,0.09145941424450933,0.04336617815397649,0.11719741767256876,0.38117535418355614,0.08664130457012598
3,1.2390850389125154,0.1270649654320519,0.053817992632093414,0.11698891280874812,0.3775642090173825,0.11803921079598388
1,0.5483869981026419,0.14602954744586322,0.11494711939749173,0.11302142731810176,0.39403016021827697,0.16169867715653927
2,0.4806338053606345,0.09431233802081601,0.05006231135843053,0.1112177486388797,0.17423649055477386,0.058526743456695965
3,1.046746598420045,0.07919990013996668,0.024547028443589455,0.030238717349417257,0.30183658824498716,0.12657007325991476
1,0.3856408676474673,0.12103285496831179,0.040565416088093914,0.16388417640969005,0.5608409595870225,0.08286501464231542
2,0.5890397944387973,0.14722085616897992,0.08655422402831062,0.07306246515051885,0.38272043090986474,0.09615365443827516
3,1.1950738583684857,0.184513783008183,0.0177119261026401,0.10767614071839167,0.5705857212546527,0.16583634775918749
1,1.034041328469811,0.1537004650701037,0.04153447187116523,0.10278094302919422,0.319437557761042,0.12113715927007687
2,0.8739285137127205,0.16525011133793038,0.12826751614941673,0.13598334746457205,0.2679052178372306,0.1115104749450945
3,2.1340730561943593,0.15237549454394633,0.025894810919244633,0.07925566442166991,0.5056914156270388,0.10811543591441464
1,0.27668351152643744,0.12737531130606622,0.09095658378476362,0.10773422677490621,0.23563134732281657,0.1421882255519308
2,1.0093952810025026,0.08789614962158662,0.0849071617330815,0.09973075015316678,0.3661105667405482,0.11179583439649146
3,1.138702289080595,0.09604404671423382,0.029965536305095176,0.10004807424417132,0.5469352988256908,0.12418338663473201
1,1.7397404294351921,0.09053511150361501,0.0768891175807467,0.0886640265746865,0.3823587942406527,0.111307400344492
2,1.5509809511428405,0.12317271783336987,0.05960420408594494,0.12085146119805709,0.35158708457567156,0.12428964184896067
3,1.735157837368572,0.17761507955814948,0.05217000686126969,0.15102321121854712,0.23505462522420362,0.16404539487132602
1,1.2105301225654184,0.11768838751348282,0.03885774783732301,0.08513736597143239,0.44007583432241565,0.12111701289069401
2,1.8907317997252369,0.14123427616720538,0.06399904412994346,0.06581819307726539,0.2971999835955705,0.12636344326778504
3,2.3150367061638466,0.0970541461697369,0.07091530553250891,0.11575441326578773,0.4421165809976322,0.09105875182628767
1,0.736430822111054,0.09770265946984505,0.049946220302558825,0.090952361171851,0.36466973772324435,0.14193174519305174
2,1.1474001869429866,0.13997969925582568,0.04197263468772068,0.12997407584539117,0.337786344675311,0.10004974433161307
3,0.6186233345646818,0.11841615720952516,0.0504244962772641,0.11509684264443887,0.272019313763187,0.16761221049283845
1,0.7882301236162366,0.12652503633212855,0.023571254919862353,0.04611703780371619,0.5182163919167264,0.16630867051797807
2,1.8202275312586669,0.10484085640917645,0.06989949043279015,0.12537210254139705,0.48984068855041024,0.11169207982368151
3,1.2103682323460812,0.1057546698214623,0.03196520777096816,0.06784709464574759,0.35686250764660055,0.21440983700577892
1,0.5527164553565604,0.13332525233494244,0.052582556542996546,0.09980380681236714,0.4799872373881593,0.15449788887132124
2,0.8392960601032958,0.11471521690367276,0.0793451471885383,0.06483919496993812,0.4586770306988754,0.10446548724101375
3,1.145772519128299,0.07084399112205894,0.04529893769852083,0.12206761797225613,0.5183530833064202,0.16766134760308363
1,1.0637671776302162,0.08059653102152092,0.016945667861258312,0.06994887086997176,0.4415584937779897,0.0959487303432782
2,1.0016639248623922,0.13082212450621836,0.0179049039713237,0.08979397739059562,0.45017847605568406,0.12468665192637451
3,0.6553638830044798,0.09550661991757942,0.02302202006696655,0.10630432003946283,0.39041473693221324,0.14231325574506104
1,1.4238041199453706,0.11393744395623848,0.014709540547170781,0.11591245606243405,0.4155608683920653,0.08589415534952438
2,0.69164851699867,0.12047856495588231,0.05528868745944987,0.0902101073842902,0.17898581535682806,0.12483380384829762
3,1.4386514917459174,0.10311123237389697,0.014646803581566802,0.12647682291297863,0.5218870088385863,0.15848323820991767
1,1.2776830577996297,0.11029865914267935,0.06886323532236682,0.13299848297411074,0.34260348461781903,0.12404646924823176
2,1.1723380443678604,0.060537815293663234,0.04959169807709531,0.12685674116634468,0.4136249164141006,0.1375702613991433
3,2.2555308021933254,0.11323117065247489,0.03875990293049613,0.08303743822563348,0.33452023538440073,0.07855799506746974
1,1.5612419177345929,0.09737704914020219,0.05106423094536399,0.14739457431527891,0.2661853933235855,0.13728323435577897
2,1.3522217540299892,0.1268904201166305,0.03804382165289303,0.09170207506924258,0.4709941613905116,0.14200112636248535
3,0.6612862201116664,0.14363346227244483,0.0923826350745893,0.06363362634169023,0.39837622108119286,0.15754042722318545
1,1.582820929975446,0.06463189541051803,0.04758523435755196,0.10244485485582407,0.4371091572356251,0.14074775299751827
2,0.7982898326609255,0.11829371162825127,0.012939599497203948,0.12080217395719607,0.4127499974609481,0.15631246702842347
3,1.2322302636855633,0.16336385244291013,0.02628772809856839,0.07292175295349139,0.41280724519576206,0.09525928833984168
1,1.650712294739351,0.15512192963325777,0.06595685565286545,0.12712249036955167,0.26507433077818315,0.14153970525036563
2,1.6743986254613896,0.0802515473131902,0.025992835980359247,0.14063944214896817,0.3858545401087974,0.07822944010763022
3,2.056489022936578,0.10614672168769954,0.03560525786120365,0.09677427802002139,0.41191079312173784,0.1563509677865138
1,1.577030007881242,0.13778398597872082,0.035955544383353515,0.11130814172934225,0.44485231870032943,0.08420830865353826
2,1.882603316527294,0.09293476389646933,0.05441049238014253,0.08917556572418393,0.38261041637569804,0.09895836508015013
3,1.6198416887639537,0.13442844643745985,0.04544542280947785,0.12616169098138796,0.3275143216095879,0.054308223225125574
1,1.5480652886077482,0.09061349233897315,0.031203440390081206,0.09422319757979233,0.2710980184170594,0.20525477258237607
2,1.4574538943165267,0.1258992383998166,0.03964307393850548,0.12275120151715134,0.3309078946917339,0.17620482890095301
3,1.946760934697806,0.09669115861291012,0.07801754239789171,0.08889092408190433,0.41924959803208917,0.12483874618205572
1,1.8886960532797836,0.10294041185144917,0.07998870120316195,0.17220388473071757,0.18818485407329089,0.125788875261171
2,0.6040126253335781,0.0956863700103287,0.1390637699882889,0.1457696367718943,0.3754588064835236,0.14631481421444048
3,0.9242526178012619,0.1377117098845074,0.044342524128863234,0.09180081751958585,0.2440489847484924,0.19549522371502837
1,1.3494809410329558,0.10252713444812811,0.07017299694960166,0.10435007511670796,0.35795195609568237,0.16284669977401664
2,1.417125886189371,0.1447023653615838,0.09385352271112483,0.05460004503524409,0.25358153135633704,0.12519537663583344
3,1.7087602156390094,0.09171532352928444,0.12141913957975364,0.12296471408226556,0.3559234479439051,0.07557483171873777
1,1.5521795574732005,0.11701040692127276,0.08652339074348056,0.10598210710135679,0.29157064586923503,0.15340005937320517
2,1.2643609310207062,0.14240662525961648,0.06771332899103262,0.13213962696177173,0.2907323383642252,0.22026818210451815
3,1.4946152263971937,0.12495611334674987,0.05602227536208361,0.08329878807460922,0.38658330724875994,0.17016787775839365
1,0.9551457698915428,0.09685584654306159,0.03139841302389004,0.1119021596409831,0.40875421599099176,0.10292353835918984
2,1.8576660129910343,0.13292732857778217,0.021667257704677964,0.11246618517307884,0.21275381340770969,0.13681501915661115
3,0.738766925497343,0.12640999115809012,0.059358039841088964,0.082087942959883,0.41401149426888106,0.12910372084505467
1,0.3965911947812334,0.113376805781598,0.056189597711960804,0.07841264037547886,0.42805765871541807,0.1515637559800099
2,1.273874921727299,0.16773777803750015,0.03064113094699401,0.14981015111451015,0.49414594245212146,0.13594609588277284
3,1.5674316097711944,0.08776229984865172,0.09268299972524967,0.11111495326619401,0.38355406673961706,0.06579588251308305
1,0.2371355511619455,0.11177161429132793,0.07243298294774617,0.08806218409875685,0.449555173580621,0.10115324458797167
2,1.3871117948186673,0.11749175689669734,0.02021658231930335,0.19079013785508508,0.46246094089635753,0.14113836913469963
3,0.8202544328425163,0.10826923695870475,0.025741968741896375,0.09610655464235529,0.30402501973441276,0.15410804246928975
1,1.8656519324988892,0.07984520827039666,0.06366021768164243,0.06304645651974142,0.5941244361358643,0.12867686922067145
2,0.7162966397852302,0.12575710246255592,0.1091870778657035,0.11588791995974386,0.3710100175291043,0.0996231708637329
3,0.9968516279679406,0.12209373621057719,0.05038143600439091,0.12107070157363634,0.393543619415776,0.0918493480174854
1,1.6621425531845502,0.14101936812354857,0.07252775423403701,0.08655834329800097,0.29130344620392357,0.08380942482815068
2,1.0484788872684379,0.11792869788035944,0.04131051290990749,0.19181452569847773,0.5693919896165949,0.16187341558485607
3,1.259986944683225,0.15454574177616795,0.015936173991283987,0.15871830826098365,0.3630555566144144,0.1150510412119751
1,2.428099026533948,0.10863148646167778,0.04062131616403681,0.08060953143639192,0.374878791202904,0.19577031757569438
2,1.185532953128477,0.1457923596410782,0.125011298171699,0.10267930155529967,0.23946560012825815,0.07838715841764671
3,0.35901740976191976,0.11554626444199968,0.06316267160350661,0.13761245642594688,0.234429362107479,0.15777719141780733
1,0.8006964768527616,0.09495371424981133,0.04361760372744197,0.1563545558828138,0.42465503498068585,0.12287577408926809
2,0.8850703668879644,0.09285083323236214,0.10665241777625362,0.128526196333577,0.40691776135266283,0.11125025472844445
3,2.104052989830315,0.10304387408675984,0.08637062826154943,0.10223287946965254,0.4540266638215025,0.09612020432847844
1,1.3645345002423281,0.1351809112061731,0.016550078496259432,0.06247196776138085,0.37012265773532826,0.1639619067393586
2,1.2538425873441768,0.15277915213200108,0.036686552025106074,0.11380503917067447,0.44572265194162597,0.15798024956698759
3,1.2390079217830416,0.18412328349988177,0.050511815382203715,0.1213662987517305,0.4628848753330271,0.13207620700127323
1,1.1648307592750307,0.06080785945912483,0.02162655612111493,0.07608415770741457,0.3592763810946274,0.15587055863767355
2,1.4450255587044603,0.11067196617567193,0.03492687181898356,0.155930313894012,0.27443637654398667,0.09363531097320157
3,0.34571180655581,0.0983464121642495,0.030015186922107834,0.14558458039502667,0.44052523286821127,0.09637171932908645
1,1.718917468240129,0.13085997697300508,0.03308671261426019,0.06243296323920472,0.2363318504477765,0.11713091880117746
2,0.31339689494449496,0.11973456249515534,0.06991295501965229,0.11875628473116982,0.4962465019793468,0.15314497513673792
3,0.8064724799072868,0.15574963076394766,0.10621896102838216,0.10888824369023684,0.2606255517673711,0.15751205459794396
1,1.6017398733067532,0.10440680617440562,0.03765582523627128,0.06682925581405633,0.4102636968715358,0.16622795991986838
2,0.5162673289928126,0.15594937879465273,0.012454840751347451,0.14690138403398317,0.44501053746826114,0.14240397377614908
3,1.0509789703602204,0.16744462270436677,0.01883826824636299,0.15412452699308324,0.3171799184365167,0.14268382520874673
1,1.390274423024686,0.09485010139495341,0.027801915723571113,0.1345786772566866,0.24532061224641658,0.19806415105153707
2,1.4582599616508733,0.10516413431655516,0.03585399275479887,0.04408940569438395,0.33880684218289153,0.08689334580339914
3,1.654854354871926,0.10733986751655261,0.0716595539181426,0.10758756626151077,0.3777544710860338,0.1273543731264897
1,1.0938802949550888,0.16144957695874784,0.029514979711411538,0.10638691214542795,0.4617501114980869,0.12187260874075344
2,0.7286513141511444,0.11926121743530817,0.03581315520551365,0.10009360804491348,0.3210918307052635,0.09549295090880797
3,0.9106629688042163,0.12002411565463118,0.04216336566925377,0.10562580912252846,0.48200588103065495,0.1687409997244464
1,0.5287425417991664,0.100931912831652,0.0445988949341197,0.10383051454968674,0.3827591179273255,0.11680041589947801
2,0.672472843980872,0.09382316221321041,0.0403909713003653,0.09648145714889798,0.32740843467659553,0.15950683590942474
3,1.6226749222683934,0.0719652041015968,0.10734003128188793,0.038898756343948244,0.6446395387304479,0.1535979865804596
1,1.3305478284800794,0.07742710777227592,0.11403694591504997,0.10489255610410159,0.45641907222472167,0.07081392213053672
2,0.9624966769795152,0.08824586088768452,0.10212443901954213,0.07503247502068658,0.2814053444635375,0.1461743506768961
3,1.7931453460640672,0.1353973830568843,0.0445567471459372,0.07337084871008595,0.5675853691086026,0.13239346511994632
1,1.5207661393307221,0.08179128343220615,0.03605636226070555,0.08908331424665855,0.28472675884931214,0.12068609542907426
2,1.2612819376553945,0.13957452286130123,0.029029464603075737,0.12393689307872349,0.3532198639971487,0.12359009433157393
3,1.0637973096591347,0.09278751878480518,0.039055439017498014,0.14272372360187527,0.3857857546567811,0.12580378714981766
1,1.775385568585784,0.11155904143479514,0.020368249544986033,0.06582637479912201,0.34205321553069934,0.14533335254654509
2,1.1707701394914753,0.10628901323056739,0.08633953517228915,0.12680822566437008,0.5851032352666928,0.07817377751952123
3,1.2164168004435727,0.07744580534978812,0.07501557483655005,0.079909580137599,0.638163937788512,0.12585997531519658
1,1.1134764879511272,0.14231725366897754,0.011743667596594433,0.129564815988414,0.4546837768104028,0.15858583676189328
2,1.2703680905642893,0.08028546779218416,0.033021895404706375,0.12677419458822245,0.4365870682436492,0.14034578702020634
3,1.384916945344465,0.13209263695164963,0.061233567779455475,0.08553589760868684,0.3239446465754604,0.17702586575503176
1,1.4337198681275591,0.0804652908686678,0.1001185242054895,0.06821424999915067,0.4591413505947357,0.10860221545756465
2,0.6221491667640062,0.08908078572792451,0.028449146300671756,0.09989841576565842,0.3451396911976181,0.14300916751669754
3,1.2249972052818288,0.1322857757097948,0.04610648188718103,0.11612492472771296,0.33016090287753463,0.11655211935174262
1,1.4254418673290474,0.1340052837600097,0.055116408847975445,0.15357820694072488,0.3239981416148795,0.12315108085708223
2,1.5004535495441462,0.14717089021010743,0.03648827880799837,0.10117813416623568,0.294273929339605,0.09764594514659777
3,1.2807292906296803,0.11615585497936498,0.08598545201934263,0.12971103019374938,0.5831990384336385,0.06640199366420177
1,0.9242313617017233,0.15669433635205504,0.03455559719877288,0.09981766623700428,0.5312821787091357,0.10975137195578184
2,0.36324125333205015,0.12968320204704706,0.021007483331894946,0.10969409600209422,0.32903698855081026,0.1449675914203922
3,0.8473283005341111,0.11265954556134467,0.03395253175662212,0.07544579386606817,0.4759013140556194,0.14740611196559475
1,1.8004329309602232,0.06377451768887091,0.043408704793094235,0.09497571842309022,0.3758660421262313,0.17255979670124288
2,0.7716719409893956,0.19771843157197064,0.030906226835450436,0.06077561613246292,0.40198849999654673,0.12497012487620535
3,1.9375219774531973,0.07499194021871874,0.0233480957942078,0.119641183238575,0.4587459325385821,0.1265751313049667
1,0.9649446099405632,0.12391913636029225,0.08366037095624337,0.08360290971844253,0.37755772595294657,0.14496714546683634
2,1.5222435515548278,0.14187637108645051,0.024059201663980973,0.08743348530625288,0.3192175486042762,0.1328369785954117
3,0.7046643825208179,0.13529723292570234,0.11871502334673739,0.07888597683143596,0.28537787497591416,0.07777930649707093
1,2.3813389775312865,0.12486546980695529,0.018393200033926797,0.10566375826261593,0.35431881366471063,0.12914859038186496
2,1.3698906036397442,0.10001930136346515,0.06614547255412198,0.11364179013658254,0.1820195993598005,0.11709790074639724
3,2.219349322880671,0.09447254017590277,0.05401313121971827,0.1022778274406565,0.29877223925250085,0.10970720217525551
1,1.5922291790392846,0.1373231754869747,0.07549642663380446,0.12930266859499787,0.23207384872045905,0.15091615801541425
2,1.0448158946074355,0.15534710384528588,0.013773121775497648,0.13793145095340772,0.2397753265750366,0.10037703010667566
3,0.9126678000607402,0.09469276692967105,0.061206825343369756,0.1408613087175224,0.2827730187223215,0.1503053553793938
1,1.072099848974399,0.10183243456556468,0.0395499856839385,0.11822512742775966,0.4155418365579333,0.13617268723770404
2,0.7809457073911019,0.1349760250405249,0.125273623526171,0.08219902523934577,0.17721921574330454,0.16249885774102912
3,2.1066290532474885,0.15742598651936382,0.06883893738776053,0.12945660985691892,0.3351819586242276,0.08518979461854714
1,1.063239770199346,0.11251997102412972,0.060997951593365726,0.09375111937552182,0.36168203757071515,0.14894817297784796
2,0.8484780580475164,0.07471755042629696,0.053163039785521546,0.14408068764400667,0.3587297429679901,0.10701650076035928
3,0.26085872009611144,0.12197081314165796,0.02565121694452522,0.10847258919224148,0.4172784672474241,0.14063565782903273
1,2.314521105654003,0.07888885060830643,0.05039912915182811,0.1561652633925544,0.6112672411428848,0.14695710340604826
2,1.5651391173283322,0.10144713379632588,0.07524748618965461,0.16639242657986852,0.4480538614075668,0.0913106902043364
3,1.425930469127599,0.1282624788849882,0.014040837750375564,0.09499156700115409,0.43366253482183686,0.14613283048622058
1,2.074762720458203,0.12402641514161003,0.08388555954587207,0.05543013110829147,0.3808488995015879,0.13134530990979504
2,1.0187751980974062,0.11343961999412695,0.038213366082316354,0.11698717070806218,0.44540476223747516,0.15295166152370018
3,1.2384770003390657,0.13515288384118698,0.03895533997413975,0.12898832107957414,0.3827499558776369,0.14635543792918324
1,1.3793276079814858,0.14301505614460003,0.024587025272500902,0.06349694349789317,0.2598800840897746,0.08017879782293572
2,0.24946918578950472,0.11354646737234411,0.08841933604004612,0.06528251808202654,0.4636568796105441,0.11031750838129926
3,1.2621000092905281,0.14477183780722191,0.07421484392897977,0.09718645034455548,0.5773179660187924,0.13409761894773128
1,1.0893442079491122,0.13642739952279534,0.09161489512502985,0.06568343763876869,0.16464038316969742,0.15766412999544527
2,1.634932080030662,0.10572728880634197,0.05458882749765574,0.12689699151730874,0.38859436417902143,0.1417730241171206
3,0.7065891527609646,0.09479829426083333,0.11943473118643731,0.1219419441157481,0.38303814326694124,0.12153126668571065
1,1.2151570462956636,0.11777615003989123,0.06715074553350853,0.09134084093094376,0.3476120208989297,0.0785510893816643
2,2.092055170795695,0.0863298009803287,0.056770105780350105,0.08669886690603178,0.36138027743699297,0.1443048624935179
3,0.6443852175514677,0.10160522650894793,0.04694139459832986,0.10994785586898613,0.18813564362070456,0.14312004363653189
1,1.2724235590789381,0.15306362355563777,0.08406858499895956,0.18871801694829637,0.613776913192777,0.07770089641082209
2,1.147694329684778,0.1445350668325974,0.014852256263966995,0.14903494175482163,0.5135926676140656,0.1526477539727313
3,1.3097839028427927,0.10186176713784169,0.14628938807639508,0.11531030653070636,0.4238156627660717,0.13279175701002324
1,1.5446495791760866,0.16683243978308387,0.061371489566598714,0.1122070278117247,0.5089380482156791,0.21057008347057182
2,1.8488090088747764,0.17714294368862907,0.06007409415200721,0.09273208596369507,0.36266520525565427,0.1345247619265096
3,0.5048237275598124,0.10311965003659901,0.06382816242668135,0.13106414825548257,0.4153896218153323,0.11333227424741918
1,1.8119909924364859,0.10814725809137685,0.03574238889236862,0.08537016303264965,0.27240619399981203,0.1036405250382291
2,1.012278319796875,0.08549598328993085,0.03308693336273336,0.07477323500539773,0.44243182013661253,0.1485600447419438
3,0.8739006536584065,0.1491471093335286,0.04094232187413023,0.05560917715435691,0.2874441894988934,0.08917948778433127
1,2.0418735279904157,0.10216101007589355,0.04457068354616488,0.1307310226738351,0.3084751735190427,0.1242404827346396
2,1.344150632637979,0.12004692404087257,0.01841697625185964,0.03573241294232761,0.5878897965348929,0.11657856609902947
3,1.3803942239318692,0.16286245855135031,0.045126338342843665,0.06805441377511494,0.29987773040241084,0.09117661443383208
1,1.1184779229765995,0.10910302704411637,0.0672585607887455,0.0869873374458546,0.3513492260043433,0.07791171330951455
2,0.45438217061149055,0.11522179912071354,0.05819273186773087,0.11735787586701904,0.27101092514061764,0.10016777012705069
3,0.8042696178419612,0.18988403708963578,0.022894110376713305,0.09366329367097556,0.24217666575123797,0.11610737562345311
1,1.3454653139103514,0.07779613946845762,0.060879125178716936,0.12084185101351258,0.2783886296342219,0.161904234156466
2,1.4074554382357147,0.06869371388448511,0.047131419126444626,0.1552613756936072,0.406065540547857,0.1895196928695223
3,0.6483111388611228,0.10345408610612832,0.06848706621728208,0.06667261675681332,0.34372030693384764,0.08572498754853886
1,0.46080937583821413,0.11988709708618742,0.08049155454148901,0.09438866322068991,0.4331571763339238,0.12406871273369383
2,1.168361680781531,0.0965726759618544,0.10631771440409973,0.09168601641974432,0.46361290747992423,0.12477986370903035
3,1.156792777661329,0.09137449612474392,0.09932463977269138,0.1430719844081489,0.2746705921213968,0.13589427185455508
1,0.606544506918411,0.099258885647314,0.01105035232529896,0.06868948876304076,0.4482336454002076,0.15699991594630786
2,1.6089137732295304,0.15647498537806595,0.041231312584108434,0.14244605928776483,0.41676314824514515,0.13875344052706548
3,2.136567726099242,0.14083915699879312,0.06511583395608556,0.12663871882678834,0.4227949440702735,0.0759242871963163
1,1.2883727343296996,0.10476305799002783,0.05318236132359527,0.07277094119067787,0.3353886986238017,0.1595044197943634
2,0.47225976752191257,0.10855527125076246,0.052303574229044615,0.10331740373469137,0.4798711323104001,0.06899182709834267
3,0.2735717938653104,0.1387208400217245,0.06301724909827784,0.10858395746648672,0.39029357342988463,0.231966014940153
1,1.305620740215605,0.1353203398470584,0.03028827575713077,0.07649156430767567,0.5431237584447809,0.09069198143918503
2,0.36779465758717644,0.1270716426694779,0.06953207841789784,0.11196284921141039,0.5348348985294239,0.10877217387872845
3,0.8163066156453879,0.13181661924822044,0.03068862522434886,0.17877709608296,0.4291819973509294,0.08922173714340895
1,1.664107791871,0.10731568177806845,0.03681416024219611,0.12671379009717962,0.5303859891306754,0.11971134343000225
2,1.1073624815148093,0.12737312387427288,0.07012896411868988,0.07622097499647067,0.4723119702141523,0.075658120994265
3,0.9503436087396475,0.10612498383525247,0.052520682369351646,0.12454438191046857,0.46731871604593034,0.15613459185314071
1,1.505183852315109,0.11309525462538456,0.08077524684188293,0.08525973056897501,0.3582650553192762,0.107965222686017
2,1.3765925452039895,0.1818107599157751,0.034396746544810654,0.1275150646062263,0.3019789225846872,0.15793370065643048
3,1.7432315144470818,0.1230052292391076,0.03739791777489254,0.0818860507069026,0.30966844325450515,0.10865481505162197
1,1.921696149143556,0.11032704391782366,0.10186241991977524,0.05994008674875412,0.22859484370954417,0.13834141118255214
2,1.4514265811846037,0.11266220216384694,0.022445122206842017,0.12965427098770724,0.34702061071447593,0.156298758964779
3,1.9002998391311283,0.11821610841814224,0.0908621803182668,0.10429364880477394,0.44170255284304755,0.12815461210747264
1,0.9238145987937869,0.1499063972038695,0.12081579242761183,0.08702261238230459,0.49301377965521304,0.09380944582055514
2,1.1712045926499617,0.08980146840693948,0.07721049383069613,0.09901169528953592,0.3002350858338218,0.160138860693064
3,0.4661283543848318,0.12988485667048402,0.0583441865410818,0.09202597615518668,0.4118086967113153,0.10459774752001676
1,1.1466333056440976,0.14122760774997334,0.06966946159532375,0.09204064933695102,0.5113483229453787,0.09227677420777715
2,0.833082300325733,0.11838983813148475,0.045078806215964974,0.15363403106870815,0.3229679860848646,0.19797149058758629
3,1.1195863738696306,0.12127693327286031,0.07375961153514851,0.048489943158119435,0.35866733995075184,0.08754438171617207
1,1.2151397514227544,0.08664520492555855,0.073893218918646,0.08740707268682077,0.43755574515327134,0.10809854265628696
2,1.5723726670275793,0.11763539205509474,0.046361502024075046,0.07499366028195066,0.2607761484274902,0.11242908395234068
3,0.9165629143790524,0.12476157672391831,0.028476438563062405,0.1673225987817964,0.28299795462162763,0.10200376603074478
1,1.1585399260816207,0.13088314537303,0.09696687655706233,0.1222124402277972,0.35996676469261424,0.1664422196888698
2,0.8263306205188503,0.12556175931871694,0.025471347484873175,0.06274160617159898,0.4637722333541938,0.11165933409480877
3,1.1860281270236352,0.13027504718128471,0.017989913391308433,0.09622744782197394,0.38486429426246455,0.10563106691425055
1,2.0778480186753012,0.1196922434643819,0.0323109046606903,0.10858841885744942,0.26686198903273406,0.12228544531614867
2,1.7299990208311746,0.07640994914130876,0.05033691319363368,0.16920284169010852,0.5420630106290174,0.11482423909105549
3,1.4108527277329477,0.09662513622639302,0.014002485280647823,0.05226585469432216,0.4920059476237342,0.1658460946631695
1,1.8824816086817622,0.11357460897031664,0.11075343623988537,0.10941059303875036,0.43275891525885457,0.12654874894919227
2,1.8238925783801547,0.13800267977200603,0.09797968003056881,0.053700736125634856,0.3269317750778919,0.11814622227855756
3,0.9257065151990752,0.09889631289654068,0.06519570035579517,0.06231754184463104,0.4434660198761998,0.09084714698935542
1,1.3389765562397131,0.1377444168322286,0.0625337196741232,0.1151771836534187,0.2722312918422159,0.14205087615797227
2,1.7970820890125005,0.09368681324975137,0.041599006776205594,0.1714167695839423,0.29834046563278444,0.1709893968383275
3,2.084720744298087,0.1387387805965331,0.07330455350345202,0.07461854986194696,0.28941959418708424,0.09475060072812619
1,1.6942673191956932,0.10721119658616124,0.05795888025007644,0.1594557500280761,0.5219368609835696,0.08708811214936932
2,2.0568260221117427,0.1247030268103219,0.021096013624238796,0.06372667719832856,0.34413838296985594,0.17039137891759273
3,1.2335711749789828,0.08996683164824737,0.09425460289308724,0.07718547556868388,0.4328808800917963,0.0926168691722941
1,1.7849481318834535,0.09015611975855495,0.12801432839295873,0.06967572895670335,0.25158874451347485,0.05090381135103815
2,1.5218307808977911,0.10482355416896302,0.04165625397405606,0.0934973585673062,0.1761836323295387,0.15347679929834243
3,0.9558329165941384,0.15534172223867515,0.021566054655763427,0.08053329431018319,0.3506808864700205,0.17627164121447123
1,0.8829576559305021,0.10331386010948944,0.08531548873206138,0.05356256446222804,0.343753559605825,0.10335665195698578
2,1.4656199899773736,0.13856345980266743,0.0806928758064224,0.09038429004475984,0.6125627130824,0.14715502682481899
3,1.1861934005776038,0.1081200123261055,0.043262677626737876,0.06350797121132605,0.44488079536308595,0.11359930131366065
1,1.5639716867614943,0.17047105797070816,0.04524374142243266,0.13689366565297692,0.39509633008932116,0.10257903666826612
2,1.1300455949828794,0.13926627330927588,0.06568262663555915,0.07336325679995258,0.33647621075394996,0.1609201151908272
3,1.0723949522387959,0.10296847113965117,0.021947879313944308,0.0487574479832088,0.30469902134497673,0.18310625397106411
1,0.7133146363859175,0.1549043961638746,0.0621702788986506,0.04738727160419417,0.3383331238481189,0.14520988917359634
2,1.2794932555426355,0.13960152647080665,0.10047498409413563,0.07976228572996982,0.276258565703351,0.13100386299285738
3,0.5828132165856401,0.11107516943754725,0.03239457193249837,0.09011661996265671,0.4178640221421923,0.1364778132005933
1,0.9287262681013752,0.16633851564888524,0.03750246102365657,0.09061922557335207,0.5259521580650494,0.1293829407343206
2,1.0677070534497015,0.1430324844245921,0.04917057813477298,0.10597115814149588,0.35826751496496567,0.07446731308773567
3,1.3419982765120353,0.1551775777651189,0.05813206841727702,0.12589008687717684,0.3504323530798996,0.12389266233546631
1,0.44580079466089473,0.09494936333288646,0.04311544747261965,0.06468766293969314,0.2923642214429148,0.08624974329845347
2,0.5280662858283869,0.15032307287129532,0.044713755783026374,0.11941919943836021,0.4067051197653936,0.10815451792650074
3,1.5742398159916866,0.09544739633567634,0.05960254541306796,0.07070563533009996,0.456229270875033,0.13784703715450636
1,1.1212093609381775,0.1393175879826673,0.04785654193122572,0.09235114868519764,0.5130290520829106,0.09182997658582118
2,0.9771768161160538,0.11376116305000626,0.053087481581328075,0.05685530158155958,0.42835334229332217,0.11842074898265055
3,0.8687316160028685,0.10568524088283021,0.04130490671916952,0.15438720497162803,0.5243890522141682,0.15221023601343545
1,1.0733619504171228,0.060565183759579075,0.0405056942705789,0.11180003939059013,0.3885191036504999,0.12985956732964468
2,1.6259940884963606,0.15574180528800108,0.03893697944158172,0.06442284780053534,0.3145675177083424,0.13353280440142049
3,0.9717605634041063,0.14375233853854547,0.031165340374183975,0.12705489344224774,0.5368438197764955,0.12947249912952633
1,1.1813439228464846,0.13874765782608603,0.04493807759708547,0.17535539357399388,0.46148860218054355,0.12168630100366071
2,1.903197258620156,0.10013880908993958,0.04709499019912791,0.17874159113343344,0.36826750723961776,0.13789081127392577
3,1.7236802001518072,0.11763559770907231,0.1365020637753222,0.047778209995159665,0.45899626070738625,0.09600986548406543
1,1.8830649081296191,0.13547006621323948,0.043061989613020234,0.04303893414413506,0.4707639111160966,0.155643122539454
2,1.751278004152951,0.07763794756295071,0.03996703666435917,0.0804517294609379,0.629072934792406,0.091947031684823
3,1.5294690184039677,0.1380552001689927,0.046570226445004914,0.06713258948821677,0.4125573958164189,0.11680183487247937
1,1.150057273251803,0.14312858489668284,0.07901382629632477,0.09453584017303752,0.36955077974868544,0.07200413906454214
2,1.4373085008635171,0.12022432023398968,0.02715617441486692,0.10899903734053032,0.33452219826036045,0.08932523723491308
3,1.8378204999007053,0.13756597593946998,0.1277566864697351,0.1079646808720109,0.3159992256468088,0.06636500289216724
1,1.2243499557646491,0.09703640671120142,0.01953346954443222,0.06057333199580471,0.2475162676894511,0.18278682671301075
2,0.6516176512033326,0.07749461980114243,0.020653930397067363,0.08460526143166339,0.398487420287338,0.1636794284242099
3,0.427958677154197,0.18442045442160138,0.10680149972949463,0.07566244258721162,0.41867120575512584,0.14389412242722877
1,1.2855670021299002,0.0663561404357218,0.04453292444598818,0.0870055519708841,0.475762372437166,0.15141553461094626
2,1.4163221989954977,0.09384900970332005,0.038924727445066136,0.15469109889082128,0.4055358408903383,0.09501068035982285
3,0.8444511846471037,0.08897236650828501,0.08298364206000797,0.07028524317242317,0.5544526951670106,0.06693733154367928
1,1.8556235819281937,0.12472284530664256,0.01738417160803134,0.09071482930271436,0.32618473365819656,0.12590542468618737
2,1.6064390188426427,0.07194332601987108,0.056108313228521126,0.05102790071044865,0.46049758498665183,0.10937994260021294
3,1.2789097514279586,0.14503947473592427,0.026260708115476688,0.08286616297726396,0.47586231910534327,0.1341550769874652
1,1.5006666398626407,0.1408951557033553,0.026291766885316318,0.08593628567278543,0.4425038404638027,0.09626551757913573
2,1.7224149828468105,0.14009538338783384,0.010492143367783167,0.12332044782135648,0.4343687310668011,0.10693136517697256
3,1.847653327120752,0.1467133301535138,0.04672406520421231,0.11718768793603188,0.48754208119580655,0.1470482357017245
1,1.753088475639208,0.1252274870958567,0.02869697059368324,0.1134296457125216,0.5374576311746512,0.13524419136407118
2,1.4732138324386919,0.10087934066039825,0.049515530443753765,0.07000185117336447,0.33643204387098435,0.1462439316066315
3,0.9841831260852544,0.061626723276643085,0.03232211094037872,0.09818307637717734,0.28240339230468825,0.1403857517128758
1,1.0740086141262268,0.14049971454202603,0.11556359016385298,0.06943074841455371,0.3570891053077594,0.1138556649725244
2,1.3697507808768221,0.10288611065727238,0.07199384317962151,0.06953730116532779,0.36848507157649596,0.12962647684544715
3,0.7473197411782012,0.13847099914738098,0.019966163533713773,0.09934141739612071,0.39536367041896037,0.17614660250672656
1,0.32696825087582326,0.13952307673387337,0.05185588089751227,0.03299395230804415,0.3827632936911586,0.1429646342543278
2,1.2641159884106181,0.17115907526002055,0.014765902804109658,0.1015100335295054,0.33805092554572375,0.11079292347885562
3,2.240173373439249,0.15774118678897864,0.07264586883757304,0.0801021577953751,0.4172943671587107,0.09962443283831124
1,1.5451955952351595,0.08288216000503576,0.047145284048968145,0.12262231298448495,0.3351734712130703,0.08200344146029956
2,0.9934176407530267,0.15484060191204183,0.061411778855094856,0.1491658209265151,0.37741965158215146,0.13621036156274813
3,0.8579551672042571,0.08435646750362905,0.04268831354523494,0.07796332879354331,0.5195224354863548,0.11512889374407723
1,0.6128776917695269,0.14122618826175468,0.045817684806909856,0.0762855881362664,0.3423016571533219,0.14458070767289802
2,1.1085094440904042,0.09627584206385979,0.06240856767296557,0.11877088130027122,0.4641528826979082,0.12616151959910407
3,0.8144409270192383,0.1370537398671344,0.0586137215308134,0.1223256344632999,0.38897659992972555,0.14823270787417697
1,0.8084373737220416,0.07094268573090082,0.04501187064459117,0.13098598232760017,0.4340423406470885,0.09081560386860918
2,1.2139629902233813,0.12714849011624277,0.013157051279404842,0.13386242683038507,0.49740492045185164,0.1733097897408078
3,0.5795657550596136,0.1123102157429754,0.10056819255005824,0.11576730890712536,0.3346679765837557,0.1646293477029533
1,0.9024421134016375,0.16691417048468551,0.1132128040282782,0.13181519504785483,0.3229387531056251,0.09911302219526164
2,1.8112976166389942,0.11859203068277069,0.056474366005682224,0.07411588356646803,0.30198032682592757,0.08974788816241273
3,0.9497702735884064,0.0966318227351202,0.04499123604062741,0.1203836192547619,0.5281935397692958,0.16765496192845242
1,1.8603490388099497,0.08668112222939314,0.01785296055766147,0.09506777731305938,0.3977252887526636,0.07374203441630973
2,1.2703220450381763,0.1392619533910414,0.053100465934081305,0.10142606473366722,0.36313442626852926,0.1903812086516189
3,0.7846049548090966,0.11011856678383435,0.05065230200330181,0.16380970048237634,0.3768662115122201,0.11496296191078728
1,1.9145172205456853,0.10915657515726265,0.039630295567240695,0.1342902191585088,0.3447618312056342,0.15460653122035273
2,1.4312670924028952,0.12564112143419406,0.07079110217677897,0.0958080846101515,0.5172199267647607,0.10595746918547075
3,1.7396900419267665,0.14448287081893443,0.030776051928044626,0.12638580379780767,0.5587678112143287,0.13276068217673964
1,0.9077751949776087,0.13990348969574157,0.02237163802325502,0.141472019207042,0.278734658306552,0.1195136680158086
2,0.8228763237094481,0.1359165163333851,0.04309757860246336,0.10951465045365236,0.4431983076398185,0.13258629041072006
3,0.9949215967062999,0.18693487636060202,0.06946512126076565,0.08499739490976511,0.44543607492631526,0.09919698314076264
1,1.3713185384725284,0.11649594420244413,0.02541404073334351,0.04731436261995173,0.4035133079800419,0.16141558605854006
2,1.016612550016055,0.0940863391495626,0.056664695021992964,0.05831508503116986,0.2945717448306649,0.16994262479699368
3,0.6422712128856666,0.08216562921008352,0.0669467597454778,0.11655310165657441,0.3014586206753911,0.0947185273251489
1,0.4519168548663839,0.09367472552029094,0.10377854839102324,0.16763054127520655,0.3886590811347856,0.17239082390229002
2,0.5735681017993713,0.10785363939881425,0.02006153096218065,0.11045642844320988,0.48099470341868455,0.14627598923041513
3,1.9779910675129049,0.07842137151163156,0.04516585858997145,0.03420854106410673,0.4359699453024876,0.08925610001748081
1,1.5156338412433255,0.09015659483065158,0.05749152479702859,0.12037607436181931,0.45161421155384773,0.15665353658144487
2,0.740740436684891,0.1462440083950259,0.099326541934701,0.14556894729109418,0.4258912882391506,0.14954019038759073
3,1.2893803862793973,0.13992166427633929,0.010721852565294392,0.08217457904182622,0.3321655633935936,0.16560716811553697
1,1.804841801973468,0.12885760723987583,0.06169157771805761,0.03817198611108281,0.5004600836821798,0.12876925691440835
2,1.7271151307196297,0.16183100539990786,0.03393218023714333,0.15018519655260468,0.3699380238135313,0.07465821944015884
3,1.5909312430465847,0.07493429884702921,0.0415083187607623,0.08312131042752914,0.23152592070595243,0.08263978891213594
1,0.8825591752619276,0.09793874007804731,0.09280541687045304,0.07427015579139558,0.38997573013892395,0.1505823210233765
2,2.3736317749729032,0.09331779348318502,0.06688587147534399,0.07984108581158914,0.5079183738142581,0.0842024996839263
3,1.451409561918762,0.11580289770439116,0.08038203271742422,0.09761092048151862,0.5420210394749335,0.07307798096571687
1,2.0073353609819744,0.11454185667955635,0.024140509144059928,0.12528860568653652,0.47441335737438317,0.14855640722793936
2,0.5400162753081503,0.06359468698136736,0.018972602185480105,0.03650594095461003,0.3352622540232886,0.15781425871866603
3,1.624457886838374,0.16835062461049832,0.09042432569527531,0.12599941284740018,0.46533050397734227,0.1481002848633515
1,1.702895569703054,0.13567368755662274,0.031326048682196544,0.09870566766564069,0.44083596427348865,0.17846920713296377
2,1.0238362418188696,0.08901467556784556,0.1251064886818826,0.13618104883141413,0.32697822257462233,0.10638112580041237
3,1.4265280758405017,0.1648398521579606,0.07475066804641183,0.14229913045585538,0.4440520883053762,0.09416231018344488
1,1.7557606236507641,0.12040258665417727,0.05708213998122218,0.060835867822353035,0.21087592210320136,0.15034290725805116
2,0.2365085227581315,0.16660144770958418,0.07476194860146723,0.10429875878363527,0.5026378467437129,0.11762665496548075
3,1.5110442616698372,0.10505946630380539,0.011185142752915968,0.047473765040313455,0.32263514262017823,0.14082154485757112
1,1.268780675365428,0.16219155132506075,0.0422756767435739,0.1106865904865557,0.5105802744092071,0.11937037357439581
2,1.1243355793425414,0.1516981723363655,0.04828234748331697,0.1337780524544098,0.28070596771393636,0.12565703441436166
3,0.7546324957486783,0.12647486791012616,0.05522523157331807,0.1099252748581569,0.33664675586430354,0.0860575481229999
1,1.4558568103945964,0.13838017270113334,0.021990574843523195,0.07524703408682165,0.37253642930305236,0.11096041772572439
2,1.4754617180034664,0.08236322885894665,0.054357442647133235,0.11545215331478918,0.39623304447576174,0.09285712412774111
3,0.6154112826952025,0.11996731729137984,0.0794574381037487,0.1493572352819681,0.4842416040203521,0.09946888749796716
1,1.26030775614273,0.13455177877556795,0.02295044565477383,0.0675595247525698,0.4661027927711279,0.1253707694910549
2,1.010988942827226,0.11637493294696168,0.09913078965208623,0.10836068006057076,0.46921683150849297,0.08246304246454436
3,1.0215538697240243,0.1155947240044946,0.04380677778650497,0.08214586507759752,0.28750456708936684,0.08305985142674396
1,0.8241651225720393,0.12920963754319623,0.042338336326914965,0.1232869655110702,0.3076551452925019,0.15403594540430127
2,1.0953431648723986,0.1143840688682584,0.05947110784815412,0.10001951805268645,0.2981628534097759,0.12524734604903628
3,0.292551756087998,0.1216215000884757,0.04081136212165655,0.08780200971132238,0.3377527207020535,0.14200208162268507
1,1.85800789067717,0.13900752722965162,0.05735225405856337,0.05666700936835874,0.40913061348283636,0.09355635165538528
2,1.718414283362397,0.13536316370002932,0.031235270668797974,0.07391387730774204,0.4352039212161694,0.11216655063005547
3,1.9523094469790525,0.1178911172842411,0.04836201046991293,0.09204081025027042,0.4964112763200585,0.10179518509449481
1,1.5181782855793953,0.1397203799892774,0.023860247330101805,0.15656845013435897,0.35879871079666814,0.15345558990311078
2,1.1896634992258663,0.10722533918580608,0.04357364443317421,0.08723157732836603,0.4068781155479805,0.17460102664861965
3,1.2966682155261302,0.08696209108779818,0.08119880984843872,0.08153529860743959,0.4077910698975389,0.11792915893553915
1,1.1124216701108156,0.12706988486686882,0.0966655041599395,0.10121538886753938,0.3587216739855772,0.1105255870931959
2,1.4763154612999143,0.11901757870307629,0.016112229746535263,0.11502655282601783,0.31894774658967995,0.08336502291399353
3,1.333268327371987,0.09052993506436374,0.01639111850159133,0.11380743264522024,0.4291102874753656,0.12911768924866404
1,1.4935664046640245,0.09274668408079895,0.09511392141145637,0.13836005005069538,0.3837532652859186,0.1700760530754136
2,1.2259296011246288,0.1025126455230841,0.04284954190466189,0.0933713935802137,0.46437145697513105,0.10209080167455642
3,1.3044350924194328,0.11136346316641596,0.04588611911881073,0.07451860394294277,0.2645813819250815,0.13451418155455025
1,0.9260404540550365,0.06288910223648148,0.06202828628212799,0.050732115195145366,0.40181046685384025,0.1341160335308728
2,2.1739265801609156,0.1303089404537539,0.05655688099804993,0.18047738034208488,0.35704084267243363,0.10468802184542274
3,1.4205231357451975,0.06328195037816815,0.040599286405881355,0.10002428187731044,0.3813587290427398,0.13934576859143852
1,1.5295386063013838,0.13732312571690955,0.032849930719968744,0.05482432083205822,0.39871554639070445,0.08544302821180698
2,1.610632493540755,0.10357382151933572,0.039013545965561544,0.07413321417526544,0.25830026116994637,0.09760253809731173
3,1.3363057307659671,0.12206957427037782,0.016812761714400767,0.07562054218947392,0.45997880275803393,0.17209269700535165
1,1.4934734279423376,0.10519140121664561,0.04117677243399811,0.11856131897017852,0.6522261777274809,0.1239546819334569
2,1.824834877484556,0.12570758086027226,0.028063122024873086,0.07986826904076186,0.3041747955535157,0.1252460888459317
3,1.2099107086758132,0.1502051152190053,0.012344939979371312,0.09073619517069603,0.37519799019876476,0.11317479558732257
1,1.445610233903827,0.0839821305289429,0.07666766408279299,0.1362033591220706,0.38325380409871157,0.15078229678253757
2,1.8386303692287063,0.1252797510567411,0.05669996036033152,0.07885273275082151,0.391779165508308,0.07681711278265958
3,1.0334775666992362,0.08547809832024778,0.05484198760637718,0.1245063398154795,0.502686417088132,0.1283522519400247
1,1.0754833545971245,0.0990909685443852,0.025246303394107168,0.08764414115400151,0.5010754954847823,0.1357517076046289
2,1.1233206764226684,0.14945277171657628,0.09333480553960583,0.13730630136803812,0.3107321080030056,0.11030010052176675
3,1.8634219013795124,0.13287417995372713,0.01786913022806503,0.12548007799898786,0.3466062991005827,0.13208482020400525
1,2.444310585811378,0.0891917874264774,0.0455467895481253,0.14486368078212855,0.19480372881179442,0.17089663641661867
2,1.5870264032641461,0.141693891077724,0.03553873472765812,0.11073594316293231,0.5768105427244432,0.15215006877418435
3,1.6750392673507328,0.14741045260424915,0.07295409799264335,0.06850668077427408,0.47710754949857087,0.08880046225064847
1,0.37866411033110425,0.11492300295322612,0.0339344323128265,0.03428026040820967,0.26551764959442004,0.13506502837360784
2,1.429286575680286,0.12208221141181014,0.01826642727922154,0.14516464942309004,0.6046525004672059,0.17996040859341716
3,0.521403771762964,0.13312505683591266,0.038638660951733156,0.08928188658759591,0.26606292435183676,0.15212461978359731
1,1.8520351824439865,0.2005290551899011,0.032302862488986575,0.13955960293548486,0.37125176318467257,0.15374711226782745
2,0.7154949099614385,0.15215614914105619,0.05085463248218369,0.1886218844614808,0.26707831230945733,0.11851134367764643
3,1.926306614215947,0.1325875973754137,0.047214428451751146,0.0874253076528316,0.5298564519473635,0.11846234391527256
1,1.2215554372024822,0.14445630315814684,0.03612362432241097,0.09971988582661764,0.39362934144307515,0.1362727074317101
2,1.7928560249390484,0.10299998592244752,0.03225468896528629,0.13263742742608736,0.35630264178591403,0.17974030045758985
3,2.2484804311636433,0.09226656674290748,0.06651719743019016,0.11147905680650075,0.31039514615720876,0.153321659891906
1,0.2681641854126018,0.060660125728856,0.06578629958803707,0.07975232762681388,0.5093529291150647,0.18454293789160936
2,1.0484484575950455,0.15793540351547558,0.013560348234374277,0.04939486428537314,0.18292360442166544,0.10807971079481081
3,1.2269132810552297,0.11642237877469634,0.029018944627392965,0.13294924553118415,0.3658230189692946,0.1268685801198468
1,0.6265201204257017,0.09004980883607717,0.03775758794158001,0.12071445649653116,0.32512304453168656,0.10899795937713982
2,0.7185611458707671,0.0881646805053769,0.0787080071130517,0.09837868380284115,0.43016738741957505,0.10395191899801424
3,1.0824500810538056,0.11088571465342517,0.028454717068531095,0.0918619583308686,0.5812680466447729,0.15159755142749343
1,1.450033664965947,0.09324531541199116,0.023899358309609854,0.08111428868917891,0.34055624304937265,0.12497463742555388
2,0.5759333987116203,0.06895963749760747,0.04244435339158686,0.09015806440941035,0.5977971260127821,0.11640871611933729
3,0.6698503900433735,0.14685689393269233,0.07806682820721408,0.11177927063847524,0.49694965064778746,0.18531233228029065
1,0.9314915681495415,0.09869048382746924,0.0223330936026136,0.14484005547853385,0.5309080314078999,0.12306260112566002
2,0.8414887764991346,0.11261580470746674,0.049679058791087714,0.12476839939928133,0.5437222038913161,0.12586778540904273
3,1.139274160270513,0.08919508502172768,0.047453239336711354,0.09365612580769767,0.37804175804813556,0.1449018280041517
1,1.04500035314702,0.13403159693897118,0.06311447308985889,0.1318515834946498,0.37389901112822693,0.14403944260087528
2,0.8026503033097845,0.10275388645215174,0.03702708761353602,0.15588529440080756,0.4174494525426939,0.1415917931920795
3,1.4880310387517308,0.13680448865238565,0.020829606541362452,0.08881947473836507,0.40039091216111317,0.14997247080377968
1,1.5064725113927793,0.10005096667169183,0.05522183294433302,0.14677662177082135,0.34343425333123895,0.09953530298624619
2,0.647175320766271,0.13070327241959284,0.051667266794243494,0.06087509149402589,0.385076093111643,0.12877957997766873
3,2.307163033342568,0.15281514600999904,0.04233425184612171,0.12305012190950138,0.33967120665249895,0.15503932652193084
1,1.4696594421398148,0.1094839729568234,0.015281183318562534,0.07240461073237495,0.3772938937399493,0.17545379330950875
2,0.33061150630418346,0.0948006699738751,0.060753287100268366,0.08103828446935149,0.27723193106517063,0.11912684598602764
3,2.0935444632913853,0.119769390674421,0.08348346336352436,0.09401184178234823,0.2987803469628003,0.1648110634290674
1,1.943849518852222,0.12637680155501094,0.052038724080904056,0.07966412429980663,0.2304719876762773,0.061361917624181
2,0.4979938270440608,0.1128692716451708,0.02817983514772622,0.09252739104444695,0.46731481662233954,0.08021342751841337
3,2.117394545388872,0.11009673687629914,0.054192405867412065,0.11664871917686391,0.24962520674115055,0.13615413570593188
1,1.1613816396072967,0.11804162534221156,0.0306400440861454,0.04463689599670005,0.5096131429039722,0.10833840725012682
2,0.5050542619679896,0.09933782137926343,0.0666356589745762,0.1219610761963905,0.4150547756799142,0.14639428493879514
3,0.7490979104035062,0.0966015521771958,0.05747472822996749,0.0745133495832704,0.3380817773426703,0.12459781214042234
1,1.3938803205148822,0.12061609894367725,0.05650123113679839,0.09731735384572794,0.32803685049280107,0.05936157512468242
2,1.913057538175853,0.10158083691297123,0.113320695383557,0.1192088943749692,0.38017065555341145,0.08583864113874722
3,0.9116727522864778,0.13912157130115094,0.03449641629926616,0.16199967453592037,0.4477862352065129,0.09246560121616043
1,1.3790365427998843,0.1129386244536803,0.048984454629978226,0.0924492970434605,0.2878429123003794,0.16763147628122776
2,0.3247232389401943,0.09019425818309981,0.01811549901133432,0.0531734946812677,0.5100274692525414,0.1279351533117704
3,1.443161170441354,0.0957030950061982,0.043446662289031386,0.07107531444675237,0.36348195435650255,0.1434803485283801
1,0.9162884494048412,0.16240201790418518,0.06264869096238211,0.05303449620129799,0.44466384316613916,0.13095485469703183
2,0.6876295384449138,0.104323291442505,0.05382552203003909,0.058044315985530816,0.5458394381589703,0.08825005499719141
3,0.617554661645521,0.12072671141510907,0.05616398824658786,0.09333211678127622,0.5312191706121769,0.09547835168960887
1,1.4240050321852724,0.10087768153846385,0.059578709982704856,0.12300229989537464,0.45484007917743424,0.11891477219111264
2,1.6098733155980798,0.11123717205277317,0.01426707914815429,0.14824690534317425,0.2548148924197609,0.12643112078589022
3,0.9700145062731466,0.10270704637959191,0.11477102132892184,0.10208470091310527,0.48663714446364303,0.09978818778989199
1,0.98994948483644,0.06368731832348756,0.05706784687158203,0.07201306153058394,0.22542154419973626,0.09752964921860141
2,1.5844047975190494,0.1021319895255692,0.054413154897370135,0.1161335230564394,0.2226882323649961,0.11339987605876531
3,1.6957601157963094,0.11335801747505002,0.024750056223842933,0.08954313965065751,0.41445680430676607,0.06644120624624247
1,0.6116359358111493,0.1343201621039181,0.025179431481248214,0.09056808451795641,0.4387440277517469,0.11285406817676416
2,1.5696055627862726,0.10871614589735346,0.03590539474731499,0.07718936197863595,0.41106083627942513,0.09666183161934028
3,0.6330561442353075,0.11133770432848364,0.044064965837672915,0.08635469431051877,0.485025576223216,0.12482578768720781
1,1.7745863845916874,0.10548538879090275,0.03695740438422093,0.16859303776398948,0.48503436160383473,0.1747954493935873
2,0.8428759618925001,0.12782764346360498,0.012245471439443704,0.07211881110554255,0.4676402020016028,0.12849822284923626
3,0.8641867915629436,0.08832180848003075,0.014087791112244563,0.0699353153000991,0.29077641653399433,0.14103932391359597
1,1.589302755648742,0.11551546982373098,0.07841405323803988,0.07619776161350122,0.3291927330240779,0.0869277053730583
2,1.317365349232376,0.12071887879731132,0.07495721185017708,0.04774969318193549,0.4033729382607854,0.11593999573626468
3,0.22373092291383712,0.12743299686284962,0.03934925452713741,0.1481318896916048,0.4720265626323087,0.11237167868893143
1,0.39225456435470685,0.11104510183477267,0.07521604648394495,0.057712985615144104,0.2641353980926485,0.10615122364009995
2,1.3228749735824883,0.09934311897727502,0.017456468213948813,0.08289117776884569,0.372629248840024,0.11239238380995799
3,1.2005659233309605,0.0785804388464775,0.06314695338454629,0.09144133039248992,0.31612096207072715,0.12136153799282016
1,0.9948839584537074,0.12950752424718004,0.05078931724366218,0.1450386517219795,0.34294475202804015,0.1058247319417375
2,1.345419799873098,0.14865872033183403,0.0926544886751361,0.16725911877207447,0.1929429416474133,0.15430112101801643
3,0.24046402715582893,0.15866932894392866,0.04519651406367555,0.08722553846795664,0.2955938227060882,0.1470460119070014
1,0.5055843271488705,0.10579852046712016,0.023797623876769206,0.04802465631098153,0.4327690969372546,0.21109671649160977
2,0.9200992990322355,0.1107787877535468,0.03659437949076674,0.11247804957947895,0.3887932416042766,0.13969596130155856
3,1.1007399344207682,0.10083223980221581,0.01991370865443492,0.03440608701498685,0.29470389451317086,0.16027895946269774
1,2.2565068118779488,0.06751583720896008,0.08383038738535628,0.1338039452388978,0.33221619808423175,0.07962352160565336
2,2.0559571436679542,0.10302005389335223,0.07192062356831061,0.11028720182024519,0.35993594264685225,0.14743941918917974
3,1.2975378547827894,0.15886675468641942,0.04478923016311909,0.15567080722971857,0.5075150292566972,0.14581610237123308
1,1.8344836788464278,0.15417662446784602,0.03507815056877622,0.1552304288734134,0.447819688639137,0.17606997826693108
2,0.9156817070026084,0.11639656881470072,0.12273062871670529,0.08165181065113278,0.36490119070053506,0.13914851408634465
3,0.18484808901465133,0.11736704075574542,0.02406405727176571,0.04268003361193626,0.2352597365501251,0.12429368419148319
1,1.3174048841483643,0.15901081326374455,0.011164997808648179,0.14773915140703467,0.3580608877745937,0.09908913481504622
2,1.128400507188265,0.1125441631174645,0.05618193030982801,0.08599174541252476,0.5431361136673825,0.09739022292070254
3,1.5875988756594284,0.1373731797378644,0.09524653732589132,0.09389629117035186,0.402895021715888,0.14259986762175836
1,1.522268053933133,0.13099719380802277,0.018191841583558965,0.09714346162954339,0.3469416956793409,0.11958513585719736
2,1.0880780459978139,0.07617929924729044,0.07439075277402757,0.07438466843421004,0.5960933958719575,0.1746013401193104
3,1.3230677779486306,0.1501165638169109,0.0368988757078651,0.0823098295001605,0.3584443949386689,0.19791563769444165
1,0.730383751483578,0.12340085084521302,0.04162814620425397,0.11182069710678963,0.29873274298981745,0.1203189217881716
2,1.2129196737043106,0.0922265736411326,0.03640445141150244,0.11194145196699262,0.40982936447471463,0.07131543847929833
3,0.5648236295271276,0.0913098265478959,0.054998334749459775,0.05807278285275005,0.336242466935217,0.10561127286435283
1,1.27860577095625,0.14112132926235404,0.0802263895158665,0.06621602081534769,0.3486272388612334,0.18385382066860748
2,1.1486121549150559,0.14295551735690884,0.04872594487826201,0.04929010824682071,0.4202257392081767,0.14552526216706932
3,1.527314237663281,0.08208049030203753,0.013628033695429767,0.1251704565121903,0.5989721511534207,0.1297230894659809
1,0.9532587359456629,0.1339747415242875,0.07174302405086448,0.1295922967001534,0.3832461077996516,0.11451817865826588
2,0.992659672197421,0.13749918223463167,0.06016375582513846,0.10513104601749299,0.3839325721217305,0.11659254691958999
3,1.168364997788919,0.12359805816937762,0.05620455772249616,0.0947704229961297,0.3543636187945323,0.17805503813532822
1,0.9894563551202662,0.0978672887529743,0.04078453366987482,0.06048339763069551,0.37982576467606394,0.1645207147834961
2,1.4265191956803467,0.10257944419703935,0.04910249646913112,0.12220707077360285,0.3830136596746334,0.13155880901323747
3,0.38604440372078397,0.12700579273955828,0.11142575598349364,0.11175641791552145,0.38433790606012475,0.1360696002355098
1,1.285525812237657,0.16597919543463596,0.023283906582884487,0.11182655438606953,0.3507474431035661,0.10822956692195387
2,0.9930276017416825,0.14439814653904626,0.05915327652855752,0.06944964134333068,0.5672293437578593,0.10859028900536158
3,1.1695057234270148,0.11393301624691106,0.056080044310806716,0.053375409630479896,0.30027092292547053,0.15518419435516317
1,1.5544555174213728,0.09796413091320749,0.08018883070145916,0.08038807402072518,0.3285513445938473,0.1478922183516812
2,1.0707076694381552,0.14818630203651095,0.033134649155859466,0.13851282823853814,0.2857237275240915,0.18906808887802523
3,0.9009724992118311,0.12913310492509522,0.06683912086801148,0.11450935583283373,0.4959877528053729,0.11041171894051204
1,0.9820109326426946,0.10975838031470456,0.055333087844844794,0.10740937789107122,0.2920208841438632,0.09068003687069402
2,0.7159875675199454,0.1142066688511778,0.027461364074461234,0.10371238753775865,0.47018155343982504,0.14272398366673647
3,1.259018947256421,0.15477144735046522,0.03520669346290403,0.0898981446727654,0.23010161913823454,0.1840004596157157
1,0.8466034927511557,0.11743543538839198,0.03202377659512375,0.10939297186833047,0.3563737182938435,0.12687685633946966
2,1.5396125578106852,0.10058966566106597,0.042628447302253146,0.08393754806116133,0.2744090532843154,0.1765924095992132
3,1.0303378360704607,0.09950862164441504,0.04678715143415908,0.11127669863526592,0.3549041058290838,0.13770911538757877
1,0.4192142909545463,0.10613788005849425,0.04798879138997261,0.11624055077449674,0.5384122795625177,0.16002263352089316
2,2.428987149227755,0.12371712439725414,0.055417228427571914,0.13441863417806726,0.5586709490998785,0.13980669609111712
3,1.6913208172001815,0.15408655693246556,0.03781112519417652,0.06402960206056994,0.34094287744733814,0.1529003539830393
1,0.3553874611234029,0.08255077320589167,0.02412092844106104,0.08837002668337929,0.4550451386349501,0.14752563574811814
2,1.0395274885400807,0.08408342428590503,0.05757495542260901,0.09917021473237429,0.3702921385568623,0.09047929971580801
3,1.6298612130715164,0.11582076204913332,0.08185675897517328,0.05833852811795778,0.3669262173663741,0.10443469788970314
1,1.2239564748753078,0.10118495737563295,0.07907293469640778,0.1494675211269541,0.5314808975029846,0.16983159569068906
2,1.4309183354278563,0.080359381979172,0.06988039770950065,0.10377715180939509,0.17724810669034358,0.09105467812283088
3,0.2475366769801588,0.10559482377363584,0.028400897984639083,0.10676247046444516,0.3636376743012819,0.06206704312425401
1,1.129634585867927,0.12373002179408416,0.049726636819741855,0.10468764496037779,0.5297287697113617,0.059846570361989954
2,1.8280047315888013,0.15029210276567567,0.06335813848288104,0.11608805027665056,0.4489478164425813,0.1402885286425781
3,0.7578765048199941,0.1677065205338764,0.11000477842400441,0.035961549254879904,0.2994529149318936,0.12086385725967633
1,1.267157943089086,0.1297678680353546,0.060683923983801936,0.12814928127690625,0.428575990157781,0.10332290818918474
2,1.8174653063043436,0.08348052679317898,0.0598008868039979,0.08115018214296658,0.33281309527737957,0.15015509361914567
3,1.6114657960863112,0.08963884894050853,0.04463465864532693,0.09683770004182922,0.3883706474179144,0.11202565769070533
1,0.8264126969492186,0.09112282840431074,0.0222309053297229,0.11642831025364177,0.3298984251220085,0.12008890081437867
2,1.40271773461905,0.1508473375731238,0.03792809788730992,0.12175947515942238,0.4434474422082417,0.08700678030908031
3,0.6411006156207842,0.06341381625586112,0.01646857588170636,0.1704090264310028,0.37684591598911416,0.16330308754080933
1,1.0139483597849084,0.11942844623273136,0.052312951932938,0.09291810740139751,0.5651474055205038,0.19856249169942508
2,1.4925281634125498,0.16878290600127335,0.057291778251901786,0.12461302127278127,0.4284939305943876,0.1310925992010871
3,1.6345101155285742,0.10548478227972934,0.011681533245241522,0.10322635538631449,0.26405621506707766,0.08657830741068585
1,1.1462453022317602,0.11020875632947906,0.08865176405332315,0.1065686751243848,0.5329682556910386,0.10755242258250083
2,1.2295539270491131,0.13566732660135433,0.05925410247398022,0.1523962351163533,0.3242156272883635,0.1242381185986597
3,0.5802667006989459,0.06227956144294416,0.05538349780997841,0.11266903632474243,0.32728305692137805,0.15578401331934788
1,1.3701552100885872,0.12358697668090238,0.05536129911717152,0.08434215010275452,0.3809425348776727,0.11517895135293332
2,0.8517606321939416,0.12358103254572632,0.11424966702928292,0.08114878472423459,0.3129760992245265,0.12677906457462187
3,1.9602911070497866,0.08427403023237032,0.054960130309665886,0.12684147043279953,0.33635654526170083,0.09408679261924602
1,0.8418905554179331,0.13891114571992888,0.02546425721296983,0.16354985490547308,0.46602399969654257,0.058739398977944335
2,0.6374667790309976,0.1290987860887106,0.05701943905306564,0.16570372285825097,0.2491369721607893,0.1368025414148248
3,1.3528243081394564,0.1872736508397565,0.01147143753895289,0.1055521457047039,0.36798223903607163,0.13707895720922111
1,1.054636906857099,0.09988810585297526,0.0510151278741497,0.10146866726174443,0.31850474930837236,0.1338299355040388
2,0.7985263457405735,0.14937603454405454,0.022731054590550595,0.05457282759814976,0.3289746353376221,0.10720198848111478
3,1.5456384859875703,0.1033808291979116,0.08621597362466858,0.11963381829940108,0.3326432593573656,0.10956611954650669
1,1.101679147150802,0.10380127279851148,0.07279626835111302,0.09841018483918224,0.432643327335796,0.12843345142946055
2,1.8884346161562768,0.10810293722174229,0.0292813758961144,0.07246410420765084,0.3725775993881354,0.121038451565346
3,0.8765101590558436,0.07536879354896403,0.018379140683242725,0.12785163210804967,0.4090674239734693,0.11429354943176626
1,1.1279150220757983,0.11127454176146422,0.02402837303824124,0.07034303711761611,0.3945929944525866,0.11194721818968958
2,0.43743031636345187,0.14412913528209942,0.037953532967778446,0.06639202393720503,0.4626222871501561,0.14134759772976135
3,1.0654691410219606,0.10772013407949386,0.02806829330561051,0.08228931529016181,0.40404541591142257,0.11725295487277256
1,0.6596523539471887,0.11513573461179684,0.05055941193239801,0.12129357635509941,0.5409071074968261,0.08583152234191758
2,2.0187105291152374,0.15886765217392085,0.09635236427760718,0.10487955798736562,0.44317628258425307,0.10431262821660198
3,1.4851811969846693,0.12083802506953245,0.06372585906810414,0.15922202103624278,0.5166679052512455,0.10513546060536097
1,0.8654160348927333,0.1420389789116477,0.04427168049167984,0.08311942646069688,0.5767832874626108,0.10868664693132789
2,1.3307007238783752,0.0694124099617352,0.01386208079406296,0.1173826603108188,0.3279912629424069,0.10165330417837531
3,1.9105100539411302,0.1561048552198894,0.03519861314424639,0.14744187105590473,0.4209606786742297,0.17724987387206806
1,1.4289242628816388,0.1080285677051435,0.04544154863937025,0.07289142700368541,0.5923274381180379,0.12432829562072421
2,0.5853072604419574,0.1340232544880975,0.07593952350928129,0.14193002781994635,0.45627254186544486,0.14108774042032896
3,2.016311622623931,0.17626336307663296,0.08340125443575978,0.09571438139120683,0.4532338711136994,0.1232610933051731
1,1.6642540464803022,0.15052504086285767,0.02849098440077945,0.13072455899463287,0.44159437960511916,0.17193572687708625
2,1.2503520596180207,0.09628353635624028,0.05727936906269642,0.055076629087480976,0.29934859884932846,0.12662636455814139
3,0.5876600356619688,0.13472977214678614,0.08136595738390401,0.11317918503761101,0.4434353413041846,0.08224958826276524
1,0.8121141029291695,0.10250567165995951,0.05645219419798909,0.10383283731906491,0.45065699669382075,0.13979501170063285
2,1.4752288792828836,0.12824877668384116,0.03388557143192915,0.09078884224487639,0.40042922153864313,0.14611845793904762
3,0.8922510264841419,0.11087390382117487,0.03999312068118174,0.07626785559730856,0.2600820199852989,0.153875833358957
1,0.699804910974342,0.08171866224941218,0.029272616511192538,0.1485365071877518,0.2578494993198408,0.10395192827801444
2,1.9351115446866398,0.06859405485685222,0.07574972030190136,0.12367793101202733,0.2893684646366592,0.15289005937151545
3,0.7987295469864025,0.09979424800790956,0.06146564879130215,0.09688835291430936,0.5605208282642248,0.15067665779620334
1,1.7573665479480476,0.09240031622560868,0.014702549992950415,0.0819847871917393,0.45331245318849805,0.09018035041366752
2,0.17281661988966812,0.13388092148661,0.028013541545829253,0.1153359779205355,0.4231369903437343,0.06598843423961127
3,1.2177320152715565,0.11070442482459132,0.056207692458838596,0.144068852351776,0.34511236187538186,0.18053228651847472
1,0.9825776298594932,0.11443920788505837,0.06690560796098309,0.11928412313364856,0.2875587532083696,0.1544475815497613
2,0.863848416109599,0.09038662976910208,0.06557534603635842,0.12705837950970414,0.5615997574199816,0.0793977737761033
3,1.0799067628355064,0.11941965032517068,0.044399830444897995,0.09420344699354119,0.3367755740312951,0.09763715441398027
1,1.4955623018260542,0.13314104518948697,0.09326316700301639,0.0875267428910742,0.4922158472703621,0.11209783538087584
2,0.7310791614328712,0.11070083387989717,0.013756292765022944,0.06199169195665508,0.4964831653209798,0.16220495865088025
3,2.364073893423231,0.10559189958197938,0.06168822440618806,0.0764082027979492,0.48850370989560904,0.12751189780896052
1,1.2733740749210252,0.06247593466226567,0.07555697498152775,0.16909900907704026,0.2843897479706063,0.12101891202339449
2,0.4839928613777178,0.13847414270983957,0.09838084306083159,0.1092137892174426,0.26526145525085243,0.08006040533755628
3,0.5624834705673227,0.1366086276171368,0.028524660183569892,0.03061118693458806,0.3684315895397821,0.14016706452097277
1,0.8570084507377961,0.1162336531420535,0.09605466287054543,0.12638440975950332,0.4493490085550471,0.2123162514630702
2,0.9306847447765891,0.11053615830918406,0.06953448968030025,0.12986645268169258,0.49325687744310154,0.11717521807195305
3,1.1092140760742413,0.08213867386418625,0.04637187166774086,0.1255542694296369,0.3121862521663836,0.07451221404566166
1,1.08375044779708,0.13554134126035092,0.10387135795313515,0.04514682191428684,0.32500227766043227,0.10308472118135742
2,0.7774157043052444,0.08438268586807046,0.02657835103020108,0.10165201393498671,0.4761766581007333,0.15909515439302088
3,0.5522427669154611,0.07909481442204315,0.07155246529616252,0.10355851070251862,0.4545492084286222,0.16054233851737876
1,0.8098289608323253,0.12773581730784833,0.033897987086760006,0.052904093099187456,0.5584220291692756,0.11983074162158404
2,1.2886977924849343,0.09964409479039782,0.09899132458205098,0.0904880411808497,0.2838285651645176,0.12208374825206006
3,0.24262645098195723,0.08703616251265973,0.04471344634201915,0.04444733546166514,0.36219306199774676,0.15168416405641771
1,1.2655154327738474,0.1210289391911846,0.011690896065567488,0.1108144230511172,0.48127180891956706,0.11074843882608354
2,0.6560893279814631,0.1633501225393215,0.08659987356812993,0.09114973740316322,0.5700949099721178,0.06486911268742471
3,1.1884096019918857,0.08841379142352992,0.019068868248772422,0.10422335713948577,0.3229391836988452,0.11404838850513604
1,1.3404928981153197,0.08246932354561802,0.04317199090276712,0.12870549079161722,0.4216098447681561,0.12276955316999798
2,1.0632403244926603,0.13703373831068663,0.04525812551538864,0.1334521036365811,0.47345934482835195,0.14779448854685173
3,0.3838123639451996,0.1100877862110118,0.027813497907822754,0.10474803872946083,0.34404290571102225,0.1560974427443217
1,1.4162375714590814,0.10521211101632469,0.07572219749758526,0.12904659393684675,0.533522522399954,0.1004873215814234
2,1.5992059238886642,0.08633643327380301,0.026980815764720695,0.1169828438162181,0.31418099305819525,0.10988014242652909
3,0.8881751188642818,0.1730780015222041,0.06815093481384216,0.09194037773423414,0.1679567359110261,0.16281486074222018
1,1.771238368648382,0.08650153619744966,0.024347724070040162,0.09959796384521451,0.3353033786325739,0.14292590760563118
2,1.4870137887994987,0.10236802169975422,0.0660717322809989,0.11614799572904054,0.4134102841550511,0.09619965194217883
3,1.3762354960117351,0.10380697874529335,0.05657580526330861,0.12639651860626785,0.5045808979772691,0.12430699970997637
1,1.4178228714983672,0.13207098484576074,0.06861079797265521,0.08820034471945291,0.31270697870737424,0.14430706228264306
2,1.3569158214270305,0.132100159000961,0.028902230396388444,0.061907603546840904,0.31937511133826096,0.10062739083142248
3,1.3379180206186119,0.11018550016626005,0.0849673933772101,0.17407815493767742,0.5265806966426312,0.0871381563530923
1,0.7711322851561876,0.1331765921951878,0.02066418611306091,0.05800969555469384,0.4673926013974777,0.12428547846729164
2,1.9957697435115709,0.09630324590820417,0.06686789341907726,0.08733044016663191,0.5055521875681607,0.10552623121828983
3,0.9670929065606929,0.09187968216650577,0.06145920793766339,0.06966163595343722,0.24913751267898201,0.16803840360790231
1,1.2276137217377385,0.08439957484676264,0.0222077794925613,0.051327435482517655,0.27569559826479595,0.07387640331721435
2,1.5844985757047922,0.10822597114830249,0.01946768154581686,0.07067438906607182,0.4183507904207027,0.07640627725032553
3,0.47687447035659836,0.12422213210657357,0.06501800936665378,0.11256212082045733,0.33128242086759174,0.1357811843655165
1,1.275731232240086,0.09168427792447381,0.01010069950137514,0.08525784604585604,0.5179292350984115,0.14204615229084128
2,0.6239859694649761,0.11583990307991922,0.06469783943154717,0.07308933194729435,0.343996239115542,0.06443941729272445
3,1.0047967192878107,0.12518803643203016,0.07159513624370109,0.08885555420191163,0.49562689977513336,0.09322240921937214
1,0.20202229527098337,0.1829292890054529,0.0949732699680812,0.1326700744807956,0.43787979762323953,0.0854240281155831
2,1.7208357499477915,0.12274140327727787,0.0839343633885318,0.07325406448796307,0.3683685961105432,0.09634641306260452
3,1.5543585694670305,0.11524378162011116,0.05022848796120627,0.11404151664136324,0.28722994770108756,0.10476038619105166
1,0.8048580279836368,0.12250844887482426,0.04047270516137152,0.10800169921499027,0.42847091800330833,0.1387695671436193
2,0.9126640275938345,0.1705058922170498,0.05676995893482246,0.07946287866740813,0.5566469875539052,0.10605752394015729
3,0.7559953679254644,0.13214075815925203,0.11423166245962367,0.0778932008786375,0.3847393344727814,0.13203229310134657
1,1.8992921289285523,0.12184607530195272,0.01185228527593507,0.11353038220624798,0.2633869595290926,0.08845942752248792
2,0.3300526869931102,0.10252060833701176,0.031832139180842586,0.1331639827137067,0.2993277368063097,0.13352637593247624
3,1.3081335498522528,0.10581777968242792,0.0778203437629379,0.14646210331307222,0.39363279709723387,0.18279947594913892
1,1.177871919264463,0.10228857895309654,0.09964597979908102,0.11818045136562078,0.4149247870015695,0.06523543672890332
2,1.0263974674433705,0.08461053644862943,0.04223290291606332,0.1451381130066245,0.43471203316380347,0.1558936284497975
3,1.5921902933248893,0.13799599122023667,0.05575964943463975,0.05725350974646015,0.558500360147587,0.08729118185525037
1,0.663803154480887,0.10701895857914738,0.12902583729960432,0.14103020091048482,0.2704942862617167,0.1624548010655545
2,1.0590646703735516,0.12302513342890252,0.03281919908162534,0.12339108320741457,0.5620319816012014,0.06101201361708236
3,1.0478045043137068,0.11869256370822821,0.07593683742990455,0.09342080675631378,0.2859975362491265,0.14211580760926193
1,1.221602913500513,0.11854972167943294,0.02798968613410487,0.11174687392582232,0.3583782332728247,0.12958084737142958
2,0.8295463085534512,0.11210728370813525,0.025624897574622756,0.15293762065732205,0.5415388099973902,0.12567978547054662
3,1.626248613274093,0.10183430049515747,0.0631111033028692,0.19176876140045576,0.32231382559492605,0.10606109413425936
1,0.7203586073777933,0.10622863391201808,0.08587782540817707,0.0831721827584066,0.42734744862126073,0.15869382112246716
2,1.1466164032594401,0.08855640039393989,0.03173505827467117,0.0787732421385904,0.20575757142049012,0.08116121224535056
3,1.391089300551928,0.20160589873983728,0.05752986353898924,0.13577433968027028,0.2697695262171995,0.14996056876363384
1,0.33879235866662283,0.07903730875564707,0.14545131414887824,0.08583190513774687,0.339209085745132,0.1023240764238505
2,1.114228508400366,0.07756511997667312,0.04036827464671461,0.1409537081762951,0.38249658726708224,0.11181005167515137
3,0.8256466403759859,0.12090260346352823,0.06952467348387378,0.10980661677983174,0.40918689628114935,0.13955978431877766
1,1.4598957891609765,0.14302779355147854,0.10421468576867736,0.09914588084458015,0.49567612595386273,0.14424911987914227
2,1.224180399188933,0.1389086870384455,0.03988137836194259,0.10439007331160349,0.4303214226816998,0.11102753951721445
3,0.7355893946664479,0.1877016825535214,0.02004230697820166,0.04973579367873387,0.415258516269542,0.10175904606247328
1,1.0109159683948166,0.0948566825720152,0.0967812937827826,0.14602088872695598,0.5264786943892981,0.16736521701502308
2,1.7562555677339315,0.0947215365673955,0.07055509988626743,0.10814885334726593,0.3229150693704406,0.13456261983442377
3,1.6476668420011136,0.10978452918837935,0.06127884959234543,0.1024514428416575,0.39173204534417905,0.1134076566687355
1,1.0750925568378449,0.172352144476089,0.027755190693152767,0.07469676453071727,0.634180455454869,0.061694245922980756
2,0.7956177940826474,0.06624223542115598,0.08834043921221083,0.12805463239231868,0.3274672999739735,0.13139757068485672
3,0.8432964657939204,0.14093158111700588,0.09506449013173418,0.1530281677931846,0.49894536695129665,0.12129429475685344
1,1.6722646050609795,0.1145790035776149,0.07786444172435969,0.10292958436361503,0.19752481541095568,0.11972982704394394
2,1.6770436006975817,0.10484710020211256,0.04645241839699753,0.14646686433626255,0.4514335623773468,0.10654076105970395
3,1.450132104888396,0.08426845074236425,0.04099021692709223,0.09812867839852202,0.4974421729526353,0.08517976247146025
1,1.44446318878338,0.10056518897638231,0.06049172478628654,0.08955357351503881,0.39988512649491836,0.1486785297949724
2,1.0107375546149258,0.11946696756475747,0.07365420008559617,0.1008560209177324,0.4626576412421739,0.1332464488364302
3,1.8794412544421129,0.1478390601462597,0.06202143053708055,0.10777922563419644,0.33688614860800276,0.1718466191579595
1,0.976056747700443,0.15533019932455439,0.04459016561958627,0.0774109102806398,0.38016467118641184,0.15623974420395476
2,1.407411984489069,0.10688409579541691,0.05484938704928767,0.07278977018578789,0.4324402164540509,0.133075083050811
3,0.6790343388876606,0.08850769133334764,0.04680251194597122,0.08178447952715516,0.5564214046854782,0.10274696307497283
1,1.4511115201384606,0.07002668319896788,0.09385265736937284,0.1269246681443773,0.3040109628273088,0.13271227529267904
2,0.9724857209143556,0.1017676837918833,0.05423216860126512,0.08571938634119776,0.3210750772629826,0.1124427775504414
3,0.8542951292237163,0.13010377615513635,0.013557731118202784,0.046042455192343304,0.290779893451714,0.09535859217167403
1,0.4836574581388099,0.09912236129304902,0.06519216562882686,0.1336615167148004,0.5178646568650966,0.16280790220843383
2,1.5798701852766948,0.1664356772468042,0.1240599064028278,0.09647037949918989,0.47623398051345167,0.14362834367068442
3,0.9136395270397815,0.1197328248096239,0.06699695673800309,0.09105855259697095,0.6039688087562989,0.18704808745130216
1,2.1207503881489713,0.14013007305447614,0.02120230544350065,0.10021302504885951,0.3548183420728996,0.20037863722648191
2,0.43571697530763764,0.11502448486619547,0.05536304493396137,0.07439339104882461,0.2851306678838436,0.10718998366158337
3,1.5376608615792444,0.12458313154208117,0.07125635459605148,0.09227329713894797,0.2655441315557113,0.10140675901450763
1,1.3400609625703166,0.06055381623227918,0.07843728318552115,0.06385199661110069,0.6209611888612995,0.10149586468286485
2,1.0106796994566598,0.0896729655947392,0.05351131156772028,0.11856596502610656,0.41918365264711677,0.18050104991373683
3,0.6812632623732978,0.13954411680371215,0.11759126688924981,0.11986510385070825,0.4038583954535501,0.09091026703720506
1,1.0184643036894059,0.10430211712462992,0.06127726929629369,0.10801510880103485,0.5675955356519955,0.1285462469491156
2,1.7397199360329372,0.1213246337964548,0.06153312342890786,0.133606555421223,0.40205421115029694,0.17309454438958624
3,1.5149739831054225,0.13617153442424945,0.08831936594526822,0.0691017488044864,0.505490826096944,0.07845490642846889
1,1.345078313490758,0.15272293113321475,0.03858592728892865,0.14795327285422313,0.4972121622330727,0.156717542708238
2,1.4176651750636753,0.09016378533555269,0.012211517412830615,0.08561430847556059,0.5002354772417592,0.10803306675282835
3,1.3904354277432132,0.11156763376530979,0.054678830148465155,0.0566650148474188,0.3796542194991148,0.10188508375488418
1,0.957457805301246,0.13406798560589447,0.05344281697369608,0.08662885969452915,0.32991767432855623,0.11067347837157727
2,0.7271116263324742,0.12005607076545732,0.02588915357647532,0.18708344812642955,0.4182312637178258,0.13128877422370144
3,2.218241290893336,0.07377651930055584,0.029585237258491867,0.13317102293041516,0.3665833767881679,0.12768469854435652
1,2.028583545392947,0.15395630526068327,0.0816184644221101,0.08766931039728701,0.36979653297641835,0.08261825187360392
2,1.292483685902675,0.12775680386408864,0.0489413067224963,0.14709916165944506,0.3640360344202909,0.08823079687256147
3,1.7363673304674438,0.121336674361159,0.035191861397745744,0.07431877345178838,0.21237574820906555,0.10251812641041873
1,1.5393241586012298,0.13805809045542078,0.03811587010902057,0.07571392670936829,0.31063993119392036,0.13413617544201506
2,0.6542518965481521,0.1013545110690423,0.026597896514123958,0.09523454901605699,0.3553096010957386,0.10953294281834958
3,0.906162554985079,0.10269665232859655,0.08095667867537326,0.11699890027142776,0.4772799293454011,0.09915137638635349
1,1.2359187139670764,0.08055702771546866,0.046585065315613246,0.05632967715339471,0.47705404246868155,0.13225199086379524
2,1.5400742772921803,0.09209011547226781,0.04594936886768678,0.12265162678911605,0.1882236729047728,0.13723606372396846
3,0.28424718624040024,0.13120516420072553,0.047841701449420085,0.08050236886378473,0.4192371094655398,0.08379515491957047
1,1.265819843281961,0.1385749536968259,0.04156423264328028,0.10357401589438088,0.37998404149875203,0.09433995143999031
2,0.8837959988958217,0.11642694454994747,0.07111560779130519,0.11078745572254592,0.532240556099179,0.06988743356201077
3,1.8744332696133332,0.14941777450189303,0.02087163820914682,0.1460423946394968,0.4032707809165699,0.07800761390093726
1,1.5973017297316534,0.1503337430489629,0.03979027346169313,0.1595237107911538,0.29684618737682306,0.1306648926235778
2,0.9407114997788051,0.10201896924555005,0.07355638285895374,0.07843193360885119,0.385701632553619,0.10325781581865401
3,0.946955409111248,0.0974439509478157,0.02263983775656276,0.13660479630718558,0.3751872454103804,0.14784039595853626
1,1.0941293537830319,0.14507093308377939,0.08295154020972739,0.10875302929979623,0.4485186775698402,0.19998644575241709
2,0.9169322773342666,0.12152076887802411,0.024694113750832067,0.13559914075043825,0.4590591514049473,0.10486182430648228
3,1.3146328009534174,0.10354003643097294,0.04023973588577831,0.08100957799846675,0.4346205965803532,0.10573557757965078
1,1.473598978365515,0.09367095710136529,0.05517343560456454,0.10899862441223304,0.5023841533329284,0.09366129439666833
2,1.5121396862020753,0.12792461118948903,0.04965965656100075,0.12137026885691644,0.36484470223095083,0.1040974605661032
3,1.2271814614606178,0.12277922089684958,0.04081524339432314,0.1284154903215635,0.371248425918435,0.13043540729036968
1,0.9782985616597123,0.0880528680075546,0.07399384698563109,0.05127611509664042,0.3994859315235719,0.13839504092977173
2,1.627473656150861,0.15350090760859678,0.08816872734403135,0.14309726406857604,0.4771973047160363,0.18303977054713105
3,1.4465194348212842,0.14751340167824128,0.043498826102360236,0.17953412210150455,0.39155985119085646,0.1407522175052696
1,1.2546477437467196,0.11604100077426217,0.05207319552710706,0.0723569066327908,0.3094244732527055,0.06335195343892885
2,0.8603391232595262,0.12254240351436063,0.03029311941803184,0.09468440914866577,0.5139572143545773,0.13721767008052066
3,2.2632464953378904,0.11782990883093752,0.04642711858467817,0.07976104321819968,0.41580894990943595,0.08729535976474502
1,1.7640648275822965,0.11136454759169734,0.013092559087679992,0.10808728140181147,0.40500064442589073,0.15618404409714143
2,2.1698887861242016,0.14088607699202885,0.06915239322897467,0.034008989642785786,0.4062340035855622,0.056189521652596275
3,0.7345478735694201,0.12293580517412261,0.04164572046512718,0.1064974901779956,0.44874473228755196,0.11977044605946041
1,1.6024467232262583,0.1313100224686043,0.04386013146745988,0.04994172204842091,0.5270404709356624,0.13223164406663906
2,1.7140219124151395,0.0727659542688231,0.04002651471998827,0.13040412592066097,0.19150786322474642,0.0987379982868069
3,0.44431860480753316,0.11916195480832074,0.10713150109394606,0.10568922792719582,0.4724030872484293,0.10990724066766579
1,1.2977939937243776,0.10833131099212213,0.04492435775359155,0.0731468097439946,0.45186849091599923,0.07891152417944428
2,1.4062536867387754,0.13683613525460134,0.06912256195593108,0.03539999251090234,0.3401788245168788,0.1320469238756861
3,1.4555459249063232,0.09691066766745682,0.05482307291210074,0.1203193878636525,0.47035686135430704,0.13088438791020346
1,1.4349275400090185,0.1709249792631253,0.028520698686107883,0.13883600755738784,0.5356582110224517,0.13250603255892107
2,1.1057683714346849,0.06730456501778986,0.06894737290497303,0.08512815100958736,0.442032767547351,0.1181342945785252
3,0.5025027950346542,0.09063591061661011,0.09123467941269536,0.04719801600050523,0.37709480399284634,0.07338037400390016
1,1.2443268862750085,0.09479635943231639,0.08342998432581075,0.15887195997133968,0.374012092706866,0.08525309122850835
2,1.7505870807837614,0.11295720414360667,0.0535633119720301,0.11004381357330122,0.28518610974850556,0.1686128737298913
3,1.4301540307627862,0.061833968294500725,0.05235307464796193,0.16444288993083972,0.49802812671345414,0.11662312757488388
1,1.0188964387462107,0.08688468849274351,0.03225203082138466,0.04539538440246666,0.5686299279585211,0.12385027203595837
2,1.8189855564991537,0.1315802229280742,0.04063719858783162,0.14641324374024273,0.46444249815747984,0.16356014699820942
3,0.8589752729426842,0.15682740822801036,0.10509714994542382,0.11181785905138325,0.2652929503413331,0.2129377511690326
1,0.6581921429679973,0.12026360800177023,0.038434522073327565,0.1531965923249204,0.29993664812102533,0.0606841963185612
2,1.701977030693602,0.14691376456022082,0.026414840253923738,0.08380028843790804,0.2212470096910356,0.11152371970421562
3,0.7234527067696456,0.07824697801359497,0.011470220356800918,0.11250319964390693,0.28301167381661413,0.138012400674715
1,0.9414205258261898,0.1368368440388951,0.08017845049096098,0.1086324058521819,0.4380484674524303,0.1330514844673816
2,0.9514845339449928,0.14532816469533313,0.032215158870222825,0.1017913511500966,0.3465761718820448,0.11295024081181329
3,1.0484189470001986,0.08670686370347455,0.02772047518579235,0.07741438588659943,0.5162747688521012,0.123260744593658
1,1.3119463873339652,0.17518412278680895,0.06416876333633853,0.10582816870850723,0.28723161415550624,0.13627516536772483
2,2.349746684847089,0.14576222348350293,0.0225523789985739,0.08904727397682607,0.5041460238121207,0.06223106169955554
3,2.029553241959049,0.10295639356005891,0.022900586994470857,0.06880610079223679,0.5331267264350807,0.13173779101676536
1,1.9521989621566869,0.13905241669778878,0.023944301384993275,0.0642491623532547,0.48487084216746634,0.11488758155847624
2,1.5605416470763713,0.1519251742313019,0.04498732414363964,0.13075901967075637,0.46844446275778245,0.12690106445090532
3,1.7907952203135191,0.11650831376560415,0.08222026320448861,0.07957304237287346,0.32633814199431294,0.1494619871686922
1,1.906182394658251,0.082808078539111,0.12191559028564332,0.08312478527823275,0.4463675984003328,0.184221468845281
2,1.4296354895525483,0.12022616006277041,0.0344936398720218,0.13073975540902744,0.36750051510558973,0.11590753729734711
3,0.49843289239722877,0.10485600203255778,0.04623059987593847,0.05826222575898928,0.5855474009072857,0.09163390183979873
1,2.314149159152815,0.10505285166411998,0.09126220910397999,0.125829001548193,0.29644177882266604,0.16490598751922692
2,1.0154741157609215,0.07758305462631102,0.03828880772881951,0.08644938949430041,0.28909148408582686,0.1507822861072234
3,0.40781696413361623,0.08179768787853872,0.07106119282878026,0.1262071490589999,0.34615687350722635,0.09094775058156318
1,2.1493749103778717,0.07715315767733533,0.02626450072241792,0.0940422206110013,0.3898151524478644,0.13184022652462285
2,0.9641838356270653,0.1852922200484483,0.05598573746537943,0.10804325795152439,0.313855338749488,0.1397522052191145
3,1.9657828889514006,0.13386183201742374,0.02752302545181223,0.11631637072423824,0.26130245986972944,0.15380460732903634
1,0.8549674550729793,0.0971434128658697,0.12945524708942824,0.10009799632895278,0.3834407965609303,0.052352241467990376
2,1.7211351511078528,0.1522051648048608,0.022515200554914364,0.0975602208782252,0.4984697086367043,0.12239368040918547
3,1.1194749256788128,0.13031818238357104,0.047194850919387785,0.09841601676303928,0.22458056554172537,0.17170760443120348
1,1.4071824862774327,0.15004004018470937,0.05260769425423893,0.12749750009537433,0.3571785002660918,0.09768519088090091
2,1.6107527188724329,0.15294100433325908,0.04892965594460205,0.09989793616454062,0.45357078041927534,0.17857512159081093
3,1.3952287342047751,0.12614541056144848,0.042072810760758875,0.12147287484142037,0.4281299759607079,0.0762413753218763
1,1.2719112849544532,0.12732694754357154,0.09607006720666966,0.1559577499521712,0.4577480801258933,0.13082239025581358
2,1.1674485325812098,0.12834080001163722,0.05343250048667575,0.11627216054141323,0.3368178505170142,0.13534928647962224
3,0.7447322801885488,0.07054665125945672,0.029997155324497496,0.048558389776777754,0.337699438902778,0.17360862862245247
1,1.7407558406392518,0.09949903467686398,0.09616057312442045,0.12579877088924987,0.5342190511778715,0.05441878927624291
2,0.9817405964670891,0.14241041453275471,0.04363422683233624,0.13662864857355103,0.48512692001682955,0.08884790324496825
3,2.125838513645663,0.12785297714788602,0.0422330527146593,0.07536765903678103,0.3865675329008425,0.12523828714879903
1,1.7858832489818661,0.07183100396588268,0.039733347855786055,0.05362693552578141,0.2922200021091909,0.1305836996516772
2,0.6654937809571887,0.13113474173739575,0.023726450162994663,0.105472591766037,0.4669613589721313,0.14932660543713835
3,1.4104549106666477,0.11005704729731078,0.032331926969887216,0.0576255043754438,0.4077547434989416,0.12631685951584534
1,0.9905671006953639,0.17491245223864033,0.11799264708583702,0.18478010723604207,0.35805793525673124,0.05714710868304693
2,1.1975743987068328,0.11948178587547126,0.023160845992513085,0.03895830231508881,0.5743120981187535,0.19508013683370484
3,1.417761181551974,0.14136175323004022,0.015933584666941825,0.10576019536658796,0.5140303424905659,0.13854170481648567
1,1.7746286134848717,0.11450369361766492,0.04981549178064054,0.07660267783785735,0.3124240611814442,0.12818371103116855
2,1.285313585835355,0.11469853789107609,0.03674511023221304,0.12347692141015043,0.4519429024853169,0.12794224148307845
3,0.7772207574662401,0.10100712816564157,0.0358643680264171,0.11859480151246124,0.4916934284189088,0.11934266958928932
1,1.0751958785753417,0.14878817682005158,0.03823730670589844,0.08930292288572057,0.4660000233966849,0.1612422466872402
2,1.3696790621472283,0.1488573764173658,0.04469255496291579,0.09156121347978351,0.3862734639993004,0.07598640661428724
3,1.198785670921491,0.13333526223872064,0.10539636660071106,0.09020741500474092,0.30191401898528764,0.10567592315345775
1,1.9613479546970058,0.08311111115171739,0.11276561341808246,0.10987264034162122,0.45941032213866834,0.08682234437007746
2,1.2874517874530815,0.1334636266089722,0.013834147002691342,0.04541861850452259,0.4982992630463139,0.13124160151012257
3,1.288272607770607,0.12230304651653805,0.08918403764978511,0.09272125513686016,0.46565309752345996,0.08748354195603952
1,1.6010290710998076,0.13186251686287404,0.07994720539100103,0.16098799384143916,0.29083765742063644,0.08555224089445158
2,1.4324605283887597,0.1534185381185756,0.041357725027741425,0.048054652300902743,0.5325985794756177,0.18819238721992687
3,0.7729663100777427,0.1471891643632235,0.04129862684661263,0.07754156319546152,0.2705171039064999,0.1152790779019118
1,1.1854832848815886,0.1520195432714474,0.06084056589990304,0.15868630581672938,0.5971420354335197,0.14304172179313782
2,1.7410836551372728,0.08655255957103401,0.12216473950216383,0.06764789516093281,0.4434367462075328,0.1380639832728219
3,0.9051888762018335,0.12067142777715478,0.01396562975766329,0.12213075248612157,0.47447381881256057,0.1428135648752723
1,2.363654525266469,0.14392937700357505,0.02780148105972688,0.09049331643985332,0.2129274768944295,0.11928615858774258
2,0.694622104309207,0.1508728792705527,0.021272050953703363,0.12011829527008999,0.16210850478006433,0.13406728818928454
3,1.3531342791370662,0.0708404462357632,0.011900007325373704,0.12467211163253877,0.33336238497919013,0.18744021642833797
1,1.261099019236305,0.1394058292860709,0.01934888513427959,0.08406206960346946,0.31751282745049736,0.12515523870175482
2,1.7968913916462725,0.1042913092950708,0.05100080555062592,0.0912648027717873,0.3547841103599823,0.1258168021689195
3,1.4458208884988488,0.09981750105364767,0.08153888617446972,0.153922693642514,0.444054120420202,0.15406089682347104
1,1.4163209947050586,0.15997654097391867,0.029060818967310293,0.13745705918356144,0.4107025933230294,0.13528160565652042
2,1.391227989750469,0.1283168923343407,0.06062760838442447,0.10953221381778137,0.38220615407642405,0.12905080859354656
3,0.7424991794867578,0.11712672146295358,0.03582076946539231,0.03065905853947512,0.39986080782142397,0.1784313089851368
1,1.8230813029830788,0.07818004623102864,0.03774189142612207,0.13072728999682903,0.3340819854444667,0.09250275229260879
2,1.6990809485948108,0.08267195971693925,0.13029480010833291,0.0889858322393647,0.4318984181759953,0.0974470169753495
3,0.9380958508342041,0.14251243990013804,0.053205986134408106,0.11482553353218079,0.6913525644121425,0.09840071369540154
1,1.0398547833593796,0.07714280377770605,0.03284329262361876,0.14020481340838142,0.30180139249182814,0.1782457238490903
2,1.535963744769587,0.12596633988182587,0.04650339772310595,0.1335600773540973,0.47910943187426397,0.15628728805407555
3,0.5068193662554457,0.10549473414252562,0.07964886909490948,0.06638393252756584,0.4874069807182513,0.18206945747272238
1,0.9029835002840857,0.12077300524488431,0.03293550541948171,0.08235390819276045,0.2412028886782742,0.1408357095673609
2,1.3083906041525157,0.07480691355122623,0.05372704917527707,0.11629751216504665,0.47672874103158147,0.08972335941856927
3,0.4457968351584901,0.14451936612016894,0.0443460191092614,0.17336371926569577,0.44249967891107567,0.1426327010239267
1,0.15627842766296474,0.14498243143793255,0.03920046738609791,0.10096045145338942,0.3892163869346017,0.11921535335391648
2,1.4586826312765175,0.11867332299852167,0.026148910152439576,0.08836037936820161,0.3135086142337971,0.16434334493670527
3,0.9876738965459416,0.10267194264350954,0.015069553659974665,0.08000909500481085,0.43191066528472066,0.11945985339098521
1,1.3363787749147322,0.1396945421332779,0.05619279292289849,0.14273071518181107,0.38649789675271473,0.15196209694152596
2,1.0716797894853078,0.16203841799788155,0.06746558665523934,0.08206100400739047,0.636195705396634,0.1544547923875537
3,0.9801617974790152,0.12173465707696891,0.03765275866714053,0.07316887988804388,0.42369075139162066,0.11265281259079088
1,1.3887474442408572,0.10817054127249857,0.12335775413928826,0.08350828983051566,0.48542728599262636,0.08668884807440164
2,1.7037891707181876,0.12500200964466057,0.05669796954789694,0.11372818475240498,0.454086660890953,0.09526130816270602
3,1.3233277770820182,0.10035254738932432,0.07756672160306573,0.11699498110712286,0.28366188576559437,0.15227697173148327
1,2.0124331565212383,0.11838764673156638,0.04477039778738853,0.1337606416345584,0.44657016829058677,0.1303433972988365
2,1.3194791967663029,0.0976026814250863,0.09093266591860634,0.07946974721428207,0.36283634082136174,0.06851128905152462
3,0.8901619718536471,0.15238365326471157,0.021560228428627596,0.09796274875688896,0.3926772679167472,0.13269952347018527
1,1.9701503162912548,0.07831606241932859,0.0865690394513614,0.0633287929729092,0.3649493623684583,0.11181868548912592
2,1.7615164198468234,0.1278228733330495,0.059884823677017716,0.11537902658291811,0.33973337760850647,0.1104007290271354
3,0.9297362787615827,0.10798800277942584,0.060940833783897294,0.1743224016291398,0.5006082061372416,0.10116795932224933
1,1.9506187960577033,0.15637345106556833,0.05030395243027994,0.08427841981201228,0.5554915476407518,0.06287462464044329
2,0.5738336133650808,0.11796868487007392,0.1034725158145379,0.08433588065319911,0.43461683298903364,0.15381760758758634
3,1.345652917943268,0.17371803935200597,0.021866149961735727,0.08241048455785766,0.47781917762640713,0.07309514536886022
1,1.7921302884896533,0.16591667686455716,0.12351203127670124,0.08181658119705826,0.367083796444968,0.15237859228435596
2,1.3399013995663085,0.09483748562266428,0.0711793678522984,0.1166605656575559,0.47369511213966786,0.12864550484996495
3,2.037732901200299,0.08178966773264751,0.08533046776156111,0.10410793989494593,0.455260221147627,0.15819385465655156
1,1.63241194874019,0.07766881280446777,0.06673383465317423,0.11744127926337601,0.45962385072037637,0.10746383559534503
2,1.375774182208032,0.16856853830553184,0.0537549727925352,0.09350060510094106,0.35273375432209625,0.15791110940770836
3,2.133248289675556,0.12800586770704867,0.06967040096777131,0.08033781164250348,0.43599107090592004,0.2448403157875171
1,1.792133577693245,0.14213193843790034,0.058293917141645585,0.11024196168702922,0.42209619972457474,0.13416458783316332
2,1.337542178249366,0.12159909088604454,0.04395607188385271,0.09166810082144257,0.4907785481073676,0.09683087978371843
3,0.7101789317791958,0.14047009370393834,0.058525445036756135,0.13720160950631635,0.46057862004096206,0.12297342474001365
1,1.6018233614503163,0.11018940961425741,0.05570313729144385,0.03470699309400506,0.4587901935605272,0.15715852902007071
2,1.6120709383919056,0.15436542288581698,0.0353592365744925,0.08151040707526758,0.38071097671051307,0.10746644088872112
3,0.6972394250444272,0.12989247479136568,0.03164765418778041,0.12033859962496642,0.3862372973612529,0.09930051514309832
1,0.8063757745802796,0.09268629191456997,0.0931345006769789,0.11610264011297022,0.40583385526653887,0.10783274939949565
2,0.7384020023560444,0.1326899967095447,0.11252032230582966,0.088948777288411,0.3962663210700904,0.09299727283100123
3,1.206167191494292,0.07876734932229304,0.049085728430376833,0.03588321534247184,0.445441828070413,0.11844891811081631
1,1.3510783370521189,0.13448319967096284,0.045510162003825246,0.07525121440499932,0.4180634221476884,0.12877700915397305
2,1.314312265846866,0.13332390440347,0.04622847025616385,0.12557041999547902,0.39724758042094965,0.1463019136010346
3,1.6878858931516485,0.161526307957358,0.03553322808657833,0.10698430611174295,0.4352533606579598,0.114486488614233
1,1.5084859771080301,0.11881249375242736,0.07655356670640914,0.039994831042371275,0.32431205979142363,0.12738489606265513
2,0.8909708929667328,0.10452957194886298,0.05112836647470861,0.10611928938772952,0.4436339490176666,0.11735748432060399
3,0.3916383730017087,0.09881576661378252,0.04072145717787461,0.059037772624850875,0.44496089724593935,0.15496140807236095
1,1.3827027641636398,0.10433004463724674,0.05368820341641893,0.05651318900437441,0.42136335981567313,0.1902489554885273
2,1.5153967835422268,0.10708191687671852,0.03876321339399552,0.041709540352235355,0.44067698044642817,0.05512707738059698
3,1.2774858609373567,0.1247978846161659,0.046305474284391905,0.07611077652378354,0.5660362660537537,0.12754063384696623
1,1.7001200282852098,0.17400163707902577,0.051828476866337334,0.1033786667763624,0.38675744471476503,0.11223049212975938
2,0.22775608166985373,0.16500882377956477,0.02747775408430115,0.1334828118183476,0.3896813387828549,0.08779672643164027
3,0.4803154899040212,0.13894577229992625,0.08507311457603725,0.07916437287922451,0.5039573861110037,0.17676143065371885
1,1.5363863960144244,0.12085672435547061,0.06098928100509146,0.10316417259319159,0.2974020881447166,0.0855895959129291
2,1.7671529417751635,0.1374161790755426,0.09014375268448702,0.10253866900865533,0.2881063660359484,0.126274024240759
3,2.2889920463905833,0.13913281190476096,0.06438103513224057,0.09132109372400632,0.35088927581622537,0.10401159264029053
1,0.998666042774366,0.089330923733496,0.10993535459440992,0.07249854538581602,0.5449515487840835,0.1815263349992029
2,0.9891786502148322,0.12483317673564315,0.07482803622705955,0.12223018196134346,0.3734178949899075,0.09804725651695721
3,1.021917533155758,0.1110491208645491,0.0264369147773688,0.043153722680368004,0.40787239996858854,0.13682887691898588
1,1.424551100919112,0.08036576795219402,0.06901918855541071,0.1458023045377045,0.48974173374355595,0.12647973694958506
2,1.586372367964061,0.15754814959207153,0.1055828073001828,0.11988003635491795,0.3641510658819376,0.1483615636528532
3,1.1499424631402522,0.07032683174520488,0.021651849859233796,0.1274796465160438,0.4233348086916183,0.15843618738650705
1,1.1339111550456566,0.12865904622189933,0.06299165187299453,0.13914193370207179,0.34209421306061666,0.13577224440029734
2,0.8386242000033709,0.15565365157217909,0.015967640365957075,0.1424540507516312,0.4723330638381782,0.11900178529197177
3,0.865418560213769,0.07798765074633021,0.050768275523568995,0.12331586907314117,0.3283294580429641,0.16372037084422425
1,0.4567389705686473,0.11698269279942623,0.09734969004855848,0.040697158744526764,0.4899316307851431,0.10810890891240005
2,1.479989228732749,0.1076406008707994,0.10524898676582806,0.10203770784687881,0.40520209514887656,0.10194312406863099
3,1.8566345944479814,0.10271953223863192,0.021169865217634556,0.09129027802003578,0.4504085850951137,0.13766442358607217
1,1.0673612270637687,0.08526681967232166,0.07340007514550527,0.13425399920662245,0.31656245761473545,0.08553342015873354
2,0.47719306102457937,0.08120728055766667,0.058138710745324035,0.08625880540168157,0.4837088440694827,0.10943139257113482
3,0.9859008764438206,0.0798735260443704,0.05659847673842307,0.07749441530633179,0.2598904090037446,0.12925368412629631
1,2.071428291400199,0.12183876013534416,0.0972302368446849,0.124460120624922,0.3517372848637883,0.1294343417969388
2,1.2497564068961111,0.13922195529542658,0.10600828393275244,0.11215746312960233,0.3033047782328262,0.16855018452928455
3,1.470715207445333,0.09150589298173537,0.046699772433988665,0.09014643624669075,0.3278729620609394,0.06864464910419166
1,0.9513552514111483,0.13105494813032617,0.021450382313532138,0.09191261264933329,0.4148444925347327,0.19901648990638687
2,1.1903821905490894,0.11440083358305068,0.03968950415875125,0.14154411053596577,0.4668370851178604,0.12277978429090494
3,1.1038180973851377,0.11825821219281406,0.03431608888834174,0.08566139779547237,0.27969057345544,0.0927002846811659
1,1.3278147441890924,0.12391553789417104,0.015439728681110446,0.07237741219380196,0.25793530612496707,0.18119421219371826
2,1.6088057717590372,0.13701399507851808,0.019680391182898396,0.04839981898314501,0.2914525143117493,0.10627144778638467
3,1.0240312876851307,0.10939545051010456,0.036721527471061305,0.0869101912092121,0.40645100586596916,0.12703905574497185
1,0.5456532364243784,0.07857142407800935,0.038688540598809995,0.06815005380643216,0.45035434161298515,0.12588535625117925
2,1.5725081089728652,0.11626193061599163,0.04321932128246533,0.1610677057020281,0.3738618264730492,0.12726890723770734
3,1.3235057091659406,0.1168899004586907,0.021481308149731888,0.13329828078524858,0.43532782910912265,0.12067272320922387
1,2.1889373669098973,0.15621056191630248,0.02484755729069678,0.1724764281275695,0.2627163834754963,0.10698584857404284
2,1.56205863204183,0.08616536572282786,0.08632796376575616,0.15610871133153675,0.5281686937887802,0.10557679309693485
3,1.6743473041521633,0.13790061346468868,0.02593828502556037,0.10706751012946758,0.4148643894167132,0.15416815515785803
1,2.0078542370922468,0.12278945187078205,0.011377031303429784,0.10454425110941538,0.37445706523849615,0.18900499292763198
2,0.8552131467410993,0.12090667630175862,0.01746759139571258,0.11212000021775191,0.38493862473566565,0.19017176268368563
3,0.6677349375329422,0.12927109903198722,0.025045923821723427,0.055419164815133856,0.3606862063939503,0.09343876722537078
1,1.3141494577433357,0.14585829975014553,0.10245822715341063,0.12135720417923113,0.40261454931762203,0.11503850844811837
2,1.1416156629450946,0.14132056908439974,0.04843298292256492,0.13457531444455323,0.5495099712100296,0.09177072382174417
3,2.4797359710486004,0.1274746153468685,0.018101693097391024,0.12750700150836106,0.33278482012842325,0.14063214784780712
1,1.4546173223148369,0.15340520828167178,0.029324125408205916,0.1686112126874838,0.48520837745949247,0.22103347584826893
2,0.6012673613066288,0.15153381971573154,0.046281262688826444,0.12696254283496128,0.4619016113251038,0.18050041995649113
3,0.561588239704736,0.12527577950436017,0.10114287532861885,0.032566281194583976,0.4975890554211997,0.126280051288641
1,1.0011104399846151,0.12539286137123826,0.03657775731676701,0.13144509189427872,0.3760911234790297,0.17703749604651453
2,1.2078829214321964,0.11664656612649342,0.052594515849349134,0.10132636996434355,0.34342225725342745,0.10720162422119257
3,0.8835954783583332,0.09802409998272123,0.020965359390883335,0.1518736806675938,0.3455407114642867,0.171062317402913
1,0.45573273227213673,0.08920507223798618,0.04172639905116325,0.12885806891794097,0.44853978422664775,0.11559127456133601
2,1.411288881528359,0.12179582417066084,0.022144004548104078,0.09831058414842794,0.3708768876196991,0.0674661792172832
3,1.2013791447771816,0.12682131427359516,0.06750878649206304,0.07352838006033087,0.36622139534502773,0.17884729509766162
1,1.5159481054118125,0.1495544614306939,0.07958491631093384,0.03835400675727519,0.2541167416227339,0.09941891079783971
2,1.0364770639375962,0.0889032879364156,0.08672257831646663,0.1512973967465842,0.37488078267194247,0.05450308112804024
3,1.9048921321995864,0.11500233053894425,0.06356921950179424,0.1152925626452224,0.3234816286535878,0.15623609562256802
1,0.8279641184274801,0.09878954057490723,0.021693680421424083,0.136906167602391,0.3984102183489764,0.22050070826000945
2,0.7147520014260214,0.13156881170460075,0.03666428068543216,0.06821217335918375,0.35103660515511637,0.10710409593563072
3,2.031165982471352,0.10108779213272531,0.04720306141558911,0.04027274634701207,0.5043167565351012,0.15385089366913668
1,0.6243945655101042,0.13603354241830537,0.04845033126790867,0.04620264964010311,0.48863781267011963,0.09763940670930724
2,0.5617407606475484,0.0973005609006987,0.08067956798366768,0.05648021193300124,0.3342323464434818,0.16625781558737265
3,1.3254974355583717,0.09259739877963198,0.06683793563146134,0.07158505304685063,0.2686166774712714,0.08692425454894318
1,0.32180761382279577,0.08016181749786702,0.03909167303950281,0.09143855619475524,0.5184443742567839,0.15698370431500103
2,1.8738646724937602,0.13929962446006225,0.037157497622739837,0.063816777038226,0.4764236959734543,0.11289198367293259
3,0.8536747966252933,0.12969703114498718,0.02487128003779913,0.059516740346762464,0.37332259934921674,0.1259244248282562
1,1.0337666444261089,0.07805338710587503,0.022676951286641423,0.08454837856931327,0.33723697001166675,0.1350703248307441
2,1.1184599424133244,0.15432044267379944,0.05353802306504988,0.08322475272696461,0.41135036139715275,0.11967500357737375
3,0.9557254584698871,0.0835130709348876,0.0817057054192239,0.1179032588145299,0.59153321772905,0.1665290499472443
1,1.2697495862629837,0.07866667780751754,0.0632412718392594,0.13695133189691702,0.402230315195209,0.11511200445392113
2,1.115305927436688,0.09211400042096976,0.05045789344177416,0.12836301625301696,0.2348519569033317,0.1334237938828357
3,1.1042600156052176,0.12516990105217254,0.06367270271738842,0.10847049190080396,0.3751847701507318,0.13784448074242792
1,1.0602755335506848,0.12504593902298042,0.04263220891944192,0.08170360511406731,0.4911342939345085,0.09426085585808323
2,1.3356961075567384,0.10249059949372308,0.08598518822385647,0.060564545496086836,0.2698521630830628,0.16760858551065974
3,2.176012705490602,0.11643531761179844,0.019788868831851818,0.12414972748351655,0.3302664021698892,0.13174855045623327
1,1.890205219972313,0.08818978329840853,0.032003010269134435,0.10523894485407165,0.34944791287883,0.09896632388802518
2,1.7713444516954384,0.15617900143121136,0.028514122097701794,0.04609685858884949,0.4504168259381229,0.1431890916166535
3,0.41255357579794505,0.12108447573945484,0.07202719668939303,0.10725282399024806,0.3879050959793274,0.16384742335007726
1,1.0142641678434283,0.11045018154885126,0.018675339828604903,0.13104742165159433,0.4425976011825327,0.08576683292742601
2,1.5975028802570117,0.15402547017278684,0.014809801994162937,0.16154634021674283,0.37018388856554674,0.09599917593630697
3,1.3889220338192048,0.12977217533794444,0.06560233273761266,0.06757867614769868,0.5084162511222036,0.15235308004448272
1,0.7459081559161109,0.1401663866091855,0.04985210015968089,0.21997388779959676,0.3234666579637163,0.10912851354575676
2,0.7879486703954408,0.09097792639114378,0.022578867450533304,0.15299084534379426,0.3613330230000764,0.1871972803255752
3,1.9720548156559161,0.11193687344989316,0.024172956383582477,0.07166750863394089,0.4420605296579996,0.14644105759799905
1,1.2963321544108868,0.08426481853950649,0.026419546520086,0.07749926782469094,0.3977005101406357,0.1128020400303094
2,0.8967684048164167,0.1149439184322595,0.02641594447111974,0.1199413073205364,0.3726271365688555,0.06899730578871682
3,0.805228081165353,0.15632930402738496,0.05120019258176815,0.14113244718267226,0.3381633502713753,0.1243521845618265
1,0.9363295730647343,0.10704142210917911,0.043135856321520255,0.1074786851523364,0.4758923976919743,0.07039207750712131
2,1.0497548887156674,0.13147137658186914,0.04887135463504746,0.12892647753554398,0.447312247789007,0.13395579007275096
3,1.314952032660627,0.08529305243954717,0.026183410584764314,0.09769781167713026,0.3738517459447288,0.12760160316191846
1,0.9689503507792524,0.08564372546848122,0.01704605463653061,0.10662661840357293,0.44699450390641815,0.11881866263459392
2,1.2811906952426622,0.08267863488831709,0.04156222848040055,0.03060667292881178,0.4573866093208543,0.06371380416717506
3,0.8493070645606078,0.10732708647565366,0.046931376576869396,0.0743553791556196,0.3882881249782464,0.194123580255244
1,1.5256184129727342,0.09679573503895217,0.048759129438025475,0.07543628049744881,0.3980638957320305,0.17702862598705296
2,1.1759131848928868,0.13457553976567957,0.09294419863646372,0.11402649141261913,0.519868608372534,0.1023872116625279
3,0.8320059847067303,0.1411654593976745,0.025019005355266223,0.10753950623433622,0.6342957487700362,0.1429762617614372
1,1.7690726834096275,0.15879498711507056,0.018515655740986667,0.13726819859935957,0.4477065822853501,0.10355647386776115
2,0.6404778050622516,0.15371261563974115,0.1176597878119603,0.1441625511095013,0.37027573392067853,0.14116217075979823
3,0.7007069593388837,0.131951351755577,0.07741611216101964,0.13856171647480053,0.5262698771351415,0.11497233011549554
1,0.6846779973729011,0.09197972096946155,0.07668941540186575,0.12104146496556922,0.27660933195831783,0.10771158397532402
2,1.5174478561696845,0.11630859471932486,0.04291692841537576,0.08395568985368948,0.36575445629215714,0.10075416389975089
3,1.549684340703172,0.11170813931185367,0.08751447153874567,0.09538886950299733,0.3413155589034595,0.09461366910969488
1,1.4595183885676553,0.08772059669700494,0.04182203416872733,0.11435312184735148,0.36754675329617953,0.09617329864544409
2,0.7356932983114666,0.1365130879548763,0.038382206899617834,0.04363225405639528,0.30337611496198463,0.13644806419185124
3,1.0406911390049773,0.1270461030228422,0.0628962758170788,0.07977785783283278,0.3240560732698875,0.13437395413614825
1,1.000098157888559,0.06682680911640651,0.08128949041302325,0.12941378295442413,0.397765259064671,0.14588554423175074
2,2.248336632531207,0.10467269537669266,0.011996939573483224,0.14014782635901135,0.24605791170266814,0.179218688834419
3,1.411365799699441,0.15271274813606778,0.07688696587374647,0.15635250507673787,0.47422183763731823,0.1341248167352482
1,0.8701291346079801,0.12196824324113326,0.09266205366297872,0.10862960224863734,0.4669609974282319,0.07693547659720387
2,1.6021597775591385,0.09240993492638068,0.039300491857283466,0.11300557913556544,0.19985334834464102,0.1718657857560213
3,0.33955177982775275,0.08122051130108382,0.043639277760186765,0.12405500054486408,0.28246521006510217,0.06269843901299157
1,1.6072260264915452,0.12451050279068206,0.046557609632896825,0.06227966690957051,0.38168442004570724,0.09993206156716349
2,1.8296982428100945,0.14160564692181415,0.044580581027869826,0.03631373415551302,0.38434899273072104,0.13470295385245284
3,1.7430541231058556,0.0913156697293352,0.03580022706341762,0.09643888867392489,0.418413611240199,0.10808924528124231
1,1.1516917610052329,0.10152025781105799,0.05529963356115675,0.05923343001008123,0.375782550970746,0.1129195083273956
2,0.9350813356234935,0.12689342805683523,0.03157078888479563,0.048174629667606245,0.35475531537090377,0.05786823766130664
3,1.7294906475700755,0.07973220829542049,0.045708974576024526,0.11194802501565194,0.45466467578695086,0.10848520493734214
1,2.038496139897277,0.07040130357938654,0.03955971932472708,0.07247318455910366,0.4527288230785468,0.1208148828463143
2,1.6224997861777004,0.09699549501158339,0.012498408700962825,0.1044089161977333,0.31946742126556893,0.14763694887113893
3,2.1527476349794936,0.08052277286498258,0.010557644802690641,0.09695337875227901,0.3294877471438237,0.11699645671193766
1,2.0357391093390804,0.12373775621888602,0.08672355455470981,0.13253492528134123,0.4282349722130166,0.13771046942072404
2,1.054054501439681,0.07148206854038135,0.05316030573132831,0.09637623171397428,0.37574659222887147,0.1177138387015761
3,1.2318991527393974,0.1482179540366742,0.028815645264203067,0.12093330359696045,0.24230995223561114,0.1265361714621249
1,1.4972113826116036,0.12165625704915427,0.06541852845879029,0.07875195509189156,0.37912489648364794,0.1285849889164418
2,0.9770196224234449,0.095741128909188,0.07868559055219344,0.13470721009916684,0.40484821341618404,0.09160779560229865
3,1.3043236080848961,0.07804418656669279,0.05905251046233041,0.11373932557412375,0.4344370471436901,0.16958444194189654
1,1.5240797518704352,0.09479273883557301,0.039077956627641505,0.07163978323028389,0.5372021836506731,0.12653427193934821
2,2.128830344028436,0.10610103041562219,0.08739861033507232,0.14566998211037946,0.3670977530108691,0.1386501690561664
3,0.5005816169578765,0.07056803339971415,0.05700711402355003,0.13765713949663877,0.40762163603921436,0.10499094032939785
1,0.6940121805744327,0.07106353300728052,0.05187975151758475,0.12045648677066717,0.2970782813548007,0.09203906732537356
2,0.9839050126053857,0.1546333169996468,0.058777038086346586,0.12420849191771795,0.34639255969582183,0.08093367982393687
3,1.841953025699696,0.16434112928321612,0.060573099360265115,0.10201765696741831,0.2858769922272445,0.1564970744702387
1,1.2798785674176714,0.08502032688000243,0.06539953876880869,0.11026295350473087,0.3835603268416536,0.07404390320635892
2,0.8901735393899066,0.14652065190729535,0.05020882468305288,0.0851169354479437,0.3837700626758145,0.07895061188069298
3,0.6958320686162267,0.1191108013810606,0.059365681194104576,0.09569938843949262,0.5079440983746027,0.09477047491539124
1,1.0759565979789683,0.15251240068482583,0.04244190961320911,0.05215219122325194,0.45612098145810487,0.19137067663500273
2,1.138144931838025,0.08515569381404464,0.05625239571279331,0.12800908181667311,0.37876334237801756,0.17400419678534138
3,1.072931149068566,0.18171180458560093,0.11135220750925472,0.10373414264605343,0.277565005045932,0.12922160015664885
1,0.9024476726742344,0.10582337120892232,0.02577539859216503,0.1348818117369338,0.3375875262358109,0.06032550823602027
2,1.1493230061952517,0.06530542851026769,0.04157403255422663,0.13841658044154087,0.33450461023499173,0.1082041330874439
3,1.678022905989062,0.17048115382645107,0.14003255282619292,0.11522915513127588,0.4841080946572013,0.11680307625905931
1,1.2797191625213395,0.1172945580780681,0.06130661796146493,0.1153700353748323,0.4592571376794945,0.14586766162142092
2,1.0002351537093184,0.14853715872332932,0.0271927380588817,0.08991888691889492,0.37659499561708565,0.11846138449423013
3,2.0582693994394545,0.10803296741737656,0.0659949523624352,0.07435731096490221,0.2508785837394923,0.14198638054900334
1,1.9135298877884712,0.14636604498816758,0.09022002591220661,0.06134438726334362,0.5952919958163814,0.12905152353312307
2,0.5414032009124838,0.16754844632805133,0.05037150188581183,0.10502534766818677,0.54060636666391,0.10645700824380307
3,1.610090657958781,0.09422335084723926,0.08290207232445503,0.08897872582659018,0.34588124703343026,0.08191276177426426
1,1.9114316285253223,0.06961457271707555,0.05441901071234032,0.10745865393460846,0.3207874220743679,0.118900637658226
2,1.5657986551608813,0.11171965814831263,0.04644507374364823,0.12074445272834157,0.3639979631787171,0.16701203100009643
3,2.1926341339324873,0.14523960136981695,0.04236089022164693,0.08095217088932732,0.4392044059854025,0.11665854581248572
1,0.38244435539389243,0.16009068933850767,0.05508564011579764,0.046415074334572294,0.3262626376864092,0.09912636277274914
2,1.3254155104092398,0.12426831841569691,0.038991855972890024,0.0661264861569863,0.38231535894051116,0.10349609178619756
3,1.236200760374301,0.17290407201181685,0.06953441963601538,0.0978807250093425,0.6426732146813872,0.15339026700620995
1,0.9894917340806791,0.16369528174024947,0.12669642700641365,0.04036466693234888,0.2749613878437805,0.147255848583545
2,0.7149679386903666,0.1361703663116236,0.04534872604633518,0.1140462773220788,0.2354893723544141,0.13884343171810054
3,1.2745465266095428,0.08995843793340229,0.047966717259015516,0.13880345111137557,0.45223918920862927,0.07473659882478978
1,0.9859500533336466,0.0942182091255501,0.07288903433608647,0.1425396561271226,0.3279062140374563,0.13067018534131702
2,1.1886564087550058,0.06949396003184038,0.027352855304868518,0.059164268364618584,0.35424303818901826,0.14737314701280113
3,0.7758995813187344,0.11248056336678243,0.04762070101235431,0.14659062030243702,0.48251684915715826,0.08426084888637535
1,1.8237175632091633,0.08138201531084757,0.0871785390677723,0.07898871170144833,0.49245946479093256,0.1579882452818817
2,1.4386078664958961,0.0761575972533211,0.029432879190336676,0.07005749838503224,0.37774666385872424,0.10100828477029639
3,0.6333002728305226,0.0832668349924095,0.05242996085961466,0.06248429777409852,0.41141853485618746,0.07027733869242903
1,1.459524378819237,0.07692072782849402,0.03835311738367288,0.1090090167857569,0.4138172362592975,0.15484517427266542
2,1.7863165384734445,0.16174071741257182,0.048686922022958254,0.14383512706230028,0.44000580436753456,0.1522167090140042
3,1.8519878835985255,0.10586650849097749,0.09275514127205571,0.05473128272859154,0.3643893164863964,0.11537700184184506
1,1.5416577610469642,0.10265595906571376,0.014935460407957745,0.1585185390397048,0.5279593368780316,0.18401765223296376
2,1.7589283229388544,0.11989304204901276,0.03222504609209379,0.07515876220445113,0.36408312000434817,0.08348335577544808
3,0.9649590817021781,0.15204381661162172,0.06559311005545868,0.06967219265696983,0.41019471722214523,0.09644737951122935
1,1.8598850421462727,0.12529832760894757,0.04213606166959135,0.10306192898916053,0.6066128386214453,0.13379516739048225
2,1.1879414895855056,0.13985138792261004,0.023949539611821474,0.09230973890939587,0.45137323846698674,0.11425257526314438
3,1.1388068875609365,0.11482944414431,0.034574071344912555,0.09132692584185405,0.37060380464073817,0.12304050601211178
1,1.7486279912289338,0.09788341688789123,0.02664330919724656,0.11274776754134148,0.25169206380382914,0.12230393027045187
2,1.3569820186192794,0.11328370888198536,0.02227657889912979,0.03528888624426954,0.42882138932797265,0.10403343610622015
3,0.3764598346620688,0.11815472208162679,0.08471836207319103,0.09928559079263725,0.3443913985595801,0.10716152054370007
1,1.4135634804298398,0.12852727335977812,0.05517408364579799,0.04505868603686898,0.40188701843177266,0.16330346261981987
2,0.7515608362439868,0.09680235586490071,0.059224641260998745,0.15248467686429906,0.3806974453678671,0.11785729243224205
3,1.1813719490597714,0.11494758564415124,0.06262689377395242,0.10151508813732,0.38225666007091275,0.14723362207802393
1,1.7785452163260551,0.07725607369687379,0.06282707058459683,0.030625721562497044,0.5225858480496052,0.11550156927094145
2,1.447212584451791,0.1521730984398354,0.0793657900270041,0.10304260407505515,0.39857137627269285,0.2335198754544598
3,1.1043269711533172,0.0886492260493357,0.045831893684401756,0.06935849608569114,0.4681804938384538,0.13177949048884238
1,1.5573834930531891,0.09003504592122158,0.12215477825337998,0.06521826746761769,0.42728986451051043,0.12000827475695057
2,0.8868651076568249,0.11282468712886008,0.05616331465988195,0.08840054369877547,0.5276224416985926,0.1599621219713077
3,0.5336765280109423,0.16539619517035167,0.019716840143113874,0.16353199025575915,0.4144883391053533,0.10988463207109903
1,0.9255796108756466,0.08929210280287278,0.04039962661198194,0.13328442395877435,0.3228805243360207,0.07921006714442559
2,1.435372767020052,0.09368538225251505,0.030724524676124722,0.11937491298492818,0.3124687114156407,0.1232107515654041
3,0.5016713013481131,0.09361452303032111,0.042068281101647925,0.1637210265795069,0.4666448296132151,0.10105849568038003
1,1.7048586671229502,0.12200745330187346,0.035044850941359826,0.1338835541939289,0.34620871562416367,0.06416727301662885
2,1.702899760552266,0.09673983320448805,0.09441842380170631,0.08528268327199731,0.2316122929035578,0.11775885175476852
3,1.3497398541793746,0.12780713146823272,0.04803253246129915,0.06650790361158869,0.4688195171538959,0.11620458515677931
1,1.5241663542414283,0.06980415586533323,0.12321346016109311,0.16642314408115566,0.3187306546443892,0.09137939975240128
2,1.3955911694387693,0.15847649995534005,0.05678597568801362,0.10495030417997399,0.3301381336011052,0.17680543431558518
3,1.7925754407668002,0.09922788405546203,0.08170492524916288,0.1020374182074805,0.3018661081319012,0.14681257719516555
1,1.3054979384131007,0.11495501109757407,0.051158083986564115,0.10120559867688636,0.290626489177419,0.11332415398253097
2,1.5185860758518692,0.07430545707824722,0.029732633253820313,0.14878088175256754,0.3976427642026241,0.12177288170728687
3,1.7634180510707682,0.13717697203393417,0.0632274433340689,0.12051761488536271,0.41692779623796894,0.1361585902511034
1,1.181657191293106,0.08087926378624449,0.09271143087301009,0.15536181468422716,0.5361891685355127,0.14464988276258564
2,1.0933469808839316,0.14499190622080815,0.01059782648632264,0.12967272856324027,0.41734526048835896,0.17239185441637933
3,1.4661687640756431,0.13041343891249454,0.016528756733176494,0.10093160413019193,0.33661970602534586,0.18569901630197785
1,0.8905435655913699,0.13860282274925326,0.06367085115235122,0.07397904283394871,0.6382898830555073,0.1442157740118444
2,1.1537197093193878,0.10416354080464073,0.05066748471539609,0.11786627921675415,0.31585446653128535,0.13238069052061543
3,0.7749176385740932,0.12974216448313175,0.04536486708440478,0.09659466482118369,0.30423016560302774,0.14046596923650712
1,1.733233407145192,0.09591213138211364,0.07054032781250563,0.08741684414568121,0.3409331774717696,0.07985182861516968
2,1.0048528307533853,0.1515693112430809,0.085505409431349,0.09988874423709518,0.43157458767669266,0.12008275059494156
3,1.1463858313312074,0.17897045582970544,0.1026548132844785,0.12976918950904154,0.4126363686884178,0.07501451367756592
1,1.552458690211469,0.12275207181236847,0.09849724542121649,0.06761346443489559,0.4070460336695536,0.0991087370944592
2,0.3354028197202368,0.07362311440799102,0.02399548351807408,0.09122457317675647,0.4016382381138056,0.12148380109190042
3,0.4342837052020576,0.07318040622012012,0.07512410291694026,0.07242638904172996,0.5151296837791636,0.18506545269644986
1,1.5443549898082376,0.18010308809473688,0.028745437331834486,0.10289820943998781,0.6016351712753426,0.09994822072503365
2,0.1517031223074332,0.09548447361686371,0.07225318845735465,0.10497542444365802,0.44205137204628425,0.1738801041653393
3,1.018239968797744,0.09697643150039768,0.05428621222971915,0.1526366957689423,0.3970587743046937,0.13414708633166061
1,1.9310855255845527,0.08708893072739432,0.03403260200717535,0.09759337237327394,0.4384158030222876,0.15082542057709983
2,1.7332905710713538,0.09518145682772555,0.060947619896254364,0.08270479540726847,0.43180337609394454,0.1194507664211875
3,1.1357586146756076,0.09288484813307829,0.07698902443174181,0.14131876146922756,0.5053524522900884,0.16238788887990716
1,0.9011036069290752,0.09912953333433448,0.06285833687944758,0.09303253645383464,0.37519815636114073,0.08902552520627549
2,1.2030474168456882,0.10594640696361855,0.027586440624362392,0.10682849738371719,0.3443101956854191,0.15154323946779735
3,0.9886946465594775,0.07669457731050092,0.04059748682829641,0.16870666847860277,0.5019167474748701,0.13638851412924957
1,0.7480566595491139,0.15985039338687185,0.040856889356624244,0.13076057796301552,0.6814193855005071,0.18131317796885932
2,2.0652419425979476,0.13541864069459592,0.08203609281142873,0.15575763946236942,0.5449167089282881,0.06410388399925819
3,0.9524893732648292,0.09671533425507846,0.034960353206138786,0.060376730657075585,0.43718323227998807,0.12617741176843553
1,1.051285589083533,0.10591906622811005,0.02863205459333006,0.09528691764458083,0.3818639332093615,0.11725669372631436
2,0.6954011426613351,0.09354433366159315,0.047777851240991535,0.12165858166626492,0.20727329506122175,0.06661798725910714
3,1.316498861148012,0.08258045846090303,0.04012465191948237,0.09992525955865127,0.391337420207235,0.132000737967477
1,0.795878355242736,0.14371308507165065,0.025556324855927657,0.03784184928956526,0.4621451355109096,0.12837707692739042
2,0.7971450355000608,0.09511655725287207,0.019021949411276683,0.13209040372211053,0.3119321912096719,0.14401806830241304
3,0.9246077729104436,0.10614115715931072,0.07574575431436302,0.10542036386993403,0.43276543297261993,0.10622651869976028
1,1.2900041625813128,0.13314170167554254,0.040581579732595026,0.03833464488405633,0.4194450126977567,0.0997948532580144
2,1.2663533796131408,0.13815511098993202,0.03952097331298594,0.12726712281385127,0.4239288930891356,0.19891421616095498
3,1.1740637655120467,0.09670744243819007,0.015436097172595795,0.0762178023348873,0.27406576815779377,0.1564346055388595
1,1.4763233265282127,0.13781761747895105,0.05801344762693422,0.07277923789156288,0.3385648263576394,0.13252837964608832
2,1.6912474001378377,0.09601650209904104,0.06071692214744104,0.09646825027542208,0.4004328429798403,0.10709941564948805
3,1.079153620330258,0.12162898981584018,0.08229162710445931,0.1289152141444178,0.5023411298284621,0.14010835047018286
1,1.235581382923188,0.14794384772607314,0.05146139813657665,0.16440372158503913,0.45680417060634115,0.07863824210742953
2,1.1442887374189872,0.10533684564975634,0.043731556193919045,0.09498758145084184,0.2557017134283268,0.1266658837217644
3,0.5780017112787414,0.10785157315332752,0.042849333356933215,0.11095475221944874,0.5895887054850398,0.07486529978377432
1,0.4784158944554041,0.16052862722872052,0.040765502452643515,0.1320212644983305,0.36624812637722926,0.18618520999292926
2,0.8353983469244184,0.13440418781387425,0.057633407074211454,0.12651475392916653,0.30930954815498424,0.12089437638957024
3,1.28793821713421,0.146130385761594,0.07643927207683389,0.09376214000757613,0.5380454200994458,0.1424918903661383
1,1.4862196745258482,0.10018107485133385,0.053138800221266415,0.08231469965973603,0.43743669738613544,0.12328775628360618
2,0.49377138368502527,0.1261154253376569,0.0800575305070727,0.1073773268108083,0.3677156592111686,0.1359012913282124
3,1.7406850935912113,0.19484621170433716,0.06975426245158482,0.10452161005166741,0.39330921187799367,0.11392431244128004
1,1.2092750359125857,0.13505641792761208,0.06842192706117528,0.1043775841619709,0.3384437536983604,0.135587463704245
2,1.9190309912434718,0.1307824095891546,0.05279286674814909,0.12174028433862069,0.4310466770810395,0.15797384532843822
3,1.2999031888964447,0.09996301091281344,0.01990703633050541,0.12828984155950796,0.32380986445160065,0.2428659189232682
1,1.389851285459525,0.12399274945554001,0.057283752264018224,0.07601974689946198,0.4469401680728029,0.18131258826884838
2,2.119993397817402,0.07291369007666967,0.013897453859955302,0.12166506536850903,0.3367811679884975,0.15077414398761907
3,1.4732897795447175,0.11797567829425559,0.05498385293097871,0.12466722887297886,0.551346791522646,0.13545059025227515
1,1.0318473947957283,0.12515445900444822,0.018037578518277843,0.08862701162995702,0.4546048749904506,0.09271532872104449
2,1.3476999675750347,0.06444764025445379,0.0690449958959853,0.13538296514572126,0.2899880309481621,0.13269168452992405
3,1.015387538944525,0.1351874781830824,0.02641402953850615,0.057560811679466306,0.335344659943998,0.12413212466705861
1,1.1875496329172577,0.14183505028408636,0.03658562863830317,0.13565075909916718,0.3965499243275483,0.13889914799378184
2,1.2293026267221392,0.0962190824118059,0.08900198811669811,0.1005108599325682,0.5099261705553201,0.1712000061816446
3,1.3028829147771477,0.12199981653100957,0.07935471154043772,0.06137072868874294,0.45927380317355126,0.0884314527308182
1,0.8936901829842511,0.07528331201831055,0.031682783429947924,0.12418310483306298,0.1849753346028758,0.10390388483095711
2,1.6302790626359043,0.07005982136153525,0.05099547102407082,0.07638452245035691,0.25386367985169983,0.10796484486314414
3,1.2290441182669236,0.14806572733038825,0.05133906689483865,0.1320706957984875,0.30710656273713816,0.16504546711154616
1,2.0517758938009925,0.12674614472854548,0.04777529702968638,0.10971014407233734,0.5252616141193847,0.10611653332986809
2,0.9685328908724006,0.14885871931894223,0.03726689067240411,0.17794328356548042,0.3825785606670892,0.11897157695679636
3,0.7454068982655243,0.13991744023029332,0.09923991049220217,0.1488875548770055,0.38982502493148785,0.13065920359090133
1,1.13469947149219,0.11150470600772025,0.11721980695419025,0.14317225718489346,0.390808155737926,0.14776260571141345
2,0.7835456973588257,0.14113695027558937,0.027056975526416668,0.12323824518748139,0.3383327803956278,0.05449475317572956
3,1.3305155839433913,0.1461660917341918,0.05852141885357346,0.10934005004603081,0.4428397894123807,0.0986297624533054
1,1.7510319856602254,0.10102800922814147,0.029431466497119415,0.10093532694744728,0.223973742304162,0.1748382104810003
2,0.9494367594967705,0.11844655642506331,0.03046068376236857,0.14436694509773457,0.28269062046799986,0.19017699547360695
3,1.6074478399307492,0.09820456528138083,0.04473360993323739,0.12430276418639762,0.3191794577211552,0.11900556007289588
1,1.4199583370584983,0.1421693274883121,0.08408936265515096,0.07596485236092118,0.39408827483545594,0.1590341962460817
2,0.6318799137081568,0.07772010118581577,0.03603561997853018,0.0900567426785988,0.3406380967499621,0.12557174638270754
3,1.3822361941295374,0.11583246610513385,0.0842802470077416,0.12524551628863104,0.3226260504124316,0.10373829054441869
1,1.3640475207191856,0.08322792753455491,0.05663937403081255,0.06323716830971782,0.4503609065364009,0.16950086284655688
2,1.8257042485316415,0.11518205350068353,0.08353588612133442,0.0807208744521443,0.3241086565058272,0.1144195479555042
3,2.4062920808918475,0.10634822583629427,0.03521365472191329,0.14851362334454374,0.3594735177351238,0.19954289956997454
1,0.8272793972986177,0.12051303985855721,0.09968916655083299,0.08770152915019726,0.33544419317472585,0.12232267346574988
2,0.6202466213774988,0.14148658043837145,0.02257045238852718,0.09480183228834412,0.43623704675318736,0.0700043737089418
3,1.697611528630212,0.09832341995300174,0.062377150144322914,0.07917492496738085,0.23433048623295352,0.13251418928714337
1,1.8055947513375243,0.10043934156033105,0.04339539874307301,0.07335791033171594,0.34646594904168854,0.11839599005224118
2,1.6660120937662597,0.08229115658006164,0.05374749085073201,0.07564621505271056,0.3599795749887651,0.08982036856497343
3,1.4593872079077244,0.14795131572955775,0.0361616177492656,0.13283960191615132,0.35569592256049337,0.11940623476685533
1,1.6904221775985,0.14855623149484332,0.04616463200811929,0.1472341697192726,0.31721316290279133,0.18729133029537073
2,1.3341352190692817,0.07627308664816033,0.10962110226135982,0.10893163990619997,0.3659296470691724,0.17910977907840764
3,1.3097299734242522,0.1333289092158696,0.050714947750361804,0.1018949598157037,0.3393583758816474,0.15427933563717094
1,1.3352055909403986,0.10466331678156433,0.051153664692477306,0.09527509371604018,0.3669654265519047,0.18583164265613245
2,1.2387234645136422,0.0935693072234346,0.05935884341629727,0.15805470771701274,0.17346061955987777,0.13823764903418417
3,0.9056583683146645,0.14168806604680662,0.07040718272995325,0.09482857718652397,0.38120954949511726,0.11910927352826814
1,1.5601415407078825,0.1250337601953052,0.012746320690799187,0.09422896735672724,0.4424408685282772,0.15329471597576896
2,0.2924859393460383,0.15063004926848608,0.03327694790228536,0.12260089225623277,0.46721848751932415,0.055274064070767376
3,1.0591409000882488,0.13512904872808137,0.038240744464005556,0.0893823560171779,0.42273089429870403,0.128869054803712
1,1.3789664089573728,0.07893049839149226,0.0389117746594366,0.06557882839812257,0.27299764538498345,0.12382757865996623
2,1.2089996184462197,0.13875698286367114,0.04950049600100766,0.0723978714280719,0.2700734400479434,0.19990312610072924
3,0.9262135955442626,0.12169335419195558,0.058408164475406255,0.03791543455703083,0.2877293940056048,0.08005344245542809
1,1.533757709310313,0.08377925932761987,0.06236001705604044,0.08187812726779875,0.4339534118625741,0.11007985270934678
2,0.6889181484539291,0.15911128024547438,0.0965088581320574,0.10088752461486736,0.41535564998623764,0.13614082602633926
3,1.089960366877872,0.1621310034752798,0.020178090452865432,0.07803817534395106,0.4018734646883928,0.16387889112065895
1,1.1578542042363906,0.2232792429406663,0.03167749021258595,0.0651962224414104,0.32791052157450173,0.10633923739536064
2,1.298502632599985,0.12981564791168418,0.04788891986270489,0.07960774115394134,0.381563742393947,0.1382245759856285
3,0.8597255683751027,0.12852967828811773,0.060750474418405295,0.09410728106301501,0.33397964092719523,0.1667563771789032
1,1.3293442621689457,0.13595144198829212,0.11290772176721536,0.03281422657002879,0.40600065138127733,0.16470357936074737
2,0.7999138880288768,0.15991389961469438,0.05267740165436727,0.12565534475564677,0.44093743412497916,0.15298715269487467
3,1.1709796333968112,0.11619889566499954,0.11483981343655988,0.15372452290296656,0.38142316390957065,0.1274609086207957
1,0.8348218313607741,0.08606712281502513,0.04983529339285443,0.13162388022868957,0.34458455129733573,0.19241043165087285
2,1.674966139149582,0.10461832171704123,0.0984357818300397,0.1274594096219807,0.44083269926721563,0.14755227966125165
3,1.1135268455748224,0.08116703853581375,0.014321499816133225,0.13862200815391812,0.3576357152264,0.1570238341181911
1,1.304482585738246,0.07375439491871749,0.021161900823946513,0.12418255195384723,0.272359706025127,0.14728879316054969
2,0.7396837913474602,0.12231597812096356,0.05631876044111441,0.07334625243815047,0.3196330413814188,0.11803173321056051
3,1.019730731746591,0.11920702499813435,0.06513166131492673,0.11452465625166196,0.4434894592846952,0.06056272926408682
1,0.4218366126770994,0.11229616034496066,0.09970973910118808,0.051853037930624325,0.19188585875049885,0.08251396766826329
2,0.5524878294639795,0.1383684730863484,0.0349964148979023,0.06314419985969233,0.30590804908554503,0.11422877547472843
3,1.441735446484085,0.1558388853489775,0.05891745481414124,0.10145482454998722,0.4186005158298506,0.11633679633071242
1,1.7252373959663847,0.12742744140562157,0.06885677198164514,0.144841396487105,0.4499841328765149,0.1658244221905139
2,1.116570335784425,0.11992625585831398,0.019942420307723915,0.11768389827052331,0.4770793998620868,0.07010261487675798
3,0.6912786194995026,0.126736432731676,0.07035342014736172,0.09164448359949814,0.4749310736858476,0.14279765743346612
1,1.098280144774276,0.06830137131196104,0.08595416824923588,0.107666470635776,0.27308225705716704,0.1732151356151186
2,1.405411668872599,0.07919020363864604,0.06496719385432578,0.10443623686144214,0.3772061232549922,0.10693368720209813
3,1.5161283643347143,0.07002599641001525,0.06917567280347207,0.12363451268609743,0.5368186962750862,0.12055956722635876
1,1.22595070003869,0.1167526500470066,0.07914301767710799,0.0758044247051739,0.3254935469107246,0.11529132559326671
2,1.8515714715217895,0.16221484441768305,0.05096433371998165,0.12696348625898465,0.4941092896177794,0.14581805001742834
3,0.5377488069081685,0.11746178977530201,0.031636370514326044,0.11744985354535643,0.5025956467464893,0.06769375615031129
1,1.1452818384672478,0.1363439571752107,0.03603904826858553,0.0987132125655194,0.3445158763528867,0.20137016266931546
2,1.3903045092505713,0.12899428286788742,0.08569172366704801,0.14367470956466297,0.23221122465976163,0.18333468772056652
3,1.1507411797130782,0.0679440869382778,0.047931391887378424,0.14457420553521594,0.5340911155096221,0.1062097796114563
1,1.0896871573649234,0.0990765742918816,0.05943116509216482,0.046111869381053286,0.5184302705533854,0.09254700916708186
2,1.1214859079390591,0.13353654708905333,0.029144046436178118,0.09586113971075749,0.2674114947387134,0.1311171756164026
3,1.073557638529004,0.10424911627382263,0.050208422048521086,0.10079101900541294,0.48563069926016705,0.15815199718856585
1,0.5380317367630678,0.08833319093833196,0.05181498887310318,0.14765065787143336,0.3841497160346859,0.1540809028201107
2,1.1928578685710463,0.15067395504378608,0.05854861714030245,0.14268735364588014,0.35710381662845503,0.12030966497281882
3,0.8594764083620416,0.13825265266315012,0.048921242395802936,0.07933974196909883,0.38889407795224407,0.13459439510951748
1,2.2716268816501914,0.064368917081137,0.050933083992575005,0.10766369618467352,0.4432827812793189,0.11203592824206154
2,2.138105534185596,0.16109195409291757,0.04557435608614794,0.07177158113257863,0.46557534950682644,0.11245364831553394
3,1.16499385733264,0.14781252039237147,0.03843394088963605,0.08293855480353926,0.5958317849022061,0.14512965749529727
1,1.6492899167792867,0.13369388077415756,0.06479113296005663,0.10252898500848333,0.34856372492512283,0.09247476300837452
2,1.3625217914327445,0.10033451706692925,0.08456811800798839,0.07794405935548594,0.25308203575547505,0.12192506911472899
3,1.5205516629984936,0.12676477696841415,0.02307606003402717,0.11925533915183666,0.24955365195966325,0.06985164351284337
1,1.285496413988462,0.1330778938773328,0.05566147544908274,0.09485977493447553,0.31239710067889387,0.13668728326793356
2,1.5715127788949934,0.09647786024098273,0.11195482680236439,0.08830165634354055,0.3639047951547263,0.1336249529206356
3,1.4409637740165624,0.09310688467653148,0.10465899599509426,0.131355626884776,0.4706374632110048,0.19261433414138235
1,0.8530174188892854,0.16627359960563007,0.05330599306817778,0.10172245228396472,0.4152883125383282,0.09662517607893249
2,0.5564825872449719,0.07839834081239266,0.10427846220692409,0.08851753347564872,0.4760978060738586,0.07747143807418475
3,0.8000136890021056,0.11683271011171176,0.022344194387022825,0.1243890228336209,0.34583519658261824,0.13085781013562095
1,1.2110994482526385,0.10667837013401073,0.08755957427339467,0.09146252471235707,0.6165147542645015,0.15655865984158548
2,0.7889230291454284,0.09370797509228872,0.01313094260697991,0.17007302199555088,0.42548146945072346,0.128430110241685
3,0.8841212917896064,0.17696008763981527,0.03551226592057809,0.1336357330884769,0.28501204762789945,0.10475894875050505
1,2.134501462848902,0.1655648224858816,0.06513144220572756,0.12456258332804836,0.40322709243807187,0.13561969454451767
2,0.9379348700771396,0.06736759902987652,0.053934588913867584,0.09959481696295347,0.3734818013200758,0.09226119221795943
3,0.3999262756381007,0.09932513440815226,0.05321277556269219,0.07202754220986832,0.4770350288574459,0.12184827214063061
1,0.5562717131559141,0.07261357351503736,0.01132384988944124,0.05893401847916223,0.5476709650027501,0.12538419383495072
2,0.6427126750283956,0.16446434785955827,0.03713150782832331,0.12183894130489524,0.4153462595147951,0.12243454152974127
3,1.3454278086885825,0.12829740590283045,0.03328013135438279,0.1274240745758121,0.5342201209100464,0.1404063799720745
1,1.604850858565094,0.12056508686252006,0.030242517400103627,0.09756088585063151,0.29296159444931363,0.13521549546709935
2,1.5789905736083192,0.08669935986339766,0.04347579775425408,0.08438753196411763,0.45885252613020766,0.12644371478623376
3,2.00818224816517,0.11188611730320973,0.02700602972607919,0.08984141947822584,0.5050972967968725,0.12239742500516206
1,1.0812502669030726,0.12296564382043221,0.06831774914741505,0.1331136595508482,0.3978980451377965,0.1392142811575058
2,1.380210087866821,0.1313103315871258,0.08248141570058952,0.14765427000935727,0.33262624907717814,0.08992068301510234
3,0.6210672528633031,0.1141358190020817,0.03378125261492605,0.12325848896394599,0.3269076103953814,0.08442926281830801
1,2.090351697784323,0.08630853057072849,0.04993561628416861,0.11860546143216535,0.5630613852651858,0.0871732608939863
2,0.657998643413203,0.11291122983267618,0.06451840276409467,0.1581369052677386,0.30854952575817335,0.1159838555312714
3,0.6236760038915238,0.08631962855206553,0.03668055434963897,0.10247654657972756,0.3702474451417724,0.1857014382944429
1,2.0869865773268312,0.09355651931120114,0.11895403825869574,0.07871979944841268,0.3728170144155022,0.07413584090261346
2,1.8959278706927498,0.0718119383124595,0.04422003606824831,0.10477621148469363,0.49265369487277866,0.10698381504741407
3,0.6383986462326903,0.10975745364224093,0.05484302167334096,0.07685050974499169,0.49797362694908465,0.2010523650733268
1,1.8090925734445693,0.11912339592270074,0.11158349574658771,0.1160963354630482,0.5573734326822495,0.08443407291338001
2,1.1956837360614156,0.06409594786030236,0.07561637680673355,0.13479359830756277,0.5542599872681397,0.08817773565481343
3,1.7152955955987543,0.10327421835854668,0.08000573216149665,0.1071487546015439,0.4390735278274299,0.07238889266052248
1,1.4440345541376292,0.15012197535581367,0.10859592165592283,0.11204651426301158,0.4911455486817651,0.11963560870440043
2,0.7191844227159789,0.15560940569438791,0.010800748565786236,0.09069885332808916,0.20931422457445345,0.23291024498829258
3,0.7932946515141864,0.07197121364865927,0.021930993238342206,0.053554828670822195,0.4974946293060657,0.13319135118011652
1,1.52990388279684,0.11513627901559748,0.0357366286788977,0.046668752189836654,0.4883737641497219,0.0846750091811927
2,0.3878481982475811,0.07347571858508598,0.014988973892037068,0.11808678289224309,0.4660317998743937,0.13172465216692933
3,1.3891808448394174,0.09576978472963783,0.06146765418840536,0.11475707956577369,0.31747777084156703,0.10250125554494055
1,0.1586923574205159,0.1494767219360919,0.09871745233557168,0.12614763487936656,0.3964479343343211,0.08302926958932813
2,0.8781645202570451,0.12492218534568073,0.0859279067218731,0.09028235363387005,0.3497354129562508,0.14351428477584502
3,1.356056116245626,0.15086444152640655,0.07086900080105173,0.0687138322351186,0.454135048673904,0.05492336598722895
1,0.6089374321654726,0.1663282768103622,0.08728599119025526,0.13200769025164893,0.5059194916998611,0.09578609210329878
2,1.0342690184730885,0.06877258371944636,0.06782321654800447,0.1579733093717034,0.2840836625834834,0.1343709528066017
3,1.6791215908786208,0.14121285061657343,0.049000059083158735,0.1181649384530091,0.4570069564289514,0.12269310035663433
1,1.2551035938093624,0.12900324621568138,0.1028220265021213,0.11180844215204981,0.4442004030000203,0.10419091943703185
2,1.367713466894777,0.09203728955878333,0.06602637529570911,0.0951337575299656,0.4203088366840315,0.1386188394566411
3,0.5733844324169499,0.16575239227147293,0.06600125847965299,0.08662274852628361,0.4475098349896361,0.15945468152117756
1,1.5537346988287328,0.0910963579986625,0.04117109131719304,0.1317177850355969,0.3113033727225488,0.09392227836113204
2,1.5999119214763344,0.10898801330812612,0.011492390595904269,0.1025062699060988,0.4822183401882664,0.09868348685261374
3,1.1988252521397287,0.1273786010991097,0.08578317850970779,0.1220121759966276,0.3833725446047794,0.12458334299410939
1,1.2684891258062168,0.11981522584166543,0.0383464614307312,0.0931154416054161,0.3034608956890657,0.1290425678467269
2,1.5329636333897732,0.06593903395310302,0.03570845857459452,0.10692198713224513,0.6467647486604143,0.14014304139595846
3,1.742739977782055,0.13056543085838468,0.061013882684909884,0.05399331515106671,0.5184670111830448,0.14892715733915357
1,1.39745916274766,0.10897323958809105,0.03335098166219422,0.19187988932850938,0.2797355021492336,0.1987505280629798
2,1.2492603445900812,0.1359812093387278,0.04229481167774245,0.08288604557824324,0.44445619284535187,0.14938416056799134
3,1.2820674833358956,0.09016333545894932,0.0369171767585307,0.15211421618673207,0.2889831118610155,0.1524909725403087
1,1.571996449841496,0.12801302460627714,0.06300123294475703,0.09212671586106214,0.5307533651486597,0.14605778436952832
2,1.4352167377865783,0.11506315326459883,0.05862056035450808,0.1335393558458693,0.40846955307070826,0.13127706434975178
3,1.6616124796475706,0.14268503473603014,0.022404181552446698,0.1189773615014515,0.41161731105067706,0.10467318767471584
1,1.7031183272801624,0.11996282289204929,0.10238816848754614,0.05873331339205368,0.4342927600605303,0.13608298636672142
2,1.2667743699761758,0.14775828933176033,0.02220756864312624,0.11206838032255853,0.36879506232941317,0.13896272759244493
3,1.2593942050278415,0.1197850741656003,0.06478814117395676,0.11880596959323836,0.46383362569288156,0.12426967317591732
1,1.156128891234714,0.09210206574490964,0.0852656925305862,0.12306255318693442,0.45812475726809865,0.08644296550180183
2,0.9837552225637844,0.07471118971291685,0.047836605408087186,0.10862569424782464,0.43504183500040616,0.1482211416535403
3,1.108301029534505,0.15548654814434987,0.03340418025991469,0.10856223875858623,0.6126456043081645,0.1265343255288441
1,1.689775772124441,0.15017450070754934,0.023546580796029514,0.06149927100780325,0.20570779980368134,0.1723687114788026
2,0.80076604417234,0.07691611134791598,0.0930433695664025,0.09573535586598342,0.4916389616688266,0.12414876595740976
3,1.896660889527825,0.06806029872786695,0.0491040578986523,0.09221349079873892,0.5628768352865285,0.20112408887094277
1,1.4413021561119637,0.13120645563553837,0.049964317201649615,0.1769497828970297,0.41362431280269685,0.11112669084834315
2,1.1421298370919766,0.13901066957274935,0.0630566303053394,0.07890438253655724,0.5296906198213894,0.16286375138143905
3,1.1553000414221504,0.17310433443751636,0.10940052215237388,0.1252334492572461,0.371504975776287,0.09596949596367309
