object_friction,pre_approach_linear_velocity,grasp_linear_velocity,grasp_closing_velocity,grasp_stall_min_time,lift_linear_velocity
1.1309158652759312,0.11658407427742132,0.05804761475324072,0.08505277639902659,0.3095546137793592,0.12314080390225259
1.398683381194937,0.15767603111462247,0.13407498471949225,0.09843622229752066,0.20974322549563762,0.099638840252132
0.5469974297923994,0.14858092980227897,0.02593129890281942,0.0543287095546193,0.28460231316606954,0.09183242309689685
1.4254024377923304,0.08945806793845466,0.08033017907798809,0.08922719325275583,0.2549421991441416,0.1413760820546904
0.7596450915067066,0.11276658920651152,0.01273040393725456,0.06949838872556492,0.4449971854147486,0.09173015375256653
1.7471710971962142,0.12312812433497175,0.03319956375759288,0.08457540875669109,0.44944119361510365,0.10372978679655792
2.4180288922675315,0.10476856698420894,0.04520003542054671,0.12017986695826874,0.5050643660818748,0.0757415156461747
1.5766709745953515,0.10105435694303813,0.0842184896535708,0.1568344816611609,0.30171786006354295,0.18491995311029552
1.1232049266322033,0.103052416711399,0.035490837278710066,0.1468916939972908,0.28623575827453557,0.14799918372655707
1.938328261176002,0.11355871898117863,0.043615043340460326,0.1470372362837459,0.5379585598924117,0.13173845572381437
1.431764888773507,0.1229111445336023,0.041761834034336254,0.13663233044270945,0.43823587910915596,0.1614801518909146
1.365998924960533,0.07737620309785229,0.012604847618236104,0.08724039990353626,0.5692849557240475,0.11836470028317822
1.1019913411898932,0.12278769367493395,0.026141035807994335,0.03954294223802909,0.31266902613923353,0.1426608602712666
1.6444935488691106,0.11396409269747933,0.07361230305497045,0.07336471933588058,0.30776688760473614,0.1589762663046655
1.1492862429093766,0.14955717041486433,0.0534859199342796,0.12631488381704484,0.5273661869152062,0.12640394237679028
1.805702886356666,0.1198421059057194,0.031288308486163416,0.08250063093791024,0.4325207016531139,0.16930123480176126
1.360263298886798,0.1396581898918952,0.10322308544633935,0.08719875514739438,0.36686481272572835,0.08668322390947575
1.1483994879067865,0.15324144890819835,0.05094479197906074,0.05973057622721889,0.3190504395949834,0.09651846535146345
0.543604091081674,0.12035022662294902,0.02787173208515492,0.043496629003040584,0.33799351721754983,0.10275413274340231
0.6304537034770412,0.0973573665827095,0.042443362841034414,0.11169719119558368,0.2694958543187361,0.14150911692395132
0.26832143125999086,0.13191337860476485,0.05508613636730464,0.1311354570653177,0.45186370885409055,0.089680495315836
0.5116648090370453,0.15897633814114082,0.05747660491221816,0.11551114202749452,0.42620062072324666,0.15168462352271733
1.4398510789642358,0.1216915641592291,0.029827968508700994,0.052461538376234414,0.5101229294179259,0.10853071047657797
0.9797918030144155,0.09188763235442934,0.01845995894337967,0.12809382746301573,0.30143294434157897,0.08040132461299887
1.483368712339871,0.134847339564138,0.03793205777053904,0.06957992434994971,0.3328137027576022,0.14622959805375765
0.9894019985028557,0.1588037305400662,0.03364399797113084,0.14996143650490038,0.42518525874495544,0.11860266899144487
1.7744296416583718,0.1044530079832458,0.045450101214758475,0.08399501652400256,0.5311887272582729,0.1367224092114764
0.71357691249819,0.10981574156939275,0.01770971813144399,0.09390144531229211,0.45040464437082534,0.10442025409927752
1.788340678779084,0.1319969406702987,0.041866011720141004,0.12588108531728717,0.42023565495628507,0.1550842621516753
1.3863209286526048,0.1519968848451248,0.08812914924056356,0.11700105662000328,0.46040737198523085,0.10695528206181623
1.4317556786651788,0.1064593736560569,0.037989694197256355,0.13045439140823825,0.4545102160381564,0.19696150200826093
0.8587291631249967,0.09810858503739227,0.04291969001684425,0.08879788989368279,0.3981837461800252,0.11721726452457243
1.8374601580254224,0.11760289801917083,0.04412732371246582,0.1072870127135931,0.4687764336735586,0.08309151915291768
1.320744853231533,0.10324410127229867,0.08492180297334276,0.06977619613254152,0.34583685162092864,0.15571139857017977
1.1888556063524727,0.06163767140590916,0.06257533320987965,0.14532489281567879,0.5019484092926765,0.11177775887571248
1.0257442673956083,0.12240937459040821,0.04191583831955075,0.09566913744888973,0.6358921577833658,0.10666010101193518
0.9021399929918761,0.1505530650576689,0.05049631787787158,0.09112041043672882,0.714695465421543,0.09758053521097494
1.319280296195622,0.14075386369466408,0.041628300144389015,0.10278117367663236,0.5706700364982481,0.16127329205861402
1.7054686892688946,0.12896960177824682,0.10582653231570209,0.0807698804608931,0.38698781920593595,0.08026002385226574
0.807063387734905,0.09532216880993263,0.031130195216743914,0.0843826187168049,0.29749466555243437,0.0944928662105738
1.7250968274675598,0.15761399248028551,0.04540580017114773,0.10492481827671751,0.3467517198115792,0.06706052790142708
1.1640440881738543,0.099477670241605,0.0445503282024906,0.08005995499591599,0.18956098355773016,0.12249985423556739
1.0042589878340524,0.08047715098588154,0.047474641560658705,0.1433773688315305,0.40153729336105104,0.11037698324309879
0.7191311217326567,0.13979765496155586,0.050120892428823394,0.1448323373462115,0.34632425694325675,0.12019934649688782
1.1201725930457127,0.12298118101311517,0.08550406034920073,0.06856877648831465,0.30129506861764455,0.1265785615669774
1.0429058992583293,0.11998351091527275,0.028941097042051313,0.11548342894258386,0.31905435879924293,0.09813618903305608
1.2904096866127062,0.15744036575816903,0.03861261866931535,0.10563042020351653,0.43393357317880965,0.13926794021700112
0.8303200031063891,0.07564911942159278,0.04949229896060588,0.15507391963570533,0.5022534450280736,0.1045685077223028
0.6535387791282736,0.13046176615096236,0.08203924121653214,0.12558298189978953,0.4872860775033807,0.1509767316398707
2.060381722832574,0.13848869088354268,0.08152094685843492,0.13986366006151124,0.20197280153138203,0.13440030632678165
1.473347489626089,0.1239237150624859,0.03830501483266199,0.06212974128151134,0.34174040944093265,0.11232154213264617
1.4225397590294988,0.12657995010174478,0.10003227976781111,0.06952466716730189,0.47267871454877775,0.0985904747910411
2.243436671778081,0.12272603320487072,0.028589686195092966,0.0847602743487156,0.37563692065666054,0.1717702264954989
1.7381573272287183,0.14367296181220404,0.05434318786070466,0.128306245683534,0.29000624477892334,0.11084565010835787
1.8314389728074032,0.1296834890382272,0.044902112729836546,0.15671202426501313,0.4942534428365677,0.16138123141316443
1.3749792194583035,0.15236546724515998,0.04870958328752016,0.10370072096323975,0.2910230470552123,0.08922889054562792
2.1682126652667524,0.0651536135959315,0.06088522734136402,0.07421874623274624,0.44193410982463066,0.18339126205547268
1.5190015091757385,0.11364750344447155,0.017823314928981177,0.11606963969770895,0.43893415092415555,0.12520485806874204
1.534647541605765,0.11135003723703185,0.07254794315560457,0.07622736660680225,0.4601531530534142,0.13526345615440535
1.481196517713391,0.12470010223523458,0.03895875256337013,0.08980926888147572,0.48913096632323483,0.1321062541297581
0.9233753350383719,0.0989139413314421,0.014245679231037457,0.11916363340227393,0.3265366129995428,0.13460141660894687
1.7617580394190402,0.13482664141252249,0.021201434231088535,0.08858746378772685,0.4129541148451006,0.12810182729088118
1.0964710133306261,0.12027424879018195,0.028874438821133983,0.12414674428351424,0.4361905632075478,0.12948360572617323
1.400570086647587,0.10639320892223017,0.029947195445235546,0.103559525331782,0.24928018008137243,0.15761008586645647
0.5118397582389346,0.09153147364818556,0.013131155472509655,0.07781624295864684,0.35612486918881214,0.16211131483538307
1.1645020063558962,0.13694109326287227,0.03009042918992466,0.09545535288774594,0.4437583214013036,0.13078051994984538
1.029689973171576,0.08694122189768129,0.07066633286858762,0.07651370296014037,0.39461334854853986,0.1259715359880289
0.5392071715028587,0.1157590449504032,0.11292503958662421,0.1082605213798212,0.3917776634445173,0.14292689384957896
1.5521578220728383,0.10506714703975929,0.08543853953056182,0.12139971479395811,0.3765639467250602,0.15004636670464155
0.15823600664747195,0.09057891572930708,0.06935137724981355,0.08041507052963019,0.44453214544352254,0.1714192665871937
1.4467963219827,0.0912550744594987,0.12038251588007762,0.11292519629667847,0.1803776859092363,0.17007692747993358
1.4407962644021532,0.09022068273237845,0.04621488637405773,0.1100545656583754,0.5227604088295641,0.11704819188845667
1.5504627408174516,0.13840916679663073,0.04956290115410336,0.06267437655527786,0.4597296488954629,0.09198226042174817
0.9162656970559492,0.10230517964864273,0.049206786824206275,0.11976746304546665,0.3098929197823551,0.13697561335793043
1.7795507102917167,0.1436328699026092,0.11115328771559034,0.12312118114518493,0.34671954838914176,0.0938649719393933
2.0058231940157,0.12445535186810235,0.04165380553225876,0.04776354881240963,0.2929872872634639,0.11287830550574902
0.49279248211420756,0.0936702286236882,0.055621780220984886,0.18459084549227756,0.48305777049622073,0.0693453258270158
1.6330045661946795,0.13540934888408088,0.04796168305318966,0.1355836733993075,0.34021696153913716,0.10831645266205422
1.7626481904660625,0.11122094894732672,0.035879280282058834,0.16907389015958896,0.4190373195709694,0.09467357760343176
1.3567768794547705,0.11462715526184394,0.10783306307061183,0.06541702889515366,0.5483326024255719,0.1840914976452199
1.2451082619717377,0.14347170961711092,0.04973989653450213,0.07955790551568655,0.5119103067207013,0.1124527053953002
1.5494311022382605,0.11720137121705343,0.04181124373629121,0.12173532450214142,0.5780039657176319,0.12408590176101639
1.5840850884668793,0.09525699142165832,0.09363384592297243,0.13467340224683735,0.42759460175795666,0.11643576281648525
0.3748094666448031,0.15112530920692865,0.06398718258878731,0.09453385095811809,0.5986799268854963,0.1428449465250112
1.331682719740171,0.1061758690604511,0.026142091710168514,0.09493394484413374,0.3063600064791583,0.05222324379206625
1.482333611366309,0.09741945500993687,0.03319305665764173,0.11736626242089507,0.4019730674182089,0.1378305081294805
1.1559123179257726,0.11079215401561959,0.04306512100986779,0.08328167403327805,0.3866776445152925,0.1165733191444927
0.7109188962841196,0.12212834111800425,0.0627885415309869,0.14719929232433465,0.4512748326112528,0.14500250536786224
2.062308464662368,0.1392563328685682,0.03342548054284004,0.13358625817707445,0.41784880854590006,0.08701976565047685
1.1731844371582212,0.1510561107339486,0.05524518816068509,0.07573013303935353,0.37008701846165676,0.13841861373933242
1.8637421149886024,0.14111221181897474,0.04506535526809219,0.14813428409932045,0.32302387830742435,0.08767714618256495
0.7977431409351357,0.10616649263692034,0.05857894558446124,0.0969802921603777,0.35349339913306754,0.14162172928560418
1.6161815153993613,0.1045925074482544,0.03542024299619112,0.10213426346763076,0.3769080820735212,0.14010206533538516
1.7473152616675232,0.16414357078774047,0.06505602586573925,0.10965501938426782,0.5879685309474345,0.17270676857892192
1.0612904307008226,0.1408068048708211,0.0410229442286206,0.10856820282488429,0.37974122537633226,0.0966145422844883
1.7991236955666368,0.10325809627698194,0.07732472048686673,0.06494328995347701,0.1865100615973305,0.1250144396544435
1.9550112516979337,0.10269018059347675,0.06396345931884687,0.14362349003185443,0.4218854837103663,0.13368152834824876
1.1028579702993428,0.10714377840881444,0.10703255839787236,0.08809012042724598,0.4108732668470865,0.07664197463121487
1.2203736604944448,0.11304419513310111,0.06173799371187619,0.09382504390899159,0.39387164207144015,0.1423307825152342
0.9649974030066588,0.07032992403194627,0.10007397862543348,0.14007908798269925,0.45623167593958863,0.09289513790124682
1.1358267471736532,0.10094245787957923,0.09117715348361345,0.04234814954184043,0.41462153681201724,0.08113336955723285
1.2201141779898388,0.11333436586971955,0.04973941529934671,0.16595823159290918,0.28831816938875565,0.11121449208167677
0.9482394108719775,0.07360828453857698,0.028499498649496195,0.12687675501229878,0.37600196091861676,0.09394039070136517
2.2052618277875684,0.13828845931786873,0.0909346548887841,0.09869554464635745,0.3000157835132822,0.11703742001130793
1.7594405814326726,0.09652665750854547,0.030162312543866785,0.11668617545468003,0.3286414868109186,0.06464256948497318
0.8690915790811301,0.15187284095198336,0.06693347000644022,0.06049053069154082,0.19969243380597057,0.13919885556481992
0.46938238311042024,0.12112261069845534,0.02879829695692595,0.11423080175950386,0.4401337091852985,0.1297271345686199
2.227382456049777,0.11585939898230187,0.025705514545601684,0.09111996925021382,0.30996760339472107,0.0899845831269544
1.5825160358629748,0.10758211905334063,0.05833806856296412,0.15158032361863388,0.6083989670177281,0.12496885982509302
1.574911457746959,0.08649644127909371,0.036963196078472836,0.05252032561712039,0.2311075959339701,0.08119655970408363
1.3217053762666882,0.13072922040977578,0.013469773255170576,0.09919699367961189,0.45615414399624427,0.14157434053686735
0.7378148231298067,0.14043142301363168,0.028811030831830096,0.12708561457798767,0.5670844278305057,0.1795735073526986
1.4468795392649707,0.11593618717319527,0.10985159929849023,0.12431121410656717,0.16738408523601,0.20690067901438092
1.9515510152772666,0.07897082374214606,0.024037916161711966,0.14348529062865553,0.3891718279658981,0.16434009074131134
1.1754256173835054,0.18020553936263328,0.121187618914008,0.08763372301665151,0.58909364841756,0.09193561907596912
0.8502402172812621,0.11713295692139164,0.02712019349500311,0.10559302393936237,0.36538457055715123,0.13641118318848638
1.4712246311998232,0.11439082512221027,0.056740353370613374,0.08407034075829997,0.387235742298606,0.13839306128846524
1.2596314782437765,0.13186956650279094,0.038157382110546464,0.13488081383625075,0.4543262083679924,0.10096967301999536
1.205218731987902,0.13453114656550766,0.10489532366669574,0.12830869649201643,0.3636356841079669,0.1657346426764724
0.582843065098052,0.1328631704153588,0.06800773584870742,0.0487016752253122,0.3197357419769322,0.20452366070460154
0.5258332730860913,0.11270507752586977,0.09613144117661435,0.16102348598433333,0.5082291212900222,0.14618664577423174
1.5268749455322619,0.11584435414214933,0.016463974668239845,0.08442831559904682,0.49923901130270315,0.15131124534289636
1.2665107548094972,0.12793039733451575,0.058653002738906564,0.11116321054710382,0.34354327697941517,0.12625517160551705
1.0672360599565378,0.11544456103067133,0.07421523093781814,0.09319866170581889,0.36718803307591774,0.18335105300540372
1.9098709834797771,0.11618910261037166,0.0520022237831063,0.08040507708854458,0.41210531014431007,0.11067034783401974
1.3008402475066807,0.13452012024657578,0.044042964640342304,0.12606293692397616,0.4385907657320658,0.09936894013661025
2.131083701173264,0.15995607713362858,0.08180534569566866,0.10355996462688068,0.40949152643028963,0.18422344939202495
1.5479347405387516,0.13695398509981438,0.021956340956835817,0.04769076342508246,0.26263235063680146,0.16454239652815342
0.9195944873039784,0.08258376839145876,0.0702818872850227,0.12545642234327495,0.2826357340668621,0.14053038384676939
1.4059845093567447,0.15071255178885268,0.06952363049614355,0.05144792564801904,0.25758555938892647,0.13298047253077028
0.6413479046644093,0.1192396682222124,0.06864851395868335,0.07097317756826978,0.5741903891855401,0.1438498950308933
0.7451866283484759,0.0991556093129411,0.07378536275226807,0.11958984279799735,0.4337272953736461,0.1360922614667353
1.4338376547193217,0.14089952088401708,0.02126304361513409,0.07943480281574906,0.4817180113409666,0.12135196802875618
1.6827591547432807,0.10899584290422891,0.03616695962008408,0.12419300003645062,0.330298322766588,0.12618779156163842
1.887957458637489,0.10515117266074248,0.062195407169037153,0.13879833708870348,0.472375635285883,0.10900846065649404
1.1707260778987572,0.07331712755982897,0.07881275253210782,0.08329073514642042,0.4602065914184301,0.09905599503798682
1.012454106691279,0.07658206794474423,0.06087904362477138,0.10165376942225605,0.21421621351511153,0.13632114651481617
2.158806183508182,0.15918008427443578,0.06703958107014309,0.12653530248095718,0.33533389912291556,0.13863780839387038
1.1899014005540458,0.1441131400898501,0.03798538180572727,0.10518544576375206,0.3638421287802448,0.14081038808900803
1.4236172464492636,0.12095914791932266,0.07102477370491755,0.06572252072119023,0.5232243156322065,0.09335127202087887
1.1060179661597556,0.10239298931095005,0.036871906936383404,0.10823768569772468,0.4143556655874358,0.16711516724799563
0.8434150524058186,0.1883059325395347,0.06804264425857041,0.10154646344575427,0.4124031197562378,0.10543521097638466
1.6073223144504425,0.14190211864084393,0.0786130250233763,0.12013549116408641,0.5978878359268407,0.11584214692185497
1.7793838788231504,0.1132782868990055,0.02826735519302859,0.1370329389012943,0.36990193060542426,0.11958008582618168
2.0961177681435372,0.07688920068242407,0.0860134863325066,0.03273576679840039,0.3540136584023672,0.0990125855725331
0.9753797144675151,0.12341037834461263,0.1546764846117982,0.15839646271863245,0.48247692687316396,0.11899360564455425
1.0584265192961242,0.09729184501453855,0.0587972220903262,0.08380724144103058,0.5901411834759793,0.07528274702923925
0.994866589885407,0.12498396896274658,0.08336669255854859,0.08930479285240625,0.439076614935248,0.16374654964383673
1.7176260197981346,0.10689043913800947,0.025723127868452916,0.062027375017499775,0.3910623714837408,0.17971788660973326
1.1322063581317316,0.08368899724155185,0.07226759384371066,0.1202834354225489,0.3465687830282663,0.12835219387451746
2.069060551892549,0.06732505768483639,0.10762277782583768,0.12731189860239603,0.4053884576372664,0.127194673053838
2.034417858304736,0.13170659393210457,0.04724702188614394,0.08979836605039015,0.3234393754209109,0.13570986140425642
1.0363734529823954,0.15816610233801062,0.07796391035121555,0.11991251042429668,0.45805849402466603,0.1586844481930599
1.096206559238022,0.12808606153463545,0.015270444654369594,0.09327846317308996,0.368103387080601,0.0802966607193959
1.0888452038084484,0.1271064593642064,0.04808722965687008,0.1239921180318125,0.42898317956903337,0.1868400293680481
1.538915311822857,0.14454309073435462,0.025956174303353802,0.05909292417292165,0.40778332744517604,0.14675421460841853
0.7773605814621095,0.13135026074412887,0.05782935088109953,0.0904720652123186,0.3226787057712901,0.12691472581961305
2.218051730523336,0.10034736991842265,0.044975174454972434,0.10653103921593335,0.44535258659441856,0.12516307944887223
0.5666796715291866,0.08775865298433672,0.04623026136571133,0.15825203241403402,0.5227710273449372,0.11458142814544538
0.8071121197052835,0.14039725470166223,0.039974154731265046,0.16272023779689815,0.4012726402440011,0.0995257670751395
1.6430029052059938,0.15567469050152294,0.035962227047137876,0.036921075420820626,0.3543813615489003,0.07606847567160677
1.3151226565106118,0.13009829138130083,0.0531637992184389,0.050600688211237206,0.39333862648828505,0.10015142118725691
0.7057667521143214,0.10862305485425645,0.07030328404104991,0.06204006635891222,0.30903268709278764,0.11593141775680986
1.7205324680196723,0.11988432025773046,0.11566321222855293,0.05519302255644897,0.27075389003666084,0.12583170324507742
1.2350723119736815,0.16971991492418997,0.04186396635104388,0.1544651020364422,0.24375031920078327,0.11902548798454904
1.6597817724144157,0.12613023832370857,0.041866637696497816,0.1656021761221798,0.4549468718562982,0.1256028290894279
1.494237925620104,0.15588762880061197,0.04537798709914744,0.08119735634545103,0.5407838181470782,0.18734274687717364
1.789626082389026,0.09589966378855706,0.08299802487760562,0.11653532059184005,0.431428573239647,0.08225794993492463
1.9085101907473376,0.06890702631728737,0.07803842509777717,0.12968275781878846,0.4885828118744473,0.171677965511965
1.0318102075464783,0.08941137669565904,0.06821839937085356,0.17022062465980883,0.5142119778547807,0.11793451882417763
1.3769383070851282,0.11219821224528369,0.06597887197885814,0.15782985264575017,0.49523524643744343,0.13707376032979368
1.8580562377256682,0.12624681482403377,0.06458195303796568,0.06542624527137074,0.2648771098636683,0.13673325336285447
0.5292141812372573,0.12168126848148343,0.05548509324707371,0.058229911207803235,0.40199044131113504,0.09546489458771228
0.8862370359277868,0.10773847742912203,0.07128008066253717,0.0962482070020967,0.27250513050832836,0.16399521456701782
0.939250811438621,0.19315852985787949,0.014486264250362101,0.09355669629397546,0.4091049513830892,0.08357051489726827
1.614166313453115,0.11200896690639633,0.01279505741843516,0.11888422346747762,0.5169845112190019,0.1378693398247035
0.9988855206899186,0.16220345622163052,0.0870397600960762,0.08887356880869272,0.5395331004395649,0.09491894304356951
1.5820726723870817,0.09036788042080225,0.08843741305847205,0.08979529623080774,0.47450363906707044,0.10799541547075737
2.2004540400505155,0.10145629366166084,0.02073472282282072,0.08232721253966174,0.6644072268783932,0.1213020664526245
1.4976570022409976,0.09112356640674947,0.06586056774335128,0.1484710148596888,0.5181534602709676,0.13782218504131197
0.7462080837901061,0.11125519224778069,0.05302618653789824,0.0947561846216971,0.39419187026230634,0.1437254609824611
1.4454881157547905,0.09804547241366825,0.04039521063475331,0.08703852007504376,0.3669754173669202,0.1407404386344468
0.6762405657683148,0.09804436800663847,0.03187230988547763,0.10952902070462357,0.2547358455503903,0.07537426465890494
1.4969659308377135,0.12397391700881452,0.13343358828188606,0.07049754801310466,0.4448154853099071,0.0745381884954174
1.1449952168635065,0.10588132659772304,0.0849157756996411,0.06335960460842814,0.3640074888511642,0.12098133765325389
0.7499468454378173,0.10805796407472915,0.024568187187288072,0.10509692305103491,0.3678493602625792,0.08097402889162253
1.0706750804210683,0.10632984042251506,0.05255687197031867,0.15107163295312875,0.36061482250261734,0.09921579117195095
1.5814971743238544,0.0915685715106132,0.01339496699785539,0.08013767395605813,0.38000465446028137,0.16190325086273621
0.42479949142089124,0.1515689022996147,0.09004930888617489,0.08788004659943387,0.4739257571408449,0.162824754089693
1.3368713296506034,0.15202935417747362,0.04877512403034308,0.12505648372917993,0.3468184970164331,0.10623221436166208
1.1484798462277013,0.13430965289242675,0.02481962408857115,0.14707296296303393,0.24855252270304296,0.12015615566011345
1.1021222593848834,0.17586567916303814,0.027270724090634257,0.11094624190238729,0.3290718183397954,0.11591470216395963
2.000679353770688,0.1317654248143212,0.028246886888870105,0.11136517121222275,0.31659333629681485,0.11466677558389586
1.2025631073979195,0.08219216448289343,0.058877578305534924,0.10800772009527877,0.18435971858703334,0.14585493821332757
1.3380739275344609,0.12480945756528762,0.02595810911938932,0.08504602499038862,0.18311200620246526,0.10071031089576933
0.3645590495023274,0.1339478534531807,0.03605694300513976,0.09665671498698908,0.3149437699353359,0.14765192634746155
1.905311440808695,0.09419742434195343,0.05022905410005801,0.08126768607957971,0.3154171166016543,0.08557758256410569
1.7480060729332692,0.1586483045973319,0.07146030252180191,0.10201531550741096,0.23597417365200934,0.15298096609284567
1.3057586566119308,0.09095503216847073,0.08151268843045381,0.09350789612069413,0.34402122093935944,0.1506132569807763
1.1557585522224743,0.0750125988036163,0.019098770323234975,0.13074155227684586,0.34450141554898733,0.10839741935166233
1.42678493274855,0.11130673429976853,0.03411933128396595,0.0880803693320386,0.2835022793158788,0.13944636180753478
1.036941072079276,0.10323627260259048,0.09046271984014884,0.07784396688641841,0.471823439455172,0.10341166536231916
0.48448029551776584,0.09373444639695991,0.17730815473472744,0.06224807751378668,0.4049068231601274,0.09916352889972838
0.3061295630186922,0.11873868933958422,0.1027624369907765,0.065341184479104,0.3693623097967475,0.10095692169483259
2.130967101075612,0.11559825516601305,0.08443917259205438,0.14020190403666358,0.41645109677160425,0.1685403894910104
1.1731122986853535,0.09942406574782811,0.07616949975297369,0.08195049325550328,0.46788468820383583,0.13879557231844328
1.0055487313672888,0.1367939874037437,0.01493486809699723,0.09350637356388744,0.28528598342532674,0.09818077236568891
1.3590780010368813,0.06315188539996819,0.09924317735637929,0.09226942331026806,0.320955175294582,0.08476866508052452
1.9181680706842805,0.12713781729077717,0.09140917189413539,0.10347075242735783,0.4666273802177874,0.08467686738074186
0.9928618572003312,0.153609490424752,0.06307456145584939,0.07419722922797393,0.462135414680679,0.09788298374385676
2.0310906561981525,0.13988677243946854,0.0358657008561577,0.160092417312629,0.30353354948191025,0.13594892245482212
1.6856533042748028,0.06517088276287879,0.07727938927440597,0.16001147532337057,0.35578083214179823,0.05908666314117306
1.3859390092751955,0.1262350394556657,0.028211772881532524,0.17462154302422223,0.4056531279101575,0.17985234080868343
1.6779173942347334,0.15103392613466293,0.04851858899764341,0.1197170882476064,0.5391075073751102,0.1203987518164878
2.204179948251748,0.15083103587847912,0.011715929405619926,0.07837704350208669,0.6890030892767027,0.0834191489401232
1.5828340057953667,0.06960258901201723,0.049972876151623456,0.10853373539415934,0.39085754134642064,0.09538648191014085
1.5368880409111145,0.14014024398852248,0.045669358196799084,0.14768359837253456,0.6073046531706102,0.11437564777137144
1.4934122782936352,0.09911685096536466,0.03682341743734071,0.16546317292950508,0.4663759098034462,0.1514081678925404
1.5761822665070806,0.09133911495344775,0.09860379843242822,0.03210420863476035,0.38070604780911843,0.09374007572333162
1.7565373917155942,0.07781829505785584,0.016429100588330733,0.11598830914327918,0.5269206326046965,0.07995084999978139
1.9407504116486716,0.06619147329245798,0.033000936231611266,0.10676683630876878,0.3145882298256133,0.17800615263773692
1.0473871023308712,0.09555846769128043,0.019267772196882155,0.16685166238766996,0.31755540836228213,0.13154419566300107
0.4314318370723006,0.10488631886978182,0.0545645133013596,0.16684523528816358,0.3831409196641711,0.14601475791392823
1.5347457122860169,0.11007457980276154,0.06361922112577233,0.1518179248806784,0.48134358507125097,0.11787307921713519
2.2000728317688996,0.12243515387782525,0.033125100023908206,0.16687479044396675,0.304265870056366,0.08441363391349271
1.9191683067515772,0.12105083142767775,0.0422398939087447,0.044659607134518116,0.39315744123712043,0.09013359095072668
1.0477451639470479,0.1296157534997237,0.029298026706134028,0.12385116050643324,0.3455212668004741,0.14199905802303428
1.6984668237775729,0.10962693297289283,0.035056619079416054,0.11647324679658674,0.2531313682376404,0.09021631625103944
1.1103758641767922,0.12564241195297918,0.035807313327067845,0.06851228723748465,0.2628274457295291,0.166346892160468
0.6681130862196644,0.06320721074883871,0.09165271489625108,0.06712043979045987,0.19022664078101936,0.12259872557280664
0.529352373777068,0.12495380167170991,0.038623361919420035,0.1160568522243579,0.339406498907742,0.1153054922275934
0.6680339029122134,0.13151786089927983,0.033740048112140854,0.05734309637468281,0.5458381613338684,0.15318056642642647
1.7942239478260646,0.09447794094829819,0.03535563618601539,0.07140953143110207,0.3426140334899616,0.08247953040300963
1.6233925520340486,0.11987695768419368,0.021206846441697735,0.0844802874496027,0.2859786922637646,0.08749535783549589
0.9943799446943763,0.09455851890456723,0.01103244855851164,0.17587600280715293,0.24487415632404008,0.05969154965337217
0.5973050010599144,0.09703889278087857,0.034193172843018135,0.1260797337099614,0.35183341974103155,0.16004824860707287
1.7151650388553434,0.1445231088843159,0.030337696227215764,0.08101010037360475,0.22005662643242904,0.11691177706466342
2.1820660096128472,0.12459019293339801,0.026441099739039797,0.16172635429827567,0.3370798157774952,0.1257562720584749
1.5616228975972493,0.09024889026406989,0.05459680377774734,0.04855044526477415,0.41262094384978054,0.11531049704022676
1.0624485629641265,0.11465501462765255,0.0882609873688773,0.09364095027511085,0.45715019347189106,0.1268279234156197
1.864739464548515,0.09849687464360252,0.01660067936096511,0.07901506540278058,0.3890984568161959,0.08230124771588333
0.5969422867124904,0.06647231909219226,0.060422409635266516,0.12850579202400494,0.4228897632215322,0.06694499959397923
0.7717188083594574,0.16265776253474656,0.08899338078296598,0.1132370460407216,0.27980990707176534,0.14507389724939435
1.0986003415206964,0.10683503322254315,0.08774398114265902,0.07162475182341003,0.38040567532416847,0.13084571289352867
1.3165652602701834,0.14108309216851253,0.04413231485602767,0.0604161837077479,0.46301683980647684,0.07505591833156758
1.526423699575204,0.09123354391649824,0.04533402643466792,0.052448845787084156,0.3293053095829833,0.07441065890200249
1.003653337429991,0.12119658563590405,0.03703063428747849,0.0745069212217021,0.35174472807092316,0.110091844582238
2.2257862266056314,0.0994688759462687,0.016890636118468104,0.11733290430568846,0.5119236938628491,0.10604227488175817
0.6359391840613502,0.09642774959710959,0.021581977605095757,0.10787457445951906,0.44941074436972034,0.07691388345250762
1.396842919588209,0.11311091853230826,0.03220663016676794,0.13065022080063138,0.3223531005371438,0.09158410112086306
1.6263006549248906,0.09226913116882458,0.049892690884958506,0.0690691163485625,0.4309237973139517,0.1070224266241431
0.7168833676438576,0.0693099988243414,0.03244162514335946,0.11412881198291662,0.42952601324070905,0.15781746878881722
1.7023236268538045,0.09634981375636245,0.057485613949630594,0.10423402901699606,0.36898385293996855,0.16785711193589364
1.9478700515834018,0.08703547962991269,0.03008309153857793,0.11432133707040931,0.4491677882406882,0.18374901555956208
1.3950703911703122,0.1321300758590771,0.04773891543855165,0.11890494326199204,0.35590481204794644,0.10665283731086564
1.0717120721642466,0.11467346132324809,0.07215511727888729,0.08957278760532458,0.5073374427802652,0.09936321277858837
0.35684734691724573,0.09200748184433157,0.07209961597280498,0.08345164176201698,0.47312911061936136,0.12339124615376476
1.2506118067700391,0.09688169330811242,0.01834781742126962,0.16860786762320432,0.30379962772515284,0.07648488852559598
0.9794692765268931,0.06534165470056079,0.05762624827342702,0.10106756996489433,0.5275270353855782,0.12394177418701338
1.7071604016029296,0.10891290439371804,0.05691928961778603,0.0978163158188918,0.4481686061878583,0.09167340214734035
0.9530474351329372,0.10010476134109014,0.09000314549674968,0.1046926851583431,0.4418422214350696,0.16115993922848104
1.5677577810726055,0.11606551822098621,0.06777901890347998,0.1289224640291619,0.3094322152785267,0.14453133083547942
1.8775559217005275,0.0653913780262496,0.01923534035388086,0.19171572236071588,0.5051671666195289,0.11343260310523294
0.8048560805657052,0.0826425976180652,0.08489824417293988,0.10151155819596772,0.6074062165181395,0.12627859024603955
1.788226149611514,0.10741138264044862,0.09686160705793724,0.1190509564919008,0.5317635470695257,0.12362540268969661
0.754831574738265,0.1315041666488987,0.06151576147098574,0.10959688185314395,0.5568752351329834,0.17746111476013862
1.098197671664701,0.12536933396192926,0.05831633926412827,0.09511621163016924,0.35566483963667317,0.0948945852123845
0.6786969208908311,0.12193130775939826,0.06885377837626722,0.0837932908989419,0.21976880550260064,0.12697197864850898
1.1708087587759628,0.10774617298030881,0.0670438503672523,0.10787104302135242,0.39967731871333895,0.05557195601808197
1.3058917318519279,0.07500408848905639,0.10221194027503783,0.10605688548651371,0.21354869195621765,0.13488548005478185
1.4661519935739276,0.10268117786313212,0.023369499906169287,0.13393874415294696,0.3403676320129043,0.09551380096529384
0.9691566321159134,0.1356976977502462,0.02701536430477608,0.03753382279295652,0.23212120631799696,0.12655868833371703
1.922155423469824,0.09309695916765419,0.06999902044704606,0.08670630569095138,0.4844143978076609,0.12411585901416317
1.4603084361738918,0.0713015878859507,0.056840525710213294,0.07907696969545128,0.3208795488684053,0.14123157031812725
1.321963343854234,0.09457369505838129,0.02973192012559893,0.09396108858562463,0.5461671921988185,0.16120059901473321
1.0522661072047352,0.14275822680821237,0.10111511797815263,0.075570978688914,0.25479327097507753,0.13255309910076496
1.320190849085246,0.18060464607151072,0.10071409742316378,0.18308579596464852,0.561195087895034,0.12804741893882313
0.9559698957414133,0.1261633871781954,0.011171231884453639,0.10493368708729127,0.5153651538483284,0.09995380675729759
1.1748427751846588,0.07500183897081605,0.04803842557864435,0.16340034848715762,0.34790833824312123,0.150864396062583
0.7227507339698631,0.060542492980065886,0.039991974012640395,0.09306777957311055,0.36340231228522113,0.1659222409305445
1.6007708188425145,0.1741589557383213,0.06241010744254949,0.10526733237798899,0.4666739522216572,0.13878740023901903
1.3954711926405745,0.07072053967605912,0.09436138735067892,0.11353832111329774,0.5477498765156841,0.12709985380256228
2.086544712365519,0.08597891077187,0.025062474736370896,0.08874534797157624,0.3974994584264554,0.12069177529484174
1.536750336555908,0.14011770443337698,0.01929091599054279,0.13986056749867615,0.3267946288569283,0.18709223812127063
1.550737675979605,0.08682616746161631,0.0735629573681417,0.1301057248255392,0.4121977538706597,0.10608366828565974
1.0551877928128643,0.08454104843188223,0.0828861990538012,0.1374430275483073,0.45293865808116873,0.15004036441458185
0.3522054306763508,0.11782817227933658,0.05335581502308437,0.10728177137860608,0.4516262411801664,0.12210069990300826
1.2127246525373105,0.08856820129982135,0.04978852140221145,0.0736619390626537,0.47941468535271853,0.11292098093264158
1.2399476325478995,0.14267859871847247,0.0842239631331791,0.16168707578208932,0.2823998429085763,0.14570936864085496
2.232124719871865,0.11499141679274764,0.06464123402408586,0.1132410563782428,0.37003737587560465,0.15989637663164497
0.8464761901653712,0.0771189810906755,0.06893966516564712,0.15290590581586144,0.40767365948638173,0.09527480599955754
1.921139993986025,0.14890773628337503,0.05418893075706303,0.08648830574567512,0.5160617290022241,0.12663630237822723
1.432725147703987,0.08972331665605776,0.016832476635729864,0.11100002935053604,0.6310006801949551,0.09055136103807687
0.7000890467404849,0.14136817637820995,0.10016993142252853,0.10855629042885546,0.4438521343876982,0.17581167438106315
0.8575487972013546,0.09145941424450933,0.04336617815397649,0.11719741767256876,0.38117535418355614,0.08664130457012598
0.4806338053606345,0.09431233802081601,0.05006231135843053,0.1112177486388797,0.17423649055477386,0.058526743456695965
1.1950738583684857,0.184513783008183,0.0177119261026401,0.10767614071839167,0.5705857212546527,0.16583634775918749
2.1340730561943593,0.15237549454394633,0.025894810919244633,0.07925566442166991,0.5056914156270388,0.10811543591441464
1.138702289080595,0.09604404671423382,0.029965536305095176,0.10004807424417132,0.5469352988256908,0.12418338663473201
1.5509809511428405,0.12317271783336987,0.05960420408594494,0.12085146119805709,0.35158708457567156,0.12428964184896067
1.8907317997252369,0.14123427616720538,0.06399904412994346,0.06581819307726539,0.2971999835955705,0.12636344326778504
1.7152917968632369,0.14821254496107483,0.05128360138554844,0.13775546986457626,0.29005571547836884,0.13256354835694736
1.1474001869429866,0.13997969925582568,0.04197263468772068,0.12997407584539117,0.337786344675311,0.10004974433161307
1.8202275312586669,0.10484085640917645,0.06989949043279015,0.12537210254139705,0.48984068855041024,0.11169207982368151
1.0016639248623922,0.13082212450621836,0.0179049039713237,0.08979397739059562,0.45017847605568406,0.12468665192637451
0.69164851699867,0.12047856495588231,0.05528868745944987,0.0902101073842902,0.17898581535682806,0.12483380384829762
0.6464091173480982,0.0615730940614016,0.059296901686279074,0.12602771602577406,0.31759394572434385,0.15312182614450107
1.3522217540299892,0.1268904201166305,0.03804382165289303,0.09170207506924258,0.4709941613905116,0.14200112636248535
0.7982898326609255,0.11829371162825127,0.012939599497203948,0.12080217395719607,0.4127499974609481,0.15631246702842347
1.6743986254613896,0.0802515473131902,0.025992835980359247,0.14063944214896817,0.3858545401087974,0.07822944010763022
1.6198416887639537,0.13442844643745985,0.04544542280947785,0.12616169098138796,0.3275143216095879,0.054308223225125574
1.946760934697806,0.09669115861291012,0.07801754239789171,0.08889092408190433,0.41924959803208917,0.12483874618205572
0.6241468868380795,0.14372278858799054,0.06235496827808876,0.17437631437343515,0.3365599018031744,0.12334837478802095
1.2643609310207062,0.14240662525961648,0.06771332899103262,0.13213962696177173,0.2907323383642252,0.22026818210451815
1.8576660129910343,0.13292732857778217,0.021667257704677964,0.11246618517307884,0.21275381340770969,0.13681501915661115
1.273874921727299,0.16773777803750015,0.03064113094699401,0.14981015111451015,0.49414594245212146,0.13594609588277284
1.3871117948186673,0.11749175689669734,0.02021658231930335,0.19079013785508508,0.46246094089635753,0.14113836913469963
1.0938293959092593,0.14469663162815383,0.04569252822880704,0.05007414325520012,0.3283432038674907,0.06491636460895053
0.7162966397852302,0.12575710246255592,0.1091870778657035,0.11588791995974386,0.3710100175291043,0.0996231708637329
1.0484788872684379,0.11792869788035944,0.04131051290990749,0.19181452569847773,0.5693919896165949,0.16187341558485607
1.185532953128477,0.1457923596410782,0.125011298171699,0.10267930155529967,0.23946560012825815,0.07838715841764671
1.2538425873441768,0.15277915213200108,0.036686552025106074,0.11380503917067447,0.44572265194162597,0.15798024956698759
1.4450255587044603,0.11067196617567193,0.03492687181898356,0.155930313894012,0.27443637654398667,0.09363531097320157
0.31339689494449496,0.11973456249515534,0.06991295501965229,0.11875628473116982,0.4962465019793468,0.15314497513673792
0.5162673289928126,0.15594937879465273,0.012454840751347451,0.14690138403398317,0.44501053746826114,0.14240397377614908
1.4582599616508733,0.10516413431655516,0.03585399275479887,0.04408940569438395,0.33880684218289153,0.08689334580339914
0.7286513141511444,0.11926121743530817,0.03581315520551365,0.10009360804491348,0.3210918307052635,0.09549295090880797
0.672472843980872,0.09382316221321041,0.0403909713003653,0.09648145714889798,0.32740843467659553,0.15950683590942474
1.251186200407375,0.11907335379785555,0.09209142857936782,0.11319400772729495,0.26568044622643666,0.12656005897630196
0.9624966769795152,0.08824586088768452,0.10212443901954213,0.07503247502068658,0.2814053444635375,0.1461743506768961
1.2612819376553945,0.13957452286130123,0.029029464603075737,0.12393689307872349,0.3532198639971487,0.12359009433157393
1.2164168004435727,0.07744580534978812,0.07501557483655005,0.079909580137599,0.638163937788512,0.12585997531519658
1.384916945344465,0.13209263695164963,0.061233567779455475,0.08553589760868684,0.3239446465754604,0.17702586575503176
1.4254418673290474,0.1340052837600097,0.055116408847975445,0.15357820694072488,0.3239981416148795,0.12315108085708223
0.9242313617017233,0.15669433635205504,0.03455559719877288,0.09981766623700428,0.5312821787091357,0.10975137195578184
1.9375219774531973,0.07499194021871874,0.0233480957942078,0.119641183238575,0.4587459325385821,0.1265751313049667
0.7046643825208179,0.13529723292570234,0.11871502334673739,0.07888597683143596,0.28537787497591416,0.07777930649707093
2.219349322880671,0.09447254017590277,0.05401313121971827,0.1022778274406565,0.29877223925250085,0.10970720217525551
0.9126678000607402,0.09469276692967105,0.061206825343369756,0.1408613087175224,0.2827730187223215,0.1503053553793938
2.1066290532474885,0.15742598651936382,0.06883893738776053,0.12945660985691892,0.3351819586242276,0.08518979461854714
0.26085872009611144,0.12197081314165796,0.02565121694452522,0.10847258919224148,0.4172784672474241,0.14063565782903273
1.425930469127599,0.1282624788849882,0.014040837750375564,0.09499156700115409,0.43366253482183686,0.14613283048622058
1.1083356427185107,0.10063928984533052,0.039933008870305285,0.12696846173234355,0.4286806682086397,0.05027575501699025
1.2384770003390657,0.13515288384118698,0.03895533997413975,0.12898832107957414,0.3827499558776369,0.14635543792918324
2.022674749210055,0.13926781057833293,0.05826934221675969,0.09312099030202654,0.45350839979211566,0.15375330914226348
0.7065891527609646,0.09479829426083333,0.11943473118643731,0.1219419441157481,0.38303814326694124,0.12153126668571065
1.1907950577180417,0.1243115132875841,0.011877085691909754,0.10549853437282904,0.3503352310441641,0.18581993981015732
1.5386366311475557,0.1383166612782606,0.08015160623241091,0.10218405423187446,0.4432383620257967,0.15246544722777258
1.3097839028427927,0.10186176713784169,0.14628938807639508,0.11531030653070636,0.4238156627660717,0.13279175701002324
0.5048237275598124,0.10311965003659901,0.06382816242668135,0.13106414825548257,0.4153896218153323,0.11333227424741918
0.918060220668013,0.07188383855372349,0.0913391581959279,0.13749507518543536,0.44708376859443605,0.12845395299036694
1.3803942239318692,0.16286245855135031,0.045126338342843665,0.06805441377511494,0.29987773040241084,0.09117661443383208
0.8042696178419612,0.18988403708963578,0.022894110376713305,0.09366329367097556,0.24217666575123797,0.11610737562345311
0.6483111388611228,0.10345408610612832,0.06848706621728208,0.06667261675681332,0.34372030693384764,0.08572498754853886
1.156792777661329,0.09137449612474392,0.09932463977269138,0.1430719844081489,0.2746705921213968,0.13589427185455508
0.606544506918411,0.099258885647314,0.01105035232529896,0.06868948876304076,0.4482336454002076,0.15699991594630786
1.305620740215605,0.1353203398470584,0.03028827575713077,0.07649156430767567,0.5431237584447809,0.09069198143918503
1.529206438320918,0.1007059527866699,0.020328245480545487,0.08978426152408436,0.4272882212713827,0.11739462412630526
1.664107791871,0.10731568177806845,0.03681416024219611,0.12671379009717962,0.5303859891306754,0.11971134343000225
1.3124341447384458,0.12130467945350688,0.04836189405497188,0.0812948552115611,0.49810008237748843,0.12516252937430555
1.0033430833710384,0.09797314017164092,0.10422236608299966,0.17289773211071946,0.46659545992547763,0.12414581903738374
1.7432315144470818,0.1230052292391076,0.03739791777489254,0.0818860507069026,0.30966844325450515,0.10865481505162197
0.7852943292628196,0.12648381695103453,0.08862044792885063,0.10101092165136245,0.4568061392353695,0.07045994756904567
1.9002998391311283,0.11821610841814224,0.0908621803182668,0.10429364880477394,0.44170255284304755,0.12815461210747264
0.4661283543848318,0.12988485667048402,0.0583441865410818,0.09202597615518668,0.4118086967113153,0.10459774752001676
0.8985700894841977,0.09931194264317676,0.01396929042491872,0.061381153263009434,0.3904589209878201,0.07817830431336294
0.9165629143790524,0.12476157672391831,0.028476438563062405,0.1673225987817964,0.28299795462162763,0.10200376603074478
1.1585399260816207,0.13088314537303,0.09696687655706233,0.1222124402277972,0.35996676469261424,0.1664422196888698
2.0778480186753012,0.1196922434643819,0.0323109046606903,0.10858841885744942,0.26686198903273406,0.12228544531614867
1.8824816086817622,0.11357460897031664,0.11075343623988537,0.10941059303875036,0.43275891525885457,0.12654874894919227
0.2100024018470651,0.10520403161501732,0.04125431999276831,0.15152065098852147,0.4504673987348349,0.10338495197535694
1.3389765562397131,0.1377444168322286,0.0625337196741232,0.1151771836534187,0.2722312918422159,0.14205087615797227
1.6942673191956932,0.10721119658616124,0.05795888025007644,0.1594557500280761,0.5219368609835696,0.08708811214936932
1.7849481318834535,0.09015611975855495,0.12801432839295873,0.06967572895670335,0.25158874451347485,0.05090381135103815
0.8829576559305021,0.10331386010948944,0.08531548873206138,0.05356256446222804,0.343753559605825,0.10335665195698578
1.5639716867614943,0.17047105797070816,0.04524374142243266,0.13689366565297692,0.39509633008932116,0.10257903666826612
0.7133146363859175,0.1549043961638746,0.0621702788986506,0.04738727160419417,0.3383331238481189,0.14520988917359634
0.9287262681013752,0.16633851564888524,0.03750246102365657,0.09061922557335207,0.5259521580650494,0.1293829407343206
1.1212093609381775,0.1393175879826673,0.04785654193122572,0.09235114868519764,0.5130290520829106,0.09182997658582118
0.9717605634041063,0.14375233853854547,0.031165340374183975,0.12705489344224774,0.5368438197764955,0.12947249912952633
1.7236802001518072,0.11763559770907231,0.1365020637753222,0.047778209995159665,0.45899626070738625,0.09600986548406543
1.5294690184039677,0.1380552001689927,0.046570226445004914,0.06713258948821677,0.4125573958164189,0.11680183487247937
1.8378204999007053,0.13756597593946998,0.1277566864697351,0.1079646808720109,0.3159992256468088,0.06636500289216724
0.427958677154197,0.18442045442160138,0.10680149972949463,0.07566244258721162,0.41867120575512584,0.14389412242722877
0.8444511846471037,0.08897236650828501,0.08298364206000797,0.07028524317242317,0.5544526951670106,0.06693733154367928
1.2789097514279586,0.14503947473592427,0.026260708115476688,0.08286616297726396,0.47586231910534327,0.1341550769874652
1.847653327120752,0.1467133301535138,0.04672406520421231,0.11718768793603188,0.48754208119580655,0.1470482357017245
1.2641159884106181,0.17115907526002055,0.014765902804109658,0.1015100335295054,0.33805092554572375,0.11079292347885562
0.6396650210034993,0.11926887745093122,0.035122307047735064,0.11658572841329048,0.4655165148548965,0.0993440620249923
0.9934176407530267,0.15484060191204183,0.061411778855094856,0.1491658209265151,0.37741965158215146,0.13621036156274813
1.1085094440904042,0.09627584206385979,0.06240856767296557,0.11877088130027122,0.4641528826979082,0.12616151959910407
1.2139629902233813,0.12714849011624277,0.013157051279404842,0.13386242683038507,0.49740492045185164,0.1733097897408078
1.8112976166389942,0.11859203068277069,0.056474366005682224,0.07411588356646803,0.30198032682592757,0.08974788816241273
1.2703220450381763,0.1392619533910414,0.053100465934081305,0.10142606473366722,0.36313442626852926,0.1903812086516189
1.016612550016055,0.0940863391495626,0.056664695021992964,0.05831508503116986,0.2945717448306649,0.16994262479699368
0.5735681017993713,0.10785363939881425,0.02006153096218065,0.11045642844320988,0.48099470341868455,0.14627598923041513
0.740740436684891,0.1462440083950259,0.099326541934701,0.14556894729109418,0.4258912882391506,0.14954019038759073
1.7271151307196297,0.16183100539990786,0.03393218023714333,0.15018519655260468,0.3699380238135313,0.07465821944015884
1.4698249112233361,0.10390588839902606,0.111623545609903,0.04441566800770984,0.48037707835690524,0.11606051299325784
2.3736317749729032,0.09331779348318502,0.06688587147534399,0.07984108581158914,0.5079183738142581,0.0842024996839263
1.702895569703054,0.13567368755662274,0.031326048682196544,0.09870566766564069,0.44083596427348865,0.17846920713296377
1.2311582930385119,0.2154879337947772,0.0986508463020965,0.07480947274643623,0.3521852773234742,0.13487747390536114
1.7557606236507641,0.12040258665417727,0.05708213998122218,0.060835867822353035,0.21087592210320136,0.15034290725805116
1.268780675365428,0.16219155132506075,0.0422756767435739,0.1106865904865557,0.5105802744092071,0.11937037357439581
1.5593795277926719,0.09823553582178995,0.06890911791169829,0.1425739409247557,0.3739958741719146,0.0963951069052449
0.6154112826952025,0.11996731729137984,0.0794574381037487,0.1493572352819681,0.4842416040203521,0.09946888749796716
0.292551756087998,0.1216215000884757,0.04081136212165655,0.08780200971132238,0.3377527207020535,0.14200208162268507
1.718414283362397,0.13536316370002932,0.031235270668797974,0.07391387730774204,0.4352039212161694,0.11216655063005547
1.333268327371987,0.09052993506436374,0.01639111850159133,0.11380743264522024,0.4291102874753656,0.12911768924866404
0.9260404540550365,0.06288910223648148,0.06202828628212799,0.050732115195145366,0.40181046685384025,0.1341160335308728
2.382526083593338,0.09748213911384987,0.06267064771587778,0.11756347209842684,0.4344468513840764,0.08638830438979096
1.3363057307659671,0.12206957427037782,0.016812761714400767,0.07562054218947392,0.45997880275803393,0.17209269700535165
1.4934734279423376,0.10519140121664561,0.04117677243399811,0.11856131897017852,0.6522261777274809,0.1239546819334569
1.445610233903827,0.0839821305289429,0.07666766408279299,0.1362033591220706,0.38325380409871157,0.15078229678253757
2.444310585811378,0.0891917874264774,0.0455467895481253,0.14486368078212855,0.19480372881179442,0.17089663641661867
0.521403771762964,0.13312505683591266,0.038638660951733156,0.08928188658759591,0.26606292435183676,0.15212461978359731
1.7928560249390484,0.10299998592244752,0.03225468896528629,0.13263742742608736,0.35630264178591403,0.17974030045758985
0.6265201204257017,0.09004980883607717,0.03775758794158001,0.12071445649653116,0.32512304453168656,0.10899795937713982
1.450033664965947,0.09324531541199116,0.023899358309609854,0.08111428868917891,0.34055624304937265,0.12497463742555388
0.8498338937509012,0.14835999858189175,0.09014435523414227,0.10035451658214567,0.3086521898259771,0.13639617352320008
1.4880310387517308,0.13680448865238565,0.020829606541362452,0.08881947473836507,0.40039091216111317,0.14997247080377968
2.307163033342568,0.15281514600999904,0.04233425184612171,0.12305012190950138,0.33967120665249895,0.15503932652193084
2.0935444632913853,0.119769390674421,0.08348346336352436,0.09401184178234823,0.2987803469628003,0.1648110634290674
2.117394545388872,0.11009673687629914,0.054192405867412065,0.11664871917686391,0.24962520674115055,0.13615413570593188
0.7490979104035062,0.0966015521771958,0.05747472822996749,0.0745133495832704,0.3380817773426703,0.12459781214042234
0.9116727522864778,0.13912157130115094,0.03449641629926616,0.16199967453592037,0.4477862352065129,0.09246560121616043
0.3247232389401943,0.09019425818309981,0.01811549901133432,0.0531734946812677,0.5100274692525414,0.1279351533117704
0.6876295384449138,0.104323291442505,0.05382552203003909,0.058044315985530816,0.5458394381589703,0.08825005499719141
1.6098733155980798,0.11123717205277317,0.01426707914815429,0.14824690534317425,0.2548148924197609,0.12643112078589022
1.5844047975190494,0.1021319895255692,0.054413154897370135,0.1161335230564394,0.2226882323649961,0.11339987605876531
0.6330561442353075,0.11133770432848364,0.044064965837672915,0.08635469431051877,0.485025576223216,0.12482578768720781
0.22373092291383712,0.12743299686284962,0.03934925452713741,0.1481318896916048,0.4720265626323087,0.11237167868893143
1.2005659233309605,0.0785804388464775,0.06314695338454629,0.09144133039248992,0.31612096207072715,0.12136153799282016
0.24046402715582893,0.15866932894392866,0.04519651406367555,0.08722553846795664,0.2955938227060882,0.1470460119070014
2.2565068118779488,0.06751583720896008,0.08383038738535628,0.1338039452388978,0.33221619808423175,0.07962352160565336
1.3360526179840948,0.11902638276093346,0.0864056955705865,0.1043944362286704,0.21755228697790494,0.1252078890125283
1.8344836788464278,0.15417662446784602,0.03507815056877622,0.1552304288734134,0.447819688639137,0.17606997826693108
1.128400507188265,0.1125441631174645,0.05618193030982801,0.08599174541252476,0.5431361136673825,0.09739022292070254
1.2129196737043106,0.0922265736411326,0.03640445141150244,0.11194145196699262,0.40982936447471463,0.07131543847929833
0.38604440372078397,0.12700579273955828,0.11142575598349364,0.11175641791552145,0.38433790606012475,0.1360696002355098
1.5544555174213728,0.09796413091320749,0.08018883070145916,0.08038807402072518,0.3285513445938473,0.1478922183516812
0.9820109326426946,0.10975838031470456,0.055333087844844794,0.10740937789107122,0.2920208841438632,0.09068003687069402
0.8466034927511557,0.11743543538839198,0.03202377659512375,0.10939297186833047,0.3563737182938435,0.12687685633946966
0.4192142909545463,0.10613788005849425,0.04798879138997261,0.11624055077449674,0.5384122795625177,0.16002263352089316
0.3553874611234029,0.08255077320589167,0.02412092844106104,0.08837002668337929,0.4550451386349501,0.14752563574811814
1.2239564748753078,0.10118495737563295,0.07907293469640778,0.1494675211269541,0.5314808975029846,0.16983159569068906
0.6255547980779985,0.09293250473713845,0.07741323107216931,0.11982820926066896,0.25155399716377314,0.15466073985340476
1.129634585867927,0.12373002179408416,0.049726636819741855,0.10468764496037779,0.5297287697113617,0.059846570361989954
1.6659482161079262,0.08757901135784545,0.09090477057458668,0.099681404085632,0.37571220076834355,0.14147842044720124
1.6114657960863112,0.08963884894050853,0.04463465864532693,0.09683770004182922,0.3883706474179144,0.11202565769070533
0.6411006156207842,0.06341381625586112,0.01646857588170636,0.1704090264310028,0.37684591598911416,0.16330308754080933
1.1309158652759312,0.11658407427742132,0.05804761475324072,0.08505277639902659,0.3095546137793592,0.12314080390225259
1.398683381194937,0.15767603111462247,0.13407498471949225,0.09843622229752066,0.20974322549563762,0.099638840252132
1.400466687310911,0.10983797448421215,0.053963357900709163,0.12205936776389048,0.32670586104081456,0.13485014212390942
0.9858308974567528,0.15462422974237597,0.06718453856906748,0.13953813103496937,0.4225069298293836,0.13812186662199052
2.198832254739533,0.1002871686755451,0.02921223585352852,0.08046400840847408,0.4864106041286536,0.135718363962694
0.9941984315140013,0.1389507726934224,0.06813383741936083,0.1692914751328422,0.46171367850186584,0.0913271187095352
1.5842843802584086,0.0632818636244474,0.031298373974335464,0.07878754817299805,0.5274128936726782,0.12067669651514082
1.6461737400591006,0.08700875791620843,0.08893653988061155,0.11729488654484069,0.4730342252373139,0.1085742472763238
1.9962812752466839,0.07387048877650484,0.04096503060831963,0.1124636800904277,0.4448736373058504,0.10074075308570402
1.365998924960533,0.07737620309785229,0.012604847618236104,0.08724039990353626,0.5692849557240475,0.11836470028317822
1.6467204329626242,0.13738759120058042,0.0678300465936379,0.11188719241130071,0.3921142225165002,0.08837784996837611
1.1019913411898932,0.12278769367493395,0.026141035807994335,0.03954294223802909,0.31266902613923353,0.1426608602712666
1.6444935488691106,0.11396409269747933,0.07361230305497045,0.07336471933588058,0.30776688760473614,0.1589762663046655
1.2350329416118628,0.11452756073981903,0.04813893322888656,0.10470708866403043,0.5062233889137392,0.20203328558901185
1.208097483179917,0.1051607461350421,0.07571055278486613,0.06850020072727211,0.5580482397629842,0.14387489420285474
1.5782187949986868,0.16989841252719817,0.03468577303154619,0.06065893239288236,0.30565291332371924,0.1314824101780914
0.3080514390930065,0.12630249597357807,0.01654130948661212,0.07624537010167225,0.32430611527636294,0.124296294218099
1.2300225383063788,0.12167612395656645,0.042534315340122954,0.12206221964281637,0.4914840229808088,0.1662670208895349
1.1905756263329779,0.09122928725134084,0.02389468965523249,0.0955659120588863,0.3879803046552737,0.12303643571472357
0.5771803683087326,0.09982296337698739,0.03491519080573186,0.10747214043659276,0.39842837844058787,0.10872737017604
0.847039352465714,0.12890113551151178,0.04051860540830586,0.04178786929570445,0.6019005269991996,0.07254177058476183
0.356302396398253,0.14489690545626424,0.047964881618099704,0.06774246984730989,0.5807945458745848,0.12047555792657823
1.354123127538579,0.12210302876045263,0.05289084233737006,0.07173063669479335,0.4513750746391259,0.07768362577338997
0.71357691249819,0.10981574156939275,0.01770971813144399,0.09390144531229211,0.45040464437082534,0.10442025409927752
1.788340678779084,0.1319969406702987,0.041866011720141004,0.12588108531728717,0.42023565495628507,0.1550842621516753
1.5514142599291054,0.1388479309043085,0.049183920343365176,0.06500724401844962,0.37871722339804353,0.05402459172644214
1.8699009105101694,0.0894712106406175,0.03103254947642105,0.10907058031327249,0.46212063390186553,0.1147397839611798
2.4068618764580094,0.12093123589389727,0.040787743075600666,0.08869436770857418,0.6016050583106325,0.14348643042041032
1.320744853231533,0.10324410127229867,0.08492180297334276,0.06977619613254152,0.34583685162092864,0.15571139857017977
1.1888556063524727,0.06163767140590916,0.06257533320987965,0.14532489281567879,0.5019484092926765,0.11177775887571248
1.0257442673956083,0.12240937459040821,0.04191583831955075,0.09566913744888973,0.6358921577833658,0.10666010101193518
0.9021399929918761,0.1505530650576689,0.05049631787787158,0.09112041043672882,0.714695465421543,0.09758053521097494
1.319280296195622,0.14075386369466408,0.041628300144389015,0.10278117367663236,0.5706700364982481,0.16127329205861402
1.7054686892688946,0.12896960177824682,0.10582653231570209,0.0807698804608931,0.38698781920593595,0.08026002385226574
1.4109587430788897,0.1416923786700694,0.026526511791033797,0.10652925194899183,0.446665729621502,0.12484620926875852
0.542049838406713,0.12387222775639839,0.027776238252772083,0.07267065297196428,0.2843112290831511,0.14307036585766142
1.0042589878340524,0.08047715098588154,0.047474641560658705,0.1433773688315305,0.40153729336105104,0.11037698324309879
0.7191311217326567,0.13979765496155586,0.050120892428823394,0.1448323373462115,0.34632425694325675,0.12019934649688782
1.1201725930457127,0.12298118101311517,0.08550406034920073,0.06856877648831465,0.30129506861764455,0.1265785615669774
1.873320563232743,0.15249764723022596,0.04805578915885962,0.13556726005200384,0.3665269570507561,0.12270412887155013
1.412347902224725,0.10958040018512466,0.1024253619068366,0.06742118997444407,0.4100243375341301,0.10238902258547777
1.3409095950411605,0.10151495322164657,0.0811836844962925,0.11963369934664347,0.4324840345695819,0.06329128811208794
1.2677893249952723,0.09681077904124585,0.0390287382249208,0.1018573068612068,0.47272349766846844,0.11699756632494723
1.4150669705682057,0.11225105968642864,0.014980435664216023,0.10941421377969868,0.5084163723761316,0.14294527025548479
0.7521990943846624,0.10136868550864163,0.031941303014645275,0.10218109969419048,0.5883713759341231,0.1233003738393276
0.8225250667664633,0.09077007903872597,0.05312731878489691,0.11400966676852542,0.4205103456515722,0.1396212122974994
1.7381573272287183,0.14367296181220404,0.05434318786070466,0.128306245683534,0.29000624477892334,0.11084565010835787
1.8314389728074032,0.1296834890382272,0.044902112729836546,0.15671202426501313,0.4942534428365677,0.16138123141316443
0.18400605383542068,0.1485809953234159,0.04605573855698315,0.14639263430268407,0.47222497304017885,0.1034371796085033
0.8940014362604549,0.12488334276565687,0.03288999787122498,0.11129520833212854,0.5156612847767608,0.19239141872464222
1.3814885218964184,0.12537405280539418,0.08776723684460967,0.1295587024429353,0.40237304249615347,0.13484298498049369
1.534647541605765,0.11135003723703185,0.07254794315560457,0.07622736660680225,0.4601531530534142,0.13526345615440535
1.0301599702251114,0.15017447135089756,0.06892394535461749,0.16465843102680122,0.4648077874144743,0.17077355771272695
1.481196517713391,0.12470010223523458,0.03895875256337013,0.08980926888147572,0.48913096632323483,0.1321062541297581
0.9233753350383719,0.0989139413314421,0.014245679231037457,0.11916363340227393,0.3265366129995428,0.13460141660894687
0.49051188323736594,0.07222671532509281,0.07588440435737732,0.13750541931780655,0.268920672364634,0.14281024156706829
1.7617580394190402,0.13482664141252249,0.021201434231088535,0.08858746378772685,0.4129541148451006,0.12810182729088118
1.0964710133306261,0.12027424879018195,0.028874438821133983,0.12414674428351424,0.4361905632075478,0.12948360572617323
1.8378592673932208,0.11656347137400275,0.027068612016586422,0.09306219452618751,0.26880640782351106,0.16284023420499982
1.4281501825716774,0.11924460463091699,0.024871087291010542,0.13738291935628716,0.38707572311992167,0.12113184671845283
0.8913996528295466,0.14726004789048613,0.025263252726570297,0.12694990339020382,0.3549849357221823,0.1215742668115142
2.1260890627622837,0.09492969655812525,0.07871023722407172,0.11812764959808823,0.3988146245063349,0.12758579695074002
0.7497933831015989,0.11784341270540227,0.04311462113536093,0.11080854906422596,0.5812689935045483,0.05291130302607894
1.8458296234747957,0.10424888180273971,0.05418830158571883,0.11116857569281427,0.3312221193793532,0.1914668749877906
1.219275930211832,0.1275895009029161,0.08401984273509688,0.10092794856836283,0.284640209532515,0.11913596277379226
1.7370833567472288,0.1520676154362779,0.01128701593587296,0.12849743411755937,0.5280460006989203,0.1347958125064755
1.1166636933262064,0.1267447530398805,0.05745722078891341,0.0612012222589576,0.3301393917326726,0.12651053997167797
1.3538691449964364,0.14094413840617268,0.06075095745424622,0.10488531660722268,0.3706670398807148,0.10742664896808868
0.8057916724433047,0.09159205962401855,0.11299650028307247,0.1057452651037372,0.4744865563118801,0.14099877408931624
1.5434425325145875,0.074016610104568,0.0569347384144753,0.12772203160599813,0.3931781532252372,0.17548210603789002
0.579786009849089,0.12688544884326888,0.04200545320795508,0.05513390467951951,0.47033864281260873,0.10531777385773547
1.1290848557312234,0.14928537799960395,0.09397032597881527,0.1461910037058095,0.2784940356839361,0.12568445262503566
0.9570940806712398,0.12893405942988675,0.012521924247695465,0.1261410142089235,0.36510555026960523,0.1584801500632389
1.7626481904660625,0.11122094894732672,0.035879280282058834,0.16907389015958896,0.4190373195709694,0.09467357760343176
0.5062850323616173,0.125934563645126,0.014240933847709907,0.14069417868356934,0.4568666279986521,0.15244325414287568
1.6467125715331754,0.1362642294515624,0.05496441111671647,0.08394430627469775,0.29155056122128137,0.1071663456347203
0.9071546259796665,0.11743715884387108,0.02034132429574071,0.11574088165849383,0.49126929928349994,0.1423783960157456
0.38954001889707124,0.12550899651908795,0.02837071720769489,0.08402534320472507,0.49379697498707886,0.145631452720908
0.9359485549525051,0.10509025435731334,0.030304840430926034,0.1521209618424788,0.45554114451539496,0.14015566115645403
1.0216700613160041,0.09679267753469875,0.06519283550460164,0.07524319385513605,0.43442923113270776,0.12575908879706468
0.9215338591982072,0.0916920646650207,0.026042596527014194,0.07709635903704136,0.42344845836303735,0.14037558535108793
0.7109188962841196,0.12212834111800425,0.0627885415309869,0.14719929232433465,0.4512748326112528,0.14500250536786224
2.062308464662368,0.1392563328685682,0.03342548054284004,0.13358625817707445,0.41784880854590006,0.08701976565047685
0.8495116082301049,0.10839747072780839,0.07238910344386737,0.13349073840177436,0.33371364687468813,0.2034103596715514
1.4959701522948905,0.15293697806042578,0.032095879569783096,0.12685623857251213,0.5183279670734022,0.09951182195146581
1.6128357880373183,0.09668750694796384,0.06642023477184379,0.09824280403443422,0.3951413477190779,0.10082958019532387
1.8707645658356833,0.13214623735132505,0.03264297150890887,0.07781908703348418,0.4082285604644155,0.06308411361299074
1.8856090227382858,0.08979355062484615,0.04787975146376498,0.09338392075771437,0.39823896611018306,0.1445074788905616
1.0612904307008226,0.1408068048708211,0.0410229442286206,0.10856820282488429,0.37974122537633226,0.0966145422844883
1.7991236955666368,0.10325809627698194,0.07732472048686673,0.06494328995347701,0.1865100615973305,0.1250144396544435
1.1028579702993428,0.10714377840881444,0.10703255839787236,0.08809012042724598,0.4108732668470865,0.07664197463121487
1.2203736604944448,0.11304419513310111,0.06173799371187619,0.09382504390899159,0.39387164207144015,0.1423307825152342
1.2242333536192043,0.1241208372820281,0.012935966286297479,0.12754411458236306,0.39814268554777094,0.1569703981811045
0.8452502577174537,0.09189850166257771,0.01466633429918705,0.11149652172453761,0.5882311293260016,0.16668326116912974
1.515605018256376,0.12623728074067797,0.09873200452584513,0.11683480383619507,0.46084531617597635,0.1519491940672563
0.9017970597540825,0.08643428503794143,0.02737697581687299,0.13684390287479498,0.2649544812216995,0.13006048229179967
1.3242729168118892,0.09738143476984389,0.06837121299750684,0.11295995149039556,0.45591685326907105,0.15759165293876354
0.46938238311042024,0.12112261069845534,0.02879829695692595,0.11423080175950386,0.4401337091852985,0.1297271345686199
2.227382456049777,0.11585939898230187,0.025705514545601684,0.09111996925021382,0.30996760339472107,0.0899845831269544
1.5825160358629748,0.10758211905334063,0.05833806856296412,0.15158032361863388,0.6083989670177281,0.12496885982509302
1.574911457746959,0.08649644127909371,0.036963196078472836,0.05252032561712039,0.2311075959339701,0.08119655970408363
1.3217053762666882,0.13072922040977578,0.013469773255170576,0.09919699367961189,0.45615414399624427,0.14157434053686735
1.2535146557778007,0.12332722232533358,0.06313662414174939,0.0437960620798141,0.28613756151132225,0.20064456137320752
1.4468795392649707,0.11593618717319527,0.10985159929849023,0.12431121410656717,0.16738408523601,0.20690067901438092
1.9515510152772666,0.07897082374214606,0.024037916161711966,0.14348529062865553,0.3891718279658981,0.16434009074131134
0.8455605716896458,0.08899516267690502,0.010573036347733301,0.05800861580777211,0.39752369336554016,0.12652366860837047
1.4712246311998232,0.11439082512221027,0.056740353370613374,0.08407034075829997,0.387235742298606,0.13839306128846524
1.2596314782437765,0.13186956650279094,0.038157382110546464,0.13488081383625075,0.4543262083679924,0.10096967301999536
1.205218731987902,0.13453114656550766,0.10489532366669574,0.12830869649201643,0.3636356841079669,0.1657346426764724
1.0877703735044382,0.09991958977533641,0.08146015809066336,0.14353343187250023,0.3401559236844357,0.08725607673663754
0.5258332730860913,0.11270507752586977,0.09613144117661435,0.16102348598433333,0.5082291212900222,0.14618664577423174
1.5268749455322619,0.11584435414214933,0.016463974668239845,0.08442831559904682,0.49923901130270315,0.15131124534289636
1.2665107548094972,0.12793039733451575,0.058653002738906564,0.11116321054710382,0.34354327697941517,0.12625517160551705
1.0672360599565378,0.11544456103067133,0.07421523093781814,0.09319866170581889,0.36718803307591774,0.18335105300540372
0.2870832319899054,0.15575440984569086,0.0910307708017364,0.12732238152564987,0.36786720806728757,0.11228292248096977
1.7088157504459511,0.10261900501384613,0.04627351859902636,0.15164164959293175,0.4764548831828279,0.18304287241220119
0.6134028559522517,0.10387259710124265,0.0323219207049247,0.15053548006070655,0.3602941312014426,0.117465330239102
1.3882605105981853,0.07365367997971857,0.07104696086585331,0.11458793332213987,0.3002778841714553,0.07379540837631629
0.9397199743242831,0.09470960794669059,0.0970836160229232,0.09590375583647556,0.30357769739450324,0.1586929307884597
0.9203322927311369,0.14755267298587177,0.06448967208285342,0.15879521227139973,0.5304924127861289,0.10270546703907288
0.8781057458027157,0.13390789324364855,0.06340193205711682,0.10452184390194824,0.39310185129744996,0.16448456193787248
1.1279535798258926,0.15704838708612173,0.02145615412469667,0.06328157139746382,0.39019488745977626,0.12308811091322423
0.8242736338742882,0.08398134564127217,0.06892278357563306,0.1706981927986812,0.4639983684815337,0.06323190251325082
1.440262084489106,0.11344511744797665,0.025763085903805553,0.08323307337020201,0.3885860920452078,0.1016056631460603
1.012454106691279,0.07658206794474423,0.06087904362477138,0.10165376942225605,0.21421621351511153,0.13632114651481617
2.158806183508182,0.15918008427443578,0.06703958107014309,0.12653530248095718,0.33533389912291556,0.13863780839387038
1.9115733396642784,0.12365294665952352,0.016064016545804638,0.12636992037013728,0.2363198085927412,0.10537351951429119
0.8934208437574223,0.13302711707243456,0.0864855793971388,0.08935548430717362,0.36430749349247055,0.09929912041047975
1.2133746539569223,0.11685115516190893,0.07399997825760701,0.07271437179077811,0.343466574774388,0.10457878238300537
0.9522646382296052,0.170899113811058,0.07255154231726857,0.06353583793743078,0.6530198705670096,0.10598486350363856
0.6399110582188845,0.14480417444785548,0.0549437521199813,0.08962507734790201,0.36792587554383693,0.09057374844201944
0.2679093472536672,0.1109729867157477,0.10034073046626579,0.12689135674840984,0.3154013956276649,0.12868048430715312
1.6073223144504425,0.14190211864084393,0.0786130250233763,0.12013549116408641,0.5978878359268407,0.11584214692185497
1.7793838788231504,0.1132782868990055,0.02826735519302859,0.1370329389012943,0.36990193060542426,0.11958008582618168
1.598570116116946,0.14960342049372352,0.0872671084522987,0.042050051745866936,0.571538655788284,0.09073774066184513
0.7802810330836001,0.10231321186875443,0.0821695578780352,0.08531632816814438,0.34842782497457747,0.14150658065908872
0.45569172922394163,0.11053156648784628,0.028928321598366717,0.09153525628780708,0.2978094642784763,0.13224680369758404
1.0584265192961242,0.09729184501453855,0.0587972220903262,0.08380724144103058,0.5901411834759793,0.07528274702923925
0.994866589885407,0.12498396896274658,0.08336669255854859,0.08930479285240625,0.439076614935248,0.16374654964383673
1.7176260197981346,0.10689043913800947,0.025723127868452916,0.062027375017499775,0.3910623714837408,0.17971788660973326
1.1322063581317316,0.08368899724155185,0.07226759384371066,0.1202834354225489,0.3465687830282663,0.12835219387451746
2.069060551892549,0.06732505768483639,0.10762277782583768,0.12731189860239603,0.4053884576372664,0.127194673053838
2.034417858304736,0.13170659393210457,0.04724702188614394,0.08979836605039015,0.3234393754209109,0.13570986140425642
1.3440200949236794,0.18850702692805682,0.047531417553102584,0.14948596010291015,0.4947697974177227,0.08369475804912412
1.096206559238022,0.12808606153463545,0.015270444654369594,0.09327846317308996,0.368103387080601,0.0802966607193959
1.0888452038084484,0.1271064593642064,0.04808722965687008,0.1239921180318125,0.42898317956903337,0.1868400293680481
1.538915311822857,0.14454309073435462,0.025956174303353802,0.05909292417292165,0.40778332744517604,0.14675421460841853
1.2735335279294802,0.10439650046609683,0.08924519775871195,0.10870530109097365,0.6007463434665561,0.1403965046004361
1.12295548814898,0.1541203074157784,0.04529536093391988,0.10509826208324505,0.3456186087240919,0.16837261997600173
1.5988746782099192,0.1260383188066097,0.08203247091958896,0.07665530779640792,0.3237160902464966,0.14010672934300908
1.357716353421413,0.09953635557685563,0.06453932682151607,0.13646596922358423,0.438135607677175,0.11419410735459654
0.8043495562417419,0.10070641898032742,0.03597125386552025,0.0913577950214033,0.5203830767370857,0.06673905848985924
1.4376465166916597,0.16772084253007824,0.09933143417774015,0.09022156721996662,0.5957223142379949,0.13738951413766803
0.3918097128086635,0.0846516623722973,0.018939865438680252,0.12230201294830041,0.39388886328045974,0.10889444256374205
1.235975368449549,0.1347161437964483,0.06445679772798416,0.11404058323613644,0.2993826861932291,0.13011657068730542
1.4034648141462152,0.09360131493554232,0.05382048341412807,0.09144751130504682,0.4144936298495834,0.13205083000522966
1.1456431451692863,0.12999191720966907,0.029843502349824025,0.13359938295707924,0.5550667287578959,0.12824810273337958
1.076443373035051,0.15833146770875767,0.06584862973853624,0.10788458101340839,0.28344987446234143,0.11532449632334624
0.9106864429556111,0.082796033951772,0.04757191137973289,0.10440797097888277,0.4023395757457876,0.1050635338933818
0.2370395979382658,0.1239462556582605,0.03294909792983587,0.06638936916821568,0.43584027045361096,0.16517205039743144
1.0876039603530399,0.12795858131326993,0.05916638459290166,0.06544144537123585,0.25755018355699516,0.09048580129949302
0.7938128819835234,0.07663977663560176,0.0377576374096704,0.11106071219118781,0.3575760910902115,0.11771361319247793
0.17907232624119795,0.13510277562880904,0.03478421584497707,0.14813450495007144,0.5540115923102438,0.10177912823744004
1.7704855255866556,0.13361538829014474,0.032167772468862876,0.11097128551127333,0.30050907993415005,0.11823609569317739
0.9988855206899186,0.16220345622163052,0.0870397600960762,0.08887356880869272,0.5395331004395649,0.09491894304356951
1.6717809454682828,0.10220108936647902,0.06917519028834257,0.15008870069148483,0.3652797699869237,0.13318330851932217
1.4976570022409976,0.09112356640674947,0.06586056774335128,0.1484710148596888,0.5181534602709676,0.13782218504131197
0.7462080837901061,0.11125519224778069,0.05302618653789824,0.0947561846216971,0.39419187026230634,0.1437254609824611
1.4454881157547905,0.09804547241366825,0.04039521063475331,0.08703852007504376,0.3669754173669202,0.1407404386344468
0.6762405657683148,0.09804436800663847,0.03187230988547763,0.10952902070462357,0.2547358455503903,0.07537426465890494
1.4969659308377135,0.12397391700881452,0.13343358828188606,0.07049754801310466,0.4448154853099071,0.0745381884954174
1.1449952168635065,0.10588132659772304,0.0849157756996411,0.06335960460842814,0.3640074888511642,0.12098133765325389
2.182862198572174,0.11728531817088203,0.09231301470092933,0.06493803482970475,0.4593017366674368,0.13906796856853498
1.1088710461441136,0.1919820078078301,0.02887118823467712,0.07406742327652024,0.31735870423741974,0.10525934143980939
1.909982350480459,0.14185652557657896,0.0995308959979336,0.1147422327341707,0.3018257588673405,0.119790939440512
0.3001978846080855,0.13719328696924488,0.03722229793588677,0.1268778302885395,0.3544667446490473,0.10454063006496031
1.5196327625399586,0.1667773302749117,0.023621886607290084,0.136892451932012,0.3178902041168369,0.21942290421032595
0.9270352853910953,0.07806960030774732,0.015439047924158011,0.17914653001554937,0.3728522892011361,0.14502976434612797
0.9004786635372786,0.16080045412015323,0.03149690640012085,0.12303591609648823,0.30599128075017024,0.14057887420846216
0.3645590495023274,0.1339478534531807,0.03605694300513976,0.09665671498698908,0.3149437699353359,0.14765192634746155
1.905311440808695,0.09419742434195343,0.05022905410005801,0.08126768607957971,0.3154171166016543,0.08557758256410569
1.7480060729332692,0.1586483045973319,0.07146030252180191,0.10201531550741096,0.23597417365200934,0.15298096609284567
1.3057586566119308,0.09095503216847073,0.08151268843045381,0.09350789612069413,0.34402122093935944,0.1506132569807763
1.1557585522224743,0.0750125988036163,0.019098770323234975,0.13074155227684586,0.34450141554898733,0.10839741935166233
1.42678493274855,0.11130673429976853,0.03411933128396595,0.0880803693320386,0.2835022793158788,0.13944636180753478
0.8441239287234962,0.16030289403045533,0.07130550195053512,0.14473511125673633,0.5757837395250129,0.0799649964049873
0.48448029551776584,0.09373444639695991,0.17730815473472744,0.06224807751378668,0.4049068231601274,0.09916352889972838
2.130967101075612,0.11559825516601305,0.08443917259205438,0.14020190403666358,0.41645109677160425,0.1685403894910104
1.4230325394877403,0.13466084035947143,0.04050612206469685,0.11582811482381819,0.5313850201055601,0.1702667953840499
0.7224606440450986,0.12360261220119528,0.05368149046555152,0.08421147033142479,0.3961205492678289,0.06990175842458136
1.5480260051646206,0.09010250139290861,0.0341351617241743,0.08585555239892018,0.4601394008579506,0.1549930953928207
1.1950753000769303,0.15429034020404608,0.044782619373580225,0.060989644185153895,0.38912964924936316,0.11653443521033646
1.9072916131256406,0.13581082320233087,0.1340166760861713,0.08554500462743253,0.505085611713085,0.07395648904564883
2.0310906561981525,0.13988677243946854,0.0358657008561577,0.160092417312629,0.30353354948191025,0.13594892245482212
1.6856533042748028,0.06517088276287879,0.07727938927440597,0.16001147532337057,0.35578083214179823,0.05908666314117306
1.3859390092751955,0.1262350394556657,0.028211772881532524,0.17462154302422223,0.4056531279101575,0.17985234080868343
1.6779173942347334,0.15103392613466293,0.04851858899764341,0.1197170882476064,0.5391075073751102,0.1203987518164878
0.9243584329261896,0.10738268284501729,0.010647093636554743,0.04829140326933155,0.5025023344063329,0.07748173565209732
1.1006022192445468,0.08759024305661936,0.03329977504697376,0.08529820957050326,0.40660917483298825,0.09070912766996361
1.5795075009217883,0.09900261921548768,0.09099172415615393,0.11208105450508218,0.31702965069768424,0.06412318595432259
1.7457492239224706,0.11720658488363048,0.06306130089846822,0.08849175759160363,0.5018955329111872,0.18916920250958363
1.0765652630857243,0.1843654480351351,0.03729930398192188,0.07486624677068338,0.332880606727076,0.1132330872131533
0.6350395570590736,0.12038015753372588,0.05179908872632465,0.08997056173998916,0.4860174246650003,0.14180340251739476
1.1408218173506226,0.10278410526235142,0.02516844139586649,0.08252535687160378,0.22600172467194288,0.12969054512290448
0.8665530830908931,0.11297993136615189,0.10797630704375101,0.10561863010750717,0.5116842015948423,0.12205421503787868
2.153327990224878,0.12249841743614276,0.08041227879357007,0.08410072296783033,0.4741571118262687,0.15520844101814374
0.6458624321804819,0.13548682567624654,0.04071173053000261,0.09113795245985969,0.555304372166735,0.1332179010423866
1.2296579261140923,0.12278601780626308,0.1085834560071835,0.11962820147057096,0.5940164899259139,0.17252727664142092
1.3968886861571705,0.14551359949181425,0.1000947444227375,0.10144149026292194,0.39901765968554004,0.13277720958986905
1.4517144593869669,0.11263794513548832,0.07803769766906139,0.11255564310340697,0.29268201906783614,0.1281428794143154
0.9396221311144821,0.11728120905371146,0.023348855700185946,0.11547767991622751,0.5292964915245029,0.08780948976149691
0.18773432099294496,0.08873916607286472,0.054709176613020105,0.062409043008675884,0.3044729181045495,0.09848401530736585
1.1103758641767922,0.12564241195297918,0.035807313327067845,0.06851228723748465,0.2628274457295291,0.166346892160468
0.6680339029122134,0.13151786089927983,0.033740048112140854,0.05734309637468281,0.5458381613338684,0.15318056642642647
0.8118116463055394,0.12666195387003654,0.07940537272424691,0.05695599142719446,0.4585659751857354,0.1954186778101079
1.558372331881161,0.16145862767030777,0.015373364762909368,0.11001384039454298,0.388653335215865,0.12971874817536722
1.3056975108834152,0.13002714790326222,0.04448785284189278,0.07867517220970205,0.41484058325770523,0.11622692425245341
1.3628566959798405,0.12711289104139953,0.05276096938885073,0.033638175349334304,0.3424226371901823,0.16005209430060524
1.339585950319023,0.1196957737236155,0.04242080594779273,0.09347168355848344,0.48462136604640227,0.12138346508890888
0.8639246062056257,0.09283487003355964,0.024554796162613357,0.14868692289460084,0.41836250423454957,0.15714496658543914
1.4280656135791734,0.13375413685246876,0.016190296753732493,0.16643180542849928,0.42759403029792664,0.14509320964476005
2.0837211714512884,0.09142899726807822,0.027376400167853542,0.04801955895599936,0.3004692130274478,0.17255569367945423
1.9831222882914619,0.07128356991601019,0.05055525907807342,0.0771934463177962,0.35590093726011124,0.13031321007593363
0.562046648149652,0.11754402608826496,0.04263459846410867,0.09481289795392937,0.35170261018738214,0.10447929995940461
1.0173522283618288,0.11341382104618093,0.022533356717730244,0.09632891246336339,0.4580880424676928,0.09387921365376274
1.1731223288486274,0.07014157274948404,0.010117409719614168,0.09340658333609865,0.34190640687402024,0.13198047661722526
1.247334519327847,0.10016178539553744,0.06020489656079467,0.08144702158582534,0.4660311552526158,0.1612676328521342
1.9399607084537975,0.13587082419278104,0.09548360435760544,0.08508991188957554,0.42377303765897184,0.17502147231852505
1.9139513479412782,0.06598176979415071,0.11077980714550469,0.0755266298227328,0.26484518513469274,0.10067485824942858
0.4668977387520985,0.06286021959304908,0.048517997999268286,0.0830908033219484,0.39219438316730243,0.17218967276500885
1.1574750610981621,0.16243940880843002,0.08404584777373611,0.04709281323149671,0.44837028475767843,0.11753980944060076
1.006966357172317,0.11238190485191064,0.013356336632141308,0.1616976411894464,0.5228652111825368,0.1403195403309505
0.6196993274696896,0.11250485673035784,0.07859322131752486,0.12030158179666402,0.4255253793095283,0.07115116016275325
1.6304317361543055,0.1505389515922073,0.054501655655817355,0.16320044404771256,0.4150346114779696,0.16030672824748687
1.1924342811784,0.09352393233996517,0.03785716562234147,0.07137588912588766,0.2737536335597208,0.13494350839423103
0.84785955126322,0.06765258811869078,0.04396282896776747,0.09679505663561587,0.44293247280503284,0.08616214536319036
1.1557184936766856,0.1057552772053183,0.0664321354659598,0.12160346124066734,0.5507339525204757,0.14901938752099775
1.60261726629522,0.17300762190235827,0.07773739736682658,0.07728408214982187,0.5910580129806466,0.10472685869123513
1.3950703911703122,0.1321300758590771,0.04773891543855165,0.11890494326199204,0.35590481204794644,0.10665283731086564
0.6737147047722997,0.08906631307942817,0.04638502544763495,0.13921450159328252,0.2978193052013321,0.1474496977636612
0.35684734691724573,0.09200748184433157,0.07209961597280498,0.08345164176201698,0.47312911061936136,0.12339124615376476
1.2506118067700391,0.09688169330811242,0.01834781742126962,0.16860786762320432,0.30379962772515284,0.07648488852559598
0.9794692765268931,0.06534165470056079,0.05762624827342702,0.10106756996489433,0.5275270353855782,0.12394177418701338
1.7071604016029296,0.10891290439371804,0.05691928961778603,0.0978163158188918,0.4481686061878583,0.09167340214734035
2.23678188998114,0.14194974492733928,0.08084292259047068,0.14359144004240026,0.4112377940948373,0.15865384905747504
1.8775559217005275,0.0653913780262496,0.01923534035388086,0.19171572236071588,0.5051671666195289,0.11343260310523294
0.8048560805657052,0.0826425976180652,0.08489824417293988,0.10151155819596772,0.6074062165181395,0.12627859024603955
1.788226149611514,0.10741138264044862,0.09686160705793724,0.1190509564919008,0.5317635470695257,0.12362540268969661
1.6198563957312233,0.09985689746918802,0.02459634976796377,0.09749130939712262,0.46415157131431606,0.16793418097054166
1.304134334768946,0.09739263722852154,0.012625348840824696,0.07827498851781181,0.22055200097300243,0.14539541447995175
0.9110529468677929,0.14606237412689627,0.075810446862174,0.09472223650433174,0.3058522451230706,0.10695530097590442
1.0587325210635519,0.14028064596026082,0.10608393544341119,0.09392478405788385,0.49715813583324087,0.10367046943270604
1.2902517921546224,0.12842485209924498,0.012729900396735529,0.04309049857914359,0.513894034919257,0.1385032094286292
0.9691566321159134,0.1356976977502462,0.02701536430477608,0.03753382279295652,0.23212120631799696,0.12655868833371703
2.1728333440697547,0.11407538892159441,0.019123592011877227,0.1385465292743089,0.4513257641098678,0.11864420214891866
0.8261792388111039,0.1683379987284905,0.048478303374991503,0.048565312019756245,0.30351190077510043,0.13177648496310387
1.3304389699231314,0.09909829104635914,0.07954145464609617,0.04760851586664951,0.2969149345861331,0.13697320772809532
1.0995827371061493,0.13487383349577475,0.05076591461005445,0.10357042029005846,0.4247212187514994,0.14819528506612284
1.5717025505186275,0.08085447090256696,0.06501480546923058,0.1432800336834123,0.3728850961712672,0.11620561219788482
0.5221135779319512,0.13846589622722852,0.11840860374206746,0.08857872096059695,0.2165266701399733,0.12689266234926752
1.0242611437682472,0.0982011708620568,0.053479783748669664,0.08908966178012986,0.4489236537508004,0.07241887497776946
1.634805119388904,0.09556857775166024,0.06280998770456814,0.095031644270936,0.31198769779958757,0.08551956521320286
1.0086613457585,0.13803099772522343,0.032510089360465566,0.04414521919562538,0.29296205386416097,0.16809671944726143
1.1144368440568047,0.10360699326894185,0.056609648883985286,0.05902307023361465,0.38100472622804277,0.15527929207473273
1.2903886744983906,0.08992158271612646,0.0786701096628794,0.17556391492912501,0.6766152921619908,0.1405584804958761
1.0015563139643182,0.11902934452776709,0.09868672547634941,0.06588221630771948,0.3929503745308871,0.08942397938171814
1.4829672098417748,0.13639895393644552,0.03297389252616398,0.11019682788661735,0.315708510029166,0.08328610828859251
1.332446758293343,0.08383201409810766,0.1416262116888821,0.08382716703298056,0.41546558865650446,0.12294222068759715
1.9069505853171478,0.11408273174936809,0.049454639197316436,0.11965943261594103,0.3842947265564427,0.09950141479044171
1.0106166301904869,0.07560019120039133,0.01743066711298911,0.04995233153192547,0.5491917239527732,0.14313507694884164
1.7131781912233741,0.11798838063539768,0.03834840810727846,0.03894966797057158,0.38929684716620544,0.06113137624546823
1.2390850389125154,0.1270649654320519,0.053817992632093414,0.11698891280874812,0.3775642090173825,0.11803921079598388
1.046746598420045,0.07919990013996668,0.024547028443589455,0.030238717349417257,0.30183658824498716,0.12657007325991476
1.1950738583684857,0.184513783008183,0.0177119261026401,0.10767614071839167,0.5705857212546527,0.16583634775918749
2.1340730561943593,0.15237549454394633,0.025894810919244633,0.07925566442166991,0.5056914156270388,0.10811543591441464
1.138702289080595,0.09604404671423382,0.029965536305095176,0.10004807424417132,0.5469352988256908,0.12418338663473201
1.735157837368572,0.17761507955814948,0.05217000686126969,0.15102321121854712,0.23505462522420362,0.16404539487132602
2.3150367061638466,0.0970541461697369,0.07091530553250891,0.11575441326578773,0.4421165809976322,0.09105875182628767
0.6186233345646818,0.11841615720952516,0.0504244962772641,0.11509684264443887,0.272019313763187,0.16761221049283845
1.2103682323460812,0.1057546698214623,0.03196520777096816,0.06784709464574759,0.35686250764660055,0.21440983700577892
1.145772519128299,0.07084399112205894,0.04529893769852083,0.12206761797225613,0.5183530833064202,0.16766134760308363
0.6553638830044798,0.09550661991757942,0.02302202006696655,0.10630432003946283,0.39041473693221324,0.14231325574506104
1.4386514917459174,0.10311123237389697,0.014646803581566802,0.12647682291297863,0.5218870088385863,0.15848323820991767
2.2555308021933254,0.11323117065247489,0.03875990293049613,0.08303743822563348,0.33452023538440073,0.07855799506746974
0.6612862201116664,0.14363346227244483,0.0923826350745893,0.06363362634169023,0.39837622108119286,0.15754042722318545
1.2322302636855633,0.16336385244291013,0.02628772809856839,0.07292175295349139,0.41280724519576206,0.09525928833984168
2.056489022936578,0.10614672168769954,0.03560525786120365,0.09677427802002139,0.41191079312173784,0.1563509677865138
1.6198416887639537,0.13442844643745985,0.04544542280947785,0.12616169098138796,0.3275143216095879,0.054308223225125574
1.946760934697806,0.09669115861291012,0.07801754239789171,0.08889092408190433,0.41924959803208917,0.12483874618205572
0.9242526178012619,0.1377117098845074,0.044342524128863234,0.09180081751958585,0.2440489847484924,0.19549522371502837
1.7087602156390094,0.09171532352928444,0.12141913957975364,0.12296471408226556,0.3559234479439051,0.07557483171873777
1.4946152263971937,0.12495611334674987,0.05602227536208361,0.08329878807460922,0.38658330724875994,0.17016787775839365
0.738766925497343,0.12640999115809012,0.059358039841088964,0.082087942959883,0.41401149426888106,0.12910372084505467
1.5674316097711944,0.08776229984865172,0.09268299972524967,0.11111495326619401,0.38355406673961706,0.06579588251308305
0.8202544328425163,0.10826923695870475,0.025741968741896375,0.09610655464235529,0.30402501973441276,0.15410804246928975
0.9968516279679406,0.12209373621057719,0.05038143600439091,0.12107070157363634,0.393543619415776,0.0918493480174854
1.259986944683225,0.15454574177616795,0.015936173991283987,0.15871830826098365,0.3630555566144144,0.1150510412119751
0.35901740976191976,0.11554626444199968,0.06316267160350661,0.13761245642594688,0.234429362107479,0.15777719141780733
2.104052989830315,0.10304387408675984,0.08637062826154943,0.10223287946965254,0.4540266638215025,0.09612020432847844
1.2390079217830416,0.18412328349988177,0.050511815382203715,0.1213662987517305,0.4628848753330271,0.13207620700127323
0.34571180655581,0.0983464121642495,0.030015186922107834,0.14558458039502667,0.44052523286821127,0.09637171932908645
0.8064724799072868,0.15574963076394766,0.10621896102838216,0.10888824369023684,0.2606255517673711,0.15751205459794396
1.0509789703602204,0.16744462270436677,0.01883826824636299,0.15412452699308324,0.3171799184365167,0.14268382520874673
1.654854354871926,0.10733986751655261,0.0716595539181426,0.10758756626151077,0.3777544710860338,0.1273543731264897
0.9106629688042163,0.12002411565463118,0.04216336566925377,0.10562580912252846,0.48200588103065495,0.1687409997244464
1.6226749222683934,0.0719652041015968,0.10734003128188793,0.038898756343948244,0.6446395387304479,0.1535979865804596
1.7931453460640672,0.1353973830568843,0.0445567471459372,0.07337084871008595,0.5675853691086026,0.13239346511994632
1.0637973096591347,0.09278751878480518,0.039055439017498014,0.14272372360187527,0.3857857546567811,0.12580378714981766
1.2164168004435727,0.07744580534978812,0.07501557483655005,0.079909580137599,0.638163937788512,0.12585997531519658
1.384916945344465,0.13209263695164963,0.061233567779455475,0.08553589760868684,0.3239446465754604,0.17702586575503176
1.2249972052818288,0.1322857757097948,0.04610648188718103,0.11612492472771296,0.33016090287753463,0.11655211935174262
1.2807292906296803,0.11615585497936498,0.08598545201934263,0.12971103019374938,0.5831990384336385,0.06640199366420177
0.8473283005341111,0.11265954556134467,0.03395253175662212,0.07544579386606817,0.4759013140556194,0.14740611196559475
1.9375219774531973,0.07499194021871874,0.0233480957942078,0.119641183238575,0.4587459325385821,0.1265751313049667
0.7046643825208179,0.13529723292570234,0.11871502334673739,0.07888597683143596,0.28537787497591416,0.07777930649707093
2.219349322880671,0.09447254017590277,0.05401313121971827,0.1022778274406565,0.29877223925250085,0.10970720217525551
0.9126678000607402,0.09469276692967105,0.061206825343369756,0.1408613087175224,0.2827730187223215,0.1503053553793938
2.1066290532474885,0.15742598651936382,0.06883893738776053,0.12945660985691892,0.3351819586242276,0.08518979461854714
0.26085872009611144,0.12197081314165796,0.02565121694452522,0.10847258919224148,0.4172784672474241,0.14063565782903273
1.425930469127599,0.1282624788849882,0.014040837750375564,0.09499156700115409,0.43366253482183686,0.14613283048622058
1.2384770003390657,0.13515288384118698,0.03895533997413975,0.12898832107957414,0.3827499558776369,0.14635543792918324
1.2621000092905281,0.14477183780722191,0.07421484392897977,0.09718645034455548,0.5773179660187924,0.13409761894773128
0.7065891527609646,0.09479829426083333,0.11943473118643731,0.1219419441157481,0.38303814326694124,0.12153126668571065
0.6443852175514677,0.10160522650894793,0.04694139459832986,0.10994785586898613,0.18813564362070456,0.14312004363653189
1.3097839028427927,0.10186176713784169,0.14628938807639508,0.11531030653070636,0.4238156627660717,0.13279175701002324
0.5048237275598124,0.10311965003659901,0.06382816242668135,0.13106414825548257,0.4153896218153323,0.11333227424741918
0.8739006536584065,0.1491471093335286,0.04094232187413023,0.05560917715435691,0.2874441894988934,0.08917948778433127
1.3803942239318692,0.16286245855135031,0.045126338342843665,0.06805441377511494,0.29987773040241084,0.09117661443383208
0.8042696178419612,0.18988403708963578,0.022894110376713305,0.09366329367097556,0.24217666575123797,0.11610737562345311
0.6483111388611228,0.10345408610612832,0.06848706621728208,0.06667261675681332,0.34372030693384764,0.08572498754853886
1.156792777661329,0.09137449612474392,0.09932463977269138,0.1430719844081489,0.2746705921213968,0.13589427185455508
2.136567726099242,0.14083915699879312,0.06511583395608556,0.12663871882678834,0.4227949440702735,0.0759242871963163
0.2735717938653104,0.1387208400217245,0.06301724909827784,0.10858395746648672,0.39029357342988463,0.231966014940153
0.8163066156453879,0.13181661924822044,0.03068862522434886,0.17877709608296,0.4291819973509294,0.08922173714340895
0.9503436087396475,0.10612498383525247,0.052520682369351646,0.12454438191046857,0.46731871604593034,0.15613459185314071
1.7432315144470818,0.1230052292391076,0.03739791777489254,0.0818860507069026,0.30966844325450515,0.10865481505162197
1.9002998391311283,0.11821610841814224,0.0908621803182668,0.10429364880477394,0.44170255284304755,0.12815461210747264
0.4661283543848318,0.12988485667048402,0.0583441865410818,0.09202597615518668,0.4118086967113153,0.10459774752001676
1.1195863738696306,0.12127693327286031,0.07375961153514851,0.048489943158119435,0.35866733995075184,0.08754438171617207
0.9165629143790524,0.12476157672391831,0.028476438563062405,0.1673225987817964,0.28299795462162763,0.10200376603074478
1.1860281270236352,0.13027504718128471,0.017989913391308433,0.09622744782197394,0.38486429426246455,0.10563106691425055
1.4108527277329477,0.09662513622639302,0.014002485280647823,0.05226585469432216,0.4920059476237342,0.1658460946631695
0.9257065151990752,0.09889631289654068,0.06519570035579517,0.06231754184463104,0.4434660198761998,0.09084714698935542
2.084720744298087,0.1387387805965331,0.07330455350345202,0.07461854986194696,0.28941959418708424,0.09475060072812619
1.2335711749789828,0.08996683164824737,0.09425460289308724,0.07718547556868388,0.4328808800917963,0.0926168691722941
0.9558329165941384,0.15534172223867515,0.021566054655763427,0.08053329431018319,0.3506808864700205,0.17627164121447123
1.1861934005776038,0.1081200123261055,0.043262677626737876,0.06350797121132605,0.44488079536308595,0.11359930131366065
1.0723949522387959,0.10296847113965117,0.021947879313944308,0.0487574479832088,0.30469902134497673,0.18310625397106411
0.5828132165856401,0.11107516943754725,0.03239457193249837,0.09011661996265671,0.4178640221421923,0.1364778132005933
1.3419982765120353,0.1551775777651189,0.05813206841727702,0.12589008687717684,0.3504323530798996,0.12389266233546631
1.5742398159916866,0.09544739633567634,0.05960254541306796,0.07070563533009996,0.456229270875033,0.13784703715450636
0.8687316160028685,0.10568524088283021,0.04130490671916952,0.15438720497162803,0.5243890522141682,0.15221023601343545
0.9717605634041063,0.14375233853854547,0.031165340374183975,0.12705489344224774,0.5368438197764955,0.12947249912952633
1.7236802001518072,0.11763559770907231,0.1365020637753222,0.047778209995159665,0.45899626070738625,0.09600986548406543
1.5294690184039677,0.1380552001689927,0.046570226445004914,0.06713258948821677,0.4125573958164189,0.11680183487247937
1.8378204999007053,0.13756597593946998,0.1277566864697351,0.1079646808720109,0.3159992256468088,0.06636500289216724
0.427958677154197,0.18442045442160138,0.10680149972949463,0.07566244258721162,0.41867120575512584,0.14389412242722877
0.8444511846471037,0.08897236650828501,0.08298364206000797,0.07028524317242317,0.5544526951670106,0.06693733154367928
1.2789097514279586,0.14503947473592427,0.026260708115476688,0.08286616297726396,0.47586231910534327,0.1341550769874652
1.847653327120752,0.1467133301535138,0.04672406520421231,0.11718768793603188,0.48754208119580655,0.1470482357017245
0.9841831260852544,0.061626723276643085,0.03232211094037872,0.09818307637717734,0.28240339230468825,0.1403857517128758
0.7473197411782012,0.13847099914738098,0.019966163533713773,0.09934141739612071,0.39536367041896037,0.17614660250672656
2.240173373439249,0.15774118678897864,0.07264586883757304,0.0801021577953751,0.4172943671587107,0.09962443283831124
0.8579551672042571,0.08435646750362905,0.04268831354523494,0.07796332879354331,0.5195224354863548,0.11512889374407723
0.8144409270192383,0.1370537398671344,0.0586137215308134,0.1223256344632999,0.38897659992972555,0.14823270787417697
0.5795657550596136,0.1123102157429754,0.10056819255005824,0.11576730890712536,0.3346679765837557,0.1646293477029533
0.9497702735884064,0.0966318227351202,0.04499123604062741,0.1203836192547619,0.5281935397692958,0.16765496192845242
0.7846049548090966,0.11011856678383435,0.05065230200330181,0.16380970048237634,0.3768662115122201,0.11496296191078728
1.7396900419267665,0.14448287081893443,0.030776051928044626,0.12638580379780767,0.5587678112143287,0.13276068217673964
0.9949215967062999,0.18693487636060202,0.06946512126076565,0.08499739490976511,0.44543607492631526,0.09919698314076264
0.6422712128856666,0.08216562921008352,0.0669467597454778,0.11655310165657441,0.3014586206753911,0.0947185273251489
1.9779910675129049,0.07842137151163156,0.04516585858997145,0.03420854106410673,0.4359699453024876,0.08925610001748081
1.2893803862793973,0.13992166427633929,0.010721852565294392,0.08217457904182622,0.3321655633935936,0.16560716811553697
1.5909312430465847,0.07493429884702921,0.0415083187607623,0.08312131042752914,0.23152592070595243,0.08263978891213594
1.451409561918762,0.11580289770439116,0.08038203271742422,0.09761092048151862,0.5420210394749335,0.07307798096571687
1.624457886838374,0.16835062461049832,0.09042432569527531,0.12599941284740018,0.46533050397734227,0.1481002848633515
1.4265280758405017,0.1648398521579606,0.07475066804641183,0.14229913045585538,0.4440520883053762,0.09416231018344488
1.5110442616698372,0.10505946630380539,0.011185142752915968,0.047473765040313455,0.32263514262017823,0.14082154485757112
0.7546324957486783,0.12647486791012616,0.05522523157331807,0.1099252748581569,0.33664675586430354,0.0860575481229999
0.6154112826952025,0.11996731729137984,0.0794574381037487,0.1493572352819681,0.4842416040203521,0.09946888749796716
1.0215538697240243,0.1155947240044946,0.04380677778650497,0.08214586507759752,0.28750456708936684,0.08305985142674396
0.292551756087998,0.1216215000884757,0.04081136212165655,0.08780200971132238,0.3377527207020535,0.14200208162268507
1.9523094469790525,0.1178911172842411,0.04836201046991293,0.09204081025027042,0.4964112763200585,0.10179518509449481
1.2966682155261302,0.08696209108779818,0.08119880984843872,0.08153529860743959,0.4077910698975389,0.11792915893553915
1.333268327371987,0.09052993506436374,0.01639111850159133,0.11380743264522024,0.4291102874753656,0.12911768924866404
1.3044350924194328,0.11136346316641596,0.04588611911881073,0.07451860394294277,0.2645813819250815,0.13451418155455025
1.4205231357451975,0.06328195037816815,0.040599286405881355,0.10002428187731044,0.3813587290427398,0.13934576859143852
1.3363057307659671,0.12206957427037782,0.016812761714400767,0.07562054218947392,0.45997880275803393,0.17209269700535165
1.2099107086758132,0.1502051152190053,0.012344939979371312,0.09073619517069603,0.37519799019876476,0.11317479558732257
1.0334775666992362,0.08547809832024778,0.05484198760637718,0.1245063398154795,0.502686417088132,0.1283522519400247
1.8634219013795124,0.13287417995372713,0.01786913022806503,0.12548007799898786,0.3466062991005827,0.13208482020400525
1.6750392673507328,0.14741045260424915,0.07295409799264335,0.06850668077427408,0.47710754949857087,0.08880046225064847
0.521403771762964,0.13312505683591266,0.038638660951733156,0.08928188658759591,0.26606292435183676,0.15212461978359731
1.926306614215947,0.1325875973754137,0.047214428451751146,0.0874253076528316,0.5298564519473635,0.11846234391527256
2.2484804311636433,0.09226656674290748,0.06651719743019016,0.11147905680650075,0.31039514615720876,0.153321659891906
1.2269132810552297,0.11642237877469634,0.029018944627392965,0.13294924553118415,0.3658230189692946,0.1268685801198468
1.0824500810538056,0.11088571465342517,0.028454717068531095,0.0918619583308686,0.5812680466447729,0.15159755142749343
0.6698503900433735,0.14685689393269233,0.07806682820721408,0.11177927063847524,0.49694965064778746,0.18531233228029065
1.139274160270513,0.08919508502172768,0.047453239336711354,0.09365612580769767,0.37804175804813556,0.1449018280041517
1.4880310387517308,0.13680448865238565,0.020829606541362452,0.08881947473836507,0.40039091216111317,0.14997247080377968
2.307163033342568,0.15281514600999904,0.04233425184612171,0.12305012190950138,0.33967120665249895,0.15503932652193084
2.0935444632913853,0.119769390674421,0.08348346336352436,0.09401184178234823,0.2987803469628003,0.1648110634290674
2.117394545388872,0.11009673687629914,0.054192405867412065,0.11664871917686391,0.24962520674115055,0.13615413570593188
0.7490979104035062,0.0966015521771958,0.05747472822996749,0.0745133495832704,0.3380817773426703,0.12459781214042234
0.9116727522864778,0.13912157130115094,0.03449641629926616,0.16199967453592037,0.4477862352065129,0.09246560121616043
1.443161170441354,0.0957030950061982,0.043446662289031386,0.07107531444675237,0.36348195435650255,0.1434803485283801
0.617554661645521,0.12072671141510907,0.05616398824658786,0.09333211678127622,0.5312191706121769,0.09547835168960887
0.9700145062731466,0.10270704637959191,0.11477102132892184,0.10208470091310527,0.48663714446364303,0.09978818778989199
1.6957601157963094,0.11335801747505002,0.024750056223842933,0.08954313965065751,0.41445680430676607,0.06644120624624247
0.6330561442353075,0.11133770432848364,0.044064965837672915,0.08635469431051877,0.485025576223216,0.12482578768720781
0.8641867915629436,0.08832180848003075,0.014087791112244563,0.0699353153000991,0.29077641653399433,0.14103932391359597
0.22373092291383712,0.12743299686284962,0.03934925452713741,0.1481318896916048,0.4720265626323087,0.11237167868893143
1.2005659233309605,0.0785804388464775,0.06314695338454629,0.09144133039248992,0.31612096207072715,0.12136153799282016
0.24046402715582893,0.15866932894392866,0.04519651406367555,0.08722553846795664,0.2955938227060882,0.1470460119070014
1.1007399344207682,0.10083223980221581,0.01991370865443492,0.03440608701498685,0.29470389451317086,0.16027895946269774
1.2975378547827894,0.15886675468641942,0.04478923016311909,0.15567080722971857,0.5075150292566972,0.14581610237123308
0.18484808901465133,0.11736704075574542,0.02406405727176571,0.04268003361193626,0.2352597365501251,0.12429368419148319
1.5875988756594284,0.1373731797378644,0.09524653732589132,0.09389629117035186,0.402895021715888,0.14259986762175836
1.3230677779486306,0.1501165638169109,0.0368988757078651,0.0823098295001605,0.3584443949386689,0.19791563769444165
0.5648236295271276,0.0913098265478959,0.054998334749459775,0.05807278285275005,0.336242466935217,0.10561127286435283
1.527314237663281,0.08208049030203753,0.013628033695429767,0.1251704565121903,0.5989721511534207,0.1297230894659809
1.168364997788919,0.12359805816937762,0.05620455772249616,0.0947704229961297,0.3543636187945323,0.17805503813532822
0.38604440372078397,0.12700579273955828,0.11142575598349364,0.11175641791552145,0.38433790606012475,0.1360696002355098
1.1695057234270148,0.11393301624691106,0.056080044310806716,0.053375409630479896,0.30027092292547053,0.15518419435516317
0.9009724992118311,0.12913310492509522,0.06683912086801148,0.11450935583283373,0.4959877528053729,0.11041171894051204
1.259018947256421,0.15477144735046522,0.03520669346290403,0.0898981446727654,0.23010161913823454,0.1840004596157157
1.0303378360704607,0.09950862164441504,0.04678715143415908,0.11127669863526592,0.3549041058290838,0.13770911538757877
1.6913208172001815,0.15408655693246556,0.03781112519417652,0.06402960206056994,0.34094287744733814,0.1529003539830393
1.6298612130715164,0.11582076204913332,0.08185675897517328,0.05833852811795778,0.3669262173663741,0.10443469788970314
0.2475366769801588,0.10559482377363584,0.028400897984639083,0.10676247046444516,0.3636376743012819,0.06206704312425401
0.7578765048199941,0.1677065205338764,0.11000477842400441,0.035961549254879904,0.2994529149318936,0.12086385725967633
1.6114657960863112,0.08963884894050853,0.04463465864532693,0.09683770004182922,0.3883706474179144,0.11202565769070533
0.6411006156207842,0.06341381625586112,0.01646857588170636,0.1704090264310028,0.37684591598911416,0.16330308754080933
1.6345101155285742,0.10548478227972934,0.011681533245241522,0.10322635538631449,0.26405621506707766,0.08657830741068585
0.5802667006989459,0.06227956144294416,0.05538349780997841,0.11266903632474243,0.32728305692137805,0.15578401331934788
1.9602911070497866,0.08427403023237032,0.054960130309665886,0.12684147043279953,0.33635654526170083,0.09408679261924602
1.3528243081394564,0.1872736508397565,0.01147143753895289,0.1055521457047039,0.36798223903607163,0.13707895720922111
1.5456384859875703,0.1033808291979116,0.08621597362466858,0.11963381829940108,0.3326432593573656,0.10956611954650669
0.8765101590558436,0.07536879354896403,0.018379140683242725,0.12785163210804967,0.4090674239734693,0.11429354943176626
1.0654691410219606,0.10772013407949386,0.02806829330561051,0.08228931529016181,0.40404541591142257,0.11725295487277256
1.4851811969846693,0.12083802506953245,0.06372585906810414,0.15922202103624278,0.5166679052512455,0.10513546060536097
1.9105100539411302,0.1561048552198894,0.03519861314424639,0.14744187105590473,0.4209606786742297,0.17724987387206806
2.016311622623931,0.17626336307663296,0.08340125443575978,0.09571438139120683,0.4532338711136994,0.1232610933051731
0.5876600356619688,0.13472977214678614,0.08136595738390401,0.11317918503761101,0.4434353413041846,0.08224958826276524
0.8922510264841419,0.11087390382117487,0.03999312068118174,0.07626785559730856,0.2600820199852989,0.153875833358957
0.7987295469864025,0.09979424800790956,0.06146564879130215,0.09688835291430936,0.5605208282642248,0.15067665779620334
1.2177320152715565,0.11070442482459132,0.056207692458838596,0.144068852351776,0.34511236187538186,0.18053228651847472
1.0799067628355064,0.11941965032517068,0.044399830444897995,0.09420344699354119,0.3367755740312951,0.09763715441398027
2.364073893423231,0.10559189958197938,0.06168822440618806,0.0764082027979492,0.48850370989560904,0.12751189780896052
0.5624834705673227,0.1366086276171368,0.028524660183569892,0.03061118693458806,0.3684315895397821,0.14016706452097277
1.1092140760742413,0.08213867386418625,0.04637187166774086,0.1255542694296369,0.3121862521663836,0.07451221404566166
0.5522427669154611,0.07909481442204315,0.07155246529616252,0.10355851070251862,0.4545492084286222,0.16054233851737876
0.24262645098195723,0.08703616251265973,0.04471344634201915,0.04444733546166514,0.36219306199774676,0.15168416405641771
1.1884096019918857,0.08841379142352992,0.019068868248772422,0.10422335713948577,0.3229391836988452,0.11404838850513604
0.3838123639451996,0.1100877862110118,0.027813497907822754,0.10474803872946083,0.34404290571102225,0.1560974427443217
0.8881751188642818,0.1730780015222041,0.06815093481384216,0.09194037773423414,0.1679567359110261,0.16281486074222018
1.3762354960117351,0.10380697874529335,0.05657580526330861,0.12639651860626785,0.5045808979772691,0.12430699970997637
1.3379180206186119,0.11018550016626005,0.0849673933772101,0.17407815493767742,0.5265806966426312,0.0871381563530923
0.9670929065606929,0.09187968216650577,0.06145920793766339,0.06966163595343722,0.24913751267898201,0.16803840360790231
0.47687447035659836,0.12422213210657357,0.06501800936665378,0.11256212082045733,0.33128242086759174,0.1357811843655165
1.0047967192878107,0.12518803643203016,0.07159513624370109,0.08885555420191163,0.49562689977513336,0.09322240921937214
1.5543585694670305,0.11524378162011116,0.05022848796120627,0.11404151664136324,0.28722994770108756,0.10476038619105166
0.7559953679254644,0.13214075815925203,0.11423166245962367,0.0778932008786375,0.3847393344727814,0.13203229310134657
1.3081335498522528,0.10581777968242792,0.0778203437629379,0.14646210331307222,0.39363279709723387,0.18279947594913892
1.5921902933248893,0.13799599122023667,0.05575964943463975,0.05725350974646015,0.558500360147587,0.08729118185525037
1.0478045043137068,0.11869256370822821,0.07593683742990455,0.09342080675631378,0.2859975362491265,0.14211580760926193
1.626248613274093,0.10183430049515747,0.0631111033028692,0.19176876140045576,0.32231382559492605,0.10606109413425936
1.391089300551928,0.20160589873983728,0.05752986353898924,0.13577433968027028,0.2697695262171995,0.14996056876363384
0.8256466403759859,0.12090260346352823,0.06952467348387378,0.10980661677983174,0.40918689628114935,0.13955978431877766
0.7355893946664479,0.1877016825535214,0.02004230697820166,0.04973579367873387,0.415258516269542,0.10175904606247328
1.6476668420011136,0.10978452918837935,0.06127884959234543,0.1024514428416575,0.39173204534417905,0.1134076566687355
0.8432964657939204,0.14093158111700588,0.09506449013173418,0.1530281677931846,0.49894536695129665,0.12129429475685344
1.450132104888396,0.08426845074236425,0.04099021692709223,0.09812867839852202,0.4974421729526353,0.08517976247146025
1.8794412544421129,0.1478390601462597,0.06202143053708055,0.10777922563419644,0.33688614860800276,0.1718466191579595
0.6790343388876606,0.08850769133334764,0.04680251194597122,0.08178447952715516,0.5564214046854782,0.10274696307497283
0.8542951292237163,0.13010377615513635,0.013557731118202784,0.046042455192343304,0.290779893451714,0.09535859217167403
0.9136395270397815,0.1197328248096239,0.06699695673800309,0.09105855259697095,0.6039688087562989,0.18704808745130216
1.5376608615792444,0.12458313154208117,0.07125635459605148,0.09227329713894797,0.2655441315557113,0.10140675901450763
0.6812632623732978,0.13954411680371215,0.11759126688924981,0.11986510385070825,0.4038583954535501,0.09091026703720506
1.5149739831054225,0.13617153442424945,0.08831936594526822,0.0691017488044864,0.505490826096944,0.07845490642846889
1.3904354277432132,0.11156763376530979,0.054678830148465155,0.0566650148474188,0.3796542194991148,0.10188508375488418
2.218241290893336,0.07377651930055584,0.029585237258491867,0.13317102293041516,0.3665833767881679,0.12768469854435652
1.7363673304674438,0.121336674361159,0.035191861397745744,0.07431877345178838,0.21237574820906555,0.10251812641041873
0.906162554985079,0.10269665232859655,0.08095667867537326,0.11699890027142776,0.4772799293454011,0.09915137638635349
0.28424718624040024,0.13120516420072553,0.047841701449420085,0.08050236886378473,0.4192371094655398,0.08379515491957047
1.8744332696133332,0.14941777450189303,0.02087163820914682,0.1460423946394968,0.4032707809165699,0.07800761390093726
0.946955409111248,0.0974439509478157,0.02263983775656276,0.13660479630718558,0.3751872454103804,0.14784039595853626
1.3146328009534174,0.10354003643097294,0.04023973588577831,0.08100957799846675,0.4346205965803532,0.10573557757965078
1.2271814614606178,0.12277922089684958,0.04081524339432314,0.1284154903215635,0.371248425918435,0.13043540729036968
1.4465194348212842,0.14751340167824128,0.043498826102360236,0.17953412210150455,0.39155985119085646,0.1407522175052696
2.2632464953378904,0.11782990883093752,0.04642711858467817,0.07976104321819968,0.41580894990943595,0.08729535976474502
0.7345478735694201,0.12293580517412261,0.04164572046512718,0.1064974901779956,0.44874473228755196,0.11977044605946041
0.44431860480753316,0.11916195480832074,0.10713150109394606,0.10568922792719582,0.4724030872484293,0.10990724066766579
1.4555459249063232,0.09691066766745682,0.05482307291210074,0.1203193878636525,0.47035686135430704,0.13088438791020346
0.5025027950346542,0.09063591061661011,0.09123467941269536,0.04719801600050523,0.37709480399284634,0.07338037400390016
1.4301540307627862,0.061833968294500725,0.05235307464796193,0.16444288993083972,0.49802812671345414,0.11662312757488388
0.8589752729426842,0.15682740822801036,0.10509714994542382,0.11181785905138325,0.2652929503413331,0.2129377511690326
0.7234527067696456,0.07824697801359497,0.011470220356800918,0.11250319964390693,0.28301167381661413,0.138012400674715
1.0484189470001986,0.08670686370347455,0.02772047518579235,0.07741438588659943,0.5162747688521012,0.123260744593658
2.029553241959049,0.10295639356005891,0.022900586994470857,0.06880610079223679,0.5331267264350807,0.13173779101676536
1.7907952203135191,0.11650831376560415,0.08222026320448861,0.07957304237287346,0.32633814199431294,0.1494619871686922
0.49843289239722877,0.10485600203255778,0.04623059987593847,0.05826222575898928,0.5855474009072857,0.09163390183979873
0.40781696413361623,0.08179768787853872,0.07106119282878026,0.1262071490589999,0.34615687350722635,0.09094775058156318
1.9657828889514006,0.13386183201742374,0.02752302545181223,0.11631637072423824,0.26130245986972944,0.15380460732903634
1.1194749256788128,0.13031818238357104,0.047194850919387785,0.09841601676303928,0.22458056554172537,0.17170760443120348
1.3952287342047751,0.12614541056144848,0.042072810760758875,0.12147287484142037,0.4281299759607079,0.0762413753218763
0.7447322801885488,0.07054665125945672,0.029997155324497496,0.048558389776777754,0.337699438902778,0.17360862862245247
2.125838513645663,0.12785297714788602,0.0422330527146593,0.07536765903678103,0.3865675329008425,0.12523828714879903
1.4104549106666477,0.11005704729731078,0.032331926969887216,0.0576255043754438,0.4077547434989416,0.12631685951584534
1.417761181551974,0.14136175323004022,0.015933584666941825,0.10576019536658796,0.5140303424905659,0.13854170481648567
0.7772207574662401,0.10100712816564157,0.0358643680264171,0.11859480151246124,0.4916934284189088,0.11934266958928932
1.198785670921491,0.13333526223872064,0.10539636660071106,0.09020741500474092,0.30191401898528764,0.10567592315345775
1.288272607770607,0.12230304651653805,0.08918403764978511,0.09272125513686016,0.46565309752345996,0.08748354195603952
0.7729663100777427,0.1471891643632235,0.04129862684661263,0.07754156319546152,0.2705171039064999,0.1152790779019118
0.9051888762018335,0.12067142777715478,0.01396562975766329,0.12213075248612157,0.47447381881256057,0.1428135648752723
1.3531342791370662,0.0708404462357632,0.011900007325373704,0.12467211163253877,0.33336238497919013,0.18744021642833797
1.4458208884988488,0.09981750105364767,0.08153888617446972,0.153922693642514,0.444054120420202,0.15406089682347104
0.7424991794867578,0.11712672146295358,0.03582076946539231,0.03065905853947512,0.39986080782142397,0.1784313089851368
0.9380958508342041,0.14251243990013804,0.053205986134408106,0.11482553353218079,0.6913525644121425,0.09840071369540154
0.5068193662554457,0.10549473414252562,0.07964886909490948,0.06638393252756584,0.4874069807182513,0.18206945747272238
0.4457968351584901,0.14451936612016894,0.0443460191092614,0.17336371926569577,0.44249967891107567,0.1426327010239267
0.9876738965459416,0.10267194264350954,0.015069553659974665,0.08000909500481085,0.43191066528472066,0.11945985339098521
0.9801617974790152,0.12173465707696891,0.03765275866714053,0.07316887988804388,0.42369075139162066,0.11265281259079088
1.3233277770820182,0.10035254738932432,0.07756672160306573,0.11699498110712286,0.28366188576559437,0.15227697173148327
0.8901619718536471,0.15238365326471157,0.021560228428627596,0.09796274875688896,0.3926772679167472,0.13269952347018527
0.9297362787615827,0.10798800277942584,0.060940833783897294,0.1743224016291398,0.5006082061372416,0.10116795932224933
1.345652917943268,0.17371803935200597,0.021866149961735727,0.08241048455785766,0.47781917762640713,0.07309514536886022
2.037732901200299,0.08178966773264751,0.08533046776156111,0.10410793989494593,0.455260221147627,0.15819385465655156
2.133248289675556,0.12800586770704867,0.06967040096777131,0.08033781164250348,0.43599107090592004,0.2448403157875171
0.7101789317791958,0.14047009370393834,0.058525445036756135,0.13720160950631635,0.46057862004096206,0.12297342474001365
0.6972394250444272,0.12989247479136568,0.03164765418778041,0.12033859962496642,0.3862372973612529,0.09930051514309832
1.206167191494292,0.07876734932229304,0.049085728430376833,0.03588321534247184,0.445441828070413,0.11844891811081631
1.6878858931516485,0.161526307957358,0.03553322808657833,0.10698430611174295,0.4352533606579598,0.114486488614233
0.3916383730017087,0.09881576661378252,0.04072145717787461,0.059037772624850875,0.44496089724593935,0.15496140807236095
1.2774858609373567,0.1247978846161659,0.046305474284391905,0.07611077652378354,0.5660362660537537,0.12754063384696623
0.4803154899040212,0.13894577229992625,0.08507311457603725,0.07916437287922451,0.5039573861110037,0.17676143065371885
2.2889920463905833,0.13913281190476096,0.06438103513224057,0.09132109372400632,0.35088927581622537,0.10401159264029053
1.021917533155758,0.1110491208645491,0.0264369147773688,0.043153722680368004,0.40787239996858854,0.13682887691898588
1.1499424631402522,0.07032683174520488,0.021651849859233796,0.1274796465160438,0.4233348086916183,0.15843618738650705
0.865418560213769,0.07798765074633021,0.050768275523568995,0.12331586907314117,0.3283294580429641,0.16372037084422425
1.8566345944479814,0.10271953223863192,0.021169865217634556,0.09129027802003578,0.4504085850951137,0.13766442358607217
0.9859008764438206,0.0798735260443704,0.05659847673842307,0.07749441530633179,0.2598904090037446,0.12925368412629631
1.470715207445333,0.09150589298173537,0.046699772433988665,0.09014643624669075,0.3278729620609394,0.06864464910419166
1.1038180973851377,0.11825821219281406,0.03431608888834174,0.08566139779547237,0.27969057345544,0.0927002846811659
1.0240312876851307,0.10939545051010456,0.036721527471061305,0.0869101912092121,0.40645100586596916,0.12703905574497185
1.3235057091659406,0.1168899004586907,0.021481308149731888,0.13329828078524858,0.43532782910912265,0.12067272320922387
1.6743473041521633,0.13790061346468868,0.02593828502556037,0.10706751012946758,0.4148643894167132,0.15416815515785803
0.6677349375329422,0.12927109903198722,0.025045923821723427,0.055419164815133856,0.3606862063939503,0.09343876722537078
2.4797359710486004,0.1274746153468685,0.018101693097391024,0.12750700150836106,0.33278482012842325,0.14063214784780712
0.561588239704736,0.12527577950436017,0.10114287532861885,0.032566281194583976,0.4975890554211997,0.126280051288641
0.8835954783583332,0.09802409998272123,0.020965359390883335,0.1518736806675938,0.3455407114642867,0.171062317402913
1.2013791447771816,0.12682131427359516,0.06750878649206304,0.07352838006033087,0.36622139534502773,0.17884729509766162
1.9048921321995864,0.11500233053894425,0.06356921950179424,0.1152925626452224,0.3234816286535878,0.15623609562256802
2.031165982471352,0.10108779213272531,0.04720306141558911,0.04027274634701207,0.5043167565351012,0.15385089366913668
1.3254974355583717,0.09259739877963198,0.06683793563146134,0.07158505304685063,0.2686166774712714,0.08692425454894318
0.8536747966252933,0.12969703114498718,0.02487128003779913,0.059516740346762464,0.37332259934921674,0.1259244248282562
0.9557254584698871,0.0835130709348876,0.0817057054192239,0.1179032588145299,0.59153321772905,0.1665290499472443
1.1042600156052176,0.12516990105217254,0.06367270271738842,0.10847049190080396,0.3751847701507318,0.13784448074242792
2.176012705490602,0.11643531761179844,0.019788868831851818,0.12414972748351655,0.3302664021698892,0.13174855045623327
0.41255357579794505,0.12108447573945484,0.07202719668939303,0.10725282399024806,0.3879050959793274,0.16384742335007726
1.3889220338192048,0.12977217533794444,0.06560233273761266,0.06757867614769868,0.5084162511222036,0.15235308004448272
1.9720548156559161,0.11193687344989316,0.024172956383582477,0.07166750863394089,0.4420605296579996,0.14644105759799905
0.805228081165353,0.15632930402738496,0.05120019258176815,0.14113244718267226,0.3381633502713753,0.1243521845618265
1.314952032660627,0.08529305243954717,0.026183410584764314,0.09769781167713026,0.3738517459447288,0.12760160316191846
0.8493070645606078,0.10732708647565366,0.046931376576869396,0.0743553791556196,0.3882881249782464,0.194123580255244
0.8320059847067303,0.1411654593976745,0.025019005355266223,0.10753950623433622,0.6342957487700362,0.1429762617614372
0.7007069593388837,0.131951351755577,0.07741611216101964,0.13856171647480053,0.5262698771351415,0.11497233011549554
1.549684340703172,0.11170813931185367,0.08751447153874567,0.09538886950299733,0.3413155589034595,0.09461366910969488
1.0406911390049773,0.1270461030228422,0.0628962758170788,0.07977785783283278,0.3240560732698875,0.13437395413614825
1.411365799699441,0.15271274813606778,0.07688696587374647,0.15635250507673787,0.47422183763731823,0.1341248167352482
0.33955177982775275,0.08122051130108382,0.043639277760186765,0.12405500054486408,0.28246521006510217,0.06269843901299157
1.7430541231058556,0.0913156697293352,0.03580022706341762,0.09643888867392489,0.418413611240199,0.10808924528124231
1.7294906475700755,0.07973220829542049,0.045708974576024526,0.11194802501565194,0.45466467578695086,0.10848520493734214
2.1527476349794936,0.08052277286498258,0.010557644802690641,0.09695337875227901,0.3294877471438237,0.11699645671193766
1.2318991527393974,0.1482179540366742,0.028815645264203067,0.12093330359696045,0.24230995223561114,0.1265361714621249
1.3043236080848961,0.07804418656669279,0.05905251046233041,0.11373932557412375,0.4344370471436901,0.16958444194189654
0.5005816169578765,0.07056803339971415,0.05700711402355003,0.13765713949663877,0.40762163603921436,0.10499094032939785
1.841953025699696,0.16434112928321612,0.060573099360265115,0.10201765696741831,0.2858769922272445,0.1564970744702387
0.6958320686162267,0.1191108013810606,0.059365681194104576,0.09569938843949262,0.5079440983746027,0.09477047491539124
1.072931149068566,0.18171180458560093,0.11135220750925472,0.10373414264605343,0.277565005045932,0.12922160015664885
1.678022905989062,0.17048115382645107,0.14003255282619292,0.11522915513127588,0.4841080946572013,0.11680307625905931
2.0582693994394545,0.10803296741737656,0.0659949523624352,0.07435731096490221,0.2508785837394923,0.14198638054900334
1.610090657958781,0.09422335084723926,0.08290207232445503,0.08897872582659018,0.34588124703343026,0.08191276177426426
2.1926341339324873,0.14523960136981695,0.04236089022164693,0.08095217088932732,0.4392044059854025,0.11665854581248572
1.236200760374301,0.17290407201181685,0.06953441963601538,0.0978807250093425,0.6426732146813872,0.15339026700620995
1.2745465266095428,0.08995843793340229,0.047966717259015516,0.13880345111137557,0.45223918920862927,0.07473659882478978
0.7758995813187344,0.11248056336678243,0.04762070101235431,0.14659062030243702,0.48251684915715826,0.08426084888637535
0.6333002728305226,0.0832668349924095,0.05242996085961466,0.06248429777409852,0.41141853485618746,0.07027733869242903
1.8519878835985255,0.10586650849097749,0.09275514127205571,0.05473128272859154,0.3643893164863964,0.11537700184184506
0.9649590817021781,0.15204381661162172,0.06559311005545868,0.06967219265696983,0.41019471722214523,0.09644737951122935
1.1388068875609365,0.11482944414431,0.034574071344912555,0.09132692584185405,0.37060380464073817,0.12304050601211178
0.3764598346620688,0.11815472208162679,0.08471836207319103,0.09928559079263725,0.3443913985595801,0.10716152054370007
1.1813719490597714,0.11494758564415124,0.06262689377395242,0.10151508813732,0.38225666007091275,0.14723362207802393
1.1043269711533172,0.0886492260493357,0.045831893684401756,0.06935849608569114,0.4681804938384538,0.13177949048884238
0.5336765280109423,0.16539619517035167,0.019716840143113874,0.16353199025575915,0.4144883391053533,0.10988463207109903
0.5016713013481131,0.09361452303032111,0.042068281101647925,0.1637210265795069,0.4666448296132151,0.10105849568038003
1.3497398541793746,0.12780713146823272,0.04803253246129915,0.06650790361158869,0.4688195171538959,0.11620458515677931
1.7925754407668002,0.09922788405546203,0.08170492524916288,0.1020374182074805,0.3018661081319012,0.14681257719516555
1.7634180510707682,0.13717697203393417,0.0632274433340689,0.12051761488536271,0.41692779623796894,0.1361585902511034
1.4661687640756431,0.13041343891249454,0.016528756733176494,0.10093160413019193,0.33661970602534586,0.18569901630197785
0.7749176385740932,0.12974216448313175,0.04536486708440478,0.09659466482118369,0.30423016560302774,0.14046596923650712
1.1463858313312074,0.17897045582970544,0.1026548132844785,0.12976918950904154,0.4126363686884178,0.07501451367756592
0.4342837052020576,0.07318040622012012,0.07512410291694026,0.07242638904172996,0.5151296837791636,0.18506545269644986
1.018239968797744,0.09697643150039768,0.05428621222971915,0.1526366957689423,0.3970587743046937,0.13414708633166061
1.1357586146756076,0.09288484813307829,0.07698902443174181,0.14131876146922756,0.5053524522900884,0.16238788887990716
0.9886946465594775,0.07669457731050092,0.04059748682829641,0.16870666847860277,0.5019167474748701,0.13638851412924957
0.9524893732648292,0.09671533425507846,0.034960353206138786,0.060376730657075585,0.43718323227998807,0.12617741176843553
1.316498861148012,0.08258045846090303,0.04012465191948237,0.09992525955865127,0.391337420207235,0.132000737967477
0.9246077729104436,0.10614115715931072,0.07574575431436302,0.10542036386993403,0.43276543297261993,0.10622651869976028
1.1740637655120467,0.09670744243819007,0.015436097172595795,0.0762178023348873,0.27406576815779377,0.1564346055388595
1.079153620330258,0.12162898981584018,0.08229162710445931,0.1289152141444178,0.5023411298284621,0.14010835047018286
0.5780017112787414,0.10785157315332752,0.042849333356933215,0.11095475221944874,0.5895887054850398,0.07486529978377432
1.28793821713421,0.146130385761594,0.07643927207683389,0.09376214000757613,0.5380454200994458,0.1424918903661383
1.7406850935912113,0.19484621170433716,0.06975426245158482,0.10452161005166741,0.39330921187799367,0.11392431244128004
1.2999031888964447,0.09996301091281344,0.01990703633050541,0.12828984155950796,0.32380986445160065,0.2428659189232682
1.4732897795447175,0.11797567829425559,0.05498385293097871,0.12466722887297886,0.551346791522646,0.13545059025227515
1.015387538944525,0.1351874781830824,0.02641402953850615,0.057560811679466306,0.335344659943998,0.12413212466705861
1.3028829147771477,0.12199981653100957,0.07935471154043772,0.06137072868874294,0.45927380317355126,0.0884314527308182
1.2290441182669236,0.14806572733038825,0.05133906689483865,0.1320706957984875,0.30710656273713816,0.16504546711154616
0.7454068982655243,0.13991744023029332,0.09923991049220217,0.1488875548770055,0.38982502493148785,0.13065920359090133
1.3305155839433913,0.1461660917341918,0.05852141885357346,0.10934005004603081,0.4428397894123807,0.0986297624533054
1.6074478399307492,0.09820456528138083,0.04473360993323739,0.12430276418639762,0.3191794577211552,0.11900556007289588
1.3822361941295374,0.11583246610513385,0.0842802470077416,0.12524551628863104,0.3226260504124316,0.10373829054441869
2.4062920808918475,0.10634822583629427,0.03521365472191329,0.14851362334454374,0.3594735177351238,0.19954289956997454
1.697611528630212,0.09832341995300174,0.062377150144322914,0.07917492496738085,0.23433048623295352,0.13251418928714337
1.4593872079077244,0.14795131572955775,0.0361616177492656,0.13283960191615132,0.35569592256049337,0.11940623476685533
1.3097299734242522,0.1333289092158696,0.050714947750361804,0.1018949598157037,0.3393583758816474,0.15427933563717094
0.9056583683146645,0.14168806604680662,0.07040718272995325,0.09482857718652397,0.38120954949511726,0.11910927352826814
1.0591409000882488,0.13512904872808137,0.038240744464005556,0.0893823560171779,0.42273089429870403,0.128869054803712
0.9262135955442626,0.12169335419195558,0.058408164475406255,0.03791543455703083,0.2877293940056048,0.08005344245542809
1.089960366877872,0.1621310034752798,0.020178090452865432,0.07803817534395106,0.4018734646883928,0.16387889112065895
0.8597255683751027,0.12852967828811773,0.060750474418405295,0.09410728106301501,0.33397964092719523,0.1667563771789032
1.1709796333968112,0.11619889566499954,0.11483981343655988,0.15372452290296656,0.38142316390957065,0.1274609086207957
1.1135268455748224,0.08116703853581375,0.014321499816133225,0.13862200815391812,0.3576357152264,0.1570238341181911
1.019730731746591,0.11920702499813435,0.06513166131492673,0.11452465625166196,0.4434894592846952,0.06056272926408682
1.441735446484085,0.1558388853489775,0.05891745481414124,0.10145482454998722,0.4186005158298506,0.11633679633071242
0.6912786194995026,0.126736432731676,0.07035342014736172,0.09164448359949814,0.4749310736858476,0.14279765743346612
1.5161283643347143,0.07002599641001525,0.06917567280347207,0.12363451268609743,0.5368186962750862,0.12055956722635876
0.5377488069081685,0.11746178977530201,0.031636370514326044,0.11744985354535643,0.5025956467464893,0.06769375615031129
1.1507411797130782,0.0679440869382778,0.047931391887378424,0.14457420553521594,0.5340911155096221,0.1062097796114563
1.073557638529004,0.10424911627382263,0.050208422048521086,0.10079101900541294,0.48563069926016705,0.15815199718856585
0.8594764083620416,0.13825265266315012,0.048921242395802936,0.07933974196909883,0.38889407795224407,0.13459439510951748
1.16499385733264,0.14781252039237147,0.03843394088963605,0.08293855480353926,0.5958317849022061,0.14512965749529727
1.5205516629984936,0.12676477696841415,0.02307606003402717,0.11925533915183666,0.24955365195966325,0.06985164351284337
1.4409637740165624,0.09310688467653148,0.10465899599509426,0.131355626884776,0.4706374632110048,0.19261433414138235
0.8000136890021056,0.11683271011171176,0.022344194387022825,0.1243890228336209,0.34583519658261824,0.13085781013562095
0.8841212917896064,0.17696008763981527,0.03551226592057809,0.1336357330884769,0.28501204762789945,0.10475894875050505
0.3999262756381007,0.09932513440815226,0.05321277556269219,0.07202754220986832,0.4770350288574459,0.12184827214063061
1.3454278086885825,0.12829740590283045,0.03328013135438279,0.1274240745758121,0.5342201209100464,0.1404063799720745
2.00818224816517,0.11188611730320973,0.02700602972607919,0.08984141947822584,0.5050972967968725,0.12239742500516206
0.6210672528633031,0.1141358190020817,0.03378125261492605,0.12325848896394599,0.3269076103953814,0.08442926281830801
0.6236760038915238,0.08631962855206553,0.03668055434963897,0.10247654657972756,0.3702474451417724,0.1857014382944429
0.6383986462326903,0.10975745364224093,0.05484302167334096,0.07685050974499169,0.49797362694908465,0.2010523650733268
1.7152955955987543,0.10327421835854668,0.08000573216149665,0.1071487546015439,0.4390735278274299,0.07238889266052248
0.7932946515141864,0.07197121364865927,0.021930993238342206,0.053554828670822195,0.4974946293060657,0.13319135118011652
1.3891808448394174,0.09576978472963783,0.06146765418840536,0.11475707956577369,0.31747777084156703,0.10250125554494055
1.356056116245626,0.15086444152640655,0.07086900080105173,0.0687138322351186,0.454135048673904,0.05492336598722895
1.6791215908786208,0.14121285061657343,0.049000059083158735,0.1181649384530091,0.4570069564289514,0.12269310035663433
0.5733844324169499,0.16575239227147293,0.06600125847965299,0.08662274852628361,0.4475098349896361,0.15945468152117756
1.1988252521397287,0.1273786010991097,0.08578317850970779,0.1220121759966276,0.3833725446047794,0.12458334299410939
1.742739977782055,0.13056543085838468,0.061013882684909884,0.05399331515106671,0.5184670111830448,0.14892715733915357
1.2820674833358956,0.09016333545894932,0.0369171767585307,0.15211421618673207,0.2889831118610155,0.1524909725403087
1.6616124796475706,0.14268503473603014,0.022404181552446698,0.1189773615014515,0.41161731105067706,0.10467318767471584
1.2593942050278415,0.1197850741656003,0.06478814117395676,0.11880596959323836,0.46383362569288156,0.12426967317591732
1.108301029534505,0.15548654814434987,0.03340418025991469,0.10856223875858623,0.6126456043081645,0.1265343255288441
1.896660889527825,0.06806029872786695,0.0491040578986523,0.09221349079873892,0.5628768352865285,0.20112408887094277
1.1553000414221504,0.17310433443751636,0.10940052215237388,0.1252334492572461,0.371504975776287,0.09596949596367309
