step_index,transport_linear_velocity,placing_linear_velocity,release_opening_velocity,retract_linear_velocity
1,0.10713516893614587,0.036315515856436366,0.08162134807413887,0.11418007351532389
2,0.08376986163870562,0.056362253425633835,0.06353752429875309,0.11886457985704539
3,0.0806422779582434,0.05540036682531639,0.055249520815255214,0.08114931100201485
1,0.1068139619077643,0.057633294195486365,0.05611182726514103,0.12004059719912069
2,0.08552380745671347,0.05461525097025168,0.06110285749705157,0.08745917508641855
3,0.10744505543011955,0.06987142785572378,0.07725341124297799,0.056594295242873814
1,0.11041445824039256,0.03380211179305382,0.07332471902022844,0.10967783589841074
2,0.05045572253014948,0.05882344516048861,0.07491416537877985,0.0974122715558618
3,0.04330538100565881,0.07259734626121145,0.07099777967824354,0.14736712012883585
1,0.10989259323877938,0.0486554042171246,0.04960272047538493,0.10338212150401627
2,0.10217101827874005,0.03180183503011503,0.07765772699871235,0.060809619296069733
3,0.11750877275176697,0.034168925793223545,0.09082441383769264,0.10210221274842615
1,0.08435908724516378,0.09403303616529135,0.11289523050034311,0.10048609963794919
2,0.03380795395904562,0.043884349940161035,0.022759475238617405,0.046905034621989646
3,0.07020954800631835,0.06617645680551952,0.08105771303913767,0.03381978008380517
1,0.03467747089959192,0.08938474153061374,0.08949127342474375,0.08682145985159709
2,0.07460235314237738,0.03007086114150624,0.12146734628604797,0.08359935579872871
3,0.09263711903487476,0.043833726831565056,0.05086806874414447,0.0973611417739808
1,0.05993136916285073,0.02402480156480726,0.05607560377720604,0.0888089471735712
2,0.06872001673597003,0.05564875834986131,0.08353053471179092,0.04249444483714626
3,0.09821098120712149,0.032456407254785366,0.06311019108860455,0.06431508495797156
1,0.09730404622370846,0.06165647425252435,0.08488916502702423,0.11146091795532709
2,0.09203236787479126,0.03764366908229346,0.04540136824480505,0.12644307630530555
3,0.0886359019130479,0.06553984629707947,0.10097416700191542,0.043501290533292464
1,0.08989738994272871,0.04788907159023067,0.09753231237936524,0.09748685646492009
2,0.09487468449489861,0.04200477318752208,0.11102815138554128,0.10816607075284827
3,0.14539573855820287,0.06701925005086966,0.09494341712708403,0.03206052933417425
1,0.10776120648777605,0.024010542442298843,0.06151498067327582,0.061483244594824404
2,0.04822520755927495,0.050738348995401195,0.04484002730273581,0.037339532804240405
3,0.08519111510207587,0.03361100669739739,0.07156333339284042,0.10014571154384738
1,0.057671439414499516,0.05681391141007127,0.0582299127451422,0.0807833458381229
2,0.10313568208525749,0.03240567180013919,0.07755338338397064,0.07422682269962741
3,0.060204568853428383,0.03558829457733604,0.05343146902408097,0.034618459288931556
1,0.07715251910323138,0.05972478347190588,0.05358237521392782,0.08915003841433951
2,0.04664842144102225,0.06781855381434344,0.059205225469407506,0.07967709749103939
3,0.09518939688519046,0.07904547242574692,0.07383158495352732,0.04205847452767127
1,0.050879506408807236,0.04016401385864822,0.09602344045940135,0.05529531276944111
2,0.09724786113377751,0.05242444888053437,0.06124671478603967,0.04506279920190975
3,0.10146555092741735,0.08002123676764472,0.08953735801029836,0.05275081964483373
1,0.07470783333609968,0.0690911422729589,0.049243580862707706,0.09286825201533774
2,0.11926975483427925,0.053982982567739285,0.05718159598100604,0.07986246214781242
3,0.06898574872651796,0.033412880941468895,0.0941523600895796,0.04296066485308864
1,0.03181546805673664,0.04358459781824667,0.05109062136759475,0.04621787498650962
2,0.06312791907970744,0.019502352746090353,0.08112598552665791,0.0780243295047222
3,0.1448320170696688,0.06707072883848962,0.05165754583582928,0.08167022542382428
1,0.0711107403157285,0.03940507575330069,0.06698546279762031,0.09468800920092119
2,0.07314491134208259,0.059119813240078006,0.06676699439719051,0.0987696541278405
3,0.08964185934532766,0.04066661771727676,0.05759472520923067,0.1326183231500912
1,0.04528396614222826,0.06919784934916556,0.08076293514443961,0.10384856288263608
2,0.060042304207502034,0.0801811282490509,0.0719558104954157,0.07570509570178384
3,0.08306837614300056,0.05584281807478928,0.07498230312165521,0.11553251914913731
1,0.08865493289699597,0.06697188821899538,0.09001578409836607,0.12052569017611975
2,0.060520912918733544,0.0551452694031893,0.06907287396435659,0.04168132299271376
3,0.05818805858481724,0.05556397534401564,0.05062018529825117,0.07498795282406404
1,0.07899588960401485,0.031260084143428235,0.07045975494048354,0.096169178731416
2,0.10327434793808453,0.03421138075907713,0.06968945167657507,0.06343110752667587
3,0.0959610757595541,0.05242292204724858,0.03815505664221418,0.09040435570352341
1,0.09876471650112138,0.05423443741747847,0.04732331194529783,0.09143864091888965
2,0.056268472414947576,0.042563033301148426,0.05685462788489099,0.05584825444048985
3,0.10647810458369653,0.021280376680752198,0.09716239335422434,0.07037135282989099
1,0.057859962251823736,0.026545066446718543,0.10332979535866449,0.1152580520710545
2,0.10971824039282492,0.07660244830844554,0.0430167736790697,0.08847280515067979
3,0.09868935204387451,0.07466880001451892,0.07075837065386333,0.08579051047384911
1,0.11355608038988621,0.06891271356380331,0.09197336073147731,0.03667579813052069
2,0.08893426887163088,0.08790654923779034,0.07567581707247413,0.1225137715389143
3,0.08416121132190504,0.05216090087024539,0.0775825551086473,0.09748866613758789
1,0.11630387946408091,0.04949033714283532,0.05167813966097056,0.06966657802250854
2,0.04040911372645113,0.05166917801708158,0.06141537294421544,0.07623227336189818
3,0.08830895469727,0.026870659835101257,0.03353027656986608,0.0819764711108041
1,0.11165173647718787,0.05347136349172419,0.07107514495928727,0.10925086921896243
2,0.10161243140303779,0.05726055148640862,0.07484394214473217,0.080375384645276
3,0.06307314754555324,0.04334657853365926,0.04287134578628213,0.06438996945501518
1,0.049041663205933006,0.07982021131278441,0.07013955946020861,0.054234612311325175
2,0.040910243025147404,0.058742232006313046,0.051452035134222356,0.060751621281506824
3,0.04997732002553372,0.06738743439163061,0.09191909850536771,0.07855641635238096
1,0.06209920340403095,0.04388510697596125,0.05586681141070153,0.07064128347854792
2,0.10658556446416106,0.05400800590953601,0.06380873597797683,0.07289350336035542
3,0.10582812188692277,0.04624661171624451,0.07812039056920003,0.10122486015723514
1,0.04659054088795025,0.021728816064726153,0.08218567590395556,0.07226282859279652
2,0.10394354881087839,0.0225283685606559,0.061729267453155386,0.05105382245107512
3,0.053365990380925946,0.0259308131601251,0.07789231325469406,0.07657797517894795
1,0.048517480995910744,0.015117927384841197,0.09709246298024216,0.08807898758775241
2,0.10987063945234282,0.062467175898470347,0.10284037423417289,0.11987162155440662
3,0.14531207421345327,0.08710099015657569,0.025104547028656665,0.10169114360066123
1,0.1072113322402844,0.062123271207931346,0.038380315767660475,0.08116427267074952
2,0.07893307823507154,0.06421939298475592,0.08224028908977418,0.06881631106286218
3,0.10208399412291458,0.05311289087958096,0.03806997426259357,0.06867187078607442
1,0.04238582461523695,0.06994536798884954,0.05623093655402418,0.04478439126666836
2,0.08564605931149707,0.03630781434325956,0.06857425222564742,0.0881518023231557
3,0.1404709805326536,0.05918414931587808,0.08874276560296507,0.06268384421376844
1,0.06581276739204364,0.04218161690030202,0.07472843882574295,0.07108201473123546
2,0.06377415529024352,0.07430436451900573,0.09262469735926808,0.0695859528399283
3,0.045646964126763404,0.07340762475496758,0.030539020151755865,0.03838252554204619
1,0.0702214863250925,0.07112972030896447,0.07898212242421149,0.12359700680050881
2,0.0828721593671765,0.050766880647686634,0.06398268818815538,0.05830560101120717
3,0.043952612354134134,0.02808255547024132,0.04760561700540843,0.05781475270941261
1,0.06525469653141318,0.0656496431055403,0.03504307711186506,0.0659433119797205
2,0.12559532730032358,0.06019252377481094,0.07843361085694779,0.045905097013974265
3,0.06495284635859548,0.04459005984568916,0.08830602617585756,0.06269367944767033
1,0.0963982300377192,0.0703909184309019,0.07142767126301117,0.07580470412982926
2,0.09910682859560999,0.04593287301298091,0.0784791983803218,0.07652328370493353
3,0.07718814713902494,0.0590288721927235,0.07544762589669789,0.10221500945494247
1,0.09455147878743782,0.04815356566320067,0.09533694012259339,0.11791242049056118
2,0.031495385739305645,0.04411273019696612,0.041796963314630536,0.06600568360063581
3,0.11784815386303626,0.060785798577993475,0.053621222870515975,0.06124818926596683
1,0.07084731148235068,0.04649977806218401,0.10349510253503147,0.04984714136485814
2,0.07015026745995862,0.05507748864273202,0.053511776517184334,0.07270263899746204
3,0.0626671218842782,0.05944122495130829,0.0612581910813511,0.0814704916326307
1,0.07739037549183202,0.05293798897560925,0.06436782117901671,0.07854853305725726
2,0.04817332030147065,0.06703561634638137,0.10386154476174583,0.12050123881148345
3,0.059935743908022754,0.02154339775579022,0.0876292731753427,0.0666110762145542
1,0.09701582664619142,0.052268794869237446,0.047850168697019815,0.04031611948210992
2,0.061234772860288625,0.038940165641781196,0.08906782115111526,0.05587879434462191
3,0.08475713739547808,0.07796147039133879,0.0669852933935714,0.10357040253800426
1,0.05432750718870441,0.04810204057285275,0.050668283706105904,0.10850710058238983
2,0.118885230999705,0.07811660074724144,0.07166248165775736,0.11812793537939631
3,0.10978994989985538,0.08404225189539972,0.0822271958571679,0.0623702923940301
1,0.08944159192914922,0.0484717896746671,0.08590989845934013,0.12255842537926984
2,0.11586116237439995,0.06045143145221169,0.07938590679310069,0.07320503584347698
3,0.04127144384761562,0.047002646987445884,0.08120073366406255,0.09879999721666714
1,0.04876333760841513,0.06687472007529509,0.023159601594525098,0.07849153648804003
2,0.06788790280441212,0.06611590475142946,0.08507966820555775,0.10643181270905688
3,0.08046755501421601,0.05414775666545472,0.054339102111620005,0.08449114673713623
1,0.04441887874086004,0.08093205819054283,0.11313819548703348,0.13263837350767285
2,0.12370510416451376,0.06225311897588107,0.06542135123538827,0.11316676105917206
3,0.0831636011339729,0.08508681038143721,0.048065666209334806,0.0650544598107422
1,0.05950328524319167,0.03976634311030819,0.1078161745935364,0.08879085539296475
2,0.06865434905688157,0.04863996942826216,0.0752685434068179,0.12137393702174903
3,0.05458804064367488,0.03260857590352344,0.06409065109339122,0.10963840903751755
1,0.11527083378211547,0.0437605618493087,0.06948684567521707,0.071757365789744
2,0.09222703019803473,0.04624487301258438,0.10192726855978645,0.11262978089812145
3,0.07349811089450284,0.05041206634146363,0.11540448412767529,0.12162674755736524
1,0.07476760121443726,0.051019017311610904,0.12227204982200307,0.04611063791764082
2,0.04905503753913955,0.05317668764904858,0.07312459237837865,0.12568113928418856
3,0.08476409042660187,0.028495306439211103,0.07914240959713384,0.08599426979692973
1,0.08936172702970455,0.04075922287072043,0.08476669696775184,0.060565626338648426
2,0.0955550615866359,0.06351663541704206,0.051757193784747524,0.10198459545833571
3,0.082540857914488,0.03168944433227443,0.1000560266022307,0.06877050703255934
1,0.03228972650380889,0.050242110885118985,0.11868755690174795,0.07214851467391846
2,0.057828897738617505,0.05491461032724676,0.08402432429466708,0.10689498989206773
3,0.07116189666154095,0.06347054135815544,0.05760114396627165,0.05937940677544622
1,0.032249775612077924,0.04962818145344417,0.05968456022114705,0.07916283413950226
2,0.09181404408323504,0.037185229766083704,0.049984674872906185,0.08533556587331767
3,0.07698761319322597,0.04250828221998787,0.07653353977188944,0.0905146249059892
1,0.05947239936786748,0.05594578706090713,0.08886263315179166,0.05162080008590857
2,0.09222714363688131,0.020063647075186115,0.04842988252465068,0.051621015036567665
3,0.12234366320838462,0.029063017077952447,0.06662106783336214,0.06643101042163477
1,0.09656753969692503,0.08088386753969244,0.10310547480722018,0.09693225739553024
2,0.04001253905456972,0.056602295454596,0.09747987679071507,0.06463195495871765
3,0.07088366422876952,0.07562403581776225,0.09246944976237345,0.12593117995508393
1,0.08891026967044895,0.07304146835482063,0.09070392525674668,0.1179155604370559
2,0.09236791196809929,0.04557703461672829,0.0929141808184504,0.0988348370070703
3,0.09118274164383258,0.06529631772764373,0.06611833124703151,0.05167495145403482
1,0.09806306689442337,0.05205509093290785,0.040442366434763725,0.08266010175864585
2,0.0447741972453726,0.03236998856669045,0.06918983001399193,0.08947648646777083
3,0.04685744730561573,0.06740615644179426,0.05987937404634421,0.04284426173562099
1,0.11022014981985513,0.07855074731498868,0.057016601079761385,0.06210792981580107
2,0.1325549359216771,0.049992166554840976,0.03571374981121884,0.030957320796409442
3,0.09612826969459162,0.05824369004477594,0.08566844651263451,0.04825138800839659
1,0.08746521752487181,0.0683631653528108,0.05233183249321639,0.08883822937400533
2,0.0760191445525524,0.04868625661500471,0.05003791247465771,0.0606720477998111
3,0.06777800614971696,0.060551233552498404,0.08659856981230098,0.05020493624014116
1,0.06147970316948938,0.026116190778810243,0.07211434043854806,0.08030747764800662
2,0.06411723977957068,0.05293876594187619,0.08619106721499445,0.07918990804346597
3,0.05038292370872752,0.0382806176755005,0.10446557775180354,0.12489939649428478
1,0.08742363367935561,0.05721949870731119,0.05116450858504486,0.11702335945212006
2,0.07203246299521636,0.04363957710651072,0.08640557874616046,0.10113595286522785
3,0.07821937385514563,0.04064785455339345,0.043407419237991594,0.08630634689142011
1,0.11191482454173302,0.07444081545336262,0.08595159797548281,0.08272502594069915
2,0.08386061921671104,0.044460889655791466,0.09449555746852872,0.06799403157215898
3,0.10814871150694932,0.06943812870082958,0.07110354169514708,0.11554881753124407
1,0.05296701814577891,0.0510832881736229,0.09830226075727622,0.10619851764286783
2,0.07419733748170723,0.0464391303164565,0.05450690675309395,0.07003013906907093
3,0.0941760883150082,0.07488009095773945,0.0773259028881745,0.05707811434498251
1,0.059055045410690926,0.06546957659410432,0.03960903797631118,0.0962233565064306
2,0.11537123903024374,0.03239847575521562,0.05434061252529286,0.06655383491901934
3,0.1293278868069154,0.050641647238463657,0.07214565055966002,0.060097043018097984
1,0.07872361864289062,0.041111111966586567,0.0806312274717547,0.034387216269852576
2,0.05488169004628182,0.039327407174606116,0.0699644118683673,0.06635260933984079
3,0.15466908734393475,0.04911464538724653,0.07819958228984578,0.09262366478349227
1,0.10966641664424026,0.04923031523366627,0.06613589790765383,0.08649268323389592
2,0.08565971264367886,0.05549701364254569,0.09884773159997369,0.08268808292370299
3,0.061311883931547274,0.0341821044171835,0.1070281394439695,0.07508074702020957
1,0.07580722437389634,0.06196322597022049,0.07110639621631913,0.14453097933461223
2,0.03878863394067891,0.05430957981019683,0.043174940582474355,0.08838319839793037
3,0.04891540553638352,0.06798746927433079,0.08048347091869644,0.07477861227631093
1,0.07820549552362022,0.023149100718837193,0.0361779375615788,0.08829165396265921
2,0.05167135572383315,0.04247508936726849,0.05055772707907906,0.07025566406172491
3,0.06791140211479318,0.039066239814799175,0.03778787684714867,0.08215136607719895
1,0.07468145176767971,0.06474465994904749,0.02778941217336548,0.11486595440668253
2,0.04362572811251451,0.04495122936610795,0.06677080964199647,0.08265895410830168
3,0.11839076775325355,0.05341564795376178,0.06437233965332552,0.04360553466683596
1,0.06573936372756276,0.049720506529045826,0.06639517866186403,0.10884270027291021
2,0.0578930182608558,0.049066396476910024,0.03589763586735401,0.08910419449444316
3,0.11208561752910423,0.05797781172023388,0.09747600243726962,0.09205871566827122
1,0.1444029300454766,0.04407432998640869,0.08200186979893911,0.08581985094648865
2,0.07718191676720074,0.05621402224639359,0.04994920135992861,0.07960994019914934
3,0.11810502047632143,0.03932870628443359,0.03478058965901293,0.05552611748506718
1,0.08550053350383767,0.05411820249615787,0.09010573726984444,0.10753791662118037
2,0.11434237884125467,0.05646128177784812,0.05247558274903413,0.08242707898515905
3,0.06296254665450526,0.06417943646884003,0.06702793751405553,0.06175734075358369
1,0.06265935675592509,0.031807130508606105,0.054819001242341445,0.050697837506198926
2,0.07050075136282183,0.04763335033926696,0.03143855414951461,0.05646493932911084
3,0.056976668445490014,0.07188146336086892,0.05270107108016535,0.08891825638100298
1,0.09854705681799528,0.03477990823565949,0.037091958740098255,0.15101995380205252
2,0.07880856571776378,0.059895492634818595,0.10558277093028823,0.09394504121440261
3,0.07466806302318735,0.015315944204620555,0.07977526688140396,0.05496418670840997
1,0.07177380244119384,0.07958168638813293,0.07750879155403179,0.11967746725455945
2,0.08813495325467832,0.06857047999819416,0.08167512968695174,0.12073251131815714
3,0.05991940454801839,0.04464350951831893,0.05326696989192574,0.08494226180776358
1,0.03600294679759943,0.03825105437014084,0.06269084855065168,0.1014914059301632
2,0.09019881917305647,0.05951120952638375,0.0846322842059169,0.08124223334022214
3,0.05572695102366196,0.06275435409607763,0.05679399781081378,0.07104891698537652
1,0.05807175617778584,0.06047813040306693,0.09114202170687924,0.06160328902360382
2,0.08041176040097417,0.05732996215116972,0.04960584430277999,0.04612117244540483
3,0.0620171837953222,0.07244837599261948,0.034462066647571656,0.08763485188058591
1,0.06861168635651861,0.0595208709713089,0.06455871569789684,0.10784459789155693
2,0.06224883514277493,0.07242984358505702,0.06600290204050291,0.1185058179362217
3,0.10068761044217475,0.10183400060111666,0.1063397248370421,0.07034340553372302
1,0.07230635517465885,0.06553283966721381,0.062385751164688405,0.07279909392878153
2,0.06401543466890577,0.033154109042127705,0.06405645559170875,0.05613665342165454
3,0.09370252645893479,0.05227466260351179,0.07711095097500778,0.05046510191451492
1,0.07364376658066911,0.07630980114396724,0.10840629789303471,0.06849899574090525
2,0.06179722970861369,0.0547665667418261,0.11153265075501452,0.06619593667618054
3,0.08939116692572696,0.05145734665038055,0.13280693463493032,0.0831259260483697
1,0.09843600947791176,0.033296992740559306,0.03347508142380232,0.09940535015669044
2,0.10103094999548504,0.03664068028992899,0.0545043811616446,0.12485128498992934
3,0.07982602114885984,0.04002761735494764,0.07307214032302614,0.07825384351139937
1,0.11795462475088236,0.04723375079737623,0.06412621987008989,0.0890183611881542
2,0.03025872380236031,0.07872210582169567,0.041233374088464635,0.11502517294620804
3,0.06580512243371947,0.06439363885061997,0.0813244485944766,0.04357127912183479
1,0.06146085066774684,0.04237979557764884,0.06844033699118467,0.04758397619271246
2,0.0910637960358224,0.06643895064301444,0.06694036359173625,0.11871161710408562
3,0.08862503491692397,0.04650184206654873,0.07170622275419854,0.10894295315390631
1,0.11072151781172994,0.06041672304311915,0.04613574918291518,0.053902984644054124
2,0.09780124604577715,0.03685461482674482,0.05138411821009789,0.06916371796729467
3,0.06003992473497437,0.07332929649810195,0.08550495282294078,0.05722179882897853
1,0.06766185539820085,0.025412823326089948,0.05070594524140955,0.064537204622101
2,0.12216319843305955,0.06296527213379598,0.0542914658131317,0.06841632354596985
3,0.07099943937920732,0.05779772106472535,0.035446868072469814,0.07652823598263449
1,0.037102497324223584,0.036155950076495434,0.0657458458349772,0.11902872453053101
2,0.05879632736267444,0.027201250209006527,0.07691536297491897,0.03811041577671801
3,0.05738957109766212,0.04423104650101428,0.07070082882380317,0.09377998622353187
1,0.1032233964504134,0.04854729600850785,0.075112877029223,0.12591705505668682
2,0.06471549626028429,0.05141285142607695,0.07110709070442575,0.13588096938415534
3,0.05364540667861816,0.05759543648295937,0.06359820480088921,0.09101520694119467
1,0.08465524650303695,0.07483777535492235,0.06088197336548691,0.10907952715650324
2,0.06291234741125355,0.04171412223150325,0.052655604499035155,0.08471067477185437
3,0.047144203247694146,0.04807387969676147,0.05780034671323127,0.10874903707977464
1,0.06778624160326181,0.06204632870965312,0.07301669196375142,0.08451300183822298
2,0.0842536240690189,0.06521815096339242,0.12745093552547243,0.09685189756803327
3,0.08762402995570977,0.04835047311114662,0.02224823513692871,0.07974139372948877
1,0.05357737204254806,0.03147333399326016,0.08915649718500909,0.1039430467325444
2,0.08484632680033832,0.07051988430410815,0.11269782726096023,0.07953838357957298
3,0.07153057947385431,0.020133297175581637,0.06550721253035904,0.07503824890526768
1,0.0710697006232516,0.03276337038814808,0.09647471416204775,0.049686829080973896
2,0.056642974326770526,0.015550201600211595,0.08611688338536631,0.11035300273475834
3,0.04916744433316192,0.05019188035595258,0.11639170473579787,0.06455922252460683
1,0.03696732331333513,0.06474504734271422,0.06159077338321952,0.07014923520098124
2,0.04007778030782273,0.03973183159220076,0.07434533922089945,0.14042875974956848
3,0.07873299315311803,0.03399531613915267,0.08332398338848583,0.08147150903832043
1,0.07884671872739589,0.057459805031019044,0.1027486895176567,0.05538923452619915
2,0.08239905770551706,0.060152842208878524,0.08047826190958335,0.1002631340394169
3,0.08174742914072594,0.0472247081244254,0.10357443873510969,0.0741857987913164
1,0.06687058020780959,0.036203012024900644,0.05142726963737875,0.11185392411718162
2,0.09489901889983726,0.030327402975547566,0.0798053617186928,0.09273249738442454
3,0.10365672631832634,0.03497319566484178,0.09334763348951283,0.08518492958271318
1,0.0893283229891462,0.08565329785367005,0.05017016130293238,0.06900117317046223
2,0.08613192180052008,0.02157335797855893,0.09526744282283273,0.061105473232584556
3,0.10414714027712751,0.06035250411274752,0.101705708868307,0.08711381867093483
1,0.13083787901407387,0.05057873933352992,0.06369286748290638,0.10333896826822908
2,0.04031709949225491,0.05069286757437136,0.08287231293289167,0.09171024497831257
3,0.10187540509949668,0.07390291661510827,0.053173890197393964,0.11048443627708471
1,0.09576140263027605,0.05143508441023565,0.064719093058427,0.07852781074521407
2,0.041611752016671506,0.05519799286880212,0.05313175256292954,0.09357494258457534
3,0.10265522571884793,0.03342290885622791,0.07741255467883142,0.09311537560054559
1,0.09074955843267332,0.08163041120873521,0.0734087801443657,0.05445717423598032
2,0.057096561408055496,0.06832817195795564,0.06092863869311064,0.08426587447770895
3,0.11206670130729238,0.08342221940329539,0.028354031653281223,0.16529155153480218
1,0.06989738277896237,0.04103721576309954,0.05981884466841993,0.04094679866859915
2,0.054962917039482265,0.02275565799998037,0.061789175078566204,0.09906671467957852
3,0.10749907755712035,0.06435512525918993,0.10099840634848213,0.05866228552817588
1,0.06953617508954794,0.08143343721809032,0.07156430990952259,0.09102497151845788
2,0.11677677237266909,0.04100583216091644,0.06617589533311229,0.1109159134227862
3,0.11608762008109079,0.05910075146684437,0.09460398785922339,0.03275139137282297
1,0.10010380562106888,0.06628820197617759,0.07136539178640508,0.06870877944108066
2,0.08659286111146551,0.05624125292482361,0.03506101812345317,0.06544265325915828
3,0.05582514819956004,0.03906685260050108,0.061957695678665325,0.05511299779552693
1,0.07524053700338551,0.0792817851143685,0.10998269480544644,0.1004451373943477
2,0.09295424120316421,0.0749052971282329,0.07087367107313604,0.10956589652855947
3,0.06997004305589229,0.07798715002313308,0.037930990952520144,0.04788200629602782
1,0.1156892777396176,0.04254012896083345,0.10379047654029186,0.09374111044033209
2,0.057771134204245074,0.07742445013508999,0.038953485740547904,0.04847029032745127
3,0.043235149732489785,0.04407420023789777,0.06387748132351843,0.06890590505144936
1,0.1035304311788977,0.06171668990256055,0.09098609396225336,0.08604812914172687
2,0.08011183655922333,0.055643431100688555,0.07279638808491809,0.10464608432991619
3,0.043732761319732034,0.03271440144020864,0.06997745197177514,0.08624480523297604
1,0.0742389221005832,0.04295940187704787,0.08033591692322505,0.08307114521977386
2,0.04889668026049258,0.04982033952522504,0.09495565256307958,0.07244051397993788
3,0.07462943504676511,0.058770191805871216,0.06285455369225766,0.08110657244413486
1,0.03699621836035296,0.05921728190564954,0.08919302851871554,0.1060751172777057
2,0.07160098962238383,0.03039898642344847,0.0801915636648604,0.09623119077924844
3,0.12275105131215239,0.056728940780412886,0.07609169929298848,0.08615570559569104
1,0.055009988522189336,0.05752136911319221,0.08008408286304283,0.0666217217426579
2,0.08701590227794306,0.07299331797086185,0.04520698556607755,0.03556483559657613
3,0.06546059555979246,0.038060985034416205,0.09311405397423883,0.06232615476432014
1,0.10420024540557707,0.03829565425428595,0.08746472289913045,0.09922278303323273
2,0.07694837949261217,0.04249713545369636,0.07341543703663703,0.09725185947346682
3,0.07644500065718754,0.06148116313752046,0.08999769323262329,0.0761578164777823
1,0.06527553757904592,0.03901220603540695,0.07376210324624263,0.1048056346756159
2,0.05681644454712917,0.04495651698957398,0.06406973346329038,0.07119196441680761
3,0.07228406754532869,0.028086196462374098,0.1035731940534112,0.1480181624320377
1,0.09464900404771263,0.06274155727836588,0.10375540884604115,0.043326030387650726
2,0.11760288052031656,0.052143665171269275,0.08282370404876956,0.11099577392170022
3,0.09402621412105616,0.07303336305872161,0.09744285783515058,0.050641758701621735
1,0.09203108105746682,0.041505420649846955,0.06574131486127381,0.09707397088342104
2,0.08138132712244496,0.07643477954478788,0.0609510766066762,0.08380536215516354
3,0.07099789990402529,0.06013632267906735,0.11869784770604697,0.0904602320451346
1,0.0948006910641645,0.060353590894686136,0.06967219785347978,0.07455596076128689
2,0.09214506442457841,0.08026047637317275,0.04291881414907358,0.08472482819221898
3,0.06625706155837384,0.054979490735823394,0.07395938401320737,0.03376365536876289
1,0.11587098767038509,0.0436507767628795,0.08131804197443519,0.07987985301865748
2,0.07322178927994838,0.07276057583461014,0.07002881598105729,0.061572599593772495
3,0.06499534483430007,0.04748495365914276,0.08423232305629094,0.07225480840126784
1,0.03606685990743356,0.06391891762779879,0.05978094960714062,0.0626642823523327
2,0.09601990847807555,0.023092221205527872,0.1035503507791676,0.10891827697477706
3,0.06231160739603231,0.04655866254661036,0.1178984696797536,0.11513251226966781
1,0.04673534991976388,0.06899064043911952,0.06316976075687655,0.12620873624275344
2,0.11040374743495758,0.020252324365096094,0.07717413142880843,0.03903542841193386
3,0.08082644499159229,0.06561822288360167,0.1044054860850801,0.10360100925125897
1,0.10440522448958292,0.04074358096828283,0.11294457541202597,0.08668105865656749
2,0.08041957431238353,0.05815088791664613,0.08867374201405939,0.044559591018597335
3,0.12008193947698298,0.05889222700885864,0.03304960568624828,0.08966206365620667
1,0.13333397029509242,0.042347585655351114,0.10621464450235518,0.12150712962178827
2,0.11763944263233722,0.04257666683208335,0.05140236722071731,0.1338617998766039
3,0.06682761033789607,0.04275448866726973,0.08070681090995638,0.15524930047684532
1,0.09098422812288601,0.056386786819003575,0.06063517013471412,0.08729708546236886
2,0.10275790323536055,0.05241705748277308,0.09816042317017427,0.11216961154432215
3,0.06850360290314281,0.04911935880174103,0.04771296915490397,0.07459301138903028
1,0.09366287657815049,0.0323276333316737,0.10504745299451204,0.05961425450614506
2,0.041307639068806586,0.06470623257759954,0.06417549714987542,0.037898448854311644
3,0.06194481909410053,0.09760391247760977,0.04521918336902874,0.07838322430496782
1,0.09064666730059916,0.03780333607598855,0.06965852529170961,0.07516820036473343
2,0.06688545815113994,0.05354771368725621,0.07687789726199498,0.1130587934264401
3,0.04090380174594137,0.02772072499723214,0.09663337138066237,0.08437501499645399
1,0.10826841490040143,0.06302206969419968,0.04276208325919993,0.12960932805967357
2,0.106769240666487,0.04866775031712425,0.06382951775734712,0.0938023316554615
3,0.07364256583575221,0.06446923156607641,0.08844507247136092,0.06867085808802793
1,0.033442265013198164,0.07001448871407025,0.06662537848178879,0.10921690167328708
2,0.11071585208319844,0.05264569245838765,0.11015922466418529,0.033561866615837314
3,0.07684283849822847,0.03840586900489131,0.07517310986049695,0.07932611625079006
1,0.07998063704344176,0.058839589996123126,0.08111995622233609,0.03651933636456472
2,0.06990933042112761,0.02687534565940265,0.09064611421082854,0.08563991780319388
3,0.1398523647653456,0.04114533580613376,0.044011374808322706,0.07804043982094376
1,0.06825891968509847,0.06355791793828347,0.06741406867679282,0.04454100890065494
2,0.031038014850858518,0.07140563193234781,0.08993024660894865,0.08585096822045798
3,0.10093802048666879,0.032934463425199456,0.07564093718663108,0.1418253642385001
1,0.09534178143504586,0.04449038628029184,0.06949745791920495,0.09921328754564158
2,0.062294746204338586,0.05847620650922819,0.08653568523202802,0.07831579806966583
3,0.1402520756012577,0.052087087538871917,0.06032616068312865,0.05708282303489315
1,0.09500268378945059,0.037344813325481514,0.05527162913660362,0.05308720588636627
2,0.07195425394744238,0.034154040433096694,0.1105887074441504,0.05384799041221838
3,0.07738729450222415,0.06059797697417567,0.08139017371297234,0.031933469863720705
1,0.10661745173332253,0.04384799068100021,0.11034282852393551,0.08812747020930094
2,0.06680431016177775,0.020240794754093062,0.048090496766136914,0.10704946676339155
3,0.04385910530202598,0.06823543333188875,0.10973917472941278,0.07047481913103562
1,0.06994684921339704,0.04672032689895806,0.10654359547945211,0.08780157380080338
2,0.05259278528384855,0.038958048762420434,0.08341060080040731,0.050230914321649806
3,0.08578942075761291,0.02571537148962155,0.08839882599832803,0.08150845655114118
1,0.06357635993544697,0.03806130187057157,0.09089061714101113,0.05402316451673728
2,0.053629100136128316,0.035596986251655666,0.07721975220908606,0.06270513888261392
3,0.07503732908912582,0.05233939872497553,0.06616114344975386,0.05361864695193411
1,0.04698220256215608,0.037145678050454684,0.07895191780346159,0.14133359966569972
2,0.11142830597892764,0.032086040377144465,0.08685792280026156,0.13713574372623097
3,0.06347298930358365,0.04919644704079734,0.051537208480232244,0.09799908002709061
1,0.09440141332377779,0.05278748834798257,0.08844503883531188,0.07877716563853289
2,0.07951062227550058,0.038751162240140205,0.040750675019110436,0.05778668653226961
3,0.08738902965877068,0.03405536095513467,0.11836071811991775,0.0835927096819206
1,0.030853234036079633,0.06990368491354476,0.030025667521796452,0.07255583365898921
2,0.0686492898038305,0.030707819118354816,0.08152886025910924,0.04705048223268199
3,0.0961308585135664,0.04385669448368551,0.07062684309971118,0.031204697098764674
1,0.08466070830865151,0.05166604198778109,0.07630385882708847,0.1140474382661724
2,0.10382010191778367,0.0716921386062886,0.09212617301386482,0.0771676874082737
3,0.13750078447837136,0.04687945905978419,0.09890468781384378,0.04650178363358475
1,0.06447585105219497,0.03304557026670807,0.03839818300645751,0.05024248031677334
2,0.054152751245047384,0.05283925784163694,0.07330092246525723,0.07409332893331984
3,0.04385562685272598,0.07784016385646146,0.050970611323417486,0.08743571037460987
1,0.0534157509412505,0.06510790513630649,0.06357332581901354,0.048503192755997376
2,0.0833425268729572,0.07203501404346949,0.10425020158222381,0.08898818261336501
3,0.06968387106384276,0.04751155466967736,0.07680215605107862,0.11205090987973629
1,0.0871253845018222,0.04653420403091378,0.03013226784989914,0.08466344874460952
2,0.07394953805039689,0.036307441513884306,0.10723672684762321,0.10494963829988148
3,0.11416686127620054,0.030867816864924118,0.02975865541275393,0.10478477412971887
1,0.07428449863112524,0.08881141840211954,0.04604700414964008,0.07485702717170349
2,0.1643087541853691,0.019990781846692663,0.06884826649281967,0.09839290198322842
3,0.05675625170286484,0.05481482239811619,0.03253008951198475,0.10821670256511008
1,0.06018020355884121,0.04084191358345482,0.04989159102789275,0.09512770689272518
2,0.12804441875285727,0.055687770987486805,0.03517245876265835,0.08362555760181505
3,0.058942350354535836,0.03923698968230274,0.08216232720055716,0.035038726826406866
1,0.0689419232775999,0.05093070001359555,0.0793424630702289,0.07643771780072428
2,0.08598371391772601,0.04075342186871349,0.06362531739894457,0.03852149122986369
3,0.08233638635031984,0.08492684522490451,0.10445378355703425,0.08761762129454712
1,0.07486330963219691,0.06331778156411953,0.06976411922006855,0.06454528895457216
2,0.08575744711141439,0.08087991584022508,0.08486024176473753,0.06299763849700203
3,0.033194976277598674,0.02833579845428761,0.03687305728354041,0.06906539554405366
1,0.0557025378199017,0.054898464090116714,0.0674706870441268,0.06729826667726316
2,0.08881701110218149,0.044095745902514846,0.06561854847782404,0.061802172645924774
3,0.11675247777762976,0.06439350131762263,0.07962960809464459,0.07637369828192919
1,0.10455014681891386,0.015917203626230142,0.11523085491843768,0.07762043170590878
2,0.1008854894143258,0.047727152635390256,0.09255916550721176,0.10921554920581544
3,0.0797056591578475,0.03482065408177128,0.06904242689462885,0.15223282003896296
1,0.04181542797723489,0.02315900026677424,0.07497031052093034,0.0807387145741366
2,0.08253853653452559,0.045811565993085446,0.06640132887183593,0.08743290366401311
3,0.0354089649753182,0.046214552062138425,0.030791483506716545,0.04814199812416693
1,0.06201392169156344,0.02293818410676355,0.07837417836096204,0.0991018876384942
2,0.09663659092733756,0.022537200617778738,0.0909308926270728,0.09912185606423472
3,0.10543321163244021,0.05054929183033213,0.10098053994373753,0.12180237656738568
1,0.07843838630723451,0.0770347076223688,0.07935203088081633,0.04366346524887509
2,0.08933016196094214,0.07917527339773059,0.03223320854439843,0.034149388034751246
3,0.13090322494408074,0.06296298773933659,0.026215518177899015,0.07805080743570691
1,0.06826745651093946,0.057037721998234474,0.09292278516426732,0.12202526915192197
2,0.06084678507289859,0.06678526447470678,0.03556330989958963,0.08679333349606921
3,0.12673431540468988,0.057785339396914326,0.07037073271512795,0.08958266671411165
1,0.08716614801759381,0.0804298388347438,0.05122755312706459,0.12052163405164598
2,0.061957013610135614,0.059859091783929085,0.059618856598429845,0.14014623717779684
3,0.08810171225390737,0.07921814329192209,0.0816209473390357,0.03987642893265972
1,0.11878978621503392,0.051956158043032434,0.09228958154222518,0.03183404200615967
2,0.08620825897118142,0.03872549521963008,0.09497271751075384,0.10696409761076518
3,0.06256725923821378,0.0765127634470508,0.06515768956342947,0.07711428134510169
1,0.08701634449094996,0.057754230297549926,0.09018363678728264,0.0516102226556399
2,0.07987925618420343,0.05359697237485108,0.06983155855379596,0.06619794220581303
3,0.07457079497058632,0.051397258431607036,0.06870621484723594,0.0855559142108755
1,0.06294570034411998,0.04021219489964107,0.031653704504554334,0.1178116841496562
2,0.038358035565908395,0.08305665214806968,0.05075824871323583,0.09039785390347133
3,0.08517244006826558,0.03903658386355496,0.04280637667262812,0.12501466271694406
1,0.08818689706958917,0.06733657213844531,0.06075221640518613,0.04491499861300679
2,0.058363658122494555,0.031828526338014515,0.07668118642518905,0.06606219601885038
3,0.1160884575176307,0.07491944619829308,0.09011578472951334,0.03592922926037912
1,0.07006346845411401,0.059793188890072034,0.09800189741846868,0.05081263866216167
2,0.08822284572612282,0.0388395508910514,0.06684971742705301,0.0427215457641985
3,0.12670852730285131,0.053781586110208494,0.08379087585210501,0.04243373336253162
1,0.057369852652697444,0.06289414479139427,0.07917898214643476,0.036917372028522154
2,0.09432420418216247,0.054969640567960505,0.07861422449981789,0.08767395833952808
3,0.06219276703385941,0.04319753127497537,0.08364056316131827,0.0928239100112754
1,0.060659753098261104,0.05629630947790613,0.09683851643523264,0.09523194132224655
2,0.06913897170309169,0.04848695371274164,0.047834896245080125,0.050984799557944716
3,0.06413271580533546,0.03824099366924005,0.08972003238995924,0.06741528659532536
1,0.057655034069611304,0.062138448839281775,0.05919150281150458,0.11955111703533891
2,0.06387320484153562,0.023454359969742114,0.07404668639761387,0.05150876707307975
3,0.06691966852558001,0.050320400181996294,0.0999591379628944,0.11969368199232817
1,0.03756934622650679,0.042068395942745834,0.07410281126634184,0.0959382839690733
2,0.08615278605681873,0.0182333856801803,0.08011107383079928,0.06638015141702523
3,0.03645512819856459,0.0493884491610642,0.03997907334970699,0.08467380042608331
1,0.04480081570720492,0.047783488539174954,0.12695665002887283,0.11248641914282721
2,0.10578368567529467,0.06306583992179708,0.030661404891301668,0.07217837277546635
3,0.06854873638848294,0.09749637573197317,0.0418349623187142,0.0916025005976622
1,0.049094313245092246,0.05151798186319431,0.11299496816163054,0.04440139760082466
2,0.09591986367901913,0.0585561670608658,0.1007953495489929,0.055390060823348436
3,0.14579601613234566,0.03364683971248706,0.06314717237753151,0.10576474505014719
1,0.10293194737792613,0.047213104367634456,0.05891765132758289,0.04357398229348613
2,0.0659859995235166,0.04404020851439709,0.056824958493444815,0.058848030464429615
3,0.09414726729729012,0.059490839009720894,0.11242465211423269,0.12409907114311719
1,0.1226592536290006,0.05808290964853349,0.06351016589933847,0.11655593034118863
2,0.0327413277834496,0.04966526297286389,0.11275127746076055,0.09377548080124512
3,0.12108189406669886,0.0624596512839693,0.05733292898388159,0.07445406132164384
1,0.12437019472642513,0.03645104411344243,0.04136080649450084,0.05859945807570534
2,0.04144109884274,0.06287936979666375,0.07201691355391757,0.08399560416432594
3,0.07617417048035827,0.052171661844353984,0.027511463095656448,0.08382551451412305
1,0.06184823168953811,0.07124098291744614,0.07918483154797443,0.11384133268068614
2,0.07440853874444571,0.06428608797137855,0.04739534649728229,0.08320438372106762
3,0.10664232513981486,0.07546149463963994,0.08513395768777801,0.09154416804476391
1,0.10858443808369383,0.03956828341037615,0.0973330598400512,0.055756478856570535
2,0.04296050500082224,0.05290186199481265,0.06355388541241642,0.09440733397360788
3,0.09724712081922843,0.022556533653996853,0.06805188457863218,0.10243399185231702
1,0.05515207283584263,0.04029035764573811,0.07404984515463726,0.08641681218071007
2,0.09856640360391858,0.03879314436151331,0.06249506865420293,0.16840216151518947
3,0.10305247595760365,0.06591962833729673,0.09364075525110857,0.08400240722319215
1,0.04498396338143058,0.055782649754646974,0.09580657929773737,0.1119344159003291
2,0.05533543246373582,0.04291540522536979,0.06832395403971446,0.10093113838326695
3,0.08300230296014566,0.030412640673858786,0.08213640968271237,0.047247752544018695
1,0.1797572329781085,0.02868621397694798,0.057211475956722914,0.09638285008138478
2,0.10312911621712681,0.06249193475398537,0.06923550992551121,0.1008208272551888
3,0.06454789920603626,0.07229885728311561,0.07814399258570467,0.06708836607021978
1,0.11504587004574471,0.0774788943055406,0.06650491600324278,0.09550691476463723
2,0.03889862928329659,0.04767260477424647,0.09139885467556433,0.03245964878274449
3,0.1019018686956068,0.04287166380396261,0.0968659040060981,0.09197161745503458
1,0.12080026422143395,0.07367006033764258,0.05944470031605359,0.04385203332396638
2,0.09857668579332562,0.04175502005524498,0.05048342023668803,0.051960876871633796
3,0.08251553744939026,0.04349927289468908,0.12671102598650327,0.04795081903765419
1,0.10285797205460262,0.05391578500587681,0.06292960380201486,0.09218152561167221
2,0.08325681790757143,0.05034130909101312,0.05918814980774611,0.033197249307720285
3,0.05541926540086053,0.055724965192795246,0.04389217158087787,0.05529740951308432
1,0.08875397203003492,0.03355113212519063,0.04852841199253298,0.040231162268037676
2,0.12093721264871689,0.03065323806752563,0.06830894044296602,0.07039225893972179
3,0.08720071992463338,0.05230729964853588,0.03093472598320128,0.08703444087195855
1,0.10794824657263265,0.019614057386977503,0.053321877098023135,0.10374242934482152
2,0.050077319615946254,0.05901413982711838,0.08710298086309305,0.10836416367428461
3,0.10885683353604501,0.050075717974029606,0.04854915694026907,0.06528838235596392
1,0.07523478047004714,0.0638888719403277,0.06420602274152941,0.06582186675336797
2,0.09052852038322554,0.03223687332354354,0.05847251812453121,0.12391312731805837
3,0.07148225441838024,0.04474502133640581,0.07675446067471968,0.13155335205563984
1,0.0658732667533542,0.039758127162548666,0.05755894911215479,0.11177989211595907
2,0.07361844837346364,0.05191777561962037,0.04023179344858811,0.07359950569716542
3,0.06898898855905425,0.07286997718670642,0.06674077181044932,0.08505165566087303
1,0.09098836324086808,0.04069147186890007,0.11435688023136767,0.13098195351732655
2,0.07187833492597169,0.05618294481472874,0.07819749836437231,0.12629325181899598
3,0.053236792344502494,0.04593251762713872,0.04369937845241682,0.04840326227063722
1,0.03609142423527602,0.039946012572960696,0.06407448509428232,0.08598744650265881
2,0.03389075405019257,0.04571899673105194,0.03228923643423135,0.11389048386594545
3,0.06140517708201486,0.07069923208116384,0.08652705854409301,0.0671550776556611
1,0.03374278327787262,0.02821689248968193,0.06350754513068696,0.06143116130666988
2,0.06860806136825821,0.061162543477919315,0.0527300539525475,0.14910893538422482
3,0.10319545590807831,0.03952393710104622,0.04786354144611053,0.07753327346396831
1,0.08786215689122437,0.06142604165756534,0.10015814274970794,0.12094900345569708
2,0.07568792368766615,0.03506239025706538,0.08879961503968342,0.11980942326503018
3,0.08645623349838069,0.031763408884271746,0.049837131088752304,0.0745054162825372
1,0.0726784460350255,0.06289658310320534,0.09718922619949372,0.08570266951547975
2,0.1189331142401732,0.05208016182606211,0.03845664321758232,0.10316720421059032
3,0.045314402768851646,0.028959398254752557,0.05536956336223337,0.05143037502872477
1,0.09565487478666246,0.036375627477018405,0.10048447582051707,0.07070079329701282
2,0.10345208575250461,0.02250812417862475,0.091388924040139,0.09018505107441399
3,0.08151096914026841,0.04339396891060897,0.05270947317159763,0.08822843656495641
1,0.12823596514311836,0.05296145320754586,0.04090886881251031,0.11481617954896364
2,0.033640432652544,0.05893228626492218,0.10880682433325702,0.07842479344284353
3,0.1184869525032489,0.04196465405499945,0.03615628947215971,0.09224175792256134
1,0.11255428617961707,0.038319466236389224,0.10714081956698315,0.06672298638050686
2,0.032404852224834683,0.07813100273741613,0.03370594899549445,0.09070669759368671
3,0.1335916853185721,0.042750564701527084,0.07936762222752805,0.05268031380549035
1,0.08816374903316429,0.05772936526808395,0.09238285911831183,0.05037180897558921
2,0.086636604704778,0.04829748105363965,0.05462013478506528,0.07952327480673235
3,0.11234546719307109,0.06001812190489344,0.09768578259724756,0.08151113746871619
1,0.05434792562654092,0.05175364066255479,0.09723606659719498,0.05128840651302581
2,0.06820385914981225,0.037498289641719695,0.07831152193285847,0.06942089373990584
3,0.08851164951001543,0.0691249910830383,0.1119114892873875,0.1109230651910279
1,0.09989623166273423,0.03726345738671326,0.04941038681129349,0.07952044716659427
2,0.04853671546958837,0.056784331103571443,0.03381411700848148,0.053025851185953904
3,0.08657762411871929,0.05755507108240997,0.09162228549762903,0.06949440839975002
1,0.12980719324004947,0.048263010731707065,0.07231527486001024,0.03276062628591733
2,0.10722447041093006,0.0440837766606158,0.07839815548968851,0.053261847860094136
3,0.12185249006094809,0.034408351666700324,0.10207261708367171,0.08030192180408051
1,0.075137885355102,0.03844278663803558,0.09642886189337019,0.09025272157438255
2,0.04942293049107861,0.054934443561653744,0.06584177190252904,0.059446199480497244
3,0.06879735702542161,0.031432236928691876,0.07581851077403058,0.07801746369513766
1,0.04558746631271638,0.05512738525283736,0.1016861299595141,0.12607918577016525
2,0.1133917768714329,0.06730006015386111,0.05436415839084477,0.11471881322649535
3,0.07002594998150309,0.08554288917170522,0.10961006790215129,0.06108797204169923
1,0.10437646857078069,0.04151559158310116,0.06193519048793975,0.07193155905245407
2,0.08335139755889341,0.039351337830184865,0.06725925826583576,0.08282888310585149
3,0.05185182254866104,0.05807160152533904,0.08771177104272758,0.07305373402821312
1,0.09142604278317482,0.047075028287385134,0.10273348435191096,0.060400957314945165
2,0.10358390927207765,0.07248990907793204,0.044616573392671735,0.11121123479505338
3,0.10124272284930456,0.028853196210431382,0.03362649215113015,0.07479105130820622
1,0.11665179250289699,0.04586443621442812,0.06697637446952191,0.06616730089729345
2,0.06837430750076805,0.05430755082361204,0.08239348127065352,0.058648025010068036
3,0.04618528896504185,0.047738520620758305,0.08298098784259637,0.08655669630973697
1,0.035427920238020744,0.0656355148740205,0.029184328410636694,0.12878605400333942
2,0.09967665368377306,0.04139894523745381,0.07809621571857214,0.07771757368910606
3,0.08871872112434694,0.02348056126339021,0.06114521527575909,0.05749442723642635
1,0.09628007136476951,0.06489708806120736,0.025953729773316156,0.10066699731192034
2,0.07691054894139693,0.0314814749768934,0.15035010186752357,0.06959568920329538
3,0.06867783518600763,0.09718232289954608,0.06220372819108555,0.04892247344712511
1,0.12287568522411595,0.06300602502350074,0.06167753906771964,0.05816456066360766
2,0.08505872063173806,0.0607842351877079,0.04360485711531252,0.06452326629390147
3,0.03754032841669974,0.03839201786364457,0.09785507288327802,0.1056407816452325
1,0.07500762746323754,0.033187743492711835,0.06945541834296616,0.09013068712335857
2,0.04628325301418013,0.05642157483707125,0.11572737387080013,0.12155422151141913
3,0.036565954900887855,0.05847201344187737,0.06981586133770908,0.09411157879976986
1,0.08514070422285733,0.042116057606646246,0.05800181642239806,0.08292746789436449
2,0.08132830970825496,0.04171806395126836,0.06838359028277075,0.10906095248982059
3,0.09870533602879646,0.08079418890212142,0.04759199003801573,0.08538509055190609
1,0.0715806297793724,0.05274651755057638,0.05477471902873425,0.0387379421380096
2,0.082008805377998,0.05844411769562504,0.040528657964523845,0.07741334690347819
3,0.07273390910945185,0.07849327910951057,0.06694278811224602,0.1181372290141888
1,0.1058392554476442,0.03668281243386668,0.03160627477971474,0.11940670930172362
2,0.10418088670288296,0.08040079109843198,0.0873401743731313,0.10222171175251665
3,0.11250324962512855,0.03798913853821744,0.06798215892354563,0.10834058689937424
1,0.05297533860216909,0.03145862144904791,0.07864796856266563,0.1485104923447395
2,0.12516014551640398,0.050633054866337124,0.059392787828914745,0.08642016297599195
3,0.03900389320703567,0.023546846993356636,0.08164555469087868,0.052728665125893255
1,0.11799561219158014,0.058192095024032386,0.08539228295248182,0.055074031362189545
2,0.08961629165007877,0.04862417617793483,0.07408977211091097,0.11642267246617927
3,0.04322979895756729,0.0427908367713753,0.09319707025633014,0.14223198132065665
1,0.06961531001025921,0.057192243519808256,0.10331064832470518,0.10590972290990247
2,0.08787753388130737,0.05369225934028012,0.08091260550841398,0.09604121607331403
3,0.06506056592198484,0.04389587029353507,0.08982909352935019,0.044070648511870876
1,0.1149170963229277,0.023972349276610228,0.03336634779992482,0.10084818792995733
2,0.07325288727198583,0.06181432750557322,0.09860783794784113,0.14070194634195995
3,0.0544349305601989,0.06462512938428953,0.09601884689853943,0.07247507064487625
1,0.11659710747344472,0.05260945828640833,0.06696976374724564,0.08709838503646147
2,0.08467033121579946,0.05218915609142505,0.09306766899442157,0.10411118382204919
3,0.044630865025558686,0.055715328217332834,0.06664523322439474,0.10597698549589106
1,0.08616204003642633,0.04348288474392624,0.12752113757888356,0.11076460320382533
2,0.08967962209344685,0.029969435697422313,0.11034925785096644,0.08173856761893722
3,0.07906893698838713,0.043573636529876815,0.06449215613423764,0.05529255300932485
1,0.12450727681949042,0.07150671808327086,0.086351067359976,0.08494804907905242
2,0.1481833652258308,0.024484724126154413,0.1304979084469519,0.08270432202809083
3,0.10930400190265889,0.032567347788250905,0.09502147430735461,0.0781524488916107
1,0.06376001652954585,0.061026042908017664,0.03864830438034681,0.10233015924192367
2,0.08096529792723421,0.10605465084007364,0.09578170941466439,0.11628301456945664
3,0.08252186134540739,0.08322489821812225,0.0940432810262335,0.05365705577185202
1,0.09088341842118344,0.046275090079961646,0.028982198461953206,0.06380427440093421
2,0.06487590936079296,0.0699728550784704,0.11059909196685148,0.07509250929084715
3,0.03506519100664508,0.0483587062824282,0.07500852764792774,0.07876274067530782
1,0.10037337002330372,0.020627519137507908,0.05225761933731909,0.07189567193982409
2,0.12924442435447,0.026120054657113513,0.07138888098754356,0.07439098787786003
3,0.05018155102779842,0.03876230887875075,0.05308222488076422,0.06971361764217805
1,0.11727763614293638,0.07639094577464126,0.08765003191013333,0.07214067158411186
2,0.10134543256803978,0.059047411722051024,0.06014765379546315,0.08573809586654813
3,0.07839087979723776,0.060596004280146686,0.040152240134649984,0.1062281050053906
1,0.10577311735415333,0.057324669591215446,0.048098215425902396,0.06398538383730698
2,0.10543130216107652,0.04933424128396836,0.08720503290652483,0.1407878723238315
3,0.09833377623054043,0.07098739556798564,0.04962851225640165,0.04937545075083917
1,0.06363886701769653,0.06654015169575643,0.08592443097920408,0.05454454753221551
2,0.07043541665618656,0.07592796255384707,0.03327448829662494,0.06071408983732446
3,0.0998003822046625,0.047633720319062434,0.10896067639697872,0.10448969321347001
1,0.1237206257627801,0.025355362748271514,0.09777041189003159,0.04269936514624271
2,0.04691354925648223,0.0892491275296709,0.09944082464652777,0.06403386492371357
3,0.07545247058788318,0.03881911817968932,0.03463281846792655,0.0645599040215863
1,0.04666123075612364,0.029882040989215108,0.10368360953098428,0.09869404057263696
2,0.06529878351808385,0.04339626417193544,0.11171297575554079,0.0983449017624923
3,0.0366514917888559,0.04842303190383446,0.09549574915493636,0.08521032282775133
1,0.11937176376484032,0.041065048909230926,0.07839565943486829,0.10657069127444277
2,0.059448719125685195,0.03386619298148327,0.08042383568036869,0.10147740514746102
3,0.106297332387207,0.02965617836573477,0.07893437590461894,0.055584421289865245
1,0.09924015588208901,0.0497895828955998,0.06381566767555526,0.07162149568133556
2,0.10345020149552378,0.06068095238853104,0.04117211238181502,0.03483874536988202
3,0.05419776234021802,0.06083505731389076,0.0844808576853838,0.08087700463499801
1,0.1241307965351924,0.06253275354696847,0.05050720651929093,0.10062570238449095
2,0.03037941000931907,0.07434464067498733,0.07170151820925788,0.10570798409279443
3,0.07441733674948839,0.03909494480376087,0.07575243190094999,0.0776863709879335
1,0.0660578170734009,0.04286353154923254,0.06118328458977994,0.08931137869892024
2,0.09491704528443162,0.03535621157693879,0.057228194487418844,0.07424522697883507
3,0.07602609253302,0.04390480481647229,0.07448771391946477,0.12629604836634847
1,0.0679652304683236,0.04548209653802136,0.0672267622867404,0.07733474953568448
2,0.08788769914046092,0.05883030838769044,0.06811900957526104,0.0536048308833974
3,0.08423254700510159,0.04965971627807878,0.059336265517250665,0.079774936807918
1,0.045531025308337546,0.03976225653426387,0.07481784236008544,0.0455720826810282
2,0.09684401818727412,0.027342542746373467,0.07222863832533508,0.1162305983704097
3,0.06500405721295201,0.09340700997007345,0.054393705397872666,0.10759004550443933
1,0.10479656572577165,0.04669335162522951,0.06886083697769922,0.090063738999016
2,0.06303240303355366,0.08294653833546986,0.06845242051519203,0.08173798265608676
3,0.08690559484264002,0.053684633694208554,0.043315492096916014,0.09687245836133078
1,0.08092035559037875,0.04266715138106278,0.0833334060571985,0.06089401478274994
2,0.13424196882745093,0.051988901167063166,0.10377474752480823,0.08360905448586058
3,0.05272121650387789,0.06196464992067366,0.07468211202678872,0.0957476736394614
1,0.06304202680179136,0.047844972565924175,0.11096551716441078,0.08707362232459195
2,0.06496084566421718,0.0646652683451059,0.0448872794605823,0.09944444595171016
3,0.06939893630784583,0.08266629512534765,0.13231134856834925,0.07514140330027579
1,0.06646679231573845,0.04315914818184406,0.0983885209847621,0.06989685847914849
2,0.07367333349836047,0.03229302682999523,0.0710009291696114,0.11450130818549502
3,0.08602893919617809,0.07667273323714283,0.09003119625462118,0.05935472498956726
1,0.10168327670521213,0.025398620172870714,0.09084851760255896,0.10356427479053064
2,0.05935739291574085,0.051642012747399824,0.09327534262269807,0.08106733696294142
3,0.04590215442127482,0.08087549641981671,0.06886448882868486,0.1206419300450192
1,0.06071673779359123,0.055207329488390494,0.07234508373721642,0.08159119744673221
2,0.08257062241127588,0.04730404219518203,0.10194322999687885,0.1091490200341994
3,0.04617550151624928,0.06487508511247504,0.058218063311248174,0.12492979963403976
1,0.09150964502339237,0.049658075649644105,0.06731621449318759,0.0992372286801537
2,0.08905884032739497,0.05742551783777551,0.08680253226943098,0.09399462479478378
3,0.09902482338944327,0.022454223248076062,0.09666187217329926,0.12885108231473677
1,0.1267698677333974,0.019037000049463803,0.08209094020535054,0.10160901509399378
2,0.0819671255831909,0.05654575545630285,0.03397697810972861,0.1293496441104844
3,0.08189885421584063,0.04595675431658616,0.07194682632655046,0.12297721338677067
1,0.049824328772111084,0.0557282806139881,0.09032560930858938,0.08539287778233424
2,0.044273894838070524,0.07146358996394478,0.08247378957433432,0.09793067506539443
3,0.094221174123368,0.07288790831613433,0.07503345443687817,0.06277351515049856
1,0.13664343762111103,0.05431955724177197,0.02533921810217099,0.10956287173263254
2,0.12474875067340824,0.0692822932977133,0.06313996364925756,0.10700542586500188
3,0.10164137820888478,0.0547658043569979,0.05102506029538359,0.06101985149649438
1,0.09301525976725653,0.07345732650725527,0.05025828943488919,0.05789314302518691
2,0.10690689011575016,0.06175070223374628,0.06859260800920815,0.08985191723427474
3,0.08894213709920915,0.033735609005912756,0.0634393153838054,0.08888056472773338
1,0.06734714935439726,0.03233835462379889,0.026967885396447122,0.05699443426217834
2,0.1582380912337206,0.047665686832776694,0.0839224289908663,0.11384660910049813
3,0.07104116601135219,0.07204596701315924,0.0519074998683446,0.0733548948039262
1,0.06331443283118116,0.03930514752387042,0.027651431478246086,0.0534329079858928
2,0.05776549236106837,0.04780398520987293,0.08251646022902756,0.09295812284044118
3,0.1154827500391361,0.04955853736668325,0.05322420568732282,0.048387738524440255
1,0.0739395733469017,0.07070622542988383,0.0642202353590074,0.059266250169617424
2,0.07957651448106048,0.04494505536337794,0.08594289385738262,0.07979756446032986
3,0.09879398697341667,0.06436876418618254,0.07136158136291303,0.09058681146312698
1,0.05323483805305908,0.03565582127283837,0.0525834752177677,0.07587479411795728
2,0.09170301522270027,0.051091456659187504,0.05859663729966262,0.038965440110693354
3,0.0655909977951077,0.06944156207946534,0.08733353401499915,0.06400476965230124
1,0.10036613656312778,0.016009416569547484,0.09361889781649499,0.12274196077916884
2,0.061422157817021775,0.059757736942990795,0.03861002281402052,0.0517074206811956
3,0.09624262842980845,0.05548960763396808,0.09999896864652077,0.10391614299253277
1,0.05682469606412774,0.03443769436876114,0.041506853025669574,0.07272418405892332
2,0.1091887451132176,0.05010036141138764,0.05425681706482961,0.07291045123954283
3,0.08433708694242696,0.06363675000939557,0.09295934606531717,0.04853135552983017
1,0.09428789464613882,0.04666491744009466,0.09467506340942429,0.048971845854726276
2,0.06074571631649514,0.06819785702840499,0.05520296858146183,0.09384166258814253
3,0.10344285966463243,0.08722400785621484,0.0632885339752284,0.0470208987352423
1,0.11977269499342816,0.0712775744453721,0.09660191614502818,0.09517708807192654
2,0.08314658996553415,0.04347279844932637,0.04899320740946155,0.09415021749477454
3,0.0816027998043702,0.0685860977239716,0.07526207841691475,0.13192756278307005
1,0.059780223520755314,0.08053132317505182,0.09927890529622102,0.05493697114572453
2,0.13239666727524632,0.05747167868318497,0.06128183167919808,0.06923116072490476
3,0.10165522720018393,0.02094581836947096,0.04963418433264287,0.10495305267122859
1,0.07494834191565031,0.047780860837769404,0.0666916622590792,0.09443652363752675
2,0.07724438406047354,0.015893380257083277,0.06819919805260441,0.0577370210673197
3,0.0675878800825255,0.05491463361713128,0.06404013882265364,0.043836215473182887
1,0.05743487470016162,0.03316221911304451,0.11073143151102284,0.05306882078519341
2,0.11401042122750063,0.04418439292663616,0.06498035904074584,0.07463643090080115
3,0.0685573115350806,0.057284204153103736,0.05300411269895289,0.07542433676601622
1,0.10330102664102547,0.03424366973469169,0.056572314250286866,0.04796234205159959
2,0.0872548105799075,0.052853695442451706,0.06930569827463155,0.1390545030351389
3,0.09188598253813028,0.02697977906429454,0.07471051842925486,0.12041632169919228
1,0.06632408639502413,0.06310487034064938,0.050796219389889645,0.07893790036324945
2,0.10154405791321247,0.03867393574546513,0.052233018914457405,0.05558633238939348
3,0.09254843967659772,0.05884122333207904,0.09505402988362814,0.08115916963120955
1,0.040541109010845455,0.02543232607983803,0.13833904246972412,0.1287683173184128
2,0.11122153111578097,0.047875605848222355,0.0771758286921157,0.07092305020243385
3,0.0785988978720741,0.057678519210397614,0.026604335302739465,0.10554650918993158
1,0.06891437245105493,0.035851103708589724,0.07835937928307012,0.09266680641508873
2,0.0728221728090033,0.05117545546574573,0.08990045165721938,0.10012687404389602
3,0.1064161751501794,0.032350835909714014,0.09744338627629803,0.06795800648485231
1,0.053007033918029835,0.057324281438811804,0.03842356677920768,0.09643388001170744
2,0.09106031365528285,0.03643386863740258,0.07462971281837139,0.10364791483508215
3,0.08293297593135747,0.0573070638542647,0.05855466230853751,0.06957320529182877
1,0.06958955524352847,0.04848553849386923,0.020200032579969857,0.09118067395354812
2,0.11642406515124085,0.07978205647481948,0.06718783778703184,0.10013588795144425
3,0.06218037705890597,0.03160265615514896,0.0513628929314614,0.0758406570552501
1,0.08420425104327108,0.05976585952806339,0.05094153793613364,0.09032530644180123
2,0.06018186037846128,0.02484491793929964,0.07835514907645882,0.14507081146996845
3,0.11193069387205945,0.05005460248287512,0.06120272042587566,0.09175513446484602
1,0.0775961537059176,0.03917844713496606,0.03615897006235873,0.09694779153542861
2,0.0581780996851571,0.042564808921967394,0.06082950439096119,0.1347853641192579
3,0.04875942409100524,0.045660607761073,0.05325259653851967,0.05326959619905877
1,0.10320210874750498,0.04942219682197351,0.07571946644273393,0.06579274898415867
2,0.11272156074806519,0.06619612545325426,0.09068036393247621,0.07009220312781791
3,0.08446210906278553,0.04784554961762681,0.08330487146619514,0.08284680744245972
1,0.0522221980869038,0.03293951709241233,0.07690507472941668,0.046081754808893365
2,0.057618570708503125,0.035311395163923495,0.03507808202946528,0.060684159222601425
3,0.07822196460763585,0.08089089519165109,0.08097009725550935,0.10227977525377022
1,0.1079855324479403,0.05059511300321074,0.059048630753257315,0.057774226737699344
2,0.10480678024534233,0.06947701514321097,0.050303387771742536,0.11913448566943072
3,0.08708284297367483,0.08436854734493925,0.05584408904681988,0.06949987982644702
1,0.11147894948744691,0.026291069874218337,0.048606398778637976,0.06770971289404365
2,0.03975034571277873,0.06435828356672088,0.07382713206918745,0.0851497827052386
3,0.03425466977261092,0.05491662601826083,0.0684689428987711,0.06592311615445667
1,0.05597101625612351,0.03410343900946535,0.043522447779188976,0.09054899170466349
2,0.09903924577952197,0.033437774791323385,0.06498815086572873,0.11418233699829891
3,0.12426658429309742,0.03280142788131383,0.08773530316103259,0.05136147515236458
1,0.0658636575784278,0.04706714553339099,0.04743704012425175,0.08004450424891667
2,0.07294560670694825,0.07107973283452111,0.09525775788687665,0.07590482452338601
3,0.09989064815327311,0.05900394053880128,0.054670811191867584,0.11972617762336753
1,0.0733955911663894,0.05233711077516423,0.05813780346736187,0.11174770749833948
2,0.09644850583294283,0.05362553137104,0.07741150125046133,0.05101475901882101
3,0.13551383703368433,0.03734816076834879,0.05730487883981611,0.13705004489982994
1,0.045137392661496314,0.042152632264332246,0.02022477489050152,0.08569588888995797
2,0.10597019875913771,0.08965784120605895,0.0954781887677312,0.13191624736712276
3,0.05676278790552383,0.08231059371185749,0.06229620871997914,0.11115035616914887
1,0.08521503308434708,0.037136345872855546,0.09236991583793322,0.07311502202909695
2,0.07551344363328016,0.06765870977463549,0.08099106358323876,0.06348922442004022
3,0.06392903771335448,0.03943320171265512,0.07861493799745495,0.09350358162709911
1,0.09312507058428535,0.04363866099033375,0.07340795431743286,0.06606953523772716
2,0.0541386524015985,0.05973174173120098,0.0689422577753584,0.12891934380506037
3,0.06592020134410582,0.041015662916893486,0.054312839927157686,0.04078132431498078
1,0.09266194512110881,0.043560002214638696,0.06495196498185404,0.05928874355324312
2,0.10508548142621163,0.04017699090475289,0.08347032208038249,0.06909419154210965
3,0.06347021112929571,0.03706372263206073,0.1308915170768568,0.10378498792194078
1,0.08925376488939178,0.02864923480031668,0.07960747188161733,0.0834142631212714
2,0.09311745537290805,0.030270385522874078,0.05284878943493429,0.08354724869625547
3,0.06242731099273989,0.04143650591655628,0.07344140427909922,0.09167864957710131
1,0.10613304754937863,0.07635219277590113,0.1257765715516527,0.14051759251977564
2,0.03957461998774816,0.04516321094667467,0.08685739612335489,0.11179579130792516
3,0.050509661202193995,0.08051065778789553,0.046590523157142585,0.07306896251388802
1,0.1034645534176111,0.054608740905770656,0.0438547121639122,0.09165009328983537
2,0.05318664213845244,0.08867237040995005,0.09060396481715711,0.06755566485838309
3,0.07151584367577475,0.04546114256956541,0.0811345415524279,0.07256386461280608
1,0.04209189219972357,0.07385482446819469,0.05808699626513012,0.10484527696049359
2,0.09088585086525486,0.05531944619913574,0.04537750032516524,0.04310329341209977
3,0.11109340279155105,0.04627679974144513,0.0664082846991524,0.09641348616623714
1,0.05642241754604959,0.0589262503072879,0.05650177306541851,0.13479965400382607
2,0.05216698201934425,0.0542907430256775,0.07966078612796854,0.1325725469616052
3,0.03186107145603939,0.055540347355277214,0.08054185743692757,0.06616829017331421
1,0.03597929669754486,0.07860706140074011,0.09594180991640872,0.10570118562301133
2,0.049270291937509404,0.07772577675163916,0.04243391884262367,0.04211453170959455
3,0.0734270713730485,0.03458230165492218,0.08830672411693122,0.08943976616085336
1,0.050178564966976105,0.05336953821606785,0.07189369512530731,0.05242601499200299
2,0.09585005535819931,0.07547838758001076,0.09903643678274734,0.09364204467832977
3,0.08452095085749553,0.057404105959584964,0.07403888009053711,0.03535782430297046
1,0.09948134611486734,0.06847529088208595,0.09254642286578993,0.10023126786336209
2,0.12171872952870294,0.04468385525829216,0.07366209145245037,0.08882412447057225
3,0.08376515570711261,0.05788887182600739,0.09734423756163199,0.11963783517971738
1,0.05691391718222083,0.030299619611152316,0.06747021822808182,0.09053034546711008
2,0.08928176690588199,0.03440256345014388,0.07684448798548468,0.10276898476109701
3,0.11195750010554631,0.07233694279130869,0.06875750204692407,0.05415683862768635
1,0.045496301473314446,0.02820496797319921,0.0631188108755007,0.08601993577959058
2,0.04298630476055368,0.05135522286041003,0.028930420217085293,0.09489033543480861
3,0.04596683304718446,0.039364824186427644,0.06419530655777142,0.1591063516802412
1,0.07824593845298558,0.028168780291897417,0.05248036117896226,0.08307480471422021
2,0.04023864587483492,0.04680115786058754,0.10633157658879934,0.08086690124493927
3,0.0675427230301279,0.061061792506656366,0.07202222894537755,0.12945419453319457
1,0.06544838928848683,0.027213329318082295,0.05306290213991842,0.15456369908446133
2,0.0636378309054873,0.041999013892313794,0.09992255920781234,0.08987676135802568
3,0.14568984806447594,0.053142800779287826,0.053215795112204436,0.07248476293169852
1,0.10424115310469374,0.050570522626075476,0.07632145293962117,0.05873054494903236
2,0.0458828236652021,0.01699031503347761,0.06175255314530399,0.09962716722585914
3,0.06214332584228602,0.03881508839319682,0.05944644520425531,0.059427045753064664
1,0.05962436021718627,0.0389533343797726,0.08518154686697424,0.06537658348759179
2,0.06543095674448719,0.028654978583721652,0.07526060061609044,0.07376599596741235
3,0.09750902403006284,0.07197360992815358,0.08657328187970166,0.09435974296055318
1,0.08533816700956907,0.051900713009017836,0.08529564092278266,0.10924305407569121
2,0.07257641915538515,0.04904813813478359,0.05593841189569178,0.06339525919445968
3,0.05721495692979045,0.06548616060897952,0.09126522245757937,0.0982254117939706
1,0.08732475537025994,0.06872942895233936,0.07888588783421283,0.13593686745794503
2,0.09236425643846859,0.03955709621245721,0.04487184023490329,0.09447412713132342
3,0.05819341776119073,0.01901749960903089,0.0344926202830488,0.05334478198994291
1,0.09548791321312722,0.04786627444134815,0.08994090178880423,0.04406758523995905
2,0.09746790781675578,0.018247163481058322,0.07908648511652303,0.12306295215163329
3,0.10202173500241311,0.059275372672085644,0.1154116024129585,0.08334927102803423
1,0.10085038980818448,0.06085682125894456,0.0561466495906134,0.09401378934368489
2,0.09390291342425584,0.05195443250322231,0.08508016677490021,0.05738096526154026
3,0.06633545171428797,0.05972945348491637,0.05159823825966321,0.07711647585579413
1,0.0805574510273498,0.08287577533676918,0.05766498725120455,0.07004666898391662
2,0.08877345180797552,0.0558033319810034,0.06528649641783915,0.0834712959891266
3,0.09065545461425908,0.06969108717390045,0.0923654012434,0.1255209315853258
1,0.07519240650783529,0.05056572747601033,0.056816165400672636,0.1004638182750806
2,0.07963461076833957,0.046212564724156774,0.07604075030596626,0.10099944196740904
3,0.04398590738441322,0.03782807803242113,0.03907463812349267,0.08744105383498472
1,0.0950877650309556,0.02653735564644085,0.05648548111834354,0.07297333153856198
2,0.11396641296469666,0.03732638806312412,0.06383875028074247,0.10470707712906052
3,0.086003945442137,0.07319465243468667,0.06076977090003996,0.07900808554519524
1,0.04177084772618317,0.048096055135668,0.040697501324800406,0.05553058307636023
2,0.06493325575590253,0.05083809152086384,0.06955223805451212,0.09160379138517698
3,0.0676790876724397,0.04063748808329715,0.08180739536722455,0.09181755076462489
1,0.07702817762449735,0.0352735011368708,0.05587174039760031,0.10971595060968707
2,0.06897772467207584,0.09012888912810951,0.04023406862449126,0.04195576943104282
3,0.10041951329503689,0.03592533931069911,0.07350870055117652,0.06470062864537468
1,0.11332332471075904,0.038571899397366,0.08968128219912125,0.07448969017854151
2,0.09381499981268082,0.07678245162916764,0.08244400391129934,0.07573898923300611
3,0.06063963674171433,0.0513835748306879,0.09970907204801552,0.05836907499739204
1,0.11221772609416542,0.052230874371667096,0.07850044779439894,0.11011841152404173
2,0.051896565594610554,0.03149834344807224,0.09113354537859339,0.1080879875144874
3,0.09145080328210442,0.03451131580065184,0.07445657951899404,0.07819930695742883
1,0.07082775633707286,0.05467062611410245,0.07796621317543288,0.07384602734459425
2,0.1255877214380991,0.0525616556638266,0.03261282132584679,0.11235544642601997
3,0.04654721155732944,0.05071661029703884,0.07784010315367065,0.0992692418370347
1,0.12552231390570168,0.016799572124580046,0.031156181600424812,0.031898602743239975
2,0.051459920040661175,0.03964300553702389,0.05946327820128109,0.04754025987439424
3,0.07427609797995119,0.03494181216647284,0.06863488164030318,0.037104399190181485
1,0.07194332052834002,0.08968547882160408,0.06837323886829952,0.11930221248261716
2,0.09585660668713726,0.05592440901025486,0.07995937742856615,0.06181597316312526
3,0.10539574376185452,0.06126143556729091,0.07683219024285375,0.08100419171373384
1,0.09169267178306743,0.06074130852297744,0.10725118526980659,0.07565562971786645
2,0.10280919797469898,0.03895196007470211,0.0882075230577127,0.12227721941451342
3,0.07563589080837772,0.036631774284897986,0.049640969484491454,0.07564344829158932
1,0.06594571942171842,0.08518802118282952,0.057737385737214555,0.07407820526139627
2,0.07812818166970384,0.036122858440415205,0.0793595373132934,0.07557184954686491
3,0.07648346806804802,0.046610538835840015,0.08428499778084161,0.0776682609498228
1,0.10237678854031895,0.05211735996308565,0.09056440831934275,0.05760751352108296
2,0.10539103101900896,0.0549227148352106,0.06522658571526108,0.0838679643720958
3,0.10782792344904488,0.053924172207079284,0.08117909277386325,0.060991043370602814
1,0.14687402563280594,0.025061020927770607,0.06041670208047663,0.07772974634561469
2,0.0762303516172725,0.05823643645275022,0.05084529977863572,0.12914906913886592
3,0.10090310750230118,0.03941987504952312,0.05346768541703109,0.11656749431380198
1,0.09229888729949903,0.06263053094279288,0.061991878069811615,0.12503543845714055
2,0.052835973422877436,0.06957973723083491,0.10657693708246635,0.10466591247687179
3,0.07290714146988185,0.053185008194786464,0.06580550831396878,0.1284314820490541
1,0.06461447551087501,0.04548813673417904,0.06905683273956956,0.05476179058016211
2,0.1124941196781982,0.06437985897544479,0.06777881413625868,0.13219982532202118
3,0.06695173140944595,0.019094022527764452,0.11705429720387597,0.13678535647733742
1,0.04344122062566141,0.05431992647845774,0.05865276734912851,0.10500868551829312
2,0.07375960259548689,0.052153660109436076,0.10376567685128314,0.11255916600229117
3,0.07862284907681569,0.05788059689625891,0.04494592730386057,0.03468201505324902
1,0.06667890820172824,0.0347921885937798,0.07003780413736901,0.09955608090488959
2,0.08966960003597788,0.08008243563360257,0.09344910348544892,0.04701130214343906
3,0.051899033873018675,0.034005546256169916,0.051212864978082716,0.04946110350519946
1,0.061505152355143505,0.033658724400294604,0.0649778769348322,0.1095288452317846
2,0.10147970653622929,0.04319737954086561,0.06437613139883165,0.06301245026258037
3,0.15381715568244514,0.08339314394331732,0.0854560303892929,0.0787617599757552
1,0.07419633637895431,0.022477178590550227,0.09422159094001628,0.061246634950171505
2,0.04240167964775356,0.08328764401804785,0.07615351859976378,0.07539160586233443
3,0.09182342570138688,0.04336575436982771,0.04308904274638123,0.11338623423105038
1,0.07695344444506823,0.06005447214500612,0.07119152745126642,0.06762597057952134
2,0.06469624383653666,0.03461784121715807,0.04488602218637715,0.037186175704299586
3,0.08954639888710346,0.06101142631616771,0.07061336988767095,0.05254266956168835
1,0.07800274940118875,0.015040404436784775,0.05798976881604974,0.12327634538497605
2,0.11501458692723482,0.04436488095546447,0.1084042916748264,0.07899438573700905
3,0.1019047223066262,0.020731371066644532,0.08824184884811295,0.054425388981944975
1,0.07542435270192184,0.033163792534707595,0.0717289279433278,0.0452821388228801
2,0.072458736990629,0.06254161078691292,0.06934821636604056,0.1237693746048046
3,0.09731580647542429,0.04417809083720179,0.09513670976078467,0.09329171292939453
1,0.048162717361826,0.04383770449955131,0.11525931616375384,0.06472317571466266
2,0.07745301587824405,0.06165209544145986,0.07644653234351446,0.05848566958779473
3,0.06408248777672598,0.045147760005035405,0.06301292158191801,0.13633410453767303
1,0.09176766481770117,0.06121548646783954,0.044067581317981386,0.0887955525798339
2,0.063445120126353,0.051762586029891935,0.07870539224938125,0.12376059796493494
3,0.054052460989480154,0.06991661694264455,0.04066489609078399,0.0842372265281998
1,0.08043150215276995,0.04645796142114496,0.062342507875884114,0.04977709772725966
2,0.036870795911617966,0.038898977008397576,0.06280393874024644,0.08081536102678334
3,0.09052755072357613,0.05335762302151054,0.07602842458571474,0.10431683257062285
1,0.04713078110934133,0.05609229872671171,0.08631102277135305,0.11493793429039166
2,0.0683964391829163,0.059763444697916744,0.06131619138037663,0.09867823563538122
3,0.10314684239479373,0.04076306723320884,0.08177907164387455,0.07286768524842276
1,0.06142431776086618,0.06577916058025127,0.04421325871768183,0.07416222066937504
2,0.08004561889972116,0.0811502438800672,0.06658744832703058,0.11538792235351479
3,0.10100099690991943,0.04778535183620212,0.04829489020396423,0.10491298198539394
1,0.08752439303063829,0.04757006212232839,0.0288435739356594,0.06560604062199608
2,0.09337235831468159,0.06284908233848162,0.06666912810204839,0.0909232846340273
3,0.10989677836487355,0.04897726064922326,0.06713590282820271,0.07127491523388152
1,0.10658559641888601,0.058626032255327615,0.03076902407695179,0.08228760283204238
2,0.060334099848470255,0.03702901907423237,0.10284463899545229,0.056926263316300484
3,0.09108260292786058,0.06479791632486753,0.08301069323520775,0.10308010413231085
1,0.06796709490801302,0.028613216049168798,0.09070375081413395,0.07932945130732719
2,0.07931748196049235,0.04427743042590147,0.06022684631946153,0.05266850164179947
3,0.06940246140839515,0.015567328273271952,0.05952905475910756,0.049794746596305714
1,0.058869892601452235,0.06041084094230959,0.07132123962442781,0.08519172823212155
2,0.09648882543062158,0.0826308269642301,0.09010689913406383,0.08288608938417388
3,0.11142611795827452,0.05378015305139861,0.041159365159194064,0.08124405681668233
1,0.09668196622115677,0.05564245111390715,0.08309800751801519,0.0607309318400691
2,0.0851430443886815,0.07167393686715212,0.07320329419203228,0.08293966077799014
3,0.09429852724050804,0.06193934815608262,0.07705186599611348,0.08649236043894268
1,0.07637049831044349,0.06722827700701946,0.08852014220856327,0.059383415976032555
2,0.04531404402277587,0.0666567907719713,0.08081019362529976,0.06172013787077872
3,0.05702209790908186,0.04366948450309169,0.07694225477070743,0.08439904299128782
1,0.055687021899324465,0.03854063677907876,0.11672511772763614,0.08399214442198755
2,0.09526931140741471,0.04227758584070787,0.09069352634920236,0.061861572797127035
3,0.05190080828448666,0.04064452209494701,0.08635004333209952,0.072418855823835
1,0.07846987862666478,0.04545495665893309,0.08097156364676557,0.07176481571321111
2,0.07318280106283873,0.06335351898948649,0.06605320289045402,0.06036053432109102
3,0.14095981669011035,0.057459141541401144,0.07656111208829293,0.0627236525309368
1,0.09453733421673575,0.03561964144121173,0.06309916570850335,0.08501976548939846
2,0.09616199327919717,0.05145129990576692,0.10234213288154209,0.04956636963586433
3,0.09813923218101839,0.028349901578043138,0.06413422916004052,0.0628695166588868
1,0.06298253241457252,0.036130873317453426,0.10047370726297375,0.10641771782313947
2,0.08235856776408187,0.0620277686980248,0.07981093123378698,0.10382163538954675
3,0.08662098086476809,0.028401498639332737,0.12126210590829292,0.08899524634276654
1,0.05438377660929134,0.0482813295276153,0.07990157000599026,0.05407719488156297
2,0.05437429993337277,0.036950054408321414,0.08328229426550042,0.05184567475551561
3,0.08733895717217362,0.041484333159165186,0.03761295408234162,0.12742354285527638
1,0.07439490682991834,0.06454189805508805,0.1318880958867669,0.07254600231720618
2,0.09248650627087363,0.050027582688742314,0.0710438329134559,0.11355109593872202
3,0.09818648406634536,0.061029093916527416,0.07785418610864833,0.04586767666310596
1,0.06380645293318617,0.04826132191845317,0.02999062892599809,0.06810362645986578
2,0.07541221233247462,0.05340126489933584,0.09289456823710557,0.03476035624264541
3,0.13360110729641045,0.06594289868417445,0.11247260513128804,0.07152819207657647
1,0.11964537541445723,0.03381981689949318,0.08194723225706126,0.0796920016869259
2,0.06636058826738862,0.044855734157950425,0.06475070135219381,0.0752501328895665
3,0.07828620465644553,0.09282543776697194,0.10269083487664957,0.0625120304190599
1,0.07468071340068777,0.025952396869183308,0.13658150158332705,0.042729061934759546
2,0.0784523236108372,0.052873678709912456,0.024902188277323753,0.08783659899514863
3,0.11291399173845049,0.03707475243880387,0.08720715709794198,0.05329771229852241
1,0.09229626651394005,0.04578329095107228,0.04231651684379435,0.08131313227612144
2,0.07082749496905408,0.05850812071650447,0.07868184387291356,0.07675549120422526
3,0.04839796868492893,0.06324897273316547,0.08725391993424578,0.08019030303083852
1,0.049761170907201425,0.04163755204911049,0.05518320997475731,0.05158569184122512
2,0.07081015330477693,0.04665919959666398,0.08812840561167481,0.11795367182875238
3,0.10373301053796842,0.047205188432184686,0.0655320153570394,0.08450084158066576
1,0.10976931057622775,0.052849102493814436,0.047964636554015616,0.07324965733430676
2,0.10321350263943035,0.0575700551917603,0.02816884573235527,0.10212317734940052
3,0.14315914046427172,0.04692176078320867,0.09316614401914496,0.08267214618252439
1,0.07670864146131491,0.049955827402925645,0.12534299943100172,0.07369104810403367
2,0.05903359177836433,0.06396164152777573,0.052219347070948455,0.11849868591279629
3,0.07282096141536874,0.06696352756159635,0.03630104226761017,0.06583384437290835
1,0.0376643043927844,0.015394955437227444,0.08420222261515392,0.04746845482262158
2,0.07095332969952703,0.05317819475880569,0.07795806015698475,0.07728123610988058
3,0.11878617233586171,0.06774997652235763,0.08558844632639509,0.10958398852732441
1,0.07696091925546267,0.05673522763022991,0.09834585151891334,0.06828932686711182
2,0.10551105789837165,0.056565163216561125,0.09423556213158923,0.13962262392534208
3,0.057235128882803535,0.04699871891635439,0.055567431590896714,0.08436481352778094
1,0.09148957419787057,0.02108443550022482,0.08506801563839869,0.0742782591753879
2,0.11197061814188763,0.04793410970715171,0.08060637278977778,0.07464848746347548
3,0.11005115795309736,0.04577125009848136,0.04434460792389297,0.06216089489925114
1,0.09405449673533989,0.03163366064213857,0.04301496015800267,0.11723372121484449
2,0.07183476372522493,0.051770892878206985,0.07463126386671678,0.04267318044477105
3,0.1327275053635874,0.037163156119929874,0.07332378673548026,0.08257502143708464
1,0.07336396543265221,0.07536846195325236,0.07606096661993926,0.07440858162716292
2,0.08078330959073296,0.04801563060810946,0.08268317139374218,0.0706838231962834
3,0.06142624936418177,0.07512202711569857,0.05069730866684978,0.07945023397995907
1,0.06771117149507354,0.05657945351013793,0.042583387543659416,0.13195442450140937
2,0.0694136078142221,0.05674890096206291,0.06592138170431161,0.0692436384400001
3,0.07438189182416592,0.03650940910644721,0.023144689693860965,0.08913683930809603
1,0.11672488680273119,0.05309801249505164,0.08725079997861578,0.07943516683604024
2,0.0957351213485529,0.10406287969015937,0.11561488287375168,0.11921532475768214
3,0.108632171937195,0.06032110024946143,0.11324962925092599,0.09873976608820223
1,0.153410997116311,0.06562223271442984,0.06350068545755777,0.0780174443048593
2,0.09220241939613853,0.07386710475735205,0.08166644824729458,0.07725296106397286
3,0.06026245459079295,0.03612152260018063,0.035811706817145635,0.1303594046009249
1,0.058689593886566825,0.05736919751176387,0.05240765468027647,0.039760181657851563
2,0.056369570054422835,0.04003594866233427,0.1009046249895598,0.1498717689202931
3,0.06302817053311086,0.054971170329663796,0.10186797283534585,0.11270034758173988
1,0.07268908838087207,0.05028783487533047,0.10330052635501653,0.06800781718091528
2,0.04951038143775937,0.053752444160977284,0.08442733591673136,0.05876578998356262
3,0.09078609281770758,0.08787698538530228,0.11978151629800693,0.10757939922749546
1,0.10878233858082317,0.032132377568900625,0.06739609175676504,0.1272830413634421
2,0.09110284137725372,0.03671782314424843,0.07551399938081672,0.04843580527649698
3,0.04620201001787034,0.06665018247024862,0.0748662519012415,0.04411270710739523
1,0.04479314838221155,0.07260589282041324,0.10020398752413204,0.08460979018250092
2,0.11890604770864316,0.06724764279964653,0.08615659218200603,0.08034522077538721
3,0.11385310372159627,0.08344238944320903,0.11124040777835023,0.10493033591025819
1,0.1496947940725038,0.03646829382259614,0.08478328467069433,0.05565148695354144
2,0.14888964921542228,0.027377103192851773,0.10264349318961677,0.1128961957053515
3,0.07871698252450242,0.03845856723928753,0.0416615495929066,0.06522019555743387
1,0.06351178283877164,0.06442442709874832,0.057928144282033425,0.15581548702128756
2,0.03825145600377854,0.10564118934965769,0.07733902961120545,0.1018822265558463
3,0.1336401262981718,0.0505541474565029,0.03182876351384399,0.04690431133157508
1,0.09669124045504468,0.06467231899226376,0.07490475576468739,0.08370819508531575
2,0.08303672644283694,0.06148608762146708,0.11386146009983933,0.048765548970942055
3,0.06851085921245738,0.08261649011368555,0.0378777682925147,0.12569881224819723
1,0.05982433311957948,0.05679369425036688,0.12167904819885557,0.10961373396520983
2,0.13584831221444796,0.06963387451023213,0.05253292689393035,0.1310571169925146
3,0.08333939423868673,0.036144925423969645,0.03459356310864995,0.08405603430390057
1,0.08797375534083554,0.028540922589506836,0.07100811793478068,0.12387903932133608
2,0.07250034217025747,0.07248806977028233,0.07689324902574571,0.047217968938280855
3,0.07968765482709443,0.07154563401294921,0.10480645858175366,0.12476280992747754
1,0.04968891554658217,0.0540888091235539,0.057987619521791114,0.06501307674055137
2,0.07777115723827623,0.05535248661741663,0.048216758794165336,0.09910433823496953
3,0.03713849172359298,0.054721301456105216,0.025653921531699035,0.1006459351448103
1,0.048678650958002306,0.0464525206323615,0.06095482315070966,0.1217132248882418
2,0.12282445667184072,0.027825228324584447,0.06383431597265808,0.11474260980809656
3,0.10056769777745896,0.06723359421725167,0.031788550518305314,0.10608665141274984
1,0.08663493047064193,0.017929409624485956,0.06008171068453555,0.11537038921198675
2,0.09979246651882201,0.06926055509853367,0.04829990194939479,0.08368117582873673
3,0.1054263116427875,0.023159845165443543,0.03509997710005628,0.03965259338257775
1,0.1002694476088386,0.057062185484818825,0.08547652144972143,0.06426970840918049
2,0.08065008942289072,0.027909333731352435,0.03560920215081327,0.10734988449195657
3,0.03445577028827216,0.05915313753184865,0.09035224692862362,0.13172238158820637
1,0.05161497749720584,0.07046119600695112,0.07445431543528576,0.03568023911466761
2,0.06286706158630753,0.052618799577567335,0.06878814028938027,0.10324194066611285
3,0.0962154225279348,0.05408708915889671,0.12117445457080772,0.08309815556076353
1,0.07744887516884874,0.034950223361335436,0.04973483536535406,0.06461229568875412
2,0.08139662848765851,0.058300281720160003,0.07321769686377193,0.045578541944696946
3,0.09723136294741075,0.049721609370281424,0.08777311614277676,0.10253959587553407
1,0.05111578117850158,0.04650821801375808,0.0702015684893398,0.042393991503849815
2,0.13177158126245092,0.01923583204386366,0.061795963133415344,0.0662847607885529
3,0.04419806434977594,0.027610380101819154,0.06964279965738879,0.09492926857705088
1,0.08364090139654298,0.04915988631309293,0.08554475787150874,0.08482356349088811
2,0.06346099293281182,0.0387365836803796,0.08994214308535207,0.10468065645032479
3,0.061720668118463336,0.06398212635016735,0.06427183974181762,0.0971059724544129
1,0.08715806144227901,0.04294646721876075,0.10073976948845598,0.09534402703049036
2,0.07444841625018479,0.04477746460755661,0.07475702695074861,0.0753354143107375
3,0.0742607987210459,0.05272666647673167,0.04571902863219032,0.10202574030950029
1,0.08649941909163932,0.04749286501147355,0.0859675948438016,0.05842975931568882
2,0.14348344846787692,0.06362867969314337,0.07418908973783651,0.05346476849404527
3,0.058264492167941544,0.039894188788607225,0.02987266666980659,0.051418862785282904
1,0.06023069098556129,0.051644110073152324,0.06071588671189647,0.06387467405445663
2,0.08404754944005005,0.05609196489152801,0.039644781783440636,0.06421267653030453
3,0.09009446857336785,0.048890724396516504,0.05025538580167574,0.06767220555827319
1,0.09089279383657899,0.04758623170231977,0.06436950157420487,0.16608067482004926
2,0.08167435170945381,0.06304577233435671,0.12303981087708368,0.04848319110062964
3,0.0579196738858159,0.05744939268350537,0.0831886298338154,0.08541927366724708
1,0.03941315037657649,0.0346715760931877,0.047384784119275956,0.04834441171772699
2,0.0527880495895845,0.0746760274709131,0.09978951583822744,0.04837942129577748
3,0.1171706922889966,0.019254915501279606,0.04910812007343817,0.1473183236788838
1,0.10169306731698169,0.06110872625265814,0.10616037889952608,0.10061508728513907
2,0.043737048366937564,0.03616413556409017,0.0855072568294019,0.09501504363422499
3,0.13194463137337356,0.05834114089708205,0.060484364068500954,0.10498980020538926
1,0.08486033348309202,0.04064850311730828,0.07726753703835994,0.10384734835136127
2,0.09941128696584443,0.06517920773153357,0.08990767779105745,0.05068697876638069
3,0.0626086317828503,0.0478926954811334,0.030231342083674805,0.09511943558282678
1,0.06811653374033128,0.059736561597825026,0.06562220160674127,0.10650782198035925
2,0.09478296417922141,0.03626093601725758,0.07116361785631926,0.11905266698303518
3,0.05645802691968036,0.05559570192103773,0.05360879165219215,0.12030810427302832
1,0.07469381252535578,0.06231696761521031,0.0754549767916058,0.08612851846857918
2,0.08721972848155769,0.07287414627991644,0.10462689309729296,0.0468615514605442
3,0.08390839144396398,0.0511620573328838,0.05250733802557697,0.11969034016804975
1,0.08206739201948757,0.0664679933733838,0.08419463412870022,0.11343065477923756
2,0.05835055129629152,0.05667806441299476,0.07963949739824092,0.09358258742282122
3,0.08073434942219808,0.07004874884997778,0.07740631796448762,0.07928551062705383
1,0.09685967497540272,0.0406570417997954,0.07942790549398868,0.06157131722460625
2,0.06428016052897495,0.029377664053571152,0.14458765942539864,0.0943891737192835
3,0.11170330636203497,0.060018952446336045,0.13624317001596187,0.11266503677809546
1,0.06754733881263535,0.05398195140472526,0.04834503656608842,0.04492619840802114
2,0.07850617295567315,0.06352018724226334,0.041496376091677334,0.08201087814301686
3,0.03273403331757221,0.044024079409446824,0.06125025641537496,0.09315953563921486
1,0.03844268990510186,0.01728455848578605,0.09505631273425778,0.044741326747792735
2,0.07110847701642808,0.041534554846074254,0.09586584274612472,0.09774846877471835
3,0.08895711228171713,0.053081260096412265,0.053191345736674625,0.11803262333652781
1,0.07623151579821477,0.06831437012492585,0.04874793207701972,0.056586512278398136
2,0.0722048874334477,0.08335132421901681,0.0846650410241611,0.072827343354493
3,0.10319045427710127,0.0753989262281505,0.0759130478832859,0.10012851792091072
1,0.04697705776025717,0.05028467518768409,0.05868031904213988,0.060422755320262686
2,0.1498582050788934,0.049659956813776475,0.06456671632017615,0.10098280849695737
3,0.05858056954246769,0.05139402436637791,0.0628436986760664,0.0827130749764977
1,0.10836105405598671,0.06824374019719037,0.07911263369121815,0.07064851957871375
2,0.12111047303942848,0.04647206040817468,0.08515165557361695,0.09550411032706882
3,0.05593867547298274,0.01762691282907495,0.06411643882761006,0.05742880521906803
1,0.04693145033203869,0.05208540154138876,0.08390246431057105,0.13763253331990138
2,0.12094035485114366,0.020203840720344233,0.04370080348598951,0.07165468390548177
3,0.07393029174778777,0.05574516379487163,0.07895029705785625,0.08240776495935509
1,0.07475141167496707,0.05700860018938201,0.06307441200765804,0.05792708165309197
2,0.0551993345930718,0.03927137908142578,0.0550610801659012,0.07779061867252482
3,0.07795281377810895,0.04301728982433756,0.09352139058843048,0.05734596754013696
1,0.06711393129860226,0.045124578294138046,0.08637804348757765,0.06534951667301077
2,0.08095357549573039,0.07057634708021743,0.0473848962195612,0.08508681489919313
3,0.06946276729978494,0.0334099259011672,0.061444202068722406,0.047983657709350515
1,0.09018049372295904,0.06600190182691804,0.09985842049148738,0.12360960701817555
2,0.10956920645643067,0.08856245766300969,0.036258084692055055,0.06547717392227125
3,0.0717325249802757,0.053392980291611034,0.07922726821444967,0.08378840985564795
1,0.08308296217441556,0.08396190784546012,0.045698070127418,0.04075776211753328
2,0.11548387709871277,0.05482252914683394,0.08722527030571973,0.07425738584302724
3,0.07144134302080787,0.05311907568166061,0.13558488469786667,0.1112096709335417
1,0.10671021672334148,0.020664287611444447,0.07876133809160553,0.07096178973195212
2,0.12035864406268393,0.03288752023863521,0.036941334985769764,0.09448778323391285
3,0.09481214451664488,0.029064812123467645,0.06712828427969819,0.05552740726285228
1,0.14364883467526757,0.06888378729129907,0.11864048045981199,0.06641095520195982
2,0.08069829849540523,0.04435537230715023,0.06923542992602921,0.03554409265531863
3,0.06990157193486247,0.09259225514101592,0.06266983845605792,0.07084025791658734
1,0.08396683699004434,0.022010806091577146,0.025823272635283383,0.0654684723216651
2,0.10005025506846876,0.06416399491835657,0.07611161896672873,0.07893845247946614
3,0.13336832730777937,0.04961219765670369,0.06369957705697714,0.06887445986572192
1,0.0656899194010787,0.041920439141074614,0.09858836548698408,0.05037979728286205
2,0.08044635637701365,0.06483147084006499,0.08519601983282728,0.1099436518210298
3,0.10664187416850564,0.06833422202069205,0.04969651332741627,0.04791778483403612
1,0.075702621565599,0.06954167166623958,0.06974571793544727,0.07444317784413582
2,0.06380552386451581,0.0337852998553904,0.07533070068077738,0.0784770673320478
3,0.09941339195627652,0.030213872618500275,0.06932267499087737,0.1143445107002389
1,0.03341010658449949,0.05043889966149162,0.07684872222830469,0.08687138732064678
2,0.08607636027287077,0.08509033366589631,0.07581016452856748,0.12330866058558138
3,0.11533331857298224,0.046924057994426636,0.08150202711818733,0.033073435170057695
1,0.0926161424277148,0.048491297751405926,0.048163819573977334,0.063024151686161
2,0.10791622453777666,0.06416096562125993,0.03620210940048139,0.08250114682683961
3,0.07703179150270625,0.06428294368811655,0.09625620844806912,0.05494026766703697
1,0.09687416843280443,0.03382420047102522,0.04982352793364729,0.035410650317504684
2,0.0971358141630487,0.04466283184999565,0.05934934598577602,0.05890722822190176
3,0.12348050646709074,0.03774976242697683,0.0951485645821766,0.09582029112274452
1,0.11121098178482447,0.03637290563969289,0.03183412127619982,0.1342696333608262
2,0.069310598501281,0.06095199754940908,0.063065191955851,0.10933011379550954
3,0.05899633369473499,0.06210829442230391,0.08939677106342231,0.05423022879564201
1,0.09816319579471997,0.053335672922870475,0.09285657309842413,0.0506406021549156
2,0.08170667889313099,0.02857055740565071,0.05324535597467196,0.09362654368640912
3,0.11160630066977376,0.01540945164501363,0.09055477164151363,0.07708061592871292
1,0.051304279949167475,0.025233041648463263,0.05358104324153634,0.058494397115208444
2,0.1022160942733599,0.052652000027679495,0.09232494075692795,0.08760257073544968
3,0.08640399891067041,0.056153946173669145,0.0651575672122216,0.0833677647741863
1,0.04826771705745134,0.02756513226387474,0.11142585918645492,0.07397093606446033
2,0.07655839992395098,0.06205431436562076,0.04732886918855225,0.1010749961981901
3,0.10240426199271235,0.060001238233774956,0.07832793829747989,0.07036708592775077
1,0.06247180013559139,0.047111653898202606,0.053774423845999696,0.04177942101974369
2,0.08479572175806317,0.022835618692587812,0.07502784584876927,0.1103856417884478
3,0.11539876491744745,0.05481215791755292,0.10435997122083313,0.06809993647344358
1,0.11509142523307195,0.0465605149364274,0.04726062668349951,0.11251464842739355
2,0.06825646378614018,0.024018463950540574,0.049684830352075784,0.09241383406525124
3,0.061726199767775616,0.05501994499183607,0.0784595896480565,0.053642394304620186
1,0.04216579446428037,0.08313814712337933,0.08145103789382918,0.10798180265219127
2,0.07149457256301014,0.06346107621471136,0.09406942445193442,0.04526870356317572
3,0.07639454601228901,0.05365956218496505,0.0673193194037641,0.07999672484532208
1,0.061536078571645884,0.04457128580018601,0.05617315602019896,0.06978712899250505
2,0.10372069502408394,0.031558150700944726,0.026110670114096922,0.051335650330687266
3,0.0843671944229021,0.06042550960193164,0.05377776088364089,0.10071405110857526
1,0.13595646997333735,0.01959351509132494,0.07017365995551487,0.09235997635390188
2,0.0546536823134346,0.03187925340542121,0.08290297733507562,0.059495076234875065
3,0.03315488534690059,0.06064675723934499,0.07071559608098678,0.03643337927957171
1,0.04217946354964853,0.06885928777776354,0.13181605676948752,0.03815934854256648
2,0.13163662611681132,0.05610123178159995,0.06706071578048581,0.10426820950411772
3,0.11631239781081992,0.054874651175215394,0.06702223533254666,0.031244871227634752
1,0.0945852386129512,0.04851406563690699,0.08899232750852268,0.09780124402629405
2,0.08057237757143892,0.02640445551452042,0.07700491903179305,0.0636822614165436
3,0.0775752357046372,0.056530841843769004,0.04519610050137328,0.05257985802498191
1,0.07153056448290018,0.04676867895243589,0.1296791787997994,0.12295799705270355
2,0.05935935901805345,0.044679994442198084,0.0586637132458835,0.10683449249128928
3,0.13090866665015408,0.039443494028708344,0.056998183141872924,0.0703986139003056
1,0.07850836460079286,0.03295295995913915,0.025308611753695517,0.03208074072370767
2,0.09967726446490272,0.03077563339118541,0.1007815388940689,0.06394837945966553
3,0.055443963881050704,0.0482990751156259,0.026971037938819213,0.08017098664804008
1,0.07867673936488113,0.04216122184592137,0.10178473308377564,0.10186932331372872
2,0.0664123217508891,0.02552852310674127,0.06485355703715613,0.10067913231391773
3,0.07781034193777257,0.07319755989743466,0.06430083396806141,0.030520899008526954
1,0.08611285446158491,0.06405775374526712,0.023659503108954316,0.08665076763529393
2,0.03436805068006837,0.044831913062300596,0.07384556908103149,0.11136564661935758
3,0.11030306817285361,0.0703578737688835,0.07104055127778924,0.04772362311258741
1,0.07537843673059304,0.0681669768811417,0.06182453101732112,0.060475721003996466
2,0.10173038519799228,0.03882091555686556,0.0850887170851641,0.10271110316571025
3,0.06527118497288202,0.058782221311628476,0.037367473930294236,0.07958444258708561
1,0.0657333513569428,0.04972516764870832,0.0778537121949528,0.10897715266899183
2,0.10836972410121476,0.05678170414730638,0.07004670729561221,0.04213228613688901
3,0.11245961419080494,0.05270702945669655,0.04581875949218208,0.12036274960738232
1,0.10881266764023644,0.061902065218498115,0.045280483688022816,0.08686013901361542
2,0.09752729312072794,0.03934530075749584,0.09912468988459813,0.0983419711464702
3,0.12329698040804132,0.06232000397171525,0.08698462097339921,0.13320397805583764
1,0.07387645038748984,0.0753431372897033,0.09436759816145465,0.10379523517668296
2,0.14636240425582997,0.08047258620586495,0.08856820135445197,0.07352734858562858
3,0.05793046578513082,0.05883583117985034,0.048567972814377816,0.07937954864138606
1,0.07896241901664129,0.021606986099103213,0.09107087997375878,0.10557124490941128
2,0.08418688015771164,0.05275301740392122,0.072909219267284,0.05241339674000255
3,0.037244887053229474,0.05574412364055539,0.08157904246338125,0.053489064401213565
1,0.10064095514982119,0.0556947299571438,0.05066062476405277,0.08672697425731803
2,0.08782518177485596,0.048721646578561775,0.05417800017984577,0.08200618993694803
3,0.06558951898591552,0.06124608200537547,0.07792597713263273,0.03552224255893485
1,0.03715802490144512,0.03376486058325219,0.06436397664745996,0.09078536458955995
2,0.053978360642222264,0.034039908219223536,0.09245539101641653,0.10630674784205571
3,0.06456823478543121,0.08070850401626478,0.09253070755285257,0.12376017959702909
1,0.10371106739712815,0.06870313582738875,0.0546865220601223,0.08952114976586656
2,0.031238350475841517,0.034503239714030104,0.027885425487531486,0.046333052812821955
3,0.06492701891022933,0.042317950721628826,0.04121207122368557,0.051843591432787745
1,0.0907960998548772,0.05897565182747656,0.034321769618003366,0.07099338238800743
2,0.07221966579809264,0.060583357953968776,0.03050398113619561,0.0652143707045787
3,0.09054570730689177,0.020254762827132036,0.08694589773890955,0.09588056447328484
1,0.11542117531192805,0.042648965342832024,0.08325804121872526,0.13341879661628653
2,0.060073326847537106,0.06983912000043395,0.0659576331478649,0.06679882065821152
3,0.04174548218098289,0.032594092326568354,0.045530692263771794,0.0838874873957884
1,0.09201875377153963,0.06334766976913488,0.06309612800505325,0.07528818992827828
2,0.08682404963002688,0.06113857121865443,0.06663514101850954,0.0995978912276593
3,0.04081970421975543,0.08136739654979513,0.02901456479343744,0.07342500850694492
1,0.09254560041593224,0.07900826245336345,0.026384755707601494,0.052575802792286366
2,0.08077880968501751,0.056079953207074165,0.07309052506828531,0.09213186931513939
3,0.06935881905901999,0.056402897556582315,0.045557481342915145,0.09537436053678995
1,0.07414841803167155,0.05384049907425488,0.03832882761727019,0.06577393276213765
2,0.07786325686555962,0.061377744330898217,0.04293290950972184,0.03157295722888471
3,0.08818507238005852,0.04707490061767759,0.08979852771824079,0.1237055269963328
1,0.05196757652985992,0.049233507434334356,0.022254725392719762,0.07395584451510125
2,0.06469105667877387,0.07682156820025339,0.07259822515991278,0.044415078674594356
3,0.07664450779267805,0.06088097038075217,0.056067105476833815,0.0641469710941879
1,0.0755424751600832,0.0389552127482992,0.1087525040312542,0.09490741976357225
2,0.10341270062482288,0.04921836029259167,0.07464102567860201,0.09368645883953483
3,0.10666732704786616,0.023602508025344863,0.08433486223537766,0.08601929248979188
1,0.08029518153141751,0.07835724823992973,0.08636483082294559,0.03836716222537508
2,0.07816172774548674,0.04067469414461497,0.08082300669949097,0.07065710159858778
3,0.09918921686711828,0.02289923914260984,0.10241165068543517,0.055745744859307375
1,0.07903987185388824,0.050328002752618936,0.06324836007667592,0.03827059098795161
2,0.07443604467448735,0.05859280312870932,0.07215247325157378,0.10739605328176048
3,0.11974960373753135,0.07110453315929627,0.07967858762354864,0.04527390121825542
1,0.05886128410434667,0.051493369450579786,0.062342265036609154,0.10532133907912766
2,0.11408048372051399,0.01809567004468559,0.0989987750659716,0.09577188388696592
3,0.04419100425991248,0.031940102012920385,0.04011436195771667,0.03616881525575246
1,0.06752568889296957,0.06678555399541147,0.08526650801931059,0.06682448976308722
2,0.07397317734887736,0.067957884737758,0.044030591276552206,0.07011361560693025
3,0.04876700695670602,0.06170495235993108,0.051590910857766153,0.04762775751824681
1,0.10046659357311212,0.029103754523087173,0.11459823107068942,0.12511833359350655
2,0.13268589474436154,0.06839015234922219,0.046716200384160605,0.032042048593854025
3,0.06119144611638881,0.04760168919252988,0.09437514787447335,0.0627176457684852
1,0.11778523685940073,0.0768740588016234,0.08286359839981579,0.07468184808630134
2,0.07896900054423665,0.05117339239951959,0.05004316093815494,0.05817006836508644
3,0.033550146917400506,0.037265485919635806,0.04991377566963903,0.08975247041891488
1,0.08505744142139218,0.02832745680126917,0.06864298344674595,0.10937371552161981
2,0.11631275473284872,0.05098560811564268,0.04508112385735144,0.08711707721304186
3,0.08729546108127353,0.060621931119851175,0.09162865376089348,0.12504748869786728
1,0.11331020077137285,0.03665457525302147,0.08860559837081342,0.06978623860852293
2,0.12629796801653537,0.05180671637497695,0.045194347539240676,0.0783073287029869
3,0.10839271759070482,0.053464024790878265,0.10216573046836869,0.06477673316067933
1,0.12320254317393897,0.04692975470727936,0.0642939960507919,0.035185653222371986
2,0.08929023388268409,0.05647161092878265,0.06774237318666247,0.0722407352434534
3,0.07898948221017736,0.027116648649801383,0.047929183452717,0.1160979741526873
1,0.09432928717591828,0.04126670007935854,0.054829601232713486,0.030771631587948996
2,0.07251219034789531,0.045918612248946306,0.1023355511837431,0.06165786510243729
3,0.0961682415492475,0.04229707236668048,0.08453119455731659,0.08809738077298422
1,0.11383917811844349,0.03263472419306984,0.07263921948637038,0.1195399649173875
2,0.10528411522438706,0.05820479649801279,0.1306423977436143,0.11601146703215845
3,0.039625272301091544,0.020414193308688572,0.06703772790147841,0.10113501849377564
1,0.04343065441148056,0.057957774313609406,0.0784618366402469,0.11931632785081428
2,0.12045776381648923,0.04105681927342518,0.05459373496567149,0.06495314048284127
3,0.03635026154327603,0.03443101099016889,0.06481805388835454,0.08934276269629306
1,0.10389161745150932,0.03466491757059994,0.04482334465689588,0.0670125952489431
2,0.08043395489140896,0.055178950639389844,0.03474612623879547,0.09276193314299468
3,0.09400112237259249,0.09131852851094868,0.07460665671842524,0.12696559804410137
1,0.07637413687855604,0.041962554888709216,0.07912573786184114,0.06736669276225521
2,0.10988613500715193,0.06302621581241452,0.07415621348675498,0.05874770305739806
3,0.03927854308187485,0.049575935732175794,0.09690739264947228,0.05054879234745935
1,0.04072758650300672,0.07384156835556846,0.07296130104944691,0.07141685492331558
2,0.12301089746678201,0.047884191391149925,0.06692941731535142,0.033250888602328436
3,0.04791572221164295,0.0481341920465466,0.045964649276820924,0.08420362655100391
1,0.12433972214161162,0.06819250832942594,0.1222380268305498,0.10124875715800744
2,0.10417985171237518,0.0447514596395967,0.07971899992497873,0.11695064081638526
3,0.05913161765051801,0.06715156261887956,0.0803447368983617,0.07885744844994179
1,0.0662642906645461,0.07420167957879492,0.0254336002705396,0.07172744095486633
2,0.06532950053333267,0.050028597749451884,0.07288064358647676,0.1014588422976247
3,0.0793246647914473,0.07872335903180487,0.09212972933775035,0.10582836805738108
1,0.09321118428962183,0.06238646958698327,0.07979012538296171,0.07925982653085029
2,0.07655906289695473,0.031135687053233854,0.07348770006234008,0.12848151644999037
3,0.07781930894689931,0.05667677420345392,0.0549878530407467,0.047873432278250944
1,0.08803451654420541,0.07814993874892631,0.05058643368189292,0.09414793625609678
2,0.06911452755083995,0.044935706772858706,0.08828234879169905,0.11717339850464065
3,0.0747413266329584,0.05974460503696263,0.07549208539367921,0.07667977552846877
1,0.11589515105098656,0.04841292703146411,0.11449944500476084,0.1201241884350874
2,0.07594876467121896,0.0617544744606619,0.0787189309389424,0.08998135060898661
3,0.13398843285939152,0.02228399316303849,0.06600030324677236,0.13520961842416188
1,0.059155478753605,0.04097787592251125,0.09038435557395133,0.11150848147978756
2,0.06597558405162687,0.04331736322701385,0.039990677993509444,0.04021907925777281
3,0.040252720307458474,0.08266999923530144,0.09404048858326342,0.06356054858987559
1,0.11365450815584122,0.03835730166299831,0.10284558692428222,0.052817001440686934
2,0.05790667784516747,0.04551299309298486,0.022265655172647218,0.11048456464873077
3,0.11646922452957738,0.05755882718599778,0.09452932278587858,0.09171756779449175
1,0.06853137102951053,0.04676415083620158,0.0816116924238162,0.05077128628989483
2,0.0641381354122125,0.05390802107827757,0.05827768623941542,0.0913921946903228
3,0.0794404492336779,0.06624741902610219,0.09714000536295307,0.04804616197055189
1,0.05580239963626038,0.03888660243452762,0.07227618030781792,0.051216675031331746
2,0.10227480570120985,0.027431668639636777,0.06683019809084535,0.09113418928724729
3,0.08951081942100438,0.07528425514823206,0.0768620664438205,0.08174676754180779
1,0.053998977840475956,0.05878199390993226,0.06698378208557396,0.09121527546012005
2,0.09796267569388928,0.03693925111012418,0.08909899900895292,0.07066918089781063
3,0.12428706329221499,0.03699989381558261,0.08101380233075053,0.04255177645337121
1,0.08873044336697478,0.025816220018015992,0.07279020590261784,0.1014646619809304
2,0.0811806267466049,0.055480621126412416,0.0717271322065585,0.0911735697330835
3,0.08381944803893421,0.06178200032748876,0.10346577923973715,0.05910265544676478
1,0.10695411047069121,0.0560463864310141,0.07572229705539107,0.06886196936598797
2,0.06676571011640482,0.07374259025669033,0.05928533916149607,0.07000016897141736
3,0.08397868915552746,0.057807987422066415,0.06626082234817789,0.08804373220483555
1,0.06260205470999741,0.05741833749945956,0.06616061057078398,0.10822896352844677
2,0.08316738267786934,0.04750326458325737,0.07076705490508689,0.08932066575502054
3,0.1193844548542026,0.05837716421146063,0.11898083539521936,0.07897260639649477
1,0.12360328880922741,0.033280794945128034,0.11165132631183623,0.04719401408470312
2,0.044052347166680085,0.04484862899134634,0.0681802771624282,0.09913147498313371
3,0.10724227746557224,0.045052811689026376,0.05595844724588071,0.09649718169201497
1,0.07978242311754097,0.0229514660232081,0.054896878320531584,0.09215193099751681
2,0.0783089161002,0.03429842173325781,0.07675201463333364,0.07050589824857578
3,0.047976703248039806,0.04113428939332375,0.0740463370703939,0.07600347656287443
1,0.054413855148901964,0.03874315017534612,0.0916102808403181,0.09083903290807442
2,0.05679251260435743,0.06711347216890234,0.05372651891956251,0.07347482839770429
3,0.1045609872198189,0.019267735659065376,0.09785088188964539,0.0738558325119964
1,0.04771356694331218,0.058016313421634956,0.0839951299376509,0.0763175669670418
2,0.09854016160694112,0.03395773524537417,0.06519051128326325,0.11879735805959299
3,0.05392287897627904,0.022532479387910906,0.05471977114897394,0.09970896368468803
1,0.03736158110216897,0.03093200497180967,0.05240988433258652,0.08962560926150563
2,0.08694296261723468,0.03236336329746464,0.02245293714167603,0.056354010079317146
3,0.05812752747930318,0.04289349523080141,0.04178670428670274,0.060699648728103864
1,0.051279743984992764,0.033514304610193245,0.12480171662733477,0.08702657088663256
2,0.09460358639464547,0.05599308283723603,0.04431917474361038,0.09939691045217694
3,0.05463059805897893,0.030439901107619172,0.04945894134563577,0.04629102378277823
1,0.08812276675834617,0.06758868719325786,0.06679545863733488,0.10290103341481605
2,0.07590478797910971,0.08457016774210521,0.04767011424098391,0.07542011858585579
3,0.048074229602838296,0.059699085507648984,0.06466057556463455,0.09691007392761776
1,0.0896754061861571,0.04555087902213542,0.07155702229594599,0.1213845277117663
2,0.10999405904614014,0.056513881756024564,0.0810111991583237,0.04744160791465978
3,0.08915801325425955,0.07656695078798681,0.08223107786035853,0.07933873435945003
1,0.09502498553528489,0.05978943487907738,0.10252570270457842,0.07372468604142403
2,0.11790064351825433,0.07752078190112434,0.07722462051296398,0.11681796498131017
3,0.031837911739266714,0.05912236052248985,0.020862802144300696,0.10395400921633914
1,0.08055135242213662,0.0348953088488263,0.03503080387451721,0.09830482729050674
2,0.07005739537138231,0.06660424714535262,0.07418352237659546,0.07343838424831613
3,0.0567952253352544,0.03533874096758015,0.05378804484639115,0.14554139928583482
1,0.1157213412493647,0.05172717805911878,0.07706791575566081,0.03284000156977445
2,0.100335361524453,0.06962068642424529,0.07807455591624987,0.1250331320477093
3,0.05822280606583778,0.07110623641935612,0.053593810703696974,0.11396140998288935
1,0.04017339962451855,0.022340064583302694,0.04566876708011765,0.07710822434591642
2,0.10887232894682344,0.04908766868565866,0.027668608920709298,0.12263180797785596
3,0.08561999818021201,0.05631808787475724,0.09403601147317313,0.09401490225435545
1,0.06939676861776253,0.07621660672167531,0.05283148489775187,0.06462841274497336
2,0.08010109728952801,0.07170748315200079,0.05858532972353512,0.08180311097108284
3,0.08212468062859668,0.05315483202253465,0.08811491355192555,0.08090401770388836
1,0.11304375343448095,0.04916070922719767,0.05381474543308653,0.07405451502643165
2,0.03835915909303261,0.04207418528208116,0.056965001365337734,0.06578876221279155
3,0.08476387967243797,0.033507337299130614,0.06655012915931006,0.16816125374060514
1,0.1172016391222842,0.04575167566169639,0.06182647132887285,0.046876720903676956
2,0.06931071168301019,0.05729570757668814,0.03128265635753713,0.08444564445947181
3,0.0694852748494853,0.06729664807817268,0.028122505467995412,0.07251532345031597
1,0.07300258399938517,0.05852571947588865,0.1359011286733704,0.13126872011423985
2,0.064744610044458,0.0516185898454437,0.06660957434695358,0.12871162275941092
3,0.08449306062076302,0.04644102135418648,0.05077559338429707,0.07810449042624787
1,0.08308328994675653,0.06904634628792083,0.06234117690446138,0.11019982185764385
2,0.13240590508568828,0.05040784192018661,0.08330995424913896,0.051113191341953856
3,0.07581178477110954,0.05935265814199954,0.08571266780169937,0.0606025055416725
1,0.06657226529229204,0.04656393872529149,0.10567046324578591,0.10255433232416464
2,0.08579982627970995,0.03273279077228961,0.07959866148821788,0.057136015654391914
3,0.051902220548519895,0.049107391743502246,0.0835250078773234,0.07354242986642086
1,0.0928981148055574,0.05304192194903894,0.08636905181191303,0.13264784182645267
2,0.0964596636295211,0.0831231999247935,0.07505621101681927,0.056138394509516874
3,0.08733065285739323,0.07172667944893389,0.06971302437627493,0.03846868209898209
1,0.0813921185661975,0.030004368465683984,0.05838353488002178,0.06726925258514899
2,0.050840592588032724,0.05405370376202249,0.05868003450947887,0.08724674981216612
3,0.10911403251265624,0.028144886554514123,0.06820481978930461,0.09491237860982632
1,0.10713516893614587,0.036315515856436366,0.08162134807413887,0.11418007351532389
2,0.08376986163870562,0.056362253425633835,0.06353752429875309,0.11886457985704539
3,0.0806422779582434,0.05540036682531639,0.055249520815255214,0.08114931100201485
1,0.1068139619077643,0.057633294195486365,0.05611182726514103,0.12004059719912069
2,0.08552380745671347,0.05461525097025168,0.06110285749705157,0.08745917508641855
3,0.10744505543011955,0.06987142785572378,0.07725341124297799,0.056594295242873814
1,0.05045572253014948,0.05882344516048861,0.07491416537877985,0.0974122715558618
2,0.04330538100565881,0.07259734626121145,0.07099777967824354,0.14736712012883585
3,0.10989259323877938,0.0486554042171246,0.04960272047538493,0.10338212150401627
1,0.03380795395904562,0.043884349940161035,0.022759475238617405,0.046905034621989646
2,0.07020954800631835,0.06617645680551952,0.08105771303913767,0.03381978008380517
3,0.03467747089959192,0.08938474153061374,0.08949127342474375,0.08682145985159709
1,0.07460235314237738,0.03007086114150624,0.12146734628604797,0.08359935579872871
2,0.09263711903487476,0.043833726831565056,0.05086806874414447,0.0973611417739808
3,0.049330481273803295,0.07843346695496221,0.06018533796013556,0.07416660701614139
1,0.04573952778994408,0.07971395565306194,0.06908776953332557,0.04335834231951347
2,0.05993136916285073,0.02402480156480726,0.05607560377720604,0.0888089471735712
3,0.06872001673597003,0.05564875834986131,0.08353053471179092,0.04249444483714626
1,0.09821098120712149,0.032456407254785366,0.06311019108860455,0.06431508495797156
2,0.09730404622370846,0.06165647425252435,0.08488916502702423,0.11146091795532709
3,0.09203236787479126,0.03764366908229346,0.04540136824480505,0.12644307630530555
1,0.09487468449489861,0.04200477318752208,0.11102815138554128,0.10816607075284827
2,0.14539573855820287,0.06701925005086966,0.09494341712708403,0.03206052933417425
3,0.10776120648777605,0.024010542442298843,0.06151498067327582,0.061483244594824404
1,0.04822520755927495,0.050738348995401195,0.04484002730273581,0.037339532804240405
2,0.08519111510207587,0.03361100669739739,0.07156333339284042,0.10014571154384738
3,0.057671439414499516,0.05681391141007127,0.0582299127451422,0.0807833458381229
1,0.07715251910323138,0.05972478347190588,0.05358237521392782,0.08915003841433951
2,0.04664842144102225,0.06781855381434344,0.059205225469407506,0.07967709749103939
3,0.09518939688519046,0.07904547242574692,0.07383158495352732,0.04205847452767127
1,0.10690016205934887,0.02922979960712996,0.08909652007090987,0.07670435760914353
2,0.051320569791394696,0.06775428279155042,0.08804006797294896,0.03743564001261734
3,0.09144433685971103,0.06057421632767782,0.11635839136825954,0.1125502477156479
1,0.050879506408807236,0.04016401385864822,0.09602344045940135,0.05529531276944111
2,0.09724786113377751,0.05242444888053437,0.06124671478603967,0.04506279920190975
3,0.10146555092741735,0.08002123676764472,0.08953735801029836,0.05275081964483373
1,0.07470783333609968,0.0690911422729589,0.049243580862707706,0.09286825201533774
2,0.11926975483427925,0.053982982567739285,0.05718159598100604,0.07986246214781242
3,0.06898574872651796,0.033412880941468895,0.0941523600895796,0.04296066485308864
1,0.06312791907970744,0.019502352746090353,0.08112598552665791,0.0780243295047222
2,0.1448320170696688,0.06707072883848962,0.05165754583582928,0.08167022542382428
3,0.0711107403157285,0.03940507575330069,0.06698546279762031,0.09468800920092119
1,0.07314491134208259,0.059119813240078006,0.06676699439719051,0.0987696541278405
2,0.08964185934532766,0.04066661771727676,0.05759472520923067,0.1326183231500912
3,0.04528396614222826,0.06919784934916556,0.08076293514443961,0.10384856288263608
1,0.060042304207502034,0.0801811282490509,0.0719558104954157,0.07570509570178384
2,0.08306837614300056,0.05584281807478928,0.07498230312165521,0.11553251914913731
3,0.08865493289699597,0.06697188821899538,0.09001578409836607,0.12052569017611975
1,0.060520912918733544,0.0551452694031893,0.06907287396435659,0.04168132299271376
2,0.05818805858481724,0.05556397534401564,0.05062018529825117,0.07498795282406404
3,0.07899588960401485,0.031260084143428235,0.07045975494048354,0.096169178731416
1,0.10327434793808453,0.03421138075907713,0.06968945167657507,0.06343110752667587
2,0.0959610757595541,0.05242292204724858,0.03815505664221418,0.09040435570352341
3,0.09876471650112138,0.05423443741747847,0.04732331194529783,0.09143864091888965
1,0.056268472414947576,0.042563033301148426,0.05685462788489099,0.05584825444048985
2,0.10647810458369653,0.021280376680752198,0.09716239335422434,0.07037135282989099
3,0.057859962251823736,0.026545066446718543,0.10332979535866449,0.1152580520710545
1,0.10971824039282492,0.07660244830844554,0.0430167736790697,0.08847280515067979
2,0.09868935204387451,0.07466880001451892,0.07075837065386333,0.08579051047384911
3,0.11355608038988621,0.06891271356380331,0.09197336073147731,0.03667579813052069
1,0.10161243140303779,0.05726055148640862,0.07484394214473217,0.080375384645276
2,0.06307314754555324,0.04334657853365926,0.04287134578628213,0.06438996945501518
3,0.049041663205933006,0.07982021131278441,0.07013955946020861,0.054234612311325175
1,0.040910243025147404,0.058742232006313046,0.051452035134222356,0.060751621281506824
2,0.04997732002553372,0.06738743439163061,0.09191909850536771,0.07855641635238096
3,0.06209920340403095,0.04388510697596125,0.05586681141070153,0.07064128347854792
1,0.10658556446416106,0.05400800590953601,0.06380873597797683,0.07289350336035542
2,0.10582812188692277,0.04624661171624451,0.07812039056920003,0.10122486015723514
3,0.04659054088795025,0.021728816064726153,0.08218567590395556,0.07226282859279652
1,0.048517480995910744,0.015117927384841197,0.09709246298024216,0.08807898758775241
2,0.10987063945234282,0.062467175898470347,0.10284037423417289,0.11987162155440662
3,0.14531207421345327,0.08710099015657569,0.025104547028656665,0.10169114360066123
1,0.1072113322402844,0.062123271207931346,0.038380315767660475,0.08116427267074952
2,0.07893307823507154,0.06421939298475592,0.08224028908977418,0.06881631106286218
3,0.10208399412291458,0.05311289087958096,0.03806997426259357,0.06867187078607442
1,0.045646964126763404,0.07340762475496758,0.030539020151755865,0.03838252554204619
2,0.0702214863250925,0.07112972030896447,0.07898212242421149,0.12359700680050881
3,0.0828721593671765,0.050766880647686634,0.06398268818815538,0.05830560101120717
1,0.043952612354134134,0.02808255547024132,0.04760561700540843,0.05781475270941261
2,0.06525469653141318,0.0656496431055403,0.03504307711186506,0.0659433119797205
3,0.12559532730032358,0.06019252377481094,0.07843361085694779,0.045905097013974265
1,0.06495284635859548,0.04459005984568916,0.08830602617585756,0.06269367944767033
2,0.041794007537714374,0.06367372274952084,0.05345967465980232,0.09989163590011249
3,0.1533986250639114,0.07737099326650984,0.10583627200791079,0.07304381241166519
1,0.0963982300377192,0.0703909184309019,0.07142767126301117,0.07580470412982926
2,0.09910682859560999,0.04593287301298091,0.0784791983803218,0.07652328370493353
3,0.07718814713902494,0.0590288721927235,0.07544762589669789,0.10221500945494247
1,0.09455147878743782,0.04815356566320067,0.09533694012259339,0.11791242049056118
2,0.031495385739305645,0.04411273019696612,0.041796963314630536,0.06600568360063581
3,0.11784815386303626,0.060785798577993475,0.053621222870515975,0.06124818926596683
1,0.07084731148235068,0.04649977806218401,0.10349510253503147,0.04984714136485814
2,0.07015026745995862,0.05507748864273202,0.053511776517184334,0.07270263899746204
3,0.0626671218842782,0.05944122495130829,0.0612581910813511,0.0814704916326307
1,0.07739037549183202,0.05293798897560925,0.06436782117901671,0.07854853305725726
2,0.04817332030147065,0.06703561634638137,0.10386154476174583,0.12050123881148345
3,0.059935743908022754,0.02154339775579022,0.0876292731753427,0.0666110762145542
1,0.09701582664619142,0.052268794869237446,0.047850168697019815,0.04031611948210992
2,0.061234772860288625,0.038940165641781196,0.08906782115111526,0.05587879434462191
3,0.08475713739547808,0.07796147039133879,0.0669852933935714,0.10357040253800426
1,0.05432750718870441,0.04810204057285275,0.050668283706105904,0.10850710058238983
2,0.118885230999705,0.07811660074724144,0.07166248165775736,0.11812793537939631
3,0.10978994989985538,0.08404225189539972,0.0822271958571679,0.0623702923940301
1,0.053778036412420294,0.06051513240839888,0.03806509693687272,0.07669985384797647
2,0.08944159192914922,0.0484717896746671,0.08590989845934013,0.12255842537926984
3,0.11586116237439995,0.06045143145221169,0.07938590679310069,0.07320503584347698
1,0.04127144384761562,0.047002646987445884,0.08120073366406255,0.09879999721666714
2,0.04876333760841513,0.06687472007529509,0.023159601594525098,0.07849153648804003
3,0.06788790280441212,0.06611590475142946,0.08507966820555775,0.10643181270905688
1,0.05950328524319167,0.03976634311030819,0.1078161745935364,0.08879085539296475
2,0.06865434905688157,0.04863996942826216,0.0752685434068179,0.12137393702174903
3,0.05458804064367488,0.03260857590352344,0.06409065109339122,0.10963840903751755
1,0.11527083378211547,0.0437605618493087,0.06948684567521707,0.071757365789744
2,0.09222703019803473,0.04624487301258438,0.10192726855978645,0.11262978089812145
3,0.07349811089450284,0.05041206634146363,0.11540448412767529,0.12162674755736524
1,0.07476760121443726,0.051019017311610904,0.12227204982200307,0.04611063791764082
2,0.04905503753913955,0.05317668764904858,0.07312459237837865,0.12568113928418856
3,0.08476409042660187,0.028495306439211103,0.07914240959713384,0.08599426979692973
1,0.082540857914488,0.03168944433227443,0.1000560266022307,0.06877050703255934
2,0.03228972650380889,0.050242110885118985,0.11868755690174795,0.07214851467391846
3,0.057828897738617505,0.05491461032724676,0.08402432429466708,0.10689498989206773
1,0.07116189666154095,0.06347054135815544,0.05760114396627165,0.05937940677544622
2,0.032249775612077924,0.04962818145344417,0.05968456022114705,0.07916283413950226
3,0.09181404408323504,0.037185229766083704,0.049984674872906185,0.08533556587331767
1,0.07698761319322597,0.04250828221998787,0.07653353977188944,0.0905146249059892
2,0.05947239936786748,0.05594578706090713,0.08886263315179166,0.05162080008590857
3,0.09222714363688131,0.020063647075186115,0.04842988252465068,0.051621015036567665
1,0.07088366422876952,0.07562403581776225,0.09246944976237345,0.12593117995508393
2,0.08891026967044895,0.07304146835482063,0.09070392525674668,0.1179155604370559
3,0.09236791196809929,0.04557703461672829,0.0929141808184504,0.0988348370070703
1,0.09118274164383258,0.06529631772764373,0.06611833124703151,0.05167495145403482
2,0.09806306689442337,0.05205509093290785,0.040442366434763725,0.08266010175864585
3,0.0447741972453726,0.03236998856669045,0.06918983001399193,0.08947648646777083
1,0.04685744730561573,0.06740615644179426,0.05987937404634421,0.04284426173562099
2,0.11022014981985513,0.07855074731498868,0.057016601079761385,0.06210792981580107
3,0.1325549359216771,0.049992166554840976,0.03571374981121884,0.030957320796409442
1,0.09612826969459162,0.05824369004477594,0.08566844651263451,0.04825138800839659
2,0.08334330223078361,0.07877661479331394,0.056809394041640336,0.11461861461573072
3,0.10515710977409798,0.03152022260444548,0.09430508306893189,0.06410478118531188
1,0.08746521752487181,0.0683631653528108,0.05233183249321639,0.08883822937400533
2,0.0760191445525524,0.04868625661500471,0.05003791247465771,0.0606720477998111
3,0.06777800614971696,0.060551233552498404,0.08659856981230098,0.05020493624014116
1,0.06147970316948938,0.026116190778810243,0.07211434043854806,0.08030747764800662
2,0.06411723977957068,0.05293876594187619,0.08619106721499445,0.07918990804346597
3,0.05038292370872752,0.0382806176755005,0.10446557775180354,0.12489939649428478
1,0.05655649558472581,0.08533894312629074,0.05148555226606126,0.06946276334529114
2,0.08742363367935561,0.05721949870731119,0.05116450858504486,0.11702335945212006
3,0.07203246299521636,0.04363957710651072,0.08640557874616046,0.10113595286522785
1,0.07821937385514563,0.04064785455339345,0.043407419237991594,0.08630634689142011
2,0.11191482454173302,0.07444081545336262,0.08595159797548281,0.08272502594069915
3,0.08386061921671104,0.044460889655791466,0.09449555746852872,0.06799403157215898
1,0.10814871150694932,0.06943812870082958,0.07110354169514708,0.11554881753124407
2,0.05296701814577891,0.0510832881736229,0.09830226075727622,0.10619851764286783
3,0.07419733748170723,0.0464391303164565,0.05450690675309395,0.07003013906907093
1,0.059055045410690926,0.06546957659410432,0.03960903797631118,0.0962233565064306
2,0.11537123903024374,0.03239847575521562,0.05434061252529286,0.06655383491901934
3,0.1293278868069154,0.050641647238463657,0.07214565055966002,0.060097043018097984
1,0.12770041976326182,0.043358814910093635,0.06949683874568105,0.06438643899421621
2,0.060254995929449384,0.07675535860822583,0.052051926513681276,0.09177671998567091
3,0.1341813002254459,0.05056757662516464,0.07051037529083516,0.05599080764048519
1,0.07872361864289062,0.041111111966586567,0.0806312274717547,0.034387216269852576
2,0.05488169004628182,0.039327407174606116,0.0699644118683673,0.06635260933984079
3,0.15466908734393475,0.04911464538724653,0.07819958228984578,0.09262366478349227
1,0.10966641664424026,0.04923031523366627,0.06613589790765383,0.08649268323389592
2,0.08565971264367886,0.05549701364254569,0.09884773159997369,0.08268808292370299
3,0.061311883931547274,0.0341821044171835,0.1070281394439695,0.07508074702020957
1,0.09202457320522173,0.04838261787941261,0.046144479398387936,0.10862402530060097
2,0.08134609499643829,0.05474241653858473,0.1222989620686631,0.06638891568481885
3,0.08891414037565805,0.049233977809416275,0.05417323956699753,0.089412479441429
1,0.07580722437389634,0.06196322597022049,0.07110639621631913,0.14453097933461223
2,0.03878863394067891,0.05430957981019683,0.043174940582474355,0.08838319839793037
3,0.04891540553638352,0.06798746927433079,0.08048347091869644,0.07477861227631093
1,0.07820549552362022,0.023149100718837193,0.0361779375615788,0.08829165396265921
2,0.05167135572383315,0.04247508936726849,0.05055772707907906,0.07025566406172491
3,0.06791140211479318,0.039066239814799175,0.03778787684714867,0.08215136607719895
1,0.03782775942007285,0.017769942409335868,0.03544970765499562,0.08202103623090996
2,0.11545569827036836,0.0355926301936915,0.08356774408278464,0.1206441118298005
3,0.07468145176767971,0.06474465994904749,0.02778941217336548,0.11486595440668253
1,0.04362572811251451,0.04495122936610795,0.06677080964199647,0.08265895410830168
2,0.11839076775325355,0.05341564795376178,0.06437233965332552,0.04360553466683596
3,0.06573936372756276,0.049720506529045826,0.06639517866186403,0.10884270027291021
1,0.0578930182608558,0.049066396476910024,0.03589763586735401,0.08910419449444316
2,0.11208561752910423,0.05797781172023388,0.09747600243726962,0.09205871566827122
3,0.1444029300454766,0.04407432998640869,0.08200186979893911,0.08581985094648865
1,0.07718191676720074,0.05621402224639359,0.04994920135992861,0.07960994019914934
2,0.11810502047632143,0.03932870628443359,0.03478058965901293,0.05552611748506718
3,0.08550053350383767,0.05411820249615787,0.09010573726984444,0.10753791662118037
1,0.11434237884125467,0.05646128177784812,0.05247558274903413,0.08242707898515905
2,0.06296254665450526,0.06417943646884003,0.06702793751405553,0.06175734075358369
3,0.06265935675592509,0.031807130508606105,0.054819001242341445,0.050697837506198926
1,0.07050075136282183,0.04763335033926696,0.03143855414951461,0.05646493932911084
2,0.056976668445490014,0.07188146336086892,0.05270107108016535,0.08891825638100298
3,0.09854705681799528,0.03477990823565949,0.037091958740098255,0.15101995380205252
1,0.07880856571776378,0.059895492634818595,0.10558277093028823,0.09394504121440261
2,0.07466806302318735,0.015315944204620555,0.07977526688140396,0.05496418670840997
3,0.07177380244119384,0.07958168638813293,0.07750879155403179,0.11967746725455945
1,0.08813495325467832,0.06857047999819416,0.08167512968695174,0.12073251131815714
2,0.05991940454801839,0.04464350951831893,0.05326696989192574,0.08494226180776358
3,0.03600294679759943,0.03825105437014084,0.06269084855065168,0.1014914059301632
1,0.06224883514277493,0.07242984358505702,0.06600290204050291,0.1185058179362217
2,0.10068761044217475,0.10183400060111666,0.1063397248370421,0.07034340553372302
3,0.07230635517465885,0.06553283966721381,0.062385751164688405,0.07279909392878153
1,0.06401543466890577,0.033154109042127705,0.06405645559170875,0.05613665342165454
2,0.09370252645893479,0.05227466260351179,0.07711095097500778,0.05046510191451492
3,0.07364376658066911,0.07630980114396724,0.10840629789303471,0.06849899574090525
1,0.06179722970861369,0.0547665667418261,0.11153265075501452,0.06619593667618054
2,0.08939116692572696,0.05145734665038055,0.13280693463493032,0.0831259260483697
3,0.09843600947791176,0.033296992740559306,0.03347508142380232,0.09940535015669044
1,0.07982602114885984,0.04002761735494764,0.07307214032302614,0.07825384351139937
2,0.039656233341752806,0.05110367907906364,0.09335638712674811,0.03441698761114348
3,0.11444722910708253,0.04184492536974091,0.08369090896699252,0.07787210202719512
1,0.03025872380236031,0.07872210582169567,0.041233374088464635,0.11502517294620804
2,0.06580512243371947,0.06439363885061997,0.0813244485944766,0.04357127912183479
3,0.05255188247519764,0.03829168493103735,0.05803724561592587,0.046033148589340184
1,0.08303223571578966,0.057539675851835115,0.07942074342813182,0.058809338530889044
2,0.06146085066774684,0.04237979557764884,0.06844033699118467,0.04758397619271246
3,0.0910637960358224,0.06643895064301444,0.06694036359173625,0.11871161710408562
1,0.08862503491692397,0.04650184206654873,0.07170622275419854,0.10894295315390631
2,0.03550619809007245,0.03601281912232712,0.07200075220497498,0.062434683201591
3,0.08318517550404202,0.03506972674567351,0.0958008254344979,0.049277713534811377
1,0.11072151781172994,0.06041672304311915,0.04613574918291518,0.053902984644054124
2,0.09780124604577715,0.03685461482674482,0.05138411821009789,0.06916371796729467
3,0.06003992473497437,0.07332929649810195,0.08550495282294078,0.05722179882897853
1,0.11419133064927622,0.06085854958767936,0.08795220416646804,0.051151971986688916
2,0.06766185539820085,0.025412823326089948,0.05070594524140955,0.064537204622101
3,0.12216319843305955,0.06296527213379598,0.0542914658131317,0.06841632354596985
1,0.07099943937920732,0.05779772106472535,0.035446868072469814,0.07652823598263449
2,0.037102497324223584,0.036155950076495434,0.0657458458349772,0.11902872453053101
3,0.05879632736267444,0.027201250209006527,0.07691536297491897,0.03811041577671801
1,0.05738957109766212,0.04423104650101428,0.07070082882380317,0.09377998622353187
2,0.1032233964504134,0.04854729600850785,0.075112877029223,0.12591705505668682
3,0.06471549626028429,0.05141285142607695,0.07110709070442575,0.13588096938415534
1,0.05364540667861816,0.05759543648295937,0.06359820480088921,0.09101520694119467
2,0.08465524650303695,0.07483777535492235,0.06088197336548691,0.10907952715650324
3,0.06291234741125355,0.04171412223150325,0.052655604499035155,0.08471067477185437
1,0.0842536240690189,0.06521815096339242,0.12745093552547243,0.09685189756803327
2,0.08762402995570977,0.04835047311114662,0.02224823513692871,0.07974139372948877
3,0.05357737204254806,0.03147333399326016,0.08915649718500909,0.1039430467325444
1,0.08484632680033832,0.07051988430410815,0.11269782726096023,0.07953838357957298
2,0.07153057947385431,0.020133297175581637,0.06550721253035904,0.07503824890526768
3,0.0710697006232516,0.03276337038814808,0.09647471416204775,0.049686829080973896
1,0.056642974326770526,0.015550201600211595,0.08611688338536631,0.11035300273475834
2,0.04916744433316192,0.05019188035595258,0.11639170473579787,0.06455922252460683
3,0.03696732331333513,0.06474504734271422,0.06159077338321952,0.07014923520098124
1,0.07884671872739589,0.057459805031019044,0.1027486895176567,0.05538923452619915
2,0.08239905770551706,0.060152842208878524,0.08047826190958335,0.1002631340394169
3,0.08174742914072594,0.0472247081244254,0.10357443873510969,0.0741857987913164
1,0.06687058020780959,0.036203012024900644,0.05142726963737875,0.11185392411718162
2,0.09489901889983726,0.030327402975547566,0.0798053617186928,0.09273249738442454
3,0.10365672631832634,0.03497319566484178,0.09334763348951283,0.08518492958271318
1,0.10848270621631873,0.08073662129844683,0.06701960341977742,0.08506904462140252
2,0.0893283229891462,0.08565329785367005,0.05017016130293238,0.06900117317046223
3,0.08613192180052008,0.02157335797855893,0.09526744282283273,0.061105473232584556
1,0.10187540509949668,0.07390291661510827,0.053173890197393964,0.11048443627708471
2,0.09576140263027605,0.05143508441023565,0.064719093058427,0.07852781074521407
3,0.041611752016671506,0.05519799286880212,0.05313175256292954,0.09357494258457534
1,0.11206670130729238,0.08342221940329539,0.028354031653281223,0.16529155153480218
2,0.05997904611627597,0.04849955644846696,0.05919014636449786,0.1261302613275474
3,0.06527333721153976,0.07621125551344494,0.0860221881799302,0.08934648615212024
1,0.06446019979962266,0.03245480031399142,0.06496509548969394,0.12193805094088352
2,0.07523160405182826,0.021798371201099977,0.09209829843406989,0.07658419625568258
3,0.08436159864975187,0.04890269039552343,0.052104652496332574,0.0610486239205652
1,0.10453161183608214,0.07222241916675592,0.04436897882202194,0.1188493824941886
2,0.08716060394079574,0.05113121695722991,0.06800450532593598,0.07129464240463647
3,0.09233400182210741,0.05628587688085782,0.1056805441672714,0.057764807656637635
1,0.06953617508954794,0.08143343721809032,0.07156430990952259,0.09102497151845788
2,0.11677677237266909,0.04100583216091644,0.06617589533311229,0.1109159134227862
3,0.11608762008109079,0.05910075146684437,0.09460398785922339,0.03275139137282297
1,0.10010380562106888,0.06628820197617759,0.07136539178640508,0.06870877944108066
2,0.08659286111146551,0.05624125292482361,0.03506101812345317,0.06544265325915828
3,0.05582514819956004,0.03906685260050108,0.061957695678665325,0.05511299779552693
1,0.1156892777396176,0.04254012896083345,0.10379047654029186,0.09374111044033209
2,0.057771134204245074,0.07742445013508999,0.038953485740547904,0.04847029032745127
3,0.043235149732489785,0.04407420023789777,0.06387748132351843,0.06890590505144936
1,0.1035304311788977,0.06171668990256055,0.09098609396225336,0.08604812914172687
2,0.08011183655922333,0.055643431100688555,0.07279638808491809,0.10464608432991619
3,0.043732761319732034,0.03271440144020864,0.06997745197177514,0.08624480523297604
1,0.04889668026049258,0.04982033952522504,0.09495565256307958,0.07244051397993788
2,0.07462943504676511,0.058770191805871216,0.06285455369225766,0.08110657244413486
3,0.03699621836035296,0.05921728190564954,0.08919302851871554,0.1060751172777057
1,0.08701590227794306,0.07299331797086185,0.04520698556607755,0.03556483559657613
2,0.06546059555979246,0.038060985034416205,0.09311405397423883,0.06232615476432014
3,0.10420024540557707,0.03829565425428595,0.08746472289913045,0.09922278303323273
1,0.07694837949261217,0.04249713545369636,0.07341543703663703,0.09725185947346682
2,0.07644500065718754,0.06148116313752046,0.08999769323262329,0.0761578164777823
3,0.06527553757904592,0.03901220603540695,0.07376210324624263,0.1048056346756159
1,0.05681644454712917,0.04495651698957398,0.06406973346329038,0.07119196441680761
2,0.07228406754532869,0.028086196462374098,0.1035731940534112,0.1480181624320377
3,0.09464900404771263,0.06274155727836588,0.10375540884604115,0.043326030387650726
1,0.11760288052031656,0.052143665171269275,0.08282370404876956,0.11099577392170022
2,0.09402621412105616,0.07303336305872161,0.09744285783515058,0.050641758701621735
3,0.09203108105746682,0.041505420649846955,0.06574131486127381,0.09707397088342104
1,0.0948006910641645,0.060353590894686136,0.06967219785347978,0.07455596076128689
2,0.09214506442457841,0.08026047637317275,0.04291881414907358,0.08472482819221898
3,0.06625706155837384,0.054979490735823394,0.07395938401320737,0.03376365536876289
1,0.11587098767038509,0.0436507767628795,0.08131804197443519,0.07987985301865748
2,0.07322178927994838,0.07276057583461014,0.07002881598105729,0.061572599593772495
3,0.06499534483430007,0.04748495365914276,0.08423232305629094,0.07225480840126784
1,0.03606685990743356,0.06391891762779879,0.05978094960714062,0.0626642823523327
2,0.09601990847807555,0.023092221205527872,0.1035503507791676,0.10891827697477706
3,0.06231160739603231,0.04655866254661036,0.1178984696797536,0.11513251226966781
1,0.04673534991976388,0.06899064043911952,0.06316976075687655,0.12620873624275344
2,0.11040374743495758,0.020252324365096094,0.07717413142880843,0.03903542841193386
3,0.08082644499159229,0.06561822288360167,0.1044054860850801,0.10360100925125897
1,0.10440522448958292,0.04074358096828283,0.11294457541202597,0.08668105865656749
2,0.08041957431238353,0.05815088791664613,0.08867374201405939,0.044559591018597335
3,0.12008193947698298,0.05889222700885864,0.03304960568624828,0.08966206365620667
1,0.058739096667236784,0.020385527475901045,0.04749797168577048,0.08797750141126234
2,0.06620559744347712,0.042249788421441795,0.08530259145414824,0.0843694471344691
3,0.10173332021767965,0.06732545245022743,0.02924637506537614,0.057510870417253196
1,0.09098422812288601,0.056386786819003575,0.06063517013471412,0.08729708546236886
2,0.10275790323536055,0.05241705748277308,0.09816042317017427,0.11216961154432215
3,0.06850360290314281,0.04911935880174103,0.04771296915490397,0.07459301138903028
1,0.09366287657815049,0.0323276333316737,0.10504745299451204,0.05961425450614506
2,0.041307639068806586,0.06470623257759954,0.06417549714987542,0.037898448854311644
3,0.06194481909410053,0.09760391247760977,0.04521918336902874,0.07838322430496782
1,0.09894240226841147,0.02811677774110117,0.06093321508304843,0.12385303729987975
2,0.09064666730059916,0.03780333607598855,0.06965852529170961,0.07516820036473343
3,0.06688545815113994,0.05354771368725621,0.07687789726199498,0.1130587934264401
1,0.033442265013198164,0.07001448871407025,0.06662537848178879,0.10921690167328708
2,0.11071585208319844,0.05264569245838765,0.11015922466418529,0.033561866615837314
3,0.07684283849822847,0.03840586900489131,0.07517310986049695,0.07932611625079006
1,0.07998063704344176,0.058839589996123126,0.08111995622233609,0.03651933636456472
2,0.06990933042112761,0.02687534565940265,0.09064611421082854,0.08563991780319388
3,0.1398523647653456,0.04114533580613376,0.044011374808322706,0.07804043982094376
1,0.06825891968509847,0.06355791793828347,0.06741406867679282,0.04454100890065494
2,0.031038014850858518,0.07140563193234781,0.08993024660894865,0.08585096822045798
3,0.10093802048666879,0.032934463425199456,0.07564093718663108,0.1418253642385001
1,0.06619524808075924,0.030348100183182656,0.09667599991829566,0.13717072395009328
2,0.05691491723832183,0.02646800679308735,0.038771639588047455,0.07431510979917963
3,0.07339564955990668,0.04722548997790283,0.06466381681164865,0.09358088240097126
1,0.09500268378945059,0.037344813325481514,0.05527162913660362,0.05308720588636627
2,0.07195425394744238,0.034154040433096694,0.1105887074441504,0.05384799041221838
3,0.07738729450222415,0.06059797697417567,0.08139017371297234,0.031933469863720705
1,0.10661745173332253,0.04384799068100021,0.11034282852393551,0.08812747020930094
2,0.06680431016177775,0.020240794754093062,0.048090496766136914,0.10704946676339155
3,0.04385910530202598,0.06823543333188875,0.10973917472941278,0.07047481913103562
1,0.06994684921339704,0.04672032689895806,0.10654359547945211,0.08780157380080338
2,0.05259278528384855,0.038958048762420434,0.08341060080040731,0.050230914321649806
3,0.08578942075761291,0.02571537148962155,0.08839882599832803,0.08150845655114118
1,0.06357635993544697,0.03806130187057157,0.09089061714101113,0.05402316451673728
2,0.053629100136128316,0.035596986251655666,0.07721975220908606,0.06270513888261392
3,0.07503732908912582,0.05233939872497553,0.06616114344975386,0.05361864695193411
1,0.07334655142978663,0.04940249077536277,0.047194036537614406,0.07478537751679419
2,0.04698220256215608,0.037145678050454684,0.07895191780346159,0.14133359966569972
3,0.11142830597892764,0.032086040377144465,0.08685792280026156,0.13713574372623097
1,0.07951062227550058,0.038751162240140205,0.040750675019110436,0.05778668653226961
2,0.08738902965877068,0.03405536095513467,0.11836071811991775,0.0835927096819206
3,0.030853234036079633,0.06990368491354476,0.030025667521796452,0.07255583365898921
1,0.05738981386388674,0.052364895244811006,0.09218959513339683,0.07568012366269976
2,0.07788059252495805,0.07845129814418664,0.10755575252773775,0.09003233790462403
3,0.06447585105219497,0.03304557026670807,0.03839818300645751,0.05024248031677334
1,0.054152751245047384,0.05283925784163694,0.07330092246525723,0.07409332893331984
2,0.04385562685272598,0.07784016385646146,0.050970611323417486,0.08743571037460987
3,0.0534157509412505,0.06510790513630649,0.06357332581901354,0.048503192755997376
1,0.0833425268729572,0.07203501404346949,0.10425020158222381,0.08898818261336501
2,0.06968387106384276,0.04751155466967736,0.07680215605107862,0.11205090987973629
3,0.0871253845018222,0.04653420403091378,0.03013226784989914,0.08466344874460952
1,0.07394953805039689,0.036307441513884306,0.10723672684762321,0.10494963829988148
2,0.11416686127620054,0.030867816864924118,0.02975865541275393,0.10478477412971887
3,0.07428449863112524,0.08881141840211954,0.04604700414964008,0.07485702717170349
1,0.08598371391772601,0.04075342186871349,0.06362531739894457,0.03852149122986369
2,0.08233638635031984,0.08492684522490451,0.10445378355703425,0.08761762129454712
3,0.10639114691245213,0.05704184036079434,0.05760562894704448,0.1484804156702069
1,0.04865048714492823,0.03404516094986042,0.06865911633476866,0.08321963518898576
2,0.0651276460855759,0.06164356741802609,0.05093744073978383,0.0524808190809111
3,0.07486330963219691,0.06331778156411953,0.06976411922006855,0.06454528895457216
1,0.08575744711141439,0.08087991584022508,0.08486024176473753,0.06299763849700203
2,0.033194976277598674,0.02833579845428761,0.03687305728354041,0.06906539554405366
3,0.11360573705807064,0.03612115733624379,0.05307240878016453,0.08775592902617747
1,0.10840296189337556,0.05969548514378802,0.08600388659927218,0.07507352687832071
2,0.06593814450762923,0.03755958740214458,0.0652527000188507,0.09074260826707489
3,0.11079475043191818,0.026821811207780075,0.07595462370896028,0.09666268208475459
1,0.10455014681891386,0.015917203626230142,0.11523085491843768,0.07762043170590878
2,0.1008854894143258,0.047727152635390256,0.09255916550721176,0.10921554920581544
3,0.0797056591578475,0.03482065408177128,0.06904242689462885,0.15223282003896296
1,0.04181542797723489,0.02315900026677424,0.07497031052093034,0.0807387145741366
2,0.08253853653452559,0.045811565993085446,0.06640132887183593,0.08743290366401311
3,0.0354089649753182,0.046214552062138425,0.030791483506716545,0.04814199812416693
1,0.12698875643688448,0.062306414356875534,0.055288308660781736,0.11639785811451706
2,0.06201392169156344,0.02293818410676355,0.07837417836096204,0.0991018876384942
3,0.09663659092733756,0.022537200617778738,0.0909308926270728,0.09912185606423472
1,0.10543321163244021,0.05054929183033213,0.10098053994373753,0.12180237656738568
2,0.07843838630723451,0.0770347076223688,0.07935203088081633,0.04366346524887509
3,0.08933016196094214,0.07917527339773059,0.03223320854439843,0.034149388034751246
1,0.12673431540468988,0.057785339396914326,0.07037073271512795,0.08958266671411165
2,0.08716614801759381,0.0804298388347438,0.05122755312706459,0.12052163405164598
3,0.061957013610135614,0.059859091783929085,0.059618856598429845,0.14014623717779684
1,0.05922355086546774,0.05580569096377989,0.08222098430881837,0.04356190510861679
2,0.10719109971137918,0.06306169796941133,0.07950990335492977,0.07022358642040022
3,0.08311566932986272,0.017681927002486837,0.10038177499163793,0.1046028212238367
1,0.05881517857435634,0.05370993801923753,0.07326101149784785,0.05263448798593312
2,0.08089241952733744,0.07965295211973698,0.10125740186111085,0.10227853703724434
3,0.06239823062510358,0.05035895757287922,0.05668992908547498,0.11073622657400314
1,0.06704835106519792,0.055393118377172174,0.09639158776506783,0.046770990217073614
2,0.11022806841407648,0.06575773466476229,0.06569741126659734,0.09751497199106349
3,0.094008869696112,0.05349265777323103,0.05979761634148793,0.11256563629608766
1,0.11878978621503392,0.051956158043032434,0.09228958154222518,0.03183404200615967
2,0.08620825897118142,0.03872549521963008,0.09497271751075384,0.10696409761076518
3,0.06256725923821378,0.0765127634470508,0.06515768956342947,0.07711428134510169
1,0.08701634449094996,0.057754230297549926,0.09018363678728264,0.0516102226556399
2,0.07987925618420343,0.05359697237485108,0.06983155855379596,0.06619794220581303
3,0.07457079497058632,0.051397258431607036,0.06870621484723594,0.0855559142108755
1,0.06266978575479804,0.036990366559235835,0.02987308736226737,0.08005861719986017
2,0.05504591025972237,0.04487081706146359,0.060810716658637985,0.04970295016340881
3,0.10267070167459406,0.0615914287927034,0.0852851438428984,0.08225869529094954
1,0.10521560713866562,0.04297050292110046,0.051031653962730426,0.10951520152579085
2,0.07374328541157155,0.0800305710550395,0.059473140066234546,0.06389110791938843
3,0.10857895258583337,0.04935946543619044,0.04757553396290416,0.10070672807245247
1,0.08339362029428296,0.05674992781132568,0.05946345570051782,0.05709682643434941
2,0.08818689706958917,0.06733657213844531,0.06075221640518613,0.04491499861300679
3,0.058363658122494555,0.031828526338014515,0.07668118642518905,0.06606219601885038
1,0.07006346845411401,0.059793188890072034,0.09800189741846868,0.05081263866216167
2,0.08822284572612282,0.0388395508910514,0.06684971742705301,0.0427215457641985
3,0.12670852730285131,0.053781586110208494,0.08379087585210501,0.04243373336253162
1,0.057369852652697444,0.06289414479139427,0.07917898214643476,0.036917372028522154
2,0.09432420418216247,0.054969640567960505,0.07861422449981789,0.08767395833952808
3,0.06219276703385941,0.04319753127497537,0.08364056316131827,0.0928239100112754
1,0.060659753098261104,0.05629630947790613,0.09683851643523264,0.09523194132224655
2,0.06913897170309169,0.04848695371274164,0.047834896245080125,0.050984799557944716
3,0.06413271580533546,0.03824099366924005,0.08972003238995924,0.06741528659532536
1,0.057655034069611304,0.062138448839281775,0.05919150281150458,0.11955111703533891
2,0.06387320484153562,0.023454359969742114,0.07404668639761387,0.05150876707307975
3,0.06691966852558001,0.050320400181996294,0.0999591379628944,0.11969368199232817
1,0.03756934622650679,0.042068395942745834,0.07410281126634184,0.0959382839690733
2,0.08615278605681873,0.0182333856801803,0.08011107383079928,0.06638015141702523
3,0.03645512819856459,0.0493884491610642,0.03997907334970699,0.08467380042608331
1,0.04480081570720492,0.047783488539174954,0.12695665002887283,0.11248641914282721
2,0.10578368567529467,0.06306583992179708,0.030661404891301668,0.07217837277546635
3,0.06854873638848294,0.09749637573197317,0.0418349623187142,0.0916025005976622
1,0.06669093148120757,0.02687537444696119,0.09681434797248241,0.0822512971689219
2,0.0852528560321784,0.03754886311950568,0.04569584088959336,0.07961704548962827
3,0.08031219643962052,0.04954241200711249,0.03640148973136249,0.09867235597172601
1,0.10293194737792613,0.047213104367634456,0.05891765132758289,0.04357398229348613
2,0.0659859995235166,0.04404020851439709,0.056824958493444815,0.058848030464429615
3,0.09414726729729012,0.059490839009720894,0.11242465211423269,0.12409907114311719
1,0.1226592536290006,0.05808290964853349,0.06351016589933847,0.11655593034118863
2,0.0327413277834496,0.04966526297286389,0.11275127746076055,0.09377548080124512
3,0.12108189406669886,0.0624596512839693,0.05733292898388159,0.07445406132164384
1,0.12437019472642513,0.03645104411344243,0.04136080649450084,0.05859945807570534
2,0.04144109884274,0.06287936979666375,0.07201691355391757,0.08399560416432594
3,0.07617417048035827,0.052171661844353984,0.027511463095656448,0.08382551451412305
1,0.04296050500082224,0.05290186199481265,0.06355388541241642,0.09440733397360788
2,0.09724712081922843,0.022556533653996853,0.06805188457863218,0.10243399185231702
3,0.05515207283584263,0.04029035764573811,0.07404984515463726,0.08641681218071007
1,0.09856640360391858,0.03879314436151331,0.06249506865420293,0.16840216151518947
2,0.10305247595760365,0.06591962833729673,0.09364075525110857,0.08400240722319215
3,0.04498396338143058,0.055782649754646974,0.09580657929773737,0.1119344159003291
1,0.05533543246373582,0.04291540522536979,0.06832395403971446,0.10093113838326695
2,0.08300230296014566,0.030412640673858786,0.08213640968271237,0.047247752544018695
3,0.1797572329781085,0.02868621397694798,0.057211475956722914,0.09638285008138478
1,0.10312911621712681,0.06249193475398537,0.06923550992551121,0.1008208272551888
2,0.06454789920603626,0.07229885728311561,0.07814399258570467,0.06708836607021978
3,0.11504587004574471,0.0774788943055406,0.06650491600324278,0.09550691476463723
1,0.09857668579332562,0.04175502005524498,0.05048342023668803,0.051960876871633796
2,0.08251553744939026,0.04349927289468908,0.12671102598650327,0.04795081903765419
3,0.10285797205460262,0.05391578500587681,0.06292960380201486,0.09218152561167221
1,0.08325681790757143,0.05034130909101312,0.05918814980774611,0.033197249307720285
2,0.05541926540086053,0.055724965192795246,0.04389217158087787,0.05529740951308432
3,0.08875397203003492,0.03355113212519063,0.04852841199253298,0.040231162268037676
1,0.12093721264871689,0.03065323806752563,0.06830894044296602,0.07039225893972179
2,0.08720071992463338,0.05230729964853588,0.03093472598320128,0.08703444087195855
3,0.10794824657263265,0.019614057386977503,0.053321877098023135,0.10374242934482152
1,0.050077319615946254,0.05901413982711838,0.08710298086309305,0.10836416367428461
2,0.10885683353604501,0.050075717974029606,0.04854915694026907,0.06528838235596392
3,0.07523478047004714,0.0638888719403277,0.06420602274152941,0.06582186675336797
1,0.09052852038322554,0.03223687332354354,0.05847251812453121,0.12391312731805837
2,0.07148225441838024,0.04474502133640581,0.07675446067471968,0.13155335205563984
3,0.0658732667533542,0.039758127162548666,0.05755894911215479,0.11177989211595907
1,0.07361844837346364,0.05191777561962037,0.04023179344858811,0.07359950569716542
2,0.06898898855905425,0.07286997718670642,0.06674077181044932,0.08505165566087303
3,0.09098836324086808,0.04069147186890007,0.11435688023136767,0.13098195351732655
1,0.07187833492597169,0.05618294481472874,0.07819749836437231,0.12629325181899598
2,0.053236792344502494,0.04593251762713872,0.04369937845241682,0.04840326227063722
3,0.03609142423527602,0.039946012572960696,0.06407448509428232,0.08598744650265881
1,0.03389075405019257,0.04571899673105194,0.03228923643423135,0.11389048386594545
2,0.06140517708201486,0.07069923208116384,0.08652705854409301,0.0671550776556611
3,0.03374278327787262,0.02821689248968193,0.06350754513068696,0.06143116130666988
1,0.06860806136825821,0.061162543477919315,0.0527300539525475,0.14910893538422482
2,0.10319545590807831,0.03952393710104622,0.04786354144611053,0.07753327346396831
3,0.08786215689122437,0.06142604165756534,0.10015814274970794,0.12094900345569708
1,0.07568792368766615,0.03506239025706538,0.08879961503968342,0.11980942326503018
2,0.08645623349838069,0.031763408884271746,0.049837131088752304,0.0745054162825372
3,0.0726784460350255,0.06289658310320534,0.09718922619949372,0.08570266951547975
1,0.1189331142401732,0.05208016182606211,0.03845664321758232,0.10316720421059032
2,0.045314402768851646,0.028959398254752557,0.05536956336223337,0.05143037502872477
3,0.09565487478666246,0.036375627477018405,0.10048447582051707,0.07070079329701282
1,0.10345208575250461,0.02250812417862475,0.091388924040139,0.09018505107441399
2,0.08151096914026841,0.04339396891060897,0.05270947317159763,0.08822843656495641
3,0.07968394562773568,0.04672566748979314,0.061267880317478714,0.047826030310308215
1,0.08504510468333043,0.05533773416532788,0.07441068031553942,0.10398739642262975
2,0.12823596514311836,0.05296145320754586,0.04090886881251031,0.11481617954896364
3,0.033640432652544,0.05893228626492218,0.10880682433325702,0.07842479344284353
1,0.08816374903316429,0.05772936526808395,0.09238285911831183,0.05037180897558921
2,0.086636604704778,0.04829748105363965,0.05462013478506528,0.07952327480673235
3,0.11234546719307109,0.06001812190489344,0.09768578259724756,0.08151113746871619
1,0.04853671546958837,0.056784331103571443,0.03381411700848148,0.053025851185953904
2,0.08657762411871929,0.05755507108240997,0.09162228549762903,0.06949440839975002
3,0.04963648965214485,0.034728628207720914,0.10228842722228601,0.10236517039910555
1,0.12980719324004947,0.048263010731707065,0.07231527486001024,0.03276062628591733
2,0.10722447041093006,0.0440837766606158,0.07839815548968851,0.053261847860094136
3,0.12185249006094809,0.034408351666700324,0.10207261708367171,0.08030192180408051
1,0.075137885355102,0.03844278663803558,0.09642886189337019,0.09025272157438255
2,0.04942293049107861,0.054934443561653744,0.06584177190252904,0.059446199480497244
3,0.06879735702542161,0.031432236928691876,0.07581851077403058,0.07801746369513766
1,0.04558746631271638,0.05512738525283736,0.1016861299595141,0.12607918577016525
2,0.1133917768714329,0.06730006015386111,0.05436415839084477,0.11471881322649535
3,0.07002594998150309,0.08554288917170522,0.10961006790215129,0.06108797204169923
1,0.10437646857078069,0.04151559158310116,0.06193519048793975,0.07193155905245407
2,0.08335139755889341,0.039351337830184865,0.06725925826583576,0.08282888310585149
3,0.05185182254866104,0.05807160152533904,0.08771177104272758,0.07305373402821312
1,0.09142604278317482,0.047075028287385134,0.10273348435191096,0.060400957314945165
2,0.10358390927207765,0.07248990907793204,0.044616573392671735,0.11121123479505338
3,0.10124272284930456,0.028853196210431382,0.03362649215113015,0.07479105130820622
1,0.11665179250289699,0.04586443621442812,0.06697637446952191,0.06616730089729345
2,0.06837430750076805,0.05430755082361204,0.08239348127065352,0.058648025010068036
3,0.04618528896504185,0.047738520620758305,0.08298098784259637,0.08655669630973697
1,0.08871872112434694,0.02348056126339021,0.06114521527575909,0.05749442723642635
2,0.09628007136476951,0.06489708806120736,0.025953729773316156,0.10066699731192034
3,0.07691054894139693,0.0314814749768934,0.15035010186752357,0.06959568920329538
1,0.03754032841669974,0.03839201786364457,0.09785507288327802,0.1056407816452325
2,0.07500762746323754,0.033187743492711835,0.06945541834296616,0.09013068712335857
3,0.04628325301418013,0.05642157483707125,0.11572737387080013,0.12155422151141913
1,0.036565954900887855,0.05847201344187737,0.06981586133770908,0.09411157879976986
2,0.08514070422285733,0.042116057606646246,0.05800181642239806,0.08292746789436449
3,0.08132830970825496,0.04171806395126836,0.06838359028277075,0.10906095248982059
1,0.09870533602879646,0.08079418890212142,0.04759199003801573,0.08538509055190609
2,0.0715806297793724,0.05274651755057638,0.05477471902873425,0.0387379421380096
3,0.082008805377998,0.05844411769562504,0.040528657964523845,0.07741334690347819
1,0.07273390910945185,0.07849327910951057,0.06694278811224602,0.1181372290141888
2,0.1058392554476442,0.03668281243386668,0.03160627477971474,0.11940670930172362
3,0.10418088670288296,0.08040079109843198,0.0873401743731313,0.10222171175251665
1,0.11250324962512855,0.03798913853821744,0.06798215892354563,0.10834058689937424
2,0.05297533860216909,0.03145862144904791,0.07864796856266563,0.1485104923447395
3,0.12516014551640398,0.050633054866337124,0.059392787828914745,0.08642016297599195
1,0.04322979895756729,0.0427908367713753,0.09319707025633014,0.14223198132065665
2,0.06961531001025921,0.057192243519808256,0.10331064832470518,0.10590972290990247
3,0.08787753388130737,0.05369225934028012,0.08091260550841398,0.09604121607331403
1,0.1149170963229277,0.023972349276610228,0.03336634779992482,0.10084818792995733
2,0.07325288727198583,0.06181432750557322,0.09860783794784113,0.14070194634195995
3,0.0544349305601989,0.06462512938428953,0.09601884689853943,0.07247507064487625
1,0.11659710747344472,0.05260945828640833,0.06696976374724564,0.08709838503646147
2,0.08467033121579946,0.05218915609142505,0.09306766899442157,0.10411118382204919
3,0.044630865025558686,0.055715328217332834,0.06664523322439474,0.10597698549589106
1,0.08616204003642633,0.04348288474392624,0.12752113757888356,0.11076460320382533
2,0.08967962209344685,0.029969435697422313,0.11034925785096644,0.08173856761893722
3,0.07906893698838713,0.043573636529876815,0.06449215613423764,0.05529255300932485
1,0.12450727681949042,0.07150671808327086,0.086351067359976,0.08494804907905242
2,0.1481833652258308,0.024484724126154413,0.1304979084469519,0.08270432202809083
3,0.10930400190265889,0.032567347788250905,0.09502147430735461,0.0781524488916107
1,0.06376001652954585,0.061026042908017664,0.03864830438034681,0.10233015924192367
2,0.08096529792723421,0.10605465084007364,0.09578170941466439,0.11628301456945664
3,0.08252186134540739,0.08322489821812225,0.0940432810262335,0.05365705577185202
1,0.09088341842118344,0.046275090079961646,0.028982198461953206,0.06380427440093421
2,0.06487590936079296,0.0699728550784704,0.11059909196685148,0.07509250929084715
3,0.03506519100664508,0.0483587062824282,0.07500852764792774,0.07876274067530782
1,0.08203898333508526,0.05364792521628657,0.08973082708072698,0.07260511913043662
2,0.06526068664616683,0.06314970861521642,0.06355794483963184,0.11258270219079243
3,0.0672137726783995,0.030527709993679684,0.09043715960381447,0.051242663203687755
1,0.11727763614293638,0.07639094577464126,0.08765003191013333,0.07214067158411186
2,0.10134543256803978,0.059047411722051024,0.06014765379546315,0.08573809586654813
3,0.07839087979723776,0.060596004280146686,0.040152240134649984,0.1062281050053906
1,0.06363886701769653,0.06654015169575643,0.08592443097920408,0.05454454753221551
2,0.07043541665618656,0.07592796255384707,0.03327448829662494,0.06071408983732446
3,0.0998003822046625,0.047633720319062434,0.10896067639697872,0.10448969321347001
1,0.11837273315175156,0.04539276907544078,0.03572350180235239,0.044288537301051964
2,0.10023854504416156,0.04485188498960867,0.043977932627180055,0.07275163136773188
3,0.1237206257627801,0.025355362748271514,0.09777041189003159,0.04269936514624271
1,0.04691354925648223,0.0892491275296709,0.09944082464652777,0.06403386492371357
2,0.07545247058788318,0.03881911817968932,0.03463281846792655,0.0645599040215863
3,0.04666123075612364,0.029882040989215108,0.10368360953098428,0.09869404057263696
1,0.06529878351808385,0.04339626417193544,0.11171297575554079,0.0983449017624923
2,0.0366514917888559,0.04842303190383446,0.09549574915493636,0.08521032282775133
3,0.11937176376484032,0.041065048909230926,0.07839565943486829,0.10657069127444277
1,0.059448719125685195,0.03386619298148327,0.08042383568036869,0.10147740514746102
2,0.106297332387207,0.02965617836573477,0.07893437590461894,0.055584421289865245
3,0.09924015588208901,0.0497895828955998,0.06381566767555526,0.07162149568133556
1,0.10345020149552378,0.06068095238853104,0.04117211238181502,0.03483874536988202
2,0.05419776234021802,0.06083505731389076,0.0844808576853838,0.08087700463499801
3,0.1241307965351924,0.06253275354696847,0.05050720651929093,0.10062570238449095
1,0.0660578170734009,0.04286353154923254,0.06118328458977994,0.08931137869892024
2,0.09491704528443162,0.03535621157693879,0.057228194487418844,0.07424522697883507
3,0.07602609253302,0.04390480481647229,0.07448771391946477,0.12629604836634847
1,0.0679652304683236,0.04548209653802136,0.0672267622867404,0.07733474953568448
2,0.08788769914046092,0.05883030838769044,0.06811900957526104,0.0536048308833974
3,0.08423254700510159,0.04965971627807878,0.059336265517250665,0.079774936807918
1,0.045531025308337546,0.03976225653426387,0.07481784236008544,0.0455720826810282
2,0.09684401818727412,0.027342542746373467,0.07222863832533508,0.1162305983704097
3,0.06500405721295201,0.09340700997007345,0.054393705397872666,0.10759004550443933
1,0.10479656572577165,0.04669335162522951,0.06886083697769922,0.090063738999016
2,0.06303240303355366,0.08294653833546986,0.06845242051519203,0.08173798265608676
3,0.08690559484264002,0.053684633694208554,0.043315492096916014,0.09687245836133078
1,0.1436696241614821,0.06846487869260902,0.036552301163634095,0.11655534502315579
2,0.08088200452991193,0.05536136401443372,0.09661992217263625,0.05187409187569979
3,0.08092035559037875,0.04266715138106278,0.0833334060571985,0.06089401478274994
1,0.13424196882745093,0.051988901167063166,0.10377474752480823,0.08360905448586058
2,0.05272121650387789,0.06196464992067366,0.07468211202678872,0.0957476736394614
3,0.06304202680179136,0.047844972565924175,0.11096551716441078,0.08707362232459195
1,0.06496084566421718,0.0646652683451059,0.0448872794605823,0.09944444595171016
2,0.06939893630784583,0.08266629512534765,0.13231134856834925,0.07514140330027579
3,0.06646679231573845,0.04315914818184406,0.0983885209847621,0.06989685847914849
1,0.07367333349836047,0.03229302682999523,0.0710009291696114,0.11450130818549502
2,0.08602893919617809,0.07667273323714283,0.09003119625462118,0.05935472498956726
3,0.04043909115688647,0.06868836557646912,0.07492096101254249,0.08421793735491218
1,0.04852568039137884,0.04974243285593647,0.06216190941872578,0.13173435422957303
2,0.03773264759610147,0.027030735280129024,0.08740958169424824,0.0709892538018998
3,0.08959003785921008,0.0699556754923849,0.07803045637226359,0.04170869426542323
1,0.05935739291574085,0.051642012747399824,0.09327534262269807,0.08106733696294142
2,0.04590215442127482,0.08087549641981671,0.06886448882868486,0.1206419300450192
3,0.06071673779359123,0.055207329488390494,0.07234508373721642,0.08159119744673221
1,0.08025645218394144,0.03862173673636771,0.09430832526913743,0.06060653381216583
2,0.09150964502339237,0.049658075649644105,0.06731621449318759,0.0992372286801537
3,0.08905884032739497,0.05742551783777551,0.08680253226943098,0.09399462479478378
1,0.09902482338944327,0.022454223248076062,0.09666187217329926,0.12885108231473677
2,0.07062660861321168,0.054996560638553973,0.09047775172357109,0.11413848487286762
3,0.07033935578859687,0.06593357906034401,0.06860132959673515,0.11000521586792136
1,0.0819671255831909,0.05654575545630285,0.03397697810972861,0.1293496441104844
2,0.08189885421584063,0.04595675431658616,0.07194682632655046,0.12297721338677067
3,0.10141125235167461,0.059291007278940745,0.04331317469913215,0.12425059632548109
1,0.10161457681900449,0.04258527389209906,0.07399817530559419,0.11453688921576462
2,0.049824328772111084,0.0557282806139881,0.09032560930858938,0.08539287778233424
3,0.044273894838070524,0.07146358996394478,0.08247378957433432,0.09793067506539443
1,0.094221174123368,0.07288790831613433,0.07503345443687817,0.06277351515049856
2,0.13664343762111103,0.05431955724177197,0.02533921810217099,0.10956287173263254
3,0.12474875067340824,0.0692822932977133,0.06313996364925756,0.10700542586500188
1,0.07104116601135219,0.07204596701315924,0.0519074998683446,0.0733548948039262
2,0.06331443283118116,0.03930514752387042,0.027651431478246086,0.0534329079858928
3,0.05776549236106837,0.04780398520987293,0.08251646022902756,0.09295812284044118
1,0.1154827500391361,0.04955853736668325,0.05322420568732282,0.048387738524440255
2,0.0739395733469017,0.07070622542988383,0.0642202353590074,0.059266250169617424
3,0.07957651448106048,0.04494505536337794,0.08594289385738262,0.07979756446032986
1,0.09879398697341667,0.06436876418618254,0.07136158136291303,0.09058681146312698
2,0.10275579439411761,0.05633164376397881,0.06108299513999994,0.09791654178359717
3,0.0839049924943901,0.021646513920173378,0.07878045864267912,0.11118351830065035
1,0.0779462092640576,0.05801682835534617,0.03426014274557706,0.07128886345957348
2,0.05323483805305908,0.03565582127283837,0.0525834752177677,0.07587479411795728
3,0.09170301522270027,0.051091456659187504,0.05859663729966262,0.038965440110693354
1,0.10036613656312778,0.016009416569547484,0.09361889781649499,0.12274196077916884
2,0.061422157817021775,0.059757736942990795,0.03861002281402052,0.0517074206811956
3,0.09624262842980845,0.05548960763396808,0.09999896864652077,0.10391614299253277
1,0.11977269499342816,0.0712775744453721,0.09660191614502818,0.09517708807192654
2,0.08314658996553415,0.04347279844932637,0.04899320740946155,0.09415021749477454
3,0.0816027998043702,0.0685860977239716,0.07526207841691475,0.13192756278307005
1,0.09015415258699673,0.046592957569814665,0.08321699868026787,0.06631755043627874
2,0.11381332685498514,0.03561105319352633,0.09682447767331194,0.10334084209976313
3,0.13071464811236239,0.04445346990017481,0.05164599955208121,0.0670109520918139
1,0.13239666727524632,0.05747167868318497,0.06128183167919808,0.06923116072490476
2,0.10165522720018393,0.02094581836947096,0.04963418433264287,0.10495305267122859
3,0.09637700584009568,0.04850599816602638,0.06296428739993375,0.08618539794962538
1,0.06320106943276207,0.10021163434477531,0.06185186219752899,0.03909133595213981
2,0.11589550946631494,0.01757942858159736,0.05207948821437669,0.06385225452414951
3,0.07494834191565031,0.047780860837769404,0.0666916622590792,0.09443652363752675
1,0.07724438406047354,0.015893380257083277,0.06819919805260441,0.0577370210673197
2,0.0675878800825255,0.05491463361713128,0.06404013882265364,0.043836215473182887
3,0.06500253994364572,0.0596033526152213,0.07126979092180638,0.11101676606177537
1,0.05527959944785617,0.030196438753187983,0.05293177286197881,0.0916475674302486
2,0.05743487470016162,0.03316221911304451,0.11073143151102284,0.05306882078519341
3,0.11401042122750063,0.04418439292663616,0.06498035904074584,0.07463643090080115
1,0.0685573115350806,0.057284204153103736,0.05300411269895289,0.07542433676601622
2,0.10330102664102547,0.03424366973469169,0.056572314250286866,0.04796234205159959
3,0.0872548105799075,0.052853695442451706,0.06930569827463155,0.1390545030351389
1,0.09188598253813028,0.02697977906429454,0.07471051842925486,0.12041632169919228
2,0.06632408639502413,0.06310487034064938,0.050796219389889645,0.07893790036324945
3,0.10154405791321247,0.03867393574546513,0.052233018914457405,0.05558633238939348
1,0.09254843967659772,0.05884122333207904,0.09505402988362814,0.08115916963120955
2,0.040541109010845455,0.02543232607983803,0.13833904246972412,0.1287683173184128
3,0.11122153111578097,0.047875605848222355,0.0771758286921157,0.07092305020243385
1,0.0785988978720741,0.057678519210397614,0.026604335302739465,0.10554650918993158
2,0.06891437245105493,0.035851103708589724,0.07835937928307012,0.09266680641508873
3,0.0728221728090033,0.05117545546574573,0.08990045165721938,0.10012687404389602
1,0.08293297593135747,0.0573070638542647,0.05855466230853751,0.06957320529182877
2,0.06958955524352847,0.04848553849386923,0.020200032579969857,0.09118067395354812
3,0.11642406515124085,0.07978205647481948,0.06718783778703184,0.10013588795144425
1,0.06218037705890597,0.03160265615514896,0.0513628929314614,0.0758406570552501
2,0.08420425104327108,0.05976585952806339,0.05094153793613364,0.09032530644180123
3,0.06018186037846128,0.02484491793929964,0.07835514907645882,0.14507081146996845
1,0.11193069387205945,0.05005460248287512,0.06120272042587566,0.09175513446484602
2,0.0775961537059176,0.03917844713496606,0.03615897006235873,0.09694779153542861
3,0.0581780996851571,0.042564808921967394,0.06082950439096119,0.1347853641192579
1,0.04875942409100524,0.045660607761073,0.05325259653851967,0.05326959619905877
2,0.10320210874750498,0.04942219682197351,0.07571946644273393,0.06579274898415867
3,0.11272156074806519,0.06619612545325426,0.09068036393247621,0.07009220312781791
1,0.08446210906278553,0.04784554961762681,0.08330487146619514,0.08284680744245972
2,0.0522221980869038,0.03293951709241233,0.07690507472941668,0.046081754808893365
3,0.057618570708503125,0.035311395163923495,0.03507808202946528,0.060684159222601425
1,0.07822196460763585,0.08089089519165109,0.08097009725550935,0.10227977525377022
2,0.1079855324479403,0.05059511300321074,0.059048630753257315,0.057774226737699344
3,0.10480678024534233,0.06947701514321097,0.050303387771742536,0.11913448566943072
1,0.08708284297367483,0.08436854734493925,0.05584408904681988,0.06949987982644702
2,0.11147894948744691,0.026291069874218337,0.048606398778637976,0.06770971289404365
3,0.03975034571277873,0.06435828356672088,0.07382713206918745,0.0851497827052386
1,0.12426658429309742,0.03280142788131383,0.08773530316103259,0.05136147515236458
2,0.0658636575784278,0.04706714553339099,0.04743704012425175,0.08004450424891667
3,0.07294560670694825,0.07107973283452111,0.09525775788687665,0.07590482452338601
1,0.09989064815327311,0.05900394053880128,0.054670811191867584,0.11972617762336753
2,0.08770249128826414,0.05571819159342433,0.08578998472085778,0.13946838507290904
3,0.11322542358084861,0.0757221483222171,0.07618475505049296,0.07694436128609758
1,0.04659278627945706,0.030722621969602078,0.0631713729718004,0.09100022823408291
2,0.0733955911663894,0.05233711077516423,0.05813780346736187,0.11174770749833948
3,0.09644850583294283,0.05362553137104,0.07741150125046133,0.05101475901882101
1,0.13551383703368433,0.03734816076834879,0.05730487883981611,0.13705004489982994
2,0.045137392661496314,0.042152632264332246,0.02022477489050152,0.08569588888995797
3,0.10597019875913771,0.08965784120605895,0.0954781887677312,0.13191624736712276
1,0.05676278790552383,0.08231059371185749,0.06229620871997914,0.11115035616914887
2,0.08521503308434708,0.037136345872855546,0.09236991583793322,0.07311502202909695
3,0.07551344363328016,0.06765870977463549,0.08099106358323876,0.06348922442004022
1,0.06392903771335448,0.03943320171265512,0.07861493799745495,0.09350358162709911
2,0.09312507058428535,0.04363866099033375,0.07340795431743286,0.06606953523772716
3,0.0541386524015985,0.05973174173120098,0.0689422577753584,0.12891934380506037
1,0.06592020134410582,0.041015662916893486,0.054312839927157686,0.04078132431498078
2,0.09266194512110881,0.043560002214638696,0.06495196498185404,0.05928874355324312
3,0.10508548142621163,0.04017699090475289,0.08347032208038249,0.06909419154210965
1,0.06347021112929571,0.03706372263206073,0.1308915170768568,0.10378498792194078
2,0.06364265334479183,0.02786044364130337,0.03598691258746644,0.03422388764457972
3,0.07827801213370009,0.06782967528107776,0.07919275601656248,0.08098405475507228
1,0.08925376488939178,0.02864923480031668,0.07960747188161733,0.0834142631212714
2,0.09311745537290805,0.030270385522874078,0.05284878943493429,0.08354724869625547
3,0.06242731099273989,0.04143650591655628,0.07344140427909922,0.09167864957710131
1,0.09244020854890354,0.09123604734855764,0.103507396145408,0.06129796809479816
2,0.1358054745240057,0.04926118132130644,0.10161229748194901,0.09454618843791526
3,0.03662989082582281,0.0680450784411189,0.07979362982932942,0.07551505957694284
1,0.1034645534176111,0.054608740905770656,0.0438547121639122,0.09165009328983537
2,0.05318664213845244,0.08867237040995005,0.09060396481715711,0.06755566485838309
3,0.07151584367577475,0.04546114256956541,0.0811345415524279,0.07256386461280608
1,0.04209189219972357,0.07385482446819469,0.05808699626513012,0.10484527696049359
2,0.09088585086525486,0.05531944619913574,0.04537750032516524,0.04310329341209977
3,0.11109340279155105,0.04627679974144513,0.0664082846991524,0.09641348616623714
1,0.05642241754604959,0.0589262503072879,0.05650177306541851,0.13479965400382607
2,0.05216698201934425,0.0542907430256775,0.07966078612796854,0.1325725469616052
3,0.03186107145603939,0.055540347355277214,0.08054185743692757,0.06616829017331421
1,0.03597929669754486,0.07860706140074011,0.09594180991640872,0.10570118562301133
2,0.049270291937509404,0.07772577675163916,0.04243391884262367,0.04211453170959455
3,0.0734270713730485,0.03458230165492218,0.08830672411693122,0.08943976616085336
1,0.12171872952870294,0.04468385525829216,0.07366209145245037,0.08882412447057225
2,0.08376515570711261,0.05788887182600739,0.09734423756163199,0.11963783517971738
3,0.08534393481818182,0.062120194746706464,0.09243730104858507,0.07597647931703276
1,0.05691391718222083,0.030299619611152316,0.06747021822808182,0.09053034546711008
2,0.08928176690588199,0.03440256345014388,0.07684448798548468,0.10276898476109701
3,0.11195750010554631,0.07233694279130869,0.06875750204692407,0.05415683862768635
1,0.045496301473314446,0.02820496797319921,0.0631188108755007,0.08601993577959058
2,0.04298630476055368,0.05135522286041003,0.028930420217085293,0.09489033543480861
3,0.04596683304718446,0.039364824186427644,0.06419530655777142,0.1591063516802412
1,0.07824593845298558,0.028168780291897417,0.05248036117896226,0.08307480471422021
2,0.04023864587483492,0.04680115786058754,0.10633157658879934,0.08086690124493927
3,0.0675427230301279,0.061061792506656366,0.07202222894537755,0.12945419453319457
1,0.059465252061397286,0.0470919018592829,0.059396581120621475,0.035353950503742765
2,0.08150732041703618,0.04624241899889457,0.08056748612692219,0.08872309934070498
3,0.06544838928848683,0.027213329318082295,0.05306290213991842,0.15456369908446133
1,0.0636378309054873,0.041999013892313794,0.09992255920781234,0.08987676135802568
2,0.14568984806447594,0.053142800779287826,0.053215795112204436,0.07248476293169852
3,0.10424115310469374,0.050570522626075476,0.07632145293962117,0.05873054494903236
1,0.0458828236652021,0.01699031503347761,0.06175255314530399,0.09962716722585914
2,0.06214332584228602,0.03881508839319682,0.05944644520425531,0.059427045753064664
3,0.05962436021718627,0.0389533343797726,0.08518154686697424,0.06537658348759179
1,0.06543095674448719,0.028654978583721652,0.07526060061609044,0.07376599596741235
2,0.09750902403006284,0.07197360992815358,0.08657328187970166,0.09435974296055318
3,0.08533816700956907,0.051900713009017836,0.08529564092278266,0.10924305407569121
1,0.05819341776119073,0.01901749960903089,0.0344926202830488,0.05334478198994291
2,0.09548791321312722,0.04786627444134815,0.08994090178880423,0.04406758523995905
3,0.09746790781675578,0.018247163481058322,0.07908648511652303,0.12306295215163329
1,0.10085038980818448,0.06085682125894456,0.0561466495906134,0.09401378934368489
2,0.09390291342425584,0.05195443250322231,0.08508016677490021,0.05738096526154026
3,0.06633545171428797,0.05972945348491637,0.05159823825966321,0.07711647585579413
1,0.04398590738441322,0.03782807803242113,0.03907463812349267,0.08744105383498472
2,0.0950877650309556,0.02653735564644085,0.05648548111834354,0.07297333153856198
3,0.11396641296469666,0.03732638806312412,0.06383875028074247,0.10470707712906052
1,0.086003945442137,0.07319465243468667,0.06076977090003996,0.07900808554519524
2,0.04177084772618317,0.048096055135668,0.040697501324800406,0.05553058307636023
3,0.06493325575590253,0.05083809152086384,0.06955223805451212,0.09160379138517698
1,0.042983104703334885,0.0154153616357742,0.05207043517750434,0.09996240530928063
2,0.06800471113989968,0.04945961324378973,0.10431907701820875,0.09654717531792999
3,0.11332332471075904,0.038571899397366,0.08968128219912125,0.07448969017854151
1,0.09381499981268082,0.07678245162916764,0.08244400391129934,0.07573898923300611
2,0.06063963674171433,0.0513835748306879,0.09970907204801552,0.05836907499739204
3,0.11221772609416542,0.052230874371667096,0.07850044779439894,0.11011841152404173
1,0.09145080328210442,0.03451131580065184,0.07445657951899404,0.07819930695742883
2,0.12208975660347982,0.04815733835640916,0.08410868067197294,0.11064698174002695
3,0.051191908913546774,0.018144375722323795,0.05934370997450011,0.059998638459198464
1,0.03716687115671275,0.04147325683293066,0.07710225355963746,0.09489091935264163
2,0.0908831675583705,0.03231216610745974,0.05463936515147781,0.07301526003868182
3,0.07082775633707286,0.05467062611410245,0.07796621317543288,0.07384602734459425
1,0.1255877214380991,0.0525616556638266,0.03261282132584679,0.11235544642601997
2,0.04654721155732944,0.05071661029703884,0.07784010315367065,0.0992692418370347
3,0.12552231390570168,0.016799572124580046,0.031156181600424812,0.031898602743239975
1,0.051459920040661175,0.03964300553702389,0.05946327820128109,0.04754025987439424
2,0.07427609797995119,0.03494181216647284,0.06863488164030318,0.037104399190181485
3,0.07194332052834002,0.08968547882160408,0.06837323886829952,0.11930221248261716
1,0.09585660668713726,0.05592440901025486,0.07995937742856615,0.06181597316312526
2,0.10539574376185452,0.06126143556729091,0.07683219024285375,0.08100419171373384
3,0.09169267178306743,0.06074130852297744,0.10725118526980659,0.07565562971786645
1,0.07812818166970384,0.036122858440415205,0.0793595373132934,0.07557184954686491
2,0.07648346806804802,0.046610538835840015,0.08428499778084161,0.0776682609498228
3,0.10237678854031895,0.05211735996308565,0.09056440831934275,0.05760751352108296
1,0.07290714146988185,0.053185008194786464,0.06580550831396878,0.1284314820490541
2,0.06461447551087501,0.04548813673417904,0.06905683273956956,0.05476179058016211
3,0.1124941196781982,0.06437985897544479,0.06777881413625868,0.13219982532202118
1,0.06695173140944595,0.019094022527764452,0.11705429720387597,0.13678535647733742
2,0.04344122062566141,0.05431992647845774,0.05865276734912851,0.10500868551829312
3,0.07375960259548689,0.052153660109436076,0.10376567685128314,0.11255916600229117
1,0.08966960003597788,0.08008243563360257,0.09344910348544892,0.04701130214343906
2,0.051899033873018675,0.034005546256169916,0.051212864978082716,0.04946110350519946
3,0.061505152355143505,0.033658724400294604,0.0649778769348322,0.1095288452317846
1,0.11692384171849156,0.09519609298087585,0.06768032528363702,0.06906703329735474
2,0.07380379935691608,0.04841718807591647,0.03921656973183071,0.04581544704849284
3,0.07419633637895431,0.022477178590550227,0.09422159094001628,0.061246634950171505
1,0.04240167964775356,0.08328764401804785,0.07615351859976378,0.07539160586233443
2,0.09182342570138688,0.04336575436982771,0.04308904274638123,0.11338623423105038
3,0.07695344444506823,0.06005447214500612,0.07119152745126642,0.06762597057952134
1,0.06469624383653666,0.03461784121715807,0.04488602218637715,0.037186175704299586
2,0.08954639888710346,0.06101142631616771,0.07061336988767095,0.05254266956168835
3,0.07800274940118875,0.015040404436784775,0.05798976881604974,0.12327634538497605
1,0.11501458692723482,0.04436488095546447,0.1084042916748264,0.07899438573700905
2,0.1019047223066262,0.020731371066644532,0.08824184884811295,0.054425388981944975
3,0.07542435270192184,0.033163792534707595,0.0717289279433278,0.0452821388228801
1,0.072458736990629,0.06254161078691292,0.06934821636604056,0.1237693746048046
2,0.09731580647542429,0.04417809083720179,0.09513670976078467,0.09329171292939453
3,0.048162717361826,0.04383770449955131,0.11525931616375384,0.06472317571466266
1,0.07745301587824405,0.06165209544145986,0.07644653234351446,0.05848566958779473
2,0.06408248777672598,0.045147760005035405,0.06301292158191801,0.13633410453767303
3,0.10405397921541473,0.05714971917264266,0.026947721917446016,0.11124411075953763
1,0.09176766481770117,0.06121548646783954,0.044067581317981386,0.0887955525798339
2,0.063445120126353,0.051762586029891935,0.07870539224938125,0.12376059796493494
3,0.054052460989480154,0.06991661694264455,0.04066489609078399,0.0842372265281998
1,0.08043150215276995,0.04645796142114496,0.062342507875884114,0.04977709772725966
2,0.036870795911617966,0.038898977008397576,0.06280393874024644,0.08081536102678334
3,0.09052755072357613,0.05335762302151054,0.07602842458571474,0.10431683257062285
1,0.04713078110934133,0.05609229872671171,0.08631102277135305,0.11493793429039166
2,0.0683964391829163,0.059763444697916744,0.06131619138037663,0.09867823563538122
3,0.10314684239479373,0.04076306723320884,0.08177907164387455,0.07286768524842276
1,0.08004561889972116,0.0811502438800672,0.06658744832703058,0.11538792235351479
2,0.10100099690991943,0.04778535183620212,0.04829489020396423,0.10491298198539394
3,0.07494887233192604,0.059646205439472647,0.049168845105483514,0.11130021229733715
1,0.09337235831468159,0.06284908233848162,0.06666912810204839,0.0909232846340273
2,0.10989677836487355,0.04897726064922326,0.06713590282820271,0.07127491523388152
3,0.10658559641888601,0.058626032255327615,0.03076902407695179,0.08228760283204238
1,0.07931748196049235,0.04427743042590147,0.06022684631946153,0.05266850164179947
2,0.06940246140839515,0.015567328273271952,0.05952905475910756,0.049794746596305714
3,0.058869892601452235,0.06041084094230959,0.07132123962442781,0.08519172823212155
1,0.09648882543062158,0.0826308269642301,0.09010689913406383,0.08288608938417388
2,0.11142611795827452,0.05378015305139861,0.041159365159194064,0.08124405681668233
3,0.08022157405836244,0.04339144597094987,0.06417249141609781,0.0811643570447476
1,0.07194327166703557,0.06576664432329994,0.04249158605732588,0.10933456748939319
2,0.0898578630219007,0.055129305447394944,0.05576707793026879,0.08705960520213361
3,0.09668196622115677,0.05564245111390715,0.08309800751801519,0.0607309318400691
1,0.0851430443886815,0.07167393686715212,0.07320329419203228,0.08293966077799014
2,0.09429852724050804,0.06193934815608262,0.07705186599611348,0.08649236043894268
3,0.07637049831044349,0.06722827700701946,0.08852014220856327,0.059383415976032555
1,0.04531404402277587,0.0666567907719713,0.08081019362529976,0.06172013787077872
2,0.05702209790908186,0.04366948450309169,0.07694225477070743,0.08439904299128782
3,0.055687021899324465,0.03854063677907876,0.11672511772763614,0.08399214442198755
1,0.059412208990400936,0.05896406001461248,0.06784200214906808,0.08270103766516604
2,0.08402056203063432,0.05503494405357831,0.07122616752315344,0.06303968408034726
3,0.07846987862666478,0.04545495665893309,0.08097156364676557,0.07176481571321111
1,0.07318280106283873,0.06335351898948649,0.06605320289045402,0.06036053432109102
2,0.14095981669011035,0.057459141541401144,0.07656111208829293,0.0627236525309368
3,0.09453733421673575,0.03561964144121173,0.06309916570850335,0.08501976548939846
1,0.09616199327919717,0.05145129990576692,0.10234213288154209,0.04956636963586433
2,0.09813923218101839,0.028349901578043138,0.06413422916004052,0.0628695166588868
3,0.1297623758874095,0.060673205193979944,0.11218690830521517,0.05874954183609318
1,0.08235856776408187,0.0620277686980248,0.07981093123378698,0.10382163538954675
2,0.08662098086476809,0.028401498639332737,0.12126210590829292,0.08899524634276654
3,0.10961271446605886,0.05956035340976548,0.027147167865819583,0.07787513274615561
1,0.05438377660929134,0.0482813295276153,0.07990157000599026,0.05407719488156297
2,0.05437429993337277,0.036950054408321414,0.08328229426550042,0.05184567475551561
3,0.08733895717217362,0.041484333159165186,0.03761295408234162,0.12742354285527638
1,0.07439490682991834,0.06454189805508805,0.1318880958867669,0.07254600231720618
2,0.09248650627087363,0.050027582688742314,0.0710438329134559,0.11355109593872202
3,0.09818648406634536,0.061029093916527416,0.07785418610864833,0.04586767666310596
1,0.07745912544120301,0.04753726478134463,0.09819037308395774,0.10072463155025722
2,0.08056649530378494,0.04427932542671997,0.07831190742703048,0.05797372919100151
3,0.07721689572752838,0.08488736781962616,0.07191280220815853,0.10326504670763852
1,0.1016050666713029,0.021581993203993212,0.08885034305949376,0.11324912664709628
2,0.06380645293318617,0.04826132191845317,0.02999062892599809,0.06810362645986578
3,0.07541221233247462,0.05340126489933584,0.09289456823710557,0.03476035624264541
1,0.06636058826738862,0.044855734157950425,0.06475070135219381,0.0752501328895665
2,0.07828620465644553,0.09282543776697194,0.10269083487664957,0.0625120304190599
3,0.07468071340068777,0.025952396869183308,0.13658150158332705,0.042729061934759546
1,0.0784523236108372,0.052873678709912456,0.024902188277323753,0.08783659899514863
2,0.11291399173845049,0.03707475243880387,0.08720715709794198,0.05329771229852241
3,0.09229626651394005,0.04578329095107228,0.04231651684379435,0.08131313227612144
1,0.07082749496905408,0.05850812071650447,0.07868184387291356,0.07675549120422526
2,0.04839796868492893,0.06324897273316547,0.08725391993424578,0.08019030303083852
3,0.049761170907201425,0.04163755204911049,0.05518320997475731,0.05158569184122512
1,0.07081015330477693,0.04665919959666398,0.08812840561167481,0.11795367182875238
2,0.10373301053796842,0.047205188432184686,0.0655320153570394,0.08450084158066576
3,0.10976931057622775,0.052849102493814436,0.047964636554015616,0.07324965733430676
1,0.05903359177836433,0.06396164152777573,0.052219347070948455,0.11849868591279629
2,0.07282096141536874,0.06696352756159635,0.03630104226761017,0.06583384437290835
3,0.0376643043927844,0.015394955437227444,0.08420222261515392,0.04746845482262158
1,0.07095332969952703,0.05317819475880569,0.07795806015698475,0.07728123610988058
2,0.11878617233586171,0.06774997652235763,0.08558844632639509,0.10958398852732441
3,0.07696091925546267,0.05673522763022991,0.09834585151891334,0.06828932686711182
1,0.10551105789837165,0.056565163216561125,0.09423556213158923,0.13962262392534208
2,0.057235128882803535,0.04699871891635439,0.055567431590896714,0.08436481352778094
3,0.08846253044703246,0.04193055783221269,0.03212030074477708,0.09896762240833402
1,0.03609178158893566,0.03336480892412313,0.0976543524022981,0.05043669992360811
2,0.07843733975044934,0.026844746972306554,0.08608263837562118,0.059838417074733974
3,0.09148957419787057,0.02108443550022482,0.08506801563839869,0.0742782591753879
1,0.11197061814188763,0.04793410970715171,0.08060637278977778,0.07464848746347548
2,0.11005115795309736,0.04577125009848136,0.04434460792389297,0.06216089489925114
3,0.09286491625949525,0.09586776854190032,0.06508234840205682,0.0596479279123284
1,0.07183476372522493,0.051770892878206985,0.07463126386671678,0.04267318044477105
2,0.1327275053635874,0.037163156119929874,0.07332378673548026,0.08257502143708464
3,0.07336396543265221,0.07536846195325236,0.07606096661993926,0.07440858162716292
1,0.08078330959073296,0.04801563060810946,0.08268317139374218,0.0706838231962834
2,0.06142624936418177,0.07512202711569857,0.05069730866684978,0.07945023397995907
3,0.06771117149507354,0.05657945351013793,0.042583387543659416,0.13195442450140937
1,0.0694136078142221,0.05674890096206291,0.06592138170431161,0.0692436384400001
2,0.07438189182416592,0.03650940910644721,0.023144689693860965,0.08913683930809603
3,0.11672488680273119,0.05309801249505164,0.08725079997861578,0.07943516683604024
1,0.0957351213485529,0.10406287969015937,0.11561488287375168,0.11921532475768214
2,0.108632171937195,0.06032110024946143,0.11324962925092599,0.09873976608820223
3,0.153410997116311,0.06562223271442984,0.06350068545755777,0.0780174443048593
1,0.09220241939613853,0.07386710475735205,0.08166644824729458,0.07725296106397286
2,0.06026245459079295,0.03612152260018063,0.035811706817145635,0.1303594046009249
3,0.058689593886566825,0.05736919751176387,0.05240765468027647,0.039760181657851563
1,0.056369570054422835,0.04003594866233427,0.1009046249895598,0.1498717689202931
2,0.06302817053311086,0.054971170329663796,0.10186797283534585,0.11270034758173988
3,0.07268908838087207,0.05028783487533047,0.10330052635501653,0.06800781718091528
1,0.09110284137725372,0.03671782314424843,0.07551399938081672,0.04843580527649698
2,0.04620201001787034,0.06665018247024862,0.0748662519012415,0.04411270710739523
3,0.04479314838221155,0.07260589282041324,0.10020398752413204,0.08460979018250092
1,0.11890604770864316,0.06724764279964653,0.08615659218200603,0.08034522077538721
2,0.11385310372159627,0.08344238944320903,0.11124040777835023,0.10493033591025819
3,0.08304958327989984,0.08523677987260098,0.06870482733960177,0.12194854451112944
1,0.1496947940725038,0.03646829382259614,0.08478328467069433,0.05565148695354144
2,0.14888964921542228,0.027377103192851773,0.10264349318961677,0.1128961957053515
3,0.07871698252450242,0.03845856723928753,0.0416615495929066,0.06522019555743387
1,0.06351178283877164,0.06442442709874832,0.057928144282033425,0.15581548702128756
2,0.03825145600377854,0.10564118934965769,0.07733902961120545,0.1018822265558463
3,0.1336401262981718,0.0505541474565029,0.03182876351384399,0.04690431133157508
1,0.09884480842001331,0.03274494060914561,0.06516116137640068,0.08625894953938142
2,0.09669124045504468,0.06467231899226376,0.07490475576468739,0.08370819508531575
3,0.08303672644283694,0.06148608762146708,0.11386146009983933,0.048765548970942055
1,0.06851085921245738,0.08261649011368555,0.0378777682925147,0.12569881224819723
2,0.05982433311957948,0.05679369425036688,0.12167904819885557,0.10961373396520983
3,0.13584831221444796,0.06963387451023213,0.05253292689393035,0.1310571169925146
1,0.08333939423868673,0.036144925423969645,0.03459356310864995,0.08405603430390057
2,0.09247990010150126,0.030995074870304604,0.04875588779168953,0.09711023791041208
3,0.08955218237974893,0.06661750627180643,0.05652997105535191,0.08988454860746714
1,0.08797375534083554,0.028540922589506836,0.07100811793478068,0.12387903932133608
2,0.07250034217025747,0.07248806977028233,0.07689324902574571,0.047217968938280855
3,0.07968765482709443,0.07154563401294921,0.10480645858175366,0.12476280992747754
1,0.04968891554658217,0.0540888091235539,0.057987619521791114,0.06501307674055137
2,0.07777115723827623,0.05535248661741663,0.048216758794165336,0.09910433823496953
3,0.03713849172359298,0.054721301456105216,0.025653921531699035,0.1006459351448103
1,0.048678650958002306,0.0464525206323615,0.06095482315070966,0.1217132248882418
2,0.12282445667184072,0.027825228324584447,0.06383431597265808,0.11474260980809656
3,0.10056769777745896,0.06723359421725167,0.031788550518305314,0.10608665141274984
1,0.08663493047064193,0.017929409624485956,0.06008171068453555,0.11537038921198675
2,0.09979246651882201,0.06926055509853367,0.04829990194939479,0.08368117582873673
3,0.1054263116427875,0.023159845165443543,0.03509997710005628,0.03965259338257775
1,0.1002694476088386,0.057062185484818825,0.08547652144972143,0.06426970840918049
2,0.08065008942289072,0.027909333731352435,0.03560920215081327,0.10734988449195657
3,0.03445577028827216,0.05915313753184865,0.09035224692862362,0.13172238158820637
1,0.05161497749720584,0.07046119600695112,0.07445431543528576,0.03568023911466761
2,0.06286706158630753,0.052618799577567335,0.06878814028938027,0.10324194066611285
3,0.0962154225279348,0.05408708915889671,0.12117445457080772,0.08309815556076353
1,0.07744887516884874,0.034950223361335436,0.04973483536535406,0.06461229568875412
2,0.08139662848765851,0.058300281720160003,0.07321769686377193,0.045578541944696946
3,0.09723136294741075,0.049721609370281424,0.08777311614277676,0.10253959587553407
1,0.08364090139654298,0.04915988631309293,0.08554475787150874,0.08482356349088811
2,0.06346099293281182,0.0387365836803796,0.08994214308535207,0.10468065645032479
3,0.061720668118463336,0.06398212635016735,0.06427183974181762,0.0971059724544129
1,0.07600500877001906,0.03937298316182264,0.041312074937360485,0.06430903665191136
2,0.06522225034927857,0.06449317476174043,0.07157617894282621,0.08467722637473452
3,0.12905826976959386,0.060101465174935365,0.06492103344253482,0.055536361096884784
1,0.08649941909163932,0.04749286501147355,0.0859675948438016,0.05842975931568882
2,0.14348344846787692,0.06362867969314337,0.07418908973783651,0.05346476849404527
3,0.058264492167941544,0.039894188788607225,0.02987266666980659,0.051418862785282904
1,0.05808723828111231,0.059835219531758174,0.09838217306756897,0.12092356545546562
2,0.09089279383657899,0.04758623170231977,0.06436950157420487,0.16608067482004926
3,0.08167435170945381,0.06304577233435671,0.12303981087708368,0.04848319110062964
1,0.03941315037657649,0.0346715760931877,0.047384784119275956,0.04834441171772699
2,0.0527880495895845,0.0746760274709131,0.09978951583822744,0.04837942129577748
3,0.1171706922889966,0.019254915501279606,0.04910812007343817,0.1473183236788838
1,0.10169306731698169,0.06110872625265814,0.10616037889952608,0.10061508728513907
2,0.043737048366937564,0.03616413556409017,0.0855072568294019,0.09501504363422499
3,0.13194463137337356,0.05834114089708205,0.060484364068500954,0.10498980020538926
1,0.10453190082994838,0.08969121179669914,0.08894573931888847,0.1177390884255141
2,0.0907791933248292,0.0656576868910877,0.05261487380253074,0.042307367336520116
3,0.08486033348309202,0.04064850311730828,0.07726753703835994,0.10384734835136127
1,0.06811653374033128,0.059736561597825026,0.06562220160674127,0.10650782198035925
2,0.09478296417922141,0.03626093601725758,0.07116361785631926,0.11905266698303518
3,0.05645802691968036,0.05559570192103773,0.05360879165219215,0.12030810427302832
1,0.07469381252535578,0.06231696761521031,0.0754549767916058,0.08612851846857918
2,0.08721972848155769,0.07287414627991644,0.10462689309729296,0.0468615514605442
3,0.08390839144396398,0.0511620573328838,0.05250733802557697,0.11969034016804975
1,0.08206739201948757,0.0664679933733838,0.08419463412870022,0.11343065477923756
2,0.05835055129629152,0.05667806441299476,0.07963949739824092,0.09358258742282122
3,0.08073434942219808,0.07004874884997778,0.07740631796448762,0.07928551062705383
1,0.09685967497540272,0.0406570417997954,0.07942790549398868,0.06157131722460625
2,0.06428016052897495,0.029377664053571152,0.14458765942539864,0.0943891737192835
3,0.11170330636203497,0.060018952446336045,0.13624317001596187,0.11266503677809546
1,0.03273403331757221,0.044024079409446824,0.06125025641537496,0.09315953563921486
2,0.07088144579507101,0.0525013610280823,0.04851939513020807,0.05475986759047912
3,0.08091011722586489,0.03694773216086503,0.04068135444054645,0.07123886255925456
1,0.10305486140305511,0.0503367991718771,0.07699395141520125,0.06574368253835311
2,0.03844268990510186,0.01728455848578605,0.09505631273425778,0.044741326747792735
3,0.07110847701642808,0.041534554846074254,0.09586584274612472,0.09774846877471835
1,0.08895711228171713,0.053081260096412265,0.053191345736674625,0.11803262333652781
2,0.07623151579821477,0.06831437012492585,0.04874793207701972,0.056586512278398136
3,0.0722048874334477,0.08335132421901681,0.0846650410241611,0.072827343354493
1,0.05858056954246769,0.05139402436637791,0.0628436986760664,0.0827130749764977
2,0.10836105405598671,0.06824374019719037,0.07911263369121815,0.07064851957871375
3,0.12111047303942848,0.04647206040817468,0.08515165557361695,0.09550411032706882
1,0.07475141167496707,0.05700860018938201,0.06307441200765804,0.05792708165309197
2,0.0551993345930718,0.03927137908142578,0.0550610801659012,0.07779061867252482
3,0.07795281377810895,0.04301728982433756,0.09352139058843048,0.05734596754013696
1,0.09018049372295904,0.06600190182691804,0.09985842049148738,0.12360960701817555
2,0.10956920645643067,0.08856245766300969,0.036258084692055055,0.06547717392227125
3,0.0717325249802757,0.053392980291611034,0.07922726821444967,0.08378840985564795
1,0.08308296217441556,0.08396190784546012,0.045698070127418,0.04075776211753328
2,0.11548387709871277,0.05482252914683394,0.08722527030571973,0.07425738584302724
3,0.07144134302080787,0.05311907568166061,0.13558488469786667,0.1112096709335417
1,0.12262069830773498,0.05431370301664143,0.0862734613499767,0.10457649964719255
2,0.07974782047064846,0.06808612660684303,0.07248222441129112,0.10608430824068527
3,0.09313711810733052,0.03013201218111307,0.08284448917288899,0.04763678114802676
1,0.14364883467526757,0.06888378729129907,0.11864048045981199,0.06641095520195982
2,0.08069829849540523,0.04435537230715023,0.06923542992602921,0.03554409265531863
3,0.06990157193486247,0.09259225514101592,0.06266983845605792,0.07084025791658734
1,0.13336832730777937,0.04961219765670369,0.06369957705697714,0.06887445986572192
2,0.0656899194010787,0.041920439141074614,0.09858836548698408,0.05037979728286205
3,0.08044635637701365,0.06483147084006499,0.08519601983282728,0.1099436518210298
1,0.10664187416850564,0.06833422202069205,0.04969651332741627,0.04791778483403612
2,0.075702621565599,0.06954167166623958,0.06974571793544727,0.07444317784413582
3,0.06380552386451581,0.0337852998553904,0.07533070068077738,0.0784770673320478
1,0.09941339195627652,0.030213872618500275,0.06932267499087737,0.1143445107002389
2,0.03341010658449949,0.05043889966149162,0.07684872222830469,0.08687138732064678
3,0.08607636027287077,0.08509033366589631,0.07581016452856748,0.12330866058558138
1,0.07703179150270625,0.06428294368811655,0.09625620844806912,0.05494026766703697
2,0.09687416843280443,0.03382420047102522,0.04982352793364729,0.035410650317504684
3,0.0971358141630487,0.04466283184999565,0.05934934598577602,0.05890722822190176
1,0.12348050646709074,0.03774976242697683,0.0951485645821766,0.09582029112274452
2,0.11121098178482447,0.03637290563969289,0.03183412127619982,0.1342696333608262
3,0.069310598501281,0.06095199754940908,0.063065191955851,0.10933011379550954
1,0.05899633369473499,0.06210829442230391,0.08939677106342231,0.05423022879564201
2,0.09816319579471997,0.053335672922870475,0.09285657309842413,0.0506406021549156
3,0.08170667889313099,0.02857055740565071,0.05324535597467196,0.09362654368640912
1,0.11160630066977376,0.01540945164501363,0.09055477164151363,0.07708061592871292
2,0.07154711312047948,0.038928896091276935,0.03520786825655014,0.06330855741308741
3,0.051304279949167475,0.025233041648463263,0.05358104324153634,0.058494397115208444
1,0.08640399891067041,0.056153946173669145,0.0651575672122216,0.0833677647741863
2,0.04826771705745134,0.02756513226387474,0.11142585918645492,0.07397093606446033
3,0.07655839992395098,0.06205431436562076,0.04732886918855225,0.1010749961981901
1,0.10240426199271235,0.060001238233774956,0.07832793829747989,0.07036708592775077
2,0.06247180013559139,0.047111653898202606,0.053774423845999696,0.04177942101974369
3,0.08479572175806317,0.022835618692587812,0.07502784584876927,0.1103856417884478
1,0.11539876491744745,0.05481215791755292,0.10435997122083313,0.06809993647344358
2,0.06065116058314919,0.03338284634941851,0.08461332414788716,0.03700081466098583
3,0.11896157502714373,0.07055997292799976,0.04512958965950913,0.08136373009415052
1,0.0814138382745483,0.03360234836181866,0.06144196119812862,0.06192322025902519
2,0.11509142523307195,0.0465605149364274,0.04726062668349951,0.11251464842739355
3,0.06825646378614018,0.024018463950540574,0.049684830352075784,0.09241383406525124
1,0.061726199767775616,0.05501994499183607,0.0784595896480565,0.053642394304620186
2,0.05121219013393449,0.040979362543339753,0.06872057978993949,0.07306182630107415
3,0.108689951687122,0.07990956453002304,0.059920127874351976,0.05688902578742456
1,0.04216579446428037,0.08313814712337933,0.08145103789382918,0.10798180265219127
2,0.07149457256301014,0.06346107621471136,0.09406942445193442,0.04526870356317572
3,0.07639454601228901,0.05365956218496505,0.0673193194037641,0.07999672484532208
1,0.061536078571645884,0.04457128580018601,0.05617315602019896,0.06978712899250505
2,0.10372069502408394,0.031558150700944726,0.026110670114096922,0.051335650330687266
3,0.0843671944229021,0.06042550960193164,0.05377776088364089,0.10071405110857526
1,0.13595646997333735,0.01959351509132494,0.07017365995551487,0.09235997635390188
2,0.0546536823134346,0.03187925340542121,0.08290297733507562,0.059495076234875065
3,0.03315488534690059,0.06064675723934499,0.07071559608098678,0.03643337927957171
1,0.04217946354964853,0.06885928777776354,0.13181605676948752,0.03815934854256648
2,0.13163662611681132,0.05610123178159995,0.06706071578048581,0.10426820950411772
3,0.11631239781081992,0.054874651175215394,0.06702223533254666,0.031244871227634752
1,0.0945852386129512,0.04851406563690699,0.08899232750852268,0.09780124402629405
2,0.08057237757143892,0.02640445551452042,0.07700491903179305,0.0636822614165436
3,0.0775752357046372,0.056530841843769004,0.04519610050137328,0.05257985802498191
1,0.07153056448290018,0.04676867895243589,0.1296791787997994,0.12295799705270355
2,0.05935935901805345,0.044679994442198084,0.0586637132458835,0.10683449249128928
3,0.13090866665015408,0.039443494028708344,0.056998183141872924,0.0703986139003056
1,0.07850836460079286,0.03295295995913915,0.025308611753695517,0.03208074072370767
2,0.09967726446490272,0.03077563339118541,0.1007815388940689,0.06394837945966553
3,0.055443963881050704,0.0482990751156259,0.026971037938819213,0.08017098664804008
1,0.07867673936488113,0.04216122184592137,0.10178473308377564,0.10186932331372872
2,0.0664123217508891,0.02552852310674127,0.06485355703715613,0.10067913231391773
3,0.07781034193777257,0.07319755989743466,0.06430083396806141,0.030520899008526954
1,0.03771067066993338,0.07982572225781599,0.060099108781095804,0.11977426824108288
2,0.08825091125117288,0.03305462605851617,0.04858043109181291,0.09946898957976144
3,0.10135460157731761,0.05860804221273597,0.11131508432636689,0.041986444890350624
1,0.0555180796531044,0.03923690675042198,0.06969899053817795,0.09134483264247621
2,0.06337455386694017,0.06300396075140281,0.11067833704781899,0.0630034796028564
3,0.08611285446158491,0.06405775374526712,0.023659503108954316,0.08665076763529393
1,0.03436805068006837,0.044831913062300596,0.07384556908103149,0.11136564661935758
2,0.11030306817285361,0.0703578737688835,0.07104055127778924,0.04772362311258741
3,0.07537843673059304,0.0681669768811417,0.06182453101732112,0.060475721003996466
1,0.10836972410121476,0.05678170414730638,0.07004670729561221,0.04213228613688901
2,0.11245961419080494,0.05270702945669655,0.04581875949218208,0.12036274960738232
3,0.10881266764023644,0.061902065218498115,0.045280483688022816,0.08686013901361542
1,0.09752729312072794,0.03934530075749584,0.09912468988459813,0.0983419711464702
2,0.12329698040804132,0.06232000397171525,0.08698462097339921,0.13320397805583764
3,0.07387645038748984,0.0753431372897033,0.09436759816145465,0.10379523517668296
1,0.14636240425582997,0.08047258620586495,0.08856820135445197,0.07352734858562858
2,0.05793046578513082,0.05883583117985034,0.048567972814377816,0.07937954864138606
3,0.07896241901664129,0.021606986099103213,0.09107087997375878,0.10557124490941128
1,0.08418688015771164,0.05275301740392122,0.072909219267284,0.05241339674000255
2,0.037244887053229474,0.05574412364055539,0.08157904246338125,0.053489064401213565
3,0.10064095514982119,0.0556947299571438,0.05066062476405277,0.08672697425731803
1,0.08782518177485596,0.048721646578561775,0.05417800017984577,0.08200618993694803
2,0.06558951898591552,0.06124608200537547,0.07792597713263273,0.03552224255893485
3,0.11198292918886832,0.022972759699193372,0.04988844641377256,0.09195440117424888
1,0.12664681832365268,0.06956216863159596,0.05366866534374703,0.04085082309586805
2,0.10615648987976392,0.026810791256529357,0.03598330380566351,0.058898560175448464
3,0.06192020749604048,0.042564552646769144,0.10283871753928983,0.08440428728324356
1,0.0866836732069029,0.04987548418863982,0.0916655555696407,0.06537835546224084
2,0.04563272654935497,0.04426053272819551,0.06858012012225237,0.10027070777889983
3,0.03715802490144512,0.03376486058325219,0.06436397664745996,0.09078536458955995
1,0.053978360642222264,0.034039908219223536,0.09245539101641653,0.10630674784205571
2,0.06456823478543121,0.08070850401626478,0.09253070755285257,0.12376017959702909
3,0.10371106739712815,0.06870313582738875,0.0546865220601223,0.08952114976586656
1,0.031238350475841517,0.034503239714030104,0.027885425487531486,0.046333052812821955
2,0.06492701891022933,0.042317950721628826,0.04121207122368557,0.051843591432787745
3,0.0907960998548772,0.05897565182747656,0.034321769618003366,0.07099338238800743
1,0.07221966579809264,0.060583357953968776,0.03050398113619561,0.0652143707045787
2,0.09054570730689177,0.020254762827132036,0.08694589773890955,0.09588056447328484
3,0.11542117531192805,0.042648965342832024,0.08325804121872526,0.13341879661628653
1,0.060073326847537106,0.06983912000043395,0.0659576331478649,0.06679882065821152
2,0.04174548218098289,0.032594092326568354,0.045530692263771794,0.0838874873957884
3,0.09201875377153963,0.06334766976913488,0.06309612800505325,0.07528818992827828
1,0.08077880968501751,0.056079953207074165,0.07309052506828531,0.09213186931513939
2,0.06935881905901999,0.056402897556582315,0.045557481342915145,0.09537436053678995
3,0.07212691334592458,0.05423413665088015,0.08161301241055807,0.0755080678099969
1,0.07211975269098797,0.04787627434212514,0.07882858227445769,0.13197752270056878
2,0.07414841803167155,0.05384049907425488,0.03832882761727019,0.06577393276213765
3,0.07786325686555962,0.061377744330898217,0.04293290950972184,0.03157295722888471
1,0.08818507238005852,0.04707490061767759,0.08979852771824079,0.1237055269963328
2,0.05196757652985992,0.049233507434334356,0.022254725392719762,0.07395584451510125
3,0.06469105667877387,0.07682156820025339,0.07259822515991278,0.044415078674594356
1,0.10666732704786616,0.023602508025344863,0.08433486223537766,0.08601929248979188
2,0.08029518153141751,0.07835724823992973,0.08636483082294559,0.03836716222537508
3,0.07816172774548674,0.04067469414461497,0.08082300669949097,0.07065710159858778
1,0.09918921686711828,0.02289923914260984,0.10241165068543517,0.055745744859307375
2,0.07903987185388824,0.050328002752618936,0.06324836007667592,0.03827059098795161
3,0.07443604467448735,0.05859280312870932,0.07215247325157378,0.10739605328176048
1,0.05886128410434667,0.051493369450579786,0.062342265036609154,0.10532133907912766
2,0.11408048372051399,0.01809567004468559,0.0989987750659716,0.09577188388696592
3,0.04419100425991248,0.031940102012920385,0.04011436195771667,0.03616881525575246
1,0.06337373145353471,0.03614748511527511,0.020833594460479776,0.036697615350154776
2,0.1046240720284678,0.030730468268428686,0.10145472923346899,0.044377588243279725
3,0.11861779073564606,0.040275284725062595,0.079073695116649,0.03657896176812077
1,0.06752568889296957,0.06678555399541147,0.08526650801931059,0.06682448976308722
2,0.07397317734887736,0.067957884737758,0.044030591276552206,0.07011361560693025
3,0.04876700695670602,0.06170495235993108,0.051590910857766153,0.04762775751824681
1,0.13268589474436154,0.06839015234922219,0.046716200384160605,0.032042048593854025
2,0.06119144611638881,0.04760168919252988,0.09437514787447335,0.0627176457684852
3,0.08419976254942654,0.06981577941225679,0.09354654783977603,0.08005021847071164
1,0.06341130221202311,0.027776065955444528,0.05988894030428728,0.06213785988309013
2,0.09902073241126691,0.07120665843701794,0.11060176500894234,0.03694397096300611
3,0.0428098658618817,0.05228721505952814,0.11393118143273687,0.05545050180498293
1,0.11778523685940073,0.0768740588016234,0.08286359839981579,0.07468184808630134
2,0.07896900054423665,0.05117339239951959,0.05004316093815494,0.05817006836508644
3,0.033550146917400506,0.037265485919635806,0.04991377566963903,0.08975247041891488
1,0.12389424839000253,0.0472818687831415,0.06270245345706293,0.09671249851831712
2,0.15225463659213778,0.07068476889694998,0.07226716901154177,0.14236474699710377
3,0.10395368571202791,0.07787194826543255,0.06485755957109984,0.05517729356651477
1,0.08729546108127353,0.060621931119851175,0.09162865376089348,0.12504748869786728
2,0.11331020077137285,0.03665457525302147,0.08860559837081342,0.06978623860852293
3,0.12629796801653537,0.05180671637497695,0.045194347539240676,0.0783073287029869
1,0.12320254317393897,0.04692975470727936,0.0642939960507919,0.035185653222371986
2,0.08929023388268409,0.05647161092878265,0.06774237318666247,0.0722407352434534
3,0.07898948221017736,0.027116648649801383,0.047929183452717,0.1160979741526873
1,0.0961682415492475,0.04229707236668048,0.08453119455731659,0.08809738077298422
2,0.11383917811844349,0.03263472419306984,0.07263921948637038,0.1195399649173875
3,0.10528411522438706,0.05820479649801279,0.1306423977436143,0.11601146703215845
1,0.039625272301091544,0.020414193308688572,0.06703772790147841,0.10113501849377564
2,0.07646946328472683,0.07753908335750657,0.06606799531454507,0.10848355957060782
3,0.06287763022690038,0.04625683741444069,0.04255259090896425,0.055524190186884204
1,0.0606245784375959,0.06847367273391038,0.07174661003918509,0.1049963156951164
2,0.04343065441148056,0.057957774313609406,0.0784618366402469,0.11931632785081428
3,0.12045776381648923,0.04105681927342518,0.05459373496567149,0.06495314048284127
1,0.03635026154327603,0.03443101099016889,0.06481805388835454,0.08934276269629306
2,0.053254919065283915,0.053885410957475496,0.08766034083820903,0.0639213635260715
3,0.12766826885572885,0.06906029669189363,0.025400211314105497,0.058495513681697184
1,0.10389161745150932,0.03466491757059994,0.04482334465689588,0.0670125952489431
2,0.08043395489140896,0.055178950639389844,0.03474612623879547,0.09276193314299468
3,0.09400112237259249,0.09131852851094868,0.07460665671842524,0.12696559804410137
1,0.1090574846585706,0.030714229351230492,0.06855555622117557,0.058866650566015866
2,0.04161023733112731,0.041906955820481984,0.08766497216125957,0.04502878964698246
3,0.07637413687855604,0.041962554888709216,0.07912573786184114,0.06736669276225521
1,0.10988613500715193,0.06302621581241452,0.07415621348675498,0.05874770305739806
2,0.03927854308187485,0.049575935732175794,0.09690739264947228,0.05054879234745935
3,0.04258823151685435,0.02183100424006792,0.04331198781374916,0.07975655352383788
1,0.05167687737296804,0.04021196351714991,0.04516494255634092,0.10734238237216187
2,0.04072758650300672,0.07384156835556846,0.07296130104944691,0.07141685492331558
3,0.12301089746678201,0.047884191391149925,0.06692941731535142,0.033250888602328436
1,0.04791572221164295,0.0481341920465466,0.045964649276820924,0.08420362655100391
2,0.12433972214161162,0.06819250832942594,0.1222380268305498,0.10124875715800744
3,0.10417985171237518,0.0447514596395967,0.07971899992497873,0.11695064081638526
1,0.05913161765051801,0.06715156261887956,0.0803447368983617,0.07885744844994179
2,0.060810746077200745,0.05303863137087597,0.06106401449519996,0.06975951706599663
3,0.05648469799724207,0.031574437901298824,0.05147303336713527,0.0856386859424061
1,0.08016077352357334,0.04468051731380164,0.10645157936120683,0.09014355343428745
2,0.13094917117793395,0.062054867728175464,0.07267941756243951,0.034018267771567565
3,0.0725975994573924,0.06376294284200502,0.08372020062917757,0.11667582234425869
1,0.09321118428962183,0.06238646958698327,0.07979012538296171,0.07925982653085029
2,0.07655906289695473,0.031135687053233854,0.07348770006234008,0.12848151644999037
3,0.07781930894689931,0.05667677420345392,0.0549878530407467,0.047873432278250944
1,0.08803451654420541,0.07814993874892631,0.05058643368189292,0.09414793625609678
2,0.06911452755083995,0.044935706772858706,0.08828234879169905,0.11717339850464065
3,0.0747413266329584,0.05974460503696263,0.07549208539367921,0.07667977552846877
1,0.11589515105098656,0.04841292703146411,0.11449944500476084,0.1201241884350874
2,0.07594876467121896,0.0617544744606619,0.0787189309389424,0.08998135060898661
3,0.13398843285939152,0.02228399316303849,0.06600030324677236,0.13520961842416188
1,0.059155478753605,0.04097787592251125,0.09038435557395133,0.11150848147978756
2,0.06597558405162687,0.04331736322701385,0.039990677993509444,0.04021907925777281
3,0.040252720307458474,0.08266999923530144,0.09404048858326342,0.06356054858987559
1,0.11365450815584122,0.03835730166299831,0.10284558692428222,0.052817001440686934
2,0.05790667784516747,0.04551299309298486,0.022265655172647218,0.11048456464873077
3,0.11646922452957738,0.05755882718599778,0.09452932278587858,0.09171756779449175
1,0.06853137102951053,0.04676415083620158,0.0816116924238162,0.05077128628989483
2,0.0641381354122125,0.05390802107827757,0.05827768623941542,0.0913921946903228
3,0.0794404492336779,0.06624741902610219,0.09714000536295307,0.04804616197055189
1,0.10227480570120985,0.027431668639636777,0.06683019809084535,0.09113418928724729
2,0.08951081942100438,0.07528425514823206,0.0768620664438205,0.08174676754180779
3,0.053998977840475956,0.05878199390993226,0.06698378208557396,0.09121527546012005
1,0.09796267569388928,0.03693925111012418,0.08909899900895292,0.07066918089781063
2,0.12428706329221499,0.03699989381558261,0.08101380233075053,0.04255177645337121
3,0.08873044336697478,0.025816220018015992,0.07279020590261784,0.1014646619809304
1,0.0811806267466049,0.055480621126412416,0.0717271322065585,0.0911735697330835
2,0.08381944803893421,0.06178200032748876,0.10346577923973715,0.05910265544676478
3,0.10695411047069121,0.0560463864310141,0.07572229705539107,0.06886196936598797
1,0.06676571011640482,0.07374259025669033,0.05928533916149607,0.07000016897141736
2,0.08397868915552746,0.057807987422066415,0.06626082234817789,0.08804373220483555
3,0.11527395003658296,0.037431647016361584,0.028821647239532185,0.11947038851714453
1,0.06260205470999741,0.05741833749945956,0.06616061057078398,0.10822896352844677
2,0.08316738267786934,0.04750326458325737,0.07076705490508689,0.08932066575502054
3,0.1193844548542026,0.05837716421146063,0.11898083539521936,0.07897260639649477
1,0.08309717631311446,0.040868796665418095,0.07794550635764233,0.13570257522483592
2,0.11055038906906245,0.056752756626976236,0.07187469973965108,0.11470497543228102
3,0.1259959648087115,0.030327729693001498,0.0245697509976587,0.11849121829600162
1,0.12360328880922741,0.033280794945128034,0.11165132631183623,0.04719401408470312
2,0.044052347166680085,0.04484862899134634,0.0681802771624282,0.09913147498313371
3,0.10724227746557224,0.045052811689026376,0.05595844724588071,0.09649718169201497
1,0.07978242311754097,0.0229514660232081,0.054896878320531584,0.09215193099751681
2,0.0783089161002,0.03429842173325781,0.07675201463333364,0.07050589824857578
3,0.047976703248039806,0.04113428939332375,0.0740463370703939,0.07600347656287443
1,0.054413855148901964,0.03874315017534612,0.0916102808403181,0.09083903290807442
2,0.05679251260435743,0.06711347216890234,0.05372651891956251,0.07347482839770429
3,0.1045609872198189,0.019267735659065376,0.09785088188964539,0.0738558325119964
1,0.0816985750412623,0.0658471050585235,0.04941661882941839,0.0925858091501289
2,0.04771356694331218,0.058016313421634956,0.0839951299376509,0.0763175669670418
3,0.09854016160694112,0.03395773524537417,0.06519051128326325,0.11879735805959299
1,0.05392287897627904,0.022532479387910906,0.05471977114897394,0.09970896368468803
2,0.03736158110216897,0.03093200497180967,0.05240988433258652,0.08962560926150563
3,0.08694296261723468,0.03236336329746464,0.02245293714167603,0.056354010079317146
1,0.05463059805897893,0.030439901107619172,0.04945894134563577,0.04629102378277823
2,0.10049411613086864,0.08482244198120183,0.09912368718875682,0.08551638399922422
3,0.08812276675834617,0.06758868719325786,0.06679545863733488,0.10290103341481605
1,0.07590478797910971,0.08457016774210521,0.04767011424098391,0.07542011858585579
2,0.048074229602838296,0.059699085507648984,0.06466057556463455,0.09691007392761776
3,0.06738772602344828,0.0397276250479844,0.05308464951128871,0.08596529964299487
1,0.08165436713970942,0.04346718486869793,0.08693612433844729,0.08268713012600677
2,0.05570579986375551,0.07331876239567715,0.05282453560584831,0.06650582354736576
3,0.0896754061861571,0.04555087902213542,0.07155702229594599,0.1213845277117663
1,0.10999405904614014,0.056513881756024564,0.0810111991583237,0.04744160791465978
2,0.08915801325425955,0.07656695078798681,0.08223107786035853,0.07933873435945003
3,0.05936760931656948,0.07410321570008446,0.10387036994700567,0.08417018719773574
1,0.10706618321983592,0.05197974149803506,0.07818466990480424,0.07539527895560173
2,0.038776651611377146,0.038574818744485276,0.10824677410259195,0.06845503569296069
3,0.08639811283602666,0.04542611595531481,0.07417765579040331,0.10341792239103796
1,0.06739519233749967,0.030745918817608183,0.0631939059024452,0.03871397107482462
2,0.10946913064295666,0.03672667178049864,0.03464651921021333,0.08012930212845445
3,0.12731241933899423,0.03788804817728718,0.09051570805409671,0.10256857783085191
1,0.09502498553528489,0.05978943487907738,0.10252570270457842,0.07372468604142403
2,0.11790064351825433,0.07752078190112434,0.07722462051296398,0.11681796498131017
3,0.031837911739266714,0.05912236052248985,0.020862802144300696,0.10395400921633914
1,0.049137766663644174,0.04667824010191111,0.05913702037239278,0.034620418267044005
2,0.08055135242213662,0.0348953088488263,0.03503080387451721,0.09830482729050674
3,0.07005739537138231,0.06660424714535262,0.07418352237659546,0.07343838424831613
1,0.0567952253352544,0.03533874096758015,0.05378804484639115,0.14554139928583482
2,0.1157213412493647,0.05172717805911878,0.07706791575566081,0.03284000156977445
3,0.100335361524453,0.06962068642424529,0.07807455591624987,0.1250331320477093
1,0.05822280606583778,0.07110623641935612,0.053593810703696974,0.11396140998288935
2,0.04017339962451855,0.022340064583302694,0.04566876708011765,0.07710822434591642
3,0.10887232894682344,0.04908766868565866,0.027668608920709298,0.12263180797785596
1,0.08561999818021201,0.05631808787475724,0.09403601147317313,0.09401490225435545
2,0.06939676861776253,0.07621660672167531,0.05283148489775187,0.06462841274497336
3,0.08010109728952801,0.07170748315200079,0.05858532972353512,0.08180311097108284
1,0.08212468062859668,0.05315483202253465,0.08811491355192555,0.08090401770388836
2,0.11304375343448095,0.04916070922719767,0.05381474543308653,0.07405451502643165
3,0.03835915909303261,0.04207418528208116,0.056965001365337734,0.06578876221279155
1,0.08476387967243797,0.033507337299130614,0.06655012915931006,0.16816125374060514
2,0.1172016391222842,0.04575167566169639,0.06182647132887285,0.046876720903676956
3,0.06931071168301019,0.05729570757668814,0.03128265635753713,0.08444564445947181
1,0.0694852748494853,0.06729664807817268,0.028122505467995412,0.07251532345031597
2,0.07300258399938517,0.05852571947588865,0.1359011286733704,0.13126872011423985
3,0.064744610044458,0.0516185898454437,0.06660957434695358,0.12871162275941092
1,0.07581178477110954,0.05935265814199954,0.08571266780169937,0.0606025055416725
2,0.06657226529229204,0.04656393872529149,0.10567046324578591,0.10255433232416464
3,0.08579982627970995,0.03273279077228961,0.07959866148821788,0.057136015654391914
1,0.0928981148055574,0.05304192194903894,0.08636905181191303,0.13264784182645267
2,0.0964596636295211,0.0831231999247935,0.07505621101681927,0.056138394509516874
3,0.08733065285739323,0.07172667944893389,0.06971302437627493,0.03846868209898209
1,0.0813921185661975,0.030004368465683984,0.05838353488002178,0.06726925258514899
2,0.050840592588032724,0.05405370376202249,0.05868003450947887,0.08724674981216612
3,0.10911403251265624,0.028144886554514123,0.06820481978930461,0.09491237860982632
1,0.10795849052360604,0.05758887740741138,0.07031883442860364,0.07642299252437819
2,0.048008008464772475,0.05372075551764798,0.10031443172036172,0.08476464094878827
3,0.07148974696279027,0.04327890134129283,0.03793354345168909,0.06964030687500067
1,0.04229850573480365,0.03544174740682492,0.106744647545467,0.11774411047158992
2,0.05813223618265669,0.026418797263486487,0.0839632360537185,0.05883750906441135
3,0.0763316958567734,0.06681062145118803,0.07581321782955167,0.09339506499995709
1,0.06201483037355201,0.035211519067983095,0.08592813071000209,0.059217069098592236
2,0.07988645622265031,0.03617495320825764,0.0454609485757692,0.04628414476816775
3,0.12515896292589115,0.044208745208233355,0.08827286991608646,0.05859454325463088
1,0.07516515227843075,0.03212477910450813,0.09222053587201758,0.11885692910379111
2,0.1015619317444745,0.06541582161328408,0.04037894478782879,0.03258657799331108
3,0.06780425923120381,0.03193089540756733,0.0563325720375727,0.06517088276010152
1,0.08474688642274997,0.03948888572555173,0.13176114851316803,0.058148352587225394
2,0.09604653417115869,0.04535596362911473,0.06128854523477999,0.12324981660358442
3,0.09716858252607334,0.06790488463687486,0.09604064624454259,0.11142975084571075
1,0.09383974684769114,0.03585581251570772,0.1207462581240564,0.04099420374491507
2,0.15469784100626893,0.061294072902627186,0.05516220037669996,0.13037606068515192
3,0.039890248051395766,0.04937250744289157,0.03992521409351005,0.09000106546156403
1,0.08542727701418455,0.08847957660118741,0.09692609513936852,0.070636488498927
2,0.043216386988069865,0.03853191598912731,0.03230273794308858,0.08295886800665056
3,0.08756145064808671,0.05425773058552774,0.06736936330208006,0.0588655115889961
1,0.1367144322289504,0.03457180485296692,0.05451838219145634,0.10789439138430315
2,0.08329757709663345,0.047164567470635965,0.07387863111613484,0.06453011729524012
3,0.07452006437952813,0.027849707925898633,0.07418506717428233,0.11425015924300863
1,0.06754972319115582,0.04010858107090121,0.07363955110140588,0.11352007302311937
2,0.09239782595337742,0.03314891418254909,0.07779046782717322,0.11759933957276325
3,0.11409129206376564,0.04655103367055292,0.07911243686577592,0.07051674837852487
1,0.07000445900386244,0.04613660936521513,0.08802841722711423,0.07440208532930573
2,0.07306917406798215,0.04039538715295696,0.03352511351940265,0.04980185683460141
3,0.0452047526421948,0.07880558620083442,0.07502014023341945,0.06747977375300067
1,0.04477209390617302,0.05458151368210731,0.10257171174627094,0.07112757344166575
2,0.07463249670215744,0.03330816819685564,0.07614805752678333,0.1072740684768422
3,0.054054337812276844,0.06541139219515317,0.0643972788762788,0.07348188701195804
1,0.07900458694516464,0.04022583280167819,0.043949484681397186,0.032497047885221876
2,0.04596740671073143,0.02860680075943188,0.05058430537563734,0.09130333088758426
3,0.11296532991732544,0.030175082839524147,0.03637400636957664,0.04148598020353599
1,0.10169788466418156,0.05918377963839892,0.06901101896822347,0.08698601069519282
2,0.11328816193456084,0.0708568342191048,0.10337369390129517,0.09559245049811821
3,0.06895886679724031,0.03229029963871804,0.04938195142479842,0.03214592771234289
1,0.09623356487740609,0.06825648717224689,0.07015536692905364,0.12416273232068685
2,0.060564569917970226,0.04351395119574463,0.046669008522343895,0.07627408423970546
3,0.12085442125834658,0.05231049476217689,0.0960953094417814,0.07873483931473993
1,0.09462816068786421,0.03353202355517529,0.03550347347909397,0.08903849979434005
2,0.06979670686079306,0.06097813230041623,0.09245638658901797,0.0892445874363204
3,0.059896470400000304,0.022963110660428422,0.040334875697244525,0.07314867557168007
1,0.06197838312020286,0.0592368152302089,0.04997046093670886,0.060278529358068045
2,0.050575417860575816,0.03772268578949806,0.035550230631794834,0.08108746546756754
3,0.049279549289278746,0.027993357535845375,0.04714312908238592,0.07806963364549431
1,0.05937578521470614,0.07454763514681409,0.05786506008425769,0.04419857254587887
2,0.08715786000926369,0.07234076309218088,0.07087623967790332,0.07816875846541677
3,0.06169531830540401,0.0385358174750536,0.0379796752012959,0.08317999088864068
1,0.09531356579105041,0.027106917032528554,0.06383784183001201,0.07322564563992115
2,0.0808935921218682,0.03244180030754239,0.05519081093356555,0.13960466861852733
3,0.09540496389501353,0.03332815624215285,0.056264162278276214,0.13317266648814793
1,0.062300990532039774,0.047779498995075255,0.0610625850067761,0.10150980669700901
2,0.0407473960343255,0.06938229839622331,0.042098699759109334,0.10999075344776499
3,0.1249862572386371,0.06246617145904848,0.0707847264848048,0.12525168861983937
1,0.13182890064233632,0.03869307977667975,0.06371416150090874,0.10942322418751257
2,0.065020835331909,0.04873185346058032,0.05149743038691054,0.04124624896238348
3,0.10652215193922447,0.03906100691959274,0.09544366336723502,0.030677974239903455
1,0.0428606471516268,0.0464815346823624,0.1254983439671916,0.05351082196937689
2,0.03611600566407176,0.06283295798287626,0.06067903032851589,0.10812447300916131
3,0.1001980977540258,0.07965704774097658,0.09817106836595321,0.10671321036397916
1,0.08374966228861548,0.06201321594124891,0.06484624264492385,0.06332262347930814
2,0.06998202805451828,0.021494029660335874,0.07951878098344703,0.060643210226281774
3,0.05792619074837109,0.03989091359053094,0.07185172977779027,0.07571948885058553
1,0.09444367803697158,0.020432650527402233,0.0762425098113138,0.0775344398629011
2,0.10249271056242605,0.028889148182895754,0.07494373078662679,0.08186099685447402
3,0.078849911294006,0.05666152739919786,0.1064946290304172,0.07007675017680487
1,0.13023174695666193,0.06302390189722588,0.042682418813502834,0.07500700588521428
2,0.08543595480443539,0.025584596660529826,0.07973689988803047,0.0395193628902194
3,0.11897675864830973,0.04670570380141262,0.08198542426017322,0.07864522780543176
1,0.08066194349442429,0.0334385380520838,0.054306770412897734,0.1068533345140692
2,0.08928187974431376,0.05453217468877547,0.07203473348462462,0.06440739572664055
3,0.09674486651078842,0.04814829069089133,0.030190132281242205,0.054564717091027566
1,0.03945511424051613,0.057371437827423134,0.03312706573849576,0.032061003286969175
2,0.12754644624518927,0.055961475424542106,0.042403363945991604,0.09913603358162085
3,0.09194515436692335,0.06481364078397857,0.04881746421227971,0.043610089799607316
1,0.10337197126089397,0.048179479177032,0.12391195265183043,0.09046926084017112
2,0.11064082565134349,0.04469455905852616,0.02384285991414726,0.05081134107766404
3,0.09136124933836798,0.04735813053954068,0.09261306972945951,0.11830854763386979
1,0.10613395685408895,0.05291052602126937,0.027697123037123995,0.10075248189444147
2,0.11665248578448709,0.06175460980679856,0.06727916504558784,0.07867533890253223
3,0.07139549478558693,0.056068196716230805,0.08966243651025815,0.08458949909910933
1,0.08792112524097674,0.062180661713136756,0.06232129521816065,0.09587575773325326
2,0.09333359693321056,0.07209405521280109,0.04698524566315804,0.03143249971901977
3,0.11658800780428574,0.046959786840942284,0.05956550520595954,0.09963918827627671
1,0.07721893738821058,0.0315195361485819,0.10974082066251475,0.052471536371522555
2,0.1164940497143388,0.07542373979715318,0.10256344811403645,0.13926695618278243
3,0.12504150864254793,0.026163375821300832,0.10458960110299856,0.1294477004522964
1,0.08745868032481313,0.030617665684232704,0.07794485738714164,0.0682395060585516
2,0.07979035541976759,0.0337466379113186,0.1010134486964366,0.09763504455203381
3,0.08157004133319155,0.07454704677286224,0.10695143829630245,0.05714371599962612
1,0.10861909379154157,0.015034753698586492,0.09463712369294733,0.04850012415076008
2,0.06437982137420989,0.04065412741441639,0.04430504012775188,0.06302259006621978
3,0.12229996902194859,0.02376671288302092,0.09284921308714542,0.07482006021719391
1,0.061402710318035084,0.05266945689255926,0.05940692891607553,0.061157409451161174
2,0.08298813201563301,0.041716653844955,0.07692530782264685,0.08874663598226369
3,0.1064956426015196,0.0457905131557155,0.08471740227997683,0.08738906089693416
1,0.11857762899677078,0.048698431310517466,0.06025676895662057,0.06977203871162896
2,0.08653317596426345,0.06053192495884249,0.049033046120501494,0.1048337920345021
3,0.06481403006797423,0.041853051359900806,0.08377116489132842,0.10029911633212032
1,0.11352745593156158,0.04369341731405814,0.10658534615891847,0.07152998637675538
2,0.08831881492435618,0.03267396254125944,0.03948925519314349,0.13246836957556565
3,0.11234376975879229,0.03362048431721465,0.09296170000481428,0.10822376372806802
1,0.07128836839777912,0.07718581249515741,0.06094230933215154,0.10248737410268427
2,0.06249520976336719,0.051117235444260535,0.05145506687729317,0.1208542918295858
3,0.11916989694947264,0.06474069098832018,0.10721712539280726,0.1421975545270533
1,0.08888563863634165,0.07686015494845043,0.09710838955425066,0.111103981634071
2,0.039318958461953823,0.025023939569125273,0.06105876023375713,0.08661405345247138
3,0.07636277496976872,0.05367648583280907,0.0914193742860518,0.09876880801553439
1,0.04981529275069084,0.08318358633483984,0.04858259893422737,0.10346705655547045
2,0.09038143842741067,0.08033475627089466,0.08324229397676837,0.07862700276751448
3,0.08363249893022931,0.03113620843594351,0.10601875700362334,0.14064691864219
1,0.06659077429045769,0.046273008276853135,0.08676438393011308,0.09712764677389567
2,0.0851769204931142,0.050594628601542325,0.08974330457613028,0.06705758956385219
3,0.0896802682738037,0.050669217388897236,0.047035444488795305,0.07758260023253327
1,0.10069560993685492,0.05053190386506843,0.06853084513954154,0.06794017562269053
2,0.16884510689547855,0.04786557317138382,0.06922902714533881,0.08836901830147825
3,0.08173575045195772,0.04137305486384097,0.05071593951058511,0.09977320489476525
1,0.08101931856385552,0.033848630033700255,0.08431119433522796,0.1074542021388003
2,0.11229059557655544,0.06963411004859611,0.09100640264862493,0.13918445066316693
3,0.07781432346435578,0.05493220759512256,0.0824558696506451,0.04165086001137018
1,0.08022514167628139,0.08473878365743692,0.0551836776452881,0.09509351097668653
2,0.0787073878267032,0.03312879400119438,0.04535082877110817,0.11575712869941154
3,0.0812048692192379,0.053763432023943215,0.06770849887435895,0.04428830199007366
1,0.03603381983426077,0.08399803601350397,0.07004391253721945,0.050148325008681244
2,0.039163878390847756,0.047410697015714515,0.07123808931497481,0.09723607726728459
3,0.06861977040954964,0.03790724150099321,0.0768365726453051,0.051669791281557825
1,0.05354599470643222,0.06708906285746141,0.096349556164597,0.15806228752962442
2,0.09183898524868953,0.05275262755721894,0.06613018171438625,0.07782193657416615
3,0.0426429485221931,0.06186610815793696,0.08397842730208914,0.08992574085777681
1,0.09662661986557979,0.062175665973472016,0.06963285173506942,0.12319112328849594
2,0.08367290274675218,0.05933074830510148,0.062344685703662375,0.10234415172326444
3,0.07222182676456827,0.04114539809990694,0.04685173956036836,0.08721700481266814
1,0.07452487315115176,0.03174332493313593,0.10349317573196529,0.06649693119155131
2,0.1014889517945701,0.09206033030286707,0.11060595964279707,0.09818072961445792
3,0.07739558333741041,0.05435569202783406,0.09180397479558665,0.08676611034882806
1,0.07789355248447768,0.05158246097554107,0.08992261306167085,0.08967627988531843
2,0.043579847031581055,0.06582929352483027,0.0716177591523996,0.09526200060784759
3,0.1108573591633911,0.055274330087027077,0.08364088598367862,0.08433802194159104
1,0.0813049711828032,0.050315961866537626,0.08224661824315577,0.09853412288780733
2,0.09202627915316733,0.05539225732017474,0.0927340774621652,0.13523184265632707
3,0.037831719255489844,0.06654594173898822,0.05953876765779513,0.06670634253500256
1,0.05247720387170224,0.058784846029515544,0.08860325903349435,0.06610566458460505
2,0.038555527308445296,0.04834649355572756,0.0610935277639909,0.05386179395717924
3,0.085324763698931,0.03782521965307682,0.07588440639846943,0.07653808570217127
1,0.09012485320294786,0.06526222754940031,0.09827060003205114,0.08148246269899434
2,0.09252884886842602,0.0556920253199195,0.03448591523552976,0.08843339303049756
3,0.09336064342256699,0.08719302650933106,0.04836780150498188,0.056667169999214353
1,0.10842604804667577,0.020007648804571298,0.08881677915554548,0.06418098824021565
2,0.06730299095210233,0.050623657030905996,0.08678807016003962,0.07135067494439687
3,0.06727000847602695,0.054491777718490335,0.08484977319883881,0.13016539518873868
1,0.07185170501589322,0.07803815547241406,0.08181047302243159,0.08607105645847926
2,0.04148605897617164,0.04748894279804672,0.10307263237978306,0.04774619549645529
3,0.07558235947618581,0.07463096200215015,0.04219638056842119,0.06270600118617745
1,0.07211214793096608,0.039893670441730804,0.04748066392424423,0.05213570104498951
2,0.09044055216575203,0.038310079809217495,0.08920616580033361,0.07411968667198346
3,0.03856681891276882,0.06568527998563677,0.051093642445822,0.05801524552215662
1,0.102958069504514,0.036263716623313416,0.08718750098924996,0.09181318009511089
2,0.0574411915559615,0.031510766249999,0.0799871717298109,0.07835602354616486
3,0.10179895669713086,0.01887546953751677,0.10575491974601495,0.0965682065128125
1,0.04699296795862389,0.06098787877404417,0.055723035127263586,0.11711231080808696
2,0.06968808333605837,0.08221313752168888,0.05860628141704987,0.061388994272304154
3,0.08352962263933743,0.06411361242281519,0.07049690493954539,0.09723535580924376
1,0.059199603181480945,0.05600701436481882,0.07757154228908754,0.09272185079567774
2,0.09397853374935301,0.0638968023365783,0.06152430002777021,0.11535521117376232
3,0.11833965989091659,0.06651193216296186,0.06723392123064872,0.11401642296240666
1,0.09154600476228898,0.0335917754024964,0.07413730748197353,0.11301444134212438
2,0.06099901567787795,0.07239681804309359,0.051690604010528995,0.16818782018145798
3,0.05435780763527754,0.03249266927976179,0.09628293236338993,0.11360419240800142
1,0.06615026933326193,0.06242034742378908,0.09109089140492582,0.05502674387207952
2,0.06269386369693679,0.09912906882692243,0.08841405796462393,0.06981658741355115
3,0.06293807182245477,0.05123565024732826,0.11684949783306386,0.09865320966203682
1,0.059787928649171,0.033944933059580365,0.044322654105696385,0.12705274652208814
2,0.06536213703140872,0.054913460364816896,0.07845859660643603,0.0890803990581149
3,0.10962125584032241,0.07883769608727582,0.05332913257669489,0.08533288406348329
1,0.08736737787077742,0.054938118442561606,0.05065925467004774,0.07863083792917265
2,0.05050556329168902,0.02142366096515492,0.06041152637613241,0.10822923163403077
3,0.08257287364542581,0.06630557377819392,0.05818485286636543,0.09909382018370202
1,0.10827401338768419,0.07229765813002445,0.06268963817030566,0.10374019500031263
2,0.07814733508702146,0.024817332519723387,0.02092367937822827,0.11217307847085495
3,0.05368252661383481,0.05976518370171976,0.04424146981440898,0.07531703529775913
1,0.11761847577639398,0.07291690155036733,0.04563684820493499,0.058771824014279744
2,0.07612503810220879,0.08411015537090927,0.0630334645850175,0.06677987868541273
3,0.0929703781055764,0.029054351637364004,0.09412891732325557,0.05100381666537542
1,0.07310254772642448,0.042161971462433556,0.07562845265975802,0.08990722780559171
2,0.08260155095405121,0.027448781569136257,0.06764063696503114,0.08910740660424532
3,0.08148612026714021,0.05785098876454347,0.04907840322164485,0.08375850684838942
1,0.15287782880903145,0.07529889234410243,0.055779543000414725,0.14094555633449213
2,0.12275001574787701,0.05374439717533473,0.06589836653351898,0.04558036236864169
3,0.08720495595659306,0.03722821126633032,0.04555991822432379,0.1745483929726943
1,0.12319181607615173,0.017559762529683054,0.08372340629314806,0.09948674142164982
2,0.09453416035326584,0.06861406008279047,0.04704379766554169,0.1337923587738001
3,0.03324053267577015,0.043173888475596986,0.08694781062520641,0.056966868795054575
1,0.08102035455198245,0.0414142420900461,0.0569202008410843,0.06808475698999224
2,0.05521090864229976,0.04403862144309549,0.09858001073757242,0.09376562525320009
3,0.07597550392348978,0.057362858107198475,0.04011683047729803,0.0482135142049171
1,0.09300795053963316,0.07397457373448123,0.07944355774606529,0.07416338326125779
2,0.09572459008842542,0.05455101707062296,0.10281238368524244,0.08611023799310966
3,0.0470842211025433,0.06000644147590453,0.10084217684789012,0.0679202788293383
1,0.057510897600371313,0.07089849904908185,0.030342094372381508,0.09343373806021903
2,0.0775994066030266,0.07808578906970673,0.10433016990877961,0.08675325867315156
3,0.07257206432886601,0.06755483130153433,0.11994367413729913,0.09817494893980908
1,0.04340441506944901,0.07492576222818219,0.06671209547727956,0.08147022206507218
2,0.08050452430573064,0.05435545318210596,0.08118917608170019,0.10220329150285262
3,0.11972807226073483,0.02129312737830366,0.1109620632452078,0.06521612121230538
1,0.06072397748957916,0.059074988993961366,0.08464704580839402,0.11574031444756624
2,0.07655170605711462,0.05873196469016869,0.09830598265454413,0.06587222078372951
3,0.05477123748266022,0.03254896234180908,0.030804240116109716,0.06742054485146062
1,0.043786250379421014,0.06836902445950684,0.055383620281804206,0.0916551129313294
2,0.08529152233460621,0.04758415956416068,0.06518331766018134,0.08996388682058779
3,0.09705364086447126,0.05439658006892038,0.10259684723696484,0.06958484767804199
1,0.06292629016093788,0.05606345255277631,0.04587365567111096,0.09746262158466729
2,0.052733845907499105,0.03658164680145569,0.048110881177728514,0.10198039620393876
3,0.09099725433347776,0.021345534652462604,0.057627348671521,0.09567365769296382
1,0.13279999804188672,0.0308450321744182,0.08169603520382143,0.1011610043353478
2,0.08503756751159704,0.04104126091278191,0.03880066295987383,0.08208849172852745
3,0.03192709310455075,0.04969335664415441,0.04585277353171237,0.12158693276591515
1,0.05557687641355792,0.06924697494750176,0.07162863180306887,0.09924972571194136
2,0.05005667560829517,0.04911411758883787,0.06331791757139126,0.07334189003790852
3,0.08697699013321714,0.058788596982445505,0.04988024701353751,0.09401655082516916
1,0.07187282516599089,0.06931404019051814,0.07949122650512395,0.10307022210684869
2,0.07808816259050992,0.03393437240531948,0.08401671238452937,0.08845452842556863
3,0.0839841007308416,0.07652035299824048,0.02776481019612876,0.08428306799755463
1,0.056661177217158375,0.06834257143941815,0.05613285920666468,0.06325968595862339
2,0.120585146620998,0.032068414906664094,0.07848443576721428,0.05536732327137256
3,0.06577453452068145,0.051752151684707426,0.09387799691038488,0.07765102188681666
1,0.06251798738066444,0.04139631688833716,0.08120254235292164,0.061881733037042044
2,0.05581838064156069,0.050648131647278855,0.09702089594612925,0.06778738847878432
3,0.14357647494766435,0.03739727526878702,0.05176736065356066,0.0734727492778305
1,0.14009347283042595,0.06240466397589693,0.06269064435827415,0.05776810151845041
2,0.09219714170523369,0.02075887652517054,0.10781855067920551,0.06096411791816954
3,0.07427469740733146,0.04025238287143913,0.054473201138051874,0.1016964348876824
1,0.07980926378357886,0.04083389342816352,0.06150754794975574,0.10625021014388955
2,0.06686004783958088,0.0694846750542367,0.08640009895488109,0.050829708638122
3,0.09422924086658281,0.043390857174383,0.052851490845281276,0.10512104613295975
1,0.14271863693925985,0.09059095954299554,0.06839420963724105,0.047556192874732214
2,0.07937579562252928,0.02684293290930429,0.06353385490385938,0.07703269490977528
3,0.09658128734115258,0.050012474281319746,0.041565996243327075,0.051755967096424174
1,0.11967763723854759,0.05454938749139333,0.0839513280043322,0.053694698312351366
2,0.06469998170956894,0.05511821574933556,0.0677314397511804,0.07852916396478052
3,0.11239415214297152,0.04249505438642011,0.061254839828707094,0.05021953618867186
1,0.10697087172801435,0.07766961108820412,0.12589327698277605,0.05383783572508291
2,0.06177626952712358,0.04113130029814198,0.057920870385154054,0.06023055686484961
3,0.04494701003178032,0.04702111030596673,0.1038306649581069,0.07841385116634642
1,0.10421826831405491,0.059178061003601436,0.09803206507622143,0.10121909284093442
2,0.08125158070679286,0.06012123327645376,0.09353425778865028,0.08071088723954277
3,0.14297502819488392,0.06355033762003312,0.06854637950997157,0.06454604307916333
1,0.12267082589280906,0.06953332712169985,0.07954270280335941,0.11587863548134425
2,0.06269863620968083,0.06802671355187784,0.08721689840925587,0.03997700240456416
3,0.11971551806289402,0.06025419281457744,0.12654637502380597,0.10408015139967508
1,0.11815270189643831,0.05475512657954872,0.09586931164314705,0.10622440350272416
2,0.06895995559858842,0.03652744691711151,0.0752930260642625,0.052902190984499387
3,0.11681198702976453,0.08041148090455438,0.06261594675098485,0.08479389484908777
1,0.047398511712491424,0.06254594437867932,0.06633048297389882,0.05670885003208789
2,0.046293481410912,0.05328817774445215,0.06266411871417123,0.08219260648978473
3,0.08294688473897681,0.051914776011946016,0.10044951883458414,0.048354725188626345
1,0.038988853912210436,0.03372902085690982,0.0973807950988583,0.09141250141208541
2,0.11151003120385308,0.054142638769881124,0.10013361992565736,0.09622477973894998
3,0.07442592282673828,0.03735995981093862,0.08606266042289079,0.10880176744891351
1,0.05455851899189361,0.03290644346351383,0.04355315770423028,0.1234619601993929
2,0.037788939898114854,0.04159009832228548,0.09705134192218215,0.10862128516202424
3,0.0399975529391329,0.043440482291048695,0.06127826415488308,0.10763253245365094
1,0.09846382249469615,0.035207452238865726,0.07684984341556894,0.11757624823348355
2,0.06268254255565135,0.0577008463456152,0.052342158873940475,0.06624801837479431
3,0.08023551415756645,0.06676772222540081,0.03654630637264667,0.07452026173964534
1,0.10676234367946229,0.022522856752345898,0.05300065184963132,0.11836574258912942
2,0.06992865409560721,0.05470272317802716,0.1359905803216944,0.06380017630338122
3,0.1254396134240218,0.02809832708319375,0.09967977753459809,0.07970339170925671
1,0.08337130604367149,0.043371044444881886,0.043694042794423085,0.0669854622960797
2,0.06686450780391011,0.07593836954563067,0.056805198989428395,0.06269411493176894
3,0.04881592860215539,0.05331094936949751,0.08021202514482652,0.0314739506340574
1,0.05061577721650347,0.08000190516073426,0.03522133553321678,0.0691498342967551
2,0.07780927177142978,0.06011544037664291,0.05042187818199508,0.10276672553829176
3,0.05772802303324159,0.05714977728900275,0.06574694247868834,0.1311620787689033
1,0.12626598138643655,0.020922530428620842,0.07173865058187551,0.059048441053315005
2,0.08366895697593671,0.03872576956438961,0.06692649959130709,0.08331115184013967
3,0.08941551891599972,0.051670186921000956,0.09796198997467555,0.06148354769070641
1,0.08949935960626357,0.06720864191372283,0.12317542738096678,0.061503560940721944
2,0.10637387400948158,0.0401541521799131,0.07998091172464619,0.0683168558743155
3,0.0859893131540474,0.020261062297690386,0.054523285977326405,0.05766511547070154
1,0.06281648921633672,0.053691143562839036,0.08784532546060914,0.03417618983761588
2,0.04189387118194712,0.039016973307876,0.0794568412201265,0.11068367922481555
3,0.10173013968671522,0.04251793232483041,0.06547507916810318,0.08198574557224682
1,0.10482759454182296,0.05867647469257603,0.07610938669026032,0.1227227675172154
2,0.05838475925111788,0.033673380744561957,0.0955944472956398,0.10766616286191981
3,0.10113747899634151,0.047158323640914546,0.040353671851533726,0.12051353767505041
1,0.07524128684789015,0.05640759375817338,0.05812000932503096,0.0723771171170706
2,0.03701018031363844,0.04232817360622494,0.055485113726741295,0.10803141188133875
3,0.10855444809025286,0.048281304553409836,0.08554614161758076,0.09421537893219147
1,0.059820521182512694,0.067299476998072,0.10895257050846963,0.0738754723130248
2,0.12680542345504814,0.0423147765721055,0.09564824582169555,0.1472822513107928
3,0.059593855168276526,0.041470918078949856,0.07250897615464505,0.07323984832528534
1,0.041174998377503734,0.0417071209867684,0.08646472052113932,0.0638656065453895
2,0.08912761399163607,0.06585368682861695,0.05923138174834917,0.05811392588976892
3,0.1164391857968338,0.04098068905965211,0.04727379051123992,0.1203688053347762
1,0.08316675615837554,0.06217889946266133,0.11297729687055305,0.10301224666677368
2,0.11755986101674457,0.020908665455937187,0.11107972904175134,0.12809369455527916
3,0.10904963304708318,0.02614733658874688,0.050881902902478945,0.07213677996128438
1,0.08720629189764685,0.0380217983169069,0.044056314874134625,0.06685964432764843
2,0.09318756386023797,0.05890760737520778,0.07073902327510448,0.08341948318211884
3,0.1025290981380928,0.01789198781285483,0.07983390702282497,0.04788590443177452
1,0.09023280609220287,0.0729965723001952,0.06376028024924804,0.052260722309208446
2,0.07397092534107452,0.05439961954819874,0.04101508890682366,0.054815461230298554
3,0.08476537894659533,0.04203406344615283,0.06533707761095021,0.06260418582220759
1,0.08341125648351251,0.045888985945721786,0.04985111330386484,0.13841749404378054
2,0.10711139499491842,0.049103423181343364,0.04728392436321875,0.057794323820847086
3,0.06630015135333739,0.056520810156941076,0.07184336900253394,0.05025959202484645
1,0.07824713525938105,0.07149785515139549,0.11135603059686114,0.05195861344554514
2,0.08824508335726781,0.06306441746788669,0.08986313176596816,0.0675497790713262
3,0.056139779083889375,0.03930177197493929,0.030329939362601463,0.07794034470422886
1,0.05022749733034872,0.027945763322473793,0.06559661680674081,0.07872148657094316
2,0.03030619251477048,0.060439837136650805,0.08386569235043664,0.12800932226397596
3,0.08647295695800791,0.056418749764753966,0.05386552904634055,0.08713537072191727
1,0.07634347869393496,0.07298452145306217,0.05542394756348726,0.054215461185000875
2,0.0825057260800376,0.06148961663921586,0.032274647736929486,0.11895321045221757
3,0.08816692423085061,0.07179969717862691,0.052444371654231985,0.09466642154761286
1,0.08911829850206845,0.04823627299592043,0.0689012321715792,0.09646465712197028
2,0.12019792414343738,0.04283126632443513,0.0828596869534076,0.11761844610578315
3,0.03649803847698755,0.054040018978878585,0.07971603090562683,0.08708307182246547
1,0.04562483704748133,0.05241758337737794,0.10593750647530922,0.13437407700764087
2,0.03801541113183349,0.06512817510601787,0.026380267735707806,0.0738896036608861
3,0.04808328737539229,0.025406504278027982,0.12084530714405048,0.08785297149451453
1,0.07883940824114928,0.01731113961016858,0.09716623759804342,0.08040745104091268
2,0.06996721611832307,0.061615244612789125,0.08202871266951892,0.07659166274968592
3,0.033603294695958554,0.06980467801387552,0.084160184062521,0.04392653134671268
1,0.08827862394675526,0.049916611504631385,0.07062541262142513,0.10588818682808199
2,0.10170250770885417,0.04933420677328853,0.07636317443445464,0.12519881082729742
3,0.09081443013280534,0.06602578591870832,0.07476932377491018,0.044810574440425334
1,0.09781979117473583,0.039963029245750036,0.08782616480142574,0.08865780030557802
2,0.07665087470218458,0.07813314687438352,0.04753689174839604,0.07696078833069844
3,0.03822491932136752,0.05327355074451795,0.03398148016991174,0.08312812080605476
1,0.09101380232769417,0.06593170460979689,0.09815135367349018,0.06108721934327901
2,0.09817621393929435,0.05396569471179054,0.07587989814847687,0.09070372593695478
3,0.04919139216065756,0.062106988375583504,0.06569985250393862,0.030134959813091028
1,0.08992759467800672,0.04314618142800892,0.040066452384242265,0.04827676589728138
2,0.10250595365026315,0.03236120753590318,0.06810628763299995,0.11033384746389387
3,0.08001392876994007,0.06236779529624622,0.039464834541623,0.12029347461376641
1,0.047203251787127566,0.051347644918793046,0.11233659839719436,0.1262033076496119
2,0.035052387606774045,0.06664304138299404,0.06418224130620286,0.12058575685787151
3,0.12189126364351388,0.022556701791090088,0.10522823313640514,0.07954944639737199
1,0.13630845672969327,0.06399331235721992,0.06282299318760856,0.09356301583370076
2,0.09634040734318274,0.07482247259665334,0.07091759665130479,0.05459039588618608
3,0.06184017040205366,0.08032120280446632,0.0652432721086743,0.13086948216849648
1,0.11862971747392881,0.02934337589239921,0.06876822486594666,0.07665848818761616
2,0.06665817166418789,0.019878459773035196,0.051771753364838594,0.04409139993510427
3,0.142013243715778,0.07080679226981251,0.08576550491464635,0.05559228251739112
1,0.15127543478717992,0.05276483530004752,0.06145842675395373,0.07716183184612233
2,0.1123695515931271,0.03538755118240084,0.050309871858698035,0.10589941172089162
3,0.06321893460776268,0.038445434200260156,0.07864383978032244,0.11873336306547908
1,0.07573978911020539,0.053479863303049276,0.034615832165790415,0.08122549440297432
2,0.12242932550896789,0.03309151738482616,0.08253401394737456,0.10325367562568877
3,0.08298603491130303,0.05793095577276543,0.08674980938006219,0.09942222614502887
1,0.06675376765408789,0.050149522085358715,0.06411509223959183,0.07414082058805395
2,0.11939470305220148,0.0470328788269979,0.06256604582271853,0.06426154735299931
3,0.03884517661968912,0.05668765375876035,0.06509288562265839,0.09146859742717031
1,0.10941511444545746,0.04903214742020466,0.09519406132376954,0.06241592523461892
2,0.1000576790836463,0.0376448217246974,0.08368584240436822,0.0919382061467503
3,0.06369152134851344,0.04460326111613506,0.06244393561616355,0.1314180789927876
1,0.06813826271303902,0.06598438351774177,0.11638506469947729,0.12789204491912692
2,0.08140201255714113,0.04788723912038384,0.030417462961964466,0.08482346256637557
3,0.03821719443903687,0.047743627049722806,0.02789216301066795,0.12635807270638394
1,0.04108900231228668,0.07723315055317433,0.07262200565808904,0.038640219270667235
2,0.08483029441809088,0.04772848101381525,0.09314234570141802,0.0719787116262019
3,0.10986374885769845,0.04188703047487072,0.02422434244052571,0.07809151467021021
1,0.08340017705922496,0.022321863918877197,0.058193905298171915,0.052819764553018796
2,0.06177769497828811,0.06950997481664821,0.06653139928337869,0.05575180502285504
3,0.06759482560495532,0.04784720146060262,0.07362169882972154,0.04716490138500286
1,0.05263345127953979,0.03553504021797771,0.08177589762841249,0.07915878011433254
2,0.09962340770733719,0.04055466882028334,0.07127589283645518,0.06524218785814097
3,0.10347750605328256,0.04414871880742034,0.06438056948752789,0.10170881796121392
1,0.1074059105200119,0.053559775924488774,0.0642129150725562,0.06046711483686197
2,0.08948968257991854,0.045396523259953414,0.08125652340976662,0.07787115165611061
3,0.10617282714387635,0.019614090185683324,0.0668951536875276,0.09590498083793265
1,0.08057434714612012,0.053117957404939166,0.13536760986529,0.08228331411334117
2,0.11443225230312548,0.0614758067550145,0.07926745475303593,0.06859966112847218
3,0.08535145451467113,0.0384287588843402,0.02760261981874112,0.056697299299263024
1,0.10602929072986247,0.03723055330658881,0.031167185079184624,0.10392420177879681
2,0.08846339720830712,0.022353002342877015,0.039820284848406266,0.08228640231531784
3,0.08422767211152864,0.03651266656987985,0.05762968691739982,0.10735193841399873
1,0.054667822049299306,0.0487045915286449,0.07699691596466185,0.05965690960984285
2,0.08538230822266817,0.026476120050689445,0.13741490282638869,0.07750259900235619
3,0.13093959842132064,0.048982200403157004,0.03072569439902246,0.06306745993469402
1,0.11257704329260801,0.01861415820538368,0.08947755727226851,0.0635535990624518
2,0.06277088743895173,0.03837838178486455,0.08159129714356621,0.05095318583865047
3,0.06361233488456171,0.024278560130697048,0.07450769225948745,0.06802594212035193
1,0.1090309772773417,0.02098064948389205,0.07369510672585831,0.08579596976099574
2,0.15607928158567191,0.06444369567350478,0.05703630636904841,0.1229431464114461
3,0.09030667432449499,0.039934347926178164,0.1069892587271475,0.051754435653403874
1,0.03448569742726626,0.06087479616167203,0.1113231996208453,0.08746771954498048
2,0.06388632137743412,0.058029364052768984,0.07952640841085401,0.09209171502711971
3,0.07660233051986486,0.07898288651372971,0.052757108019837094,0.11080830560328693
1,0.12168576791766289,0.05987380950143817,0.09207498280023267,0.06580229269231277
2,0.1093777962271793,0.03464905134342201,0.06365605929889026,0.12112660413740055
3,0.10354242088831445,0.06194548985991407,0.0941828234817173,0.11141018311119269
1,0.087180384543222,0.04089776348581016,0.07344298043042724,0.07429832730768683
2,0.1265357674905403,0.048496297221433345,0.09229883676445241,0.13496622881403064
3,0.08248375057623619,0.06495023618863896,0.05097220551819692,0.0454631867649568
1,0.10541023233141644,0.05440542977321425,0.05567992047122862,0.04728118566653868
2,0.05558199897907749,0.052933781546855255,0.04865803456664926,0.08350775878962362
3,0.0888973254642316,0.07686835054842818,0.03985610254289401,0.0985560845359929
1,0.06064500861481549,0.07849564436677335,0.07852136788196838,0.09551514007169132
2,0.06033207644790275,0.026711508096708622,0.13353306626175238,0.07973361631771615
3,0.07561969310911884,0.04452637554358999,0.09103168466564968,0.08336690810301099
1,0.09295934822722345,0.03275134400422735,0.06022780517144709,0.04655642014847054
2,0.08789182772795172,0.05825373516133141,0.07648111789023315,0.05798782588114539
3,0.08149516435981598,0.0604583429245014,0.07938709809574881,0.11605080853861946
1,0.09186083310384721,0.035478871959435325,0.09024378376714996,0.0799419935209822
2,0.05859371053778041,0.05593559604231873,0.0816307231054773,0.1159884650609039
3,0.06086886797096371,0.06423773380449842,0.03790796062069041,0.08158515803192017
1,0.0559580137498051,0.06281593526873579,0.06818632666194487,0.08981677914792434
2,0.11862417306798279,0.055343313901654534,0.12267962995611645,0.07692822410962184
3,0.07322502044832227,0.01954369840932049,0.10006359391720737,0.07225591025814744
1,0.07595097496349026,0.062373025729146804,0.11168234378542519,0.04110502524942765
2,0.08746902051846576,0.03815027736704686,0.043379911290492346,0.08792956200357245
3,0.08603101785642792,0.05190748170541349,0.11196064691787368,0.08707842855288611
1,0.10851700511656442,0.027503262875125837,0.05850034752050977,0.10609155281620057
2,0.07252488597152183,0.032328770402563864,0.04200446330594183,0.06205592015649078
3,0.07044301295463586,0.051039403558166746,0.052837436414486585,0.09856462106461963
1,0.08160469194560863,0.05702971564447417,0.0835073161952504,0.09294430465366389
2,0.10039412845829176,0.047791652144742555,0.09961671064982805,0.10047450166782271
3,0.0842254459676634,0.032701309962910596,0.03579830676374273,0.10512862574802201
1,0.07590920601122624,0.044574747444897006,0.1452094009248467,0.11443640407463604
2,0.10452753401165105,0.03806503343831811,0.05270114038640807,0.09043050362287815
3,0.03752161297192811,0.05471631204220867,0.07823107516166126,0.13720125957399298
1,0.0388262610779973,0.03897840920267423,0.07044782847697789,0.10946168796718318
2,0.0537075844650277,0.05901637725646357,0.1021672162784934,0.052686275199986116
3,0.07058528259963544,0.056232445695904285,0.06476319493485481,0.07214344833453723
1,0.07888088571748748,0.05189131172911798,0.05368884885860682,0.11234342269716203
2,0.07524721702343125,0.02267244211443524,0.05634893954112096,0.05841364462815082
3,0.05901725904215338,0.04844121694270284,0.09291206255195883,0.1064883758551966
1,0.08310356846088406,0.07341543600903817,0.03574626794145847,0.10299934338551484
2,0.11683479720932016,0.06770729925906184,0.09930412267274966,0.08450710817896599
3,0.09663146342926733,0.056578351658104604,0.029668449500706823,0.08299959358348204
1,0.10913562713083438,0.07375181963727094,0.03727478198333049,0.04229589772240377
2,0.052401505937836,0.05268787679812548,0.07377487648221712,0.05448165334571768
3,0.06612751530436466,0.049200007847082894,0.06280251649781433,0.08468734066180018
1,0.07269815239497787,0.060086016046907,0.06481134157164298,0.10441251060227852
2,0.08965161616648269,0.058893125937435335,0.09742375569927274,0.09293306357989355
3,0.07133571721628985,0.055980024088039475,0.09707558248541795,0.08293508571044443
1,0.10383460154739634,0.03465753191842905,0.04828780891061288,0.0736667036859739
2,0.08969098543368516,0.04588538458934749,0.07643302963549518,0.07684357350394447
3,0.061032878406588296,0.041950460551742584,0.07089138832252974,0.05091640328931883
1,0.12062795813762482,0.08342360794314863,0.08487141589315259,0.07185038552993835
2,0.11649914813657045,0.05227526735651582,0.08596553046823766,0.07138796835947572
3,0.07819895097213997,0.05548748971910432,0.056664338568660474,0.05231860753748976
1,0.06632436968718718,0.05799486232663502,0.07116012865241256,0.08583732240444943
2,0.09104698870166619,0.03574124314911588,0.07213587132693364,0.13642891287785486
3,0.1081124419407332,0.06351790033038932,0.09380236343678365,0.09645647920980704
1,0.07326516419990838,0.04228375449458165,0.06666927186884122,0.05729450353639856
2,0.09856762795785264,0.060698579394728065,0.02724551446457895,0.06677806156544257
3,0.057157737837830236,0.03436043436432108,0.08689286513038705,0.0644254105836502
1,0.09753373539112448,0.017236718860398723,0.025548014921389334,0.07177103191673338
2,0.05024576253892854,0.06479566728943001,0.040619550932815704,0.04652692787230116
3,0.06110860361520809,0.042573422486957,0.05929843754313328,0.09354905679612513
1,0.08652481688177695,0.035693173265084505,0.11512173902659473,0.08362342962158174
2,0.0926483253775837,0.02613272473666111,0.08085853707141623,0.06742155803261972
3,0.09785385059691684,0.06372879592204116,0.046245710133604616,0.10030044696846398
1,0.08833097823225322,0.0923055727619704,0.059239601137976064,0.0927600048306561
2,0.07928778317957785,0.05360215618808499,0.11061765861516198,0.143468457621298
3,0.05543652335730682,0.07011731975717136,0.059900630367833566,0.09643012854560516
1,0.0509822085615849,0.018410285065749404,0.048506180574817495,0.07328699648641408
2,0.09367834376942939,0.05882952681402029,0.11600477121929503,0.08699851376775954
3,0.03663553585969178,0.04180404221793657,0.036639959671362,0.10449675457988722
1,0.11875825711823125,0.041634909044691554,0.06285928895822876,0.085799646886179
2,0.09337753103414112,0.06825291806202526,0.0664974055170233,0.0979811531280618
3,0.07776780868199225,0.0821734214418891,0.06689409697165836,0.13215874485990461
1,0.0847869260856227,0.03642679679749371,0.08771734550553113,0.10434314346107487
2,0.06289022307104554,0.030129486150096797,0.10412946618390104,0.15128830376653934
3,0.13257191583066066,0.06187362127104392,0.0903804203085799,0.13757237884819667
1,0.09840355334245592,0.03998593762378496,0.06208532822860174,0.09859879520169676
2,0.048257188523933785,0.04453009229508274,0.05956361032859544,0.07890717152451081
3,0.048619557965971005,0.03378513393573642,0.03703867728763377,0.0921393560238246
1,0.08226143722125422,0.045549986596383145,0.07453247129206889,0.07595355337609262
2,0.05904326086950119,0.06262684112330498,0.1076610063087644,0.07773234481296214
3,0.07347467135508001,0.07995537072472467,0.08666201367311764,0.11547069629545816
1,0.05982602815245601,0.05006016599472924,0.048943996941318124,0.12254928594665176
2,0.06111179004054105,0.06011096067153196,0.07102247478657303,0.08940515311525848
3,0.052597759234279236,0.06532101876074936,0.10043216849110839,0.08613720718624797
1,0.06659478429523874,0.0367850149800124,0.05159986115513397,0.07855438481317827
2,0.09515695649033121,0.04747056740410746,0.07470160827867527,0.08343322043020984
3,0.06871113635064162,0.027546894974066226,0.06626358475667125,0.13417969670013907
1,0.0765136360629309,0.02598169176885654,0.043973771895788764,0.11605159280909631
2,0.10704405112762327,0.05967498343475463,0.06707958287869643,0.07456172484736899
3,0.10707326735478895,0.07517010696803965,0.0871025162149827,0.08558777823453004
1,0.10699737522403675,0.062493597087710004,0.06774494839606432,0.07140800152057755
2,0.12635383887469948,0.06559105086840475,0.047032647212733245,0.08736177022379363
3,0.10954998439124712,0.05261032677485946,0.05433064427850519,0.05027625476975938
1,0.11884832032558884,0.04494770090063863,0.07874202327143662,0.06361400342953553
2,0.06874312677980185,0.05836514492537307,0.047146537009056994,0.10516680553566446
3,0.061767223960264316,0.04910855063889805,0.05458420061984649,0.05358414505920271
1,0.04025139342549412,0.03430217201131734,0.04380002634242651,0.12167630946197212
2,0.08178196497248438,0.03113715333886159,0.05855984225341525,0.03729700856000194
3,0.08467983343429013,0.0453258340067549,0.08826395067421704,0.03746378321141058
1,0.06851110644631177,0.050255381370607914,0.06258049070065368,0.11321490199397116
2,0.0814278742829392,0.04337566251303271,0.04901050169066974,0.13494319232051494
3,0.05155959605671183,0.035814396317321,0.06463971989899911,0.14103172875544834
1,0.1131086017610063,0.05516255821909127,0.0394837426994262,0.08492074615550915
2,0.07946146996963785,0.05732269779512768,0.0753771749388695,0.09825754140821003
3,0.06674105834629904,0.038484882898356824,0.06591058687546433,0.09100137356041985
1,0.0842700975473157,0.05745959221126666,0.07692681314744308,0.11313594189252316
2,0.08971506664469463,0.09661971877569978,0.06498287582697597,0.10031070666335085
3,0.09901320910341901,0.04821738942901966,0.05054328302336397,0.09103044159557504
1,0.0889458494441771,0.028620841934863753,0.12304660081194875,0.11339492173212683
2,0.10246453740872392,0.015490680667208913,0.05661394568951024,0.06593692640317214
3,0.10022184335209403,0.06196306985547471,0.04679620916887691,0.056819520578547986
1,0.07314652411921224,0.057615400970089346,0.023848617307710346,0.078511603230595
2,0.07718545789935627,0.04897460699487355,0.09516471520863634,0.1163471621895446
3,0.08187067670917592,0.04475451746619168,0.10450332754026706,0.07601726868029848
1,0.08758090315445406,0.032259761187122205,0.059545232225604885,0.08360030751071701
2,0.08884204098255737,0.03987334458613434,0.03113336110645759,0.0377252724956751
3,0.06185898942626327,0.06876159021225525,0.09797312800401531,0.1189322516231946
1,0.06801243768055215,0.042703930895209775,0.09779521385058217,0.06902718310137543
2,0.10289669014870964,0.07290351830267176,0.06187436937321138,0.04997168965917635
3,0.059374664631882,0.03503873249412927,0.07307447579908737,0.061805077723537064
1,0.047621689133777345,0.03788295386689772,0.041151548589569376,0.0359194546187643
2,0.0710025128384563,0.062462889159147605,0.0986895072640154,0.08674431426753867
3,0.1004752953308482,0.055358278419621085,0.06917196087323618,0.1392963069052806
1,0.06455414402492254,0.07674293998271886,0.07992042803229188,0.07795853954927322
2,0.09618985170544292,0.02283117999491944,0.08573064406087542,0.0971388747301204
3,0.09959408295935687,0.05979081175252263,0.06920206277730566,0.09918948009859886
1,0.09526573176023004,0.06137067463504384,0.09454558219816851,0.037560346355917186
2,0.08858810719156439,0.04391052172241229,0.05387345657250882,0.10117280638601224
3,0.06421597822826218,0.05519322598048414,0.09046274995681668,0.09337171428091703
1,0.07581175778808971,0.02016278954066747,0.06508511702445935,0.09314131273468923
2,0.11179228443222901,0.052851772115497,0.04502137426579769,0.14760715461451293
3,0.07306414429115335,0.04868201073626166,0.08126506420354455,0.06146394316939976
1,0.05389877895612505,0.0753377783044834,0.10400366690857987,0.1138368403121679
2,0.06557840695259677,0.04734339384519853,0.04182437408514708,0.08643338812897138
3,0.08352876623605465,0.03357619605725441,0.08239719326023993,0.08449548574948888
1,0.05224525462304575,0.04577670367831187,0.0374989276422645,0.14851575384655313
2,0.12247164859300391,0.03846401590834842,0.05326182783484221,0.061944680410685904
3,0.07306679441690485,0.05897088098797161,0.11343968516943145,0.04645162129550954
1,0.08682712475051138,0.035719268675570646,0.07887688658723865,0.05791890581467647
2,0.03317449201810036,0.07622495257836301,0.06511216681919128,0.10957554089295146
3,0.06202620248505383,0.08916291987469452,0.07240097275107674,0.08602425582907654
1,0.08893538550173269,0.07528942387824529,0.09281227810390684,0.03535191727517169
2,0.07042242682073309,0.02120862404558072,0.0354285031363765,0.05657198826011639
3,0.0794078259778068,0.06551778055109081,0.08410336528981688,0.09537766853781834
1,0.052723105312421165,0.05114810868497494,0.10997334810500539,0.12212867611534524
2,0.050694395438179385,0.056266877314039704,0.12385974718828002,0.035377134381606966
3,0.08224408820426109,0.017296487494910473,0.052610250184185296,0.0922642094668708
1,0.10916344097346788,0.0819815730424151,0.06915491738340768,0.03173105695022379
2,0.06897903628287115,0.04284230827425926,0.0862007657541134,0.10081664990245362
3,0.083067105774857,0.06157009345304057,0.06148239396923068,0.09609776853579217
1,0.07561612184479259,0.06426952926720413,0.08229820017277244,0.0563691854797267
2,0.05179873784919819,0.03945414052629198,0.08874088051433754,0.09472420908033971
3,0.0656697274728984,0.040045301494192616,0.056099692731652655,0.07153741193060399
1,0.11097694328242834,0.03728681131849615,0.05357693340417196,0.035932759623158776
2,0.04165202229792509,0.06674045744392756,0.06839594489469569,0.07998745660835777
3,0.09321474465160182,0.04378196873838503,0.07242778790557258,0.0823338686665687
1,0.05549628237715362,0.06237075597132117,0.07035627808980657,0.08880175828784753
2,0.06499359041899287,0.07373521671297989,0.05863322189601228,0.06604398192388525
3,0.05290419244511922,0.039323047162974946,0.04623182847169434,0.07998579408091029
1,0.0790270095303637,0.06469706003092275,0.0804174961064014,0.05754392293451457
2,0.10521979345287186,0.031023559119843176,0.08121214223768533,0.09025664055269444
3,0.043196785397125036,0.01866555560077513,0.07564265440542313,0.036236923439411456
1,0.14423204622846553,0.04708936402987333,0.05121049008231007,0.07125942049812127
2,0.04958269434346045,0.04302242542442608,0.08348569269927335,0.06285376880159471
3,0.10142741810951529,0.034397337286760594,0.0383348110473131,0.07117214586708592
1,0.08616949702194439,0.03760448744085771,0.08811854440949779,0.08043298698261786
2,0.0518301163664157,0.01972089340490949,0.11433945050904806,0.08441780984344172
3,0.074082264982092,0.02207452394146426,0.047198612644171925,0.11805837679410681
1,0.11061420171300868,0.03959072441165257,0.05741098134567417,0.08139611136634993
2,0.10267335366244311,0.07777436951226063,0.05818133383516758,0.10694710353282935
3,0.09949537988266946,0.07598154274250354,0.02749248545346321,0.07515010146895865
1,0.08996411164020301,0.07216523794594794,0.06215634707840058,0.09047744327008711
2,0.09592515684406494,0.05114047590710941,0.08533187745314015,0.05465554932100094
3,0.07820211507638516,0.04322019373472219,0.07591306448967193,0.04769400076775736
1,0.10941651045084085,0.022045098549629216,0.10612943063572441,0.08941072767656282
2,0.11120151555096812,0.07119884536704033,0.10699817238366519,0.07273422907265967
3,0.08818786015178376,0.02557236571425278,0.08502801028811544,0.04009978936039121
1,0.08192496391831806,0.06363636819779275,0.027251180195993367,0.06830144409607113
2,0.120949374514419,0.06557466994278224,0.09931231266153062,0.09472655010401103
3,0.07011062588357693,0.06223641288765111,0.059029583218741445,0.1391632158832198
1,0.0763856957664337,0.02882969955642961,0.07443072631442603,0.08798908391371785
2,0.0666662074214634,0.0646687406194919,0.08603726534065262,0.1247199932498035
3,0.11693169422902006,0.06926284276410004,0.10262107809338639,0.07874262202685306
1,0.05636294702286321,0.07742753537354663,0.07892358688302777,0.05557744937371238
2,0.060971797656112894,0.0284763885632611,0.04217262860805043,0.1097700748609657
3,0.03474681929860411,0.043700266903882505,0.03890010560678016,0.06958614421064895
1,0.09732311666196626,0.05705345520123402,0.11149777410326145,0.14680019991711718
2,0.11598085620614226,0.0394356349994625,0.08089803133293058,0.1400659281544946
3,0.07499505028558917,0.02183794443943814,0.0437885409086607,0.036260587408174415
1,0.12105045327180404,0.054571067862276695,0.07093785929592387,0.0946916236247004
2,0.04093168503419745,0.05927353773812539,0.0561034852902507,0.13517905936957922
3,0.10658314863399267,0.03200666513882333,0.10320425592986901,0.08402174776912535
1,0.08993359274311957,0.0516112191761215,0.09709586592525953,0.13019059382680975
2,0.06358920100861824,0.027814836725467425,0.09890930320701216,0.07259783427305683
3,0.09116281732688904,0.051598011957996855,0.0539790365564361,0.07017498994128016
1,0.10607467172588372,0.0566500611224694,0.06941292991348547,0.07602298717805014
2,0.08358355032371903,0.060857604540490294,0.06216433934873902,0.09151677172093955
3,0.1080903280831694,0.09815413791695343,0.11124955712402798,0.11190837509167124
1,0.07822241798534296,0.0363897244870251,0.07593950495260404,0.10333914464212837
2,0.06212563224073088,0.02917563608990962,0.07537311376757813,0.07177919313073383
3,0.10104898057008901,0.04992886809770169,0.020240380986413058,0.07477998679496983
1,0.09326022482439489,0.03659403867346245,0.10056151437248836,0.040236040910633215
2,0.07405283015139093,0.031862404169937165,0.08991461923415214,0.12232051985162926
3,0.07769733441225102,0.0575916373006208,0.1144169638107618,0.0849230350511559
1,0.09157809733835806,0.04485474273378199,0.11723118031268931,0.15407709355162136
2,0.14824638575036864,0.06016288960893226,0.07468166126708067,0.10709891275779411
3,0.07740291902744259,0.055201298846311,0.10587706638754309,0.05188480756241713
1,0.060895276442284825,0.0227258555790138,0.07828969147047013,0.05784551327735635
2,0.09044916110337921,0.051377676991021366,0.0766539490587406,0.09156860579381895
3,0.08475162034707351,0.06210126341488005,0.08903860458389794,0.0691859159375926
1,0.07062250064222651,0.06825707972439843,0.05241766565830921,0.11983530960657919
2,0.09612032414932416,0.024207364453971297,0.060410394992103864,0.07904277350423349
3,0.09165491736421985,0.029665421699899375,0.0628310375712745,0.09031865850465105
1,0.09882266815580422,0.01687530128315161,0.042527854642013516,0.07004127176216803
2,0.13374091741992342,0.07152176673466229,0.08782214260977253,0.08700569225367255
3,0.05255577328806556,0.024870262251640893,0.06733989710551784,0.10029119871189071
1,0.0567193038911922,0.068832283730974,0.06043794468804899,0.06721970215114004
2,0.1063047913083001,0.072152657898949,0.05185386213689765,0.09706018657259256
3,0.04376505542437372,0.037349556396146295,0.05470687183727761,0.037425634296683524
1,0.08694591747864737,0.04297670413992073,0.05607012203148095,0.13390516982918316
2,0.08158709251826185,0.03834425871421686,0.08059441451324378,0.11750778704337572
3,0.06222903092749833,0.042789374858741604,0.0603676563729828,0.07324412503720056
1,0.06227405428604138,0.023534093250847432,0.0816730785414375,0.13553407867724654
2,0.037942802250777986,0.06511821828402453,0.1106182759809902,0.05545673744371864
3,0.03706224456806082,0.05611930137815848,0.11074674396248924,0.049549248392709216
1,0.05517248544027205,0.04949303271993358,0.08720304487203753,0.12361028757910161
2,0.13502081494999763,0.09537594317182352,0.06198436305962362,0.06132542577410029
3,0.1624287940409025,0.050202530665105806,0.047801493436742074,0.07153663191297419
1,0.10501573453138749,0.04969922586394594,0.0322368760960007,0.07956321771951748
2,0.05430513870246907,0.03377931117062263,0.058379430755843974,0.06754767166319808
3,0.03615301635086338,0.08795075047476489,0.105943453069679,0.11424940920362026
1,0.06600529500898694,0.05606240572487992,0.08491901177952921,0.040610363673426374
2,0.10035183490792436,0.057812023082781126,0.05901465462067227,0.09006138276106763
3,0.0757873285136107,0.04993615048568428,0.037861720938997,0.06351816370270343
1,0.05040885707794748,0.04489171439210286,0.0820126241570824,0.07819508491167353
2,0.09628096225311639,0.06695470565392606,0.04386023767277008,0.043165460340696085
3,0.07726620469163704,0.047181059608352165,0.08572881251652695,0.08013327796459188
1,0.1210778144865351,0.06480067501626036,0.1031452502326993,0.09989332407149899
2,0.07573818420475922,0.05787708612153142,0.08124437333153942,0.09509692213736319
3,0.1125054817829455,0.05512527235533553,0.08557401989611294,0.08731095831633814
1,0.048238892302066745,0.04550619102457688,0.07079782001295123,0.0790272711003366
2,0.04060090274113899,0.057626850401324606,0.09964260574070305,0.12327120609602049
3,0.10033056406974482,0.05638616301512666,0.041844828965858144,0.10565753872383618
1,0.09126516177940223,0.044521440144891955,0.09871847398060862,0.061093828919168064
2,0.10073511734175127,0.028493178953725357,0.07293601018269538,0.05546912391762187
3,0.05353545699405507,0.022485357108889874,0.07415506643390798,0.06527281761432538
1,0.10152630779050771,0.02468779294872944,0.04717980062316865,0.05451206082304816
2,0.04060524946506369,0.04255009413712663,0.0945054052199317,0.10621197144443256
3,0.08774770628604266,0.028835486699192673,0.09323875377676977,0.07520005892929156
1,0.09279376983986382,0.020911359325344173,0.03104342975006341,0.09082862441170232
2,0.06931541973290671,0.06377765173177485,0.06348498752710091,0.11063791735052461
3,0.05377772804067335,0.030260622961437233,0.04319520552321851,0.07532317460080597
1,0.0991207476519729,0.055565283786577165,0.06363370554253492,0.054582200132598804
2,0.048563838338697624,0.028108961364116877,0.08594362767097094,0.05705777508103532
3,0.09662308917706403,0.053979805452358635,0.06289699769442438,0.10220628162907272
1,0.09257395171178978,0.06269051017094701,0.06347739178114394,0.0978317634204375
2,0.09531630392633549,0.04947985106835282,0.08482555824567592,0.03735653052919276
3,0.0779261912808051,0.03959743015845512,0.059233971187475074,0.0637322329216139
1,0.06008117591907736,0.04338819271856027,0.02517340536218357,0.061884218327605614
2,0.05778352176115126,0.05507000386239816,0.036315718076163024,0.0776884122937958
3,0.07010822661013227,0.06006787392871189,0.12513498037621318,0.09920085759247715
1,0.050872007202138136,0.06324044110399786,0.08903062531624513,0.10132258971249572
2,0.08916836229754514,0.042259922285474615,0.07994872619900134,0.1449275268276422
3,0.07181289528099535,0.0793335736528017,0.04288310932360164,0.07384939251714025
1,0.11592670177237728,0.07399212601636088,0.06086086990282831,0.07255476068171766
2,0.06483829915384073,0.025987242033249862,0.07388637072093394,0.032774406003314445
3,0.13982291465231783,0.06071398361629433,0.03705722517699858,0.06660921455758433
1,0.06330563289833098,0.06720438199562068,0.07114398450139234,0.06268890893492782
2,0.06673975673676358,0.03315472728834907,0.07117120125910076,0.09795748358883313
3,0.08266040696820437,0.04424603237447396,0.06834133302017419,0.06651714806254828
1,0.07954315711704232,0.051153784747387826,0.04004478301002724,0.09098864843894666
2,0.10932554690346905,0.03729672469271958,0.04448660069055328,0.03795750594412898
3,0.0618153377770714,0.06432192373895854,0.07077054851958073,0.04898078838447578
1,0.06045989332657306,0.0596854342405458,0.03333891548023834,0.10651761202447017
2,0.062306113935693234,0.05063718659664974,0.03987501835254211,0.10444124443893489
3,0.09655240240323208,0.0522476770734276,0.07698343187668164,0.06318199561200634
1,0.06608128909965422,0.052351546770359005,0.057608370239029025,0.07267264367996416
2,0.10740891591399221,0.055042988876573044,0.047879336470933315,0.04627972598699272
3,0.032550746694251245,0.05539631728280665,0.10438305010510812,0.09259956284881019
1,0.09993681224071348,0.053747849263168404,0.07941946309449742,0.09655885668546704
2,0.07002672098471191,0.08823704757716729,0.06317041686110428,0.08911691903877847
3,0.0620044359970861,0.025998060673179012,0.08279030679685011,0.0789988302325626
1,0.055003315230423934,0.06081281683259495,0.07406820298900078,0.06889071593928013
2,0.08018766443769278,0.026964261115172982,0.08735704844711353,0.09102512152124966
3,0.08155001099889203,0.016529334291562232,0.04064701724382022,0.050285923387543646
1,0.05493791481160244,0.06684318701105268,0.043955720759157726,0.04351860259368596
2,0.06205233376974252,0.05936084779703974,0.06525492864192382,0.055996852597091404
3,0.11518557172717517,0.04177802474874825,0.04662939488922137,0.1008699666198743
1,0.05240244078902666,0.03870692747879244,0.07585547333281535,0.09704150426694721
2,0.1502117755079178,0.049464580559071755,0.060263413388037666,0.12062627949591337
3,0.08239835805578931,0.057562436939905065,0.07287629871207275,0.12469979279856509
1,0.04376416865545879,0.054267849182694186,0.10140591653273102,0.12025439087606138
2,0.060028148275081156,0.04826401295618004,0.06622131213045877,0.08100742520266183
3,0.07039528204443322,0.04355626892251388,0.08855066815308839,0.10424125737363396
1,0.11451308819999674,0.04150586672667766,0.0892256936830108,0.07064067559221496
2,0.08510422841752353,0.05456640162979646,0.06237492953976871,0.08214346892437097
3,0.08689425305271857,0.05496968852296649,0.05180152768186384,0.07179174627560926
1,0.05846782558582836,0.04234890702412337,0.09208858937515794,0.08842117390993663
2,0.09192519374689372,0.03221886457803328,0.08393923047617388,0.09246195086346991
3,0.13010222164886484,0.06261170153169092,0.03849774048947974,0.11626791641383119
1,0.03899692937045023,0.0694701034361849,0.06597726184908496,0.08169072855044467
2,0.08601423257744353,0.037131401059898796,0.10433020922672476,0.13471397347904285
3,0.07088670171426663,0.03221479816603805,0.06338095082081527,0.04690628485660785
1,0.08502200452656267,0.028455158470567135,0.050450431909889334,0.061824544168676054
2,0.07506302179191984,0.08733936408039332,0.04605141356001302,0.056771365667448045
3,0.06876564996314553,0.047311079609422456,0.13150820510811845,0.0708589604295454
