step_index,object_friction,pre_approach_linear_velocity,grasp_linear_velocity,grasp_closing_velocity,grasp_stall_min_time,lift_linear_velocity,transport_linear_velocity,placing_linear_velocity,release_opening_velocity,retract_linear_velocity
1,0.8365399438803937,0.08808335352957955,0.04818324311349113,0.0878060265249972,0.5782970263056657,0.14934735976138397,0.10713516893614587,0.036315515856436366,0.08162134807413887,0.11418007351532389
2,2.0351628759522433,0.09527691334246391,0.0783193694602855,0.08155631636051348,0.529887258210774,0.13205327007540996,0.08376986163870562,0.056362253425633835,0.06353752429875309,0.11886457985704539
3,1.1309158652759312,0.11658407427742132,0.05804761475324072,0.08505277639902659,0.3095546137793592,0.12314080390225259,0.0806422779582434,0.05540036682531639,0.055249520815255214,0.08114931100201485
1,1.5385984078241417,0.11015636137397976,0.060307997040064204,0.07599050187573746,0.280562957279898,0.17322818355353942,0.1068139619077643,0.057633294195486365,0.05611182726514103,0.12004059719912069
2,1.5057241215378179,0.12102535998420821,0.043942029959868886,0.14522152205824188,0.33564165737720786,0.12484193528825738,0.08552380745671347,0.05461525097025168,0.06110285749705157,0.08745917508641855
3,1.398683381194937,0.15767603111462247,0.13407498471949225,0.09843622229752066,0.20974322549563762,0.099638840252132,0.10744505543011955,0.06987142785572378,0.07725341124297799,0.056594295242873814
1,1.239691255070948,0.111428173316856,0.025497278594433757,0.1163628028477321,0.3441668280867929,0.15480105878401085,0.11041445824039256,0.03380211179305382,0.07332471902022844,0.10967783589841074
2,1.607727434207029,0.10452265623709694,0.03712347718181394,0.1451731812682837,0.4324380063486779,0.1323774300935185,0.05045572253014948,0.05882344516048861,0.07491416537877985,0.0974122715558618
3,0.5469974297923994,0.14858092980227897,0.02593129890281942,0.0543287095546193,0.28460231316606954,0.09183242309689685,0.04330538100565881,0.07259734626121145,0.07099777967824354,0.14736712012883585
1,1.400466687310911,0.10983797448421215,0.053963357900709163,0.12205936776389048,0.32670586104081456,0.13485014212390942,0.10989259323877938,0.0486554042171246,0.04960272047538493,0.10338212150401627
2,0.8282818202723623,0.0783208435155773,0.06165112296074671,0.06544773479215332,0.5053272650791185,0.12444622907229615,0.10217101827874005,0.03180183503011503,0.07765772699871235,0.060809619296069733
3,1.4254024377923304,0.08945806793845466,0.08033017907798809,0.08922719325275583,0.2549421991441416,0.1413760820546904,0.11750877275176697,0.034168925793223545,0.09082441383769264,0.10210221274842615
1,1.3211642660934386,0.2045136166843215,0.08003482605514028,0.09580573934240924,0.24859991426585992,0.10165911326688053,0.08435908724516378,0.09403303616529135,0.11289523050034311,0.10048609963794919
2,0.7862500037508431,0.09432378784541466,0.023798814279953992,0.11612487914248765,0.5417482319157525,0.1513754373325591,0.03380795395904562,0.043884349940161035,0.022759475238617405,0.046905034621989646
3,0.7596450915067066,0.11276658920651152,0.01273040393725456,0.06949838872556492,0.4449971854147486,0.09173015375256653,0.07020954800631835,0.06617645680551952,0.08105771303913767,0.03381978008380517
1,0.9858308974567528,0.15462422974237597,0.06718453856906748,0.13953813103496937,0.4225069298293836,0.13812186662199052,0.03467747089959192,0.08938474153061374,0.08949127342474375,0.08682145985159709
2,2.368539405914742,0.10435236390974399,0.06715047881829217,0.09858504084891952,0.3247676062014302,0.0925805773412422,0.07460235314237738,0.03007086114150624,0.12146734628604797,0.08359935579872871
3,1.7471710971962142,0.12312812433497175,0.03319956375759288,0.08457540875669109,0.44944119361510365,0.10372978679655792,0.09263711903487476,0.043833726831565056,0.05086806874414447,0.0973611417739808
1,1.8401241580351093,0.09602704205617987,0.03195924647022405,0.16423038887469593,0.4987370015171973,0.12748603690120683,0.05993136916285073,0.02402480156480726,0.05607560377720604,0.0888089471735712
2,0.9941984315140013,0.1389507726934224,0.06813383741936083,0.1692914751328422,0.46171367850186584,0.0913271187095352,0.06872001673597003,0.05564875834986131,0.08353053471179092,0.04249444483714626
3,2.4180288922675315,0.10476856698420894,0.04520003542054671,0.12017986695826874,0.5050643660818748,0.0757415156461747,0.09821098120712149,0.032456407254785366,0.06311019108860455,0.06431508495797156
1,1.0810058351834937,0.09882152546818175,0.03238453636467805,0.09213630108686927,0.37721008093018926,0.1752324988096707,0.09730404622370846,0.06165647425252435,0.08488916502702423,0.11146091795532709
2,1.5842843802584086,0.0632818636244474,0.031298373974335464,0.07878754817299805,0.5274128936726782,0.12067669651514082,0.09203236787479126,0.03764366908229346,0.04540136824480505,0.12644307630530555
3,1.5766709745953515,0.10105435694303813,0.0842184896535708,0.1568344816611609,0.30171786006354295,0.18491995311029552,0.0886359019130479,0.06553984629707947,0.10097416700191542,0.043501290533292464
1,0.9667930964983201,0.1238993325880901,0.11900255609073679,0.09162341347855733,0.4652596553807296,0.17324037364553274,0.08989738994272871,0.04788907159023067,0.09753231237936524,0.09748685646492009
2,1.0137059050180008,0.12851219027247657,0.026993049440762956,0.09575894845476228,0.4290641194406192,0.09021288790462399,0.09487468449489861,0.04200477318752208,0.11102815138554128,0.10816607075284827
3,1.1232049266322033,0.103052416711399,0.035490837278710066,0.1468916939972908,0.28623575827453557,0.14799918372655707,0.14539573855820287,0.06701925005086966,0.09494341712708403,0.03206052933417425
1,1.6461737400591006,0.08700875791620843,0.08893653988061155,0.11729488654484069,0.4730342252373139,0.1085742472763238,0.10776120648777605,0.024010542442298843,0.06151498067327582,0.061483244594824404
2,1.1653806813965137,0.0637700917185664,0.09020732432710812,0.1307574059495095,0.30723092829069637,0.12780153118239818,0.04822520755927495,0.050738348995401195,0.04484002730273581,0.037339532804240405
3,1.938328261176002,0.11355871898117863,0.043615043340460326,0.1470372362837459,0.5379585598924117,0.13173845572381437,0.08519111510207587,0.03361100669739739,0.07156333339284042,0.10014571154384738
1,1.9962812752466839,0.07387048877650484,0.04096503060831963,0.1124636800904277,0.4448736373058504,0.10074075308570402,0.057671439414499516,0.05681391141007127,0.0582299127451422,0.0807833458381229
2,1.2068886345519512,0.1424736367821238,0.038030794207348194,0.11300163401765075,0.3331939786151342,0.1903517911287137,0.10313568208525749,0.03240567180013919,0.07755338338397064,0.07422682269962741
3,1.431764888773507,0.1229111445336023,0.041761834034336254,0.13663233044270945,0.43823587910915596,0.1614801518909146,0.060204568853428383,0.03558829457733604,0.05343146902408097,0.034618459288931556
1,1.4654258508514528,0.0966779607221655,0.04317051279542308,0.05673519049700532,0.2635633840477356,0.15127439175834456,0.07715251910323138,0.05972478347190588,0.05358237521392782,0.08915003841433951
2,1.7127145074344023,0.11851872042295036,0.024624641114105204,0.12740440370869216,0.36276248086850665,0.09890821047048899,0.04664842144102225,0.06781855381434344,0.059205225469407506,0.07967709749103939
3,1.365998924960533,0.07737620309785229,0.012604847618236104,0.08724039990353626,0.5692849557240475,0.11836470028317822,0.09518939688519046,0.07904547242574692,0.07383158495352732,0.04205847452767127
1,1.4606157361840606,0.08880448679898827,0.09095749999475368,0.13286744604144934,0.33153442812196615,0.15130151610632536,0.050879506408807236,0.04016401385864822,0.09602344045940135,0.05529531276944111
2,2.248761944721222,0.1275593808911511,0.052676849128078324,0.1034426967571675,0.45740487164362387,0.1437443732714331,0.09724786113377751,0.05242444888053437,0.06124671478603967,0.04506279920190975
3,1.1019913411898932,0.12278769367493395,0.026141035807994335,0.03954294223802909,0.31266902613923353,0.1426608602712666,0.10146555092741735,0.08002123676764472,0.08953735801029836,0.05275081964483373
1,1.804064145899351,0.15200324204266824,0.06799560714238889,0.08137472473539377,0.42135416381895296,0.12207002567000767,0.07470783333609968,0.0690911422729589,0.049243580862707706,0.09286825201533774
2,1.3082317741319858,0.09815892789551575,0.055305542627055365,0.14547290395251428,0.3861418827383649,0.13459078219871135,0.11926975483427925,0.053982982567739285,0.05718159598100604,0.07986246214781242
3,1.6444935488691106,0.11396409269747933,0.07361230305497045,0.07336471933588058,0.30776688760473614,0.1589762663046655,0.06898574872651796,0.033412880941468895,0.0941523600895796,0.04296066485308864
1,1.7165111098712953,0.0679019883266496,0.1035637441357971,0.13821255879669403,0.3231382210733584,0.15050905921291674,0.03181546805673664,0.04358459781824667,0.05109062136759475,0.04621787498650962
2,0.9926593980704608,0.11199928677842388,0.019431372789079325,0.10062757305957484,0.3257009682836102,0.13213787157763102,0.06312791907970744,0.019502352746090353,0.08112598552665791,0.0780243295047222
3,1.1492862429093766,0.14955717041486433,0.0534859199342796,0.12631488381704484,0.5273661869152062,0.12640394237679028,0.1448320170696688,0.06707072883848962,0.05165754583582928,0.08167022542382428
1,1.2350329416118628,0.11452756073981903,0.04813893322888656,0.10470708866403043,0.5062233889137392,0.20203328558901185,0.0711107403157285,0.03940507575330069,0.06698546279762031,0.09468800920092119
2,0.7385995859596082,0.13877903630938485,0.020850431548171827,0.1350143450454018,0.3530318723737058,0.08617284139042597,0.07314491134208259,0.059119813240078006,0.06676699439719051,0.0987696541278405
3,1.805702886356666,0.1198421059057194,0.031288308486163416,0.08250063093791024,0.4325207016531139,0.16930123480176126,0.08964185934532766,0.04066661771727676,0.05759472520923067,0.1326183231500912
1,1.208097483179917,0.1051607461350421,0.07571055278486613,0.06850020072727211,0.5580482397629842,0.14387489420285474,0.04528396614222826,0.06919784934916556,0.08076293514443961,0.10384856288263608
2,1.575819542907245,0.1035639723389266,0.029192212129673042,0.07073723202429372,0.47125836161777424,0.10693875131924512,0.060042304207502034,0.0801811282490509,0.0719558104954157,0.07570509570178384
3,1.360263298886798,0.1396581898918952,0.10322308544633935,0.08719875514739438,0.36686481272572835,0.08668322390947575,0.08306837614300056,0.05584281807478928,0.07498230312165521,0.11553251914913731
1,1.5782187949986868,0.16989841252719817,0.03468577303154619,0.06065893239288236,0.30565291332371924,0.1314824101780914,0.08865493289699597,0.06697188821899538,0.09001578409836607,0.12052569017611975
2,0.9340267460830668,0.09677694708902944,0.09804704884486462,0.18062404252387576,0.3272906684659006,0.15907866060102138,0.060520912918733544,0.0551452694031893,0.06907287396435659,0.04168132299271376
3,1.1483994879067865,0.15324144890819835,0.05094479197906074,0.05973057622721889,0.3190504395949834,0.09651846535146345,0.05818805858481724,0.05556397534401564,0.05062018529825117,0.07498795282406404
1,0.3080514390930065,0.12630249597357807,0.01654130948661212,0.07624537010167225,0.32430611527636294,0.124296294218099,0.07899588960401485,0.031260084143428235,0.07045975494048354,0.096169178731416
2,1.8070769725272304,0.15498194084069053,0.021203079367668513,0.10089329794504971,0.5695114812976065,0.08849212099567619,0.10327434793808453,0.03421138075907713,0.06968945167657507,0.06343110752667587
3,0.543604091081674,0.12035022662294902,0.02787173208515492,0.043496629003040584,0.33799351721754983,0.10275413274340231,0.0959610757595541,0.05242292204724858,0.03815505664221418,0.09040435570352341
1,1.2300225383063788,0.12167612395656645,0.042534315340122954,0.12206221964281637,0.4914840229808088,0.1662670208895349,0.09876471650112138,0.05423443741747847,0.04732331194529783,0.09143864091888965
2,1.4924620975562508,0.08268036337280772,0.05826361241749987,0.10071291894057556,0.3030968602265083,0.09261218544750709,0.056268472414947576,0.042563033301148426,0.05685462788489099,0.05584825444048985
3,0.6304537034770412,0.0973573665827095,0.042443362841034414,0.11169719119558368,0.2694958543187361,0.14150911692395132,0.10647810458369653,0.021280376680752198,0.09716239335422434,0.07037135282989099
1,1.1905756263329779,0.09122928725134084,0.02389468965523249,0.0955659120588863,0.3879803046552737,0.12303643571472357,0.057859962251823736,0.026545066446718543,0.10332979535866449,0.1152580520710545
2,2.102730520417638,0.07000899251152917,0.05461392821104932,0.10812752337786932,0.3894753346045159,0.093840265354657,0.10971824039282492,0.07660244830844554,0.0430167736790697,0.08847280515067979
3,0.26832143125999086,0.13191337860476485,0.05508613636730464,0.1311354570653177,0.45186370885409055,0.089680495315836,0.09868935204387451,0.07466880001451892,0.07075837065386333,0.08579051047384911
1,0.5771803683087326,0.09982296337698739,0.03491519080573186,0.10747214043659276,0.39842837844058787,0.10872737017604,0.11355608038988621,0.06891271356380331,0.09197336073147731,0.03667579813052069
2,0.2689628526883048,0.11529895277304435,0.09761061789856107,0.06247791666373325,0.26411337967042037,0.07305648275745956,0.08893426887163088,0.08790654923779034,0.07567581707247413,0.1225137715389143
3,0.5116648090370453,0.15897633814114082,0.05747660491221816,0.11551114202749452,0.42620062072324666,0.15168462352271733,0.08416121132190504,0.05216090087024539,0.0775825551086473,0.09748866613758789
1,1.5464682851876024,0.1441826153826266,0.07935978017543772,0.17810817419982838,0.3770305641460626,0.11763552078817908,0.11630387946408091,0.04949033714283532,0.05167813966097056,0.06966657802250854
2,1.5056708157493772,0.1214373538582659,0.10772075612729208,0.04550375689819255,0.2722530301274307,0.1480716274983977,0.04040911372645113,0.05166917801708158,0.06141537294421544,0.07623227336189818
3,1.4398510789642358,0.1216915641592291,0.029827968508700994,0.052461538376234414,0.5101229294179259,0.10853071047657797,0.08830895469727,0.026870659835101257,0.03353027656986608,0.0819764711108041
1,1.4222298851867077,0.1738313227100734,0.04919438735751334,0.08406286361781719,0.4849437490750324,0.09513651863026262,0.11165173647718787,0.05347136349172419,0.07107514495928727,0.10925086921896243
2,1.7002721261573635,0.10515823589101958,0.08934623488270921,0.09446800119330122,0.4403779588649464,0.13158757296935106,0.10161243140303779,0.05726055148640862,0.07484394214473217,0.080375384645276
3,0.9797918030144155,0.09188763235442934,0.01845995894337967,0.12809382746301573,0.30143294434157897,0.08040132461299887,0.06307314754555324,0.04334657853365926,0.04287134578628213,0.06438996945501518
1,0.847039352465714,0.12890113551151178,0.04051860540830586,0.04178786929570445,0.6019005269991996,0.07254177058476183,0.049041663205933006,0.07982021131278441,0.07013955946020861,0.054234612311325175
2,1.4352828540903844,0.1481359307425693,0.015041059417426655,0.06364562873658357,0.21787596967579734,0.1404238449798167,0.040910243025147404,0.058742232006313046,0.051452035134222356,0.060751621281506824
3,1.483368712339871,0.134847339564138,0.03793205777053904,0.06957992434994971,0.3328137027576022,0.14622959805375765,0.04997732002553372,0.06738743439163061,0.09191909850536771,0.07855641635238096
1,0.356302396398253,0.14489690545626424,0.047964881618099704,0.06774246984730989,0.5807945458745848,0.12047555792657823,0.06209920340403095,0.04388510697596125,0.05586681141070153,0.07064128347854792
2,0.9292996114616784,0.13083995789958036,0.09511832573586021,0.0944557260274353,0.3239778746491982,0.16181994630569382,0.10658556446416106,0.05400800590953601,0.06380873597797683,0.07289350336035542
3,0.9894019985028557,0.1588037305400662,0.03364399797113084,0.14996143650490038,0.42518525874495544,0.11860266899144487,0.10582812188692277,0.04624661171624451,0.07812039056920003,0.10122486015723514
1,1.354123127538579,0.12210302876045263,0.05289084233737006,0.07173063669479335,0.4513750746391259,0.07768362577338997,0.04659054088795025,0.021728816064726153,0.08218567590395556,0.07226282859279652
2,0.8346985410660581,0.12220432302876455,0.09473100349566992,0.1872295028377104,0.3134971527480277,0.12079840909188733,0.10394354881087839,0.0225283685606559,0.061729267453155386,0.05105382245107512
3,1.7744296416583718,0.1044530079832458,0.045450101214758475,0.08399501652400256,0.5311887272582729,0.1367224092114764,0.053365990380925946,0.0259308131601251,0.07789231325469406,0.07657797517894795
1,1.8121054232106604,0.1253859608104506,0.02076532642695961,0.15060138756643962,0.4489735317522403,0.09693481320948617,0.048517480995910744,0.015117927384841197,0.09709246298024216,0.08807898758775241
2,1.856299379425917,0.13085439105009636,0.04818170709584114,0.13171607656989906,0.33123299235519776,0.09519200618949866,0.10987063945234282,0.062467175898470347,0.10284037423417289,0.11987162155440662
3,0.71357691249819,0.10981574156939275,0.01770971813144399,0.09390144531229211,0.45040464437082534,0.10442025409927752,0.14531207421345327,0.08710099015657569,0.025104547028656665,0.10169114360066123
1,1.4340566199727869,0.11679597019883692,0.08702764733571636,0.08418910284927049,0.37262772818616396,0.15479940201441716,0.1072113322402844,0.062123271207931346,0.038380315767660475,0.08116427267074952
2,0.814498844808332,0.14434025615862095,0.03737415730908576,0.13742902922701056,0.34289674341642495,0.13358290934332148,0.07893307823507154,0.06421939298475592,0.08224028908977418,0.06881631106286218
3,1.788340678779084,0.1319969406702987,0.041866011720141004,0.12588108531728717,0.42023565495628507,0.1550842621516753,0.10208399412291458,0.05311289087958096,0.03806997426259357,0.06867187078607442
1,1.5125994960990121,0.1473414791103519,0.020536823567194537,0.0650172656402232,0.46697736369902876,0.1395179874514137,0.04238582461523695,0.06994536798884954,0.05623093655402418,0.04478439126666836
2,1.5676267334612193,0.0764386306613411,0.01298129323906197,0.115489298647458,0.5233264835017235,0.11612758029889071,0.08564605931149707,0.03630781434325956,0.06857425222564742,0.0881518023231557
3,1.3863209286526048,0.1519968848451248,0.08812914924056356,0.11700105662000328,0.46040737198523085,0.10695528206181623,0.1404709805326536,0.05918414931587808,0.08874276560296507,0.06268384421376844
1,1.4302825461262667,0.1693183916586976,0.05430367703018959,0.11746252017088037,0.3934756432031322,0.06671308804759662,0.06581276739204364,0.04218161690030202,0.07472843882574295,0.07108201473123546
2,0.8407044068402235,0.12474159854175927,0.07569518148008621,0.16329740130089002,0.36286624517989874,0.1441120004263401,0.06377415529024352,0.07430436451900573,0.09262469735926808,0.0695859528399283
3,1.4317556786651788,0.1064593736560569,0.037989694197256355,0.13045439140823825,0.4545102160381564,0.19696150200826093,0.045646964126763404,0.07340762475496758,0.030539020151755865,0.03838252554204619
1,1.2729882861566026,0.1102434825490273,0.023708119088957414,0.11343482607640615,0.5177227851155051,0.13332750767555787,0.0702214863250925,0.07112972030896447,0.07898212242421149,0.12359700680050881
2,1.5514142599291054,0.1388479309043085,0.049183920343365176,0.06500724401844962,0.37871722339804353,0.05402459172644214,0.0828721593671765,0.050766880647686634,0.06398268818815538,0.05830560101120717
3,0.8587291631249967,0.09810858503739227,0.04291969001684425,0.08879788989368279,0.3981837461800252,0.11721726452457243,0.043952612354134134,0.02808255547024132,0.04760561700540843,0.05781475270941261
1,1.622870356986337,0.10385066049346768,0.032476118184318,0.11317536096960101,0.3300066457763671,0.10815260635138634,0.06525469653141318,0.0656496431055403,0.03504307711186506,0.0659433119797205
2,1.8699009105101694,0.0894712106406175,0.03103254947642105,0.10907058031327249,0.46212063390186553,0.1147397839611798,0.12559532730032358,0.06019252377481094,0.07843361085694779,0.045905097013974265
3,1.8374601580254224,0.11760289801917083,0.04412732371246582,0.1072870127135931,0.4687764336735586,0.08309151915291768,0.06495284635859548,0.04459005984568916,0.08830602617585756,0.06269367944767033
1,1.8527110651077117,0.11455183473557778,0.023781478517341685,0.07857658273782263,0.3951305670323728,0.09772764780694583,0.0963982300377192,0.0703909184309019,0.07142767126301117,0.07580470412982926
2,1.9001641959890685,0.12469628635205442,0.05060123905853096,0.1076529173186853,0.5060941889513867,0.06212325442748655,0.09910682859560999,0.04593287301298091,0.0784791983803218,0.07652328370493353
3,1.320744853231533,0.10324410127229867,0.08492180297334276,0.06977619613254152,0.34583685162092864,0.15571139857017977,0.07718814713902494,0.0590288721927235,0.07544762589669789,0.10221500945494247
1,1.2879008789725102,0.1437499527736112,0.06507760758114683,0.13680750389736993,0.5206735305157202,0.07639065362266836,0.09455147878743782,0.04815356566320067,0.09533694012259339,0.11791242049056118
2,0.6227618243770172,0.1720635681913047,0.05091650324762646,0.11063068545608147,0.41028574919649363,0.14448777630308202,0.031495385739305645,0.04411273019696612,0.041796963314630536,0.06600568360063581
3,1.1888556063524727,0.06163767140590916,0.06257533320987965,0.14532489281567879,0.5019484092926765,0.11177775887571248,0.11784815386303626,0.060785798577993475,0.053621222870515975,0.06124818926596683
1,1.0524448348784547,0.12956325900483762,0.12804328535087822,0.10039337348296792,0.46777118313350186,0.15826123563384586,0.07084731148235068,0.04649977806218401,0.10349510253503147,0.04984714136485814
2,1.2070393829424717,0.0665413333748661,0.04605242095907555,0.12968773889572635,0.5611589080029039,0.12773972443829418,0.07015026745995862,0.05507748864273202,0.053511776517184334,0.07270263899746204
3,1.0257442673956083,0.12240937459040821,0.04191583831955075,0.09566913744888973,0.6358921577833658,0.10666010101193518,0.0626671218842782,0.05944122495130829,0.0612581910813511,0.0814704916326307
1,0.9842858892470013,0.11477536424737393,0.010299952046627106,0.08328646263873901,0.4508818802591018,0.0877346288586871,0.07739037549183202,0.05293798897560925,0.06436782117901671,0.07854853305725726
2,0.5178436842829186,0.07989776834811843,0.020935205306466642,0.05486741648120191,0.4335007690112839,0.09911362382483366,0.04817332030147065,0.06703561634638137,0.10386154476174583,0.12050123881148345
3,0.9021399929918761,0.1505530650576689,0.05049631787787158,0.09112041043672882,0.714695465421543,0.09758053521097494,0.059935743908022754,0.02154339775579022,0.0876292731753427,0.0666110762145542
1,1.9437430180838522,0.06872356048023352,0.018307076378148757,0.1512465822388132,0.36702381680871504,0.15928930496807717,0.09701582664619142,0.052268794869237446,0.047850168697019815,0.04031611948210992
2,1.4038529156509116,0.09494317679392353,0.04304803250348119,0.07559029199353133,0.39544988402000286,0.12949264370343547,0.061234772860288625,0.038940165641781196,0.08906782115111526,0.05587879434462191
3,1.319280296195622,0.14075386369466408,0.041628300144389015,0.10278117367663236,0.5706700364982481,0.16127329205861402,0.08475713739547808,0.07796147039133879,0.0669852933935714,0.10357040253800426
1,0.8142683179981793,0.11577247871539785,0.05969295760870186,0.0797175599730628,0.43701665071922013,0.14384931147136643,0.05432750718870441,0.04810204057285275,0.050668283706105904,0.10850710058238983
2,1.9623782900664346,0.14248559382677417,0.060770546570733136,0.17244789278261596,0.4366926490837565,0.16533154492129418,0.118885230999705,0.07811660074724144,0.07166248165775736,0.11812793537939631
3,1.7054686892688946,0.12896960177824682,0.10582653231570209,0.0807698804608931,0.38698781920593595,0.08026002385226574,0.10978994989985538,0.08404225189539972,0.0822271958571679,0.0623702923940301
1,1.6874540681624268,0.1145905824150698,0.018251308481645412,0.07673995095154562,0.39661621894642485,0.06564235621968958,0.08944159192914922,0.0484717896746671,0.08590989845934013,0.12255842537926984
2,1.4109587430788897,0.1416923786700694,0.026526511791033797,0.10652925194899183,0.446665729621502,0.12484620926875852,0.11586116237439995,0.06045143145221169,0.07938590679310069,0.07320503584347698
3,0.807063387734905,0.09532216880993263,0.031130195216743914,0.0843826187168049,0.29749466555243437,0.0944928662105738,0.04127144384761562,0.047002646987445884,0.08120073366406255,0.09879999721666714
1,1.7215701318634977,0.1262931816688076,0.03903156878315199,0.12430132713569483,0.20483675243340468,0.14137700260339287,0.04876333760841513,0.06687472007529509,0.023159601594525098,0.07849153648804003
2,0.542049838406713,0.12387222775639839,0.027776238252772083,0.07267065297196428,0.2843112290831511,0.14307036585766142,0.06788790280441212,0.06611590475142946,0.08507966820555775,0.10643181270905688
3,1.7250968274675598,0.15761399248028551,0.04540580017114773,0.10492481827671751,0.3467517198115792,0.06706052790142708,0.08046755501421601,0.05414775666545472,0.054339102111620005,0.08449114673713623
1,1.2010914801976784,0.12162013242660336,0.11130895633489306,0.0892236314552136,0.40672645349815806,0.13171662286585867,0.04441887874086004,0.08093205819054283,0.11313819548703348,0.13263837350767285
2,1.0701121944076568,0.11447525904020753,0.043239440646868466,0.054355733986799826,0.579692161505407,0.10685740111228308,0.12370510416451376,0.06225311897588107,0.06542135123538827,0.11316676105917206
3,1.1640440881738543,0.099477670241605,0.0445503282024906,0.08005995499591599,0.18956098355773016,0.12249985423556739,0.0831636011339729,0.08508681038143721,0.048065666209334806,0.0650544598107422
1,1.1147285517590677,0.1289524839887155,0.024120533150927687,0.052507724109168916,0.496957744618273,0.11974050029825697,0.05950328524319167,0.03976634311030819,0.1078161745935364,0.08879085539296475
2,1.3333896745078853,0.12966899957198808,0.01940136162458224,0.11687378027277456,0.4301086910057793,0.14063924436019903,0.06865434905688157,0.04863996942826216,0.0752685434068179,0.12137393702174903
3,1.0042589878340524,0.08047715098588154,0.047474641560658705,0.1433773688315305,0.40153729336105104,0.11037698324309879,0.05458804064367488,0.03260857590352344,0.06409065109339122,0.10963840903751755
1,0.7919251295025553,0.09798120256064306,0.05614177752318335,0.11611973732024347,0.3703888087861148,0.10253795004895144,0.11527083378211547,0.0437605618493087,0.06948684567521707,0.071757365789744
2,1.2054400275880586,0.14117756767175557,0.03673549453681225,0.09389941862685758,0.48678798427179193,0.16054905233390246,0.09222703019803473,0.04624487301258438,0.10192726855978645,0.11262978089812145
3,0.7191311217326567,0.13979765496155586,0.050120892428823394,0.1448323373462115,0.34632425694325675,0.12019934649688782,0.07349811089450284,0.05041206634146363,0.11540448412767529,0.12162674755736524
1,1.175103886315174,0.11467029101543462,0.07739644204708249,0.10643598931407319,0.41341827186849833,0.14674495987489616,0.07476760121443726,0.051019017311610904,0.12227204982200307,0.04611063791764082
2,0.30484662922488504,0.08686824055454762,0.09294795681529683,0.06938367953154978,0.35270789326950897,0.1228374065331818,0.04905503753913955,0.05317668764904858,0.07312459237837865,0.12568113928418856
3,1.1201725930457127,0.12298118101311517,0.08550406034920073,0.06856877648831465,0.30129506861764455,0.1265785615669774,0.08476409042660187,0.028495306439211103,0.07914240959713384,0.08599426979692973
1,1.3450663942052814,0.09408495577323514,0.0643973802617029,0.07082237547687628,0.38642359771439305,0.09626140861861322,0.08936172702970455,0.04075922287072043,0.08476669696775184,0.060565626338648426
2,1.6031138102704416,0.09551651280594815,0.06920520586782776,0.03982027924472918,0.46313269866633144,0.1036811460289352,0.0955550615866359,0.06351663541704206,0.051757193784747524,0.10198459545833571
3,1.0429058992583293,0.11998351091527275,0.028941097042051313,0.11548342894258386,0.31905435879924293,0.09813618903305608,0.082540857914488,0.03168944433227443,0.1000560266022307,0.06877050703255934
1,1.1764263539392001,0.11555387443846186,0.05180728569387112,0.11551810156881866,0.33926826471745947,0.11211345151915228,0.03228972650380889,0.050242110885118985,0.11868755690174795,0.07214851467391846
2,1.873320563232743,0.15249764723022596,0.04805578915885962,0.13556726005200384,0.3665269570507561,0.12270412887155013,0.057828897738617505,0.05491461032724676,0.08402432429466708,0.10689498989206773
3,1.2904096866127062,0.15744036575816903,0.03861261866931535,0.10563042020351653,0.43393357317880965,0.13926794021700112,0.07116189666154095,0.06347054135815544,0.05760114396627165,0.05937940677544622
1,0.7371885672106313,0.09987488535809035,0.012003180345364434,0.13313986177059153,0.43561406389955676,0.12998712732065204,0.032249775612077924,0.04962818145344417,0.05968456022114705,0.07916283413950226
2,1.412347902224725,0.10958040018512466,0.1024253619068366,0.06742118997444407,0.4100243375341301,0.10238902258547777,0.09181404408323504,0.037185229766083704,0.049984674872906185,0.08533556587331767
3,0.8303200031063891,0.07564911942159278,0.04949229896060588,0.15507391963570533,0.5022534450280736,0.1045685077223028,0.07698761319322597,0.04250828221998787,0.07653353977188944,0.0905146249059892
1,0.501440932030401,0.13039660135593195,0.028863408040137643,0.1438790755447675,0.5115825572724836,0.14932405470473942,0.05947239936786748,0.05594578706090713,0.08886263315179166,0.05162080008590857
2,1.3409095950411605,0.10151495322164657,0.0811836844962925,0.11963369934664347,0.4324840345695819,0.06329128811208794,0.09222714363688131,0.020063647075186115,0.04842988252465068,0.051621015036567665
3,0.6535387791282736,0.13046176615096236,0.08203924121653214,0.12558298189978953,0.4872860775033807,0.1509767316398707,0.12234366320838462,0.029063017077952447,0.06662106783336214,0.06643101042163477
1,1.2848019276380205,0.07793950442530082,0.11370787309572788,0.056608514472449946,0.30094783390809443,0.18307463669892915,0.09656753969692503,0.08088386753969244,0.10310547480722018,0.09693225739553024
2,1.208760871524832,0.13006794884141068,0.061607565559036445,0.08216347142796712,0.335217978316721,0.12801679400289892,0.04001253905456972,0.056602295454596,0.09747987679071507,0.06463195495871765
3,2.060381722832574,0.13848869088354268,0.08152094685843492,0.13986366006151124,0.20197280153138203,0.13440030632678165,0.07088366422876952,0.07562403581776225,0.09246944976237345,0.12593117995508393
1,0.6672581272374408,0.12550189067566125,0.03256517545279617,0.05760434202489389,0.4280592706963628,0.15490926370438748,0.08891026967044895,0.07304146835482063,0.09070392525674668,0.1179155604370559
2,1.2677893249952723,0.09681077904124585,0.0390287382249208,0.1018573068612068,0.47272349766846844,0.11699756632494723,0.09236791196809929,0.04557703461672829,0.0929141808184504,0.0988348370070703
3,1.473347489626089,0.1239237150624859,0.03830501483266199,0.06212974128151134,0.34174040944093265,0.11232154213264617,0.09118274164383258,0.06529631772764373,0.06611833124703151,0.05167495145403482
1,0.9189697969068886,0.12609128409242382,0.031111375325285538,0.11555038730111919,0.3629086781398256,0.12076067467666385,0.09806306689442337,0.05205509093290785,0.040442366434763725,0.08266010175864585
2,1.4150669705682057,0.11225105968642864,0.014980435664216023,0.10941421377969868,0.5084163723761316,0.14294527025548479,0.0447741972453726,0.03236998856669045,0.06918983001399193,0.08947648646777083
3,1.4225397590294988,0.12657995010174478,0.10003227976781111,0.06952466716730189,0.47267871454877775,0.0985904747910411,0.04685744730561573,0.06740615644179426,0.05987937404634421,0.04284426173562099
1,0.5427656716874173,0.1431852823437461,0.059435522256720594,0.10182590227495524,0.5419251710751647,0.16231703586802626,0.11022014981985513,0.07855074731498868,0.057016601079761385,0.06210792981580107
2,0.7521990943846624,0.10136868550864163,0.031941303014645275,0.10218109969419048,0.5883713759341231,0.1233003738393276,0.1325549359216771,0.049992166554840976,0.03571374981121884,0.030957320796409442
3,2.243436671778081,0.12272603320487072,0.028589686195092966,0.0847602743487156,0.37563692065666054,0.1717702264954989,0.09612826969459162,0.05824369004477594,0.08566844651263451,0.04825138800839659
1,1.2088688628306965,0.09520271458676612,0.0635507670252259,0.171474699898279,0.3802438447475071,0.10043791892881893,0.08746521752487181,0.0683631653528108,0.05233183249321639,0.08883822937400533
2,0.17196068748518534,0.10639593669916236,0.0551678980448695,0.06537135701367935,0.36824435276351536,0.20786432680655864,0.0760191445525524,0.04868625661500471,0.05003791247465771,0.0606720477998111
3,1.7381573272287183,0.14367296181220404,0.05434318786070466,0.128306245683534,0.29000624477892334,0.11084565010835787,0.06777800614971696,0.060551233552498404,0.08659856981230098,0.05020493624014116
1,0.8222411418022243,0.112927145563539,0.034233970238973926,0.09309403965238881,0.449476419646775,0.20938351990864978,0.06147970316948938,0.026116190778810243,0.07211434043854806,0.08030747764800662
2,1.5931132233623582,0.06748727078531289,0.08833149097449775,0.1043811492301432,0.45375467474196163,0.09876640951623981,0.06411723977957068,0.05293876594187619,0.08619106721499445,0.07918990804346597
3,1.8314389728074032,0.1296834890382272,0.044902112729836546,0.15671202426501313,0.4942534428365677,0.16138123141316443,0.05038292370872752,0.0382806176755005,0.10446557775180354,0.12489939649428478
1,1.0241876977120614,0.15481840023254326,0.06421321520828045,0.14080708145300155,0.30489361374632884,0.09661109589150019,0.08742363367935561,0.05721949870731119,0.05116450858504486,0.11702335945212006
2,0.18400605383542068,0.1485809953234159,0.04605573855698315,0.14639263430268407,0.47222497304017885,0.1034371796085033,0.07203246299521636,0.04363957710651072,0.08640557874616046,0.10113595286522785
3,1.3749792194583035,0.15236546724515998,0.04870958328752016,0.10370072096323975,0.2910230470552123,0.08922889054562792,0.07821937385514563,0.04064785455339345,0.043407419237991594,0.08630634689142011
1,1.2633363637884194,0.11671016707054516,0.029161416673893624,0.07947549847198146,0.38142056697900134,0.11020316413490365,0.11191482454173302,0.07444081545336262,0.08595159797548281,0.08272502594069915
2,0.8940014362604549,0.12488334276565687,0.03288999787122498,0.11129520833212854,0.5156612847767608,0.19239141872464222,0.08386061921671104,0.044460889655791466,0.09449555746852872,0.06799403157215898
3,2.1682126652667524,0.0651536135959315,0.06088522734136402,0.07421874623274624,0.44193410982463066,0.18339126205547268,0.10814871150694932,0.06943812870082958,0.07110354169514708,0.11554881753124407
1,0.5233038586026386,0.10575920713075718,0.03739568367579272,0.12601308693622,0.2702523766344368,0.16560716112371895,0.05296701814577891,0.0510832881736229,0.09830226075727622,0.10619851764286783
2,1.3814885218964184,0.12537405280539418,0.08776723684460967,0.1295587024429353,0.40237304249615347,0.13484298498049369,0.07419733748170723,0.0464391303164565,0.05450690675309395,0.07003013906907093
3,1.5190015091757385,0.11364750344447155,0.017823314928981177,0.11606963969770895,0.43893415092415555,0.12520485806874204,0.0941760883150082,0.07488009095773945,0.0773259028881745,0.05707811434498251
1,1.6207396532172602,0.15178018766140838,0.058517588968882484,0.11247350606248933,0.3752159209007945,0.13148112082344562,0.059055045410690926,0.06546957659410432,0.03960903797631118,0.0962233565064306
2,1.9144067223106944,0.12437529645488887,0.05374865884060834,0.07177776830651728,0.4607614722287033,0.13372632290726338,0.11537123903024374,0.03239847575521562,0.05434061252529286,0.06655383491901934
3,1.534647541605765,0.11135003723703185,0.07254794315560457,0.07622736660680225,0.4601531530534142,0.13526345615440535,0.1293278868069154,0.050641647238463657,0.07214565055966002,0.060097043018097984
1,0.7960346145496795,0.13412076228269926,0.058300095035163965,0.1537507812494193,0.4966201145726664,0.06764729847647008,0.07872361864289062,0.041111111966586567,0.0806312274717547,0.034387216269852576
2,1.290625073725693,0.12110890230457196,0.046019765695309266,0.07244838380295726,0.3705391785230581,0.14282119553415448,0.05488169004628182,0.039327407174606116,0.0699644118683673,0.06635260933984079
3,1.481196517713391,0.12470010223523458,0.03895875256337013,0.08980926888147572,0.48913096632323483,0.1321062541297581,0.15466908734393475,0.04911464538724653,0.07819958228984578,0.09262366478349227
1,1.0154175687624352,0.06415538522466563,0.045078774081012046,0.17344596019834582,0.5065022934759483,0.05768269413591262,0.10966641664424026,0.04923031523366627,0.06613589790765383,0.08649268323389592
2,1.3926922599213214,0.12519217387312123,0.03185595084783186,0.13114281512613704,0.4535358108311718,0.09818183510805595,0.08565971264367886,0.05549701364254569,0.09884773159997369,0.08268808292370299
3,0.9233753350383719,0.0989139413314421,0.014245679231037457,0.11916363340227393,0.3265366129995428,0.13460141660894687,0.061311883931547274,0.0341821044171835,0.1070281394439695,0.07508074702020957
1,0.3209916249076785,0.10100413402154224,0.06928853365370792,0.09133475495045511,0.5041883304099445,0.0838729793921853,0.07580722437389634,0.06196322597022049,0.07110639621631913,0.14453097933461223
2,0.22548147137990115,0.1581015116891144,0.09707021310326035,0.14815757388051584,0.3854580983185969,0.12064449312478243,0.03878863394067891,0.05430957981019683,0.043174940582474355,0.08838319839793037
3,1.7617580394190402,0.13482664141252249,0.021201434231088535,0.08858746378772685,0.4129541148451006,0.12810182729088118,0.04891540553638352,0.06798746927433079,0.08048347091869644,0.07477861227631093
1,1.0564342858873006,0.1398562136099328,0.041833461499487086,0.08592113175479368,0.2669700614359437,0.08006899339457901,0.07820549552362022,0.023149100718837193,0.0361779375615788,0.08829165396265921
2,1.4995353865211796,0.11753664263052914,0.06660795558301649,0.09696189527515126,0.4103020807331661,0.13261448750284896,0.05167135572383315,0.04247508936726849,0.05055772707907906,0.07025566406172491
3,1.0964710133306261,0.12027424879018195,0.028874438821133983,0.12414674428351424,0.4361905632075478,0.12948360572617323,0.06791140211479318,0.039066239814799175,0.03778787684714867,0.08215136607719895
1,1.8378592673932208,0.11656347137400275,0.027068612016586422,0.09306219452618751,0.26880640782351106,0.16284023420499982,0.07468145176767971,0.06474465994904749,0.02778941217336548,0.11486595440668253
2,0.5321765285162079,0.08189126660050358,0.058497475436354085,0.19546944122706708,0.545895027897568,0.10490438139667088,0.04362572811251451,0.04495122936610795,0.06677080964199647,0.08265895410830168
3,1.400570086647587,0.10639320892223017,0.029947195445235546,0.103559525331782,0.24928018008137243,0.15761008586645647,0.11839076775325355,0.05341564795376178,0.06437233965332552,0.04360553466683596
1,1.4281501825716774,0.11924460463091699,0.024871087291010542,0.13738291935628716,0.38707572311992167,0.12113184671845283,0.06573936372756276,0.049720506529045826,0.06639517866186403,0.10884270027291021
2,1.9334900545508265,0.09408411911323618,0.02086138533647722,0.08187547150388896,0.36124545619539356,0.1435787500283436,0.0578930182608558,0.049066396476910024,0.03589763586735401,0.08910419449444316
3,0.5118397582389346,0.09153147364818556,0.013131155472509655,0.07781624295864684,0.35612486918881214,0.16211131483538307,0.11208561752910423,0.05797781172023388,0.09747600243726962,0.09205871566827122
1,0.8913996528295466,0.14726004789048613,0.025263252726570297,0.12694990339020382,0.3549849357221823,0.1215742668115142,0.1444029300454766,0.04407432998640869,0.08200186979893911,0.08581985094648865
2,0.39559280992749957,0.14738925748149556,0.027294127970719204,0.08154103175518093,0.22939919872208905,0.09878884560747106,0.07718191676720074,0.05621402224639359,0.04994920135992861,0.07960994019914934
3,1.1645020063558962,0.13694109326287227,0.03009042918992466,0.09545535288774594,0.4437583214013036,0.13078051994984538,0.11810502047632143,0.03932870628443359,0.03478058965901293,0.05552611748506718
1,2.1260890627622837,0.09492969655812525,0.07871023722407172,0.11812764959808823,0.3988146245063349,0.12758579695074002,0.08550053350383767,0.05411820249615787,0.09010573726984444,0.10753791662118037
2,0.7782600957610426,0.16802230585080602,0.09635774615264871,0.057129121696730095,0.47113780296961505,0.08460317013811743,0.11434237884125467,0.05646128177784812,0.05247558274903413,0.08242707898515905
3,1.029689973171576,0.08694122189768129,0.07066633286858762,0.07651370296014037,0.39461334854853986,0.1259715359880289,0.06296254665450526,0.06417943646884003,0.06702793751405553,0.06175734075358369
1,0.7497933831015989,0.11784341270540227,0.04311462113536093,0.11080854906422596,0.5812689935045483,0.05291130302607894,0.06265935675592509,0.031807130508606105,0.054819001242341445,0.050697837506198926
2,1.062803980525873,0.10744312903064496,0.09940993913536408,0.1133014900047723,0.4831247575806435,0.17826209332604562,0.07050075136282183,0.04763335033926696,0.03143855414951461,0.05646493932911084
3,0.5392071715028587,0.1157590449504032,0.11292503958662421,0.1082605213798212,0.3917776634445173,0.14292689384957896,0.056976668445490014,0.07188146336086892,0.05270107108016535,0.08891825638100298
1,1.8458296234747957,0.10424888180273971,0.05418830158571883,0.11116857569281427,0.3312221193793532,0.1914668749877906,0.09854705681799528,0.03477990823565949,0.037091958740098255,0.15101995380205252
2,0.21646962647005719,0.09920383874995266,0.06431444969383754,0.07427951899749433,0.2729308740318165,0.16222802500338612,0.07880856571776378,0.059895492634818595,0.10558277093028823,0.09394504121440261
3,1.5521578220728383,0.10506714703975929,0.08543853953056182,0.12139971479395811,0.3765639467250602,0.15004636670464155,0.07466806302318735,0.015315944204620555,0.07977526688140396,0.05496418670840997
1,1.219275930211832,0.1275895009029161,0.08401984273509688,0.10092794856836283,0.284640209532515,0.11913596277379226,0.07177380244119384,0.07958168638813293,0.07750879155403179,0.11967746725455945
2,0.7879879329176307,0.0991471817254585,0.04752828539584786,0.11265226673169493,0.5123536623123236,0.1623690728131611,0.08813495325467832,0.06857047999819416,0.08167512968695174,0.12073251131815714
3,0.15823600664747195,0.09057891572930708,0.06935137724981355,0.08041507052963019,0.44453214544352254,0.1714192665871937,0.05991940454801839,0.04464350951831893,0.05326696989192574,0.08494226180776358
1,1.7370833567472288,0.1520676154362779,0.01128701593587296,0.12849743411755937,0.5280460006989203,0.1347958125064755,0.03600294679759943,0.03825105437014084,0.06269084855065168,0.1014914059301632
2,0.7913660813578031,0.13698472091927488,0.04718489360234735,0.08216881250643952,0.43261310287345117,0.13317843035452925,0.09019881917305647,0.05951120952638375,0.0846322842059169,0.08124223334022214
3,1.4467963219827,0.0912550744594987,0.12038251588007762,0.11292519629667847,0.1803776859092363,0.17007692747993358,0.05572695102366196,0.06275435409607763,0.05679399781081378,0.07104891698537652
1,0.36905276464198455,0.15782809925179142,0.07694765596761576,0.10517728414997535,0.3581104194579476,0.13908669195164955,0.05807175617778584,0.06047813040306693,0.09114202170687924,0.06160328902360382
2,0.38577801316376237,0.09064194403800585,0.08567940552687961,0.07447447903602247,0.4526434168366921,0.11220789861052861,0.08041176040097417,0.05732996215116972,0.04960584430277999,0.04612117244540483
3,1.4407962644021532,0.09022068273237845,0.04621488637405773,0.1100545656583754,0.5227604088295641,0.11704819188845667,0.0620171837953222,0.07244837599261948,0.034462066647571656,0.08763485188058591
1,0.6143238055371292,0.11327867027526904,0.07536150304150535,0.0889031079757196,0.455402551505586,0.13200793638279656,0.06861168635651861,0.0595208709713089,0.06455871569789684,0.10784459789155693
2,0.7763928053310897,0.07508551653587436,0.023403467289039852,0.040441156300548675,0.4057842916310898,0.060545966938326326,0.06224883514277493,0.07242984358505702,0.06600290204050291,0.1185058179362217
3,1.5504627408174516,0.13840916679663073,0.04956290115410336,0.06267437655527786,0.4597296488954629,0.09198226042174817,0.10068761044217475,0.10183400060111666,0.1063397248370421,0.07034340553372302
1,1.1166636933262064,0.1267447530398805,0.05745722078891341,0.0612012222589576,0.3301393917326726,0.12651053997167797,0.07230635517465885,0.06553283966721381,0.062385751164688405,0.07279909392878153
2,1.4568715171433557,0.07828298430069584,0.05545304751645101,0.105931312150254,0.39949249861045133,0.16839650210344084,0.06401543466890577,0.033154109042127705,0.06405645559170875,0.05613665342165454
3,0.9162656970559492,0.10230517964864273,0.049206786824206275,0.11976746304546665,0.3098929197823551,0.13697561335793043,0.09370252645893479,0.05227466260351179,0.07711095097500778,0.05046510191451492
1,1.3538691449964364,0.14094413840617268,0.06075095745424622,0.10488531660722268,0.3706670398807148,0.10742664896808868,0.07364376658066911,0.07630980114396724,0.10840629789303471,0.06849899574090525
2,0.6709100577995668,0.14545099845883525,0.0967283326405064,0.06597341339014681,0.4751769244670935,0.12229242673902022,0.06179722970861369,0.0547665667418261,0.11153265075501452,0.06619593667618054
3,1.7795507102917167,0.1436328699026092,0.11115328771559034,0.12312118114518493,0.34671954838914176,0.0938649719393933,0.08939116692572696,0.05145734665038055,0.13280693463493032,0.0831259260483697
1,0.8057916724433047,0.09159205962401855,0.11299650028307247,0.1057452651037372,0.4744865563118801,0.14099877408931624,0.09843600947791176,0.033296992740559306,0.03347508142380232,0.09940535015669044
2,1.0359341148424313,0.10628063722913951,0.07494378319938996,0.09573477309576628,0.23601290592590685,0.07380442895097819,0.10103094999548504,0.03664068028992899,0.0545043811616446,0.12485128498992934
3,2.0058231940157,0.12445535186810235,0.04165380553225876,0.04776354881240963,0.2929872872634639,0.11287830550574902,0.07982602114885984,0.04002761735494764,0.07307214032302614,0.07825384351139937
1,0.5505180558479297,0.0853338037149772,0.09599421845256588,0.19353842730980453,0.497455060726415,0.07466423755818642,0.11795462475088236,0.04723375079737623,0.06412621987008989,0.0890183611881542
2,1.4176707316358965,0.07252653109036289,0.014999269084252028,0.0526290110877559,0.5127294596401769,0.08599682029212251,0.03025872380236031,0.07872210582169567,0.041233374088464635,0.11502517294620804
3,0.49279248211420756,0.0936702286236882,0.055621780220984886,0.18459084549227756,0.48305777049622073,0.0693453258270158,0.06580512243371947,0.06439363885061997,0.0813244485944766,0.04357127912183479
1,1.1022805989223086,0.12128112278820957,0.055122946508318255,0.07044164673612152,0.43832880832695564,0.1792135125147689,0.06146085066774684,0.04237979557764884,0.06844033699118467,0.04758397619271246
2,1.1290848557312234,0.14928537799960395,0.09397032597881527,0.1461910037058095,0.2784940356839361,0.12568445262503566,0.0910637960358224,0.06643895064301444,0.06694036359173625,0.11871161710408562
3,1.6330045661946795,0.13540934888408088,0.04796168305318966,0.1355836733993075,0.34021696153913716,0.10831645266205422,0.08862503491692397,0.04650184206654873,0.07170622275419854,0.10894295315390631
1,1.2772953838897758,0.10394462568004895,0.013651636014341113,0.06787153343822158,0.33560430155190746,0.15857790773715263,0.11072151781172994,0.06041672304311915,0.04613574918291518,0.053902984644054124
2,0.8047766038725762,0.14744113765454958,0.060227126920049,0.11422433788349359,0.5154666658403524,0.13342943401235172,0.09780124604577715,0.03685461482674482,0.05138411821009789,0.06916371796729467
3,1.7626481904660625,0.11122094894732672,0.035879280282058834,0.16907389015958896,0.4190373195709694,0.09467357760343176,0.06003992473497437,0.07332929649810195,0.08550495282294078,0.05722179882897853
1,0.5678261263558795,0.14137683122136382,0.05378383974039472,0.13346869803205905,0.316228235055922,0.10959259147528616,0.06766185539820085,0.025412823326089948,0.05070594524140955,0.064537204622101
2,0.5062850323616173,0.125934563645126,0.014240933847709907,0.14069417868356934,0.4568666279986521,0.15244325414287568,0.12216319843305955,0.06296527213379598,0.0542914658131317,0.06841632354596985
3,1.3567768794547705,0.11462715526184394,0.10783306307061183,0.06541702889515366,0.5483326024255719,0.1840914976452199,0.07099943937920732,0.05779772106472535,0.035446868072469814,0.07652823598263449
1,1.3090094721505594,0.1352859968981973,0.0338667648754535,0.07008416529671788,0.5204330691225969,0.12669511949153514,0.037102497324223584,0.036155950076495434,0.0657458458349772,0.11902872453053101
2,1.6467125715331754,0.1362642294515624,0.05496441111671647,0.08394430627469775,0.29155056122128137,0.1071663456347203,0.05879632736267444,0.027201250209006527,0.07691536297491897,0.03811041577671801
3,1.2451082619717377,0.14347170961711092,0.04973989653450213,0.07955790551568655,0.5119103067207013,0.1124527053953002,0.05738957109766212,0.04423104650101428,0.07070082882380317,0.09377998622353187
1,1.6640771540798893,0.12273104153123963,0.057947236497357967,0.15422929484459508,0.3089222839975881,0.08732459313713414,0.1032233964504134,0.04854729600850785,0.075112877029223,0.12591705505668682
2,0.9071546259796665,0.11743715884387108,0.02034132429574071,0.11574088165849383,0.49126929928349994,0.1423783960157456,0.06471549626028429,0.05141285142607695,0.07110709070442575,0.13588096938415534
3,1.5494311022382605,0.11720137121705343,0.04181124373629121,0.12173532450214142,0.5780039657176319,0.12408590176101639,0.05364540667861816,0.05759543648295937,0.06359820480088921,0.09101520694119467
1,0.2121681330398143,0.15863420027112862,0.024596637268190575,0.07020060582061892,0.4352049569363007,0.09385547150160847,0.08465524650303695,0.07483777535492235,0.06088197336548691,0.10907952715650324
2,0.38954001889707124,0.12550899651908795,0.02837071720769489,0.08402534320472507,0.49379697498707886,0.145631452720908,0.06291234741125355,0.04171412223150325,0.052655604499035155,0.08471067477185437
3,1.5840850884668793,0.09525699142165832,0.09363384592297243,0.13467340224683735,0.42759460175795666,0.11643576281648525,0.047144203247694146,0.04807387969676147,0.05780034671323127,0.10874903707977464
1,1.9693476293798202,0.13710304836237425,0.09552174762503482,0.13742318109283885,0.2866356699931479,0.15591711245688508,0.06778624160326181,0.06204632870965312,0.07301669196375142,0.08451300183822298
2,2.1588602215681183,0.08122313451389243,0.02747067213881652,0.1242462496801861,0.5347789790972654,0.14947118192825973,0.0842536240690189,0.06521815096339242,0.12745093552547243,0.09685189756803327
3,0.3748094666448031,0.15112530920692865,0.06398718258878731,0.09453385095811809,0.5986799268854963,0.1428449465250112,0.08762402995570977,0.04835047311114662,0.02224823513692871,0.07974139372948877
1,0.9359485549525051,0.10509025435731334,0.030304840430926034,0.1521209618424788,0.45554114451539496,0.14015566115645403,0.05357737204254806,0.03147333399326016,0.08915649718500909,0.1039430467325444
2,1.8672913873480455,0.08042288867659916,0.023623463945372517,0.04589604800945936,0.33063072582570086,0.11847556956710298,0.08484632680033832,0.07051988430410815,0.11269782726096023,0.07953838357957298
3,1.331682719740171,0.1061758690604511,0.026142091710168514,0.09493394484413374,0.3063600064791583,0.05222324379206625,0.07153057947385431,0.020133297175581637,0.06550721253035904,0.07503824890526768
1,1.0216700613160041,0.09679267753469875,0.06519283550460164,0.07524319385513605,0.43442923113270776,0.12575908879706468,0.0710697006232516,0.03276337038814808,0.09647471416204775,0.049686829080973896
2,1.3520605686974096,0.14719658182565842,0.022504268980524208,0.08040821063914944,0.49129575429524736,0.1331423438617595,0.056642974326770526,0.015550201600211595,0.08611688338536631,0.11035300273475834
3,1.482333611366309,0.09741945500993687,0.03319305665764173,0.11736626242089507,0.4019730674182089,0.1378305081294805,0.04916744433316192,0.05019188035595258,0.11639170473579787,0.06455922252460683
1,0.9215338591982072,0.0916920646650207,0.026042596527014194,0.07709635903704136,0.42344845836303735,0.14037558535108793,0.03696732331333513,0.06474504734271422,0.06159077338321952,0.07014923520098124
2,1.5235891765016647,0.09702677116803379,0.1048903196781905,0.1209533201298234,0.5460095379410047,0.13157429504136064,0.04007778030782273,0.03973183159220076,0.07434533922089945,0.14042875974956848
3,1.1559123179257726,0.11079215401561959,0.04306512100986779,0.08328167403327805,0.3866776445152925,0.1165733191444927,0.07873299315311803,0.03399531613915267,0.08332398338848583,0.08147150903832043
1,0.23407056744989385,0.18429119010046743,0.08113634379117116,0.048409510736696394,0.2983713631805815,0.1377513748849561,0.07884671872739589,0.057459805031019044,0.1027486895176567,0.05538923452619915
2,0.44083760117840487,0.10385898019403951,0.05925148311690759,0.09648642183371478,0.5156026313178204,0.13820543778386363,0.08239905770551706,0.060152842208878524,0.08047826190958335,0.1002631340394169
3,0.7109188962841196,0.12212834111800425,0.0627885415309869,0.14719929232433465,0.4512748326112528,0.14500250536786224,0.08174742914072594,0.0472247081244254,0.10357443873510969,0.0741857987913164
1,1.9944947502906871,0.13070538645457422,0.0635117009653201,0.16158970291102864,0.26064291020415453,0.1439791485731015,0.06687058020780959,0.036203012024900644,0.05142726963737875,0.11185392411718162
2,1.0785434892219035,0.11129428775269722,0.02726233379120607,0.11063158623853338,0.4175791402594833,0.13565745516821925,0.09489901889983726,0.030327402975547566,0.0798053617186928,0.09273249738442454
3,2.062308464662368,0.1392563328685682,0.03342548054284004,0.13358625817707445,0.41784880854590006,0.08701976565047685,0.10365672631832634,0.03497319566484178,0.09334763348951283,0.08518492958271318
1,0.915316837479237,0.10888780408106526,0.030154896306183718,0.08509208148837674,0.4009728783588908,0.16345752944191566,0.0893283229891462,0.08565329785367005,0.05017016130293238,0.06900117317046223
2,0.8495116082301049,0.10839747072780839,0.07238910344386737,0.13349073840177436,0.33371364687468813,0.2034103596715514,0.08613192180052008,0.02157335797855893,0.09526744282283273,0.061105473232584556
3,1.1731844371582212,0.1510561107339486,0.05524518816068509,0.07573013303935353,0.37008701846165676,0.13841861373933242,0.10414714027712751,0.06035250411274752,0.101705708868307,0.08711381867093483
1,1.530283374843488,0.16528406676502777,0.07973580085808056,0.06922411175062197,0.5076977543540397,0.09692199024084569,0.13083787901407387,0.05057873933352992,0.06369286748290638,0.10333896826822908
2,1.37864468700368,0.17183437263693546,0.10084913590312959,0.07830275601873658,0.31106355442802774,0.17884429386486883,0.04031709949225491,0.05069286757437136,0.08287231293289167,0.09171024497831257
3,1.8637421149886024,0.14111221181897474,0.04506535526809219,0.14813428409932045,0.32302387830742435,0.08767714618256495,0.10187540509949668,0.07390291661510827,0.053173890197393964,0.11048443627708471
1,1.20593974450496,0.12388520880426929,0.011583629470359715,0.0834489897247893,0.37195769217506547,0.15839781631781194,0.09576140263027605,0.05143508441023565,0.064719093058427,0.07852781074521407
2,1.4959701522948905,0.15293697806042578,0.032095879569783096,0.12685623857251213,0.5183279670734022,0.09951182195146581,0.041611752016671506,0.05519799286880212,0.05313175256292954,0.09357494258457534
3,0.7977431409351357,0.10616649263692034,0.05857894558446124,0.0969802921603777,0.35349339913306754,0.14162172928560418,0.10265522571884793,0.03342290885622791,0.07741255467883142,0.09311537560054559
1,0.9783391239235979,0.1369384177985115,0.010881403774418687,0.11085151707430434,0.3056227464499584,0.15615166614951004,0.09074955843267332,0.08163041120873521,0.0734087801443657,0.05445717423598032
2,0.679675677833029,0.1238504917698667,0.03865473483679629,0.1560544355822909,0.5248756744580364,0.14297422911858548,0.057096561408055496,0.06832817195795564,0.06092863869311064,0.08426587447770895
3,1.6161815153993613,0.1045925074482544,0.03542024299619112,0.10213426346763076,0.3769080820735212,0.14010206533538516,0.11206670130729238,0.08342221940329539,0.028354031653281223,0.16529155153480218
1,1.5853361762182425,0.11604773833729684,0.048872833389847506,0.17113517209519952,0.4769861648851976,0.1155021619065211,0.06989738277896237,0.04103721576309954,0.05981884466841993,0.04094679866859915
2,1.5917594935605506,0.0991972693679505,0.05913926054603184,0.11144265868087005,0.39903250049601185,0.15845337489987316,0.054962917039482265,0.02275565799998037,0.061789175078566204,0.09906671467957852
3,1.7473152616675232,0.16414357078774047,0.06505602586573925,0.10965501938426782,0.5879685309474345,0.17270676857892192,0.10749907755712035,0.06435512525918993,0.10099840634848213,0.05866228552817588
1,1.1064753706258494,0.1266413049323585,0.044978912517725275,0.1051482196619288,0.4259693914844415,0.18159168832446515,0.06953617508954794,0.08143343721809032,0.07156430990952259,0.09102497151845788
2,0.7897142036963808,0.08667198973728751,0.051702425427477515,0.06476956637254906,0.4316929459798875,0.16025103233242222,0.11677677237266909,0.04100583216091644,0.06617589533311229,0.1109159134227862
3,1.0612904307008226,0.1408068048708211,0.0410229442286206,0.10856820282488429,0.37974122537633226,0.0966145422844883,0.11608762008109079,0.05910075146684437,0.09460398785922339,0.03275139137282297
1,1.5797586062191922,0.17209701120197346,0.07579884475177627,0.06029741876957702,0.5138847570085944,0.06959924298109174,0.10010380562106888,0.06628820197617759,0.07136539178640508,0.06870877944108066
2,0.5699923342734953,0.13786160712925355,0.07697440024069678,0.16563938002336645,0.2919384465581874,0.12263064283403102,0.08659286111146551,0.05624125292482361,0.03506101812345317,0.06544265325915828
3,1.7991236955666368,0.10325809627698194,0.07732472048686673,0.06494328995347701,0.1865100615973305,0.1250144396544435,0.05582514819956004,0.03906685260050108,0.061957695678665325,0.05511299779552693
1,1.9497850439512427,0.11229058226473798,0.030688165428392103,0.0527783155994759,0.25131305333665055,0.08960336495359955,0.07524053700338551,0.0792817851143685,0.10998269480544644,0.1004451373943477
2,0.5906909424740655,0.12230313478294082,0.06546318193760592,0.13487509775964268,0.61163577480075,0.153658311986953,0.09295424120316421,0.0749052971282329,0.07087367107313604,0.10956589652855947
3,1.9550112516979337,0.10269018059347675,0.06396345931884687,0.14362349003185443,0.4218854837103663,0.13368152834824876,0.06997004305589229,0.07798715002313308,0.037930990952520144,0.04788200629602782
1,1.6023763265692175,0.17678865425763549,0.10612736715026186,0.14462364141478037,0.5626102544229744,0.1312299012185115,0.1156892777396176,0.04254012896083345,0.10379047654029186,0.09374111044033209
2,1.7097261278095435,0.19316309484060862,0.09934624985323114,0.16636153985840907,0.28456240316894477,0.1256729059077719,0.057771134204245074,0.07742445013508999,0.038953485740547904,0.04847029032745127
3,1.1028579702993428,0.10714377840881444,0.10703255839787236,0.08809012042724598,0.4108732668470865,0.07664197463121487,0.043235149732489785,0.04407420023789777,0.06387748132351843,0.06890590505144936
1,2.160348659522822,0.14202305714849228,0.04367541217681904,0.08565207869100909,0.4743684401064238,0.12702155227970047,0.1035304311788977,0.06171668990256055,0.09098609396225336,0.08604812914172687
2,2.324811201280327,0.14267480338373828,0.0761081734881477,0.1630731761321499,0.31553879014592795,0.09345357148870784,0.08011183655922333,0.055643431100688555,0.07279638808491809,0.10464608432991619
3,1.2203736604944448,0.11304419513310111,0.06173799371187619,0.09382504390899159,0.39387164207144015,0.1423307825152342,0.043732761319732034,0.03271440144020864,0.06997745197177514,0.08624480523297604
1,0.9228225027682133,0.18635006472098267,0.09096820482316723,0.11756744312107596,0.42155455297520855,0.11620190271228514,0.0742389221005832,0.04295940187704787,0.08033591692322505,0.08307114521977386
2,1.3072393137570408,0.14512487189275017,0.03094195601387443,0.11118352505355175,0.3265674533538666,0.10827012802503208,0.04889668026049258,0.04982033952522504,0.09495565256307958,0.07244051397993788
3,0.9649974030066588,0.07032992403194627,0.10007397862543348,0.14007908798269925,0.45623167593958863,0.09289513790124682,0.07462943504676511,0.058770191805871216,0.06285455369225766,0.08110657244413486
1,1.2242333536192043,0.1241208372820281,0.012935966286297479,0.12754411458236306,0.39814268554777094,0.1569703981811045,0.03699621836035296,0.05921728190564954,0.08919302851871554,0.1060751172777057
2,1.8050187045477475,0.094442055409942,0.04576207269292708,0.07025844274808037,0.32338081491262094,0.16075902841736783,0.07160098962238383,0.03039898642344847,0.0801915636648604,0.09623119077924844
3,1.1358267471736532,0.10094245787957923,0.09117715348361345,0.04234814954184043,0.41462153681201724,0.08113336955723285,0.12275105131215239,0.056728940780412886,0.07609169929298848,0.08615570559569104
1,0.5935386670755737,0.1334696370304764,0.07668720932013379,0.043082932227517474,0.28179624422812544,0.1530266681830655,0.055009988522189336,0.05752136911319221,0.08008408286304283,0.0666217217426579
2,1.32665813759334,0.08483118019886011,0.03271141558278515,0.14344178469090202,0.3978914454433867,0.15571069017951356,0.08701590227794306,0.07299331797086185,0.04520698556607755,0.03556483559657613
3,1.2201141779898388,0.11333436586971955,0.04973941529934671,0.16595823159290918,0.28831816938875565,0.11121449208167677,0.06546059555979246,0.038060985034416205,0.09311405397423883,0.06232615476432014
1,0.8452502577174537,0.09189850166257771,0.01466633429918705,0.11149652172453761,0.5882311293260016,0.16668326116912974,0.10420024540557707,0.03829565425428595,0.08746472289913045,0.09922278303323273
2,1.5143324977548807,0.06683108619914427,0.03627439352639196,0.07453060169611579,0.43550407439796335,0.17880101012741867,0.07694837949261217,0.04249713545369636,0.07341543703663703,0.09725185947346682
3,0.9482394108719775,0.07360828453857698,0.028499498649496195,0.12687675501229878,0.37600196091861676,0.09394039070136517,0.07644500065718754,0.06148116313752046,0.08999769323262329,0.0761578164777823
1,1.515605018256376,0.12623728074067797,0.09873200452584513,0.11683480383619507,0.46084531617597635,0.1519491940672563,0.06527553757904592,0.03901220603540695,0.07376210324624263,0.1048056346756159
2,0.9476891987948379,0.10522664733341719,0.039086423343283425,0.0906670612427195,0.3546831454923594,0.08501983339896674,0.05681644454712917,0.04495651698957398,0.06406973346329038,0.07119196441680761
3,2.2052618277875684,0.13828845931786873,0.0909346548887841,0.09869554464635745,0.3000157835132822,0.11703742001130793,0.07228406754532869,0.028086196462374098,0.1035731940534112,0.1480181624320377
1,0.9017970597540825,0.08643428503794143,0.02737697581687299,0.13684390287479498,0.2649544812216995,0.13006048229179967,0.09464900404771263,0.06274155727836588,0.10375540884604115,0.043326030387650726
2,1.286152302736388,0.1119889981805725,0.07084951642601776,0.12646888376758775,0.3090544858699374,0.1854297320428971,0.11760288052031656,0.052143665171269275,0.08282370404876956,0.11099577392170022
3,1.7594405814326726,0.09652665750854547,0.030162312543866785,0.11668617545468003,0.3286414868109186,0.06464256948497318,0.09402621412105616,0.07303336305872161,0.09744285783515058,0.050641758701621735
1,1.3242729168118892,0.09738143476984389,0.06837121299750684,0.11295995149039556,0.45591685326907105,0.15759165293876354,0.09203108105746682,0.041505420649846955,0.06574131486127381,0.09707397088342104
2,1.9101689037366651,0.1301149669219074,0.07817119203547333,0.08231552185454102,0.49807802116393,0.14811087651889837,0.08138132712244496,0.07643477954478788,0.0609510766066762,0.08380536215516354
3,0.8690915790811301,0.15187284095198336,0.06693347000644022,0.06049053069154082,0.19969243380597057,0.13919885556481992,0.07099789990402529,0.06013632267906735,0.11869784770604697,0.0904602320451346
1,0.4565865845782118,0.14881950314448394,0.04256979688074899,0.1611443341715817,0.3020009104879432,0.11222301847001927,0.0948006910641645,0.060353590894686136,0.06967219785347978,0.07455596076128689
2,1.57356380597539,0.10449702459174752,0.04521758295784266,0.1319579721821441,0.47445109631702964,0.08750515304333839,0.09214506442457841,0.08026047637317275,0.04291881414907358,0.08472482819221898
3,0.46938238311042024,0.12112261069845534,0.02879829695692595,0.11423080175950386,0.4401337091852985,0.1297271345686199,0.06625706155837384,0.054979490735823394,0.07395938401320737,0.03376365536876289
1,2.289033879191437,0.12941856158837903,0.05950991770135034,0.03859907968935689,0.2869993904497857,0.11653249400984812,0.11587098767038509,0.0436507767628795,0.08131804197443519,0.07987985301865748
2,2.2785643863985445,0.08974281845484253,0.060656856272973306,0.06968929675526446,0.4450932292818437,0.16567481151059688,0.07322178927994838,0.07276057583461014,0.07002881598105729,0.061572599593772495
3,2.227382456049777,0.11585939898230187,0.025705514545601684,0.09111996925021382,0.30996760339472107,0.0899845831269544,0.06499534483430007,0.04748495365914276,0.08423232305629094,0.07225480840126784
1,0.6052626767702838,0.12602581455207637,0.01953613277757777,0.10303023884773015,0.49796877057415845,0.12263232940015048,0.03606685990743356,0.06391891762779879,0.05978094960714062,0.0626642823523327
2,0.720277697820513,0.12595067750624978,0.09902939652757153,0.09219565325603946,0.3566463006148537,0.0532907251391949,0.09601990847807555,0.023092221205527872,0.1035503507791676,0.10891827697477706
3,1.5825160358629748,0.10758211905334063,0.05833806856296412,0.15158032361863388,0.6083989670177281,0.12496885982509302,0.06231160739603231,0.04655866254661036,0.1178984696797536,0.11513251226966781
1,0.8641358034341702,0.12441993305862206,0.01708332256612098,0.08353299022080596,0.3951505910920567,0.1719503871754365,0.04673534991976388,0.06899064043911952,0.06316976075687655,0.12620873624275344
2,1.5485252483667424,0.12167004426569858,0.017688040326862175,0.11014177616688425,0.4342040412974531,0.10144933988004537,0.11040374743495758,0.020252324365096094,0.07717413142880843,0.03903542841193386
3,1.574911457746959,0.08649644127909371,0.036963196078472836,0.05252032561712039,0.2311075959339701,0.08119655970408363,0.08082644499159229,0.06561822288360167,0.1044054860850801,0.10360100925125897
1,2.0745286492143586,0.09710500334856835,0.047579592462407234,0.1452694944995661,0.3531403468545902,0.12189346415767899,0.10440522448958292,0.04074358096828283,0.11294457541202597,0.08668105865656749
2,1.7310581507665646,0.14677497288352953,0.03791997686085306,0.09453261178857159,0.263148234969542,0.12228212722283288,0.08041957431238353,0.05815088791664613,0.08867374201405939,0.044559591018597335
3,1.3217053762666882,0.13072922040977578,0.013469773255170576,0.09919699367961189,0.45615414399624427,0.14157434053686735,0.12008193947698298,0.05889222700885864,0.03304960568624828,0.08966206365620667
1,0.28534083975347513,0.09352809095808465,0.044047708507785735,0.1414938955002449,0.46756889287696823,0.08146017246425596,0.13333397029509242,0.042347585655351114,0.10621464450235518,0.12150712962178827
2,0.9360593507110905,0.1411595116591311,0.010577709066323403,0.12101512277643406,0.29609029129926656,0.1576014437858842,0.11763944263233722,0.04257666683208335,0.05140236722071731,0.1338617998766039
3,0.7378148231298067,0.14043142301363168,0.028811030831830096,0.12708561457798767,0.5670844278305057,0.1795735073526986,0.06682761033789607,0.04275448866726973,0.08070681090995638,0.15524930047684532
1,0.7515897315075271,0.13277483581327917,0.05886241713263788,0.12520336153170503,0.3617187658817075,0.20779747907168256,0.09098422812288601,0.056386786819003575,0.06063517013471412,0.08729708546236886
2,0.9143098621173502,0.12990930545534726,0.010917835405062568,0.16881237315929012,0.39279031319583163,0.17159084756610393,0.10275790323536055,0.05241705748277308,0.09816042317017427,0.11216961154432215
3,1.4468795392649707,0.11593618717319527,0.10985159929849023,0.12431121410656717,0.16738408523601,0.20690067901438092,0.06850360290314281,0.04911935880174103,0.04771296915490397,0.07459301138903028
1,0.8098222279684578,0.12700655301766187,0.03952943494527962,0.060303220618057554,0.330225732772348,0.13174856694323708,0.09366287657815049,0.0323276333316737,0.10504745299451204,0.05961425450614506
2,1.581710125176236,0.14467134063755369,0.048635484498290846,0.05531873626712635,0.572400900946337,0.18425022060389468,0.041307639068806586,0.06470623257759954,0.06417549714987542,0.037898448854311644
3,1.9515510152772666,0.07897082374214606,0.024037916161711966,0.14348529062865553,0.3891718279658981,0.16434009074131134,0.06194481909410053,0.09760391247760977,0.04521918336902874,0.07838322430496782
1,0.9848207371794512,0.10691277027650768,0.051099061010574265,0.17819307066680617,0.42441893925528396,0.1339195551376169,0.09064666730059916,0.03780333607598855,0.06965852529170961,0.07516820036473343
2,0.8455605716896458,0.08899516267690502,0.010573036347733301,0.05800861580777211,0.39752369336554016,0.12652366860837047,0.06688545815113994,0.05354771368725621,0.07687789726199498,0.1130587934264401
3,1.1754256173835054,0.18020553936263328,0.121187618914008,0.08763372301665151,0.58909364841756,0.09193561907596912,0.04090380174594137,0.02772072499723214,0.09663337138066237,0.08437501499645399
1,1.3926673349927414,0.12264700737909988,0.011368426295293804,0.12007199415448375,0.44332199195888927,0.11251256743165143,0.10826841490040143,0.06302206969419968,0.04276208325919993,0.12960932805967357
2,1.3891237988768932,0.14278779255563137,0.05688861665580441,0.08774550024882588,0.440148267597265,0.0956642504546716,0.106769240666487,0.04866775031712425,0.06382951775734712,0.0938023316554615
3,0.8502402172812621,0.11713295692139164,0.02712019349500311,0.10559302393936237,0.36538457055715123,0.13641118318848638,0.07364256583575221,0.06446923156607641,0.08844507247136092,0.06867085808802793
1,1.0358323029759862,0.11063306099700261,0.09009140924544883,0.18985832480525194,0.4392912241652083,0.14947118476341972,0.033442265013198164,0.07001448871407025,0.06662537848178879,0.10921690167328708
2,1.6173229842322112,0.10447199410068553,0.10240870820738247,0.03207232912338316,0.43816277361899053,0.166121670325534,0.11071585208319844,0.05264569245838765,0.11015922466418529,0.033561866615837314
3,1.4712246311998232,0.11439082512221027,0.056740353370613374,0.08407034075829997,0.387235742298606,0.13839306128846524,0.07684283849822847,0.03840586900489131,0.07517310986049695,0.07932611625079006
1,1.9375736248343618,0.11855900646198961,0.03300268704524797,0.08791449594010832,0.4315922368164953,0.07472484698129658,0.07998063704344176,0.058839589996123126,0.08111995622233609,0.03651933636456472
2,1.532563728563421,0.110187622335174,0.028977647187620408,0.09223483571021691,0.5052166777157998,0.16265078084149936,0.06990933042112761,0.02687534565940265,0.09064611421082854,0.08563991780319388
3,1.2596314782437765,0.13186956650279094,0.038157382110546464,0.13488081383625075,0.4543262083679924,0.10096967301999536,0.1398523647653456,0.04114533580613376,0.044011374808322706,0.07804043982094376
1,0.2786949196467249,0.14181064535934393,0.04357241759979474,0.10531716968042763,0.30540737399202467,0.09508429220633777,0.06825891968509847,0.06355791793828347,0.06741406867679282,0.04454100890065494
2,2.459585922263156,0.09978051863597577,0.015789330575527578,0.062202772436856534,0.38038078902637906,0.10638404871403485,0.031038014850858518,0.07140563193234781,0.08993024660894865,0.08585096822045798
3,1.205218731987902,0.13453114656550766,0.10489532366669574,0.12830869649201643,0.3636356841079669,0.1657346426764724,0.10093802048666879,0.032934463425199456,0.07564093718663108,0.1418253642385001
1,0.8621598773316042,0.1067056148028772,0.050906694563896376,0.14561862938538545,0.26826992877092304,0.10391233841721487,0.09534178143504586,0.04449038628029184,0.06949745791920495,0.09921328754564158
2,0.9109735730139201,0.1369859099313038,0.02430819539306157,0.0908437081657631,0.616055166638331,0.088930896259408,0.062294746204338586,0.05847620650922819,0.08653568523202802,0.07831579806966583
3,0.582843065098052,0.1328631704153588,0.06800773584870742,0.0487016752253122,0.3197357419769322,0.20452366070460154,0.1402520756012577,0.052087087538871917,0.06032616068312865,0.05708282303489315
1,0.9031506646930436,0.12150569887413873,0.05627763501896321,0.037992511021028706,0.4090434440089829,0.09292294677937686,0.09500268378945059,0.037344813325481514,0.05527162913660362,0.05308720588636627
2,0.7450747961909249,0.1031715126767263,0.11732894224284791,0.05510967764536378,0.5977816715018003,0.10738037993391177,0.07195425394744238,0.034154040433096694,0.1105887074441504,0.05384799041221838
3,0.5258332730860913,0.11270507752586977,0.09613144117661435,0.16102348598433333,0.5082291212900222,0.14618664577423174,0.07738729450222415,0.06059797697417567,0.08139017371297234,0.031933469863720705
1,1.3044913583777882,0.10263492566009182,0.014380909253855888,0.14113500869499793,0.431133001855466,0.16214819479348103,0.10661745173332253,0.04384799068100021,0.11034282852393551,0.08812747020930094
2,0.577858919173753,0.15488782304716947,0.052155858464806096,0.12439033969386355,0.43437798649947934,0.124938116908924,0.06680431016177775,0.020240794754093062,0.048090496766136914,0.10704946676339155
3,1.5268749455322619,0.11584435414214933,0.016463974668239845,0.08442831559904682,0.49923901130270315,0.15131124534289636,0.04385910530202598,0.06823543333188875,0.10973917472941278,0.07047481913103562
1,1.0671553408369208,0.1381118829008766,0.07341584766032663,0.06131615796462599,0.4112284219045772,0.10316033198125835,0.06994684921339704,0.04672032689895806,0.10654359547945211,0.08780157380080338
2,0.9712850108308551,0.0973123139135254,0.040460634568299514,0.15006561422465603,0.40581791143179163,0.0971695152046211,0.05259278528384855,0.038958048762420434,0.08341060080040731,0.050230914321649806
3,1.2665107548094972,0.12793039733451575,0.058653002738906564,0.11116321054710382,0.34354327697941517,0.12625517160551705,0.08578942075761291,0.02571537148962155,0.08839882599832803,0.08150845655114118
1,1.3453853845840777,0.1188160191991005,0.09348886184572719,0.09894412811294137,0.43532574225252363,0.13722546264200527,0.06357635993544697,0.03806130187057157,0.09089061714101113,0.05402316451673728
2,0.9664801681833081,0.10239839924298616,0.081429824357029,0.09263137701522757,0.3158551155957377,0.13444293165197527,0.053629100136128316,0.035596986251655666,0.07721975220908606,0.06270513888261392
3,1.0672360599565378,0.11544456103067133,0.07421523093781814,0.09319866170581889,0.36718803307591774,0.18335105300540372,0.07503732908912582,0.05233939872497553,0.06616114344975386,0.05361864695193411
1,1.1040094313662494,0.13712515494375266,0.058577158190018255,0.09115713405207336,0.41459247539846455,0.10866988336614358,0.04698220256215608,0.037145678050454684,0.07895191780346159,0.14133359966569972
2,0.2870832319899054,0.15575440984569086,0.0910307708017364,0.12732238152564987,0.36786720806728757,0.11228292248096977,0.11142830597892764,0.032086040377144465,0.08685792280026156,0.13713574372623097
3,1.9098709834797771,0.11618910261037166,0.0520022237831063,0.08040507708854458,0.41210531014431007,0.11067034783401974,0.06347298930358365,0.04919644704079734,0.051537208480232244,0.09799908002709061
1,1.6529985890195886,0.10371563503498336,0.07975253245505952,0.12860503324809872,0.5131828730937815,0.15779872119922084,0.09440141332377779,0.05278748834798257,0.08844503883531188,0.07877716563853289
2,1.6881089821083275,0.14198093321431748,0.09625633824543228,0.10346011698150558,0.4196994482237879,0.13252351209669913,0.07951062227550058,0.038751162240140205,0.040750675019110436,0.05778668653226961
3,1.3008402475066807,0.13452012024657578,0.044042964640342304,0.12606293692397616,0.4385907657320658,0.09936894013661025,0.08738902965877068,0.03405536095513467,0.11836071811991775,0.0835927096819206
1,1.7088157504459511,0.10261900501384613,0.04627351859902636,0.15164164959293175,0.4764548831828279,0.18304287241220119,0.030853234036079633,0.06990368491354476,0.030025667521796452,0.07255583365898921
2,1.5367550888264492,0.10965837617034566,0.061256802197122026,0.07050881397873963,0.5222999765500151,0.15293569631055917,0.0686492898038305,0.030707819118354816,0.08152886025910924,0.04705048223268199
3,2.131083701173264,0.15995607713362858,0.08180534569566866,0.10355996462688068,0.40949152643028963,0.18422344939202495,0.0961308585135664,0.04385669448368551,0.07062684309971118,0.031204697098764674
1,0.7371826392452498,0.08261537423830731,0.060060995352228315,0.07106922750288759,0.6125723084218877,0.13159272018920587,0.08466070830865151,0.05166604198778109,0.07630385882708847,0.1140474382661724
2,1.3345061799543552,0.11558740214947676,0.023953626167451902,0.10556907236183403,0.21543524464863884,0.12598004748566627,0.10382010191778367,0.0716921386062886,0.09212617301386482,0.0771676874082737
3,1.5479347405387516,0.13695398509981438,0.021956340956835817,0.04769076342508246,0.26263235063680146,0.16454239652815342,0.13750078447837136,0.04687945905978419,0.09890468781384378,0.04650178363358475
1,0.6134028559522517,0.10387259710124265,0.0323219207049247,0.15053548006070655,0.3602941312014426,0.117465330239102,0.06447585105219497,0.03304557026670807,0.03839818300645751,0.05024248031677334
2,0.5496172797853935,0.14780453505977437,0.03672106627603695,0.0887281432214153,0.33655688607079887,0.1785039854771522,0.054152751245047384,0.05283925784163694,0.07330092246525723,0.07409332893331984
3,0.9195944873039784,0.08258376839145876,0.0702818872850227,0.12545642234327495,0.2826357340668621,0.14053038384676939,0.04385562685272598,0.07784016385646146,0.050970611323417486,0.08743571037460987
1,1.3882605105981853,0.07365367997971857,0.07104696086585331,0.11458793332213987,0.3002778841714553,0.07379540837631629,0.0534157509412505,0.06510790513630649,0.06357332581901354,0.048503192755997376
2,1.4126942302388648,0.11015705910548314,0.05056862167393479,0.10010434025159885,0.4902667122365163,0.13467582530088207,0.0833425268729572,0.07203501404346949,0.10425020158222381,0.08898818261336501
3,1.4059845093567447,0.15071255178885268,0.06952363049614355,0.05144792564801904,0.25758555938892647,0.13298047253077028,0.06968387106384276,0.04751155466967736,0.07680215605107862,0.11205090987973629
1,0.9397199743242831,0.09470960794669059,0.0970836160229232,0.09590375583647556,0.30357769739450324,0.1586929307884597,0.0871253845018222,0.04653420403091378,0.03013226784989914,0.08466344874460952
2,0.6918321989569847,0.08200554490293738,0.03784030212660139,0.06192337047672772,0.41373154032830517,0.0718715770189774,0.07394953805039689,0.036307441513884306,0.10723672684762321,0.10494963829988148
3,0.6413479046644093,0.1192396682222124,0.06864851395868335,0.07097317756826978,0.5741903891855401,0.1438498950308933,0.11416686127620054,0.030867816864924118,0.02975865541275393,0.10478477412971887
1,0.9203322927311369,0.14755267298587177,0.06448967208285342,0.15879521227139973,0.5304924127861289,0.10270546703907288,0.07428449863112524,0.08881141840211954,0.04604700414964008,0.07485702717170349
2,0.6431611588089747,0.11929791613155094,0.0854318520850737,0.15420416069160345,0.42130320028050056,0.1452354536584973,0.1643087541853691,0.019990781846692663,0.06884826649281967,0.09839290198322842
3,0.7451866283484759,0.0991556093129411,0.07378536275226807,0.11958984279799735,0.4337272953736461,0.1360922614667353,0.05675625170286484,0.05481482239811619,0.03253008951198475,0.10821670256511008
1,0.9517731434570862,0.13711116008246452,0.0678723174731293,0.08209594223721602,0.18345403870908503,0.12108269081342259,0.06018020355884121,0.04084191358345482,0.04989159102789275,0.09512770689272518
2,0.8150824579336425,0.08805101551532478,0.06293195499424983,0.11486256370132582,0.38082716460143584,0.1232750192531127,0.12804441875285727,0.055687770987486805,0.03517245876265835,0.08362555760181505
3,1.4338376547193217,0.14089952088401708,0.02126304361513409,0.07943480281574906,0.4817180113409666,0.12135196802875618,0.058942350354535836,0.03923698968230274,0.08216232720055716,0.035038726826406866
1,1.7628076277304552,0.07678719409798271,0.07795983093640509,0.06295177055530107,0.5249838194500549,0.15738337669926583,0.0689419232775999,0.05093070001359555,0.0793424630702289,0.07643771780072428
2,0.36463714423051163,0.1506518726027879,0.05059593942149506,0.13191244493712925,0.38491034713172867,0.1725217668162704,0.08598371391772601,0.04075342186871349,0.06362531739894457,0.03852149122986369
3,1.6827591547432807,0.10899584290422891,0.03616695962008408,0.12419300003645062,0.330298322766588,0.12618779156163842,0.08233638635031984,0.08492684522490451,0.10445378355703425,0.08761762129454712
1,1.1279535798258926,0.15704838708612173,0.02145615412469667,0.06328157139746382,0.39019488745977626,0.12308811091322423,0.07486330963219691,0.06331778156411953,0.06976411922006855,0.06454528895457216
2,0.4702793669565708,0.1788885431836269,0.023242290371011172,0.07361124826633503,0.21341608402329665,0.18620604802188978,0.08575744711141439,0.08087991584022508,0.08486024176473753,0.06299763849700203
3,1.887957458637489,0.10515117266074248,0.062195407169037153,0.13879833708870348,0.472375635285883,0.10900846065649404,0.033194976277598674,0.02833579845428761,0.03687305728354041,0.06906539554405366
1,0.8770926041828107,0.1641473612810032,0.07222554907387924,0.1192572524293668,0.35428626642232575,0.10780243531224384,0.0557025378199017,0.054898464090116714,0.0674706870441268,0.06729826667726316
2,1.162426273770362,0.10661366780381337,0.05117141380548748,0.10420405334321645,0.40468331548810044,0.07769451248021653,0.08881701110218149,0.044095745902514846,0.06561854847782404,0.061802172645924774
3,1.1707260778987572,0.07331712755982897,0.07881275253210782,0.08329073514642042,0.4602065914184301,0.09905599503798682,0.11675247777762976,0.06439350131762263,0.07962960809464459,0.07637369828192919
1,1.6943647724031548,0.18688556322123667,0.011999904678930778,0.12749688812869295,0.4814667754789731,0.11117549430710624,0.10455014681891386,0.015917203626230142,0.11523085491843768,0.07762043170590878
2,1.1963845714461263,0.1641066008834341,0.0458722286632747,0.04480615534030922,0.36730309438481357,0.10815602628872736,0.1008854894143258,0.047727152635390256,0.09255916550721176,0.10921554920581544
3,1.012454106691279,0.07658206794474423,0.06087904362477138,0.10165376942225605,0.21421621351511153,0.13632114651481617,0.0797056591578475,0.03482065408177128,0.06904242689462885,0.15223282003896296
1,2.025071454990975,0.08833455435154204,0.029118330534044987,0.05797834794008249,0.5569843097995966,0.1556185997549499,0.04181542797723489,0.02315900026677424,0.07497031052093034,0.0807387145741366
2,0.33283030657105095,0.09564013025944704,0.05933672315927222,0.15642345931235876,0.5908909238156512,0.10995906032401322,0.08253853653452559,0.045811565993085446,0.06640132887183593,0.08743290366401311
3,2.158806183508182,0.15918008427443578,0.06703958107014309,0.12653530248095718,0.33533389912291556,0.13863780839387038,0.0354089649753182,0.046214552062138425,0.030791483506716545,0.04814199812416693
1,1.1902930106453964,0.0932448779610094,0.04199855331724513,0.10993415387622847,0.4226158249443466,0.11751382239326484,0.06201392169156344,0.02293818410676355,0.07837417836096204,0.0991018876384942
2,1.9115733396642784,0.12365294665952352,0.016064016545804638,0.12636992037013728,0.2363198085927412,0.10537351951429119,0.09663659092733756,0.022537200617778738,0.0909308926270728,0.09912185606423472
3,1.1899014005540458,0.1441131400898501,0.03798538180572727,0.10518544576375206,0.3638421287802448,0.14081038808900803,0.10543321163244021,0.05054929183033213,0.10098053994373753,0.12180237656738568
1,1.1669067548593053,0.0962365992556449,0.03715223794598505,0.12560768286000595,0.24661022383296638,0.126399860951426,0.07843838630723451,0.0770347076223688,0.07935203088081633,0.04366346524887509
2,0.8934208437574223,0.13302711707243456,0.0864855793971388,0.08935548430717362,0.36430749349247055,0.09929912041047975,0.08933016196094214,0.07917527339773059,0.03223320854439843,0.034149388034751246
3,1.4236172464492636,0.12095914791932266,0.07102477370491755,0.06572252072119023,0.5232243156322065,0.09335127202087887,0.13090322494408074,0.06296298773933659,0.026215518177899015,0.07805080743570691
1,1.4805101668144771,0.1517152973792368,0.10261871967387065,0.11183222851403027,0.3805730642720882,0.12079244210950141,0.06826745651093946,0.057037721998234474,0.09292278516426732,0.12202526915192197
2,0.5918403406039107,0.07631852734233785,0.0720989100770485,0.06738069949668138,0.5089002368828079,0.12336857272561363,0.06084678507289859,0.06678526447470678,0.03556330989958963,0.08679333349606921
3,1.1060179661597556,0.10239298931095005,0.036871906936383404,0.10823768569772468,0.4143556655874358,0.16711516724799563,0.12673431540468988,0.057785339396914326,0.07037073271512795,0.08958266671411165
1,1.7730659977559942,0.154167518813475,0.0739023073272484,0.1361581817239491,0.5189826633978831,0.10409847063532307,0.08716614801759381,0.0804298388347438,0.05122755312706459,0.12052163405164598
2,1.2133746539569223,0.11685115516190893,0.07399997825760701,0.07271437179077811,0.343466574774388,0.10457878238300537,0.061957013610135614,0.059859091783929085,0.059618856598429845,0.14014623717779684
3,0.8434150524058186,0.1883059325395347,0.06804264425857041,0.10154646344575427,0.4124031197562378,0.10543521097638466,0.08810171225390737,0.07921814329192209,0.0816209473390357,0.03987642893265972
1,0.6302283574368727,0.1101808920680658,0.07718128407794134,0.07464867418274071,0.43837371985906814,0.0931665496204071,0.11878978621503392,0.051956158043032434,0.09228958154222518,0.03183404200615967
2,1.0153409570945033,0.11586168622833536,0.02301998705100268,0.08747952634867717,0.38120561631492506,0.11571313074607294,0.08620825897118142,0.03872549521963008,0.09497271751075384,0.10696409761076518
3,1.6073223144504425,0.14190211864084393,0.0786130250233763,0.12013549116408641,0.5978878359268407,0.11584214692185497,0.06256725923821378,0.0765127634470508,0.06515768956342947,0.07711428134510169
1,1.3652256642601737,0.12891530084377278,0.05905395423341643,0.17896631580943506,0.4497253266800525,0.13710282410493607,0.08701634449094996,0.057754230297549926,0.09018363678728264,0.0516102226556399
2,0.8257649982230411,0.1074460504224418,0.01341566556466308,0.13121662417887747,0.5054913972569111,0.10709831640972091,0.07987925618420343,0.05359697237485108,0.06983155855379596,0.06619794220581303
3,1.7793838788231504,0.1132782868990055,0.02826735519302859,0.1370329389012943,0.36990193060542426,0.11958008582618168,0.07457079497058632,0.051397258431607036,0.06870621484723594,0.0855559142108755
1,1.1681529310348242,0.09143499383609292,0.039688761677001284,0.09555562878353518,0.44644132819866317,0.06758882343929676,0.06294570034411998,0.04021219489964107,0.031653704504554334,0.1178116841496562
2,0.775901637369095,0.13480524345568945,0.10309016154596821,0.08951121957315493,0.5286553702386526,0.07893802090451497,0.038358035565908395,0.08305665214806968,0.05075824871323583,0.09039785390347133
3,2.0961177681435372,0.07688920068242407,0.0860134863325066,0.03273576679840039,0.3540136584023672,0.0990125855725331,0.08517244006826558,0.03903658386355496,0.04280637667262812,0.12501466271694406
1,0.6624589704812056,0.15174242102024854,0.0254521122991427,0.14854940193503197,0.3311009215318372,0.08412863705043783,0.08818689706958917,0.06733657213844531,0.06075221640518613,0.04491499861300679
2,0.45569172922394163,0.11053156648784628,0.028928321598366717,0.09153525628780708,0.2978094642784763,0.13224680369758404,0.058363658122494555,0.031828526338014515,0.07668118642518905,0.06606219601885038
3,0.9753797144675151,0.12341037834461263,0.1546764846117982,0.15839646271863245,0.48247692687316396,0.11899360564455425,0.1160884575176307,0.07491944619829308,0.09011578472951334,0.03592922926037912
1,1.6686252764430343,0.09986907143497108,0.060140947520028826,0.038327670686692995,0.33041640667051375,0.1638370483468439,0.07006346845411401,0.059793188890072034,0.09800189741846868,0.05081263866216167
2,1.3733286789709382,0.15949173353730095,0.0570540798521946,0.09947339521241104,0.404235654828631,0.17250081556115596,0.08822284572612282,0.0388395508910514,0.06684971742705301,0.0427215457641985
3,1.0584265192961242,0.09729184501453855,0.0587972220903262,0.08380724144103058,0.5901411834759793,0.07528274702923925,0.12670852730285131,0.053781586110208494,0.08379087585210501,0.04243373336253162
1,1.421585117639826,0.15271744483430955,0.10510927309239085,0.09635413568905335,0.3835208254149345,0.2374261549709622,0.057369852652697444,0.06289414479139427,0.07917898214643476,0.036917372028522154
2,1.4357506879472792,0.1442860995566228,0.01870056168697169,0.1580729006669165,0.32257743851385917,0.10685545733645747,0.09432420418216247,0.054969640567960505,0.07861422449981789,0.08767395833952808
3,0.994866589885407,0.12498396896274658,0.08336669255854859,0.08930479285240625,0.439076614935248,0.16374654964383673,0.06219276703385941,0.04319753127497537,0.08364056316131827,0.0928239100112754
1,1.9330410690551327,0.1668986193826273,0.03964790473467905,0.08706547972584489,0.2405494563486487,0.12855831641437498,0.060659753098261104,0.05629630947790613,0.09683851643523264,0.09523194132224655
2,0.9951504455124747,0.08774716865238055,0.07576535456737699,0.07897586182254208,0.33462233669377867,0.19725030018738318,0.06913897170309169,0.04848695371274164,0.047834896245080125,0.050984799557944716
3,1.7176260197981346,0.10689043913800947,0.025723127868452916,0.062027375017499775,0.3910623714837408,0.17971788660973326,0.06413271580533546,0.03824099366924005,0.08972003238995924,0.06741528659532536
1,1.9110947510845515,0.11781893146049331,0.05499204827783541,0.1257600861896095,0.2777202406560437,0.1101290845439717,0.057655034069611304,0.062138448839281775,0.05919150281150458,0.11955111703533891
2,1.012638890619193,0.10730415577992296,0.0902810655893621,0.07132058082323166,0.4969086291946563,0.16678342248142408,0.06387320484153562,0.023454359969742114,0.07404668639761387,0.05150876707307975
3,1.1322063581317316,0.08368899724155185,0.07226759384371066,0.1202834354225489,0.3465687830282663,0.12835219387451746,0.06691966852558001,0.050320400181996294,0.0999591379628944,0.11969368199232817
1,0.29527479286502745,0.10947603953481169,0.011853680176915592,0.06560368224164526,0.39598884879097684,0.08339948595715402,0.03756934622650679,0.042068395942745834,0.07410281126634184,0.0959382839690733
2,0.8625234765212347,0.1069203090958537,0.03589388317348919,0.0789056163321155,0.43487972129960495,0.1003650476768165,0.08615278605681873,0.0182333856801803,0.08011107383079928,0.06638015141702523
3,2.069060551892549,0.06732505768483639,0.10762277782583768,0.12731189860239603,0.4053884576372664,0.127194673053838,0.03645512819856459,0.0493884491610642,0.03997907334970699,0.08467380042608331
1,1.4883666318434392,0.1432653099406436,0.03405802911317011,0.10574242911038852,0.351564558742846,0.13178072656845224,0.04480081570720492,0.047783488539174954,0.12695665002887283,0.11248641914282721
2,0.6990917341061708,0.1572376308983125,0.014135723657552297,0.12274006303694375,0.34825093892853043,0.08184258553648385,0.10578368567529467,0.06306583992179708,0.030661404891301668,0.07217837277546635
3,2.034417858304736,0.13170659393210457,0.04724702188614394,0.08979836605039015,0.3234393754209109,0.13570986140425642,0.06854873638848294,0.09749637573197317,0.0418349623187142,0.0916025005976622
1,1.2559032276036965,0.14262297720696435,0.08464294330700128,0.07265402598307859,0.4138920876030754,0.14310703187935486,0.049094313245092246,0.05151798186319431,0.11299496816163054,0.04440139760082466
2,1.943470615873501,0.09737004386775072,0.037967897168021195,0.0712962873775545,0.3495406026762842,0.06385917971567824,0.09591986367901913,0.0585561670608658,0.1007953495489929,0.055390060823348436
3,1.0363734529823954,0.15816610233801062,0.07796391035121555,0.11991251042429668,0.45805849402466603,0.1586844481930599,0.14579601613234566,0.03364683971248706,0.06314717237753151,0.10576474505014719
1,2.427543031274598,0.09772600696310087,0.031230670792881887,0.13479972610563817,0.41322429671618105,0.1236655549554379,0.10293194737792613,0.047213104367634456,0.05891765132758289,0.04357398229348613
2,1.8614338534441708,0.1137819346999003,0.0802964008304013,0.04076837648149243,0.3333017336608768,0.13177996877731438,0.0659859995235166,0.04404020851439709,0.056824958493444815,0.058848030464429615
3,1.096206559238022,0.12808606153463545,0.015270444654369594,0.09327846317308996,0.368103387080601,0.0802966607193959,0.09414726729729012,0.059490839009720894,0.11242465211423269,0.12409907114311719
1,1.140516704557461,0.13220091439126638,0.04976471559306397,0.13930972842183625,0.40257300918033123,0.17592722529714494,0.1226592536290006,0.05808290964853349,0.06351016589933847,0.11655593034118863
2,1.283842762718627,0.18376020974139712,0.029909736980620057,0.17016792846005863,0.6110034577142015,0.13146142028104077,0.0327413277834496,0.04966526297286389,0.11275127746076055,0.09377548080124512
3,1.0888452038084484,0.1271064593642064,0.04808722965687008,0.1239921180318125,0.42898317956903337,0.1868400293680481,0.12108189406669886,0.0624596512839693,0.05733292898388159,0.07445406132164384
1,0.8560427301150121,0.13376845734350637,0.0641687938914326,0.061041359245658434,0.39210850429903427,0.1313985284378763,0.12437019472642513,0.03645104411344243,0.04136080649450084,0.05859945807570534
2,1.9082883573895622,0.0907028777750103,0.02509934436383106,0.11538828610206574,0.30145866241418856,0.12242474757580639,0.04144109884274,0.06287936979666375,0.07201691355391757,0.08399560416432594
3,1.538915311822857,0.14454309073435462,0.025956174303353802,0.05909292417292165,0.40778332744517604,0.14675421460841853,0.07617417048035827,0.052171661844353984,0.027511463095656448,0.08382551451412305
1,1.3413737708816318,0.11401657738957886,0.05802807880152676,0.13160852840401785,0.22308242130975264,0.11053803975145947,0.06184823168953811,0.07124098291744614,0.07918483154797443,0.11384133268068614
2,1.3156341817304087,0.13089591748752516,0.020270498204039023,0.12472125215909262,0.18536058257917035,0.08857575374398335,0.07440853874444571,0.06428608797137855,0.04739534649728229,0.08320438372106762
3,0.7773605814621095,0.13135026074412887,0.05782935088109953,0.0904720652123186,0.3226787057712901,0.12691472581961305,0.10664232513981486,0.07546149463963994,0.08513395768777801,0.09154416804476391
1,2.258268219977551,0.1322330161259499,0.10939105483339613,0.11817708742259736,0.3918911270142114,0.12196590017944522,0.10858443808369383,0.03956828341037615,0.0973330598400512,0.055756478856570535
2,1.6060677915743593,0.0695107014216837,0.020283990699959394,0.058924327643261526,0.4710831519360635,0.11890563762767073,0.04296050500082224,0.05290186199481265,0.06355388541241642,0.09440733397360788
3,2.218051730523336,0.10034736991842265,0.044975174454972434,0.10653103921593335,0.44535258659441856,0.12516307944887223,0.09724712081922843,0.022556533653996853,0.06805188457863218,0.10243399185231702
1,1.2735335279294802,0.10439650046609683,0.08924519775871195,0.10870530109097365,0.6007463434665561,0.1403965046004361,0.05515207283584263,0.04029035764573811,0.07404984515463726,0.08641681218071007
2,1.4839065734471044,0.13562698161807793,0.029647360985433545,0.08664491393110242,0.44982993278044864,0.11644004221907928,0.09856640360391858,0.03879314436151331,0.06249506865420293,0.16840216151518947
3,0.5666796715291866,0.08775865298433672,0.04623026136571133,0.15825203241403402,0.5227710273449372,0.11458142814544538,0.10305247595760365,0.06591962833729673,0.09364075525110857,0.08400240722319215
1,1.12295548814898,0.1541203074157784,0.04529536093391988,0.10509826208324505,0.3456186087240919,0.16837261997600173,0.04498396338143058,0.055782649754646974,0.09580657929773737,0.1119344159003291
2,0.9133628725516145,0.11708435614639058,0.03252291093292893,0.03380442107095691,0.6048684218735194,0.17093935125267046,0.05533543246373582,0.04291540522536979,0.06832395403971446,0.10093113838326695
3,0.8071121197052835,0.14039725470166223,0.039974154731265046,0.16272023779689815,0.4012726402440011,0.0995257670751395,0.08300230296014566,0.030412640673858786,0.08213640968271237,0.047247752544018695
1,1.5988746782099192,0.1260383188066097,0.08203247091958896,0.07665530779640792,0.3237160902464966,0.14010672934300908,0.1797572329781085,0.02868621397694798,0.057211475956722914,0.09638285008138478
2,0.4572437495559839,0.13825357773166774,0.018018840062705082,0.19424157664713163,0.39455861525131813,0.09508684415403781,0.10312911621712681,0.06249193475398537,0.06923550992551121,0.1008208272551888
3,1.6430029052059938,0.15567469050152294,0.035962227047137876,0.036921075420820626,0.3543813615489003,0.07606847567160677,0.06454789920603626,0.07229885728311561,0.07814399258570467,0.06708836607021978
1,1.357716353421413,0.09953635557685563,0.06453932682151607,0.13646596922358423,0.438135607677175,0.11419410735459654,0.11504587004574471,0.0774788943055406,0.06650491600324278,0.09550691476463723
2,0.6174858157060878,0.09006241328842624,0.029892771925136265,0.14344168655908665,0.4386097100885798,0.13985322765443048,0.03889862928329659,0.04767260477424647,0.09139885467556433,0.03245964878274449
3,1.3151226565106118,0.13009829138130083,0.0531637992184389,0.050600688211237206,0.39333862648828505,0.10015142118725691,0.1019018686956068,0.04287166380396261,0.0968659040060981,0.09197161745503458
1,0.5674995458739972,0.10545145118601013,0.10475865670763872,0.07244012008127519,0.4677903385231098,0.11858403686611903,0.12080026422143395,0.07367006033764258,0.05944470031605359,0.04385203332396638
2,1.7941907746742298,0.1269519491966008,0.02669834614647493,0.07426428513767305,0.5060262633456662,0.10522978688142018,0.09857668579332562,0.04175502005524498,0.05048342023668803,0.051960876871633796
3,0.7057667521143214,0.10862305485425645,0.07030328404104991,0.06204006635891222,0.30903268709278764,0.11593141775680986,0.08251553744939026,0.04349927289468908,0.12671102598650327,0.04795081903765419
1,0.8043495562417419,0.10070641898032742,0.03597125386552025,0.0913577950214033,0.5203830767370857,0.06673905848985924,0.10285797205460262,0.05391578500587681,0.06292960380201486,0.09218152561167221
2,1.898534483758669,0.13537066457396713,0.03511224242061972,0.12095050062560697,0.5316609201785724,0.13803047787055683,0.08325681790757143,0.05034130909101312,0.05918814980774611,0.033197249307720285
3,1.7205324680196723,0.11988432025773046,0.11566321222855293,0.05519302255644897,0.27075389003666084,0.12583170324507742,0.05541926540086053,0.055724965192795246,0.04389217158087787,0.05529740951308432
1,1.4376465166916597,0.16772084253007824,0.09933143417774015,0.09022156721996662,0.5957223142379949,0.13738951413766803,0.08875397203003492,0.03355113212519063,0.04852841199253298,0.040231162268037676
2,1.1636026142347378,0.12510688051226793,0.041681310952178155,0.0690923587092119,0.5049058661582181,0.10840855982951474,0.12093721264871689,0.03065323806752563,0.06830894044296602,0.07039225893972179
3,1.2350723119736815,0.16971991492418997,0.04186396635104388,0.1544651020364422,0.24375031920078327,0.11902548798454904,0.08720071992463338,0.05230729964853588,0.03093472598320128,0.08703444087195855
1,0.3918097128086635,0.0846516623722973,0.018939865438680252,0.12230201294830041,0.39388886328045974,0.10889444256374205,0.10794824657263265,0.019614057386977503,0.053321877098023135,0.10374242934482152
2,1.0750274180415036,0.08419903739412421,0.09126891005980142,0.163464597273402,0.36278453640463093,0.08208043554356537,0.050077319615946254,0.05901413982711838,0.08710298086309305,0.10836416367428461
3,1.6597817724144157,0.12613023832370857,0.041866637696497816,0.1656021761221798,0.4549468718562982,0.1256028290894279,0.10885683353604501,0.050075717974029606,0.04854915694026907,0.06528838235596392
1,1.235975368449549,0.1347161437964483,0.06445679772798416,0.11404058323613644,0.2993826861932291,0.13011657068730542,0.07523478047004714,0.0638888719403277,0.06420602274152941,0.06582186675336797
2,0.35446106196988647,0.11068344773972856,0.08674946008239387,0.12068609096897359,0.4452907777811175,0.09101299647505759,0.09052852038322554,0.03223687332354354,0.05847251812453121,0.12391312731805837
3,1.494237925620104,0.15588762880061197,0.04537798709914744,0.08119735634545103,0.5407838181470782,0.18734274687717364,0.07148225441838024,0.04474502133640581,0.07675446067471968,0.13155335205563984
1,1.4034648141462152,0.09360131493554232,0.05382048341412807,0.09144751130504682,0.4144936298495834,0.13205083000522966,0.0658732667533542,0.039758127162548666,0.05755894911215479,0.11177989211595907
2,1.5180927603781884,0.13356409631500382,0.01032001771549957,0.2028025189503611,0.39390269275449186,0.08949436559293358,0.07361844837346364,0.05191777561962037,0.04023179344858811,0.07359950569716542
3,1.789626082389026,0.09589966378855706,0.08299802487760562,0.11653532059184005,0.431428573239647,0.08225794993492463,0.06898898855905425,0.07286997718670642,0.06674077181044932,0.08505165566087303
1,1.1456431451692863,0.12999191720966907,0.029843502349824025,0.13359938295707924,0.5550667287578959,0.12824810273337958,0.09098836324086808,0.04069147186890007,0.11435688023136767,0.13098195351732655
2,1.8493853421762063,0.18161603084954273,0.026319771590162327,0.13536788083121,0.5551648287432027,0.09527345709721287,0.07187833492597169,0.05618294481472874,0.07819749836437231,0.12629325181899598
3,1.9085101907473376,0.06890702631728737,0.07803842509777717,0.12968275781878846,0.4885828118744473,0.171677965511965,0.053236792344502494,0.04593251762713872,0.04369937845241682,0.04840326227063722
1,1.076443373035051,0.15833146770875767,0.06584862973853624,0.10788458101340839,0.28344987446234143,0.11532449632334624,0.03609142423527602,0.039946012572960696,0.06407448509428232,0.08598744650265881
2,0.7283567314829119,0.07812612762036081,0.04976048606242887,0.14578449841285432,0.42297120044682623,0.12767646338644367,0.03389075405019257,0.04571899673105194,0.03228923643423135,0.11389048386594545
3,1.0318102075464783,0.08941137669565904,0.06821839937085356,0.17022062465980883,0.5142119778547807,0.11793451882417763,0.06140517708201486,0.07069923208116384,0.08652705854409301,0.0671550776556611
1,0.9106864429556111,0.082796033951772,0.04757191137973289,0.10440797097888277,0.4023395757457876,0.1050635338933818,0.03374278327787262,0.02821689248968193,0.06350754513068696,0.06143116130666988
2,1.8759179712004839,0.08308992929560478,0.04314669628331332,0.15913061154977337,0.3922011558455926,0.06917040669259805,0.06860806136825821,0.061162543477919315,0.0527300539525475,0.14910893538422482
3,1.3769383070851282,0.11219821224528369,0.06597887197885814,0.15782985264575017,0.49523524643744343,0.13707376032979368,0.10319545590807831,0.03952393710104622,0.04786354144611053,0.07753327346396831
1,0.2370395979382658,0.1239462556582605,0.03294909792983587,0.06638936916821568,0.43584027045361096,0.16517205039743144,0.08786215689122437,0.06142604165756534,0.10015814274970794,0.12094900345569708
2,0.30823822864187855,0.10724872320002725,0.019138250307243074,0.15262407942656347,0.359669426583318,0.12659256221474363,0.07568792368766615,0.03506239025706538,0.08879961503968342,0.11980942326503018
3,1.8580562377256682,0.12624681482403377,0.06458195303796568,0.06542624527137074,0.2648771098636683,0.13673325336285447,0.08645623349838069,0.031763408884271746,0.049837131088752304,0.0745054162825372
1,1.0876039603530399,0.12795858131326993,0.05916638459290166,0.06544144537123585,0.25755018355699516,0.09048580129949302,0.0726784460350255,0.06289658310320534,0.09718922619949372,0.08570266951547975
2,1.2912469351023257,0.16475520117406128,0.09477578410476906,0.12436430471383762,0.39976121109331114,0.12392315472357,0.1189331142401732,0.05208016182606211,0.03845664321758232,0.10316720421059032
3,0.5292141812372573,0.12168126848148343,0.05548509324707371,0.058229911207803235,0.40199044131113504,0.09546489458771228,0.045314402768851646,0.028959398254752557,0.05536956336223337,0.05143037502872477
1,0.7938128819835234,0.07663977663560176,0.0377576374096704,0.11106071219118781,0.3575760910902115,0.11771361319247793,0.09565487478666246,0.036375627477018405,0.10048447582051707,0.07070079329701282
2,1.8185783896117127,0.13083270867738742,0.025461776888801187,0.05661301655953437,0.4110712593704731,0.12858502802296964,0.10345208575250461,0.02250812417862475,0.091388924040139,0.09018505107441399
3,0.8862370359277868,0.10773847742912203,0.07128008066253717,0.0962482070020967,0.27250513050832836,0.16399521456701782,0.08151096914026841,0.04339396891060897,0.05270947317159763,0.08822843656495641
1,1.5949276833855812,0.19379958142636033,0.09571444018894075,0.05184991020245667,0.3411369661867661,0.06860158411515918,0.12823596514311836,0.05296145320754586,0.04090886881251031,0.11481617954896364
2,1.7704855255866556,0.13361538829014474,0.032167772468862876,0.11097128551127333,0.30050907993415005,0.11823609569317739,0.033640432652544,0.05893228626492218,0.10880682433325702,0.07842479344284353
3,0.939250811438621,0.19315852985787949,0.014486264250362101,0.09355669629397546,0.4091049513830892,0.08357051489726827,0.1184869525032489,0.04196465405499945,0.03615628947215971,0.09224175792256134
1,1.310196638188897,0.12998318348035817,0.03238458428588605,0.05592594174582111,0.3790934106882918,0.1577025707145364,0.11255428617961707,0.038319466236389224,0.10714081956698315,0.06672298638050686
2,1.0018655631152151,0.08844977258520886,0.01849264918850072,0.08004503722647821,0.5041810220795067,0.13962165087735223,0.032404852224834683,0.07813100273741613,0.03370594899549445,0.09070669759368671
3,1.614166313453115,0.11200896690639633,0.01279505741843516,0.11888422346747762,0.5169845112190019,0.1378693398247035,0.1335916853185721,0.042750564701527084,0.07936762222752805,0.05268031380549035
1,1.844425377851676,0.1206714700846167,0.014206398159055791,0.090682672827604,0.4178560936058324,0.09984136424008075,0.08816374903316429,0.05772936526808395,0.09238285911831183,0.05037180897558921
2,2.276021834184813,0.18396816726658316,0.13298572868899744,0.08038389010106348,0.39759950564609503,0.1362181946445573,0.086636604704778,0.04829748105363965,0.05462013478506528,0.07952327480673235
3,0.9988855206899186,0.16220345622163052,0.0870397600960762,0.08887356880869272,0.5395331004395649,0.09491894304356951,0.11234546719307109,0.06001812190489344,0.09768578259724756,0.08151113746871619
1,1.8087988437702323,0.0702568402360034,0.06797009675197282,0.05937651654808179,0.49919398644383617,0.20559330831021091,0.05434792562654092,0.05175364066255479,0.09723606659719498,0.05128840651302581
2,1.3027767760452067,0.11404934115690138,0.05637647817979082,0.1124452734524224,0.36538856632106803,0.1922307522165253,0.06820385914981225,0.037498289641719695,0.07831152193285847,0.06942089373990584
3,1.5820726723870817,0.09036788042080225,0.08843741305847205,0.08979529623080774,0.47450363906707044,0.10799541547075737,0.08851164951001543,0.0691249910830383,0.1119114892873875,0.1109230651910279
1,1.0839919333281367,0.13202213605763988,0.02155508946997999,0.12294706316546555,0.19293701921547637,0.10987787854304448,0.09989623166273423,0.03726345738671326,0.04941038681129349,0.07952044716659427
2,0.4826953889554223,0.17047063090456843,0.023728449793723762,0.111746739855255,0.516657461360595,0.1859173260972466,0.04853671546958837,0.056784331103571443,0.03381411700848148,0.053025851185953904
3,2.2004540400505155,0.10145629366166084,0.02073472282282072,0.08232721253966174,0.6644072268783932,0.1213020664526245,0.08657762411871929,0.05755507108240997,0.09162228549762903,0.06949440839975002
1,1.3346935511205944,0.1507765839703094,0.05754198472654408,0.04333815484969671,0.28792384472098287,0.09612077166397713,0.12980719324004947,0.048263010731707065,0.07231527486001024,0.03276062628591733
2,0.40100747902488165,0.07001860182514527,0.03834726762857666,0.13343408390499556,0.48035450965392973,0.19610660842223754,0.10722447041093006,0.0440837766606158,0.07839815548968851,0.053261847860094136
3,1.4976570022409976,0.09112356640674947,0.06586056774335128,0.1484710148596888,0.5181534602709676,0.13782218504131197,0.12185249006094809,0.034408351666700324,0.10207261708367171,0.08030192180408051
1,0.8636146445930311,0.12882503557409866,0.023769838674334295,0.10721959998844323,0.3272304333327234,0.13747322379949053,0.075137885355102,0.03844278663803558,0.09642886189337019,0.09025272157438255
2,0.7103671981667655,0.13606810852701598,0.01356055451305302,0.07227881029495678,0.4316017933147623,0.10425279561041868,0.04942293049107861,0.054934443561653744,0.06584177190252904,0.059446199480497244
3,0.7462080837901061,0.11125519224778069,0.05302618653789824,0.0947561846216971,0.39419187026230634,0.1437254609824611,0.06879735702542161,0.031432236928691876,0.07581851077403058,0.07801746369513766
1,1.1901716223336984,0.08751042325020121,0.04922986284691897,0.03839123389120362,0.390983078718622,0.15840258398495752,0.04558746631271638,0.05512738525283736,0.1016861299595141,0.12607918577016525
2,0.8430764636492806,0.11857807387542481,0.03149182675611953,0.12922782851328743,0.44716838519865293,0.13373621328715518,0.1133917768714329,0.06730006015386111,0.05436415839084477,0.11471881322649535
3,1.4454881157547905,0.09804547241366825,0.04039521063475331,0.08703852007504376,0.3669754173669202,0.1407404386344468,0.07002594998150309,0.08554288917170522,0.10961006790215129,0.06108797204169923
1,1.7610919507023686,0.10792959504239558,0.050696774931176324,0.12318028314184348,0.5111408653725847,0.1687889957414569,0.10437646857078069,0.04151559158310116,0.06193519048793975,0.07193155905245407
2,1.3211817156884273,0.11061796617860127,0.05392683761889237,0.04122902622907662,0.3480394428244742,0.13078758088311576,0.08335139755889341,0.039351337830184865,0.06725925826583576,0.08282888310585149
3,0.6762405657683148,0.09804436800663847,0.03187230988547763,0.10952902070462357,0.2547358455503903,0.07537426465890494,0.05185182254866104,0.05807160152533904,0.08771177104272758,0.07305373402821312
1,0.6036316332889049,0.12556834818678902,0.014839576817749299,0.05319349581645813,0.46800783770660487,0.09942803775702885,0.09142604278317482,0.047075028287385134,0.10273348435191096,0.060400957314945165
2,1.3078870683780992,0.12637839594923161,0.03713815353796298,0.07263645922991202,0.361387827741781,0.1078964041844324,0.10358390927207765,0.07248990907793204,0.044616573392671735,0.11121123479505338
3,1.4969659308377135,0.12397391700881452,0.13343358828188606,0.07049754801310466,0.4448154853099071,0.0745381884954174,0.10124272284930456,0.028853196210431382,0.03362649215113015,0.07479105130820622
1,0.6867048622113472,0.11492319821988196,0.07733700699978661,0.117396920572161,0.4451260249003421,0.07421730264099244,0.11665179250289699,0.04586443621442812,0.06697637446952191,0.06616730089729345
2,1.9344260177392902,0.09673650025133736,0.061948613727715,0.05525346860732004,0.23080294577201974,0.16919863587507614,0.06837430750076805,0.05430755082361204,0.08239348127065352,0.058648025010068036
3,1.1449952168635065,0.10588132659772304,0.0849157756996411,0.06335960460842814,0.3640074888511642,0.12098133765325389,0.04618528896504185,0.047738520620758305,0.08298098784259637,0.08655669630973697
1,0.8986617322413327,0.1520001413172243,0.05314112634595643,0.06608357851531585,0.30865274162956435,0.16537192544486864,0.035427920238020744,0.0656355148740205,0.029184328410636694,0.12878605400333942
2,0.7315787900437519,0.14105842306381952,0.03890187990890267,0.0942989817114937,0.4619687929678935,0.07809105361355802,0.09967665368377306,0.04139894523745381,0.07809621571857214,0.07771757368910606
3,0.7499468454378173,0.10805796407472915,0.024568187187288072,0.10509692305103491,0.3678493602625792,0.08097402889162253,0.08871872112434694,0.02348056126339021,0.06114521527575909,0.05749442723642635
1,0.8234028784721356,0.07907607407884013,0.0759148866859754,0.12857165630899997,0.5312285062733253,0.05766177708744814,0.09628007136476951,0.06489708806120736,0.025953729773316156,0.10066699731192034
2,2.182862198572174,0.11728531817088203,0.09231301470092933,0.06493803482970475,0.4593017366674368,0.13906796856853498,0.07691054894139693,0.0314814749768934,0.15035010186752357,0.06959568920329538
3,1.0706750804210683,0.10632984042251506,0.05255687197031867,0.15107163295312875,0.36061482250261734,0.09921579117195095,0.06867783518600763,0.09718232289954608,0.06220372819108555,0.04892247344712511
1,1.0809467243095243,0.1714834011055628,0.028590091081614383,0.1535634851970848,0.5604176894999562,0.10827279791357036,0.12287568522411595,0.06300602502350074,0.06167753906771964,0.05816456066360766
2,1.1996705276579525,0.0769792928576591,0.06703952780638044,0.10204962711876607,0.3670666221973291,0.12909258779348393,0.08505872063173806,0.0607842351877079,0.04360485711531252,0.06452326629390147
3,1.5814971743238544,0.0915685715106132,0.01339496699785539,0.08013767395605813,0.38000465446028137,0.16190325086273621,0.03754032841669974,0.03839201786364457,0.09785507288327802,0.1056407816452325
1,1.421142082102272,0.11426340153674933,0.05551615038660479,0.04304241132958731,0.3763975939326751,0.07709418533190289,0.07500762746323754,0.033187743492711835,0.06945541834296616,0.09013068712335857
2,1.1088710461441136,0.1919820078078301,0.02887118823467712,0.07406742327652024,0.31735870423741974,0.10525934143980939,0.04628325301418013,0.05642157483707125,0.11572737387080013,0.12155422151141913
3,0.42479949142089124,0.1515689022996147,0.09004930888617489,0.08788004659943387,0.4739257571408449,0.162824754089693,0.036565954900887855,0.05847201344187737,0.06981586133770908,0.09411157879976986
1,1.7725828041629776,0.16055466678837627,0.09312321925962985,0.08976395503572933,0.355327587091981,0.16430946395172402,0.08514070422285733,0.042116057606646246,0.05800181642239806,0.08292746789436449
2,1.909982350480459,0.14185652557657896,0.0995308959979336,0.1147422327341707,0.3018257588673405,0.119790939440512,0.08132830970825496,0.04171806395126836,0.06838359028277075,0.10906095248982059
3,1.3368713296506034,0.15202935417747362,0.04877512403034308,0.12505648372917993,0.3468184970164331,0.10623221436166208,0.09870533602879646,0.08079418890212142,0.04759199003801573,0.08538509055190609
1,1.5946709283164113,0.12180072274272616,0.07791633780974691,0.1515036090133759,0.49496367905166333,0.13719344351402615,0.0715806297793724,0.05274651755057638,0.05477471902873425,0.0387379421380096
2,0.3001978846080855,0.13719328696924488,0.03722229793588677,0.1268778302885395,0.3544667446490473,0.10454063006496031,0.082008805377998,0.05844411769562504,0.040528657964523845,0.07741334690347819
3,1.1484798462277013,0.13430965289242675,0.02481962408857115,0.14707296296303393,0.24855252270304296,0.12015615566011345,0.07273390910945185,0.07849327910951057,0.06694278811224602,0.1181372290141888
1,0.6692783573527306,0.10609417098208046,0.014889917340056884,0.06429026015311409,0.40289034056195394,0.1059371758296551,0.1058392554476442,0.03668281243386668,0.03160627477971474,0.11940670930172362
2,1.5196327625399586,0.1667773302749117,0.023621886607290084,0.136892451932012,0.3178902041168369,0.21942290421032595,0.10418088670288296,0.08040079109843198,0.0873401743731313,0.10222171175251665
3,1.1021222593848834,0.17586567916303814,0.027270724090634257,0.11094624190238729,0.3290718183397954,0.11591470216395963,0.11250324962512855,0.03798913853821744,0.06798215892354563,0.10834058689937424
1,0.7502051581112164,0.14846085864881958,0.06536864597730628,0.08969700352984511,0.2436977252663588,0.1463307626425155,0.05297533860216909,0.03145862144904791,0.07864796856266563,0.1485104923447395
2,0.9270352853910953,0.07806960030774732,0.015439047924158011,0.17914653001554937,0.3728522892011361,0.14502976434612797,0.12516014551640398,0.050633054866337124,0.059392787828914745,0.08642016297599195
3,2.000679353770688,0.1317654248143212,0.028246886888870105,0.11136517121222275,0.31659333629681485,0.11466677558389586,0.03900389320703567,0.023546846993356636,0.08164555469087868,0.052728665125893255
1,0.6813847229772633,0.13357812221786278,0.015254436835261124,0.1088319639592781,0.40662221697878853,0.1265668798288088,0.11799561219158014,0.058192095024032386,0.08539228295248182,0.055074031362189545
2,1.0305168606588841,0.10732672591039787,0.0346639501347155,0.12014529243245727,0.35990498440339547,0.10035917118305589,0.08961629165007877,0.04862417617793483,0.07408977211091097,0.11642267246617927
3,1.2025631073979195,0.08219216448289343,0.058877578305534924,0.10800772009527877,0.18435971858703334,0.14585493821332757,0.04322979895756729,0.0427908367713753,0.09319707025633014,0.14223198132065665
1,0.9389586250477946,0.1111419240913045,0.0405840958864216,0.09610264837731593,0.33823794583864186,0.10164687236812267,0.06961531001025921,0.057192243519808256,0.10331064832470518,0.10590972290990247
2,0.9004786635372786,0.16080045412015323,0.03149690640012085,0.12303591609648823,0.30599128075017024,0.14057887420846216,0.08787753388130737,0.05369225934028012,0.08091260550841398,0.09604121607331403
3,1.3380739275344609,0.12480945756528762,0.02595810911938932,0.08504602499038862,0.18311200620246526,0.10071031089576933,0.06506056592198484,0.04389587029353507,0.08982909352935019,0.044070648511870876
1,1.542863187914605,0.11288748967999217,0.11272411938078367,0.07658810401865326,0.21898505066414037,0.14675712393761883,0.1149170963229277,0.023972349276610228,0.03336634779992482,0.10084818792995733
2,1.1861819085581735,0.09209791249648341,0.05916147259794113,0.14480358598870635,0.332532545837608,0.12426685565160152,0.07325288727198583,0.06181432750557322,0.09860783794784113,0.14070194634195995
3,0.3645590495023274,0.1339478534531807,0.03605694300513976,0.09665671498698908,0.3149437699353359,0.14765192634746155,0.0544349305601989,0.06462512938428953,0.09601884689853943,0.07247507064487625
1,1.5114816692757438,0.09488653871730891,0.06713557276491734,0.10358874809261233,0.39230510355038534,0.20566649083092214,0.11659710747344472,0.05260945828640833,0.06696976374724564,0.08709838503646147
2,1.5115327722744598,0.15963033398619358,0.0783340803719614,0.12295295708862364,0.3889379210401507,0.0910458703269579,0.08467033121579946,0.05218915609142505,0.09306766899442157,0.10411118382204919
3,1.905311440808695,0.09419742434195343,0.05022905410005801,0.08126768607957971,0.3154171166016543,0.08557758256410569,0.044630865025558686,0.055715328217332834,0.06664523322439474,0.10597698549589106
1,1.1679109556811447,0.08922730587214431,0.018441785484683518,0.13825568246034917,0.3555431440488673,0.15197697643426183,0.08616204003642633,0.04348288474392624,0.12752113757888356,0.11076460320382533
2,0.860039859063735,0.1355375031512747,0.018302474562485273,0.11895128956944823,0.5086452880079233,0.08794587813398866,0.08967962209344685,0.029969435697422313,0.11034925785096644,0.08173856761893722
3,1.7480060729332692,0.1586483045973319,0.07146030252180191,0.10201531550741096,0.23597417365200934,0.15298096609284567,0.07906893698838713,0.043573636529876815,0.06449215613423764,0.05529255300932485
1,1.8283082805043285,0.11660127249481193,0.06277483202430172,0.09768908510280255,0.3432304436862637,0.10906817817827555,0.12450727681949042,0.07150671808327086,0.086351067359976,0.08494804907905242
2,0.7621367535539407,0.11292166524537105,0.039482379611285014,0.06342277974922997,0.21644906517973098,0.11192125185144311,0.1481833652258308,0.024484724126154413,0.1304979084469519,0.08270432202809083
3,1.3057586566119308,0.09095503216847073,0.08151268843045381,0.09350789612069413,0.34402122093935944,0.1506132569807763,0.10930400190265889,0.032567347788250905,0.09502147430735461,0.0781524488916107
1,2.442480991062963,0.1501171842465684,0.040949420273882646,0.08984352890703691,0.3500773248284776,0.0899848855972681,0.06376001652954585,0.061026042908017664,0.03864830438034681,0.10233015924192367
2,1.1841803243044442,0.11543981088335538,0.018148635570120857,0.15221277085459015,0.3762031658392404,0.09982068531515594,0.08096529792723421,0.10605465084007364,0.09578170941466439,0.11628301456945664
3,1.1557585522224743,0.0750125988036163,0.019098770323234975,0.13074155227684586,0.34450141554898733,0.10839741935166233,0.08252186134540739,0.08322489821812225,0.0940432810262335,0.05365705577185202
1,0.9964043302977759,0.10141870986287618,0.02935221761217561,0.13410793872392046,0.4186952066386761,0.11140296443961094,0.09088341842118344,0.046275090079961646,0.028982198461953206,0.06380427440093421
2,0.8403817190599918,0.11736134320520047,0.016329335567186583,0.0890906627681475,0.384110713109763,0.15162442989364183,0.06487590936079296,0.0699728550784704,0.11059909196685148,0.07509250929084715
3,1.42678493274855,0.11130673429976853,0.03411933128396595,0.0880803693320386,0.2835022793158788,0.13944636180753478,0.03506519100664508,0.0483587062824282,0.07500852764792774,0.07876274067530782
1,0.23682005614680424,0.11749523495437489,0.04743097709897427,0.052990231313673135,0.4631951006210031,0.17275639165635673,0.10037337002330372,0.020627519137507908,0.05225761933731909,0.07189567193982409
2,0.9299049572734888,0.06898175337179531,0.040913256949454475,0.12386413417974229,0.5390183752975624,0.09409798120623275,0.12924442435447,0.026120054657113513,0.07138888098754356,0.07439098787786003
3,1.036941072079276,0.10323627260259048,0.09046271984014884,0.07784396688641841,0.471823439455172,0.10341166536231916,0.05018155102779842,0.03876230887875075,0.05308222488076422,0.06971361764217805
1,1.7476926779902608,0.10298379032431951,0.022227014394964842,0.10319684318792437,0.3993270774178651,0.10569634404862138,0.11727763614293638,0.07639094577464126,0.08765003191013333,0.07214067158411186
2,0.7836572210355087,0.10075930965768704,0.042872758764617366,0.11535801924539042,0.18491077857356225,0.12635927216893517,0.10134543256803978,0.059047411722051024,0.06014765379546315,0.08573809586654813
3,0.48448029551776584,0.09373444639695991,0.17730815473472744,0.06224807751378668,0.4049068231601274,0.09916352889972838,0.07839087979723776,0.060596004280146686,0.040152240134649984,0.1062281050053906
1,1.6205072680018038,0.08568860554857943,0.12898479675002067,0.059128585705117996,0.48304336539612647,0.09307281404508319,0.10577311735415333,0.057324669591215446,0.048098215425902396,0.06398538383730698
2,1.215664971151092,0.1069801003088798,0.03653006469859053,0.04827072380450885,0.49087323692641593,0.13952754233072745,0.10543130216107652,0.04933424128396836,0.08720503290652483,0.1407878723238315
3,0.3061295630186922,0.11873868933958422,0.1027624369907765,0.065341184479104,0.3693623097967475,0.10095692169483259,0.09833377623054043,0.07098739556798564,0.04962851225640165,0.04937545075083917
1,1.4339890630071452,0.10475174584042936,0.08422036264087542,0.1227910002982977,0.38026798527750416,0.08476614357551224,0.06363886701769653,0.06654015169575643,0.08592443097920408,0.05454454753221551
2,1.4639997413113328,0.09434127356600588,0.08509198242607295,0.09307980446406362,0.6262775704092042,0.1809352845120869,0.07043541665618656,0.07592796255384707,0.03327448829662494,0.06071408983732446
3,2.130967101075612,0.11559825516601305,0.08443917259205438,0.14020190403666358,0.41645109677160425,0.1685403894910104,0.0998003822046625,0.047633720319062434,0.10896067639697872,0.10448969321347001
1,1.4230325394877403,0.13466084035947143,0.04050612206469685,0.11582811482381819,0.5313850201055601,0.1702667953840499,0.1237206257627801,0.025355362748271514,0.09777041189003159,0.04269936514624271
2,1.0389596395215173,0.10167198598002875,0.03438838950091387,0.08321828693357748,0.5524835093381102,0.08694265124010082,0.04691354925648223,0.0892491275296709,0.09944082464652777,0.06403386492371357
3,1.1731122986853535,0.09942406574782811,0.07616949975297369,0.08195049325550328,0.46788468820383583,0.13879557231844328,0.07545247058788318,0.03881911817968932,0.03463281846792655,0.0645599040215863
1,0.7224606440450986,0.12360261220119528,0.05368149046555152,0.08421147033142479,0.3961205492678289,0.06990175842458136,0.04666123075612364,0.029882040989215108,0.10368360953098428,0.09869404057263696
2,1.7597556512624388,0.1435434474075139,0.07818730144685349,0.15123046909536325,0.2328006541271733,0.13529834030612306,0.06529878351808385,0.04339626417193544,0.11171297575554079,0.0983449017624923
3,1.0055487313672888,0.1367939874037437,0.01493486809699723,0.09350637356388744,0.28528598342532674,0.09818077236568891,0.0366514917888559,0.04842303190383446,0.09549574915493636,0.08521032282775133
1,1.5480260051646206,0.09010250139290861,0.0341351617241743,0.08585555239892018,0.4601394008579506,0.1549930953928207,0.11937176376484032,0.041065048909230926,0.07839565943486829,0.10657069127444277
2,0.7736795069625586,0.10295230886846424,0.05225433458338439,0.10147985530062396,0.39907509504577976,0.1227940023197058,0.059448719125685195,0.03386619298148327,0.08042383568036869,0.10147740514746102
3,1.3590780010368813,0.06315188539996819,0.09924317735637929,0.09226942331026806,0.320955175294582,0.08476866508052452,0.106297332387207,0.02965617836573477,0.07893437590461894,0.055584421289865245
1,1.1950753000769303,0.15429034020404608,0.044782619373580225,0.060989644185153895,0.38912964924936316,0.11653443521033646,0.09924015588208901,0.0497895828955998,0.06381566767555526,0.07162149568133556
2,1.08856581588687,0.11855738666785123,0.08482852162983778,0.07054351367172887,0.2991225106678471,0.07063544644338227,0.10345020149552378,0.06068095238853104,0.04117211238181502,0.03483874536988202
3,1.9181680706842805,0.12713781729077717,0.09140917189413539,0.10347075242735783,0.4666273802177874,0.08467686738074186,0.05419776234021802,0.06083505731389076,0.0844808576853838,0.08087700463499801
1,1.9072916131256406,0.13581082320233087,0.1340166760861713,0.08554500462743253,0.505085611713085,0.07395648904564883,0.1241307965351924,0.06253275354696847,0.05050720651929093,0.10062570238449095
2,1.5235073196677733,0.08723288149200864,0.05631878871731142,0.11282763242820341,0.45471949716834487,0.1139019499226673,0.03037941000931907,0.07434464067498733,0.07170151820925788,0.10570798409279443
3,0.9928618572003312,0.153609490424752,0.06307456145584939,0.07419722922797393,0.462135414680679,0.09788298374385676,0.07441733674948839,0.03909494480376087,0.07575243190094999,0.0776863709879335
1,1.0005375710452271,0.12828839558363087,0.07194069946176307,0.1340362586805394,0.3649608517171838,0.09917961082356058,0.0660578170734009,0.04286353154923254,0.06118328458977994,0.08931137869892024
2,1.232122914695957,0.08987882856685743,0.03233321978646475,0.0832712515921294,0.5639766709389715,0.1934118377392189,0.09491704528443162,0.03535621157693879,0.057228194487418844,0.07424522697883507
3,2.0310906561981525,0.13988677243946854,0.0358657008561577,0.160092417312629,0.30353354948191025,0.13594892245482212,0.07602609253302,0.04390480481647229,0.07448771391946477,0.12629604836634847
1,0.9867100775218376,0.10285418957980935,0.054364937363943294,0.10639753087519402,0.2469724036824387,0.08596003654510154,0.0679652304683236,0.04548209653802136,0.0672267622867404,0.07733474953568448
2,0.8239943209753638,0.10684653514851553,0.010778007227621844,0.15125209187924712,0.4557684812474613,0.135856576071584,0.08788769914046092,0.05883030838769044,0.06811900957526104,0.0536048308833974
3,1.6856533042748028,0.06517088276287879,0.07727938927440597,0.16001147532337057,0.35578083214179823,0.05908666314117306,0.08423254700510159,0.04965971627807878,0.059336265517250665,0.079774936807918
1,0.5709027620318957,0.11317210773839721,0.06166367875345058,0.10022521458320711,0.5381063035457306,0.11687833441167728,0.045531025308337546,0.03976225653426387,0.07481784236008544,0.0455720826810282
2,0.6963901181659988,0.12888594741763273,0.01548186657909667,0.14287371003004914,0.5059140804651584,0.09938783083265663,0.09684401818727412,0.027342542746373467,0.07222863832533508,0.1162305983704097
3,1.3859390092751955,0.1262350394556657,0.028211772881532524,0.17462154302422223,0.4056531279101575,0.17985234080868343,0.06500405721295201,0.09340700997007345,0.054393705397872666,0.10759004550443933
1,0.8054708211212573,0.15689245024072343,0.026507590497637488,0.12919927782233687,0.2727170103067701,0.11944260607669288,0.10479656572577165,0.04669335162522951,0.06886083697769922,0.090063738999016
2,0.7743026613964278,0.17622529082099792,0.041321729656368676,0.1054156370873894,0.29893254223551213,0.09123413278092957,0.06303240303355366,0.08294653833546986,0.06845242051519203,0.08173798265608676
3,1.6779173942347334,0.15103392613466293,0.04851858899764341,0.1197170882476064,0.5391075073751102,0.1203987518164878,0.08690559484264002,0.053684633694208554,0.043315492096916014,0.09687245836133078
1,0.9243584329261896,0.10738268284501729,0.010647093636554743,0.04829140326933155,0.5025023344063329,0.07748173565209732,0.08092035559037875,0.04266715138106278,0.0833334060571985,0.06089401478274994
2,1.3184874469762236,0.12891554191374116,0.019992779783946216,0.1559054416250159,0.2982022122282727,0.11590833180359791,0.13424196882745093,0.051988901167063166,0.10377474752480823,0.08360905448586058
3,2.204179948251748,0.15083103587847912,0.011715929405619926,0.07837704350208669,0.6890030892767027,0.0834191489401232,0.05272121650387789,0.06196464992067366,0.07468211202678872,0.0957476736394614
1,1.1006022192445468,0.08759024305661936,0.03329977504697376,0.08529820957050326,0.40660917483298825,0.09070912766996361,0.06304202680179136,0.047844972565924175,0.11096551716441078,0.08707362232459195
2,0.46912734715572113,0.15076306557726554,0.028429436309055228,0.13382931317638835,0.2918204068360766,0.07984448743135798,0.06496084566421718,0.0646652683451059,0.0448872794605823,0.09944444595171016
3,1.5828340057953667,0.06960258901201723,0.049972876151623456,0.10853373539415934,0.39085754134642064,0.09538648191014085,0.06939893630784583,0.08266629512534765,0.13231134856834925,0.07514140330027579
1,1.5795075009217883,0.09900261921548768,0.09099172415615393,0.11208105450508218,0.31702965069768424,0.06412318595432259,0.06646679231573845,0.04315914818184406,0.0983885209847621,0.06989685847914849
2,1.7691898576737133,0.17637603592721016,0.09653279354894065,0.06419930625208747,0.5341228786555045,0.100740221769658,0.07367333349836047,0.03229302682999523,0.0710009291696114,0.11450130818549502
3,1.5368880409111145,0.14014024398852248,0.045669358196799084,0.14768359837253456,0.6073046531706102,0.11437564777137144,0.08602893919617809,0.07667273323714283,0.09003119625462118,0.05935472498956726
1,0.9406491999358813,0.13943547163759085,0.07911310025591364,0.13208475601961744,0.4389387553403945,0.10590331923835362,0.10168327670521213,0.025398620172870714,0.09084851760255896,0.10356427479053064
2,1.3497932115796851,0.12616112603693186,0.033627656340012635,0.07529751240147278,0.34516944650922066,0.1455623764574382,0.05935739291574085,0.051642012747399824,0.09327534262269807,0.08106733696294142
3,1.4934122782936352,0.09911685096536466,0.03682341743734071,0.16546317292950508,0.4663759098034462,0.1514081678925404,0.04590215442127482,0.08087549641981671,0.06886448882868486,0.1206419300450192
1,0.6350395570590736,0.12038015753372588,0.05179908872632465,0.08997056173998916,0.4860174246650003,0.14180340251739476,0.06071673779359123,0.055207329488390494,0.07234508373721642,0.08159119744673221
2,1.5190131578144714,0.1291143486668788,0.03779414929002517,0.09289162239396583,0.26022438750121757,0.14825219367201992,0.08257062241127588,0.04730404219518203,0.10194322999687885,0.1091490200341994
3,1.5761822665070806,0.09133911495344775,0.09860379843242822,0.03210420863476035,0.38070604780911843,0.09374007572333162,0.04617550151624928,0.06487508511247504,0.058218063311248174,0.12492979963403976
1,0.7718551156538848,0.13184454993735062,0.04271562908503949,0.03857960435427399,0.4449940672959599,0.09621590945530051,0.09150964502339237,0.049658075649644105,0.06731621449318759,0.0992372286801537
2,1.1408218173506226,0.10278410526235142,0.02516844139586649,0.08252535687160378,0.22600172467194288,0.12969054512290448,0.08905884032739497,0.05742551783777551,0.08680253226943098,0.09399462479478378
3,1.7565373917155942,0.07781829505785584,0.016429100588330733,0.11598830914327918,0.5269206326046965,0.07995084999978139,0.09902482338944327,0.022454223248076062,0.09666187217329926,0.12885108231473677
1,0.6928809681882391,0.1560674023161207,0.023879160308118926,0.12057981498919208,0.4697496423737664,0.15046728498116238,0.1267698677333974,0.019037000049463803,0.08209094020535054,0.10160901509399378
2,2.0196025090865377,0.09350362830398892,0.038795968948433394,0.1253305355624567,0.41518546664221484,0.1399908810009396,0.0819671255831909,0.05654575545630285,0.03397697810972861,0.1293496441104844
3,1.9407504116486716,0.06619147329245798,0.033000936231611266,0.10676683630876878,0.3145882298256133,0.17800615263773692,0.08189885421584063,0.04595675431658616,0.07194682632655046,0.12297721338677067
1,0.4280318562833534,0.12355344131498383,0.07790846105064142,0.03518082122095313,0.4008167781453169,0.11884557975651375,0.049824328772111084,0.0557282806139881,0.09032560930858938,0.08539287778233424
2,0.6458624321804819,0.13548682567624654,0.04071173053000261,0.09113795245985969,0.555304372166735,0.1332179010423866,0.044273894838070524,0.07146358996394478,0.08247378957433432,0.09793067506539443
3,1.0473871023308712,0.09555846769128043,0.019267772196882155,0.16685166238766996,0.31755540836228213,0.13154419566300107,0.094221174123368,0.07288790831613433,0.07503345443687817,0.06277351515049856
1,0.8018177468721345,0.15791422509475633,0.06127679116330065,0.03773675812913426,0.39796474023712414,0.0860486198887763,0.13664343762111103,0.05431955724177197,0.02533921810217099,0.10956287173263254
2,1.2296579261140923,0.12278601780626308,0.1085834560071835,0.11962820147057096,0.5940164899259139,0.17252727664142092,0.12474875067340824,0.0692822932977133,0.06313996364925756,0.10700542586500188
3,0.4314318370723006,0.10488631886978182,0.0545645133013596,0.16684523528816358,0.3831409196641711,0.14601475791392823,0.10164137820888478,0.0547658043569979,0.05102506029538359,0.06101985149649438
1,0.7636255469374126,0.1121882640605056,0.08651961309995673,0.08914345912571216,0.2552636699172661,0.13936772338979508,0.09301525976725653,0.07345732650725527,0.05025828943488919,0.05789314302518691
2,2.0357718158521805,0.060016845702061415,0.09235598260165392,0.17029092241828425,0.45337219907746323,0.15150918224578383,0.10690689011575016,0.06175070223374628,0.06859260800920815,0.08985191723427474
3,1.5347457122860169,0.11007457980276154,0.06361922112577233,0.1518179248806784,0.48134358507125097,0.11787307921713519,0.08894213709920915,0.033735609005912756,0.0634393153838054,0.08888056472773338
1,0.6151062614271641,0.08471810997383447,0.016424136847738434,0.06851685231921863,0.4259728397704366,0.12400394225402474,0.06734714935439726,0.03233835462379889,0.026967885396447122,0.05699443426217834
2,1.3275416483353994,0.14239452890488227,0.07951840365845549,0.12359923172434889,0.3750031972982666,0.17918574984957425,0.1582380912337206,0.047665686832776694,0.0839224289908663,0.11384660910049813
3,2.2000728317688996,0.12243515387782525,0.033125100023908206,0.16687479044396675,0.304265870056366,0.08441363391349271,0.07104116601135219,0.07204596701315924,0.0519074998683446,0.0733548948039262
1,1.710828435016101,0.10318457252986353,0.04062202777009639,0.06406310704750517,0.40679563236940075,0.1722029714488663,0.06331443283118116,0.03930514752387042,0.027651431478246086,0.0534329079858928
2,1.3968886861571705,0.14551359949181425,0.1000947444227375,0.10144149026292194,0.39901765968554004,0.13277720958986905,0.05776549236106837,0.04780398520987293,0.08251646022902756,0.09295812284044118
3,1.9191683067515772,0.12105083142767775,0.0422398939087447,0.044659607134518116,0.39315744123712043,0.09013359095072668,0.1154827500391361,0.04955853736668325,0.05322420568732282,0.048387738524440255
1,0.9452964540797346,0.1798014353519911,0.06352309087460306,0.10035365549581013,0.29907591166410746,0.15595240714546263,0.0739395733469017,0.07070622542988383,0.0642202353590074,0.059266250169617424
2,1.4517144593869669,0.11263794513548832,0.07803769766906139,0.11255564310340697,0.29268201906783614,0.1281428794143154,0.07957651448106048,0.04494505536337794,0.08594289385738262,0.07979756446032986
3,1.0477451639470479,0.1296157534997237,0.029298026706134028,0.12385116050643324,0.3455212668004741,0.14199905802303428,0.09879398697341667,0.06436876418618254,0.07136158136291303,0.09058681146312698
1,0.8780053752701921,0.15368971281704533,0.036693531081890024,0.06674948445787979,0.4835875072540072,0.13128384025007364,0.05323483805305908,0.03565582127283837,0.0525834752177677,0.07587479411795728
2,0.18773432099294496,0.08873916607286472,0.054709176613020105,0.062409043008675884,0.3044729181045495,0.09848401530736585,0.09170301522270027,0.051091456659187504,0.05859663729966262,0.038965440110693354
3,1.6984668237775729,0.10962693297289283,0.035056619079416054,0.11647324679658674,0.2531313682376404,0.09021631625103944,0.0655909977951077,0.06944156207946534,0.08733353401499915,0.06400476965230124
1,0.366490063745747,0.10800121930062291,0.027057598305954462,0.09817854476925485,0.4701653661893362,0.1585778051224453,0.10036613656312778,0.016009416569547484,0.09361889781649499,0.12274196077916884
2,0.9131232975071977,0.15720868035244137,0.055647285085916515,0.08936195585943954,0.36192380447362016,0.15426929768825307,0.061422157817021775,0.059757736942990795,0.03861002281402052,0.0517074206811956
3,1.1103758641767922,0.12564241195297918,0.035807313327067845,0.06851228723748465,0.2628274457295291,0.166346892160468,0.09624262842980845,0.05548960763396808,0.09999896864652077,0.10391614299253277
1,1.1321236685036697,0.1119078530927093,0.05721879468214444,0.1008600696094223,0.339920088896675,0.07227576939004676,0.05682469606412774,0.03443769436876114,0.041506853025669574,0.07272418405892332
2,1.8807123387838947,0.10157305560684256,0.0435935355774541,0.03420725840795098,0.3062190684950345,0.17195290732027851,0.1091887451132176,0.05010036141138764,0.05425681706482961,0.07291045123954283
3,0.6681130862196644,0.06320721074883871,0.09165271489625108,0.06712043979045987,0.19022664078101936,0.12259872557280664,0.08433708694242696,0.06363675000939557,0.09295934606531717,0.04853135552983017
1,1.5257619378140719,0.13090594096417352,0.04889434581820805,0.08213974688871935,0.3246467654577137,0.11071244573256558,0.09428789464613882,0.04666491744009466,0.09467506340942429,0.048971845854726276
2,1.604874371077952,0.08156981164467503,0.12844943812870918,0.10827856120395757,0.3246818905597612,0.12179158678430256,0.06074571631649514,0.06819785702840499,0.05520296858146183,0.09384166258814253
3,0.529352373777068,0.12495380167170991,0.038623361919420035,0.1160568522243579,0.339406498907742,0.1153054922275934,0.10344285966463243,0.08722400785621484,0.0632885339752284,0.0470208987352423
1,1.2885128768333716,0.10004156839195485,0.04977392725730357,0.11000791449075323,0.39246529111032086,0.12689493492733572,0.11977269499342816,0.0712775744453721,0.09660191614502818,0.09517708807192654
2,1.758456323335511,0.13508602038495648,0.03159414135060421,0.05995792948306648,0.5442497696459997,0.14218192259729956,0.08314658996553415,0.04347279844932637,0.04899320740946155,0.09415021749477454
3,0.6680339029122134,0.13151786089927983,0.033740048112140854,0.05734309637468281,0.5458381613338684,0.15318056642642647,0.0816027998043702,0.0685860977239716,0.07526207841691475,0.13192756278307005
1,0.7568043576260393,0.1732058098850164,0.10933599765321078,0.10774761207786437,0.31779438217242695,0.0754924822862091,0.059780223520755314,0.08053132317505182,0.09927890529622102,0.05493697114572453
2,1.3313422455654322,0.09120874843596934,0.07571340576610962,0.16119106428896363,0.33031429457559536,0.1794287433821588,0.13239666727524632,0.05747167868318497,0.06128183167919808,0.06923116072490476
3,1.7942239478260646,0.09447794094829819,0.03535563618601539,0.07140953143110207,0.3426140334899616,0.08247953040300963,0.10165522720018393,0.02094581836947096,0.04963418433264287,0.10495305267122859
1,1.3056975108834152,0.13002714790326222,0.04448785284189278,0.07867517220970205,0.41484058325770523,0.11622692425245341,0.07494834191565031,0.047780860837769404,0.0666916622590792,0.09443652363752675
2,0.6674674820399964,0.11271645301817176,0.04096778817389824,0.07393880297557877,0.31776466038105794,0.10548580984640023,0.07724438406047354,0.015893380257083277,0.06819919805260441,0.0577370210673197
3,1.6233925520340486,0.11987695768419368,0.021206846441697735,0.0844802874496027,0.2859786922637646,0.08749535783549589,0.0675878800825255,0.05491463361713128,0.06404013882265364,0.043836215473182887
1,1.6020330691654283,0.11214788053924137,0.06327912649794805,0.10059588247369344,0.37154842321110326,0.11416484987987224,0.05743487470016162,0.03316221911304451,0.11073143151102284,0.05306882078519341
2,1.339585950319023,0.1196957737236155,0.04242080594779273,0.09347168355848344,0.48462136604640227,0.12138346508890888,0.11401042122750063,0.04418439292663616,0.06498035904074584,0.07463643090080115
3,0.9943799446943763,0.09455851890456723,0.01103244855851164,0.17587600280715293,0.24487415632404008,0.05969154965337217,0.0685573115350806,0.057284204153103736,0.05300411269895289,0.07542433676601622
1,1.0500052086204719,0.14341983722970775,0.062496478576724475,0.12655067988384994,0.40633737468754944,0.1283128807184177,0.10330102664102547,0.03424366973469169,0.056572314250286866,0.04796234205159959
2,0.8639246062056257,0.09283487003355964,0.024554796162613357,0.14868692289460084,0.41836250423454957,0.15714496658543914,0.0872548105799075,0.052853695442451706,0.06930569827463155,0.1390545030351389
3,0.5973050010599144,0.09703889278087857,0.034193172843018135,0.1260797337099614,0.35183341974103155,0.16004824860707287,0.09188598253813028,0.02697977906429454,0.07471051842925486,0.12041632169919228
1,1.2956936528412268,0.12400960612930187,0.03571641790657681,0.08736005462213103,0.4130818375064466,0.06921595566275981,0.06632408639502413,0.06310487034064938,0.050796219389889645,0.07893790036324945
2,1.4280656135791734,0.13375413685246876,0.016190296753732493,0.16643180542849928,0.42759403029792664,0.14509320964476005,0.10154405791321247,0.03867393574546513,0.052233018914457405,0.05558633238939348
3,1.7151650388553434,0.1445231088843159,0.030337696227215764,0.08101010037360475,0.22005662643242904,0.11691177706466342,0.09254843967659772,0.05884122333207904,0.09505402988362814,0.08115916963120955
1,0.5473186180071579,0.13201872360087136,0.03535168095525934,0.10451866304496525,0.6186960097169457,0.177160823891565,0.040541109010845455,0.02543232607983803,0.13833904246972412,0.1287683173184128
2,2.0837211714512884,0.09142899726807822,0.027376400167853542,0.04801955895599936,0.3004692130274478,0.17255569367945423,0.11122153111578097,0.047875605848222355,0.0771758286921157,0.07092305020243385
3,2.1820660096128472,0.12459019293339801,0.026441099739039797,0.16172635429827567,0.3370798157774952,0.1257562720584749,0.0785988978720741,0.057678519210397614,0.026604335302739465,0.10554650918993158
1,1.3239987659224286,0.10133754644769831,0.04156173487537142,0.09666520607944262,0.5267797048158418,0.13024791107478992,0.06891437245105493,0.035851103708589724,0.07835937928307012,0.09266680641508873
2,1.9831222882914619,0.07128356991601019,0.05055525907807342,0.0771934463177962,0.35590093726011124,0.13031321007593363,0.0728221728090033,0.05117545546574573,0.08990045165721938,0.10012687404389602
3,1.5616228975972493,0.09024889026406989,0.05459680377774734,0.04855044526477415,0.41262094384978054,0.11531049704022676,0.1064161751501794,0.032350835909714014,0.09744338627629803,0.06795800648485231
1,1.8872950595956386,0.12303114552061287,0.05108222622771247,0.09383428284200118,0.34851319175698575,0.16726368853089668,0.053007033918029835,0.057324281438811804,0.03842356677920768,0.09643388001170744
2,0.9233203476609386,0.09396956194959968,0.11709276488383262,0.040804140837311424,0.26071448389376006,0.12353063078220103,0.09106031365528285,0.03643386863740258,0.07462971281837139,0.10364791483508215
3,1.0624485629641265,0.11465501462765255,0.0882609873688773,0.09364095027511085,0.45715019347189106,0.1268279234156197,0.08293297593135747,0.0573070638542647,0.05855466230853751,0.06957320529182877
1,0.7339505530824576,0.17074252224992592,0.03234845699025767,0.11197936087080915,0.303019564678056,0.088002853191025,0.06958955524352847,0.04848553849386923,0.020200032579969857,0.09118067395354812
2,0.562046648149652,0.11754402608826496,0.04263459846410867,0.09481289795392937,0.35170261018738214,0.10447929995940461,0.11642406515124085,0.07978205647481948,0.06718783778703184,0.10013588795144425
3,1.864739464548515,0.09849687464360252,0.01660067936096511,0.07901506540278058,0.3890984568161959,0.08230124771588333,0.06218037705890597,0.03160265615514896,0.0513628929314614,0.0758406570552501
1,1.233523492447361,0.14570519451136918,0.08549387633676755,0.12556097544466815,0.3818188941263845,0.17343941226673365,0.08420425104327108,0.05976585952806339,0.05094153793613364,0.09032530644180123
2,1.0173522283618288,0.11341382104618093,0.022533356717730244,0.09632891246336339,0.4580880424676928,0.09387921365376274,0.06018186037846128,0.02484491793929964,0.07835514907645882,0.14507081146996845
3,0.5969422867124904,0.06647231909219226,0.060422409635266516,0.12850579202400494,0.4228897632215322,0.06694499959397923,0.11193069387205945,0.05005460248287512,0.06120272042587566,0.09175513446484602
1,1.4904742645472278,0.11286083270124682,0.042800675602464124,0.08586267680831144,0.3395307003277373,0.1254473610238432,0.0775961537059176,0.03917844713496606,0.03615897006235873,0.09694779153542861
2,1.1731223288486274,0.07014157274948404,0.010117409719614168,0.09340658333609865,0.34190640687402024,0.13198047661722526,0.0581780996851571,0.042564808921967394,0.06082950439096119,0.1347853641192579
3,0.7717188083594574,0.16265776253474656,0.08899338078296598,0.1132370460407216,0.27980990707176534,0.14507389724939435,0.04875942409100524,0.045660607761073,0.05325259653851967,0.05326959619905877
1,0.5672891512960782,0.15286015784180843,0.05916530807830175,0.10667632750076934,0.4707522382931787,0.08717548463937574,0.10320210874750498,0.04942219682197351,0.07571946644273393,0.06579274898415867
2,1.247334519327847,0.10016178539553744,0.06020489656079467,0.08144702158582534,0.4660311552526158,0.1612676328521342,0.11272156074806519,0.06619612545325426,0.09068036393247621,0.07009220312781791
3,1.0986003415206964,0.10683503322254315,0.08774398114265902,0.07162475182341003,0.38040567532416847,0.13084571289352867,0.08446210906278553,0.04784554961762681,0.08330487146619514,0.08284680744245972
1,1.359297338300807,0.10985255785897188,0.024091719306332374,0.09561960021406941,0.29747774146067374,0.09899253829593718,0.0522221980869038,0.03293951709241233,0.07690507472941668,0.046081754808893365
2,1.9399607084537975,0.13587082419278104,0.09548360435760544,0.08508991188957554,0.42377303765897184,0.17502147231852505,0.057618570708503125,0.035311395163923495,0.03507808202946528,0.060684159222601425
3,1.3165652602701834,0.14108309216851253,0.04413231485602767,0.0604161837077479,0.46301683980647684,0.07505591833156758,0.07822196460763585,0.08089089519165109,0.08097009725550935,0.10227977525377022
1,1.8575253062765797,0.1292037952569263,0.0378199701871583,0.14867886351689064,0.4834402695993036,0.13105837531796935,0.1079855324479403,0.05059511300321074,0.059048630753257315,0.057774226737699344
2,1.9139513479412782,0.06598176979415071,0.11077980714550469,0.0755266298227328,0.26484518513469274,0.10067485824942858,0.10480678024534233,0.06947701514321097,0.050303387771742536,0.11913448566943072
3,1.526423699575204,0.09123354391649824,0.04533402643466792,0.052448845787084156,0.3293053095829833,0.07441065890200249,0.08708284297367483,0.08436854734493925,0.05584408904681988,0.06949987982644702
1,1.6837955145735894,0.14316939105443557,0.1090229190932526,0.10666557583929885,0.37194738812293054,0.08830083494241414,0.11147894948744691,0.026291069874218337,0.048606398778637976,0.06770971289404365
2,0.4668977387520985,0.06286021959304908,0.048517997999268286,0.0830908033219484,0.39219438316730243,0.17218967276500885,0.03975034571277873,0.06435828356672088,0.07382713206918745,0.0851497827052386
3,1.003653337429991,0.12119658563590405,0.03703063428747849,0.0745069212217021,0.35174472807092316,0.110091844582238,0.03425466977261092,0.05491662601826083,0.0684689428987711,0.06592311615445667
1,1.005147929222731,0.1046264408160444,0.04707020000890986,0.07843304374794131,0.2578853889488498,0.09522910215708033,0.05597101625612351,0.03410343900946535,0.043522447779188976,0.09054899170466349
2,1.107459394144278,0.1418068109787703,0.012708509104820721,0.07680778728385904,0.5365722174527503,0.0968069194413686,0.09903924577952197,0.033437774791323385,0.06498815086572873,0.11418233699829891
3,2.2257862266056314,0.0994688759462687,0.016890636118468104,0.11733290430568846,0.5119236938628491,0.10604227488175817,0.12426658429309742,0.03280142788131383,0.08773530316103259,0.05136147515236458
1,1.268589119963335,0.1296665292568537,0.03619467160302128,0.11189733412054031,0.41908798605421693,0.07964729107375236,0.0658636575784278,0.04706714553339099,0.04743704012425175,0.08004450424891667
2,1.1574750610981621,0.16243940880843002,0.08404584777373611,0.04709281323149671,0.44837028475767843,0.11753980944060076,0.07294560670694825,0.07107973283452111,0.09525775788687665,0.07590482452338601
3,0.6359391840613502,0.09642774959710959,0.021581977605095757,0.10787457445951906,0.44941074436972034,0.07691388345250762,0.09989064815327311,0.05900394053880128,0.054670811191867584,0.11972617762336753
1,2.314188223693053,0.11508280476635678,0.05581575134989599,0.059618134643206935,0.28375468758926514,0.11904353939623968,0.0733955911663894,0.05233711077516423,0.05813780346736187,0.11174770749833948
2,0.6196993274696896,0.11250485673035784,0.07859322131752486,0.12030158179666402,0.4255253793095283,0.07115116016275325,0.09644850583294283,0.05362553137104,0.07741150125046133,0.05101475901882101
3,1.396842919588209,0.11311091853230826,0.03220663016676794,0.13065022080063138,0.3223531005371438,0.09158410112086306,0.13551383703368433,0.03734816076834879,0.05730487883981611,0.13705004489982994
1,1.8220206528066691,0.10526972097151659,0.0464424344511408,0.07226020550335673,0.35052809169678967,0.18381449197402458,0.045137392661496314,0.042152632264332246,0.02022477489050152,0.08569588888995797
2,1.6304317361543055,0.1505389515922073,0.054501655655817355,0.16320044404771256,0.4150346114779696,0.16030672824748687,0.10597019875913771,0.08965784120605895,0.0954781887677312,0.13191624736712276
3,1.6263006549248906,0.09226913116882458,0.049892690884958506,0.0690691163485625,0.4309237973139517,0.1070224266241431,0.05676278790552383,0.08231059371185749,0.06229620871997914,0.11115035616914887
1,1.1796089951834996,0.15966778351355598,0.01827785944228406,0.11796072243523414,0.3772121804049888,0.06754186875210191,0.08521503308434708,0.037136345872855546,0.09236991583793322,0.07311502202909695
2,1.1924342811784,0.09352393233996517,0.03785716562234147,0.07137588912588766,0.2737536335597208,0.13494350839423103,0.07551344363328016,0.06765870977463549,0.08099106358323876,0.06348922442004022
3,0.7168833676438576,0.0693099988243414,0.03244162514335946,0.11412881198291662,0.42952601324070905,0.15781746878881722,0.06392903771335448,0.03943320171265512,0.07861493799745495,0.09350358162709911
1,1.3097694507648698,0.1181686542702435,0.04324684742578954,0.09087435097579281,0.38743545190776063,0.07637636301010181,0.09312507058428535,0.04363866099033375,0.07340795431743286,0.06606953523772716
2,0.84785955126322,0.06765258811869078,0.04396282896776747,0.09679505663561587,0.44293247280503284,0.08616214536319036,0.0541386524015985,0.05973174173120098,0.0689422577753584,0.12891934380506037
3,1.7023236268538045,0.09634981375636245,0.057485613949630594,0.10423402901699606,0.36898385293996855,0.16785711193589364,0.06592020134410582,0.041015662916893486,0.054312839927157686,0.04078132431498078
1,0.6656212953707918,0.11003010973087246,0.014612981473991978,0.0932961072782309,0.3517035299607419,0.10998369035990342,0.09266194512110881,0.043560002214638696,0.06495196498185404,0.05928874355324312
2,1.1557184936766856,0.1057552772053183,0.0664321354659598,0.12160346124066734,0.5507339525204757,0.14901938752099775,0.10508548142621163,0.04017699090475289,0.08347032208038249,0.06909419154210965
3,1.9478700515834018,0.08703547962991269,0.03008309153857793,0.11432133707040931,0.4491677882406882,0.18374901555956208,0.06347021112929571,0.03706372263206073,0.1308915170768568,0.10378498792194078
1,1.583340011414356,0.06983092579939565,0.019333295722934105,0.05933842162162524,0.20578517614331193,0.1294293606939429,0.08925376488939178,0.02864923480031668,0.07960747188161733,0.0834142631212714
2,1.2315302687203713,0.10767500231314787,0.03300512977039165,0.11778051005815797,0.4364399050633615,0.11567016832831006,0.09311745537290805,0.030270385522874078,0.05284878943493429,0.08354724869625547
3,1.3950703911703122,0.1321300758590771,0.04773891543855165,0.11890494326199204,0.35590481204794644,0.10665283731086564,0.06242731099273989,0.04143650591655628,0.07344140427909922,0.09167864957710131
1,1.673953662467256,0.06970475964910629,0.04701190510155024,0.09211681677752062,0.41103398557608833,0.1801748808425643,0.10613304754937863,0.07635219277590113,0.1257765715516527,0.14051759251977564
2,0.7589002036756428,0.12746880342731504,0.05691903790901621,0.10306758463063495,0.5599548415216294,0.07906584220064136,0.03957461998774816,0.04516321094667467,0.08685739612335489,0.11179579130792516
3,1.0717120721642466,0.11467346132324809,0.07215511727888729,0.08957278760532458,0.5073374427802652,0.09936321277858837,0.050509661202193995,0.08051065778789553,0.046590523157142585,0.07306896251388802
1,1.3311750582897055,0.14358364315373717,0.024316251131476514,0.08341759629732906,0.4328524628156123,0.14920958497153605,0.1034645534176111,0.054608740905770656,0.0438547121639122,0.09165009328983537
2,1.299406099058106,0.07149545731215187,0.017816655794392885,0.08907150012069835,0.3210301869691929,0.13017135907442953,0.05318664213845244,0.08867237040995005,0.09060396481715711,0.06755566485838309
3,0.35684734691724573,0.09200748184433157,0.07209961597280498,0.08345164176201698,0.47312911061936136,0.12339124615376476,0.07151584367577475,0.04546114256956541,0.0811345415524279,0.07256386461280608
1,1.0984474116097322,0.17498982685469905,0.04480569222198139,0.11555656013927436,0.414285650064971,0.07117875735065676,0.04209189219972357,0.07385482446819469,0.05808699626513012,0.10484527696049359
2,1.0546467400697668,0.09322523821265503,0.08648316692530597,0.14133658336303195,0.2679170666185631,0.13998773095737826,0.09088585086525486,0.05531944619913574,0.04537750032516524,0.04310329341209977
3,1.2506118067700391,0.09688169330811242,0.01834781742126962,0.16860786762320432,0.30379962772515284,0.07648488852559598,0.11109340279155105,0.04627679974144513,0.0664082846991524,0.09641348616623714
1,1.8669197973416378,0.11647846906604854,0.012771597300056732,0.08174787552915821,0.36730618108721425,0.0896192384838847,0.05642241754604959,0.0589262503072879,0.05650177306541851,0.13479965400382607
2,1.3929998081280117,0.10474238860812923,0.037203158061221195,0.049633574120493906,0.41266208388185344,0.12515005067735288,0.05216698201934425,0.0542907430256775,0.07966078612796854,0.1325725469616052
3,0.9794692765268931,0.06534165470056079,0.05762624827342702,0.10106756996489433,0.5275270353855782,0.12394177418701338,0.03186107145603939,0.055540347355277214,0.08054185743692757,0.06616829017331421
1,1.215559800986906,0.08746579379239283,0.033451062009926674,0.11229218835424296,0.35793722636883984,0.17544456137583947,0.03597929669754486,0.07860706140074011,0.09594180991640872,0.10570118562301133
2,0.9985221910324336,0.11710080989843953,0.023811866378832227,0.05066283567907396,0.33951101191764677,0.15418316338667723,0.049270291937509404,0.07772577675163916,0.04243391884262367,0.04211453170959455
3,1.7071604016029296,0.10891290439371804,0.05691928961778603,0.0978163158188918,0.4481686061878583,0.09167340214734035,0.0734270713730485,0.03458230165492218,0.08830672411693122,0.08943976616085336
1,2.3976706175714426,0.07905026502559309,0.03808335143216661,0.10601667363048348,0.3695633708702528,0.1119051700257797,0.050178564966976105,0.05336953821606785,0.07189369512530731,0.05242601499200299
2,2.1218148762468614,0.1061404805846359,0.03901380833658932,0.10210105801665355,0.44693514886771085,0.1612148621032447,0.09585005535819931,0.07547838758001076,0.09903643678274734,0.09364204467832977
3,0.9530474351329372,0.10010476134109014,0.09000314549674968,0.1046926851583431,0.4418422214350696,0.16115993922848104,0.08452095085749553,0.057404105959584964,0.07403888009053711,0.03535782430297046
1,1.1080176753488657,0.09754390643937882,0.07819238072635123,0.13268272542610474,0.3412138113866246,0.19382453257110285,0.09948134611486734,0.06847529088208595,0.09254642286578993,0.10023126786336209
2,1.1424357739488988,0.07683728844399017,0.019996560334941425,0.05975115845038261,0.24828104303637355,0.17967393018996697,0.12171872952870294,0.04468385525829216,0.07366209145245037,0.08882412447057225
3,1.5677577810726055,0.11606551822098621,0.06777901890347998,0.1289224640291619,0.3094322152785267,0.14453133083547942,0.08376515570711261,0.05788887182600739,0.09734423756163199,0.11963783517971738
1,0.8029671955444186,0.10781124500420546,0.048147950225954306,0.06381960242170144,0.4393799309555566,0.087900131686512,0.05691391718222083,0.030299619611152316,0.06747021822808182,0.09053034546711008
2,0.8231747875923446,0.1378033379513951,0.018364465965248565,0.07370176335750563,0.36673514713561906,0.16271611788352663,0.08928176690588199,0.03440256345014388,0.07684448798548468,0.10276898476109701
3,1.8775559217005275,0.0653913780262496,0.01923534035388086,0.19171572236071588,0.5051671666195289,0.11343260310523294,0.11195750010554631,0.07233694279130869,0.06875750204692407,0.05415683862768635
1,1.4098811199137242,0.14514282091767555,0.039122031012571404,0.13209682182074256,0.3838892060242321,0.1347833010890095,0.045496301473314446,0.02820496797319921,0.0631188108755007,0.08601993577959058
2,0.5602439280226252,0.09627008162402255,0.03173677760854772,0.06833655519380204,0.30368828762506345,0.09619782062928531,0.04298630476055368,0.05135522286041003,0.028930420217085293,0.09489033543480861
3,0.8048560805657052,0.0826425976180652,0.08489824417293988,0.10151155819596772,0.6074062165181395,0.12627859024603955,0.04596683304718446,0.039364824186427644,0.06419530655777142,0.1591063516802412
1,1.1748192548139897,0.07610496335683795,0.026246357435176858,0.11799454570336267,0.30786865668883845,0.13815192731556195,0.07824593845298558,0.028168780291897417,0.05248036117896226,0.08307480471422021
2,2.090187600277572,0.16872050047583748,0.05406878946265945,0.15078685414431814,0.4875964147285863,0.12912067552014656,0.04023864587483492,0.04680115786058754,0.10633157658879934,0.08086690124493927
3,1.788226149611514,0.10741138264044862,0.09686160705793724,0.1190509564919008,0.5317635470695257,0.12362540268969661,0.0675427230301279,0.061061792506656366,0.07202222894537755,0.12945419453319457
1,1.6198563957312233,0.09985689746918802,0.02459634976796377,0.09749130939712262,0.46415157131431606,0.16793418097054166,0.06544838928848683,0.027213329318082295,0.05306290213991842,0.15456369908446133
2,1.478579713755916,0.12744958968965395,0.030834084808791275,0.11747185190820711,0.4660396598723727,0.10846981310237441,0.0636378309054873,0.041999013892313794,0.09992255920781234,0.08987676135802568
3,0.754831574738265,0.1315041666488987,0.06151576147098574,0.10959688185314395,0.5568752351329834,0.17746111476013862,0.14568984806447594,0.053142800779287826,0.053215795112204436,0.07248476293169852
1,1.304134334768946,0.09739263722852154,0.012625348840824696,0.07827498851781181,0.22055200097300243,0.14539541447995175,0.10424115310469374,0.050570522626075476,0.07632145293962117,0.05873054494903236
2,1.0963218580305498,0.06151310286333798,0.10339039365071725,0.14361229737407005,0.5598540287441209,0.0656470243023882,0.0458828236652021,0.01699031503347761,0.06175255314530399,0.09962716722585914
3,1.098197671664701,0.12536933396192926,0.05831633926412827,0.09511621163016924,0.35566483963667317,0.0948945852123845,0.06214332584228602,0.03881508839319682,0.05944644520425531,0.059427045753064664
1,0.9110529468677929,0.14606237412689627,0.075810446862174,0.09472223650433174,0.3058522451230706,0.10695530097590442,0.05962436021718627,0.0389533343797726,0.08518154686697424,0.06537658348759179
2,1.4976585348797566,0.13599261233335225,0.11587981925368719,0.14294259782102292,0.39558847399419705,0.188419189027213,0.06543095674448719,0.028654978583721652,0.07526060061609044,0.07376599596741235
3,0.6786969208908311,0.12193130775939826,0.06885377837626722,0.0837932908989419,0.21976880550260064,0.12697197864850898,0.09750902403006284,0.07197360992815358,0.08657328187970166,0.09435974296055318
1,1.0587325210635519,0.14028064596026082,0.10608393544341119,0.09392478405788385,0.49715813583324087,0.10367046943270604,0.08533816700956907,0.051900713009017836,0.08529564092278266,0.10924305407569121
2,1.441164245524415,0.11460929231411995,0.04969895690445953,0.0552901434895029,0.43902888002151036,0.16352925765755533,0.07257641915538515,0.04904813813478359,0.05593841189569178,0.06339525919445968
3,1.1708087587759628,0.10774617298030881,0.0670438503672523,0.10787104302135242,0.39967731871333895,0.05557195601808197,0.05721495692979045,0.06548616060897952,0.09126522245757937,0.0982254117939706
1,1.153889449252174,0.06951701867506004,0.022596013553115017,0.08993158660037666,0.38447551504433836,0.15676043173947357,0.08732475537025994,0.06872942895233936,0.07888588783421283,0.13593686745794503
2,0.6234182768641776,0.08753375484596872,0.013475093731656514,0.09318330600041273,0.37522385113586165,0.1203145294799031,0.09236425643846859,0.03955709621245721,0.04487184023490329,0.09447412713132342
3,1.3058917318519279,0.07500408848905639,0.10221194027503783,0.10605688548651371,0.21354869195621765,0.13488548005478185,0.05819341776119073,0.01901749960903089,0.0344926202830488,0.05334478198994291
1,2.4397672707670575,0.1112814140720234,0.0864842156486405,0.09637382856630879,0.3618522092381682,0.08578981800935986,0.09548791321312722,0.04786627444134815,0.08994090178880423,0.04406758523995905
2,1.2902517921546224,0.12842485209924498,0.012729900396735529,0.04309049857914359,0.513894034919257,0.1385032094286292,0.09746790781675578,0.018247163481058322,0.07908648511652303,0.12306295215163329
3,1.4661519935739276,0.10268117786313212,0.023369499906169287,0.13393874415294696,0.3403676320129043,0.09551380096529384,0.10202173500241311,0.059275372672085644,0.1154116024129585,0.08334927102803423
1,1.3450492747229228,0.10980119548242825,0.08297144143145509,0.1106370944966489,0.48369798954656007,0.1336912087781121,0.10085038980818448,0.06085682125894456,0.0561466495906134,0.09401378934368489
2,0.5924239810761187,0.10379669648440902,0.027063902749681283,0.10507204374396675,0.3086301543821393,0.1788371027043973,0.09390291342425584,0.05195443250322231,0.08508016677490021,0.05738096526154026
3,0.9691566321159134,0.1356976977502462,0.02701536430477608,0.03753382279295652,0.23212120631799696,0.12655868833371703,0.06633545171428797,0.05972945348491637,0.05159823825966321,0.07711647585579413
1,0.7918238926660178,0.07025521544612318,0.011070323971053585,0.09503820042110012,0.37998644582024044,0.1222331380407311,0.0805574510273498,0.08287577533676918,0.05766498725120455,0.07004666898391662
2,1.412320527292676,0.12220549363522792,0.016255126611974306,0.10441274916789244,0.3897149129327601,0.13197209362481144,0.08877345180797552,0.0558033319810034,0.06528649641783915,0.0834712959891266
3,1.922155423469824,0.09309695916765419,0.06999902044704606,0.08670630569095138,0.4844143978076609,0.12411585901416317,0.09065545461425908,0.06969108717390045,0.0923654012434,0.1255209315853258
1,0.8234746678177123,0.10451687723727014,0.08856375760267109,0.05220253673166616,0.4730388533134563,0.1979700805762157,0.07519240650783529,0.05056572747601033,0.056816165400672636,0.1004638182750806
2,1.096475891903717,0.09398843882626215,0.09498798408493497,0.08899162052605787,0.2053142223098807,0.15287755928134528,0.07963461076833957,0.046212564724156774,0.07604075030596626,0.10099944196740904
3,1.4603084361738918,0.0713015878859507,0.056840525710213294,0.07907696969545128,0.3208795488684053,0.14123157031812725,0.04398590738441322,0.03782807803242113,0.03907463812349267,0.08744105383498472
1,0.602786204555398,0.08941798491902676,0.028384846114708377,0.074894446771418,0.3631894910923077,0.14702035556980417,0.0950877650309556,0.02653735564644085,0.05648548111834354,0.07297333153856198
2,2.1728333440697547,0.11407538892159441,0.019123592011877227,0.1385465292743089,0.4513257641098678,0.11864420214891866,0.11396641296469666,0.03732638806312412,0.06383875028074247,0.10470707712906052
3,1.321963343854234,0.09457369505838129,0.02973192012559893,0.09396108858562463,0.5461671921988185,0.16120059901473321,0.086003945442137,0.07319465243468667,0.06076977090003996,0.07900808554519524
1,0.9083351393427677,0.1409760590163682,0.07163549936762909,0.08987813319133241,0.5234179174898798,0.1329290960026017,0.04177084772618317,0.048096055135668,0.040697501324800406,0.05553058307636023
2,0.8261792388111039,0.1683379987284905,0.048478303374991503,0.048565312019756245,0.30351190077510043,0.13177648496310387,0.06493325575590253,0.05083809152086384,0.06955223805451212,0.09160379138517698
3,1.0522661072047352,0.14275822680821237,0.10111511797815263,0.075570978688914,0.25479327097507753,0.13255309910076496,0.0676790876724397,0.04063748808329715,0.08180739536722455,0.09181755076462489
1,0.556390436640299,0.11667929119702601,0.025301402312650444,0.1647475267444634,0.2780617823214959,0.12613454150891532,0.07702817762449735,0.0352735011368708,0.05587174039760031,0.10971595060968707
2,0.5030122101507483,0.09113119310570479,0.03653018425942103,0.051092559023978114,0.37255421660799465,0.1269754897536121,0.06897772467207584,0.09012888912810951,0.04023406862449126,0.04195576943104282
3,1.320190849085246,0.18060464607151072,0.10071409742316378,0.18308579596464852,0.561195087895034,0.12804741893882313,0.10041951329503689,0.03592533931069911,0.07350870055117652,0.06470062864537468
1,1.3304389699231314,0.09909829104635914,0.07954145464609617,0.04760851586664951,0.2969149345861331,0.13697320772809532,0.11332332471075904,0.038571899397366,0.08968128219912125,0.07448969017854151
2,1.9110847542265514,0.1631987176365099,0.09742678570042258,0.1397273844480648,0.5107819954614677,0.09175293111070111,0.09381499981268082,0.07678245162916764,0.08244400391129934,0.07573898923300611
3,0.9559698957414133,0.1261633871781954,0.011171231884453639,0.10493368708729127,0.5153651538483284,0.09995380675729759,0.06063963674171433,0.0513835748306879,0.09970907204801552,0.05836907499739204
1,1.0995827371061493,0.13487383349577475,0.05076591461005445,0.10357042029005846,0.4247212187514994,0.14819528506612284,0.11221772609416542,0.052230874371667096,0.07850044779439894,0.11011841152404173
2,0.7208276836505659,0.11693857384375056,0.06806252482339765,0.04556690959669791,0.19297558326518832,0.13438247639244622,0.051896565594610554,0.03149834344807224,0.09113354537859339,0.1080879875144874
3,1.1748427751846588,0.07500183897081605,0.04803842557864435,0.16340034848715762,0.34790833824312123,0.150864396062583,0.09145080328210442,0.03451131580065184,0.07445657951899404,0.07819930695742883
1,0.5221135779319512,0.13846589622722852,0.11840860374206746,0.08857872096059695,0.2165266701399733,0.12689266234926752,0.07082775633707286,0.05467062611410245,0.07796621317543288,0.07384602734459425
2,1.15949388796183,0.06109339697820374,0.03387459160283286,0.06672327298277925,0.4236812463492816,0.1877680246732861,0.1255877214380991,0.0525616556638266,0.03261282132584679,0.11235544642601997
3,0.7227507339698631,0.060542492980065886,0.039991974012640395,0.09306777957311055,0.36340231228522113,0.1659222409305445,0.04654721155732944,0.05071661029703884,0.07784010315367065,0.0992692418370347
1,1.0242611437682472,0.0982011708620568,0.053479783748669664,0.08908966178012986,0.4489236537508004,0.07241887497776946,0.12552231390570168,0.016799572124580046,0.031156181600424812,0.031898602743239975
2,2.1331705564204775,0.14786239082218677,0.11698755134360098,0.10257224405715239,0.2995181729312528,0.11707504749601023,0.051459920040661175,0.03964300553702389,0.05946327820128109,0.04754025987439424
3,1.6007708188425145,0.1741589557383213,0.06241010744254949,0.10526733237798899,0.4666739522216572,0.13878740023901903,0.07427609797995119,0.03494181216647284,0.06863488164030318,0.037104399190181485
1,1.634805119388904,0.09556857775166024,0.06280998770456814,0.095031644270936,0.31198769779958757,0.08551956521320286,0.07194332052834002,0.08968547882160408,0.06837323886829952,0.11930221248261716
2,0.6545188242480956,0.15705846160500248,0.1308953611003741,0.07954761462717727,0.39824405514535877,0.14091522872659246,0.09585660668713726,0.05592440901025486,0.07995937742856615,0.06181597316312526
3,1.3954711926405745,0.07072053967605912,0.09436138735067892,0.11353832111329774,0.5477498765156841,0.12709985380256228,0.10539574376185452,0.06126143556729091,0.07683219024285375,0.08100419171373384
1,1.0086613457585,0.13803099772522343,0.032510089360465566,0.04414521919562538,0.29296205386416097,0.16809671944726143,0.09169267178306743,0.06074130852297744,0.10725118526980659,0.07565562971786645
2,1.6398449425187536,0.11901310306973814,0.037042843650399386,0.10291413843272099,0.3590047850181747,0.18533678191460085,0.10280919797469898,0.03895196007470211,0.0882075230577127,0.12227721941451342
3,2.086544712365519,0.08597891077187,0.025062474736370896,0.08874534797157624,0.3974994584264554,0.12069177529484174,0.07563589080837772,0.036631774284897986,0.049640969484491454,0.07564344829158932
1,0.8555436071662607,0.06835207466370369,0.049940348640776296,0.07721253586520839,0.3525488201843586,0.13165123438660026,0.06594571942171842,0.08518802118282952,0.057737385737214555,0.07407820526139627
2,1.841317301333082,0.10499678777895657,0.08170484392122188,0.12188121040284346,0.4527660436072384,0.12720015374469149,0.07812818166970384,0.036122858440415205,0.0793595373132934,0.07557184954686491
3,1.536750336555908,0.14011770443337698,0.01929091599054279,0.13986056749867615,0.3267946288569283,0.18709223812127063,0.07648346806804802,0.046610538835840015,0.08428499778084161,0.0776682609498228
1,1.1144368440568047,0.10360699326894185,0.056609648883985286,0.05902307023361465,0.38100472622804277,0.15527929207473273,0.10237678854031895,0.05211735996308565,0.09056440831934275,0.05760751352108296
2,0.48728079969025817,0.08166529671145409,0.10152663463307188,0.08776947507320774,0.29159494813156256,0.13588170734868277,0.10539103101900896,0.0549227148352106,0.06522658571526108,0.0838679643720958
3,1.550737675979605,0.08682616746161631,0.0735629573681417,0.1301057248255392,0.4121977538706597,0.10608366828565974,0.10782792344904488,0.053924172207079284,0.08117909277386325,0.060991043370602814
1,1.530876918072205,0.15488488824626723,0.09086647515339841,0.0995575532742855,0.41595017538279533,0.1655660533861643,0.14687402563280594,0.025061020927770607,0.06041670208047663,0.07772974634561469
2,0.8462334229576514,0.11375151791994975,0.1089117278264894,0.07015581615502296,0.43397734688090916,0.13984073239892458,0.0762303516172725,0.05823643645275022,0.05084529977863572,0.12914906913886592
3,1.0551877928128643,0.08454104843188223,0.0828861990538012,0.1374430275483073,0.45293865808116873,0.15004036441458185,0.10090310750230118,0.03941987504952312,0.05346768541703109,0.11656749431380198
1,1.6905703104318643,0.09165927902738139,0.03054420802309652,0.13475692067104636,0.31800106628588815,0.1440554236688253,0.09229888729949903,0.06263053094279288,0.061991878069811615,0.12503543845714055
2,0.6228122267309134,0.1729765166445963,0.08615902125928894,0.057021734510934514,0.4539139043945032,0.14446509880668645,0.052835973422877436,0.06957973723083491,0.10657693708246635,0.10466591247687179
3,0.3522054306763508,0.11782817227933658,0.05335581502308437,0.10728177137860608,0.4516262411801664,0.12210069990300826,0.07290714146988185,0.053185008194786464,0.06580550831396878,0.1284314820490541
1,1.2212052336330366,0.12067138595821236,0.03761216490225453,0.18807082960257937,0.3768477359294568,0.10898457918237237,0.06461447551087501,0.04548813673417904,0.06905683273956956,0.05476179058016211
2,1.2903886744983906,0.08992158271612646,0.0786701096628794,0.17556391492912501,0.6766152921619908,0.1405584804958761,0.1124941196781982,0.06437985897544479,0.06777881413625868,0.13219982532202118
3,1.2127246525373105,0.08856820129982135,0.04978852140221145,0.0736619390626537,0.47941468535271853,0.11292098093264158,0.06695173140944595,0.019094022527764452,0.11705429720387597,0.13678535647733742
1,1.9781101415002094,0.11323873762230016,0.05891064422413475,0.057472139052207896,0.4649452203589672,0.151817207475139,0.04344122062566141,0.05431992647845774,0.05865276734912851,0.10500868551829312
2,1.0015563139643182,0.11902934452776709,0.09868672547634941,0.06588221630771948,0.3929503745308871,0.08942397938171814,0.07375960259548689,0.052153660109436076,0.10376567685128314,0.11255916600229117
3,1.2399476325478995,0.14267859871847247,0.0842239631331791,0.16168707578208932,0.2823998429085763,0.14570936864085496,0.07862284907681569,0.05788059689625891,0.04494592730386057,0.03468201505324902
1,1.6539287834931062,0.15301837214939643,0.07658579010915048,0.09021729180368321,0.2466429937783522,0.12390416685194228,0.06667890820172824,0.0347921885937798,0.07003780413736901,0.09955608090488959
2,0.6417126224638583,0.10887379200878514,0.036208760104127734,0.12966593140237703,0.28500380832317046,0.11596132679541421,0.08966960003597788,0.08008243563360257,0.09344910348544892,0.04701130214343906
3,2.232124719871865,0.11499141679274764,0.06464123402408586,0.1132410563782428,0.37003737587560465,0.15989637663164497,0.051899033873018675,0.034005546256169916,0.051212864978082716,0.04946110350519946
1,1.4829672098417748,0.13639895393644552,0.03297389252616398,0.11019682788661735,0.315708510029166,0.08328610828859251,0.061505152355143505,0.033658724400294604,0.0649778769348322,0.1095288452317846
2,1.3796735512862592,0.06956966733266001,0.015765035092885665,0.11875010420052273,0.25510520840557116,0.10311628064740341,0.10147970653622929,0.04319737954086561,0.06437613139883165,0.06301245026258037
3,0.8464761901653712,0.0771189810906755,0.06893966516564712,0.15290590581586144,0.40767365948638173,0.09527480599955754,0.15381715568244514,0.08339314394331732,0.0854560303892929,0.0787617599757552
1,1.332446758293343,0.08383201409810766,0.1416262116888821,0.08382716703298056,0.41546558865650446,0.12294222068759715,0.07419633637895431,0.022477178590550227,0.09422159094001628,0.061246634950171505
2,1.151232769775139,0.16104147585077672,0.027746171610503537,0.09027952140657886,0.3199429237127871,0.16137517020558417,0.04240167964775356,0.08328764401804785,0.07615351859976378,0.07539160586233443
3,1.921139993986025,0.14890773628337503,0.05418893075706303,0.08648830574567512,0.5160617290022241,0.12663630237822723,0.09182342570138688,0.04336575436982771,0.04308904274638123,0.11338623423105038
1,1.9069505853171478,0.11408273174936809,0.049454639197316436,0.11965943261594103,0.3842947265564427,0.09950141479044171,0.07695344444506823,0.06005447214500612,0.07119152745126642,0.06762597057952134
2,1.6383637205654413,0.17702839112543817,0.05737959923380459,0.1435665323118876,0.4180250119970614,0.1054278377584867,0.06469624383653666,0.03461784121715807,0.04488602218637715,0.037186175704299586
3,1.432725147703987,0.08972331665605776,0.016832476635729864,0.11100002935053604,0.6310006801949551,0.09055136103807687,0.08954639888710346,0.06101142631616771,0.07061336988767095,0.05254266956168835
1,1.0106166301904869,0.07560019120039133,0.01743066711298911,0.04995233153192547,0.5491917239527732,0.14313507694884164,0.07800274940118875,0.015040404436784775,0.05798976881604974,0.12327634538497605
2,1.5500963469157225,0.10276865277034317,0.1046598883497682,0.09007470830646083,0.47736939059638295,0.1234465559942687,0.11501458692723482,0.04436488095546447,0.1084042916748264,0.07899438573700905
3,0.7000890467404849,0.14136817637820995,0.10016993142252853,0.10855629042885546,0.4438521343876982,0.17581167438106315,0.1019047223066262,0.020731371066644532,0.08824184884811295,0.054425388981944975
1,1.7131781912233741,0.11798838063539768,0.03834840810727846,0.03894966797057158,0.38929684716620544,0.06113137624546823,0.07542435270192184,0.033163792534707595,0.0717289279433278,0.0452821388228801
2,1.5797318478368374,0.13494851925167184,0.01878019458334417,0.08981061561327142,0.4045686900265584,0.15287634563616853,0.072458736990629,0.06254161078691292,0.06934821636604056,0.1237693746048046
3,0.8575487972013546,0.09145941424450933,0.04336617815397649,0.11719741767256876,0.38117535418355614,0.08664130457012598,0.09731580647542429,0.04417809083720179,0.09513670976078467,0.09329171292939453
1,1.2390850389125154,0.1270649654320519,0.053817992632093414,0.11698891280874812,0.3775642090173825,0.11803921079598388,0.048162717361826,0.04383770449955131,0.11525931616375384,0.06472317571466266
2,0.5483869981026419,0.14602954744586322,0.11494711939749173,0.11302142731810176,0.39403016021827697,0.16169867715653927,0.07745301587824405,0.06165209544145986,0.07644653234351446,0.05848566958779473
3,0.4806338053606345,0.09431233802081601,0.05006231135843053,0.1112177486388797,0.17423649055477386,0.058526743456695965,0.06408248777672598,0.045147760005035405,0.06301292158191801,0.13633410453767303
1,0.3856408676474673,0.12103285496831179,0.040565416088093914,0.16388417640969005,0.5608409595870225,0.08286501464231542,0.09176766481770117,0.06121548646783954,0.044067581317981386,0.0887955525798339
2,0.5890397944387973,0.14722085616897992,0.08655422402831062,0.07306246515051885,0.38272043090986474,0.09615365443827516,0.063445120126353,0.051762586029891935,0.07870539224938125,0.12376059796493494
3,1.1950738583684857,0.184513783008183,0.0177119261026401,0.10767614071839167,0.5705857212546527,0.16583634775918749,0.054052460989480154,0.06991661694264455,0.04066489609078399,0.0842372265281998
1,1.034041328469811,0.1537004650701037,0.04153447187116523,0.10278094302919422,0.319437557761042,0.12113715927007687,0.08043150215276995,0.04645796142114496,0.062342507875884114,0.04977709772725966
2,0.8739285137127205,0.16525011133793038,0.12826751614941673,0.13598334746457205,0.2679052178372306,0.1115104749450945,0.036870795911617966,0.038898977008397576,0.06280393874024644,0.08081536102678334
3,2.1340730561943593,0.15237549454394633,0.025894810919244633,0.07925566442166991,0.5056914156270388,0.10811543591441464,0.09052755072357613,0.05335762302151054,0.07602842458571474,0.10431683257062285
1,0.27668351152643744,0.12737531130606622,0.09095658378476362,0.10773422677490621,0.23563134732281657,0.1421882255519308,0.04713078110934133,0.05609229872671171,0.08631102277135305,0.11493793429039166
2,1.0093952810025026,0.08789614962158662,0.0849071617330815,0.09973075015316678,0.3661105667405482,0.11179583439649146,0.0683964391829163,0.059763444697916744,0.06131619138037663,0.09867823563538122
3,1.138702289080595,0.09604404671423382,0.029965536305095176,0.10004807424417132,0.5469352988256908,0.12418338663473201,0.10314684239479373,0.04076306723320884,0.08177907164387455,0.07286768524842276
1,1.5507228728462652,0.13180266137022534,0.06070660936376124,0.10950388762241858,0.403701244268563,0.1803159550430791,0.06142431776086618,0.06577916058025127,0.04421325871768183,0.07416222066937504
2,1.7397404294351921,0.09053511150361501,0.0768891175807467,0.0886640265746865,0.3823587942406527,0.111307400344492,0.08004561889972116,0.0811502438800672,0.06658744832703058,0.11538792235351479
3,1.5509809511428405,0.12317271783336987,0.05960420408594494,0.12085146119805709,0.35158708457567156,0.12428964184896067,0.10100099690991943,0.04778535183620212,0.04829489020396423,0.10491298198539394
1,0.8672123349333137,0.09931987687740682,0.050462330541399314,0.09915314283676853,0.4011914384423188,0.16553562573026714,0.08752439303063829,0.04757006212232839,0.0288435739356594,0.06560604062199608
2,1.2105301225654184,0.11768838751348282,0.03885774783732301,0.08513736597143239,0.44007583432241565,0.12111701289069401,0.09337235831468159,0.06284908233848162,0.06666912810204839,0.0909232846340273
3,1.8907317997252369,0.14123427616720538,0.06399904412994346,0.06581819307726539,0.2971999835955705,0.12636344326778504,0.10989677836487355,0.04897726064922326,0.06713590282820271,0.07127491523388152
1,2.3150367061638466,0.0970541461697369,0.07091530553250891,0.11575441326578773,0.4421165809976322,0.09105875182628767,0.10658559641888601,0.058626032255327615,0.03076902407695179,0.08228760283204238
2,1.0096141152766904,0.16516447448231936,0.05480688019962151,0.08071533630802948,0.5838987252887344,0.156230208050435,0.060334099848470255,0.03702901907423237,0.10284463899545229,0.056926263316300484
3,1.7152917968632369,0.14821254496107483,0.05128360138554844,0.13775546986457626,0.29005571547836884,0.13256354835694736,0.09108260292786058,0.06479791632486753,0.08301069323520775,0.10308010413231085
1,1.893833744793992,0.16177025354260313,0.07644591295934655,0.0656900898962654,0.540445912381445,0.1671336177185076,0.06796709490801302,0.028613216049168798,0.09070375081413395,0.07932945130732719
2,0.736430822111054,0.09770265946984505,0.049946220302558825,0.090952361171851,0.36466973772324435,0.14193174519305174,0.07931748196049235,0.04427743042590147,0.06022684631946153,0.05266850164179947
3,1.1474001869429866,0.13997969925582568,0.04197263468772068,0.12997407584539117,0.337786344675311,0.10004974433161307,0.06940246140839515,0.015567328273271952,0.05952905475910756,0.049794746596305714
1,0.6186233345646818,0.11841615720952516,0.0504244962772641,0.11509684264443887,0.272019313763187,0.16761221049283845,0.058869892601452235,0.06041084094230959,0.07132123962442781,0.08519172823212155
2,0.7882301236162366,0.12652503633212855,0.023571254919862353,0.04611703780371619,0.5182163919167264,0.16630867051797807,0.09648882543062158,0.0826308269642301,0.09010689913406383,0.08288608938417388
3,1.8202275312586669,0.10484085640917645,0.06989949043279015,0.12537210254139705,0.48984068855041024,0.11169207982368151,0.11142611795827452,0.05378015305139861,0.041159365159194064,0.08124405681668233
1,1.145772519128299,0.07084399112205894,0.04529893769852083,0.12206761797225613,0.5183530833064202,0.16766134760308363,0.09668196622115677,0.05564245111390715,0.08309800751801519,0.0607309318400691
2,1.0637671776302162,0.08059653102152092,0.016945667861258312,0.06994887086997176,0.4415584937779897,0.0959487303432782,0.0851430443886815,0.07167393686715212,0.07320329419203228,0.08293966077799014
3,1.0016639248623922,0.13082212450621836,0.0179049039713237,0.08979397739059562,0.45017847605568406,0.12468665192637451,0.09429852724050804,0.06193934815608262,0.07705186599611348,0.08649236043894268
1,0.6553638830044798,0.09550661991757942,0.02302202006696655,0.10630432003946283,0.39041473693221324,0.14231325574506104,0.07637049831044349,0.06722827700701946,0.08852014220856327,0.059383415976032555
2,1.4238041199453706,0.11393744395623848,0.014709540547170781,0.11591245606243405,0.4155608683920653,0.08589415534952438,0.04531404402277587,0.0666567907719713,0.08081019362529976,0.06172013787077872
3,0.69164851699867,0.12047856495588231,0.05528868745944987,0.0902101073842902,0.17898581535682806,0.12483380384829762,0.05702209790908186,0.04366948450309169,0.07694225477070743,0.08439904299128782
1,1.4386514917459174,0.10311123237389697,0.014646803581566802,0.12647682291297863,0.5218870088385863,0.15848323820991767,0.055687021899324465,0.03854063677907876,0.11672511772763614,0.08399214442198755
2,0.7953553899159161,0.14708519682663934,0.02294433577817467,0.045889797192329176,0.5200498308839377,0.16983848318925587,0.09526931140741471,0.04227758584070787,0.09069352634920236,0.061861572797127035
3,0.6464091173480982,0.0615730940614016,0.059296901686279074,0.12602771602577406,0.31759394572434385,0.15312182614450107,0.05190080828448666,0.04064452209494701,0.08635004333209952,0.072418855823835
1,2.2555308021933254,0.11323117065247489,0.03875990293049613,0.08303743822563348,0.33452023538440073,0.07855799506746974,0.07846987862666478,0.04545495665893309,0.08097156364676557,0.07176481571321111
2,1.5612419177345929,0.09737704914020219,0.05106423094536399,0.14739457431527891,0.2661853933235855,0.13728323435577897,0.07318280106283873,0.06335351898948649,0.06605320289045402,0.06036053432109102
3,1.3522217540299892,0.1268904201166305,0.03804382165289303,0.09170207506924258,0.4709941613905116,0.14200112636248535,0.14095981669011035,0.057459141541401144,0.07656111208829293,0.0627236525309368
1,0.6612862201116664,0.14363346227244483,0.0923826350745893,0.06363362634169023,0.39837622108119286,0.15754042722318545,0.09453733421673575,0.03561964144121173,0.06309916570850335,0.08501976548939846
2,1.582820929975446,0.06463189541051803,0.04758523435755196,0.10244485485582407,0.4371091572356251,0.14074775299751827,0.09616199327919717,0.05145129990576692,0.10234213288154209,0.04956636963586433
3,0.7982898326609255,0.11829371162825127,0.012939599497203948,0.12080217395719607,0.4127499974609481,0.15631246702842347,0.09813923218101839,0.028349901578043138,0.06413422916004052,0.0628695166588868
1,0.5209867014337259,0.1384689232572966,0.0681302160140388,0.08948408008003578,0.5298726264043747,0.08870270080214926,0.06298253241457252,0.036130873317453426,0.10047370726297375,0.10641771782313947
2,1.650712294739351,0.15512192963325777,0.06595685565286545,0.12712249036955167,0.26507433077818315,0.14153970525036563,0.08235856776408187,0.0620277686980248,0.07981093123378698,0.10382163538954675
3,1.6743986254613896,0.0802515473131902,0.025992835980359247,0.14063944214896817,0.3858545401087974,0.07822944010763022,0.08662098086476809,0.028401498639332737,0.12126210590829292,0.08899524634276654
1,1.577030007881242,0.13778398597872082,0.035955544383353515,0.11130814172934225,0.44485231870032943,0.08420830865353826,0.05438377660929134,0.0482813295276153,0.07990157000599026,0.05407719488156297
2,1.882603316527294,0.09293476389646933,0.05441049238014253,0.08917556572418393,0.38261041637569804,0.09895836508015013,0.05437429993337277,0.036950054408321414,0.08328229426550042,0.05184567475551561
3,1.6198416887639537,0.13442844643745985,0.04544542280947785,0.12616169098138796,0.3275143216095879,0.054308223225125574,0.08733895717217362,0.041484333159165186,0.03761295408234162,0.12742354285527638
1,1.5480652886077482,0.09061349233897315,0.031203440390081206,0.09422319757979233,0.2710980184170594,0.20525477258237607,0.07439490682991834,0.06454189805508805,0.1318880958867669,0.07254600231720618
2,1.4574538943165267,0.1258992383998166,0.03964307393850548,0.12275120151715134,0.3309078946917339,0.17620482890095301,0.09248650627087363,0.050027582688742314,0.0710438329134559,0.11355109593872202
3,1.946760934697806,0.09669115861291012,0.07801754239789171,0.08889092408190433,0.41924959803208917,0.12483874618205572,0.09818648406634536,0.061029093916527416,0.07785418610864833,0.04586767666310596
1,1.417125886189371,0.1447023653615838,0.09385352271112483,0.05460004503524409,0.25358153135633704,0.12519537663583344,0.06380645293318617,0.04826132191845317,0.02999062892599809,0.06810362645986578
2,1.7087602156390094,0.09171532352928444,0.12141913957975364,0.12296471408226556,0.3559234479439051,0.07557483171873777,0.07541221233247462,0.05340126489933584,0.09289456823710557,0.03476035624264541
3,0.6241468868380795,0.14372278858799054,0.06235496827808876,0.17437631437343515,0.3365599018031744,0.12334837478802095,0.13360110729641045,0.06594289868417445,0.11247260513128804,0.07152819207657647
1,0.9303155567937766,0.11293967500374825,0.05359918263119717,0.12430927063402156,0.3321589252476401,0.11811460163355245,0.11964537541445723,0.03381981689949318,0.08194723225706126,0.0796920016869259
2,1.5521795574732005,0.11701040692127276,0.08652339074348056,0.10598210710135679,0.29157064586923503,0.15340005937320517,0.06636058826738862,0.044855734157950425,0.06475070135219381,0.0752501328895665
3,1.2643609310207062,0.14240662525961648,0.06771332899103262,0.13213962696177173,0.2907323383642252,0.22026818210451815,0.07828620465644553,0.09282543776697194,0.10269083487664957,0.0625120304190599
1,1.4946152263971937,0.12495611334674987,0.05602227536208361,0.08329878807460922,0.38658330724875994,0.17016787775839365,0.07468071340068777,0.025952396869183308,0.13658150158332705,0.042729061934759546
2,0.9551457698915428,0.09685584654306159,0.03139841302389004,0.1119021596409831,0.40875421599099176,0.10292353835918984,0.0784523236108372,0.052873678709912456,0.024902188277323753,0.08783659899514863
3,1.8576660129910343,0.13292732857778217,0.021667257704677964,0.11246618517307884,0.21275381340770969,0.13681501915661115,0.11291399173845049,0.03707475243880387,0.08720715709794198,0.05329771229852241
1,0.738766925497343,0.12640999115809012,0.059358039841088964,0.082087942959883,0.41401149426888106,0.12910372084505467,0.09229626651394005,0.04578329095107228,0.04231651684379435,0.08131313227612144
2,0.3965911947812334,0.113376805781598,0.056189597711960804,0.07841264037547886,0.42805765871541807,0.1515637559800099,0.07082749496905408,0.05850812071650447,0.07868184387291356,0.07675549120422526
3,1.273874921727299,0.16773777803750015,0.03064113094699401,0.14981015111451015,0.49414594245212146,0.13594609588277284,0.04839796868492893,0.06324897273316547,0.08725391993424578,0.08019030303083852
1,1.5674316097711944,0.08776229984865172,0.09268299972524967,0.11111495326619401,0.38355406673961706,0.06579588251308305,0.049761170907201425,0.04163755204911049,0.05518320997475731,0.05158569184122512
2,0.2371355511619455,0.11177161429132793,0.07243298294774617,0.08806218409875685,0.449555173580621,0.10115324458797167,0.07081015330477693,0.04665919959666398,0.08812840561167481,0.11795367182875238
3,1.3871117948186673,0.11749175689669734,0.02021658231930335,0.19079013785508508,0.46246094089635753,0.14113836913469963,0.10373301053796842,0.047205188432184686,0.0655320153570394,0.08450084158066576
1,0.8202544328425163,0.10826923695870475,0.025741968741896375,0.09610655464235529,0.30402501973441276,0.15410804246928975,0.10976931057622775,0.052849102493814436,0.047964636554015616,0.07324965733430676
2,0.9005444578425618,0.08352051190632029,0.05490600710338003,0.11275615774741093,0.24782381366401673,0.058756593890360184,0.10321350263943035,0.0575700551917603,0.02816884573235527,0.10212317734940052
3,1.0938293959092593,0.14469663162815383,0.04569252822880704,0.05007414325520012,0.3283432038674907,0.06491636460895053,0.14315914046427172,0.04692176078320867,0.09316614401914496,0.08267214618252439
1,1.4393410399038757,0.1543455449334289,0.0640432344092978,0.12156264922676693,0.4499009221031875,0.158437856623383,0.07670864146131491,0.049955827402925645,0.12534299943100172,0.07369104810403367
2,1.8656519324988892,0.07984520827039666,0.06366021768164243,0.06304645651974142,0.5941244361358643,0.12867686922067145,0.05903359177836433,0.06396164152777573,0.052219347070948455,0.11849868591279629
3,0.7162966397852302,0.12575710246255592,0.1091870778657035,0.11588791995974386,0.3710100175291043,0.0996231708637329,0.07282096141536874,0.06696352756159635,0.03630104226761017,0.06583384437290835
1,0.9968516279679406,0.12209373621057719,0.05038143600439091,0.12107070157363634,0.393543619415776,0.0918493480174854,0.0376643043927844,0.015394955437227444,0.08420222261515392,0.04746845482262158
2,1.6621425531845502,0.14101936812354857,0.07252775423403701,0.08655834329800097,0.29130344620392357,0.08380942482815068,0.07095332969952703,0.05317819475880569,0.07795806015698475,0.07728123610988058
3,1.0484788872684379,0.11792869788035944,0.04131051290990749,0.19181452569847773,0.5693919896165949,0.16187341558485607,0.11878617233586171,0.06774997652235763,0.08558844632639509,0.10958398852732441
1,1.259986944683225,0.15454574177616795,0.015936173991283987,0.15871830826098365,0.3630555566144144,0.1150510412119751,0.07696091925546267,0.05673522763022991,0.09834585151891334,0.06828932686711182
2,2.428099026533948,0.10863148646167778,0.04062131616403681,0.08060953143639192,0.374878791202904,0.19577031757569438,0.10551105789837165,0.056565163216561125,0.09423556213158923,0.13962262392534208
3,1.185532953128477,0.1457923596410782,0.125011298171699,0.10267930155529967,0.23946560012825815,0.07838715841764671,0.057235128882803535,0.04699871891635439,0.055567431590896714,0.08436481352778094
1,2.104052989830315,0.10304387408675984,0.08637062826154943,0.10223287946965254,0.4540266638215025,0.09612020432847844,0.09148957419787057,0.02108443550022482,0.08506801563839869,0.0742782591753879
2,1.3645345002423281,0.1351809112061731,0.016550078496259432,0.06247196776138085,0.37012265773532826,0.1639619067393586,0.11197061814188763,0.04793410970715171,0.08060637278977778,0.07464848746347548
3,1.2538425873441768,0.15277915213200108,0.036686552025106074,0.11380503917067447,0.44572265194162597,0.15798024956698759,0.11005115795309736,0.04577125009848136,0.04434460792389297,0.06216089489925114
1,1.1707131418264567,0.0776110700189043,0.039868717286121694,0.09496982150516163,0.4124969283732822,0.05657639010149429,0.09405449673533989,0.03163366064213857,0.04301496015800267,0.11723372121484449
2,1.1648307592750307,0.06080785945912483,0.02162655612111493,0.07608415770741457,0.3592763810946274,0.15587055863767355,0.07183476372522493,0.051770892878206985,0.07463126386671678,0.04267318044477105
3,1.4450255587044603,0.11067196617567193,0.03492687181898356,0.155930313894012,0.27443637654398667,0.09363531097320157,0.1327275053635874,0.037163156119929874,0.07332378673548026,0.08257502143708464
1,0.34571180655581,0.0983464121642495,0.030015186922107834,0.14558458039502667,0.44052523286821127,0.09637171932908645,0.07336396543265221,0.07536846195325236,0.07606096661993926,0.07440858162716292
2,1.718917468240129,0.13085997697300508,0.03308671261426019,0.06243296323920472,0.2363318504477765,0.11713091880117746,0.08078330959073296,0.04801563060810946,0.08268317139374218,0.0706838231962834
3,0.31339689494449496,0.11973456249515534,0.06991295501965229,0.11875628473116982,0.4962465019793468,0.15314497513673792,0.06142624936418177,0.07512202711569857,0.05069730866684978,0.07945023397995907
1,0.8064724799072868,0.15574963076394766,0.10621896102838216,0.10888824369023684,0.2606255517673711,0.15751205459794396,0.06771117149507354,0.05657945351013793,0.042583387543659416,0.13195442450140937
2,1.6017398733067532,0.10440680617440562,0.03765582523627128,0.06682925581405633,0.4102636968715358,0.16622795991986838,0.0694136078142221,0.05674890096206291,0.06592138170431161,0.0692436384400001
3,0.5162673289928126,0.15594937879465273,0.012454840751347451,0.14690138403398317,0.44501053746826114,0.14240397377614908,0.07438189182416592,0.03650940910644721,0.023144689693860965,0.08913683930809603
1,1.0509789703602204,0.16744462270436677,0.01883826824636299,0.15412452699308324,0.3171799184365167,0.14268382520874673,0.11672488680273119,0.05309801249505164,0.08725079997861578,0.07943516683604024
2,1.390274423024686,0.09485010139495341,0.027801915723571113,0.1345786772566866,0.24532061224641658,0.19806415105153707,0.0957351213485529,0.10406287969015937,0.11561488287375168,0.11921532475768214
3,1.4582599616508733,0.10516413431655516,0.03585399275479887,0.04408940569438395,0.33880684218289153,0.08689334580339914,0.108632171937195,0.06032110024946143,0.11324962925092599,0.09873976608820223
1,1.654854354871926,0.10733986751655261,0.0716595539181426,0.10758756626151077,0.3777544710860338,0.1273543731264897,0.153410997116311,0.06562223271442984,0.06350068545755777,0.0780174443048593
2,1.0938802949550888,0.16144957695874784,0.029514979711411538,0.10638691214542795,0.4617501114980869,0.12187260874075344,0.09220241939613853,0.07386710475735205,0.08166644824729458,0.07725296106397286
3,0.7286513141511444,0.11926121743530817,0.03581315520551365,0.10009360804491348,0.3210918307052635,0.09549295090880797,0.06026245459079295,0.03612152260018063,0.035811706817145635,0.1303594046009249
1,0.9106629688042163,0.12002411565463118,0.04216336566925377,0.10562580912252846,0.48200588103065495,0.1687409997244464,0.058689593886566825,0.05736919751176387,0.05240765468027647,0.039760181657851563
2,0.5287425417991664,0.100931912831652,0.0445988949341197,0.10383051454968674,0.3827591179273255,0.11680041589947801,0.056369570054422835,0.04003594866233427,0.1009046249895598,0.1498717689202931
3,0.672472843980872,0.09382316221321041,0.0403909713003653,0.09648145714889798,0.32740843467659553,0.15950683590942474,0.06302817053311086,0.054971170329663796,0.10186797283534585,0.11270034758173988
1,1.6226749222683934,0.0719652041015968,0.10734003128188793,0.038898756343948244,0.6446395387304479,0.1535979865804596,0.07268908838087207,0.05028783487533047,0.10330052635501653,0.06800781718091528
2,1.2568671534847058,0.10450024306315041,0.049048989966117146,0.11302093967331381,0.4907269447806269,0.1006454835013106,0.04951038143775937,0.053752444160977284,0.08442733591673136,0.05876578998356262
3,1.251186200407375,0.11907335379785555,0.09209142857936782,0.11319400772729495,0.26568044622643666,0.12656005897630196,0.09078609281770758,0.08787698538530228,0.11978151629800693,0.10757939922749546
1,0.6714616595899373,0.12119440275765453,0.06008475827313816,0.17745960973573405,0.5296769569151603,0.1643625971382803,0.10878233858082317,0.032132377568900625,0.06739609175676504,0.1272830413634421
2,1.3305478284800794,0.07742710777227592,0.11403694591504997,0.10489255610410159,0.45641907222472167,0.07081392213053672,0.09110284137725372,0.03671782314424843,0.07551399938081672,0.04843580527649698
3,0.9624966769795152,0.08824586088768452,0.10212443901954213,0.07503247502068658,0.2814053444635375,0.1461743506768961,0.04620201001787034,0.06665018247024862,0.0748662519012415,0.04411270710739523
1,1.7931453460640672,0.1353973830568843,0.0445567471459372,0.07337084871008595,0.5675853691086026,0.13239346511994632,0.04479314838221155,0.07260589282041324,0.10020398752413204,0.08460979018250092
2,1.5207661393307221,0.08179128343220615,0.03605636226070555,0.08908331424665855,0.28472675884931214,0.12068609542907426,0.11890604770864316,0.06724764279964653,0.08615659218200603,0.08034522077538721
3,1.2612819376553945,0.13957452286130123,0.029029464603075737,0.12393689307872349,0.3532198639971487,0.12359009433157393,0.11385310372159627,0.08344238944320903,0.11124040777835023,0.10493033591025819
1,1.775385568585784,0.11155904143479514,0.020368249544986033,0.06582637479912201,0.34205321553069934,0.14533335254654509,0.1496947940725038,0.03646829382259614,0.08478328467069433,0.05565148695354144
2,1.1707701394914753,0.10628901323056739,0.08633953517228915,0.12680822566437008,0.5851032352666928,0.07817377751952123,0.14888964921542228,0.027377103192851773,0.10264349318961677,0.1128961957053515
3,1.2164168004435727,0.07744580534978812,0.07501557483655005,0.079909580137599,0.638163937788512,0.12585997531519658,0.07871698252450242,0.03845856723928753,0.0416615495929066,0.06522019555743387
1,1.1134764879511272,0.14231725366897754,0.011743667596594433,0.129564815988414,0.4546837768104028,0.15858583676189328,0.06351178283877164,0.06442442709874832,0.057928144282033425,0.15581548702128756
2,1.2703680905642893,0.08028546779218416,0.033021895404706375,0.12677419458822245,0.4365870682436492,0.14034578702020634,0.03825145600377854,0.10564118934965769,0.07733902961120545,0.1018822265558463
3,1.384916945344465,0.13209263695164963,0.061233567779455475,0.08553589760868684,0.3239446465754604,0.17702586575503176,0.1336401262981718,0.0505541474565029,0.03182876351384399,0.04690431133157508
1,0.6221491667640062,0.08908078572792451,0.028449146300671756,0.09989841576565842,0.3451396911976181,0.14300916751669754,0.09669124045504468,0.06467231899226376,0.07490475576468739,0.08370819508531575
2,1.2249972052818288,0.1322857757097948,0.04610648188718103,0.11612492472771296,0.33016090287753463,0.11655211935174262,0.08303672644283694,0.06148608762146708,0.11386146009983933,0.048765548970942055
3,1.4254418673290474,0.1340052837600097,0.055116408847975445,0.15357820694072488,0.3239981416148795,0.12315108085708223,0.06851085921245738,0.08261649011368555,0.0378777682925147,0.12569881224819723
1,1.5004535495441462,0.14717089021010743,0.03648827880799837,0.10117813416623568,0.294273929339605,0.09764594514659777,0.05982433311957948,0.05679369425036688,0.12167904819885557,0.10961373396520983
2,1.2807292906296803,0.11615585497936498,0.08598545201934263,0.12971103019374938,0.5831990384336385,0.06640199366420177,0.13584831221444796,0.06963387451023213,0.05253292689393035,0.1310571169925146
3,0.9242313617017233,0.15669433635205504,0.03455559719877288,0.09981766623700428,0.5312821787091357,0.10975137195578184,0.08333939423868673,0.036144925423969645,0.03459356310864995,0.08405603430390057
1,1.8004329309602232,0.06377451768887091,0.043408704793094235,0.09497571842309022,0.3758660421262313,0.17255979670124288,0.08797375534083554,0.028540922589506836,0.07100811793478068,0.12387903932133608
2,0.7716719409893956,0.19771843157197064,0.030906226835450436,0.06077561613246292,0.40198849999654673,0.12497012487620535,0.07250034217025747,0.07248806977028233,0.07689324902574571,0.047217968938280855
3,1.9375219774531973,0.07499194021871874,0.0233480957942078,0.119641183238575,0.4587459325385821,0.1265751313049667,0.07968765482709443,0.07154563401294921,0.10480645858175366,0.12476280992747754
1,0.9649446099405632,0.12391913636029225,0.08366037095624337,0.08360290971844253,0.37755772595294657,0.14496714546683634,0.04968891554658217,0.0540888091235539,0.057987619521791114,0.06501307674055137
2,1.5222435515548278,0.14187637108645051,0.024059201663980973,0.08743348530625288,0.3192175486042762,0.1328369785954117,0.07777115723827623,0.05535248661741663,0.048216758794165336,0.09910433823496953
3,0.7046643825208179,0.13529723292570234,0.11871502334673739,0.07888597683143596,0.28537787497591416,0.07777930649707093,0.03713849172359298,0.054721301456105216,0.025653921531699035,0.1006459351448103
1,2.3813389775312865,0.12486546980695529,0.018393200033926797,0.10566375826261593,0.35431881366471063,0.12914859038186496,0.048678650958002306,0.0464525206323615,0.06095482315070966,0.1217132248882418
2,1.3698906036397442,0.10001930136346515,0.06614547255412198,0.11364179013658254,0.1820195993598005,0.11709790074639724,0.12282445667184072,0.027825228324584447,0.06383431597265808,0.11474260980809656
3,2.219349322880671,0.09447254017590277,0.05401313121971827,0.1022778274406565,0.29877223925250085,0.10970720217525551,0.10056769777745896,0.06723359421725167,0.031788550518305314,0.10608665141274984
1,1.5922291790392846,0.1373231754869747,0.07549642663380446,0.12930266859499787,0.23207384872045905,0.15091615801541425,0.08663493047064193,0.017929409624485956,0.06008171068453555,0.11537038921198675
2,1.0448158946074355,0.15534710384528588,0.013773121775497648,0.13793145095340772,0.2397753265750366,0.10037703010667566,0.09979246651882201,0.06926055509853367,0.04829990194939479,0.08368117582873673
3,0.9126678000607402,0.09469276692967105,0.061206825343369756,0.1408613087175224,0.2827730187223215,0.1503053553793938,0.1054263116427875,0.023159845165443543,0.03509997710005628,0.03965259338257775
1,1.072099848974399,0.10183243456556468,0.0395499856839385,0.11822512742775966,0.4155418365579333,0.13617268723770404,0.1002694476088386,0.057062185484818825,0.08547652144972143,0.06426970840918049
2,0.7809457073911019,0.1349760250405249,0.125273623526171,0.08219902523934577,0.17721921574330454,0.16249885774102912,0.08065008942289072,0.027909333731352435,0.03560920215081327,0.10734988449195657
3,2.1066290532474885,0.15742598651936382,0.06883893738776053,0.12945660985691892,0.3351819586242276,0.08518979461854714,0.03445577028827216,0.05915313753184865,0.09035224692862362,0.13172238158820637
1,1.063239770199346,0.11251997102412972,0.060997951593365726,0.09375111937552182,0.36168203757071515,0.14894817297784796,0.05161497749720584,0.07046119600695112,0.07445431543528576,0.03568023911466761
2,0.8484780580475164,0.07471755042629696,0.053163039785521546,0.14408068764400667,0.3587297429679901,0.10701650076035928,0.06286706158630753,0.052618799577567335,0.06878814028938027,0.10324194066611285
3,0.26085872009611144,0.12197081314165796,0.02565121694452522,0.10847258919224148,0.4172784672474241,0.14063565782903273,0.0962154225279348,0.05408708915889671,0.12117445457080772,0.08309815556076353
1,2.314521105654003,0.07888885060830643,0.05039912915182811,0.1561652633925544,0.6112672411428848,0.14695710340604826,0.07744887516884874,0.034950223361335436,0.04973483536535406,0.06461229568875412
2,1.5651391173283322,0.10144713379632588,0.07524748618965461,0.16639242657986852,0.4480538614075668,0.0913106902043364,0.08139662848765851,0.058300281720160003,0.07321769686377193,0.045578541944696946
3,1.425930469127599,0.1282624788849882,0.014040837750375564,0.09499156700115409,0.43366253482183686,0.14613283048622058,0.09723136294741075,0.049721609370281424,0.08777311614277676,0.10253959587553407
1,1.1551373653126626,0.14229444355735965,0.07095461457321026,0.12499863034533776,0.2705777960521793,0.09186419167628529,0.05111578117850158,0.04650821801375808,0.0702015684893398,0.042393991503849815
2,1.5916106763769189,0.10757628995839831,0.10066646631503648,0.10304338000976426,0.45493410619267965,0.05890126656080734,0.13177158126245092,0.01923583204386366,0.061795963133415344,0.0662847607885529
3,1.1083356427185107,0.10063928984533052,0.039933008870305285,0.12696846173234355,0.4286806682086397,0.05027575501699025,0.04419806434977594,0.027610380101819154,0.06964279965738879,0.09492926857705088
1,2.074762720458203,0.12402641514161003,0.08388555954587207,0.05543013110829147,0.3808488995015879,0.13134530990979504,0.08364090139654298,0.04915988631309293,0.08554475787150874,0.08482356349088811
2,1.0187751980974062,0.11343961999412695,0.038213366082316354,0.11698717070806218,0.44540476223747516,0.15295166152370018,0.06346099293281182,0.0387365836803796,0.08994214308535207,0.10468065645032479
3,1.2384770003390657,0.13515288384118698,0.03895533997413975,0.12898832107957414,0.3827499558776369,0.14635543792918324,0.061720668118463336,0.06398212635016735,0.06427183974181762,0.0971059724544129
1,0.6660840343447024,0.07052178072229684,0.06899873155304219,0.05646455508179072,0.4286507886544551,0.16038456524157668,0.08715806144227901,0.04294646721876075,0.10073976948845598,0.09534402703049036
2,1.8911032637207752,0.10962876930832352,0.06413750114588924,0.12474426836632153,0.6249138833395415,0.16955212143986384,0.07444841625018479,0.04477746460755661,0.07475702695074861,0.0753354143107375
3,2.022674749210055,0.13926781057833293,0.05826934221675969,0.09312099030202654,0.45350839979211566,0.15375330914226348,0.0742607987210459,0.05272666647673167,0.04571902863219032,0.10202574030950029
1,1.0893442079491122,0.13642739952279534,0.09161489512502985,0.06568343763876869,0.16464038316969742,0.15766412999544527,0.08649941909163932,0.04749286501147355,0.0859675948438016,0.05842975931568882
2,1.634932080030662,0.10572728880634197,0.05458882749765574,0.12689699151730874,0.38859436417902143,0.1417730241171206,0.14348344846787692,0.06362867969314337,0.07418908973783651,0.05346476849404527
3,0.7065891527609646,0.09479829426083333,0.11943473118643731,0.1219419441157481,0.38303814326694124,0.12153126668571065,0.058264492167941544,0.039894188788607225,0.02987266666980659,0.051418862785282904
1,0.6925485856703588,0.10008168899931844,0.047915097579149586,0.07666159683851043,0.41872497654534613,0.11725019610683843,0.06023069098556129,0.051644110073152324,0.06071588671189647,0.06387467405445663
2,1.3635437007519762,0.09262841054102575,0.06989776845133168,0.130979609175862,0.39289918097021764,0.09316788330736422,0.08404754944005005,0.05609196489152801,0.039644781783440636,0.06421267653030453
3,1.1907950577180417,0.1243115132875841,0.011877085691909754,0.10549853437282904,0.3503352310441641,0.18581993981015732,0.09009446857336785,0.048890724396516504,0.05025538580167574,0.06767220555827319
1,2.092055170795695,0.0863298009803287,0.056770105780350105,0.08669886690603178,0.36138027743699297,0.1443048624935179,0.09089279383657899,0.04758623170231977,0.06436950157420487,0.16608067482004926
2,0.6443852175514677,0.10160522650894793,0.04694139459832986,0.10994785586898613,0.18813564362070456,0.14312004363653189,0.08167435170945381,0.06304577233435671,0.12303981087708368,0.04848319110062964
3,1.5386366311475557,0.1383166612782606,0.08015160623241091,0.10218405423187446,0.4432383620257967,0.15246544722777258,0.0579196738858159,0.05744939268350537,0.0831886298338154,0.08541927366724708
1,1.2724235590789381,0.15306362355563777,0.08406858499895956,0.18871801694829637,0.613776913192777,0.07770089641082209,0.03941315037657649,0.0346715760931877,0.047384784119275956,0.04834441171772699
2,1.147694329684778,0.1445350668325974,0.014852256263966995,0.14903494175482163,0.5135926676140656,0.1526477539727313,0.0527880495895845,0.0746760274709131,0.09978951583822744,0.04837942129577748
3,1.3097839028427927,0.10186176713784169,0.14628938807639508,0.11531030653070636,0.4238156627660717,0.13279175701002324,0.1171706922889966,0.019254915501279606,0.04910812007343817,0.1473183236788838
1,1.5446495791760866,0.16683243978308387,0.061371489566598714,0.1122070278117247,0.5089380482156791,0.21057008347057182,0.10169306731698169,0.06110872625265814,0.10616037889952608,0.10061508728513907
2,1.8488090088747764,0.17714294368862907,0.06007409415200721,0.09273208596369507,0.36266520525565427,0.1345247619265096,0.043737048366937564,0.03616413556409017,0.0855072568294019,0.09501504363422499
3,0.5048237275598124,0.10311965003659901,0.06382816242668135,0.13106414825548257,0.4153896218153323,0.11333227424741918,0.13194463137337356,0.05834114089708205,0.060484364068500954,0.10498980020538926
1,0.8739006536584065,0.1491471093335286,0.04094232187413023,0.05560917715435691,0.2874441894988934,0.08917948778433127,0.08486033348309202,0.04064850311730828,0.07726753703835994,0.10384734835136127
2,1.2554239220441732,0.15008171822550842,0.1067597437789028,0.05388345249891238,0.4344157124646639,0.1363878459311965,0.09941128696584443,0.06517920773153357,0.08990767779105745,0.05068697876638069
3,0.918060220668013,0.07188383855372349,0.0913391581959279,0.13749507518543536,0.44708376859443605,0.12845395299036694,0.0626086317828503,0.0478926954811334,0.030231342083674805,0.09511943558282678
1,2.0418735279904157,0.10216101007589355,0.04457068354616488,0.1307310226738351,0.3084751735190427,0.1242404827346396,0.06811653374033128,0.059736561597825026,0.06562220160674127,0.10650782198035925
2,1.344150632637979,0.12004692404087257,0.01841697625185964,0.03573241294232761,0.5878897965348929,0.11657856609902947,0.09478296417922141,0.03626093601725758,0.07116361785631926,0.11905266698303518
3,1.3803942239318692,0.16286245855135031,0.045126338342843665,0.06805441377511494,0.29987773040241084,0.09117661443383208,0.05645802691968036,0.05559570192103773,0.05360879165219215,0.12030810427302832
1,1.1184779229765995,0.10910302704411637,0.0672585607887455,0.0869873374458546,0.3513492260043433,0.07791171330951455,0.07469381252535578,0.06231696761521031,0.0754549767916058,0.08612851846857918
2,0.45438217061149055,0.11522179912071354,0.05819273186773087,0.11735787586701904,0.27101092514061764,0.10016777012705069,0.08721972848155769,0.07287414627991644,0.10462689309729296,0.0468615514605442
3,0.8042696178419612,0.18988403708963578,0.022894110376713305,0.09366329367097556,0.24217666575123797,0.11610737562345311,0.08390839144396398,0.0511620573328838,0.05250733802557697,0.11969034016804975
1,1.3454653139103514,0.07779613946845762,0.060879125178716936,0.12084185101351258,0.2783886296342219,0.161904234156466,0.08206739201948757,0.0664679933733838,0.08419463412870022,0.11343065477923756
2,1.4074554382357147,0.06869371388448511,0.047131419126444626,0.1552613756936072,0.406065540547857,0.1895196928695223,0.05835055129629152,0.05667806441299476,0.07963949739824092,0.09358258742282122
3,0.6483111388611228,0.10345408610612832,0.06848706621728208,0.06667261675681332,0.34372030693384764,0.08572498754853886,0.08073434942219808,0.07004874884997778,0.07740631796448762,0.07928551062705383
1,0.46080937583821413,0.11988709708618742,0.08049155454148901,0.09438866322068991,0.4331571763339238,0.12406871273369383,0.09685967497540272,0.0406570417997954,0.07942790549398868,0.06157131722460625
2,1.168361680781531,0.0965726759618544,0.10631771440409973,0.09168601641974432,0.46361290747992423,0.12477986370903035,0.06428016052897495,0.029377664053571152,0.14458765942539864,0.0943891737192835
3,1.156792777661329,0.09137449612474392,0.09932463977269138,0.1430719844081489,0.2746705921213968,0.13589427185455508,0.11170330636203497,0.060018952446336045,0.13624317001596187,0.11266503677809546
1,1.4612086513690117,0.10759505378353959,0.04540688943858341,0.11717536747195158,0.5764953022631696,0.1321535494175178,0.06754733881263535,0.05398195140472526,0.04834503656608842,0.04492619840802114
2,1.2559377261318179,0.11212425568355662,0.07675318908757832,0.07593352307981645,0.3450784814242452,0.21678152349415192,0.07850617295567315,0.06352018724226334,0.041496376091677334,0.08201087814301686
3,0.606544506918411,0.099258885647314,0.01105035232529896,0.06868948876304076,0.4482336454002076,0.15699991594630786,0.03273403331757221,0.044024079409446824,0.06125025641537496,0.09315953563921486
1,0.47225976752191257,0.10855527125076246,0.052303574229044615,0.10331740373469137,0.4798711323104001,0.06899182709834267,0.03844268990510186,0.01728455848578605,0.09505631273425778,0.044741326747792735
2,0.2735717938653104,0.1387208400217245,0.06301724909827784,0.10858395746648672,0.39029357342988463,0.231966014940153,0.07110847701642808,0.041534554846074254,0.09586584274612472,0.09774846877471835
3,1.305620740215605,0.1353203398470584,0.03028827575713077,0.07649156430767567,0.5431237584447809,0.09069198143918503,0.08895711228171713,0.053081260096412265,0.053191345736674625,0.11803262333652781
1,0.36779465758717644,0.1270716426694779,0.06953207841789784,0.11196284921141039,0.5348348985294239,0.10877217387872845,0.07623151579821477,0.06831437012492585,0.04874793207701972,0.056586512278398136
2,0.8163066156453879,0.13181661924822044,0.03068862522434886,0.17877709608296,0.4291819973509294,0.08922173714340895,0.0722048874334477,0.08335132421901681,0.0846650410241611,0.072827343354493
3,1.529206438320918,0.1007059527866699,0.020328245480545487,0.08978426152408436,0.4272882212713827,0.11739462412630526,0.10319045427710127,0.0753989262281505,0.0759130478832859,0.10012851792091072
1,0.20726588143768543,0.08542395505922311,0.05866743444520975,0.05700001482684573,0.3460422932708187,0.12987288792432988,0.04697705776025717,0.05028467518768409,0.05868031904213988,0.060422755320262686
2,1.5081811598640888,0.14590421201141499,0.08867662081143704,0.047841316374980174,0.4212548683280547,0.09980539753607368,0.1498582050788934,0.049659956813776475,0.06456671632017615,0.10098280849695737
3,1.664107791871,0.10731568177806845,0.03681416024219611,0.12671379009717962,0.5303859891306754,0.11971134343000225,0.05858056954246769,0.05139402436637791,0.0628436986760664,0.0827130749764977
1,1.1073624815148093,0.12737312387427288,0.07012896411868988,0.07622097499647067,0.4723119702141523,0.075658120994265,0.10836105405598671,0.06824374019719037,0.07911263369121815,0.07064851957871375
2,0.9503436087396475,0.10612498383525247,0.052520682369351646,0.12454438191046857,0.46731871604593034,0.15613459185314071,0.12111047303942848,0.04647206040817468,0.08515165557361695,0.09550411032706882
3,1.3124341447384458,0.12130467945350688,0.04836189405497188,0.0812948552115611,0.49810008237748843,0.12516252937430555,0.05593867547298274,0.01762691282907495,0.06411643882761006,0.05742880521906803
1,1.0886885992598914,0.14343618521952525,0.08763600790483214,0.1217752350632318,0.5705666907966305,0.14630635791029986,0.04693145033203869,0.05208540154138876,0.08390246431057105,0.13763253331990138
2,0.9976801142461251,0.11946209924937581,0.0633863658597091,0.08824498745760255,0.5840439658482595,0.10740356144993524,0.12094035485114366,0.020203840720344233,0.04370080348598951,0.07165468390548177
3,1.0033430833710384,0.09797314017164092,0.10422236608299966,0.17289773211071946,0.46659545992547763,0.12414581903738374,0.07393029174778777,0.05574516379487163,0.07895029705785625,0.08240776495935509
1,1.505183852315109,0.11309525462538456,0.08077524684188293,0.08525973056897501,0.3582650553192762,0.107965222686017,0.07475141167496707,0.05700860018938201,0.06307441200765804,0.05792708165309197
2,1.3765925452039895,0.1818107599157751,0.034396746544810654,0.1275150646062263,0.3019789225846872,0.15793370065643048,0.0551993345930718,0.03927137908142578,0.0550610801659012,0.07779061867252482
3,1.7432315144470818,0.1230052292391076,0.03739791777489254,0.0818860507069026,0.30966844325450515,0.10865481505162197,0.07795281377810895,0.04301728982433756,0.09352139058843048,0.05734596754013696
1,0.4431442240100987,0.0763222631788289,0.11627033439213696,0.11730726491048085,0.4106861276244269,0.11619738338291967,0.06711393129860226,0.045124578294138046,0.08637804348757765,0.06534951667301077
2,1.5989656042659344,0.09622071191119035,0.0505281247840528,0.08678408873695949,0.43596114211040427,0.17069232610137242,0.08095357549573039,0.07057634708021743,0.0473848962195612,0.08508681489919313
3,0.7852943292628196,0.12648381695103453,0.08862044792885063,0.10101092165136245,0.4568061392353695,0.07045994756904567,0.06946276729978494,0.0334099259011672,0.061444202068722406,0.047983657709350515
1,1.921696149143556,0.11032704391782366,0.10186241991977524,0.05994008674875412,0.22859484370954417,0.13834141118255214,0.09018049372295904,0.06600190182691804,0.09985842049148738,0.12360960701817555
2,1.4514265811846037,0.11266220216384694,0.022445122206842017,0.12965427098770724,0.34702061071447593,0.156298758964779,0.10956920645643067,0.08856245766300969,0.036258084692055055,0.06547717392227125
3,1.9002998391311283,0.11821610841814224,0.0908621803182668,0.10429364880477394,0.44170255284304755,0.12815461210747264,0.0717325249802757,0.053392980291611034,0.07922726821444967,0.08378840985564795
1,0.9238145987937869,0.1499063972038695,0.12081579242761183,0.08702261238230459,0.49301377965521304,0.09380944582055514,0.08308296217441556,0.08396190784546012,0.045698070127418,0.04075776211753328
2,1.1712045926499617,0.08980146840693948,0.07721049383069613,0.09901169528953592,0.3002350858338218,0.160138860693064,0.11548387709871277,0.05482252914683394,0.08722527030571973,0.07425738584302724
3,0.4661283543848318,0.12988485667048402,0.0583441865410818,0.09202597615518668,0.4118086967113153,0.10459774752001676,0.07144134302080787,0.05311907568166061,0.13558488469786667,0.1112096709335417
1,1.2842155437827354,0.18110889726013155,0.024444203293824542,0.06053574448907206,0.38630115125937786,0.1519388733443405,0.10671021672334148,0.020664287611444447,0.07876133809160553,0.07096178973195212
2,1.3246371665462704,0.1048284031011749,0.011065064906445418,0.11611071353967779,0.3908108516994644,0.1658826784424811,0.12035864406268393,0.03288752023863521,0.036941334985769764,0.09448778323391285
3,0.8985700894841977,0.09931194264317676,0.01396929042491872,0.061381153263009434,0.3904589209878201,0.07817830431336294,0.09481214451664488,0.029064812123467645,0.06712828427969819,0.05552740726285228
1,1.2151397514227544,0.08664520492555855,0.073893218918646,0.08740707268682077,0.43755574515327134,0.10809854265628696,0.14364883467526757,0.06888378729129907,0.11864048045981199,0.06641095520195982
2,1.5723726670275793,0.11763539205509474,0.046361502024075046,0.07499366028195066,0.2607761484274902,0.11242908395234068,0.08069829849540523,0.04435537230715023,0.06923542992602921,0.03554409265531863
3,0.9165629143790524,0.12476157672391831,0.028476438563062405,0.1673225987817964,0.28299795462162763,0.10200376603074478,0.06990157193486247,0.09259225514101592,0.06266983845605792,0.07084025791658734
1,0.7584559869240234,0.11840991185971662,0.032242514288211885,0.08305021592729758,0.32924311030455466,0.1882362562778584,0.08396683699004434,0.022010806091577146,0.025823272635283383,0.0654684723216651
2,0.885772313150294,0.1288827154778867,0.07227231927197902,0.061226909143585535,0.4074930574958679,0.1353823345723595,0.10005025506846876,0.06416399491835657,0.07611161896672873,0.07893845247946614
3,1.1585399260816207,0.13088314537303,0.09696687655706233,0.1222124402277972,0.35996676469261424,0.1664422196888698,0.13336832730777937,0.04961219765670369,0.06369957705697714,0.06887445986572192
1,0.8263306205188503,0.12556175931871694,0.025471347484873175,0.06274160617159898,0.4637722333541938,0.11165933409480877,0.0656899194010787,0.041920439141074614,0.09858836548698408,0.05037979728286205
2,1.1860281270236352,0.13027504718128471,0.017989913391308433,0.09622744782197394,0.38486429426246455,0.10563106691425055,0.08044635637701365,0.06483147084006499,0.08519601983282728,0.1099436518210298
3,2.0778480186753012,0.1196922434643819,0.0323109046606903,0.10858841885744942,0.26686198903273406,0.12228544531614867,0.10664187416850564,0.06833422202069205,0.04969651332741627,0.04791778483403612
1,1.7299990208311746,0.07640994914130876,0.05033691319363368,0.16920284169010852,0.5420630106290174,0.11482423909105549,0.075702621565599,0.06954167166623958,0.06974571793544727,0.07444317784413582
2,1.4108527277329477,0.09662513622639302,0.014002485280647823,0.05226585469432216,0.4920059476237342,0.1658460946631695,0.06380552386451581,0.0337852998553904,0.07533070068077738,0.0784770673320478
3,1.8824816086817622,0.11357460897031664,0.11075343623988537,0.10941059303875036,0.43275891525885457,0.12654874894919227,0.09941339195627652,0.030213872618500275,0.06932267499087737,0.1143445107002389
1,1.8238925783801547,0.13800267977200603,0.09797968003056881,0.053700736125634856,0.3269317750778919,0.11814622227855756,0.03341010658449949,0.05043889966149162,0.07684872222830469,0.08687138732064678
2,0.9257065151990752,0.09889631289654068,0.06519570035579517,0.06231754184463104,0.4434660198761998,0.09084714698935542,0.08607636027287077,0.08509033366589631,0.07581016452856748,0.12330866058558138
3,0.2100024018470651,0.10520403161501732,0.04125431999276831,0.15152065098852147,0.4504673987348349,0.10338495197535694,0.11533331857298224,0.046924057994426636,0.08150202711818733,0.033073435170057695
1,1.2052899832386879,0.10841364972930875,0.06920119977203693,0.03910752584580633,0.4104722717390242,0.14160081010511108,0.0926161424277148,0.048491297751405926,0.048163819573977334,0.063024151686161
2,1.2828417222309432,0.10644864786790634,0.13180574152560187,0.07303956591384383,0.3592065393929848,0.09712502055377077,0.10791622453777666,0.06416096562125993,0.03620210940048139,0.08250114682683961
3,1.3389765562397131,0.1377444168322286,0.0625337196741232,0.1151771836534187,0.2722312918422159,0.14205087615797227,0.07703179150270625,0.06428294368811655,0.09625620844806912,0.05494026766703697
1,1.7970820890125005,0.09368681324975137,0.041599006776205594,0.1714167695839423,0.29834046563278444,0.1709893968383275,0.09687416843280443,0.03382420047102522,0.04982352793364729,0.035410650317504684
2,2.084720744298087,0.1387387805965331,0.07330455350345202,0.07461854986194696,0.28941959418708424,0.09475060072812619,0.0971358141630487,0.04466283184999565,0.05934934598577602,0.05890722822190176
3,1.6942673191956932,0.10721119658616124,0.05795888025007644,0.1594557500280761,0.5219368609835696,0.08708811214936932,0.12348050646709074,0.03774976242697683,0.0951485645821766,0.09582029112274452
1,2.0568260221117427,0.1247030268103219,0.021096013624238796,0.06372667719832856,0.34413838296985594,0.17039137891759273,0.11121098178482447,0.03637290563969289,0.03183412127619982,0.1342696333608262
2,1.2335711749789828,0.08996683164824737,0.09425460289308724,0.07718547556868388,0.4328808800917963,0.0926168691722941,0.069310598501281,0.06095199754940908,0.063065191955851,0.10933011379550954
3,1.7849481318834535,0.09015611975855495,0.12801432839295873,0.06967572895670335,0.25158874451347485,0.05090381135103815,0.05899633369473499,0.06210829442230391,0.08939677106342231,0.05423022879564201
1,1.5218307808977911,0.10482355416896302,0.04165625397405606,0.0934973585673062,0.1761836323295387,0.15347679929834243,0.09816319579471997,0.053335672922870475,0.09285657309842413,0.0506406021549156
2,0.9558329165941384,0.15534172223867515,0.021566054655763427,0.08053329431018319,0.3506808864700205,0.17627164121447123,0.08170667889313099,0.02857055740565071,0.05324535597467196,0.09362654368640912
3,0.8829576559305021,0.10331386010948944,0.08531548873206138,0.05356256446222804,0.343753559605825,0.10335665195698578,0.11160630066977376,0.01540945164501363,0.09055477164151363,0.07708061592871292
1,1.1861934005776038,0.1081200123261055,0.043262677626737876,0.06350797121132605,0.44488079536308595,0.11359930131366065,0.051304279949167475,0.025233041648463263,0.05358104324153634,0.058494397115208444
2,1.1906992299105126,0.15998090356755915,0.0947734153021999,0.09294012160607112,0.30472324114603677,0.17374107543637607,0.1022160942733599,0.052652000027679495,0.09232494075692795,0.08760257073544968
3,1.5639716867614943,0.17047105797070816,0.04524374142243266,0.13689366565297692,0.39509633008932116,0.10257903666826612,0.08640399891067041,0.056153946173669145,0.0651575672122216,0.0833677647741863
1,1.1300455949828794,0.13926627330927588,0.06568262663555915,0.07336325679995258,0.33647621075394996,0.1609201151908272,0.04826771705745134,0.02756513226387474,0.11142585918645492,0.07397093606446033
2,1.0723949522387959,0.10296847113965117,0.021947879313944308,0.0487574479832088,0.30469902134497673,0.18310625397106411,0.07655839992395098,0.06205431436562076,0.04732886918855225,0.1010749961981901
3,0.7133146363859175,0.1549043961638746,0.0621702788986506,0.04738727160419417,0.3383331238481189,0.14520988917359634,0.10240426199271235,0.060001238233774956,0.07832793829747989,0.07036708592775077
1,1.2794932555426355,0.13960152647080665,0.10047498409413563,0.07976228572996982,0.276258565703351,0.13100386299285738,0.06247180013559139,0.047111653898202606,0.053774423845999696,0.04177942101974369
2,0.5828132165856401,0.11107516943754725,0.03239457193249837,0.09011661996265671,0.4178640221421923,0.1364778132005933,0.08479572175806317,0.022835618692587812,0.07502784584876927,0.1103856417884478
3,0.9287262681013752,0.16633851564888524,0.03750246102365657,0.09061922557335207,0.5259521580650494,0.1293829407343206,0.11539876491744745,0.05481215791755292,0.10435997122083313,0.06809993647344358
1,0.5280662858283869,0.15032307287129532,0.044713755783026374,0.11941919943836021,0.4067051197653936,0.10815451792650074,0.11509142523307195,0.0465605149364274,0.04726062668349951,0.11251464842739355
2,1.5742398159916866,0.09544739633567634,0.05960254541306796,0.07070563533009996,0.456229270875033,0.13784703715450636,0.06825646378614018,0.024018463950540574,0.049684830352075784,0.09241383406525124
3,1.1212093609381775,0.1393175879826673,0.04785654193122572,0.09235114868519764,0.5130290520829106,0.09182997658582118,0.061726199767775616,0.05501994499183607,0.0784595896480565,0.053642394304620186
1,1.0733619504171228,0.060565183759579075,0.0405056942705789,0.11180003939059013,0.3885191036504999,0.12985956732964468,0.04216579446428037,0.08313814712337933,0.08145103789382918,0.10798180265219127
2,1.6259940884963606,0.15574180528800108,0.03893697944158172,0.06442284780053534,0.3145675177083424,0.13353280440142049,0.07149457256301014,0.06346107621471136,0.09406942445193442,0.04526870356317572
3,0.9717605634041063,0.14375233853854547,0.031165340374183975,0.12705489344224774,0.5368438197764955,0.12947249912952633,0.07639454601228901,0.05365956218496505,0.0673193194037641,0.07999672484532208
1,1.1813439228464846,0.13874765782608603,0.04493807759708547,0.17535539357399388,0.46148860218054355,0.12168630100366071,0.061536078571645884,0.04457128580018601,0.05617315602019896,0.06978712899250505
2,1.903197258620156,0.10013880908993958,0.04709499019912791,0.17874159113343344,0.36826750723961776,0.13789081127392577,0.10372069502408394,0.031558150700944726,0.026110670114096922,0.051335650330687266
3,1.7236802001518072,0.11763559770907231,0.1365020637753222,0.047778209995159665,0.45899626070738625,0.09600986548406543,0.0843671944229021,0.06042550960193164,0.05377776088364089,0.10071405110857526
1,1.8830649081296191,0.13547006621323948,0.043061989613020234,0.04303893414413506,0.4707639111160966,0.155643122539454,0.13595646997333735,0.01959351509132494,0.07017365995551487,0.09235997635390188
2,1.751278004152951,0.07763794756295071,0.03996703666435917,0.0804517294609379,0.629072934792406,0.091947031684823,0.0546536823134346,0.03187925340542121,0.08290297733507562,0.059495076234875065
3,1.5294690184039677,0.1380552001689927,0.046570226445004914,0.06713258948821677,0.4125573958164189,0.11680183487247937,0.03315488534690059,0.06064675723934499,0.07071559608098678,0.03643337927957171
1,1.150057273251803,0.14312858489668284,0.07901382629632477,0.09453584017303752,0.36955077974868544,0.07200413906454214,0.04217946354964853,0.06885928777776354,0.13181605676948752,0.03815934854256648
2,1.4373085008635171,0.12022432023398968,0.02715617441486692,0.10899903734053032,0.33452219826036045,0.08932523723491308,0.13163662611681132,0.05610123178159995,0.06706071578048581,0.10426820950411772
3,1.8378204999007053,0.13756597593946998,0.1277566864697351,0.1079646808720109,0.3159992256468088,0.06636500289216724,0.11631239781081992,0.054874651175215394,0.06702223533254666,0.031244871227634752
1,1.2243499557646491,0.09703640671120142,0.01953346954443222,0.06057333199580471,0.2475162676894511,0.18278682671301075,0.0945852386129512,0.04851406563690699,0.08899232750852268,0.09780124402629405
2,0.6516176512033326,0.07749461980114243,0.020653930397067363,0.08460526143166339,0.398487420287338,0.1636794284242099,0.08057237757143892,0.02640445551452042,0.07700491903179305,0.0636822614165436
3,0.427958677154197,0.18442045442160138,0.10680149972949463,0.07566244258721162,0.41867120575512584,0.14389412242722877,0.0775752357046372,0.056530841843769004,0.04519610050137328,0.05257985802498191
1,1.2855670021299002,0.0663561404357218,0.04453292444598818,0.0870055519708841,0.475762372437166,0.15141553461094626,0.07153056448290018,0.04676867895243589,0.1296791787997994,0.12295799705270355
2,1.4163221989954977,0.09384900970332005,0.038924727445066136,0.15469109889082128,0.4055358408903383,0.09501068035982285,0.05935935901805345,0.044679994442198084,0.0586637132458835,0.10683449249128928
3,0.8444511846471037,0.08897236650828501,0.08298364206000797,0.07028524317242317,0.5544526951670106,0.06693733154367928,0.13090866665015408,0.039443494028708344,0.056998183141872924,0.0703986139003056
1,1.8556235819281937,0.12472284530664256,0.01738417160803134,0.09071482930271436,0.32618473365819656,0.12590542468618737,0.07850836460079286,0.03295295995913915,0.025308611753695517,0.03208074072370767
2,1.6064390188426427,0.07194332601987108,0.056108313228521126,0.05102790071044865,0.46049758498665183,0.10937994260021294,0.09967726446490272,0.03077563339118541,0.1007815388940689,0.06394837945966553
3,1.2789097514279586,0.14503947473592427,0.026260708115476688,0.08286616297726396,0.47586231910534327,0.1341550769874652,0.055443963881050704,0.0482990751156259,0.026971037938819213,0.08017098664804008
1,1.5006666398626407,0.1408951557033553,0.026291766885316318,0.08593628567278543,0.4425038404638027,0.09626551757913573,0.07867673936488113,0.04216122184592137,0.10178473308377564,0.10186932331372872
2,1.7224149828468105,0.14009538338783384,0.010492143367783167,0.12332044782135648,0.4343687310668011,0.10693136517697256,0.0664123217508891,0.02552852310674127,0.06485355703715613,0.10067913231391773
3,1.847653327120752,0.1467133301535138,0.04672406520421231,0.11718768793603188,0.48754208119580655,0.1470482357017245,0.07781034193777257,0.07319755989743466,0.06430083396806141,0.030520899008526954
1,0.7473197411782012,0.13847099914738098,0.019966163533713773,0.09934141739612071,0.39536367041896037,0.17614660250672656,0.08611285446158491,0.06405775374526712,0.023659503108954316,0.08665076763529393
2,0.32696825087582326,0.13952307673387337,0.05185588089751227,0.03299395230804415,0.3827632936911586,0.1429646342543278,0.03436805068006837,0.044831913062300596,0.07384556908103149,0.11136564661935758
3,1.2641159884106181,0.17115907526002055,0.014765902804109658,0.1015100335295054,0.33805092554572375,0.11079292347885562,0.11030306817285361,0.0703578737688835,0.07104055127778924,0.04772362311258741
1,2.240173373439249,0.15774118678897864,0.07264586883757304,0.0801021577953751,0.4172943671587107,0.09962443283831124,0.07537843673059304,0.0681669768811417,0.06182453101732112,0.060475721003996466
2,1.4412314368649508,0.10496626849609272,0.04238705300574907,0.14119183937776608,0.5507015079968532,0.09766778158936917,0.10173038519799228,0.03882091555686556,0.0850887170851641,0.10271110316571025
3,0.6396650210034993,0.11926887745093122,0.035122307047735064,0.11658572841329048,0.4655165148548965,0.0993440620249923,0.06527118497288202,0.058782221311628476,0.037367473930294236,0.07958444258708561
1,1.7777180148885796,0.07479348093661828,0.04657301476476676,0.08836242616160613,0.16827877953932507,0.1515954187589699,0.0657333513569428,0.04972516764870832,0.0778537121949528,0.10897715266899183
2,1.5451955952351595,0.08288216000503576,0.047145284048968145,0.12262231298448495,0.3351734712130703,0.08200344146029956,0.10836972410121476,0.05678170414730638,0.07004670729561221,0.04213228613688901
3,0.9934176407530267,0.15484060191204183,0.061411778855094856,0.1491658209265151,0.37741965158215146,0.13621036156274813,0.11245961419080494,0.05270702945669655,0.04581875949218208,0.12036274960738232
1,0.8579551672042571,0.08435646750362905,0.04268831354523494,0.07796332879354331,0.5195224354863548,0.11512889374407723,0.10881266764023644,0.061902065218498115,0.045280483688022816,0.08686013901361542
2,0.6128776917695269,0.14122618826175468,0.045817684806909856,0.0762855881362664,0.3423016571533219,0.14458070767289802,0.09752729312072794,0.03934530075749584,0.09912468988459813,0.0983419711464702
3,1.1085094440904042,0.09627584206385979,0.06240856767296557,0.11877088130027122,0.4641528826979082,0.12616151959910407,0.12329698040804132,0.06232000397171525,0.08698462097339921,0.13320397805583764
1,0.8144409270192383,0.1370537398671344,0.0586137215308134,0.1223256344632999,0.38897659992972555,0.14823270787417697,0.07387645038748984,0.0753431372897033,0.09436759816145465,0.10379523517668296
2,0.8084373737220416,0.07094268573090082,0.04501187064459117,0.13098598232760017,0.4340423406470885,0.09081560386860918,0.14636240425582997,0.08047258620586495,0.08856820135445197,0.07352734858562858
3,1.2139629902233813,0.12714849011624277,0.013157051279404842,0.13386242683038507,0.49740492045185164,0.1733097897408078,0.05793046578513082,0.05883583117985034,0.048567972814377816,0.07937954864138606
1,0.5795657550596136,0.1123102157429754,0.10056819255005824,0.11576730890712536,0.3346679765837557,0.1646293477029533,0.07896241901664129,0.021606986099103213,0.09107087997375878,0.10557124490941128
2,0.9024421134016375,0.16691417048468551,0.1132128040282782,0.13181519504785483,0.3229387531056251,0.09911302219526164,0.08418688015771164,0.05275301740392122,0.072909219267284,0.05241339674000255
3,1.8112976166389942,0.11859203068277069,0.056474366005682224,0.07411588356646803,0.30198032682592757,0.08974788816241273,0.037244887053229474,0.05574412364055539,0.08157904246338125,0.053489064401213565
1,0.9497702735884064,0.0966318227351202,0.04499123604062741,0.1203836192547619,0.5281935397692958,0.16765496192845242,0.10064095514982119,0.0556947299571438,0.05066062476405277,0.08672697425731803
2,1.8603490388099497,0.08668112222939314,0.01785296055766147,0.09506777731305938,0.3977252887526636,0.07374203441630973,0.08782518177485596,0.048721646578561775,0.05417800017984577,0.08200618993694803
3,1.2703220450381763,0.1392619533910414,0.053100465934081305,0.10142606473366722,0.36313442626852926,0.1903812086516189,0.06558951898591552,0.06124608200537547,0.07792597713263273,0.03552224255893485
1,0.9949215967062999,0.18693487636060202,0.06946512126076565,0.08499739490976511,0.44543607492631526,0.09919698314076264,0.03715802490144512,0.03376486058325219,0.06436397664745996,0.09078536458955995
2,1.3713185384725284,0.11649594420244413,0.02541404073334351,0.04731436261995173,0.4035133079800419,0.16141558605854006,0.053978360642222264,0.034039908219223536,0.09245539101641653,0.10630674784205571
3,1.016612550016055,0.0940863391495626,0.056664695021992964,0.05831508503116986,0.2945717448306649,0.16994262479699368,0.06456823478543121,0.08070850401626478,0.09253070755285257,0.12376017959702909
1,0.6422712128856666,0.08216562921008352,0.0669467597454778,0.11655310165657441,0.3014586206753911,0.0947185273251489,0.10371106739712815,0.06870313582738875,0.0546865220601223,0.08952114976586656
2,0.4519168548663839,0.09367472552029094,0.10377854839102324,0.16763054127520655,0.3886590811347856,0.17239082390229002,0.031238350475841517,0.034503239714030104,0.027885425487531486,0.046333052812821955
3,0.5735681017993713,0.10785363939881425,0.02006153096218065,0.11045642844320988,0.48099470341868455,0.14627598923041513,0.06492701891022933,0.042317950721628826,0.04121207122368557,0.051843591432787745
1,1.9779910675129049,0.07842137151163156,0.04516585858997145,0.03420854106410673,0.4359699453024876,0.08925610001748081,0.0907960998548772,0.05897565182747656,0.034321769618003366,0.07099338238800743
2,1.5156338412433255,0.09015659483065158,0.05749152479702859,0.12037607436181931,0.45161421155384773,0.15665353658144487,0.07221966579809264,0.060583357953968776,0.03050398113619561,0.0652143707045787
3,0.740740436684891,0.1462440083950259,0.099326541934701,0.14556894729109418,0.4258912882391506,0.14954019038759073,0.09054570730689177,0.020254762827132036,0.08694589773890955,0.09588056447328484
1,1.2893803862793973,0.13992166427633929,0.010721852565294392,0.08217457904182622,0.3321655633935936,0.16560716811553697,0.11542117531192805,0.042648965342832024,0.08325804121872526,0.13341879661628653
2,1.804841801973468,0.12885760723987583,0.06169157771805761,0.03817198611108281,0.5004600836821798,0.12876925691440835,0.060073326847537106,0.06983912000043395,0.0659576331478649,0.06679882065821152
3,1.7271151307196297,0.16183100539990786,0.03393218023714333,0.15018519655260468,0.3699380238135313,0.07465821944015884,0.04174548218098289,0.032594092326568354,0.045530692263771794,0.0838874873957884
1,1.5909312430465847,0.07493429884702921,0.0415083187607623,0.08312131042752914,0.23152592070595243,0.08263978891213594,0.09201875377153963,0.06334766976913488,0.06309612800505325,0.07528818992827828
2,0.9952326243107921,0.1126107390170209,0.08289772410787938,0.08137125307373289,0.2828244498499586,0.1286816176445077,0.08682404963002688,0.06113857121865443,0.06663514101850954,0.0995978912276593
3,1.4698249112233361,0.10390588839902606,0.111623545609903,0.04441566800770984,0.48037707835690524,0.11606051299325784,0.04081970421975543,0.08136739654979513,0.02901456479343744,0.07342500850694492
1,1.3165186185015512,0.15076333658219215,0.05112144839546082,0.07301286454636238,0.46607619115435384,0.1744207690457402,0.09254560041593224,0.07900826245336345,0.026384755707601494,0.052575802792286366
2,0.8825591752619276,0.09793874007804731,0.09280541687045304,0.07427015579139558,0.38997573013892395,0.1505823210233765,0.08077880968501751,0.056079953207074165,0.07309052506828531,0.09213186931513939
3,2.3736317749729032,0.09331779348318502,0.06688587147534399,0.07984108581158914,0.5079183738142581,0.0842024996839263,0.06935881905901999,0.056402897556582315,0.045557481342915145,0.09537436053678995
1,0.5400162753081503,0.06359468698136736,0.018972602185480105,0.03650594095461003,0.3352622540232886,0.15781425871866603,0.07414841803167155,0.05384049907425488,0.03832882761727019,0.06577393276213765
2,1.624457886838374,0.16835062461049832,0.09042432569527531,0.12599941284740018,0.46533050397734227,0.1481002848633515,0.07786325686555962,0.061377744330898217,0.04293290950972184,0.03157295722888471
3,1.702895569703054,0.13567368755662274,0.031326048682196544,0.09870566766564069,0.44083596427348865,0.17846920713296377,0.08818507238005852,0.04707490061767759,0.08979852771824079,0.1237055269963328
1,1.0238362418188696,0.08901467556784556,0.1251064886818826,0.13618104883141413,0.32697822257462233,0.10638112580041237,0.05196757652985992,0.049233507434334356,0.022254725392719762,0.07395584451510125
2,1.4265280758405017,0.1648398521579606,0.07475066804641183,0.14229913045585538,0.4440520883053762,0.09416231018344488,0.06469105667877387,0.07682156820025339,0.07259822515991278,0.044415078674594356
3,1.2311582930385119,0.2154879337947772,0.0986508463020965,0.07480947274643623,0.3521852773234742,0.13487747390536114,0.07664450779267805,0.06088097038075217,0.056067105476833815,0.0641469710941879
1,1.146566683814389,0.15812421094018658,0.0574908834767015,0.08736865249936673,0.26938624818876655,0.10212359070091356,0.0755424751600832,0.0389552127482992,0.1087525040312542,0.09490741976357225
2,0.6926062916368378,0.15684482040805273,0.0865714756898619,0.06841128304351965,0.39831922991033863,0.14696496669090406,0.10341270062482288,0.04921836029259167,0.07464102567860201,0.09368645883953483
3,1.7557606236507641,0.12040258665417727,0.05708213998122218,0.060835867822353035,0.21087592210320136,0.15034290725805116,0.10666732704786616,0.023602508025344863,0.08433486223537766,0.08601929248979188
1,0.2365085227581315,0.16660144770958418,0.07476194860146723,0.10429875878363527,0.5026378467437129,0.11762665496548075,0.08029518153141751,0.07835724823992973,0.08636483082294559,0.03836716222537508
2,1.5110442616698372,0.10505946630380539,0.011185142752915968,0.047473765040313455,0.32263514262017823,0.14082154485757112,0.07816172774548674,0.04067469414461497,0.08082300669949097,0.07065710159858778
3,1.268780675365428,0.16219155132506075,0.0422756767435739,0.1106865904865557,0.5105802744092071,0.11937037357439581,0.09918921686711828,0.02289923914260984,0.10241165068543517,0.055745744859307375
1,1.1243355793425414,0.1516981723363655,0.04828234748331697,0.1337780524544098,0.28070596771393636,0.12565703441436166,0.07903987185388824,0.050328002752618936,0.06324836007667592,0.03827059098795161
2,0.7546324957486783,0.12647486791012616,0.05522523157331807,0.1099252748581569,0.33664675586430354,0.0860575481229999,0.07443604467448735,0.05859280312870932,0.07215247325157378,0.10739605328176048
3,1.5593795277926719,0.09823553582178995,0.06890911791169829,0.1425739409247557,0.3739958741719146,0.0963951069052449,0.11974960373753135,0.07110453315929627,0.07967858762354864,0.04527390121825542
1,1.4558568103945964,0.13838017270113334,0.021990574843523195,0.07524703408682165,0.37253642930305236,0.11096041772572439,0.05886128410434667,0.051493369450579786,0.062342265036609154,0.10532133907912766
2,1.4754617180034664,0.08236322885894665,0.054357442647133235,0.11545215331478918,0.39623304447576174,0.09285712412774111,0.11408048372051399,0.01809567004468559,0.0989987750659716,0.09577188388696592
3,0.6154112826952025,0.11996731729137984,0.0794574381037487,0.1493572352819681,0.4842416040203521,0.09946888749796716,0.04419100425991248,0.031940102012920385,0.04011436195771667,0.03616881525575246
1,0.8241651225720393,0.12920963754319623,0.042338336326914965,0.1232869655110702,0.3076551452925019,0.15403594540430127,0.06752568889296957,0.06678555399541147,0.08526650801931059,0.06682448976308722
2,1.0953431648723986,0.1143840688682584,0.05947110784815412,0.10001951805268645,0.2981628534097759,0.12524734604903628,0.07397317734887736,0.067957884737758,0.044030591276552206,0.07011361560693025
3,0.292551756087998,0.1216215000884757,0.04081136212165655,0.08780200971132238,0.3377527207020535,0.14200208162268507,0.04876700695670602,0.06170495235993108,0.051590910857766153,0.04762775751824681
1,1.2923886134352978,0.12826654964453793,0.06779066702939238,0.06905816897623818,0.3659832423797533,0.17319242805406262,0.10046659357311212,0.029103754523087173,0.11459823107068942,0.12511833359350655
2,1.85800789067717,0.13900752722965162,0.05735225405856337,0.05666700936835874,0.40913061348283636,0.09355635165538528,0.13268589474436154,0.06839015234922219,0.046716200384160605,0.032042048593854025
3,1.718414283362397,0.13536316370002932,0.031235270668797974,0.07391387730774204,0.4352039212161694,0.11216655063005547,0.06119144611638881,0.04760168919252988,0.09437514787447335,0.0627176457684852
1,1.1124216701108156,0.12706988486686882,0.0966655041599395,0.10121538886753938,0.3587216739855772,0.1105255870931959,0.11778523685940073,0.0768740588016234,0.08286359839981579,0.07468184808630134
2,1.4763154612999143,0.11901757870307629,0.016112229746535263,0.11502655282601783,0.31894774658967995,0.08336502291399353,0.07896900054423665,0.05117339239951959,0.05004316093815494,0.05817006836508644
3,1.333268327371987,0.09052993506436374,0.01639111850159133,0.11380743264522024,0.4291102874753656,0.12911768924866404,0.033550146917400506,0.037265485919635806,0.04991377566963903,0.08975247041891488
1,0.6684064877459985,0.13824537939158107,0.059964537567776935,0.06920431654748022,0.3399477304855128,0.15775512563223376,0.08505744142139218,0.02832745680126917,0.06864298344674595,0.10937371552161981
2,1.5685020095900493,0.16757566005886332,0.06581951910830597,0.10622432756968449,0.46491937604798705,0.07391267395478218,0.11631275473284872,0.05098560811564268,0.04508112385735144,0.08711707721304186
3,0.9260404540550365,0.06288910223648148,0.06202828628212799,0.050732115195145366,0.40181046685384025,0.1341160335308728,0.08729546108127353,0.060621931119851175,0.09162865376089348,0.12504748869786728
1,2.1739265801609156,0.1303089404537539,0.05655688099804993,0.18047738034208488,0.35704084267243363,0.10468802184542274,0.11331020077137285,0.03665457525302147,0.08860559837081342,0.06978623860852293
2,1.4205231357451975,0.06328195037816815,0.040599286405881355,0.10002428187731044,0.3813587290427398,0.13934576859143852,0.12629796801653537,0.05180671637497695,0.045194347539240676,0.0783073287029869
3,2.382526083593338,0.09748213911384987,0.06267064771587778,0.11756347209842684,0.4344468513840764,0.08638830438979096,0.10839271759070482,0.053464024790878265,0.10216573046836869,0.06477673316067933
1,1.5295386063013838,0.13732312571690955,0.032849930719968744,0.05482432083205822,0.39871554639070445,0.08544302821180698,0.12320254317393897,0.04692975470727936,0.0642939960507919,0.035185653222371986
2,1.610632493540755,0.10357382151933572,0.039013545965561544,0.07413321417526544,0.25830026116994637,0.09760253809731173,0.08929023388268409,0.05647161092878265,0.06774237318666247,0.0722407352434534
3,1.3363057307659671,0.12206957427037782,0.016812761714400767,0.07562054218947392,0.45997880275803393,0.17209269700535165,0.07898948221017736,0.027116648649801383,0.047929183452717,0.1160979741526873
1,0.4974543856903755,0.1011372318532579,0.05266187764386937,0.13573525883971105,0.47489682424228424,0.14775984361403774,0.09432928717591828,0.04126670007935854,0.054829601232713486,0.030771631587948996
2,1.7120886796779877,0.10447787896290436,0.10113028666710511,0.09312828165828677,0.3548193989752103,0.11537194403115786,0.07251219034789531,0.045918612248946306,0.1023355511837431,0.06165786510243729
3,1.4934734279423376,0.10519140121664561,0.04117677243399811,0.11856131897017852,0.6522261777274809,0.1239546819334569,0.0961682415492475,0.04229707236668048,0.08453119455731659,0.08809738077298422
1,1.824834877484556,0.12570758086027226,0.028063122024873086,0.07986826904076186,0.3041747955535157,0.1252460888459317,0.11383917811844349,0.03263472419306984,0.07263921948637038,0.1195399649173875
2,1.2099107086758132,0.1502051152190053,0.012344939979371312,0.09073619517069603,0.37519799019876476,0.11317479558732257,0.10528411522438706,0.05820479649801279,0.1306423977436143,0.11601146703215845
3,1.445610233903827,0.0839821305289429,0.07666766408279299,0.1362033591220706,0.38325380409871157,0.15078229678253757,0.039625272301091544,0.020414193308688572,0.06703772790147841,0.10113501849377564
1,1.1233206764226684,0.14945277171657628,0.09333480553960583,0.13730630136803812,0.3107321080030056,0.11030010052176675,0.04343065441148056,0.057957774313609406,0.0784618366402469,0.11931632785081428
2,1.8634219013795124,0.13287417995372713,0.01786913022806503,0.12548007799898786,0.3466062991005827,0.13208482020400525,0.12045776381648923,0.04105681927342518,0.05459373496567149,0.06495314048284127
3,2.444310585811378,0.0891917874264774,0.0455467895481253,0.14486368078212855,0.19480372881179442,0.17089663641661867,0.03635026154327603,0.03443101099016889,0.06481805388835454,0.08934276269629306
1,0.37866411033110425,0.11492300295322612,0.0339344323128265,0.03428026040820967,0.26551764959442004,0.13506502837360784,0.10389161745150932,0.03466491757059994,0.04482334465689588,0.0670125952489431
2,1.429286575680286,0.12208221141181014,0.01826642727922154,0.14516464942309004,0.6046525004672059,0.17996040859341716,0.08043395489140896,0.055178950639389844,0.03474612623879547,0.09276193314299468
3,0.521403771762964,0.13312505683591266,0.038638660951733156,0.08928188658759591,0.26606292435183676,0.15212461978359731,0.09400112237259249,0.09131852851094868,0.07460665671842524,0.12696559804410137
1,1.926306614215947,0.1325875973754137,0.047214428451751146,0.0874253076528316,0.5298564519473635,0.11846234391527256,0.07637413687855604,0.041962554888709216,0.07912573786184114,0.06736669276225521
2,1.2215554372024822,0.14445630315814684,0.03612362432241097,0.09971988582661764,0.39362934144307515,0.1362727074317101,0.10988613500715193,0.06302621581241452,0.07415621348675498,0.05874770305739806
3,1.7928560249390484,0.10299998592244752,0.03225468896528629,0.13263742742608736,0.35630264178591403,0.17974030045758985,0.03927854308187485,0.049575935732175794,0.09690739264947228,0.05054879234745935
1,1.0484484575950455,0.15793540351547558,0.013560348234374277,0.04939486428537314,0.18292360442166544,0.10807971079481081,0.04072758650300672,0.07384156835556846,0.07296130104944691,0.07141685492331558
2,1.2269132810552297,0.11642237877469634,0.029018944627392965,0.13294924553118415,0.3658230189692946,0.1268685801198468,0.12301089746678201,0.047884191391149925,0.06692941731535142,0.033250888602328436
3,0.6265201204257017,0.09004980883607717,0.03775758794158001,0.12071445649653116,0.32512304453168656,0.10899795937713982,0.04791572221164295,0.0481341920465466,0.045964649276820924,0.08420362655100391
1,0.7185611458707671,0.0881646805053769,0.0787080071130517,0.09837868380284115,0.43016738741957505,0.10395191899801424,0.12433972214161162,0.06819250832942594,0.1222380268305498,0.10124875715800744
2,1.0824500810538056,0.11088571465342517,0.028454717068531095,0.0918619583308686,0.5812680466447729,0.15159755142749343,0.10417985171237518,0.0447514596395967,0.07971899992497873,0.11695064081638526
3,1.450033664965947,0.09324531541199116,0.023899358309609854,0.08111428868917891,0.34055624304937265,0.12497463742555388,0.05913161765051801,0.06715156261887956,0.0803447368983617,0.07885744844994179
1,1.5519120502081438,0.13412075073760782,0.057918838035086524,0.15822105222840063,0.42729726909379534,0.19223449284585742,0.0662642906645461,0.07420167957879492,0.0254336002705396,0.07172744095486633
2,0.7796010260242213,0.10468466299476535,0.05696041535896864,0.12667304151702366,0.41262533938448825,0.14963553947734018,0.06532950053333267,0.050028597749451884,0.07288064358647676,0.1014588422976247
3,0.8498338937509012,0.14835999858189175,0.09014435523414227,0.10035451658214567,0.3086521898259771,0.13639617352320008,0.0793246647914473,0.07872335903180487,0.09212972933775035,0.10582836805738108
1,1.04500035314702,0.13403159693897118,0.06311447308985889,0.1318515834946498,0.37389901112822693,0.14403944260087528,0.09321118428962183,0.06238646958698327,0.07979012538296171,0.07925982653085029
2,0.8026503033097845,0.10275388645215174,0.03702708761353602,0.15588529440080756,0.4174494525426939,0.1415917931920795,0.07655906289695473,0.031135687053233854,0.07348770006234008,0.12848151644999037
3,1.4880310387517308,0.13680448865238565,0.020829606541362452,0.08881947473836507,0.40039091216111317,0.14997247080377968,0.07781930894689931,0.05667677420345392,0.0549878530407467,0.047873432278250944
1,1.5064725113927793,0.10005096667169183,0.05522183294433302,0.14677662177082135,0.34343425333123895,0.09953530298624619,0.08803451654420541,0.07814993874892631,0.05058643368189292,0.09414793625609678
2,0.647175320766271,0.13070327241959284,0.051667266794243494,0.06087509149402589,0.385076093111643,0.12877957997766873,0.06911452755083995,0.044935706772858706,0.08828234879169905,0.11717339850464065
3,2.307163033342568,0.15281514600999904,0.04233425184612171,0.12305012190950138,0.33967120665249895,0.15503932652193084,0.0747413266329584,0.05974460503696263,0.07549208539367921,0.07667977552846877
1,1.4696594421398148,0.1094839729568234,0.015281183318562534,0.07240461073237495,0.3772938937399493,0.17545379330950875,0.11589515105098656,0.04841292703146411,0.11449944500476084,0.1201241884350874
2,0.33061150630418346,0.0948006699738751,0.060753287100268366,0.08103828446935149,0.27723193106517063,0.11912684598602764,0.07594876467121896,0.0617544744606619,0.0787189309389424,0.08998135060898661
3,2.0935444632913853,0.119769390674421,0.08348346336352436,0.09401184178234823,0.2987803469628003,0.1648110634290674,0.13398843285939152,0.02228399316303849,0.06600030324677236,0.13520961842416188
1,1.943849518852222,0.12637680155501094,0.052038724080904056,0.07966412429980663,0.2304719876762773,0.061361917624181,0.059155478753605,0.04097787592251125,0.09038435557395133,0.11150848147978756
2,0.4979938270440608,0.1128692716451708,0.02817983514772622,0.09252739104444695,0.46731481662233954,0.08021342751841337,0.06597558405162687,0.04331736322701385,0.039990677993509444,0.04021907925777281
3,2.117394545388872,0.11009673687629914,0.054192405867412065,0.11664871917686391,0.24962520674115055,0.13615413570593188,0.040252720307458474,0.08266999923530144,0.09404048858326342,0.06356054858987559
1,1.1613816396072967,0.11804162534221156,0.0306400440861454,0.04463689599670005,0.5096131429039722,0.10833840725012682,0.11365450815584122,0.03835730166299831,0.10284558692428222,0.052817001440686934
2,0.5050542619679896,0.09933782137926343,0.0666356589745762,0.1219610761963905,0.4150547756799142,0.14639428493879514,0.05790667784516747,0.04551299309298486,0.022265655172647218,0.11048456464873077
3,0.7490979104035062,0.0966015521771958,0.05747472822996749,0.0745133495832704,0.3380817773426703,0.12459781214042234,0.11646922452957738,0.05755882718599778,0.09452932278587858,0.09171756779449175
1,1.3938803205148822,0.12061609894367725,0.05650123113679839,0.09731735384572794,0.32803685049280107,0.05936157512468242,0.06853137102951053,0.04676415083620158,0.0816116924238162,0.05077128628989483
2,1.913057538175853,0.10158083691297123,0.113320695383557,0.1192088943749692,0.38017065555341145,0.08583864113874722,0.0641381354122125,0.05390802107827757,0.05827768623941542,0.0913921946903228
3,0.9116727522864778,0.13912157130115094,0.03449641629926616,0.16199967453592037,0.4477862352065129,0.09246560121616043,0.0794404492336779,0.06624741902610219,0.09714000536295307,0.04804616197055189
1,0.9739546774048269,0.14301262038009083,0.03695145704017404,0.09951898845368276,0.3238938086113693,0.09750761826269161,0.05580239963626038,0.03888660243452762,0.07227618030781792,0.051216675031331746
2,1.3790365427998843,0.1129386244536803,0.048984454629978226,0.0924492970434605,0.2878429123003794,0.16763147628122776,0.10227480570120985,0.027431668639636777,0.06683019809084535,0.09113418928724729
3,0.3247232389401943,0.09019425818309981,0.01811549901133432,0.0531734946812677,0.5100274692525414,0.1279351533117704,0.08951081942100438,0.07528425514823206,0.0768620664438205,0.08174676754180779
1,1.443161170441354,0.0957030950061982,0.043446662289031386,0.07107531444675237,0.36348195435650255,0.1434803485283801,0.053998977840475956,0.05878199390993226,0.06698378208557396,0.09121527546012005
2,0.9162884494048412,0.16240201790418518,0.06264869096238211,0.05303449620129799,0.44466384316613916,0.13095485469703183,0.09796267569388928,0.03693925111012418,0.08909899900895292,0.07066918089781063
3,0.6876295384449138,0.104323291442505,0.05382552203003909,0.058044315985530816,0.5458394381589703,0.08825005499719141,0.12428706329221499,0.03699989381558261,0.08101380233075053,0.04255177645337121
1,0.617554661645521,0.12072671141510907,0.05616398824658786,0.09333211678127622,0.5312191706121769,0.09547835168960887,0.08873044336697478,0.025816220018015992,0.07279020590261784,0.1014646619809304
2,1.4240050321852724,0.10087768153846385,0.059578709982704856,0.12300229989537464,0.45484007917743424,0.11891477219111264,0.0811806267466049,0.055480621126412416,0.0717271322065585,0.0911735697330835
3,1.6098733155980798,0.11123717205277317,0.01426707914815429,0.14824690534317425,0.2548148924197609,0.12643112078589022,0.08381944803893421,0.06178200032748876,0.10346577923973715,0.05910265544676478
1,0.9700145062731466,0.10270704637959191,0.11477102132892184,0.10208470091310527,0.48663714446364303,0.09978818778989199,0.10695411047069121,0.0560463864310141,0.07572229705539107,0.06886196936598797
2,0.98994948483644,0.06368731832348756,0.05706784687158203,0.07201306153058394,0.22542154419973626,0.09752964921860141,0.06676571011640482,0.07374259025669033,0.05928533916149607,0.07000016897141736
3,1.5844047975190494,0.1021319895255692,0.054413154897370135,0.1161335230564394,0.2226882323649961,0.11339987605876531,0.08397868915552746,0.057807987422066415,0.06626082234817789,0.08804373220483555
1,0.6116359358111493,0.1343201621039181,0.025179431481248214,0.09056808451795641,0.4387440277517469,0.11285406817676416,0.06260205470999741,0.05741833749945956,0.06616061057078398,0.10822896352844677
2,1.5696055627862726,0.10871614589735346,0.03590539474731499,0.07718936197863595,0.41106083627942513,0.09666183161934028,0.08316738267786934,0.04750326458325737,0.07076705490508689,0.08932066575502054
3,0.6330561442353075,0.11133770432848364,0.044064965837672915,0.08635469431051877,0.485025576223216,0.12482578768720781,0.1193844548542026,0.05837716421146063,0.11898083539521936,0.07897260639649477
1,1.589302755648742,0.11551546982373098,0.07841405323803988,0.07619776161350122,0.3291927330240779,0.0869277053730583,0.12360328880922741,0.033280794945128034,0.11165132631183623,0.04719401408470312
2,1.317365349232376,0.12071887879731132,0.07495721185017708,0.04774969318193549,0.4033729382607854,0.11593999573626468,0.044052347166680085,0.04484862899134634,0.0681802771624282,0.09913147498313371
3,0.22373092291383712,0.12743299686284962,0.03934925452713741,0.1481318896916048,0.4720265626323087,0.11237167868893143,0.10724227746557224,0.045052811689026376,0.05595844724588071,0.09649718169201497
1,0.39225456435470685,0.11104510183477267,0.07521604648394495,0.057712985615144104,0.2641353980926485,0.10615122364009995,0.07978242311754097,0.0229514660232081,0.054896878320531584,0.09215193099751681
2,1.3228749735824883,0.09934311897727502,0.017456468213948813,0.08289117776884569,0.372629248840024,0.11239238380995799,0.0783089161002,0.03429842173325781,0.07675201463333364,0.07050589824857578
3,1.2005659233309605,0.0785804388464775,0.06314695338454629,0.09144133039248992,0.31612096207072715,0.12136153799282016,0.047976703248039806,0.04113428939332375,0.0740463370703939,0.07600347656287443
1,0.9948839584537074,0.12950752424718004,0.05078931724366218,0.1450386517219795,0.34294475202804015,0.1058247319417375,0.054413855148901964,0.03874315017534612,0.0916102808403181,0.09083903290807442
2,1.345419799873098,0.14865872033183403,0.0926544886751361,0.16725911877207447,0.1929429416474133,0.15430112101801643,0.05679251260435743,0.06711347216890234,0.05372651891956251,0.07347482839770429
3,0.24046402715582893,0.15866932894392866,0.04519651406367555,0.08722553846795664,0.2955938227060882,0.1470460119070014,0.1045609872198189,0.019267735659065376,0.09785088188964539,0.0738558325119964
1,0.9200992990322355,0.1107787877535468,0.03659437949076674,0.11247804957947895,0.3887932416042766,0.13969596130155856,0.04771356694331218,0.058016313421634956,0.0839951299376509,0.0763175669670418
2,1.1007399344207682,0.10083223980221581,0.01991370865443492,0.03440608701498685,0.29470389451317086,0.16027895946269774,0.09854016160694112,0.03395773524537417,0.06519051128326325,0.11879735805959299
3,2.2565068118779488,0.06751583720896008,0.08383038738535628,0.1338039452388978,0.33221619808423175,0.07962352160565336,0.05392287897627904,0.022532479387910906,0.05471977114897394,0.09970896368468803
1,2.0559571436679542,0.10302005389335223,0.07192062356831061,0.11028720182024519,0.35993594264685225,0.14743941918917974,0.03736158110216897,0.03093200497180967,0.05240988433258652,0.08962560926150563
2,1.2975378547827894,0.15886675468641942,0.04478923016311909,0.15567080722971857,0.5075150292566972,0.14581610237123308,0.08694296261723468,0.03236336329746464,0.02245293714167603,0.056354010079317146
3,1.3360526179840948,0.11902638276093346,0.0864056955705865,0.1043944362286704,0.21755228697790494,0.1252078890125283,0.05812752747930318,0.04289349523080141,0.04178670428670274,0.060699648728103864
1,1.9266817279320945,0.09446045072069878,0.08030199033101523,0.14425688350805432,0.28825952656729636,0.09995413435728341,0.051279743984992764,0.033514304610193245,0.12480171662733477,0.08702657088663256
2,1.424346136219092,0.08633955858299937,0.07112224413128547,0.1283669467767085,0.4189173678839522,0.16029650975376178,0.09460358639464547,0.05599308283723603,0.04431917474361038,0.09939691045217694
3,1.8344836788464278,0.15417662446784602,0.03507815056877622,0.1552304288734134,0.447819688639137,0.17606997826693108,0.05463059805897893,0.030439901107619172,0.04945894134563577,0.04629102378277823
1,0.18484808901465133,0.11736704075574542,0.02406405727176571,0.04268003361193626,0.2352597365501251,0.12429368419148319,0.08812276675834617,0.06758868719325786,0.06679545863733488,0.10290103341481605
2,1.3174048841483643,0.15901081326374455,0.011164997808648179,0.14773915140703467,0.3580608877745937,0.09908913481504622,0.07590478797910971,0.08457016774210521,0.04767011424098391,0.07542011858585579
3,1.128400507188265,0.1125441631174645,0.05618193030982801,0.08599174541252476,0.5431361136673825,0.09739022292070254,0.048074229602838296,0.059699085507648984,0.06466057556463455,0.09691007392761776
1,1.3230677779486306,0.1501165638169109,0.0368988757078651,0.0823098295001605,0.3584443949386689,0.19791563769444165,0.0896754061861571,0.04555087902213542,0.07155702229594599,0.1213845277117663
2,0.730383751483578,0.12340085084521302,0.04162814620425397,0.11182069710678963,0.29873274298981745,0.1203189217881716,0.10999405904614014,0.056513881756024564,0.0810111991583237,0.04744160791465978
3,1.2129196737043106,0.0922265736411326,0.03640445141150244,0.11194145196699262,0.40982936447471463,0.07131543847929833,0.08915801325425955,0.07656695078798681,0.08223107786035853,0.07933873435945003
1,0.9894563551202662,0.0978672887529743,0.04078453366987482,0.06048339763069551,0.37982576467606394,0.1645207147834961,0.09502498553528489,0.05978943487907738,0.10252570270457842,0.07372468604142403
2,1.4265191956803467,0.10257944419703935,0.04910249646913112,0.12220707077360285,0.3830136596746334,0.13155880901323747,0.11790064351825433,0.07752078190112434,0.07722462051296398,0.11681796498131017
3,0.38604440372078397,0.12700579273955828,0.11142575598349364,0.11175641791552145,0.38433790606012475,0.1360696002355098,0.031837911739266714,0.05912236052248985,0.020862802144300696,0.10395400921633914
1,0.9930276017416825,0.14439814653904626,0.05915327652855752,0.06944964134333068,0.5672293437578593,0.10859028900536158,0.08055135242213662,0.0348953088488263,0.03503080387451721,0.09830482729050674
2,1.1695057234270148,0.11393301624691106,0.056080044310806716,0.053375409630479896,0.30027092292547053,0.15518419435516317,0.07005739537138231,0.06660424714535262,0.07418352237659546,0.07343838424831613
3,1.5544555174213728,0.09796413091320749,0.08018883070145916,0.08038807402072518,0.3285513445938473,0.1478922183516812,0.0567952253352544,0.03533874096758015,0.05378804484639115,0.14554139928583482
1,1.0707076694381552,0.14818630203651095,0.033134649155859466,0.13851282823853814,0.2857237275240915,0.18906808887802523,0.1157213412493647,0.05172717805911878,0.07706791575566081,0.03284000156977445
2,0.9009724992118311,0.12913310492509522,0.06683912086801148,0.11450935583283373,0.4959877528053729,0.11041171894051204,0.100335361524453,0.06962068642424529,0.07807455591624987,0.1250331320477093
3,0.9820109326426946,0.10975838031470456,0.055333087844844794,0.10740937789107122,0.2920208841438632,0.09068003687069402,0.05822280606583778,0.07110623641935612,0.053593810703696974,0.11396140998288935
1,0.7159875675199454,0.1142066688511778,0.027461364074461234,0.10371238753775865,0.47018155343982504,0.14272398366673647,0.04017339962451855,0.022340064583302694,0.04566876708011765,0.07710822434591642
2,1.259018947256421,0.15477144735046522,0.03520669346290403,0.0898981446727654,0.23010161913823454,0.1840004596157157,0.10887232894682344,0.04908766868565866,0.027668608920709298,0.12263180797785596
3,0.8466034927511557,0.11743543538839198,0.03202377659512375,0.10939297186833047,0.3563737182938435,0.12687685633946966,0.08561999818021201,0.05631808787475724,0.09403601147317313,0.09401490225435545
1,1.5396125578106852,0.10058966566106597,0.042628447302253146,0.08393754806116133,0.2744090532843154,0.1765924095992132,0.06939676861776253,0.07621660672167531,0.05283148489775187,0.06462841274497336
2,1.0303378360704607,0.09950862164441504,0.04678715143415908,0.11127669863526592,0.3549041058290838,0.13770911538757877,0.08010109728952801,0.07170748315200079,0.05858532972353512,0.08180311097108284
3,0.4192142909545463,0.10613788005849425,0.04798879138997261,0.11624055077449674,0.5384122795625177,0.16002263352089316,0.08212468062859668,0.05315483202253465,0.08811491355192555,0.08090401770388836
1,2.428987149227755,0.12371712439725414,0.055417228427571914,0.13441863417806726,0.5586709490998785,0.13980669609111712,0.11304375343448095,0.04916070922719767,0.05381474543308653,0.07405451502643165
2,1.6913208172001815,0.15408655693246556,0.03781112519417652,0.06402960206056994,0.34094287744733814,0.1529003539830393,0.03835915909303261,0.04207418528208116,0.056965001365337734,0.06578876221279155
3,0.3553874611234029,0.08255077320589167,0.02412092844106104,0.08837002668337929,0.4550451386349501,0.14752563574811814,0.08476387967243797,0.033507337299130614,0.06655012915931006,0.16816125374060514
1,1.0395274885400807,0.08408342428590503,0.05757495542260901,0.09917021473237429,0.3702921385568623,0.09047929971580801,0.1172016391222842,0.04575167566169639,0.06182647132887285,0.046876720903676956
2,1.6298612130715164,0.11582076204913332,0.08185675897517328,0.05833852811795778,0.3669262173663741,0.10443469788970314,0.06931071168301019,0.05729570757668814,0.03128265635753713,0.08444564445947181
3,1.2239564748753078,0.10118495737563295,0.07907293469640778,0.1494675211269541,0.5314808975029846,0.16983159569068906,0.0694852748494853,0.06729664807817268,0.028122505467995412,0.07251532345031597
1,1.4309183354278563,0.080359381979172,0.06988039770950065,0.10377715180939509,0.17724810669034358,0.09105467812283088,0.07300258399938517,0.05852571947588865,0.1359011286733704,0.13126872011423985
2,0.2475366769801588,0.10559482377363584,0.028400897984639083,0.10676247046444516,0.3636376743012819,0.06206704312425401,0.064744610044458,0.0516185898454437,0.06660957434695358,0.12871162275941092
3,0.6255547980779985,0.09293250473713845,0.07741323107216931,0.11982820926066896,0.25155399716377314,0.15466073985340476,0.08449306062076302,0.04644102135418648,0.05077559338429707,0.07810449042624787
1,1.4579206888365226,0.09904984287784725,0.07727301529195771,0.07613378879402541,0.4802444489134776,0.1519745199848334,0.08308328994675653,0.06904634628792083,0.06234117690446138,0.11019982185764385
2,0.5736600544138464,0.08959900947512672,0.11061260794437372,0.10907634759951329,0.4379022444358264,0.11741838927023372,0.13240590508568828,0.05040784192018661,0.08330995424913896,0.051113191341953856
3,1.129634585867927,0.12373002179408416,0.049726636819741855,0.10468764496037779,0.5297287697113617,0.059846570361989954,0.07581178477110954,0.05935265814199954,0.08571266780169937,0.0606025055416725
1,1.8280047315888013,0.15029210276567567,0.06335813848288104,0.11608805027665056,0.4489478164425813,0.1402885286425781,0.06657226529229204,0.04656393872529149,0.10567046324578591,0.10255433232416464
2,0.7578765048199941,0.1677065205338764,0.11000477842400441,0.035961549254879904,0.2994529149318936,0.12086385725967633,0.08579982627970995,0.03273279077228961,0.07959866148821788,0.057136015654391914
3,1.6659482161079262,0.08757901135784545,0.09090477057458668,0.099681404085632,0.37571220076834355,0.14147842044720124,0.051902220548519895,0.049107391743502246,0.0835250078773234,0.07354242986642086
1,1.267157943089086,0.1297678680353546,0.060683923983801936,0.12814928127690625,0.428575990157781,0.10332290818918474,0.0928981148055574,0.05304192194903894,0.08636905181191303,0.13264784182645267
2,1.8174653063043436,0.08348052679317898,0.0598008868039979,0.08115018214296658,0.33281309527737957,0.15015509361914567,0.0964596636295211,0.0831231999247935,0.07505621101681927,0.056138394509516874
3,1.6114657960863112,0.08963884894050853,0.04463465864532693,0.09683770004182922,0.3883706474179144,0.11202565769070533,0.08733065285739323,0.07172667944893389,0.06971302437627493,0.03846868209898209
1,0.8264126969492186,0.09112282840431074,0.0222309053297229,0.11642831025364177,0.3298984251220085,0.12008890081437867,0.0813921185661975,0.030004368465683984,0.05838353488002178,0.06726925258514899
2,1.40271773461905,0.1508473375731238,0.03792809788730992,0.12175947515942238,0.4434474422082417,0.08700678030908031,0.050840592588032724,0.05405370376202249,0.05868003450947887,0.08724674981216612
3,0.6411006156207842,0.06341381625586112,0.01646857588170636,0.1704090264310028,0.37684591598911416,0.16330308754080933,0.10911403251265624,0.028144886554514123,0.06820481978930461,0.09491237860982632
1,0.8365399438803937,0.08808335352957955,0.04818324311349113,0.0878060265249972,0.5782970263056657,0.14934735976138397,0.10713516893614587,0.036315515856436366,0.08162134807413887,0.11418007351532389
2,2.0351628759522433,0.09527691334246391,0.0783193694602855,0.08155631636051348,0.529887258210774,0.13205327007540996,0.08376986163870562,0.056362253425633835,0.06353752429875309,0.11886457985704539
3,1.1309158652759312,0.11658407427742132,0.05804761475324072,0.08505277639902659,0.3095546137793592,0.12314080390225259,0.0806422779582434,0.05540036682531639,0.055249520815255214,0.08114931100201485
1,1.5385984078241417,0.11015636137397976,0.060307997040064204,0.07599050187573746,0.280562957279898,0.17322818355353942,0.1068139619077643,0.057633294195486365,0.05611182726514103,0.12004059719912069
2,1.5057241215378179,0.12102535998420821,0.043942029959868886,0.14522152205824188,0.33564165737720786,0.12484193528825738,0.08552380745671347,0.05461525097025168,0.06110285749705157,0.08745917508641855
3,1.398683381194937,0.15767603111462247,0.13407498471949225,0.09843622229752066,0.20974322549563762,0.099638840252132,0.10744505543011955,0.06987142785572378,0.07725341124297799,0.056594295242873814
1,1.607727434207029,0.10452265623709694,0.03712347718181394,0.1451731812682837,0.4324380063486779,0.1323774300935185,0.05045572253014948,0.05882344516048861,0.07491416537877985,0.0974122715558618
2,0.5469974297923994,0.14858092980227897,0.02593129890281942,0.0543287095546193,0.28460231316606954,0.09183242309689685,0.04330538100565881,0.07259734626121145,0.07099777967824354,0.14736712012883585
3,1.400466687310911,0.10983797448421215,0.053963357900709163,0.12205936776389048,0.32670586104081456,0.13485014212390942,0.10989259323877938,0.0486554042171246,0.04960272047538493,0.10338212150401627
1,0.7862500037508431,0.09432378784541466,0.023798814279953992,0.11612487914248765,0.5417482319157525,0.1513754373325591,0.03380795395904562,0.043884349940161035,0.022759475238617405,0.046905034621989646
2,0.7596450915067066,0.11276658920651152,0.01273040393725456,0.06949838872556492,0.4449971854147486,0.09173015375256653,0.07020954800631835,0.06617645680551952,0.08105771303913767,0.03381978008380517
3,0.9858308974567528,0.15462422974237597,0.06718453856906748,0.13953813103496937,0.4225069298293836,0.13812186662199052,0.03467747089959192,0.08938474153061374,0.08949127342474375,0.08682145985159709
1,2.368539405914742,0.10435236390974399,0.06715047881829217,0.09858504084891952,0.3247676062014302,0.0925805773412422,0.07460235314237738,0.03007086114150624,0.12146734628604797,0.08359935579872871
2,1.7471710971962142,0.12312812433497175,0.03319956375759288,0.08457540875669109,0.44944119361510365,0.10372978679655792,0.09263711903487476,0.043833726831565056,0.05086806874414447,0.0973611417739808
3,2.198832254739533,0.1002871686755451,0.02921223585352852,0.08046400840847408,0.4864106041286536,0.135718363962694,0.049330481273803295,0.07843346695496221,0.06018533796013556,0.07416660701614139
1,1.560048278541661,0.08111547240161134,0.05211019260707071,0.08110874716333369,0.4247454894846794,0.12138325515648947,0.04573952778994408,0.07971395565306194,0.06908776953332557,0.04335834231951347
2,1.8401241580351093,0.09602704205617987,0.03195924647022405,0.16423038887469593,0.4987370015171973,0.12748603690120683,0.05993136916285073,0.02402480156480726,0.05607560377720604,0.0888089471735712
3,0.9941984315140013,0.1389507726934224,0.06813383741936083,0.1692914751328422,0.46171367850186584,0.0913271187095352,0.06872001673597003,0.05564875834986131,0.08353053471179092,0.04249444483714626
1,2.4180288922675315,0.10476856698420894,0.04520003542054671,0.12017986695826874,0.5050643660818748,0.0757415156461747,0.09821098120712149,0.032456407254785366,0.06311019108860455,0.06431508495797156
2,1.0810058351834937,0.09882152546818175,0.03238453636467805,0.09213630108686927,0.37721008093018926,0.1752324988096707,0.09730404622370846,0.06165647425252435,0.08488916502702423,0.11146091795532709
3,1.5842843802584086,0.0632818636244474,0.031298373974335464,0.07878754817299805,0.5274128936726782,0.12067669651514082,0.09203236787479126,0.03764366908229346,0.04540136824480505,0.12644307630530555
1,1.0137059050180008,0.12851219027247657,0.026993049440762956,0.09575894845476228,0.4290641194406192,0.09021288790462399,0.09487468449489861,0.04200477318752208,0.11102815138554128,0.10816607075284827
2,1.1232049266322033,0.103052416711399,0.035490837278710066,0.1468916939972908,0.28623575827453557,0.14799918372655707,0.14539573855820287,0.06701925005086966,0.09494341712708403,0.03206052933417425
3,1.6461737400591006,0.08700875791620843,0.08893653988061155,0.11729488654484069,0.4730342252373139,0.1085742472763238,0.10776120648777605,0.024010542442298843,0.06151498067327582,0.061483244594824404
1,1.1653806813965137,0.0637700917185664,0.09020732432710812,0.1307574059495095,0.30723092829069637,0.12780153118239818,0.04822520755927495,0.050738348995401195,0.04484002730273581,0.037339532804240405
2,1.938328261176002,0.11355871898117863,0.043615043340460326,0.1470372362837459,0.5379585598924117,0.13173845572381437,0.08519111510207587,0.03361100669739739,0.07156333339284042,0.10014571154384738
3,1.9962812752466839,0.07387048877650484,0.04096503060831963,0.1124636800904277,0.4448736373058504,0.10074075308570402,0.057671439414499516,0.05681391141007127,0.0582299127451422,0.0807833458381229
1,1.4654258508514528,0.0966779607221655,0.04317051279542308,0.05673519049700532,0.2635633840477356,0.15127439175834456,0.07715251910323138,0.05972478347190588,0.05358237521392782,0.08915003841433951
2,1.7127145074344023,0.11851872042295036,0.024624641114105204,0.12740440370869216,0.36276248086850665,0.09890821047048899,0.04664842144102225,0.06781855381434344,0.059205225469407506,0.07967709749103939
3,1.365998924960533,0.07737620309785229,0.012604847618236104,0.08724039990353626,0.5692849557240475,0.11836470028317822,0.09518939688519046,0.07904547242574692,0.07383158495352732,0.04205847452767127
1,0.2362952460586234,0.10982657322037705,0.07958287149164066,0.06725856565406135,0.5116008399121854,0.11455714396046268,0.10690016205934887,0.02922979960712996,0.08909652007090987,0.07670435760914353
2,1.8513366589855853,0.20781568673011397,0.06409751627008159,0.051752651369001874,0.565562553845977,0.15493440270721826,0.051320569791394696,0.06775428279155042,0.08804006797294896,0.03743564001261734
3,1.6467204329626242,0.13738759120058042,0.0678300465936379,0.11188719241130071,0.3921142225165002,0.08837784996837611,0.09144433685971103,0.06057421632767782,0.11635839136825954,0.1125502477156479
1,1.4606157361840606,0.08880448679898827,0.09095749999475368,0.13286744604144934,0.33153442812196615,0.15130151610632536,0.050879506408807236,0.04016401385864822,0.09602344045940135,0.05529531276944111
2,2.248761944721222,0.1275593808911511,0.052676849128078324,0.1034426967571675,0.45740487164362387,0.1437443732714331,0.09724786113377751,0.05242444888053437,0.06124671478603967,0.04506279920190975
3,1.1019913411898932,0.12278769367493395,0.026141035807994335,0.03954294223802909,0.31266902613923353,0.1426608602712666,0.10146555092741735,0.08002123676764472,0.08953735801029836,0.05275081964483373
1,1.804064145899351,0.15200324204266824,0.06799560714238889,0.08137472473539377,0.42135416381895296,0.12207002567000767,0.07470783333609968,0.0690911422729589,0.049243580862707706,0.09286825201533774
2,1.3082317741319858,0.09815892789551575,0.055305542627055365,0.14547290395251428,0.3861418827383649,0.13459078219871135,0.11926975483427925,0.053982982567739285,0.05718159598100604,0.07986246214781242
3,1.6444935488691106,0.11396409269747933,0.07361230305497045,0.07336471933588058,0.30776688760473614,0.1589762663046655,0.06898574872651796,0.033412880941468895,0.0941523600895796,0.04296066485308864
1,0.9926593980704608,0.11199928677842388,0.019431372789079325,0.10062757305957484,0.3257009682836102,0.13213787157763102,0.06312791907970744,0.019502352746090353,0.08112598552665791,0.0780243295047222
2,1.1492862429093766,0.14955717041486433,0.0534859199342796,0.12631488381704484,0.5273661869152062,0.12640394237679028,0.1448320170696688,0.06707072883848962,0.05165754583582928,0.08167022542382428
3,1.2350329416118628,0.11452756073981903,0.04813893322888656,0.10470708866403043,0.5062233889137392,0.20203328558901185,0.0711107403157285,0.03940507575330069,0.06698546279762031,0.09468800920092119
1,0.7385995859596082,0.13877903630938485,0.020850431548171827,0.1350143450454018,0.3530318723737058,0.08617284139042597,0.07314491134208259,0.059119813240078006,0.06676699439719051,0.0987696541278405
2,1.805702886356666,0.1198421059057194,0.031288308486163416,0.08250063093791024,0.4325207016531139,0.16930123480176126,0.08964185934532766,0.04066661771727676,0.05759472520923067,0.1326183231500912
3,1.208097483179917,0.1051607461350421,0.07571055278486613,0.06850020072727211,0.5580482397629842,0.14387489420285474,0.04528396614222826,0.06919784934916556,0.08076293514443961,0.10384856288263608
1,1.575819542907245,0.1035639723389266,0.029192212129673042,0.07073723202429372,0.47125836161777424,0.10693875131924512,0.060042304207502034,0.0801811282490509,0.0719558104954157,0.07570509570178384
2,1.360263298886798,0.1396581898918952,0.10322308544633935,0.08719875514739438,0.36686481272572835,0.08668322390947575,0.08306837614300056,0.05584281807478928,0.07498230312165521,0.11553251914913731
3,1.5782187949986868,0.16989841252719817,0.03468577303154619,0.06065893239288236,0.30565291332371924,0.1314824101780914,0.08865493289699597,0.06697188821899538,0.09001578409836607,0.12052569017611975
1,0.9340267460830668,0.09677694708902944,0.09804704884486462,0.18062404252387576,0.3272906684659006,0.15907866060102138,0.060520912918733544,0.0551452694031893,0.06907287396435659,0.04168132299271376
2,1.1483994879067865,0.15324144890819835,0.05094479197906074,0.05973057622721889,0.3190504395949834,0.09651846535146345,0.05818805858481724,0.05556397534401564,0.05062018529825117,0.07498795282406404
3,0.3080514390930065,0.12630249597357807,0.01654130948661212,0.07624537010167225,0.32430611527636294,0.124296294218099,0.07899588960401485,0.031260084143428235,0.07045975494048354,0.096169178731416
1,1.8070769725272304,0.15498194084069053,0.021203079367668513,0.10089329794504971,0.5695114812976065,0.08849212099567619,0.10327434793808453,0.03421138075907713,0.06968945167657507,0.06343110752667587
2,0.543604091081674,0.12035022662294902,0.02787173208515492,0.043496629003040584,0.33799351721754983,0.10275413274340231,0.0959610757595541,0.05242292204724858,0.03815505664221418,0.09040435570352341
3,1.2300225383063788,0.12167612395656645,0.042534315340122954,0.12206221964281637,0.4914840229808088,0.1662670208895349,0.09876471650112138,0.05423443741747847,0.04732331194529783,0.09143864091888965
1,1.4924620975562508,0.08268036337280772,0.05826361241749987,0.10071291894057556,0.3030968602265083,0.09261218544750709,0.056268472414947576,0.042563033301148426,0.05685462788489099,0.05584825444048985
2,0.6304537034770412,0.0973573665827095,0.042443362841034414,0.11169719119558368,0.2694958543187361,0.14150911692395132,0.10647810458369653,0.021280376680752198,0.09716239335422434,0.07037135282989099
3,1.1905756263329779,0.09122928725134084,0.02389468965523249,0.0955659120588863,0.3879803046552737,0.12303643571472357,0.057859962251823736,0.026545066446718543,0.10332979535866449,0.1152580520710545
1,2.102730520417638,0.07000899251152917,0.05461392821104932,0.10812752337786932,0.3894753346045159,0.093840265354657,0.10971824039282492,0.07660244830844554,0.0430167736790697,0.08847280515067979
2,0.26832143125999086,0.13191337860476485,0.05508613636730464,0.1311354570653177,0.45186370885409055,0.089680495315836,0.09868935204387451,0.07466880001451892,0.07075837065386333,0.08579051047384911
3,0.5771803683087326,0.09982296337698739,0.03491519080573186,0.10747214043659276,0.39842837844058787,0.10872737017604,0.11355608038988621,0.06891271356380331,0.09197336073147731,0.03667579813052069
1,1.7002721261573635,0.10515823589101958,0.08934623488270921,0.09446800119330122,0.4403779588649464,0.13158757296935106,0.10161243140303779,0.05726055148640862,0.07484394214473217,0.080375384645276
2,0.9797918030144155,0.09188763235442934,0.01845995894337967,0.12809382746301573,0.30143294434157897,0.08040132461299887,0.06307314754555324,0.04334657853365926,0.04287134578628213,0.06438996945501518
3,0.847039352465714,0.12890113551151178,0.04051860540830586,0.04178786929570445,0.6019005269991996,0.07254177058476183,0.049041663205933006,0.07982021131278441,0.07013955946020861,0.054234612311325175
1,1.4352828540903844,0.1481359307425693,0.015041059417426655,0.06364562873658357,0.21787596967579734,0.1404238449798167,0.040910243025147404,0.058742232006313046,0.051452035134222356,0.060751621281506824
2,1.483368712339871,0.134847339564138,0.03793205777053904,0.06957992434994971,0.3328137027576022,0.14622959805375765,0.04997732002553372,0.06738743439163061,0.09191909850536771,0.07855641635238096
3,0.356302396398253,0.14489690545626424,0.047964881618099704,0.06774246984730989,0.5807945458745848,0.12047555792657823,0.06209920340403095,0.04388510697596125,0.05586681141070153,0.07064128347854792
1,0.9292996114616784,0.13083995789958036,0.09511832573586021,0.0944557260274353,0.3239778746491982,0.16181994630569382,0.10658556446416106,0.05400800590953601,0.06380873597797683,0.07289350336035542
2,0.9894019985028557,0.1588037305400662,0.03364399797113084,0.14996143650490038,0.42518525874495544,0.11860266899144487,0.10582812188692277,0.04624661171624451,0.07812039056920003,0.10122486015723514
3,1.354123127538579,0.12210302876045263,0.05289084233737006,0.07173063669479335,0.4513750746391259,0.07768362577338997,0.04659054088795025,0.021728816064726153,0.08218567590395556,0.07226282859279652
1,1.8121054232106604,0.1253859608104506,0.02076532642695961,0.15060138756643962,0.4489735317522403,0.09693481320948617,0.048517480995910744,0.015117927384841197,0.09709246298024216,0.08807898758775241
2,1.856299379425917,0.13085439105009636,0.04818170709584114,0.13171607656989906,0.33123299235519776,0.09519200618949866,0.10987063945234282,0.062467175898470347,0.10284037423417289,0.11987162155440662
3,0.71357691249819,0.10981574156939275,0.01770971813144399,0.09390144531229211,0.45040464437082534,0.10442025409927752,0.14531207421345327,0.08710099015657569,0.025104547028656665,0.10169114360066123
1,1.4340566199727869,0.11679597019883692,0.08702764733571636,0.08418910284927049,0.37262772818616396,0.15479940201441716,0.1072113322402844,0.062123271207931346,0.038380315767660475,0.08116427267074952
2,0.814498844808332,0.14434025615862095,0.03737415730908576,0.13742902922701056,0.34289674341642495,0.13358290934332148,0.07893307823507154,0.06421939298475592,0.08224028908977418,0.06881631106286218
3,1.788340678779084,0.1319969406702987,0.041866011720141004,0.12588108531728717,0.42023565495628507,0.1550842621516753,0.10208399412291458,0.05311289087958096,0.03806997426259357,0.06867187078607442
1,1.4317556786651788,0.1064593736560569,0.037989694197256355,0.13045439140823825,0.4545102160381564,0.19696150200826093,0.045646964126763404,0.07340762475496758,0.030539020151755865,0.03838252554204619
2,1.2729882861566026,0.1102434825490273,0.023708119088957414,0.11343482607640615,0.5177227851155051,0.13332750767555787,0.0702214863250925,0.07112972030896447,0.07898212242421149,0.12359700680050881
3,1.5514142599291054,0.1388479309043085,0.049183920343365176,0.06500724401844962,0.37871722339804353,0.05402459172644214,0.0828721593671765,0.050766880647686634,0.06398268818815538,0.05830560101120717
1,0.8587291631249967,0.09810858503739227,0.04291969001684425,0.08879788989368279,0.3981837461800252,0.11721726452457243,0.043952612354134134,0.02808255547024132,0.04760561700540843,0.05781475270941261
2,1.622870356986337,0.10385066049346768,0.032476118184318,0.11317536096960101,0.3300066457763671,0.10815260635138634,0.06525469653141318,0.0656496431055403,0.03504307711186506,0.0659433119797205
3,1.8699009105101694,0.0894712106406175,0.03103254947642105,0.10907058031327249,0.46212063390186553,0.1147397839611798,0.12559532730032358,0.06019252377481094,0.07843361085694779,0.045905097013974265
1,1.8374601580254224,0.11760289801917083,0.04412732371246582,0.1072870127135931,0.4687764336735586,0.08309151915291768,0.06495284635859548,0.04459005984568916,0.08830602617585756,0.06269367944767033
2,1.672871233312482,0.15772927687427976,0.08892245599166762,0.06126755129775167,0.560065875950671,0.14635243908293236,0.041794007537714374,0.06367372274952084,0.05345967465980232,0.09989163590011249
3,2.4068618764580094,0.12093123589389727,0.040787743075600666,0.08869436770857418,0.6016050583106325,0.14348643042041032,0.1533986250639114,0.07737099326650984,0.10583627200791079,0.07304381241166519
1,1.8527110651077117,0.11455183473557778,0.023781478517341685,0.07857658273782263,0.3951305670323728,0.09772764780694583,0.0963982300377192,0.0703909184309019,0.07142767126301117,0.07580470412982926
2,1.9001641959890685,0.12469628635205442,0.05060123905853096,0.1076529173186853,0.5060941889513867,0.06212325442748655,0.09910682859560999,0.04593287301298091,0.0784791983803218,0.07652328370493353
3,1.320744853231533,0.10324410127229867,0.08492180297334276,0.06977619613254152,0.34583685162092864,0.15571139857017977,0.07718814713902494,0.0590288721927235,0.07544762589669789,0.10221500945494247
1,1.2879008789725102,0.1437499527736112,0.06507760758114683,0.13680750389736993,0.5206735305157202,0.07639065362266836,0.09455147878743782,0.04815356566320067,0.09533694012259339,0.11791242049056118
2,0.6227618243770172,0.1720635681913047,0.05091650324762646,0.11063068545608147,0.41028574919649363,0.14448777630308202,0.031495385739305645,0.04411273019696612,0.041796963314630536,0.06600568360063581
3,1.1888556063524727,0.06163767140590916,0.06257533320987965,0.14532489281567879,0.5019484092926765,0.11177775887571248,0.11784815386303626,0.060785798577993475,0.053621222870515975,0.06124818926596683
1,1.0524448348784547,0.12956325900483762,0.12804328535087822,0.10039337348296792,0.46777118313350186,0.15826123563384586,0.07084731148235068,0.04649977806218401,0.10349510253503147,0.04984714136485814
2,1.2070393829424717,0.0665413333748661,0.04605242095907555,0.12968773889572635,0.5611589080029039,0.12773972443829418,0.07015026745995862,0.05507748864273202,0.053511776517184334,0.07270263899746204
3,1.0257442673956083,0.12240937459040821,0.04191583831955075,0.09566913744888973,0.6358921577833658,0.10666010101193518,0.0626671218842782,0.05944122495130829,0.0612581910813511,0.0814704916326307
1,0.9842858892470013,0.11477536424737393,0.010299952046627106,0.08328646263873901,0.4508818802591018,0.0877346288586871,0.07739037549183202,0.05293798897560925,0.06436782117901671,0.07854853305725726
2,0.5178436842829186,0.07989776834811843,0.020935205306466642,0.05486741648120191,0.4335007690112839,0.09911362382483366,0.04817332030147065,0.06703561634638137,0.10386154476174583,0.12050123881148345
3,0.9021399929918761,0.1505530650576689,0.05049631787787158,0.09112041043672882,0.714695465421543,0.09758053521097494,0.059935743908022754,0.02154339775579022,0.0876292731753427,0.0666110762145542
1,1.9437430180838522,0.06872356048023352,0.018307076378148757,0.1512465822388132,0.36702381680871504,0.15928930496807717,0.09701582664619142,0.052268794869237446,0.047850168697019815,0.04031611948210992
2,1.4038529156509116,0.09494317679392353,0.04304803250348119,0.07559029199353133,0.39544988402000286,0.12949264370343547,0.061234772860288625,0.038940165641781196,0.08906782115111526,0.05587879434462191
3,1.319280296195622,0.14075386369466408,0.041628300144389015,0.10278117367663236,0.5706700364982481,0.16127329205861402,0.08475713739547808,0.07796147039133879,0.0669852933935714,0.10357040253800426
1,0.8142683179981793,0.11577247871539785,0.05969295760870186,0.0797175599730628,0.43701665071922013,0.14384931147136643,0.05432750718870441,0.04810204057285275,0.050668283706105904,0.10850710058238983
2,1.9623782900664346,0.14248559382677417,0.060770546570733136,0.17244789278261596,0.4366926490837565,0.16533154492129418,0.118885230999705,0.07811660074724144,0.07166248165775736,0.11812793537939631
3,1.7054686892688946,0.12896960177824682,0.10582653231570209,0.0807698804608931,0.38698781920593595,0.08026002385226574,0.10978994989985538,0.08404225189539972,0.0822271958571679,0.0623702923940301
1,1.3080361634710704,0.12952254858045426,0.0845489743209278,0.04017954638927574,0.20459570648658637,0.1152066581743033,0.053778036412420294,0.06051513240839888,0.03806509693687272,0.07669985384797647
2,1.6874540681624268,0.1145905824150698,0.018251308481645412,0.07673995095154562,0.39661621894642485,0.06564235621968958,0.08944159192914922,0.0484717896746671,0.08590989845934013,0.12255842537926984
3,1.4109587430788897,0.1416923786700694,0.026526511791033797,0.10652925194899183,0.446665729621502,0.12484620926875852,0.11586116237439995,0.06045143145221169,0.07938590679310069,0.07320503584347698
1,0.807063387734905,0.09532216880993263,0.031130195216743914,0.0843826187168049,0.29749466555243437,0.0944928662105738,0.04127144384761562,0.047002646987445884,0.08120073366406255,0.09879999721666714
2,1.7215701318634977,0.1262931816688076,0.03903156878315199,0.12430132713569483,0.20483675243340468,0.14137700260339287,0.04876333760841513,0.06687472007529509,0.023159601594525098,0.07849153648804003
3,0.542049838406713,0.12387222775639839,0.027776238252772083,0.07267065297196428,0.2843112290831511,0.14307036585766142,0.06788790280441212,0.06611590475142946,0.08507966820555775,0.10643181270905688
1,1.1147285517590677,0.1289524839887155,0.024120533150927687,0.052507724109168916,0.496957744618273,0.11974050029825697,0.05950328524319167,0.03976634311030819,0.1078161745935364,0.08879085539296475
2,1.3333896745078853,0.12966899957198808,0.01940136162458224,0.11687378027277456,0.4301086910057793,0.14063924436019903,0.06865434905688157,0.04863996942826216,0.0752685434068179,0.12137393702174903
3,1.0042589878340524,0.08047715098588154,0.047474641560658705,0.1433773688315305,0.40153729336105104,0.11037698324309879,0.05458804064367488,0.03260857590352344,0.06409065109339122,0.10963840903751755
1,0.7919251295025553,0.09798120256064306,0.05614177752318335,0.11611973732024347,0.3703888087861148,0.10253795004895144,0.11527083378211547,0.0437605618493087,0.06948684567521707,0.071757365789744
2,1.2054400275880586,0.14117756767175557,0.03673549453681225,0.09389941862685758,0.48678798427179193,0.16054905233390246,0.09222703019803473,0.04624487301258438,0.10192726855978645,0.11262978089812145
3,0.7191311217326567,0.13979765496155586,0.050120892428823394,0.1448323373462115,0.34632425694325675,0.12019934649688782,0.07349811089450284,0.05041206634146363,0.11540448412767529,0.12162674755736524
1,1.175103886315174,0.11467029101543462,0.07739644204708249,0.10643598931407319,0.41341827186849833,0.14674495987489616,0.07476760121443726,0.051019017311610904,0.12227204982200307,0.04611063791764082
2,0.30484662922488504,0.08686824055454762,0.09294795681529683,0.06938367953154978,0.35270789326950897,0.1228374065331818,0.04905503753913955,0.05317668764904858,0.07312459237837865,0.12568113928418856
3,1.1201725930457127,0.12298118101311517,0.08550406034920073,0.06856877648831465,0.30129506861764455,0.1265785615669774,0.08476409042660187,0.028495306439211103,0.07914240959713384,0.08599426979692973
1,1.0429058992583293,0.11998351091527275,0.028941097042051313,0.11548342894258386,0.31905435879924293,0.09813618903305608,0.082540857914488,0.03168944433227443,0.1000560266022307,0.06877050703255934
2,1.1764263539392001,0.11555387443846186,0.05180728569387112,0.11551810156881866,0.33926826471745947,0.11211345151915228,0.03228972650380889,0.050242110885118985,0.11868755690174795,0.07214851467391846
3,1.873320563232743,0.15249764723022596,0.04805578915885962,0.13556726005200384,0.3665269570507561,0.12270412887155013,0.057828897738617505,0.05491461032724676,0.08402432429466708,0.10689498989206773
1,1.2904096866127062,0.15744036575816903,0.03861261866931535,0.10563042020351653,0.43393357317880965,0.13926794021700112,0.07116189666154095,0.06347054135815544,0.05760114396627165,0.05937940677544622
2,0.7371885672106313,0.09987488535809035,0.012003180345364434,0.13313986177059153,0.43561406389955676,0.12998712732065204,0.032249775612077924,0.04962818145344417,0.05968456022114705,0.07916283413950226
3,1.412347902224725,0.10958040018512466,0.1024253619068366,0.06742118997444407,0.4100243375341301,0.10238902258547777,0.09181404408323504,0.037185229766083704,0.049984674872906185,0.08533556587331767
1,0.8303200031063891,0.07564911942159278,0.04949229896060588,0.15507391963570533,0.5022534450280736,0.1045685077223028,0.07698761319322597,0.04250828221998787,0.07653353977188944,0.0905146249059892
2,0.501440932030401,0.13039660135593195,0.028863408040137643,0.1438790755447675,0.5115825572724836,0.14932405470473942,0.05947239936786748,0.05594578706090713,0.08886263315179166,0.05162080008590857
3,1.3409095950411605,0.10151495322164657,0.0811836844962925,0.11963369934664347,0.4324840345695819,0.06329128811208794,0.09222714363688131,0.020063647075186115,0.04842988252465068,0.051621015036567665
1,2.060381722832574,0.13848869088354268,0.08152094685843492,0.13986366006151124,0.20197280153138203,0.13440030632678165,0.07088366422876952,0.07562403581776225,0.09246944976237345,0.12593117995508393
2,0.6672581272374408,0.12550189067566125,0.03256517545279617,0.05760434202489389,0.4280592706963628,0.15490926370438748,0.08891026967044895,0.07304146835482063,0.09070392525674668,0.1179155604370559
3,1.2677893249952723,0.09681077904124585,0.0390287382249208,0.1018573068612068,0.47272349766846844,0.11699756632494723,0.09236791196809929,0.04557703461672829,0.0929141808184504,0.0988348370070703
1,1.473347489626089,0.1239237150624859,0.03830501483266199,0.06212974128151134,0.34174040944093265,0.11232154213264617,0.09118274164383258,0.06529631772764373,0.06611833124703151,0.05167495145403482
2,0.9189697969068886,0.12609128409242382,0.031111375325285538,0.11555038730111919,0.3629086781398256,0.12076067467666385,0.09806306689442337,0.05205509093290785,0.040442366434763725,0.08266010175864585
3,1.4150669705682057,0.11225105968642864,0.014980435664216023,0.10941421377969868,0.5084163723761316,0.14294527025548479,0.0447741972453726,0.03236998856669045,0.06918983001399193,0.08947648646777083
1,1.4225397590294988,0.12657995010174478,0.10003227976781111,0.06952466716730189,0.47267871454877775,0.0985904747910411,0.04685744730561573,0.06740615644179426,0.05987937404634421,0.04284426173562099
2,0.5427656716874173,0.1431852823437461,0.059435522256720594,0.10182590227495524,0.5419251710751647,0.16231703586802626,0.11022014981985513,0.07855074731498868,0.057016601079761385,0.06210792981580107
3,0.7521990943846624,0.10136868550864163,0.031941303014645275,0.10218109969419048,0.5883713759341231,0.1233003738393276,0.1325549359216771,0.049992166554840976,0.03571374981121884,0.030957320796409442
1,2.243436671778081,0.12272603320487072,0.028589686195092966,0.0847602743487156,0.37563692065666054,0.1717702264954989,0.09612826969459162,0.05824369004477594,0.08566844651263451,0.04825138800839659
2,2.0398768031387355,0.1561249883673243,0.03150283718656707,0.09407517306082873,0.5333283888999667,0.10085835443025606,0.08334330223078361,0.07877661479331394,0.056809394041640336,0.11461861461573072
3,0.8225250667664633,0.09077007903872597,0.05312731878489691,0.11400966676852542,0.4205103456515722,0.1396212122974994,0.10515710977409798,0.03152022260444548,0.09430508306893189,0.06410478118531188
1,1.2088688628306965,0.09520271458676612,0.0635507670252259,0.171474699898279,0.3802438447475071,0.10043791892881893,0.08746521752487181,0.0683631653528108,0.05233183249321639,0.08883822937400533
2,0.17196068748518534,0.10639593669916236,0.0551678980448695,0.06537135701367935,0.36824435276351536,0.20786432680655864,0.0760191445525524,0.04868625661500471,0.05003791247465771,0.0606720477998111
3,1.7381573272287183,0.14367296181220404,0.05434318786070466,0.128306245683534,0.29000624477892334,0.11084565010835787,0.06777800614971696,0.060551233552498404,0.08659856981230098,0.05020493624014116
1,0.8222411418022243,0.112927145563539,0.034233970238973926,0.09309403965238881,0.449476419646775,0.20938351990864978,0.06147970316948938,0.026116190778810243,0.07211434043854806,0.08030747764800662
2,1.5931132233623582,0.06748727078531289,0.08833149097449775,0.1043811492301432,0.45375467474196163,0.09876640951623981,0.06411723977957068,0.05293876594187619,0.08619106721499445,0.07918990804346597
3,1.8314389728074032,0.1296834890382272,0.044902112729836546,0.15671202426501313,0.4942534428365677,0.16138123141316443,0.05038292370872752,0.0382806176755005,0.10446557775180354,0.12489939649428478
1,0.7142975828445285,0.11852392475718874,0.05559948484791109,0.09325329868082877,0.1598557642980235,0.12651102272233625,0.05655649558472581,0.08533894312629074,0.05148555226606126,0.06946276334529114
2,1.0241876977120614,0.15481840023254326,0.06421321520828045,0.14080708145300155,0.30489361374632884,0.09661109589150019,0.08742363367935561,0.05721949870731119,0.05116450858504486,0.11702335945212006
3,0.18400605383542068,0.1485809953234159,0.04605573855698315,0.14639263430268407,0.47222497304017885,0.1034371796085033,0.07203246299521636,0.04363957710651072,0.08640557874616046,0.10113595286522785
1,1.3749792194583035,0.15236546724515998,0.04870958328752016,0.10370072096323975,0.2910230470552123,0.08922889054562792,0.07821937385514563,0.04064785455339345,0.043407419237991594,0.08630634689142011
2,1.2633363637884194,0.11671016707054516,0.029161416673893624,0.07947549847198146,0.38142056697900134,0.11020316413490365,0.11191482454173302,0.07444081545336262,0.08595159797548281,0.08272502594069915
3,0.8940014362604549,0.12488334276565687,0.03288999787122498,0.11129520833212854,0.5156612847767608,0.19239141872464222,0.08386061921671104,0.044460889655791466,0.09449555746852872,0.06799403157215898
1,2.1682126652667524,0.0651536135959315,0.06088522734136402,0.07421874623274624,0.44193410982463066,0.18339126205547268,0.10814871150694932,0.06943812870082958,0.07110354169514708,0.11554881753124407
2,0.5233038586026386,0.10575920713075718,0.03739568367579272,0.12601308693622,0.2702523766344368,0.16560716112371895,0.05296701814577891,0.0510832881736229,0.09830226075727622,0.10619851764286783
3,1.3814885218964184,0.12537405280539418,0.08776723684460967,0.1295587024429353,0.40237304249615347,0.13484298498049369,0.07419733748170723,0.0464391303164565,0.05450690675309395,0.07003013906907093
1,1.6207396532172602,0.15178018766140838,0.058517588968882484,0.11247350606248933,0.3752159209007945,0.13148112082344562,0.059055045410690926,0.06546957659410432,0.03960903797631118,0.0962233565064306
2,1.9144067223106944,0.12437529645488887,0.05374865884060834,0.07177776830651728,0.4607614722287033,0.13372632290726338,0.11537123903024374,0.03239847575521562,0.05434061252529286,0.06655383491901934
3,1.534647541605765,0.11135003723703185,0.07254794315560457,0.07622736660680225,0.4601531530534142,0.13526345615440535,0.1293278868069154,0.050641647238463657,0.07214565055966002,0.060097043018097984
1,1.1521429504434777,0.12555639758233136,0.057197508017245074,0.07350756548003323,0.4657532502774018,0.15385566863770003,0.12770041976326182,0.043358814910093635,0.06949683874568105,0.06438643899421621
2,1.5504279993260308,0.07530785033886023,0.03744663328714573,0.09476654292730444,0.41068046622474935,0.13020165137218767,0.060254995929449384,0.07675535860822583,0.052051926513681276,0.09177671998567091
3,1.0301599702251114,0.15017447135089756,0.06892394535461749,0.16465843102680122,0.4648077874144743,0.17077355771272695,0.1341813002254459,0.05056757662516464,0.07051037529083516,0.05599080764048519
1,0.7960346145496795,0.13412076228269926,0.058300095035163965,0.1537507812494193,0.4966201145726664,0.06764729847647008,0.07872361864289062,0.041111111966586567,0.0806312274717547,0.034387216269852576
2,1.290625073725693,0.12110890230457196,0.046019765695309266,0.07244838380295726,0.3705391785230581,0.14282119553415448,0.05488169004628182,0.039327407174606116,0.0699644118683673,0.06635260933984079
3,1.481196517713391,0.12470010223523458,0.03895875256337013,0.08980926888147572,0.48913096632323483,0.1321062541297581,0.15466908734393475,0.04911464538724653,0.07819958228984578,0.09262366478349227
1,1.0154175687624352,0.06415538522466563,0.045078774081012046,0.17344596019834582,0.5065022934759483,0.05768269413591262,0.10966641664424026,0.04923031523366627,0.06613589790765383,0.08649268323389592
2,1.3926922599213214,0.12519217387312123,0.03185595084783186,0.13114281512613704,0.4535358108311718,0.09818183510805595,0.08565971264367886,0.05549701364254569,0.09884773159997369,0.08268808292370299
3,0.9233753350383719,0.0989139413314421,0.014245679231037457,0.11916363340227393,0.3265366129995428,0.13460141660894687,0.061311883931547274,0.0341821044171835,0.1070281394439695,0.07508074702020957
1,1.0933923501600846,0.13013268053893776,0.05794947568459519,0.1029170472250627,0.4589014619599604,0.1072109554103082,0.09202457320522173,0.04838261787941261,0.046144479398387936,0.10862402530060097
2,0.47612336211369843,0.09369115882537435,0.015223935223067139,0.08188547588658895,0.5443686184663159,0.0844756913817897,0.08134609499643829,0.05474241653858473,0.1222989620686631,0.06638891568481885
3,0.49051188323736594,0.07222671532509281,0.07588440435737732,0.13750541931780655,0.268920672364634,0.14281024156706829,0.08891414037565805,0.049233977809416275,0.05417323956699753,0.089412479441429
1,0.3209916249076785,0.10100413402154224,0.06928853365370792,0.09133475495045511,0.5041883304099445,0.0838729793921853,0.07580722437389634,0.06196322597022049,0.07110639621631913,0.14453097933461223
2,0.22548147137990115,0.1581015116891144,0.09707021310326035,0.14815757388051584,0.3854580983185969,0.12064449312478243,0.03878863394067891,0.05430957981019683,0.043174940582474355,0.08838319839793037
3,1.7617580394190402,0.13482664141252249,0.021201434231088535,0.08858746378772685,0.4129541148451006,0.12810182729088118,0.04891540553638352,0.06798746927433079,0.08048347091869644,0.07477861227631093
1,1.0564342858873006,0.1398562136099328,0.041833461499487086,0.08592113175479368,0.2669700614359437,0.08006899339457901,0.07820549552362022,0.023149100718837193,0.0361779375615788,0.08829165396265921
2,1.4995353865211796,0.11753664263052914,0.06660795558301649,0.09696189527515126,0.4103020807331661,0.13261448750284896,0.05167135572383315,0.04247508936726849,0.05055772707907906,0.07025566406172491
3,1.0964710133306261,0.12027424879018195,0.028874438821133983,0.12414674428351424,0.4361905632075478,0.12948360572617323,0.06791140211479318,0.039066239814799175,0.03778787684714867,0.08215136607719895
1,1.1645346863245214,0.11801999377923861,0.011174772735192594,0.0763720559891021,0.5457022719677875,0.14183883412612738,0.03782775942007285,0.017769942409335868,0.03544970765499562,0.08202103623090996
2,0.5299300208166624,0.09292087717308388,0.11012699701908048,0.10506450229472429,0.1862218357683708,0.13363438720242024,0.11545569827036836,0.0355926301936915,0.08356774408278464,0.1206441118298005
3,1.8378592673932208,0.11656347137400275,0.027068612016586422,0.09306219452618751,0.26880640782351106,0.16284023420499982,0.07468145176767971,0.06474465994904749,0.02778941217336548,0.11486595440668253
1,0.5321765285162079,0.08189126660050358,0.058497475436354085,0.19546944122706708,0.545895027897568,0.10490438139667088,0.04362572811251451,0.04495122936610795,0.06677080964199647,0.08265895410830168
2,1.400570086647587,0.10639320892223017,0.029947195445235546,0.103559525331782,0.24928018008137243,0.15761008586645647,0.11839076775325355,0.05341564795376178,0.06437233965332552,0.04360553466683596
3,1.4281501825716774,0.11924460463091699,0.024871087291010542,0.13738291935628716,0.38707572311992167,0.12113184671845283,0.06573936372756276,0.049720506529045826,0.06639517866186403,0.10884270027291021
1,1.9334900545508265,0.09408411911323618,0.02086138533647722,0.08187547150388896,0.36124545619539356,0.1435787500283436,0.0578930182608558,0.049066396476910024,0.03589763586735401,0.08910419449444316
2,0.5118397582389346,0.09153147364818556,0.013131155472509655,0.07781624295864684,0.35612486918881214,0.16211131483538307,0.11208561752910423,0.05797781172023388,0.09747600243726962,0.09205871566827122
3,0.8913996528295466,0.14726004789048613,0.025263252726570297,0.12694990339020382,0.3549849357221823,0.1215742668115142,0.1444029300454766,0.04407432998640869,0.08200186979893911,0.08581985094648865
1,0.39559280992749957,0.14738925748149556,0.027294127970719204,0.08154103175518093,0.22939919872208905,0.09878884560747106,0.07718191676720074,0.05621402224639359,0.04994920135992861,0.07960994019914934
2,1.1645020063558962,0.13694109326287227,0.03009042918992466,0.09545535288774594,0.4437583214013036,0.13078051994984538,0.11810502047632143,0.03932870628443359,0.03478058965901293,0.05552611748506718
3,2.1260890627622837,0.09492969655812525,0.07871023722407172,0.11812764959808823,0.3988146245063349,0.12758579695074002,0.08550053350383767,0.05411820249615787,0.09010573726984444,0.10753791662118037
1,0.7782600957610426,0.16802230585080602,0.09635774615264871,0.057129121696730095,0.47113780296961505,0.08460317013811743,0.11434237884125467,0.05646128177784812,0.05247558274903413,0.08242707898515905
2,1.029689973171576,0.08694122189768129,0.07066633286858762,0.07651370296014037,0.39461334854853986,0.1259715359880289,0.06296254665450526,0.06417943646884003,0.06702793751405553,0.06175734075358369
3,0.7497933831015989,0.11784341270540227,0.04311462113536093,0.11080854906422596,0.5812689935045483,0.05291130302607894,0.06265935675592509,0.031807130508606105,0.054819001242341445,0.050697837506198926
1,1.062803980525873,0.10744312903064496,0.09940993913536408,0.1133014900047723,0.4831247575806435,0.17826209332604562,0.07050075136282183,0.04763335033926696,0.03143855414951461,0.05646493932911084
2,0.5392071715028587,0.1157590449504032,0.11292503958662421,0.1082605213798212,0.3917776634445173,0.14292689384957896,0.056976668445490014,0.07188146336086892,0.05270107108016535,0.08891825638100298
3,1.8458296234747957,0.10424888180273971,0.05418830158571883,0.11116857569281427,0.3312221193793532,0.1914668749877906,0.09854705681799528,0.03477990823565949,0.037091958740098255,0.15101995380205252
1,0.21646962647005719,0.09920383874995266,0.06431444969383754,0.07427951899749433,0.2729308740318165,0.16222802500338612,0.07880856571776378,0.059895492634818595,0.10558277093028823,0.09394504121440261
2,1.5521578220728383,0.10506714703975929,0.08543853953056182,0.12139971479395811,0.3765639467250602,0.15004636670464155,0.07466806302318735,0.015315944204620555,0.07977526688140396,0.05496418670840997
3,1.219275930211832,0.1275895009029161,0.08401984273509688,0.10092794856836283,0.284640209532515,0.11913596277379226,0.07177380244119384,0.07958168638813293,0.07750879155403179,0.11967746725455945
1,0.7879879329176307,0.0991471817254585,0.04752828539584786,0.11265226673169493,0.5123536623123236,0.1623690728131611,0.08813495325467832,0.06857047999819416,0.08167512968695174,0.12073251131815714
2,0.15823600664747195,0.09057891572930708,0.06935137724981355,0.08041507052963019,0.44453214544352254,0.1714192665871937,0.05991940454801839,0.04464350951831893,0.05326696989192574,0.08494226180776358
3,1.7370833567472288,0.1520676154362779,0.01128701593587296,0.12849743411755937,0.5280460006989203,0.1347958125064755,0.03600294679759943,0.03825105437014084,0.06269084855065168,0.1014914059301632
1,0.7763928053310897,0.07508551653587436,0.023403467289039852,0.040441156300548675,0.4057842916310898,0.060545966938326326,0.06224883514277493,0.07242984358505702,0.06600290204050291,0.1185058179362217
2,1.5504627408174516,0.13840916679663073,0.04956290115410336,0.06267437655527786,0.4597296488954629,0.09198226042174817,0.10068761044217475,0.10183400060111666,0.1063397248370421,0.07034340553372302
3,1.1166636933262064,0.1267447530398805,0.05745722078891341,0.0612012222589576,0.3301393917326726,0.12651053997167797,0.07230635517465885,0.06553283966721381,0.062385751164688405,0.07279909392878153
1,1.4568715171433557,0.07828298430069584,0.05545304751645101,0.105931312150254,0.39949249861045133,0.16839650210344084,0.06401543466890577,0.033154109042127705,0.06405645559170875,0.05613665342165454
2,0.9162656970559492,0.10230517964864273,0.049206786824206275,0.11976746304546665,0.3098929197823551,0.13697561335793043,0.09370252645893479,0.05227466260351179,0.07711095097500778,0.05046510191451492
3,1.3538691449964364,0.14094413840617268,0.06075095745424622,0.10488531660722268,0.3706670398807148,0.10742664896808868,0.07364376658066911,0.07630980114396724,0.10840629789303471,0.06849899574090525
1,0.6709100577995668,0.14545099845883525,0.0967283326405064,0.06597341339014681,0.4751769244670935,0.12229242673902022,0.06179722970861369,0.0547665667418261,0.11153265075501452,0.06619593667618054
2,1.7795507102917167,0.1436328699026092,0.11115328771559034,0.12312118114518493,0.34671954838914176,0.0938649719393933,0.08939116692572696,0.05145734665038055,0.13280693463493032,0.0831259260483697
3,0.8057916724433047,0.09159205962401855,0.11299650028307247,0.1057452651037372,0.4744865563118801,0.14099877408931624,0.09843600947791176,0.033296992740559306,0.03347508142380232,0.09940535015669044
1,2.0058231940157,0.12445535186810235,0.04165380553225876,0.04776354881240963,0.2929872872634639,0.11287830550574902,0.07982602114885984,0.04002761735494764,0.07307214032302614,0.07825384351139937
2,0.9680245511302416,0.12502370044338407,0.02879046042630765,0.12251873609593573,0.30173039792538947,0.1134621915634014,0.039656233341752806,0.05110367907906364,0.09335638712674811,0.03441698761114348
3,1.5434425325145875,0.074016610104568,0.0569347384144753,0.12772203160599813,0.3931781532252372,0.17548210603789002,0.11444722910708253,0.04184492536974091,0.08369090896699252,0.07787210202719512
1,1.4176707316358965,0.07252653109036289,0.014999269084252028,0.0526290110877559,0.5127294596401769,0.08599682029212251,0.03025872380236031,0.07872210582169567,0.041233374088464635,0.11502517294620804
2,0.49279248211420756,0.0936702286236882,0.055621780220984886,0.18459084549227756,0.48305777049622073,0.0693453258270158,0.06580512243371947,0.06439363885061997,0.0813244485944766,0.04357127912183479
3,0.579786009849089,0.12688544884326888,0.04200545320795508,0.05513390467951951,0.47033864281260873,0.10531777385773547,0.05255188247519764,0.03829168493103735,0.05803724561592587,0.046033148589340184
1,1.8112408657500552,0.11482438819434916,0.07261002394110945,0.09954292407878078,0.41640315896467495,0.17179951771103377,0.08303223571578966,0.057539675851835115,0.07942074342813182,0.058809338530889044
2,1.1022805989223086,0.12128112278820957,0.055122946508318255,0.07044164673612152,0.43832880832695564,0.1792135125147689,0.06146085066774684,0.04237979557764884,0.06844033699118467,0.04758397619271246
3,1.1290848557312234,0.14928537799960395,0.09397032597881527,0.1461910037058095,0.2784940356839361,0.12568445262503566,0.0910637960358224,0.06643895064301444,0.06694036359173625,0.11871161710408562
1,1.6330045661946795,0.13540934888408088,0.04796168305318966,0.1355836733993075,0.34021696153913716,0.10831645266205422,0.08862503491692397,0.04650184206654873,0.07170622275419854,0.10894295315390631
2,1.6744964041808044,0.09433468559278266,0.06737273627054882,0.07150326680824795,0.3811506576120192,0.13535568770719852,0.03550619809007245,0.03601281912232712,0.07200075220497498,0.062434683201591
3,0.9570940806712398,0.12893405942988675,0.012521924247695465,0.1261410142089235,0.36510555026960523,0.1584801500632389,0.08318517550404202,0.03506972674567351,0.0958008254344979,0.049277713534811377
1,1.2772953838897758,0.10394462568004895,0.013651636014341113,0.06787153343822158,0.33560430155190746,0.15857790773715263,0.11072151781172994,0.06041672304311915,0.04613574918291518,0.053902984644054124
2,0.8047766038725762,0.14744113765454958,0.060227126920049,0.11422433788349359,0.5154666658403524,0.13342943401235172,0.09780124604577715,0.03685461482674482,0.05138411821009789,0.06916371796729467
3,1.7626481904660625,0.11122094894732672,0.035879280282058834,0.16907389015958896,0.4190373195709694,0.09467357760343176,0.06003992473497437,0.07332929649810195,0.08550495282294078,0.05722179882897853
1,1.1668565557901518,0.09691687374468448,0.11637630133509771,0.04317008974318163,0.4705434170397347,0.13367079685396954,0.11419133064927622,0.06085854958767936,0.08795220416646804,0.051151971986688916
2,0.5678261263558795,0.14137683122136382,0.05378383974039472,0.13346869803205905,0.316228235055922,0.10959259147528616,0.06766185539820085,0.025412823326089948,0.05070594524140955,0.064537204622101
3,0.5062850323616173,0.125934563645126,0.014240933847709907,0.14069417868356934,0.4568666279986521,0.15244325414287568,0.12216319843305955,0.06296527213379598,0.0542914658131317,0.06841632354596985
1,1.3567768794547705,0.11462715526184394,0.10783306307061183,0.06541702889515366,0.5483326024255719,0.1840914976452199,0.07099943937920732,0.05779772106472535,0.035446868072469814,0.07652823598263449
2,1.3090094721505594,0.1352859968981973,0.0338667648754535,0.07008416529671788,0.5204330691225969,0.12669511949153514,0.037102497324223584,0.036155950076495434,0.0657458458349772,0.11902872453053101
3,1.6467125715331754,0.1362642294515624,0.05496441111671647,0.08394430627469775,0.29155056122128137,0.1071663456347203,0.05879632736267444,0.027201250209006527,0.07691536297491897,0.03811041577671801
1,1.2451082619717377,0.14347170961711092,0.04973989653450213,0.07955790551568655,0.5119103067207013,0.1124527053953002,0.05738957109766212,0.04423104650101428,0.07070082882380317,0.09377998622353187
2,1.6640771540798893,0.12273104153123963,0.057947236497357967,0.15422929484459508,0.3089222839975881,0.08732459313713414,0.1032233964504134,0.04854729600850785,0.075112877029223,0.12591705505668682
3,0.9071546259796665,0.11743715884387108,0.02034132429574071,0.11574088165849383,0.49126929928349994,0.1423783960157456,0.06471549626028429,0.05141285142607695,0.07110709070442575,0.13588096938415534
1,1.5494311022382605,0.11720137121705343,0.04181124373629121,0.12173532450214142,0.5780039657176319,0.12408590176101639,0.05364540667861816,0.05759543648295937,0.06359820480088921,0.09101520694119467
2,0.2121681330398143,0.15863420027112862,0.024596637268190575,0.07020060582061892,0.4352049569363007,0.09385547150160847,0.08465524650303695,0.07483777535492235,0.06088197336548691,0.10907952715650324
3,0.38954001889707124,0.12550899651908795,0.02837071720769489,0.08402534320472507,0.49379697498707886,0.145631452720908,0.06291234741125355,0.04171412223150325,0.052655604499035155,0.08471067477185437
1,2.1588602215681183,0.08122313451389243,0.02747067213881652,0.1242462496801861,0.5347789790972654,0.14947118192825973,0.0842536240690189,0.06521815096339242,0.12745093552547243,0.09685189756803327
2,0.3748094666448031,0.15112530920692865,0.06398718258878731,0.09453385095811809,0.5986799268854963,0.1428449465250112,0.08762402995570977,0.04835047311114662,0.02224823513692871,0.07974139372948877
3,0.9359485549525051,0.10509025435731334,0.030304840430926034,0.1521209618424788,0.45554114451539496,0.14015566115645403,0.05357737204254806,0.03147333399326016,0.08915649718500909,0.1039430467325444
1,1.8672913873480455,0.08042288867659916,0.023623463945372517,0.04589604800945936,0.33063072582570086,0.11847556956710298,0.08484632680033832,0.07051988430410815,0.11269782726096023,0.07953838357957298
2,1.331682719740171,0.1061758690604511,0.026142091710168514,0.09493394484413374,0.3063600064791583,0.05222324379206625,0.07153057947385431,0.020133297175581637,0.06550721253035904,0.07503824890526768
3,1.0216700613160041,0.09679267753469875,0.06519283550460164,0.07524319385513605,0.43442923113270776,0.12575908879706468,0.0710697006232516,0.03276337038814808,0.09647471416204775,0.049686829080973896
1,1.3520605686974096,0.14719658182565842,0.022504268980524208,0.08040821063914944,0.49129575429524736,0.1331423438617595,0.056642974326770526,0.015550201600211595,0.08611688338536631,0.11035300273475834
2,1.482333611366309,0.09741945500993687,0.03319305665764173,0.11736626242089507,0.4019730674182089,0.1378305081294805,0.04916744433316192,0.05019188035595258,0.11639170473579787,0.06455922252460683
3,0.9215338591982072,0.0916920646650207,0.026042596527014194,0.07709635903704136,0.42344845836303735,0.14037558535108793,0.03696732331333513,0.06474504734271422,0.06159077338321952,0.07014923520098124
1,0.23407056744989385,0.18429119010046743,0.08113634379117116,0.048409510736696394,0.2983713631805815,0.1377513748849561,0.07884671872739589,0.057459805031019044,0.1027486895176567,0.05538923452619915
2,0.44083760117840487,0.10385898019403951,0.05925148311690759,0.09648642183371478,0.5156026313178204,0.13820543778386363,0.08239905770551706,0.060152842208878524,0.08047826190958335,0.1002631340394169
3,0.7109188962841196,0.12212834111800425,0.0627885415309869,0.14719929232433465,0.4512748326112528,0.14500250536786224,0.08174742914072594,0.0472247081244254,0.10357443873510969,0.0741857987913164
1,1.9944947502906871,0.13070538645457422,0.0635117009653201,0.16158970291102864,0.26064291020415453,0.1439791485731015,0.06687058020780959,0.036203012024900644,0.05142726963737875,0.11185392411718162
2,1.0785434892219035,0.11129428775269722,0.02726233379120607,0.11063158623853338,0.4175791402594833,0.13565745516821925,0.09489901889983726,0.030327402975547566,0.0798053617186928,0.09273249738442454
3,2.062308464662368,0.1392563328685682,0.03342548054284004,0.13358625817707445,0.41784880854590006,0.08701976565047685,0.10365672631832634,0.03497319566484178,0.09334763348951283,0.08518492958271318
1,0.6555560592652946,0.12738066880200877,0.04421238200071105,0.10218281396947033,0.43209983133752156,0.1999862221319305,0.10848270621631873,0.08073662129844683,0.06701960341977742,0.08506904462140252
2,0.915316837479237,0.10888780408106526,0.030154896306183718,0.08509208148837674,0.4009728783588908,0.16345752944191566,0.0893283229891462,0.08565329785367005,0.05017016130293238,0.06900117317046223
3,0.8495116082301049,0.10839747072780839,0.07238910344386737,0.13349073840177436,0.33371364687468813,0.2034103596715514,0.08613192180052008,0.02157335797855893,0.09526744282283273,0.061105473232584556
1,1.8637421149886024,0.14111221181897474,0.04506535526809219,0.14813428409932045,0.32302387830742435,0.08767714618256495,0.10187540509949668,0.07390291661510827,0.053173890197393964,0.11048443627708471
2,1.20593974450496,0.12388520880426929,0.011583629470359715,0.0834489897247893,0.37195769217506547,0.15839781631781194,0.09576140263027605,0.05143508441023565,0.064719093058427,0.07852781074521407
3,1.4959701522948905,0.15293697806042578,0.032095879569783096,0.12685623857251213,0.5183279670734022,0.09951182195146581,0.041611752016671506,0.05519799286880212,0.05313175256292954,0.09357494258457534
1,1.6161815153993613,0.1045925074482544,0.03542024299619112,0.10213426346763076,0.3769080820735212,0.14010206533538516,0.11206670130729238,0.08342221940329539,0.028354031653281223,0.16529155153480218
2,2.4755295775399127,0.13226117874243337,0.01074528829160197,0.0812308717125998,0.5771809186331619,0.11203491525233607,0.05997904611627597,0.04849955644846696,0.05919014636449786,0.1261302613275474
3,1.6128357880373183,0.09668750694796384,0.06642023477184379,0.09824280403443422,0.3951413477190779,0.10082958019532387,0.06527333721153976,0.07621125551344494,0.0860221881799302,0.08934648615212024
1,1.574516658461297,0.1314135522163404,0.047525519980125795,0.03428671367078784,0.48711233857551445,0.11414029964680683,0.06446019979962266,0.03245480031399142,0.06496509548969394,0.12193805094088352
2,1.7724243275378329,0.08623340994401205,0.09859026239717433,0.12025318439501369,0.4020146564981525,0.12878402762142704,0.07523160405182826,0.021798371201099977,0.09209829843406989,0.07658419625568258
3,1.8707645658356833,0.13214623735132505,0.03264297150890887,0.07781908703348418,0.4082285604644155,0.06308411361299074,0.08436159864975187,0.04890269039552343,0.052104652496332574,0.0610486239205652
1,1.6656648474263884,0.08234883194248163,0.01393336133268817,0.11011951340473361,0.4889149731744013,0.14734507695417307,0.10453161183608214,0.07222241916675592,0.04436897882202194,0.1188493824941886
2,1.9689077592069428,0.10297291811937988,0.036695051289980185,0.13054098981238746,0.3465263655224389,0.18098312931711108,0.08716060394079574,0.05113121695722991,0.06800450532593598,0.07129464240463647
3,1.8856090227382858,0.08979355062484615,0.04787975146376498,0.09338392075771437,0.39823896611018306,0.1445074788905616,0.09233400182210741,0.05628587688085782,0.1056805441672714,0.057764807656637635
1,1.1064753706258494,0.1266413049323585,0.044978912517725275,0.1051482196619288,0.4259693914844415,0.18159168832446515,0.06953617508954794,0.08143343721809032,0.07156430990952259,0.09102497151845788
2,0.7897142036963808,0.08667198973728751,0.051702425427477515,0.06476956637254906,0.4316929459798875,0.16025103233242222,0.11677677237266909,0.04100583216091644,0.06617589533311229,0.1109159134227862
3,1.0612904307008226,0.1408068048708211,0.0410229442286206,0.10856820282488429,0.37974122537633226,0.0966145422844883,0.11608762008109079,0.05910075146684437,0.09460398785922339,0.03275139137282297
1,1.5797586062191922,0.17209701120197346,0.07579884475177627,0.06029741876957702,0.5138847570085944,0.06959924298109174,0.10010380562106888,0.06628820197617759,0.07136539178640508,0.06870877944108066
2,0.5699923342734953,0.13786160712925355,0.07697440024069678,0.16563938002336645,0.2919384465581874,0.12263064283403102,0.08659286111146551,0.05624125292482361,0.03506101812345317,0.06544265325915828
3,1.7991236955666368,0.10325809627698194,0.07732472048686673,0.06494328995347701,0.1865100615973305,0.1250144396544435,0.05582514819956004,0.03906685260050108,0.061957695678665325,0.05511299779552693
1,1.6023763265692175,0.17678865425763549,0.10612736715026186,0.14462364141478037,0.5626102544229744,0.1312299012185115,0.1156892777396176,0.04254012896083345,0.10379047654029186,0.09374111044033209
2,1.7097261278095435,0.19316309484060862,0.09934624985323114,0.16636153985840907,0.28456240316894477,0.1256729059077719,0.057771134204245074,0.07742445013508999,0.038953485740547904,0.04847029032745127
3,1.1028579702993428,0.10714377840881444,0.10703255839787236,0.08809012042724598,0.4108732668470865,0.07664197463121487,0.043235149732489785,0.04407420023789777,0.06387748132351843,0.06890590505144936
1,2.160348659522822,0.14202305714849228,0.04367541217681904,0.08565207869100909,0.4743684401064238,0.12702155227970047,0.1035304311788977,0.06171668990256055,0.09098609396225336,0.08604812914172687
2,2.324811201280327,0.14267480338373828,0.0761081734881477,0.1630731761321499,0.31553879014592795,0.09345357148870784,0.08011183655922333,0.055643431100688555,0.07279638808491809,0.10464608432991619
3,1.2203736604944448,0.11304419513310111,0.06173799371187619,0.09382504390899159,0.39387164207144015,0.1423307825152342,0.043732761319732034,0.03271440144020864,0.06997745197177514,0.08624480523297604
1,1.3072393137570408,0.14512487189275017,0.03094195601387443,0.11118352505355175,0.3265674533538666,0.10827012802503208,0.04889668026049258,0.04982033952522504,0.09495565256307958,0.07244051397993788
2,0.9649974030066588,0.07032992403194627,0.10007397862543348,0.14007908798269925,0.45623167593958863,0.09289513790124682,0.07462943504676511,0.058770191805871216,0.06285455369225766,0.08110657244413486
3,1.2242333536192043,0.1241208372820281,0.012935966286297479,0.12754411458236306,0.39814268554777094,0.1569703981811045,0.03699621836035296,0.05921728190564954,0.08919302851871554,0.1060751172777057
1,1.32665813759334,0.08483118019886011,0.03271141558278515,0.14344178469090202,0.3978914454433867,0.15571069017951356,0.08701590227794306,0.07299331797086185,0.04520698556607755,0.03556483559657613
2,1.2201141779898388,0.11333436586971955,0.04973941529934671,0.16595823159290918,0.28831816938875565,0.11121449208167677,0.06546059555979246,0.038060985034416205,0.09311405397423883,0.06232615476432014
3,0.8452502577174537,0.09189850166257771,0.01466633429918705,0.11149652172453761,0.5882311293260016,0.16668326116912974,0.10420024540557707,0.03829565425428595,0.08746472289913045,0.09922278303323273
1,1.5143324977548807,0.06683108619914427,0.03627439352639196,0.07453060169611579,0.43550407439796335,0.17880101012741867,0.07694837949261217,0.04249713545369636,0.07341543703663703,0.09725185947346682
2,0.9482394108719775,0.07360828453857698,0.028499498649496195,0.12687675501229878,0.37600196091861676,0.09394039070136517,0.07644500065718754,0.06148116313752046,0.08999769323262329,0.0761578164777823
3,1.515605018256376,0.12623728074067797,0.09873200452584513,0.11683480383619507,0.46084531617597635,0.1519491940672563,0.06527553757904592,0.03901220603540695,0.07376210324624263,0.1048056346756159
1,0.9476891987948379,0.10522664733341719,0.039086423343283425,0.0906670612427195,0.3546831454923594,0.08501983339896674,0.05681644454712917,0.04495651698957398,0.06406973346329038,0.07119196441680761
2,2.2052618277875684,0.13828845931786873,0.0909346548887841,0.09869554464635745,0.3000157835132822,0.11703742001130793,0.07228406754532869,0.028086196462374098,0.1035731940534112,0.1480181624320377
3,0.9017970597540825,0.08643428503794143,0.02737697581687299,0.13684390287479498,0.2649544812216995,0.13006048229179967,0.09464900404771263,0.06274155727836588,0.10375540884604115,0.043326030387650726
1,1.286152302736388,0.1119889981805725,0.07084951642601776,0.12646888376758775,0.3090544858699374,0.1854297320428971,0.11760288052031656,0.052143665171269275,0.08282370404876956,0.11099577392170022
2,1.7594405814326726,0.09652665750854547,0.030162312543866785,0.11668617545468003,0.3286414868109186,0.06464256948497318,0.09402621412105616,0.07303336305872161,0.09744285783515058,0.050641758701621735
3,1.3242729168118892,0.09738143476984389,0.06837121299750684,0.11295995149039556,0.45591685326907105,0.15759165293876354,0.09203108105746682,0.041505420649846955,0.06574131486127381,0.09707397088342104
1,0.4565865845782118,0.14881950314448394,0.04256979688074899,0.1611443341715817,0.3020009104879432,0.11222301847001927,0.0948006910641645,0.060353590894686136,0.06967219785347978,0.07455596076128689
2,1.57356380597539,0.10449702459174752,0.04521758295784266,0.1319579721821441,0.47445109631702964,0.08750515304333839,0.09214506442457841,0.08026047637317275,0.04291881414907358,0.08472482819221898
3,0.46938238311042024,0.12112261069845534,0.02879829695692595,0.11423080175950386,0.4401337091852985,0.1297271345686199,0.06625706155837384,0.054979490735823394,0.07395938401320737,0.03376365536876289
1,2.289033879191437,0.12941856158837903,0.05950991770135034,0.03859907968935689,0.2869993904497857,0.11653249400984812,0.11587098767038509,0.0436507767628795,0.08131804197443519,0.07987985301865748
2,2.2785643863985445,0.08974281845484253,0.060656856272973306,0.06968929675526446,0.4450932292818437,0.16567481151059688,0.07322178927994838,0.07276057583461014,0.07002881598105729,0.061572599593772495
3,2.227382456049777,0.11585939898230187,0.025705514545601684,0.09111996925021382,0.30996760339472107,0.0899845831269544,0.06499534483430007,0.04748495365914276,0.08423232305629094,0.07225480840126784
1,0.6052626767702838,0.12602581455207637,0.01953613277757777,0.10303023884773015,0.49796877057415845,0.12263232940015048,0.03606685990743356,0.06391891762779879,0.05978094960714062,0.0626642823523327
2,0.720277697820513,0.12595067750624978,0.09902939652757153,0.09219565325603946,0.3566463006148537,0.0532907251391949,0.09601990847807555,0.023092221205527872,0.1035503507791676,0.10891827697477706
3,1.5825160358629748,0.10758211905334063,0.05833806856296412,0.15158032361863388,0.6083989670177281,0.12496885982509302,0.06231160739603231,0.04655866254661036,0.1178984696797536,0.11513251226966781
1,0.8641358034341702,0.12441993305862206,0.01708332256612098,0.08353299022080596,0.3951505910920567,0.1719503871754365,0.04673534991976388,0.06899064043911952,0.06316976075687655,0.12620873624275344
2,1.5485252483667424,0.12167004426569858,0.017688040326862175,0.11014177616688425,0.4342040412974531,0.10144933988004537,0.11040374743495758,0.020252324365096094,0.07717413142880843,0.03903542841193386
3,1.574911457746959,0.08649644127909371,0.036963196078472836,0.05252032561712039,0.2311075959339701,0.08119655970408363,0.08082644499159229,0.06561822288360167,0.1044054860850801,0.10360100925125897
1,2.0745286492143586,0.09710500334856835,0.047579592462407234,0.1452694944995661,0.3531403468545902,0.12189346415767899,0.10440522448958292,0.04074358096828283,0.11294457541202597,0.08668105865656749
2,1.7310581507665646,0.14677497288352953,0.03791997686085306,0.09453261178857159,0.263148234969542,0.12228212722283288,0.08041957431238353,0.05815088791664613,0.08867374201405939,0.044559591018597335
3,1.3217053762666882,0.13072922040977578,0.013469773255170576,0.09919699367961189,0.45615414399624427,0.14157434053686735,0.12008193947698298,0.05889222700885864,0.03304960568624828,0.08966206365620667
1,1.2806892473187563,0.12688891535309785,0.02648735582425622,0.12364232497946619,0.45012551890881813,0.12214201373806721,0.058739096667236784,0.020385527475901045,0.04749797168577048,0.08797750141126234
2,1.3444731325633155,0.131292931096448,0.06414339614654735,0.08871509476627064,0.3379556293775429,0.09999857792281831,0.06620559744347712,0.042249788421441795,0.08530259145414824,0.0843694471344691
3,1.2535146557778007,0.12332722232533358,0.06313662414174939,0.0437960620798141,0.28613756151132225,0.20064456137320752,0.10173332021767965,0.06732545245022743,0.02924637506537614,0.057510870417253196
1,0.7515897315075271,0.13277483581327917,0.05886241713263788,0.12520336153170503,0.3617187658817075,0.20779747907168256,0.09098422812288601,0.056386786819003575,0.06063517013471412,0.08729708546236886
2,0.9143098621173502,0.12990930545534726,0.010917835405062568,0.16881237315929012,0.39279031319583163,0.17159084756610393,0.10275790323536055,0.05241705748277308,0.09816042317017427,0.11216961154432215
3,1.4468795392649707,0.11593618717319527,0.10985159929849023,0.12431121410656717,0.16738408523601,0.20690067901438092,0.06850360290314281,0.04911935880174103,0.04771296915490397,0.07459301138903028
1,0.8098222279684578,0.12700655301766187,0.03952943494527962,0.060303220618057554,0.330225732772348,0.13174856694323708,0.09366287657815049,0.0323276333316737,0.10504745299451204,0.05961425450614506
2,1.581710125176236,0.14467134063755369,0.048635484498290846,0.05531873626712635,0.572400900946337,0.18425022060389468,0.041307639068806586,0.06470623257759954,0.06417549714987542,0.037898448854311644
3,1.9515510152772666,0.07897082374214606,0.024037916161711966,0.14348529062865553,0.3891718279658981,0.16434009074131134,0.06194481909410053,0.09760391247760977,0.04521918336902874,0.07838322430496782
1,1.8127491333857364,0.12236995635175994,0.07008539064299531,0.11544955573942035,0.42998330436099946,0.17529839328528998,0.09894240226841147,0.02811677774110117,0.06093321508304843,0.12385303729987975
2,0.9848207371794512,0.10691277027650768,0.051099061010574265,0.17819307066680617,0.42441893925528396,0.1339195551376169,0.09064666730059916,0.03780333607598855,0.06965852529170961,0.07516820036473343
3,0.8455605716896458,0.08899516267690502,0.010573036347733301,0.05800861580777211,0.39752369336554016,0.12652366860837047,0.06688545815113994,0.05354771368725621,0.07687789726199498,0.1130587934264401
1,1.0358323029759862,0.11063306099700261,0.09009140924544883,0.18985832480525194,0.4392912241652083,0.14947118476341972,0.033442265013198164,0.07001448871407025,0.06662537848178879,0.10921690167328708
2,1.6173229842322112,0.10447199410068553,0.10240870820738247,0.03207232912338316,0.43816277361899053,0.166121670325534,0.11071585208319844,0.05264569245838765,0.11015922466418529,0.033561866615837314
3,1.4712246311998232,0.11439082512221027,0.056740353370613374,0.08407034075829997,0.387235742298606,0.13839306128846524,0.07684283849822847,0.03840586900489131,0.07517310986049695,0.07932611625079006
1,1.9375736248343618,0.11855900646198961,0.03300268704524797,0.08791449594010832,0.4315922368164953,0.07472484698129658,0.07998063704344176,0.058839589996123126,0.08111995622233609,0.03651933636456472
2,1.532563728563421,0.110187622335174,0.028977647187620408,0.09223483571021691,0.5052166777157998,0.16265078084149936,0.06990933042112761,0.02687534565940265,0.09064611421082854,0.08563991780319388
3,1.2596314782437765,0.13186956650279094,0.038157382110546464,0.13488081383625075,0.4543262083679924,0.10096967301999536,0.1398523647653456,0.04114533580613376,0.044011374808322706,0.07804043982094376
1,0.2786949196467249,0.14181064535934393,0.04357241759979474,0.10531716968042763,0.30540737399202467,0.09508429220633777,0.06825891968509847,0.06355791793828347,0.06741406867679282,0.04454100890065494
2,2.459585922263156,0.09978051863597577,0.015789330575527578,0.062202772436856534,0.38038078902637906,0.10638404871403485,0.031038014850858518,0.07140563193234781,0.08993024660894865,0.08585096822045798
3,1.205218731987902,0.13453114656550766,0.10489532366669574,0.12830869649201643,0.3636356841079669,0.1657346426764724,0.10093802048666879,0.032934463425199456,0.07564093718663108,0.1418253642385001
1,1.274612982483629,0.10985644461283665,0.011319964632404145,0.07242653459558411,0.5278904657798916,0.08367810801075704,0.06619524808075924,0.030348100183182656,0.09667599991829566,0.13717072395009328
2,0.993876514748135,0.13041661691745113,0.028117363124044573,0.1082893534101843,0.3280721657981343,0.15579501778179822,0.05691491723832183,0.02646800679308735,0.038771639588047455,0.07431510979917963
3,1.0877703735044382,0.09991958977533641,0.08146015809066336,0.14353343187250023,0.3401559236844357,0.08725607673663754,0.07339564955990668,0.04722548997790283,0.06466381681164865,0.09358088240097126
1,0.9031506646930436,0.12150569887413873,0.05627763501896321,0.037992511021028706,0.4090434440089829,0.09292294677937686,0.09500268378945059,0.037344813325481514,0.05527162913660362,0.05308720588636627
2,0.7450747961909249,0.1031715126767263,0.11732894224284791,0.05510967764536378,0.5977816715018003,0.10738037993391177,0.07195425394744238,0.034154040433096694,0.1105887074441504,0.05384799041221838
3,0.5258332730860913,0.11270507752586977,0.09613144117661435,0.16102348598433333,0.5082291212900222,0.14618664577423174,0.07738729450222415,0.06059797697417567,0.08139017371297234,0.031933469863720705
1,1.3044913583777882,0.10263492566009182,0.014380909253855888,0.14113500869499793,0.431133001855466,0.16214819479348103,0.10661745173332253,0.04384799068100021,0.11034282852393551,0.08812747020930094
2,0.577858919173753,0.15488782304716947,0.052155858464806096,0.12439033969386355,0.43437798649947934,0.124938116908924,0.06680431016177775,0.020240794754093062,0.048090496766136914,0.10704946676339155
3,1.5268749455322619,0.11584435414214933,0.016463974668239845,0.08442831559904682,0.49923901130270315,0.15131124534289636,0.04385910530202598,0.06823543333188875,0.10973917472941278,0.07047481913103562
1,1.0671553408369208,0.1381118829008766,0.07341584766032663,0.06131615796462599,0.4112284219045772,0.10316033198125835,0.06994684921339704,0.04672032689895806,0.10654359547945211,0.08780157380080338
2,0.9712850108308551,0.0973123139135254,0.040460634568299514,0.15006561422465603,0.40581791143179163,0.0971695152046211,0.05259278528384855,0.038958048762420434,0.08341060080040731,0.050230914321649806
3,1.2665107548094972,0.12793039733451575,0.058653002738906564,0.11116321054710382,0.34354327697941517,0.12625517160551705,0.08578942075761291,0.02571537148962155,0.08839882599832803,0.08150845655114118
1,1.3453853845840777,0.1188160191991005,0.09348886184572719,0.09894412811294137,0.43532574225252363,0.13722546264200527,0.06357635993544697,0.03806130187057157,0.09089061714101113,0.05402316451673728
2,0.9664801681833081,0.10239839924298616,0.081429824357029,0.09263137701522757,0.3158551155957377,0.13444293165197527,0.053629100136128316,0.035596986251655666,0.07721975220908606,0.06270513888261392
3,1.0672360599565378,0.11544456103067133,0.07421523093781814,0.09319866170581889,0.36718803307591774,0.18335105300540372,0.07503732908912582,0.05233939872497553,0.06616114344975386,0.05361864695193411
1,1.2967084569957374,0.06704619111753482,0.07470654559680902,0.12539360598928248,0.31772337604368195,0.15501821821738773,0.07334655142978663,0.04940249077536277,0.047194036537614406,0.07478537751679419
2,1.1040094313662494,0.13712515494375266,0.058577158190018255,0.09115713405207336,0.41459247539846455,0.10866988336614358,0.04698220256215608,0.037145678050454684,0.07895191780346159,0.14133359966569972
3,0.2870832319899054,0.15575440984569086,0.0910307708017364,0.12732238152564987,0.36786720806728757,0.11228292248096977,0.11142830597892764,0.032086040377144465,0.08685792280026156,0.13713574372623097
1,1.6881089821083275,0.14198093321431748,0.09625633824543228,0.10346011698150558,0.4196994482237879,0.13252351209669913,0.07951062227550058,0.038751162240140205,0.040750675019110436,0.05778668653226961
2,1.3008402475066807,0.13452012024657578,0.044042964640342304,0.12606293692397616,0.4385907657320658,0.09936894013661025,0.08738902965877068,0.03405536095513467,0.11836071811991775,0.0835927096819206
3,1.7088157504459511,0.10261900501384613,0.04627351859902636,0.15164164959293175,0.4764548831828279,0.18304287241220119,0.030853234036079633,0.06990368491354476,0.030025667521796452,0.07255583365898921
1,0.9587843027284635,0.08049659886964192,0.06056785508700908,0.14587665491557034,0.26094252622759506,0.11990894309041211,0.05738981386388674,0.052364895244811006,0.09218959513339683,0.07568012366269976
2,1.426317629669342,0.10526387259698838,0.021749068785710316,0.10077196661981622,0.3975326204417467,0.1593549654021801,0.07788059252495805,0.07845129814418664,0.10755575252773775,0.09003233790462403
3,0.6134028559522517,0.10387259710124265,0.0323219207049247,0.15053548006070655,0.3602941312014426,0.117465330239102,0.06447585105219497,0.03304557026670807,0.03839818300645751,0.05024248031677334
1,0.5496172797853935,0.14780453505977437,0.03672106627603695,0.0887281432214153,0.33655688607079887,0.1785039854771522,0.054152751245047384,0.05283925784163694,0.07330092246525723,0.07409332893331984
2,0.9195944873039784,0.08258376839145876,0.0702818872850227,0.12545642234327495,0.2826357340668621,0.14053038384676939,0.04385562685272598,0.07784016385646146,0.050970611323417486,0.08743571037460987
3,1.3882605105981853,0.07365367997971857,0.07104696086585331,0.11458793332213987,0.3002778841714553,0.07379540837631629,0.0534157509412505,0.06510790513630649,0.06357332581901354,0.048503192755997376
1,1.4126942302388648,0.11015705910548314,0.05056862167393479,0.10010434025159885,0.4902667122365163,0.13467582530088207,0.0833425268729572,0.07203501404346949,0.10425020158222381,0.08898818261336501
2,1.4059845093567447,0.15071255178885268,0.06952363049614355,0.05144792564801904,0.25758555938892647,0.13298047253077028,0.06968387106384276,0.04751155466967736,0.07680215605107862,0.11205090987973629
3,0.9397199743242831,0.09470960794669059,0.0970836160229232,0.09590375583647556,0.30357769739450324,0.1586929307884597,0.0871253845018222,0.04653420403091378,0.03013226784989914,0.08466344874460952
1,0.6918321989569847,0.08200554490293738,0.03784030212660139,0.06192337047672772,0.41373154032830517,0.0718715770189774,0.07394953805039689,0.036307441513884306,0.10723672684762321,0.10494963829988148
2,0.6413479046644093,0.1192396682222124,0.06864851395868335,0.07097317756826978,0.5741903891855401,0.1438498950308933,0.11416686127620054,0.030867816864924118,0.02975865541275393,0.10478477412971887
3,0.9203322927311369,0.14755267298587177,0.06448967208285342,0.15879521227139973,0.5304924127861289,0.10270546703907288,0.07428449863112524,0.08881141840211954,0.04604700414964008,0.07485702717170349
1,0.36463714423051163,0.1506518726027879,0.05059593942149506,0.13191244493712925,0.38491034713172867,0.1725217668162704,0.08598371391772601,0.04075342186871349,0.06362531739894457,0.03852149122986369
2,1.6827591547432807,0.10899584290422891,0.03616695962008408,0.12419300003645062,0.330298322766588,0.12618779156163842,0.08233638635031984,0.08492684522490451,0.10445378355703425,0.08761762129454712
3,0.8781057458027157,0.13390789324364855,0.06340193205711682,0.10452184390194824,0.39310185129744996,0.16448456193787248,0.10639114691245213,0.05704184036079434,0.05760562894704448,0.1484804156702069
1,1.4071557991104653,0.11462297495662226,0.09325830535786409,0.1440290038494245,0.4252915603612924,0.1073339134314279,0.04865048714492823,0.03404516094986042,0.06865911633476866,0.08321963518898576
2,1.436383292419506,0.19378270165011874,0.04058934589137193,0.09563773729384549,0.259380822360352,0.09891806577328967,0.0651276460855759,0.06164356741802609,0.05093744073978383,0.0524808190809111
3,1.1279535798258926,0.15704838708612173,0.02145615412469667,0.06328157139746382,0.39019488745977626,0.12308811091322423,0.07486330963219691,0.06331778156411953,0.06976411922006855,0.06454528895457216
1,0.4702793669565708,0.1788885431836269,0.023242290371011172,0.07361124826633503,0.21341608402329665,0.18620604802188978,0.08575744711141439,0.08087991584022508,0.08486024176473753,0.06299763849700203
2,1.887957458637489,0.10515117266074248,0.062195407169037153,0.13879833708870348,0.472375635285883,0.10900846065649404,0.033194976277598674,0.02833579845428761,0.03687305728354041,0.06906539554405366
3,0.8242736338742882,0.08398134564127217,0.06892278357563306,0.1706981927986812,0.4639983684815337,0.06323190251325082,0.11360573705807064,0.03612115733624379,0.05307240878016453,0.08775592902617747
1,0.5566434816072463,0.1370762875730459,0.06908050556934713,0.07815131308047507,0.3040279466982348,0.12415710289642319,0.10840296189337556,0.05969548514378802,0.08600388659927218,0.07507352687832071
2,1.870345905981785,0.09346818914976199,0.050330450943167904,0.0818045003241818,0.4863915480105292,0.10573015289748289,0.06593814450762923,0.03755958740214458,0.0652527000188507,0.09074260826707489
3,1.440262084489106,0.11344511744797665,0.025763085903805553,0.08323307337020201,0.3885860920452078,0.1016056631460603,0.11079475043191818,0.026821811207780075,0.07595462370896028,0.09666268208475459
1,1.6943647724031548,0.18688556322123667,0.011999904678930778,0.12749688812869295,0.4814667754789731,0.11117549430710624,0.10455014681891386,0.015917203626230142,0.11523085491843768,0.07762043170590878
2,1.1963845714461263,0.1641066008834341,0.0458722286632747,0.04480615534030922,0.36730309438481357,0.10815602628872736,0.1008854894143258,0.047727152635390256,0.09255916550721176,0.10921554920581544
3,1.012454106691279,0.07658206794474423,0.06087904362477138,0.10165376942225605,0.21421621351511153,0.13632114651481617,0.0797056591578475,0.03482065408177128,0.06904242689462885,0.15223282003896296
1,2.025071454990975,0.08833455435154204,0.029118330534044987,0.05797834794008249,0.5569843097995966,0.1556185997549499,0.04181542797723489,0.02315900026677424,0.07497031052093034,0.0807387145741366
2,0.33283030657105095,0.09564013025944704,0.05933672315927222,0.15642345931235876,0.5908909238156512,0.10995906032401322,0.08253853653452559,0.045811565993085446,0.06640132887183593,0.08743290366401311
3,2.158806183508182,0.15918008427443578,0.06703958107014309,0.12653530248095718,0.33533389912291556,0.13863780839387038,0.0354089649753182,0.046214552062138425,0.030791483506716545,0.04814199812416693
1,1.6803292914762913,0.16181655819256532,0.09527890885862042,0.09690809934034118,0.3517420743262982,0.09795639494778687,0.12698875643688448,0.062306414356875534,0.055288308660781736,0.11639785811451706
2,1.1902930106453964,0.0932448779610094,0.04199855331724513,0.10993415387622847,0.4226158249443466,0.11751382239326484,0.06201392169156344,0.02293818410676355,0.07837417836096204,0.0991018876384942
3,1.9115733396642784,0.12365294665952352,0.016064016545804638,0.12636992037013728,0.2363198085927412,0.10537351951429119,0.09663659092733756,0.022537200617778738,0.0909308926270728,0.09912185606423472
1,1.1899014005540458,0.1441131400898501,0.03798538180572727,0.10518544576375206,0.3638421287802448,0.14081038808900803,0.10543321163244021,0.05054929183033213,0.10098053994373753,0.12180237656738568
2,1.1669067548593053,0.0962365992556449,0.03715223794598505,0.12560768286000595,0.24661022383296638,0.126399860951426,0.07843838630723451,0.0770347076223688,0.07935203088081633,0.04366346524887509
3,0.8934208437574223,0.13302711707243456,0.0864855793971388,0.08935548430717362,0.36430749349247055,0.09929912041047975,0.08933016196094214,0.07917527339773059,0.03223320854439843,0.034149388034751246
1,1.1060179661597556,0.10239298931095005,0.036871906936383404,0.10823768569772468,0.4143556655874358,0.16711516724799563,0.12673431540468988,0.057785339396914326,0.07037073271512795,0.08958266671411165
2,1.7730659977559942,0.154167518813475,0.0739023073272484,0.1361581817239491,0.5189826633978831,0.10409847063532307,0.08716614801759381,0.0804298388347438,0.05122755312706459,0.12052163405164598
3,1.2133746539569223,0.11685115516190893,0.07399997825760701,0.07271437179077811,0.343466574774388,0.10457878238300537,0.061957013610135614,0.059859091783929085,0.059618856598429845,0.14014623717779684
1,0.24192165414269473,0.0908368338851379,0.0163785145420298,0.15064754783082734,0.35206677936771635,0.13026718208957988,0.05922355086546774,0.05580569096377989,0.08222098430881837,0.04356190510861679
2,0.15292081238958133,0.07875205148677854,0.05188989387323791,0.09288105237317441,0.4025102891472603,0.12946674066831917,0.10719109971137918,0.06306169796941133,0.07950990335492977,0.07022358642040022
3,0.9522646382296052,0.170899113811058,0.07255154231726857,0.06353583793743078,0.6530198705670096,0.10598486350363856,0.08311566932986272,0.017681927002486837,0.10038177499163793,0.1046028212238367
1,1.2188780483586863,0.09008120159669941,0.05750321081876578,0.08190110150525698,0.403729917652404,0.11627951075126064,0.05881517857435634,0.05370993801923753,0.07326101149784785,0.05263448798593312
2,0.7884170174806346,0.0988929099163815,0.0699294886902333,0.06557442975011274,0.4263326900146497,0.10872899452515725,0.08089241952733744,0.07965295211973698,0.10125740186111085,0.10227853703724434
3,0.6399110582188845,0.14480417444785548,0.0549437521199813,0.08962507734790201,0.36792587554383693,0.09057374844201944,0.06239823062510358,0.05035895757287922,0.05668992908547498,0.11073622657400314
1,1.8619201858954273,0.11189769145190218,0.0808046526999473,0.09171106281545323,0.2823640643526463,0.13955307300360434,0.06704835106519792,0.055393118377172174,0.09639158776506783,0.046770990217073614
2,1.5031615576130921,0.07250406385367156,0.05809544153540921,0.08402556970850387,0.34192420777204063,0.06550536710922777,0.11022806841407648,0.06575773466476229,0.06569741126659734,0.09751497199106349
3,0.2679093472536672,0.1109729867157477,0.10034073046626579,0.12689135674840984,0.3154013956276649,0.12868048430715312,0.094008869696112,0.05349265777323103,0.05979761634148793,0.11256563629608766
1,0.6302283574368727,0.1101808920680658,0.07718128407794134,0.07464867418274071,0.43837371985906814,0.0931665496204071,0.11878978621503392,0.051956158043032434,0.09228958154222518,0.03183404200615967
2,1.0153409570945033,0.11586168622833536,0.02301998705100268,0.08747952634867717,0.38120561631492506,0.11571313074607294,0.08620825897118142,0.03872549521963008,0.09497271751075384,0.10696409761076518
3,1.6073223144504425,0.14190211864084393,0.0786130250233763,0.12013549116408641,0.5978878359268407,0.11584214692185497,0.06256725923821378,0.0765127634470508,0.06515768956342947,0.07711428134510169
1,1.3652256642601737,0.12891530084377278,0.05905395423341643,0.17896631580943506,0.4497253266800525,0.13710282410493607,0.08701634449094996,0.057754230297549926,0.09018363678728264,0.0516102226556399
2,0.8257649982230411,0.1074460504224418,0.01341566556466308,0.13121662417887747,0.5054913972569111,0.10709831640972091,0.07987925618420343,0.05359697237485108,0.06983155855379596,0.06619794220581303
3,1.7793838788231504,0.1132782868990055,0.02826735519302859,0.1370329389012943,0.36990193060542426,0.11958008582618168,0.07457079497058632,0.051397258431607036,0.06870621484723594,0.0855559142108755
1,0.3535575775954414,0.07858998178915241,0.08917416990089029,0.1414357381789279,0.4425563948481407,0.06978418613908233,0.06266978575479804,0.036990366559235835,0.02987308736226737,0.08005861719986017
2,1.0630206955215193,0.11124587090765387,0.033581891496078514,0.14205649937740028,0.26870071957228936,0.07759432411895506,0.05504591025972237,0.04487081706146359,0.060810716658637985,0.04970295016340881
3,1.598570116116946,0.14960342049372352,0.0872671084522987,0.042050051745866936,0.571538655788284,0.09073774066184513,0.10267070167459406,0.0615914287927034,0.0852851438428984,0.08225869529094954
1,1.595663145766598,0.1039658780786748,0.07995569649109799,0.08311165498951256,0.34549137587002443,0.17809463519330299,0.10521560713866562,0.04297050292110046,0.051031653962730426,0.10951520152579085
2,1.3328049589099211,0.1311877521071795,0.04007778714013771,0.1515653940864424,0.40815078792639037,0.15364910221068592,0.07374328541157155,0.0800305710550395,0.059473140066234546,0.06389110791938843
3,0.7802810330836001,0.10231321186875443,0.0821695578780352,0.08531632816814438,0.34842782497457747,0.14150658065908872,0.10857895258583337,0.04935946543619044,0.04757553396290416,0.10070672807245247
1,1.4719461932941436,0.161773033305251,0.10589979988610129,0.11332514300557579,0.3946906787577199,0.1404340405052217,0.08339362029428296,0.05674992781132568,0.05946345570051782,0.05709682643434941
2,0.6624589704812056,0.15174242102024854,0.0254521122991427,0.14854940193503197,0.3311009215318372,0.08412863705043783,0.08818689706958917,0.06733657213844531,0.06075221640518613,0.04491499861300679
3,0.45569172922394163,0.11053156648784628,0.028928321598366717,0.09153525628780708,0.2978094642784763,0.13224680369758404,0.058363658122494555,0.031828526338014515,0.07668118642518905,0.06606219601885038
1,1.6686252764430343,0.09986907143497108,0.060140947520028826,0.038327670686692995,0.33041640667051375,0.1638370483468439,0.07006346845411401,0.059793188890072034,0.09800189741846868,0.05081263866216167
2,1.3733286789709382,0.15949173353730095,0.0570540798521946,0.09947339521241104,0.404235654828631,0.17250081556115596,0.08822284572612282,0.0388395508910514,0.06684971742705301,0.0427215457641985
3,1.0584265192961242,0.09729184501453855,0.0587972220903262,0.08380724144103058,0.5901411834759793,0.07528274702923925,0.12670852730285131,0.053781586110208494,0.08379087585210501,0.04243373336253162
1,1.421585117639826,0.15271744483430955,0.10510927309239085,0.09635413568905335,0.3835208254149345,0.2374261549709622,0.057369852652697444,0.06289414479139427,0.07917898214643476,0.036917372028522154
2,1.4357506879472792,0.1442860995566228,0.01870056168697169,0.1580729006669165,0.32257743851385917,0.10685545733645747,0.09432420418216247,0.054969640567960505,0.07861422449981789,0.08767395833952808
3,0.994866589885407,0.12498396896274658,0.08336669255854859,0.08930479285240625,0.439076614935248,0.16374654964383673,0.06219276703385941,0.04319753127497537,0.08364056316131827,0.0928239100112754
1,1.9330410690551327,0.1668986193826273,0.03964790473467905,0.08706547972584489,0.2405494563486487,0.12855831641437498,0.060659753098261104,0.05629630947790613,0.09683851643523264,0.09523194132224655
2,0.9951504455124747,0.08774716865238055,0.07576535456737699,0.07897586182254208,0.33462233669377867,0.19725030018738318,0.06913897170309169,0.04848695371274164,0.047834896245080125,0.050984799557944716
3,1.7176260197981346,0.10689043913800947,0.025723127868452916,0.062027375017499775,0.3910623714837408,0.17971788660973326,0.06413271580533546,0.03824099366924005,0.08972003238995924,0.06741528659532536
1,1.9110947510845515,0.11781893146049331,0.05499204827783541,0.1257600861896095,0.2777202406560437,0.1101290845439717,0.057655034069611304,0.062138448839281775,0.05919150281150458,0.11955111703533891
2,1.012638890619193,0.10730415577992296,0.0902810655893621,0.07132058082323166,0.4969086291946563,0.16678342248142408,0.06387320484153562,0.023454359969742114,0.07404668639761387,0.05150876707307975
3,1.1322063581317316,0.08368899724155185,0.07226759384371066,0.1202834354225489,0.3465687830282663,0.12835219387451746,0.06691966852558001,0.050320400181996294,0.0999591379628944,0.11969368199232817
1,0.29527479286502745,0.10947603953481169,0.011853680176915592,0.06560368224164526,0.39598884879097684,0.08339948595715402,0.03756934622650679,0.042068395942745834,0.07410281126634184,0.0959382839690733
2,0.8625234765212347,0.1069203090958537,0.03589388317348919,0.0789056163321155,0.43487972129960495,0.1003650476768165,0.08615278605681873,0.0182333856801803,0.08011107383079928,0.06638015141702523
3,2.069060551892549,0.06732505768483639,0.10762277782583768,0.12731189860239603,0.4053884576372664,0.127194673053838,0.03645512819856459,0.0493884491610642,0.03997907334970699,0.08467380042608331
1,1.4883666318434392,0.1432653099406436,0.03405802911317011,0.10574242911038852,0.351564558742846,0.13178072656845224,0.04480081570720492,0.047783488539174954,0.12695665002887283,0.11248641914282721
2,0.6990917341061708,0.1572376308983125,0.014135723657552297,0.12274006303694375,0.34825093892853043,0.08184258553648385,0.10578368567529467,0.06306583992179708,0.030661404891301668,0.07217837277546635
3,2.034417858304736,0.13170659393210457,0.04724702188614394,0.08979836605039015,0.3234393754209109,0.13570986140425642,0.06854873638848294,0.09749637573197317,0.0418349623187142,0.0916025005976622
1,1.1494677851957489,0.1043493209474326,0.08046705400882026,0.13554831158911437,0.5509062291582849,0.10674716887767906,0.06669093148120757,0.02687537444696119,0.09681434797248241,0.0822512971689219
2,1.3055364645428449,0.10085818581872483,0.032962493535835614,0.05082281729835194,0.3186753958538024,0.130024038513468,0.0852528560321784,0.03754886311950568,0.04569584088959336,0.07961704548962827
3,1.3440200949236794,0.18850702692805682,0.047531417553102584,0.14948596010291015,0.4947697974177227,0.08369475804912412,0.08031219643962052,0.04954241200711249,0.03640148973136249,0.09867235597172601
1,2.427543031274598,0.09772600696310087,0.031230670792881887,0.13479972610563817,0.41322429671618105,0.1236655549554379,0.10293194737792613,0.047213104367634456,0.05891765132758289,0.04357398229348613
2,1.8614338534441708,0.1137819346999003,0.0802964008304013,0.04076837648149243,0.3333017336608768,0.13177996877731438,0.0659859995235166,0.04404020851439709,0.056824958493444815,0.058848030464429615
3,1.096206559238022,0.12808606153463545,0.015270444654369594,0.09327846317308996,0.368103387080601,0.0802966607193959,0.09414726729729012,0.059490839009720894,0.11242465211423269,0.12409907114311719
1,1.140516704557461,0.13220091439126638,0.04976471559306397,0.13930972842183625,0.40257300918033123,0.17592722529714494,0.1226592536290006,0.05808290964853349,0.06351016589933847,0.11655593034118863
2,1.283842762718627,0.18376020974139712,0.029909736980620057,0.17016792846005863,0.6110034577142015,0.13146142028104077,0.0327413277834496,0.04966526297286389,0.11275127746076055,0.09377548080124512
3,1.0888452038084484,0.1271064593642064,0.04808722965687008,0.1239921180318125,0.42898317956903337,0.1868400293680481,0.12108189406669886,0.0624596512839693,0.05733292898388159,0.07445406132164384
1,0.8560427301150121,0.13376845734350637,0.0641687938914326,0.061041359245658434,0.39210850429903427,0.1313985284378763,0.12437019472642513,0.03645104411344243,0.04136080649450084,0.05859945807570534
2,1.9082883573895622,0.0907028777750103,0.02509934436383106,0.11538828610206574,0.30145866241418856,0.12242474757580639,0.04144109884274,0.06287936979666375,0.07201691355391757,0.08399560416432594
3,1.538915311822857,0.14454309073435462,0.025956174303353802,0.05909292417292165,0.40778332744517604,0.14675421460841853,0.07617417048035827,0.052171661844353984,0.027511463095656448,0.08382551451412305
1,1.6060677915743593,0.0695107014216837,0.020283990699959394,0.058924327643261526,0.4710831519360635,0.11890563762767073,0.04296050500082224,0.05290186199481265,0.06355388541241642,0.09440733397360788
2,2.218051730523336,0.10034736991842265,0.044975174454972434,0.10653103921593335,0.44535258659441856,0.12516307944887223,0.09724712081922843,0.022556533653996853,0.06805188457863218,0.10243399185231702
3,1.2735335279294802,0.10439650046609683,0.08924519775871195,0.10870530109097365,0.6007463434665561,0.1403965046004361,0.05515207283584263,0.04029035764573811,0.07404984515463726,0.08641681218071007
1,1.4839065734471044,0.13562698161807793,0.029647360985433545,0.08664491393110242,0.44982993278044864,0.11644004221907928,0.09856640360391858,0.03879314436151331,0.06249506865420293,0.16840216151518947
2,0.5666796715291866,0.08775865298433672,0.04623026136571133,0.15825203241403402,0.5227710273449372,0.11458142814544538,0.10305247595760365,0.06591962833729673,0.09364075525110857,0.08400240722319215
3,1.12295548814898,0.1541203074157784,0.04529536093391988,0.10509826208324505,0.3456186087240919,0.16837261997600173,0.04498396338143058,0.055782649754646974,0.09580657929773737,0.1119344159003291
1,0.9133628725516145,0.11708435614639058,0.03252291093292893,0.03380442107095691,0.6048684218735194,0.17093935125267046,0.05533543246373582,0.04291540522536979,0.06832395403971446,0.10093113838326695
2,0.8071121197052835,0.14039725470166223,0.039974154731265046,0.16272023779689815,0.4012726402440011,0.0995257670751395,0.08300230296014566,0.030412640673858786,0.08213640968271237,0.047247752544018695
3,1.5988746782099192,0.1260383188066097,0.08203247091958896,0.07665530779640792,0.3237160902464966,0.14010672934300908,0.1797572329781085,0.02868621397694798,0.057211475956722914,0.09638285008138478
1,0.4572437495559839,0.13825357773166774,0.018018840062705082,0.19424157664713163,0.39455861525131813,0.09508684415403781,0.10312911621712681,0.06249193475398537,0.06923550992551121,0.1008208272551888
2,1.6430029052059938,0.15567469050152294,0.035962227047137876,0.036921075420820626,0.3543813615489003,0.07606847567160677,0.06454789920603626,0.07229885728311561,0.07814399258570467,0.06708836607021978
3,1.357716353421413,0.09953635557685563,0.06453932682151607,0.13646596922358423,0.438135607677175,0.11419410735459654,0.11504587004574471,0.0774788943055406,0.06650491600324278,0.09550691476463723
1,1.7941907746742298,0.1269519491966008,0.02669834614647493,0.07426428513767305,0.5060262633456662,0.10522978688142018,0.09857668579332562,0.04175502005524498,0.05048342023668803,0.051960876871633796
2,0.7057667521143214,0.10862305485425645,0.07030328404104991,0.06204006635891222,0.30903268709278764,0.11593141775680986,0.08251553744939026,0.04349927289468908,0.12671102598650327,0.04795081903765419
3,0.8043495562417419,0.10070641898032742,0.03597125386552025,0.0913577950214033,0.5203830767370857,0.06673905848985924,0.10285797205460262,0.05391578500587681,0.06292960380201486,0.09218152561167221
1,1.898534483758669,0.13537066457396713,0.03511224242061972,0.12095050062560697,0.5316609201785724,0.13803047787055683,0.08325681790757143,0.05034130909101312,0.05918814980774611,0.033197249307720285
2,1.7205324680196723,0.11988432025773046,0.11566321222855293,0.05519302255644897,0.27075389003666084,0.12583170324507742,0.05541926540086053,0.055724965192795246,0.04389217158087787,0.05529740951308432
3,1.4376465166916597,0.16772084253007824,0.09933143417774015,0.09022156721996662,0.5957223142379949,0.13738951413766803,0.08875397203003492,0.03355113212519063,0.04852841199253298,0.040231162268037676
1,1.1636026142347378,0.12510688051226793,0.041681310952178155,0.0690923587092119,0.5049058661582181,0.10840855982951474,0.12093721264871689,0.03065323806752563,0.06830894044296602,0.07039225893972179
2,1.2350723119736815,0.16971991492418997,0.04186396635104388,0.1544651020364422,0.24375031920078327,0.11902548798454904,0.08720071992463338,0.05230729964853588,0.03093472598320128,0.08703444087195855
3,0.3918097128086635,0.0846516623722973,0.018939865438680252,0.12230201294830041,0.39388886328045974,0.10889444256374205,0.10794824657263265,0.019614057386977503,0.053321877098023135,0.10374242934482152
1,1.0750274180415036,0.08419903739412421,0.09126891005980142,0.163464597273402,0.36278453640463093,0.08208043554356537,0.050077319615946254,0.05901413982711838,0.08710298086309305,0.10836416367428461
2,1.6597817724144157,0.12613023832370857,0.041866637696497816,0.1656021761221798,0.4549468718562982,0.1256028290894279,0.10885683353604501,0.050075717974029606,0.04854915694026907,0.06528838235596392
3,1.235975368449549,0.1347161437964483,0.06445679772798416,0.11404058323613644,0.2993826861932291,0.13011657068730542,0.07523478047004714,0.0638888719403277,0.06420602274152941,0.06582186675336797
1,0.35446106196988647,0.11068344773972856,0.08674946008239387,0.12068609096897359,0.4452907777811175,0.09101299647505759,0.09052852038322554,0.03223687332354354,0.05847251812453121,0.12391312731805837
2,1.494237925620104,0.15588762880061197,0.04537798709914744,0.08119735634545103,0.5407838181470782,0.18734274687717364,0.07148225441838024,0.04474502133640581,0.07675446067471968,0.13155335205563984
3,1.4034648141462152,0.09360131493554232,0.05382048341412807,0.09144751130504682,0.4144936298495834,0.13205083000522966,0.0658732667533542,0.039758127162548666,0.05755894911215479,0.11177989211595907
1,1.5180927603781884,0.13356409631500382,0.01032001771549957,0.2028025189503611,0.39390269275449186,0.08949436559293358,0.07361844837346364,0.05191777561962037,0.04023179344858811,0.07359950569716542
2,1.789626082389026,0.09589966378855706,0.08299802487760562,0.11653532059184005,0.431428573239647,0.08225794993492463,0.06898898855905425,0.07286997718670642,0.06674077181044932,0.08505165566087303
3,1.1456431451692863,0.12999191720966907,0.029843502349824025,0.13359938295707924,0.5550667287578959,0.12824810273337958,0.09098836324086808,0.04069147186890007,0.11435688023136767,0.13098195351732655
1,1.8493853421762063,0.18161603084954273,0.026319771590162327,0.13536788083121,0.5551648287432027,0.09527345709721287,0.07187833492597169,0.05618294481472874,0.07819749836437231,0.12629325181899598
2,1.9085101907473376,0.06890702631728737,0.07803842509777717,0.12968275781878846,0.4885828118744473,0.171677965511965,0.053236792344502494,0.04593251762713872,0.04369937845241682,0.04840326227063722
3,1.076443373035051,0.15833146770875767,0.06584862973853624,0.10788458101340839,0.28344987446234143,0.11532449632334624,0.03609142423527602,0.039946012572960696,0.06407448509428232,0.08598744650265881
1,0.7283567314829119,0.07812612762036081,0.04976048606242887,0.14578449841285432,0.42297120044682623,0.12767646338644367,0.03389075405019257,0.04571899673105194,0.03228923643423135,0.11389048386594545
2,1.0318102075464783,0.08941137669565904,0.06821839937085356,0.17022062465980883,0.5142119778547807,0.11793451882417763,0.06140517708201486,0.07069923208116384,0.08652705854409301,0.0671550776556611
3,0.9106864429556111,0.082796033951772,0.04757191137973289,0.10440797097888277,0.4023395757457876,0.1050635338933818,0.03374278327787262,0.02821689248968193,0.06350754513068696,0.06143116130666988
1,1.8759179712004839,0.08308992929560478,0.04314669628331332,0.15913061154977337,0.3922011558455926,0.06917040669259805,0.06860806136825821,0.061162543477919315,0.0527300539525475,0.14910893538422482
2,1.3769383070851282,0.11219821224528369,0.06597887197885814,0.15782985264575017,0.49523524643744343,0.13707376032979368,0.10319545590807831,0.03952393710104622,0.04786354144611053,0.07753327346396831
3,0.2370395979382658,0.1239462556582605,0.03294909792983587,0.06638936916821568,0.43584027045361096,0.16517205039743144,0.08786215689122437,0.06142604165756534,0.10015814274970794,0.12094900345569708
1,0.30823822864187855,0.10724872320002725,0.019138250307243074,0.15262407942656347,0.359669426583318,0.12659256221474363,0.07568792368766615,0.03506239025706538,0.08879961503968342,0.11980942326503018
2,1.8580562377256682,0.12624681482403377,0.06458195303796568,0.06542624527137074,0.2648771098636683,0.13673325336285447,0.08645623349838069,0.031763408884271746,0.049837131088752304,0.0745054162825372
3,1.0876039603530399,0.12795858131326993,0.05916638459290166,0.06544144537123585,0.25755018355699516,0.09048580129949302,0.0726784460350255,0.06289658310320534,0.09718922619949372,0.08570266951547975
1,1.2912469351023257,0.16475520117406128,0.09477578410476906,0.12436430471383762,0.39976121109331114,0.12392315472357,0.1189331142401732,0.05208016182606211,0.03845664321758232,0.10316720421059032
2,0.5292141812372573,0.12168126848148343,0.05548509324707371,0.058229911207803235,0.40199044131113504,0.09546489458771228,0.045314402768851646,0.028959398254752557,0.05536956336223337,0.05143037502872477
3,0.7938128819835234,0.07663977663560176,0.0377576374096704,0.11106071219118781,0.3575760910902115,0.11771361319247793,0.09565487478666246,0.036375627477018405,0.10048447582051707,0.07070079329701282
1,1.8185783896117127,0.13083270867738742,0.025461776888801187,0.05661301655953437,0.4110712593704731,0.12858502802296964,0.10345208575250461,0.02250812417862475,0.091388924040139,0.09018505107441399
2,0.8862370359277868,0.10773847742912203,0.07128008066253717,0.0962482070020967,0.27250513050832836,0.16399521456701782,0.08151096914026841,0.04339396891060897,0.05270947317159763,0.08822843656495641
3,0.17907232624119795,0.13510277562880904,0.03478421584497707,0.14813450495007144,0.5540115923102438,0.10177912823744004,0.07968394562773568,0.04672566748979314,0.061267880317478714,0.047826030310308215
1,1.622484259357277,0.06514434298679242,0.02669821387452691,0.08779852621388289,0.24898227050522986,0.14313415700772678,0.08504510468333043,0.05533773416532788,0.07441068031553942,0.10398739642262975
2,1.5949276833855812,0.19379958142636033,0.09571444018894075,0.05184991020245667,0.3411369661867661,0.06860158411515918,0.12823596514311836,0.05296145320754586,0.04090886881251031,0.11481617954896364
3,1.7704855255866556,0.13361538829014474,0.032167772468862876,0.11097128551127333,0.30050907993415005,0.11823609569317739,0.033640432652544,0.05893228626492218,0.10880682433325702,0.07842479344284353
1,1.844425377851676,0.1206714700846167,0.014206398159055791,0.090682672827604,0.4178560936058324,0.09984136424008075,0.08816374903316429,0.05772936526808395,0.09238285911831183,0.05037180897558921
2,2.276021834184813,0.18396816726658316,0.13298572868899744,0.08038389010106348,0.39759950564609503,0.1362181946445573,0.086636604704778,0.04829748105363965,0.05462013478506528,0.07952327480673235
3,0.9988855206899186,0.16220345622163052,0.0870397600960762,0.08887356880869272,0.5395331004395649,0.09491894304356951,0.11234546719307109,0.06001812190489344,0.09768578259724756,0.08151113746871619
1,0.4826953889554223,0.17047063090456843,0.023728449793723762,0.111746739855255,0.516657461360595,0.1859173260972466,0.04853671546958837,0.056784331103571443,0.03381411700848148,0.053025851185953904
2,2.2004540400505155,0.10145629366166084,0.02073472282282072,0.08232721253966174,0.6644072268783932,0.1213020664526245,0.08657762411871929,0.05755507108240997,0.09162228549762903,0.06949440839975002
3,1.6717809454682828,0.10220108936647902,0.06917519028834257,0.15008870069148483,0.3652797699869237,0.13318330851932217,0.04963648965214485,0.034728628207720914,0.10228842722228601,0.10236517039910555
1,1.3346935511205944,0.1507765839703094,0.05754198472654408,0.04333815484969671,0.28792384472098287,0.09612077166397713,0.12980719324004947,0.048263010731707065,0.07231527486001024,0.03276062628591733
2,0.40100747902488165,0.07001860182514527,0.03834726762857666,0.13343408390499556,0.48035450965392973,0.19610660842223754,0.10722447041093006,0.0440837766606158,0.07839815548968851,0.053261847860094136
3,1.4976570022409976,0.09112356640674947,0.06586056774335128,0.1484710148596888,0.5181534602709676,0.13782218504131197,0.12185249006094809,0.034408351666700324,0.10207261708367171,0.08030192180408051
1,0.8636146445930311,0.12882503557409866,0.023769838674334295,0.10721959998844323,0.3272304333327234,0.13747322379949053,0.075137885355102,0.03844278663803558,0.09642886189337019,0.09025272157438255
2,0.7103671981667655,0.13606810852701598,0.01356055451305302,0.07227881029495678,0.4316017933147623,0.10425279561041868,0.04942293049107861,0.054934443561653744,0.06584177190252904,0.059446199480497244
3,0.7462080837901061,0.11125519224778069,0.05302618653789824,0.0947561846216971,0.39419187026230634,0.1437254609824611,0.06879735702542161,0.031432236928691876,0.07581851077403058,0.07801746369513766
1,1.1901716223336984,0.08751042325020121,0.04922986284691897,0.03839123389120362,0.390983078718622,0.15840258398495752,0.04558746631271638,0.05512738525283736,0.1016861299595141,0.12607918577016525
2,0.8430764636492806,0.11857807387542481,0.03149182675611953,0.12922782851328743,0.44716838519865293,0.13373621328715518,0.1133917768714329,0.06730006015386111,0.05436415839084477,0.11471881322649535
3,1.4454881157547905,0.09804547241366825,0.04039521063475331,0.08703852007504376,0.3669754173669202,0.1407404386344468,0.07002594998150309,0.08554288917170522,0.10961006790215129,0.06108797204169923
1,1.7610919507023686,0.10792959504239558,0.050696774931176324,0.12318028314184348,0.5111408653725847,0.1687889957414569,0.10437646857078069,0.04151559158310116,0.06193519048793975,0.07193155905245407
2,1.3211817156884273,0.11061796617860127,0.05392683761889237,0.04122902622907662,0.3480394428244742,0.13078758088311576,0.08335139755889341,0.039351337830184865,0.06725925826583576,0.08282888310585149
3,0.6762405657683148,0.09804436800663847,0.03187230988547763,0.10952902070462357,0.2547358455503903,0.07537426465890494,0.05185182254866104,0.05807160152533904,0.08771177104272758,0.07305373402821312
1,0.6036316332889049,0.12556834818678902,0.014839576817749299,0.05319349581645813,0.46800783770660487,0.09942803775702885,0.09142604278317482,0.047075028287385134,0.10273348435191096,0.060400957314945165
2,1.3078870683780992,0.12637839594923161,0.03713815353796298,0.07263645922991202,0.361387827741781,0.1078964041844324,0.10358390927207765,0.07248990907793204,0.044616573392671735,0.11121123479505338
3,1.4969659308377135,0.12397391700881452,0.13343358828188606,0.07049754801310466,0.4448154853099071,0.0745381884954174,0.10124272284930456,0.028853196210431382,0.03362649215113015,0.07479105130820622
1,0.6867048622113472,0.11492319821988196,0.07733700699978661,0.117396920572161,0.4451260249003421,0.07421730264099244,0.11665179250289699,0.04586443621442812,0.06697637446952191,0.06616730089729345
2,1.9344260177392902,0.09673650025133736,0.061948613727715,0.05525346860732004,0.23080294577201974,0.16919863587507614,0.06837430750076805,0.05430755082361204,0.08239348127065352,0.058648025010068036
3,1.1449952168635065,0.10588132659772304,0.0849157756996411,0.06335960460842814,0.3640074888511642,0.12098133765325389,0.04618528896504185,0.047738520620758305,0.08298098784259637,0.08655669630973697
1,0.7499468454378173,0.10805796407472915,0.024568187187288072,0.10509692305103491,0.3678493602625792,0.08097402889162253,0.08871872112434694,0.02348056126339021,0.06114521527575909,0.05749442723642635
2,0.8234028784721356,0.07907607407884013,0.0759148866859754,0.12857165630899997,0.5312285062733253,0.05766177708744814,0.09628007136476951,0.06489708806120736,0.025953729773316156,0.10066699731192034
3,2.182862198572174,0.11728531817088203,0.09231301470092933,0.06493803482970475,0.4593017366674368,0.13906796856853498,0.07691054894139693,0.0314814749768934,0.15035010186752357,0.06959568920329538
1,1.5814971743238544,0.0915685715106132,0.01339496699785539,0.08013767395605813,0.38000465446028137,0.16190325086273621,0.03754032841669974,0.03839201786364457,0.09785507288327802,0.1056407816452325
2,1.421142082102272,0.11426340153674933,0.05551615038660479,0.04304241132958731,0.3763975939326751,0.07709418533190289,0.07500762746323754,0.033187743492711835,0.06945541834296616,0.09013068712335857
3,1.1088710461441136,0.1919820078078301,0.02887118823467712,0.07406742327652024,0.31735870423741974,0.10525934143980939,0.04628325301418013,0.05642157483707125,0.11572737387080013,0.12155422151141913
1,0.42479949142089124,0.1515689022996147,0.09004930888617489,0.08788004659943387,0.4739257571408449,0.162824754089693,0.036565954900887855,0.05847201344187737,0.06981586133770908,0.09411157879976986
2,1.7725828041629776,0.16055466678837627,0.09312321925962985,0.08976395503572933,0.355327587091981,0.16430946395172402,0.08514070422285733,0.042116057606646246,0.05800181642239806,0.08292746789436449
3,1.909982350480459,0.14185652557657896,0.0995308959979336,0.1147422327341707,0.3018257588673405,0.119790939440512,0.08132830970825496,0.04171806395126836,0.06838359028277075,0.10906095248982059
1,1.3368713296506034,0.15202935417747362,0.04877512403034308,0.12505648372917993,0.3468184970164331,0.10623221436166208,0.09870533602879646,0.08079418890212142,0.04759199003801573,0.08538509055190609
2,1.5946709283164113,0.12180072274272616,0.07791633780974691,0.1515036090133759,0.49496367905166333,0.13719344351402615,0.0715806297793724,0.05274651755057638,0.05477471902873425,0.0387379421380096
3,0.3001978846080855,0.13719328696924488,0.03722229793588677,0.1268778302885395,0.3544667446490473,0.10454063006496031,0.082008805377998,0.05844411769562504,0.040528657964523845,0.07741334690347819
1,1.1484798462277013,0.13430965289242675,0.02481962408857115,0.14707296296303393,0.24855252270304296,0.12015615566011345,0.07273390910945185,0.07849327910951057,0.06694278811224602,0.1181372290141888
2,0.6692783573527306,0.10609417098208046,0.014889917340056884,0.06429026015311409,0.40289034056195394,0.1059371758296551,0.1058392554476442,0.03668281243386668,0.03160627477971474,0.11940670930172362
3,1.5196327625399586,0.1667773302749117,0.023621886607290084,0.136892451932012,0.3178902041168369,0.21942290421032595,0.10418088670288296,0.08040079109843198,0.0873401743731313,0.10222171175251665
1,1.1021222593848834,0.17586567916303814,0.027270724090634257,0.11094624190238729,0.3290718183397954,0.11591470216395963,0.11250324962512855,0.03798913853821744,0.06798215892354563,0.10834058689937424
2,0.7502051581112164,0.14846085864881958,0.06536864597730628,0.08969700352984511,0.2436977252663588,0.1463307626425155,0.05297533860216909,0.03145862144904791,0.07864796856266563,0.1485104923447395
3,0.9270352853910953,0.07806960030774732,0.015439047924158011,0.17914653001554937,0.3728522892011361,0.14502976434612797,0.12516014551640398,0.050633054866337124,0.059392787828914745,0.08642016297599195
1,1.2025631073979195,0.08219216448289343,0.058877578305534924,0.10800772009527877,0.18435971858703334,0.14585493821332757,0.04322979895756729,0.0427908367713753,0.09319707025633014,0.14223198132065665
2,0.9389586250477946,0.1111419240913045,0.0405840958864216,0.09610264837731593,0.33823794583864186,0.10164687236812267,0.06961531001025921,0.057192243519808256,0.10331064832470518,0.10590972290990247
3,0.9004786635372786,0.16080045412015323,0.03149690640012085,0.12303591609648823,0.30599128075017024,0.14057887420846216,0.08787753388130737,0.05369225934028012,0.08091260550841398,0.09604121607331403
1,1.542863187914605,0.11288748967999217,0.11272411938078367,0.07658810401865326,0.21898505066414037,0.14675712393761883,0.1149170963229277,0.023972349276610228,0.03336634779992482,0.10084818792995733
2,1.1861819085581735,0.09209791249648341,0.05916147259794113,0.14480358598870635,0.332532545837608,0.12426685565160152,0.07325288727198583,0.06181432750557322,0.09860783794784113,0.14070194634195995
3,0.3645590495023274,0.1339478534531807,0.03605694300513976,0.09665671498698908,0.3149437699353359,0.14765192634746155,0.0544349305601989,0.06462512938428953,0.09601884689853943,0.07247507064487625
1,1.5114816692757438,0.09488653871730891,0.06713557276491734,0.10358874809261233,0.39230510355038534,0.20566649083092214,0.11659710747344472,0.05260945828640833,0.06696976374724564,0.08709838503646147
2,1.5115327722744598,0.15963033398619358,0.0783340803719614,0.12295295708862364,0.3889379210401507,0.0910458703269579,0.08467033121579946,0.05218915609142505,0.09306766899442157,0.10411118382204919
3,1.905311440808695,0.09419742434195343,0.05022905410005801,0.08126768607957971,0.3154171166016543,0.08557758256410569,0.044630865025558686,0.055715328217332834,0.06664523322439474,0.10597698549589106
1,1.1679109556811447,0.08922730587214431,0.018441785484683518,0.13825568246034917,0.3555431440488673,0.15197697643426183,0.08616204003642633,0.04348288474392624,0.12752113757888356,0.11076460320382533
2,0.860039859063735,0.1355375031512747,0.018302474562485273,0.11895128956944823,0.5086452880079233,0.08794587813398866,0.08967962209344685,0.029969435697422313,0.11034925785096644,0.08173856761893722
3,1.7480060729332692,0.1586483045973319,0.07146030252180191,0.10201531550741096,0.23597417365200934,0.15298096609284567,0.07906893698838713,0.043573636529876815,0.06449215613423764,0.05529255300932485
1,1.8283082805043285,0.11660127249481193,0.06277483202430172,0.09768908510280255,0.3432304436862637,0.10906817817827555,0.12450727681949042,0.07150671808327086,0.086351067359976,0.08494804907905242
2,0.7621367535539407,0.11292166524537105,0.039482379611285014,0.06342277974922997,0.21644906517973098,0.11192125185144311,0.1481833652258308,0.024484724126154413,0.1304979084469519,0.08270432202809083
3,1.3057586566119308,0.09095503216847073,0.08151268843045381,0.09350789612069413,0.34402122093935944,0.1506132569807763,0.10930400190265889,0.032567347788250905,0.09502147430735461,0.0781524488916107
1,2.442480991062963,0.1501171842465684,0.040949420273882646,0.08984352890703691,0.3500773248284776,0.0899848855972681,0.06376001652954585,0.061026042908017664,0.03864830438034681,0.10233015924192367
2,1.1841803243044442,0.11543981088335538,0.018148635570120857,0.15221277085459015,0.3762031658392404,0.09982068531515594,0.08096529792723421,0.10605465084007364,0.09578170941466439,0.11628301456945664
3,1.1557585522224743,0.0750125988036163,0.019098770323234975,0.13074155227684586,0.34450141554898733,0.10839741935166233,0.08252186134540739,0.08322489821812225,0.0940432810262335,0.05365705577185202
1,0.9964043302977759,0.10141870986287618,0.02935221761217561,0.13410793872392046,0.4186952066386761,0.11140296443961094,0.09088341842118344,0.046275090079961646,0.028982198461953206,0.06380427440093421
2,0.8403817190599918,0.11736134320520047,0.016329335567186583,0.0890906627681475,0.384110713109763,0.15162442989364183,0.06487590936079296,0.0699728550784704,0.11059909196685148,0.07509250929084715
3,1.42678493274855,0.11130673429976853,0.03411933128396595,0.0880803693320386,0.2835022793158788,0.13944636180753478,0.03506519100664508,0.0483587062824282,0.07500852764792774,0.07876274067530782
1,0.6479569408765203,0.11281381708854891,0.069745807977841,0.08494197102896421,0.47928029375116976,0.13152775731922228,0.08203898333508526,0.05364792521628657,0.08973082708072698,0.07260511913043662
2,0.9401017266887414,0.12440337164928117,0.01354873515875691,0.05694899777123699,0.4863786001028804,0.14981388012677938,0.06526068664616683,0.06314970861521642,0.06355794483963184,0.11258270219079243
3,0.8441239287234962,0.16030289403045533,0.07130550195053512,0.14473511125673633,0.5757837395250129,0.0799649964049873,0.0672137726783995,0.030527709993679684,0.09043715960381447,0.051242663203687755
1,1.7476926779902608,0.10298379032431951,0.022227014394964842,0.10319684318792437,0.3993270774178651,0.10569634404862138,0.11727763614293638,0.07639094577464126,0.08765003191013333,0.07214067158411186
2,0.7836572210355087,0.10075930965768704,0.042872758764617366,0.11535801924539042,0.18491077857356225,0.12635927216893517,0.10134543256803978,0.059047411722051024,0.06014765379546315,0.08573809586654813
3,0.48448029551776584,0.09373444639695991,0.17730815473472744,0.06224807751378668,0.4049068231601274,0.09916352889972838,0.07839087979723776,0.060596004280146686,0.040152240134649984,0.1062281050053906
1,1.4339890630071452,0.10475174584042936,0.08422036264087542,0.1227910002982977,0.38026798527750416,0.08476614357551224,0.06363886701769653,0.06654015169575643,0.08592443097920408,0.05454454753221551
2,1.4639997413113328,0.09434127356600588,0.08509198242607295,0.09307980446406362,0.6262775704092042,0.1809352845120869,0.07043541665618656,0.07592796255384707,0.03327448829662494,0.06071408983732446
3,2.130967101075612,0.11559825516601305,0.08443917259205438,0.14020190403666358,0.41645109677160425,0.1685403894910104,0.0998003822046625,0.047633720319062434,0.10896067639697872,0.10448969321347001
1,1.5583995691261083,0.11616192651687104,0.0800587507404533,0.10092475154346431,0.41525800822148845,0.11927110959241354,0.11837273315175156,0.04539276907544078,0.03572350180235239,0.044288537301051964
2,1.3457839697502196,0.11748248430069504,0.020671172895114602,0.14743598298796845,0.42642877383880956,0.12380784816036859,0.10023854504416156,0.04485188498960867,0.043977932627180055,0.07275163136773188
3,1.4230325394877403,0.13466084035947143,0.04050612206469685,0.11582811482381819,0.5313850201055601,0.1702667953840499,0.1237206257627801,0.025355362748271514,0.09777041189003159,0.04269936514624271
1,1.0389596395215173,0.10167198598002875,0.03438838950091387,0.08321828693357748,0.5524835093381102,0.08694265124010082,0.04691354925648223,0.0892491275296709,0.09944082464652777,0.06403386492371357
2,1.1731122986853535,0.09942406574782811,0.07616949975297369,0.08195049325550328,0.46788468820383583,0.13879557231844328,0.07545247058788318,0.03881911817968932,0.03463281846792655,0.0645599040215863
3,0.7224606440450986,0.12360261220119528,0.05368149046555152,0.08421147033142479,0.3961205492678289,0.06990175842458136,0.04666123075612364,0.029882040989215108,0.10368360953098428,0.09869404057263696
1,1.7597556512624388,0.1435434474075139,0.07818730144685349,0.15123046909536325,0.2328006541271733,0.13529834030612306,0.06529878351808385,0.04339626417193544,0.11171297575554079,0.0983449017624923
2,1.0055487313672888,0.1367939874037437,0.01493486809699723,0.09350637356388744,0.28528598342532674,0.09818077236568891,0.0366514917888559,0.04842303190383446,0.09549574915493636,0.08521032282775133
3,1.5480260051646206,0.09010250139290861,0.0341351617241743,0.08585555239892018,0.4601394008579506,0.1549930953928207,0.11937176376484032,0.041065048909230926,0.07839565943486829,0.10657069127444277
1,0.7736795069625586,0.10295230886846424,0.05225433458338439,0.10147985530062396,0.39907509504577976,0.1227940023197058,0.059448719125685195,0.03386619298148327,0.08042383568036869,0.10147740514746102
2,1.3590780010368813,0.06315188539996819,0.09924317735637929,0.09226942331026806,0.320955175294582,0.08476866508052452,0.106297332387207,0.02965617836573477,0.07893437590461894,0.055584421289865245
3,1.1950753000769303,0.15429034020404608,0.044782619373580225,0.060989644185153895,0.38912964924936316,0.11653443521033646,0.09924015588208901,0.0497895828955998,0.06381566767555526,0.07162149568133556
1,1.08856581588687,0.11855738666785123,0.08482852162983778,0.07054351367172887,0.2991225106678471,0.07063544644338227,0.10345020149552378,0.06068095238853104,0.04117211238181502,0.03483874536988202
2,1.9181680706842805,0.12713781729077717,0.09140917189413539,0.10347075242735783,0.4666273802177874,0.08467686738074186,0.05419776234021802,0.06083505731389076,0.0844808576853838,0.08087700463499801
3,1.9072916131256406,0.13581082320233087,0.1340166760861713,0.08554500462743253,0.505085611713085,0.07395648904564883,0.1241307965351924,0.06253275354696847,0.05050720651929093,0.10062570238449095
1,1.0005375710452271,0.12828839558363087,0.07194069946176307,0.1340362586805394,0.3649608517171838,0.09917961082356058,0.0660578170734009,0.04286353154923254,0.06118328458977994,0.08931137869892024
2,1.232122914695957,0.08987882856685743,0.03233321978646475,0.0832712515921294,0.5639766709389715,0.1934118377392189,0.09491704528443162,0.03535621157693879,0.057228194487418844,0.07424522697883507
3,2.0310906561981525,0.13988677243946854,0.0358657008561577,0.160092417312629,0.30353354948191025,0.13594892245482212,0.07602609253302,0.04390480481647229,0.07448771391946477,0.12629604836634847
1,0.9867100775218376,0.10285418957980935,0.054364937363943294,0.10639753087519402,0.2469724036824387,0.08596003654510154,0.0679652304683236,0.04548209653802136,0.0672267622867404,0.07733474953568448
2,0.8239943209753638,0.10684653514851553,0.010778007227621844,0.15125209187924712,0.4557684812474613,0.135856576071584,0.08788769914046092,0.05883030838769044,0.06811900957526104,0.0536048308833974
3,1.6856533042748028,0.06517088276287879,0.07727938927440597,0.16001147532337057,0.35578083214179823,0.05908666314117306,0.08423254700510159,0.04965971627807878,0.059336265517250665,0.079774936807918
1,0.5709027620318957,0.11317210773839721,0.06166367875345058,0.10022521458320711,0.5381063035457306,0.11687833441167728,0.045531025308337546,0.03976225653426387,0.07481784236008544,0.0455720826810282
2,0.6963901181659988,0.12888594741763273,0.01548186657909667,0.14287371003004914,0.5059140804651584,0.09938783083265663,0.09684401818727412,0.027342542746373467,0.07222863832533508,0.1162305983704097
3,1.3859390092751955,0.1262350394556657,0.028211772881532524,0.17462154302422223,0.4056531279101575,0.17985234080868343,0.06500405721295201,0.09340700997007345,0.054393705397872666,0.10759004550443933
1,0.8054708211212573,0.15689245024072343,0.026507590497637488,0.12919927782233687,0.2727170103067701,0.11944260607669288,0.10479656572577165,0.04669335162522951,0.06886083697769922,0.090063738999016
2,0.7743026613964278,0.17622529082099792,0.041321729656368676,0.1054156370873894,0.29893254223551213,0.09123413278092957,0.06303240303355366,0.08294653833546986,0.06845242051519203,0.08173798265608676
3,1.6779173942347334,0.15103392613466293,0.04851858899764341,0.1197170882476064,0.5391075073751102,0.1203987518164878,0.08690559484264002,0.053684633694208554,0.043315492096916014,0.09687245836133078
1,1.1301960910789672,0.14532085299583794,0.06109133613141893,0.05540201074998577,0.4606945384019066,0.1685527717145548,0.1436696241614821,0.06846487869260902,0.036552301163634095,0.11655534502315579
2,0.5338323201176653,0.10838764856813049,0.011556847350931591,0.11639301329886843,0.43318430856303186,0.05752887144390838,0.08088200452991193,0.05536136401443372,0.09661992217263625,0.05187409187569979
3,0.9243584329261896,0.10738268284501729,0.010647093636554743,0.04829140326933155,0.5025023344063329,0.07748173565209732,0.08092035559037875,0.04266715138106278,0.0833334060571985,0.06089401478274994
1,1.3184874469762236,0.12891554191374116,0.019992779783946216,0.1559054416250159,0.2982022122282727,0.11590833180359791,0.13424196882745093,0.051988901167063166,0.10377474752480823,0.08360905448586058
2,2.204179948251748,0.15083103587847912,0.011715929405619926,0.07837704350208669,0.6890030892767027,0.0834191489401232,0.05272121650387789,0.06196464992067366,0.07468211202678872,0.0957476736394614
3,1.1006022192445468,0.08759024305661936,0.03329977504697376,0.08529820957050326,0.40660917483298825,0.09070912766996361,0.06304202680179136,0.047844972565924175,0.11096551716441078,0.08707362232459195
1,0.46912734715572113,0.15076306557726554,0.028429436309055228,0.13382931317638835,0.2918204068360766,0.07984448743135798,0.06496084566421718,0.0646652683451059,0.0448872794605823,0.09944444595171016
2,1.5828340057953667,0.06960258901201723,0.049972876151623456,0.10853373539415934,0.39085754134642064,0.09538648191014085,0.06939893630784583,0.08266629512534765,0.13231134856834925,0.07514140330027579
3,1.5795075009217883,0.09900261921548768,0.09099172415615393,0.11208105450508218,0.31702965069768424,0.06412318595432259,0.06646679231573845,0.04315914818184406,0.0983885209847621,0.06989685847914849
1,1.7691898576737133,0.17637603592721016,0.09653279354894065,0.06419930625208747,0.5341228786555045,0.100740221769658,0.07367333349836047,0.03229302682999523,0.0710009291696114,0.11450130818549502
2,1.5368880409111145,0.14014024398852248,0.045669358196799084,0.14768359837253456,0.6073046531706102,0.11437564777137144,0.08602893919617809,0.07667273323714283,0.09003119625462118,0.05935472498956726
3,1.7457492239224706,0.11720658488363048,0.06306130089846822,0.08849175759160363,0.5018955329111872,0.18916920250958363,0.04043909115688647,0.06868836557646912,0.07492096101254249,0.08421793735491218
1,1.3208724882904053,0.13137039783854323,0.02663168013598155,0.10890365702314694,0.4603054702299467,0.19497215382479216,0.04852568039137884,0.04974243285593647,0.06216190941872578,0.13173435422957303
2,0.5830823682829427,0.11080891927171921,0.03662401140364654,0.08447811569917346,0.3365017964251529,0.10659694392904874,0.03773264759610147,0.027030735280129024,0.08740958169424824,0.0709892538018998
3,1.0765652630857243,0.1843654480351351,0.03729930398192188,0.07486624677068338,0.332880606727076,0.1132330872131533,0.08959003785921008,0.0699556754923849,0.07803045637226359,0.04170869426542323
1,1.3497932115796851,0.12616112603693186,0.033627656340012635,0.07529751240147278,0.34516944650922066,0.1455623764574382,0.05935739291574085,0.051642012747399824,0.09327534262269807,0.08106733696294142
2,1.4934122782936352,0.09911685096536466,0.03682341743734071,0.16546317292950508,0.4663759098034462,0.1514081678925404,0.04590215442127482,0.08087549641981671,0.06886448882868486,0.1206419300450192
3,0.6350395570590736,0.12038015753372588,0.05179908872632465,0.08997056173998916,0.4860174246650003,0.14180340251739476,0.06071673779359123,0.055207329488390494,0.07234508373721642,0.08159119744673221
1,1.2081098314898664,0.0912128329757987,0.07734210287365512,0.07418142019869105,0.41969644384525717,0.08361121213214136,0.08025645218394144,0.03862173673636771,0.09430832526913743,0.06060653381216583
2,0.7718551156538848,0.13184454993735062,0.04271562908503949,0.03857960435427399,0.4449940672959599,0.09621590945530051,0.09150964502339237,0.049658075649644105,0.06731621449318759,0.0992372286801537
3,1.1408218173506226,0.10278410526235142,0.02516844139586649,0.08252535687160378,0.22600172467194288,0.12969054512290448,0.08905884032739497,0.05742551783777551,0.08680253226943098,0.09399462479478378
1,1.7565373917155942,0.07781829505785584,0.016429100588330733,0.11598830914327918,0.5269206326046965,0.07995084999978139,0.09902482338944327,0.022454223248076062,0.09666187217329926,0.12885108231473677
2,0.4582346185597015,0.09785214437704225,0.07527264725797732,0.10803141256246368,0.5167716008669597,0.13040645550418511,0.07062660861321168,0.054996560638553973,0.09047775172357109,0.11413848487286762
3,0.8665530830908931,0.11297993136615189,0.10797630704375101,0.10561863010750717,0.5116842015948423,0.12205421503787868,0.07033935578859687,0.06593357906034401,0.06860132959673515,0.11000521586792136
1,2.0196025090865377,0.09350362830398892,0.038795968948433394,0.1253305355624567,0.41518546664221484,0.1399908810009396,0.0819671255831909,0.05654575545630285,0.03397697810972861,0.1293496441104844
2,1.9407504116486716,0.06619147329245798,0.033000936231611266,0.10676683630876878,0.3145882298256133,0.17800615263773692,0.08189885421584063,0.04595675431658616,0.07194682632655046,0.12297721338677067
3,2.153327990224878,0.12249841743614276,0.08041227879357007,0.08410072296783033,0.4741571118262687,0.15520844101814374,0.10141125235167461,0.059291007278940745,0.04331317469913215,0.12425059632548109
1,0.5405513621522864,0.08185061696123118,0.11001951526742854,0.0790548861901268,0.5683226663914569,0.12712831473843486,0.10161457681900449,0.04258527389209906,0.07399817530559419,0.11453688921576462
2,0.4280318562833534,0.12355344131498383,0.07790846105064142,0.03518082122095313,0.4008167781453169,0.11884557975651375,0.049824328772111084,0.0557282806139881,0.09032560930858938,0.08539287778233424
3,0.6458624321804819,0.13548682567624654,0.04071173053000261,0.09113795245985969,0.555304372166735,0.1332179010423866,0.044273894838070524,0.07146358996394478,0.08247378957433432,0.09793067506539443
1,1.0473871023308712,0.09555846769128043,0.019267772196882155,0.16685166238766996,0.31755540836228213,0.13154419566300107,0.094221174123368,0.07288790831613433,0.07503345443687817,0.06277351515049856
2,0.8018177468721345,0.15791422509475633,0.06127679116330065,0.03773675812913426,0.39796474023712414,0.0860486198887763,0.13664343762111103,0.05431955724177197,0.02533921810217099,0.10956287173263254
3,1.2296579261140923,0.12278601780626308,0.1085834560071835,0.11962820147057096,0.5940164899259139,0.17252727664142092,0.12474875067340824,0.0692822932977133,0.06313996364925756,0.10700542586500188
1,2.2000728317688996,0.12243515387782525,0.033125100023908206,0.16687479044396675,0.304265870056366,0.08441363391349271,0.07104116601135219,0.07204596701315924,0.0519074998683446,0.0733548948039262
2,1.710828435016101,0.10318457252986353,0.04062202777009639,0.06406310704750517,0.40679563236940075,0.1722029714488663,0.06331443283118116,0.03930514752387042,0.027651431478246086,0.0534329079858928
3,1.3968886861571705,0.14551359949181425,0.1000947444227375,0.10144149026292194,0.39901765968554004,0.13277720958986905,0.05776549236106837,0.04780398520987293,0.08251646022902756,0.09295812284044118
1,1.9191683067515772,0.12105083142767775,0.0422398939087447,0.044659607134518116,0.39315744123712043,0.09013359095072668,0.1154827500391361,0.04955853736668325,0.05322420568732282,0.048387738524440255
2,0.9452964540797346,0.1798014353519911,0.06352309087460306,0.10035365549581013,0.29907591166410746,0.15595240714546263,0.0739395733469017,0.07070622542988383,0.0642202353590074,0.059266250169617424
3,1.4517144593869669,0.11263794513548832,0.07803769766906139,0.11255564310340697,0.29268201906783614,0.1281428794143154,0.07957651448106048,0.04494505536337794,0.08594289385738262,0.07979756446032986
1,1.0477451639470479,0.1296157534997237,0.029298026706134028,0.12385116050643324,0.3455212668004741,0.14199905802303428,0.09879398697341667,0.06436876418618254,0.07136158136291303,0.09058681146312698
2,1.9897663660661178,0.12421840141445455,0.025997331396874098,0.08439631882118655,0.32502634679805487,0.14851061082718559,0.10275579439411761,0.05633164376397881,0.06108299513999994,0.09791654178359717
3,0.9396221311144821,0.11728120905371146,0.023348855700185946,0.11547767991622751,0.5292964915245029,0.08780948976149691,0.0839049924943901,0.021646513920173378,0.07878045864267912,0.11118351830065035
1,0.707973119360076,0.12702150078615082,0.13607531177575746,0.08933423939235412,0.2936413629410896,0.11529542685191417,0.0779462092640576,0.05801682835534617,0.03426014274557706,0.07128886345957348
2,0.8780053752701921,0.15368971281704533,0.036693531081890024,0.06674948445787979,0.4835875072540072,0.13128384025007364,0.05323483805305908,0.03565582127283837,0.0525834752177677,0.07587479411795728
3,0.18773432099294496,0.08873916607286472,0.054709176613020105,0.062409043008675884,0.3044729181045495,0.09848401530736585,0.09170301522270027,0.051091456659187504,0.05859663729966262,0.038965440110693354
1,0.366490063745747,0.10800121930062291,0.027057598305954462,0.09817854476925485,0.4701653661893362,0.1585778051224453,0.10036613656312778,0.016009416569547484,0.09361889781649499,0.12274196077916884
2,0.9131232975071977,0.15720868035244137,0.055647285085916515,0.08936195585943954,0.36192380447362016,0.15426929768825307,0.061422157817021775,0.059757736942990795,0.03861002281402052,0.0517074206811956
3,1.1103758641767922,0.12564241195297918,0.035807313327067845,0.06851228723748465,0.2628274457295291,0.166346892160468,0.09624262842980845,0.05548960763396808,0.09999896864652077,0.10391614299253277
1,1.2885128768333716,0.10004156839195485,0.04977392725730357,0.11000791449075323,0.39246529111032086,0.12689493492733572,0.11977269499342816,0.0712775744453721,0.09660191614502818,0.09517708807192654
2,1.758456323335511,0.13508602038495648,0.03159414135060421,0.05995792948306648,0.5442497696459997,0.14218192259729956,0.08314658996553415,0.04347279844932637,0.04899320740946155,0.09415021749477454
3,0.6680339029122134,0.13151786089927983,0.033740048112140854,0.05734309637468281,0.5458381613338684,0.15318056642642647,0.0816027998043702,0.0685860977239716,0.07526207841691475,0.13192756278307005
1,1.0980149200066855,0.12919376092349213,0.0447428182378377,0.08845892785738742,0.5371435943861869,0.1417392037891586,0.09015415258699673,0.046592957569814665,0.08321699868026787,0.06631755043627874
2,0.9579302213051395,0.0761551216311922,0.044852417306068225,0.15411148792238463,0.3901516143165715,0.134023924403685,0.11381332685498514,0.03561105319352633,0.09682447767331194,0.10334084209976313
3,0.8118116463055394,0.12666195387003654,0.07940537272424691,0.05695599142719446,0.4585659751857354,0.1954186778101079,0.13071464811236239,0.04445346990017481,0.05164599955208121,0.0670109520918139
1,1.3313422455654322,0.09120874843596934,0.07571340576610962,0.16119106428896363,0.33031429457559536,0.1794287433821588,0.13239666727524632,0.05747167868318497,0.06128183167919808,0.06923116072490476
2,1.7942239478260646,0.09447794094829819,0.03535563618601539,0.07140953143110207,0.3426140334899616,0.08247953040300963,0.10165522720018393,0.02094581836947096,0.04963418433264287,0.10495305267122859
3,1.558372331881161,0.16145862767030777,0.015373364762909368,0.11001384039454298,0.388653335215865,0.12971874817536722,0.09637700584009568,0.04850599816602638,0.06296428739993375,0.08618539794962538
1,1.2129475523560935,0.12451520070394399,0.07038782869015248,0.10987477747034982,0.26927156409134145,0.11469686635649755,0.06320106943276207,0.10021163434477531,0.06185186219752899,0.03909133595213981
2,0.4333437114825922,0.12279932636598961,0.07872807777950394,0.07777437021925152,0.4187874545379932,0.07277909697431179,0.11589550946631494,0.01757942858159736,0.05207948821437669,0.06385225452414951
3,1.3056975108834152,0.13002714790326222,0.04448785284189278,0.07867517220970205,0.41484058325770523,0.11622692425245341,0.07494834191565031,0.047780860837769404,0.0666916622590792,0.09443652363752675
1,0.6674674820399964,0.11271645301817176,0.04096778817389824,0.07393880297557877,0.31776466038105794,0.10548580984640023,0.07724438406047354,0.015893380257083277,0.06819919805260441,0.0577370210673197
2,1.6233925520340486,0.11987695768419368,0.021206846441697735,0.0844802874496027,0.2859786922637646,0.08749535783549589,0.0675878800825255,0.05491463361713128,0.06404013882265364,0.043836215473182887
3,1.3628566959798405,0.12711289104139953,0.05276096938885073,0.033638175349334304,0.3424226371901823,0.16005209430060524,0.06500253994364572,0.0596033526152213,0.07126979092180638,0.11101676606177537
1,1.0569610956910098,0.13892504843770245,0.07145206018269668,0.07384957262172105,0.3568158512852607,0.08484245644555913,0.05527959944785617,0.030196438753187983,0.05293177286197881,0.0916475674302486
2,1.6020330691654283,0.11214788053924137,0.06327912649794805,0.10059588247369344,0.37154842321110326,0.11416484987987224,0.05743487470016162,0.03316221911304451,0.11073143151102284,0.05306882078519341
3,1.339585950319023,0.1196957737236155,0.04242080594779273,0.09347168355848344,0.48462136604640227,0.12138346508890888,0.11401042122750063,0.04418439292663616,0.06498035904074584,0.07463643090080115
1,0.9943799446943763,0.09455851890456723,0.01103244855851164,0.17587600280715293,0.24487415632404008,0.05969154965337217,0.0685573115350806,0.057284204153103736,0.05300411269895289,0.07542433676601622
2,1.0500052086204719,0.14341983722970775,0.062496478576724475,0.12655067988384994,0.40633737468754944,0.1283128807184177,0.10330102664102547,0.03424366973469169,0.056572314250286866,0.04796234205159959
3,0.8639246062056257,0.09283487003355964,0.024554796162613357,0.14868692289460084,0.41836250423454957,0.15714496658543914,0.0872548105799075,0.052853695442451706,0.06930569827463155,0.1390545030351389
1,0.5973050010599144,0.09703889278087857,0.034193172843018135,0.1260797337099614,0.35183341974103155,0.16004824860707287,0.09188598253813028,0.02697977906429454,0.07471051842925486,0.12041632169919228
2,1.2956936528412268,0.12400960612930187,0.03571641790657681,0.08736005462213103,0.4130818375064466,0.06921595566275981,0.06632408639502413,0.06310487034064938,0.050796219389889645,0.07893790036324945
3,1.4280656135791734,0.13375413685246876,0.016190296753732493,0.16643180542849928,0.42759403029792664,0.14509320964476005,0.10154405791321247,0.03867393574546513,0.052233018914457405,0.05558633238939348
1,1.7151650388553434,0.1445231088843159,0.030337696227215764,0.08101010037360475,0.22005662643242904,0.11691177706466342,0.09254843967659772,0.05884122333207904,0.09505402988362814,0.08115916963120955
2,0.5473186180071579,0.13201872360087136,0.03535168095525934,0.10451866304496525,0.6186960097169457,0.177160823891565,0.040541109010845455,0.02543232607983803,0.13833904246972412,0.1287683173184128
3,2.0837211714512884,0.09142899726807822,0.027376400167853542,0.04801955895599936,0.3004692130274478,0.17255569367945423,0.11122153111578097,0.047875605848222355,0.0771758286921157,0.07092305020243385
1,2.1820660096128472,0.12459019293339801,0.026441099739039797,0.16172635429827567,0.3370798157774952,0.1257562720584749,0.0785988978720741,0.057678519210397614,0.026604335302739465,0.10554650918993158
2,1.3239987659224286,0.10133754644769831,0.04156173487537142,0.09666520607944262,0.5267797048158418,0.13024791107478992,0.06891437245105493,0.035851103708589724,0.07835937928307012,0.09266680641508873
3,1.9831222882914619,0.07128356991601019,0.05055525907807342,0.0771934463177962,0.35590093726011124,0.13031321007593363,0.0728221728090033,0.05117545546574573,0.08990045165721938,0.10012687404389602
1,1.0624485629641265,0.11465501462765255,0.0882609873688773,0.09364095027511085,0.45715019347189106,0.1268279234156197,0.08293297593135747,0.0573070638542647,0.05855466230853751,0.06957320529182877
2,0.7339505530824576,0.17074252224992592,0.03234845699025767,0.11197936087080915,0.303019564678056,0.088002853191025,0.06958955524352847,0.04848553849386923,0.020200032579969857,0.09118067395354812
3,0.562046648149652,0.11754402608826496,0.04263459846410867,0.09481289795392937,0.35170261018738214,0.10447929995940461,0.11642406515124085,0.07978205647481948,0.06718783778703184,0.10013588795144425
1,1.864739464548515,0.09849687464360252,0.01660067936096511,0.07901506540278058,0.3890984568161959,0.08230124771588333,0.06218037705890597,0.03160265615514896,0.0513628929314614,0.0758406570552501
2,1.233523492447361,0.14570519451136918,0.08549387633676755,0.12556097544466815,0.3818188941263845,0.17343941226673365,0.08420425104327108,0.05976585952806339,0.05094153793613364,0.09032530644180123
3,1.0173522283618288,0.11341382104618093,0.022533356717730244,0.09632891246336339,0.4580880424676928,0.09387921365376274,0.06018186037846128,0.02484491793929964,0.07835514907645882,0.14507081146996845
1,0.5969422867124904,0.06647231909219226,0.060422409635266516,0.12850579202400494,0.4228897632215322,0.06694499959397923,0.11193069387205945,0.05005460248287512,0.06120272042587566,0.09175513446484602
2,1.4904742645472278,0.11286083270124682,0.042800675602464124,0.08586267680831144,0.3395307003277373,0.1254473610238432,0.0775961537059176,0.03917844713496606,0.03615897006235873,0.09694779153542861
3,1.1731223288486274,0.07014157274948404,0.010117409719614168,0.09340658333609865,0.34190640687402024,0.13198047661722526,0.0581780996851571,0.042564808921967394,0.06082950439096119,0.1347853641192579
1,0.7717188083594574,0.16265776253474656,0.08899338078296598,0.1132370460407216,0.27980990707176534,0.14507389724939435,0.04875942409100524,0.045660607761073,0.05325259653851967,0.05326959619905877
2,0.5672891512960782,0.15286015784180843,0.05916530807830175,0.10667632750076934,0.4707522382931787,0.08717548463937574,0.10320210874750498,0.04942219682197351,0.07571946644273393,0.06579274898415867
3,1.247334519327847,0.10016178539553744,0.06020489656079467,0.08144702158582534,0.4660311552526158,0.1612676328521342,0.11272156074806519,0.06619612545325426,0.09068036393247621,0.07009220312781791
1,1.0986003415206964,0.10683503322254315,0.08774398114265902,0.07162475182341003,0.38040567532416847,0.13084571289352867,0.08446210906278553,0.04784554961762681,0.08330487146619514,0.08284680744245972
2,1.359297338300807,0.10985255785897188,0.024091719306332374,0.09561960021406941,0.29747774146067374,0.09899253829593718,0.0522221980869038,0.03293951709241233,0.07690507472941668,0.046081754808893365
3,1.9399607084537975,0.13587082419278104,0.09548360435760544,0.08508991188957554,0.42377303765897184,0.17502147231852505,0.057618570708503125,0.035311395163923495,0.03507808202946528,0.060684159222601425
1,1.3165652602701834,0.14108309216851253,0.04413231485602767,0.0604161837077479,0.46301683980647684,0.07505591833156758,0.07822196460763585,0.08089089519165109,0.08097009725550935,0.10227977525377022
2,1.8575253062765797,0.1292037952569263,0.0378199701871583,0.14867886351689064,0.4834402695993036,0.13105837531796935,0.1079855324479403,0.05059511300321074,0.059048630753257315,0.057774226737699344
3,1.9139513479412782,0.06598176979415071,0.11077980714550469,0.0755266298227328,0.26484518513469274,0.10067485824942858,0.10480678024534233,0.06947701514321097,0.050303387771742536,0.11913448566943072
1,1.526423699575204,0.09123354391649824,0.04533402643466792,0.052448845787084156,0.3293053095829833,0.07441065890200249,0.08708284297367483,0.08436854734493925,0.05584408904681988,0.06949987982644702
2,1.6837955145735894,0.14316939105443557,0.1090229190932526,0.10666557583929885,0.37194738812293054,0.08830083494241414,0.11147894948744691,0.026291069874218337,0.048606398778637976,0.06770971289404365
3,0.4668977387520985,0.06286021959304908,0.048517997999268286,0.0830908033219484,0.39219438316730243,0.17218967276500885,0.03975034571277873,0.06435828356672088,0.07382713206918745,0.0851497827052386
1,2.2257862266056314,0.0994688759462687,0.016890636118468104,0.11733290430568846,0.5119236938628491,0.10604227488175817,0.12426658429309742,0.03280142788131383,0.08773530316103259,0.05136147515236458
2,1.268589119963335,0.1296665292568537,0.03619467160302128,0.11189733412054031,0.41908798605421693,0.07964729107375236,0.0658636575784278,0.04706714553339099,0.04743704012425175,0.08004450424891667
3,1.1574750610981621,0.16243940880843002,0.08404584777373611,0.04709281323149671,0.44837028475767843,0.11753980944060076,0.07294560670694825,0.07107973283452111,0.09525775788687665,0.07590482452338601
1,0.6359391840613502,0.09642774959710959,0.021581977605095757,0.10787457445951906,0.44941074436972034,0.07691388345250762,0.09989064815327311,0.05900394053880128,0.054670811191867584,0.11972617762336753
2,1.661748547287196,0.09604968489812,0.10766445641502513,0.1057350646477081,0.4512310017745999,0.062036821827524194,0.08770249128826414,0.05571819159342433,0.08578998472085778,0.13946838507290904
3,1.006966357172317,0.11238190485191064,0.013356336632141308,0.1616976411894464,0.5228652111825368,0.1403195403309505,0.11322542358084861,0.0757221483222171,0.07618475505049296,0.07694436128609758
1,1.6691174161020612,0.09436303304897697,0.06272548345367232,0.089027802611495,0.5449404301967341,0.17969061458196814,0.04659278627945706,0.030722621969602078,0.0631713729718004,0.09100022823408291
2,2.314188223693053,0.11508280476635678,0.05581575134989599,0.059618134643206935,0.28375468758926514,0.11904353939623968,0.0733955911663894,0.05233711077516423,0.05813780346736187,0.11174770749833948
3,0.6196993274696896,0.11250485673035784,0.07859322131752486,0.12030158179666402,0.4255253793095283,0.07115116016275325,0.09644850583294283,0.05362553137104,0.07741150125046133,0.05101475901882101
1,1.396842919588209,0.11311091853230826,0.03220663016676794,0.13065022080063138,0.3223531005371438,0.09158410112086306,0.13551383703368433,0.03734816076834879,0.05730487883981611,0.13705004489982994
2,1.8220206528066691,0.10526972097151659,0.0464424344511408,0.07226020550335673,0.35052809169678967,0.18381449197402458,0.045137392661496314,0.042152632264332246,0.02022477489050152,0.08569588888995797
3,1.6304317361543055,0.1505389515922073,0.054501655655817355,0.16320044404771256,0.4150346114779696,0.16030672824748687,0.10597019875913771,0.08965784120605895,0.0954781887677312,0.13191624736712276
1,1.6263006549248906,0.09226913116882458,0.049892690884958506,0.0690691163485625,0.4309237973139517,0.1070224266241431,0.05676278790552383,0.08231059371185749,0.06229620871997914,0.11115035616914887
2,1.1796089951834996,0.15966778351355598,0.01827785944228406,0.11796072243523414,0.3772121804049888,0.06754186875210191,0.08521503308434708,0.037136345872855546,0.09236991583793322,0.07311502202909695
3,1.1924342811784,0.09352393233996517,0.03785716562234147,0.07137588912588766,0.2737536335597208,0.13494350839423103,0.07551344363328016,0.06765870977463549,0.08099106358323876,0.06348922442004022
1,0.7168833676438576,0.0693099988243414,0.03244162514335946,0.11412881198291662,0.42952601324070905,0.15781746878881722,0.06392903771335448,0.03943320171265512,0.07861493799745495,0.09350358162709911
2,1.3097694507648698,0.1181686542702435,0.04324684742578954,0.09087435097579281,0.38743545190776063,0.07637636301010181,0.09312507058428535,0.04363866099033375,0.07340795431743286,0.06606953523772716
3,0.84785955126322,0.06765258811869078,0.04396282896776747,0.09679505663561587,0.44293247280503284,0.08616214536319036,0.0541386524015985,0.05973174173120098,0.0689422577753584,0.12891934380506037
1,1.7023236268538045,0.09634981375636245,0.057485613949630594,0.10423402901699606,0.36898385293996855,0.16785711193589364,0.06592020134410582,0.041015662916893486,0.054312839927157686,0.04078132431498078
2,0.6656212953707918,0.11003010973087246,0.014612981473991978,0.0932961072782309,0.3517035299607419,0.10998369035990342,0.09266194512110881,0.043560002214638696,0.06495196498185404,0.05928874355324312
3,1.1557184936766856,0.1057552772053183,0.0664321354659598,0.12160346124066734,0.5507339525204757,0.14901938752099775,0.10508548142621163,0.04017699090475289,0.08347032208038249,0.06909419154210965
1,1.9478700515834018,0.08703547962991269,0.03008309153857793,0.11432133707040931,0.4491677882406882,0.18374901555956208,0.06347021112929571,0.03706372263206073,0.1308915170768568,0.10378498792194078
2,0.9776577466837233,0.11891663484785502,0.011439279536321852,0.13546706008606985,0.403985327322742,0.14333853334668825,0.06364265334479183,0.02786044364130337,0.03598691258746644,0.03422388764457972
3,1.60261726629522,0.17300762190235827,0.07773739736682658,0.07728408214982187,0.5910580129806466,0.10472685869123513,0.07827801213370009,0.06782967528107776,0.07919275601656248,0.08098405475507228
1,1.583340011414356,0.06983092579939565,0.019333295722934105,0.05933842162162524,0.20578517614331193,0.1294293606939429,0.08925376488939178,0.02864923480031668,0.07960747188161733,0.0834142631212714
2,1.2315302687203713,0.10767500231314787,0.03300512977039165,0.11778051005815797,0.4364399050633615,0.11567016832831006,0.09311745537290805,0.030270385522874078,0.05284878943493429,0.08354724869625547
3,1.3950703911703122,0.1321300758590771,0.04773891543855165,0.11890494326199204,0.35590481204794644,0.10665283731086564,0.06242731099273989,0.04143650591655628,0.07344140427909922,0.09167864957710131
1,1.6308888031289064,0.09343292344124055,0.02958429525193485,0.11526351202424928,0.4638495509013082,0.1446854193753856,0.09244020854890354,0.09123604734855764,0.103507396145408,0.06129796809479816
2,1.4800818156101563,0.09920191084294361,0.04326313782234764,0.10110283061057557,0.15865683622661325,0.14147208736861422,0.1358054745240057,0.04926118132130644,0.10161229748194901,0.09454618843791526
3,0.6737147047722997,0.08906631307942817,0.04638502544763495,0.13921450159328252,0.2978193052013321,0.1474496977636612,0.03662989082582281,0.0680450784411189,0.07979362982932942,0.07551505957694284
1,1.3311750582897055,0.14358364315373717,0.024316251131476514,0.08341759629732906,0.4328524628156123,0.14920958497153605,0.1034645534176111,0.054608740905770656,0.0438547121639122,0.09165009328983537
2,1.299406099058106,0.07149545731215187,0.017816655794392885,0.08907150012069835,0.3210301869691929,0.13017135907442953,0.05318664213845244,0.08867237040995005,0.09060396481715711,0.06755566485838309
3,0.35684734691724573,0.09200748184433157,0.07209961597280498,0.08345164176201698,0.47312911061936136,0.12339124615376476,0.07151584367577475,0.04546114256956541,0.0811345415524279,0.07256386461280608
1,1.0984474116097322,0.17498982685469905,0.04480569222198139,0.11555656013927436,0.414285650064971,0.07117875735065676,0.04209189219972357,0.07385482446819469,0.05808699626513012,0.10484527696049359
2,1.0546467400697668,0.09322523821265503,0.08648316692530597,0.14133658336303195,0.2679170666185631,0.13998773095737826,0.09088585086525486,0.05531944619913574,0.04537750032516524,0.04310329341209977
3,1.2506118067700391,0.09688169330811242,0.01834781742126962,0.16860786762320432,0.30379962772515284,0.07648488852559598,0.11109340279155105,0.04627679974144513,0.0664082846991524,0.09641348616623714
1,1.8669197973416378,0.11647846906604854,0.012771597300056732,0.08174787552915821,0.36730618108721425,0.0896192384838847,0.05642241754604959,0.0589262503072879,0.05650177306541851,0.13479965400382607
2,1.3929998081280117,0.10474238860812923,0.037203158061221195,0.049633574120493906,0.41266208388185344,0.12515005067735288,0.05216698201934425,0.0542907430256775,0.07966078612796854,0.1325725469616052
3,0.9794692765268931,0.06534165470056079,0.05762624827342702,0.10106756996489433,0.5275270353855782,0.12394177418701338,0.03186107145603939,0.055540347355277214,0.08054185743692757,0.06616829017331421
1,1.215559800986906,0.08746579379239283,0.033451062009926674,0.11229218835424296,0.35793722636883984,0.17544456137583947,0.03597929669754486,0.07860706140074011,0.09594180991640872,0.10570118562301133
2,0.9985221910324336,0.11710080989843953,0.023811866378832227,0.05066283567907396,0.33951101191764677,0.15418316338667723,0.049270291937509404,0.07772577675163916,0.04243391884262367,0.04211453170959455
3,1.7071604016029296,0.10891290439371804,0.05691928961778603,0.0978163158188918,0.4481686061878583,0.09167340214734035,0.0734270713730485,0.03458230165492218,0.08830672411693122,0.08943976616085336
1,1.1424357739488988,0.07683728844399017,0.019996560334941425,0.05975115845038261,0.24828104303637355,0.17967393018996697,0.12171872952870294,0.04468385525829216,0.07366209145245037,0.08882412447057225
2,1.5677577810726055,0.11606551822098621,0.06777901890347998,0.1289224640291619,0.3094322152785267,0.14453133083547942,0.08376515570711261,0.05788887182600739,0.09734423756163199,0.11963783517971738
3,2.23678188998114,0.14194974492733928,0.08084292259047068,0.14359144004240026,0.4112377940948373,0.15865384905747504,0.08534393481818182,0.062120194746706464,0.09243730104858507,0.07597647931703276
1,0.8029671955444186,0.10781124500420546,0.048147950225954306,0.06381960242170144,0.4393799309555566,0.087900131686512,0.05691391718222083,0.030299619611152316,0.06747021822808182,0.09053034546711008
2,0.8231747875923446,0.1378033379513951,0.018364465965248565,0.07370176335750563,0.36673514713561906,0.16271611788352663,0.08928176690588199,0.03440256345014388,0.07684448798548468,0.10276898476109701
3,1.8775559217005275,0.0653913780262496,0.01923534035388086,0.19171572236071588,0.5051671666195289,0.11343260310523294,0.11195750010554631,0.07233694279130869,0.06875750204692407,0.05415683862768635
1,1.4098811199137242,0.14514282091767555,0.039122031012571404,0.13209682182074256,0.3838892060242321,0.1347833010890095,0.045496301473314446,0.02820496797319921,0.0631188108755007,0.08601993577959058
2,0.5602439280226252,0.09627008162402255,0.03173677760854772,0.06833655519380204,0.30368828762506345,0.09619782062928531,0.04298630476055368,0.05135522286041003,0.028930420217085293,0.09489033543480861
3,0.8048560805657052,0.0826425976180652,0.08489824417293988,0.10151155819596772,0.6074062165181395,0.12627859024603955,0.04596683304718446,0.039364824186427644,0.06419530655777142,0.1591063516802412
1,1.1748192548139897,0.07610496335683795,0.026246357435176858,0.11799454570336267,0.30786865668883845,0.13815192731556195,0.07824593845298558,0.028168780291897417,0.05248036117896226,0.08307480471422021
2,2.090187600277572,0.16872050047583748,0.05406878946265945,0.15078685414431814,0.4875964147285863,0.12912067552014656,0.04023864587483492,0.04680115786058754,0.10633157658879934,0.08086690124493927
3,1.788226149611514,0.10741138264044862,0.09686160705793724,0.1190509564919008,0.5317635470695257,0.12362540268969661,0.0675427230301279,0.061061792506656366,0.07202222894537755,0.12945419453319457
1,0.9483134592281061,0.10880941359858348,0.059897467236558734,0.03909092981796247,0.5269581759495596,0.11456275338674722,0.059465252061397286,0.0470919018592829,0.059396581120621475,0.035353950503742765
2,0.967970331695794,0.10784381735355254,0.05594960671143588,0.055902023097395816,0.49710810874675276,0.1771675300691164,0.08150732041703618,0.04624241899889457,0.08056748612692219,0.08872309934070498
3,1.6198563957312233,0.09985689746918802,0.02459634976796377,0.09749130939712262,0.46415157131431606,0.16793418097054166,0.06544838928848683,0.027213329318082295,0.05306290213991842,0.15456369908446133
1,1.478579713755916,0.12744958968965395,0.030834084808791275,0.11747185190820711,0.4660396598723727,0.10846981310237441,0.0636378309054873,0.041999013892313794,0.09992255920781234,0.08987676135802568
2,0.754831574738265,0.1315041666488987,0.06151576147098574,0.10959688185314395,0.5568752351329834,0.17746111476013862,0.14568984806447594,0.053142800779287826,0.053215795112204436,0.07248476293169852
3,1.304134334768946,0.09739263722852154,0.012625348840824696,0.07827498851781181,0.22055200097300243,0.14539541447995175,0.10424115310469374,0.050570522626075476,0.07632145293962117,0.05873054494903236
1,1.0963218580305498,0.06151310286333798,0.10339039365071725,0.14361229737407005,0.5598540287441209,0.0656470243023882,0.0458828236652021,0.01699031503347761,0.06175255314530399,0.09962716722585914
2,1.098197671664701,0.12536933396192926,0.05831633926412827,0.09511621163016924,0.35566483963667317,0.0948945852123845,0.06214332584228602,0.03881508839319682,0.05944644520425531,0.059427045753064664
3,0.9110529468677929,0.14606237412689627,0.075810446862174,0.09472223650433174,0.3058522451230706,0.10695530097590442,0.05962436021718627,0.0389533343797726,0.08518154686697424,0.06537658348759179
1,1.4976585348797566,0.13599261233335225,0.11587981925368719,0.14294259782102292,0.39558847399419705,0.188419189027213,0.06543095674448719,0.028654978583721652,0.07526060061609044,0.07376599596741235
2,0.6786969208908311,0.12193130775939826,0.06885377837626722,0.0837932908989419,0.21976880550260064,0.12697197864850898,0.09750902403006284,0.07197360992815358,0.08657328187970166,0.09435974296055318
3,1.0587325210635519,0.14028064596026082,0.10608393544341119,0.09392478405788385,0.49715813583324087,0.10367046943270604,0.08533816700956907,0.051900713009017836,0.08529564092278266,0.10924305407569121
1,1.3058917318519279,0.07500408848905639,0.10221194027503783,0.10605688548651371,0.21354869195621765,0.13488548005478185,0.05819341776119073,0.01901749960903089,0.0344926202830488,0.05334478198994291
2,2.4397672707670575,0.1112814140720234,0.0864842156486405,0.09637382856630879,0.3618522092381682,0.08578981800935986,0.09548791321312722,0.04786627444134815,0.08994090178880423,0.04406758523995905
3,1.2902517921546224,0.12842485209924498,0.012729900396735529,0.04309049857914359,0.513894034919257,0.1385032094286292,0.09746790781675578,0.018247163481058322,0.07908648511652303,0.12306295215163329
1,1.3450492747229228,0.10980119548242825,0.08297144143145509,0.1106370944966489,0.48369798954656007,0.1336912087781121,0.10085038980818448,0.06085682125894456,0.0561466495906134,0.09401378934368489
2,0.5924239810761187,0.10379669648440902,0.027063902749681283,0.10507204374396675,0.3086301543821393,0.1788371027043973,0.09390291342425584,0.05195443250322231,0.08508016677490021,0.05738096526154026
3,0.9691566321159134,0.1356976977502462,0.02701536430477608,0.03753382279295652,0.23212120631799696,0.12655868833371703,0.06633545171428797,0.05972945348491637,0.05159823825966321,0.07711647585579413
1,1.4603084361738918,0.0713015878859507,0.056840525710213294,0.07907696969545128,0.3208795488684053,0.14123157031812725,0.04398590738441322,0.03782807803242113,0.03907463812349267,0.08744105383498472
2,0.602786204555398,0.08941798491902676,0.028384846114708377,0.074894446771418,0.3631894910923077,0.14702035556980417,0.0950877650309556,0.02653735564644085,0.05648548111834354,0.07297333153856198
3,2.1728333440697547,0.11407538892159441,0.019123592011877227,0.1385465292743089,0.4513257641098678,0.11864420214891866,0.11396641296469666,0.03732638806312412,0.06383875028074247,0.10470707712906052
1,1.321963343854234,0.09457369505838129,0.02973192012559893,0.09396108858562463,0.5461671921988185,0.16120059901473321,0.086003945442137,0.07319465243468667,0.06076977090003996,0.07900808554519524
2,0.9083351393427677,0.1409760590163682,0.07163549936762909,0.08987813319133241,0.5234179174898798,0.1329290960026017,0.04177084772618317,0.048096055135668,0.040697501324800406,0.05553058307636023
3,0.8261792388111039,0.1683379987284905,0.048478303374991503,0.048565312019756245,0.30351190077510043,0.13177648496310387,0.06493325575590253,0.05083809152086384,0.06955223805451212,0.09160379138517698
1,2.017327932688781,0.13836037308996615,0.038422411381832576,0.06989858140466493,0.5221691805222083,0.16347949028614112,0.042983104703334885,0.0154153616357742,0.05207043517750434,0.09996240530928063
2,1.3225684262048456,0.1398538361687832,0.065200937095626,0.07558473430925788,0.38289356239729466,0.12107739715133717,0.06800471113989968,0.04945961324378973,0.10431907701820875,0.09654717531792999
3,1.3304389699231314,0.09909829104635914,0.07954145464609617,0.04760851586664951,0.2969149345861331,0.13697320772809532,0.11332332471075904,0.038571899397366,0.08968128219912125,0.07448969017854151
1,1.9110847542265514,0.1631987176365099,0.09742678570042258,0.1397273844480648,0.5107819954614677,0.09175293111070111,0.09381499981268082,0.07678245162916764,0.08244400391129934,0.07573898923300611
2,0.9559698957414133,0.1261633871781954,0.011171231884453639,0.10493368708729127,0.5153651538483284,0.09995380675729759,0.06063963674171433,0.0513835748306879,0.09970907204801552,0.05836907499739204
3,1.0995827371061493,0.13487383349577475,0.05076591461005445,0.10357042029005846,0.4247212187514994,0.14819528506612284,0.11221772609416542,0.052230874371667096,0.07850044779439894,0.11011841152404173
1,1.1748427751846588,0.07500183897081605,0.04803842557864435,0.16340034848715762,0.34790833824312123,0.150864396062583,0.09145080328210442,0.03451131580065184,0.07445657951899404,0.07819930695742883
2,0.8908831190812699,0.10129637148824489,0.020600147857007346,0.14577408830636623,0.3291328012255363,0.14192293356663258,0.12208975660347982,0.04815733835640916,0.08410868067197294,0.11064698174002695
3,1.5717025505186275,0.08085447090256696,0.06501480546923058,0.1432800336834123,0.3728850961712672,0.11620561219788482,0.051191908913546774,0.018144375722323795,0.05934370997450011,0.059998638459198464
1,0.5048106789182609,0.1306115246498589,0.09134788108150634,0.15227288670258549,0.2527161725947105,0.11983686506905225,0.03716687115671275,0.04147325683293066,0.07710225355963746,0.09489091935264163
2,1.7476878913127685,0.11411683457217363,0.07409268677092001,0.13414880622513428,0.591008757086149,0.15199201971681375,0.0908831675583705,0.03231216610745974,0.05463936515147781,0.07301526003868182
3,0.5221135779319512,0.13846589622722852,0.11840860374206746,0.08857872096059695,0.2165266701399733,0.12689266234926752,0.07082775633707286,0.05467062611410245,0.07796621317543288,0.07384602734459425
1,1.15949388796183,0.06109339697820374,0.03387459160283286,0.06672327298277925,0.4236812463492816,0.1877680246732861,0.1255877214380991,0.0525616556638266,0.03261282132584679,0.11235544642601997
2,0.7227507339698631,0.060542492980065886,0.039991974012640395,0.09306777957311055,0.36340231228522113,0.1659222409305445,0.04654721155732944,0.05071661029703884,0.07784010315367065,0.0992692418370347
3,1.0242611437682472,0.0982011708620568,0.053479783748669664,0.08908966178012986,0.4489236537508004,0.07241887497776946,0.12552231390570168,0.016799572124580046,0.031156181600424812,0.031898602743239975
1,2.1331705564204775,0.14786239082218677,0.11698755134360098,0.10257224405715239,0.2995181729312528,0.11707504749601023,0.051459920040661175,0.03964300553702389,0.05946327820128109,0.04754025987439424
2,1.6007708188425145,0.1741589557383213,0.06241010744254949,0.10526733237798899,0.4666739522216572,0.13878740023901903,0.07427609797995119,0.03494181216647284,0.06863488164030318,0.037104399190181485
3,1.634805119388904,0.09556857775166024,0.06280998770456814,0.095031644270936,0.31198769779958757,0.08551956521320286,0.07194332052834002,0.08968547882160408,0.06837323886829952,0.11930221248261716
1,0.6545188242480956,0.15705846160500248,0.1308953611003741,0.07954761462717727,0.39824405514535877,0.14091522872659246,0.09585660668713726,0.05592440901025486,0.07995937742856615,0.06181597316312526
2,1.3954711926405745,0.07072053967605912,0.09436138735067892,0.11353832111329774,0.5477498765156841,0.12709985380256228,0.10539574376185452,0.06126143556729091,0.07683219024285375,0.08100419171373384
3,1.0086613457585,0.13803099772522343,0.032510089360465566,0.04414521919562538,0.29296205386416097,0.16809671944726143,0.09169267178306743,0.06074130852297744,0.10725118526980659,0.07565562971786645
1,1.841317301333082,0.10499678777895657,0.08170484392122188,0.12188121040284346,0.4527660436072384,0.12720015374469149,0.07812818166970384,0.036122858440415205,0.0793595373132934,0.07557184954686491
2,1.536750336555908,0.14011770443337698,0.01929091599054279,0.13986056749867615,0.3267946288569283,0.18709223812127063,0.07648346806804802,0.046610538835840015,0.08428499778084161,0.0776682609498228
3,1.1144368440568047,0.10360699326894185,0.056609648883985286,0.05902307023361465,0.38100472622804277,0.15527929207473273,0.10237678854031895,0.05211735996308565,0.09056440831934275,0.05760751352108296
1,0.3522054306763508,0.11782817227933658,0.05335581502308437,0.10728177137860608,0.4516262411801664,0.12210069990300826,0.07290714146988185,0.053185008194786464,0.06580550831396878,0.1284314820490541
2,1.2212052336330366,0.12067138595821236,0.03761216490225453,0.18807082960257937,0.3768477359294568,0.10898457918237237,0.06461447551087501,0.04548813673417904,0.06905683273956956,0.05476179058016211
3,1.2903886744983906,0.08992158271612646,0.0786701096628794,0.17556391492912501,0.6766152921619908,0.1405584804958761,0.1124941196781982,0.06437985897544479,0.06777881413625868,0.13219982532202118
1,1.2127246525373105,0.08856820129982135,0.04978852140221145,0.0736619390626537,0.47941468535271853,0.11292098093264158,0.06695173140944595,0.019094022527764452,0.11705429720387597,0.13678535647733742
2,1.9781101415002094,0.11323873762230016,0.05891064422413475,0.057472139052207896,0.4649452203589672,0.151817207475139,0.04344122062566141,0.05431992647845774,0.05865276734912851,0.10500868551829312
3,1.0015563139643182,0.11902934452776709,0.09868672547634941,0.06588221630771948,0.3929503745308871,0.08942397938171814,0.07375960259548689,0.052153660109436076,0.10376567685128314,0.11255916600229117
1,0.6417126224638583,0.10887379200878514,0.036208760104127734,0.12966593140237703,0.28500380832317046,0.11596132679541421,0.08966960003597788,0.08008243563360257,0.09344910348544892,0.04701130214343906
2,2.232124719871865,0.11499141679274764,0.06464123402408586,0.1132410563782428,0.37003737587560465,0.15989637663164497,0.051899033873018675,0.034005546256169916,0.051212864978082716,0.04946110350519946
3,1.4829672098417748,0.13639895393644552,0.03297389252616398,0.11019682788661735,0.315708510029166,0.08328610828859251,0.061505152355143505,0.033658724400294604,0.0649778769348322,0.1095288452317846
1,0.9844279395656074,0.10965649444194074,0.08696541209490022,0.13740892842881486,0.4082220600268288,0.16301413762019584,0.11692384171849156,0.09519609298087585,0.06768032528363702,0.06906703329735474
2,1.3271344261707665,0.13274382985180355,0.05933258679024292,0.09846103612792927,0.37010798001197914,0.13850026495705137,0.07380379935691608,0.04841718807591647,0.03921656973183071,0.04581544704849284
3,1.332446758293343,0.08383201409810766,0.1416262116888821,0.08382716703298056,0.41546558865650446,0.12294222068759715,0.07419633637895431,0.022477178590550227,0.09422159094001628,0.061246634950171505
1,1.151232769775139,0.16104147585077672,0.027746171610503537,0.09027952140657886,0.3199429237127871,0.16137517020558417,0.04240167964775356,0.08328764401804785,0.07615351859976378,0.07539160586233443
2,1.921139993986025,0.14890773628337503,0.05418893075706303,0.08648830574567512,0.5160617290022241,0.12663630237822723,0.09182342570138688,0.04336575436982771,0.04308904274638123,0.11338623423105038
3,1.9069505853171478,0.11408273174936809,0.049454639197316436,0.11965943261594103,0.3842947265564427,0.09950141479044171,0.07695344444506823,0.06005447214500612,0.07119152745126642,0.06762597057952134
1,1.6383637205654413,0.17702839112543817,0.05737959923380459,0.1435665323118876,0.4180250119970614,0.1054278377584867,0.06469624383653666,0.03461784121715807,0.04488602218637715,0.037186175704299586
2,1.432725147703987,0.08972331665605776,0.016832476635729864,0.11100002935053604,0.6310006801949551,0.09055136103807687,0.08954639888710346,0.06101142631616771,0.07061336988767095,0.05254266956168835
3,1.0106166301904869,0.07560019120039133,0.01743066711298911,0.04995233153192547,0.5491917239527732,0.14313507694884164,0.07800274940118875,0.015040404436784775,0.05798976881604974,0.12327634538497605
1,1.5500963469157225,0.10276865277034317,0.1046598883497682,0.09007470830646083,0.47736939059638295,0.1234465559942687,0.11501458692723482,0.04436488095546447,0.1084042916748264,0.07899438573700905
2,0.7000890467404849,0.14136817637820995,0.10016993142252853,0.10855629042885546,0.4438521343876982,0.17581167438106315,0.1019047223066262,0.020731371066644532,0.08824184884811295,0.054425388981944975
3,1.7131781912233741,0.11798838063539768,0.03834840810727846,0.03894966797057158,0.38929684716620544,0.06113137624546823,0.07542435270192184,0.033163792534707595,0.0717289279433278,0.0452821388228801
1,1.5797318478368374,0.13494851925167184,0.01878019458334417,0.08981061561327142,0.4045686900265584,0.15287634563616853,0.072458736990629,0.06254161078691292,0.06934821636604056,0.1237693746048046
2,0.8575487972013546,0.09145941424450933,0.04336617815397649,0.11719741767256876,0.38117535418355614,0.08664130457012598,0.09731580647542429,0.04417809083720179,0.09513670976078467,0.09329171292939453
3,1.2390850389125154,0.1270649654320519,0.053817992632093414,0.11698891280874812,0.3775642090173825,0.11803921079598388,0.048162717361826,0.04383770449955131,0.11525931616375384,0.06472317571466266
1,0.5483869981026419,0.14602954744586322,0.11494711939749173,0.11302142731810176,0.39403016021827697,0.16169867715653927,0.07745301587824405,0.06165209544145986,0.07644653234351446,0.05848566958779473
2,0.4806338053606345,0.09431233802081601,0.05006231135843053,0.1112177486388797,0.17423649055477386,0.058526743456695965,0.06408248777672598,0.045147760005035405,0.06301292158191801,0.13633410453767303
3,1.046746598420045,0.07919990013996668,0.024547028443589455,0.030238717349417257,0.30183658824498716,0.12657007325991476,0.10405397921541473,0.05714971917264266,0.026947721917446016,0.11124411075953763
1,0.3856408676474673,0.12103285496831179,0.040565416088093914,0.16388417640969005,0.5608409595870225,0.08286501464231542,0.09176766481770117,0.06121548646783954,0.044067581317981386,0.0887955525798339
2,0.5890397944387973,0.14722085616897992,0.08655422402831062,0.07306246515051885,0.38272043090986474,0.09615365443827516,0.063445120126353,0.051762586029891935,0.07870539224938125,0.12376059796493494
3,1.1950738583684857,0.184513783008183,0.0177119261026401,0.10767614071839167,0.5705857212546527,0.16583634775918749,0.054052460989480154,0.06991661694264455,0.04066489609078399,0.0842372265281998
1,1.034041328469811,0.1537004650701037,0.04153447187116523,0.10278094302919422,0.319437557761042,0.12113715927007687,0.08043150215276995,0.04645796142114496,0.062342507875884114,0.04977709772725966
2,0.8739285137127205,0.16525011133793038,0.12826751614941673,0.13598334746457205,0.2679052178372306,0.1115104749450945,0.036870795911617966,0.038898977008397576,0.06280393874024644,0.08081536102678334
3,2.1340730561943593,0.15237549454394633,0.025894810919244633,0.07925566442166991,0.5056914156270388,0.10811543591441464,0.09052755072357613,0.05335762302151054,0.07602842458571474,0.10431683257062285
1,0.27668351152643744,0.12737531130606622,0.09095658378476362,0.10773422677490621,0.23563134732281657,0.1421882255519308,0.04713078110934133,0.05609229872671171,0.08631102277135305,0.11493793429039166
2,1.0093952810025026,0.08789614962158662,0.0849071617330815,0.09973075015316678,0.3661105667405482,0.11179583439649146,0.0683964391829163,0.059763444697916744,0.06131619138037663,0.09867823563538122
3,1.138702289080595,0.09604404671423382,0.029965536305095176,0.10004807424417132,0.5469352988256908,0.12418338663473201,0.10314684239479373,0.04076306723320884,0.08177907164387455,0.07286768524842276
1,1.7397404294351921,0.09053511150361501,0.0768891175807467,0.0886640265746865,0.3823587942406527,0.111307400344492,0.08004561889972116,0.0811502438800672,0.06658744832703058,0.11538792235351479
2,1.5509809511428405,0.12317271783336987,0.05960420408594494,0.12085146119805709,0.35158708457567156,0.12428964184896067,0.10100099690991943,0.04778535183620212,0.04829489020396423,0.10491298198539394
3,1.735157837368572,0.17761507955814948,0.05217000686126969,0.15102321121854712,0.23505462522420362,0.16404539487132602,0.07494887233192604,0.059646205439472647,0.049168845105483514,0.11130021229733715
1,1.2105301225654184,0.11768838751348282,0.03885774783732301,0.08513736597143239,0.44007583432241565,0.12111701289069401,0.09337235831468159,0.06284908233848162,0.06666912810204839,0.0909232846340273
2,1.8907317997252369,0.14123427616720538,0.06399904412994346,0.06581819307726539,0.2971999835955705,0.12636344326778504,0.10989677836487355,0.04897726064922326,0.06713590282820271,0.07127491523388152
3,2.3150367061638466,0.0970541461697369,0.07091530553250891,0.11575441326578773,0.4421165809976322,0.09105875182628767,0.10658559641888601,0.058626032255327615,0.03076902407695179,0.08228760283204238
1,0.736430822111054,0.09770265946984505,0.049946220302558825,0.090952361171851,0.36466973772324435,0.14193174519305174,0.07931748196049235,0.04427743042590147,0.06022684631946153,0.05266850164179947
2,1.1474001869429866,0.13997969925582568,0.04197263468772068,0.12997407584539117,0.337786344675311,0.10004974433161307,0.06940246140839515,0.015567328273271952,0.05952905475910756,0.049794746596305714
3,0.6186233345646818,0.11841615720952516,0.0504244962772641,0.11509684264443887,0.272019313763187,0.16761221049283845,0.058869892601452235,0.06041084094230959,0.07132123962442781,0.08519172823212155
1,0.7882301236162366,0.12652503633212855,0.023571254919862353,0.04611703780371619,0.5182163919167264,0.16630867051797807,0.09648882543062158,0.0826308269642301,0.09010689913406383,0.08288608938417388
2,1.8202275312586669,0.10484085640917645,0.06989949043279015,0.12537210254139705,0.48984068855041024,0.11169207982368151,0.11142611795827452,0.05378015305139861,0.041159365159194064,0.08124405681668233
3,1.2103682323460812,0.1057546698214623,0.03196520777096816,0.06784709464574759,0.35686250764660055,0.21440983700577892,0.08022157405836244,0.04339144597094987,0.06417249141609781,0.0811643570447476
1,0.5527164553565604,0.13332525233494244,0.052582556542996546,0.09980380681236714,0.4799872373881593,0.15449788887132124,0.07194327166703557,0.06576664432329994,0.04249158605732588,0.10933456748939319
2,0.8392960601032958,0.11471521690367276,0.0793451471885383,0.06483919496993812,0.4586770306988754,0.10446548724101375,0.0898578630219007,0.055129305447394944,0.05576707793026879,0.08705960520213361
3,1.145772519128299,0.07084399112205894,0.04529893769852083,0.12206761797225613,0.5183530833064202,0.16766134760308363,0.09668196622115677,0.05564245111390715,0.08309800751801519,0.0607309318400691
1,1.0637671776302162,0.08059653102152092,0.016945667861258312,0.06994887086997176,0.4415584937779897,0.0959487303432782,0.0851430443886815,0.07167393686715212,0.07320329419203228,0.08293966077799014
2,1.0016639248623922,0.13082212450621836,0.0179049039713237,0.08979397739059562,0.45017847605568406,0.12468665192637451,0.09429852724050804,0.06193934815608262,0.07705186599611348,0.08649236043894268
3,0.6553638830044798,0.09550661991757942,0.02302202006696655,0.10630432003946283,0.39041473693221324,0.14231325574506104,0.07637049831044349,0.06722827700701946,0.08852014220856327,0.059383415976032555
1,1.4238041199453706,0.11393744395623848,0.014709540547170781,0.11591245606243405,0.4155608683920653,0.08589415534952438,0.04531404402277587,0.0666567907719713,0.08081019362529976,0.06172013787077872
2,0.69164851699867,0.12047856495588231,0.05528868745944987,0.0902101073842902,0.17898581535682806,0.12483380384829762,0.05702209790908186,0.04366948450309169,0.07694225477070743,0.08439904299128782
3,1.4386514917459174,0.10311123237389697,0.014646803581566802,0.12647682291297863,0.5218870088385863,0.15848323820991767,0.055687021899324465,0.03854063677907876,0.11672511772763614,0.08399214442198755
1,1.2776830577996297,0.11029865914267935,0.06886323532236682,0.13299848297411074,0.34260348461781903,0.12404646924823176,0.059412208990400936,0.05896406001461248,0.06784200214906808,0.08270103766516604
2,1.1723380443678604,0.060537815293663234,0.04959169807709531,0.12685674116634468,0.4136249164141006,0.1375702613991433,0.08402056203063432,0.05503494405357831,0.07122616752315344,0.06303968408034726
3,2.2555308021933254,0.11323117065247489,0.03875990293049613,0.08303743822563348,0.33452023538440073,0.07855799506746974,0.07846987862666478,0.04545495665893309,0.08097156364676557,0.07176481571321111
1,1.5612419177345929,0.09737704914020219,0.05106423094536399,0.14739457431527891,0.2661853933235855,0.13728323435577897,0.07318280106283873,0.06335351898948649,0.06605320289045402,0.06036053432109102
2,1.3522217540299892,0.1268904201166305,0.03804382165289303,0.09170207506924258,0.4709941613905116,0.14200112636248535,0.14095981669011035,0.057459141541401144,0.07656111208829293,0.0627236525309368
3,0.6612862201116664,0.14363346227244483,0.0923826350745893,0.06363362634169023,0.39837622108119286,0.15754042722318545,0.09453733421673575,0.03561964144121173,0.06309916570850335,0.08501976548939846
1,1.582820929975446,0.06463189541051803,0.04758523435755196,0.10244485485582407,0.4371091572356251,0.14074775299751827,0.09616199327919717,0.05145129990576692,0.10234213288154209,0.04956636963586433
2,0.7982898326609255,0.11829371162825127,0.012939599497203948,0.12080217395719607,0.4127499974609481,0.15631246702842347,0.09813923218101839,0.028349901578043138,0.06413422916004052,0.0628695166588868
3,1.2322302636855633,0.16336385244291013,0.02628772809856839,0.07292175295349139,0.41280724519576206,0.09525928833984168,0.1297623758874095,0.060673205193979944,0.11218690830521517,0.05874954183609318
1,1.650712294739351,0.15512192963325777,0.06595685565286545,0.12712249036955167,0.26507433077818315,0.14153970525036563,0.08235856776408187,0.0620277686980248,0.07981093123378698,0.10382163538954675
2,1.6743986254613896,0.0802515473131902,0.025992835980359247,0.14063944214896817,0.3858545401087974,0.07822944010763022,0.08662098086476809,0.028401498639332737,0.12126210590829292,0.08899524634276654
3,2.056489022936578,0.10614672168769954,0.03560525786120365,0.09677427802002139,0.41191079312173784,0.1563509677865138,0.10961271446605886,0.05956035340976548,0.027147167865819583,0.07787513274615561
1,1.577030007881242,0.13778398597872082,0.035955544383353515,0.11130814172934225,0.44485231870032943,0.08420830865353826,0.05438377660929134,0.0482813295276153,0.07990157000599026,0.05407719488156297
2,1.882603316527294,0.09293476389646933,0.05441049238014253,0.08917556572418393,0.38261041637569804,0.09895836508015013,0.05437429993337277,0.036950054408321414,0.08328229426550042,0.05184567475551561
3,1.6198416887639537,0.13442844643745985,0.04544542280947785,0.12616169098138796,0.3275143216095879,0.054308223225125574,0.08733895717217362,0.041484333159165186,0.03761295408234162,0.12742354285527638
1,1.5480652886077482,0.09061349233897315,0.031203440390081206,0.09422319757979233,0.2710980184170594,0.20525477258237607,0.07439490682991834,0.06454189805508805,0.1318880958867669,0.07254600231720618
2,1.4574538943165267,0.1258992383998166,0.03964307393850548,0.12275120151715134,0.3309078946917339,0.17620482890095301,0.09248650627087363,0.050027582688742314,0.0710438329134559,0.11355109593872202
3,1.946760934697806,0.09669115861291012,0.07801754239789171,0.08889092408190433,0.41924959803208917,0.12483874618205572,0.09818648406634536,0.061029093916527416,0.07785418610864833,0.04586767666310596
1,1.8886960532797836,0.10294041185144917,0.07998870120316195,0.17220388473071757,0.18818485407329089,0.125788875261171,0.07745912544120301,0.04753726478134463,0.09819037308395774,0.10072463155025722
2,0.6040126253335781,0.0956863700103287,0.1390637699882889,0.1457696367718943,0.3754588064835236,0.14631481421444048,0.08056649530378494,0.04427932542671997,0.07831190742703048,0.05797372919100151
3,0.9242526178012619,0.1377117098845074,0.044342524128863234,0.09180081751958585,0.2440489847484924,0.19549522371502837,0.07721689572752838,0.08488736781962616,0.07191280220815853,0.10326504670763852
1,1.3494809410329558,0.10252713444812811,0.07017299694960166,0.10435007511670796,0.35795195609568237,0.16284669977401664,0.1016050666713029,0.021581993203993212,0.08885034305949376,0.11324912664709628
2,1.417125886189371,0.1447023653615838,0.09385352271112483,0.05460004503524409,0.25358153135633704,0.12519537663583344,0.06380645293318617,0.04826132191845317,0.02999062892599809,0.06810362645986578
3,1.7087602156390094,0.09171532352928444,0.12141913957975364,0.12296471408226556,0.3559234479439051,0.07557483171873777,0.07541221233247462,0.05340126489933584,0.09289456823710557,0.03476035624264541
1,1.5521795574732005,0.11701040692127276,0.08652339074348056,0.10598210710135679,0.29157064586923503,0.15340005937320517,0.06636058826738862,0.044855734157950425,0.06475070135219381,0.0752501328895665
2,1.2643609310207062,0.14240662525961648,0.06771332899103262,0.13213962696177173,0.2907323383642252,0.22026818210451815,0.07828620465644553,0.09282543776697194,0.10269083487664957,0.0625120304190599
3,1.4946152263971937,0.12495611334674987,0.05602227536208361,0.08329878807460922,0.38658330724875994,0.17016787775839365,0.07468071340068777,0.025952396869183308,0.13658150158332705,0.042729061934759546
1,0.9551457698915428,0.09685584654306159,0.03139841302389004,0.1119021596409831,0.40875421599099176,0.10292353835918984,0.0784523236108372,0.052873678709912456,0.024902188277323753,0.08783659899514863
2,1.8576660129910343,0.13292732857778217,0.021667257704677964,0.11246618517307884,0.21275381340770969,0.13681501915661115,0.11291399173845049,0.03707475243880387,0.08720715709794198,0.05329771229852241
3,0.738766925497343,0.12640999115809012,0.059358039841088964,0.082087942959883,0.41401149426888106,0.12910372084505467,0.09229626651394005,0.04578329095107228,0.04231651684379435,0.08131313227612144
1,0.3965911947812334,0.113376805781598,0.056189597711960804,0.07841264037547886,0.42805765871541807,0.1515637559800099,0.07082749496905408,0.05850812071650447,0.07868184387291356,0.07675549120422526
2,1.273874921727299,0.16773777803750015,0.03064113094699401,0.14981015111451015,0.49414594245212146,0.13594609588277284,0.04839796868492893,0.06324897273316547,0.08725391993424578,0.08019030303083852
3,1.5674316097711944,0.08776229984865172,0.09268299972524967,0.11111495326619401,0.38355406673961706,0.06579588251308305,0.049761170907201425,0.04163755204911049,0.05518320997475731,0.05158569184122512
1,0.2371355511619455,0.11177161429132793,0.07243298294774617,0.08806218409875685,0.449555173580621,0.10115324458797167,0.07081015330477693,0.04665919959666398,0.08812840561167481,0.11795367182875238
2,1.3871117948186673,0.11749175689669734,0.02021658231930335,0.19079013785508508,0.46246094089635753,0.14113836913469963,0.10373301053796842,0.047205188432184686,0.0655320153570394,0.08450084158066576
3,0.8202544328425163,0.10826923695870475,0.025741968741896375,0.09610655464235529,0.30402501973441276,0.15410804246928975,0.10976931057622775,0.052849102493814436,0.047964636554015616,0.07324965733430676
1,1.8656519324988892,0.07984520827039666,0.06366021768164243,0.06304645651974142,0.5941244361358643,0.12867686922067145,0.05903359177836433,0.06396164152777573,0.052219347070948455,0.11849868591279629
2,0.7162966397852302,0.12575710246255592,0.1091870778657035,0.11588791995974386,0.3710100175291043,0.0996231708637329,0.07282096141536874,0.06696352756159635,0.03630104226761017,0.06583384437290835
3,0.9968516279679406,0.12209373621057719,0.05038143600439091,0.12107070157363634,0.393543619415776,0.0918493480174854,0.0376643043927844,0.015394955437227444,0.08420222261515392,0.04746845482262158
1,1.6621425531845502,0.14101936812354857,0.07252775423403701,0.08655834329800097,0.29130344620392357,0.08380942482815068,0.07095332969952703,0.05317819475880569,0.07795806015698475,0.07728123610988058
2,1.0484788872684379,0.11792869788035944,0.04131051290990749,0.19181452569847773,0.5693919896165949,0.16187341558485607,0.11878617233586171,0.06774997652235763,0.08558844632639509,0.10958398852732441
3,1.259986944683225,0.15454574177616795,0.015936173991283987,0.15871830826098365,0.3630555566144144,0.1150510412119751,0.07696091925546267,0.05673522763022991,0.09834585151891334,0.06828932686711182
1,2.428099026533948,0.10863148646167778,0.04062131616403681,0.08060953143639192,0.374878791202904,0.19577031757569438,0.10551105789837165,0.056565163216561125,0.09423556213158923,0.13962262392534208
2,1.185532953128477,0.1457923596410782,0.125011298171699,0.10267930155529967,0.23946560012825815,0.07838715841764671,0.057235128882803535,0.04699871891635439,0.055567431590896714,0.08436481352778094
3,0.35901740976191976,0.11554626444199968,0.06316267160350661,0.13761245642594688,0.234429362107479,0.15777719141780733,0.08846253044703246,0.04193055783221269,0.03212030074477708,0.09896762240833402
1,0.8006964768527616,0.09495371424981133,0.04361760372744197,0.1563545558828138,0.42465503498068585,0.12287577408926809,0.03609178158893566,0.03336480892412313,0.0976543524022981,0.05043669992360811
2,0.8850703668879644,0.09285083323236214,0.10665241777625362,0.128526196333577,0.40691776135266283,0.11125025472844445,0.07843733975044934,0.026844746972306554,0.08608263837562118,0.059838417074733974
3,2.104052989830315,0.10304387408675984,0.08637062826154943,0.10223287946965254,0.4540266638215025,0.09612020432847844,0.09148957419787057,0.02108443550022482,0.08506801563839869,0.0742782591753879
1,1.3645345002423281,0.1351809112061731,0.016550078496259432,0.06247196776138085,0.37012265773532826,0.1639619067393586,0.11197061814188763,0.04793410970715171,0.08060637278977778,0.07464848746347548
2,1.2538425873441768,0.15277915213200108,0.036686552025106074,0.11380503917067447,0.44572265194162597,0.15798024956698759,0.11005115795309736,0.04577125009848136,0.04434460792389297,0.06216089489925114
3,1.2390079217830416,0.18412328349988177,0.050511815382203715,0.1213662987517305,0.4628848753330271,0.13207620700127323,0.09286491625949525,0.09586776854190032,0.06508234840205682,0.0596479279123284
1,1.1648307592750307,0.06080785945912483,0.02162655612111493,0.07608415770741457,0.3592763810946274,0.15587055863767355,0.07183476372522493,0.051770892878206985,0.07463126386671678,0.04267318044477105
2,1.4450255587044603,0.11067196617567193,0.03492687181898356,0.155930313894012,0.27443637654398667,0.09363531097320157,0.1327275053635874,0.037163156119929874,0.07332378673548026,0.08257502143708464
3,0.34571180655581,0.0983464121642495,0.030015186922107834,0.14558458039502667,0.44052523286821127,0.09637171932908645,0.07336396543265221,0.07536846195325236,0.07606096661993926,0.07440858162716292
1,1.718917468240129,0.13085997697300508,0.03308671261426019,0.06243296323920472,0.2363318504477765,0.11713091880117746,0.08078330959073296,0.04801563060810946,0.08268317139374218,0.0706838231962834
2,0.31339689494449496,0.11973456249515534,0.06991295501965229,0.11875628473116982,0.4962465019793468,0.15314497513673792,0.06142624936418177,0.07512202711569857,0.05069730866684978,0.07945023397995907
3,0.8064724799072868,0.15574963076394766,0.10621896102838216,0.10888824369023684,0.2606255517673711,0.15751205459794396,0.06771117149507354,0.05657945351013793,0.042583387543659416,0.13195442450140937
1,1.6017398733067532,0.10440680617440562,0.03765582523627128,0.06682925581405633,0.4102636968715358,0.16622795991986838,0.0694136078142221,0.05674890096206291,0.06592138170431161,0.0692436384400001
2,0.5162673289928126,0.15594937879465273,0.012454840751347451,0.14690138403398317,0.44501053746826114,0.14240397377614908,0.07438189182416592,0.03650940910644721,0.023144689693860965,0.08913683930809603
3,1.0509789703602204,0.16744462270436677,0.01883826824636299,0.15412452699308324,0.3171799184365167,0.14268382520874673,0.11672488680273119,0.05309801249505164,0.08725079997861578,0.07943516683604024
1,1.390274423024686,0.09485010139495341,0.027801915723571113,0.1345786772566866,0.24532061224641658,0.19806415105153707,0.0957351213485529,0.10406287969015937,0.11561488287375168,0.11921532475768214
2,1.4582599616508733,0.10516413431655516,0.03585399275479887,0.04408940569438395,0.33880684218289153,0.08689334580339914,0.108632171937195,0.06032110024946143,0.11324962925092599,0.09873976608820223
3,1.654854354871926,0.10733986751655261,0.0716595539181426,0.10758756626151077,0.3777544710860338,0.1273543731264897,0.153410997116311,0.06562223271442984,0.06350068545755777,0.0780174443048593
1,1.0938802949550888,0.16144957695874784,0.029514979711411538,0.10638691214542795,0.4617501114980869,0.12187260874075344,0.09220241939613853,0.07386710475735205,0.08166644824729458,0.07725296106397286
2,0.7286513141511444,0.11926121743530817,0.03581315520551365,0.10009360804491348,0.3210918307052635,0.09549295090880797,0.06026245459079295,0.03612152260018063,0.035811706817145635,0.1303594046009249
3,0.9106629688042163,0.12002411565463118,0.04216336566925377,0.10562580912252846,0.48200588103065495,0.1687409997244464,0.058689593886566825,0.05736919751176387,0.05240765468027647,0.039760181657851563
1,0.5287425417991664,0.100931912831652,0.0445988949341197,0.10383051454968674,0.3827591179273255,0.11680041589947801,0.056369570054422835,0.04003594866233427,0.1009046249895598,0.1498717689202931
2,0.672472843980872,0.09382316221321041,0.0403909713003653,0.09648145714889798,0.32740843467659553,0.15950683590942474,0.06302817053311086,0.054971170329663796,0.10186797283534585,0.11270034758173988
3,1.6226749222683934,0.0719652041015968,0.10734003128188793,0.038898756343948244,0.6446395387304479,0.1535979865804596,0.07268908838087207,0.05028783487533047,0.10330052635501653,0.06800781718091528
1,1.3305478284800794,0.07742710777227592,0.11403694591504997,0.10489255610410159,0.45641907222472167,0.07081392213053672,0.09110284137725372,0.03671782314424843,0.07551399938081672,0.04843580527649698
2,0.9624966769795152,0.08824586088768452,0.10212443901954213,0.07503247502068658,0.2814053444635375,0.1461743506768961,0.04620201001787034,0.06665018247024862,0.0748662519012415,0.04411270710739523
3,1.7931453460640672,0.1353973830568843,0.0445567471459372,0.07337084871008595,0.5675853691086026,0.13239346511994632,0.04479314838221155,0.07260589282041324,0.10020398752413204,0.08460979018250092
1,1.5207661393307221,0.08179128343220615,0.03605636226070555,0.08908331424665855,0.28472675884931214,0.12068609542907426,0.11890604770864316,0.06724764279964653,0.08615659218200603,0.08034522077538721
2,1.2612819376553945,0.13957452286130123,0.029029464603075737,0.12393689307872349,0.3532198639971487,0.12359009433157393,0.11385310372159627,0.08344238944320903,0.11124040777835023,0.10493033591025819
3,1.0637973096591347,0.09278751878480518,0.039055439017498014,0.14272372360187527,0.3857857546567811,0.12580378714981766,0.08304958327989984,0.08523677987260098,0.06870482733960177,0.12194854451112944
1,1.775385568585784,0.11155904143479514,0.020368249544986033,0.06582637479912201,0.34205321553069934,0.14533335254654509,0.1496947940725038,0.03646829382259614,0.08478328467069433,0.05565148695354144
2,1.1707701394914753,0.10628901323056739,0.08633953517228915,0.12680822566437008,0.5851032352666928,0.07817377751952123,0.14888964921542228,0.027377103192851773,0.10264349318961677,0.1128961957053515
3,1.2164168004435727,0.07744580534978812,0.07501557483655005,0.079909580137599,0.638163937788512,0.12585997531519658,0.07871698252450242,0.03845856723928753,0.0416615495929066,0.06522019555743387
1,1.1134764879511272,0.14231725366897754,0.011743667596594433,0.129564815988414,0.4546837768104028,0.15858583676189328,0.06351178283877164,0.06442442709874832,0.057928144282033425,0.15581548702128756
2,1.2703680905642893,0.08028546779218416,0.033021895404706375,0.12677419458822245,0.4365870682436492,0.14034578702020634,0.03825145600377854,0.10564118934965769,0.07733902961120545,0.1018822265558463
3,1.384916945344465,0.13209263695164963,0.061233567779455475,0.08553589760868684,0.3239446465754604,0.17702586575503176,0.1336401262981718,0.0505541474565029,0.03182876351384399,0.04690431133157508
1,1.4337198681275591,0.0804652908686678,0.1001185242054895,0.06821424999915067,0.4591413505947357,0.10860221545756465,0.09884480842001331,0.03274494060914561,0.06516116137640068,0.08625894953938142
2,0.6221491667640062,0.08908078572792451,0.028449146300671756,0.09989841576565842,0.3451396911976181,0.14300916751669754,0.09669124045504468,0.06467231899226376,0.07490475576468739,0.08370819508531575
3,1.2249972052818288,0.1322857757097948,0.04610648188718103,0.11612492472771296,0.33016090287753463,0.11655211935174262,0.08303672644283694,0.06148608762146708,0.11386146009983933,0.048765548970942055
1,1.4254418673290474,0.1340052837600097,0.055116408847975445,0.15357820694072488,0.3239981416148795,0.12315108085708223,0.06851085921245738,0.08261649011368555,0.0378777682925147,0.12569881224819723
2,1.5004535495441462,0.14717089021010743,0.03648827880799837,0.10117813416623568,0.294273929339605,0.09764594514659777,0.05982433311957948,0.05679369425036688,0.12167904819885557,0.10961373396520983
3,1.2807292906296803,0.11615585497936498,0.08598545201934263,0.12971103019374938,0.5831990384336385,0.06640199366420177,0.13584831221444796,0.06963387451023213,0.05253292689393035,0.1310571169925146
1,0.9242313617017233,0.15669433635205504,0.03455559719877288,0.09981766623700428,0.5312821787091357,0.10975137195578184,0.08333939423868673,0.036144925423969645,0.03459356310864995,0.08405603430390057
2,0.36324125333205015,0.12968320204704706,0.021007483331894946,0.10969409600209422,0.32903698855081026,0.1449675914203922,0.09247990010150126,0.030995074870304604,0.04875588779168953,0.09711023791041208
3,0.8473283005341111,0.11265954556134467,0.03395253175662212,0.07544579386606817,0.4759013140556194,0.14740611196559475,0.08955218237974893,0.06661750627180643,0.05652997105535191,0.08988454860746714
1,1.8004329309602232,0.06377451768887091,0.043408704793094235,0.09497571842309022,0.3758660421262313,0.17255979670124288,0.08797375534083554,0.028540922589506836,0.07100811793478068,0.12387903932133608
2,0.7716719409893956,0.19771843157197064,0.030906226835450436,0.06077561613246292,0.40198849999654673,0.12497012487620535,0.07250034217025747,0.07248806977028233,0.07689324902574571,0.047217968938280855
3,1.9375219774531973,0.07499194021871874,0.0233480957942078,0.119641183238575,0.4587459325385821,0.1265751313049667,0.07968765482709443,0.07154563401294921,0.10480645858175366,0.12476280992747754
1,0.9649446099405632,0.12391913636029225,0.08366037095624337,0.08360290971844253,0.37755772595294657,0.14496714546683634,0.04968891554658217,0.0540888091235539,0.057987619521791114,0.06501307674055137
2,1.5222435515548278,0.14187637108645051,0.024059201663980973,0.08743348530625288,0.3192175486042762,0.1328369785954117,0.07777115723827623,0.05535248661741663,0.048216758794165336,0.09910433823496953
3,0.7046643825208179,0.13529723292570234,0.11871502334673739,0.07888597683143596,0.28537787497591416,0.07777930649707093,0.03713849172359298,0.054721301456105216,0.025653921531699035,0.1006459351448103
1,2.3813389775312865,0.12486546980695529,0.018393200033926797,0.10566375826261593,0.35431881366471063,0.12914859038186496,0.048678650958002306,0.0464525206323615,0.06095482315070966,0.1217132248882418
2,1.3698906036397442,0.10001930136346515,0.06614547255412198,0.11364179013658254,0.1820195993598005,0.11709790074639724,0.12282445667184072,0.027825228324584447,0.06383431597265808,0.11474260980809656
3,2.219349322880671,0.09447254017590277,0.05401313121971827,0.1022778274406565,0.29877223925250085,0.10970720217525551,0.10056769777745896,0.06723359421725167,0.031788550518305314,0.10608665141274984
1,1.5922291790392846,0.1373231754869747,0.07549642663380446,0.12930266859499787,0.23207384872045905,0.15091615801541425,0.08663493047064193,0.017929409624485956,0.06008171068453555,0.11537038921198675
2,1.0448158946074355,0.15534710384528588,0.013773121775497648,0.13793145095340772,0.2397753265750366,0.10037703010667566,0.09979246651882201,0.06926055509853367,0.04829990194939479,0.08368117582873673
3,0.9126678000607402,0.09469276692967105,0.061206825343369756,0.1408613087175224,0.2827730187223215,0.1503053553793938,0.1054263116427875,0.023159845165443543,0.03509997710005628,0.03965259338257775
1,1.072099848974399,0.10183243456556468,0.0395499856839385,0.11822512742775966,0.4155418365579333,0.13617268723770404,0.1002694476088386,0.057062185484818825,0.08547652144972143,0.06426970840918049
2,0.7809457073911019,0.1349760250405249,0.125273623526171,0.08219902523934577,0.17721921574330454,0.16249885774102912,0.08065008942289072,0.027909333731352435,0.03560920215081327,0.10734988449195657
3,2.1066290532474885,0.15742598651936382,0.06883893738776053,0.12945660985691892,0.3351819586242276,0.08518979461854714,0.03445577028827216,0.05915313753184865,0.09035224692862362,0.13172238158820637
1,1.063239770199346,0.11251997102412972,0.060997951593365726,0.09375111937552182,0.36168203757071515,0.14894817297784796,0.05161497749720584,0.07046119600695112,0.07445431543528576,0.03568023911466761
2,0.8484780580475164,0.07471755042629696,0.053163039785521546,0.14408068764400667,0.3587297429679901,0.10701650076035928,0.06286706158630753,0.052618799577567335,0.06878814028938027,0.10324194066611285
3,0.26085872009611144,0.12197081314165796,0.02565121694452522,0.10847258919224148,0.4172784672474241,0.14063565782903273,0.0962154225279348,0.05408708915889671,0.12117445457080772,0.08309815556076353
1,2.314521105654003,0.07888885060830643,0.05039912915182811,0.1561652633925544,0.6112672411428848,0.14695710340604826,0.07744887516884874,0.034950223361335436,0.04973483536535406,0.06461229568875412
2,1.5651391173283322,0.10144713379632588,0.07524748618965461,0.16639242657986852,0.4480538614075668,0.0913106902043364,0.08139662848765851,0.058300281720160003,0.07321769686377193,0.045578541944696946
3,1.425930469127599,0.1282624788849882,0.014040837750375564,0.09499156700115409,0.43366253482183686,0.14613283048622058,0.09723136294741075,0.049721609370281424,0.08777311614277676,0.10253959587553407
1,2.074762720458203,0.12402641514161003,0.08388555954587207,0.05543013110829147,0.3808488995015879,0.13134530990979504,0.08364090139654298,0.04915988631309293,0.08554475787150874,0.08482356349088811
2,1.0187751980974062,0.11343961999412695,0.038213366082316354,0.11698717070806218,0.44540476223747516,0.15295166152370018,0.06346099293281182,0.0387365836803796,0.08994214308535207,0.10468065645032479
3,1.2384770003390657,0.13515288384118698,0.03895533997413975,0.12898832107957414,0.3827499558776369,0.14635543792918324,0.061720668118463336,0.06398212635016735,0.06427183974181762,0.0971059724544129
1,1.3793276079814858,0.14301505614460003,0.024587025272500902,0.06349694349789317,0.2598800840897746,0.08017879782293572,0.07600500877001906,0.03937298316182264,0.041312074937360485,0.06430903665191136
2,0.24946918578950472,0.11354646737234411,0.08841933604004612,0.06528251808202654,0.4636568796105441,0.11031750838129926,0.06522225034927857,0.06449317476174043,0.07157617894282621,0.08467722637473452
3,1.2621000092905281,0.14477183780722191,0.07421484392897977,0.09718645034455548,0.5773179660187924,0.13409761894773128,0.12905826976959386,0.060101465174935365,0.06492103344253482,0.055536361096884784
1,1.0893442079491122,0.13642739952279534,0.09161489512502985,0.06568343763876869,0.16464038316969742,0.15766412999544527,0.08649941909163932,0.04749286501147355,0.0859675948438016,0.05842975931568882
2,1.634932080030662,0.10572728880634197,0.05458882749765574,0.12689699151730874,0.38859436417902143,0.1417730241171206,0.14348344846787692,0.06362867969314337,0.07418908973783651,0.05346476849404527
3,0.7065891527609646,0.09479829426083333,0.11943473118643731,0.1219419441157481,0.38303814326694124,0.12153126668571065,0.058264492167941544,0.039894188788607225,0.02987266666980659,0.051418862785282904
1,1.2151570462956636,0.11777615003989123,0.06715074553350853,0.09134084093094376,0.3476120208989297,0.0785510893816643,0.05808723828111231,0.059835219531758174,0.09838217306756897,0.12092356545546562
2,2.092055170795695,0.0863298009803287,0.056770105780350105,0.08669886690603178,0.36138027743699297,0.1443048624935179,0.09089279383657899,0.04758623170231977,0.06436950157420487,0.16608067482004926
3,0.6443852175514677,0.10160522650894793,0.04694139459832986,0.10994785586898613,0.18813564362070456,0.14312004363653189,0.08167435170945381,0.06304577233435671,0.12303981087708368,0.04848319110062964
1,1.2724235590789381,0.15306362355563777,0.08406858499895956,0.18871801694829637,0.613776913192777,0.07770089641082209,0.03941315037657649,0.0346715760931877,0.047384784119275956,0.04834441171772699
2,1.147694329684778,0.1445350668325974,0.014852256263966995,0.14903494175482163,0.5135926676140656,0.1526477539727313,0.0527880495895845,0.0746760274709131,0.09978951583822744,0.04837942129577748
3,1.3097839028427927,0.10186176713784169,0.14628938807639508,0.11531030653070636,0.4238156627660717,0.13279175701002324,0.1171706922889966,0.019254915501279606,0.04910812007343817,0.1473183236788838
1,1.5446495791760866,0.16683243978308387,0.061371489566598714,0.1122070278117247,0.5089380482156791,0.21057008347057182,0.10169306731698169,0.06110872625265814,0.10616037889952608,0.10061508728513907
2,1.8488090088747764,0.17714294368862907,0.06007409415200721,0.09273208596369507,0.36266520525565427,0.1345247619265096,0.043737048366937564,0.03616413556409017,0.0855072568294019,0.09501504363422499
3,0.5048237275598124,0.10311965003659901,0.06382816242668135,0.13106414825548257,0.4153896218153323,0.11333227424741918,0.13194463137337356,0.05834114089708205,0.060484364068500954,0.10498980020538926
1,1.8119909924364859,0.10814725809137685,0.03574238889236862,0.08537016303264965,0.27240619399981203,0.1036405250382291,0.10453190082994838,0.08969121179669914,0.08894573931888847,0.1177390884255141
2,1.012278319796875,0.08549598328993085,0.03308693336273336,0.07477323500539773,0.44243182013661253,0.1485600447419438,0.0907791933248292,0.0656576868910877,0.05261487380253074,0.042307367336520116
3,0.8739006536584065,0.1491471093335286,0.04094232187413023,0.05560917715435691,0.2874441894988934,0.08917948778433127,0.08486033348309202,0.04064850311730828,0.07726753703835994,0.10384734835136127
1,2.0418735279904157,0.10216101007589355,0.04457068354616488,0.1307310226738351,0.3084751735190427,0.1242404827346396,0.06811653374033128,0.059736561597825026,0.06562220160674127,0.10650782198035925
2,1.344150632637979,0.12004692404087257,0.01841697625185964,0.03573241294232761,0.5878897965348929,0.11657856609902947,0.09478296417922141,0.03626093601725758,0.07116361785631926,0.11905266698303518
3,1.3803942239318692,0.16286245855135031,0.045126338342843665,0.06805441377511494,0.29987773040241084,0.09117661443383208,0.05645802691968036,0.05559570192103773,0.05360879165219215,0.12030810427302832
1,1.1184779229765995,0.10910302704411637,0.0672585607887455,0.0869873374458546,0.3513492260043433,0.07791171330951455,0.07469381252535578,0.06231696761521031,0.0754549767916058,0.08612851846857918
2,0.45438217061149055,0.11522179912071354,0.05819273186773087,0.11735787586701904,0.27101092514061764,0.10016777012705069,0.08721972848155769,0.07287414627991644,0.10462689309729296,0.0468615514605442
3,0.8042696178419612,0.18988403708963578,0.022894110376713305,0.09366329367097556,0.24217666575123797,0.11610737562345311,0.08390839144396398,0.0511620573328838,0.05250733802557697,0.11969034016804975
1,1.3454653139103514,0.07779613946845762,0.060879125178716936,0.12084185101351258,0.2783886296342219,0.161904234156466,0.08206739201948757,0.0664679933733838,0.08419463412870022,0.11343065477923756
2,1.4074554382357147,0.06869371388448511,0.047131419126444626,0.1552613756936072,0.406065540547857,0.1895196928695223,0.05835055129629152,0.05667806441299476,0.07963949739824092,0.09358258742282122
3,0.6483111388611228,0.10345408610612832,0.06848706621728208,0.06667261675681332,0.34372030693384764,0.08572498754853886,0.08073434942219808,0.07004874884997778,0.07740631796448762,0.07928551062705383
1,0.46080937583821413,0.11988709708618742,0.08049155454148901,0.09438866322068991,0.4331571763339238,0.12406871273369383,0.09685967497540272,0.0406570417997954,0.07942790549398868,0.06157131722460625
2,1.168361680781531,0.0965726759618544,0.10631771440409973,0.09168601641974432,0.46361290747992423,0.12477986370903035,0.06428016052897495,0.029377664053571152,0.14458765942539864,0.0943891737192835
3,1.156792777661329,0.09137449612474392,0.09932463977269138,0.1430719844081489,0.2746705921213968,0.13589427185455508,0.11170330636203497,0.060018952446336045,0.13624317001596187,0.11266503677809546
1,0.606544506918411,0.099258885647314,0.01105035232529896,0.06868948876304076,0.4482336454002076,0.15699991594630786,0.03273403331757221,0.044024079409446824,0.06125025641537496,0.09315953563921486
2,1.6089137732295304,0.15647498537806595,0.041231312584108434,0.14244605928776483,0.41676314824514515,0.13875344052706548,0.07088144579507101,0.0525013610280823,0.04851939513020807,0.05475986759047912
3,2.136567726099242,0.14083915699879312,0.06511583395608556,0.12663871882678834,0.4227949440702735,0.0759242871963163,0.08091011722586489,0.03694773216086503,0.04068135444054645,0.07123886255925456
1,1.2883727343296996,0.10476305799002783,0.05318236132359527,0.07277094119067787,0.3353886986238017,0.1595044197943634,0.10305486140305511,0.0503367991718771,0.07699395141520125,0.06574368253835311
2,0.47225976752191257,0.10855527125076246,0.052303574229044615,0.10331740373469137,0.4798711323104001,0.06899182709834267,0.03844268990510186,0.01728455848578605,0.09505631273425778,0.044741326747792735
3,0.2735717938653104,0.1387208400217245,0.06301724909827784,0.10858395746648672,0.39029357342988463,0.231966014940153,0.07110847701642808,0.041534554846074254,0.09586584274612472,0.09774846877471835
1,1.305620740215605,0.1353203398470584,0.03028827575713077,0.07649156430767567,0.5431237584447809,0.09069198143918503,0.08895711228171713,0.053081260096412265,0.053191345736674625,0.11803262333652781
2,0.36779465758717644,0.1270716426694779,0.06953207841789784,0.11196284921141039,0.5348348985294239,0.10877217387872845,0.07623151579821477,0.06831437012492585,0.04874793207701972,0.056586512278398136
3,0.8163066156453879,0.13181661924822044,0.03068862522434886,0.17877709608296,0.4291819973509294,0.08922173714340895,0.0722048874334477,0.08335132421901681,0.0846650410241611,0.072827343354493
1,1.664107791871,0.10731568177806845,0.03681416024219611,0.12671379009717962,0.5303859891306754,0.11971134343000225,0.05858056954246769,0.05139402436637791,0.0628436986760664,0.0827130749764977
2,1.1073624815148093,0.12737312387427288,0.07012896411868988,0.07622097499647067,0.4723119702141523,0.075658120994265,0.10836105405598671,0.06824374019719037,0.07911263369121815,0.07064851957871375
3,0.9503436087396475,0.10612498383525247,0.052520682369351646,0.12454438191046857,0.46731871604593034,0.15613459185314071,0.12111047303942848,0.04647206040817468,0.08515165557361695,0.09550411032706882
1,1.505183852315109,0.11309525462538456,0.08077524684188293,0.08525973056897501,0.3582650553192762,0.107965222686017,0.07475141167496707,0.05700860018938201,0.06307441200765804,0.05792708165309197
2,1.3765925452039895,0.1818107599157751,0.034396746544810654,0.1275150646062263,0.3019789225846872,0.15793370065643048,0.0551993345930718,0.03927137908142578,0.0550610801659012,0.07779061867252482
3,1.7432315144470818,0.1230052292391076,0.03739791777489254,0.0818860507069026,0.30966844325450515,0.10865481505162197,0.07795281377810895,0.04301728982433756,0.09352139058843048,0.05734596754013696
1,1.921696149143556,0.11032704391782366,0.10186241991977524,0.05994008674875412,0.22859484370954417,0.13834141118255214,0.09018049372295904,0.06600190182691804,0.09985842049148738,0.12360960701817555
2,1.4514265811846037,0.11266220216384694,0.022445122206842017,0.12965427098770724,0.34702061071447593,0.156298758964779,0.10956920645643067,0.08856245766300969,0.036258084692055055,0.06547717392227125
3,1.9002998391311283,0.11821610841814224,0.0908621803182668,0.10429364880477394,0.44170255284304755,0.12815461210747264,0.0717325249802757,0.053392980291611034,0.07922726821444967,0.08378840985564795
1,0.9238145987937869,0.1499063972038695,0.12081579242761183,0.08702261238230459,0.49301377965521304,0.09380944582055514,0.08308296217441556,0.08396190784546012,0.045698070127418,0.04075776211753328
2,1.1712045926499617,0.08980146840693948,0.07721049383069613,0.09901169528953592,0.3002350858338218,0.160138860693064,0.11548387709871277,0.05482252914683394,0.08722527030571973,0.07425738584302724
3,0.4661283543848318,0.12988485667048402,0.0583441865410818,0.09202597615518668,0.4118086967113153,0.10459774752001676,0.07144134302080787,0.05311907568166061,0.13558488469786667,0.1112096709335417
1,1.1466333056440976,0.14122760774997334,0.06966946159532375,0.09204064933695102,0.5113483229453787,0.09227677420777715,0.12262069830773498,0.05431370301664143,0.0862734613499767,0.10457649964719255
2,0.833082300325733,0.11838983813148475,0.045078806215964974,0.15363403106870815,0.3229679860848646,0.19797149058758629,0.07974782047064846,0.06808612660684303,0.07248222441129112,0.10608430824068527
3,1.1195863738696306,0.12127693327286031,0.07375961153514851,0.048489943158119435,0.35866733995075184,0.08754438171617207,0.09313711810733052,0.03013201218111307,0.08284448917288899,0.04763678114802676
1,1.2151397514227544,0.08664520492555855,0.073893218918646,0.08740707268682077,0.43755574515327134,0.10809854265628696,0.14364883467526757,0.06888378729129907,0.11864048045981199,0.06641095520195982
2,1.5723726670275793,0.11763539205509474,0.046361502024075046,0.07499366028195066,0.2607761484274902,0.11242908395234068,0.08069829849540523,0.04435537230715023,0.06923542992602921,0.03554409265531863
3,0.9165629143790524,0.12476157672391831,0.028476438563062405,0.1673225987817964,0.28299795462162763,0.10200376603074478,0.06990157193486247,0.09259225514101592,0.06266983845605792,0.07084025791658734
1,1.1585399260816207,0.13088314537303,0.09696687655706233,0.1222124402277972,0.35996676469261424,0.1664422196888698,0.13336832730777937,0.04961219765670369,0.06369957705697714,0.06887445986572192
2,0.8263306205188503,0.12556175931871694,0.025471347484873175,0.06274160617159898,0.4637722333541938,0.11165933409480877,0.0656899194010787,0.041920439141074614,0.09858836548698408,0.05037979728286205
3,1.1860281270236352,0.13027504718128471,0.017989913391308433,0.09622744782197394,0.38486429426246455,0.10563106691425055,0.08044635637701365,0.06483147084006499,0.08519601983282728,0.1099436518210298
1,2.0778480186753012,0.1196922434643819,0.0323109046606903,0.10858841885744942,0.26686198903273406,0.12228544531614867,0.10664187416850564,0.06833422202069205,0.04969651332741627,0.04791778483403612
2,1.7299990208311746,0.07640994914130876,0.05033691319363368,0.16920284169010852,0.5420630106290174,0.11482423909105549,0.075702621565599,0.06954167166623958,0.06974571793544727,0.07444317784413582
3,1.4108527277329477,0.09662513622639302,0.014002485280647823,0.05226585469432216,0.4920059476237342,0.1658460946631695,0.06380552386451581,0.0337852998553904,0.07533070068077738,0.0784770673320478
1,1.8824816086817622,0.11357460897031664,0.11075343623988537,0.10941059303875036,0.43275891525885457,0.12654874894919227,0.09941339195627652,0.030213872618500275,0.06932267499087737,0.1143445107002389
2,1.8238925783801547,0.13800267977200603,0.09797968003056881,0.053700736125634856,0.3269317750778919,0.11814622227855756,0.03341010658449949,0.05043889966149162,0.07684872222830469,0.08687138732064678
3,0.9257065151990752,0.09889631289654068,0.06519570035579517,0.06231754184463104,0.4434660198761998,0.09084714698935542,0.08607636027287077,0.08509033366589631,0.07581016452856748,0.12330866058558138
1,1.3389765562397131,0.1377444168322286,0.0625337196741232,0.1151771836534187,0.2722312918422159,0.14205087615797227,0.07703179150270625,0.06428294368811655,0.09625620844806912,0.05494026766703697
2,1.7970820890125005,0.09368681324975137,0.041599006776205594,0.1714167695839423,0.29834046563278444,0.1709893968383275,0.09687416843280443,0.03382420047102522,0.04982352793364729,0.035410650317504684
3,2.084720744298087,0.1387387805965331,0.07330455350345202,0.07461854986194696,0.28941959418708424,0.09475060072812619,0.0971358141630487,0.04466283184999565,0.05934934598577602,0.05890722822190176
1,1.6942673191956932,0.10721119658616124,0.05795888025007644,0.1594557500280761,0.5219368609835696,0.08708811214936932,0.12348050646709074,0.03774976242697683,0.0951485645821766,0.09582029112274452
2,2.0568260221117427,0.1247030268103219,0.021096013624238796,0.06372667719832856,0.34413838296985594,0.17039137891759273,0.11121098178482447,0.03637290563969289,0.03183412127619982,0.1342696333608262
3,1.2335711749789828,0.08996683164824737,0.09425460289308724,0.07718547556868388,0.4328808800917963,0.0926168691722941,0.069310598501281,0.06095199754940908,0.063065191955851,0.10933011379550954
1,1.7849481318834535,0.09015611975855495,0.12801432839295873,0.06967572895670335,0.25158874451347485,0.05090381135103815,0.05899633369473499,0.06210829442230391,0.08939677106342231,0.05423022879564201
2,1.5218307808977911,0.10482355416896302,0.04165625397405606,0.0934973585673062,0.1761836323295387,0.15347679929834243,0.09816319579471997,0.053335672922870475,0.09285657309842413,0.0506406021549156
3,0.9558329165941384,0.15534172223867515,0.021566054655763427,0.08053329431018319,0.3506808864700205,0.17627164121447123,0.08170667889313099,0.02857055740565071,0.05324535597467196,0.09362654368640912
1,0.8829576559305021,0.10331386010948944,0.08531548873206138,0.05356256446222804,0.343753559605825,0.10335665195698578,0.11160630066977376,0.01540945164501363,0.09055477164151363,0.07708061592871292
2,1.4656199899773736,0.13856345980266743,0.0806928758064224,0.09038429004475984,0.6125627130824,0.14715502682481899,0.07154711312047948,0.038928896091276935,0.03520786825655014,0.06330855741308741
3,1.1861934005776038,0.1081200123261055,0.043262677626737876,0.06350797121132605,0.44488079536308595,0.11359930131366065,0.051304279949167475,0.025233041648463263,0.05358104324153634,0.058494397115208444
1,1.5639716867614943,0.17047105797070816,0.04524374142243266,0.13689366565297692,0.39509633008932116,0.10257903666826612,0.08640399891067041,0.056153946173669145,0.0651575672122216,0.0833677647741863
2,1.1300455949828794,0.13926627330927588,0.06568262663555915,0.07336325679995258,0.33647621075394996,0.1609201151908272,0.04826771705745134,0.02756513226387474,0.11142585918645492,0.07397093606446033
3,1.0723949522387959,0.10296847113965117,0.021947879313944308,0.0487574479832088,0.30469902134497673,0.18310625397106411,0.07655839992395098,0.06205431436562076,0.04732886918855225,0.1010749961981901
1,0.7133146363859175,0.1549043961638746,0.0621702788986506,0.04738727160419417,0.3383331238481189,0.14520988917359634,0.10240426199271235,0.060001238233774956,0.07832793829747989,0.07036708592775077
2,1.2794932555426355,0.13960152647080665,0.10047498409413563,0.07976228572996982,0.276258565703351,0.13100386299285738,0.06247180013559139,0.047111653898202606,0.053774423845999696,0.04177942101974369
3,0.5828132165856401,0.11107516943754725,0.03239457193249837,0.09011661996265671,0.4178640221421923,0.1364778132005933,0.08479572175806317,0.022835618692587812,0.07502784584876927,0.1103856417884478
1,0.9287262681013752,0.16633851564888524,0.03750246102365657,0.09061922557335207,0.5259521580650494,0.1293829407343206,0.11539876491744745,0.05481215791755292,0.10435997122083313,0.06809993647344358
2,1.0677070534497015,0.1430324844245921,0.04917057813477298,0.10597115814149588,0.35826751496496567,0.07446731308773567,0.06065116058314919,0.03338284634941851,0.08461332414788716,0.03700081466098583
3,1.3419982765120353,0.1551775777651189,0.05813206841727702,0.12589008687717684,0.3504323530798996,0.12389266233546631,0.11896157502714373,0.07055997292799976,0.04512958965950913,0.08136373009415052
1,0.44580079466089473,0.09494936333288646,0.04311544747261965,0.06468766293969314,0.2923642214429148,0.08624974329845347,0.0814138382745483,0.03360234836181866,0.06144196119812862,0.06192322025902519
2,0.5280662858283869,0.15032307287129532,0.044713755783026374,0.11941919943836021,0.4067051197653936,0.10815451792650074,0.11509142523307195,0.0465605149364274,0.04726062668349951,0.11251464842739355
3,1.5742398159916866,0.09544739633567634,0.05960254541306796,0.07070563533009996,0.456229270875033,0.13784703715450636,0.06825646378614018,0.024018463950540574,0.049684830352075784,0.09241383406525124
1,1.1212093609381775,0.1393175879826673,0.04785654193122572,0.09235114868519764,0.5130290520829106,0.09182997658582118,0.061726199767775616,0.05501994499183607,0.0784595896480565,0.053642394304620186
2,0.9771768161160538,0.11376116305000626,0.053087481581328075,0.05685530158155958,0.42835334229332217,0.11842074898265055,0.05121219013393449,0.040979362543339753,0.06872057978993949,0.07306182630107415
3,0.8687316160028685,0.10568524088283021,0.04130490671916952,0.15438720497162803,0.5243890522141682,0.15221023601343545,0.108689951687122,0.07990956453002304,0.059920127874351976,0.05688902578742456
1,1.0733619504171228,0.060565183759579075,0.0405056942705789,0.11180003939059013,0.3885191036504999,0.12985956732964468,0.04216579446428037,0.08313814712337933,0.08145103789382918,0.10798180265219127
2,1.6259940884963606,0.15574180528800108,0.03893697944158172,0.06442284780053534,0.3145675177083424,0.13353280440142049,0.07149457256301014,0.06346107621471136,0.09406942445193442,0.04526870356317572
3,0.9717605634041063,0.14375233853854547,0.031165340374183975,0.12705489344224774,0.5368438197764955,0.12947249912952633,0.07639454601228901,0.05365956218496505,0.0673193194037641,0.07999672484532208
1,1.1813439228464846,0.13874765782608603,0.04493807759708547,0.17535539357399388,0.46148860218054355,0.12168630100366071,0.061536078571645884,0.04457128580018601,0.05617315602019896,0.06978712899250505
2,1.903197258620156,0.10013880908993958,0.04709499019912791,0.17874159113343344,0.36826750723961776,0.13789081127392577,0.10372069502408394,0.031558150700944726,0.026110670114096922,0.051335650330687266
3,1.7236802001518072,0.11763559770907231,0.1365020637753222,0.047778209995159665,0.45899626070738625,0.09600986548406543,0.0843671944229021,0.06042550960193164,0.05377776088364089,0.10071405110857526
1,1.8830649081296191,0.13547006621323948,0.043061989613020234,0.04303893414413506,0.4707639111160966,0.155643122539454,0.13595646997333735,0.01959351509132494,0.07017365995551487,0.09235997635390188
2,1.751278004152951,0.07763794756295071,0.03996703666435917,0.0804517294609379,0.629072934792406,0.091947031684823,0.0546536823134346,0.03187925340542121,0.08290297733507562,0.059495076234875065
3,1.5294690184039677,0.1380552001689927,0.046570226445004914,0.06713258948821677,0.4125573958164189,0.11680183487247937,0.03315488534690059,0.06064675723934499,0.07071559608098678,0.03643337927957171
1,1.150057273251803,0.14312858489668284,0.07901382629632477,0.09453584017303752,0.36955077974868544,0.07200413906454214,0.04217946354964853,0.06885928777776354,0.13181605676948752,0.03815934854256648
2,1.4373085008635171,0.12022432023398968,0.02715617441486692,0.10899903734053032,0.33452219826036045,0.08932523723491308,0.13163662611681132,0.05610123178159995,0.06706071578048581,0.10426820950411772
3,1.8378204999007053,0.13756597593946998,0.1277566864697351,0.1079646808720109,0.3159992256468088,0.06636500289216724,0.11631239781081992,0.054874651175215394,0.06702223533254666,0.031244871227634752
1,1.2243499557646491,0.09703640671120142,0.01953346954443222,0.06057333199580471,0.2475162676894511,0.18278682671301075,0.0945852386129512,0.04851406563690699,0.08899232750852268,0.09780124402629405
2,0.6516176512033326,0.07749461980114243,0.020653930397067363,0.08460526143166339,0.398487420287338,0.1636794284242099,0.08057237757143892,0.02640445551452042,0.07700491903179305,0.0636822614165436
3,0.427958677154197,0.18442045442160138,0.10680149972949463,0.07566244258721162,0.41867120575512584,0.14389412242722877,0.0775752357046372,0.056530841843769004,0.04519610050137328,0.05257985802498191
1,1.2855670021299002,0.0663561404357218,0.04453292444598818,0.0870055519708841,0.475762372437166,0.15141553461094626,0.07153056448290018,0.04676867895243589,0.1296791787997994,0.12295799705270355
2,1.4163221989954977,0.09384900970332005,0.038924727445066136,0.15469109889082128,0.4055358408903383,0.09501068035982285,0.05935935901805345,0.044679994442198084,0.0586637132458835,0.10683449249128928
3,0.8444511846471037,0.08897236650828501,0.08298364206000797,0.07028524317242317,0.5544526951670106,0.06693733154367928,0.13090866665015408,0.039443494028708344,0.056998183141872924,0.0703986139003056
1,1.8556235819281937,0.12472284530664256,0.01738417160803134,0.09071482930271436,0.32618473365819656,0.12590542468618737,0.07850836460079286,0.03295295995913915,0.025308611753695517,0.03208074072370767
2,1.6064390188426427,0.07194332601987108,0.056108313228521126,0.05102790071044865,0.46049758498665183,0.10937994260021294,0.09967726446490272,0.03077563339118541,0.1007815388940689,0.06394837945966553
3,1.2789097514279586,0.14503947473592427,0.026260708115476688,0.08286616297726396,0.47586231910534327,0.1341550769874652,0.055443963881050704,0.0482990751156259,0.026971037938819213,0.08017098664804008
1,1.5006666398626407,0.1408951557033553,0.026291766885316318,0.08593628567278543,0.4425038404638027,0.09626551757913573,0.07867673936488113,0.04216122184592137,0.10178473308377564,0.10186932331372872
2,1.7224149828468105,0.14009538338783384,0.010492143367783167,0.12332044782135648,0.4343687310668011,0.10693136517697256,0.0664123217508891,0.02552852310674127,0.06485355703715613,0.10067913231391773
3,1.847653327120752,0.1467133301535138,0.04672406520421231,0.11718768793603188,0.48754208119580655,0.1470482357017245,0.07781034193777257,0.07319755989743466,0.06430083396806141,0.030520899008526954
1,1.753088475639208,0.1252274870958567,0.02869697059368324,0.1134296457125216,0.5374576311746512,0.13524419136407118,0.03771067066993338,0.07982572225781599,0.060099108781095804,0.11977426824108288
2,1.4732138324386919,0.10087934066039825,0.049515530443753765,0.07000185117336447,0.33643204387098435,0.1462439316066315,0.08825091125117288,0.03305462605851617,0.04858043109181291,0.09946898957976144
3,0.9841831260852544,0.061626723276643085,0.03232211094037872,0.09818307637717734,0.28240339230468825,0.1403857517128758,0.10135460157731761,0.05860804221273597,0.11131508432636689,0.041986444890350624
1,1.0740086141262268,0.14049971454202603,0.11556359016385298,0.06943074841455371,0.3570891053077594,0.1138556649725244,0.0555180796531044,0.03923690675042198,0.06969899053817795,0.09134483264247621
2,1.3697507808768221,0.10288611065727238,0.07199384317962151,0.06953730116532779,0.36848507157649596,0.12962647684544715,0.06337455386694017,0.06300396075140281,0.11067833704781899,0.0630034796028564
3,0.7473197411782012,0.13847099914738098,0.019966163533713773,0.09934141739612071,0.39536367041896037,0.17614660250672656,0.08611285446158491,0.06405775374526712,0.023659503108954316,0.08665076763529393
1,0.32696825087582326,0.13952307673387337,0.05185588089751227,0.03299395230804415,0.3827632936911586,0.1429646342543278,0.03436805068006837,0.044831913062300596,0.07384556908103149,0.11136564661935758
2,1.2641159884106181,0.17115907526002055,0.014765902804109658,0.1015100335295054,0.33805092554572375,0.11079292347885562,0.11030306817285361,0.0703578737688835,0.07104055127778924,0.04772362311258741
3,2.240173373439249,0.15774118678897864,0.07264586883757304,0.0801021577953751,0.4172943671587107,0.09962443283831124,0.07537843673059304,0.0681669768811417,0.06182453101732112,0.060475721003996466
1,1.5451955952351595,0.08288216000503576,0.047145284048968145,0.12262231298448495,0.3351734712130703,0.08200344146029956,0.10836972410121476,0.05678170414730638,0.07004670729561221,0.04213228613688901
2,0.9934176407530267,0.15484060191204183,0.061411778855094856,0.1491658209265151,0.37741965158215146,0.13621036156274813,0.11245961419080494,0.05270702945669655,0.04581875949218208,0.12036274960738232
3,0.8579551672042571,0.08435646750362905,0.04268831354523494,0.07796332879354331,0.5195224354863548,0.11512889374407723,0.10881266764023644,0.061902065218498115,0.045280483688022816,0.08686013901361542
1,0.6128776917695269,0.14122618826175468,0.045817684806909856,0.0762855881362664,0.3423016571533219,0.14458070767289802,0.09752729312072794,0.03934530075749584,0.09912468988459813,0.0983419711464702
2,1.1085094440904042,0.09627584206385979,0.06240856767296557,0.11877088130027122,0.4641528826979082,0.12616151959910407,0.12329698040804132,0.06232000397171525,0.08698462097339921,0.13320397805583764
3,0.8144409270192383,0.1370537398671344,0.0586137215308134,0.1223256344632999,0.38897659992972555,0.14823270787417697,0.07387645038748984,0.0753431372897033,0.09436759816145465,0.10379523517668296
1,0.8084373737220416,0.07094268573090082,0.04501187064459117,0.13098598232760017,0.4340423406470885,0.09081560386860918,0.14636240425582997,0.08047258620586495,0.08856820135445197,0.07352734858562858
2,1.2139629902233813,0.12714849011624277,0.013157051279404842,0.13386242683038507,0.49740492045185164,0.1733097897408078,0.05793046578513082,0.05883583117985034,0.048567972814377816,0.07937954864138606
3,0.5795657550596136,0.1123102157429754,0.10056819255005824,0.11576730890712536,0.3346679765837557,0.1646293477029533,0.07896241901664129,0.021606986099103213,0.09107087997375878,0.10557124490941128
1,0.9024421134016375,0.16691417048468551,0.1132128040282782,0.13181519504785483,0.3229387531056251,0.09911302219526164,0.08418688015771164,0.05275301740392122,0.072909219267284,0.05241339674000255
2,1.8112976166389942,0.11859203068277069,0.056474366005682224,0.07411588356646803,0.30198032682592757,0.08974788816241273,0.037244887053229474,0.05574412364055539,0.08157904246338125,0.053489064401213565
3,0.9497702735884064,0.0966318227351202,0.04499123604062741,0.1203836192547619,0.5281935397692958,0.16765496192845242,0.10064095514982119,0.0556947299571438,0.05066062476405277,0.08672697425731803
1,1.8603490388099497,0.08668112222939314,0.01785296055766147,0.09506777731305938,0.3977252887526636,0.07374203441630973,0.08782518177485596,0.048721646578561775,0.05417800017984577,0.08200618993694803
2,1.2703220450381763,0.1392619533910414,0.053100465934081305,0.10142606473366722,0.36313442626852926,0.1903812086516189,0.06558951898591552,0.06124608200537547,0.07792597713263273,0.03552224255893485
3,0.7846049548090966,0.11011856678383435,0.05065230200330181,0.16380970048237634,0.3768662115122201,0.11496296191078728,0.11198292918886832,0.022972759699193372,0.04988844641377256,0.09195440117424888
1,1.9145172205456853,0.10915657515726265,0.039630295567240695,0.1342902191585088,0.3447618312056342,0.15460653122035273,0.12664681832365268,0.06956216863159596,0.05366866534374703,0.04085082309586805
2,1.4312670924028952,0.12564112143419406,0.07079110217677897,0.0958080846101515,0.5172199267647607,0.10595746918547075,0.10615648987976392,0.026810791256529357,0.03598330380566351,0.058898560175448464
3,1.7396900419267665,0.14448287081893443,0.030776051928044626,0.12638580379780767,0.5587678112143287,0.13276068217673964,0.06192020749604048,0.042564552646769144,0.10283871753928983,0.08440428728324356
1,0.9077751949776087,0.13990348969574157,0.02237163802325502,0.141472019207042,0.278734658306552,0.1195136680158086,0.0866836732069029,0.04987548418863982,0.0916655555696407,0.06537835546224084
2,0.8228763237094481,0.1359165163333851,0.04309757860246336,0.10951465045365236,0.4431983076398185,0.13258629041072006,0.04563272654935497,0.04426053272819551,0.06858012012225237,0.10027070777889983
3,0.9949215967062999,0.18693487636060202,0.06946512126076565,0.08499739490976511,0.44543607492631526,0.09919698314076264,0.03715802490144512,0.03376486058325219,0.06436397664745996,0.09078536458955995
1,1.3713185384725284,0.11649594420244413,0.02541404073334351,0.04731436261995173,0.4035133079800419,0.16141558605854006,0.053978360642222264,0.034039908219223536,0.09245539101641653,0.10630674784205571
2,1.016612550016055,0.0940863391495626,0.056664695021992964,0.05831508503116986,0.2945717448306649,0.16994262479699368,0.06456823478543121,0.08070850401626478,0.09253070755285257,0.12376017959702909
3,0.6422712128856666,0.08216562921008352,0.0669467597454778,0.11655310165657441,0.3014586206753911,0.0947185273251489,0.10371106739712815,0.06870313582738875,0.0546865220601223,0.08952114976586656
1,0.4519168548663839,0.09367472552029094,0.10377854839102324,0.16763054127520655,0.3886590811347856,0.17239082390229002,0.031238350475841517,0.034503239714030104,0.027885425487531486,0.046333052812821955
2,0.5735681017993713,0.10785363939881425,0.02006153096218065,0.11045642844320988,0.48099470341868455,0.14627598923041513,0.06492701891022933,0.042317950721628826,0.04121207122368557,0.051843591432787745
3,1.9779910675129049,0.07842137151163156,0.04516585858997145,0.03420854106410673,0.4359699453024876,0.08925610001748081,0.0907960998548772,0.05897565182747656,0.034321769618003366,0.07099338238800743
1,1.5156338412433255,0.09015659483065158,0.05749152479702859,0.12037607436181931,0.45161421155384773,0.15665353658144487,0.07221966579809264,0.060583357953968776,0.03050398113619561,0.0652143707045787
2,0.740740436684891,0.1462440083950259,0.099326541934701,0.14556894729109418,0.4258912882391506,0.14954019038759073,0.09054570730689177,0.020254762827132036,0.08694589773890955,0.09588056447328484
3,1.2893803862793973,0.13992166427633929,0.010721852565294392,0.08217457904182622,0.3321655633935936,0.16560716811553697,0.11542117531192805,0.042648965342832024,0.08325804121872526,0.13341879661628653
1,1.804841801973468,0.12885760723987583,0.06169157771805761,0.03817198611108281,0.5004600836821798,0.12876925691440835,0.060073326847537106,0.06983912000043395,0.0659576331478649,0.06679882065821152
2,1.7271151307196297,0.16183100539990786,0.03393218023714333,0.15018519655260468,0.3699380238135313,0.07465821944015884,0.04174548218098289,0.032594092326568354,0.045530692263771794,0.0838874873957884
3,1.5909312430465847,0.07493429884702921,0.0415083187607623,0.08312131042752914,0.23152592070595243,0.08263978891213594,0.09201875377153963,0.06334766976913488,0.06309612800505325,0.07528818992827828
1,0.8825591752619276,0.09793874007804731,0.09280541687045304,0.07427015579139558,0.38997573013892395,0.1505823210233765,0.08077880968501751,0.056079953207074165,0.07309052506828531,0.09213186931513939
2,2.3736317749729032,0.09331779348318502,0.06688587147534399,0.07984108581158914,0.5079183738142581,0.0842024996839263,0.06935881905901999,0.056402897556582315,0.045557481342915145,0.09537436053678995
3,1.451409561918762,0.11580289770439116,0.08038203271742422,0.09761092048151862,0.5420210394749335,0.07307798096571687,0.07212691334592458,0.05423413665088015,0.08161301241055807,0.0755080678099969
1,2.0073353609819744,0.11454185667955635,0.024140509144059928,0.12528860568653652,0.47441335737438317,0.14855640722793936,0.07211975269098797,0.04787627434212514,0.07882858227445769,0.13197752270056878
2,0.5400162753081503,0.06359468698136736,0.018972602185480105,0.03650594095461003,0.3352622540232886,0.15781425871866603,0.07414841803167155,0.05384049907425488,0.03832882761727019,0.06577393276213765
3,1.624457886838374,0.16835062461049832,0.09042432569527531,0.12599941284740018,0.46533050397734227,0.1481002848633515,0.07786325686555962,0.061377744330898217,0.04293290950972184,0.03157295722888471
1,1.702895569703054,0.13567368755662274,0.031326048682196544,0.09870566766564069,0.44083596427348865,0.17846920713296377,0.08818507238005852,0.04707490061767759,0.08979852771824079,0.1237055269963328
2,1.0238362418188696,0.08901467556784556,0.1251064886818826,0.13618104883141413,0.32697822257462233,0.10638112580041237,0.05196757652985992,0.049233507434334356,0.022254725392719762,0.07395584451510125
3,1.4265280758405017,0.1648398521579606,0.07475066804641183,0.14229913045585538,0.4440520883053762,0.09416231018344488,0.06469105667877387,0.07682156820025339,0.07259822515991278,0.044415078674594356
1,1.7557606236507641,0.12040258665417727,0.05708213998122218,0.060835867822353035,0.21087592210320136,0.15034290725805116,0.10666732704786616,0.023602508025344863,0.08433486223537766,0.08601929248979188
2,0.2365085227581315,0.16660144770958418,0.07476194860146723,0.10429875878363527,0.5026378467437129,0.11762665496548075,0.08029518153141751,0.07835724823992973,0.08636483082294559,0.03836716222537508
3,1.5110442616698372,0.10505946630380539,0.011185142752915968,0.047473765040313455,0.32263514262017823,0.14082154485757112,0.07816172774548674,0.04067469414461497,0.08082300669949097,0.07065710159858778
1,1.268780675365428,0.16219155132506075,0.0422756767435739,0.1106865904865557,0.5105802744092071,0.11937037357439581,0.09918921686711828,0.02289923914260984,0.10241165068543517,0.055745744859307375
2,1.1243355793425414,0.1516981723363655,0.04828234748331697,0.1337780524544098,0.28070596771393636,0.12565703441436166,0.07903987185388824,0.050328002752618936,0.06324836007667592,0.03827059098795161
3,0.7546324957486783,0.12647486791012616,0.05522523157331807,0.1099252748581569,0.33664675586430354,0.0860575481229999,0.07443604467448735,0.05859280312870932,0.07215247325157378,0.10739605328176048
1,1.4558568103945964,0.13838017270113334,0.021990574843523195,0.07524703408682165,0.37253642930305236,0.11096041772572439,0.05886128410434667,0.051493369450579786,0.062342265036609154,0.10532133907912766
2,1.4754617180034664,0.08236322885894665,0.054357442647133235,0.11545215331478918,0.39623304447576174,0.09285712412774111,0.11408048372051399,0.01809567004468559,0.0989987750659716,0.09577188388696592
3,0.6154112826952025,0.11996731729137984,0.0794574381037487,0.1493572352819681,0.4842416040203521,0.09946888749796716,0.04419100425991248,0.031940102012920385,0.04011436195771667,0.03616881525575246
1,1.26030775614273,0.13455177877556795,0.02295044565477383,0.0675595247525698,0.4661027927711279,0.1253707694910549,0.06337373145353471,0.03614748511527511,0.020833594460479776,0.036697615350154776
2,1.010988942827226,0.11637493294696168,0.09913078965208623,0.10836068006057076,0.46921683150849297,0.08246304246454436,0.1046240720284678,0.030730468268428686,0.10145472923346899,0.044377588243279725
3,1.0215538697240243,0.1155947240044946,0.04380677778650497,0.08214586507759752,0.28750456708936684,0.08305985142674396,0.11861779073564606,0.040275284725062595,0.079073695116649,0.03657896176812077
1,0.8241651225720393,0.12920963754319623,0.042338336326914965,0.1232869655110702,0.3076551452925019,0.15403594540430127,0.06752568889296957,0.06678555399541147,0.08526650801931059,0.06682448976308722
2,1.0953431648723986,0.1143840688682584,0.05947110784815412,0.10001951805268645,0.2981628534097759,0.12524734604903628,0.07397317734887736,0.067957884737758,0.044030591276552206,0.07011361560693025
3,0.292551756087998,0.1216215000884757,0.04081136212165655,0.08780200971132238,0.3377527207020535,0.14200208162268507,0.04876700695670602,0.06170495235993108,0.051590910857766153,0.04762775751824681
1,1.85800789067717,0.13900752722965162,0.05735225405856337,0.05666700936835874,0.40913061348283636,0.09355635165538528,0.13268589474436154,0.06839015234922219,0.046716200384160605,0.032042048593854025
2,1.718414283362397,0.13536316370002932,0.031235270668797974,0.07391387730774204,0.4352039212161694,0.11216655063005547,0.06119144611638881,0.04760168919252988,0.09437514787447335,0.0627176457684852
3,1.9523094469790525,0.1178911172842411,0.04836201046991293,0.09204081025027042,0.4964112763200585,0.10179518509449481,0.08419976254942654,0.06981577941225679,0.09354654783977603,0.08005021847071164
1,1.5181782855793953,0.1397203799892774,0.023860247330101805,0.15656845013435897,0.35879871079666814,0.15345558990311078,0.06341130221202311,0.027776065955444528,0.05988894030428728,0.06213785988309013
2,1.1896634992258663,0.10722533918580608,0.04357364443317421,0.08723157732836603,0.4068781155479805,0.17460102664861965,0.09902073241126691,0.07120665843701794,0.11060176500894234,0.03694397096300611
3,1.2966682155261302,0.08696209108779818,0.08119880984843872,0.08153529860743959,0.4077910698975389,0.11792915893553915,0.0428098658618817,0.05228721505952814,0.11393118143273687,0.05545050180498293
1,1.1124216701108156,0.12706988486686882,0.0966655041599395,0.10121538886753938,0.3587216739855772,0.1105255870931959,0.11778523685940073,0.0768740588016234,0.08286359839981579,0.07468184808630134
2,1.4763154612999143,0.11901757870307629,0.016112229746535263,0.11502655282601783,0.31894774658967995,0.08336502291399353,0.07896900054423665,0.05117339239951959,0.05004316093815494,0.05817006836508644
3,1.333268327371987,0.09052993506436374,0.01639111850159133,0.11380743264522024,0.4291102874753656,0.12911768924866404,0.033550146917400506,0.037265485919635806,0.04991377566963903,0.08975247041891488
1,1.4935664046640245,0.09274668408079895,0.09511392141145637,0.13836005005069538,0.3837532652859186,0.1700760530754136,0.12389424839000253,0.0472818687831415,0.06270245345706293,0.09671249851831712
2,1.2259296011246288,0.1025126455230841,0.04284954190466189,0.0933713935802137,0.46437145697513105,0.10209080167455642,0.15225463659213778,0.07068476889694998,0.07226716901154177,0.14236474699710377
3,1.3044350924194328,0.11136346316641596,0.04588611911881073,0.07451860394294277,0.2645813819250815,0.13451418155455025,0.10395368571202791,0.07787194826543255,0.06485755957109984,0.05517729356651477
1,0.9260404540550365,0.06288910223648148,0.06202828628212799,0.050732115195145366,0.40181046685384025,0.1341160335308728,0.08729546108127353,0.060621931119851175,0.09162865376089348,0.12504748869786728
2,2.1739265801609156,0.1303089404537539,0.05655688099804993,0.18047738034208488,0.35704084267243363,0.10468802184542274,0.11331020077137285,0.03665457525302147,0.08860559837081342,0.06978623860852293
3,1.4205231357451975,0.06328195037816815,0.040599286405881355,0.10002428187731044,0.3813587290427398,0.13934576859143852,0.12629796801653537,0.05180671637497695,0.045194347539240676,0.0783073287029869
1,1.5295386063013838,0.13732312571690955,0.032849930719968744,0.05482432083205822,0.39871554639070445,0.08544302821180698,0.12320254317393897,0.04692975470727936,0.0642939960507919,0.035185653222371986
2,1.610632493540755,0.10357382151933572,0.039013545965561544,0.07413321417526544,0.25830026116994637,0.09760253809731173,0.08929023388268409,0.05647161092878265,0.06774237318666247,0.0722407352434534
3,1.3363057307659671,0.12206957427037782,0.016812761714400767,0.07562054218947392,0.45997880275803393,0.17209269700535165,0.07898948221017736,0.027116648649801383,0.047929183452717,0.1160979741526873
1,1.4934734279423376,0.10519140121664561,0.04117677243399811,0.11856131897017852,0.6522261777274809,0.1239546819334569,0.0961682415492475,0.04229707236668048,0.08453119455731659,0.08809738077298422
2,1.824834877484556,0.12570758086027226,0.028063122024873086,0.07986826904076186,0.3041747955535157,0.1252460888459317,0.11383917811844349,0.03263472419306984,0.07263921948637038,0.1195399649173875
3,1.2099107086758132,0.1502051152190053,0.012344939979371312,0.09073619517069603,0.37519799019876476,0.11317479558732257,0.10528411522438706,0.05820479649801279,0.1306423977436143,0.11601146703215845
1,1.445610233903827,0.0839821305289429,0.07666766408279299,0.1362033591220706,0.38325380409871157,0.15078229678253757,0.039625272301091544,0.020414193308688572,0.06703772790147841,0.10113501849377564
2,1.8386303692287063,0.1252797510567411,0.05669996036033152,0.07885273275082151,0.391779165508308,0.07681711278265958,0.07646946328472683,0.07753908335750657,0.06606799531454507,0.10848355957060782
3,1.0334775666992362,0.08547809832024778,0.05484198760637718,0.1245063398154795,0.502686417088132,0.1283522519400247,0.06287763022690038,0.04625683741444069,0.04255259090896425,0.055524190186884204
1,1.0754833545971245,0.0990909685443852,0.025246303394107168,0.08764414115400151,0.5010754954847823,0.1357517076046289,0.0606245784375959,0.06847367273391038,0.07174661003918509,0.1049963156951164
2,1.1233206764226684,0.14945277171657628,0.09333480553960583,0.13730630136803812,0.3107321080030056,0.11030010052176675,0.04343065441148056,0.057957774313609406,0.0784618366402469,0.11931632785081428
3,1.8634219013795124,0.13287417995372713,0.01786913022806503,0.12548007799898786,0.3466062991005827,0.13208482020400525,0.12045776381648923,0.04105681927342518,0.05459373496567149,0.06495314048284127
1,2.444310585811378,0.0891917874264774,0.0455467895481253,0.14486368078212855,0.19480372881179442,0.17089663641661867,0.03635026154327603,0.03443101099016889,0.06481805388835454,0.08934276269629306
2,1.5870264032641461,0.141693891077724,0.03553873472765812,0.11073594316293231,0.5768105427244432,0.15215006877418435,0.053254919065283915,0.053885410957475496,0.08766034083820903,0.0639213635260715
3,1.6750392673507328,0.14741045260424915,0.07295409799264335,0.06850668077427408,0.47710754949857087,0.08880046225064847,0.12766826885572885,0.06906029669189363,0.025400211314105497,0.058495513681697184
1,0.37866411033110425,0.11492300295322612,0.0339344323128265,0.03428026040820967,0.26551764959442004,0.13506502837360784,0.10389161745150932,0.03466491757059994,0.04482334465689588,0.0670125952489431
2,1.429286575680286,0.12208221141181014,0.01826642727922154,0.14516464942309004,0.6046525004672059,0.17996040859341716,0.08043395489140896,0.055178950639389844,0.03474612623879547,0.09276193314299468
3,0.521403771762964,0.13312505683591266,0.038638660951733156,0.08928188658759591,0.26606292435183676,0.15212461978359731,0.09400112237259249,0.09131852851094868,0.07460665671842524,0.12696559804410137
1,1.8520351824439865,0.2005290551899011,0.032302862488986575,0.13955960293548486,0.37125176318467257,0.15374711226782745,0.1090574846585706,0.030714229351230492,0.06855555622117557,0.058866650566015866
2,0.7154949099614385,0.15215614914105619,0.05085463248218369,0.1886218844614808,0.26707831230945733,0.11851134367764643,0.04161023733112731,0.041906955820481984,0.08766497216125957,0.04502878964698246
3,1.926306614215947,0.1325875973754137,0.047214428451751146,0.0874253076528316,0.5298564519473635,0.11846234391527256,0.07637413687855604,0.041962554888709216,0.07912573786184114,0.06736669276225521
1,1.2215554372024822,0.14445630315814684,0.03612362432241097,0.09971988582661764,0.39362934144307515,0.1362727074317101,0.10988613500715193,0.06302621581241452,0.07415621348675498,0.05874770305739806
2,1.7928560249390484,0.10299998592244752,0.03225468896528629,0.13263742742608736,0.35630264178591403,0.17974030045758985,0.03927854308187485,0.049575935732175794,0.09690739264947228,0.05054879234745935
3,2.2484804311636433,0.09226656674290748,0.06651719743019016,0.11147905680650075,0.31039514615720876,0.153321659891906,0.04258823151685435,0.02183100424006792,0.04331198781374916,0.07975655352383788
1,0.2681641854126018,0.060660125728856,0.06578629958803707,0.07975232762681388,0.5093529291150647,0.18454293789160936,0.05167687737296804,0.04021196351714991,0.04516494255634092,0.10734238237216187
2,1.0484484575950455,0.15793540351547558,0.013560348234374277,0.04939486428537314,0.18292360442166544,0.10807971079481081,0.04072758650300672,0.07384156835556846,0.07296130104944691,0.07141685492331558
3,1.2269132810552297,0.11642237877469634,0.029018944627392965,0.13294924553118415,0.3658230189692946,0.1268685801198468,0.12301089746678201,0.047884191391149925,0.06692941731535142,0.033250888602328436
1,0.6265201204257017,0.09004980883607717,0.03775758794158001,0.12071445649653116,0.32512304453168656,0.10899795937713982,0.04791572221164295,0.0481341920465466,0.045964649276820924,0.08420362655100391
2,0.7185611458707671,0.0881646805053769,0.0787080071130517,0.09837868380284115,0.43016738741957505,0.10395191899801424,0.12433972214161162,0.06819250832942594,0.1222380268305498,0.10124875715800744
3,1.0824500810538056,0.11088571465342517,0.028454717068531095,0.0918619583308686,0.5812680466447729,0.15159755142749343,0.10417985171237518,0.0447514596395967,0.07971899992497873,0.11695064081638526
1,1.450033664965947,0.09324531541199116,0.023899358309609854,0.08111428868917891,0.34055624304937265,0.12497463742555388,0.05913161765051801,0.06715156261887956,0.0803447368983617,0.07885744844994179
2,0.5759333987116203,0.06895963749760747,0.04244435339158686,0.09015806440941035,0.5977971260127821,0.11640871611933729,0.060810746077200745,0.05303863137087597,0.06106401449519996,0.06975951706599663
3,0.6698503900433735,0.14685689393269233,0.07806682820721408,0.11177927063847524,0.49694965064778746,0.18531233228029065,0.05648469799724207,0.031574437901298824,0.05147303336713527,0.0856386859424061
1,0.9314915681495415,0.09869048382746924,0.0223330936026136,0.14484005547853385,0.5309080314078999,0.12306260112566002,0.08016077352357334,0.04468051731380164,0.10645157936120683,0.09014355343428745
2,0.8414887764991346,0.11261580470746674,0.049679058791087714,0.12476839939928133,0.5437222038913161,0.12586778540904273,0.13094917117793395,0.062054867728175464,0.07267941756243951,0.034018267771567565
3,1.139274160270513,0.08919508502172768,0.047453239336711354,0.09365612580769767,0.37804175804813556,0.1449018280041517,0.0725975994573924,0.06376294284200502,0.08372020062917757,0.11667582234425869
1,1.04500035314702,0.13403159693897118,0.06311447308985889,0.1318515834946498,0.37389901112822693,0.14403944260087528,0.09321118428962183,0.06238646958698327,0.07979012538296171,0.07925982653085029
2,0.8026503033097845,0.10275388645215174,0.03702708761353602,0.15588529440080756,0.4174494525426939,0.1415917931920795,0.07655906289695473,0.031135687053233854,0.07348770006234008,0.12848151644999037
3,1.4880310387517308,0.13680448865238565,0.020829606541362452,0.08881947473836507,0.40039091216111317,0.14997247080377968,0.07781930894689931,0.05667677420345392,0.0549878530407467,0.047873432278250944
1,1.5064725113927793,0.10005096667169183,0.05522183294433302,0.14677662177082135,0.34343425333123895,0.09953530298624619,0.08803451654420541,0.07814993874892631,0.05058643368189292,0.09414793625609678
2,0.647175320766271,0.13070327241959284,0.051667266794243494,0.06087509149402589,0.385076093111643,0.12877957997766873,0.06911452755083995,0.044935706772858706,0.08828234879169905,0.11717339850464065
3,2.307163033342568,0.15281514600999904,0.04233425184612171,0.12305012190950138,0.33967120665249895,0.15503932652193084,0.0747413266329584,0.05974460503696263,0.07549208539367921,0.07667977552846877
1,1.4696594421398148,0.1094839729568234,0.015281183318562534,0.07240461073237495,0.3772938937399493,0.17545379330950875,0.11589515105098656,0.04841292703146411,0.11449944500476084,0.1201241884350874
2,0.33061150630418346,0.0948006699738751,0.060753287100268366,0.08103828446935149,0.27723193106517063,0.11912684598602764,0.07594876467121896,0.0617544744606619,0.0787189309389424,0.08998135060898661
3,2.0935444632913853,0.119769390674421,0.08348346336352436,0.09401184178234823,0.2987803469628003,0.1648110634290674,0.13398843285939152,0.02228399316303849,0.06600030324677236,0.13520961842416188
1,1.943849518852222,0.12637680155501094,0.052038724080904056,0.07966412429980663,0.2304719876762773,0.061361917624181,0.059155478753605,0.04097787592251125,0.09038435557395133,0.11150848147978756
2,0.4979938270440608,0.1128692716451708,0.02817983514772622,0.09252739104444695,0.46731481662233954,0.08021342751841337,0.06597558405162687,0.04331736322701385,0.039990677993509444,0.04021907925777281
3,2.117394545388872,0.11009673687629914,0.054192405867412065,0.11664871917686391,0.24962520674115055,0.13615413570593188,0.040252720307458474,0.08266999923530144,0.09404048858326342,0.06356054858987559
1,1.1613816396072967,0.11804162534221156,0.0306400440861454,0.04463689599670005,0.5096131429039722,0.10833840725012682,0.11365450815584122,0.03835730166299831,0.10284558692428222,0.052817001440686934
2,0.5050542619679896,0.09933782137926343,0.0666356589745762,0.1219610761963905,0.4150547756799142,0.14639428493879514,0.05790667784516747,0.04551299309298486,0.022265655172647218,0.11048456464873077
3,0.7490979104035062,0.0966015521771958,0.05747472822996749,0.0745133495832704,0.3380817773426703,0.12459781214042234,0.11646922452957738,0.05755882718599778,0.09452932278587858,0.09171756779449175
1,1.3938803205148822,0.12061609894367725,0.05650123113679839,0.09731735384572794,0.32803685049280107,0.05936157512468242,0.06853137102951053,0.04676415083620158,0.0816116924238162,0.05077128628989483
2,1.913057538175853,0.10158083691297123,0.113320695383557,0.1192088943749692,0.38017065555341145,0.08583864113874722,0.0641381354122125,0.05390802107827757,0.05827768623941542,0.0913921946903228
3,0.9116727522864778,0.13912157130115094,0.03449641629926616,0.16199967453592037,0.4477862352065129,0.09246560121616043,0.0794404492336779,0.06624741902610219,0.09714000536295307,0.04804616197055189
1,1.3790365427998843,0.1129386244536803,0.048984454629978226,0.0924492970434605,0.2878429123003794,0.16763147628122776,0.10227480570120985,0.027431668639636777,0.06683019809084535,0.09113418928724729
2,0.3247232389401943,0.09019425818309981,0.01811549901133432,0.0531734946812677,0.5100274692525414,0.1279351533117704,0.08951081942100438,0.07528425514823206,0.0768620664438205,0.08174676754180779
3,1.443161170441354,0.0957030950061982,0.043446662289031386,0.07107531444675237,0.36348195435650255,0.1434803485283801,0.053998977840475956,0.05878199390993226,0.06698378208557396,0.09121527546012005
1,0.9162884494048412,0.16240201790418518,0.06264869096238211,0.05303449620129799,0.44466384316613916,0.13095485469703183,0.09796267569388928,0.03693925111012418,0.08909899900895292,0.07066918089781063
2,0.6876295384449138,0.104323291442505,0.05382552203003909,0.058044315985530816,0.5458394381589703,0.08825005499719141,0.12428706329221499,0.03699989381558261,0.08101380233075053,0.04255177645337121
3,0.617554661645521,0.12072671141510907,0.05616398824658786,0.09333211678127622,0.5312191706121769,0.09547835168960887,0.08873044336697478,0.025816220018015992,0.07279020590261784,0.1014646619809304
1,1.4240050321852724,0.10087768153846385,0.059578709982704856,0.12300229989537464,0.45484007917743424,0.11891477219111264,0.0811806267466049,0.055480621126412416,0.0717271322065585,0.0911735697330835
2,1.6098733155980798,0.11123717205277317,0.01426707914815429,0.14824690534317425,0.2548148924197609,0.12643112078589022,0.08381944803893421,0.06178200032748876,0.10346577923973715,0.05910265544676478
3,0.9700145062731466,0.10270704637959191,0.11477102132892184,0.10208470091310527,0.48663714446364303,0.09978818778989199,0.10695411047069121,0.0560463864310141,0.07572229705539107,0.06886196936598797
1,0.98994948483644,0.06368731832348756,0.05706784687158203,0.07201306153058394,0.22542154419973626,0.09752964921860141,0.06676571011640482,0.07374259025669033,0.05928533916149607,0.07000016897141736
2,1.5844047975190494,0.1021319895255692,0.054413154897370135,0.1161335230564394,0.2226882323649961,0.11339987605876531,0.08397868915552746,0.057807987422066415,0.06626082234817789,0.08804373220483555
3,1.6957601157963094,0.11335801747505002,0.024750056223842933,0.08954313965065751,0.41445680430676607,0.06644120624624247,0.11527395003658296,0.037431647016361584,0.028821647239532185,0.11947038851714453
1,0.6116359358111493,0.1343201621039181,0.025179431481248214,0.09056808451795641,0.4387440277517469,0.11285406817676416,0.06260205470999741,0.05741833749945956,0.06616061057078398,0.10822896352844677
2,1.5696055627862726,0.10871614589735346,0.03590539474731499,0.07718936197863595,0.41106083627942513,0.09666183161934028,0.08316738267786934,0.04750326458325737,0.07076705490508689,0.08932066575502054
3,0.6330561442353075,0.11133770432848364,0.044064965837672915,0.08635469431051877,0.485025576223216,0.12482578768720781,0.1193844548542026,0.05837716421146063,0.11898083539521936,0.07897260639649477
1,1.7745863845916874,0.10548538879090275,0.03695740438422093,0.16859303776398948,0.48503436160383473,0.1747954493935873,0.08309717631311446,0.040868796665418095,0.07794550635764233,0.13570257522483592
2,0.8428759618925001,0.12782764346360498,0.012245471439443704,0.07211881110554255,0.4676402020016028,0.12849822284923626,0.11055038906906245,0.056752756626976236,0.07187469973965108,0.11470497543228102
3,0.8641867915629436,0.08832180848003075,0.014087791112244563,0.0699353153000991,0.29077641653399433,0.14103932391359597,0.1259959648087115,0.030327729693001498,0.0245697509976587,0.11849121829600162
1,1.589302755648742,0.11551546982373098,0.07841405323803988,0.07619776161350122,0.3291927330240779,0.0869277053730583,0.12360328880922741,0.033280794945128034,0.11165132631183623,0.04719401408470312
2,1.317365349232376,0.12071887879731132,0.07495721185017708,0.04774969318193549,0.4033729382607854,0.11593999573626468,0.044052347166680085,0.04484862899134634,0.0681802771624282,0.09913147498313371
3,0.22373092291383712,0.12743299686284962,0.03934925452713741,0.1481318896916048,0.4720265626323087,0.11237167868893143,0.10724227746557224,0.045052811689026376,0.05595844724588071,0.09649718169201497
1,0.39225456435470685,0.11104510183477267,0.07521604648394495,0.057712985615144104,0.2641353980926485,0.10615122364009995,0.07978242311754097,0.0229514660232081,0.054896878320531584,0.09215193099751681
2,1.3228749735824883,0.09934311897727502,0.017456468213948813,0.08289117776884569,0.372629248840024,0.11239238380995799,0.0783089161002,0.03429842173325781,0.07675201463333364,0.07050589824857578
3,1.2005659233309605,0.0785804388464775,0.06314695338454629,0.09144133039248992,0.31612096207072715,0.12136153799282016,0.047976703248039806,0.04113428939332375,0.0740463370703939,0.07600347656287443
1,0.9948839584537074,0.12950752424718004,0.05078931724366218,0.1450386517219795,0.34294475202804015,0.1058247319417375,0.054413855148901964,0.03874315017534612,0.0916102808403181,0.09083903290807442
2,1.345419799873098,0.14865872033183403,0.0926544886751361,0.16725911877207447,0.1929429416474133,0.15430112101801643,0.05679251260435743,0.06711347216890234,0.05372651891956251,0.07347482839770429
3,0.24046402715582893,0.15866932894392866,0.04519651406367555,0.08722553846795664,0.2955938227060882,0.1470460119070014,0.1045609872198189,0.019267735659065376,0.09785088188964539,0.0738558325119964
1,0.5055843271488705,0.10579852046712016,0.023797623876769206,0.04802465631098153,0.4327690969372546,0.21109671649160977,0.0816985750412623,0.0658471050585235,0.04941661882941839,0.0925858091501289
2,0.9200992990322355,0.1107787877535468,0.03659437949076674,0.11247804957947895,0.3887932416042766,0.13969596130155856,0.04771356694331218,0.058016313421634956,0.0839951299376509,0.0763175669670418
3,1.1007399344207682,0.10083223980221581,0.01991370865443492,0.03440608701498685,0.29470389451317086,0.16027895946269774,0.09854016160694112,0.03395773524537417,0.06519051128326325,0.11879735805959299
1,2.2565068118779488,0.06751583720896008,0.08383038738535628,0.1338039452388978,0.33221619808423175,0.07962352160565336,0.05392287897627904,0.022532479387910906,0.05471977114897394,0.09970896368468803
2,2.0559571436679542,0.10302005389335223,0.07192062356831061,0.11028720182024519,0.35993594264685225,0.14743941918917974,0.03736158110216897,0.03093200497180967,0.05240988433258652,0.08962560926150563
3,1.2975378547827894,0.15886675468641942,0.04478923016311909,0.15567080722971857,0.5075150292566972,0.14581610237123308,0.08694296261723468,0.03236336329746464,0.02245293714167603,0.056354010079317146
1,1.8344836788464278,0.15417662446784602,0.03507815056877622,0.1552304288734134,0.447819688639137,0.17606997826693108,0.05463059805897893,0.030439901107619172,0.04945894134563577,0.04629102378277823
2,0.9156817070026084,0.11639656881470072,0.12273062871670529,0.08165181065113278,0.36490119070053506,0.13914851408634465,0.10049411613086864,0.08482244198120183,0.09912368718875682,0.08551638399922422
3,0.18484808901465133,0.11736704075574542,0.02406405727176571,0.04268003361193626,0.2352597365501251,0.12429368419148319,0.08812276675834617,0.06758868719325786,0.06679545863733488,0.10290103341481605
1,1.3174048841483643,0.15901081326374455,0.011164997808648179,0.14773915140703467,0.3580608877745937,0.09908913481504622,0.07590478797910971,0.08457016774210521,0.04767011424098391,0.07542011858585579
2,1.128400507188265,0.1125441631174645,0.05618193030982801,0.08599174541252476,0.5431361136673825,0.09739022292070254,0.048074229602838296,0.059699085507648984,0.06466057556463455,0.09691007392761776
3,1.5875988756594284,0.1373731797378644,0.09524653732589132,0.09389629117035186,0.402895021715888,0.14259986762175836,0.06738772602344828,0.0397276250479844,0.05308464951128871,0.08596529964299487
1,1.522268053933133,0.13099719380802277,0.018191841583558965,0.09714346162954339,0.3469416956793409,0.11958513585719736,0.08165436713970942,0.04346718486869793,0.08693612433844729,0.08268713012600677
2,1.0880780459978139,0.07617929924729044,0.07439075277402757,0.07438466843421004,0.5960933958719575,0.1746013401193104,0.05570579986375551,0.07331876239567715,0.05282453560584831,0.06650582354736576
3,1.3230677779486306,0.1501165638169109,0.0368988757078651,0.0823098295001605,0.3584443949386689,0.19791563769444165,0.0896754061861571,0.04555087902213542,0.07155702229594599,0.1213845277117663
1,0.730383751483578,0.12340085084521302,0.04162814620425397,0.11182069710678963,0.29873274298981745,0.1203189217881716,0.10999405904614014,0.056513881756024564,0.0810111991583237,0.04744160791465978
2,1.2129196737043106,0.0922265736411326,0.03640445141150244,0.11194145196699262,0.40982936447471463,0.07131543847929833,0.08915801325425955,0.07656695078798681,0.08223107786035853,0.07933873435945003
3,0.5648236295271276,0.0913098265478959,0.054998334749459775,0.05807278285275005,0.336242466935217,0.10561127286435283,0.05936760931656948,0.07410321570008446,0.10387036994700567,0.08417018719773574
1,1.27860577095625,0.14112132926235404,0.0802263895158665,0.06621602081534769,0.3486272388612334,0.18385382066860748,0.10706618321983592,0.05197974149803506,0.07818466990480424,0.07539527895560173
2,1.1486121549150559,0.14295551735690884,0.04872594487826201,0.04929010824682071,0.4202257392081767,0.14552526216706932,0.038776651611377146,0.038574818744485276,0.10824677410259195,0.06845503569296069
3,1.527314237663281,0.08208049030203753,0.013628033695429767,0.1251704565121903,0.5989721511534207,0.1297230894659809,0.08639811283602666,0.04542611595531481,0.07417765579040331,0.10341792239103796
1,0.9532587359456629,0.1339747415242875,0.07174302405086448,0.1295922967001534,0.3832461077996516,0.11451817865826588,0.06739519233749967,0.030745918817608183,0.0631939059024452,0.03871397107482462
2,0.992659672197421,0.13749918223463167,0.06016375582513846,0.10513104601749299,0.3839325721217305,0.11659254691958999,0.10946913064295666,0.03672667178049864,0.03464651921021333,0.08012930212845445
3,1.168364997788919,0.12359805816937762,0.05620455772249616,0.0947704229961297,0.3543636187945323,0.17805503813532822,0.12731241933899423,0.03788804817728718,0.09051570805409671,0.10256857783085191
1,0.9894563551202662,0.0978672887529743,0.04078453366987482,0.06048339763069551,0.37982576467606394,0.1645207147834961,0.09502498553528489,0.05978943487907738,0.10252570270457842,0.07372468604142403
2,1.4265191956803467,0.10257944419703935,0.04910249646913112,0.12220707077360285,0.3830136596746334,0.13155880901323747,0.11790064351825433,0.07752078190112434,0.07722462051296398,0.11681796498131017
3,0.38604440372078397,0.12700579273955828,0.11142575598349364,0.11175641791552145,0.38433790606012475,0.1360696002355098,0.031837911739266714,0.05912236052248985,0.020862802144300696,0.10395400921633914
1,1.285525812237657,0.16597919543463596,0.023283906582884487,0.11182655438606953,0.3507474431035661,0.10822956692195387,0.049137766663644174,0.04667824010191111,0.05913702037239278,0.034620418267044005
2,0.9930276017416825,0.14439814653904626,0.05915327652855752,0.06944964134333068,0.5672293437578593,0.10859028900536158,0.08055135242213662,0.0348953088488263,0.03503080387451721,0.09830482729050674
3,1.1695057234270148,0.11393301624691106,0.056080044310806716,0.053375409630479896,0.30027092292547053,0.15518419435516317,0.07005739537138231,0.06660424714535262,0.07418352237659546,0.07343838424831613
1,1.5544555174213728,0.09796413091320749,0.08018883070145916,0.08038807402072518,0.3285513445938473,0.1478922183516812,0.0567952253352544,0.03533874096758015,0.05378804484639115,0.14554139928583482
2,1.0707076694381552,0.14818630203651095,0.033134649155859466,0.13851282823853814,0.2857237275240915,0.18906808887802523,0.1157213412493647,0.05172717805911878,0.07706791575566081,0.03284000156977445
3,0.9009724992118311,0.12913310492509522,0.06683912086801148,0.11450935583283373,0.4959877528053729,0.11041171894051204,0.100335361524453,0.06962068642424529,0.07807455591624987,0.1250331320477093
1,0.9820109326426946,0.10975838031470456,0.055333087844844794,0.10740937789107122,0.2920208841438632,0.09068003687069402,0.05822280606583778,0.07110623641935612,0.053593810703696974,0.11396140998288935
2,0.7159875675199454,0.1142066688511778,0.027461364074461234,0.10371238753775865,0.47018155343982504,0.14272398366673647,0.04017339962451855,0.022340064583302694,0.04566876708011765,0.07710822434591642
3,1.259018947256421,0.15477144735046522,0.03520669346290403,0.0898981446727654,0.23010161913823454,0.1840004596157157,0.10887232894682344,0.04908766868565866,0.027668608920709298,0.12263180797785596
1,0.8466034927511557,0.11743543538839198,0.03202377659512375,0.10939297186833047,0.3563737182938435,0.12687685633946966,0.08561999818021201,0.05631808787475724,0.09403601147317313,0.09401490225435545
2,1.5396125578106852,0.10058966566106597,0.042628447302253146,0.08393754806116133,0.2744090532843154,0.1765924095992132,0.06939676861776253,0.07621660672167531,0.05283148489775187,0.06462841274497336
3,1.0303378360704607,0.09950862164441504,0.04678715143415908,0.11127669863526592,0.3549041058290838,0.13770911538757877,0.08010109728952801,0.07170748315200079,0.05858532972353512,0.08180311097108284
1,0.4192142909545463,0.10613788005849425,0.04798879138997261,0.11624055077449674,0.5384122795625177,0.16002263352089316,0.08212468062859668,0.05315483202253465,0.08811491355192555,0.08090401770388836
2,2.428987149227755,0.12371712439725414,0.055417228427571914,0.13441863417806726,0.5586709490998785,0.13980669609111712,0.11304375343448095,0.04916070922719767,0.05381474543308653,0.07405451502643165
3,1.6913208172001815,0.15408655693246556,0.03781112519417652,0.06402960206056994,0.34094287744733814,0.1529003539830393,0.03835915909303261,0.04207418528208116,0.056965001365337734,0.06578876221279155
1,0.3553874611234029,0.08255077320589167,0.02412092844106104,0.08837002668337929,0.4550451386349501,0.14752563574811814,0.08476387967243797,0.033507337299130614,0.06655012915931006,0.16816125374060514
2,1.0395274885400807,0.08408342428590503,0.05757495542260901,0.09917021473237429,0.3702921385568623,0.09047929971580801,0.1172016391222842,0.04575167566169639,0.06182647132887285,0.046876720903676956
3,1.6298612130715164,0.11582076204913332,0.08185675897517328,0.05833852811795778,0.3669262173663741,0.10443469788970314,0.06931071168301019,0.05729570757668814,0.03128265635753713,0.08444564445947181
1,1.2239564748753078,0.10118495737563295,0.07907293469640778,0.1494675211269541,0.5314808975029846,0.16983159569068906,0.0694852748494853,0.06729664807817268,0.028122505467995412,0.07251532345031597
2,1.4309183354278563,0.080359381979172,0.06988039770950065,0.10377715180939509,0.17724810669034358,0.09105467812283088,0.07300258399938517,0.05852571947588865,0.1359011286733704,0.13126872011423985
3,0.2475366769801588,0.10559482377363584,0.028400897984639083,0.10676247046444516,0.3636376743012819,0.06206704312425401,0.064744610044458,0.0516185898454437,0.06660957434695358,0.12871162275941092
1,1.129634585867927,0.12373002179408416,0.049726636819741855,0.10468764496037779,0.5297287697113617,0.059846570361989954,0.07581178477110954,0.05935265814199954,0.08571266780169937,0.0606025055416725
2,1.8280047315888013,0.15029210276567567,0.06335813848288104,0.11608805027665056,0.4489478164425813,0.1402885286425781,0.06657226529229204,0.04656393872529149,0.10567046324578591,0.10255433232416464
3,0.7578765048199941,0.1677065205338764,0.11000477842400441,0.035961549254879904,0.2994529149318936,0.12086385725967633,0.08579982627970995,0.03273279077228961,0.07959866148821788,0.057136015654391914
1,1.267157943089086,0.1297678680353546,0.060683923983801936,0.12814928127690625,0.428575990157781,0.10332290818918474,0.0928981148055574,0.05304192194903894,0.08636905181191303,0.13264784182645267
2,1.8174653063043436,0.08348052679317898,0.0598008868039979,0.08115018214296658,0.33281309527737957,0.15015509361914567,0.0964596636295211,0.0831231999247935,0.07505621101681927,0.056138394509516874
3,1.6114657960863112,0.08963884894050853,0.04463465864532693,0.09683770004182922,0.3883706474179144,0.11202565769070533,0.08733065285739323,0.07172667944893389,0.06971302437627493,0.03846868209898209
1,0.8264126969492186,0.09112282840431074,0.0222309053297229,0.11642831025364177,0.3298984251220085,0.12008890081437867,0.0813921185661975,0.030004368465683984,0.05838353488002178,0.06726925258514899
2,1.40271773461905,0.1508473375731238,0.03792809788730992,0.12175947515942238,0.4434474422082417,0.08700678030908031,0.050840592588032724,0.05405370376202249,0.05868003450947887,0.08724674981216612
3,0.6411006156207842,0.06341381625586112,0.01646857588170636,0.1704090264310028,0.37684591598911416,0.16330308754080933,0.10911403251265624,0.028144886554514123,0.06820481978930461,0.09491237860982632
1,1.0139483597849084,0.11942844623273136,0.052312951932938,0.09291810740139751,0.5651474055205038,0.19856249169942508,0.10795849052360604,0.05758887740741138,0.07031883442860364,0.07642299252437819
2,1.4925281634125498,0.16878290600127335,0.057291778251901786,0.12461302127278127,0.4284939305943876,0.1310925992010871,0.048008008464772475,0.05372075551764798,0.10031443172036172,0.08476464094878827
3,1.6345101155285742,0.10548478227972934,0.011681533245241522,0.10322635538631449,0.26405621506707766,0.08657830741068585,0.07148974696279027,0.04327890134129283,0.03793354345168909,0.06964030687500067
1,1.1462453022317602,0.11020875632947906,0.08865176405332315,0.1065686751243848,0.5329682556910386,0.10755242258250083,0.04229850573480365,0.03544174740682492,0.106744647545467,0.11774411047158992
2,1.2295539270491131,0.13566732660135433,0.05925410247398022,0.1523962351163533,0.3242156272883635,0.1242381185986597,0.05813223618265669,0.026418797263486487,0.0839632360537185,0.05883750906441135
3,0.5802667006989459,0.06227956144294416,0.05538349780997841,0.11266903632474243,0.32728305692137805,0.15578401331934788,0.0763316958567734,0.06681062145118803,0.07581321782955167,0.09339506499995709
1,1.3701552100885872,0.12358697668090238,0.05536129911717152,0.08434215010275452,0.3809425348776727,0.11517895135293332,0.06201483037355201,0.035211519067983095,0.08592813071000209,0.059217069098592236
2,0.8517606321939416,0.12358103254572632,0.11424966702928292,0.08114878472423459,0.3129760992245265,0.12677906457462187,0.07988645622265031,0.03617495320825764,0.0454609485757692,0.04628414476816775
3,1.9602911070497866,0.08427403023237032,0.054960130309665886,0.12684147043279953,0.33635654526170083,0.09408679261924602,0.12515896292589115,0.044208745208233355,0.08827286991608646,0.05859454325463088
1,0.8418905554179331,0.13891114571992888,0.02546425721296983,0.16354985490547308,0.46602399969654257,0.058739398977944335,0.07516515227843075,0.03212477910450813,0.09222053587201758,0.11885692910379111
2,0.6374667790309976,0.1290987860887106,0.05701943905306564,0.16570372285825097,0.2491369721607893,0.1368025414148248,0.1015619317444745,0.06541582161328408,0.04037894478782879,0.03258657799331108
3,1.3528243081394564,0.1872736508397565,0.01147143753895289,0.1055521457047039,0.36798223903607163,0.13707895720922111,0.06780425923120381,0.03193089540756733,0.0563325720375727,0.06517088276010152
1,1.054636906857099,0.09988810585297526,0.0510151278741497,0.10146866726174443,0.31850474930837236,0.1338299355040388,0.08474688642274997,0.03948888572555173,0.13176114851316803,0.058148352587225394
2,0.7985263457405735,0.14937603454405454,0.022731054590550595,0.05457282759814976,0.3289746353376221,0.10720198848111478,0.09604653417115869,0.04535596362911473,0.06128854523477999,0.12324981660358442
3,1.5456384859875703,0.1033808291979116,0.08621597362466858,0.11963381829940108,0.3326432593573656,0.10956611954650669,0.09716858252607334,0.06790488463687486,0.09604064624454259,0.11142975084571075
1,1.101679147150802,0.10380127279851148,0.07279626835111302,0.09841018483918224,0.432643327335796,0.12843345142946055,0.09383974684769114,0.03585581251570772,0.1207462581240564,0.04099420374491507
2,1.8884346161562768,0.10810293722174229,0.0292813758961144,0.07246410420765084,0.3725775993881354,0.121038451565346,0.15469784100626893,0.061294072902627186,0.05516220037669996,0.13037606068515192
3,0.8765101590558436,0.07536879354896403,0.018379140683242725,0.12785163210804967,0.4090674239734693,0.11429354943176626,0.039890248051395766,0.04937250744289157,0.03992521409351005,0.09000106546156403
1,1.1279150220757983,0.11127454176146422,0.02402837303824124,0.07034303711761611,0.3945929944525866,0.11194721818968958,0.08542727701418455,0.08847957660118741,0.09692609513936852,0.070636488498927
2,0.43743031636345187,0.14412913528209942,0.037953532967778446,0.06639202393720503,0.4626222871501561,0.14134759772976135,0.043216386988069865,0.03853191598912731,0.03230273794308858,0.08295886800665056
3,1.0654691410219606,0.10772013407949386,0.02806829330561051,0.08228931529016181,0.40404541591142257,0.11725295487277256,0.08756145064808671,0.05425773058552774,0.06736936330208006,0.0588655115889961
1,0.6596523539471887,0.11513573461179684,0.05055941193239801,0.12129357635509941,0.5409071074968261,0.08583152234191758,0.1367144322289504,0.03457180485296692,0.05451838219145634,0.10789439138430315
2,2.0187105291152374,0.15886765217392085,0.09635236427760718,0.10487955798736562,0.44317628258425307,0.10431262821660198,0.08329757709663345,0.047164567470635965,0.07387863111613484,0.06453011729524012
3,1.4851811969846693,0.12083802506953245,0.06372585906810414,0.15922202103624278,0.5166679052512455,0.10513546060536097,0.07452006437952813,0.027849707925898633,0.07418506717428233,0.11425015924300863
1,0.8654160348927333,0.1420389789116477,0.04427168049167984,0.08311942646069688,0.5767832874626108,0.10868664693132789,0.06754972319115582,0.04010858107090121,0.07363955110140588,0.11352007302311937
2,1.3307007238783752,0.0694124099617352,0.01386208079406296,0.1173826603108188,0.3279912629424069,0.10165330417837531,0.09239782595337742,0.03314891418254909,0.07779046782717322,0.11759933957276325
3,1.9105100539411302,0.1561048552198894,0.03519861314424639,0.14744187105590473,0.4209606786742297,0.17724987387206806,0.11409129206376564,0.04655103367055292,0.07911243686577592,0.07051674837852487
1,1.4289242628816388,0.1080285677051435,0.04544154863937025,0.07289142700368541,0.5923274381180379,0.12432829562072421,0.07000445900386244,0.04613660936521513,0.08802841722711423,0.07440208532930573
2,0.5853072604419574,0.1340232544880975,0.07593952350928129,0.14193002781994635,0.45627254186544486,0.14108774042032896,0.07306917406798215,0.04039538715295696,0.03352511351940265,0.04980185683460141
3,2.016311622623931,0.17626336307663296,0.08340125443575978,0.09571438139120683,0.4532338711136994,0.1232610933051731,0.0452047526421948,0.07880558620083442,0.07502014023341945,0.06747977375300067
1,1.6642540464803022,0.15052504086285767,0.02849098440077945,0.13072455899463287,0.44159437960511916,0.17193572687708625,0.04477209390617302,0.05458151368210731,0.10257171174627094,0.07112757344166575
2,1.2503520596180207,0.09628353635624028,0.05727936906269642,0.055076629087480976,0.29934859884932846,0.12662636455814139,0.07463249670215744,0.03330816819685564,0.07614805752678333,0.1072740684768422
3,0.5876600356619688,0.13472977214678614,0.08136595738390401,0.11317918503761101,0.4434353413041846,0.08224958826276524,0.054054337812276844,0.06541139219515317,0.0643972788762788,0.07348188701195804
1,0.8121141029291695,0.10250567165995951,0.05645219419798909,0.10383283731906491,0.45065699669382075,0.13979501170063285,0.07900458694516464,0.04022583280167819,0.043949484681397186,0.032497047885221876
2,1.4752288792828836,0.12824877668384116,0.03388557143192915,0.09078884224487639,0.40042922153864313,0.14611845793904762,0.04596740671073143,0.02860680075943188,0.05058430537563734,0.09130333088758426
3,0.8922510264841419,0.11087390382117487,0.03999312068118174,0.07626785559730856,0.2600820199852989,0.153875833358957,0.11296532991732544,0.030175082839524147,0.03637400636957664,0.04148598020353599
1,0.699804910974342,0.08171866224941218,0.029272616511192538,0.1485365071877518,0.2578494993198408,0.10395192827801444,0.10169788466418156,0.05918377963839892,0.06901101896822347,0.08698601069519282
2,1.9351115446866398,0.06859405485685222,0.07574972030190136,0.12367793101202733,0.2893684646366592,0.15289005937151545,0.11328816193456084,0.0708568342191048,0.10337369390129517,0.09559245049811821
3,0.7987295469864025,0.09979424800790956,0.06146564879130215,0.09688835291430936,0.5605208282642248,0.15067665779620334,0.06895886679724031,0.03229029963871804,0.04938195142479842,0.03214592771234289
1,1.7573665479480476,0.09240031622560868,0.014702549992950415,0.0819847871917393,0.45331245318849805,0.09018035041366752,0.09623356487740609,0.06825648717224689,0.07015536692905364,0.12416273232068685
2,0.17281661988966812,0.13388092148661,0.028013541545829253,0.1153359779205355,0.4231369903437343,0.06598843423961127,0.060564569917970226,0.04351395119574463,0.046669008522343895,0.07627408423970546
3,1.2177320152715565,0.11070442482459132,0.056207692458838596,0.144068852351776,0.34511236187538186,0.18053228651847472,0.12085442125834658,0.05231049476217689,0.0960953094417814,0.07873483931473993
1,0.9825776298594932,0.11443920788505837,0.06690560796098309,0.11928412313364856,0.2875587532083696,0.1544475815497613,0.09462816068786421,0.03353202355517529,0.03550347347909397,0.08903849979434005
2,0.863848416109599,0.09038662976910208,0.06557534603635842,0.12705837950970414,0.5615997574199816,0.0793977737761033,0.06979670686079306,0.06097813230041623,0.09245638658901797,0.0892445874363204
3,1.0799067628355064,0.11941965032517068,0.044399830444897995,0.09420344699354119,0.3367755740312951,0.09763715441398027,0.059896470400000304,0.022963110660428422,0.040334875697244525,0.07314867557168007
1,1.4955623018260542,0.13314104518948697,0.09326316700301639,0.0875267428910742,0.4922158472703621,0.11209783538087584,0.06197838312020286,0.0592368152302089,0.04997046093670886,0.060278529358068045
2,0.7310791614328712,0.11070083387989717,0.013756292765022944,0.06199169195665508,0.4964831653209798,0.16220495865088025,0.050575417860575816,0.03772268578949806,0.035550230631794834,0.08108746546756754
3,2.364073893423231,0.10559189958197938,0.06168822440618806,0.0764082027979492,0.48850370989560904,0.12751189780896052,0.049279549289278746,0.027993357535845375,0.04714312908238592,0.07806963364549431
1,1.2733740749210252,0.06247593466226567,0.07555697498152775,0.16909900907704026,0.2843897479706063,0.12101891202339449,0.05937578521470614,0.07454763514681409,0.05786506008425769,0.04419857254587887
2,0.4839928613777178,0.13847414270983957,0.09838084306083159,0.1092137892174426,0.26526145525085243,0.08006040533755628,0.08715786000926369,0.07234076309218088,0.07087623967790332,0.07816875846541677
3,0.5624834705673227,0.1366086276171368,0.028524660183569892,0.03061118693458806,0.3684315895397821,0.14016706452097277,0.06169531830540401,0.0385358174750536,0.0379796752012959,0.08317999088864068
1,0.8570084507377961,0.1162336531420535,0.09605466287054543,0.12638440975950332,0.4493490085550471,0.2123162514630702,0.09531356579105041,0.027106917032528554,0.06383784183001201,0.07322564563992115
2,0.9306847447765891,0.11053615830918406,0.06953448968030025,0.12986645268169258,0.49325687744310154,0.11717521807195305,0.0808935921218682,0.03244180030754239,0.05519081093356555,0.13960466861852733
3,1.1092140760742413,0.08213867386418625,0.04637187166774086,0.1255542694296369,0.3121862521663836,0.07451221404566166,0.09540496389501353,0.03332815624215285,0.056264162278276214,0.13317266648814793
1,1.08375044779708,0.13554134126035092,0.10387135795313515,0.04514682191428684,0.32500227766043227,0.10308472118135742,0.062300990532039774,0.047779498995075255,0.0610625850067761,0.10150980669700901
2,0.7774157043052444,0.08438268586807046,0.02657835103020108,0.10165201393498671,0.4761766581007333,0.15909515439302088,0.0407473960343255,0.06938229839622331,0.042098699759109334,0.10999075344776499
3,0.5522427669154611,0.07909481442204315,0.07155246529616252,0.10355851070251862,0.4545492084286222,0.16054233851737876,0.1249862572386371,0.06246617145904848,0.0707847264848048,0.12525168861983937
1,0.8098289608323253,0.12773581730784833,0.033897987086760006,0.052904093099187456,0.5584220291692756,0.11983074162158404,0.13182890064233632,0.03869307977667975,0.06371416150090874,0.10942322418751257
2,1.2886977924849343,0.09964409479039782,0.09899132458205098,0.0904880411808497,0.2838285651645176,0.12208374825206006,0.065020835331909,0.04873185346058032,0.05149743038691054,0.04124624896238348
3,0.24262645098195723,0.08703616251265973,0.04471344634201915,0.04444733546166514,0.36219306199774676,0.15168416405641771,0.10652215193922447,0.03906100691959274,0.09544366336723502,0.030677974239903455
1,1.2655154327738474,0.1210289391911846,0.011690896065567488,0.1108144230511172,0.48127180891956706,0.11074843882608354,0.0428606471516268,0.0464815346823624,0.1254983439671916,0.05351082196937689
2,0.6560893279814631,0.1633501225393215,0.08659987356812993,0.09114973740316322,0.5700949099721178,0.06486911268742471,0.03611600566407176,0.06283295798287626,0.06067903032851589,0.10812447300916131
3,1.1884096019918857,0.08841379142352992,0.019068868248772422,0.10422335713948577,0.3229391836988452,0.11404838850513604,0.1001980977540258,0.07965704774097658,0.09817106836595321,0.10671321036397916
1,1.3404928981153197,0.08246932354561802,0.04317199090276712,0.12870549079161722,0.4216098447681561,0.12276955316999798,0.08374966228861548,0.06201321594124891,0.06484624264492385,0.06332262347930814
2,1.0632403244926603,0.13703373831068663,0.04525812551538864,0.1334521036365811,0.47345934482835195,0.14779448854685173,0.06998202805451828,0.021494029660335874,0.07951878098344703,0.060643210226281774
3,0.3838123639451996,0.1100877862110118,0.027813497907822754,0.10474803872946083,0.34404290571102225,0.1560974427443217,0.05792619074837109,0.03989091359053094,0.07185172977779027,0.07571948885058553
1,1.4162375714590814,0.10521211101632469,0.07572219749758526,0.12904659393684675,0.533522522399954,0.1004873215814234,0.09444367803697158,0.020432650527402233,0.0762425098113138,0.0775344398629011
2,1.5992059238886642,0.08633643327380301,0.026980815764720695,0.1169828438162181,0.31418099305819525,0.10988014242652909,0.10249271056242605,0.028889148182895754,0.07494373078662679,0.08186099685447402
3,0.8881751188642818,0.1730780015222041,0.06815093481384216,0.09194037773423414,0.1679567359110261,0.16281486074222018,0.078849911294006,0.05666152739919786,0.1064946290304172,0.07007675017680487
1,1.771238368648382,0.08650153619744966,0.024347724070040162,0.09959796384521451,0.3353033786325739,0.14292590760563118,0.13023174695666193,0.06302390189722588,0.042682418813502834,0.07500700588521428
2,1.4870137887994987,0.10236802169975422,0.0660717322809989,0.11614799572904054,0.4134102841550511,0.09619965194217883,0.08543595480443539,0.025584596660529826,0.07973689988803047,0.0395193628902194
3,1.3762354960117351,0.10380697874529335,0.05657580526330861,0.12639651860626785,0.5045808979772691,0.12430699970997637,0.11897675864830973,0.04670570380141262,0.08198542426017322,0.07864522780543176
1,1.4178228714983672,0.13207098484576074,0.06861079797265521,0.08820034471945291,0.31270697870737424,0.14430706228264306,0.08066194349442429,0.0334385380520838,0.054306770412897734,0.1068533345140692
2,1.3569158214270305,0.132100159000961,0.028902230396388444,0.061907603546840904,0.31937511133826096,0.10062739083142248,0.08928187974431376,0.05453217468877547,0.07203473348462462,0.06440739572664055
3,1.3379180206186119,0.11018550016626005,0.0849673933772101,0.17407815493767742,0.5265806966426312,0.0871381563530923,0.09674486651078842,0.04814829069089133,0.030190132281242205,0.054564717091027566
1,0.7711322851561876,0.1331765921951878,0.02066418611306091,0.05800969555469384,0.4673926013974777,0.12428547846729164,0.03945511424051613,0.057371437827423134,0.03312706573849576,0.032061003286969175
2,1.9957697435115709,0.09630324590820417,0.06686789341907726,0.08733044016663191,0.5055521875681607,0.10552623121828983,0.12754644624518927,0.055961475424542106,0.042403363945991604,0.09913603358162085
3,0.9670929065606929,0.09187968216650577,0.06145920793766339,0.06966163595343722,0.24913751267898201,0.16803840360790231,0.09194515436692335,0.06481364078397857,0.04881746421227971,0.043610089799607316
1,1.2276137217377385,0.08439957484676264,0.0222077794925613,0.051327435482517655,0.27569559826479595,0.07387640331721435,0.10337197126089397,0.048179479177032,0.12391195265183043,0.09046926084017112
2,1.5844985757047922,0.10822597114830249,0.01946768154581686,0.07067438906607182,0.4183507904207027,0.07640627725032553,0.11064082565134349,0.04469455905852616,0.02384285991414726,0.05081134107766404
3,0.47687447035659836,0.12422213210657357,0.06501800936665378,0.11256212082045733,0.33128242086759174,0.1357811843655165,0.09136124933836798,0.04735813053954068,0.09261306972945951,0.11830854763386979
1,1.275731232240086,0.09168427792447381,0.01010069950137514,0.08525784604585604,0.5179292350984115,0.14204615229084128,0.10613395685408895,0.05291052602126937,0.027697123037123995,0.10075248189444147
2,0.6239859694649761,0.11583990307991922,0.06469783943154717,0.07308933194729435,0.343996239115542,0.06443941729272445,0.11665248578448709,0.06175460980679856,0.06727916504558784,0.07867533890253223
3,1.0047967192878107,0.12518803643203016,0.07159513624370109,0.08885555420191163,0.49562689977513336,0.09322240921937214,0.07139549478558693,0.056068196716230805,0.08966243651025815,0.08458949909910933
1,0.20202229527098337,0.1829292890054529,0.0949732699680812,0.1326700744807956,0.43787979762323953,0.0854240281155831,0.08792112524097674,0.062180661713136756,0.06232129521816065,0.09587575773325326
2,1.7208357499477915,0.12274140327727787,0.0839343633885318,0.07325406448796307,0.3683685961105432,0.09634641306260452,0.09333359693321056,0.07209405521280109,0.04698524566315804,0.03143249971901977
3,1.5543585694670305,0.11524378162011116,0.05022848796120627,0.11404151664136324,0.28722994770108756,0.10476038619105166,0.11658800780428574,0.046959786840942284,0.05956550520595954,0.09963918827627671
1,0.8048580279836368,0.12250844887482426,0.04047270516137152,0.10800169921499027,0.42847091800330833,0.1387695671436193,0.07721893738821058,0.0315195361485819,0.10974082066251475,0.052471536371522555
2,0.9126640275938345,0.1705058922170498,0.05676995893482246,0.07946287866740813,0.5566469875539052,0.10605752394015729,0.1164940497143388,0.07542373979715318,0.10256344811403645,0.13926695618278243
3,0.7559953679254644,0.13214075815925203,0.11423166245962367,0.0778932008786375,0.3847393344727814,0.13203229310134657,0.12504150864254793,0.026163375821300832,0.10458960110299856,0.1294477004522964
1,1.8992921289285523,0.12184607530195272,0.01185228527593507,0.11353038220624798,0.2633869595290926,0.08845942752248792,0.08745868032481313,0.030617665684232704,0.07794485738714164,0.0682395060585516
2,0.3300526869931102,0.10252060833701176,0.031832139180842586,0.1331639827137067,0.2993277368063097,0.13352637593247624,0.07979035541976759,0.0337466379113186,0.1010134486964366,0.09763504455203381
3,1.3081335498522528,0.10581777968242792,0.0778203437629379,0.14646210331307222,0.39363279709723387,0.18279947594913892,0.08157004133319155,0.07454704677286224,0.10695143829630245,0.05714371599962612
1,1.177871919264463,0.10228857895309654,0.09964597979908102,0.11818045136562078,0.4149247870015695,0.06523543672890332,0.10861909379154157,0.015034753698586492,0.09463712369294733,0.04850012415076008
2,1.0263974674433705,0.08461053644862943,0.04223290291606332,0.1451381130066245,0.43471203316380347,0.1558936284497975,0.06437982137420989,0.04065412741441639,0.04430504012775188,0.06302259006621978
3,1.5921902933248893,0.13799599122023667,0.05575964943463975,0.05725350974646015,0.558500360147587,0.08729118185525037,0.12229996902194859,0.02376671288302092,0.09284921308714542,0.07482006021719391
1,0.663803154480887,0.10701895857914738,0.12902583729960432,0.14103020091048482,0.2704942862617167,0.1624548010655545,0.061402710318035084,0.05266945689255926,0.05940692891607553,0.061157409451161174
2,1.0590646703735516,0.12302513342890252,0.03281919908162534,0.12339108320741457,0.5620319816012014,0.06101201361708236,0.08298813201563301,0.041716653844955,0.07692530782264685,0.08874663598226369
3,1.0478045043137068,0.11869256370822821,0.07593683742990455,0.09342080675631378,0.2859975362491265,0.14211580760926193,0.1064956426015196,0.0457905131557155,0.08471740227997683,0.08738906089693416
1,1.221602913500513,0.11854972167943294,0.02798968613410487,0.11174687392582232,0.3583782332728247,0.12958084737142958,0.11857762899677078,0.048698431310517466,0.06025676895662057,0.06977203871162896
2,0.8295463085534512,0.11210728370813525,0.025624897574622756,0.15293762065732205,0.5415388099973902,0.12567978547054662,0.08653317596426345,0.06053192495884249,0.049033046120501494,0.1048337920345021
3,1.626248613274093,0.10183430049515747,0.0631111033028692,0.19176876140045576,0.32231382559492605,0.10606109413425936,0.06481403006797423,0.041853051359900806,0.08377116489132842,0.10029911633212032
1,0.7203586073777933,0.10622863391201808,0.08587782540817707,0.0831721827584066,0.42734744862126073,0.15869382112246716,0.11352745593156158,0.04369341731405814,0.10658534615891847,0.07152998637675538
2,1.1466164032594401,0.08855640039393989,0.03173505827467117,0.0787732421385904,0.20575757142049012,0.08116121224535056,0.08831881492435618,0.03267396254125944,0.03948925519314349,0.13246836957556565
3,1.391089300551928,0.20160589873983728,0.05752986353898924,0.13577433968027028,0.2697695262171995,0.14996056876363384,0.11234376975879229,0.03362048431721465,0.09296170000481428,0.10822376372806802
1,0.33879235866662283,0.07903730875564707,0.14545131414887824,0.08583190513774687,0.339209085745132,0.1023240764238505,0.07128836839777912,0.07718581249515741,0.06094230933215154,0.10248737410268427
2,1.114228508400366,0.07756511997667312,0.04036827464671461,0.1409537081762951,0.38249658726708224,0.11181005167515137,0.06249520976336719,0.051117235444260535,0.05145506687729317,0.1208542918295858
3,0.8256466403759859,0.12090260346352823,0.06952467348387378,0.10980661677983174,0.40918689628114935,0.13955978431877766,0.11916989694947264,0.06474069098832018,0.10721712539280726,0.1421975545270533
1,1.4598957891609765,0.14302779355147854,0.10421468576867736,0.09914588084458015,0.49567612595386273,0.14424911987914227,0.08888563863634165,0.07686015494845043,0.09710838955425066,0.111103981634071
2,1.224180399188933,0.1389086870384455,0.03988137836194259,0.10439007331160349,0.4303214226816998,0.11102753951721445,0.039318958461953823,0.025023939569125273,0.06105876023375713,0.08661405345247138
3,0.7355893946664479,0.1877016825535214,0.02004230697820166,0.04973579367873387,0.415258516269542,0.10175904606247328,0.07636277496976872,0.05367648583280907,0.0914193742860518,0.09876880801553439
1,1.0109159683948166,0.0948566825720152,0.0967812937827826,0.14602088872695598,0.5264786943892981,0.16736521701502308,0.04981529275069084,0.08318358633483984,0.04858259893422737,0.10346705655547045
2,1.7562555677339315,0.0947215365673955,0.07055509988626743,0.10814885334726593,0.3229150693704406,0.13456261983442377,0.09038143842741067,0.08033475627089466,0.08324229397676837,0.07862700276751448
3,1.6476668420011136,0.10978452918837935,0.06127884959234543,0.1024514428416575,0.39173204534417905,0.1134076566687355,0.08363249893022931,0.03113620843594351,0.10601875700362334,0.14064691864219
1,1.0750925568378449,0.172352144476089,0.027755190693152767,0.07469676453071727,0.634180455454869,0.061694245922980756,0.06659077429045769,0.046273008276853135,0.08676438393011308,0.09712764677389567
2,0.7956177940826474,0.06624223542115598,0.08834043921221083,0.12805463239231868,0.3274672999739735,0.13139757068485672,0.0851769204931142,0.050594628601542325,0.08974330457613028,0.06705758956385219
3,0.8432964657939204,0.14093158111700588,0.09506449013173418,0.1530281677931846,0.49894536695129665,0.12129429475685344,0.0896802682738037,0.050669217388897236,0.047035444488795305,0.07758260023253327
1,1.6722646050609795,0.1145790035776149,0.07786444172435969,0.10292958436361503,0.19752481541095568,0.11972982704394394,0.10069560993685492,0.05053190386506843,0.06853084513954154,0.06794017562269053
2,1.6770436006975817,0.10484710020211256,0.04645241839699753,0.14646686433626255,0.4514335623773468,0.10654076105970395,0.16884510689547855,0.04786557317138382,0.06922902714533881,0.08836901830147825
3,1.450132104888396,0.08426845074236425,0.04099021692709223,0.09812867839852202,0.4974421729526353,0.08517976247146025,0.08173575045195772,0.04137305486384097,0.05071593951058511,0.09977320489476525
1,1.44446318878338,0.10056518897638231,0.06049172478628654,0.08955357351503881,0.39988512649491836,0.1486785297949724,0.08101931856385552,0.033848630033700255,0.08431119433522796,0.1074542021388003
2,1.0107375546149258,0.11946696756475747,0.07365420008559617,0.1008560209177324,0.4626576412421739,0.1332464488364302,0.11229059557655544,0.06963411004859611,0.09100640264862493,0.13918445066316693
3,1.8794412544421129,0.1478390601462597,0.06202143053708055,0.10777922563419644,0.33688614860800276,0.1718466191579595,0.07781432346435578,0.05493220759512256,0.0824558696506451,0.04165086001137018
1,0.976056747700443,0.15533019932455439,0.04459016561958627,0.0774109102806398,0.38016467118641184,0.15623974420395476,0.08022514167628139,0.08473878365743692,0.0551836776452881,0.09509351097668653
2,1.407411984489069,0.10688409579541691,0.05484938704928767,0.07278977018578789,0.4324402164540509,0.133075083050811,0.0787073878267032,0.03312879400119438,0.04535082877110817,0.11575712869941154
3,0.6790343388876606,0.08850769133334764,0.04680251194597122,0.08178447952715516,0.5564214046854782,0.10274696307497283,0.0812048692192379,0.053763432023943215,0.06770849887435895,0.04428830199007366
1,1.4511115201384606,0.07002668319896788,0.09385265736937284,0.1269246681443773,0.3040109628273088,0.13271227529267904,0.03603381983426077,0.08399803601350397,0.07004391253721945,0.050148325008681244
2,0.9724857209143556,0.1017676837918833,0.05423216860126512,0.08571938634119776,0.3210750772629826,0.1124427775504414,0.039163878390847756,0.047410697015714515,0.07123808931497481,0.09723607726728459
3,0.8542951292237163,0.13010377615513635,0.013557731118202784,0.046042455192343304,0.290779893451714,0.09535859217167403,0.06861977040954964,0.03790724150099321,0.0768365726453051,0.051669791281557825
1,0.4836574581388099,0.09912236129304902,0.06519216562882686,0.1336615167148004,0.5178646568650966,0.16280790220843383,0.05354599470643222,0.06708906285746141,0.096349556164597,0.15806228752962442
2,1.5798701852766948,0.1664356772468042,0.1240599064028278,0.09647037949918989,0.47623398051345167,0.14362834367068442,0.09183898524868953,0.05275262755721894,0.06613018171438625,0.07782193657416615
3,0.9136395270397815,0.1197328248096239,0.06699695673800309,0.09105855259697095,0.6039688087562989,0.18704808745130216,0.0426429485221931,0.06186610815793696,0.08397842730208914,0.08992574085777681
1,2.1207503881489713,0.14013007305447614,0.02120230544350065,0.10021302504885951,0.3548183420728996,0.20037863722648191,0.09662661986557979,0.062175665973472016,0.06963285173506942,0.12319112328849594
2,0.43571697530763764,0.11502448486619547,0.05536304493396137,0.07439339104882461,0.2851306678838436,0.10718998366158337,0.08367290274675218,0.05933074830510148,0.062344685703662375,0.10234415172326444
3,1.5376608615792444,0.12458313154208117,0.07125635459605148,0.09227329713894797,0.2655441315557113,0.10140675901450763,0.07222182676456827,0.04114539809990694,0.04685173956036836,0.08721700481266814
1,1.3400609625703166,0.06055381623227918,0.07843728318552115,0.06385199661110069,0.6209611888612995,0.10149586468286485,0.07452487315115176,0.03174332493313593,0.10349317573196529,0.06649693119155131
2,1.0106796994566598,0.0896729655947392,0.05351131156772028,0.11856596502610656,0.41918365264711677,0.18050104991373683,0.1014889517945701,0.09206033030286707,0.11060595964279707,0.09818072961445792
3,0.6812632623732978,0.13954411680371215,0.11759126688924981,0.11986510385070825,0.4038583954535501,0.09091026703720506,0.07739558333741041,0.05435569202783406,0.09180397479558665,0.08676611034882806
1,1.0184643036894059,0.10430211712462992,0.06127726929629369,0.10801510880103485,0.5675955356519955,0.1285462469491156,0.07789355248447768,0.05158246097554107,0.08992261306167085,0.08967627988531843
2,1.7397199360329372,0.1213246337964548,0.06153312342890786,0.133606555421223,0.40205421115029694,0.17309454438958624,0.043579847031581055,0.06582929352483027,0.0716177591523996,0.09526200060784759
3,1.5149739831054225,0.13617153442424945,0.08831936594526822,0.0691017488044864,0.505490826096944,0.07845490642846889,0.1108573591633911,0.055274330087027077,0.08364088598367862,0.08433802194159104
1,1.345078313490758,0.15272293113321475,0.03858592728892865,0.14795327285422313,0.4972121622330727,0.156717542708238,0.0813049711828032,0.050315961866537626,0.08224661824315577,0.09853412288780733
2,1.4176651750636753,0.09016378533555269,0.012211517412830615,0.08561430847556059,0.5002354772417592,0.10803306675282835,0.09202627915316733,0.05539225732017474,0.0927340774621652,0.13523184265632707
3,1.3904354277432132,0.11156763376530979,0.054678830148465155,0.0566650148474188,0.3796542194991148,0.10188508375488418,0.037831719255489844,0.06654594173898822,0.05953876765779513,0.06670634253500256
1,0.957457805301246,0.13406798560589447,0.05344281697369608,0.08662885969452915,0.32991767432855623,0.11067347837157727,0.05247720387170224,0.058784846029515544,0.08860325903349435,0.06610566458460505
2,0.7271116263324742,0.12005607076545732,0.02588915357647532,0.18708344812642955,0.4182312637178258,0.13128877422370144,0.038555527308445296,0.04834649355572756,0.0610935277639909,0.05386179395717924
3,2.218241290893336,0.07377651930055584,0.029585237258491867,0.13317102293041516,0.3665833767881679,0.12768469854435652,0.085324763698931,0.03782521965307682,0.07588440639846943,0.07653808570217127
1,2.028583545392947,0.15395630526068327,0.0816184644221101,0.08766931039728701,0.36979653297641835,0.08261825187360392,0.09012485320294786,0.06526222754940031,0.09827060003205114,0.08148246269899434
2,1.292483685902675,0.12775680386408864,0.0489413067224963,0.14709916165944506,0.3640360344202909,0.08823079687256147,0.09252884886842602,0.0556920253199195,0.03448591523552976,0.08843339303049756
3,1.7363673304674438,0.121336674361159,0.035191861397745744,0.07431877345178838,0.21237574820906555,0.10251812641041873,0.09336064342256699,0.08719302650933106,0.04836780150498188,0.056667169999214353
1,1.5393241586012298,0.13805809045542078,0.03811587010902057,0.07571392670936829,0.31063993119392036,0.13413617544201506,0.10842604804667577,0.020007648804571298,0.08881677915554548,0.06418098824021565
2,0.6542518965481521,0.1013545110690423,0.026597896514123958,0.09523454901605699,0.3553096010957386,0.10953294281834958,0.06730299095210233,0.050623657030905996,0.08678807016003962,0.07135067494439687
3,0.906162554985079,0.10269665232859655,0.08095667867537326,0.11699890027142776,0.4772799293454011,0.09915137638635349,0.06727000847602695,0.054491777718490335,0.08484977319883881,0.13016539518873868
1,1.2359187139670764,0.08055702771546866,0.046585065315613246,0.05632967715339471,0.47705404246868155,0.13225199086379524,0.07185170501589322,0.07803815547241406,0.08181047302243159,0.08607105645847926
2,1.5400742772921803,0.09209011547226781,0.04594936886768678,0.12265162678911605,0.1882236729047728,0.13723606372396846,0.04148605897617164,0.04748894279804672,0.10307263237978306,0.04774619549645529
3,0.28424718624040024,0.13120516420072553,0.047841701449420085,0.08050236886378473,0.4192371094655398,0.08379515491957047,0.07558235947618581,0.07463096200215015,0.04219638056842119,0.06270600118617745
1,1.265819843281961,0.1385749536968259,0.04156423264328028,0.10357401589438088,0.37998404149875203,0.09433995143999031,0.07211214793096608,0.039893670441730804,0.04748066392424423,0.05213570104498951
2,0.8837959988958217,0.11642694454994747,0.07111560779130519,0.11078745572254592,0.532240556099179,0.06988743356201077,0.09044055216575203,0.038310079809217495,0.08920616580033361,0.07411968667198346
3,1.8744332696133332,0.14941777450189303,0.02087163820914682,0.1460423946394968,0.4032707809165699,0.07800761390093726,0.03856681891276882,0.06568527998563677,0.051093642445822,0.05801524552215662
1,1.5973017297316534,0.1503337430489629,0.03979027346169313,0.1595237107911538,0.29684618737682306,0.1306648926235778,0.102958069504514,0.036263716623313416,0.08718750098924996,0.09181318009511089
2,0.9407114997788051,0.10201896924555005,0.07355638285895374,0.07843193360885119,0.385701632553619,0.10325781581865401,0.0574411915559615,0.031510766249999,0.0799871717298109,0.07835602354616486
3,0.946955409111248,0.0974439509478157,0.02263983775656276,0.13660479630718558,0.3751872454103804,0.14784039595853626,0.10179895669713086,0.01887546953751677,0.10575491974601495,0.0965682065128125
1,1.0941293537830319,0.14507093308377939,0.08295154020972739,0.10875302929979623,0.4485186775698402,0.19998644575241709,0.04699296795862389,0.06098787877404417,0.055723035127263586,0.11711231080808696
2,0.9169322773342666,0.12152076887802411,0.024694113750832067,0.13559914075043825,0.4590591514049473,0.10486182430648228,0.06968808333605837,0.08221313752168888,0.05860628141704987,0.061388994272304154
3,1.3146328009534174,0.10354003643097294,0.04023973588577831,0.08100957799846675,0.4346205965803532,0.10573557757965078,0.08352962263933743,0.06411361242281519,0.07049690493954539,0.09723535580924376
1,1.473598978365515,0.09367095710136529,0.05517343560456454,0.10899862441223304,0.5023841533329284,0.09366129439666833,0.059199603181480945,0.05600701436481882,0.07757154228908754,0.09272185079567774
2,1.5121396862020753,0.12792461118948903,0.04965965656100075,0.12137026885691644,0.36484470223095083,0.1040974605661032,0.09397853374935301,0.0638968023365783,0.06152430002777021,0.11535521117376232
3,1.2271814614606178,0.12277922089684958,0.04081524339432314,0.1284154903215635,0.371248425918435,0.13043540729036968,0.11833965989091659,0.06651193216296186,0.06723392123064872,0.11401642296240666
1,0.9782985616597123,0.0880528680075546,0.07399384698563109,0.05127611509664042,0.3994859315235719,0.13839504092977173,0.09154600476228898,0.0335917754024964,0.07413730748197353,0.11301444134212438
2,1.627473656150861,0.15350090760859678,0.08816872734403135,0.14309726406857604,0.4771973047160363,0.18303977054713105,0.06099901567787795,0.07239681804309359,0.051690604010528995,0.16818782018145798
3,1.4465194348212842,0.14751340167824128,0.043498826102360236,0.17953412210150455,0.39155985119085646,0.1407522175052696,0.05435780763527754,0.03249266927976179,0.09628293236338993,0.11360419240800142
1,1.2546477437467196,0.11604100077426217,0.05207319552710706,0.0723569066327908,0.3094244732527055,0.06335195343892885,0.06615026933326193,0.06242034742378908,0.09109089140492582,0.05502674387207952
2,0.8603391232595262,0.12254240351436063,0.03029311941803184,0.09468440914866577,0.5139572143545773,0.13721767008052066,0.06269386369693679,0.09912906882692243,0.08841405796462393,0.06981658741355115
3,2.2632464953378904,0.11782990883093752,0.04642711858467817,0.07976104321819968,0.41580894990943595,0.08729535976474502,0.06293807182245477,0.05123565024732826,0.11684949783306386,0.09865320966203682
1,1.7640648275822965,0.11136454759169734,0.013092559087679992,0.10808728140181147,0.40500064442589073,0.15618404409714143,0.059787928649171,0.033944933059580365,0.044322654105696385,0.12705274652208814
2,2.1698887861242016,0.14088607699202885,0.06915239322897467,0.034008989642785786,0.4062340035855622,0.056189521652596275,0.06536213703140872,0.054913460364816896,0.07845859660643603,0.0890803990581149
3,0.7345478735694201,0.12293580517412261,0.04164572046512718,0.1064974901779956,0.44874473228755196,0.11977044605946041,0.10962125584032241,0.07883769608727582,0.05332913257669489,0.08533288406348329
1,1.6024467232262583,0.1313100224686043,0.04386013146745988,0.04994172204842091,0.5270404709356624,0.13223164406663906,0.08736737787077742,0.054938118442561606,0.05065925467004774,0.07863083792917265
2,1.7140219124151395,0.0727659542688231,0.04002651471998827,0.13040412592066097,0.19150786322474642,0.0987379982868069,0.05050556329168902,0.02142366096515492,0.06041152637613241,0.10822923163403077
3,0.44431860480753316,0.11916195480832074,0.10713150109394606,0.10568922792719582,0.4724030872484293,0.10990724066766579,0.08257287364542581,0.06630557377819392,0.05818485286636543,0.09909382018370202
1,1.2977939937243776,0.10833131099212213,0.04492435775359155,0.0731468097439946,0.45186849091599923,0.07891152417944428,0.10827401338768419,0.07229765813002445,0.06268963817030566,0.10374019500031263
2,1.4062536867387754,0.13683613525460134,0.06912256195593108,0.03539999251090234,0.3401788245168788,0.1320469238756861,0.07814733508702146,0.024817332519723387,0.02092367937822827,0.11217307847085495
3,1.4555459249063232,0.09691066766745682,0.05482307291210074,0.1203193878636525,0.47035686135430704,0.13088438791020346,0.05368252661383481,0.05976518370171976,0.04424146981440898,0.07531703529775913
1,1.4349275400090185,0.1709249792631253,0.028520698686107883,0.13883600755738784,0.5356582110224517,0.13250603255892107,0.11761847577639398,0.07291690155036733,0.04563684820493499,0.058771824014279744
2,1.1057683714346849,0.06730456501778986,0.06894737290497303,0.08512815100958736,0.442032767547351,0.1181342945785252,0.07612503810220879,0.08411015537090927,0.0630334645850175,0.06677987868541273
3,0.5025027950346542,0.09063591061661011,0.09123467941269536,0.04719801600050523,0.37709480399284634,0.07338037400390016,0.0929703781055764,0.029054351637364004,0.09412891732325557,0.05100381666537542
1,1.2443268862750085,0.09479635943231639,0.08342998432581075,0.15887195997133968,0.374012092706866,0.08525309122850835,0.07310254772642448,0.042161971462433556,0.07562845265975802,0.08990722780559171
2,1.7505870807837614,0.11295720414360667,0.0535633119720301,0.11004381357330122,0.28518610974850556,0.1686128737298913,0.08260155095405121,0.027448781569136257,0.06764063696503114,0.08910740660424532
3,1.4301540307627862,0.061833968294500725,0.05235307464796193,0.16444288993083972,0.49802812671345414,0.11662312757488388,0.08148612026714021,0.05785098876454347,0.04907840322164485,0.08375850684838942
1,1.0188964387462107,0.08688468849274351,0.03225203082138466,0.04539538440246666,0.5686299279585211,0.12385027203595837,0.15287782880903145,0.07529889234410243,0.055779543000414725,0.14094555633449213
2,1.8189855564991537,0.1315802229280742,0.04063719858783162,0.14641324374024273,0.46444249815747984,0.16356014699820942,0.12275001574787701,0.05374439717533473,0.06589836653351898,0.04558036236864169
3,0.8589752729426842,0.15682740822801036,0.10509714994542382,0.11181785905138325,0.2652929503413331,0.2129377511690326,0.08720495595659306,0.03722821126633032,0.04555991822432379,0.1745483929726943
1,0.6581921429679973,0.12026360800177023,0.038434522073327565,0.1531965923249204,0.29993664812102533,0.0606841963185612,0.12319181607615173,0.017559762529683054,0.08372340629314806,0.09948674142164982
2,1.701977030693602,0.14691376456022082,0.026414840253923738,0.08380028843790804,0.2212470096910356,0.11152371970421562,0.09453416035326584,0.06861406008279047,0.04704379766554169,0.1337923587738001
3,0.7234527067696456,0.07824697801359497,0.011470220356800918,0.11250319964390693,0.28301167381661413,0.138012400674715,0.03324053267577015,0.043173888475596986,0.08694781062520641,0.056966868795054575
1,0.9414205258261898,0.1368368440388951,0.08017845049096098,0.1086324058521819,0.4380484674524303,0.1330514844673816,0.08102035455198245,0.0414142420900461,0.0569202008410843,0.06808475698999224
2,0.9514845339449928,0.14532816469533313,0.032215158870222825,0.1017913511500966,0.3465761718820448,0.11295024081181329,0.05521090864229976,0.04403862144309549,0.09858001073757242,0.09376562525320009
3,1.0484189470001986,0.08670686370347455,0.02772047518579235,0.07741438588659943,0.5162747688521012,0.123260744593658,0.07597550392348978,0.057362858107198475,0.04011683047729803,0.0482135142049171
1,1.3119463873339652,0.17518412278680895,0.06416876333633853,0.10582816870850723,0.28723161415550624,0.13627516536772483,0.09300795053963316,0.07397457373448123,0.07944355774606529,0.07416338326125779
2,2.349746684847089,0.14576222348350293,0.0225523789985739,0.08904727397682607,0.5041460238121207,0.06223106169955554,0.09572459008842542,0.05455101707062296,0.10281238368524244,0.08611023799310966
3,2.029553241959049,0.10295639356005891,0.022900586994470857,0.06880610079223679,0.5331267264350807,0.13173779101676536,0.0470842211025433,0.06000644147590453,0.10084217684789012,0.0679202788293383
1,1.9521989621566869,0.13905241669778878,0.023944301384993275,0.0642491623532547,0.48487084216746634,0.11488758155847624,0.057510897600371313,0.07089849904908185,0.030342094372381508,0.09343373806021903
2,1.5605416470763713,0.1519251742313019,0.04498732414363964,0.13075901967075637,0.46844446275778245,0.12690106445090532,0.0775994066030266,0.07808578906970673,0.10433016990877961,0.08675325867315156
3,1.7907952203135191,0.11650831376560415,0.08222026320448861,0.07957304237287346,0.32633814199431294,0.1494619871686922,0.07257206432886601,0.06755483130153433,0.11994367413729913,0.09817494893980908
1,1.906182394658251,0.082808078539111,0.12191559028564332,0.08312478527823275,0.4463675984003328,0.184221468845281,0.04340441506944901,0.07492576222818219,0.06671209547727956,0.08147022206507218
2,1.4296354895525483,0.12022616006277041,0.0344936398720218,0.13073975540902744,0.36750051510558973,0.11590753729734711,0.08050452430573064,0.05435545318210596,0.08118917608170019,0.10220329150285262
3,0.49843289239722877,0.10485600203255778,0.04623059987593847,0.05826222575898928,0.5855474009072857,0.09163390183979873,0.11972807226073483,0.02129312737830366,0.1109620632452078,0.06521612121230538
1,2.314149159152815,0.10505285166411998,0.09126220910397999,0.125829001548193,0.29644177882266604,0.16490598751922692,0.06072397748957916,0.059074988993961366,0.08464704580839402,0.11574031444756624
2,1.0154741157609215,0.07758305462631102,0.03828880772881951,0.08644938949430041,0.28909148408582686,0.1507822861072234,0.07655170605711462,0.05873196469016869,0.09830598265454413,0.06587222078372951
3,0.40781696413361623,0.08179768787853872,0.07106119282878026,0.1262071490589999,0.34615687350722635,0.09094775058156318,0.05477123748266022,0.03254896234180908,0.030804240116109716,0.06742054485146062
1,2.1493749103778717,0.07715315767733533,0.02626450072241792,0.0940422206110013,0.3898151524478644,0.13184022652462285,0.043786250379421014,0.06836902445950684,0.055383620281804206,0.0916551129313294
2,0.9641838356270653,0.1852922200484483,0.05598573746537943,0.10804325795152439,0.313855338749488,0.1397522052191145,0.08529152233460621,0.04758415956416068,0.06518331766018134,0.08996388682058779
3,1.9657828889514006,0.13386183201742374,0.02752302545181223,0.11631637072423824,0.26130245986972944,0.15380460732903634,0.09705364086447126,0.05439658006892038,0.10259684723696484,0.06958484767804199
1,0.8549674550729793,0.0971434128658697,0.12945524708942824,0.10009799632895278,0.3834407965609303,0.052352241467990376,0.06292629016093788,0.05606345255277631,0.04587365567111096,0.09746262158466729
2,1.7211351511078528,0.1522051648048608,0.022515200554914364,0.0975602208782252,0.4984697086367043,0.12239368040918547,0.052733845907499105,0.03658164680145569,0.048110881177728514,0.10198039620393876
3,1.1194749256788128,0.13031818238357104,0.047194850919387785,0.09841601676303928,0.22458056554172537,0.17170760443120348,0.09099725433347776,0.021345534652462604,0.057627348671521,0.09567365769296382
1,1.4071824862774327,0.15004004018470937,0.05260769425423893,0.12749750009537433,0.3571785002660918,0.09768519088090091,0.13279999804188672,0.0308450321744182,0.08169603520382143,0.1011610043353478
2,1.6107527188724329,0.15294100433325908,0.04892965594460205,0.09989793616454062,0.45357078041927534,0.17857512159081093,0.08503756751159704,0.04104126091278191,0.03880066295987383,0.08208849172852745
3,1.3952287342047751,0.12614541056144848,0.042072810760758875,0.12147287484142037,0.4281299759607079,0.0762413753218763,0.03192709310455075,0.04969335664415441,0.04585277353171237,0.12158693276591515
1,1.2719112849544532,0.12732694754357154,0.09607006720666966,0.1559577499521712,0.4577480801258933,0.13082239025581358,0.05557687641355792,0.06924697494750176,0.07162863180306887,0.09924972571194136
2,1.1674485325812098,0.12834080001163722,0.05343250048667575,0.11627216054141323,0.3368178505170142,0.13534928647962224,0.05005667560829517,0.04911411758883787,0.06331791757139126,0.07334189003790852
3,0.7447322801885488,0.07054665125945672,0.029997155324497496,0.048558389776777754,0.337699438902778,0.17360862862245247,0.08697699013321714,0.058788596982445505,0.04988024701353751,0.09401655082516916
1,1.7407558406392518,0.09949903467686398,0.09616057312442045,0.12579877088924987,0.5342190511778715,0.05441878927624291,0.07187282516599089,0.06931404019051814,0.07949122650512395,0.10307022210684869
2,0.9817405964670891,0.14241041453275471,0.04363422683233624,0.13662864857355103,0.48512692001682955,0.08884790324496825,0.07808816259050992,0.03393437240531948,0.08401671238452937,0.08845452842556863
3,2.125838513645663,0.12785297714788602,0.0422330527146593,0.07536765903678103,0.3865675329008425,0.12523828714879903,0.0839841007308416,0.07652035299824048,0.02776481019612876,0.08428306799755463
1,1.7858832489818661,0.07183100396588268,0.039733347855786055,0.05362693552578141,0.2922200021091909,0.1305836996516772,0.056661177217158375,0.06834257143941815,0.05613285920666468,0.06325968595862339
2,0.6654937809571887,0.13113474173739575,0.023726450162994663,0.105472591766037,0.4669613589721313,0.14932660543713835,0.120585146620998,0.032068414906664094,0.07848443576721428,0.05536732327137256
3,1.4104549106666477,0.11005704729731078,0.032331926969887216,0.0576255043754438,0.4077547434989416,0.12631685951584534,0.06577453452068145,0.051752151684707426,0.09387799691038488,0.07765102188681666
1,0.9905671006953639,0.17491245223864033,0.11799264708583702,0.18478010723604207,0.35805793525673124,0.05714710868304693,0.06251798738066444,0.04139631688833716,0.08120254235292164,0.061881733037042044
2,1.1975743987068328,0.11948178587547126,0.023160845992513085,0.03895830231508881,0.5743120981187535,0.19508013683370484,0.05581838064156069,0.050648131647278855,0.09702089594612925,0.06778738847878432
3,1.417761181551974,0.14136175323004022,0.015933584666941825,0.10576019536658796,0.5140303424905659,0.13854170481648567,0.14357647494766435,0.03739727526878702,0.05176736065356066,0.0734727492778305
1,1.7746286134848717,0.11450369361766492,0.04981549178064054,0.07660267783785735,0.3124240611814442,0.12818371103116855,0.14009347283042595,0.06240466397589693,0.06269064435827415,0.05776810151845041
2,1.285313585835355,0.11469853789107609,0.03674511023221304,0.12347692141015043,0.4519429024853169,0.12794224148307845,0.09219714170523369,0.02075887652517054,0.10781855067920551,0.06096411791816954
3,0.7772207574662401,0.10100712816564157,0.0358643680264171,0.11859480151246124,0.4916934284189088,0.11934266958928932,0.07427469740733146,0.04025238287143913,0.054473201138051874,0.1016964348876824
1,1.0751958785753417,0.14878817682005158,0.03823730670589844,0.08930292288572057,0.4660000233966849,0.1612422466872402,0.07980926378357886,0.04083389342816352,0.06150754794975574,0.10625021014388955
2,1.3696790621472283,0.1488573764173658,0.04469255496291579,0.09156121347978351,0.3862734639993004,0.07598640661428724,0.06686004783958088,0.0694846750542367,0.08640009895488109,0.050829708638122
3,1.198785670921491,0.13333526223872064,0.10539636660071106,0.09020741500474092,0.30191401898528764,0.10567592315345775,0.09422924086658281,0.043390857174383,0.052851490845281276,0.10512104613295975
1,1.9613479546970058,0.08311111115171739,0.11276561341808246,0.10987264034162122,0.45941032213866834,0.08682234437007746,0.14271863693925985,0.09059095954299554,0.06839420963724105,0.047556192874732214
2,1.2874517874530815,0.1334636266089722,0.013834147002691342,0.04541861850452259,0.4982992630463139,0.13124160151012257,0.07937579562252928,0.02684293290930429,0.06353385490385938,0.07703269490977528
3,1.288272607770607,0.12230304651653805,0.08918403764978511,0.09272125513686016,0.46565309752345996,0.08748354195603952,0.09658128734115258,0.050012474281319746,0.041565996243327075,0.051755967096424174
1,1.6010290710998076,0.13186251686287404,0.07994720539100103,0.16098799384143916,0.29083765742063644,0.08555224089445158,0.11967763723854759,0.05454938749139333,0.0839513280043322,0.053694698312351366
2,1.4324605283887597,0.1534185381185756,0.041357725027741425,0.048054652300902743,0.5325985794756177,0.18819238721992687,0.06469998170956894,0.05511821574933556,0.0677314397511804,0.07852916396478052
3,0.7729663100777427,0.1471891643632235,0.04129862684661263,0.07754156319546152,0.2705171039064999,0.1152790779019118,0.11239415214297152,0.04249505438642011,0.061254839828707094,0.05021953618867186
1,1.1854832848815886,0.1520195432714474,0.06084056589990304,0.15868630581672938,0.5971420354335197,0.14304172179313782,0.10697087172801435,0.07766961108820412,0.12589327698277605,0.05383783572508291
2,1.7410836551372728,0.08655255957103401,0.12216473950216383,0.06764789516093281,0.4434367462075328,0.1380639832728219,0.06177626952712358,0.04113130029814198,0.057920870385154054,0.06023055686484961
3,0.9051888762018335,0.12067142777715478,0.01396562975766329,0.12213075248612157,0.47447381881256057,0.1428135648752723,0.04494701003178032,0.04702111030596673,0.1038306649581069,0.07841385116634642
1,2.363654525266469,0.14392937700357505,0.02780148105972688,0.09049331643985332,0.2129274768944295,0.11928615858774258,0.10421826831405491,0.059178061003601436,0.09803206507622143,0.10121909284093442
2,0.694622104309207,0.1508728792705527,0.021272050953703363,0.12011829527008999,0.16210850478006433,0.13406728818928454,0.08125158070679286,0.06012123327645376,0.09353425778865028,0.08071088723954277
3,1.3531342791370662,0.0708404462357632,0.011900007325373704,0.12467211163253877,0.33336238497919013,0.18744021642833797,0.14297502819488392,0.06355033762003312,0.06854637950997157,0.06454604307916333
1,1.261099019236305,0.1394058292860709,0.01934888513427959,0.08406206960346946,0.31751282745049736,0.12515523870175482,0.12267082589280906,0.06953332712169985,0.07954270280335941,0.11587863548134425
2,1.7968913916462725,0.1042913092950708,0.05100080555062592,0.0912648027717873,0.3547841103599823,0.1258168021689195,0.06269863620968083,0.06802671355187784,0.08721689840925587,0.03997700240456416
3,1.4458208884988488,0.09981750105364767,0.08153888617446972,0.153922693642514,0.444054120420202,0.15406089682347104,0.11971551806289402,0.06025419281457744,0.12654637502380597,0.10408015139967508
1,1.4163209947050586,0.15997654097391867,0.029060818967310293,0.13745705918356144,0.4107025933230294,0.13528160565652042,0.11815270189643831,0.05475512657954872,0.09586931164314705,0.10622440350272416
2,1.391227989750469,0.1283168923343407,0.06062760838442447,0.10953221381778137,0.38220615407642405,0.12905080859354656,0.06895995559858842,0.03652744691711151,0.0752930260642625,0.052902190984499387
3,0.7424991794867578,0.11712672146295358,0.03582076946539231,0.03065905853947512,0.39986080782142397,0.1784313089851368,0.11681198702976453,0.08041148090455438,0.06261594675098485,0.08479389484908777
1,1.8230813029830788,0.07818004623102864,0.03774189142612207,0.13072728999682903,0.3340819854444667,0.09250275229260879,0.047398511712491424,0.06254594437867932,0.06633048297389882,0.05670885003208789
2,1.6990809485948108,0.08267195971693925,0.13029480010833291,0.0889858322393647,0.4318984181759953,0.0974470169753495,0.046293481410912,0.05328817774445215,0.06266411871417123,0.08219260648978473
3,0.9380958508342041,0.14251243990013804,0.053205986134408106,0.11482553353218079,0.6913525644121425,0.09840071369540154,0.08294688473897681,0.051914776011946016,0.10044951883458414,0.048354725188626345
1,1.0398547833593796,0.07714280377770605,0.03284329262361876,0.14020481340838142,0.30180139249182814,0.1782457238490903,0.038988853912210436,0.03372902085690982,0.0973807950988583,0.09141250141208541
2,1.535963744769587,0.12596633988182587,0.04650339772310595,0.1335600773540973,0.47910943187426397,0.15628728805407555,0.11151003120385308,0.054142638769881124,0.10013361992565736,0.09622477973894998
3,0.5068193662554457,0.10549473414252562,0.07964886909490948,0.06638393252756584,0.4874069807182513,0.18206945747272238,0.07442592282673828,0.03735995981093862,0.08606266042289079,0.10880176744891351
1,0.9029835002840857,0.12077300524488431,0.03293550541948171,0.08235390819276045,0.2412028886782742,0.1408357095673609,0.05455851899189361,0.03290644346351383,0.04355315770423028,0.1234619601993929
2,1.3083906041525157,0.07480691355122623,0.05372704917527707,0.11629751216504665,0.47672874103158147,0.08972335941856927,0.037788939898114854,0.04159009832228548,0.09705134192218215,0.10862128516202424
3,0.4457968351584901,0.14451936612016894,0.0443460191092614,0.17336371926569577,0.44249967891107567,0.1426327010239267,0.0399975529391329,0.043440482291048695,0.06127826415488308,0.10763253245365094
1,0.15627842766296474,0.14498243143793255,0.03920046738609791,0.10096045145338942,0.3892163869346017,0.11921535335391648,0.09846382249469615,0.035207452238865726,0.07684984341556894,0.11757624823348355
2,1.4586826312765175,0.11867332299852167,0.026148910152439576,0.08836037936820161,0.3135086142337971,0.16434334493670527,0.06268254255565135,0.0577008463456152,0.052342158873940475,0.06624801837479431
3,0.9876738965459416,0.10267194264350954,0.015069553659974665,0.08000909500481085,0.43191066528472066,0.11945985339098521,0.08023551415756645,0.06676772222540081,0.03654630637264667,0.07452026173964534
1,1.3363787749147322,0.1396945421332779,0.05619279292289849,0.14273071518181107,0.38649789675271473,0.15196209694152596,0.10676234367946229,0.022522856752345898,0.05300065184963132,0.11836574258912942
2,1.0716797894853078,0.16203841799788155,0.06746558665523934,0.08206100400739047,0.636195705396634,0.1544547923875537,0.06992865409560721,0.05470272317802716,0.1359905803216944,0.06380017630338122
3,0.9801617974790152,0.12173465707696891,0.03765275866714053,0.07316887988804388,0.42369075139162066,0.11265281259079088,0.1254396134240218,0.02809832708319375,0.09967977753459809,0.07970339170925671
1,1.3887474442408572,0.10817054127249857,0.12335775413928826,0.08350828983051566,0.48542728599262636,0.08668884807440164,0.08337130604367149,0.043371044444881886,0.043694042794423085,0.0669854622960797
2,1.7037891707181876,0.12500200964466057,0.05669796954789694,0.11372818475240498,0.454086660890953,0.09526130816270602,0.06686450780391011,0.07593836954563067,0.056805198989428395,0.06269411493176894
3,1.3233277770820182,0.10035254738932432,0.07756672160306573,0.11699498110712286,0.28366188576559437,0.15227697173148327,0.04881592860215539,0.05331094936949751,0.08021202514482652,0.0314739506340574
1,2.0124331565212383,0.11838764673156638,0.04477039778738853,0.1337606416345584,0.44657016829058677,0.1303433972988365,0.05061577721650347,0.08000190516073426,0.03522133553321678,0.0691498342967551
2,1.3194791967663029,0.0976026814250863,0.09093266591860634,0.07946974721428207,0.36283634082136174,0.06851128905152462,0.07780927177142978,0.06011544037664291,0.05042187818199508,0.10276672553829176
3,0.8901619718536471,0.15238365326471157,0.021560228428627596,0.09796274875688896,0.3926772679167472,0.13269952347018527,0.05772802303324159,0.05714977728900275,0.06574694247868834,0.1311620787689033
1,1.9701503162912548,0.07831606241932859,0.0865690394513614,0.0633287929729092,0.3649493623684583,0.11181868548912592,0.12626598138643655,0.020922530428620842,0.07173865058187551,0.059048441053315005
2,1.7615164198468234,0.1278228733330495,0.059884823677017716,0.11537902658291811,0.33973337760850647,0.1104007290271354,0.08366895697593671,0.03872576956438961,0.06692649959130709,0.08331115184013967
3,0.9297362787615827,0.10798800277942584,0.060940833783897294,0.1743224016291398,0.5006082061372416,0.10116795932224933,0.08941551891599972,0.051670186921000956,0.09796198997467555,0.06148354769070641
1,1.9506187960577033,0.15637345106556833,0.05030395243027994,0.08427841981201228,0.5554915476407518,0.06287462464044329,0.08949935960626357,0.06720864191372283,0.12317542738096678,0.061503560940721944
2,0.5738336133650808,0.11796868487007392,0.1034725158145379,0.08433588065319911,0.43461683298903364,0.15381760758758634,0.10637387400948158,0.0401541521799131,0.07998091172464619,0.0683168558743155
3,1.345652917943268,0.17371803935200597,0.021866149961735727,0.08241048455785766,0.47781917762640713,0.07309514536886022,0.0859893131540474,0.020261062297690386,0.054523285977326405,0.05766511547070154
1,1.7921302884896533,0.16591667686455716,0.12351203127670124,0.08181658119705826,0.367083796444968,0.15237859228435596,0.06281648921633672,0.053691143562839036,0.08784532546060914,0.03417618983761588
2,1.3399013995663085,0.09483748562266428,0.0711793678522984,0.1166605656575559,0.47369511213966786,0.12864550484996495,0.04189387118194712,0.039016973307876,0.0794568412201265,0.11068367922481555
3,2.037732901200299,0.08178966773264751,0.08533046776156111,0.10410793989494593,0.455260221147627,0.15819385465655156,0.10173013968671522,0.04251793232483041,0.06547507916810318,0.08198574557224682
1,1.63241194874019,0.07766881280446777,0.06673383465317423,0.11744127926337601,0.45962385072037637,0.10746383559534503,0.10482759454182296,0.05867647469257603,0.07610938669026032,0.1227227675172154
2,1.375774182208032,0.16856853830553184,0.0537549727925352,0.09350060510094106,0.35273375432209625,0.15791110940770836,0.05838475925111788,0.033673380744561957,0.0955944472956398,0.10766616286191981
3,2.133248289675556,0.12800586770704867,0.06967040096777131,0.08033781164250348,0.43599107090592004,0.2448403157875171,0.10113747899634151,0.047158323640914546,0.040353671851533726,0.12051353767505041
1,1.792133577693245,0.14213193843790034,0.058293917141645585,0.11024196168702922,0.42209619972457474,0.13416458783316332,0.07524128684789015,0.05640759375817338,0.05812000932503096,0.0723771171170706
2,1.337542178249366,0.12159909088604454,0.04395607188385271,0.09166810082144257,0.4907785481073676,0.09683087978371843,0.03701018031363844,0.04232817360622494,0.055485113726741295,0.10803141188133875
3,0.7101789317791958,0.14047009370393834,0.058525445036756135,0.13720160950631635,0.46057862004096206,0.12297342474001365,0.10855444809025286,0.048281304553409836,0.08554614161758076,0.09421537893219147
1,1.6018233614503163,0.11018940961425741,0.05570313729144385,0.03470699309400506,0.4587901935605272,0.15715852902007071,0.059820521182512694,0.067299476998072,0.10895257050846963,0.0738754723130248
2,1.6120709383919056,0.15436542288581698,0.0353592365744925,0.08151040707526758,0.38071097671051307,0.10746644088872112,0.12680542345504814,0.0423147765721055,0.09564824582169555,0.1472822513107928
3,0.6972394250444272,0.12989247479136568,0.03164765418778041,0.12033859962496642,0.3862372973612529,0.09930051514309832,0.059593855168276526,0.041470918078949856,0.07250897615464505,0.07323984832528534
1,0.8063757745802796,0.09268629191456997,0.0931345006769789,0.11610264011297022,0.40583385526653887,0.10783274939949565,0.041174998377503734,0.0417071209867684,0.08646472052113932,0.0638656065453895
2,0.7384020023560444,0.1326899967095447,0.11252032230582966,0.088948777288411,0.3962663210700904,0.09299727283100123,0.08912761399163607,0.06585368682861695,0.05923138174834917,0.05811392588976892
3,1.206167191494292,0.07876734932229304,0.049085728430376833,0.03588321534247184,0.445441828070413,0.11844891811081631,0.1164391857968338,0.04098068905965211,0.04727379051123992,0.1203688053347762
1,1.3510783370521189,0.13448319967096284,0.045510162003825246,0.07525121440499932,0.4180634221476884,0.12877700915397305,0.08316675615837554,0.06217889946266133,0.11297729687055305,0.10301224666677368
2,1.314312265846866,0.13332390440347,0.04622847025616385,0.12557041999547902,0.39724758042094965,0.1463019136010346,0.11755986101674457,0.020908665455937187,0.11107972904175134,0.12809369455527916
3,1.6878858931516485,0.161526307957358,0.03553322808657833,0.10698430611174295,0.4352533606579598,0.114486488614233,0.10904963304708318,0.02614733658874688,0.050881902902478945,0.07213677996128438
1,1.5084859771080301,0.11881249375242736,0.07655356670640914,0.039994831042371275,0.32431205979142363,0.12738489606265513,0.08720629189764685,0.0380217983169069,0.044056314874134625,0.06685964432764843
2,0.8909708929667328,0.10452957194886298,0.05112836647470861,0.10611928938772952,0.4436339490176666,0.11735748432060399,0.09318756386023797,0.05890760737520778,0.07073902327510448,0.08341948318211884
3,0.3916383730017087,0.09881576661378252,0.04072145717787461,0.059037772624850875,0.44496089724593935,0.15496140807236095,0.1025290981380928,0.01789198781285483,0.07983390702282497,0.04788590443177452
1,1.3827027641636398,0.10433004463724674,0.05368820341641893,0.05651318900437441,0.42136335981567313,0.1902489554885273,0.09023280609220287,0.0729965723001952,0.06376028024924804,0.052260722309208446
2,1.5153967835422268,0.10708191687671852,0.03876321339399552,0.041709540352235355,0.44067698044642817,0.05512707738059698,0.07397092534107452,0.05439961954819874,0.04101508890682366,0.054815461230298554
3,1.2774858609373567,0.1247978846161659,0.046305474284391905,0.07611077652378354,0.5660362660537537,0.12754063384696623,0.08476537894659533,0.04203406344615283,0.06533707761095021,0.06260418582220759
1,1.7001200282852098,0.17400163707902577,0.051828476866337334,0.1033786667763624,0.38675744471476503,0.11223049212975938,0.08341125648351251,0.045888985945721786,0.04985111330386484,0.13841749404378054
2,0.22775608166985373,0.16500882377956477,0.02747775408430115,0.1334828118183476,0.3896813387828549,0.08779672643164027,0.10711139499491842,0.049103423181343364,0.04728392436321875,0.057794323820847086
3,0.4803154899040212,0.13894577229992625,0.08507311457603725,0.07916437287922451,0.5039573861110037,0.17676143065371885,0.06630015135333739,0.056520810156941076,0.07184336900253394,0.05025959202484645
1,1.5363863960144244,0.12085672435547061,0.06098928100509146,0.10316417259319159,0.2974020881447166,0.0855895959129291,0.07824713525938105,0.07149785515139549,0.11135603059686114,0.05195861344554514
2,1.7671529417751635,0.1374161790755426,0.09014375268448702,0.10253866900865533,0.2881063660359484,0.126274024240759,0.08824508335726781,0.06306441746788669,0.08986313176596816,0.0675497790713262
3,2.2889920463905833,0.13913281190476096,0.06438103513224057,0.09132109372400632,0.35088927581622537,0.10401159264029053,0.056139779083889375,0.03930177197493929,0.030329939362601463,0.07794034470422886
1,0.998666042774366,0.089330923733496,0.10993535459440992,0.07249854538581602,0.5449515487840835,0.1815263349992029,0.05022749733034872,0.027945763322473793,0.06559661680674081,0.07872148657094316
2,0.9891786502148322,0.12483317673564315,0.07482803622705955,0.12223018196134346,0.3734178949899075,0.09804725651695721,0.03030619251477048,0.060439837136650805,0.08386569235043664,0.12800932226397596
3,1.021917533155758,0.1110491208645491,0.0264369147773688,0.043153722680368004,0.40787239996858854,0.13682887691898588,0.08647295695800791,0.056418749764753966,0.05386552904634055,0.08713537072191727
1,1.424551100919112,0.08036576795219402,0.06901918855541071,0.1458023045377045,0.48974173374355595,0.12647973694958506,0.07634347869393496,0.07298452145306217,0.05542394756348726,0.054215461185000875
2,1.586372367964061,0.15754814959207153,0.1055828073001828,0.11988003635491795,0.3641510658819376,0.1483615636528532,0.0825057260800376,0.06148961663921586,0.032274647736929486,0.11895321045221757
3,1.1499424631402522,0.07032683174520488,0.021651849859233796,0.1274796465160438,0.4233348086916183,0.15843618738650705,0.08816692423085061,0.07179969717862691,0.052444371654231985,0.09466642154761286
1,1.1339111550456566,0.12865904622189933,0.06299165187299453,0.13914193370207179,0.34209421306061666,0.13577224440029734,0.08911829850206845,0.04823627299592043,0.0689012321715792,0.09646465712197028
2,0.8386242000033709,0.15565365157217909,0.015967640365957075,0.1424540507516312,0.4723330638381782,0.11900178529197177,0.12019792414343738,0.04283126632443513,0.0828596869534076,0.11761844610578315
3,0.865418560213769,0.07798765074633021,0.050768275523568995,0.12331586907314117,0.3283294580429641,0.16372037084422425,0.03649803847698755,0.054040018978878585,0.07971603090562683,0.08708307182246547
1,0.4567389705686473,0.11698269279942623,0.09734969004855848,0.040697158744526764,0.4899316307851431,0.10810890891240005,0.04562483704748133,0.05241758337737794,0.10593750647530922,0.13437407700764087
2,1.479989228732749,0.1076406008707994,0.10524898676582806,0.10203770784687881,0.40520209514887656,0.10194312406863099,0.03801541113183349,0.06512817510601787,0.026380267735707806,0.0738896036608861
3,1.8566345944479814,0.10271953223863192,0.021169865217634556,0.09129027802003578,0.4504085850951137,0.13766442358607217,0.04808328737539229,0.025406504278027982,0.12084530714405048,0.08785297149451453
1,1.0673612270637687,0.08526681967232166,0.07340007514550527,0.13425399920662245,0.31656245761473545,0.08553342015873354,0.07883940824114928,0.01731113961016858,0.09716623759804342,0.08040745104091268
2,0.47719306102457937,0.08120728055766667,0.058138710745324035,0.08625880540168157,0.4837088440694827,0.10943139257113482,0.06996721611832307,0.061615244612789125,0.08202871266951892,0.07659166274968592
3,0.9859008764438206,0.0798735260443704,0.05659847673842307,0.07749441530633179,0.2598904090037446,0.12925368412629631,0.033603294695958554,0.06980467801387552,0.084160184062521,0.04392653134671268
1,2.071428291400199,0.12183876013534416,0.0972302368446849,0.124460120624922,0.3517372848637883,0.1294343417969388,0.08827862394675526,0.049916611504631385,0.07062541262142513,0.10588818682808199
2,1.2497564068961111,0.13922195529542658,0.10600828393275244,0.11215746312960233,0.3033047782328262,0.16855018452928455,0.10170250770885417,0.04933420677328853,0.07636317443445464,0.12519881082729742
3,1.470715207445333,0.09150589298173537,0.046699772433988665,0.09014643624669075,0.3278729620609394,0.06864464910419166,0.09081443013280534,0.06602578591870832,0.07476932377491018,0.044810574440425334
1,0.9513552514111483,0.13105494813032617,0.021450382313532138,0.09191261264933329,0.4148444925347327,0.19901648990638687,0.09781979117473583,0.039963029245750036,0.08782616480142574,0.08865780030557802
2,1.1903821905490894,0.11440083358305068,0.03968950415875125,0.14154411053596577,0.4668370851178604,0.12277978429090494,0.07665087470218458,0.07813314687438352,0.04753689174839604,0.07696078833069844
3,1.1038180973851377,0.11825821219281406,0.03431608888834174,0.08566139779547237,0.27969057345544,0.0927002846811659,0.03822491932136752,0.05327355074451795,0.03398148016991174,0.08312812080605476
1,1.3278147441890924,0.12391553789417104,0.015439728681110446,0.07237741219380196,0.25793530612496707,0.18119421219371826,0.09101380232769417,0.06593170460979689,0.09815135367349018,0.06108721934327901
2,1.6088057717590372,0.13701399507851808,0.019680391182898396,0.04839981898314501,0.2914525143117493,0.10627144778638467,0.09817621393929435,0.05396569471179054,0.07587989814847687,0.09070372593695478
3,1.0240312876851307,0.10939545051010456,0.036721527471061305,0.0869101912092121,0.40645100586596916,0.12703905574497185,0.04919139216065756,0.062106988375583504,0.06569985250393862,0.030134959813091028
1,0.5456532364243784,0.07857142407800935,0.038688540598809995,0.06815005380643216,0.45035434161298515,0.12588535625117925,0.08992759467800672,0.04314618142800892,0.040066452384242265,0.04827676589728138
2,1.5725081089728652,0.11626193061599163,0.04321932128246533,0.1610677057020281,0.3738618264730492,0.12726890723770734,0.10250595365026315,0.03236120753590318,0.06810628763299995,0.11033384746389387
3,1.3235057091659406,0.1168899004586907,0.021481308149731888,0.13329828078524858,0.43532782910912265,0.12067272320922387,0.08001392876994007,0.06236779529624622,0.039464834541623,0.12029347461376641
1,2.1889373669098973,0.15621056191630248,0.02484755729069678,0.1724764281275695,0.2627163834754963,0.10698584857404284,0.047203251787127566,0.051347644918793046,0.11233659839719436,0.1262033076496119
2,1.56205863204183,0.08616536572282786,0.08632796376575616,0.15610871133153675,0.5281686937887802,0.10557679309693485,0.035052387606774045,0.06664304138299404,0.06418224130620286,0.12058575685787151
3,1.6743473041521633,0.13790061346468868,0.02593828502556037,0.10706751012946758,0.4148643894167132,0.15416815515785803,0.12189126364351388,0.022556701791090088,0.10522823313640514,0.07954944639737199
1,2.0078542370922468,0.12278945187078205,0.011377031303429784,0.10454425110941538,0.37445706523849615,0.18900499292763198,0.13630845672969327,0.06399331235721992,0.06282299318760856,0.09356301583370076
2,0.8552131467410993,0.12090667630175862,0.01746759139571258,0.11212000021775191,0.38493862473566565,0.19017176268368563,0.09634040734318274,0.07482247259665334,0.07091759665130479,0.05459039588618608
3,0.6677349375329422,0.12927109903198722,0.025045923821723427,0.055419164815133856,0.3606862063939503,0.09343876722537078,0.06184017040205366,0.08032120280446632,0.0652432721086743,0.13086948216849648
1,1.3141494577433357,0.14585829975014553,0.10245822715341063,0.12135720417923113,0.40261454931762203,0.11503850844811837,0.11862971747392881,0.02934337589239921,0.06876822486594666,0.07665848818761616
2,1.1416156629450946,0.14132056908439974,0.04843298292256492,0.13457531444455323,0.5495099712100296,0.09177072382174417,0.06665817166418789,0.019878459773035196,0.051771753364838594,0.04409139993510427
3,2.4797359710486004,0.1274746153468685,0.018101693097391024,0.12750700150836106,0.33278482012842325,0.14063214784780712,0.142013243715778,0.07080679226981251,0.08576550491464635,0.05559228251739112
1,1.4546173223148369,0.15340520828167178,0.029324125408205916,0.1686112126874838,0.48520837745949247,0.22103347584826893,0.15127543478717992,0.05276483530004752,0.06145842675395373,0.07716183184612233
2,0.6012673613066288,0.15153381971573154,0.046281262688826444,0.12696254283496128,0.4619016113251038,0.18050041995649113,0.1123695515931271,0.03538755118240084,0.050309871858698035,0.10589941172089162
3,0.561588239704736,0.12527577950436017,0.10114287532861885,0.032566281194583976,0.4975890554211997,0.126280051288641,0.06321893460776268,0.038445434200260156,0.07864383978032244,0.11873336306547908
1,1.0011104399846151,0.12539286137123826,0.03657775731676701,0.13144509189427872,0.3760911234790297,0.17703749604651453,0.07573978911020539,0.053479863303049276,0.034615832165790415,0.08122549440297432
2,1.2078829214321964,0.11664656612649342,0.052594515849349134,0.10132636996434355,0.34342225725342745,0.10720162422119257,0.12242932550896789,0.03309151738482616,0.08253401394737456,0.10325367562568877
3,0.8835954783583332,0.09802409998272123,0.020965359390883335,0.1518736806675938,0.3455407114642867,0.171062317402913,0.08298603491130303,0.05793095577276543,0.08674980938006219,0.09942222614502887
1,0.45573273227213673,0.08920507223798618,0.04172639905116325,0.12885806891794097,0.44853978422664775,0.11559127456133601,0.06675376765408789,0.050149522085358715,0.06411509223959183,0.07414082058805395
2,1.411288881528359,0.12179582417066084,0.022144004548104078,0.09831058414842794,0.3708768876196991,0.0674661792172832,0.11939470305220148,0.0470328788269979,0.06256604582271853,0.06426154735299931
3,1.2013791447771816,0.12682131427359516,0.06750878649206304,0.07352838006033087,0.36622139534502773,0.17884729509766162,0.03884517661968912,0.05668765375876035,0.06509288562265839,0.09146859742717031
1,1.5159481054118125,0.1495544614306939,0.07958491631093384,0.03835400675727519,0.2541167416227339,0.09941891079783971,0.10941511444545746,0.04903214742020466,0.09519406132376954,0.06241592523461892
2,1.0364770639375962,0.0889032879364156,0.08672257831646663,0.1512973967465842,0.37488078267194247,0.05450308112804024,0.1000576790836463,0.0376448217246974,0.08368584240436822,0.0919382061467503
3,1.9048921321995864,0.11500233053894425,0.06356921950179424,0.1152925626452224,0.3234816286535878,0.15623609562256802,0.06369152134851344,0.04460326111613506,0.06244393561616355,0.1314180789927876
1,0.8279641184274801,0.09878954057490723,0.021693680421424083,0.136906167602391,0.3984102183489764,0.22050070826000945,0.06813826271303902,0.06598438351774177,0.11638506469947729,0.12789204491912692
2,0.7147520014260214,0.13156881170460075,0.03666428068543216,0.06821217335918375,0.35103660515511637,0.10710409593563072,0.08140201255714113,0.04788723912038384,0.030417462961964466,0.08482346256637557
3,2.031165982471352,0.10108779213272531,0.04720306141558911,0.04027274634701207,0.5043167565351012,0.15385089366913668,0.03821719443903687,0.047743627049722806,0.02789216301066795,0.12635807270638394
1,0.6243945655101042,0.13603354241830537,0.04845033126790867,0.04620264964010311,0.48863781267011963,0.09763940670930724,0.04108900231228668,0.07723315055317433,0.07262200565808904,0.038640219270667235
2,0.5617407606475484,0.0973005609006987,0.08067956798366768,0.05648021193300124,0.3342323464434818,0.16625781558737265,0.08483029441809088,0.04772848101381525,0.09314234570141802,0.0719787116262019
3,1.3254974355583717,0.09259739877963198,0.06683793563146134,0.07158505304685063,0.2686166774712714,0.08692425454894318,0.10986374885769845,0.04188703047487072,0.02422434244052571,0.07809151467021021
1,0.32180761382279577,0.08016181749786702,0.03909167303950281,0.09143855619475524,0.5184443742567839,0.15698370431500103,0.08340017705922496,0.022321863918877197,0.058193905298171915,0.052819764553018796
2,1.8738646724937602,0.13929962446006225,0.037157497622739837,0.063816777038226,0.4764236959734543,0.11289198367293259,0.06177769497828811,0.06950997481664821,0.06653139928337869,0.05575180502285504
3,0.8536747966252933,0.12969703114498718,0.02487128003779913,0.059516740346762464,0.37332259934921674,0.1259244248282562,0.06759482560495532,0.04784720146060262,0.07362169882972154,0.04716490138500286
1,1.0337666444261089,0.07805338710587503,0.022676951286641423,0.08454837856931327,0.33723697001166675,0.1350703248307441,0.05263345127953979,0.03553504021797771,0.08177589762841249,0.07915878011433254
2,1.1184599424133244,0.15432044267379944,0.05353802306504988,0.08322475272696461,0.41135036139715275,0.11967500357737375,0.09962340770733719,0.04055466882028334,0.07127589283645518,0.06524218785814097
3,0.9557254584698871,0.0835130709348876,0.0817057054192239,0.1179032588145299,0.59153321772905,0.1665290499472443,0.10347750605328256,0.04414871880742034,0.06438056948752789,0.10170881796121392
1,1.2697495862629837,0.07866667780751754,0.0632412718392594,0.13695133189691702,0.402230315195209,0.11511200445392113,0.1074059105200119,0.053559775924488774,0.0642129150725562,0.06046711483686197
2,1.115305927436688,0.09211400042096976,0.05045789344177416,0.12836301625301696,0.2348519569033317,0.1334237938828357,0.08948968257991854,0.045396523259953414,0.08125652340976662,0.07787115165611061
3,1.1042600156052176,0.12516990105217254,0.06367270271738842,0.10847049190080396,0.3751847701507318,0.13784448074242792,0.10617282714387635,0.019614090185683324,0.0668951536875276,0.09590498083793265
1,1.0602755335506848,0.12504593902298042,0.04263220891944192,0.08170360511406731,0.4911342939345085,0.09426085585808323,0.08057434714612012,0.053117957404939166,0.13536760986529,0.08228331411334117
2,1.3356961075567384,0.10249059949372308,0.08598518822385647,0.060564545496086836,0.2698521630830628,0.16760858551065974,0.11443225230312548,0.0614758067550145,0.07926745475303593,0.06859966112847218
3,2.176012705490602,0.11643531761179844,0.019788868831851818,0.12414972748351655,0.3302664021698892,0.13174855045623327,0.08535145451467113,0.0384287588843402,0.02760261981874112,0.056697299299263024
1,1.890205219972313,0.08818978329840853,0.032003010269134435,0.10523894485407165,0.34944791287883,0.09896632388802518,0.10602929072986247,0.03723055330658881,0.031167185079184624,0.10392420177879681
2,1.7713444516954384,0.15617900143121136,0.028514122097701794,0.04609685858884949,0.4504168259381229,0.1431890916166535,0.08846339720830712,0.022353002342877015,0.039820284848406266,0.08228640231531784
3,0.41255357579794505,0.12108447573945484,0.07202719668939303,0.10725282399024806,0.3879050959793274,0.16384742335007726,0.08422767211152864,0.03651266656987985,0.05762968691739982,0.10735193841399873
1,1.0142641678434283,0.11045018154885126,0.018675339828604903,0.13104742165159433,0.4425976011825327,0.08576683292742601,0.054667822049299306,0.0487045915286449,0.07699691596466185,0.05965690960984285
2,1.5975028802570117,0.15402547017278684,0.014809801994162937,0.16154634021674283,0.37018388856554674,0.09599917593630697,0.08538230822266817,0.026476120050689445,0.13741490282638869,0.07750259900235619
3,1.3889220338192048,0.12977217533794444,0.06560233273761266,0.06757867614769868,0.5084162511222036,0.15235308004448272,0.13093959842132064,0.048982200403157004,0.03072569439902246,0.06306745993469402
1,0.7459081559161109,0.1401663866091855,0.04985210015968089,0.21997388779959676,0.3234666579637163,0.10912851354575676,0.11257704329260801,0.01861415820538368,0.08947755727226851,0.0635535990624518
2,0.7879486703954408,0.09097792639114378,0.022578867450533304,0.15299084534379426,0.3613330230000764,0.1871972803255752,0.06277088743895173,0.03837838178486455,0.08159129714356621,0.05095318583865047
3,1.9720548156559161,0.11193687344989316,0.024172956383582477,0.07166750863394089,0.4420605296579996,0.14644105759799905,0.06361233488456171,0.024278560130697048,0.07450769225948745,0.06802594212035193
1,1.2963321544108868,0.08426481853950649,0.026419546520086,0.07749926782469094,0.3977005101406357,0.1128020400303094,0.1090309772773417,0.02098064948389205,0.07369510672585831,0.08579596976099574
2,0.8967684048164167,0.1149439184322595,0.02641594447111974,0.1199413073205364,0.3726271365688555,0.06899730578871682,0.15607928158567191,0.06444369567350478,0.05703630636904841,0.1229431464114461
3,0.805228081165353,0.15632930402738496,0.05120019258176815,0.14113244718267226,0.3381633502713753,0.1243521845618265,0.09030667432449499,0.039934347926178164,0.1069892587271475,0.051754435653403874
1,0.9363295730647343,0.10704142210917911,0.043135856321520255,0.1074786851523364,0.4758923976919743,0.07039207750712131,0.03448569742726626,0.06087479616167203,0.1113231996208453,0.08746771954498048
2,1.0497548887156674,0.13147137658186914,0.04887135463504746,0.12892647753554398,0.447312247789007,0.13395579007275096,0.06388632137743412,0.058029364052768984,0.07952640841085401,0.09209171502711971
3,1.314952032660627,0.08529305243954717,0.026183410584764314,0.09769781167713026,0.3738517459447288,0.12760160316191846,0.07660233051986486,0.07898288651372971,0.052757108019837094,0.11080830560328693
1,0.9689503507792524,0.08564372546848122,0.01704605463653061,0.10662661840357293,0.44699450390641815,0.11881866263459392,0.12168576791766289,0.05987380950143817,0.09207498280023267,0.06580229269231277
2,1.2811906952426622,0.08267863488831709,0.04156222848040055,0.03060667292881178,0.4573866093208543,0.06371380416717506,0.1093777962271793,0.03464905134342201,0.06365605929889026,0.12112660413740055
3,0.8493070645606078,0.10732708647565366,0.046931376576869396,0.0743553791556196,0.3882881249782464,0.194123580255244,0.10354242088831445,0.06194548985991407,0.0941828234817173,0.11141018311119269
1,1.5256184129727342,0.09679573503895217,0.048759129438025475,0.07543628049744881,0.3980638957320305,0.17702862598705296,0.087180384543222,0.04089776348581016,0.07344298043042724,0.07429832730768683
2,1.1759131848928868,0.13457553976567957,0.09294419863646372,0.11402649141261913,0.519868608372534,0.1023872116625279,0.1265357674905403,0.048496297221433345,0.09229883676445241,0.13496622881403064
3,0.8320059847067303,0.1411654593976745,0.025019005355266223,0.10753950623433622,0.6342957487700362,0.1429762617614372,0.08248375057623619,0.06495023618863896,0.05097220551819692,0.0454631867649568
1,1.7690726834096275,0.15879498711507056,0.018515655740986667,0.13726819859935957,0.4477065822853501,0.10355647386776115,0.10541023233141644,0.05440542977321425,0.05567992047122862,0.04728118566653868
2,0.6404778050622516,0.15371261563974115,0.1176597878119603,0.1441625511095013,0.37027573392067853,0.14116217075979823,0.05558199897907749,0.052933781546855255,0.04865803456664926,0.08350775878962362
3,0.7007069593388837,0.131951351755577,0.07741611216101964,0.13856171647480053,0.5262698771351415,0.11497233011549554,0.0888973254642316,0.07686835054842818,0.03985610254289401,0.0985560845359929
1,0.6846779973729011,0.09197972096946155,0.07668941540186575,0.12104146496556922,0.27660933195831783,0.10771158397532402,0.06064500861481549,0.07849564436677335,0.07852136788196838,0.09551514007169132
2,1.5174478561696845,0.11630859471932486,0.04291692841537576,0.08395568985368948,0.36575445629215714,0.10075416389975089,0.06033207644790275,0.026711508096708622,0.13353306626175238,0.07973361631771615
3,1.549684340703172,0.11170813931185367,0.08751447153874567,0.09538886950299733,0.3413155589034595,0.09461366910969488,0.07561969310911884,0.04452637554358999,0.09103168466564968,0.08336690810301099
1,1.4595183885676553,0.08772059669700494,0.04182203416872733,0.11435312184735148,0.36754675329617953,0.09617329864544409,0.09295934822722345,0.03275134400422735,0.06022780517144709,0.04655642014847054
2,0.7356932983114666,0.1365130879548763,0.038382206899617834,0.04363225405639528,0.30337611496198463,0.13644806419185124,0.08789182772795172,0.05825373516133141,0.07648111789023315,0.05798782588114539
3,1.0406911390049773,0.1270461030228422,0.0628962758170788,0.07977785783283278,0.3240560732698875,0.13437395413614825,0.08149516435981598,0.0604583429245014,0.07938709809574881,0.11605080853861946
1,1.000098157888559,0.06682680911640651,0.08128949041302325,0.12941378295442413,0.397765259064671,0.14588554423175074,0.09186083310384721,0.035478871959435325,0.09024378376714996,0.0799419935209822
2,2.248336632531207,0.10467269537669266,0.011996939573483224,0.14014782635901135,0.24605791170266814,0.179218688834419,0.05859371053778041,0.05593559604231873,0.0816307231054773,0.1159884650609039
3,1.411365799699441,0.15271274813606778,0.07688696587374647,0.15635250507673787,0.47422183763731823,0.1341248167352482,0.06086886797096371,0.06423773380449842,0.03790796062069041,0.08158515803192017
1,0.8701291346079801,0.12196824324113326,0.09266205366297872,0.10862960224863734,0.4669609974282319,0.07693547659720387,0.0559580137498051,0.06281593526873579,0.06818632666194487,0.08981677914792434
2,1.6021597775591385,0.09240993492638068,0.039300491857283466,0.11300557913556544,0.19985334834464102,0.1718657857560213,0.11862417306798279,0.055343313901654534,0.12267962995611645,0.07692822410962184
3,0.33955177982775275,0.08122051130108382,0.043639277760186765,0.12405500054486408,0.28246521006510217,0.06269843901299157,0.07322502044832227,0.01954369840932049,0.10006359391720737,0.07225591025814744
1,1.6072260264915452,0.12451050279068206,0.046557609632896825,0.06227966690957051,0.38168442004570724,0.09993206156716349,0.07595097496349026,0.062373025729146804,0.11168234378542519,0.04110502524942765
2,1.8296982428100945,0.14160564692181415,0.044580581027869826,0.03631373415551302,0.38434899273072104,0.13470295385245284,0.08746902051846576,0.03815027736704686,0.043379911290492346,0.08792956200357245
3,1.7430541231058556,0.0913156697293352,0.03580022706341762,0.09643888867392489,0.418413611240199,0.10808924528124231,0.08603101785642792,0.05190748170541349,0.11196064691787368,0.08707842855288611
1,1.1516917610052329,0.10152025781105799,0.05529963356115675,0.05923343001008123,0.375782550970746,0.1129195083273956,0.10851700511656442,0.027503262875125837,0.05850034752050977,0.10609155281620057
2,0.9350813356234935,0.12689342805683523,0.03157078888479563,0.048174629667606245,0.35475531537090377,0.05786823766130664,0.07252488597152183,0.032328770402563864,0.04200446330594183,0.06205592015649078
3,1.7294906475700755,0.07973220829542049,0.045708974576024526,0.11194802501565194,0.45466467578695086,0.10848520493734214,0.07044301295463586,0.051039403558166746,0.052837436414486585,0.09856462106461963
1,2.038496139897277,0.07040130357938654,0.03955971932472708,0.07247318455910366,0.4527288230785468,0.1208148828463143,0.08160469194560863,0.05702971564447417,0.0835073161952504,0.09294430465366389
2,1.6224997861777004,0.09699549501158339,0.012498408700962825,0.1044089161977333,0.31946742126556893,0.14763694887113893,0.10039412845829176,0.047791652144742555,0.09961671064982805,0.10047450166782271
3,2.1527476349794936,0.08052277286498258,0.010557644802690641,0.09695337875227901,0.3294877471438237,0.11699645671193766,0.0842254459676634,0.032701309962910596,0.03579830676374273,0.10512862574802201
1,2.0357391093390804,0.12373775621888602,0.08672355455470981,0.13253492528134123,0.4282349722130166,0.13771046942072404,0.07590920601122624,0.044574747444897006,0.1452094009248467,0.11443640407463604
2,1.054054501439681,0.07148206854038135,0.05316030573132831,0.09637623171397428,0.37574659222887147,0.1177138387015761,0.10452753401165105,0.03806503343831811,0.05270114038640807,0.09043050362287815
3,1.2318991527393974,0.1482179540366742,0.028815645264203067,0.12093330359696045,0.24230995223561114,0.1265361714621249,0.03752161297192811,0.05471631204220867,0.07823107516166126,0.13720125957399298
1,1.4972113826116036,0.12165625704915427,0.06541852845879029,0.07875195509189156,0.37912489648364794,0.1285849889164418,0.0388262610779973,0.03897840920267423,0.07044782847697789,0.10946168796718318
2,0.9770196224234449,0.095741128909188,0.07868559055219344,0.13470721009916684,0.40484821341618404,0.09160779560229865,0.0537075844650277,0.05901637725646357,0.1021672162784934,0.052686275199986116
3,1.3043236080848961,0.07804418656669279,0.05905251046233041,0.11373932557412375,0.4344370471436901,0.16958444194189654,0.07058528259963544,0.056232445695904285,0.06476319493485481,0.07214344833453723
1,1.5240797518704352,0.09479273883557301,0.039077956627641505,0.07163978323028389,0.5372021836506731,0.12653427193934821,0.07888088571748748,0.05189131172911798,0.05368884885860682,0.11234342269716203
2,2.128830344028436,0.10610103041562219,0.08739861033507232,0.14566998211037946,0.3670977530108691,0.1386501690561664,0.07524721702343125,0.02267244211443524,0.05634893954112096,0.05841364462815082
3,0.5005816169578765,0.07056803339971415,0.05700711402355003,0.13765713949663877,0.40762163603921436,0.10499094032939785,0.05901725904215338,0.04844121694270284,0.09291206255195883,0.1064883758551966
1,0.6940121805744327,0.07106353300728052,0.05187975151758475,0.12045648677066717,0.2970782813548007,0.09203906732537356,0.08310356846088406,0.07341543600903817,0.03574626794145847,0.10299934338551484
2,0.9839050126053857,0.1546333169996468,0.058777038086346586,0.12420849191771795,0.34639255969582183,0.08093367982393687,0.11683479720932016,0.06770729925906184,0.09930412267274966,0.08450710817896599
3,1.841953025699696,0.16434112928321612,0.060573099360265115,0.10201765696741831,0.2858769922272445,0.1564970744702387,0.09663146342926733,0.056578351658104604,0.029668449500706823,0.08299959358348204
1,1.2798785674176714,0.08502032688000243,0.06539953876880869,0.11026295350473087,0.3835603268416536,0.07404390320635892,0.10913562713083438,0.07375181963727094,0.03727478198333049,0.04229589772240377
2,0.8901735393899066,0.14652065190729535,0.05020882468305288,0.0851169354479437,0.3837700626758145,0.07895061188069298,0.052401505937836,0.05268787679812548,0.07377487648221712,0.05448165334571768
3,0.6958320686162267,0.1191108013810606,0.059365681194104576,0.09569938843949262,0.5079440983746027,0.09477047491539124,0.06612751530436466,0.049200007847082894,0.06280251649781433,0.08468734066180018
1,1.0759565979789683,0.15251240068482583,0.04244190961320911,0.05215219122325194,0.45612098145810487,0.19137067663500273,0.07269815239497787,0.060086016046907,0.06481134157164298,0.10441251060227852
2,1.138144931838025,0.08515569381404464,0.05625239571279331,0.12800908181667311,0.37876334237801756,0.17400419678534138,0.08965161616648269,0.058893125937435335,0.09742375569927274,0.09293306357989355
3,1.072931149068566,0.18171180458560093,0.11135220750925472,0.10373414264605343,0.277565005045932,0.12922160015664885,0.07133571721628985,0.055980024088039475,0.09707558248541795,0.08293508571044443
1,0.9024476726742344,0.10582337120892232,0.02577539859216503,0.1348818117369338,0.3375875262358109,0.06032550823602027,0.10383460154739634,0.03465753191842905,0.04828780891061288,0.0736667036859739
2,1.1493230061952517,0.06530542851026769,0.04157403255422663,0.13841658044154087,0.33450461023499173,0.1082041330874439,0.08969098543368516,0.04588538458934749,0.07643302963549518,0.07684357350394447
3,1.678022905989062,0.17048115382645107,0.14003255282619292,0.11522915513127588,0.4841080946572013,0.11680307625905931,0.061032878406588296,0.041950460551742584,0.07089138832252974,0.05091640328931883
1,1.2797191625213395,0.1172945580780681,0.06130661796146493,0.1153700353748323,0.4592571376794945,0.14586766162142092,0.12062795813762482,0.08342360794314863,0.08487141589315259,0.07185038552993835
2,1.0002351537093184,0.14853715872332932,0.0271927380588817,0.08991888691889492,0.37659499561708565,0.11846138449423013,0.11649914813657045,0.05227526735651582,0.08596553046823766,0.07138796835947572
3,2.0582693994394545,0.10803296741737656,0.0659949523624352,0.07435731096490221,0.2508785837394923,0.14198638054900334,0.07819895097213997,0.05548748971910432,0.056664338568660474,0.05231860753748976
1,1.9135298877884712,0.14636604498816758,0.09022002591220661,0.06134438726334362,0.5952919958163814,0.12905152353312307,0.06632436968718718,0.05799486232663502,0.07116012865241256,0.08583732240444943
2,0.5414032009124838,0.16754844632805133,0.05037150188581183,0.10502534766818677,0.54060636666391,0.10645700824380307,0.09104698870166619,0.03574124314911588,0.07213587132693364,0.13642891287785486
3,1.610090657958781,0.09422335084723926,0.08290207232445503,0.08897872582659018,0.34588124703343026,0.08191276177426426,0.1081124419407332,0.06351790033038932,0.09380236343678365,0.09645647920980704
1,1.9114316285253223,0.06961457271707555,0.05441901071234032,0.10745865393460846,0.3207874220743679,0.118900637658226,0.07326516419990838,0.04228375449458165,0.06666927186884122,0.05729450353639856
2,1.5657986551608813,0.11171965814831263,0.04644507374364823,0.12074445272834157,0.3639979631787171,0.16701203100009643,0.09856762795785264,0.060698579394728065,0.02724551446457895,0.06677806156544257
3,2.1926341339324873,0.14523960136981695,0.04236089022164693,0.08095217088932732,0.4392044059854025,0.11665854581248572,0.057157737837830236,0.03436043436432108,0.08689286513038705,0.0644254105836502
1,0.38244435539389243,0.16009068933850767,0.05508564011579764,0.046415074334572294,0.3262626376864092,0.09912636277274914,0.09753373539112448,0.017236718860398723,0.025548014921389334,0.07177103191673338
2,1.3254155104092398,0.12426831841569691,0.038991855972890024,0.0661264861569863,0.38231535894051116,0.10349609178619756,0.05024576253892854,0.06479566728943001,0.040619550932815704,0.04652692787230116
3,1.236200760374301,0.17290407201181685,0.06953441963601538,0.0978807250093425,0.6426732146813872,0.15339026700620995,0.06110860361520809,0.042573422486957,0.05929843754313328,0.09354905679612513
1,0.9894917340806791,0.16369528174024947,0.12669642700641365,0.04036466693234888,0.2749613878437805,0.147255848583545,0.08652481688177695,0.035693173265084505,0.11512173902659473,0.08362342962158174
2,0.7149679386903666,0.1361703663116236,0.04534872604633518,0.1140462773220788,0.2354893723544141,0.13884343171810054,0.0926483253775837,0.02613272473666111,0.08085853707141623,0.06742155803261972
3,1.2745465266095428,0.08995843793340229,0.047966717259015516,0.13880345111137557,0.45223918920862927,0.07473659882478978,0.09785385059691684,0.06372879592204116,0.046245710133604616,0.10030044696846398
1,0.9859500533336466,0.0942182091255501,0.07288903433608647,0.1425396561271226,0.3279062140374563,0.13067018534131702,0.08833097823225322,0.0923055727619704,0.059239601137976064,0.0927600048306561
2,1.1886564087550058,0.06949396003184038,0.027352855304868518,0.059164268364618584,0.35424303818901826,0.14737314701280113,0.07928778317957785,0.05360215618808499,0.11061765861516198,0.143468457621298
3,0.7758995813187344,0.11248056336678243,0.04762070101235431,0.14659062030243702,0.48251684915715826,0.08426084888637535,0.05543652335730682,0.07011731975717136,0.059900630367833566,0.09643012854560516
1,1.8237175632091633,0.08138201531084757,0.0871785390677723,0.07898871170144833,0.49245946479093256,0.1579882452818817,0.0509822085615849,0.018410285065749404,0.048506180574817495,0.07328699648641408
2,1.4386078664958961,0.0761575972533211,0.029432879190336676,0.07005749838503224,0.37774666385872424,0.10100828477029639,0.09367834376942939,0.05882952681402029,0.11600477121929503,0.08699851376775954
3,0.6333002728305226,0.0832668349924095,0.05242996085961466,0.06248429777409852,0.41141853485618746,0.07027733869242903,0.03663553585969178,0.04180404221793657,0.036639959671362,0.10449675457988722
1,1.459524378819237,0.07692072782849402,0.03835311738367288,0.1090090167857569,0.4138172362592975,0.15484517427266542,0.11875825711823125,0.041634909044691554,0.06285928895822876,0.085799646886179
2,1.7863165384734445,0.16174071741257182,0.048686922022958254,0.14383512706230028,0.44000580436753456,0.1522167090140042,0.09337753103414112,0.06825291806202526,0.0664974055170233,0.0979811531280618
3,1.8519878835985255,0.10586650849097749,0.09275514127205571,0.05473128272859154,0.3643893164863964,0.11537700184184506,0.07776780868199225,0.0821734214418891,0.06689409697165836,0.13215874485990461
1,1.5416577610469642,0.10265595906571376,0.014935460407957745,0.1585185390397048,0.5279593368780316,0.18401765223296376,0.0847869260856227,0.03642679679749371,0.08771734550553113,0.10434314346107487
2,1.7589283229388544,0.11989304204901276,0.03222504609209379,0.07515876220445113,0.36408312000434817,0.08348335577544808,0.06289022307104554,0.030129486150096797,0.10412946618390104,0.15128830376653934
3,0.9649590817021781,0.15204381661162172,0.06559311005545868,0.06967219265696983,0.41019471722214523,0.09644737951122935,0.13257191583066066,0.06187362127104392,0.0903804203085799,0.13757237884819667
1,1.8598850421462727,0.12529832760894757,0.04213606166959135,0.10306192898916053,0.6066128386214453,0.13379516739048225,0.09840355334245592,0.03998593762378496,0.06208532822860174,0.09859879520169676
2,1.1879414895855056,0.13985138792261004,0.023949539611821474,0.09230973890939587,0.45137323846698674,0.11425257526314438,0.048257188523933785,0.04453009229508274,0.05956361032859544,0.07890717152451081
3,1.1388068875609365,0.11482944414431,0.034574071344912555,0.09132692584185405,0.37060380464073817,0.12304050601211178,0.048619557965971005,0.03378513393573642,0.03703867728763377,0.0921393560238246
1,1.7486279912289338,0.09788341688789123,0.02664330919724656,0.11274776754134148,0.25169206380382914,0.12230393027045187,0.08226143722125422,0.045549986596383145,0.07453247129206889,0.07595355337609262
2,1.3569820186192794,0.11328370888198536,0.02227657889912979,0.03528888624426954,0.42882138932797265,0.10403343610622015,0.05904326086950119,0.06262684112330498,0.1076610063087644,0.07773234481296214
3,0.3764598346620688,0.11815472208162679,0.08471836207319103,0.09928559079263725,0.3443913985595801,0.10716152054370007,0.07347467135508001,0.07995537072472467,0.08666201367311764,0.11547069629545816
1,1.4135634804298398,0.12852727335977812,0.05517408364579799,0.04505868603686898,0.40188701843177266,0.16330346261981987,0.05982602815245601,0.05006016599472924,0.048943996941318124,0.12254928594665176
2,0.7515608362439868,0.09680235586490071,0.059224641260998745,0.15248467686429906,0.3806974453678671,0.11785729243224205,0.06111179004054105,0.06011096067153196,0.07102247478657303,0.08940515311525848
3,1.1813719490597714,0.11494758564415124,0.06262689377395242,0.10151508813732,0.38225666007091275,0.14723362207802393,0.052597759234279236,0.06532101876074936,0.10043216849110839,0.08613720718624797
1,1.7785452163260551,0.07725607369687379,0.06282707058459683,0.030625721562497044,0.5225858480496052,0.11550156927094145,0.06659478429523874,0.0367850149800124,0.05159986115513397,0.07855438481317827
2,1.447212584451791,0.1521730984398354,0.0793657900270041,0.10304260407505515,0.39857137627269285,0.2335198754544598,0.09515695649033121,0.04747056740410746,0.07470160827867527,0.08343322043020984
3,1.1043269711533172,0.0886492260493357,0.045831893684401756,0.06935849608569114,0.4681804938384538,0.13177949048884238,0.06871113635064162,0.027546894974066226,0.06626358475667125,0.13417969670013907
1,1.5573834930531891,0.09003504592122158,0.12215477825337998,0.06521826746761769,0.42728986451051043,0.12000827475695057,0.0765136360629309,0.02598169176885654,0.043973771895788764,0.11605159280909631
2,0.8868651076568249,0.11282468712886008,0.05616331465988195,0.08840054369877547,0.5276224416985926,0.1599621219713077,0.10704405112762327,0.05967498343475463,0.06707958287869643,0.07456172484736899
3,0.5336765280109423,0.16539619517035167,0.019716840143113874,0.16353199025575915,0.4144883391053533,0.10988463207109903,0.10707326735478895,0.07517010696803965,0.0871025162149827,0.08558777823453004
1,0.9255796108756466,0.08929210280287278,0.04039962661198194,0.13328442395877435,0.3228805243360207,0.07921006714442559,0.10699737522403675,0.062493597087710004,0.06774494839606432,0.07140800152057755
2,1.435372767020052,0.09368538225251505,0.030724524676124722,0.11937491298492818,0.3124687114156407,0.1232107515654041,0.12635383887469948,0.06559105086840475,0.047032647212733245,0.08736177022379363
3,0.5016713013481131,0.09361452303032111,0.042068281101647925,0.1637210265795069,0.4666448296132151,0.10105849568038003,0.10954998439124712,0.05261032677485946,0.05433064427850519,0.05027625476975938
1,1.7048586671229502,0.12200745330187346,0.035044850941359826,0.1338835541939289,0.34620871562416367,0.06416727301662885,0.11884832032558884,0.04494770090063863,0.07874202327143662,0.06361400342953553
2,1.702899760552266,0.09673983320448805,0.09441842380170631,0.08528268327199731,0.2316122929035578,0.11775885175476852,0.06874312677980185,0.05836514492537307,0.047146537009056994,0.10516680553566446
3,1.3497398541793746,0.12780713146823272,0.04803253246129915,0.06650790361158869,0.4688195171538959,0.11620458515677931,0.061767223960264316,0.04910855063889805,0.05458420061984649,0.05358414505920271
1,1.5241663542414283,0.06980415586533323,0.12321346016109311,0.16642314408115566,0.3187306546443892,0.09137939975240128,0.04025139342549412,0.03430217201131734,0.04380002634242651,0.12167630946197212
2,1.3955911694387693,0.15847649995534005,0.05678597568801362,0.10495030417997399,0.3301381336011052,0.17680543431558518,0.08178196497248438,0.03113715333886159,0.05855984225341525,0.03729700856000194
3,1.7925754407668002,0.09922788405546203,0.08170492524916288,0.1020374182074805,0.3018661081319012,0.14681257719516555,0.08467983343429013,0.0453258340067549,0.08826395067421704,0.03746378321141058
1,1.3054979384131007,0.11495501109757407,0.051158083986564115,0.10120559867688636,0.290626489177419,0.11332415398253097,0.06851110644631177,0.050255381370607914,0.06258049070065368,0.11321490199397116
2,1.5185860758518692,0.07430545707824722,0.029732633253820313,0.14878088175256754,0.3976427642026241,0.12177288170728687,0.0814278742829392,0.04337566251303271,0.04901050169066974,0.13494319232051494
3,1.7634180510707682,0.13717697203393417,0.0632274433340689,0.12051761488536271,0.41692779623796894,0.1361585902511034,0.05155959605671183,0.035814396317321,0.06463971989899911,0.14103172875544834
1,1.181657191293106,0.08087926378624449,0.09271143087301009,0.15536181468422716,0.5361891685355127,0.14464988276258564,0.1131086017610063,0.05516255821909127,0.0394837426994262,0.08492074615550915
2,1.0933469808839316,0.14499190622080815,0.01059782648632264,0.12967272856324027,0.41734526048835896,0.17239185441637933,0.07946146996963785,0.05732269779512768,0.0753771749388695,0.09825754140821003
3,1.4661687640756431,0.13041343891249454,0.016528756733176494,0.10093160413019193,0.33661970602534586,0.18569901630197785,0.06674105834629904,0.038484882898356824,0.06591058687546433,0.09100137356041985
1,0.8905435655913699,0.13860282274925326,0.06367085115235122,0.07397904283394871,0.6382898830555073,0.1442157740118444,0.0842700975473157,0.05745959221126666,0.07692681314744308,0.11313594189252316
2,1.1537197093193878,0.10416354080464073,0.05066748471539609,0.11786627921675415,0.31585446653128535,0.13238069052061543,0.08971506664469463,0.09661971877569978,0.06498287582697597,0.10031070666335085
3,0.7749176385740932,0.12974216448313175,0.04536486708440478,0.09659466482118369,0.30423016560302774,0.14046596923650712,0.09901320910341901,0.04821738942901966,0.05054328302336397,0.09103044159557504
1,1.733233407145192,0.09591213138211364,0.07054032781250563,0.08741684414568121,0.3409331774717696,0.07985182861516968,0.0889458494441771,0.028620841934863753,0.12304660081194875,0.11339492173212683
2,1.0048528307533853,0.1515693112430809,0.085505409431349,0.09988874423709518,0.43157458767669266,0.12008275059494156,0.10246453740872392,0.015490680667208913,0.05661394568951024,0.06593692640317214
3,1.1463858313312074,0.17897045582970544,0.1026548132844785,0.12976918950904154,0.4126363686884178,0.07501451367756592,0.10022184335209403,0.06196306985547471,0.04679620916887691,0.056819520578547986
1,1.552458690211469,0.12275207181236847,0.09849724542121649,0.06761346443489559,0.4070460336695536,0.0991087370944592,0.07314652411921224,0.057615400970089346,0.023848617307710346,0.078511603230595
2,0.3354028197202368,0.07362311440799102,0.02399548351807408,0.09122457317675647,0.4016382381138056,0.12148380109190042,0.07718545789935627,0.04897460699487355,0.09516471520863634,0.1163471621895446
3,0.4342837052020576,0.07318040622012012,0.07512410291694026,0.07242638904172996,0.5151296837791636,0.18506545269644986,0.08187067670917592,0.04475451746619168,0.10450332754026706,0.07601726868029848
1,1.5443549898082376,0.18010308809473688,0.028745437331834486,0.10289820943998781,0.6016351712753426,0.09994822072503365,0.08758090315445406,0.032259761187122205,0.059545232225604885,0.08360030751071701
2,0.1517031223074332,0.09548447361686371,0.07225318845735465,0.10497542444365802,0.44205137204628425,0.1738801041653393,0.08884204098255737,0.03987334458613434,0.03113336110645759,0.0377252724956751
3,1.018239968797744,0.09697643150039768,0.05428621222971915,0.1526366957689423,0.3970587743046937,0.13414708633166061,0.06185898942626327,0.06876159021225525,0.09797312800401531,0.1189322516231946
1,1.9310855255845527,0.08708893072739432,0.03403260200717535,0.09759337237327394,0.4384158030222876,0.15082542057709983,0.06801243768055215,0.042703930895209775,0.09779521385058217,0.06902718310137543
2,1.7332905710713538,0.09518145682772555,0.060947619896254364,0.08270479540726847,0.43180337609394454,0.1194507664211875,0.10289669014870964,0.07290351830267176,0.06187436937321138,0.04997168965917635
3,1.1357586146756076,0.09288484813307829,0.07698902443174181,0.14131876146922756,0.5053524522900884,0.16238788887990716,0.059374664631882,0.03503873249412927,0.07307447579908737,0.061805077723537064
1,0.9011036069290752,0.09912953333433448,0.06285833687944758,0.09303253645383464,0.37519815636114073,0.08902552520627549,0.047621689133777345,0.03788295386689772,0.041151548589569376,0.0359194546187643
2,1.2030474168456882,0.10594640696361855,0.027586440624362392,0.10682849738371719,0.3443101956854191,0.15154323946779735,0.0710025128384563,0.062462889159147605,0.0986895072640154,0.08674431426753867
3,0.9886946465594775,0.07669457731050092,0.04059748682829641,0.16870666847860277,0.5019167474748701,0.13638851412924957,0.1004752953308482,0.055358278419621085,0.06917196087323618,0.1392963069052806
1,0.7480566595491139,0.15985039338687185,0.040856889356624244,0.13076057796301552,0.6814193855005071,0.18131317796885932,0.06455414402492254,0.07674293998271886,0.07992042803229188,0.07795853954927322
2,2.0652419425979476,0.13541864069459592,0.08203609281142873,0.15575763946236942,0.5449167089282881,0.06410388399925819,0.09618985170544292,0.02283117999491944,0.08573064406087542,0.0971388747301204
3,0.9524893732648292,0.09671533425507846,0.034960353206138786,0.060376730657075585,0.43718323227998807,0.12617741176843553,0.09959408295935687,0.05979081175252263,0.06920206277730566,0.09918948009859886
1,1.051285589083533,0.10591906622811005,0.02863205459333006,0.09528691764458083,0.3818639332093615,0.11725669372631436,0.09526573176023004,0.06137067463504384,0.09454558219816851,0.037560346355917186
2,0.6954011426613351,0.09354433366159315,0.047777851240991535,0.12165858166626492,0.20727329506122175,0.06661798725910714,0.08858810719156439,0.04391052172241229,0.05387345657250882,0.10117280638601224
3,1.316498861148012,0.08258045846090303,0.04012465191948237,0.09992525955865127,0.391337420207235,0.132000737967477,0.06421597822826218,0.05519322598048414,0.09046274995681668,0.09337171428091703
1,0.795878355242736,0.14371308507165065,0.025556324855927657,0.03784184928956526,0.4621451355109096,0.12837707692739042,0.07581175778808971,0.02016278954066747,0.06508511702445935,0.09314131273468923
2,0.7971450355000608,0.09511655725287207,0.019021949411276683,0.13209040372211053,0.3119321912096719,0.14401806830241304,0.11179228443222901,0.052851772115497,0.04502137426579769,0.14760715461451293
3,0.9246077729104436,0.10614115715931072,0.07574575431436302,0.10542036386993403,0.43276543297261993,0.10622651869976028,0.07306414429115335,0.04868201073626166,0.08126506420354455,0.06146394316939976
1,1.2900041625813128,0.13314170167554254,0.040581579732595026,0.03833464488405633,0.4194450126977567,0.0997948532580144,0.05389877895612505,0.0753377783044834,0.10400366690857987,0.1138368403121679
2,1.2663533796131408,0.13815511098993202,0.03952097331298594,0.12726712281385127,0.4239288930891356,0.19891421616095498,0.06557840695259677,0.04734339384519853,0.04182437408514708,0.08643338812897138
3,1.1740637655120467,0.09670744243819007,0.015436097172595795,0.0762178023348873,0.27406576815779377,0.1564346055388595,0.08352876623605465,0.03357619605725441,0.08239719326023993,0.08449548574948888
1,1.4763233265282127,0.13781761747895105,0.05801344762693422,0.07277923789156288,0.3385648263576394,0.13252837964608832,0.05224525462304575,0.04577670367831187,0.0374989276422645,0.14851575384655313
2,1.6912474001378377,0.09601650209904104,0.06071692214744104,0.09646825027542208,0.4004328429798403,0.10709941564948805,0.12247164859300391,0.03846401590834842,0.05326182783484221,0.061944680410685904
3,1.079153620330258,0.12162898981584018,0.08229162710445931,0.1289152141444178,0.5023411298284621,0.14010835047018286,0.07306679441690485,0.05897088098797161,0.11343968516943145,0.04645162129550954
1,1.235581382923188,0.14794384772607314,0.05146139813657665,0.16440372158503913,0.45680417060634115,0.07863824210742953,0.08682712475051138,0.035719268675570646,0.07887688658723865,0.05791890581467647
2,1.1442887374189872,0.10533684564975634,0.043731556193919045,0.09498758145084184,0.2557017134283268,0.1266658837217644,0.03317449201810036,0.07622495257836301,0.06511216681919128,0.10957554089295146
3,0.5780017112787414,0.10785157315332752,0.042849333356933215,0.11095475221944874,0.5895887054850398,0.07486529978377432,0.06202620248505383,0.08916291987469452,0.07240097275107674,0.08602425582907654
1,0.4784158944554041,0.16052862722872052,0.040765502452643515,0.1320212644983305,0.36624812637722926,0.18618520999292926,0.08893538550173269,0.07528942387824529,0.09281227810390684,0.03535191727517169
2,0.8353983469244184,0.13440418781387425,0.057633407074211454,0.12651475392916653,0.30930954815498424,0.12089437638957024,0.07042242682073309,0.02120862404558072,0.0354285031363765,0.05657198826011639
3,1.28793821713421,0.146130385761594,0.07643927207683389,0.09376214000757613,0.5380454200994458,0.1424918903661383,0.0794078259778068,0.06551778055109081,0.08410336528981688,0.09537766853781834
1,1.4862196745258482,0.10018107485133385,0.053138800221266415,0.08231469965973603,0.43743669738613544,0.12328775628360618,0.052723105312421165,0.05114810868497494,0.10997334810500539,0.12212867611534524
2,0.49377138368502527,0.1261154253376569,0.0800575305070727,0.1073773268108083,0.3677156592111686,0.1359012913282124,0.050694395438179385,0.056266877314039704,0.12385974718828002,0.035377134381606966
3,1.7406850935912113,0.19484621170433716,0.06975426245158482,0.10452161005166741,0.39330921187799367,0.11392431244128004,0.08224408820426109,0.017296487494910473,0.052610250184185296,0.0922642094668708
1,1.2092750359125857,0.13505641792761208,0.06842192706117528,0.1043775841619709,0.3384437536983604,0.135587463704245,0.10916344097346788,0.0819815730424151,0.06915491738340768,0.03173105695022379
2,1.9190309912434718,0.1307824095891546,0.05279286674814909,0.12174028433862069,0.4310466770810395,0.15797384532843822,0.06897903628287115,0.04284230827425926,0.0862007657541134,0.10081664990245362
3,1.2999031888964447,0.09996301091281344,0.01990703633050541,0.12828984155950796,0.32380986445160065,0.2428659189232682,0.083067105774857,0.06157009345304057,0.06148239396923068,0.09609776853579217
1,1.389851285459525,0.12399274945554001,0.057283752264018224,0.07601974689946198,0.4469401680728029,0.18131258826884838,0.07561612184479259,0.06426952926720413,0.08229820017277244,0.0563691854797267
2,2.119993397817402,0.07291369007666967,0.013897453859955302,0.12166506536850903,0.3367811679884975,0.15077414398761907,0.05179873784919819,0.03945414052629198,0.08874088051433754,0.09472420908033971
3,1.4732897795447175,0.11797567829425559,0.05498385293097871,0.12466722887297886,0.551346791522646,0.13545059025227515,0.0656697274728984,0.040045301494192616,0.056099692731652655,0.07153741193060399
1,1.0318473947957283,0.12515445900444822,0.018037578518277843,0.08862701162995702,0.4546048749904506,0.09271532872104449,0.11097694328242834,0.03728681131849615,0.05357693340417196,0.035932759623158776
2,1.3476999675750347,0.06444764025445379,0.0690449958959853,0.13538296514572126,0.2899880309481621,0.13269168452992405,0.04165202229792509,0.06674045744392756,0.06839594489469569,0.07998745660835777
3,1.015387538944525,0.1351874781830824,0.02641402953850615,0.057560811679466306,0.335344659943998,0.12413212466705861,0.09321474465160182,0.04378196873838503,0.07242778790557258,0.0823338686665687
1,1.1875496329172577,0.14183505028408636,0.03658562863830317,0.13565075909916718,0.3965499243275483,0.13889914799378184,0.05549628237715362,0.06237075597132117,0.07035627808980657,0.08880175828784753
2,1.2293026267221392,0.0962190824118059,0.08900198811669811,0.1005108599325682,0.5099261705553201,0.1712000061816446,0.06499359041899287,0.07373521671297989,0.05863322189601228,0.06604398192388525
3,1.3028829147771477,0.12199981653100957,0.07935471154043772,0.06137072868874294,0.45927380317355126,0.0884314527308182,0.05290419244511922,0.039323047162974946,0.04623182847169434,0.07998579408091029
1,0.8936901829842511,0.07528331201831055,0.031682783429947924,0.12418310483306298,0.1849753346028758,0.10390388483095711,0.0790270095303637,0.06469706003092275,0.0804174961064014,0.05754392293451457
2,1.6302790626359043,0.07005982136153525,0.05099547102407082,0.07638452245035691,0.25386367985169983,0.10796484486314414,0.10521979345287186,0.031023559119843176,0.08121214223768533,0.09025664055269444
3,1.2290441182669236,0.14806572733038825,0.05133906689483865,0.1320706957984875,0.30710656273713816,0.16504546711154616,0.043196785397125036,0.01866555560077513,0.07564265440542313,0.036236923439411456
1,2.0517758938009925,0.12674614472854548,0.04777529702968638,0.10971014407233734,0.5252616141193847,0.10611653332986809,0.14423204622846553,0.04708936402987333,0.05121049008231007,0.07125942049812127
2,0.9685328908724006,0.14885871931894223,0.03726689067240411,0.17794328356548042,0.3825785606670892,0.11897157695679636,0.04958269434346045,0.04302242542442608,0.08348569269927335,0.06285376880159471
3,0.7454068982655243,0.13991744023029332,0.09923991049220217,0.1488875548770055,0.38982502493148785,0.13065920359090133,0.10142741810951529,0.034397337286760594,0.0383348110473131,0.07117214586708592
1,1.13469947149219,0.11150470600772025,0.11721980695419025,0.14317225718489346,0.390808155737926,0.14776260571141345,0.08616949702194439,0.03760448744085771,0.08811854440949779,0.08043298698261786
2,0.7835456973588257,0.14113695027558937,0.027056975526416668,0.12323824518748139,0.3383327803956278,0.05449475317572956,0.0518301163664157,0.01972089340490949,0.11433945050904806,0.08441780984344172
3,1.3305155839433913,0.1461660917341918,0.05852141885357346,0.10934005004603081,0.4428397894123807,0.0986297624533054,0.074082264982092,0.02207452394146426,0.047198612644171925,0.11805837679410681
1,1.7510319856602254,0.10102800922814147,0.029431466497119415,0.10093532694744728,0.223973742304162,0.1748382104810003,0.11061420171300868,0.03959072441165257,0.05741098134567417,0.08139611136634993
2,0.9494367594967705,0.11844655642506331,0.03046068376236857,0.14436694509773457,0.28269062046799986,0.19017699547360695,0.10267335366244311,0.07777436951226063,0.05818133383516758,0.10694710353282935
3,1.6074478399307492,0.09820456528138083,0.04473360993323739,0.12430276418639762,0.3191794577211552,0.11900556007289588,0.09949537988266946,0.07598154274250354,0.02749248545346321,0.07515010146895865
1,1.4199583370584983,0.1421693274883121,0.08408936265515096,0.07596485236092118,0.39408827483545594,0.1590341962460817,0.08996411164020301,0.07216523794594794,0.06215634707840058,0.09047744327008711
2,0.6318799137081568,0.07772010118581577,0.03603561997853018,0.0900567426785988,0.3406380967499621,0.12557174638270754,0.09592515684406494,0.05114047590710941,0.08533187745314015,0.05465554932100094
3,1.3822361941295374,0.11583246610513385,0.0842802470077416,0.12524551628863104,0.3226260504124316,0.10373829054441869,0.07820211507638516,0.04322019373472219,0.07591306448967193,0.04769400076775736
1,1.3640475207191856,0.08322792753455491,0.05663937403081255,0.06323716830971782,0.4503609065364009,0.16950086284655688,0.10941651045084085,0.022045098549629216,0.10612943063572441,0.08941072767656282
2,1.8257042485316415,0.11518205350068353,0.08353588612133442,0.0807208744521443,0.3241086565058272,0.1144195479555042,0.11120151555096812,0.07119884536704033,0.10699817238366519,0.07273422907265967
3,2.4062920808918475,0.10634822583629427,0.03521365472191329,0.14851362334454374,0.3594735177351238,0.19954289956997454,0.08818786015178376,0.02557236571425278,0.08502801028811544,0.04009978936039121
1,0.8272793972986177,0.12051303985855721,0.09968916655083299,0.08770152915019726,0.33544419317472585,0.12232267346574988,0.08192496391831806,0.06363636819779275,0.027251180195993367,0.06830144409607113
2,0.6202466213774988,0.14148658043837145,0.02257045238852718,0.09480183228834412,0.43623704675318736,0.0700043737089418,0.120949374514419,0.06557466994278224,0.09931231266153062,0.09472655010401103
3,1.697611528630212,0.09832341995300174,0.062377150144322914,0.07917492496738085,0.23433048623295352,0.13251418928714337,0.07011062588357693,0.06223641288765111,0.059029583218741445,0.1391632158832198
1,1.8055947513375243,0.10043934156033105,0.04339539874307301,0.07335791033171594,0.34646594904168854,0.11839599005224118,0.0763856957664337,0.02882969955642961,0.07443072631442603,0.08798908391371785
2,1.6660120937662597,0.08229115658006164,0.05374749085073201,0.07564621505271056,0.3599795749887651,0.08982036856497343,0.0666662074214634,0.0646687406194919,0.08603726534065262,0.1247199932498035
3,1.4593872079077244,0.14795131572955775,0.0361616177492656,0.13283960191615132,0.35569592256049337,0.11940623476685533,0.11693169422902006,0.06926284276410004,0.10262107809338639,0.07874262202685306
1,1.6904221775985,0.14855623149484332,0.04616463200811929,0.1472341697192726,0.31721316290279133,0.18729133029537073,0.05636294702286321,0.07742753537354663,0.07892358688302777,0.05557744937371238
2,1.3341352190692817,0.07627308664816033,0.10962110226135982,0.10893163990619997,0.3659296470691724,0.17910977907840764,0.060971797656112894,0.0284763885632611,0.04217262860805043,0.1097700748609657
3,1.3097299734242522,0.1333289092158696,0.050714947750361804,0.1018949598157037,0.3393583758816474,0.15427933563717094,0.03474681929860411,0.043700266903882505,0.03890010560678016,0.06958614421064895
1,1.3352055909403986,0.10466331678156433,0.051153664692477306,0.09527509371604018,0.3669654265519047,0.18583164265613245,0.09732311666196626,0.05705345520123402,0.11149777410326145,0.14680019991711718
2,1.2387234645136422,0.0935693072234346,0.05935884341629727,0.15805470771701274,0.17346061955987777,0.13823764903418417,0.11598085620614226,0.0394356349994625,0.08089803133293058,0.1400659281544946
3,0.9056583683146645,0.14168806604680662,0.07040718272995325,0.09482857718652397,0.38120954949511726,0.11910927352826814,0.07499505028558917,0.02183794443943814,0.0437885409086607,0.036260587408174415
1,1.5601415407078825,0.1250337601953052,0.012746320690799187,0.09422896735672724,0.4424408685282772,0.15329471597576896,0.12105045327180404,0.054571067862276695,0.07093785929592387,0.0946916236247004
2,0.2924859393460383,0.15063004926848608,0.03327694790228536,0.12260089225623277,0.46721848751932415,0.055274064070767376,0.04093168503419745,0.05927353773812539,0.0561034852902507,0.13517905936957922
3,1.0591409000882488,0.13512904872808137,0.038240744464005556,0.0893823560171779,0.42273089429870403,0.128869054803712,0.10658314863399267,0.03200666513882333,0.10320425592986901,0.08402174776912535
1,1.3789664089573728,0.07893049839149226,0.0389117746594366,0.06557882839812257,0.27299764538498345,0.12382757865996623,0.08993359274311957,0.0516112191761215,0.09709586592525953,0.13019059382680975
2,1.2089996184462197,0.13875698286367114,0.04950049600100766,0.0723978714280719,0.2700734400479434,0.19990312610072924,0.06358920100861824,0.027814836725467425,0.09890930320701216,0.07259783427305683
3,0.9262135955442626,0.12169335419195558,0.058408164475406255,0.03791543455703083,0.2877293940056048,0.08005344245542809,0.09116281732688904,0.051598011957996855,0.0539790365564361,0.07017498994128016
1,1.533757709310313,0.08377925932761987,0.06236001705604044,0.08187812726779875,0.4339534118625741,0.11007985270934678,0.10607467172588372,0.0566500611224694,0.06941292991348547,0.07602298717805014
2,0.6889181484539291,0.15911128024547438,0.0965088581320574,0.10088752461486736,0.41535564998623764,0.13614082602633926,0.08358355032371903,0.060857604540490294,0.06216433934873902,0.09151677172093955
3,1.089960366877872,0.1621310034752798,0.020178090452865432,0.07803817534395106,0.4018734646883928,0.16387889112065895,0.1080903280831694,0.09815413791695343,0.11124955712402798,0.11190837509167124
1,1.1578542042363906,0.2232792429406663,0.03167749021258595,0.0651962224414104,0.32791052157450173,0.10633923739536064,0.07822241798534296,0.0363897244870251,0.07593950495260404,0.10333914464212837
2,1.298502632599985,0.12981564791168418,0.04788891986270489,0.07960774115394134,0.381563742393947,0.1382245759856285,0.06212563224073088,0.02917563608990962,0.07537311376757813,0.07177919313073383
3,0.8597255683751027,0.12852967828811773,0.060750474418405295,0.09410728106301501,0.33397964092719523,0.1667563771789032,0.10104898057008901,0.04992886809770169,0.020240380986413058,0.07477998679496983
1,1.3293442621689457,0.13595144198829212,0.11290772176721536,0.03281422657002879,0.40600065138127733,0.16470357936074737,0.09326022482439489,0.03659403867346245,0.10056151437248836,0.040236040910633215
2,0.7999138880288768,0.15991389961469438,0.05267740165436727,0.12565534475564677,0.44093743412497916,0.15298715269487467,0.07405283015139093,0.031862404169937165,0.08991461923415214,0.12232051985162926
3,1.1709796333968112,0.11619889566499954,0.11483981343655988,0.15372452290296656,0.38142316390957065,0.1274609086207957,0.07769733441225102,0.0575916373006208,0.1144169638107618,0.0849230350511559
1,0.8348218313607741,0.08606712281502513,0.04983529339285443,0.13162388022868957,0.34458455129733573,0.19241043165087285,0.09157809733835806,0.04485474273378199,0.11723118031268931,0.15407709355162136
2,1.674966139149582,0.10461832171704123,0.0984357818300397,0.1274594096219807,0.44083269926721563,0.14755227966125165,0.14824638575036864,0.06016288960893226,0.07468166126708067,0.10709891275779411
3,1.1135268455748224,0.08116703853581375,0.014321499816133225,0.13862200815391812,0.3576357152264,0.1570238341181911,0.07740291902744259,0.055201298846311,0.10587706638754309,0.05188480756241713
1,1.304482585738246,0.07375439491871749,0.021161900823946513,0.12418255195384723,0.272359706025127,0.14728879316054969,0.060895276442284825,0.0227258555790138,0.07828969147047013,0.05784551327735635
2,0.7396837913474602,0.12231597812096356,0.05631876044111441,0.07334625243815047,0.3196330413814188,0.11803173321056051,0.09044916110337921,0.051377676991021366,0.0766539490587406,0.09156860579381895
3,1.019730731746591,0.11920702499813435,0.06513166131492673,0.11452465625166196,0.4434894592846952,0.06056272926408682,0.08475162034707351,0.06210126341488005,0.08903860458389794,0.0691859159375926
1,0.4218366126770994,0.11229616034496066,0.09970973910118808,0.051853037930624325,0.19188585875049885,0.08251396766826329,0.07062250064222651,0.06825707972439843,0.05241766565830921,0.11983530960657919
2,0.5524878294639795,0.1383684730863484,0.0349964148979023,0.06314419985969233,0.30590804908554503,0.11422877547472843,0.09612032414932416,0.024207364453971297,0.060410394992103864,0.07904277350423349
3,1.441735446484085,0.1558388853489775,0.05891745481414124,0.10145482454998722,0.4186005158298506,0.11633679633071242,0.09165491736421985,0.029665421699899375,0.0628310375712745,0.09031865850465105
1,1.7252373959663847,0.12742744140562157,0.06885677198164514,0.144841396487105,0.4499841328765149,0.1658244221905139,0.09882266815580422,0.01687530128315161,0.042527854642013516,0.07004127176216803
2,1.116570335784425,0.11992625585831398,0.019942420307723915,0.11768389827052331,0.4770793998620868,0.07010261487675798,0.13374091741992342,0.07152176673466229,0.08782214260977253,0.08700569225367255
3,0.6912786194995026,0.126736432731676,0.07035342014736172,0.09164448359949814,0.4749310736858476,0.14279765743346612,0.05255577328806556,0.024870262251640893,0.06733989710551784,0.10029119871189071
1,1.098280144774276,0.06830137131196104,0.08595416824923588,0.107666470635776,0.27308225705716704,0.1732151356151186,0.0567193038911922,0.068832283730974,0.06043794468804899,0.06721970215114004
2,1.405411668872599,0.07919020363864604,0.06496719385432578,0.10443623686144214,0.3772061232549922,0.10693368720209813,0.1063047913083001,0.072152657898949,0.05185386213689765,0.09706018657259256
3,1.5161283643347143,0.07002599641001525,0.06917567280347207,0.12363451268609743,0.5368186962750862,0.12055956722635876,0.04376505542437372,0.037349556396146295,0.05470687183727761,0.037425634296683524
1,1.22595070003869,0.1167526500470066,0.07914301767710799,0.0758044247051739,0.3254935469107246,0.11529132559326671,0.08694591747864737,0.04297670413992073,0.05607012203148095,0.13390516982918316
2,1.8515714715217895,0.16221484441768305,0.05096433371998165,0.12696348625898465,0.4941092896177794,0.14581805001742834,0.08158709251826185,0.03834425871421686,0.08059441451324378,0.11750778704337572
3,0.5377488069081685,0.11746178977530201,0.031636370514326044,0.11744985354535643,0.5025956467464893,0.06769375615031129,0.06222903092749833,0.042789374858741604,0.0603676563729828,0.07324412503720056
1,1.1452818384672478,0.1363439571752107,0.03603904826858553,0.0987132125655194,0.3445158763528867,0.20137016266931546,0.06227405428604138,0.023534093250847432,0.0816730785414375,0.13553407867724654
2,1.3903045092505713,0.12899428286788742,0.08569172366704801,0.14367470956466297,0.23221122465976163,0.18333468772056652,0.037942802250777986,0.06511821828402453,0.1106182759809902,0.05545673744371864
3,1.1507411797130782,0.0679440869382778,0.047931391887378424,0.14457420553521594,0.5340911155096221,0.1062097796114563,0.03706224456806082,0.05611930137815848,0.11074674396248924,0.049549248392709216
1,1.0896871573649234,0.0990765742918816,0.05943116509216482,0.046111869381053286,0.5184302705533854,0.09254700916708186,0.05517248544027205,0.04949303271993358,0.08720304487203753,0.12361028757910161
2,1.1214859079390591,0.13353654708905333,0.029144046436178118,0.09586113971075749,0.2674114947387134,0.1311171756164026,0.13502081494999763,0.09537594317182352,0.06198436305962362,0.06132542577410029
3,1.073557638529004,0.10424911627382263,0.050208422048521086,0.10079101900541294,0.48563069926016705,0.15815199718856585,0.1624287940409025,0.050202530665105806,0.047801493436742074,0.07153663191297419
1,0.5380317367630678,0.08833319093833196,0.05181498887310318,0.14765065787143336,0.3841497160346859,0.1540809028201107,0.10501573453138749,0.04969922586394594,0.0322368760960007,0.07956321771951748
2,1.1928578685710463,0.15067395504378608,0.05854861714030245,0.14268735364588014,0.35710381662845503,0.12030966497281882,0.05430513870246907,0.03377931117062263,0.058379430755843974,0.06754767166319808
3,0.8594764083620416,0.13825265266315012,0.048921242395802936,0.07933974196909883,0.38889407795224407,0.13459439510951748,0.03615301635086338,0.08795075047476489,0.105943453069679,0.11424940920362026
1,2.2716268816501914,0.064368917081137,0.050933083992575005,0.10766369618467352,0.4432827812793189,0.11203592824206154,0.06600529500898694,0.05606240572487992,0.08491901177952921,0.040610363673426374
2,2.138105534185596,0.16109195409291757,0.04557435608614794,0.07177158113257863,0.46557534950682644,0.11245364831553394,0.10035183490792436,0.057812023082781126,0.05901465462067227,0.09006138276106763
3,1.16499385733264,0.14781252039237147,0.03843394088963605,0.08293855480353926,0.5958317849022061,0.14512965749529727,0.0757873285136107,0.04993615048568428,0.037861720938997,0.06351816370270343
1,1.6492899167792867,0.13369388077415756,0.06479113296005663,0.10252898500848333,0.34856372492512283,0.09247476300837452,0.05040885707794748,0.04489171439210286,0.0820126241570824,0.07819508491167353
2,1.3625217914327445,0.10033451706692925,0.08456811800798839,0.07794405935548594,0.25308203575547505,0.12192506911472899,0.09628096225311639,0.06695470565392606,0.04386023767277008,0.043165460340696085
3,1.5205516629984936,0.12676477696841415,0.02307606003402717,0.11925533915183666,0.24955365195966325,0.06985164351284337,0.07726620469163704,0.047181059608352165,0.08572881251652695,0.08013327796459188
1,1.285496413988462,0.1330778938773328,0.05566147544908274,0.09485977493447553,0.31239710067889387,0.13668728326793356,0.1210778144865351,0.06480067501626036,0.1031452502326993,0.09989332407149899
2,1.5715127788949934,0.09647786024098273,0.11195482680236439,0.08830165634354055,0.3639047951547263,0.1336249529206356,0.07573818420475922,0.05787708612153142,0.08124437333153942,0.09509692213736319
3,1.4409637740165624,0.09310688467653148,0.10465899599509426,0.131355626884776,0.4706374632110048,0.19261433414138235,0.1125054817829455,0.05512527235533553,0.08557401989611294,0.08731095831633814
1,0.8530174188892854,0.16627359960563007,0.05330599306817778,0.10172245228396472,0.4152883125383282,0.09662517607893249,0.048238892302066745,0.04550619102457688,0.07079782001295123,0.0790272711003366
2,0.5564825872449719,0.07839834081239266,0.10427846220692409,0.08851753347564872,0.4760978060738586,0.07747143807418475,0.04060090274113899,0.057626850401324606,0.09964260574070305,0.12327120609602049
3,0.8000136890021056,0.11683271011171176,0.022344194387022825,0.1243890228336209,0.34583519658261824,0.13085781013562095,0.10033056406974482,0.05638616301512666,0.041844828965858144,0.10565753872383618
1,1.2110994482526385,0.10667837013401073,0.08755957427339467,0.09146252471235707,0.6165147542645015,0.15655865984158548,0.09126516177940223,0.044521440144891955,0.09871847398060862,0.061093828919168064
2,0.7889230291454284,0.09370797509228872,0.01313094260697991,0.17007302199555088,0.42548146945072346,0.128430110241685,0.10073511734175127,0.028493178953725357,0.07293601018269538,0.05546912391762187
3,0.8841212917896064,0.17696008763981527,0.03551226592057809,0.1336357330884769,0.28501204762789945,0.10475894875050505,0.05353545699405507,0.022485357108889874,0.07415506643390798,0.06527281761432538
1,2.134501462848902,0.1655648224858816,0.06513144220572756,0.12456258332804836,0.40322709243807187,0.13561969454451767,0.10152630779050771,0.02468779294872944,0.04717980062316865,0.05451206082304816
2,0.9379348700771396,0.06736759902987652,0.053934588913867584,0.09959481696295347,0.3734818013200758,0.09226119221795943,0.04060524946506369,0.04255009413712663,0.0945054052199317,0.10621197144443256
3,0.3999262756381007,0.09932513440815226,0.05321277556269219,0.07202754220986832,0.4770350288574459,0.12184827214063061,0.08774770628604266,0.028835486699192673,0.09323875377676977,0.07520005892929156
1,0.5562717131559141,0.07261357351503736,0.01132384988944124,0.05893401847916223,0.5476709650027501,0.12538419383495072,0.09279376983986382,0.020911359325344173,0.03104342975006341,0.09082862441170232
2,0.6427126750283956,0.16446434785955827,0.03713150782832331,0.12183894130489524,0.4153462595147951,0.12243454152974127,0.06931541973290671,0.06377765173177485,0.06348498752710091,0.11063791735052461
3,1.3454278086885825,0.12829740590283045,0.03328013135438279,0.1274240745758121,0.5342201209100464,0.1404063799720745,0.05377772804067335,0.030260622961437233,0.04319520552321851,0.07532317460080597
1,1.604850858565094,0.12056508686252006,0.030242517400103627,0.09756088585063151,0.29296159444931363,0.13521549546709935,0.0991207476519729,0.055565283786577165,0.06363370554253492,0.054582200132598804
2,1.5789905736083192,0.08669935986339766,0.04347579775425408,0.08438753196411763,0.45885252613020766,0.12644371478623376,0.048563838338697624,0.028108961364116877,0.08594362767097094,0.05705777508103532
3,2.00818224816517,0.11188611730320973,0.02700602972607919,0.08984141947822584,0.5050972967968725,0.12239742500516206,0.09662308917706403,0.053979805452358635,0.06289699769442438,0.10220628162907272
1,1.0812502669030726,0.12296564382043221,0.06831774914741505,0.1331136595508482,0.3978980451377965,0.1392142811575058,0.09257395171178978,0.06269051017094701,0.06347739178114394,0.0978317634204375
2,1.380210087866821,0.1313103315871258,0.08248141570058952,0.14765427000935727,0.33262624907717814,0.08992068301510234,0.09531630392633549,0.04947985106835282,0.08482555824567592,0.03735653052919276
3,0.6210672528633031,0.1141358190020817,0.03378125261492605,0.12325848896394599,0.3269076103953814,0.08442926281830801,0.0779261912808051,0.03959743015845512,0.059233971187475074,0.0637322329216139
1,2.090351697784323,0.08630853057072849,0.04993561628416861,0.11860546143216535,0.5630613852651858,0.0871732608939863,0.06008117591907736,0.04338819271856027,0.02517340536218357,0.061884218327605614
2,0.657998643413203,0.11291122983267618,0.06451840276409467,0.1581369052677386,0.30854952575817335,0.1159838555312714,0.05778352176115126,0.05507000386239816,0.036315718076163024,0.0776884122937958
3,0.6236760038915238,0.08631962855206553,0.03668055434963897,0.10247654657972756,0.3702474451417724,0.1857014382944429,0.07010822661013227,0.06006787392871189,0.12513498037621318,0.09920085759247715
1,2.0869865773268312,0.09355651931120114,0.11895403825869574,0.07871979944841268,0.3728170144155022,0.07413584090261346,0.050872007202138136,0.06324044110399786,0.08903062531624513,0.10132258971249572
2,1.8959278706927498,0.0718119383124595,0.04422003606824831,0.10477621148469363,0.49265369487277866,0.10698381504741407,0.08916836229754514,0.042259922285474615,0.07994872619900134,0.1449275268276422
3,0.6383986462326903,0.10975745364224093,0.05484302167334096,0.07685050974499169,0.49797362694908465,0.2010523650733268,0.07181289528099535,0.0793335736528017,0.04288310932360164,0.07384939251714025
1,1.8090925734445693,0.11912339592270074,0.11158349574658771,0.1160963354630482,0.5573734326822495,0.08443407291338001,0.11592670177237728,0.07399212601636088,0.06086086990282831,0.07255476068171766
2,1.1956837360614156,0.06409594786030236,0.07561637680673355,0.13479359830756277,0.5542599872681397,0.08817773565481343,0.06483829915384073,0.025987242033249862,0.07388637072093394,0.032774406003314445
3,1.7152955955987543,0.10327421835854668,0.08000573216149665,0.1071487546015439,0.4390735278274299,0.07238889266052248,0.13982291465231783,0.06071398361629433,0.03705722517699858,0.06660921455758433
1,1.4440345541376292,0.15012197535581367,0.10859592165592283,0.11204651426301158,0.4911455486817651,0.11963560870440043,0.06330563289833098,0.06720438199562068,0.07114398450139234,0.06268890893492782
2,0.7191844227159789,0.15560940569438791,0.010800748565786236,0.09069885332808916,0.20931422457445345,0.23291024498829258,0.06673975673676358,0.03315472728834907,0.07117120125910076,0.09795748358883313
3,0.7932946515141864,0.07197121364865927,0.021930993238342206,0.053554828670822195,0.4974946293060657,0.13319135118011652,0.08266040696820437,0.04424603237447396,0.06834133302017419,0.06651714806254828
1,1.52990388279684,0.11513627901559748,0.0357366286788977,0.046668752189836654,0.4883737641497219,0.0846750091811927,0.07954315711704232,0.051153784747387826,0.04004478301002724,0.09098864843894666
2,0.3878481982475811,0.07347571858508598,0.014988973892037068,0.11808678289224309,0.4660317998743937,0.13172465216692933,0.10932554690346905,0.03729672469271958,0.04448660069055328,0.03795750594412898
3,1.3891808448394174,0.09576978472963783,0.06146765418840536,0.11475707956577369,0.31747777084156703,0.10250125554494055,0.0618153377770714,0.06432192373895854,0.07077054851958073,0.04898078838447578
1,0.1586923574205159,0.1494767219360919,0.09871745233557168,0.12614763487936656,0.3964479343343211,0.08302926958932813,0.06045989332657306,0.0596854342405458,0.03333891548023834,0.10651761202447017
2,0.8781645202570451,0.12492218534568073,0.0859279067218731,0.09028235363387005,0.3497354129562508,0.14351428477584502,0.062306113935693234,0.05063718659664974,0.03987501835254211,0.10444124443893489
3,1.356056116245626,0.15086444152640655,0.07086900080105173,0.0687138322351186,0.454135048673904,0.05492336598722895,0.09655240240323208,0.0522476770734276,0.07698343187668164,0.06318199561200634
1,0.6089374321654726,0.1663282768103622,0.08728599119025526,0.13200769025164893,0.5059194916998611,0.09578609210329878,0.06608128909965422,0.052351546770359005,0.057608370239029025,0.07267264367996416
2,1.0342690184730885,0.06877258371944636,0.06782321654800447,0.1579733093717034,0.2840836625834834,0.1343709528066017,0.10740891591399221,0.055042988876573044,0.047879336470933315,0.04627972598699272
3,1.6791215908786208,0.14121285061657343,0.049000059083158735,0.1181649384530091,0.4570069564289514,0.12269310035663433,0.032550746694251245,0.05539631728280665,0.10438305010510812,0.09259956284881019
1,1.2551035938093624,0.12900324621568138,0.1028220265021213,0.11180844215204981,0.4442004030000203,0.10419091943703185,0.09993681224071348,0.053747849263168404,0.07941946309449742,0.09655885668546704
2,1.367713466894777,0.09203728955878333,0.06602637529570911,0.0951337575299656,0.4203088366840315,0.1386188394566411,0.07002672098471191,0.08823704757716729,0.06317041686110428,0.08911691903877847
3,0.5733844324169499,0.16575239227147293,0.06600125847965299,0.08662274852628361,0.4475098349896361,0.15945468152117756,0.0620044359970861,0.025998060673179012,0.08279030679685011,0.0789988302325626
1,1.5537346988287328,0.0910963579986625,0.04117109131719304,0.1317177850355969,0.3113033727225488,0.09392227836113204,0.055003315230423934,0.06081281683259495,0.07406820298900078,0.06889071593928013
2,1.5999119214763344,0.10898801330812612,0.011492390595904269,0.1025062699060988,0.4822183401882664,0.09868348685261374,0.08018766443769278,0.026964261115172982,0.08735704844711353,0.09102512152124966
3,1.1988252521397287,0.1273786010991097,0.08578317850970779,0.1220121759966276,0.3833725446047794,0.12458334299410939,0.08155001099889203,0.016529334291562232,0.04064701724382022,0.050285923387543646
1,1.2684891258062168,0.11981522584166543,0.0383464614307312,0.0931154416054161,0.3034608956890657,0.1290425678467269,0.05493791481160244,0.06684318701105268,0.043955720759157726,0.04351860259368596
2,1.5329636333897732,0.06593903395310302,0.03570845857459452,0.10692198713224513,0.6467647486604143,0.14014304139595846,0.06205233376974252,0.05936084779703974,0.06525492864192382,0.055996852597091404
3,1.742739977782055,0.13056543085838468,0.061013882684909884,0.05399331515106671,0.5184670111830448,0.14892715733915357,0.11518557172717517,0.04177802474874825,0.04662939488922137,0.1008699666198743
1,1.39745916274766,0.10897323958809105,0.03335098166219422,0.19187988932850938,0.2797355021492336,0.1987505280629798,0.05240244078902666,0.03870692747879244,0.07585547333281535,0.09704150426694721
2,1.2492603445900812,0.1359812093387278,0.04229481167774245,0.08288604557824324,0.44445619284535187,0.14938416056799134,0.1502117755079178,0.049464580559071755,0.060263413388037666,0.12062627949591337
3,1.2820674833358956,0.09016333545894932,0.0369171767585307,0.15211421618673207,0.2889831118610155,0.1524909725403087,0.08239835805578931,0.057562436939905065,0.07287629871207275,0.12469979279856509
1,1.571996449841496,0.12801302460627714,0.06300123294475703,0.09212671586106214,0.5307533651486597,0.14605778436952832,0.04376416865545879,0.054267849182694186,0.10140591653273102,0.12025439087606138
2,1.4352167377865783,0.11506315326459883,0.05862056035450808,0.1335393558458693,0.40846955307070826,0.13127706434975178,0.060028148275081156,0.04826401295618004,0.06622131213045877,0.08100742520266183
3,1.6616124796475706,0.14268503473603014,0.022404181552446698,0.1189773615014515,0.41161731105067706,0.10467318767471584,0.07039528204443322,0.04355626892251388,0.08855066815308839,0.10424125737363396
1,1.7031183272801624,0.11996282289204929,0.10238816848754614,0.05873331339205368,0.4342927600605303,0.13608298636672142,0.11451308819999674,0.04150586672667766,0.0892256936830108,0.07064067559221496
2,1.2667743699761758,0.14775828933176033,0.02220756864312624,0.11206838032255853,0.36879506232941317,0.13896272759244493,0.08510422841752353,0.05456640162979646,0.06237492953976871,0.08214346892437097
3,1.2593942050278415,0.1197850741656003,0.06478814117395676,0.11880596959323836,0.46383362569288156,0.12426967317591732,0.08689425305271857,0.05496968852296649,0.05180152768186384,0.07179174627560926
1,1.156128891234714,0.09210206574490964,0.0852656925305862,0.12306255318693442,0.45812475726809865,0.08644296550180183,0.05846782558582836,0.04234890702412337,0.09208858937515794,0.08842117390993663
2,0.9837552225637844,0.07471118971291685,0.047836605408087186,0.10862569424782464,0.43504183500040616,0.1482211416535403,0.09192519374689372,0.03221886457803328,0.08393923047617388,0.09246195086346991
3,1.108301029534505,0.15548654814434987,0.03340418025991469,0.10856223875858623,0.6126456043081645,0.1265343255288441,0.13010222164886484,0.06261170153169092,0.03849774048947974,0.11626791641383119
1,1.689775772124441,0.15017450070754934,0.023546580796029514,0.06149927100780325,0.20570779980368134,0.1723687114788026,0.03899692937045023,0.0694701034361849,0.06597726184908496,0.08169072855044467
2,0.80076604417234,0.07691611134791598,0.0930433695664025,0.09573535586598342,0.4916389616688266,0.12414876595740976,0.08601423257744353,0.037131401059898796,0.10433020922672476,0.13471397347904285
3,1.896660889527825,0.06806029872786695,0.0491040578986523,0.09221349079873892,0.5628768352865285,0.20112408887094277,0.07088670171426663,0.03221479816603805,0.06338095082081527,0.04690628485660785
1,1.4413021561119637,0.13120645563553837,0.049964317201649615,0.1769497828970297,0.41362431280269685,0.11112669084834315,0.08502200452656267,0.028455158470567135,0.050450431909889334,0.061824544168676054
2,1.1421298370919766,0.13901066957274935,0.0630566303053394,0.07890438253655724,0.5296906198213894,0.16286375138143905,0.07506302179191984,0.08733936408039332,0.04605141356001302,0.056771365667448045
3,1.1553000414221504,0.17310433443751636,0.10940052215237388,0.1252334492572461,0.371504975776287,0.09596949596367309,0.06876564996314553,0.047311079609422456,0.13150820510811845,0.0708589604295454
