source_database,run_started_at,iteration_index,step_index,step_name
coraplex_panda_demo,2026-08-03 10:35:09.942359+00:00,1,1,cube1 onto cube0
coraplex_panda_demo,2026-08-03 10:35:09.942359+00:00,1,2,cube2 onto cube1
coraplex_panda_demo,2026-08-03 10:35:09.942359+00:00,1,3,cube3 onto cube2
coraplex_panda_demo,2026-08-03 10:35:09.942359+00:00,2,1,cube1 onto cube0
coraplex_panda_demo,2026-08-03 10:35:09.942359+00:00,2,2,cube2 onto cube1
coraplex_panda_demo,2026-08-03 10:35:09.942359+00:00,2,3,cube3 onto cube2
coraplex_panda_demo,2026-08-03 10:35:09.942359+00:00,4,1,cube1 onto cube0
coraplex_panda_demo,2026-08-03 10:35:09.942359+00:00,4,2,cube2 onto cube1
coraplex_panda_demo,2026-08-03 10:35:09.942359+00:00,4,3,cube3 onto cube2
coraplex_panda_demo,2026-08-03 10:35:09.942359+00:00,5,1,cube1 onto cube0
coraplex_panda_demo,2026-08-03 10:35:09.942359+00:00,5,2,cube2 onto cube1
coraplex_panda_demo,2026-08-03 10:35:09.942359+00:00,5,3,cube3 onto cube2
coraplex_panda_demo,2026-08-03 10:35:09.942359+00:00,6,1,cube1 onto cube0
coraplex_panda_demo,2026-08-03 10:35:09.942359+00:00,6,2,cube2 onto cube1
coraplex_panda_demo,2026-08-03 10:35:09.942359+00:00,6,3,cube3 onto cube2
coraplex_panda_demo,2026-08-03 10:35:09.942359+00:00,7,1,cube1 onto cube0
coraplex_panda_demo,2026-08-03 10:35:09.942359+00:00,7,2,cube2 onto cube1
coraplex_panda_demo,2026-08-03 10:35:09.942359+00:00,7,3,cube3 onto cube2
coraplex_panda_demo,2026-08-03 10:35:09.942359+00:00,9,1,cube1 onto cube0
coraplex_panda_demo,2026-08-03 10:35:09.942359+00:00,9,2,cube2 onto cube1
coraplex_panda_demo,2026-08-03 10:35:09.942359+00:00,9,3,cube3 onto cube2
coraplex_panda_demo,2026-08-03 10:35:09.942359+00:00,10,1,cube1 onto cube0
coraplex_panda_demo,2026-08-03 10:35:09.942359+00:00,10,2,cube2 onto cube1
coraplex_panda_demo,2026-08-03 10:35:09.942359+00:00,10,3,cube3 onto cube2
coraplex_panda_demo,2026-08-03 10:35:09.942359+00:00,11,1,cube1 onto cube0
coraplex_panda_demo,2026-08-03 10:35:09.942359+00:00,11,2,cube2 onto cube1
coraplex_panda_demo,2026-08-03 10:35:09.942359+00:00,11,3,cube3 onto cube2
coraplex_panda_demo,2026-08-03 10:35:09.942359+00:00,12,1,cube1 onto cube0
coraplex_panda_demo,2026-08-03 10:35:09.942359+00:00,12,2,cube2 onto cube1
coraplex_panda_demo,2026-08-03 10:35:09.942359+00:00,12,3,cube3 onto cube2
coraplex_panda_demo,2026-08-03 10:35:09.942359+00:00,13,1,cube1 onto cube0
coraplex_panda_demo,2026-08-03 10:35:09.942359+00:00,13,2,cube2 onto cube1
coraplex_panda_demo,2026-08-03 10:35:09.942359+00:00,13,3,cube3 onto cube2
coraplex_panda_demo,2026-08-03 10:35:09.942359+00:00,14,1,cube1 onto cube0
coraplex_panda_demo,2026-08-03 10:35:09.942359+00:00,14,2,cube2 onto cube1
coraplex_panda_demo,2026-08-03 10:35:09.942359+00:00,14,3,cube3 onto cube2
coraplex_panda_demo,2026-08-03 10:35:09.942359+00:00,16,1,cube1 onto cube0
coraplex_panda_demo,2026-08-03 10:35:09.942359+00:00,16,2,cube2 onto cube1
coraplex_panda_demo,2026-08-03 10:35:09.942359+00:00,16,3,cube3 onto cube2
coraplex_panda_demo,2026-08-03 10:35:09.942359+00:00,17,1,cube1 onto cube0
coraplex_panda_demo,2026-08-03 10:35:09.942359+00:00,17,2,cube2 onto cube1
coraplex_panda_demo,2026-08-03 10:35:09.942359+00:00,17,3,cube3 onto cube2
coraplex_panda_demo,2026-08-03 10:35:09.942359+00:00,18,1,cube1 onto cube0
coraplex_panda_demo,2026-08-03 10:35:09.942359+00:00,18,2,cube2 onto cube1
coraplex_panda_demo,2026-08-03 10:35:09.942359+00:00,18,3,cube3 onto cube2
coraplex_panda_demo,2026-08-03 10:35:09.942359+00:00,19,1,cube1 onto cube0
coraplex_panda_demo,2026-08-03 10:35:09.942359+00:00,19,2,cube2 onto cube1
coraplex_panda_demo,2026-08-03 10:35:09.942359+00:00,19,3,cube3 onto cube2
coraplex_panda_demo,2026-08-03 10:35:09.942359+00:00,20,1,cube1 onto cube0
coraplex_panda_demo,2026-08-03 10:35:09.942359+00:00,20,2,cube2 onto cube1
coraplex_panda_demo,2026-08-03 10:35:09.942359+00:00,20,3,cube3 onto cube2
coraplex_panda_demo,2026-08-03 10:35:09.942359+00:00,21,1,cube1 onto cube0
coraplex_panda_demo,2026-08-03 10:35:09.942359+00:00,21,2,cube2 onto cube1
coraplex_panda_demo,2026-08-03 10:35:09.942359+00:00,21,3,cube3 onto cube2
coraplex_panda_demo,2026-08-03 10:35:09.942359+00:00,22,1,cube1 onto cube0
coraplex_panda_demo,2026-08-03 10:35:09.942359+00:00,22,2,cube2 onto cube1
coraplex_panda_demo,2026-08-03 10:35:09.942359+00:00,22,3,cube3 onto cube2
coraplex_panda_demo,2026-08-03 10:35:09.942359+00:00,23,1,cube1 onto cube0
coraplex_panda_demo,2026-08-03 10:35:09.942359+00:00,23,2,cube2 onto cube1
coraplex_panda_demo,2026-08-03 10:35:09.942359+00:00,23,3,cube3 onto cube2
coraplex_panda_demo,2026-08-03 10:35:09.942359+00:00,24,1,cube1 onto cube0
coraplex_panda_demo,2026-08-03 10:35:09.942359+00:00,24,2,cube2 onto cube1
coraplex_panda_demo,2026-08-03 10:35:09.942359+00:00,24,3,cube3 onto cube2
coraplex_panda_demo,2026-08-03 10:35:09.942359+00:00,25,1,cube1 onto cube0
coraplex_panda_demo,2026-08-03 10:35:09.942359+00:00,25,2,cube2 onto cube1
coraplex_panda_demo,2026-08-03 10:35:09.942359+00:00,25,3,cube3 onto cube2
coraplex_panda_demo,2026-08-03 10:35:09.942359+00:00,26,1,cube1 onto cube0
coraplex_panda_demo,2026-08-03 10:35:09.942359+00:00,26,2,cube2 onto cube1
coraplex_panda_demo,2026-08-03 10:35:09.942359+00:00,26,3,cube3 onto cube2
coraplex_panda_demo,2026-08-03 10:35:09.942359+00:00,27,1,cube1 onto cube0
coraplex_panda_demo,2026-08-03 10:35:09.942359+00:00,27,2,cube2 onto cube1
coraplex_panda_demo,2026-08-03 10:35:09.942359+00:00,27,3,cube3 onto cube2
coraplex_panda_demo,2026-08-03 10:35:09.942359+00:00,28,1,cube1 onto cube0
coraplex_panda_demo,2026-08-03 10:35:09.942359+00:00,28,2,cube2 onto cube1
coraplex_panda_demo,2026-08-03 10:35:09.942359+00:00,28,3,cube3 onto cube2
coraplex_panda_demo,2026-08-03 10:35:09.942359+00:00,29,1,cube1 onto cube0
coraplex_panda_demo,2026-08-03 10:35:09.942359+00:00,29,2,cube2 onto cube1
coraplex_panda_demo,2026-08-03 10:35:09.942359+00:00,29,3,cube3 onto cube2
coraplex_panda_demo,2026-08-03 10:35:09.942359+00:00,30,1,cube1 onto cube0
coraplex_panda_demo,2026-08-03 10:35:09.942359+00:00,30,2,cube2 onto cube1
coraplex_panda_demo,2026-08-03 10:35:09.942359+00:00,30,3,cube3 onto cube2
coraplex_panda_demo,2026-08-03 10:35:09.942359+00:00,32,1,cube1 onto cube0
coraplex_panda_demo,2026-08-03 10:35:09.942359+00:00,32,2,cube2 onto cube1
coraplex_panda_demo,2026-08-03 10:35:09.942359+00:00,32,3,cube3 onto cube2
coraplex_panda_demo,2026-08-03 10:35:09.942359+00:00,33,1,cube1 onto cube0
coraplex_panda_demo,2026-08-03 10:35:09.942359+00:00,33,2,cube2 onto cube1
coraplex_panda_demo,2026-08-03 10:35:09.942359+00:00,33,3,cube3 onto cube2
coraplex_panda_demo,2026-08-03 10:35:09.942359+00:00,34,1,cube1 onto cube0
coraplex_panda_demo,2026-08-03 10:35:09.942359+00:00,34,2,cube2 onto cube1
coraplex_panda_demo,2026-08-03 10:35:09.942359+00:00,34,3,cube3 onto cube2
coraplex_panda_demo,2026-08-03 10:35:09.942359+00:00,35,1,cube1 onto cube0
coraplex_panda_demo,2026-08-03 10:35:09.942359+00:00,35,2,cube2 onto cube1
coraplex_panda_demo,2026-08-03 10:35:09.942359+00:00,35,3,cube3 onto cube2
coraplex_panda_demo,2026-08-03 10:35:09.942359+00:00,36,1,cube1 onto cube0
coraplex_panda_demo,2026-08-03 10:35:09.942359+00:00,36,2,cube2 onto cube1
coraplex_panda_demo,2026-08-03 10:35:09.942359+00:00,36,3,cube3 onto cube2
coraplex_panda_demo,2026-08-03 10:35:09.942359+00:00,37,1,cube1 onto cube0
coraplex_panda_demo,2026-08-03 10:35:09.942359+00:00,37,2,cube2 onto cube1
coraplex_panda_demo,2026-08-03 10:35:09.942359+00:00,37,3,cube3 onto cube2
coraplex_panda_demo,2026-08-03 10:35:09.942359+00:00,41,1,cube1 onto cube0
coraplex_panda_demo,2026-08-03 10:35:09.942359+00:00,41,2,cube2 onto cube1
coraplex_panda_demo,2026-08-03 10:35:09.942359+00:00,41,3,cube3 onto cube2
coraplex_panda_demo,2026-08-03 10:35:09.942359+00:00,42,1,cube1 onto cube0
coraplex_panda_demo,2026-08-03 10:35:09.942359+00:00,42,2,cube2 onto cube1
coraplex_panda_demo,2026-08-03 10:35:09.942359+00:00,42,3,cube3 onto cube2
coraplex_panda_demo,2026-08-03 10:35:09.942359+00:00,43,1,cube1 onto cube0
coraplex_panda_demo,2026-08-03 10:35:09.942359+00:00,43,2,cube2 onto cube1
coraplex_panda_demo,2026-08-03 10:35:09.942359+00:00,43,3,cube3 onto cube2
coraplex_panda_demo,2026-08-03 10:35:09.942359+00:00,45,1,cube1 onto cube0
coraplex_panda_demo,2026-08-03 10:35:09.942359+00:00,45,2,cube2 onto cube1
coraplex_panda_demo,2026-08-03 10:35:09.942359+00:00,45,3,cube3 onto cube2
coraplex_panda_demo,2026-08-03 10:35:09.942359+00:00,46,1,cube1 onto cube0
coraplex_panda_demo,2026-08-03 10:35:09.942359+00:00,46,2,cube2 onto cube1
coraplex_panda_demo,2026-08-03 10:35:09.942359+00:00,46,3,cube3 onto cube2
coraplex_panda_demo,2026-08-03 10:35:09.942359+00:00,47,1,cube1 onto cube0
coraplex_panda_demo,2026-08-03 10:35:09.942359+00:00,47,2,cube2 onto cube1
coraplex_panda_demo,2026-08-03 10:35:09.942359+00:00,47,3,cube3 onto cube2
coraplex_panda_demo,2026-08-03 10:35:09.942359+00:00,49,1,cube1 onto cube0
coraplex_panda_demo,2026-08-03 10:35:09.942359+00:00,49,2,cube2 onto cube1
coraplex_panda_demo,2026-08-03 10:35:09.942359+00:00,49,3,cube3 onto cube2
coraplex_panda_demo,2026-08-03 10:35:09.942359+00:00,50,1,cube1 onto cube0
coraplex_panda_demo,2026-08-03 10:35:09.942359+00:00,50,2,cube2 onto cube1
coraplex_panda_demo,2026-08-03 10:35:09.942359+00:00,50,3,cube3 onto cube2
coraplex_panda_demo,2026-08-03 10:35:09.942359+00:00,52,1,cube1 onto cube0
coraplex_panda_demo,2026-08-03 10:35:09.942359+00:00,52,2,cube2 onto cube1
coraplex_panda_demo,2026-08-03 10:35:09.942359+00:00,52,3,cube3 onto cube2
coraplex_panda_demo,2026-08-03 10:35:09.942359+00:00,53,1,cube1 onto cube0
coraplex_panda_demo,2026-08-03 10:35:09.942359+00:00,53,2,cube2 onto cube1
coraplex_panda_demo,2026-08-03 10:35:09.942359+00:00,53,3,cube3 onto cube2
coraplex_panda_demo,2026-08-03 10:35:09.942359+00:00,54,1,cube1 onto cube0
coraplex_panda_demo,2026-08-03 10:35:09.942359+00:00,54,2,cube2 onto cube1
coraplex_panda_demo,2026-08-03 10:35:09.942359+00:00,54,3,cube3 onto cube2
coraplex_panda_demo,2026-08-03 10:35:09.942359+00:00,55,1,cube1 onto cube0
coraplex_panda_demo,2026-08-03 10:35:09.942359+00:00,55,2,cube2 onto cube1
coraplex_panda_demo,2026-08-03 10:35:09.942359+00:00,55,3,cube3 onto cube2
coraplex_panda_demo,2026-08-03 10:35:09.942359+00:00,56,1,cube1 onto cube0
coraplex_panda_demo,2026-08-03 10:35:09.942359+00:00,56,2,cube2 onto cube1
coraplex_panda_demo,2026-08-03 10:35:09.942359+00:00,56,3,cube3 onto cube2
coraplex_panda_demo,2026-08-03 10:35:09.942359+00:00,57,1,cube1 onto cube0
coraplex_panda_demo,2026-08-03 10:35:09.942359+00:00,57,2,cube2 onto cube1
coraplex_panda_demo,2026-08-03 10:35:09.942359+00:00,57,3,cube3 onto cube2
coraplex_panda_demo,2026-08-03 10:35:09.942359+00:00,58,1,cube1 onto cube0
coraplex_panda_demo,2026-08-03 10:35:09.942359+00:00,58,2,cube2 onto cube1
coraplex_panda_demo,2026-08-03 10:35:09.942359+00:00,58,3,cube3 onto cube2
coraplex_panda_demo,2026-08-03 10:35:09.942359+00:00,59,1,cube1 onto cube0
coraplex_panda_demo,2026-08-03 10:35:09.942359+00:00,59,2,cube2 onto cube1
coraplex_panda_demo,2026-08-03 10:35:09.942359+00:00,59,3,cube3 onto cube2
coraplex_panda_demo,2026-08-03 10:35:09.942359+00:00,60,1,cube1 onto cube0
coraplex_panda_demo,2026-08-03 10:35:09.942359+00:00,60,2,cube2 onto cube1
coraplex_panda_demo,2026-08-03 10:35:09.942359+00:00,60,3,cube3 onto cube2
coraplex_panda_demo,2026-08-03 10:35:09.942359+00:00,61,1,cube1 onto cube0
coraplex_panda_demo,2026-08-03 10:35:09.942359+00:00,61,2,cube2 onto cube1
coraplex_panda_demo,2026-08-03 10:35:09.942359+00:00,61,3,cube3 onto cube2
coraplex_panda_demo,2026-08-03 10:35:09.942359+00:00,62,1,cube1 onto cube0
coraplex_panda_demo,2026-08-03 10:35:09.942359+00:00,62,2,cube2 onto cube1
coraplex_panda_demo,2026-08-03 10:35:09.942359+00:00,62,3,cube3 onto cube2
coraplex_panda_demo,2026-08-03 10:35:09.942359+00:00,63,1,cube1 onto cube0
coraplex_panda_demo,2026-08-03 10:35:09.942359+00:00,63,2,cube2 onto cube1
coraplex_panda_demo,2026-08-03 10:35:09.942359+00:00,63,3,cube3 onto cube2
coraplex_panda_demo,2026-08-03 10:35:09.942359+00:00,65,1,cube1 onto cube0
coraplex_panda_demo,2026-08-03 10:35:09.942359+00:00,65,2,cube2 onto cube1
coraplex_panda_demo,2026-08-03 10:35:09.942359+00:00,65,3,cube3 onto cube2
coraplex_panda_demo,2026-08-03 10:35:09.942359+00:00,66,1,cube1 onto cube0
coraplex_panda_demo,2026-08-03 10:35:09.942359+00:00,66,2,cube2 onto cube1
coraplex_panda_demo,2026-08-03 10:35:09.942359+00:00,66,3,cube3 onto cube2
coraplex_panda_demo,2026-08-03 10:35:09.942359+00:00,68,1,cube1 onto cube0
coraplex_panda_demo,2026-08-03 10:35:09.942359+00:00,68,2,cube2 onto cube1
coraplex_panda_demo,2026-08-03 10:35:09.942359+00:00,68,3,cube3 onto cube2
coraplex_panda_demo,2026-08-03 10:35:09.942359+00:00,69,1,cube1 onto cube0
coraplex_panda_demo,2026-08-03 10:35:09.942359+00:00,69,2,cube2 onto cube1
coraplex_panda_demo,2026-08-03 10:35:09.942359+00:00,69,3,cube3 onto cube2
coraplex_panda_demo,2026-08-03 10:35:09.942359+00:00,70,1,cube1 onto cube0
coraplex_panda_demo,2026-08-03 10:35:09.942359+00:00,70,2,cube2 onto cube1
coraplex_panda_demo,2026-08-03 10:35:09.942359+00:00,70,3,cube3 onto cube2
coraplex_panda_demo,2026-08-03 10:35:09.942359+00:00,71,1,cube1 onto cube0
coraplex_panda_demo,2026-08-03 10:35:09.942359+00:00,71,2,cube2 onto cube1
coraplex_panda_demo,2026-08-03 10:35:09.942359+00:00,71,3,cube3 onto cube2
coraplex_panda_demo,2026-08-03 10:35:09.942359+00:00,73,1,cube1 onto cube0
coraplex_panda_demo,2026-08-03 10:35:09.942359+00:00,73,2,cube2 onto cube1
coraplex_panda_demo,2026-08-03 10:35:09.942359+00:00,73,3,cube3 onto cube2
coraplex_panda_demo,2026-08-03 10:35:09.942359+00:00,74,1,cube1 onto cube0
coraplex_panda_demo,2026-08-03 10:35:09.942359+00:00,74,2,cube2 onto cube1
coraplex_panda_demo,2026-08-03 10:35:09.942359+00:00,74,3,cube3 onto cube2
coraplex_panda_demo,2026-08-03 10:35:09.942359+00:00,76,1,cube1 onto cube0
coraplex_panda_demo,2026-08-03 10:35:09.942359+00:00,76,2,cube2 onto cube1
coraplex_panda_demo,2026-08-03 10:35:09.942359+00:00,76,3,cube3 onto cube2
coraplex_panda_demo,2026-08-03 10:35:09.942359+00:00,77,1,cube1 onto cube0
coraplex_panda_demo,2026-08-03 10:35:09.942359+00:00,77,2,cube2 onto cube1
coraplex_panda_demo,2026-08-03 10:35:09.942359+00:00,77,3,cube3 onto cube2
coraplex_panda_demo,2026-08-03 10:35:09.942359+00:00,79,1,cube1 onto cube0
coraplex_panda_demo,2026-08-03 10:35:09.942359+00:00,79,2,cube2 onto cube1
coraplex_panda_demo,2026-08-03 10:35:09.942359+00:00,79,3,cube3 onto cube2
coraplex_panda_demo,2026-08-03 10:35:09.942359+00:00,80,1,cube1 onto cube0
coraplex_panda_demo,2026-08-03 10:35:09.942359+00:00,80,2,cube2 onto cube1
coraplex_panda_demo,2026-08-03 10:35:09.942359+00:00,80,3,cube3 onto cube2
coraplex_panda_demo,2026-08-03 10:35:09.942359+00:00,81,1,cube1 onto cube0
coraplex_panda_demo,2026-08-03 10:35:09.942359+00:00,81,2,cube2 onto cube1
coraplex_panda_demo,2026-08-03 10:35:09.942359+00:00,81,3,cube3 onto cube2
coraplex_panda_demo,2026-08-03 10:35:09.942359+00:00,82,1,cube1 onto cube0
coraplex_panda_demo,2026-08-03 10:35:09.942359+00:00,82,2,cube2 onto cube1
coraplex_panda_demo,2026-08-03 10:35:09.942359+00:00,82,3,cube3 onto cube2
coraplex_panda_demo,2026-08-03 10:35:09.942359+00:00,83,1,cube1 onto cube0
coraplex_panda_demo,2026-08-03 10:35:09.942359+00:00,83,2,cube2 onto cube1
coraplex_panda_demo,2026-08-03 10:35:09.942359+00:00,83,3,cube3 onto cube2
coraplex_panda_demo,2026-08-03 10:35:09.942359+00:00,84,1,cube1 onto cube0
coraplex_panda_demo,2026-08-03 10:35:09.942359+00:00,84,2,cube2 onto cube1
coraplex_panda_demo,2026-08-03 10:35:09.942359+00:00,84,3,cube3 onto cube2
coraplex_panda_demo,2026-08-03 10:35:09.942359+00:00,85,1,cube1 onto cube0
coraplex_panda_demo,2026-08-03 10:35:09.942359+00:00,85,2,cube2 onto cube1
coraplex_panda_demo,2026-08-03 10:35:09.942359+00:00,85,3,cube3 onto cube2
coraplex_panda_demo,2026-08-03 10:35:09.942359+00:00,86,1,cube1 onto cube0
coraplex_panda_demo,2026-08-03 10:35:09.942359+00:00,86,2,cube2 onto cube1
coraplex_panda_demo,2026-08-03 10:35:09.942359+00:00,86,3,cube3 onto cube2
coraplex_panda_demo,2026-08-03 10:35:09.942359+00:00,87,1,cube1 onto cube0
coraplex_panda_demo,2026-08-03 10:35:09.942359+00:00,87,2,cube2 onto cube1
coraplex_panda_demo,2026-08-03 10:35:09.942359+00:00,87,3,cube3 onto cube2
coraplex_panda_demo,2026-08-03 10:35:09.942359+00:00,88,1,cube1 onto cube0
coraplex_panda_demo,2026-08-03 10:35:09.942359+00:00,88,2,cube2 onto cube1
coraplex_panda_demo,2026-08-03 10:35:09.942359+00:00,88,3,cube3 onto cube2
coraplex_panda_demo,2026-08-03 10:35:09.942359+00:00,89,1,cube1 onto cube0
coraplex_panda_demo,2026-08-03 10:35:09.942359+00:00,89,2,cube2 onto cube1
coraplex_panda_demo,2026-08-03 10:35:09.942359+00:00,89,3,cube3 onto cube2
coraplex_panda_demo,2026-08-03 10:35:09.942359+00:00,90,1,cube1 onto cube0
coraplex_panda_demo,2026-08-03 10:35:09.942359+00:00,90,2,cube2 onto cube1
coraplex_panda_demo,2026-08-03 10:35:09.942359+00:00,90,3,cube3 onto cube2
coraplex_panda_demo,2026-08-03 10:35:09.942359+00:00,91,1,cube1 onto cube0
coraplex_panda_demo,2026-08-03 10:35:09.942359+00:00,91,2,cube2 onto cube1
coraplex_panda_demo,2026-08-03 10:35:09.942359+00:00,91,3,cube3 onto cube2
coraplex_panda_demo,2026-08-03 10:35:09.942359+00:00,93,1,cube1 onto cube0
coraplex_panda_demo,2026-08-03 10:35:09.942359+00:00,93,2,cube2 onto cube1
coraplex_panda_demo,2026-08-03 10:35:09.942359+00:00,93,3,cube3 onto cube2
coraplex_panda_demo,2026-08-03 10:35:09.942359+00:00,95,1,cube1 onto cube0
coraplex_panda_demo,2026-08-03 10:35:09.942359+00:00,95,2,cube2 onto cube1
coraplex_panda_demo,2026-08-03 10:35:09.942359+00:00,95,3,cube3 onto cube2
coraplex_panda_demo,2026-08-03 10:35:09.942359+00:00,97,1,cube1 onto cube0
coraplex_panda_demo,2026-08-03 10:35:09.942359+00:00,97,2,cube2 onto cube1
coraplex_panda_demo,2026-08-03 10:35:09.942359+00:00,97,3,cube3 onto cube2
coraplex_panda_demo,2026-08-03 10:35:09.942359+00:00,99,1,cube1 onto cube0
coraplex_panda_demo,2026-08-03 10:35:09.942359+00:00,99,2,cube2 onto cube1
coraplex_panda_demo,2026-08-03 10:35:09.942359+00:00,99,3,cube3 onto cube2
coraplex_panda_demo,2026-08-03 10:35:09.942359+00:00,100,1,cube1 onto cube0
coraplex_panda_demo,2026-08-03 10:35:09.942359+00:00,100,2,cube2 onto cube1
coraplex_panda_demo,2026-08-03 10:35:09.942359+00:00,100,3,cube3 onto cube2
coraplex_panda_demo,2026-08-03 10:35:09.942359+00:00,101,1,cube1 onto cube0
coraplex_panda_demo,2026-08-03 10:35:09.942359+00:00,101,2,cube2 onto cube1
coraplex_panda_demo,2026-08-03 10:35:09.942359+00:00,101,3,cube3 onto cube2
coraplex_panda_demo,2026-08-03 10:35:09.942359+00:00,102,1,cube1 onto cube0
coraplex_panda_demo,2026-08-03 10:35:09.942359+00:00,102,2,cube2 onto cube1
coraplex_panda_demo,2026-08-03 10:35:09.942359+00:00,102,3,cube3 onto cube2
coraplex_panda_demo,2026-08-03 10:35:09.942359+00:00,103,1,cube1 onto cube0
coraplex_panda_demo,2026-08-03 10:35:09.942359+00:00,103,2,cube2 onto cube1
coraplex_panda_demo,2026-08-03 10:35:09.942359+00:00,103,3,cube3 onto cube2
coraplex_panda_demo,2026-08-03 10:35:09.942359+00:00,104,1,cube1 onto cube0
coraplex_panda_demo,2026-08-03 10:35:09.942359+00:00,104,2,cube2 onto cube1
coraplex_panda_demo,2026-08-03 10:35:09.942359+00:00,104,3,cube3 onto cube2
coraplex_panda_demo,2026-08-03 10:35:09.942359+00:00,105,1,cube1 onto cube0
coraplex_panda_demo,2026-08-03 10:35:09.942359+00:00,105,2,cube2 onto cube1
coraplex_panda_demo,2026-08-03 10:35:09.942359+00:00,105,3,cube3 onto cube2
coraplex_panda_demo,2026-08-03 10:35:09.942359+00:00,106,1,cube1 onto cube0
coraplex_panda_demo,2026-08-03 10:35:09.942359+00:00,106,2,cube2 onto cube1
coraplex_panda_demo,2026-08-03 10:35:09.942359+00:00,106,3,cube3 onto cube2
coraplex_panda_demo,2026-08-03 10:35:09.942359+00:00,107,1,cube1 onto cube0
coraplex_panda_demo,2026-08-03 10:35:09.942359+00:00,107,2,cube2 onto cube1
coraplex_panda_demo,2026-08-03 10:35:09.942359+00:00,107,3,cube3 onto cube2
coraplex_panda_demo,2026-08-03 10:35:09.942359+00:00,108,1,cube1 onto cube0
coraplex_panda_demo,2026-08-03 10:35:09.942359+00:00,108,2,cube2 onto cube1
coraplex_panda_demo,2026-08-03 10:35:09.942359+00:00,108,3,cube3 onto cube2
coraplex_panda_demo,2026-08-03 10:35:09.942359+00:00,110,1,cube1 onto cube0
coraplex_panda_demo,2026-08-03 10:35:09.942359+00:00,110,2,cube2 onto cube1
coraplex_panda_demo,2026-08-03 10:35:09.942359+00:00,110,3,cube3 onto cube2
coraplex_panda_demo,2026-08-03 10:35:09.942359+00:00,111,1,cube1 onto cube0
coraplex_panda_demo,2026-08-03 10:35:09.942359+00:00,111,2,cube2 onto cube1
coraplex_panda_demo,2026-08-03 10:35:09.942359+00:00,111,3,cube3 onto cube2
coraplex_panda_demo,2026-08-03 10:35:09.942359+00:00,112,1,cube1 onto cube0
coraplex_panda_demo,2026-08-03 10:35:09.942359+00:00,112,2,cube2 onto cube1
coraplex_panda_demo,2026-08-03 10:35:09.942359+00:00,112,3,cube3 onto cube2
coraplex_panda_demo,2026-08-03 10:35:09.942359+00:00,113,1,cube1 onto cube0
coraplex_panda_demo,2026-08-03 10:35:09.942359+00:00,113,2,cube2 onto cube1
coraplex_panda_demo,2026-08-03 10:35:09.942359+00:00,113,3,cube3 onto cube2
coraplex_panda_demo,2026-08-03 10:35:09.942359+00:00,118,1,cube1 onto cube0
coraplex_panda_demo,2026-08-03 10:35:09.942359+00:00,118,2,cube2 onto cube1
coraplex_panda_demo,2026-08-03 10:35:09.942359+00:00,118,3,cube3 onto cube2
coraplex_panda_demo,2026-08-03 10:35:09.942359+00:00,119,1,cube1 onto cube0
coraplex_panda_demo,2026-08-03 10:35:09.942359+00:00,119,2,cube2 onto cube1
coraplex_panda_demo,2026-08-03 10:35:09.942359+00:00,119,3,cube3 onto cube2
coraplex_panda_demo,2026-08-03 10:35:09.942359+00:00,120,1,cube1 onto cube0
coraplex_panda_demo,2026-08-03 10:35:09.942359+00:00,120,2,cube2 onto cube1
coraplex_panda_demo,2026-08-03 10:35:09.942359+00:00,120,3,cube3 onto cube2
coraplex_panda_demo,2026-08-03 10:35:09.942359+00:00,121,1,cube1 onto cube0
coraplex_panda_demo,2026-08-03 10:35:09.942359+00:00,121,2,cube2 onto cube1
coraplex_panda_demo,2026-08-03 10:35:09.942359+00:00,121,3,cube3 onto cube2
coraplex_panda_demo,2026-08-03 10:35:09.942359+00:00,122,1,cube1 onto cube0
coraplex_panda_demo,2026-08-03 10:35:09.942359+00:00,122,2,cube2 onto cube1
coraplex_panda_demo,2026-08-03 10:35:09.942359+00:00,122,3,cube3 onto cube2
coraplex_panda_demo,2026-08-03 10:35:09.942359+00:00,123,1,cube1 onto cube0
coraplex_panda_demo,2026-08-03 10:35:09.942359+00:00,123,2,cube2 onto cube1
coraplex_panda_demo,2026-08-03 10:35:09.942359+00:00,123,3,cube3 onto cube2
coraplex_panda_demo,2026-08-03 10:35:09.942359+00:00,124,1,cube1 onto cube0
coraplex_panda_demo,2026-08-03 10:35:09.942359+00:00,124,2,cube2 onto cube1
coraplex_panda_demo,2026-08-03 10:35:09.942359+00:00,124,3,cube3 onto cube2
coraplex_panda_demo,2026-08-03 10:35:09.942359+00:00,125,1,cube1 onto cube0
coraplex_panda_demo,2026-08-03 10:35:09.942359+00:00,125,2,cube2 onto cube1
coraplex_panda_demo,2026-08-03 10:35:09.942359+00:00,125,3,cube3 onto cube2
coraplex_panda_demo,2026-08-03 10:35:09.942359+00:00,126,1,cube1 onto cube0
coraplex_panda_demo,2026-08-03 10:35:09.942359+00:00,126,2,cube2 onto cube1
coraplex_panda_demo,2026-08-03 10:35:09.942359+00:00,126,3,cube3 onto cube2
coraplex_panda_demo,2026-08-03 10:35:09.942359+00:00,127,1,cube1 onto cube0
coraplex_panda_demo,2026-08-03 10:35:09.942359+00:00,127,2,cube2 onto cube1
coraplex_panda_demo,2026-08-03 10:35:09.942359+00:00,127,3,cube3 onto cube2
coraplex_panda_demo,2026-08-03 10:35:09.942359+00:00,128,1,cube1 onto cube0
coraplex_panda_demo,2026-08-03 10:35:09.942359+00:00,128,2,cube2 onto cube1
coraplex_panda_demo,2026-08-03 10:35:09.942359+00:00,128,3,cube3 onto cube2
coraplex_panda_demo,2026-08-03 10:35:09.942359+00:00,129,1,cube1 onto cube0
coraplex_panda_demo,2026-08-03 10:35:09.942359+00:00,129,2,cube2 onto cube1
coraplex_panda_demo,2026-08-03 10:35:09.942359+00:00,129,3,cube3 onto cube2
coraplex_panda_demo,2026-08-03 10:35:09.942359+00:00,130,1,cube1 onto cube0
coraplex_panda_demo,2026-08-03 10:35:09.942359+00:00,130,2,cube2 onto cube1
coraplex_panda_demo,2026-08-03 10:35:09.942359+00:00,130,3,cube3 onto cube2
coraplex_panda_demo,2026-08-03 10:35:09.942359+00:00,131,1,cube1 onto cube0
coraplex_panda_demo,2026-08-03 10:35:09.942359+00:00,131,2,cube2 onto cube1
coraplex_panda_demo,2026-08-03 10:35:09.942359+00:00,131,3,cube3 onto cube2
coraplex_panda_demo,2026-08-03 10:35:09.942359+00:00,132,1,cube1 onto cube0
coraplex_panda_demo,2026-08-03 10:35:09.942359+00:00,132,2,cube2 onto cube1
coraplex_panda_demo,2026-08-03 10:35:09.942359+00:00,132,3,cube3 onto cube2
coraplex_panda_demo,2026-08-03 10:35:09.942359+00:00,133,1,cube1 onto cube0
coraplex_panda_demo,2026-08-03 10:35:09.942359+00:00,133,2,cube2 onto cube1
coraplex_panda_demo,2026-08-03 10:35:09.942359+00:00,133,3,cube3 onto cube2
coraplex_panda_demo,2026-08-03 10:35:09.942359+00:00,134,1,cube1 onto cube0
coraplex_panda_demo,2026-08-03 10:35:09.942359+00:00,134,2,cube2 onto cube1
coraplex_panda_demo,2026-08-03 10:35:09.942359+00:00,134,3,cube3 onto cube2
coraplex_panda_demo,2026-08-03 10:35:09.942359+00:00,135,1,cube1 onto cube0
coraplex_panda_demo,2026-08-03 10:35:09.942359+00:00,135,2,cube2 onto cube1
coraplex_panda_demo,2026-08-03 10:35:09.942359+00:00,135,3,cube3 onto cube2
coraplex_panda_demo,2026-08-03 10:35:09.942359+00:00,137,1,cube1 onto cube0
coraplex_panda_demo,2026-08-03 10:35:09.942359+00:00,137,2,cube2 onto cube1
coraplex_panda_demo,2026-08-03 10:35:09.942359+00:00,137,3,cube3 onto cube2
coraplex_panda_demo,2026-08-03 10:35:09.942359+00:00,142,1,cube1 onto cube0
coraplex_panda_demo,2026-08-03 10:35:09.942359+00:00,142,2,cube2 onto cube1
coraplex_panda_demo,2026-08-03 10:35:09.942359+00:00,142,3,cube3 onto cube2
coraplex_panda_demo,2026-08-03 10:35:09.942359+00:00,143,1,cube1 onto cube0
coraplex_panda_demo,2026-08-03 10:35:09.942359+00:00,143,2,cube2 onto cube1
coraplex_panda_demo,2026-08-03 10:35:09.942359+00:00,143,3,cube3 onto cube2
coraplex_panda_demo,2026-08-03 10:35:09.942359+00:00,145,1,cube1 onto cube0
coraplex_panda_demo,2026-08-03 10:35:09.942359+00:00,145,2,cube2 onto cube1
coraplex_panda_demo,2026-08-03 10:35:09.942359+00:00,145,3,cube3 onto cube2
coraplex_panda_demo,2026-08-03 10:35:09.942359+00:00,147,1,cube1 onto cube0
coraplex_panda_demo,2026-08-03 10:35:09.942359+00:00,147,2,cube2 onto cube1
coraplex_panda_demo,2026-08-03 10:35:09.942359+00:00,147,3,cube3 onto cube2
coraplex_panda_demo,2026-08-03 10:35:09.942359+00:00,149,1,cube1 onto cube0
coraplex_panda_demo,2026-08-03 10:35:09.942359+00:00,149,2,cube2 onto cube1
coraplex_panda_demo,2026-08-03 10:35:09.942359+00:00,149,3,cube3 onto cube2
coraplex_panda_demo,2026-08-03 10:35:09.942359+00:00,150,1,cube1 onto cube0
coraplex_panda_demo,2026-08-03 10:35:09.942359+00:00,150,2,cube2 onto cube1
coraplex_panda_demo,2026-08-03 10:35:09.942359+00:00,150,3,cube3 onto cube2
coraplex_panda_demo,2026-08-03 10:35:09.942359+00:00,151,1,cube1 onto cube0
coraplex_panda_demo,2026-08-03 10:35:09.942359+00:00,151,2,cube2 onto cube1
coraplex_panda_demo,2026-08-03 10:35:09.942359+00:00,151,3,cube3 onto cube2
coraplex_panda_demo,2026-08-03 10:35:09.942359+00:00,152,1,cube1 onto cube0
coraplex_panda_demo,2026-08-03 10:35:09.942359+00:00,152,2,cube2 onto cube1
coraplex_panda_demo,2026-08-03 10:35:09.942359+00:00,152,3,cube3 onto cube2
coraplex_panda_demo,2026-08-03 10:35:09.942359+00:00,154,1,cube1 onto cube0
coraplex_panda_demo,2026-08-03 10:35:09.942359+00:00,154,2,cube2 onto cube1
coraplex_panda_demo,2026-08-03 10:35:09.942359+00:00,154,3,cube3 onto cube2
coraplex_panda_demo,2026-08-03 10:35:09.942359+00:00,155,1,cube1 onto cube0
coraplex_panda_demo,2026-08-03 10:35:09.942359+00:00,155,2,cube2 onto cube1
coraplex_panda_demo,2026-08-03 10:35:09.942359+00:00,155,3,cube3 onto cube2
coraplex_panda_demo,2026-08-03 10:35:09.942359+00:00,156,1,cube1 onto cube0
coraplex_panda_demo,2026-08-03 10:35:09.942359+00:00,156,2,cube2 onto cube1
coraplex_panda_demo,2026-08-03 10:35:09.942359+00:00,156,3,cube3 onto cube2
coraplex_panda_demo,2026-08-03 10:35:09.942359+00:00,157,1,cube1 onto cube0
coraplex_panda_demo,2026-08-03 10:35:09.942359+00:00,157,2,cube2 onto cube1
coraplex_panda_demo,2026-08-03 10:35:09.942359+00:00,157,3,cube3 onto cube2
coraplex_panda_demo,2026-08-03 10:35:09.942359+00:00,159,1,cube1 onto cube0
coraplex_panda_demo,2026-08-03 10:35:09.942359+00:00,159,2,cube2 onto cube1
coraplex_panda_demo,2026-08-03 10:35:09.942359+00:00,159,3,cube3 onto cube2
coraplex_panda_demo,2026-08-03 10:35:09.942359+00:00,160,1,cube1 onto cube0
coraplex_panda_demo,2026-08-03 10:35:09.942359+00:00,160,2,cube2 onto cube1
coraplex_panda_demo,2026-08-03 10:35:09.942359+00:00,160,3,cube3 onto cube2
coraplex_panda_demo,2026-08-03 10:35:09.942359+00:00,161,1,cube1 onto cube0
coraplex_panda_demo,2026-08-03 10:35:09.942359+00:00,161,2,cube2 onto cube1
coraplex_panda_demo,2026-08-03 10:35:09.942359+00:00,161,3,cube3 onto cube2
coraplex_panda_demo,2026-08-03 10:35:09.942359+00:00,162,1,cube1 onto cube0
coraplex_panda_demo,2026-08-03 10:35:09.942359+00:00,162,2,cube2 onto cube1
coraplex_panda_demo,2026-08-03 10:35:09.942359+00:00,162,3,cube3 onto cube2
coraplex_panda_demo,2026-08-03 10:35:09.942359+00:00,164,1,cube1 onto cube0
coraplex_panda_demo,2026-08-03 10:35:09.942359+00:00,164,2,cube2 onto cube1
coraplex_panda_demo,2026-08-03 10:35:09.942359+00:00,164,3,cube3 onto cube2
coraplex_panda_demo,2026-08-03 10:35:09.942359+00:00,165,1,cube1 onto cube0
coraplex_panda_demo,2026-08-03 10:35:09.942359+00:00,165,2,cube2 onto cube1
coraplex_panda_demo,2026-08-03 10:35:09.942359+00:00,165,3,cube3 onto cube2
coraplex_panda_demo,2026-08-03 10:35:09.942359+00:00,166,1,cube1 onto cube0
coraplex_panda_demo,2026-08-03 10:35:09.942359+00:00,166,2,cube2 onto cube1
coraplex_panda_demo,2026-08-03 10:35:09.942359+00:00,166,3,cube3 onto cube2
coraplex_panda_demo,2026-08-03 10:35:09.942359+00:00,167,1,cube1 onto cube0
coraplex_panda_demo,2026-08-03 10:35:09.942359+00:00,167,2,cube2 onto cube1
coraplex_panda_demo,2026-08-03 10:35:09.942359+00:00,167,3,cube3 onto cube2
coraplex_panda_demo,2026-08-03 10:35:09.942359+00:00,168,1,cube1 onto cube0
coraplex_panda_demo,2026-08-03 10:35:09.942359+00:00,168,2,cube2 onto cube1
coraplex_panda_demo,2026-08-03 10:35:09.942359+00:00,168,3,cube3 onto cube2
coraplex_panda_demo,2026-08-03 10:35:09.942359+00:00,169,1,cube1 onto cube0
coraplex_panda_demo,2026-08-03 10:35:09.942359+00:00,169,2,cube2 onto cube1
coraplex_panda_demo,2026-08-03 10:35:09.942359+00:00,169,3,cube3 onto cube2
coraplex_panda_demo,2026-08-03 10:35:09.942359+00:00,171,1,cube1 onto cube0
coraplex_panda_demo,2026-08-03 10:35:09.942359+00:00,171,2,cube2 onto cube1
coraplex_panda_demo,2026-08-03 10:35:09.942359+00:00,171,3,cube3 onto cube2
coraplex_panda_demo,2026-08-03 10:35:09.942359+00:00,174,1,cube1 onto cube0
coraplex_panda_demo,2026-08-03 10:35:09.942359+00:00,174,2,cube2 onto cube1
coraplex_panda_demo,2026-08-03 10:35:09.942359+00:00,174,3,cube3 onto cube2
coraplex_panda_demo,2026-08-03 10:35:09.942359+00:00,176,1,cube1 onto cube0
coraplex_panda_demo,2026-08-03 10:35:09.942359+00:00,176,2,cube2 onto cube1
coraplex_panda_demo,2026-08-03 10:35:09.942359+00:00,176,3,cube3 onto cube2
coraplex_panda_demo,2026-08-03 10:35:09.942359+00:00,177,1,cube1 onto cube0
coraplex_panda_demo,2026-08-03 10:35:09.942359+00:00,177,2,cube2 onto cube1
coraplex_panda_demo,2026-08-03 10:35:09.942359+00:00,177,3,cube3 onto cube2
coraplex_panda_demo,2026-08-03 10:35:09.942359+00:00,179,1,cube1 onto cube0
coraplex_panda_demo,2026-08-03 10:35:09.942359+00:00,179,2,cube2 onto cube1
coraplex_panda_demo,2026-08-03 10:35:09.942359+00:00,179,3,cube3 onto cube2
coraplex_panda_demo,2026-08-03 10:35:09.942359+00:00,180,1,cube1 onto cube0
coraplex_panda_demo,2026-08-03 10:35:09.942359+00:00,180,2,cube2 onto cube1
coraplex_panda_demo,2026-08-03 10:35:09.942359+00:00,180,3,cube3 onto cube2
coraplex_panda_demo,2026-08-03 10:35:09.942359+00:00,181,1,cube1 onto cube0
coraplex_panda_demo,2026-08-03 10:35:09.942359+00:00,181,2,cube2 onto cube1
coraplex_panda_demo,2026-08-03 10:35:09.942359+00:00,181,3,cube3 onto cube2
coraplex_panda_demo,2026-08-03 10:35:09.942359+00:00,182,1,cube1 onto cube0
coraplex_panda_demo,2026-08-03 10:35:09.942359+00:00,182,2,cube2 onto cube1
coraplex_panda_demo,2026-08-03 10:35:09.942359+00:00,182,3,cube3 onto cube2
coraplex_panda_demo,2026-08-03 10:35:09.942359+00:00,187,1,cube1 onto cube0
coraplex_panda_demo,2026-08-03 10:35:09.942359+00:00,187,2,cube2 onto cube1
coraplex_panda_demo,2026-08-03 10:35:09.942359+00:00,187,3,cube3 onto cube2
coraplex_panda_demo,2026-08-03 10:35:09.942359+00:00,188,1,cube1 onto cube0
coraplex_panda_demo,2026-08-03 10:35:09.942359+00:00,188,2,cube2 onto cube1
coraplex_panda_demo,2026-08-03 10:35:09.942359+00:00,188,3,cube3 onto cube2
coraplex_panda_demo,2026-08-03 10:35:09.942359+00:00,190,1,cube1 onto cube0
coraplex_panda_demo,2026-08-03 10:35:09.942359+00:00,190,2,cube2 onto cube1
coraplex_panda_demo,2026-08-03 10:35:09.942359+00:00,190,3,cube3 onto cube2
coraplex_panda_demo,2026-08-03 10:35:09.942359+00:00,194,1,cube1 onto cube0
coraplex_panda_demo,2026-08-03 10:35:09.942359+00:00,194,2,cube2 onto cube1
coraplex_panda_demo,2026-08-03 10:35:09.942359+00:00,194,3,cube3 onto cube2
coraplex_panda_demo,2026-08-03 10:35:09.942359+00:00,195,1,cube1 onto cube0
coraplex_panda_demo,2026-08-03 10:35:09.942359+00:00,195,2,cube2 onto cube1
coraplex_panda_demo,2026-08-03 10:35:09.942359+00:00,195,3,cube3 onto cube2
coraplex_panda_demo,2026-08-03 10:35:09.942359+00:00,196,1,cube1 onto cube0
coraplex_panda_demo,2026-08-03 10:35:09.942359+00:00,196,2,cube2 onto cube1
coraplex_panda_demo,2026-08-03 10:35:09.942359+00:00,196,3,cube3 onto cube2
coraplex_panda_demo,2026-08-03 10:35:09.942359+00:00,197,1,cube1 onto cube0
coraplex_panda_demo,2026-08-03 10:35:09.942359+00:00,197,2,cube2 onto cube1
coraplex_panda_demo,2026-08-03 10:35:09.942359+00:00,197,3,cube3 onto cube2
coraplex_panda_demo,2026-08-03 10:35:09.942359+00:00,198,1,cube1 onto cube0
coraplex_panda_demo,2026-08-03 10:35:09.942359+00:00,198,2,cube2 onto cube1
coraplex_panda_demo,2026-08-03 10:35:09.942359+00:00,198,3,cube3 onto cube2
coraplex_panda_demo,2026-08-03 10:35:09.942359+00:00,199,1,cube1 onto cube0
coraplex_panda_demo,2026-08-03 10:35:09.942359+00:00,199,2,cube2 onto cube1
coraplex_panda_demo,2026-08-03 10:35:09.942359+00:00,199,3,cube3 onto cube2
coraplex_panda_demo,2026-08-03 10:35:09.942359+00:00,201,1,cube1 onto cube0
coraplex_panda_demo,2026-08-03 10:35:09.942359+00:00,201,2,cube2 onto cube1
coraplex_panda_demo,2026-08-03 10:35:09.942359+00:00,201,3,cube3 onto cube2
coraplex_panda_demo,2026-08-03 10:35:09.942359+00:00,202,1,cube1 onto cube0
coraplex_panda_demo,2026-08-03 10:35:09.942359+00:00,202,2,cube2 onto cube1
coraplex_panda_demo,2026-08-03 10:35:09.942359+00:00,202,3,cube3 onto cube2
coraplex_panda_demo,2026-08-03 10:35:09.942359+00:00,206,1,cube1 onto cube0
coraplex_panda_demo,2026-08-03 10:35:09.942359+00:00,206,2,cube2 onto cube1
coraplex_panda_demo,2026-08-03 10:35:09.942359+00:00,206,3,cube3 onto cube2
coraplex_panda_demo,2026-08-03 10:35:09.942359+00:00,207,1,cube1 onto cube0
coraplex_panda_demo,2026-08-03 10:35:09.942359+00:00,207,2,cube2 onto cube1
coraplex_panda_demo,2026-08-03 10:35:09.942359+00:00,207,3,cube3 onto cube2
coraplex_panda_demo,2026-08-03 10:35:09.942359+00:00,208,1,cube1 onto cube0
coraplex_panda_demo,2026-08-03 10:35:09.942359+00:00,208,2,cube2 onto cube1
coraplex_panda_demo,2026-08-03 10:35:09.942359+00:00,208,3,cube3 onto cube2
coraplex_panda_demo,2026-08-03 10:35:09.942359+00:00,209,1,cube1 onto cube0
coraplex_panda_demo,2026-08-03 10:35:09.942359+00:00,209,2,cube2 onto cube1
coraplex_panda_demo,2026-08-03 10:35:09.942359+00:00,209,3,cube3 onto cube2
coraplex_panda_demo,2026-08-03 10:35:09.942359+00:00,210,1,cube1 onto cube0
coraplex_panda_demo,2026-08-03 10:35:09.942359+00:00,210,2,cube2 onto cube1
coraplex_panda_demo,2026-08-03 10:35:09.942359+00:00,210,3,cube3 onto cube2
coraplex_panda_demo,2026-08-03 10:35:09.942359+00:00,211,1,cube1 onto cube0
coraplex_panda_demo,2026-08-03 10:35:09.942359+00:00,211,2,cube2 onto cube1
coraplex_panda_demo,2026-08-03 10:35:09.942359+00:00,211,3,cube3 onto cube2
coraplex_panda_demo,2026-08-03 10:35:09.942359+00:00,212,1,cube1 onto cube0
coraplex_panda_demo,2026-08-03 10:35:09.942359+00:00,212,2,cube2 onto cube1
coraplex_panda_demo,2026-08-03 10:35:09.942359+00:00,212,3,cube3 onto cube2
coraplex_panda_demo,2026-08-03 10:35:09.942359+00:00,213,1,cube1 onto cube0
coraplex_panda_demo,2026-08-03 10:35:09.942359+00:00,213,2,cube2 onto cube1
coraplex_panda_demo,2026-08-03 10:35:09.942359+00:00,213,3,cube3 onto cube2
coraplex_panda_demo,2026-08-03 10:35:09.942359+00:00,214,1,cube1 onto cube0
coraplex_panda_demo,2026-08-03 10:35:09.942359+00:00,214,2,cube2 onto cube1
coraplex_panda_demo,2026-08-03 10:35:09.942359+00:00,214,3,cube3 onto cube2
coraplex_panda_demo,2026-08-03 10:35:09.942359+00:00,215,1,cube1 onto cube0
coraplex_panda_demo,2026-08-03 10:35:09.942359+00:00,215,2,cube2 onto cube1
coraplex_panda_demo,2026-08-03 10:35:09.942359+00:00,215,3,cube3 onto cube2
coraplex_panda_demo,2026-08-03 10:35:09.942359+00:00,216,1,cube1 onto cube0
coraplex_panda_demo,2026-08-03 10:35:09.942359+00:00,216,2,cube2 onto cube1
coraplex_panda_demo,2026-08-03 10:35:09.942359+00:00,216,3,cube3 onto cube2
coraplex_panda_demo,2026-08-03 10:35:09.942359+00:00,217,1,cube1 onto cube0
coraplex_panda_demo,2026-08-03 10:35:09.942359+00:00,217,2,cube2 onto cube1
coraplex_panda_demo,2026-08-03 10:35:09.942359+00:00,217,3,cube3 onto cube2
coraplex_panda_demo,2026-08-03 10:35:09.942359+00:00,218,1,cube1 onto cube0
coraplex_panda_demo,2026-08-03 10:35:09.942359+00:00,218,2,cube2 onto cube1
coraplex_panda_demo,2026-08-03 10:35:09.942359+00:00,218,3,cube3 onto cube2
coraplex_panda_demo,2026-08-03 10:35:09.942359+00:00,219,1,cube1 onto cube0
coraplex_panda_demo,2026-08-03 10:35:09.942359+00:00,219,2,cube2 onto cube1
coraplex_panda_demo,2026-08-03 10:35:09.942359+00:00,219,3,cube3 onto cube2
coraplex_panda_demo,2026-08-03 10:35:09.942359+00:00,220,1,cube1 onto cube0
coraplex_panda_demo,2026-08-03 10:35:09.942359+00:00,220,2,cube2 onto cube1
coraplex_panda_demo,2026-08-03 10:35:09.942359+00:00,220,3,cube3 onto cube2
coraplex_panda_demo,2026-08-03 10:35:09.942359+00:00,221,1,cube1 onto cube0
coraplex_panda_demo,2026-08-03 10:35:09.942359+00:00,221,2,cube2 onto cube1
coraplex_panda_demo,2026-08-03 10:35:09.942359+00:00,221,3,cube3 onto cube2
coraplex_panda_demo,2026-08-03 10:35:09.942359+00:00,222,1,cube1 onto cube0
coraplex_panda_demo,2026-08-03 10:35:09.942359+00:00,222,2,cube2 onto cube1
coraplex_panda_demo,2026-08-03 10:35:09.942359+00:00,222,3,cube3 onto cube2
coraplex_panda_demo,2026-08-03 10:35:09.942359+00:00,223,1,cube1 onto cube0
coraplex_panda_demo,2026-08-03 10:35:09.942359+00:00,223,2,cube2 onto cube1
coraplex_panda_demo,2026-08-03 10:35:09.942359+00:00,223,3,cube3 onto cube2
coraplex_panda_demo,2026-08-03 10:35:09.942359+00:00,224,1,cube1 onto cube0
coraplex_panda_demo,2026-08-03 10:35:09.942359+00:00,224,2,cube2 onto cube1
coraplex_panda_demo,2026-08-03 10:35:09.942359+00:00,224,3,cube3 onto cube2
coraplex_panda_demo,2026-08-03 10:35:09.942359+00:00,225,1,cube1 onto cube0
coraplex_panda_demo,2026-08-03 10:35:09.942359+00:00,225,2,cube2 onto cube1
coraplex_panda_demo,2026-08-03 10:35:09.942359+00:00,225,3,cube3 onto cube2
coraplex_panda_demo,2026-08-03 10:35:09.942359+00:00,226,1,cube1 onto cube0
coraplex_panda_demo,2026-08-03 10:35:09.942359+00:00,226,2,cube2 onto cube1
coraplex_panda_demo,2026-08-03 10:35:09.942359+00:00,226,3,cube3 onto cube2
coraplex_panda_demo,2026-08-03 10:35:09.942359+00:00,228,1,cube1 onto cube0
coraplex_panda_demo,2026-08-03 10:35:09.942359+00:00,228,2,cube2 onto cube1
coraplex_panda_demo,2026-08-03 10:35:09.942359+00:00,228,3,cube3 onto cube2
coraplex_panda_demo,2026-08-03 10:35:09.942359+00:00,229,1,cube1 onto cube0
coraplex_panda_demo,2026-08-03 10:35:09.942359+00:00,229,2,cube2 onto cube1
coraplex_panda_demo,2026-08-03 10:35:09.942359+00:00,229,3,cube3 onto cube2
coraplex_panda_demo,2026-08-03 10:35:09.942359+00:00,230,1,cube1 onto cube0
coraplex_panda_demo,2026-08-03 10:35:09.942359+00:00,230,2,cube2 onto cube1
coraplex_panda_demo,2026-08-03 10:35:09.942359+00:00,230,3,cube3 onto cube2
coraplex_panda_demo,2026-08-03 10:35:09.942359+00:00,231,1,cube1 onto cube0
coraplex_panda_demo,2026-08-03 10:35:09.942359+00:00,231,2,cube2 onto cube1
coraplex_panda_demo,2026-08-03 10:35:09.942359+00:00,231,3,cube3 onto cube2
coraplex_panda_demo,2026-08-03 10:35:09.942359+00:00,232,1,cube1 onto cube0
coraplex_panda_demo,2026-08-03 10:35:09.942359+00:00,232,2,cube2 onto cube1
coraplex_panda_demo,2026-08-03 10:35:09.942359+00:00,232,3,cube3 onto cube2
coraplex_panda_demo,2026-08-03 10:35:09.942359+00:00,234,1,cube1 onto cube0
coraplex_panda_demo,2026-08-03 10:35:09.942359+00:00,234,2,cube2 onto cube1
coraplex_panda_demo,2026-08-03 10:35:09.942359+00:00,234,3,cube3 onto cube2
coraplex_panda_demo,2026-08-03 10:35:09.942359+00:00,236,1,cube1 onto cube0
coraplex_panda_demo,2026-08-03 10:35:09.942359+00:00,236,2,cube2 onto cube1
coraplex_panda_demo,2026-08-03 10:35:09.942359+00:00,236,3,cube3 onto cube2
coraplex_panda_demo,2026-08-03 10:35:09.942359+00:00,238,1,cube1 onto cube0
coraplex_panda_demo,2026-08-03 10:35:09.942359+00:00,238,2,cube2 onto cube1
coraplex_panda_demo,2026-08-03 10:35:09.942359+00:00,238,3,cube3 onto cube2
coraplex_panda_demo,2026-08-03 10:35:09.942359+00:00,239,1,cube1 onto cube0
coraplex_panda_demo,2026-08-03 10:35:09.942359+00:00,239,2,cube2 onto cube1
coraplex_panda_demo,2026-08-03 10:35:09.942359+00:00,239,3,cube3 onto cube2
coraplex_panda_demo,2026-08-03 10:35:09.942359+00:00,240,1,cube1 onto cube0
coraplex_panda_demo,2026-08-03 10:35:09.942359+00:00,240,2,cube2 onto cube1
coraplex_panda_demo,2026-08-03 10:35:09.942359+00:00,240,3,cube3 onto cube2
coraplex_panda_demo,2026-08-03 10:35:09.942359+00:00,241,1,cube1 onto cube0
coraplex_panda_demo,2026-08-03 10:35:09.942359+00:00,241,2,cube2 onto cube1
coraplex_panda_demo,2026-08-03 10:35:09.942359+00:00,241,3,cube3 onto cube2
coraplex_panda_demo,2026-08-03 10:35:09.942359+00:00,242,1,cube1 onto cube0
coraplex_panda_demo,2026-08-03 10:35:09.942359+00:00,242,2,cube2 onto cube1
coraplex_panda_demo,2026-08-03 10:35:09.942359+00:00,242,3,cube3 onto cube2
coraplex_panda_demo,2026-08-03 10:35:09.942359+00:00,243,1,cube1 onto cube0
coraplex_panda_demo,2026-08-03 10:35:09.942359+00:00,243,2,cube2 onto cube1
coraplex_panda_demo,2026-08-03 10:35:09.942359+00:00,243,3,cube3 onto cube2
coraplex_panda_demo,2026-08-03 10:35:09.942359+00:00,244,1,cube1 onto cube0
coraplex_panda_demo,2026-08-03 10:35:09.942359+00:00,244,2,cube2 onto cube1
coraplex_panda_demo,2026-08-03 10:35:09.942359+00:00,244,3,cube3 onto cube2
coraplex_panda_demo,2026-08-03 10:35:09.942359+00:00,245,1,cube1 onto cube0
coraplex_panda_demo,2026-08-03 10:35:09.942359+00:00,245,2,cube2 onto cube1
coraplex_panda_demo,2026-08-03 10:35:09.942359+00:00,245,3,cube3 onto cube2
coraplex_panda_demo,2026-08-03 10:35:09.942359+00:00,246,1,cube1 onto cube0
coraplex_panda_demo,2026-08-03 10:35:09.942359+00:00,246,2,cube2 onto cube1
coraplex_panda_demo,2026-08-03 10:35:09.942359+00:00,246,3,cube3 onto cube2
coraplex_panda_demo,2026-08-03 10:35:09.942359+00:00,247,1,cube1 onto cube0
coraplex_panda_demo,2026-08-03 10:35:09.942359+00:00,247,2,cube2 onto cube1
coraplex_panda_demo,2026-08-03 10:35:09.942359+00:00,247,3,cube3 onto cube2
coraplex_panda_demo,2026-08-03 10:35:09.942359+00:00,248,1,cube1 onto cube0
coraplex_panda_demo,2026-08-03 10:35:09.942359+00:00,248,2,cube2 onto cube1
coraplex_panda_demo,2026-08-03 10:35:09.942359+00:00,248,3,cube3 onto cube2
coraplex_panda_demo,2026-08-03 10:35:09.942359+00:00,249,1,cube1 onto cube0
coraplex_panda_demo,2026-08-03 10:35:09.942359+00:00,249,2,cube2 onto cube1
coraplex_panda_demo,2026-08-03 10:35:09.942359+00:00,249,3,cube3 onto cube2
coraplex_panda_demo,2026-08-03 10:35:09.942359+00:00,250,1,cube1 onto cube0
coraplex_panda_demo,2026-08-03 10:35:09.942359+00:00,250,2,cube2 onto cube1
coraplex_panda_demo,2026-08-03 10:35:09.942359+00:00,250,3,cube3 onto cube2
coraplex_panda_demo,2026-08-03 10:35:09.942359+00:00,251,1,cube1 onto cube0
coraplex_panda_demo,2026-08-03 10:35:09.942359+00:00,251,2,cube2 onto cube1
coraplex_panda_demo,2026-08-03 10:35:09.942359+00:00,251,3,cube3 onto cube2
coraplex_panda_demo,2026-08-03 10:35:09.942359+00:00,253,1,cube1 onto cube0
coraplex_panda_demo,2026-08-03 10:35:09.942359+00:00,253,2,cube2 onto cube1
coraplex_panda_demo,2026-08-03 10:35:09.942359+00:00,253,3,cube3 onto cube2
coraplex_panda_demo,2026-08-03 10:35:09.942359+00:00,254,1,cube1 onto cube0
coraplex_panda_demo,2026-08-03 10:35:09.942359+00:00,254,2,cube2 onto cube1
coraplex_panda_demo,2026-08-03 10:35:09.942359+00:00,254,3,cube3 onto cube2
coraplex_panda_demo,2026-08-03 10:35:09.942359+00:00,255,1,cube1 onto cube0
coraplex_panda_demo,2026-08-03 10:35:09.942359+00:00,255,2,cube2 onto cube1
coraplex_panda_demo,2026-08-03 10:35:09.942359+00:00,255,3,cube3 onto cube2
coraplex_panda_demo,2026-08-03 10:35:09.942359+00:00,256,1,cube1 onto cube0
coraplex_panda_demo,2026-08-03 10:35:09.942359+00:00,256,2,cube2 onto cube1
coraplex_panda_demo,2026-08-03 10:35:09.942359+00:00,256,3,cube3 onto cube2
coraplex_panda_demo,2026-08-03 10:35:09.942359+00:00,257,1,cube1 onto cube0
coraplex_panda_demo,2026-08-03 10:35:09.942359+00:00,257,2,cube2 onto cube1
coraplex_panda_demo,2026-08-03 10:35:09.942359+00:00,257,3,cube3 onto cube2
coraplex_panda_demo,2026-08-03 10:35:09.942359+00:00,258,1,cube1 onto cube0
coraplex_panda_demo,2026-08-03 10:35:09.942359+00:00,258,2,cube2 onto cube1
coraplex_panda_demo,2026-08-03 10:35:09.942359+00:00,258,3,cube3 onto cube2
coraplex_panda_demo,2026-08-03 10:35:09.942359+00:00,260,1,cube1 onto cube0
coraplex_panda_demo,2026-08-03 10:35:09.942359+00:00,260,2,cube2 onto cube1
coraplex_panda_demo,2026-08-03 10:35:09.942359+00:00,260,3,cube3 onto cube2
coraplex_panda_demo,2026-08-03 10:35:09.942359+00:00,261,1,cube1 onto cube0
coraplex_panda_demo,2026-08-03 10:35:09.942359+00:00,261,2,cube2 onto cube1
coraplex_panda_demo,2026-08-03 10:35:09.942359+00:00,261,3,cube3 onto cube2
coraplex_panda_demo,2026-08-03 10:35:09.942359+00:00,262,1,cube1 onto cube0
coraplex_panda_demo,2026-08-03 10:35:09.942359+00:00,262,2,cube2 onto cube1
coraplex_panda_demo,2026-08-03 10:35:09.942359+00:00,262,3,cube3 onto cube2
coraplex_panda_demo,2026-08-03 10:35:09.942359+00:00,263,1,cube1 onto cube0
coraplex_panda_demo,2026-08-03 10:35:09.942359+00:00,263,2,cube2 onto cube1
coraplex_panda_demo,2026-08-03 10:35:09.942359+00:00,263,3,cube3 onto cube2
coraplex_panda_demo,2026-08-03 10:35:09.942359+00:00,265,1,cube1 onto cube0
coraplex_panda_demo,2026-08-03 10:35:09.942359+00:00,265,2,cube2 onto cube1
coraplex_panda_demo,2026-08-03 10:35:09.942359+00:00,265,3,cube3 onto cube2
coraplex_panda_demo,2026-08-03 10:35:09.942359+00:00,266,1,cube1 onto cube0
coraplex_panda_demo,2026-08-03 10:35:09.942359+00:00,266,2,cube2 onto cube1
coraplex_panda_demo,2026-08-03 10:35:09.942359+00:00,266,3,cube3 onto cube2
coraplex_panda_demo,2026-08-03 10:35:09.942359+00:00,267,1,cube1 onto cube0
coraplex_panda_demo,2026-08-03 10:35:09.942359+00:00,267,2,cube2 onto cube1
coraplex_panda_demo,2026-08-03 10:35:09.942359+00:00,267,3,cube3 onto cube2
coraplex_panda_demo,2026-08-03 10:35:09.942359+00:00,268,1,cube1 onto cube0
coraplex_panda_demo,2026-08-03 10:35:09.942359+00:00,268,2,cube2 onto cube1
coraplex_panda_demo,2026-08-03 10:35:09.942359+00:00,268,3,cube3 onto cube2
coraplex_panda_demo,2026-08-03 10:35:09.942359+00:00,269,1,cube1 onto cube0
coraplex_panda_demo,2026-08-03 10:35:09.942359+00:00,269,2,cube2 onto cube1
coraplex_panda_demo,2026-08-03 10:35:09.942359+00:00,269,3,cube3 onto cube2
coraplex_panda_demo,2026-08-03 10:35:09.942359+00:00,270,1,cube1 onto cube0
coraplex_panda_demo,2026-08-03 10:35:09.942359+00:00,270,2,cube2 onto cube1
coraplex_panda_demo,2026-08-03 10:35:09.942359+00:00,270,3,cube3 onto cube2
coraplex_panda_demo,2026-08-03 10:35:09.942359+00:00,271,1,cube1 onto cube0
coraplex_panda_demo,2026-08-03 10:35:09.942359+00:00,271,2,cube2 onto cube1
coraplex_panda_demo,2026-08-03 10:35:09.942359+00:00,271,3,cube3 onto cube2
coraplex_panda_demo,2026-08-03 10:35:09.942359+00:00,272,1,cube1 onto cube0
coraplex_panda_demo,2026-08-03 10:35:09.942359+00:00,272,2,cube2 onto cube1
coraplex_panda_demo,2026-08-03 10:35:09.942359+00:00,272,3,cube3 onto cube2
coraplex_panda_demo,2026-08-03 10:35:09.942359+00:00,273,1,cube1 onto cube0
coraplex_panda_demo,2026-08-03 10:35:09.942359+00:00,273,2,cube2 onto cube1
coraplex_panda_demo,2026-08-03 10:35:09.942359+00:00,273,3,cube3 onto cube2
coraplex_panda_demo,2026-08-03 10:35:09.942359+00:00,275,1,cube1 onto cube0
coraplex_panda_demo,2026-08-03 10:35:09.942359+00:00,275,2,cube2 onto cube1
coraplex_panda_demo,2026-08-03 10:35:09.942359+00:00,275,3,cube3 onto cube2
coraplex_panda_demo,2026-08-03 10:35:09.942359+00:00,276,1,cube1 onto cube0
coraplex_panda_demo,2026-08-03 10:35:09.942359+00:00,276,2,cube2 onto cube1
coraplex_panda_demo,2026-08-03 10:35:09.942359+00:00,276,3,cube3 onto cube2
coraplex_panda_demo,2026-08-03 10:35:09.942359+00:00,277,1,cube1 onto cube0
coraplex_panda_demo,2026-08-03 10:35:09.942359+00:00,277,2,cube2 onto cube1
coraplex_panda_demo,2026-08-03 10:35:09.942359+00:00,277,3,cube3 onto cube2
coraplex_panda_demo,2026-08-03 10:35:09.942359+00:00,281,1,cube1 onto cube0
coraplex_panda_demo,2026-08-03 10:35:09.942359+00:00,281,2,cube2 onto cube1
coraplex_panda_demo,2026-08-03 10:35:09.942359+00:00,281,3,cube3 onto cube2
coraplex_panda_demo,2026-08-03 10:35:09.942359+00:00,282,1,cube1 onto cube0
coraplex_panda_demo,2026-08-03 10:35:09.942359+00:00,282,2,cube2 onto cube1
coraplex_panda_demo,2026-08-03 10:35:09.942359+00:00,282,3,cube3 onto cube2
coraplex_panda_demo,2026-08-03 10:35:09.942359+00:00,284,1,cube1 onto cube0
coraplex_panda_demo,2026-08-03 10:35:09.942359+00:00,284,2,cube2 onto cube1
coraplex_panda_demo,2026-08-03 10:35:09.942359+00:00,284,3,cube3 onto cube2
coraplex_panda_demo,2026-08-03 10:35:09.942359+00:00,286,1,cube1 onto cube0
coraplex_panda_demo,2026-08-03 10:35:09.942359+00:00,286,2,cube2 onto cube1
coraplex_panda_demo,2026-08-03 10:35:09.942359+00:00,286,3,cube3 onto cube2
coraplex_panda_demo,2026-08-03 10:35:09.942359+00:00,288,1,cube1 onto cube0
coraplex_panda_demo,2026-08-03 10:35:09.942359+00:00,288,2,cube2 onto cube1
coraplex_panda_demo,2026-08-03 10:35:09.942359+00:00,288,3,cube3 onto cube2
coraplex_panda_demo,2026-08-03 10:35:09.942359+00:00,289,1,cube1 onto cube0
coraplex_panda_demo,2026-08-03 10:35:09.942359+00:00,289,2,cube2 onto cube1
coraplex_panda_demo,2026-08-03 10:35:09.942359+00:00,289,3,cube3 onto cube2
coraplex_panda_demo,2026-08-03 10:35:09.942359+00:00,290,1,cube1 onto cube0
coraplex_panda_demo,2026-08-03 10:35:09.942359+00:00,290,2,cube2 onto cube1
coraplex_panda_demo,2026-08-03 10:35:09.942359+00:00,290,3,cube3 onto cube2
coraplex_panda_demo,2026-08-03 10:35:09.942359+00:00,291,1,cube1 onto cube0
coraplex_panda_demo,2026-08-03 10:35:09.942359+00:00,291,2,cube2 onto cube1
coraplex_panda_demo,2026-08-03 10:35:09.942359+00:00,291,3,cube3 onto cube2
coraplex_panda_demo,2026-08-03 10:35:09.942359+00:00,292,1,cube1 onto cube0
coraplex_panda_demo,2026-08-03 10:35:09.942359+00:00,292,2,cube2 onto cube1
coraplex_panda_demo,2026-08-03 10:35:09.942359+00:00,292,3,cube3 onto cube2
coraplex_panda_demo,2026-08-03 10:35:09.942359+00:00,293,1,cube1 onto cube0
coraplex_panda_demo,2026-08-03 10:35:09.942359+00:00,293,2,cube2 onto cube1
coraplex_panda_demo,2026-08-03 10:35:09.942359+00:00,293,3,cube3 onto cube2
coraplex_panda_demo,2026-08-03 10:35:09.942359+00:00,296,1,cube1 onto cube0
coraplex_panda_demo,2026-08-03 10:35:09.942359+00:00,296,2,cube2 onto cube1
coraplex_panda_demo,2026-08-03 10:35:09.942359+00:00,296,3,cube3 onto cube2
coraplex_panda_demo,2026-08-03 10:35:09.942359+00:00,298,1,cube1 onto cube0
coraplex_panda_demo,2026-08-03 10:35:09.942359+00:00,298,2,cube2 onto cube1
coraplex_panda_demo,2026-08-03 10:35:09.942359+00:00,298,3,cube3 onto cube2
coraplex_panda_demo,2026-08-03 10:35:09.942359+00:00,299,1,cube1 onto cube0
coraplex_panda_demo,2026-08-03 10:35:09.942359+00:00,299,2,cube2 onto cube1
coraplex_panda_demo,2026-08-03 10:35:09.942359+00:00,299,3,cube3 onto cube2
coraplex_panda_demo,2026-08-03 10:35:09.942359+00:00,300,1,cube1 onto cube0
coraplex_panda_demo,2026-08-03 10:35:09.942359+00:00,300,2,cube2 onto cube1
coraplex_panda_demo,2026-08-03 10:35:09.942359+00:00,300,3,cube3 onto cube2
coraplex_panda_demo,2026-08-03 10:35:09.942359+00:00,301,1,cube1 onto cube0
coraplex_panda_demo,2026-08-03 10:35:09.942359+00:00,301,2,cube2 onto cube1
coraplex_panda_demo,2026-08-03 10:35:09.942359+00:00,301,3,cube3 onto cube2
coraplex_panda_demo,2026-08-03 10:35:09.942359+00:00,305,1,cube1 onto cube0
coraplex_panda_demo,2026-08-03 10:35:09.942359+00:00,305,2,cube2 onto cube1
coraplex_panda_demo,2026-08-03 10:35:09.942359+00:00,305,3,cube3 onto cube2
coraplex_panda_demo,2026-08-03 10:35:09.942359+00:00,307,1,cube1 onto cube0
coraplex_panda_demo,2026-08-03 10:35:09.942359+00:00,307,2,cube2 onto cube1
coraplex_panda_demo,2026-08-03 10:35:09.942359+00:00,307,3,cube3 onto cube2
coraplex_panda_demo,2026-08-03 10:35:09.942359+00:00,309,1,cube1 onto cube0
coraplex_panda_demo,2026-08-03 10:35:09.942359+00:00,309,2,cube2 onto cube1
coraplex_panda_demo,2026-08-03 10:35:09.942359+00:00,309,3,cube3 onto cube2
coraplex_panda_demo,2026-08-03 10:35:09.942359+00:00,310,1,cube1 onto cube0
coraplex_panda_demo,2026-08-03 10:35:09.942359+00:00,310,2,cube2 onto cube1
coraplex_panda_demo,2026-08-03 10:35:09.942359+00:00,310,3,cube3 onto cube2
coraplex_panda_demo,2026-08-03 10:35:09.942359+00:00,311,1,cube1 onto cube0
coraplex_panda_demo,2026-08-03 10:35:09.942359+00:00,311,2,cube2 onto cube1
coraplex_panda_demo,2026-08-03 10:35:09.942359+00:00,311,3,cube3 onto cube2
coraplex_panda_demo,2026-08-03 10:35:09.942359+00:00,312,1,cube1 onto cube0
coraplex_panda_demo,2026-08-03 10:35:09.942359+00:00,312,2,cube2 onto cube1
coraplex_panda_demo,2026-08-03 10:35:09.942359+00:00,312,3,cube3 onto cube2
coraplex_panda_demo,2026-08-03 10:35:09.942359+00:00,313,1,cube1 onto cube0
coraplex_panda_demo,2026-08-03 10:35:09.942359+00:00,313,2,cube2 onto cube1
coraplex_panda_demo,2026-08-03 10:35:09.942359+00:00,313,3,cube3 onto cube2
coraplex_panda_demo,2026-08-03 10:35:09.942359+00:00,314,1,cube1 onto cube0
coraplex_panda_demo,2026-08-03 10:35:09.942359+00:00,314,2,cube2 onto cube1
coraplex_panda_demo,2026-08-03 10:35:09.942359+00:00,314,3,cube3 onto cube2
coraplex_panda_demo,2026-08-03 10:35:09.942359+00:00,315,1,cube1 onto cube0
coraplex_panda_demo,2026-08-03 10:35:09.942359+00:00,315,2,cube2 onto cube1
coraplex_panda_demo,2026-08-03 10:35:09.942359+00:00,315,3,cube3 onto cube2
coraplex_panda_demo,2026-08-03 10:35:09.942359+00:00,316,1,cube1 onto cube0
coraplex_panda_demo,2026-08-03 10:35:09.942359+00:00,316,2,cube2 onto cube1
coraplex_panda_demo,2026-08-03 10:35:09.942359+00:00,316,3,cube3 onto cube2
coraplex_panda_demo,2026-08-03 10:35:09.942359+00:00,317,1,cube1 onto cube0
coraplex_panda_demo,2026-08-03 10:35:09.942359+00:00,317,2,cube2 onto cube1
coraplex_panda_demo,2026-08-03 10:35:09.942359+00:00,317,3,cube3 onto cube2
coraplex_panda_demo,2026-08-03 10:35:09.942359+00:00,318,1,cube1 onto cube0
coraplex_panda_demo,2026-08-03 10:35:09.942359+00:00,318,2,cube2 onto cube1
coraplex_panda_demo,2026-08-03 10:35:09.942359+00:00,318,3,cube3 onto cube2
coraplex_panda_demo,2026-08-03 10:35:09.942359+00:00,319,1,cube1 onto cube0
coraplex_panda_demo,2026-08-03 10:35:09.942359+00:00,319,2,cube2 onto cube1
coraplex_panda_demo,2026-08-03 10:35:09.942359+00:00,319,3,cube3 onto cube2
coraplex_panda_demo,2026-08-03 10:35:09.942359+00:00,320,1,cube1 onto cube0
coraplex_panda_demo,2026-08-03 10:35:09.942359+00:00,320,2,cube2 onto cube1
coraplex_panda_demo,2026-08-03 10:35:09.942359+00:00,320,3,cube3 onto cube2
coraplex_panda_demo,2026-08-03 10:35:09.942359+00:00,321,1,cube1 onto cube0
coraplex_panda_demo,2026-08-03 10:35:09.942359+00:00,321,2,cube2 onto cube1
coraplex_panda_demo,2026-08-03 10:35:09.942359+00:00,321,3,cube3 onto cube2
coraplex_panda_demo,2026-08-03 10:35:09.942359+00:00,322,1,cube1 onto cube0
coraplex_panda_demo,2026-08-03 10:35:09.942359+00:00,322,2,cube2 onto cube1
coraplex_panda_demo,2026-08-03 10:35:09.942359+00:00,322,3,cube3 onto cube2
coraplex_panda_demo,2026-08-03 10:35:09.942359+00:00,323,1,cube1 onto cube0
coraplex_panda_demo,2026-08-03 10:35:09.942359+00:00,323,2,cube2 onto cube1
coraplex_panda_demo,2026-08-03 10:35:09.942359+00:00,323,3,cube3 onto cube2
coraplex_panda_demo,2026-08-03 10:35:09.942359+00:00,325,1,cube1 onto cube0
coraplex_panda_demo,2026-08-03 10:35:09.942359+00:00,325,2,cube2 onto cube1
coraplex_panda_demo,2026-08-03 10:35:09.942359+00:00,325,3,cube3 onto cube2
coraplex_panda_demo,2026-08-03 10:35:09.942359+00:00,326,1,cube1 onto cube0
coraplex_panda_demo,2026-08-03 10:35:09.942359+00:00,326,2,cube2 onto cube1
coraplex_panda_demo,2026-08-03 10:35:09.942359+00:00,326,3,cube3 onto cube2
coraplex_panda_demo,2026-08-03 10:35:09.942359+00:00,327,1,cube1 onto cube0
coraplex_panda_demo,2026-08-03 10:35:09.942359+00:00,327,2,cube2 onto cube1
coraplex_panda_demo,2026-08-03 10:35:09.942359+00:00,327,3,cube3 onto cube2
coraplex_panda_demo,2026-08-03 10:35:09.942359+00:00,328,1,cube1 onto cube0
coraplex_panda_demo,2026-08-03 10:35:09.942359+00:00,328,2,cube2 onto cube1
coraplex_panda_demo,2026-08-03 10:35:09.942359+00:00,328,3,cube3 onto cube2
coraplex_panda_demo,2026-08-03 10:35:09.942359+00:00,329,1,cube1 onto cube0
coraplex_panda_demo,2026-08-03 10:35:09.942359+00:00,329,2,cube2 onto cube1
coraplex_panda_demo,2026-08-03 10:35:09.942359+00:00,329,3,cube3 onto cube2
coraplex_panda_demo,2026-08-03 10:35:09.942359+00:00,331,1,cube1 onto cube0
coraplex_panda_demo,2026-08-03 10:35:09.942359+00:00,331,2,cube2 onto cube1
coraplex_panda_demo,2026-08-03 10:35:09.942359+00:00,331,3,cube3 onto cube2
coraplex_panda_demo,2026-08-03 10:35:09.942359+00:00,332,1,cube1 onto cube0
coraplex_panda_demo,2026-08-03 10:35:09.942359+00:00,332,2,cube2 onto cube1
coraplex_panda_demo,2026-08-03 10:35:09.942359+00:00,332,3,cube3 onto cube2
coraplex_panda_demo,2026-08-03 10:35:09.942359+00:00,334,1,cube1 onto cube0
coraplex_panda_demo,2026-08-03 10:35:09.942359+00:00,334,2,cube2 onto cube1
coraplex_panda_demo,2026-08-03 10:35:09.942359+00:00,334,3,cube3 onto cube2
coraplex_panda_demo,2026-08-03 10:35:09.942359+00:00,335,1,cube1 onto cube0
coraplex_panda_demo,2026-08-03 10:35:09.942359+00:00,335,2,cube2 onto cube1
coraplex_panda_demo,2026-08-03 10:35:09.942359+00:00,335,3,cube3 onto cube2
coraplex_panda_demo,2026-08-03 10:35:09.942359+00:00,336,1,cube1 onto cube0
coraplex_panda_demo,2026-08-03 10:35:09.942359+00:00,336,2,cube2 onto cube1
coraplex_panda_demo,2026-08-03 10:35:09.942359+00:00,336,3,cube3 onto cube2
coraplex_panda_demo,2026-08-03 10:35:09.942359+00:00,337,1,cube1 onto cube0
coraplex_panda_demo,2026-08-03 10:35:09.942359+00:00,337,2,cube2 onto cube1
coraplex_panda_demo,2026-08-03 10:35:09.942359+00:00,337,3,cube3 onto cube2
coraplex_panda_demo,2026-08-03 10:35:09.942359+00:00,339,1,cube1 onto cube0
coraplex_panda_demo,2026-08-03 10:35:09.942359+00:00,339,2,cube2 onto cube1
coraplex_panda_demo,2026-08-03 10:35:09.942359+00:00,339,3,cube3 onto cube2
coraplex_panda_demo,2026-08-03 10:35:09.942359+00:00,340,1,cube1 onto cube0
coraplex_panda_demo,2026-08-03 10:35:09.942359+00:00,340,2,cube2 onto cube1
coraplex_panda_demo,2026-08-03 10:35:09.942359+00:00,340,3,cube3 onto cube2
coraplex_panda_demo,2026-08-03 10:35:09.942359+00:00,342,1,cube1 onto cube0
coraplex_panda_demo,2026-08-03 10:35:09.942359+00:00,342,2,cube2 onto cube1
coraplex_panda_demo,2026-08-03 10:35:09.942359+00:00,342,3,cube3 onto cube2
coraplex_panda_demo,2026-08-03 10:35:09.942359+00:00,343,1,cube1 onto cube0
coraplex_panda_demo,2026-08-03 10:35:09.942359+00:00,343,2,cube2 onto cube1
coraplex_panda_demo,2026-08-03 10:35:09.942359+00:00,343,3,cube3 onto cube2
coraplex_panda_demo,2026-08-03 10:35:09.942359+00:00,344,1,cube1 onto cube0
coraplex_panda_demo,2026-08-03 10:35:09.942359+00:00,344,2,cube2 onto cube1
coraplex_panda_demo,2026-08-03 10:35:09.942359+00:00,344,3,cube3 onto cube2
coraplex_panda_demo,2026-08-03 10:35:09.942359+00:00,346,1,cube1 onto cube0
coraplex_panda_demo,2026-08-03 10:35:09.942359+00:00,346,2,cube2 onto cube1
coraplex_panda_demo,2026-08-03 10:35:09.942359+00:00,346,3,cube3 onto cube2
coraplex_panda_demo,2026-08-03 10:35:09.942359+00:00,347,1,cube1 onto cube0
coraplex_panda_demo,2026-08-03 10:35:09.942359+00:00,347,2,cube2 onto cube1
coraplex_panda_demo,2026-08-03 10:35:09.942359+00:00,347,3,cube3 onto cube2
coraplex_panda_demo,2026-08-03 10:35:09.942359+00:00,348,1,cube1 onto cube0
coraplex_panda_demo,2026-08-03 10:35:09.942359+00:00,348,2,cube2 onto cube1
coraplex_panda_demo,2026-08-03 10:35:09.942359+00:00,348,3,cube3 onto cube2
coraplex_panda_demo,2026-08-03 10:35:09.942359+00:00,349,1,cube1 onto cube0
coraplex_panda_demo,2026-08-03 10:35:09.942359+00:00,349,2,cube2 onto cube1
coraplex_panda_demo,2026-08-03 10:35:09.942359+00:00,349,3,cube3 onto cube2
coraplex_panda_demo,2026-08-03 10:35:09.942359+00:00,350,1,cube1 onto cube0
coraplex_panda_demo,2026-08-03 10:35:09.942359+00:00,350,2,cube2 onto cube1
coraplex_panda_demo,2026-08-03 10:35:09.942359+00:00,350,3,cube3 onto cube2
coraplex_panda_demo,2026-08-03 10:35:09.942359+00:00,351,1,cube1 onto cube0
coraplex_panda_demo,2026-08-03 10:35:09.942359+00:00,351,2,cube2 onto cube1
coraplex_panda_demo,2026-08-03 10:35:09.942359+00:00,351,3,cube3 onto cube2
coraplex_panda_demo,2026-08-03 10:35:09.942359+00:00,352,1,cube1 onto cube0
coraplex_panda_demo,2026-08-03 10:35:09.942359+00:00,352,2,cube2 onto cube1
coraplex_panda_demo,2026-08-03 10:35:09.942359+00:00,352,3,cube3 onto cube2
coraplex_panda_demo,2026-08-03 10:35:09.942359+00:00,353,1,cube1 onto cube0
coraplex_panda_demo,2026-08-03 10:35:09.942359+00:00,353,2,cube2 onto cube1
coraplex_panda_demo,2026-08-03 10:35:09.942359+00:00,353,3,cube3 onto cube2
coraplex_panda_demo,2026-08-03 10:35:09.942359+00:00,354,1,cube1 onto cube0
coraplex_panda_demo,2026-08-03 10:35:09.942359+00:00,354,2,cube2 onto cube1
coraplex_panda_demo,2026-08-03 10:35:09.942359+00:00,354,3,cube3 onto cube2
coraplex_panda_demo,2026-08-03 10:35:09.942359+00:00,355,1,cube1 onto cube0
coraplex_panda_demo,2026-08-03 10:35:09.942359+00:00,355,2,cube2 onto cube1
coraplex_panda_demo,2026-08-03 10:35:09.942359+00:00,355,3,cube3 onto cube2
coraplex_panda_demo,2026-08-03 10:35:09.942359+00:00,356,1,cube1 onto cube0
coraplex_panda_demo,2026-08-03 10:35:09.942359+00:00,356,2,cube2 onto cube1
coraplex_panda_demo,2026-08-03 10:35:09.942359+00:00,356,3,cube3 onto cube2
coraplex_panda_demo,2026-08-03 10:35:09.942359+00:00,357,1,cube1 onto cube0
coraplex_panda_demo,2026-08-03 10:35:09.942359+00:00,357,2,cube2 onto cube1
coraplex_panda_demo,2026-08-03 10:35:09.942359+00:00,357,3,cube3 onto cube2
coraplex_panda_demo,2026-08-03 10:35:09.942359+00:00,359,1,cube1 onto cube0
coraplex_panda_demo,2026-08-03 10:35:09.942359+00:00,359,2,cube2 onto cube1
coraplex_panda_demo,2026-08-03 10:35:09.942359+00:00,359,3,cube3 onto cube2
coraplex_panda_demo,2026-08-03 10:35:09.942359+00:00,360,1,cube1 onto cube0
coraplex_panda_demo,2026-08-03 10:35:09.942359+00:00,360,2,cube2 onto cube1
coraplex_panda_demo,2026-08-03 10:35:09.942359+00:00,360,3,cube3 onto cube2
coraplex_panda_demo,2026-08-03 10:35:09.942359+00:00,363,1,cube1 onto cube0
coraplex_panda_demo,2026-08-03 10:35:09.942359+00:00,363,2,cube2 onto cube1
coraplex_panda_demo,2026-08-03 10:35:09.942359+00:00,363,3,cube3 onto cube2
coraplex_panda_demo,2026-08-03 10:35:09.942359+00:00,364,1,cube1 onto cube0
coraplex_panda_demo,2026-08-03 10:35:09.942359+00:00,364,2,cube2 onto cube1
coraplex_panda_demo,2026-08-03 10:35:09.942359+00:00,364,3,cube3 onto cube2
coraplex_panda_demo,2026-08-03 10:35:09.942359+00:00,365,1,cube1 onto cube0
coraplex_panda_demo,2026-08-03 10:35:09.942359+00:00,365,2,cube2 onto cube1
coraplex_panda_demo,2026-08-03 10:35:09.942359+00:00,365,3,cube3 onto cube2
coraplex_panda_demo,2026-08-03 10:35:09.942359+00:00,366,1,cube1 onto cube0
coraplex_panda_demo,2026-08-03 10:35:09.942359+00:00,366,2,cube2 onto cube1
coraplex_panda_demo,2026-08-03 10:35:09.942359+00:00,366,3,cube3 onto cube2
coraplex_panda_demo,2026-08-03 10:35:09.942359+00:00,367,1,cube1 onto cube0
coraplex_panda_demo,2026-08-03 10:35:09.942359+00:00,367,2,cube2 onto cube1
coraplex_panda_demo,2026-08-03 10:35:09.942359+00:00,367,3,cube3 onto cube2
coraplex_panda_demo,2026-08-03 10:35:09.942359+00:00,368,1,cube1 onto cube0
coraplex_panda_demo,2026-08-03 10:35:09.942359+00:00,368,2,cube2 onto cube1
coraplex_panda_demo,2026-08-03 10:35:09.942359+00:00,368,3,cube3 onto cube2
coraplex_panda_demo,2026-08-03 10:35:09.942359+00:00,369,1,cube1 onto cube0
coraplex_panda_demo,2026-08-03 10:35:09.942359+00:00,369,2,cube2 onto cube1
coraplex_panda_demo,2026-08-03 10:35:09.942359+00:00,369,3,cube3 onto cube2
coraplex_panda_demo,2026-08-03 10:35:09.942359+00:00,370,1,cube1 onto cube0
coraplex_panda_demo,2026-08-03 10:35:09.942359+00:00,370,2,cube2 onto cube1
coraplex_panda_demo,2026-08-03 10:35:09.942359+00:00,370,3,cube3 onto cube2
coraplex_panda_demo,2026-08-03 10:35:09.942359+00:00,371,1,cube1 onto cube0
coraplex_panda_demo,2026-08-03 10:35:09.942359+00:00,371,2,cube2 onto cube1
coraplex_panda_demo,2026-08-03 10:35:09.942359+00:00,371,3,cube3 onto cube2
coraplex_panda_demo,2026-08-03 10:35:09.942359+00:00,372,1,cube1 onto cube0
coraplex_panda_demo,2026-08-03 10:35:09.942359+00:00,372,2,cube2 onto cube1
coraplex_panda_demo,2026-08-03 10:35:09.942359+00:00,372,3,cube3 onto cube2
coraplex_panda_demo,2026-08-03 10:35:09.942359+00:00,373,1,cube1 onto cube0
coraplex_panda_demo,2026-08-03 10:35:09.942359+00:00,373,2,cube2 onto cube1
coraplex_panda_demo,2026-08-03 10:35:09.942359+00:00,373,3,cube3 onto cube2
coraplex_panda_demo,2026-08-03 10:35:09.942359+00:00,374,1,cube1 onto cube0
coraplex_panda_demo,2026-08-03 10:35:09.942359+00:00,374,2,cube2 onto cube1
coraplex_panda_demo,2026-08-03 10:35:09.942359+00:00,374,3,cube3 onto cube2
coraplex_panda_demo,2026-08-03 10:35:09.942359+00:00,376,1,cube1 onto cube0
coraplex_panda_demo,2026-08-03 10:35:09.942359+00:00,376,2,cube2 onto cube1
coraplex_panda_demo,2026-08-03 10:35:09.942359+00:00,376,3,cube3 onto cube2
coraplex_panda_demo,2026-08-03 10:35:09.942359+00:00,377,1,cube1 onto cube0
coraplex_panda_demo,2026-08-03 10:35:09.942359+00:00,377,2,cube2 onto cube1
coraplex_panda_demo,2026-08-03 10:35:09.942359+00:00,377,3,cube3 onto cube2
coraplex_panda_demo,2026-08-03 10:35:09.942359+00:00,378,1,cube1 onto cube0
coraplex_panda_demo,2026-08-03 10:35:09.942359+00:00,378,2,cube2 onto cube1
coraplex_panda_demo,2026-08-03 10:35:09.942359+00:00,378,3,cube3 onto cube2
coraplex_panda_demo,2026-08-03 10:35:09.942359+00:00,379,1,cube1 onto cube0
coraplex_panda_demo,2026-08-03 10:35:09.942359+00:00,379,2,cube2 onto cube1
coraplex_panda_demo,2026-08-03 10:35:09.942359+00:00,379,3,cube3 onto cube2
coraplex_panda_demo,2026-08-03 10:35:09.942359+00:00,380,1,cube1 onto cube0
coraplex_panda_demo,2026-08-03 10:35:09.942359+00:00,380,2,cube2 onto cube1
coraplex_panda_demo,2026-08-03 10:35:09.942359+00:00,380,3,cube3 onto cube2
coraplex_panda_demo,2026-08-03 10:35:09.942359+00:00,382,1,cube1 onto cube0
coraplex_panda_demo,2026-08-03 10:35:09.942359+00:00,382,2,cube2 onto cube1
coraplex_panda_demo,2026-08-03 10:35:09.942359+00:00,382,3,cube3 onto cube2
coraplex_panda_demo,2026-08-03 10:35:09.942359+00:00,383,1,cube1 onto cube0
coraplex_panda_demo,2026-08-03 10:35:09.942359+00:00,383,2,cube2 onto cube1
coraplex_panda_demo,2026-08-03 10:35:09.942359+00:00,383,3,cube3 onto cube2
coraplex_panda_demo,2026-08-03 10:35:09.942359+00:00,384,1,cube1 onto cube0
coraplex_panda_demo,2026-08-03 10:35:09.942359+00:00,384,2,cube2 onto cube1
coraplex_panda_demo,2026-08-03 10:35:09.942359+00:00,384,3,cube3 onto cube2
coraplex_panda_demo,2026-08-03 10:35:09.942359+00:00,385,1,cube1 onto cube0
coraplex_panda_demo,2026-08-03 10:35:09.942359+00:00,385,2,cube2 onto cube1
coraplex_panda_demo,2026-08-03 10:35:09.942359+00:00,385,3,cube3 onto cube2
coraplex_panda_demo,2026-08-03 10:35:09.942359+00:00,387,1,cube1 onto cube0
coraplex_panda_demo,2026-08-03 10:35:09.942359+00:00,387,2,cube2 onto cube1
coraplex_panda_demo,2026-08-03 10:35:09.942359+00:00,387,3,cube3 onto cube2
coraplex_panda_demo,2026-08-03 10:35:09.942359+00:00,388,1,cube1 onto cube0
coraplex_panda_demo,2026-08-03 10:35:09.942359+00:00,388,2,cube2 onto cube1
coraplex_panda_demo,2026-08-03 10:35:09.942359+00:00,388,3,cube3 onto cube2
coraplex_panda_demo,2026-08-03 10:35:09.942359+00:00,389,1,cube1 onto cube0
coraplex_panda_demo,2026-08-03 10:35:09.942359+00:00,389,2,cube2 onto cube1
coraplex_panda_demo,2026-08-03 10:35:09.942359+00:00,389,3,cube3 onto cube2
coraplex_panda_demo,2026-08-03 10:35:09.942359+00:00,390,1,cube1 onto cube0
coraplex_panda_demo,2026-08-03 10:35:09.942359+00:00,390,2,cube2 onto cube1
coraplex_panda_demo,2026-08-03 10:35:09.942359+00:00,390,3,cube3 onto cube2
coraplex_panda_demo,2026-08-03 10:35:09.942359+00:00,392,1,cube1 onto cube0
coraplex_panda_demo,2026-08-03 10:35:09.942359+00:00,392,2,cube2 onto cube1
coraplex_panda_demo,2026-08-03 10:35:09.942359+00:00,392,3,cube3 onto cube2
coraplex_panda_demo,2026-08-03 10:35:09.942359+00:00,393,1,cube1 onto cube0
coraplex_panda_demo,2026-08-03 10:35:09.942359+00:00,393,2,cube2 onto cube1
coraplex_panda_demo,2026-08-03 10:35:09.942359+00:00,393,3,cube3 onto cube2
coraplex_panda_demo,2026-08-03 10:35:09.942359+00:00,394,1,cube1 onto cube0
coraplex_panda_demo,2026-08-03 10:35:09.942359+00:00,394,2,cube2 onto cube1
coraplex_panda_demo,2026-08-03 10:35:09.942359+00:00,394,3,cube3 onto cube2
coraplex_panda_demo,2026-08-03 10:35:09.942359+00:00,396,1,cube1 onto cube0
coraplex_panda_demo,2026-08-03 10:35:09.942359+00:00,396,2,cube2 onto cube1
coraplex_panda_demo,2026-08-03 10:35:09.942359+00:00,396,3,cube3 onto cube2
coraplex_panda_demo,2026-08-03 10:35:09.942359+00:00,397,1,cube1 onto cube0
coraplex_panda_demo,2026-08-03 10:35:09.942359+00:00,397,2,cube2 onto cube1
coraplex_panda_demo,2026-08-03 10:35:09.942359+00:00,397,3,cube3 onto cube2
coraplex_panda_demo,2026-08-03 10:35:09.942359+00:00,399,1,cube1 onto cube0
coraplex_panda_demo,2026-08-03 10:35:09.942359+00:00,399,2,cube2 onto cube1
coraplex_panda_demo,2026-08-03 10:35:09.942359+00:00,399,3,cube3 onto cube2
coraplex_panda_demo,2026-08-03 10:35:09.942359+00:00,401,1,cube1 onto cube0
coraplex_panda_demo,2026-08-03 10:35:09.942359+00:00,401,2,cube2 onto cube1
coraplex_panda_demo,2026-08-03 10:35:09.942359+00:00,401,3,cube3 onto cube2
coraplex_panda_demo,2026-08-03 10:35:09.942359+00:00,402,1,cube1 onto cube0
coraplex_panda_demo,2026-08-03 10:35:09.942359+00:00,402,2,cube2 onto cube1
coraplex_panda_demo,2026-08-03 10:35:09.942359+00:00,402,3,cube3 onto cube2
coraplex_panda_demo,2026-08-03 10:35:09.942359+00:00,405,1,cube1 onto cube0
coraplex_panda_demo,2026-08-03 10:35:09.942359+00:00,405,2,cube2 onto cube1
coraplex_panda_demo,2026-08-03 10:35:09.942359+00:00,405,3,cube3 onto cube2
coraplex_panda_demo,2026-08-03 10:35:09.942359+00:00,407,1,cube1 onto cube0
coraplex_panda_demo,2026-08-03 10:35:09.942359+00:00,407,2,cube2 onto cube1
coraplex_panda_demo,2026-08-03 10:35:09.942359+00:00,407,3,cube3 onto cube2
coraplex_panda_demo,2026-08-03 10:35:09.942359+00:00,408,1,cube1 onto cube0
coraplex_panda_demo,2026-08-03 10:35:09.942359+00:00,408,2,cube2 onto cube1
coraplex_panda_demo,2026-08-03 10:35:09.942359+00:00,408,3,cube3 onto cube2
coraplex_panda_demo,2026-08-03 10:35:09.942359+00:00,409,1,cube1 onto cube0
coraplex_panda_demo,2026-08-03 10:35:09.942359+00:00,409,2,cube2 onto cube1
coraplex_panda_demo,2026-08-03 10:35:09.942359+00:00,409,3,cube3 onto cube2
coraplex_panda_demo,2026-08-03 10:35:09.942359+00:00,410,1,cube1 onto cube0
coraplex_panda_demo,2026-08-03 10:35:09.942359+00:00,410,2,cube2 onto cube1
coraplex_panda_demo,2026-08-03 10:35:09.942359+00:00,410,3,cube3 onto cube2
coraplex_panda_demo,2026-08-03 10:35:09.942359+00:00,411,1,cube1 onto cube0
coraplex_panda_demo,2026-08-03 10:35:09.942359+00:00,411,2,cube2 onto cube1
coraplex_panda_demo,2026-08-03 10:35:09.942359+00:00,411,3,cube3 onto cube2
coraplex_panda_demo,2026-08-03 10:35:09.942359+00:00,412,1,cube1 onto cube0
coraplex_panda_demo,2026-08-03 10:35:09.942359+00:00,412,2,cube2 onto cube1
coraplex_panda_demo,2026-08-03 10:35:09.942359+00:00,412,3,cube3 onto cube2
coraplex_panda_demo,2026-08-03 10:35:09.942359+00:00,413,1,cube1 onto cube0
coraplex_panda_demo,2026-08-03 10:35:09.942359+00:00,413,2,cube2 onto cube1
coraplex_panda_demo,2026-08-03 10:35:09.942359+00:00,413,3,cube3 onto cube2
coraplex_panda_demo,2026-08-03 10:35:09.942359+00:00,414,1,cube1 onto cube0
coraplex_panda_demo,2026-08-03 10:35:09.942359+00:00,414,2,cube2 onto cube1
coraplex_panda_demo,2026-08-03 10:35:09.942359+00:00,414,3,cube3 onto cube2
coraplex_panda_demo,2026-08-03 10:35:09.942359+00:00,416,1,cube1 onto cube0
coraplex_panda_demo,2026-08-03 10:35:09.942359+00:00,416,2,cube2 onto cube1
coraplex_panda_demo,2026-08-03 10:35:09.942359+00:00,416,3,cube3 onto cube2
coraplex_panda_demo,2026-08-03 10:35:09.942359+00:00,418,1,cube1 onto cube0
coraplex_panda_demo,2026-08-03 10:35:09.942359+00:00,418,2,cube2 onto cube1
coraplex_panda_demo,2026-08-03 10:35:09.942359+00:00,418,3,cube3 onto cube2
coraplex_panda_demo,2026-08-03 10:35:09.942359+00:00,419,1,cube1 onto cube0
coraplex_panda_demo,2026-08-03 10:35:09.942359+00:00,419,2,cube2 onto cube1
coraplex_panda_demo,2026-08-03 10:35:09.942359+00:00,419,3,cube3 onto cube2
coraplex_panda_demo,2026-08-03 10:35:09.942359+00:00,420,1,cube1 onto cube0
coraplex_panda_demo,2026-08-03 10:35:09.942359+00:00,420,2,cube2 onto cube1
coraplex_panda_demo,2026-08-03 10:35:09.942359+00:00,420,3,cube3 onto cube2
coraplex_panda_demo,2026-08-03 10:35:09.942359+00:00,421,1,cube1 onto cube0
coraplex_panda_demo,2026-08-03 10:35:09.942359+00:00,421,2,cube2 onto cube1
coraplex_panda_demo,2026-08-03 10:35:09.942359+00:00,421,3,cube3 onto cube2
coraplex_panda_demo,2026-08-03 10:35:09.942359+00:00,422,1,cube1 onto cube0
coraplex_panda_demo,2026-08-03 10:35:09.942359+00:00,422,2,cube2 onto cube1
coraplex_panda_demo,2026-08-03 10:35:09.942359+00:00,422,3,cube3 onto cube2
coraplex_panda_demo,2026-08-03 10:35:09.942359+00:00,423,1,cube1 onto cube0
coraplex_panda_demo,2026-08-03 10:35:09.942359+00:00,423,2,cube2 onto cube1
coraplex_panda_demo,2026-08-03 10:35:09.942359+00:00,423,3,cube3 onto cube2
coraplex_panda_demo,2026-08-03 10:35:09.942359+00:00,424,1,cube1 onto cube0
coraplex_panda_demo,2026-08-03 10:35:09.942359+00:00,424,2,cube2 onto cube1
coraplex_panda_demo,2026-08-03 10:35:09.942359+00:00,424,3,cube3 onto cube2
coraplex_panda_demo,2026-08-03 10:35:09.942359+00:00,425,1,cube1 onto cube0
coraplex_panda_demo,2026-08-03 10:35:09.942359+00:00,425,2,cube2 onto cube1
coraplex_panda_demo,2026-08-03 10:35:09.942359+00:00,425,3,cube3 onto cube2
coraplex_panda_demo,2026-08-03 10:35:09.942359+00:00,426,1,cube1 onto cube0
coraplex_panda_demo,2026-08-03 10:35:09.942359+00:00,426,2,cube2 onto cube1
coraplex_panda_demo,2026-08-03 10:35:09.942359+00:00,426,3,cube3 onto cube2
coraplex_panda_demo,2026-08-03 10:35:09.942359+00:00,428,1,cube1 onto cube0
coraplex_panda_demo,2026-08-03 10:35:09.942359+00:00,428,2,cube2 onto cube1
coraplex_panda_demo,2026-08-03 10:35:09.942359+00:00,428,3,cube3 onto cube2
coraplex_panda_demo,2026-08-03 10:35:09.942359+00:00,429,1,cube1 onto cube0
coraplex_panda_demo,2026-08-03 10:35:09.942359+00:00,429,2,cube2 onto cube1
coraplex_panda_demo,2026-08-03 10:35:09.942359+00:00,429,3,cube3 onto cube2
coraplex_panda_demo,2026-08-03 10:35:09.942359+00:00,431,1,cube1 onto cube0
coraplex_panda_demo,2026-08-03 10:35:09.942359+00:00,431,2,cube2 onto cube1
coraplex_panda_demo,2026-08-03 10:35:09.942359+00:00,431,3,cube3 onto cube2
coraplex_panda_demo,2026-08-03 10:35:09.942359+00:00,432,1,cube1 onto cube0
coraplex_panda_demo,2026-08-03 10:35:09.942359+00:00,432,2,cube2 onto cube1
coraplex_panda_demo,2026-08-03 10:35:09.942359+00:00,432,3,cube3 onto cube2
coraplex_panda_demo,2026-08-03 10:35:09.942359+00:00,435,1,cube1 onto cube0
coraplex_panda_demo,2026-08-03 10:35:09.942359+00:00,435,2,cube2 onto cube1
coraplex_panda_demo,2026-08-03 10:35:09.942359+00:00,435,3,cube3 onto cube2
coraplex_panda_demo,2026-08-03 10:35:09.942359+00:00,436,1,cube1 onto cube0
coraplex_panda_demo,2026-08-03 10:35:09.942359+00:00,436,2,cube2 onto cube1
coraplex_panda_demo,2026-08-03 10:35:09.942359+00:00,436,3,cube3 onto cube2
coraplex_panda_demo,2026-08-03 10:35:09.942359+00:00,437,1,cube1 onto cube0
coraplex_panda_demo,2026-08-03 10:35:09.942359+00:00,437,2,cube2 onto cube1
coraplex_panda_demo,2026-08-03 10:35:09.942359+00:00,437,3,cube3 onto cube2
coraplex_panda_demo,2026-08-03 10:35:09.942359+00:00,438,1,cube1 onto cube0
coraplex_panda_demo,2026-08-03 10:35:09.942359+00:00,438,2,cube2 onto cube1
coraplex_panda_demo,2026-08-03 10:35:09.942359+00:00,438,3,cube3 onto cube2
coraplex_panda_demo,2026-08-03 10:35:09.942359+00:00,439,1,cube1 onto cube0
coraplex_panda_demo,2026-08-03 10:35:09.942359+00:00,439,2,cube2 onto cube1
coraplex_panda_demo,2026-08-03 10:35:09.942359+00:00,439,3,cube3 onto cube2
coraplex_panda_demo,2026-08-03 10:35:09.942359+00:00,440,1,cube1 onto cube0
coraplex_panda_demo,2026-08-03 10:35:09.942359+00:00,440,2,cube2 onto cube1
coraplex_panda_demo,2026-08-03 10:35:09.942359+00:00,440,3,cube3 onto cube2
coraplex_panda_demo,2026-08-03 10:35:09.942359+00:00,441,1,cube1 onto cube0
coraplex_panda_demo,2026-08-03 10:35:09.942359+00:00,441,2,cube2 onto cube1
coraplex_panda_demo,2026-08-03 10:35:09.942359+00:00,441,3,cube3 onto cube2
coraplex_panda_demo,2026-08-03 10:35:09.942359+00:00,442,1,cube1 onto cube0
coraplex_panda_demo,2026-08-03 10:35:09.942359+00:00,442,2,cube2 onto cube1
coraplex_panda_demo,2026-08-03 10:35:09.942359+00:00,442,3,cube3 onto cube2
coraplex_panda_demo,2026-08-03 10:35:09.942359+00:00,443,1,cube1 onto cube0
coraplex_panda_demo,2026-08-03 10:35:09.942359+00:00,443,2,cube2 onto cube1
coraplex_panda_demo,2026-08-03 10:35:09.942359+00:00,443,3,cube3 onto cube2
coraplex_panda_demo,2026-08-03 10:35:09.942359+00:00,444,1,cube1 onto cube0
coraplex_panda_demo,2026-08-03 10:35:09.942359+00:00,444,2,cube2 onto cube1
coraplex_panda_demo,2026-08-03 10:35:09.942359+00:00,444,3,cube3 onto cube2
coraplex_panda_demo,2026-08-03 10:35:09.942359+00:00,446,1,cube1 onto cube0
coraplex_panda_demo,2026-08-03 10:35:09.942359+00:00,446,2,cube2 onto cube1
coraplex_panda_demo,2026-08-03 10:35:09.942359+00:00,446,3,cube3 onto cube2
coraplex_panda_demo,2026-08-03 10:35:09.942359+00:00,447,1,cube1 onto cube0
coraplex_panda_demo,2026-08-03 10:35:09.942359+00:00,447,2,cube2 onto cube1
coraplex_panda_demo,2026-08-03 10:35:09.942359+00:00,447,3,cube3 onto cube2
coraplex_panda_demo,2026-08-03 10:35:09.942359+00:00,449,1,cube1 onto cube0
coraplex_panda_demo,2026-08-03 10:35:09.942359+00:00,449,2,cube2 onto cube1
coraplex_panda_demo,2026-08-03 10:35:09.942359+00:00,449,3,cube3 onto cube2
coraplex_panda_demo,2026-08-03 10:35:09.942359+00:00,450,1,cube1 onto cube0
coraplex_panda_demo,2026-08-03 10:35:09.942359+00:00,450,2,cube2 onto cube1
coraplex_panda_demo,2026-08-03 10:35:09.942359+00:00,450,3,cube3 onto cube2
coraplex_panda_demo,2026-08-03 10:35:09.942359+00:00,451,1,cube1 onto cube0
coraplex_panda_demo,2026-08-03 10:35:09.942359+00:00,451,2,cube2 onto cube1
coraplex_panda_demo,2026-08-03 10:35:09.942359+00:00,451,3,cube3 onto cube2
coraplex_panda_demo,2026-08-03 10:35:09.942359+00:00,453,1,cube1 onto cube0
coraplex_panda_demo,2026-08-03 10:35:09.942359+00:00,453,2,cube2 onto cube1
coraplex_panda_demo,2026-08-03 10:35:09.942359+00:00,453,3,cube3 onto cube2
coraplex_panda_demo,2026-08-03 10:35:09.942359+00:00,454,1,cube1 onto cube0
coraplex_panda_demo,2026-08-03 10:35:09.942359+00:00,454,2,cube2 onto cube1
coraplex_panda_demo,2026-08-03 10:35:09.942359+00:00,454,3,cube3 onto cube2
coraplex_panda_demo,2026-08-03 10:35:09.942359+00:00,455,1,cube1 onto cube0
coraplex_panda_demo,2026-08-03 10:35:09.942359+00:00,455,2,cube2 onto cube1
coraplex_panda_demo,2026-08-03 10:35:09.942359+00:00,455,3,cube3 onto cube2
coraplex_panda_demo,2026-08-03 10:35:09.942359+00:00,456,1,cube1 onto cube0
coraplex_panda_demo,2026-08-03 10:35:09.942359+00:00,456,2,cube2 onto cube1
coraplex_panda_demo,2026-08-03 10:35:09.942359+00:00,456,3,cube3 onto cube2
coraplex_panda_demo,2026-08-03 10:35:09.942359+00:00,457,1,cube1 onto cube0
coraplex_panda_demo,2026-08-03 10:35:09.942359+00:00,457,2,cube2 onto cube1
coraplex_panda_demo,2026-08-03 10:35:09.942359+00:00,457,3,cube3 onto cube2
coraplex_panda_demo,2026-08-03 10:35:09.942359+00:00,458,1,cube1 onto cube0
coraplex_panda_demo,2026-08-03 10:35:09.942359+00:00,458,2,cube2 onto cube1
coraplex_panda_demo,2026-08-03 10:35:09.942359+00:00,458,3,cube3 onto cube2
coraplex_panda_demo,2026-08-03 10:35:09.942359+00:00,460,1,cube1 onto cube0
coraplex_panda_demo,2026-08-03 10:35:09.942359+00:00,460,2,cube2 onto cube1
coraplex_panda_demo,2026-08-03 10:35:09.942359+00:00,460,3,cube3 onto cube2
coraplex_panda_demo,2026-08-03 10:35:09.942359+00:00,461,1,cube1 onto cube0
coraplex_panda_demo,2026-08-03 10:35:09.942359+00:00,461,2,cube2 onto cube1
coraplex_panda_demo,2026-08-03 10:35:09.942359+00:00,461,3,cube3 onto cube2
coraplex_panda_demo,2026-08-03 10:35:09.942359+00:00,462,1,cube1 onto cube0
coraplex_panda_demo,2026-08-03 10:35:09.942359+00:00,462,2,cube2 onto cube1
coraplex_panda_demo,2026-08-03 10:35:09.942359+00:00,462,3,cube3 onto cube2
coraplex_panda_demo,2026-08-03 10:35:09.942359+00:00,463,1,cube1 onto cube0
coraplex_panda_demo,2026-08-03 10:35:09.942359+00:00,463,2,cube2 onto cube1
coraplex_panda_demo,2026-08-03 10:35:09.942359+00:00,463,3,cube3 onto cube2
coraplex_panda_demo,2026-08-03 10:35:09.942359+00:00,464,1,cube1 onto cube0
coraplex_panda_demo,2026-08-03 10:35:09.942359+00:00,464,2,cube2 onto cube1
coraplex_panda_demo,2026-08-03 10:35:09.942359+00:00,464,3,cube3 onto cube2
coraplex_panda_demo,2026-08-03 10:35:09.942359+00:00,467,1,cube1 onto cube0
coraplex_panda_demo,2026-08-03 10:35:09.942359+00:00,467,2,cube2 onto cube1
coraplex_panda_demo,2026-08-03 10:35:09.942359+00:00,467,3,cube3 onto cube2
coraplex_panda_demo,2026-08-03 10:35:09.942359+00:00,468,1,cube1 onto cube0
coraplex_panda_demo,2026-08-03 10:35:09.942359+00:00,468,2,cube2 onto cube1
coraplex_panda_demo,2026-08-03 10:35:09.942359+00:00,468,3,cube3 onto cube2
coraplex_panda_demo,2026-08-03 10:35:09.942359+00:00,469,1,cube1 onto cube0
coraplex_panda_demo,2026-08-03 10:35:09.942359+00:00,469,2,cube2 onto cube1
coraplex_panda_demo,2026-08-03 10:35:09.942359+00:00,469,3,cube3 onto cube2
coraplex_panda_demo,2026-08-03 10:35:09.942359+00:00,472,1,cube1 onto cube0
coraplex_panda_demo,2026-08-03 10:35:09.942359+00:00,472,2,cube2 onto cube1
coraplex_panda_demo,2026-08-03 10:35:09.942359+00:00,472,3,cube3 onto cube2
coraplex_panda_demo,2026-08-03 10:35:09.942359+00:00,474,1,cube1 onto cube0
coraplex_panda_demo,2026-08-03 10:35:09.942359+00:00,474,2,cube2 onto cube1
coraplex_panda_demo,2026-08-03 10:35:09.942359+00:00,474,3,cube3 onto cube2
coraplex_panda_demo,2026-08-03 10:35:09.942359+00:00,475,1,cube1 onto cube0
coraplex_panda_demo,2026-08-03 10:35:09.942359+00:00,475,2,cube2 onto cube1
coraplex_panda_demo,2026-08-03 10:35:09.942359+00:00,475,3,cube3 onto cube2
coraplex_panda_demo,2026-08-03 10:35:09.942359+00:00,477,1,cube1 onto cube0
coraplex_panda_demo,2026-08-03 10:35:09.942359+00:00,477,2,cube2 onto cube1
coraplex_panda_demo,2026-08-03 10:35:09.942359+00:00,477,3,cube3 onto cube2
coraplex_panda_demo,2026-08-03 10:35:09.942359+00:00,478,1,cube1 onto cube0
coraplex_panda_demo,2026-08-03 10:35:09.942359+00:00,478,2,cube2 onto cube1
coraplex_panda_demo,2026-08-03 10:35:09.942359+00:00,478,3,cube3 onto cube2
coraplex_panda_demo,2026-08-03 10:35:09.942359+00:00,479,1,cube1 onto cube0
coraplex_panda_demo,2026-08-03 10:35:09.942359+00:00,479,2,cube2 onto cube1
coraplex_panda_demo,2026-08-03 10:35:09.942359+00:00,479,3,cube3 onto cube2
coraplex_panda_demo,2026-08-03 10:35:09.942359+00:00,480,1,cube1 onto cube0
coraplex_panda_demo,2026-08-03 10:35:09.942359+00:00,480,2,cube2 onto cube1
coraplex_panda_demo,2026-08-03 10:35:09.942359+00:00,480,3,cube3 onto cube2
coraplex_panda_demo,2026-08-03 10:35:09.942359+00:00,481,1,cube1 onto cube0
coraplex_panda_demo,2026-08-03 10:35:09.942359+00:00,481,2,cube2 onto cube1
coraplex_panda_demo,2026-08-03 10:35:09.942359+00:00,481,3,cube3 onto cube2
coraplex_panda_demo,2026-08-03 10:35:09.942359+00:00,482,1,cube1 onto cube0
coraplex_panda_demo,2026-08-03 10:35:09.942359+00:00,482,2,cube2 onto cube1
coraplex_panda_demo,2026-08-03 10:35:09.942359+00:00,482,3,cube3 onto cube2
coraplex_panda_demo,2026-08-03 10:35:09.942359+00:00,483,1,cube1 onto cube0
coraplex_panda_demo,2026-08-03 10:35:09.942359+00:00,483,2,cube2 onto cube1
coraplex_panda_demo,2026-08-03 10:35:09.942359+00:00,483,3,cube3 onto cube2
coraplex_panda_demo,2026-08-03 10:35:09.942359+00:00,484,1,cube1 onto cube0
coraplex_panda_demo,2026-08-03 10:35:09.942359+00:00,484,2,cube2 onto cube1
coraplex_panda_demo,2026-08-03 10:35:09.942359+00:00,484,3,cube3 onto cube2
coraplex_panda_demo,2026-08-03 10:35:09.942359+00:00,486,1,cube1 onto cube0
coraplex_panda_demo,2026-08-03 10:35:09.942359+00:00,486,2,cube2 onto cube1
coraplex_panda_demo,2026-08-03 10:35:09.942359+00:00,486,3,cube3 onto cube2
coraplex_panda_demo,2026-08-03 10:35:09.942359+00:00,487,1,cube1 onto cube0
coraplex_panda_demo,2026-08-03 10:35:09.942359+00:00,487,2,cube2 onto cube1
coraplex_panda_demo,2026-08-03 10:35:09.942359+00:00,487,3,cube3 onto cube2
coraplex_panda_demo,2026-08-03 10:35:09.942359+00:00,488,1,cube1 onto cube0
coraplex_panda_demo,2026-08-03 10:35:09.942359+00:00,488,2,cube2 onto cube1
coraplex_panda_demo,2026-08-03 10:35:09.942359+00:00,488,3,cube3 onto cube2
coraplex_panda_demo,2026-08-03 10:35:09.942359+00:00,490,1,cube1 onto cube0
coraplex_panda_demo,2026-08-03 10:35:09.942359+00:00,490,2,cube2 onto cube1
coraplex_panda_demo,2026-08-03 10:35:09.942359+00:00,490,3,cube3 onto cube2
coraplex_panda_demo,2026-08-03 10:35:09.942359+00:00,492,1,cube1 onto cube0
coraplex_panda_demo,2026-08-03 10:35:09.942359+00:00,492,2,cube2 onto cube1
coraplex_panda_demo,2026-08-03 10:35:09.942359+00:00,492,3,cube3 onto cube2
coraplex_panda_demo,2026-08-03 10:35:09.942359+00:00,493,1,cube1 onto cube0
coraplex_panda_demo,2026-08-03 10:35:09.942359+00:00,493,2,cube2 onto cube1
coraplex_panda_demo,2026-08-03 10:35:09.942359+00:00,493,3,cube3 onto cube2
coraplex_panda_demo,2026-08-03 10:35:09.942359+00:00,494,1,cube1 onto cube0
coraplex_panda_demo,2026-08-03 10:35:09.942359+00:00,494,2,cube2 onto cube1
coraplex_panda_demo,2026-08-03 10:35:09.942359+00:00,494,3,cube3 onto cube2
coraplex_panda_demo,2026-08-03 10:35:09.942359+00:00,495,1,cube1 onto cube0
coraplex_panda_demo,2026-08-03 10:35:09.942359+00:00,495,2,cube2 onto cube1
coraplex_panda_demo,2026-08-03 10:35:09.942359+00:00,495,3,cube3 onto cube2
coraplex_panda_demo,2026-08-03 10:35:09.942359+00:00,496,1,cube1 onto cube0
coraplex_panda_demo,2026-08-03 10:35:09.942359+00:00,496,2,cube2 onto cube1
coraplex_panda_demo,2026-08-03 10:35:09.942359+00:00,496,3,cube3 onto cube2
coraplex_panda_demo,2026-08-03 10:35:09.942359+00:00,498,1,cube1 onto cube0
coraplex_panda_demo,2026-08-03 10:35:09.942359+00:00,498,2,cube2 onto cube1
coraplex_panda_demo,2026-08-03 10:35:09.942359+00:00,498,3,cube3 onto cube2
coraplex_panda_demo,2026-08-03 10:35:09.942359+00:00,499,1,cube1 onto cube0
coraplex_panda_demo,2026-08-03 10:35:09.942359+00:00,499,2,cube2 onto cube1
coraplex_panda_demo,2026-08-03 10:35:09.942359+00:00,499,3,cube3 onto cube2
coraplex_panda_demo,2026-08-03 10:35:09.942359+00:00,500,1,cube1 onto cube0
coraplex_panda_demo,2026-08-03 10:35:09.942359+00:00,500,2,cube2 onto cube1
coraplex_panda_demo,2026-08-03 10:35:09.942359+00:00,500,3,cube3 onto cube2
coraplex_panda_demo,2026-08-03 10:35:09.942359+00:00,503,1,cube1 onto cube0
coraplex_panda_demo,2026-08-03 10:35:09.942359+00:00,503,2,cube2 onto cube1
coraplex_panda_demo,2026-08-03 10:35:09.942359+00:00,503,3,cube3 onto cube2
coraplex_panda_demo,2026-08-03 10:35:09.942359+00:00,504,1,cube1 onto cube0
coraplex_panda_demo,2026-08-03 10:35:09.942359+00:00,504,2,cube2 onto cube1
coraplex_panda_demo,2026-08-03 10:35:09.942359+00:00,504,3,cube3 onto cube2
coraplex_panda_demo,2026-08-03 10:35:09.942359+00:00,505,1,cube1 onto cube0
coraplex_panda_demo,2026-08-03 10:35:09.942359+00:00,505,2,cube2 onto cube1
coraplex_panda_demo,2026-08-03 10:35:09.942359+00:00,505,3,cube3 onto cube2
coraplex_panda_demo,2026-08-03 10:35:09.942359+00:00,506,1,cube1 onto cube0
coraplex_panda_demo,2026-08-03 10:35:09.942359+00:00,506,2,cube2 onto cube1
coraplex_panda_demo,2026-08-03 10:35:09.942359+00:00,506,3,cube3 onto cube2
coraplex_panda_demo,2026-08-03 10:35:09.942359+00:00,507,1,cube1 onto cube0
coraplex_panda_demo,2026-08-03 10:35:09.942359+00:00,507,2,cube2 onto cube1
coraplex_panda_demo,2026-08-03 10:35:09.942359+00:00,507,3,cube3 onto cube2
coraplex_panda_demo,2026-08-03 10:35:09.942359+00:00,508,1,cube1 onto cube0
coraplex_panda_demo,2026-08-03 10:35:09.942359+00:00,508,2,cube2 onto cube1
coraplex_panda_demo,2026-08-03 10:35:09.942359+00:00,508,3,cube3 onto cube2
coraplex_panda_demo,2026-08-03 10:35:09.942359+00:00,509,1,cube1 onto cube0
coraplex_panda_demo,2026-08-03 10:35:09.942359+00:00,509,2,cube2 onto cube1
coraplex_panda_demo,2026-08-03 10:35:09.942359+00:00,509,3,cube3 onto cube2
coraplex_panda_demo,2026-08-03 10:35:09.942359+00:00,512,1,cube1 onto cube0
coraplex_panda_demo,2026-08-03 10:35:09.942359+00:00,512,2,cube2 onto cube1
coraplex_panda_demo,2026-08-03 10:35:09.942359+00:00,512,3,cube3 onto cube2
coraplex_panda_demo,2026-08-03 10:35:09.942359+00:00,513,1,cube1 onto cube0
coraplex_panda_demo,2026-08-03 10:35:09.942359+00:00,513,2,cube2 onto cube1
coraplex_panda_demo,2026-08-03 10:35:09.942359+00:00,513,3,cube3 onto cube2
coraplex_panda_demo,2026-08-03 10:35:09.942359+00:00,514,1,cube1 onto cube0
coraplex_panda_demo,2026-08-03 10:35:09.942359+00:00,514,2,cube2 onto cube1
coraplex_panda_demo,2026-08-03 10:35:09.942359+00:00,514,3,cube3 onto cube2
coraplex_panda_demo,2026-08-03 10:35:09.942359+00:00,515,1,cube1 onto cube0
coraplex_panda_demo,2026-08-03 10:35:09.942359+00:00,515,2,cube2 onto cube1
coraplex_panda_demo,2026-08-03 10:35:09.942359+00:00,515,3,cube3 onto cube2
coraplex_panda_demo,2026-08-03 10:35:09.942359+00:00,516,1,cube1 onto cube0
coraplex_panda_demo,2026-08-03 10:35:09.942359+00:00,516,2,cube2 onto cube1
coraplex_panda_demo,2026-08-03 10:35:09.942359+00:00,516,3,cube3 onto cube2
coraplex_panda_demo,2026-08-03 10:35:09.942359+00:00,517,1,cube1 onto cube0
coraplex_panda_demo,2026-08-03 10:35:09.942359+00:00,517,2,cube2 onto cube1
coraplex_panda_demo,2026-08-03 10:35:09.942359+00:00,517,3,cube3 onto cube2
coraplex_panda_demo,2026-08-03 10:35:09.942359+00:00,519,1,cube1 onto cube0
coraplex_panda_demo,2026-08-03 10:35:09.942359+00:00,519,2,cube2 onto cube1
coraplex_panda_demo,2026-08-03 10:35:09.942359+00:00,519,3,cube3 onto cube2
coraplex_panda_demo,2026-08-03 10:35:09.942359+00:00,520,1,cube1 onto cube0
coraplex_panda_demo,2026-08-03 10:35:09.942359+00:00,520,2,cube2 onto cube1
coraplex_panda_demo,2026-08-03 10:35:09.942359+00:00,520,3,cube3 onto cube2
coraplex_panda_demo,2026-08-03 10:35:09.942359+00:00,521,1,cube1 onto cube0
coraplex_panda_demo,2026-08-03 10:35:09.942359+00:00,521,2,cube2 onto cube1
coraplex_panda_demo,2026-08-03 10:35:09.942359+00:00,521,3,cube3 onto cube2
coraplex_panda_demo,2026-08-03 10:35:09.942359+00:00,522,1,cube1 onto cube0
coraplex_panda_demo,2026-08-03 10:35:09.942359+00:00,522,2,cube2 onto cube1
coraplex_panda_demo,2026-08-03 10:35:09.942359+00:00,522,3,cube3 onto cube2
coraplex_panda_demo,2026-08-03 10:35:09.942359+00:00,523,1,cube1 onto cube0
coraplex_panda_demo,2026-08-03 10:35:09.942359+00:00,523,2,cube2 onto cube1
coraplex_panda_demo,2026-08-03 10:35:09.942359+00:00,523,3,cube3 onto cube2
coraplex_panda_demo,2026-08-03 10:35:09.942359+00:00,525,1,cube1 onto cube0
coraplex_panda_demo,2026-08-03 10:35:09.942359+00:00,525,2,cube2 onto cube1
coraplex_panda_demo,2026-08-03 10:35:09.942359+00:00,525,3,cube3 onto cube2
coraplex_panda_demo,2026-08-03 10:35:09.942359+00:00,527,1,cube1 onto cube0
coraplex_panda_demo,2026-08-03 10:35:09.942359+00:00,527,2,cube2 onto cube1
coraplex_panda_demo,2026-08-03 10:35:09.942359+00:00,527,3,cube3 onto cube2
coraplex_panda_demo,2026-08-03 10:35:09.942359+00:00,529,1,cube1 onto cube0
coraplex_panda_demo,2026-08-03 10:35:09.942359+00:00,529,2,cube2 onto cube1
coraplex_panda_demo,2026-08-03 10:35:09.942359+00:00,529,3,cube3 onto cube2
coraplex_panda_demo,2026-08-03 10:35:09.942359+00:00,532,1,cube1 onto cube0
coraplex_panda_demo,2026-08-03 10:35:09.942359+00:00,532,2,cube2 onto cube1
coraplex_panda_demo,2026-08-03 10:35:09.942359+00:00,532,3,cube3 onto cube2
coraplex_panda_demo,2026-08-03 10:35:09.942359+00:00,534,1,cube1 onto cube0
coraplex_panda_demo,2026-08-03 10:35:09.942359+00:00,534,2,cube2 onto cube1
coraplex_panda_demo,2026-08-03 10:35:09.942359+00:00,534,3,cube3 onto cube2
coraplex_panda_demo,2026-08-03 10:35:09.942359+00:00,535,1,cube1 onto cube0
coraplex_panda_demo,2026-08-03 10:35:09.942359+00:00,535,2,cube2 onto cube1
coraplex_panda_demo,2026-08-03 10:35:09.942359+00:00,535,3,cube3 onto cube2
coraplex_panda_demo,2026-08-03 10:35:09.942359+00:00,538,1,cube1 onto cube0
coraplex_panda_demo,2026-08-03 10:35:09.942359+00:00,538,2,cube2 onto cube1
coraplex_panda_demo,2026-08-03 10:35:09.942359+00:00,538,3,cube3 onto cube2
coraplex_panda_demo,2026-08-03 10:35:09.942359+00:00,539,1,cube1 onto cube0
coraplex_panda_demo,2026-08-03 10:35:09.942359+00:00,539,2,cube2 onto cube1
coraplex_panda_demo,2026-08-03 10:35:09.942359+00:00,539,3,cube3 onto cube2
coraplex_panda_demo,2026-08-03 10:35:09.942359+00:00,540,1,cube1 onto cube0
coraplex_panda_demo,2026-08-03 10:35:09.942359+00:00,540,2,cube2 onto cube1
coraplex_panda_demo,2026-08-03 10:35:09.942359+00:00,540,3,cube3 onto cube2
coraplex_panda_demo,2026-08-03 10:35:09.942359+00:00,542,1,cube1 onto cube0
coraplex_panda_demo,2026-08-03 10:35:09.942359+00:00,542,2,cube2 onto cube1
coraplex_panda_demo,2026-08-03 10:35:09.942359+00:00,542,3,cube3 onto cube2
coraplex_panda_demo,2026-08-03 10:35:09.942359+00:00,544,1,cube1 onto cube0
coraplex_panda_demo,2026-08-03 10:35:09.942359+00:00,544,2,cube2 onto cube1
coraplex_panda_demo,2026-08-03 10:35:09.942359+00:00,544,3,cube3 onto cube2
coraplex_panda_demo,2026-08-03 10:35:09.942359+00:00,546,1,cube1 onto cube0
coraplex_panda_demo,2026-08-03 10:35:09.942359+00:00,546,2,cube2 onto cube1
coraplex_panda_demo,2026-08-03 10:35:09.942359+00:00,546,3,cube3 onto cube2
coraplex_panda_demo,2026-08-03 10:35:09.942359+00:00,548,1,cube1 onto cube0
coraplex_panda_demo,2026-08-03 10:35:09.942359+00:00,548,2,cube2 onto cube1
coraplex_panda_demo,2026-08-03 10:35:09.942359+00:00,548,3,cube3 onto cube2
coraplex_panda_demo,2026-08-03 10:35:09.942359+00:00,549,1,cube1 onto cube0
coraplex_panda_demo,2026-08-03 10:35:09.942359+00:00,549,2,cube2 onto cube1
coraplex_panda_demo,2026-08-03 10:35:09.942359+00:00,549,3,cube3 onto cube2
coraplex_panda_demo,2026-08-03 10:35:09.942359+00:00,553,1,cube1 onto cube0
coraplex_panda_demo,2026-08-03 10:35:09.942359+00:00,553,2,cube2 onto cube1
coraplex_panda_demo,2026-08-03 10:35:09.942359+00:00,553,3,cube3 onto cube2
coraplex_panda_demo,2026-08-03 10:35:09.942359+00:00,554,1,cube1 onto cube0
coraplex_panda_demo,2026-08-03 10:35:09.942359+00:00,554,2,cube2 onto cube1
coraplex_panda_demo,2026-08-03 10:35:09.942359+00:00,554,3,cube3 onto cube2
coraplex_panda_demo,2026-08-03 10:35:09.942359+00:00,555,1,cube1 onto cube0
coraplex_panda_demo,2026-08-03 10:35:09.942359+00:00,555,2,cube2 onto cube1
coraplex_panda_demo,2026-08-03 10:35:09.942359+00:00,555,3,cube3 onto cube2
coraplex_panda_demo,2026-08-03 10:35:09.942359+00:00,556,1,cube1 onto cube0
coraplex_panda_demo,2026-08-03 10:35:09.942359+00:00,556,2,cube2 onto cube1
coraplex_panda_demo,2026-08-03 10:35:09.942359+00:00,556,3,cube3 onto cube2
coraplex_panda_demo,2026-08-03 10:35:09.942359+00:00,557,1,cube1 onto cube0
coraplex_panda_demo,2026-08-03 10:35:09.942359+00:00,557,2,cube2 onto cube1
coraplex_panda_demo,2026-08-03 10:35:09.942359+00:00,557,3,cube3 onto cube2
coraplex_panda_demo,2026-08-03 10:35:09.942359+00:00,558,1,cube1 onto cube0
coraplex_panda_demo,2026-08-03 10:35:09.942359+00:00,558,2,cube2 onto cube1
coraplex_panda_demo,2026-08-03 10:35:09.942359+00:00,558,3,cube3 onto cube2
coraplex_panda_demo,2026-08-03 10:35:09.942359+00:00,559,1,cube1 onto cube0
coraplex_panda_demo,2026-08-03 10:35:09.942359+00:00,559,2,cube2 onto cube1
coraplex_panda_demo,2026-08-03 10:35:09.942359+00:00,559,3,cube3 onto cube2
coraplex_panda_demo,2026-08-03 10:35:09.942359+00:00,560,1,cube1 onto cube0
coraplex_panda_demo,2026-08-03 10:35:09.942359+00:00,560,2,cube2 onto cube1
coraplex_panda_demo,2026-08-03 10:35:09.942359+00:00,560,3,cube3 onto cube2
coraplex_panda_demo,2026-08-03 10:35:09.942359+00:00,561,1,cube1 onto cube0
coraplex_panda_demo,2026-08-03 10:35:09.942359+00:00,561,2,cube2 onto cube1
coraplex_panda_demo,2026-08-03 10:35:09.942359+00:00,561,3,cube3 onto cube2
coraplex_panda_demo,2026-08-03 10:35:09.942359+00:00,562,1,cube1 onto cube0
coraplex_panda_demo,2026-08-03 10:35:09.942359+00:00,562,2,cube2 onto cube1
coraplex_panda_demo,2026-08-03 10:35:09.942359+00:00,562,3,cube3 onto cube2
coraplex_panda_demo,2026-08-03 10:35:09.942359+00:00,563,1,cube1 onto cube0
coraplex_panda_demo,2026-08-03 10:35:09.942359+00:00,563,2,cube2 onto cube1
coraplex_panda_demo,2026-08-03 10:35:09.942359+00:00,563,3,cube3 onto cube2
coraplex_panda_demo,2026-08-03 10:35:09.942359+00:00,565,1,cube1 onto cube0
coraplex_panda_demo,2026-08-03 10:35:09.942359+00:00,565,2,cube2 onto cube1
coraplex_panda_demo,2026-08-03 10:35:09.942359+00:00,565,3,cube3 onto cube2
coraplex_panda_demo,2026-08-03 10:35:09.942359+00:00,568,1,cube1 onto cube0
coraplex_panda_demo,2026-08-03 10:35:09.942359+00:00,568,2,cube2 onto cube1
coraplex_panda_demo,2026-08-03 10:35:09.942359+00:00,568,3,cube3 onto cube2
coraplex_panda_demo,2026-08-03 10:35:09.942359+00:00,569,1,cube1 onto cube0
coraplex_panda_demo,2026-08-03 10:35:09.942359+00:00,569,2,cube2 onto cube1
coraplex_panda_demo,2026-08-03 10:35:09.942359+00:00,569,3,cube3 onto cube2
coraplex_panda_demo,2026-08-03 10:35:09.942359+00:00,570,1,cube1 onto cube0
coraplex_panda_demo,2026-08-03 10:35:09.942359+00:00,570,2,cube2 onto cube1
coraplex_panda_demo,2026-08-03 10:35:09.942359+00:00,570,3,cube3 onto cube2
coraplex_panda_demo,2026-08-03 10:35:09.942359+00:00,572,1,cube1 onto cube0
coraplex_panda_demo,2026-08-03 10:35:09.942359+00:00,572,2,cube2 onto cube1
coraplex_panda_demo,2026-08-03 10:35:09.942359+00:00,572,3,cube3 onto cube2
coraplex_panda_demo,2026-08-03 10:35:09.942359+00:00,573,1,cube1 onto cube0
coraplex_panda_demo,2026-08-03 10:35:09.942359+00:00,573,2,cube2 onto cube1
coraplex_panda_demo,2026-08-03 10:35:09.942359+00:00,573,3,cube3 onto cube2
coraplex_panda_demo,2026-08-03 10:35:09.942359+00:00,574,1,cube1 onto cube0
coraplex_panda_demo,2026-08-03 10:35:09.942359+00:00,574,2,cube2 onto cube1
coraplex_panda_demo,2026-08-03 10:35:09.942359+00:00,574,3,cube3 onto cube2
coraplex_panda_demo,2026-08-03 10:35:09.942359+00:00,576,1,cube1 onto cube0
coraplex_panda_demo,2026-08-03 10:35:09.942359+00:00,576,2,cube2 onto cube1
coraplex_panda_demo,2026-08-03 10:35:09.942359+00:00,576,3,cube3 onto cube2
coraplex_panda_demo,2026-08-03 10:35:09.942359+00:00,578,1,cube1 onto cube0
coraplex_panda_demo,2026-08-03 10:35:09.942359+00:00,578,2,cube2 onto cube1
coraplex_panda_demo,2026-08-03 10:35:09.942359+00:00,578,3,cube3 onto cube2
coraplex_panda_demo,2026-08-03 10:35:09.942359+00:00,582,1,cube1 onto cube0
coraplex_panda_demo,2026-08-03 10:35:09.942359+00:00,582,2,cube2 onto cube1
coraplex_panda_demo,2026-08-03 10:35:09.942359+00:00,582,3,cube3 onto cube2
coraplex_panda_demo,2026-08-03 10:35:09.942359+00:00,584,1,cube1 onto cube0
coraplex_panda_demo,2026-08-03 10:35:09.942359+00:00,584,2,cube2 onto cube1
coraplex_panda_demo,2026-08-03 10:35:09.942359+00:00,584,3,cube3 onto cube2
coraplex_panda_demo,2026-08-03 10:35:09.942359+00:00,585,1,cube1 onto cube0
coraplex_panda_demo,2026-08-03 10:35:09.942359+00:00,585,2,cube2 onto cube1
coraplex_panda_demo,2026-08-03 10:35:09.942359+00:00,585,3,cube3 onto cube2
coraplex_panda_demo,2026-08-03 10:35:09.942359+00:00,586,1,cube1 onto cube0
coraplex_panda_demo,2026-08-03 10:35:09.942359+00:00,586,2,cube2 onto cube1
coraplex_panda_demo,2026-08-03 10:35:09.942359+00:00,586,3,cube3 onto cube2
coraplex_panda_demo,2026-08-03 10:35:09.942359+00:00,587,1,cube1 onto cube0
coraplex_panda_demo,2026-08-03 10:35:09.942359+00:00,587,2,cube2 onto cube1
coraplex_panda_demo,2026-08-03 10:35:09.942359+00:00,587,3,cube3 onto cube2
coraplex_panda_demo,2026-08-03 10:35:09.942359+00:00,588,1,cube1 onto cube0
coraplex_panda_demo,2026-08-03 10:35:09.942359+00:00,588,2,cube2 onto cube1
coraplex_panda_demo,2026-08-03 10:35:09.942359+00:00,588,3,cube3 onto cube2
coraplex_panda_demo,2026-08-03 10:35:09.942359+00:00,589,1,cube1 onto cube0
coraplex_panda_demo,2026-08-03 10:35:09.942359+00:00,589,2,cube2 onto cube1
coraplex_panda_demo,2026-08-03 10:35:09.942359+00:00,589,3,cube3 onto cube2
coraplex_panda_demo,2026-08-03 10:35:09.942359+00:00,590,1,cube1 onto cube0
coraplex_panda_demo,2026-08-03 10:35:09.942359+00:00,590,2,cube2 onto cube1
coraplex_panda_demo,2026-08-03 10:35:09.942359+00:00,590,3,cube3 onto cube2
coraplex_panda_demo,2026-08-03 10:35:09.942359+00:00,591,1,cube1 onto cube0
coraplex_panda_demo,2026-08-03 10:35:09.942359+00:00,591,2,cube2 onto cube1
coraplex_panda_demo,2026-08-03 10:35:09.942359+00:00,591,3,cube3 onto cube2
coraplex_panda_demo,2026-08-03 10:35:09.942359+00:00,592,1,cube1 onto cube0
coraplex_panda_demo,2026-08-03 10:35:09.942359+00:00,592,2,cube2 onto cube1
coraplex_panda_demo,2026-08-03 10:35:09.942359+00:00,592,3,cube3 onto cube2
coraplex_panda_demo,2026-08-03 10:35:09.942359+00:00,593,1,cube1 onto cube0
coraplex_panda_demo,2026-08-03 10:35:09.942359+00:00,593,2,cube2 onto cube1
coraplex_panda_demo,2026-08-03 10:35:09.942359+00:00,593,3,cube3 onto cube2
coraplex_panda_demo,2026-08-03 10:35:09.942359+00:00,594,1,cube1 onto cube0
coraplex_panda_demo,2026-08-03 10:35:09.942359+00:00,594,2,cube2 onto cube1
coraplex_panda_demo,2026-08-03 10:35:09.942359+00:00,594,3,cube3 onto cube2
coraplex_panda_demo_2026_08_02,2026-08-02 11:46:23.553494+00:00,1,1,cube1 onto cube0
coraplex_panda_demo_2026_08_02,2026-08-02 11:46:23.553494+00:00,1,2,cube2 onto cube1
coraplex_panda_demo_2026_08_02,2026-08-02 11:46:23.553494+00:00,1,3,cube3 onto cube2
coraplex_panda_demo_2026_08_02,2026-08-02 11:46:23.553494+00:00,2,1,cube1 onto cube0
coraplex_panda_demo_2026_08_02,2026-08-02 11:46:23.553494+00:00,2,2,cube2 onto cube1
coraplex_panda_demo_2026_08_02,2026-08-02 11:46:23.553494+00:00,2,3,cube3 onto cube2
coraplex_panda_demo_2026_08_02,2026-08-02 11:46:23.553494+00:00,4,1,cube1 onto cube0
coraplex_panda_demo_2026_08_02,2026-08-02 11:46:23.553494+00:00,4,2,cube2 onto cube1
coraplex_panda_demo_2026_08_02,2026-08-02 11:46:23.553494+00:00,4,3,cube3 onto cube2
coraplex_panda_demo_2026_08_02,2026-08-02 11:46:23.553494+00:00,6,1,cube1 onto cube0
coraplex_panda_demo_2026_08_02,2026-08-02 11:46:23.553494+00:00,6,2,cube2 onto cube1
coraplex_panda_demo_2026_08_02,2026-08-02 11:46:23.553494+00:00,6,3,cube3 onto cube2
coraplex_panda_demo_2026_08_02,2026-08-02 11:46:23.553494+00:00,7,1,cube1 onto cube0
coraplex_panda_demo_2026_08_02,2026-08-02 11:46:23.553494+00:00,7,2,cube2 onto cube1
coraplex_panda_demo_2026_08_02,2026-08-02 11:46:23.553494+00:00,7,3,cube3 onto cube2
coraplex_panda_demo_2026_08_02,2026-08-02 11:46:23.553494+00:00,9,1,cube1 onto cube0
coraplex_panda_demo_2026_08_02,2026-08-02 11:46:23.553494+00:00,9,2,cube2 onto cube1
coraplex_panda_demo_2026_08_02,2026-08-02 11:46:23.553494+00:00,9,3,cube3 onto cube2
coraplex_panda_demo_2026_08_02,2026-08-02 11:46:23.553494+00:00,10,1,cube1 onto cube0
coraplex_panda_demo_2026_08_02,2026-08-02 11:46:23.553494+00:00,10,2,cube2 onto cube1
coraplex_panda_demo_2026_08_02,2026-08-02 11:46:23.553494+00:00,10,3,cube3 onto cube2
coraplex_panda_demo_2026_08_02,2026-08-02 11:46:23.553494+00:00,12,1,cube1 onto cube0
coraplex_panda_demo_2026_08_02,2026-08-02 11:46:23.553494+00:00,12,2,cube2 onto cube1
coraplex_panda_demo_2026_08_02,2026-08-02 11:46:23.553494+00:00,12,3,cube3 onto cube2
coraplex_panda_demo_2026_08_02,2026-08-02 11:46:23.553494+00:00,13,1,cube1 onto cube0
coraplex_panda_demo_2026_08_02,2026-08-02 11:46:23.553494+00:00,13,2,cube2 onto cube1
coraplex_panda_demo_2026_08_02,2026-08-02 11:46:23.553494+00:00,13,3,cube3 onto cube2
coraplex_panda_demo_2026_08_02,2026-08-02 11:46:23.553494+00:00,15,1,cube1 onto cube0
coraplex_panda_demo_2026_08_02,2026-08-02 11:46:23.553494+00:00,15,2,cube2 onto cube1
coraplex_panda_demo_2026_08_02,2026-08-02 11:46:23.553494+00:00,15,3,cube3 onto cube2
coraplex_panda_demo_2026_08_02,2026-08-02 11:46:23.553494+00:00,16,1,cube1 onto cube0
coraplex_panda_demo_2026_08_02,2026-08-02 11:46:23.553494+00:00,16,2,cube2 onto cube1
coraplex_panda_demo_2026_08_02,2026-08-02 11:46:23.553494+00:00,16,3,cube3 onto cube2
coraplex_panda_demo_2026_08_02,2026-08-02 11:46:23.553494+00:00,17,1,cube1 onto cube0
coraplex_panda_demo_2026_08_02,2026-08-02 11:46:23.553494+00:00,17,2,cube2 onto cube1
coraplex_panda_demo_2026_08_02,2026-08-02 11:46:23.553494+00:00,17,3,cube3 onto cube2
coraplex_panda_demo_2026_08_02,2026-08-02 11:46:23.553494+00:00,18,1,cube1 onto cube0
coraplex_panda_demo_2026_08_02,2026-08-02 11:46:23.553494+00:00,18,2,cube2 onto cube1
coraplex_panda_demo_2026_08_02,2026-08-02 11:46:23.553494+00:00,18,3,cube3 onto cube2
coraplex_panda_demo_2026_08_02,2026-08-02 11:46:23.553494+00:00,20,1,cube1 onto cube0
coraplex_panda_demo_2026_08_02,2026-08-02 11:46:23.553494+00:00,20,2,cube2 onto cube1
coraplex_panda_demo_2026_08_02,2026-08-02 11:46:23.553494+00:00,20,3,cube3 onto cube2
coraplex_panda_demo_2026_08_02,2026-08-02 11:46:23.553494+00:00,21,1,cube1 onto cube0
coraplex_panda_demo_2026_08_02,2026-08-02 11:46:23.553494+00:00,21,2,cube2 onto cube1
coraplex_panda_demo_2026_08_02,2026-08-02 11:46:23.553494+00:00,21,3,cube3 onto cube2
coraplex_panda_demo_2026_08_02,2026-08-02 11:46:23.553494+00:00,22,1,cube1 onto cube0
coraplex_panda_demo_2026_08_02,2026-08-02 11:46:23.553494+00:00,22,2,cube2 onto cube1
coraplex_panda_demo_2026_08_02,2026-08-02 11:46:23.553494+00:00,22,3,cube3 onto cube2
coraplex_panda_demo_2026_08_02,2026-08-02 11:46:23.553494+00:00,23,1,cube1 onto cube0
coraplex_panda_demo_2026_08_02,2026-08-02 11:46:23.553494+00:00,23,2,cube2 onto cube1
coraplex_panda_demo_2026_08_02,2026-08-02 11:46:23.553494+00:00,23,3,cube3 onto cube2
coraplex_panda_demo_2026_08_02,2026-08-02 11:46:23.553494+00:00,24,1,cube1 onto cube0
coraplex_panda_demo_2026_08_02,2026-08-02 11:46:23.553494+00:00,24,2,cube2 onto cube1
coraplex_panda_demo_2026_08_02,2026-08-02 11:46:23.553494+00:00,24,3,cube3 onto cube2
coraplex_panda_demo_2026_08_02,2026-08-02 11:46:23.553494+00:00,25,1,cube1 onto cube0
coraplex_panda_demo_2026_08_02,2026-08-02 11:46:23.553494+00:00,25,2,cube2 onto cube1
coraplex_panda_demo_2026_08_02,2026-08-02 11:46:23.553494+00:00,25,3,cube3 onto cube2
coraplex_panda_demo_2026_08_02,2026-08-02 11:46:23.553494+00:00,26,1,cube1 onto cube0
coraplex_panda_demo_2026_08_02,2026-08-02 11:46:23.553494+00:00,26,2,cube2 onto cube1
coraplex_panda_demo_2026_08_02,2026-08-02 11:46:23.553494+00:00,26,3,cube3 onto cube2
coraplex_panda_demo_2026_08_02,2026-08-02 11:46:23.553494+00:00,29,1,cube1 onto cube0
coraplex_panda_demo_2026_08_02,2026-08-02 11:46:23.553494+00:00,29,2,cube2 onto cube1
coraplex_panda_demo_2026_08_02,2026-08-02 11:46:23.553494+00:00,29,3,cube3 onto cube2
coraplex_panda_demo_2026_08_02,2026-08-02 11:46:23.553494+00:00,30,1,cube1 onto cube0
coraplex_panda_demo_2026_08_02,2026-08-02 11:46:23.553494+00:00,30,2,cube2 onto cube1
coraplex_panda_demo_2026_08_02,2026-08-02 11:46:23.553494+00:00,30,3,cube3 onto cube2
coraplex_panda_demo_2026_08_02,2026-08-02 11:46:23.553494+00:00,31,1,cube1 onto cube0
coraplex_panda_demo_2026_08_02,2026-08-02 11:46:23.553494+00:00,31,2,cube2 onto cube1
coraplex_panda_demo_2026_08_02,2026-08-02 11:46:23.553494+00:00,31,3,cube3 onto cube2
coraplex_panda_demo_2026_08_02,2026-08-02 11:46:23.553494+00:00,34,1,cube1 onto cube0
coraplex_panda_demo_2026_08_02,2026-08-02 11:46:23.553494+00:00,34,2,cube2 onto cube1
coraplex_panda_demo_2026_08_02,2026-08-02 11:46:23.553494+00:00,34,3,cube3 onto cube2
coraplex_panda_demo_2026_08_02,2026-08-02 11:46:23.553494+00:00,35,1,cube1 onto cube0
coraplex_panda_demo_2026_08_02,2026-08-02 11:46:23.553494+00:00,35,2,cube2 onto cube1
coraplex_panda_demo_2026_08_02,2026-08-02 11:46:23.553494+00:00,35,3,cube3 onto cube2
coraplex_panda_demo_2026_08_02,2026-08-02 11:46:23.553494+00:00,38,1,cube1 onto cube0
coraplex_panda_demo_2026_08_02,2026-08-02 11:46:23.553494+00:00,38,2,cube2 onto cube1
coraplex_panda_demo_2026_08_02,2026-08-02 11:46:23.553494+00:00,38,3,cube3 onto cube2
coraplex_panda_demo_2026_08_02,2026-08-02 11:46:23.553494+00:00,39,1,cube1 onto cube0
coraplex_panda_demo_2026_08_02,2026-08-02 11:46:23.553494+00:00,39,2,cube2 onto cube1
coraplex_panda_demo_2026_08_02,2026-08-02 11:46:23.553494+00:00,39,3,cube3 onto cube2
coraplex_panda_demo_2026_08_02,2026-08-02 11:46:23.553494+00:00,40,1,cube1 onto cube0
coraplex_panda_demo_2026_08_02,2026-08-02 11:46:23.553494+00:00,40,2,cube2 onto cube1
coraplex_panda_demo_2026_08_02,2026-08-02 11:46:23.553494+00:00,40,3,cube3 onto cube2
coraplex_panda_demo_2026_08_02,2026-08-02 11:46:23.553494+00:00,43,1,cube1 onto cube0
coraplex_panda_demo_2026_08_02,2026-08-02 11:46:23.553494+00:00,43,2,cube2 onto cube1
coraplex_panda_demo_2026_08_02,2026-08-02 11:46:23.553494+00:00,43,3,cube3 onto cube2
coraplex_panda_demo_2026_08_02,2026-08-02 11:46:23.553494+00:00,44,1,cube1 onto cube0
coraplex_panda_demo_2026_08_02,2026-08-02 11:46:23.553494+00:00,44,2,cube2 onto cube1
coraplex_panda_demo_2026_08_02,2026-08-02 11:46:23.553494+00:00,44,3,cube3 onto cube2
coraplex_panda_demo_2026_08_02,2026-08-02 11:46:23.553494+00:00,45,1,cube1 onto cube0
coraplex_panda_demo_2026_08_02,2026-08-02 11:46:23.553494+00:00,45,2,cube2 onto cube1
coraplex_panda_demo_2026_08_02,2026-08-02 11:46:23.553494+00:00,45,3,cube3 onto cube2
coraplex_panda_demo_2026_08_02,2026-08-02 11:46:23.553494+00:00,47,1,cube1 onto cube0
coraplex_panda_demo_2026_08_02,2026-08-02 11:46:23.553494+00:00,47,2,cube2 onto cube1
coraplex_panda_demo_2026_08_02,2026-08-02 11:46:23.553494+00:00,47,3,cube3 onto cube2
coraplex_panda_demo_2026_08_02,2026-08-02 11:46:23.553494+00:00,48,1,cube1 onto cube0
coraplex_panda_demo_2026_08_02,2026-08-02 11:46:23.553494+00:00,48,2,cube2 onto cube1
coraplex_panda_demo_2026_08_02,2026-08-02 11:46:23.553494+00:00,48,3,cube3 onto cube2
coraplex_panda_demo_2026_08_02,2026-08-02 11:46:23.553494+00:00,49,1,cube1 onto cube0
coraplex_panda_demo_2026_08_02,2026-08-02 11:46:23.553494+00:00,49,2,cube2 onto cube1
coraplex_panda_demo_2026_08_02,2026-08-02 11:46:23.553494+00:00,49,3,cube3 onto cube2
coraplex_panda_demo_2026_08_02,2026-08-02 11:46:23.553494+00:00,50,1,cube1 onto cube0
coraplex_panda_demo_2026_08_02,2026-08-02 11:46:23.553494+00:00,50,2,cube2 onto cube1
coraplex_panda_demo_2026_08_02,2026-08-02 11:46:23.553494+00:00,50,3,cube3 onto cube2
coraplex_panda_demo_2026_08_02,2026-08-02 11:46:23.553494+00:00,51,1,cube1 onto cube0
coraplex_panda_demo_2026_08_02,2026-08-02 11:46:23.553494+00:00,51,2,cube2 onto cube1
coraplex_panda_demo_2026_08_02,2026-08-02 11:46:23.553494+00:00,51,3,cube3 onto cube2
coraplex_panda_demo_2026_08_02,2026-08-02 11:46:23.553494+00:00,54,1,cube1 onto cube0
coraplex_panda_demo_2026_08_02,2026-08-02 11:46:23.553494+00:00,54,2,cube2 onto cube1
coraplex_panda_demo_2026_08_02,2026-08-02 11:46:23.553494+00:00,54,3,cube3 onto cube2
coraplex_panda_demo_2026_08_02,2026-08-02 11:46:23.553494+00:00,55,1,cube1 onto cube0
coraplex_panda_demo_2026_08_02,2026-08-02 11:46:23.553494+00:00,55,2,cube2 onto cube1
coraplex_panda_demo_2026_08_02,2026-08-02 11:46:23.553494+00:00,55,3,cube3 onto cube2
coraplex_panda_demo_2026_08_02,2026-08-02 11:46:23.553494+00:00,56,1,cube1 onto cube0
coraplex_panda_demo_2026_08_02,2026-08-02 11:46:23.553494+00:00,56,2,cube2 onto cube1
coraplex_panda_demo_2026_08_02,2026-08-02 11:46:23.553494+00:00,56,3,cube3 onto cube2
coraplex_panda_demo_2026_08_02,2026-08-02 11:46:23.553494+00:00,58,1,cube1 onto cube0
coraplex_panda_demo_2026_08_02,2026-08-02 11:46:23.553494+00:00,58,2,cube2 onto cube1
coraplex_panda_demo_2026_08_02,2026-08-02 11:46:23.553494+00:00,58,3,cube3 onto cube2
coraplex_panda_demo_2026_08_02,2026-08-02 11:46:23.553494+00:00,59,1,cube1 onto cube0
coraplex_panda_demo_2026_08_02,2026-08-02 11:46:23.553494+00:00,59,2,cube2 onto cube1
coraplex_panda_demo_2026_08_02,2026-08-02 11:46:23.553494+00:00,59,3,cube3 onto cube2
coraplex_panda_demo_2026_08_02,2026-08-02 11:46:23.553494+00:00,60,1,cube1 onto cube0
coraplex_panda_demo_2026_08_02,2026-08-02 11:46:23.553494+00:00,60,2,cube2 onto cube1
coraplex_panda_demo_2026_08_02,2026-08-02 11:46:23.553494+00:00,60,3,cube3 onto cube2
coraplex_panda_demo_2026_08_02,2026-08-02 11:46:23.553494+00:00,62,1,cube1 onto cube0
coraplex_panda_demo_2026_08_02,2026-08-02 11:46:23.553494+00:00,62,2,cube2 onto cube1
coraplex_panda_demo_2026_08_02,2026-08-02 11:46:23.553494+00:00,62,3,cube3 onto cube2
coraplex_panda_demo_2026_08_02,2026-08-02 11:46:23.553494+00:00,63,1,cube1 onto cube0
coraplex_panda_demo_2026_08_02,2026-08-02 11:46:23.553494+00:00,63,2,cube2 onto cube1
coraplex_panda_demo_2026_08_02,2026-08-02 11:46:23.553494+00:00,63,3,cube3 onto cube2
coraplex_panda_demo_2026_08_02,2026-08-02 11:46:23.553494+00:00,64,1,cube1 onto cube0
coraplex_panda_demo_2026_08_02,2026-08-02 11:46:23.553494+00:00,64,2,cube2 onto cube1
coraplex_panda_demo_2026_08_02,2026-08-02 11:46:23.553494+00:00,64,3,cube3 onto cube2
coraplex_panda_demo_2026_08_02,2026-08-02 11:46:23.553494+00:00,65,1,cube1 onto cube0
coraplex_panda_demo_2026_08_02,2026-08-02 11:46:23.553494+00:00,65,2,cube2 onto cube1
coraplex_panda_demo_2026_08_02,2026-08-02 11:46:23.553494+00:00,65,3,cube3 onto cube2
coraplex_panda_demo_2026_08_02,2026-08-02 11:46:23.553494+00:00,66,1,cube1 onto cube0
coraplex_panda_demo_2026_08_02,2026-08-02 11:46:23.553494+00:00,66,2,cube2 onto cube1
coraplex_panda_demo_2026_08_02,2026-08-02 11:46:23.553494+00:00,66,3,cube3 onto cube2
coraplex_panda_demo_2026_08_02,2026-08-02 11:46:23.553494+00:00,67,1,cube1 onto cube0
coraplex_panda_demo_2026_08_02,2026-08-02 11:46:23.553494+00:00,67,2,cube2 onto cube1
coraplex_panda_demo_2026_08_02,2026-08-02 11:46:23.553494+00:00,67,3,cube3 onto cube2
coraplex_panda_demo_2026_08_02,2026-08-02 11:46:23.553494+00:00,68,1,cube1 onto cube0
coraplex_panda_demo_2026_08_02,2026-08-02 11:46:23.553494+00:00,68,2,cube2 onto cube1
coraplex_panda_demo_2026_08_02,2026-08-02 11:46:23.553494+00:00,68,3,cube3 onto cube2
coraplex_panda_demo_2026_08_02,2026-08-02 11:46:23.553494+00:00,69,1,cube1 onto cube0
coraplex_panda_demo_2026_08_02,2026-08-02 11:46:23.553494+00:00,69,2,cube2 onto cube1
coraplex_panda_demo_2026_08_02,2026-08-02 11:46:23.553494+00:00,69,3,cube3 onto cube2
coraplex_panda_demo_2026_08_02,2026-08-02 11:46:23.553494+00:00,70,1,cube1 onto cube0
coraplex_panda_demo_2026_08_02,2026-08-02 11:46:23.553494+00:00,70,2,cube2 onto cube1
coraplex_panda_demo_2026_08_02,2026-08-02 11:46:23.553494+00:00,70,3,cube3 onto cube2
coraplex_panda_demo_2026_08_02,2026-08-02 11:46:23.553494+00:00,72,1,cube1 onto cube0
coraplex_panda_demo_2026_08_02,2026-08-02 11:46:23.553494+00:00,72,2,cube2 onto cube1
coraplex_panda_demo_2026_08_02,2026-08-02 11:46:23.553494+00:00,72,3,cube3 onto cube2
coraplex_panda_demo_2026_08_02,2026-08-02 11:46:23.553494+00:00,73,1,cube1 onto cube0
coraplex_panda_demo_2026_08_02,2026-08-02 11:46:23.553494+00:00,73,2,cube2 onto cube1
coraplex_panda_demo_2026_08_02,2026-08-02 11:46:23.553494+00:00,73,3,cube3 onto cube2
coraplex_panda_demo_2026_08_02,2026-08-02 11:46:23.553494+00:00,74,1,cube1 onto cube0
coraplex_panda_demo_2026_08_02,2026-08-02 11:46:23.553494+00:00,74,2,cube2 onto cube1
coraplex_panda_demo_2026_08_02,2026-08-02 11:46:23.553494+00:00,74,3,cube3 onto cube2
coraplex_panda_demo_2026_08_02,2026-08-02 11:46:23.553494+00:00,75,1,cube1 onto cube0
coraplex_panda_demo_2026_08_02,2026-08-02 11:46:23.553494+00:00,75,2,cube2 onto cube1
coraplex_panda_demo_2026_08_02,2026-08-02 11:46:23.553494+00:00,75,3,cube3 onto cube2
coraplex_panda_demo_2026_08_02,2026-08-02 11:46:23.553494+00:00,76,1,cube1 onto cube0
coraplex_panda_demo_2026_08_02,2026-08-02 11:46:23.553494+00:00,76,2,cube2 onto cube1
coraplex_panda_demo_2026_08_02,2026-08-02 11:46:23.553494+00:00,76,3,cube3 onto cube2
coraplex_panda_demo_2026_08_02,2026-08-02 11:46:23.553494+00:00,77,1,cube1 onto cube0
coraplex_panda_demo_2026_08_02,2026-08-02 11:46:23.553494+00:00,77,2,cube2 onto cube1
coraplex_panda_demo_2026_08_02,2026-08-02 11:46:23.553494+00:00,77,3,cube3 onto cube2
coraplex_panda_demo_2026_08_02,2026-08-02 11:46:23.553494+00:00,78,1,cube1 onto cube0
coraplex_panda_demo_2026_08_02,2026-08-02 11:46:23.553494+00:00,78,2,cube2 onto cube1
coraplex_panda_demo_2026_08_02,2026-08-02 11:46:23.553494+00:00,78,3,cube3 onto cube2
coraplex_panda_demo_2026_08_02,2026-08-02 11:46:23.553494+00:00,79,1,cube1 onto cube0
coraplex_panda_demo_2026_08_02,2026-08-02 11:46:23.553494+00:00,79,2,cube2 onto cube1
coraplex_panda_demo_2026_08_02,2026-08-02 11:46:23.553494+00:00,79,3,cube3 onto cube2
coraplex_panda_demo_2026_08_02,2026-08-02 11:46:23.553494+00:00,80,1,cube1 onto cube0
coraplex_panda_demo_2026_08_02,2026-08-02 11:46:23.553494+00:00,80,2,cube2 onto cube1
coraplex_panda_demo_2026_08_02,2026-08-02 11:46:23.553494+00:00,80,3,cube3 onto cube2
coraplex_panda_demo_2026_08_02,2026-08-02 11:46:23.553494+00:00,81,1,cube1 onto cube0
coraplex_panda_demo_2026_08_02,2026-08-02 11:46:23.553494+00:00,81,2,cube2 onto cube1
coraplex_panda_demo_2026_08_02,2026-08-02 11:46:23.553494+00:00,81,3,cube3 onto cube2
coraplex_panda_demo_2026_08_02,2026-08-02 11:46:23.553494+00:00,82,1,cube1 onto cube0
coraplex_panda_demo_2026_08_02,2026-08-02 11:46:23.553494+00:00,82,2,cube2 onto cube1
coraplex_panda_demo_2026_08_02,2026-08-02 11:46:23.553494+00:00,82,3,cube3 onto cube2
coraplex_panda_demo_2026_08_02,2026-08-02 11:46:23.553494+00:00,83,1,cube1 onto cube0
coraplex_panda_demo_2026_08_02,2026-08-02 11:46:23.553494+00:00,83,2,cube2 onto cube1
coraplex_panda_demo_2026_08_02,2026-08-02 11:46:23.553494+00:00,83,3,cube3 onto cube2
coraplex_panda_demo_2026_08_02,2026-08-02 11:46:23.553494+00:00,84,1,cube1 onto cube0
coraplex_panda_demo_2026_08_02,2026-08-02 11:46:23.553494+00:00,84,2,cube2 onto cube1
coraplex_panda_demo_2026_08_02,2026-08-02 11:46:23.553494+00:00,84,3,cube3 onto cube2
coraplex_panda_demo_2026_08_02,2026-08-02 11:46:23.553494+00:00,85,1,cube1 onto cube0
coraplex_panda_demo_2026_08_02,2026-08-02 11:46:23.553494+00:00,85,2,cube2 onto cube1
coraplex_panda_demo_2026_08_02,2026-08-02 11:46:23.553494+00:00,85,3,cube3 onto cube2
coraplex_panda_demo_2026_08_02,2026-08-02 11:46:23.553494+00:00,86,1,cube1 onto cube0
coraplex_panda_demo_2026_08_02,2026-08-02 11:46:23.553494+00:00,86,2,cube2 onto cube1
coraplex_panda_demo_2026_08_02,2026-08-02 11:46:23.553494+00:00,86,3,cube3 onto cube2
coraplex_panda_demo_2026_08_02,2026-08-02 11:46:23.553494+00:00,89,1,cube1 onto cube0
coraplex_panda_demo_2026_08_02,2026-08-02 11:46:23.553494+00:00,89,2,cube2 onto cube1
coraplex_panda_demo_2026_08_02,2026-08-02 11:46:23.553494+00:00,89,3,cube3 onto cube2
coraplex_panda_demo_2026_08_02,2026-08-02 11:46:23.553494+00:00,90,1,cube1 onto cube0
coraplex_panda_demo_2026_08_02,2026-08-02 11:46:23.553494+00:00,90,2,cube2 onto cube1
coraplex_panda_demo_2026_08_02,2026-08-02 11:46:23.553494+00:00,90,3,cube3 onto cube2
coraplex_panda_demo_2026_08_02,2026-08-02 11:46:23.553494+00:00,91,1,cube1 onto cube0
coraplex_panda_demo_2026_08_02,2026-08-02 11:46:23.553494+00:00,91,2,cube2 onto cube1
coraplex_panda_demo_2026_08_02,2026-08-02 11:46:23.553494+00:00,91,3,cube3 onto cube2
coraplex_panda_demo_2026_08_02,2026-08-02 11:46:23.553494+00:00,93,1,cube1 onto cube0
coraplex_panda_demo_2026_08_02,2026-08-02 11:46:23.553494+00:00,93,2,cube2 onto cube1
coraplex_panda_demo_2026_08_02,2026-08-02 11:46:23.553494+00:00,93,3,cube3 onto cube2
coraplex_panda_demo_2026_08_02,2026-08-02 11:46:23.553494+00:00,95,1,cube1 onto cube0
coraplex_panda_demo_2026_08_02,2026-08-02 11:46:23.553494+00:00,95,2,cube2 onto cube1
coraplex_panda_demo_2026_08_02,2026-08-02 11:46:23.553494+00:00,95,3,cube3 onto cube2
coraplex_panda_demo_2026_08_02,2026-08-02 11:46:23.553494+00:00,96,1,cube1 onto cube0
coraplex_panda_demo_2026_08_02,2026-08-02 11:46:23.553494+00:00,96,2,cube2 onto cube1
coraplex_panda_demo_2026_08_02,2026-08-02 11:46:23.553494+00:00,96,3,cube3 onto cube2
coraplex_panda_demo_2026_08_02,2026-08-02 11:46:23.553494+00:00,97,1,cube1 onto cube0
coraplex_panda_demo_2026_08_02,2026-08-02 11:46:23.553494+00:00,97,2,cube2 onto cube1
coraplex_panda_demo_2026_08_02,2026-08-02 11:46:23.553494+00:00,97,3,cube3 onto cube2
coraplex_panda_demo_2026_08_02,2026-08-02 11:46:23.553494+00:00,98,1,cube1 onto cube0
coraplex_panda_demo_2026_08_02,2026-08-02 11:46:23.553494+00:00,98,2,cube2 onto cube1
coraplex_panda_demo_2026_08_02,2026-08-02 11:46:23.553494+00:00,98,3,cube3 onto cube2
coraplex_panda_demo_2026_08_02,2026-08-02 11:46:23.553494+00:00,99,1,cube1 onto cube0
coraplex_panda_demo_2026_08_02,2026-08-02 11:46:23.553494+00:00,99,2,cube2 onto cube1
coraplex_panda_demo_2026_08_02,2026-08-02 11:46:23.553494+00:00,99,3,cube3 onto cube2
coraplex_panda_demo_2026_08_02,2026-08-02 11:46:23.553494+00:00,100,1,cube1 onto cube0
coraplex_panda_demo_2026_08_02,2026-08-02 11:46:23.553494+00:00,100,2,cube2 onto cube1
coraplex_panda_demo_2026_08_02,2026-08-02 11:46:23.553494+00:00,100,3,cube3 onto cube2
coraplex_panda_demo_2026_08_02,2026-08-02 11:46:23.553494+00:00,101,1,cube1 onto cube0
coraplex_panda_demo_2026_08_02,2026-08-02 11:46:23.553494+00:00,101,2,cube2 onto cube1
coraplex_panda_demo_2026_08_02,2026-08-02 11:46:23.553494+00:00,101,3,cube3 onto cube2
coraplex_panda_demo_2026_08_02,2026-08-02 11:46:23.553494+00:00,102,1,cube1 onto cube0
coraplex_panda_demo_2026_08_02,2026-08-02 11:46:23.553494+00:00,102,2,cube2 onto cube1
coraplex_panda_demo_2026_08_02,2026-08-02 11:46:23.553494+00:00,102,3,cube3 onto cube2
coraplex_panda_demo_2026_08_02,2026-08-02 11:46:23.553494+00:00,104,1,cube1 onto cube0
coraplex_panda_demo_2026_08_02,2026-08-02 11:46:23.553494+00:00,104,2,cube2 onto cube1
coraplex_panda_demo_2026_08_02,2026-08-02 11:46:23.553494+00:00,104,3,cube3 onto cube2
coraplex_panda_demo_2026_08_02,2026-08-02 11:46:23.553494+00:00,105,1,cube1 onto cube0
coraplex_panda_demo_2026_08_02,2026-08-02 11:46:23.553494+00:00,105,2,cube2 onto cube1
coraplex_panda_demo_2026_08_02,2026-08-02 11:46:23.553494+00:00,105,3,cube3 onto cube2
coraplex_panda_demo_2026_08_02,2026-08-02 11:46:23.553494+00:00,106,1,cube1 onto cube0
coraplex_panda_demo_2026_08_02,2026-08-02 11:46:23.553494+00:00,106,2,cube2 onto cube1
coraplex_panda_demo_2026_08_02,2026-08-02 11:46:23.553494+00:00,106,3,cube3 onto cube2
coraplex_panda_demo_2026_08_02,2026-08-02 11:46:23.553494+00:00,108,1,cube1 onto cube0
coraplex_panda_demo_2026_08_02,2026-08-02 11:46:23.553494+00:00,108,2,cube2 onto cube1
coraplex_panda_demo_2026_08_02,2026-08-02 11:46:23.553494+00:00,108,3,cube3 onto cube2
coraplex_panda_demo_2026_08_02,2026-08-02 11:46:23.553494+00:00,109,1,cube1 onto cube0
coraplex_panda_demo_2026_08_02,2026-08-02 11:46:23.553494+00:00,109,2,cube2 onto cube1
coraplex_panda_demo_2026_08_02,2026-08-02 11:46:23.553494+00:00,109,3,cube3 onto cube2
coraplex_panda_demo_2026_08_02,2026-08-02 11:46:23.553494+00:00,110,1,cube1 onto cube0
coraplex_panda_demo_2026_08_02,2026-08-02 11:46:23.553494+00:00,110,2,cube2 onto cube1
coraplex_panda_demo_2026_08_02,2026-08-02 11:46:23.553494+00:00,110,3,cube3 onto cube2
coraplex_panda_demo_2026_08_02,2026-08-02 11:46:23.553494+00:00,112,1,cube1 onto cube0
coraplex_panda_demo_2026_08_02,2026-08-02 11:46:23.553494+00:00,112,2,cube2 onto cube1
coraplex_panda_demo_2026_08_02,2026-08-02 11:46:23.553494+00:00,112,3,cube3 onto cube2
coraplex_panda_demo_2026_08_02,2026-08-02 11:46:23.553494+00:00,114,1,cube1 onto cube0
coraplex_panda_demo_2026_08_02,2026-08-02 11:46:23.553494+00:00,114,2,cube2 onto cube1
coraplex_panda_demo_2026_08_02,2026-08-02 11:46:23.553494+00:00,114,3,cube3 onto cube2
coraplex_panda_demo_2026_08_02,2026-08-02 11:46:23.553494+00:00,115,1,cube1 onto cube0
coraplex_panda_demo_2026_08_02,2026-08-02 11:46:23.553494+00:00,115,2,cube2 onto cube1
coraplex_panda_demo_2026_08_02,2026-08-02 11:46:23.553494+00:00,115,3,cube3 onto cube2
coraplex_panda_demo_2026_08_02,2026-08-02 11:46:23.553494+00:00,116,1,cube1 onto cube0
coraplex_panda_demo_2026_08_02,2026-08-02 11:46:23.553494+00:00,116,2,cube2 onto cube1
coraplex_panda_demo_2026_08_02,2026-08-02 11:46:23.553494+00:00,116,3,cube3 onto cube2
coraplex_panda_demo_2026_08_02,2026-08-02 11:46:23.553494+00:00,118,1,cube1 onto cube0
coraplex_panda_demo_2026_08_02,2026-08-02 11:46:23.553494+00:00,118,2,cube2 onto cube1
coraplex_panda_demo_2026_08_02,2026-08-02 11:46:23.553494+00:00,118,3,cube3 onto cube2
coraplex_panda_demo_2026_08_02,2026-08-02 11:46:23.553494+00:00,119,1,cube1 onto cube0
coraplex_panda_demo_2026_08_02,2026-08-02 11:46:23.553494+00:00,119,2,cube2 onto cube1
coraplex_panda_demo_2026_08_02,2026-08-02 11:46:23.553494+00:00,119,3,cube3 onto cube2
coraplex_panda_demo_2026_08_02,2026-08-02 11:46:23.553494+00:00,121,1,cube1 onto cube0
coraplex_panda_demo_2026_08_02,2026-08-02 11:46:23.553494+00:00,121,2,cube2 onto cube1
coraplex_panda_demo_2026_08_02,2026-08-02 11:46:23.553494+00:00,121,3,cube3 onto cube2
coraplex_panda_demo_2026_08_02,2026-08-02 11:46:23.553494+00:00,122,1,cube1 onto cube0
coraplex_panda_demo_2026_08_02,2026-08-02 11:46:23.553494+00:00,122,2,cube2 onto cube1
coraplex_panda_demo_2026_08_02,2026-08-02 11:46:23.553494+00:00,122,3,cube3 onto cube2
coraplex_panda_demo_2026_08_02,2026-08-02 11:46:23.553494+00:00,124,1,cube1 onto cube0
coraplex_panda_demo_2026_08_02,2026-08-02 11:46:23.553494+00:00,124,2,cube2 onto cube1
coraplex_panda_demo_2026_08_02,2026-08-02 11:46:23.553494+00:00,124,3,cube3 onto cube2
coraplex_panda_demo_2026_08_02,2026-08-02 11:46:23.553494+00:00,126,1,cube1 onto cube0
coraplex_panda_demo_2026_08_02,2026-08-02 11:46:23.553494+00:00,126,2,cube2 onto cube1
coraplex_panda_demo_2026_08_02,2026-08-02 11:46:23.553494+00:00,126,3,cube3 onto cube2
coraplex_panda_demo_2026_08_02,2026-08-02 11:46:23.553494+00:00,127,1,cube1 onto cube0
coraplex_panda_demo_2026_08_02,2026-08-02 11:46:23.553494+00:00,127,2,cube2 onto cube1
coraplex_panda_demo_2026_08_02,2026-08-02 11:46:23.553494+00:00,127,3,cube3 onto cube2
coraplex_panda_demo_2026_08_02,2026-08-02 11:46:23.553494+00:00,128,1,cube1 onto cube0
coraplex_panda_demo_2026_08_02,2026-08-02 11:46:23.553494+00:00,128,2,cube2 onto cube1
coraplex_panda_demo_2026_08_02,2026-08-02 11:46:23.553494+00:00,128,3,cube3 onto cube2
coraplex_panda_demo_2026_08_02,2026-08-02 11:46:23.553494+00:00,129,1,cube1 onto cube0
coraplex_panda_demo_2026_08_02,2026-08-02 11:46:23.553494+00:00,129,2,cube2 onto cube1
coraplex_panda_demo_2026_08_02,2026-08-02 11:46:23.553494+00:00,129,3,cube3 onto cube2
coraplex_panda_demo_2026_08_02,2026-08-02 11:46:23.553494+00:00,132,1,cube1 onto cube0
coraplex_panda_demo_2026_08_02,2026-08-02 11:46:23.553494+00:00,132,2,cube2 onto cube1
coraplex_panda_demo_2026_08_02,2026-08-02 11:46:23.553494+00:00,132,3,cube3 onto cube2
coraplex_panda_demo_2026_08_02,2026-08-02 11:46:23.553494+00:00,133,1,cube1 onto cube0
coraplex_panda_demo_2026_08_02,2026-08-02 11:46:23.553494+00:00,133,2,cube2 onto cube1
coraplex_panda_demo_2026_08_02,2026-08-02 11:46:23.553494+00:00,133,3,cube3 onto cube2
coraplex_panda_demo_2026_08_02,2026-08-02 11:46:23.553494+00:00,134,1,cube1 onto cube0
coraplex_panda_demo_2026_08_02,2026-08-02 11:46:23.553494+00:00,134,2,cube2 onto cube1
coraplex_panda_demo_2026_08_02,2026-08-02 11:46:23.553494+00:00,134,3,cube3 onto cube2
coraplex_panda_demo_2026_08_02,2026-08-02 11:46:23.553494+00:00,135,1,cube1 onto cube0
coraplex_panda_demo_2026_08_02,2026-08-02 11:46:23.553494+00:00,135,2,cube2 onto cube1
coraplex_panda_demo_2026_08_02,2026-08-02 11:46:23.553494+00:00,135,3,cube3 onto cube2
coraplex_panda_demo_2026_08_02,2026-08-02 11:46:23.553494+00:00,136,1,cube1 onto cube0
coraplex_panda_demo_2026_08_02,2026-08-02 11:46:23.553494+00:00,136,2,cube2 onto cube1
coraplex_panda_demo_2026_08_02,2026-08-02 11:46:23.553494+00:00,136,3,cube3 onto cube2
coraplex_panda_demo_2026_08_02,2026-08-02 11:46:23.553494+00:00,139,1,cube1 onto cube0
coraplex_panda_demo_2026_08_02,2026-08-02 11:46:23.553494+00:00,139,2,cube2 onto cube1
coraplex_panda_demo_2026_08_02,2026-08-02 11:46:23.553494+00:00,139,3,cube3 onto cube2
coraplex_panda_demo_2026_08_02,2026-08-02 11:46:23.553494+00:00,142,1,cube1 onto cube0
coraplex_panda_demo_2026_08_02,2026-08-02 11:46:23.553494+00:00,142,2,cube2 onto cube1
coraplex_panda_demo_2026_08_02,2026-08-02 11:46:23.553494+00:00,142,3,cube3 onto cube2
coraplex_panda_demo_2026_08_02,2026-08-02 11:46:23.553494+00:00,143,1,cube1 onto cube0
coraplex_panda_demo_2026_08_02,2026-08-02 11:46:23.553494+00:00,143,2,cube2 onto cube1
coraplex_panda_demo_2026_08_02,2026-08-02 11:46:23.553494+00:00,143,3,cube3 onto cube2
coraplex_panda_demo_2026_08_02,2026-08-02 11:46:23.553494+00:00,144,1,cube1 onto cube0
coraplex_panda_demo_2026_08_02,2026-08-02 11:46:23.553494+00:00,144,2,cube2 onto cube1
coraplex_panda_demo_2026_08_02,2026-08-02 11:46:23.553494+00:00,144,3,cube3 onto cube2
coraplex_panda_demo_2026_08_02,2026-08-02 11:46:23.553494+00:00,148,1,cube1 onto cube0
coraplex_panda_demo_2026_08_02,2026-08-02 11:46:23.553494+00:00,148,2,cube2 onto cube1
coraplex_panda_demo_2026_08_02,2026-08-02 11:46:23.553494+00:00,148,3,cube3 onto cube2
coraplex_panda_demo_2026_08_02,2026-08-02 11:46:23.553494+00:00,149,1,cube1 onto cube0
coraplex_panda_demo_2026_08_02,2026-08-02 11:46:23.553494+00:00,149,2,cube2 onto cube1
coraplex_panda_demo_2026_08_02,2026-08-02 11:46:23.553494+00:00,149,3,cube3 onto cube2
coraplex_panda_demo_2026_08_02,2026-08-02 11:46:23.553494+00:00,150,1,cube1 onto cube0
coraplex_panda_demo_2026_08_02,2026-08-02 11:46:23.553494+00:00,150,2,cube2 onto cube1
coraplex_panda_demo_2026_08_02,2026-08-02 11:46:23.553494+00:00,150,3,cube3 onto cube2
coraplex_panda_demo_2026_08_02,2026-08-02 11:46:23.553494+00:00,152,1,cube1 onto cube0
coraplex_panda_demo_2026_08_02,2026-08-02 11:46:23.553494+00:00,152,2,cube2 onto cube1
coraplex_panda_demo_2026_08_02,2026-08-02 11:46:23.553494+00:00,152,3,cube3 onto cube2
coraplex_panda_demo_2026_08_02,2026-08-02 11:46:23.553494+00:00,153,1,cube1 onto cube0
coraplex_panda_demo_2026_08_02,2026-08-02 11:46:23.553494+00:00,153,2,cube2 onto cube1
coraplex_panda_demo_2026_08_02,2026-08-02 11:46:23.553494+00:00,153,3,cube3 onto cube2
coraplex_panda_demo_2026_08_02,2026-08-02 11:46:23.553494+00:00,154,1,cube1 onto cube0
coraplex_panda_demo_2026_08_02,2026-08-02 11:46:23.553494+00:00,154,2,cube2 onto cube1
coraplex_panda_demo_2026_08_02,2026-08-02 11:46:23.553494+00:00,154,3,cube3 onto cube2
coraplex_panda_demo_2026_08_02,2026-08-02 11:46:23.553494+00:00,155,1,cube1 onto cube0
coraplex_panda_demo_2026_08_02,2026-08-02 11:46:23.553494+00:00,155,2,cube2 onto cube1
coraplex_panda_demo_2026_08_02,2026-08-02 11:46:23.553494+00:00,155,3,cube3 onto cube2
coraplex_panda_demo_2026_08_02,2026-08-02 11:46:23.553494+00:00,156,1,cube1 onto cube0
coraplex_panda_demo_2026_08_02,2026-08-02 11:46:23.553494+00:00,156,2,cube2 onto cube1
coraplex_panda_demo_2026_08_02,2026-08-02 11:46:23.553494+00:00,156,3,cube3 onto cube2
coraplex_panda_demo_2026_08_02,2026-08-02 11:46:23.553494+00:00,158,1,cube1 onto cube0
coraplex_panda_demo_2026_08_02,2026-08-02 11:46:23.553494+00:00,158,2,cube2 onto cube1
coraplex_panda_demo_2026_08_02,2026-08-02 11:46:23.553494+00:00,158,3,cube3 onto cube2
coraplex_panda_demo_2026_08_02,2026-08-02 11:46:23.553494+00:00,160,1,cube1 onto cube0
coraplex_panda_demo_2026_08_02,2026-08-02 11:46:23.553494+00:00,160,2,cube2 onto cube1
coraplex_panda_demo_2026_08_02,2026-08-02 11:46:23.553494+00:00,160,3,cube3 onto cube2
coraplex_panda_demo_2026_08_02,2026-08-02 11:46:23.553494+00:00,164,1,cube1 onto cube0
coraplex_panda_demo_2026_08_02,2026-08-02 11:46:23.553494+00:00,164,2,cube2 onto cube1
coraplex_panda_demo_2026_08_02,2026-08-02 11:46:23.553494+00:00,164,3,cube3 onto cube2
coraplex_panda_demo_2026_08_02,2026-08-02 11:46:23.553494+00:00,165,1,cube1 onto cube0
coraplex_panda_demo_2026_08_02,2026-08-02 11:46:23.553494+00:00,165,2,cube2 onto cube1
coraplex_panda_demo_2026_08_02,2026-08-02 11:46:23.553494+00:00,165,3,cube3 onto cube2
coraplex_panda_demo_2026_08_02,2026-08-02 11:46:23.553494+00:00,166,1,cube1 onto cube0
coraplex_panda_demo_2026_08_02,2026-08-02 11:46:23.553494+00:00,166,2,cube2 onto cube1
coraplex_panda_demo_2026_08_02,2026-08-02 11:46:23.553494+00:00,166,3,cube3 onto cube2
coraplex_panda_demo_2026_08_02,2026-08-02 11:46:23.553494+00:00,167,1,cube1 onto cube0
coraplex_panda_demo_2026_08_02,2026-08-02 11:46:23.553494+00:00,167,2,cube2 onto cube1
coraplex_panda_demo_2026_08_02,2026-08-02 11:46:23.553494+00:00,167,3,cube3 onto cube2
coraplex_panda_demo_2026_08_02,2026-08-02 11:46:23.553494+00:00,170,1,cube1 onto cube0
coraplex_panda_demo_2026_08_02,2026-08-02 11:46:23.553494+00:00,170,2,cube2 onto cube1
coraplex_panda_demo_2026_08_02,2026-08-02 11:46:23.553494+00:00,170,3,cube3 onto cube2
coraplex_panda_demo_2026_08_02,2026-08-02 11:46:23.553494+00:00,171,1,cube1 onto cube0
coraplex_panda_demo_2026_08_02,2026-08-02 11:46:23.553494+00:00,171,2,cube2 onto cube1
coraplex_panda_demo_2026_08_02,2026-08-02 11:46:23.553494+00:00,171,3,cube3 onto cube2
coraplex_panda_demo_2026_08_02,2026-08-02 11:46:23.553494+00:00,172,1,cube1 onto cube0
coraplex_panda_demo_2026_08_02,2026-08-02 11:46:23.553494+00:00,172,2,cube2 onto cube1
coraplex_panda_demo_2026_08_02,2026-08-02 11:46:23.553494+00:00,172,3,cube3 onto cube2
coraplex_panda_demo_2026_08_02,2026-08-02 11:46:23.553494+00:00,173,1,cube1 onto cube0
coraplex_panda_demo_2026_08_02,2026-08-02 11:46:23.553494+00:00,173,2,cube2 onto cube1
coraplex_panda_demo_2026_08_02,2026-08-02 11:46:23.553494+00:00,173,3,cube3 onto cube2
coraplex_panda_demo_2026_08_02,2026-08-02 11:46:23.553494+00:00,176,1,cube1 onto cube0
coraplex_panda_demo_2026_08_02,2026-08-02 11:46:23.553494+00:00,176,2,cube2 onto cube1
coraplex_panda_demo_2026_08_02,2026-08-02 11:46:23.553494+00:00,176,3,cube3 onto cube2
coraplex_panda_demo_2026_08_02,2026-08-02 11:46:23.553494+00:00,177,1,cube1 onto cube0
coraplex_panda_demo_2026_08_02,2026-08-02 11:46:23.553494+00:00,177,2,cube2 onto cube1
coraplex_panda_demo_2026_08_02,2026-08-02 11:46:23.553494+00:00,177,3,cube3 onto cube2
coraplex_panda_demo_2026_08_02,2026-08-02 11:46:23.553494+00:00,178,1,cube1 onto cube0
coraplex_panda_demo_2026_08_02,2026-08-02 11:46:23.553494+00:00,178,2,cube2 onto cube1
coraplex_panda_demo_2026_08_02,2026-08-02 11:46:23.553494+00:00,178,3,cube3 onto cube2
coraplex_panda_demo_2026_08_02,2026-08-02 11:46:23.553494+00:00,179,1,cube1 onto cube0
coraplex_panda_demo_2026_08_02,2026-08-02 11:46:23.553494+00:00,179,2,cube2 onto cube1
coraplex_panda_demo_2026_08_02,2026-08-02 11:46:23.553494+00:00,179,3,cube3 onto cube2
coraplex_panda_demo_2026_08_02,2026-08-02 11:46:23.553494+00:00,181,1,cube1 onto cube0
coraplex_panda_demo_2026_08_02,2026-08-02 11:46:23.553494+00:00,181,2,cube2 onto cube1
coraplex_panda_demo_2026_08_02,2026-08-02 11:46:23.553494+00:00,181,3,cube3 onto cube2
coraplex_panda_demo_2026_08_02,2026-08-02 11:46:23.553494+00:00,183,1,cube1 onto cube0
coraplex_panda_demo_2026_08_02,2026-08-02 11:46:23.553494+00:00,183,2,cube2 onto cube1
coraplex_panda_demo_2026_08_02,2026-08-02 11:46:23.553494+00:00,183,3,cube3 onto cube2
coraplex_panda_demo_2026_08_02,2026-08-02 11:46:23.553494+00:00,184,1,cube1 onto cube0
coraplex_panda_demo_2026_08_02,2026-08-02 11:46:23.553494+00:00,184,2,cube2 onto cube1
coraplex_panda_demo_2026_08_02,2026-08-02 11:46:23.553494+00:00,184,3,cube3 onto cube2
coraplex_panda_demo_2026_08_02,2026-08-02 11:46:23.553494+00:00,185,1,cube1 onto cube0
coraplex_panda_demo_2026_08_02,2026-08-02 11:46:23.553494+00:00,185,2,cube2 onto cube1
coraplex_panda_demo_2026_08_02,2026-08-02 11:46:23.553494+00:00,185,3,cube3 onto cube2
coraplex_panda_demo_2026_08_02,2026-08-02 11:46:23.553494+00:00,186,1,cube1 onto cube0
coraplex_panda_demo_2026_08_02,2026-08-02 11:46:23.553494+00:00,186,2,cube2 onto cube1
coraplex_panda_demo_2026_08_02,2026-08-02 11:46:23.553494+00:00,186,3,cube3 onto cube2
coraplex_panda_demo_2026_08_02,2026-08-02 11:46:23.553494+00:00,187,1,cube1 onto cube0
coraplex_panda_demo_2026_08_02,2026-08-02 11:46:23.553494+00:00,187,2,cube2 onto cube1
coraplex_panda_demo_2026_08_02,2026-08-02 11:46:23.553494+00:00,187,3,cube3 onto cube2
coraplex_panda_demo_2026_08_02,2026-08-02 11:46:23.553494+00:00,188,1,cube1 onto cube0
coraplex_panda_demo_2026_08_02,2026-08-02 11:46:23.553494+00:00,188,2,cube2 onto cube1
coraplex_panda_demo_2026_08_02,2026-08-02 11:46:23.553494+00:00,188,3,cube3 onto cube2
coraplex_panda_demo_2026_08_02,2026-08-02 11:46:23.553494+00:00,190,1,cube1 onto cube0
coraplex_panda_demo_2026_08_02,2026-08-02 11:46:23.553494+00:00,190,2,cube2 onto cube1
coraplex_panda_demo_2026_08_02,2026-08-02 11:46:23.553494+00:00,190,3,cube3 onto cube2
coraplex_panda_demo_2026_08_02,2026-08-02 11:46:23.553494+00:00,192,1,cube1 onto cube0
coraplex_panda_demo_2026_08_02,2026-08-02 11:46:23.553494+00:00,192,2,cube2 onto cube1
coraplex_panda_demo_2026_08_02,2026-08-02 11:46:23.553494+00:00,192,3,cube3 onto cube2
coraplex_panda_demo_2026_08_02,2026-08-02 11:46:23.553494+00:00,194,1,cube1 onto cube0
coraplex_panda_demo_2026_08_02,2026-08-02 11:46:23.553494+00:00,194,2,cube2 onto cube1
coraplex_panda_demo_2026_08_02,2026-08-02 11:46:23.553494+00:00,194,3,cube3 onto cube2
coraplex_panda_demo_2026_08_02,2026-08-02 11:46:23.553494+00:00,195,1,cube1 onto cube0
coraplex_panda_demo_2026_08_02,2026-08-02 11:46:23.553494+00:00,195,2,cube2 onto cube1
coraplex_panda_demo_2026_08_02,2026-08-02 11:46:23.553494+00:00,195,3,cube3 onto cube2
coraplex_panda_demo_2026_08_02,2026-08-02 11:46:23.553494+00:00,196,1,cube1 onto cube0
coraplex_panda_demo_2026_08_02,2026-08-02 11:46:23.553494+00:00,196,2,cube2 onto cube1
coraplex_panda_demo_2026_08_02,2026-08-02 11:46:23.553494+00:00,196,3,cube3 onto cube2
coraplex_panda_demo_2026_08_02,2026-08-02 11:46:23.553494+00:00,197,1,cube1 onto cube0
coraplex_panda_demo_2026_08_02,2026-08-02 11:46:23.553494+00:00,197,2,cube2 onto cube1
coraplex_panda_demo_2026_08_02,2026-08-02 11:46:23.553494+00:00,197,3,cube3 onto cube2
coraplex_panda_demo_2026_08_02,2026-08-02 11:46:23.553494+00:00,198,1,cube1 onto cube0
coraplex_panda_demo_2026_08_02,2026-08-02 11:46:23.553494+00:00,198,2,cube2 onto cube1
coraplex_panda_demo_2026_08_02,2026-08-02 11:46:23.553494+00:00,198,3,cube3 onto cube2
coraplex_panda_demo_2026_08_02,2026-08-02 11:46:23.553494+00:00,200,1,cube1 onto cube0
coraplex_panda_demo_2026_08_02,2026-08-02 11:46:23.553494+00:00,200,2,cube2 onto cube1
coraplex_panda_demo_2026_08_02,2026-08-02 11:46:23.553494+00:00,200,3,cube3 onto cube2
coraplex_panda_demo_2026_08_02,2026-08-02 11:46:23.553494+00:00,203,1,cube1 onto cube0
coraplex_panda_demo_2026_08_02,2026-08-02 11:46:23.553494+00:00,203,2,cube2 onto cube1
coraplex_panda_demo_2026_08_02,2026-08-02 11:46:23.553494+00:00,203,3,cube3 onto cube2
coraplex_panda_demo_2026_08_02,2026-08-02 11:46:23.553494+00:00,205,1,cube1 onto cube0
coraplex_panda_demo_2026_08_02,2026-08-02 11:46:23.553494+00:00,205,2,cube2 onto cube1
coraplex_panda_demo_2026_08_02,2026-08-02 11:46:23.553494+00:00,205,3,cube3 onto cube2
coraplex_panda_demo_2026_08_02,2026-08-02 11:46:23.553494+00:00,206,1,cube1 onto cube0
coraplex_panda_demo_2026_08_02,2026-08-02 11:46:23.553494+00:00,206,2,cube2 onto cube1
coraplex_panda_demo_2026_08_02,2026-08-02 11:46:23.553494+00:00,206,3,cube3 onto cube2
coraplex_panda_demo_2026_08_02,2026-08-02 11:46:23.553494+00:00,207,1,cube1 onto cube0
coraplex_panda_demo_2026_08_02,2026-08-02 11:46:23.553494+00:00,207,2,cube2 onto cube1
coraplex_panda_demo_2026_08_02,2026-08-02 11:46:23.553494+00:00,207,3,cube3 onto cube2
coraplex_panda_demo_2026_08_02,2026-08-02 11:46:23.553494+00:00,210,1,cube1 onto cube0
coraplex_panda_demo_2026_08_02,2026-08-02 11:46:23.553494+00:00,210,2,cube2 onto cube1
coraplex_panda_demo_2026_08_02,2026-08-02 11:46:23.553494+00:00,210,3,cube3 onto cube2
coraplex_panda_demo_2026_08_02,2026-08-02 11:46:23.553494+00:00,211,1,cube1 onto cube0
coraplex_panda_demo_2026_08_02,2026-08-02 11:46:23.553494+00:00,211,2,cube2 onto cube1
coraplex_panda_demo_2026_08_02,2026-08-02 11:46:23.553494+00:00,211,3,cube3 onto cube2
coraplex_panda_demo_2026_08_02,2026-08-02 11:46:23.553494+00:00,212,1,cube1 onto cube0
coraplex_panda_demo_2026_08_02,2026-08-02 11:46:23.553494+00:00,212,2,cube2 onto cube1
coraplex_panda_demo_2026_08_02,2026-08-02 11:46:23.553494+00:00,212,3,cube3 onto cube2
coraplex_panda_demo_2026_08_02,2026-08-02 11:46:23.553494+00:00,213,1,cube1 onto cube0
coraplex_panda_demo_2026_08_02,2026-08-02 11:46:23.553494+00:00,213,2,cube2 onto cube1
coraplex_panda_demo_2026_08_02,2026-08-02 11:46:23.553494+00:00,213,3,cube3 onto cube2
coraplex_panda_demo_2026_08_02,2026-08-02 11:46:23.553494+00:00,215,1,cube1 onto cube0
coraplex_panda_demo_2026_08_02,2026-08-02 11:46:23.553494+00:00,215,2,cube2 onto cube1
coraplex_panda_demo_2026_08_02,2026-08-02 11:46:23.553494+00:00,215,3,cube3 onto cube2
coraplex_panda_demo_2026_08_02,2026-08-02 11:46:23.553494+00:00,216,1,cube1 onto cube0
coraplex_panda_demo_2026_08_02,2026-08-02 11:46:23.553494+00:00,216,2,cube2 onto cube1
coraplex_panda_demo_2026_08_02,2026-08-02 11:46:23.553494+00:00,216,3,cube3 onto cube2
coraplex_panda_demo_2026_08_02,2026-08-02 11:46:23.553494+00:00,217,1,cube1 onto cube0
coraplex_panda_demo_2026_08_02,2026-08-02 11:46:23.553494+00:00,217,2,cube2 onto cube1
coraplex_panda_demo_2026_08_02,2026-08-02 11:46:23.553494+00:00,217,3,cube3 onto cube2
coraplex_panda_demo_2026_08_02,2026-08-02 11:46:23.553494+00:00,218,1,cube1 onto cube0
coraplex_panda_demo_2026_08_02,2026-08-02 11:46:23.553494+00:00,218,2,cube2 onto cube1
coraplex_panda_demo_2026_08_02,2026-08-02 11:46:23.553494+00:00,218,3,cube3 onto cube2
coraplex_panda_demo_2026_08_02,2026-08-02 11:46:23.553494+00:00,219,1,cube1 onto cube0
coraplex_panda_demo_2026_08_02,2026-08-02 11:46:23.553494+00:00,219,2,cube2 onto cube1
coraplex_panda_demo_2026_08_02,2026-08-02 11:46:23.553494+00:00,219,3,cube3 onto cube2
coraplex_panda_demo_2026_08_02,2026-08-02 11:46:23.553494+00:00,220,1,cube1 onto cube0
coraplex_panda_demo_2026_08_02,2026-08-02 11:46:23.553494+00:00,220,2,cube2 onto cube1
coraplex_panda_demo_2026_08_02,2026-08-02 11:46:23.553494+00:00,220,3,cube3 onto cube2
coraplex_panda_demo_2026_08_02,2026-08-02 11:46:23.553494+00:00,221,1,cube1 onto cube0
coraplex_panda_demo_2026_08_02,2026-08-02 11:46:23.553494+00:00,221,2,cube2 onto cube1
coraplex_panda_demo_2026_08_02,2026-08-02 11:46:23.553494+00:00,221,3,cube3 onto cube2
coraplex_panda_demo_2026_08_02,2026-08-02 11:46:23.553494+00:00,222,1,cube1 onto cube0
coraplex_panda_demo_2026_08_02,2026-08-02 11:46:23.553494+00:00,222,2,cube2 onto cube1
coraplex_panda_demo_2026_08_02,2026-08-02 11:46:23.553494+00:00,222,3,cube3 onto cube2
coraplex_panda_demo_2026_08_02,2026-08-02 11:46:23.553494+00:00,223,1,cube1 onto cube0
coraplex_panda_demo_2026_08_02,2026-08-02 11:46:23.553494+00:00,223,2,cube2 onto cube1
coraplex_panda_demo_2026_08_02,2026-08-02 11:46:23.553494+00:00,223,3,cube3 onto cube2
coraplex_panda_demo_2026_08_02,2026-08-02 11:46:23.553494+00:00,224,1,cube1 onto cube0
coraplex_panda_demo_2026_08_02,2026-08-02 11:46:23.553494+00:00,224,2,cube2 onto cube1
coraplex_panda_demo_2026_08_02,2026-08-02 11:46:23.553494+00:00,224,3,cube3 onto cube2
coraplex_panda_demo_2026_08_02,2026-08-02 11:46:23.553494+00:00,225,1,cube1 onto cube0
coraplex_panda_demo_2026_08_02,2026-08-02 11:46:23.553494+00:00,225,2,cube2 onto cube1
coraplex_panda_demo_2026_08_02,2026-08-02 11:46:23.553494+00:00,225,3,cube3 onto cube2
coraplex_panda_demo_2026_08_02,2026-08-02 11:46:23.553494+00:00,226,1,cube1 onto cube0
coraplex_panda_demo_2026_08_02,2026-08-02 11:46:23.553494+00:00,226,2,cube2 onto cube1
coraplex_panda_demo_2026_08_02,2026-08-02 11:46:23.553494+00:00,226,3,cube3 onto cube2
coraplex_panda_demo_2026_08_02,2026-08-02 11:46:23.553494+00:00,227,1,cube1 onto cube0
coraplex_panda_demo_2026_08_02,2026-08-02 11:46:23.553494+00:00,227,2,cube2 onto cube1
coraplex_panda_demo_2026_08_02,2026-08-02 11:46:23.553494+00:00,227,3,cube3 onto cube2
coraplex_panda_demo_2026_08_02,2026-08-02 11:46:23.553494+00:00,230,1,cube1 onto cube0
coraplex_panda_demo_2026_08_02,2026-08-02 11:46:23.553494+00:00,230,2,cube2 onto cube1
coraplex_panda_demo_2026_08_02,2026-08-02 11:46:23.553494+00:00,230,3,cube3 onto cube2
coraplex_panda_demo_2026_08_02,2026-08-02 11:46:23.553494+00:00,233,1,cube1 onto cube0
coraplex_panda_demo_2026_08_02,2026-08-02 11:46:23.553494+00:00,233,2,cube2 onto cube1
coraplex_panda_demo_2026_08_02,2026-08-02 11:46:23.553494+00:00,233,3,cube3 onto cube2
coraplex_panda_demo_2026_08_02,2026-08-02 11:46:23.553494+00:00,235,1,cube1 onto cube0
coraplex_panda_demo_2026_08_02,2026-08-02 11:46:23.553494+00:00,235,2,cube2 onto cube1
coraplex_panda_demo_2026_08_02,2026-08-02 11:46:23.553494+00:00,235,3,cube3 onto cube2
coraplex_panda_demo_2026_08_02,2026-08-02 11:46:23.553494+00:00,237,1,cube1 onto cube0
coraplex_panda_demo_2026_08_02,2026-08-02 11:46:23.553494+00:00,237,2,cube2 onto cube1
coraplex_panda_demo_2026_08_02,2026-08-02 11:46:23.553494+00:00,237,3,cube3 onto cube2
coraplex_panda_demo_2026_08_02,2026-08-02 11:46:23.553494+00:00,239,1,cube1 onto cube0
coraplex_panda_demo_2026_08_02,2026-08-02 11:46:23.553494+00:00,239,2,cube2 onto cube1
coraplex_panda_demo_2026_08_02,2026-08-02 11:46:23.553494+00:00,239,3,cube3 onto cube2
coraplex_panda_demo_2026_08_02,2026-08-02 11:46:23.553494+00:00,240,1,cube1 onto cube0
coraplex_panda_demo_2026_08_02,2026-08-02 11:46:23.553494+00:00,240,2,cube2 onto cube1
coraplex_panda_demo_2026_08_02,2026-08-02 11:46:23.553494+00:00,240,3,cube3 onto cube2
coraplex_panda_demo_2026_08_02,2026-08-02 11:46:23.553494+00:00,241,1,cube1 onto cube0
coraplex_panda_demo_2026_08_02,2026-08-02 11:46:23.553494+00:00,241,2,cube2 onto cube1
coraplex_panda_demo_2026_08_02,2026-08-02 11:46:23.553494+00:00,241,3,cube3 onto cube2
coraplex_panda_demo_2026_08_02,2026-08-02 11:46:23.553494+00:00,242,1,cube1 onto cube0
coraplex_panda_demo_2026_08_02,2026-08-02 11:46:23.553494+00:00,242,2,cube2 onto cube1
coraplex_panda_demo_2026_08_02,2026-08-02 11:46:23.553494+00:00,242,3,cube3 onto cube2
coraplex_panda_demo_2026_08_02,2026-08-02 11:46:23.553494+00:00,244,1,cube1 onto cube0
coraplex_panda_demo_2026_08_02,2026-08-02 11:46:23.553494+00:00,244,2,cube2 onto cube1
coraplex_panda_demo_2026_08_02,2026-08-02 11:46:23.553494+00:00,244,3,cube3 onto cube2
coraplex_panda_demo_2026_08_02,2026-08-02 11:46:23.553494+00:00,246,1,cube1 onto cube0
coraplex_panda_demo_2026_08_02,2026-08-02 11:46:23.553494+00:00,246,2,cube2 onto cube1
coraplex_panda_demo_2026_08_02,2026-08-02 11:46:23.553494+00:00,246,3,cube3 onto cube2
coraplex_panda_demo_2026_08_02,2026-08-02 11:46:23.553494+00:00,247,1,cube1 onto cube0
coraplex_panda_demo_2026_08_02,2026-08-02 11:46:23.553494+00:00,247,2,cube2 onto cube1
coraplex_panda_demo_2026_08_02,2026-08-02 11:46:23.553494+00:00,247,3,cube3 onto cube2
coraplex_panda_demo_2026_08_02,2026-08-02 11:46:23.553494+00:00,248,1,cube1 onto cube0
coraplex_panda_demo_2026_08_02,2026-08-02 11:46:23.553494+00:00,248,2,cube2 onto cube1
coraplex_panda_demo_2026_08_02,2026-08-02 11:46:23.553494+00:00,248,3,cube3 onto cube2
coraplex_panda_demo_2026_08_02,2026-08-02 11:46:23.553494+00:00,249,1,cube1 onto cube0
coraplex_panda_demo_2026_08_02,2026-08-02 11:46:23.553494+00:00,249,2,cube2 onto cube1
coraplex_panda_demo_2026_08_02,2026-08-02 11:46:23.553494+00:00,249,3,cube3 onto cube2
coraplex_panda_demo_2026_08_02,2026-08-02 11:46:23.553494+00:00,250,1,cube1 onto cube0
coraplex_panda_demo_2026_08_02,2026-08-02 11:46:23.553494+00:00,250,2,cube2 onto cube1
coraplex_panda_demo_2026_08_02,2026-08-02 11:46:23.553494+00:00,250,3,cube3 onto cube2
coraplex_panda_demo_2026_08_02,2026-08-02 11:46:23.553494+00:00,252,1,cube1 onto cube0
coraplex_panda_demo_2026_08_02,2026-08-02 11:46:23.553494+00:00,252,2,cube2 onto cube1
coraplex_panda_demo_2026_08_02,2026-08-02 11:46:23.553494+00:00,252,3,cube3 onto cube2
coraplex_panda_demo_2026_08_02,2026-08-02 11:46:23.553494+00:00,254,1,cube1 onto cube0
coraplex_panda_demo_2026_08_02,2026-08-02 11:46:23.553494+00:00,254,2,cube2 onto cube1
coraplex_panda_demo_2026_08_02,2026-08-02 11:46:23.553494+00:00,254,3,cube3 onto cube2
coraplex_panda_demo_2026_08_02,2026-08-02 11:46:23.553494+00:00,255,1,cube1 onto cube0
coraplex_panda_demo_2026_08_02,2026-08-02 11:46:23.553494+00:00,255,2,cube2 onto cube1
coraplex_panda_demo_2026_08_02,2026-08-02 11:46:23.553494+00:00,255,3,cube3 onto cube2
coraplex_panda_demo_2026_08_02,2026-08-02 11:46:23.553494+00:00,256,1,cube1 onto cube0
coraplex_panda_demo_2026_08_02,2026-08-02 11:46:23.553494+00:00,256,2,cube2 onto cube1
coraplex_panda_demo_2026_08_02,2026-08-02 11:46:23.553494+00:00,256,3,cube3 onto cube2
coraplex_panda_demo_2026_08_02,2026-08-02 11:46:23.553494+00:00,257,1,cube1 onto cube0
coraplex_panda_demo_2026_08_02,2026-08-02 11:46:23.553494+00:00,257,2,cube2 onto cube1
coraplex_panda_demo_2026_08_02,2026-08-02 11:46:23.553494+00:00,257,3,cube3 onto cube2
coraplex_panda_demo_2026_08_02,2026-08-02 11:46:23.553494+00:00,258,1,cube1 onto cube0
coraplex_panda_demo_2026_08_02,2026-08-02 11:46:23.553494+00:00,258,2,cube2 onto cube1
coraplex_panda_demo_2026_08_02,2026-08-02 11:46:23.553494+00:00,258,3,cube3 onto cube2
coraplex_panda_demo_2026_08_02,2026-08-02 11:46:23.553494+00:00,259,1,cube1 onto cube0
coraplex_panda_demo_2026_08_02,2026-08-02 11:46:23.553494+00:00,259,2,cube2 onto cube1
coraplex_panda_demo_2026_08_02,2026-08-02 11:46:23.553494+00:00,259,3,cube3 onto cube2
coraplex_panda_demo_2026_08_02,2026-08-02 11:46:23.553494+00:00,260,1,cube1 onto cube0
coraplex_panda_demo_2026_08_02,2026-08-02 11:46:23.553494+00:00,260,2,cube2 onto cube1
coraplex_panda_demo_2026_08_02,2026-08-02 11:46:23.553494+00:00,260,3,cube3 onto cube2
coraplex_panda_demo_2026_08_02,2026-08-02 11:46:23.553494+00:00,262,1,cube1 onto cube0
coraplex_panda_demo_2026_08_02,2026-08-02 11:46:23.553494+00:00,262,2,cube2 onto cube1
coraplex_panda_demo_2026_08_02,2026-08-02 11:46:23.553494+00:00,262,3,cube3 onto cube2
coraplex_panda_demo_2026_08_02,2026-08-02 11:46:23.553494+00:00,264,1,cube1 onto cube0
coraplex_panda_demo_2026_08_02,2026-08-02 11:46:23.553494+00:00,264,2,cube2 onto cube1
coraplex_panda_demo_2026_08_02,2026-08-02 11:46:23.553494+00:00,264,3,cube3 onto cube2
coraplex_panda_demo_2026_08_02,2026-08-02 11:46:23.553494+00:00,265,1,cube1 onto cube0
coraplex_panda_demo_2026_08_02,2026-08-02 11:46:23.553494+00:00,265,2,cube2 onto cube1
coraplex_panda_demo_2026_08_02,2026-08-02 11:46:23.553494+00:00,265,3,cube3 onto cube2
coraplex_panda_demo_2026_08_02,2026-08-02 11:46:23.553494+00:00,266,1,cube1 onto cube0
coraplex_panda_demo_2026_08_02,2026-08-02 11:46:23.553494+00:00,266,2,cube2 onto cube1
coraplex_panda_demo_2026_08_02,2026-08-02 11:46:23.553494+00:00,266,3,cube3 onto cube2
coraplex_panda_demo_2026_08_02,2026-08-02 11:46:23.553494+00:00,267,1,cube1 onto cube0
coraplex_panda_demo_2026_08_02,2026-08-02 11:46:23.553494+00:00,267,2,cube2 onto cube1
coraplex_panda_demo_2026_08_02,2026-08-02 11:46:23.553494+00:00,267,3,cube3 onto cube2
coraplex_panda_demo_2026_08_02,2026-08-02 11:46:23.553494+00:00,268,1,cube1 onto cube0
coraplex_panda_demo_2026_08_02,2026-08-02 11:46:23.553494+00:00,268,2,cube2 onto cube1
coraplex_panda_demo_2026_08_02,2026-08-02 11:46:23.553494+00:00,268,3,cube3 onto cube2
coraplex_panda_demo_2026_08_02,2026-08-02 11:46:23.553494+00:00,269,1,cube1 onto cube0
coraplex_panda_demo_2026_08_02,2026-08-02 11:46:23.553494+00:00,269,2,cube2 onto cube1
coraplex_panda_demo_2026_08_02,2026-08-02 11:46:23.553494+00:00,269,3,cube3 onto cube2
coraplex_panda_demo_2026_08_02,2026-08-02 11:46:23.553494+00:00,271,1,cube1 onto cube0
coraplex_panda_demo_2026_08_02,2026-08-02 11:46:23.553494+00:00,271,2,cube2 onto cube1
coraplex_panda_demo_2026_08_02,2026-08-02 11:46:23.553494+00:00,271,3,cube3 onto cube2
coraplex_panda_demo_2026_08_02,2026-08-02 11:46:23.553494+00:00,272,1,cube1 onto cube0
coraplex_panda_demo_2026_08_02,2026-08-02 11:46:23.553494+00:00,272,2,cube2 onto cube1
coraplex_panda_demo_2026_08_02,2026-08-02 11:46:23.553494+00:00,272,3,cube3 onto cube2
coraplex_panda_demo_2026_08_02,2026-08-02 11:46:23.553494+00:00,273,1,cube1 onto cube0
coraplex_panda_demo_2026_08_02,2026-08-02 11:46:23.553494+00:00,273,2,cube2 onto cube1
coraplex_panda_demo_2026_08_02,2026-08-02 11:46:23.553494+00:00,273,3,cube3 onto cube2
coraplex_panda_demo_2026_08_02,2026-08-02 11:46:23.553494+00:00,274,1,cube1 onto cube0
coraplex_panda_demo_2026_08_02,2026-08-02 11:46:23.553494+00:00,274,2,cube2 onto cube1
coraplex_panda_demo_2026_08_02,2026-08-02 11:46:23.553494+00:00,274,3,cube3 onto cube2
coraplex_panda_demo_2026_08_02,2026-08-02 11:46:23.553494+00:00,275,1,cube1 onto cube0
coraplex_panda_demo_2026_08_02,2026-08-02 11:46:23.553494+00:00,275,2,cube2 onto cube1
coraplex_panda_demo_2026_08_02,2026-08-02 11:46:23.553494+00:00,275,3,cube3 onto cube2
coraplex_panda_demo_2026_08_02,2026-08-02 11:46:23.553494+00:00,276,1,cube1 onto cube0
coraplex_panda_demo_2026_08_02,2026-08-02 11:46:23.553494+00:00,276,2,cube2 onto cube1
coraplex_panda_demo_2026_08_02,2026-08-02 11:46:23.553494+00:00,276,3,cube3 onto cube2
coraplex_panda_demo_2026_08_02,2026-08-02 11:46:23.553494+00:00,277,1,cube1 onto cube0
coraplex_panda_demo_2026_08_02,2026-08-02 11:46:23.553494+00:00,277,2,cube2 onto cube1
coraplex_panda_demo_2026_08_02,2026-08-02 11:46:23.553494+00:00,277,3,cube3 onto cube2
coraplex_panda_demo_2026_08_02,2026-08-02 11:46:23.553494+00:00,278,1,cube1 onto cube0
coraplex_panda_demo_2026_08_02,2026-08-02 11:46:23.553494+00:00,278,2,cube2 onto cube1
coraplex_panda_demo_2026_08_02,2026-08-02 11:46:23.553494+00:00,278,3,cube3 onto cube2
coraplex_panda_demo_2026_08_02,2026-08-02 11:46:23.553494+00:00,279,1,cube1 onto cube0
coraplex_panda_demo_2026_08_02,2026-08-02 11:46:23.553494+00:00,279,2,cube2 onto cube1
coraplex_panda_demo_2026_08_02,2026-08-02 11:46:23.553494+00:00,279,3,cube3 onto cube2
coraplex_panda_demo_2026_08_02,2026-08-02 11:46:23.553494+00:00,282,1,cube1 onto cube0
coraplex_panda_demo_2026_08_02,2026-08-02 11:46:23.553494+00:00,282,2,cube2 onto cube1
coraplex_panda_demo_2026_08_02,2026-08-02 11:46:23.553494+00:00,282,3,cube3 onto cube2
coraplex_panda_demo_2026_08_02,2026-08-02 11:46:23.553494+00:00,284,1,cube1 onto cube0
coraplex_panda_demo_2026_08_02,2026-08-02 11:46:23.553494+00:00,284,2,cube2 onto cube1
coraplex_panda_demo_2026_08_02,2026-08-02 11:46:23.553494+00:00,284,3,cube3 onto cube2
coraplex_panda_demo_2026_08_02,2026-08-02 11:46:23.553494+00:00,285,1,cube1 onto cube0
coraplex_panda_demo_2026_08_02,2026-08-02 11:46:23.553494+00:00,285,2,cube2 onto cube1
coraplex_panda_demo_2026_08_02,2026-08-02 11:46:23.553494+00:00,285,3,cube3 onto cube2
coraplex_panda_demo_2026_08_02,2026-08-02 11:46:23.553494+00:00,287,1,cube1 onto cube0
coraplex_panda_demo_2026_08_02,2026-08-02 11:46:23.553494+00:00,287,2,cube2 onto cube1
coraplex_panda_demo_2026_08_02,2026-08-02 11:46:23.553494+00:00,287,3,cube3 onto cube2
coraplex_panda_demo_2026_08_02,2026-08-02 11:46:23.553494+00:00,288,1,cube1 onto cube0
coraplex_panda_demo_2026_08_02,2026-08-02 11:46:23.553494+00:00,288,2,cube2 onto cube1
coraplex_panda_demo_2026_08_02,2026-08-02 11:46:23.553494+00:00,288,3,cube3 onto cube2
coraplex_panda_demo_2026_08_02,2026-08-02 11:46:23.553494+00:00,289,1,cube1 onto cube0
coraplex_panda_demo_2026_08_02,2026-08-02 11:46:23.553494+00:00,289,2,cube2 onto cube1
coraplex_panda_demo_2026_08_02,2026-08-02 11:46:23.553494+00:00,289,3,cube3 onto cube2
coraplex_panda_demo_2026_08_02,2026-08-02 11:46:23.553494+00:00,292,1,cube1 onto cube0
coraplex_panda_demo_2026_08_02,2026-08-02 11:46:23.553494+00:00,292,2,cube2 onto cube1
coraplex_panda_demo_2026_08_02,2026-08-02 11:46:23.553494+00:00,292,3,cube3 onto cube2
coraplex_panda_demo_2026_08_02,2026-08-02 11:46:23.553494+00:00,293,1,cube1 onto cube0
coraplex_panda_demo_2026_08_02,2026-08-02 11:46:23.553494+00:00,293,2,cube2 onto cube1
coraplex_panda_demo_2026_08_02,2026-08-02 11:46:23.553494+00:00,293,3,cube3 onto cube2
coraplex_panda_demo_2026_08_02,2026-08-02 11:46:23.553494+00:00,294,1,cube1 onto cube0
coraplex_panda_demo_2026_08_02,2026-08-02 11:46:23.553494+00:00,294,2,cube2 onto cube1
coraplex_panda_demo_2026_08_02,2026-08-02 11:46:23.553494+00:00,294,3,cube3 onto cube2
coraplex_panda_demo_2026_08_02,2026-08-02 11:46:23.553494+00:00,296,1,cube1 onto cube0
coraplex_panda_demo_2026_08_02,2026-08-02 11:46:23.553494+00:00,296,2,cube2 onto cube1
coraplex_panda_demo_2026_08_02,2026-08-02 11:46:23.553494+00:00,296,3,cube3 onto cube2
coraplex_panda_demo_2026_08_02,2026-08-02 11:46:23.553494+00:00,298,1,cube1 onto cube0
coraplex_panda_demo_2026_08_02,2026-08-02 11:46:23.553494+00:00,298,2,cube2 onto cube1
coraplex_panda_demo_2026_08_02,2026-08-02 11:46:23.553494+00:00,298,3,cube3 onto cube2
coraplex_panda_demo_2026_08_02,2026-08-02 11:46:23.553494+00:00,301,1,cube1 onto cube0
coraplex_panda_demo_2026_08_02,2026-08-02 11:46:23.553494+00:00,301,2,cube2 onto cube1
coraplex_panda_demo_2026_08_02,2026-08-02 11:46:23.553494+00:00,301,3,cube3 onto cube2
coraplex_panda_demo_2026_08_02,2026-08-02 11:46:23.553494+00:00,302,1,cube1 onto cube0
coraplex_panda_demo_2026_08_02,2026-08-02 11:46:23.553494+00:00,302,2,cube2 onto cube1
coraplex_panda_demo_2026_08_02,2026-08-02 11:46:23.553494+00:00,302,3,cube3 onto cube2
coraplex_panda_demo_2026_08_02,2026-08-02 11:46:23.553494+00:00,305,1,cube1 onto cube0
coraplex_panda_demo_2026_08_02,2026-08-02 11:46:23.553494+00:00,305,2,cube2 onto cube1
coraplex_panda_demo_2026_08_02,2026-08-02 11:46:23.553494+00:00,305,3,cube3 onto cube2
coraplex_panda_demo_2026_08_02,2026-08-02 11:46:23.553494+00:00,306,1,cube1 onto cube0
coraplex_panda_demo_2026_08_02,2026-08-02 11:46:23.553494+00:00,306,2,cube2 onto cube1
coraplex_panda_demo_2026_08_02,2026-08-02 11:46:23.553494+00:00,306,3,cube3 onto cube2
coraplex_panda_demo_2026_08_02,2026-08-02 11:46:23.553494+00:00,307,1,cube1 onto cube0
coraplex_panda_demo_2026_08_02,2026-08-02 11:46:23.553494+00:00,307,2,cube2 onto cube1
coraplex_panda_demo_2026_08_02,2026-08-02 11:46:23.553494+00:00,307,3,cube3 onto cube2
coraplex_panda_demo_2026_08_02,2026-08-02 11:46:23.553494+00:00,308,1,cube1 onto cube0
coraplex_panda_demo_2026_08_02,2026-08-02 11:46:23.553494+00:00,308,2,cube2 onto cube1
coraplex_panda_demo_2026_08_02,2026-08-02 11:46:23.553494+00:00,308,3,cube3 onto cube2
coraplex_panda_demo_2026_08_02,2026-08-02 11:46:23.553494+00:00,309,1,cube1 onto cube0
coraplex_panda_demo_2026_08_02,2026-08-02 11:46:23.553494+00:00,309,2,cube2 onto cube1
coraplex_panda_demo_2026_08_02,2026-08-02 11:46:23.553494+00:00,309,3,cube3 onto cube2
coraplex_panda_demo_2026_08_02,2026-08-02 11:46:23.553494+00:00,310,1,cube1 onto cube0
coraplex_panda_demo_2026_08_02,2026-08-02 11:46:23.553494+00:00,310,2,cube2 onto cube1
coraplex_panda_demo_2026_08_02,2026-08-02 11:46:23.553494+00:00,310,3,cube3 onto cube2
coraplex_panda_demo_2026_08_02,2026-08-02 11:46:23.553494+00:00,311,1,cube1 onto cube0
coraplex_panda_demo_2026_08_02,2026-08-02 11:46:23.553494+00:00,311,2,cube2 onto cube1
coraplex_panda_demo_2026_08_02,2026-08-02 11:46:23.553494+00:00,311,3,cube3 onto cube2
coraplex_panda_demo_2026_08_02,2026-08-02 11:46:23.553494+00:00,312,1,cube1 onto cube0
coraplex_panda_demo_2026_08_02,2026-08-02 11:46:23.553494+00:00,312,2,cube2 onto cube1
coraplex_panda_demo_2026_08_02,2026-08-02 11:46:23.553494+00:00,312,3,cube3 onto cube2
coraplex_panda_demo_2026_08_02,2026-08-02 11:46:23.553494+00:00,314,1,cube1 onto cube0
coraplex_panda_demo_2026_08_02,2026-08-02 11:46:23.553494+00:00,314,2,cube2 onto cube1
coraplex_panda_demo_2026_08_02,2026-08-02 11:46:23.553494+00:00,314,3,cube3 onto cube2
coraplex_panda_demo_2026_08_02,2026-08-02 11:46:23.553494+00:00,315,1,cube1 onto cube0
coraplex_panda_demo_2026_08_02,2026-08-02 11:46:23.553494+00:00,315,2,cube2 onto cube1
coraplex_panda_demo_2026_08_02,2026-08-02 11:46:23.553494+00:00,315,3,cube3 onto cube2
coraplex_panda_demo_2026_08_02,2026-08-02 11:46:23.553494+00:00,316,1,cube1 onto cube0
coraplex_panda_demo_2026_08_02,2026-08-02 11:46:23.553494+00:00,316,2,cube2 onto cube1
coraplex_panda_demo_2026_08_02,2026-08-02 11:46:23.553494+00:00,316,3,cube3 onto cube2
coraplex_panda_demo_2026_08_02,2026-08-02 11:46:23.553494+00:00,317,1,cube1 onto cube0
coraplex_panda_demo_2026_08_02,2026-08-02 11:46:23.553494+00:00,317,2,cube2 onto cube1
coraplex_panda_demo_2026_08_02,2026-08-02 11:46:23.553494+00:00,317,3,cube3 onto cube2
coraplex_panda_demo_2026_08_02,2026-08-02 11:46:23.553494+00:00,318,1,cube1 onto cube0
coraplex_panda_demo_2026_08_02,2026-08-02 11:46:23.553494+00:00,318,2,cube2 onto cube1
coraplex_panda_demo_2026_08_02,2026-08-02 11:46:23.553494+00:00,318,3,cube3 onto cube2
coraplex_panda_demo_2026_08_02,2026-08-02 11:46:23.553494+00:00,319,1,cube1 onto cube0
coraplex_panda_demo_2026_08_02,2026-08-02 11:46:23.553494+00:00,319,2,cube2 onto cube1
coraplex_panda_demo_2026_08_02,2026-08-02 11:46:23.553494+00:00,319,3,cube3 onto cube2
coraplex_panda_demo_2026_08_02,2026-08-02 11:46:23.553494+00:00,320,1,cube1 onto cube0
coraplex_panda_demo_2026_08_02,2026-08-02 11:46:23.553494+00:00,320,2,cube2 onto cube1
coraplex_panda_demo_2026_08_02,2026-08-02 11:46:23.553494+00:00,320,3,cube3 onto cube2
coraplex_panda_demo_2026_08_02,2026-08-02 11:46:23.553494+00:00,322,1,cube1 onto cube0
coraplex_panda_demo_2026_08_02,2026-08-02 11:46:23.553494+00:00,322,2,cube2 onto cube1
coraplex_panda_demo_2026_08_02,2026-08-02 11:46:23.553494+00:00,322,3,cube3 onto cube2
coraplex_panda_demo_2026_08_02,2026-08-02 11:46:23.553494+00:00,323,1,cube1 onto cube0
coraplex_panda_demo_2026_08_02,2026-08-02 11:46:23.553494+00:00,323,2,cube2 onto cube1
coraplex_panda_demo_2026_08_02,2026-08-02 11:46:23.553494+00:00,323,3,cube3 onto cube2
coraplex_panda_demo_2026_08_02,2026-08-02 11:46:23.553494+00:00,324,1,cube1 onto cube0
coraplex_panda_demo_2026_08_02,2026-08-02 11:46:23.553494+00:00,324,2,cube2 onto cube1
coraplex_panda_demo_2026_08_02,2026-08-02 11:46:23.553494+00:00,324,3,cube3 onto cube2
coraplex_panda_demo_2026_08_02,2026-08-02 11:46:23.553494+00:00,325,1,cube1 onto cube0
coraplex_panda_demo_2026_08_02,2026-08-02 11:46:23.553494+00:00,325,2,cube2 onto cube1
coraplex_panda_demo_2026_08_02,2026-08-02 11:46:23.553494+00:00,325,3,cube3 onto cube2
coraplex_panda_demo_2026_08_02,2026-08-02 11:46:23.553494+00:00,326,1,cube1 onto cube0
coraplex_panda_demo_2026_08_02,2026-08-02 11:46:23.553494+00:00,326,2,cube2 onto cube1
coraplex_panda_demo_2026_08_02,2026-08-02 11:46:23.553494+00:00,326,3,cube3 onto cube2
coraplex_panda_demo_2026_08_02,2026-08-02 11:46:23.553494+00:00,327,1,cube1 onto cube0
coraplex_panda_demo_2026_08_02,2026-08-02 11:46:23.553494+00:00,327,2,cube2 onto cube1
coraplex_panda_demo_2026_08_02,2026-08-02 11:46:23.553494+00:00,327,3,cube3 onto cube2
coraplex_panda_demo_2026_08_02,2026-08-02 11:46:23.553494+00:00,328,1,cube1 onto cube0
coraplex_panda_demo_2026_08_02,2026-08-02 11:46:23.553494+00:00,328,2,cube2 onto cube1
coraplex_panda_demo_2026_08_02,2026-08-02 11:46:23.553494+00:00,328,3,cube3 onto cube2
coraplex_panda_demo_2026_08_02,2026-08-02 11:46:23.553494+00:00,329,1,cube1 onto cube0
coraplex_panda_demo_2026_08_02,2026-08-02 11:46:23.553494+00:00,329,2,cube2 onto cube1
coraplex_panda_demo_2026_08_02,2026-08-02 11:46:23.553494+00:00,329,3,cube3 onto cube2
coraplex_panda_demo_2026_08_02,2026-08-02 11:46:23.553494+00:00,330,1,cube1 onto cube0
coraplex_panda_demo_2026_08_02,2026-08-02 11:46:23.553494+00:00,330,2,cube2 onto cube1
coraplex_panda_demo_2026_08_02,2026-08-02 11:46:23.553494+00:00,330,3,cube3 onto cube2
coraplex_panda_demo_2026_08_02,2026-08-02 11:46:23.553494+00:00,332,1,cube1 onto cube0
coraplex_panda_demo_2026_08_02,2026-08-02 11:46:23.553494+00:00,332,2,cube2 onto cube1
coraplex_panda_demo_2026_08_02,2026-08-02 11:46:23.553494+00:00,332,3,cube3 onto cube2
coraplex_panda_demo_2026_08_02,2026-08-02 11:46:23.553494+00:00,333,1,cube1 onto cube0
coraplex_panda_demo_2026_08_02,2026-08-02 11:46:23.553494+00:00,333,2,cube2 onto cube1
coraplex_panda_demo_2026_08_02,2026-08-02 11:46:23.553494+00:00,333,3,cube3 onto cube2
coraplex_panda_demo_2026_08_02,2026-08-02 11:46:23.553494+00:00,334,1,cube1 onto cube0
coraplex_panda_demo_2026_08_02,2026-08-02 11:46:23.553494+00:00,334,2,cube2 onto cube1
coraplex_panda_demo_2026_08_02,2026-08-02 11:46:23.553494+00:00,334,3,cube3 onto cube2
coraplex_panda_demo_2026_08_02,2026-08-02 11:46:23.553494+00:00,335,1,cube1 onto cube0
coraplex_panda_demo_2026_08_02,2026-08-02 11:46:23.553494+00:00,335,2,cube2 onto cube1
coraplex_panda_demo_2026_08_02,2026-08-02 11:46:23.553494+00:00,335,3,cube3 onto cube2
coraplex_panda_demo_2026_08_02,2026-08-02 11:46:23.553494+00:00,336,1,cube1 onto cube0
coraplex_panda_demo_2026_08_02,2026-08-02 11:46:23.553494+00:00,336,2,cube2 onto cube1
coraplex_panda_demo_2026_08_02,2026-08-02 11:46:23.553494+00:00,336,3,cube3 onto cube2
coraplex_panda_demo_2026_08_02,2026-08-02 11:46:23.553494+00:00,339,1,cube1 onto cube0
coraplex_panda_demo_2026_08_02,2026-08-02 11:46:23.553494+00:00,339,2,cube2 onto cube1
coraplex_panda_demo_2026_08_02,2026-08-02 11:46:23.553494+00:00,339,3,cube3 onto cube2
coraplex_panda_demo_2026_08_02,2026-08-02 11:46:23.553494+00:00,340,1,cube1 onto cube0
coraplex_panda_demo_2026_08_02,2026-08-02 11:46:23.553494+00:00,340,2,cube2 onto cube1
coraplex_panda_demo_2026_08_02,2026-08-02 11:46:23.553494+00:00,340,3,cube3 onto cube2
coraplex_panda_demo_2026_08_02,2026-08-02 11:46:23.553494+00:00,341,1,cube1 onto cube0
coraplex_panda_demo_2026_08_02,2026-08-02 11:46:23.553494+00:00,341,2,cube2 onto cube1
coraplex_panda_demo_2026_08_02,2026-08-02 11:46:23.553494+00:00,341,3,cube3 onto cube2
coraplex_panda_demo_2026_08_02,2026-08-02 11:46:23.553494+00:00,342,1,cube1 onto cube0
coraplex_panda_demo_2026_08_02,2026-08-02 11:46:23.553494+00:00,342,2,cube2 onto cube1
coraplex_panda_demo_2026_08_02,2026-08-02 11:46:23.553494+00:00,342,3,cube3 onto cube2
coraplex_panda_demo_2026_08_02,2026-08-02 11:46:23.553494+00:00,343,1,cube1 onto cube0
coraplex_panda_demo_2026_08_02,2026-08-02 11:46:23.553494+00:00,343,2,cube2 onto cube1
coraplex_panda_demo_2026_08_02,2026-08-02 11:46:23.553494+00:00,343,3,cube3 onto cube2
coraplex_panda_demo_2026_08_02,2026-08-02 11:46:23.553494+00:00,344,1,cube1 onto cube0
coraplex_panda_demo_2026_08_02,2026-08-02 11:46:23.553494+00:00,344,2,cube2 onto cube1
coraplex_panda_demo_2026_08_02,2026-08-02 11:46:23.553494+00:00,344,3,cube3 onto cube2
coraplex_panda_demo_2026_08_02,2026-08-02 11:46:23.553494+00:00,345,1,cube1 onto cube0
coraplex_panda_demo_2026_08_02,2026-08-02 11:46:23.553494+00:00,345,2,cube2 onto cube1
coraplex_panda_demo_2026_08_02,2026-08-02 11:46:23.553494+00:00,345,3,cube3 onto cube2
coraplex_panda_demo_2026_08_02,2026-08-02 11:46:23.553494+00:00,346,1,cube1 onto cube0
coraplex_panda_demo_2026_08_02,2026-08-02 11:46:23.553494+00:00,346,2,cube2 onto cube1
coraplex_panda_demo_2026_08_02,2026-08-02 11:46:23.553494+00:00,346,3,cube3 onto cube2
coraplex_panda_demo_2026_08_02,2026-08-02 11:46:23.553494+00:00,349,1,cube1 onto cube0
coraplex_panda_demo_2026_08_02,2026-08-02 11:46:23.553494+00:00,349,2,cube2 onto cube1
coraplex_panda_demo_2026_08_02,2026-08-02 11:46:23.553494+00:00,349,3,cube3 onto cube2
coraplex_panda_demo_2026_08_02,2026-08-02 11:46:23.553494+00:00,351,1,cube1 onto cube0
coraplex_panda_demo_2026_08_02,2026-08-02 11:46:23.553494+00:00,351,2,cube2 onto cube1
coraplex_panda_demo_2026_08_02,2026-08-02 11:46:23.553494+00:00,351,3,cube3 onto cube2
coraplex_panda_demo_2026_08_02,2026-08-02 11:46:23.553494+00:00,354,1,cube1 onto cube0
coraplex_panda_demo_2026_08_02,2026-08-02 11:46:23.553494+00:00,354,2,cube2 onto cube1
coraplex_panda_demo_2026_08_02,2026-08-02 11:46:23.553494+00:00,354,3,cube3 onto cube2
coraplex_panda_demo_2026_08_02,2026-08-02 11:46:23.553494+00:00,355,1,cube1 onto cube0
coraplex_panda_demo_2026_08_02,2026-08-02 11:46:23.553494+00:00,355,2,cube2 onto cube1
coraplex_panda_demo_2026_08_02,2026-08-02 11:46:23.553494+00:00,355,3,cube3 onto cube2
coraplex_panda_demo_2026_08_02,2026-08-02 11:46:23.553494+00:00,358,1,cube1 onto cube0
coraplex_panda_demo_2026_08_02,2026-08-02 11:46:23.553494+00:00,358,2,cube2 onto cube1
coraplex_panda_demo_2026_08_02,2026-08-02 11:46:23.553494+00:00,358,3,cube3 onto cube2
coraplex_panda_demo_2026_08_02,2026-08-02 11:46:23.553494+00:00,359,1,cube1 onto cube0
coraplex_panda_demo_2026_08_02,2026-08-02 11:46:23.553494+00:00,359,2,cube2 onto cube1
coraplex_panda_demo_2026_08_02,2026-08-02 11:46:23.553494+00:00,359,3,cube3 onto cube2
coraplex_panda_demo_2026_08_02,2026-08-02 11:46:23.553494+00:00,361,1,cube1 onto cube0
coraplex_panda_demo_2026_08_02,2026-08-02 11:46:23.553494+00:00,361,2,cube2 onto cube1
coraplex_panda_demo_2026_08_02,2026-08-02 11:46:23.553494+00:00,361,3,cube3 onto cube2
coraplex_panda_demo_2026_08_02,2026-08-02 11:46:23.553494+00:00,362,1,cube1 onto cube0
coraplex_panda_demo_2026_08_02,2026-08-02 11:46:23.553494+00:00,362,2,cube2 onto cube1
coraplex_panda_demo_2026_08_02,2026-08-02 11:46:23.553494+00:00,362,3,cube3 onto cube2
coraplex_panda_demo_2026_08_02,2026-08-02 11:46:23.553494+00:00,363,1,cube1 onto cube0
coraplex_panda_demo_2026_08_02,2026-08-02 11:46:23.553494+00:00,363,2,cube2 onto cube1
coraplex_panda_demo_2026_08_02,2026-08-02 11:46:23.553494+00:00,363,3,cube3 onto cube2
coraplex_panda_demo_2026_08_02,2026-08-02 11:46:23.553494+00:00,364,1,cube1 onto cube0
coraplex_panda_demo_2026_08_02,2026-08-02 11:46:23.553494+00:00,364,2,cube2 onto cube1
coraplex_panda_demo_2026_08_02,2026-08-02 11:46:23.553494+00:00,364,3,cube3 onto cube2
coraplex_panda_demo_2026_08_02,2026-08-02 11:46:23.553494+00:00,365,1,cube1 onto cube0
coraplex_panda_demo_2026_08_02,2026-08-02 11:46:23.553494+00:00,365,2,cube2 onto cube1
coraplex_panda_demo_2026_08_02,2026-08-02 11:46:23.553494+00:00,365,3,cube3 onto cube2
coraplex_panda_demo_2026_08_02,2026-08-02 11:46:23.553494+00:00,367,1,cube1 onto cube0
coraplex_panda_demo_2026_08_02,2026-08-02 11:46:23.553494+00:00,367,2,cube2 onto cube1
coraplex_panda_demo_2026_08_02,2026-08-02 11:46:23.553494+00:00,367,3,cube3 onto cube2
coraplex_panda_demo_2026_08_02,2026-08-02 11:46:23.553494+00:00,371,1,cube1 onto cube0
coraplex_panda_demo_2026_08_02,2026-08-02 11:46:23.553494+00:00,371,2,cube2 onto cube1
coraplex_panda_demo_2026_08_02,2026-08-02 11:46:23.553494+00:00,371,3,cube3 onto cube2
coraplex_panda_demo_2026_08_02,2026-08-02 11:46:23.553494+00:00,372,1,cube1 onto cube0
coraplex_panda_demo_2026_08_02,2026-08-02 11:46:23.553494+00:00,372,2,cube2 onto cube1
coraplex_panda_demo_2026_08_02,2026-08-02 11:46:23.553494+00:00,372,3,cube3 onto cube2
coraplex_panda_demo_2026_08_02,2026-08-02 11:46:23.553494+00:00,374,1,cube1 onto cube0
coraplex_panda_demo_2026_08_02,2026-08-02 11:46:23.553494+00:00,374,2,cube2 onto cube1
coraplex_panda_demo_2026_08_02,2026-08-02 11:46:23.553494+00:00,374,3,cube3 onto cube2
coraplex_panda_demo_2026_08_02,2026-08-02 11:46:23.553494+00:00,376,1,cube1 onto cube0
coraplex_panda_demo_2026_08_02,2026-08-02 11:46:23.553494+00:00,376,2,cube2 onto cube1
coraplex_panda_demo_2026_08_02,2026-08-02 11:46:23.553494+00:00,376,3,cube3 onto cube2
coraplex_panda_demo_2026_08_02,2026-08-02 11:46:23.553494+00:00,377,1,cube1 onto cube0
coraplex_panda_demo_2026_08_02,2026-08-02 11:46:23.553494+00:00,377,2,cube2 onto cube1
coraplex_panda_demo_2026_08_02,2026-08-02 11:46:23.553494+00:00,377,3,cube3 onto cube2
coraplex_panda_demo_2026_08_02,2026-08-02 11:46:23.553494+00:00,378,1,cube1 onto cube0
coraplex_panda_demo_2026_08_02,2026-08-02 11:46:23.553494+00:00,378,2,cube2 onto cube1
coraplex_panda_demo_2026_08_02,2026-08-02 11:46:23.553494+00:00,378,3,cube3 onto cube2
coraplex_panda_demo_2026_08_02,2026-08-02 11:46:23.553494+00:00,379,1,cube1 onto cube0
coraplex_panda_demo_2026_08_02,2026-08-02 11:46:23.553494+00:00,379,2,cube2 onto cube1
coraplex_panda_demo_2026_08_02,2026-08-02 11:46:23.553494+00:00,379,3,cube3 onto cube2
coraplex_panda_demo_2026_08_02,2026-08-02 11:46:23.553494+00:00,380,1,cube1 onto cube0
coraplex_panda_demo_2026_08_02,2026-08-02 11:46:23.553494+00:00,380,2,cube2 onto cube1
coraplex_panda_demo_2026_08_02,2026-08-02 11:46:23.553494+00:00,380,3,cube3 onto cube2
coraplex_panda_demo_2026_08_02,2026-08-02 11:46:23.553494+00:00,381,1,cube1 onto cube0
coraplex_panda_demo_2026_08_02,2026-08-02 11:46:23.553494+00:00,381,2,cube2 onto cube1
coraplex_panda_demo_2026_08_02,2026-08-02 11:46:23.553494+00:00,381,3,cube3 onto cube2
coraplex_panda_demo_2026_08_02,2026-08-02 11:46:23.553494+00:00,382,1,cube1 onto cube0
coraplex_panda_demo_2026_08_02,2026-08-02 11:46:23.553494+00:00,382,2,cube2 onto cube1
coraplex_panda_demo_2026_08_02,2026-08-02 11:46:23.553494+00:00,382,3,cube3 onto cube2
coraplex_panda_demo_2026_08_02,2026-08-02 11:46:23.553494+00:00,383,1,cube1 onto cube0
coraplex_panda_demo_2026_08_02,2026-08-02 11:46:23.553494+00:00,383,2,cube2 onto cube1
coraplex_panda_demo_2026_08_02,2026-08-02 11:46:23.553494+00:00,383,3,cube3 onto cube2
coraplex_panda_demo_2026_08_02,2026-08-02 11:46:23.553494+00:00,384,1,cube1 onto cube0
coraplex_panda_demo_2026_08_02,2026-08-02 11:46:23.553494+00:00,384,2,cube2 onto cube1
coraplex_panda_demo_2026_08_02,2026-08-02 11:46:23.553494+00:00,384,3,cube3 onto cube2
coraplex_panda_demo_2026_08_02,2026-08-02 11:46:23.553494+00:00,386,1,cube1 onto cube0
coraplex_panda_demo_2026_08_02,2026-08-02 11:46:23.553494+00:00,386,2,cube2 onto cube1
coraplex_panda_demo_2026_08_02,2026-08-02 11:46:23.553494+00:00,386,3,cube3 onto cube2
coraplex_panda_demo_2026_08_02,2026-08-02 11:46:23.553494+00:00,388,1,cube1 onto cube0
coraplex_panda_demo_2026_08_02,2026-08-02 11:46:23.553494+00:00,388,2,cube2 onto cube1
coraplex_panda_demo_2026_08_02,2026-08-02 11:46:23.553494+00:00,388,3,cube3 onto cube2
coraplex_panda_demo_2026_08_02,2026-08-02 11:46:23.553494+00:00,390,1,cube1 onto cube0
coraplex_panda_demo_2026_08_02,2026-08-02 11:46:23.553494+00:00,390,2,cube2 onto cube1
coraplex_panda_demo_2026_08_02,2026-08-02 11:46:23.553494+00:00,390,3,cube3 onto cube2
coraplex_panda_demo_2026_08_02,2026-08-02 11:46:23.553494+00:00,391,1,cube1 onto cube0
coraplex_panda_demo_2026_08_02,2026-08-02 11:46:23.553494+00:00,391,2,cube2 onto cube1
coraplex_panda_demo_2026_08_02,2026-08-02 11:46:23.553494+00:00,391,3,cube3 onto cube2
coraplex_panda_demo_2026_08_02,2026-08-02 11:46:23.553494+00:00,392,1,cube1 onto cube0
coraplex_panda_demo_2026_08_02,2026-08-02 11:46:23.553494+00:00,392,2,cube2 onto cube1
coraplex_panda_demo_2026_08_02,2026-08-02 11:46:23.553494+00:00,392,3,cube3 onto cube2
coraplex_panda_demo_2026_08_02,2026-08-02 11:46:23.553494+00:00,393,1,cube1 onto cube0
coraplex_panda_demo_2026_08_02,2026-08-02 11:46:23.553494+00:00,393,2,cube2 onto cube1
coraplex_panda_demo_2026_08_02,2026-08-02 11:46:23.553494+00:00,393,3,cube3 onto cube2
coraplex_panda_demo_2026_08_02,2026-08-02 11:46:23.553494+00:00,394,1,cube1 onto cube0
coraplex_panda_demo_2026_08_02,2026-08-02 11:46:23.553494+00:00,394,2,cube2 onto cube1
coraplex_panda_demo_2026_08_02,2026-08-02 11:46:23.553494+00:00,394,3,cube3 onto cube2
coraplex_panda_demo_2026_08_02,2026-08-02 11:46:23.553494+00:00,396,1,cube1 onto cube0
coraplex_panda_demo_2026_08_02,2026-08-02 11:46:23.553494+00:00,396,2,cube2 onto cube1
coraplex_panda_demo_2026_08_02,2026-08-02 11:46:23.553494+00:00,396,3,cube3 onto cube2
coraplex_panda_demo_2026_08_02,2026-08-02 11:46:23.553494+00:00,397,1,cube1 onto cube0
coraplex_panda_demo_2026_08_02,2026-08-02 11:46:23.553494+00:00,397,2,cube2 onto cube1
coraplex_panda_demo_2026_08_02,2026-08-02 11:46:23.553494+00:00,397,3,cube3 onto cube2
coraplex_panda_demo_2026_08_02,2026-08-02 11:46:23.553494+00:00,398,1,cube1 onto cube0
coraplex_panda_demo_2026_08_02,2026-08-02 11:46:23.553494+00:00,398,2,cube2 onto cube1
coraplex_panda_demo_2026_08_02,2026-08-02 11:46:23.553494+00:00,398,3,cube3 onto cube2
coraplex_panda_demo_2026_08_02,2026-08-02 11:46:23.553494+00:00,400,1,cube1 onto cube0
coraplex_panda_demo_2026_08_02,2026-08-02 11:46:23.553494+00:00,400,2,cube2 onto cube1
coraplex_panda_demo_2026_08_02,2026-08-02 11:46:23.553494+00:00,400,3,cube3 onto cube2
coraplex_panda_demo_2026_08_02,2026-08-02 11:46:23.553494+00:00,402,1,cube1 onto cube0
coraplex_panda_demo_2026_08_02,2026-08-02 11:46:23.553494+00:00,402,2,cube2 onto cube1
coraplex_panda_demo_2026_08_02,2026-08-02 11:46:23.553494+00:00,402,3,cube3 onto cube2
coraplex_panda_demo_2026_08_02,2026-08-02 11:46:23.553494+00:00,403,1,cube1 onto cube0
coraplex_panda_demo_2026_08_02,2026-08-02 11:46:23.553494+00:00,403,2,cube2 onto cube1
coraplex_panda_demo_2026_08_02,2026-08-02 11:46:23.553494+00:00,403,3,cube3 onto cube2
coraplex_panda_demo_2026_08_02,2026-08-02 11:46:23.553494+00:00,404,1,cube1 onto cube0
coraplex_panda_demo_2026_08_02,2026-08-02 11:46:23.553494+00:00,404,2,cube2 onto cube1
coraplex_panda_demo_2026_08_02,2026-08-02 11:46:23.553494+00:00,404,3,cube3 onto cube2
coraplex_panda_demo_2026_08_02,2026-08-02 11:46:23.553494+00:00,405,1,cube1 onto cube0
coraplex_panda_demo_2026_08_02,2026-08-02 11:46:23.553494+00:00,405,2,cube2 onto cube1
coraplex_panda_demo_2026_08_02,2026-08-02 11:46:23.553494+00:00,405,3,cube3 onto cube2
coraplex_panda_demo_2026_08_02,2026-08-02 11:46:23.553494+00:00,407,1,cube1 onto cube0
coraplex_panda_demo_2026_08_02,2026-08-02 11:46:23.553494+00:00,407,2,cube2 onto cube1
coraplex_panda_demo_2026_08_02,2026-08-02 11:46:23.553494+00:00,407,3,cube3 onto cube2
coraplex_panda_demo_2026_08_02,2026-08-02 11:46:23.553494+00:00,408,1,cube1 onto cube0
coraplex_panda_demo_2026_08_02,2026-08-02 11:46:23.553494+00:00,408,2,cube2 onto cube1
coraplex_panda_demo_2026_08_02,2026-08-02 11:46:23.553494+00:00,408,3,cube3 onto cube2
coraplex_panda_demo_2026_08_02,2026-08-02 11:46:23.553494+00:00,409,1,cube1 onto cube0
coraplex_panda_demo_2026_08_02,2026-08-02 11:46:23.553494+00:00,409,2,cube2 onto cube1
coraplex_panda_demo_2026_08_02,2026-08-02 11:46:23.553494+00:00,409,3,cube3 onto cube2
coraplex_panda_demo_2026_08_02,2026-08-02 11:46:23.553494+00:00,410,1,cube1 onto cube0
coraplex_panda_demo_2026_08_02,2026-08-02 11:46:23.553494+00:00,410,2,cube2 onto cube1
coraplex_panda_demo_2026_08_02,2026-08-02 11:46:23.553494+00:00,410,3,cube3 onto cube2
coraplex_panda_demo_2026_08_02,2026-08-02 11:46:23.553494+00:00,412,1,cube1 onto cube0
coraplex_panda_demo_2026_08_02,2026-08-02 11:46:23.553494+00:00,412,2,cube2 onto cube1
coraplex_panda_demo_2026_08_02,2026-08-02 11:46:23.553494+00:00,412,3,cube3 onto cube2
coraplex_panda_demo_2026_08_02,2026-08-02 11:46:23.553494+00:00,413,1,cube1 onto cube0
coraplex_panda_demo_2026_08_02,2026-08-02 11:46:23.553494+00:00,413,2,cube2 onto cube1
coraplex_panda_demo_2026_08_02,2026-08-02 11:46:23.553494+00:00,413,3,cube3 onto cube2
coraplex_panda_demo_2026_08_02,2026-08-02 11:46:23.553494+00:00,414,1,cube1 onto cube0
coraplex_panda_demo_2026_08_02,2026-08-02 11:46:23.553494+00:00,414,2,cube2 onto cube1
coraplex_panda_demo_2026_08_02,2026-08-02 11:46:23.553494+00:00,414,3,cube3 onto cube2
coraplex_panda_demo_2026_08_02,2026-08-02 11:46:23.553494+00:00,415,1,cube1 onto cube0
coraplex_panda_demo_2026_08_02,2026-08-02 11:46:23.553494+00:00,415,2,cube2 onto cube1
coraplex_panda_demo_2026_08_02,2026-08-02 11:46:23.553494+00:00,415,3,cube3 onto cube2
coraplex_panda_demo_2026_08_02,2026-08-02 11:46:23.553494+00:00,416,1,cube1 onto cube0
coraplex_panda_demo_2026_08_02,2026-08-02 11:46:23.553494+00:00,416,2,cube2 onto cube1
coraplex_panda_demo_2026_08_02,2026-08-02 11:46:23.553494+00:00,416,3,cube3 onto cube2
coraplex_panda_demo_2026_08_02,2026-08-02 11:46:23.553494+00:00,418,1,cube1 onto cube0
coraplex_panda_demo_2026_08_02,2026-08-02 11:46:23.553494+00:00,418,2,cube2 onto cube1
coraplex_panda_demo_2026_08_02,2026-08-02 11:46:23.553494+00:00,418,3,cube3 onto cube2
coraplex_panda_demo_2026_08_02,2026-08-02 11:46:23.553494+00:00,419,1,cube1 onto cube0
coraplex_panda_demo_2026_08_02,2026-08-02 11:46:23.553494+00:00,419,2,cube2 onto cube1
coraplex_panda_demo_2026_08_02,2026-08-02 11:46:23.553494+00:00,419,3,cube3 onto cube2
coraplex_panda_demo_2026_08_02,2026-08-02 11:46:23.553494+00:00,420,1,cube1 onto cube0
coraplex_panda_demo_2026_08_02,2026-08-02 11:46:23.553494+00:00,420,2,cube2 onto cube1
coraplex_panda_demo_2026_08_02,2026-08-02 11:46:23.553494+00:00,420,3,cube3 onto cube2
coraplex_panda_demo_2026_08_02,2026-08-02 11:46:23.553494+00:00,421,1,cube1 onto cube0
coraplex_panda_demo_2026_08_02,2026-08-02 11:46:23.553494+00:00,421,2,cube2 onto cube1
coraplex_panda_demo_2026_08_02,2026-08-02 11:46:23.553494+00:00,421,3,cube3 onto cube2
coraplex_panda_demo_2026_08_02,2026-08-02 11:46:23.553494+00:00,422,1,cube1 onto cube0
coraplex_panda_demo_2026_08_02,2026-08-02 11:46:23.553494+00:00,422,2,cube2 onto cube1
coraplex_panda_demo_2026_08_02,2026-08-02 11:46:23.553494+00:00,422,3,cube3 onto cube2
coraplex_panda_demo_2026_08_02,2026-08-02 11:46:23.553494+00:00,423,1,cube1 onto cube0
coraplex_panda_demo_2026_08_02,2026-08-02 11:46:23.553494+00:00,423,2,cube2 onto cube1
coraplex_panda_demo_2026_08_02,2026-08-02 11:46:23.553494+00:00,423,3,cube3 onto cube2
coraplex_panda_demo_2026_08_02,2026-08-02 11:46:23.553494+00:00,425,1,cube1 onto cube0
coraplex_panda_demo_2026_08_02,2026-08-02 11:46:23.553494+00:00,425,2,cube2 onto cube1
coraplex_panda_demo_2026_08_02,2026-08-02 11:46:23.553494+00:00,425,3,cube3 onto cube2
coraplex_panda_demo_2026_08_02,2026-08-02 11:46:23.553494+00:00,426,1,cube1 onto cube0
coraplex_panda_demo_2026_08_02,2026-08-02 11:46:23.553494+00:00,426,2,cube2 onto cube1
coraplex_panda_demo_2026_08_02,2026-08-02 11:46:23.553494+00:00,426,3,cube3 onto cube2
coraplex_panda_demo_2026_08_02,2026-08-02 11:46:23.553494+00:00,427,1,cube1 onto cube0
coraplex_panda_demo_2026_08_02,2026-08-02 11:46:23.553494+00:00,427,2,cube2 onto cube1
coraplex_panda_demo_2026_08_02,2026-08-02 11:46:23.553494+00:00,427,3,cube3 onto cube2
coraplex_panda_demo_2026_08_02,2026-08-02 11:46:23.553494+00:00,428,1,cube1 onto cube0
coraplex_panda_demo_2026_08_02,2026-08-02 11:46:23.553494+00:00,428,2,cube2 onto cube1
coraplex_panda_demo_2026_08_02,2026-08-02 11:46:23.553494+00:00,428,3,cube3 onto cube2
coraplex_panda_demo_2026_08_02,2026-08-02 11:46:23.553494+00:00,430,1,cube1 onto cube0
coraplex_panda_demo_2026_08_02,2026-08-02 11:46:23.553494+00:00,430,2,cube2 onto cube1
coraplex_panda_demo_2026_08_02,2026-08-02 11:46:23.553494+00:00,430,3,cube3 onto cube2
coraplex_panda_demo_2026_08_02,2026-08-02 11:46:23.553494+00:00,431,1,cube1 onto cube0
coraplex_panda_demo_2026_08_02,2026-08-02 11:46:23.553494+00:00,431,2,cube2 onto cube1
coraplex_panda_demo_2026_08_02,2026-08-02 11:46:23.553494+00:00,431,3,cube3 onto cube2
coraplex_panda_demo_2026_08_02,2026-08-02 11:46:23.553494+00:00,432,1,cube1 onto cube0
coraplex_panda_demo_2026_08_02,2026-08-02 11:46:23.553494+00:00,432,2,cube2 onto cube1
coraplex_panda_demo_2026_08_02,2026-08-02 11:46:23.553494+00:00,432,3,cube3 onto cube2
coraplex_panda_demo_2026_08_02,2026-08-02 11:46:23.553494+00:00,435,1,cube1 onto cube0
coraplex_panda_demo_2026_08_02,2026-08-02 11:46:23.553494+00:00,435,2,cube2 onto cube1
coraplex_panda_demo_2026_08_02,2026-08-02 11:46:23.553494+00:00,435,3,cube3 onto cube2
coraplex_panda_demo_2026_08_02,2026-08-02 11:46:23.553494+00:00,436,1,cube1 onto cube0
coraplex_panda_demo_2026_08_02,2026-08-02 11:46:23.553494+00:00,436,2,cube2 onto cube1
coraplex_panda_demo_2026_08_02,2026-08-02 11:46:23.553494+00:00,436,3,cube3 onto cube2
coraplex_panda_demo_2026_08_02,2026-08-02 11:46:23.553494+00:00,437,1,cube1 onto cube0
coraplex_panda_demo_2026_08_02,2026-08-02 11:46:23.553494+00:00,437,2,cube2 onto cube1
coraplex_panda_demo_2026_08_02,2026-08-02 11:46:23.553494+00:00,437,3,cube3 onto cube2
coraplex_panda_demo_2026_08_02,2026-08-02 11:46:23.553494+00:00,438,1,cube1 onto cube0
coraplex_panda_demo_2026_08_02,2026-08-02 11:46:23.553494+00:00,438,2,cube2 onto cube1
coraplex_panda_demo_2026_08_02,2026-08-02 11:46:23.553494+00:00,438,3,cube3 onto cube2
coraplex_panda_demo_2026_08_02,2026-08-02 11:46:23.553494+00:00,439,1,cube1 onto cube0
coraplex_panda_demo_2026_08_02,2026-08-02 11:46:23.553494+00:00,439,2,cube2 onto cube1
coraplex_panda_demo_2026_08_02,2026-08-02 11:46:23.553494+00:00,439,3,cube3 onto cube2
coraplex_panda_demo_2026_08_02,2026-08-02 11:46:23.553494+00:00,440,1,cube1 onto cube0
coraplex_panda_demo_2026_08_02,2026-08-02 11:46:23.553494+00:00,440,2,cube2 onto cube1
coraplex_panda_demo_2026_08_02,2026-08-02 11:46:23.553494+00:00,440,3,cube3 onto cube2
coraplex_panda_demo_2026_08_02,2026-08-02 11:46:23.553494+00:00,441,1,cube1 onto cube0
coraplex_panda_demo_2026_08_02,2026-08-02 11:46:23.553494+00:00,441,2,cube2 onto cube1
coraplex_panda_demo_2026_08_02,2026-08-02 11:46:23.553494+00:00,441,3,cube3 onto cube2
coraplex_panda_demo_2026_08_02,2026-08-02 11:46:23.553494+00:00,443,1,cube1 onto cube0
coraplex_panda_demo_2026_08_02,2026-08-02 11:46:23.553494+00:00,443,2,cube2 onto cube1
coraplex_panda_demo_2026_08_02,2026-08-02 11:46:23.553494+00:00,443,3,cube3 onto cube2
coraplex_panda_demo_2026_08_02,2026-08-02 11:46:23.553494+00:00,445,1,cube1 onto cube0
coraplex_panda_demo_2026_08_02,2026-08-02 11:46:23.553494+00:00,445,2,cube2 onto cube1
coraplex_panda_demo_2026_08_02,2026-08-02 11:46:23.553494+00:00,445,3,cube3 onto cube2
coraplex_panda_demo_2026_08_02,2026-08-02 11:46:23.553494+00:00,446,1,cube1 onto cube0
coraplex_panda_demo_2026_08_02,2026-08-02 11:46:23.553494+00:00,446,2,cube2 onto cube1
coraplex_panda_demo_2026_08_02,2026-08-02 11:46:23.553494+00:00,446,3,cube3 onto cube2
coraplex_panda_demo_2026_08_02,2026-08-02 11:46:23.553494+00:00,449,1,cube1 onto cube0
coraplex_panda_demo_2026_08_02,2026-08-02 11:46:23.553494+00:00,449,2,cube2 onto cube1
coraplex_panda_demo_2026_08_02,2026-08-02 11:46:23.553494+00:00,449,3,cube3 onto cube2
coraplex_panda_demo_2026_08_02,2026-08-02 11:46:23.553494+00:00,451,1,cube1 onto cube0
coraplex_panda_demo_2026_08_02,2026-08-02 11:46:23.553494+00:00,451,2,cube2 onto cube1
coraplex_panda_demo_2026_08_02,2026-08-02 11:46:23.553494+00:00,451,3,cube3 onto cube2
coraplex_panda_demo_2026_08_02,2026-08-02 11:46:23.553494+00:00,452,1,cube1 onto cube0
coraplex_panda_demo_2026_08_02,2026-08-02 11:46:23.553494+00:00,452,2,cube2 onto cube1
coraplex_panda_demo_2026_08_02,2026-08-02 11:46:23.553494+00:00,452,3,cube3 onto cube2
coraplex_panda_demo_2026_08_02,2026-08-02 11:46:23.553494+00:00,453,1,cube1 onto cube0
coraplex_panda_demo_2026_08_02,2026-08-02 11:46:23.553494+00:00,453,2,cube2 onto cube1
coraplex_panda_demo_2026_08_02,2026-08-02 11:46:23.553494+00:00,453,3,cube3 onto cube2
coraplex_panda_demo_2026_08_02,2026-08-02 11:46:23.553494+00:00,456,1,cube1 onto cube0
coraplex_panda_demo_2026_08_02,2026-08-02 11:46:23.553494+00:00,456,2,cube2 onto cube1
coraplex_panda_demo_2026_08_02,2026-08-02 11:46:23.553494+00:00,456,3,cube3 onto cube2
coraplex_panda_demo_2026_08_02,2026-08-02 11:46:23.553494+00:00,457,1,cube1 onto cube0
coraplex_panda_demo_2026_08_02,2026-08-02 11:46:23.553494+00:00,457,2,cube2 onto cube1
coraplex_panda_demo_2026_08_02,2026-08-02 11:46:23.553494+00:00,457,3,cube3 onto cube2
coraplex_panda_demo_2026_08_02,2026-08-02 11:46:23.553494+00:00,458,1,cube1 onto cube0
coraplex_panda_demo_2026_08_02,2026-08-02 11:46:23.553494+00:00,458,2,cube2 onto cube1
coraplex_panda_demo_2026_08_02,2026-08-02 11:46:23.553494+00:00,458,3,cube3 onto cube2
coraplex_panda_demo_2026_08_02,2026-08-02 11:46:23.553494+00:00,459,1,cube1 onto cube0
coraplex_panda_demo_2026_08_02,2026-08-02 11:46:23.553494+00:00,459,2,cube2 onto cube1
coraplex_panda_demo_2026_08_02,2026-08-02 11:46:23.553494+00:00,459,3,cube3 onto cube2
coraplex_panda_demo_2026_08_02,2026-08-02 11:46:23.553494+00:00,461,1,cube1 onto cube0
coraplex_panda_demo_2026_08_02,2026-08-02 11:46:23.553494+00:00,461,2,cube2 onto cube1
coraplex_panda_demo_2026_08_02,2026-08-02 11:46:23.553494+00:00,461,3,cube3 onto cube2
coraplex_panda_demo_2026_08_02,2026-08-02 11:46:23.553494+00:00,462,1,cube1 onto cube0
coraplex_panda_demo_2026_08_02,2026-08-02 11:46:23.553494+00:00,462,2,cube2 onto cube1
coraplex_panda_demo_2026_08_02,2026-08-02 11:46:23.553494+00:00,462,3,cube3 onto cube2
coraplex_panda_demo_2026_08_02,2026-08-02 11:46:23.553494+00:00,463,1,cube1 onto cube0
coraplex_panda_demo_2026_08_02,2026-08-02 11:46:23.553494+00:00,463,2,cube2 onto cube1
coraplex_panda_demo_2026_08_02,2026-08-02 11:46:23.553494+00:00,463,3,cube3 onto cube2
coraplex_panda_demo_2026_08_02,2026-08-02 11:46:23.553494+00:00,465,1,cube1 onto cube0
coraplex_panda_demo_2026_08_02,2026-08-02 11:46:23.553494+00:00,465,2,cube2 onto cube1
coraplex_panda_demo_2026_08_02,2026-08-02 11:46:23.553494+00:00,465,3,cube3 onto cube2
coraplex_panda_demo_2026_08_02,2026-08-02 11:46:23.553494+00:00,470,1,cube1 onto cube0
coraplex_panda_demo_2026_08_02,2026-08-02 11:46:23.553494+00:00,470,2,cube2 onto cube1
coraplex_panda_demo_2026_08_02,2026-08-02 11:46:23.553494+00:00,470,3,cube3 onto cube2
coraplex_panda_demo_2026_08_02,2026-08-02 11:46:23.553494+00:00,472,1,cube1 onto cube0
coraplex_panda_demo_2026_08_02,2026-08-02 11:46:23.553494+00:00,472,2,cube2 onto cube1
coraplex_panda_demo_2026_08_02,2026-08-02 11:46:23.553494+00:00,472,3,cube3 onto cube2
coraplex_panda_demo_2026_08_02,2026-08-02 11:46:23.553494+00:00,475,1,cube1 onto cube0
coraplex_panda_demo_2026_08_02,2026-08-02 11:46:23.553494+00:00,475,2,cube2 onto cube1
coraplex_panda_demo_2026_08_02,2026-08-02 11:46:23.553494+00:00,475,3,cube3 onto cube2
coraplex_panda_demo_2026_08_02,2026-08-02 11:46:23.553494+00:00,476,1,cube1 onto cube0
coraplex_panda_demo_2026_08_02,2026-08-02 11:46:23.553494+00:00,476,2,cube2 onto cube1
coraplex_panda_demo_2026_08_02,2026-08-02 11:46:23.553494+00:00,476,3,cube3 onto cube2
coraplex_panda_demo_2026_08_02,2026-08-02 11:46:23.553494+00:00,478,1,cube1 onto cube0
coraplex_panda_demo_2026_08_02,2026-08-02 11:46:23.553494+00:00,478,2,cube2 onto cube1
coraplex_panda_demo_2026_08_02,2026-08-02 11:46:23.553494+00:00,478,3,cube3 onto cube2
coraplex_panda_demo_2026_08_02,2026-08-02 11:46:23.553494+00:00,480,1,cube1 onto cube0
coraplex_panda_demo_2026_08_02,2026-08-02 11:46:23.553494+00:00,480,2,cube2 onto cube1
coraplex_panda_demo_2026_08_02,2026-08-02 11:46:23.553494+00:00,480,3,cube3 onto cube2
coraplex_panda_demo_2026_08_02,2026-08-02 11:46:23.553494+00:00,481,1,cube1 onto cube0
coraplex_panda_demo_2026_08_02,2026-08-02 11:46:23.553494+00:00,481,2,cube2 onto cube1
coraplex_panda_demo_2026_08_02,2026-08-02 11:46:23.553494+00:00,481,3,cube3 onto cube2
coraplex_panda_demo_2026_08_02,2026-08-02 11:46:23.553494+00:00,482,1,cube1 onto cube0
coraplex_panda_demo_2026_08_02,2026-08-02 11:46:23.553494+00:00,482,2,cube2 onto cube1
coraplex_panda_demo_2026_08_02,2026-08-02 11:46:23.553494+00:00,482,3,cube3 onto cube2
coraplex_panda_demo_2026_08_02,2026-08-02 11:46:23.553494+00:00,484,1,cube1 onto cube0
coraplex_panda_demo_2026_08_02,2026-08-02 11:46:23.553494+00:00,484,2,cube2 onto cube1
coraplex_panda_demo_2026_08_02,2026-08-02 11:46:23.553494+00:00,484,3,cube3 onto cube2
coraplex_panda_demo_2026_08_02,2026-08-02 11:46:23.553494+00:00,485,1,cube1 onto cube0
coraplex_panda_demo_2026_08_02,2026-08-02 11:46:23.553494+00:00,485,2,cube2 onto cube1
coraplex_panda_demo_2026_08_02,2026-08-02 11:46:23.553494+00:00,485,3,cube3 onto cube2
coraplex_panda_demo_2026_08_02,2026-08-02 11:46:23.553494+00:00,486,1,cube1 onto cube0
coraplex_panda_demo_2026_08_02,2026-08-02 11:46:23.553494+00:00,486,2,cube2 onto cube1
coraplex_panda_demo_2026_08_02,2026-08-02 11:46:23.553494+00:00,486,3,cube3 onto cube2
coraplex_panda_demo_2026_08_02,2026-08-02 11:46:23.553494+00:00,487,1,cube1 onto cube0
coraplex_panda_demo_2026_08_02,2026-08-02 11:46:23.553494+00:00,487,2,cube2 onto cube1
coraplex_panda_demo_2026_08_02,2026-08-02 11:46:23.553494+00:00,487,3,cube3 onto cube2
coraplex_panda_demo_2026_08_02,2026-08-02 11:46:23.553494+00:00,489,1,cube1 onto cube0
coraplex_panda_demo_2026_08_02,2026-08-02 11:46:23.553494+00:00,489,2,cube2 onto cube1
coraplex_panda_demo_2026_08_02,2026-08-02 11:46:23.553494+00:00,489,3,cube3 onto cube2
coraplex_panda_demo_2026_08_02,2026-08-02 11:46:23.553494+00:00,490,1,cube1 onto cube0
coraplex_panda_demo_2026_08_02,2026-08-02 11:46:23.553494+00:00,490,2,cube2 onto cube1
coraplex_panda_demo_2026_08_02,2026-08-02 11:46:23.553494+00:00,490,3,cube3 onto cube2
coraplex_panda_demo_2026_08_02,2026-08-02 11:46:23.553494+00:00,491,1,cube1 onto cube0
coraplex_panda_demo_2026_08_02,2026-08-02 11:46:23.553494+00:00,491,2,cube2 onto cube1
coraplex_panda_demo_2026_08_02,2026-08-02 11:46:23.553494+00:00,491,3,cube3 onto cube2
coraplex_panda_demo_2026_08_02,2026-08-02 11:46:23.553494+00:00,492,1,cube1 onto cube0
coraplex_panda_demo_2026_08_02,2026-08-02 11:46:23.553494+00:00,492,2,cube2 onto cube1
coraplex_panda_demo_2026_08_02,2026-08-02 11:46:23.553494+00:00,492,3,cube3 onto cube2
coraplex_panda_demo_2026_08_02,2026-08-02 11:46:23.553494+00:00,493,1,cube1 onto cube0
coraplex_panda_demo_2026_08_02,2026-08-02 11:46:23.553494+00:00,493,2,cube2 onto cube1
coraplex_panda_demo_2026_08_02,2026-08-02 11:46:23.553494+00:00,493,3,cube3 onto cube2
coraplex_panda_demo_2026_08_02,2026-08-02 11:46:23.553494+00:00,494,1,cube1 onto cube0
coraplex_panda_demo_2026_08_02,2026-08-02 11:46:23.553494+00:00,494,2,cube2 onto cube1
coraplex_panda_demo_2026_08_02,2026-08-02 11:46:23.553494+00:00,494,3,cube3 onto cube2
coraplex_panda_demo_2026_08_02,2026-08-02 11:46:23.553494+00:00,495,1,cube1 onto cube0
coraplex_panda_demo_2026_08_02,2026-08-02 11:46:23.553494+00:00,495,2,cube2 onto cube1
coraplex_panda_demo_2026_08_02,2026-08-02 11:46:23.553494+00:00,495,3,cube3 onto cube2
coraplex_panda_demo_2026_08_02,2026-08-02 11:46:23.553494+00:00,496,1,cube1 onto cube0
coraplex_panda_demo_2026_08_02,2026-08-02 11:46:23.553494+00:00,496,2,cube2 onto cube1
coraplex_panda_demo_2026_08_02,2026-08-02 11:46:23.553494+00:00,496,3,cube3 onto cube2
coraplex_panda_demo_2026_08_02,2026-08-02 11:46:23.553494+00:00,497,1,cube1 onto cube0
coraplex_panda_demo_2026_08_02,2026-08-02 11:46:23.553494+00:00,497,2,cube2 onto cube1
coraplex_panda_demo_2026_08_02,2026-08-02 11:46:23.553494+00:00,497,3,cube3 onto cube2
coraplex_panda_demo_2026_08_02,2026-08-02 11:46:23.553494+00:00,498,1,cube1 onto cube0
coraplex_panda_demo_2026_08_02,2026-08-02 11:46:23.553494+00:00,498,2,cube2 onto cube1
coraplex_panda_demo_2026_08_02,2026-08-02 11:46:23.553494+00:00,498,3,cube3 onto cube2
coraplex_panda_demo_2026_08_02,2026-08-02 11:46:23.553494+00:00,500,1,cube1 onto cube0
coraplex_panda_demo_2026_08_02,2026-08-02 11:46:23.553494+00:00,500,2,cube2 onto cube1
coraplex_panda_demo_2026_08_02,2026-08-02 11:46:23.553494+00:00,500,3,cube3 onto cube2
coraplex_panda_demo_2026_08_02,2026-08-02 11:46:23.553494+00:00,501,1,cube1 onto cube0
coraplex_panda_demo_2026_08_02,2026-08-02 11:46:23.553494+00:00,501,2,cube2 onto cube1
coraplex_panda_demo_2026_08_02,2026-08-02 11:46:23.553494+00:00,501,3,cube3 onto cube2
coraplex_panda_demo_2026_08_02,2026-08-02 11:46:23.553494+00:00,502,1,cube1 onto cube0
coraplex_panda_demo_2026_08_02,2026-08-02 11:46:23.553494+00:00,502,2,cube2 onto cube1
coraplex_panda_demo_2026_08_02,2026-08-02 11:46:23.553494+00:00,502,3,cube3 onto cube2
coraplex_panda_demo_2026_08_02,2026-08-02 11:46:23.553494+00:00,503,1,cube1 onto cube0
coraplex_panda_demo_2026_08_02,2026-08-02 11:46:23.553494+00:00,503,2,cube2 onto cube1
coraplex_panda_demo_2026_08_02,2026-08-02 11:46:23.553494+00:00,503,3,cube3 onto cube2
coraplex_panda_demo_2026_08_02,2026-08-02 11:46:23.553494+00:00,504,1,cube1 onto cube0
coraplex_panda_demo_2026_08_02,2026-08-02 11:46:23.553494+00:00,504,2,cube2 onto cube1
coraplex_panda_demo_2026_08_02,2026-08-02 11:46:23.553494+00:00,504,3,cube3 onto cube2
coraplex_panda_demo_2026_08_02,2026-08-02 11:46:23.553494+00:00,505,1,cube1 onto cube0
coraplex_panda_demo_2026_08_02,2026-08-02 11:46:23.553494+00:00,505,2,cube2 onto cube1
coraplex_panda_demo_2026_08_02,2026-08-02 11:46:23.553494+00:00,505,3,cube3 onto cube2
coraplex_panda_demo_2026_08_02,2026-08-02 11:46:23.553494+00:00,507,1,cube1 onto cube0
coraplex_panda_demo_2026_08_02,2026-08-02 11:46:23.553494+00:00,507,2,cube2 onto cube1
coraplex_panda_demo_2026_08_02,2026-08-02 11:46:23.553494+00:00,507,3,cube3 onto cube2
coraplex_panda_demo_2026_08_02,2026-08-02 11:46:23.553494+00:00,508,1,cube1 onto cube0
coraplex_panda_demo_2026_08_02,2026-08-02 11:46:23.553494+00:00,508,2,cube2 onto cube1
coraplex_panda_demo_2026_08_02,2026-08-02 11:46:23.553494+00:00,508,3,cube3 onto cube2
coraplex_panda_demo_2026_08_02,2026-08-02 11:46:23.553494+00:00,509,1,cube1 onto cube0
coraplex_panda_demo_2026_08_02,2026-08-02 11:46:23.553494+00:00,509,2,cube2 onto cube1
coraplex_panda_demo_2026_08_02,2026-08-02 11:46:23.553494+00:00,509,3,cube3 onto cube2
coraplex_panda_demo_2026_08_02,2026-08-02 11:46:23.553494+00:00,510,1,cube1 onto cube0
coraplex_panda_demo_2026_08_02,2026-08-02 11:46:23.553494+00:00,510,2,cube2 onto cube1
coraplex_panda_demo_2026_08_02,2026-08-02 11:46:23.553494+00:00,510,3,cube3 onto cube2
coraplex_panda_demo_2026_08_02,2026-08-02 11:46:23.553494+00:00,511,1,cube1 onto cube0
coraplex_panda_demo_2026_08_02,2026-08-02 11:46:23.553494+00:00,511,2,cube2 onto cube1
coraplex_panda_demo_2026_08_02,2026-08-02 11:46:23.553494+00:00,511,3,cube3 onto cube2
coraplex_panda_demo_2026_08_02,2026-08-02 11:46:23.553494+00:00,512,1,cube1 onto cube0
coraplex_panda_demo_2026_08_02,2026-08-02 11:46:23.553494+00:00,512,2,cube2 onto cube1
coraplex_panda_demo_2026_08_02,2026-08-02 11:46:23.553494+00:00,512,3,cube3 onto cube2
coraplex_panda_demo_2026_08_02,2026-08-02 11:46:23.553494+00:00,513,1,cube1 onto cube0
coraplex_panda_demo_2026_08_02,2026-08-02 11:46:23.553494+00:00,513,2,cube2 onto cube1
coraplex_panda_demo_2026_08_02,2026-08-02 11:46:23.553494+00:00,513,3,cube3 onto cube2
coraplex_panda_demo_2026_08_02,2026-08-02 11:46:23.553494+00:00,514,1,cube1 onto cube0
coraplex_panda_demo_2026_08_02,2026-08-02 11:46:23.553494+00:00,514,2,cube2 onto cube1
coraplex_panda_demo_2026_08_02,2026-08-02 11:46:23.553494+00:00,514,3,cube3 onto cube2
coraplex_panda_demo_2026_08_02,2026-08-02 11:46:23.553494+00:00,515,1,cube1 onto cube0
coraplex_panda_demo_2026_08_02,2026-08-02 11:46:23.553494+00:00,515,2,cube2 onto cube1
coraplex_panda_demo_2026_08_02,2026-08-02 11:46:23.553494+00:00,515,3,cube3 onto cube2
coraplex_panda_demo_2026_08_02,2026-08-02 11:46:23.553494+00:00,516,1,cube1 onto cube0
coraplex_panda_demo_2026_08_02,2026-08-02 11:46:23.553494+00:00,516,2,cube2 onto cube1
coraplex_panda_demo_2026_08_02,2026-08-02 11:46:23.553494+00:00,516,3,cube3 onto cube2
coraplex_panda_demo_2026_08_02,2026-08-02 11:46:23.553494+00:00,517,1,cube1 onto cube0
coraplex_panda_demo_2026_08_02,2026-08-02 11:46:23.553494+00:00,517,2,cube2 onto cube1
coraplex_panda_demo_2026_08_02,2026-08-02 11:46:23.553494+00:00,517,3,cube3 onto cube2
coraplex_panda_demo_2026_08_02,2026-08-02 11:46:23.553494+00:00,519,1,cube1 onto cube0
coraplex_panda_demo_2026_08_02,2026-08-02 11:46:23.553494+00:00,519,2,cube2 onto cube1
coraplex_panda_demo_2026_08_02,2026-08-02 11:46:23.553494+00:00,519,3,cube3 onto cube2
coraplex_panda_demo_2026_08_02,2026-08-02 11:46:23.553494+00:00,520,1,cube1 onto cube0
coraplex_panda_demo_2026_08_02,2026-08-02 11:46:23.553494+00:00,520,2,cube2 onto cube1
coraplex_panda_demo_2026_08_02,2026-08-02 11:46:23.553494+00:00,520,3,cube3 onto cube2
coraplex_panda_demo_2026_08_02,2026-08-02 11:46:23.553494+00:00,521,1,cube1 onto cube0
coraplex_panda_demo_2026_08_02,2026-08-02 11:46:23.553494+00:00,521,2,cube2 onto cube1
coraplex_panda_demo_2026_08_02,2026-08-02 11:46:23.553494+00:00,521,3,cube3 onto cube2
coraplex_panda_demo_2026_08_02,2026-08-02 11:46:23.553494+00:00,523,1,cube1 onto cube0
coraplex_panda_demo_2026_08_02,2026-08-02 11:46:23.553494+00:00,523,2,cube2 onto cube1
coraplex_panda_demo_2026_08_02,2026-08-02 11:46:23.553494+00:00,523,3,cube3 onto cube2
coraplex_panda_demo_2026_08_02,2026-08-02 11:46:23.553494+00:00,524,1,cube1 onto cube0
coraplex_panda_demo_2026_08_02,2026-08-02 11:46:23.553494+00:00,524,2,cube2 onto cube1
coraplex_panda_demo_2026_08_02,2026-08-02 11:46:23.553494+00:00,524,3,cube3 onto cube2
coraplex_panda_demo_2026_08_02,2026-08-02 11:46:23.553494+00:00,526,1,cube1 onto cube0
coraplex_panda_demo_2026_08_02,2026-08-02 11:46:23.553494+00:00,526,2,cube2 onto cube1
coraplex_panda_demo_2026_08_02,2026-08-02 11:46:23.553494+00:00,526,3,cube3 onto cube2
coraplex_panda_demo_2026_08_02,2026-08-02 11:46:23.553494+00:00,527,1,cube1 onto cube0
coraplex_panda_demo_2026_08_02,2026-08-02 11:46:23.553494+00:00,527,2,cube2 onto cube1
coraplex_panda_demo_2026_08_02,2026-08-02 11:46:23.553494+00:00,527,3,cube3 onto cube2
coraplex_panda_demo_2026_08_02,2026-08-02 11:46:23.553494+00:00,528,1,cube1 onto cube0
coraplex_panda_demo_2026_08_02,2026-08-02 11:46:23.553494+00:00,528,2,cube2 onto cube1
coraplex_panda_demo_2026_08_02,2026-08-02 11:46:23.553494+00:00,528,3,cube3 onto cube2
coraplex_panda_demo_2026_08_02,2026-08-02 11:46:23.553494+00:00,530,1,cube1 onto cube0
coraplex_panda_demo_2026_08_02,2026-08-02 11:46:23.553494+00:00,530,2,cube2 onto cube1
coraplex_panda_demo_2026_08_02,2026-08-02 11:46:23.553494+00:00,530,3,cube3 onto cube2
coraplex_panda_demo_2026_08_02,2026-08-02 11:46:23.553494+00:00,531,1,cube1 onto cube0
coraplex_panda_demo_2026_08_02,2026-08-02 11:46:23.553494+00:00,531,2,cube2 onto cube1
coraplex_panda_demo_2026_08_02,2026-08-02 11:46:23.553494+00:00,531,3,cube3 onto cube2
coraplex_panda_demo_2026_08_02,2026-08-02 11:46:23.553494+00:00,532,1,cube1 onto cube0
coraplex_panda_demo_2026_08_02,2026-08-02 11:46:23.553494+00:00,532,2,cube2 onto cube1
coraplex_panda_demo_2026_08_02,2026-08-02 11:46:23.553494+00:00,532,3,cube3 onto cube2
coraplex_panda_demo_2026_08_02,2026-08-02 11:46:23.553494+00:00,533,1,cube1 onto cube0
coraplex_panda_demo_2026_08_02,2026-08-02 11:46:23.553494+00:00,533,2,cube2 onto cube1
coraplex_panda_demo_2026_08_02,2026-08-02 11:46:23.553494+00:00,533,3,cube3 onto cube2
coraplex_panda_demo_2026_08_02,2026-08-02 11:46:23.553494+00:00,535,1,cube1 onto cube0
coraplex_panda_demo_2026_08_02,2026-08-02 11:46:23.553494+00:00,535,2,cube2 onto cube1
coraplex_panda_demo_2026_08_02,2026-08-02 11:46:23.553494+00:00,535,3,cube3 onto cube2
coraplex_panda_demo_2026_08_02,2026-08-02 11:46:23.553494+00:00,538,1,cube1 onto cube0
coraplex_panda_demo_2026_08_02,2026-08-02 11:46:23.553494+00:00,538,2,cube2 onto cube1
coraplex_panda_demo_2026_08_02,2026-08-02 11:46:23.553494+00:00,538,3,cube3 onto cube2
coraplex_panda_demo_2026_08_02,2026-08-02 11:46:23.553494+00:00,540,1,cube1 onto cube0
coraplex_panda_demo_2026_08_02,2026-08-02 11:46:23.553494+00:00,540,2,cube2 onto cube1
coraplex_panda_demo_2026_08_02,2026-08-02 11:46:23.553494+00:00,540,3,cube3 onto cube2
coraplex_panda_demo_2026_08_02,2026-08-02 11:46:23.553494+00:00,541,1,cube1 onto cube0
coraplex_panda_demo_2026_08_02,2026-08-02 11:46:23.553494+00:00,541,2,cube2 onto cube1
coraplex_panda_demo_2026_08_02,2026-08-02 11:46:23.553494+00:00,541,3,cube3 onto cube2
coraplex_panda_demo_2026_08_02,2026-08-02 11:46:23.553494+00:00,542,1,cube1 onto cube0
coraplex_panda_demo_2026_08_02,2026-08-02 11:46:23.553494+00:00,542,2,cube2 onto cube1
coraplex_panda_demo_2026_08_02,2026-08-02 11:46:23.553494+00:00,542,3,cube3 onto cube2
coraplex_panda_demo_2026_08_02,2026-08-02 11:46:23.553494+00:00,543,1,cube1 onto cube0
coraplex_panda_demo_2026_08_02,2026-08-02 11:46:23.553494+00:00,543,2,cube2 onto cube1
coraplex_panda_demo_2026_08_02,2026-08-02 11:46:23.553494+00:00,543,3,cube3 onto cube2
coraplex_panda_demo_2026_08_02,2026-08-02 11:46:23.553494+00:00,544,1,cube1 onto cube0
coraplex_panda_demo_2026_08_02,2026-08-02 11:46:23.553494+00:00,544,2,cube2 onto cube1
coraplex_panda_demo_2026_08_02,2026-08-02 11:46:23.553494+00:00,544,3,cube3 onto cube2
coraplex_panda_demo_2026_08_02,2026-08-02 11:46:23.553494+00:00,545,1,cube1 onto cube0
coraplex_panda_demo_2026_08_02,2026-08-02 11:46:23.553494+00:00,545,2,cube2 onto cube1
coraplex_panda_demo_2026_08_02,2026-08-02 11:46:23.553494+00:00,545,3,cube3 onto cube2
coraplex_panda_demo_2026_08_02,2026-08-02 11:46:23.553494+00:00,546,1,cube1 onto cube0
coraplex_panda_demo_2026_08_02,2026-08-02 11:46:23.553494+00:00,546,2,cube2 onto cube1
coraplex_panda_demo_2026_08_02,2026-08-02 11:46:23.553494+00:00,546,3,cube3 onto cube2
coraplex_panda_demo_2026_08_02,2026-08-02 11:46:23.553494+00:00,547,1,cube1 onto cube0
coraplex_panda_demo_2026_08_02,2026-08-02 11:46:23.553494+00:00,547,2,cube2 onto cube1
coraplex_panda_demo_2026_08_02,2026-08-02 11:46:23.553494+00:00,547,3,cube3 onto cube2
coraplex_panda_demo_2026_08_02,2026-08-02 11:46:23.553494+00:00,548,1,cube1 onto cube0
coraplex_panda_demo_2026_08_02,2026-08-02 11:46:23.553494+00:00,548,2,cube2 onto cube1
coraplex_panda_demo_2026_08_02,2026-08-02 11:46:23.553494+00:00,548,3,cube3 onto cube2
coraplex_panda_demo_2026_08_02,2026-08-02 11:46:23.553494+00:00,549,1,cube1 onto cube0
coraplex_panda_demo_2026_08_02,2026-08-02 11:46:23.553494+00:00,549,2,cube2 onto cube1
coraplex_panda_demo_2026_08_02,2026-08-02 11:46:23.553494+00:00,549,3,cube3 onto cube2
coraplex_panda_demo_2026_08_02,2026-08-02 11:46:23.553494+00:00,552,1,cube1 onto cube0
coraplex_panda_demo_2026_08_02,2026-08-02 11:46:23.553494+00:00,552,2,cube2 onto cube1
coraplex_panda_demo_2026_08_02,2026-08-02 11:46:23.553494+00:00,552,3,cube3 onto cube2
coraplex_panda_demo_2026_08_02,2026-08-02 11:46:23.553494+00:00,554,1,cube1 onto cube0
coraplex_panda_demo_2026_08_02,2026-08-02 11:46:23.553494+00:00,554,2,cube2 onto cube1
coraplex_panda_demo_2026_08_02,2026-08-02 11:46:23.553494+00:00,554,3,cube3 onto cube2
coraplex_panda_demo_2026_08_02,2026-08-02 11:46:23.553494+00:00,555,1,cube1 onto cube0
coraplex_panda_demo_2026_08_02,2026-08-02 11:46:23.553494+00:00,555,2,cube2 onto cube1
coraplex_panda_demo_2026_08_02,2026-08-02 11:46:23.553494+00:00,555,3,cube3 onto cube2
coraplex_panda_demo_2026_08_02,2026-08-02 11:46:23.553494+00:00,556,1,cube1 onto cube0
coraplex_panda_demo_2026_08_02,2026-08-02 11:46:23.553494+00:00,556,2,cube2 onto cube1
coraplex_panda_demo_2026_08_02,2026-08-02 11:46:23.553494+00:00,556,3,cube3 onto cube2
coraplex_panda_demo_2026_08_02,2026-08-02 11:46:23.553494+00:00,557,1,cube1 onto cube0
coraplex_panda_demo_2026_08_02,2026-08-02 11:46:23.553494+00:00,557,2,cube2 onto cube1
coraplex_panda_demo_2026_08_02,2026-08-02 11:46:23.553494+00:00,557,3,cube3 onto cube2
coraplex_panda_demo_2026_08_02,2026-08-02 11:46:23.553494+00:00,558,1,cube1 onto cube0
coraplex_panda_demo_2026_08_02,2026-08-02 11:46:23.553494+00:00,558,2,cube2 onto cube1
coraplex_panda_demo_2026_08_02,2026-08-02 11:46:23.553494+00:00,558,3,cube3 onto cube2
coraplex_panda_demo_2026_08_02,2026-08-02 11:46:23.553494+00:00,559,1,cube1 onto cube0
coraplex_panda_demo_2026_08_02,2026-08-02 11:46:23.553494+00:00,559,2,cube2 onto cube1
coraplex_panda_demo_2026_08_02,2026-08-02 11:46:23.553494+00:00,559,3,cube3 onto cube2
coraplex_panda_demo_2026_08_02,2026-08-02 11:46:23.553494+00:00,561,1,cube1 onto cube0
coraplex_panda_demo_2026_08_02,2026-08-02 11:46:23.553494+00:00,561,2,cube2 onto cube1
coraplex_panda_demo_2026_08_02,2026-08-02 11:46:23.553494+00:00,561,3,cube3 onto cube2
coraplex_panda_demo_2026_08_02,2026-08-02 11:46:23.553494+00:00,562,1,cube1 onto cube0
coraplex_panda_demo_2026_08_02,2026-08-02 11:46:23.553494+00:00,562,2,cube2 onto cube1
coraplex_panda_demo_2026_08_02,2026-08-02 11:46:23.553494+00:00,562,3,cube3 onto cube2
coraplex_panda_demo_2026_08_02,2026-08-02 11:46:23.553494+00:00,563,1,cube1 onto cube0
coraplex_panda_demo_2026_08_02,2026-08-02 11:46:23.553494+00:00,563,2,cube2 onto cube1
coraplex_panda_demo_2026_08_02,2026-08-02 11:46:23.553494+00:00,563,3,cube3 onto cube2
coraplex_panda_demo_2026_08_02,2026-08-02 11:46:23.553494+00:00,564,1,cube1 onto cube0
coraplex_panda_demo_2026_08_02,2026-08-02 11:46:23.553494+00:00,564,2,cube2 onto cube1
coraplex_panda_demo_2026_08_02,2026-08-02 11:46:23.553494+00:00,564,3,cube3 onto cube2
coraplex_panda_demo_2026_08_02,2026-08-02 11:46:23.553494+00:00,566,1,cube1 onto cube0
coraplex_panda_demo_2026_08_02,2026-08-02 11:46:23.553494+00:00,566,2,cube2 onto cube1
coraplex_panda_demo_2026_08_02,2026-08-02 11:46:23.553494+00:00,566,3,cube3 onto cube2
coraplex_panda_demo_2026_08_02,2026-08-02 11:46:23.553494+00:00,567,1,cube1 onto cube0
coraplex_panda_demo_2026_08_02,2026-08-02 11:46:23.553494+00:00,567,2,cube2 onto cube1
coraplex_panda_demo_2026_08_02,2026-08-02 11:46:23.553494+00:00,567,3,cube3 onto cube2
coraplex_panda_demo_2026_08_02,2026-08-02 11:46:23.553494+00:00,568,1,cube1 onto cube0
coraplex_panda_demo_2026_08_02,2026-08-02 11:46:23.553494+00:00,568,2,cube2 onto cube1
coraplex_panda_demo_2026_08_02,2026-08-02 11:46:23.553494+00:00,568,3,cube3 onto cube2
coraplex_panda_demo_2026_08_02,2026-08-02 11:46:23.553494+00:00,569,1,cube1 onto cube0
coraplex_panda_demo_2026_08_02,2026-08-02 11:46:23.553494+00:00,569,2,cube2 onto cube1
coraplex_panda_demo_2026_08_02,2026-08-02 11:46:23.553494+00:00,569,3,cube3 onto cube2
coraplex_panda_demo_2026_08_02,2026-08-02 11:46:23.553494+00:00,570,1,cube1 onto cube0
coraplex_panda_demo_2026_08_02,2026-08-02 11:46:23.553494+00:00,570,2,cube2 onto cube1
coraplex_panda_demo_2026_08_02,2026-08-02 11:46:23.553494+00:00,570,3,cube3 onto cube2
coraplex_panda_demo_2026_08_02,2026-08-02 11:46:23.553494+00:00,571,1,cube1 onto cube0
coraplex_panda_demo_2026_08_02,2026-08-02 11:46:23.553494+00:00,571,2,cube2 onto cube1
coraplex_panda_demo_2026_08_02,2026-08-02 11:46:23.553494+00:00,571,3,cube3 onto cube2
coraplex_panda_demo_2026_08_02,2026-08-02 11:46:23.553494+00:00,572,1,cube1 onto cube0
coraplex_panda_demo_2026_08_02,2026-08-02 11:46:23.553494+00:00,572,2,cube2 onto cube1
coraplex_panda_demo_2026_08_02,2026-08-02 11:46:23.553494+00:00,572,3,cube3 onto cube2
coraplex_panda_demo_2026_08_02,2026-08-02 11:46:23.553494+00:00,574,1,cube1 onto cube0
coraplex_panda_demo_2026_08_02,2026-08-02 11:46:23.553494+00:00,574,2,cube2 onto cube1
coraplex_panda_demo_2026_08_02,2026-08-02 11:46:23.553494+00:00,574,3,cube3 onto cube2
coraplex_panda_demo_2026_08_02,2026-08-02 11:46:23.553494+00:00,575,1,cube1 onto cube0
coraplex_panda_demo_2026_08_02,2026-08-02 11:46:23.553494+00:00,575,2,cube2 onto cube1
coraplex_panda_demo_2026_08_02,2026-08-02 11:46:23.553494+00:00,575,3,cube3 onto cube2
coraplex_panda_demo_2026_08_02,2026-08-02 11:46:23.553494+00:00,576,1,cube1 onto cube0
coraplex_panda_demo_2026_08_02,2026-08-02 11:46:23.553494+00:00,576,2,cube2 onto cube1
coraplex_panda_demo_2026_08_02,2026-08-02 11:46:23.553494+00:00,576,3,cube3 onto cube2
coraplex_panda_demo_2026_08_02,2026-08-02 11:46:23.553494+00:00,577,1,cube1 onto cube0
coraplex_panda_demo_2026_08_02,2026-08-02 11:46:23.553494+00:00,577,2,cube2 onto cube1
coraplex_panda_demo_2026_08_02,2026-08-02 11:46:23.553494+00:00,577,3,cube3 onto cube2
coraplex_panda_demo_2026_08_02,2026-08-02 11:46:23.553494+00:00,578,1,cube1 onto cube0
coraplex_panda_demo_2026_08_02,2026-08-02 11:46:23.553494+00:00,578,2,cube2 onto cube1
coraplex_panda_demo_2026_08_02,2026-08-02 11:46:23.553494+00:00,578,3,cube3 onto cube2
coraplex_panda_demo_2026_08_02,2026-08-02 11:46:23.553494+00:00,579,1,cube1 onto cube0
coraplex_panda_demo_2026_08_02,2026-08-02 11:46:23.553494+00:00,579,2,cube2 onto cube1
coraplex_panda_demo_2026_08_02,2026-08-02 11:46:23.553494+00:00,579,3,cube3 onto cube2
coraplex_panda_demo_2026_08_02,2026-08-02 11:46:23.553494+00:00,580,1,cube1 onto cube0
coraplex_panda_demo_2026_08_02,2026-08-02 11:46:23.553494+00:00,580,2,cube2 onto cube1
coraplex_panda_demo_2026_08_02,2026-08-02 11:46:23.553494+00:00,580,3,cube3 onto cube2
coraplex_panda_demo_2026_08_02,2026-08-02 11:46:23.553494+00:00,581,1,cube1 onto cube0
coraplex_panda_demo_2026_08_02,2026-08-02 11:46:23.553494+00:00,581,2,cube2 onto cube1
coraplex_panda_demo_2026_08_02,2026-08-02 11:46:23.553494+00:00,581,3,cube3 onto cube2
coraplex_panda_demo_2026_08_02,2026-08-02 11:46:23.553494+00:00,582,1,cube1 onto cube0
coraplex_panda_demo_2026_08_02,2026-08-02 11:46:23.553494+00:00,582,2,cube2 onto cube1
coraplex_panda_demo_2026_08_02,2026-08-02 11:46:23.553494+00:00,582,3,cube3 onto cube2
coraplex_panda_demo_2026_08_02,2026-08-02 11:46:23.553494+00:00,583,1,cube1 onto cube0
coraplex_panda_demo_2026_08_02,2026-08-02 11:46:23.553494+00:00,583,2,cube2 onto cube1
coraplex_panda_demo_2026_08_02,2026-08-02 11:46:23.553494+00:00,583,3,cube3 onto cube2
coraplex_panda_demo_2026_08_02,2026-08-02 11:46:23.553494+00:00,584,1,cube1 onto cube0
coraplex_panda_demo_2026_08_02,2026-08-02 11:46:23.553494+00:00,584,2,cube2 onto cube1
coraplex_panda_demo_2026_08_02,2026-08-02 11:46:23.553494+00:00,584,3,cube3 onto cube2
coraplex_panda_demo_2026_08_02,2026-08-02 11:46:23.553494+00:00,585,1,cube1 onto cube0
coraplex_panda_demo_2026_08_02,2026-08-02 11:46:23.553494+00:00,585,2,cube2 onto cube1
coraplex_panda_demo_2026_08_02,2026-08-02 11:46:23.553494+00:00,585,3,cube3 onto cube2
coraplex_panda_demo_2026_08_02,2026-08-02 11:46:23.553494+00:00,586,1,cube1 onto cube0
coraplex_panda_demo_2026_08_02,2026-08-02 11:46:23.553494+00:00,586,2,cube2 onto cube1
coraplex_panda_demo_2026_08_02,2026-08-02 11:46:23.553494+00:00,586,3,cube3 onto cube2
coraplex_panda_demo_2026_08_02,2026-08-02 11:46:23.553494+00:00,587,1,cube1 onto cube0
coraplex_panda_demo_2026_08_02,2026-08-02 11:46:23.553494+00:00,587,2,cube2 onto cube1
coraplex_panda_demo_2026_08_02,2026-08-02 11:46:23.553494+00:00,587,3,cube3 onto cube2
coraplex_panda_demo_2026_08_02,2026-08-02 11:46:23.553494+00:00,589,1,cube1 onto cube0
coraplex_panda_demo_2026_08_02,2026-08-02 11:46:23.553494+00:00,589,2,cube2 onto cube1
coraplex_panda_demo_2026_08_02,2026-08-02 11:46:23.553494+00:00,589,3,cube3 onto cube2
coraplex_panda_demo_2026_08_02,2026-08-02 11:46:23.553494+00:00,591,1,cube1 onto cube0
coraplex_panda_demo_2026_08_02,2026-08-02 11:46:23.553494+00:00,591,2,cube2 onto cube1
coraplex_panda_demo_2026_08_02,2026-08-02 11:46:23.553494+00:00,591,3,cube3 onto cube2
coraplex_panda_demo_2026_08_02,2026-08-02 11:46:23.553494+00:00,592,1,cube1 onto cube0
coraplex_panda_demo_2026_08_02,2026-08-02 11:46:23.553494+00:00,592,2,cube2 onto cube1
coraplex_panda_demo_2026_08_02,2026-08-02 11:46:23.553494+00:00,592,3,cube3 onto cube2
coraplex_panda_demo_2026_08_02,2026-08-02 11:46:23.553494+00:00,593,1,cube1 onto cube0
coraplex_panda_demo_2026_08_02,2026-08-02 11:46:23.553494+00:00,593,2,cube2 onto cube1
coraplex_panda_demo_2026_08_02,2026-08-02 11:46:23.553494+00:00,593,3,cube3 onto cube2
coraplex_panda_demo_2026_08_02,2026-08-02 11:46:23.553494+00:00,594,1,cube1 onto cube0
coraplex_panda_demo_2026_08_02,2026-08-02 11:46:23.553494+00:00,594,2,cube2 onto cube1
coraplex_panda_demo_2026_08_02,2026-08-02 11:46:23.553494+00:00,594,3,cube3 onto cube2
coraplex_panda_demo_2026_08_02,2026-08-02 11:46:23.553494+00:00,595,1,cube1 onto cube0
coraplex_panda_demo_2026_08_02,2026-08-02 11:46:23.553494+00:00,595,2,cube2 onto cube1
coraplex_panda_demo_2026_08_02,2026-08-02 11:46:23.553494+00:00,595,3,cube3 onto cube2
coraplex_panda_demo_2026_08_02,2026-08-02 11:46:23.553494+00:00,596,1,cube1 onto cube0
coraplex_panda_demo_2026_08_02,2026-08-02 11:46:23.553494+00:00,596,2,cube2 onto cube1
coraplex_panda_demo_2026_08_02,2026-08-02 11:46:23.553494+00:00,596,3,cube3 onto cube2
coraplex_panda_demo_2026_08_02,2026-08-02 11:46:23.553494+00:00,598,1,cube1 onto cube0
coraplex_panda_demo_2026_08_02,2026-08-02 11:46:23.553494+00:00,598,2,cube2 onto cube1
coraplex_panda_demo_2026_08_02,2026-08-02 11:46:23.553494+00:00,598,3,cube3 onto cube2
coraplex_panda_demo_2026_08_02,2026-08-02 11:46:23.553494+00:00,599,1,cube1 onto cube0
coraplex_panda_demo_2026_08_02,2026-08-02 11:46:23.553494+00:00,599,2,cube2 onto cube1
coraplex_panda_demo_2026_08_02,2026-08-02 11:46:23.553494+00:00,599,3,cube3 onto cube2
coraplex_panda_demo_2026_08_02,2026-08-02 11:46:23.553494+00:00,600,1,cube1 onto cube0
coraplex_panda_demo_2026_08_02,2026-08-02 11:46:23.553494+00:00,600,2,cube2 onto cube1
coraplex_panda_demo_2026_08_02,2026-08-02 11:46:23.553494+00:00,600,3,cube3 onto cube2
coraplex_panda_demo_2026_08_02,2026-08-02 11:46:23.553494+00:00,601,1,cube1 onto cube0
coraplex_panda_demo_2026_08_02,2026-08-02 11:46:23.553494+00:00,601,2,cube2 onto cube1
coraplex_panda_demo_2026_08_02,2026-08-02 11:46:23.553494+00:00,601,3,cube3 onto cube2
coraplex_panda_demo_2026_08_02,2026-08-02 11:46:23.553494+00:00,602,1,cube1 onto cube0
coraplex_panda_demo_2026_08_02,2026-08-02 11:46:23.553494+00:00,602,2,cube2 onto cube1
coraplex_panda_demo_2026_08_02,2026-08-02 11:46:23.553494+00:00,602,3,cube3 onto cube2
coraplex_panda_demo_2026_08_02,2026-08-02 11:46:23.553494+00:00,603,1,cube1 onto cube0
coraplex_panda_demo_2026_08_02,2026-08-02 11:46:23.553494+00:00,603,2,cube2 onto cube1
coraplex_panda_demo_2026_08_02,2026-08-02 11:46:23.553494+00:00,603,3,cube3 onto cube2
coraplex_panda_demo_2026_08_02,2026-08-02 11:46:23.553494+00:00,604,1,cube1 onto cube0
coraplex_panda_demo_2026_08_02,2026-08-02 11:46:23.553494+00:00,604,2,cube2 onto cube1
coraplex_panda_demo_2026_08_02,2026-08-02 11:46:23.553494+00:00,604,3,cube3 onto cube2
coraplex_panda_demo_2026_08_02,2026-08-02 11:46:23.553494+00:00,605,1,cube1 onto cube0
coraplex_panda_demo_2026_08_02,2026-08-02 11:46:23.553494+00:00,605,2,cube2 onto cube1
coraplex_panda_demo_2026_08_02,2026-08-02 11:46:23.553494+00:00,605,3,cube3 onto cube2
coraplex_panda_demo_2026_08_02,2026-08-02 11:46:23.553494+00:00,607,1,cube1 onto cube0
coraplex_panda_demo_2026_08_02,2026-08-02 11:46:23.553494+00:00,607,2,cube2 onto cube1
coraplex_panda_demo_2026_08_02,2026-08-02 11:46:23.553494+00:00,607,3,cube3 onto cube2
coraplex_panda_demo_2026_08_02,2026-08-02 11:46:23.553494+00:00,608,1,cube1 onto cube0
coraplex_panda_demo_2026_08_02,2026-08-02 11:46:23.553494+00:00,608,2,cube2 onto cube1
coraplex_panda_demo_2026_08_02,2026-08-02 11:46:23.553494+00:00,608,3,cube3 onto cube2
coraplex_panda_demo_2026_08_02,2026-08-02 11:46:23.553494+00:00,609,1,cube1 onto cube0
coraplex_panda_demo_2026_08_02,2026-08-02 11:46:23.553494+00:00,609,2,cube2 onto cube1
coraplex_panda_demo_2026_08_02,2026-08-02 11:46:23.553494+00:00,609,3,cube3 onto cube2
coraplex_panda_demo_2026_08_02,2026-08-02 11:46:23.553494+00:00,610,1,cube1 onto cube0
coraplex_panda_demo_2026_08_02,2026-08-02 11:46:23.553494+00:00,610,2,cube2 onto cube1
coraplex_panda_demo_2026_08_02,2026-08-02 11:46:23.553494+00:00,610,3,cube3 onto cube2
coraplex_panda_demo_2026_08_02,2026-08-02 11:46:23.553494+00:00,612,1,cube1 onto cube0
coraplex_panda_demo_2026_08_02,2026-08-02 11:46:23.553494+00:00,612,2,cube2 onto cube1
coraplex_panda_demo_2026_08_02,2026-08-02 11:46:23.553494+00:00,612,3,cube3 onto cube2
coraplex_panda_demo_2026_08_02,2026-08-02 11:46:23.553494+00:00,613,1,cube1 onto cube0
coraplex_panda_demo_2026_08_02,2026-08-02 11:46:23.553494+00:00,613,2,cube2 onto cube1
coraplex_panda_demo_2026_08_02,2026-08-02 11:46:23.553494+00:00,613,3,cube3 onto cube2
coraplex_panda_demo_2026_08_02,2026-08-02 11:46:23.553494+00:00,615,1,cube1 onto cube0
coraplex_panda_demo_2026_08_02,2026-08-02 11:46:23.553494+00:00,615,2,cube2 onto cube1
coraplex_panda_demo_2026_08_02,2026-08-02 11:46:23.553494+00:00,615,3,cube3 onto cube2
coraplex_panda_demo_2026_08_02,2026-08-02 11:46:23.553494+00:00,616,1,cube1 onto cube0
coraplex_panda_demo_2026_08_02,2026-08-02 11:46:23.553494+00:00,616,2,cube2 onto cube1
coraplex_panda_demo_2026_08_02,2026-08-02 11:46:23.553494+00:00,616,3,cube3 onto cube2
coraplex_panda_demo_2026_08_02,2026-08-02 11:46:23.553494+00:00,618,1,cube1 onto cube0
coraplex_panda_demo_2026_08_02,2026-08-02 11:46:23.553494+00:00,618,2,cube2 onto cube1
coraplex_panda_demo_2026_08_02,2026-08-02 11:46:23.553494+00:00,618,3,cube3 onto cube2
coraplex_panda_demo_2026_08_02,2026-08-02 11:46:23.553494+00:00,619,1,cube1 onto cube0
coraplex_panda_demo_2026_08_02,2026-08-02 11:46:23.553494+00:00,619,2,cube2 onto cube1
coraplex_panda_demo_2026_08_02,2026-08-02 11:46:23.553494+00:00,619,3,cube3 onto cube2
coraplex_panda_demo_2026_08_02,2026-08-02 11:46:23.553494+00:00,620,1,cube1 onto cube0
coraplex_panda_demo_2026_08_02,2026-08-02 11:46:23.553494+00:00,620,2,cube2 onto cube1
coraplex_panda_demo_2026_08_02,2026-08-02 11:46:23.553494+00:00,620,3,cube3 onto cube2
coraplex_panda_demo_2026_08_02,2026-08-02 11:46:23.553494+00:00,621,1,cube1 onto cube0
coraplex_panda_demo_2026_08_02,2026-08-02 11:46:23.553494+00:00,621,2,cube2 onto cube1
coraplex_panda_demo_2026_08_02,2026-08-02 11:46:23.553494+00:00,621,3,cube3 onto cube2
coraplex_panda_demo_2026_08_02,2026-08-02 11:46:23.553494+00:00,622,1,cube1 onto cube0
coraplex_panda_demo_2026_08_02,2026-08-02 11:46:23.553494+00:00,622,2,cube2 onto cube1
coraplex_panda_demo_2026_08_02,2026-08-02 11:46:23.553494+00:00,622,3,cube3 onto cube2
coraplex_panda_demo_2026_08_02,2026-08-02 11:46:23.553494+00:00,623,1,cube1 onto cube0
coraplex_panda_demo_2026_08_02,2026-08-02 11:46:23.553494+00:00,623,2,cube2 onto cube1
coraplex_panda_demo_2026_08_02,2026-08-02 11:46:23.553494+00:00,623,3,cube3 onto cube2
coraplex_panda_demo_2026_08_02,2026-08-02 11:46:23.553494+00:00,624,1,cube1 onto cube0
coraplex_panda_demo_2026_08_02,2026-08-02 11:46:23.553494+00:00,624,2,cube2 onto cube1
coraplex_panda_demo_2026_08_02,2026-08-02 11:46:23.553494+00:00,624,3,cube3 onto cube2
coraplex_panda_demo_2026_08_02,2026-08-02 11:46:23.553494+00:00,625,1,cube1 onto cube0
coraplex_panda_demo_2026_08_02,2026-08-02 11:46:23.553494+00:00,625,2,cube2 onto cube1
coraplex_panda_demo_2026_08_02,2026-08-02 11:46:23.553494+00:00,625,3,cube3 onto cube2
coraplex_panda_demo_2026_08_02,2026-08-02 11:46:23.553494+00:00,626,1,cube1 onto cube0
coraplex_panda_demo_2026_08_02,2026-08-02 11:46:23.553494+00:00,626,2,cube2 onto cube1
coraplex_panda_demo_2026_08_02,2026-08-02 11:46:23.553494+00:00,626,3,cube3 onto cube2
coraplex_panda_demo_2026_08_02,2026-08-02 11:46:23.553494+00:00,629,1,cube1 onto cube0
coraplex_panda_demo_2026_08_02,2026-08-02 11:46:23.553494+00:00,629,2,cube2 onto cube1
coraplex_panda_demo_2026_08_02,2026-08-02 11:46:23.553494+00:00,629,3,cube3 onto cube2
coraplex_panda_demo_2026_08_02,2026-08-02 11:46:23.553494+00:00,632,1,cube1 onto cube0
coraplex_panda_demo_2026_08_02,2026-08-02 11:46:23.553494+00:00,632,2,cube2 onto cube1
coraplex_panda_demo_2026_08_02,2026-08-02 11:46:23.553494+00:00,632,3,cube3 onto cube2
coraplex_panda_demo_2026_08_02,2026-08-02 11:46:23.553494+00:00,634,1,cube1 onto cube0
coraplex_panda_demo_2026_08_02,2026-08-02 11:46:23.553494+00:00,634,2,cube2 onto cube1
coraplex_panda_demo_2026_08_02,2026-08-02 11:46:23.553494+00:00,634,3,cube3 onto cube2
coraplex_panda_demo_2026_08_02,2026-08-02 11:46:23.553494+00:00,635,1,cube1 onto cube0
coraplex_panda_demo_2026_08_02,2026-08-02 11:46:23.553494+00:00,635,2,cube2 onto cube1
coraplex_panda_demo_2026_08_02,2026-08-02 11:46:23.553494+00:00,635,3,cube3 onto cube2
coraplex_panda_demo_2026_08_02,2026-08-02 11:46:23.553494+00:00,636,1,cube1 onto cube0
coraplex_panda_demo_2026_08_02,2026-08-02 11:46:23.553494+00:00,636,2,cube2 onto cube1
coraplex_panda_demo_2026_08_02,2026-08-02 11:46:23.553494+00:00,636,3,cube3 onto cube2
coraplex_panda_demo_2026_08_02,2026-08-02 11:46:23.553494+00:00,637,1,cube1 onto cube0
coraplex_panda_demo_2026_08_02,2026-08-02 11:46:23.553494+00:00,637,2,cube2 onto cube1
coraplex_panda_demo_2026_08_02,2026-08-02 11:46:23.553494+00:00,637,3,cube3 onto cube2
coraplex_panda_demo_2026_08_02,2026-08-02 11:46:23.553494+00:00,638,1,cube1 onto cube0
coraplex_panda_demo_2026_08_02,2026-08-02 11:46:23.553494+00:00,638,2,cube2 onto cube1
coraplex_panda_demo_2026_08_02,2026-08-02 11:46:23.553494+00:00,638,3,cube3 onto cube2
coraplex_panda_demo_2026_08_02,2026-08-02 11:46:23.553494+00:00,639,1,cube1 onto cube0
coraplex_panda_demo_2026_08_02,2026-08-02 11:46:23.553494+00:00,639,2,cube2 onto cube1
coraplex_panda_demo_2026_08_02,2026-08-02 11:46:23.553494+00:00,639,3,cube3 onto cube2
coraplex_panda_demo_2026_08_02,2026-08-02 11:46:23.553494+00:00,640,1,cube1 onto cube0
coraplex_panda_demo_2026_08_02,2026-08-02 11:46:23.553494+00:00,640,2,cube2 onto cube1
coraplex_panda_demo_2026_08_02,2026-08-02 11:46:23.553494+00:00,640,3,cube3 onto cube2
coraplex_panda_demo_2026_08_02,2026-08-02 11:46:23.553494+00:00,641,1,cube1 onto cube0
coraplex_panda_demo_2026_08_02,2026-08-02 11:46:23.553494+00:00,641,2,cube2 onto cube1
coraplex_panda_demo_2026_08_02,2026-08-02 11:46:23.553494+00:00,641,3,cube3 onto cube2
coraplex_panda_demo_2026_08_02,2026-08-02 11:46:23.553494+00:00,642,1,cube1 onto cube0
coraplex_panda_demo_2026_08_02,2026-08-02 11:46:23.553494+00:00,642,2,cube2 onto cube1
coraplex_panda_demo_2026_08_02,2026-08-02 11:46:23.553494+00:00,642,3,cube3 onto cube2
coraplex_panda_demo_2026_08_02,2026-08-02 11:46:23.553494+00:00,644,1,cube1 onto cube0
coraplex_panda_demo_2026_08_02,2026-08-02 11:46:23.553494+00:00,644,2,cube2 onto cube1
coraplex_panda_demo_2026_08_02,2026-08-02 11:46:23.553494+00:00,644,3,cube3 onto cube2
coraplex_panda_demo_2026_08_02,2026-08-02 11:46:23.553494+00:00,645,1,cube1 onto cube0
coraplex_panda_demo_2026_08_02,2026-08-02 11:46:23.553494+00:00,645,2,cube2 onto cube1
coraplex_panda_demo_2026_08_02,2026-08-02 11:46:23.553494+00:00,645,3,cube3 onto cube2
coraplex_panda_demo_2026_08_02,2026-08-02 11:46:23.553494+00:00,646,1,cube1 onto cube0
coraplex_panda_demo_2026_08_02,2026-08-02 11:46:23.553494+00:00,646,2,cube2 onto cube1
coraplex_panda_demo_2026_08_02,2026-08-02 11:46:23.553494+00:00,646,3,cube3 onto cube2
coraplex_panda_demo_2026_08_02,2026-08-02 11:46:23.553494+00:00,647,1,cube1 onto cube0
coraplex_panda_demo_2026_08_02,2026-08-02 11:46:23.553494+00:00,647,2,cube2 onto cube1
coraplex_panda_demo_2026_08_02,2026-08-02 11:46:23.553494+00:00,647,3,cube3 onto cube2
coraplex_panda_demo_2026_08_02,2026-08-02 11:46:23.553494+00:00,648,1,cube1 onto cube0
coraplex_panda_demo_2026_08_02,2026-08-02 11:46:23.553494+00:00,648,2,cube2 onto cube1
coraplex_panda_demo_2026_08_02,2026-08-02 11:46:23.553494+00:00,648,3,cube3 onto cube2
coraplex_panda_demo_2026_08_02,2026-08-02 11:46:23.553494+00:00,652,1,cube1 onto cube0
coraplex_panda_demo_2026_08_02,2026-08-02 11:46:23.553494+00:00,652,2,cube2 onto cube1
coraplex_panda_demo_2026_08_02,2026-08-02 11:46:23.553494+00:00,652,3,cube3 onto cube2
coraplex_panda_demo_2026_08_02,2026-08-02 11:46:23.553494+00:00,653,1,cube1 onto cube0
coraplex_panda_demo_2026_08_02,2026-08-02 11:46:23.553494+00:00,653,2,cube2 onto cube1
coraplex_panda_demo_2026_08_02,2026-08-02 11:46:23.553494+00:00,653,3,cube3 onto cube2
coraplex_panda_demo_2026_08_02,2026-08-02 11:46:23.553494+00:00,656,1,cube1 onto cube0
coraplex_panda_demo_2026_08_02,2026-08-02 11:46:23.553494+00:00,656,2,cube2 onto cube1
coraplex_panda_demo_2026_08_02,2026-08-02 11:46:23.553494+00:00,656,3,cube3 onto cube2
coraplex_panda_demo_2026_08_02,2026-08-02 11:46:23.553494+00:00,658,1,cube1 onto cube0
coraplex_panda_demo_2026_08_02,2026-08-02 11:46:23.553494+00:00,658,2,cube2 onto cube1
coraplex_panda_demo_2026_08_02,2026-08-02 11:46:23.553494+00:00,658,3,cube3 onto cube2
coraplex_panda_demo_2026_08_02,2026-08-02 11:46:23.553494+00:00,662,1,cube1 onto cube0
coraplex_panda_demo_2026_08_02,2026-08-02 11:46:23.553494+00:00,662,2,cube2 onto cube1
coraplex_panda_demo_2026_08_02,2026-08-02 11:46:23.553494+00:00,662,3,cube3 onto cube2
coraplex_panda_demo_2026_08_02,2026-08-02 11:46:23.553494+00:00,663,1,cube1 onto cube0
coraplex_panda_demo_2026_08_02,2026-08-02 11:46:23.553494+00:00,663,2,cube2 onto cube1
coraplex_panda_demo_2026_08_02,2026-08-02 11:46:23.553494+00:00,663,3,cube3 onto cube2
coraplex_panda_demo_2026_08_02,2026-08-02 11:46:23.553494+00:00,665,1,cube1 onto cube0
coraplex_panda_demo_2026_08_02,2026-08-02 11:46:23.553494+00:00,665,2,cube2 onto cube1
coraplex_panda_demo_2026_08_02,2026-08-02 11:46:23.553494+00:00,665,3,cube3 onto cube2
coraplex_panda_demo_2026_08_02,2026-08-02 11:46:23.553494+00:00,667,1,cube1 onto cube0
coraplex_panda_demo_2026_08_02,2026-08-02 11:46:23.553494+00:00,667,2,cube2 onto cube1
coraplex_panda_demo_2026_08_02,2026-08-02 11:46:23.553494+00:00,667,3,cube3 onto cube2
coraplex_panda_demo_2026_08_02,2026-08-02 11:46:23.553494+00:00,668,1,cube1 onto cube0
coraplex_panda_demo_2026_08_02,2026-08-02 11:46:23.553494+00:00,668,2,cube2 onto cube1
coraplex_panda_demo_2026_08_02,2026-08-02 11:46:23.553494+00:00,668,3,cube3 onto cube2
coraplex_panda_demo_2026_08_02,2026-08-02 11:46:23.553494+00:00,669,1,cube1 onto cube0
coraplex_panda_demo_2026_08_02,2026-08-02 11:46:23.553494+00:00,669,2,cube2 onto cube1
coraplex_panda_demo_2026_08_02,2026-08-02 11:46:23.553494+00:00,669,3,cube3 onto cube2
coraplex_panda_demo_2026_08_02,2026-08-02 11:46:23.553494+00:00,672,1,cube1 onto cube0
coraplex_panda_demo_2026_08_02,2026-08-02 11:46:23.553494+00:00,672,2,cube2 onto cube1
coraplex_panda_demo_2026_08_02,2026-08-02 11:46:23.553494+00:00,672,3,cube3 onto cube2
coraplex_panda_demo_2026_08_02,2026-08-02 11:46:23.553494+00:00,673,1,cube1 onto cube0
coraplex_panda_demo_2026_08_02,2026-08-02 11:46:23.553494+00:00,673,2,cube2 onto cube1
coraplex_panda_demo_2026_08_02,2026-08-02 11:46:23.553494+00:00,673,3,cube3 onto cube2
coraplex_panda_demo_2026_08_02,2026-08-02 11:46:23.553494+00:00,675,1,cube1 onto cube0
coraplex_panda_demo_2026_08_02,2026-08-02 11:46:23.553494+00:00,675,2,cube2 onto cube1
coraplex_panda_demo_2026_08_02,2026-08-02 11:46:23.553494+00:00,675,3,cube3 onto cube2
coraplex_panda_demo_2026_08_02,2026-08-02 11:46:23.553494+00:00,676,1,cube1 onto cube0
coraplex_panda_demo_2026_08_02,2026-08-02 11:46:23.553494+00:00,676,2,cube2 onto cube1
coraplex_panda_demo_2026_08_02,2026-08-02 11:46:23.553494+00:00,676,3,cube3 onto cube2
coraplex_panda_demo_2026_08_02,2026-08-02 11:46:23.553494+00:00,679,1,cube1 onto cube0
coraplex_panda_demo_2026_08_02,2026-08-02 11:46:23.553494+00:00,679,2,cube2 onto cube1
coraplex_panda_demo_2026_08_02,2026-08-02 11:46:23.553494+00:00,679,3,cube3 onto cube2
coraplex_panda_demo_2026_08_02,2026-08-02 11:46:23.553494+00:00,680,1,cube1 onto cube0
coraplex_panda_demo_2026_08_02,2026-08-02 11:46:23.553494+00:00,680,2,cube2 onto cube1
coraplex_panda_demo_2026_08_02,2026-08-02 11:46:23.553494+00:00,680,3,cube3 onto cube2
coraplex_panda_demo_2026_08_02,2026-08-02 11:46:23.553494+00:00,682,1,cube1 onto cube0
coraplex_panda_demo_2026_08_02,2026-08-02 11:46:23.553494+00:00,682,2,cube2 onto cube1
coraplex_panda_demo_2026_08_02,2026-08-02 11:46:23.553494+00:00,682,3,cube3 onto cube2
coraplex_panda_demo_2026_08_02,2026-08-02 11:46:23.553494+00:00,683,1,cube1 onto cube0
coraplex_panda_demo_2026_08_02,2026-08-02 11:46:23.553494+00:00,683,2,cube2 onto cube1
coraplex_panda_demo_2026_08_02,2026-08-02 11:46:23.553494+00:00,683,3,cube3 onto cube2
coraplex_panda_demo_2026_08_02,2026-08-02 11:46:23.553494+00:00,684,1,cube1 onto cube0
coraplex_panda_demo_2026_08_02,2026-08-02 11:46:23.553494+00:00,684,2,cube2 onto cube1
coraplex_panda_demo_2026_08_02,2026-08-02 11:46:23.553494+00:00,684,3,cube3 onto cube2
coraplex_panda_demo_2026_08_02,2026-08-02 11:46:23.553494+00:00,686,1,cube1 onto cube0
coraplex_panda_demo_2026_08_02,2026-08-02 11:46:23.553494+00:00,686,2,cube2 onto cube1
coraplex_panda_demo_2026_08_02,2026-08-02 11:46:23.553494+00:00,686,3,cube3 onto cube2
coraplex_panda_demo_2026_08_02,2026-08-02 11:46:23.553494+00:00,687,1,cube1 onto cube0
coraplex_panda_demo_2026_08_02,2026-08-02 11:46:23.553494+00:00,687,2,cube2 onto cube1
coraplex_panda_demo_2026_08_02,2026-08-02 11:46:23.553494+00:00,687,3,cube3 onto cube2
coraplex_panda_demo_2026_08_02,2026-08-02 11:46:23.553494+00:00,688,1,cube1 onto cube0
coraplex_panda_demo_2026_08_02,2026-08-02 11:46:23.553494+00:00,688,2,cube2 onto cube1
coraplex_panda_demo_2026_08_02,2026-08-02 11:46:23.553494+00:00,688,3,cube3 onto cube2
coraplex_panda_demo_2026_08_02,2026-08-02 11:46:23.553494+00:00,690,1,cube1 onto cube0
coraplex_panda_demo_2026_08_02,2026-08-02 11:46:23.553494+00:00,690,2,cube2 onto cube1
coraplex_panda_demo_2026_08_02,2026-08-02 11:46:23.553494+00:00,690,3,cube3 onto cube2
coraplex_panda_demo_2026_08_02,2026-08-02 11:46:23.553494+00:00,691,1,cube1 onto cube0
coraplex_panda_demo_2026_08_02,2026-08-02 11:46:23.553494+00:00,691,2,cube2 onto cube1
coraplex_panda_demo_2026_08_02,2026-08-02 11:46:23.553494+00:00,691,3,cube3 onto cube2
coraplex_panda_demo_2026_08_02,2026-08-02 11:46:23.553494+00:00,692,1,cube1 onto cube0
coraplex_panda_demo_2026_08_02,2026-08-02 11:46:23.553494+00:00,692,2,cube2 onto cube1
coraplex_panda_demo_2026_08_02,2026-08-02 11:46:23.553494+00:00,692,3,cube3 onto cube2
coraplex_panda_demo_2026_08_02,2026-08-02 11:46:23.553494+00:00,693,1,cube1 onto cube0
coraplex_panda_demo_2026_08_02,2026-08-02 11:46:23.553494+00:00,693,2,cube2 onto cube1
coraplex_panda_demo_2026_08_02,2026-08-02 11:46:23.553494+00:00,693,3,cube3 onto cube2
coraplex_panda_demo_2026_08_02,2026-08-02 11:46:23.553494+00:00,694,1,cube1 onto cube0
coraplex_panda_demo_2026_08_02,2026-08-02 11:46:23.553494+00:00,694,2,cube2 onto cube1
coraplex_panda_demo_2026_08_02,2026-08-02 11:46:23.553494+00:00,694,3,cube3 onto cube2
coraplex_panda_demo_2026_08_02,2026-08-02 11:46:23.553494+00:00,695,1,cube1 onto cube0
coraplex_panda_demo_2026_08_02,2026-08-02 11:46:23.553494+00:00,695,2,cube2 onto cube1
coraplex_panda_demo_2026_08_02,2026-08-02 11:46:23.553494+00:00,695,3,cube3 onto cube2
coraplex_panda_demo_2026_08_02,2026-08-02 11:46:23.553494+00:00,696,1,cube1 onto cube0
coraplex_panda_demo_2026_08_02,2026-08-02 11:46:23.553494+00:00,696,2,cube2 onto cube1
coraplex_panda_demo_2026_08_02,2026-08-02 11:46:23.553494+00:00,696,3,cube3 onto cube2
coraplex_panda_demo_2026_08_02,2026-08-02 11:46:23.553494+00:00,697,1,cube1 onto cube0
coraplex_panda_demo_2026_08_02,2026-08-02 11:46:23.553494+00:00,697,2,cube2 onto cube1
coraplex_panda_demo_2026_08_02,2026-08-02 11:46:23.553494+00:00,697,3,cube3 onto cube2
coraplex_panda_demo_2026_08_02,2026-08-02 11:46:23.553494+00:00,698,1,cube1 onto cube0
coraplex_panda_demo_2026_08_02,2026-08-02 11:46:23.553494+00:00,698,2,cube2 onto cube1
coraplex_panda_demo_2026_08_02,2026-08-02 11:46:23.553494+00:00,698,3,cube3 onto cube2
coraplex_panda_demo_2026_08_02,2026-08-02 11:46:23.553494+00:00,700,1,cube1 onto cube0
coraplex_panda_demo_2026_08_02,2026-08-02 11:46:23.553494+00:00,700,2,cube2 onto cube1
coraplex_panda_demo_2026_08_02,2026-08-02 11:46:23.553494+00:00,700,3,cube3 onto cube2
coraplex_panda_demo_2026_08_02,2026-08-02 11:46:23.553494+00:00,701,1,cube1 onto cube0
coraplex_panda_demo_2026_08_02,2026-08-02 11:46:23.553494+00:00,701,2,cube2 onto cube1
coraplex_panda_demo_2026_08_02,2026-08-02 11:46:23.553494+00:00,701,3,cube3 onto cube2
coraplex_panda_demo_2026_08_02,2026-08-02 11:46:23.553494+00:00,702,1,cube1 onto cube0
coraplex_panda_demo_2026_08_02,2026-08-02 11:46:23.553494+00:00,702,2,cube2 onto cube1
coraplex_panda_demo_2026_08_02,2026-08-02 11:46:23.553494+00:00,702,3,cube3 onto cube2
coraplex_panda_demo_2026_08_02,2026-08-02 11:46:23.553494+00:00,703,1,cube1 onto cube0
coraplex_panda_demo_2026_08_02,2026-08-02 11:46:23.553494+00:00,703,2,cube2 onto cube1
coraplex_panda_demo_2026_08_02,2026-08-02 11:46:23.553494+00:00,703,3,cube3 onto cube2
coraplex_panda_demo_2026_08_02,2026-08-02 11:46:23.553494+00:00,704,1,cube1 onto cube0
coraplex_panda_demo_2026_08_02,2026-08-02 11:46:23.553494+00:00,704,2,cube2 onto cube1
coraplex_panda_demo_2026_08_02,2026-08-02 11:46:23.553494+00:00,704,3,cube3 onto cube2
coraplex_panda_demo_2026_08_02,2026-08-02 11:46:23.553494+00:00,705,1,cube1 onto cube0
coraplex_panda_demo_2026_08_02,2026-08-02 11:46:23.553494+00:00,705,2,cube2 onto cube1
coraplex_panda_demo_2026_08_02,2026-08-02 11:46:23.553494+00:00,705,3,cube3 onto cube2
coraplex_panda_demo_2026_08_02,2026-08-02 11:46:23.553494+00:00,707,1,cube1 onto cube0
coraplex_panda_demo_2026_08_02,2026-08-02 11:46:23.553494+00:00,707,2,cube2 onto cube1
coraplex_panda_demo_2026_08_02,2026-08-02 11:46:23.553494+00:00,707,3,cube3 onto cube2
coraplex_panda_demo_2026_08_02,2026-08-02 11:46:23.553494+00:00,708,1,cube1 onto cube0
coraplex_panda_demo_2026_08_02,2026-08-02 11:46:23.553494+00:00,708,2,cube2 onto cube1
coraplex_panda_demo_2026_08_02,2026-08-02 11:46:23.553494+00:00,708,3,cube3 onto cube2
coraplex_panda_demo_2026_08_02,2026-08-02 11:46:23.553494+00:00,709,1,cube1 onto cube0
coraplex_panda_demo_2026_08_02,2026-08-02 11:46:23.553494+00:00,709,2,cube2 onto cube1
coraplex_panda_demo_2026_08_02,2026-08-02 11:46:23.553494+00:00,709,3,cube3 onto cube2
coraplex_panda_demo_2026_08_02,2026-08-02 11:46:23.553494+00:00,710,1,cube1 onto cube0
coraplex_panda_demo_2026_08_02,2026-08-02 11:46:23.553494+00:00,710,2,cube2 onto cube1
coraplex_panda_demo_2026_08_02,2026-08-02 11:46:23.553494+00:00,710,3,cube3 onto cube2
coraplex_panda_demo_2026_08_02,2026-08-02 11:46:23.553494+00:00,712,1,cube1 onto cube0
coraplex_panda_demo_2026_08_02,2026-08-02 11:46:23.553494+00:00,712,2,cube2 onto cube1
coraplex_panda_demo_2026_08_02,2026-08-02 11:46:23.553494+00:00,712,3,cube3 onto cube2
coraplex_panda_demo_2026_08_02,2026-08-02 11:46:23.553494+00:00,713,1,cube1 onto cube0
coraplex_panda_demo_2026_08_02,2026-08-02 11:46:23.553494+00:00,713,2,cube2 onto cube1
coraplex_panda_demo_2026_08_02,2026-08-02 11:46:23.553494+00:00,713,3,cube3 onto cube2
coraplex_panda_demo_2026_08_02,2026-08-02 11:46:23.553494+00:00,714,1,cube1 onto cube0
coraplex_panda_demo_2026_08_02,2026-08-02 11:46:23.553494+00:00,714,2,cube2 onto cube1
coraplex_panda_demo_2026_08_02,2026-08-02 11:46:23.553494+00:00,714,3,cube3 onto cube2
coraplex_panda_demo_2026_08_02,2026-08-02 11:46:23.553494+00:00,716,1,cube1 onto cube0
coraplex_panda_demo_2026_08_02,2026-08-02 11:46:23.553494+00:00,716,2,cube2 onto cube1
coraplex_panda_demo_2026_08_02,2026-08-02 11:46:23.553494+00:00,716,3,cube3 onto cube2
coraplex_panda_demo_2026_08_02,2026-08-02 11:46:23.553494+00:00,717,1,cube1 onto cube0
coraplex_panda_demo_2026_08_02,2026-08-02 11:46:23.553494+00:00,717,2,cube2 onto cube1
coraplex_panda_demo_2026_08_02,2026-08-02 11:46:23.553494+00:00,717,3,cube3 onto cube2
coraplex_panda_demo_2026_08_02,2026-08-02 11:46:23.553494+00:00,719,1,cube1 onto cube0
coraplex_panda_demo_2026_08_02,2026-08-02 11:46:23.553494+00:00,719,2,cube2 onto cube1
coraplex_panda_demo_2026_08_02,2026-08-02 11:46:23.553494+00:00,719,3,cube3 onto cube2
coraplex_panda_demo_2026_08_02,2026-08-02 11:46:23.553494+00:00,720,1,cube1 onto cube0
coraplex_panda_demo_2026_08_02,2026-08-02 11:46:23.553494+00:00,720,2,cube2 onto cube1
coraplex_panda_demo_2026_08_02,2026-08-02 11:46:23.553494+00:00,720,3,cube3 onto cube2
coraplex_panda_demo_2026_08_02,2026-08-02 11:46:23.553494+00:00,721,1,cube1 onto cube0
coraplex_panda_demo_2026_08_02,2026-08-02 11:46:23.553494+00:00,721,2,cube2 onto cube1
coraplex_panda_demo_2026_08_02,2026-08-02 11:46:23.553494+00:00,721,3,cube3 onto cube2
coraplex_panda_demo_2026_08_02,2026-08-02 11:46:23.553494+00:00,722,1,cube1 onto cube0
coraplex_panda_demo_2026_08_02,2026-08-02 11:46:23.553494+00:00,722,2,cube2 onto cube1
coraplex_panda_demo_2026_08_02,2026-08-02 11:46:23.553494+00:00,722,3,cube3 onto cube2
coraplex_panda_demo_2026_08_02,2026-08-02 11:46:23.553494+00:00,723,1,cube1 onto cube0
coraplex_panda_demo_2026_08_02,2026-08-02 11:46:23.553494+00:00,723,2,cube2 onto cube1
coraplex_panda_demo_2026_08_02,2026-08-02 11:46:23.553494+00:00,723,3,cube3 onto cube2
coraplex_panda_demo_2026_08_02,2026-08-02 11:46:23.553494+00:00,724,1,cube1 onto cube0
coraplex_panda_demo_2026_08_02,2026-08-02 11:46:23.553494+00:00,724,2,cube2 onto cube1
coraplex_panda_demo_2026_08_02,2026-08-02 11:46:23.553494+00:00,724,3,cube3 onto cube2
coraplex_panda_demo_2026_08_02,2026-08-02 11:46:23.553494+00:00,726,1,cube1 onto cube0
coraplex_panda_demo_2026_08_02,2026-08-02 11:46:23.553494+00:00,726,2,cube2 onto cube1
coraplex_panda_demo_2026_08_02,2026-08-02 11:46:23.553494+00:00,726,3,cube3 onto cube2
coraplex_panda_demo_2026_08_02,2026-08-02 11:46:23.553494+00:00,727,1,cube1 onto cube0
coraplex_panda_demo_2026_08_02,2026-08-02 11:46:23.553494+00:00,727,2,cube2 onto cube1
coraplex_panda_demo_2026_08_02,2026-08-02 11:46:23.553494+00:00,727,3,cube3 onto cube2
coraplex_panda_demo_2026_08_02,2026-08-02 11:46:23.553494+00:00,729,1,cube1 onto cube0
coraplex_panda_demo_2026_08_02,2026-08-02 11:46:23.553494+00:00,729,2,cube2 onto cube1
coraplex_panda_demo_2026_08_02,2026-08-02 11:46:23.553494+00:00,729,3,cube3 onto cube2
coraplex_panda_demo_2026_08_02,2026-08-02 11:46:23.553494+00:00,731,1,cube1 onto cube0
coraplex_panda_demo_2026_08_02,2026-08-02 11:46:23.553494+00:00,731,2,cube2 onto cube1
coraplex_panda_demo_2026_08_02,2026-08-02 11:46:23.553494+00:00,731,3,cube3 onto cube2
coraplex_panda_demo_2026_08_02,2026-08-02 11:46:23.553494+00:00,732,1,cube1 onto cube0
coraplex_panda_demo_2026_08_02,2026-08-02 11:46:23.553494+00:00,732,2,cube2 onto cube1
coraplex_panda_demo_2026_08_02,2026-08-02 11:46:23.553494+00:00,732,3,cube3 onto cube2
coraplex_panda_demo_2026_08_02,2026-08-02 11:46:23.553494+00:00,733,1,cube1 onto cube0
coraplex_panda_demo_2026_08_02,2026-08-02 11:46:23.553494+00:00,733,2,cube2 onto cube1
coraplex_panda_demo_2026_08_02,2026-08-02 11:46:23.553494+00:00,733,3,cube3 onto cube2
coraplex_panda_demo_2026_08_02,2026-08-02 11:46:23.553494+00:00,734,1,cube1 onto cube0
coraplex_panda_demo_2026_08_02,2026-08-02 11:46:23.553494+00:00,734,2,cube2 onto cube1
coraplex_panda_demo_2026_08_02,2026-08-02 11:46:23.553494+00:00,734,3,cube3 onto cube2
coraplex_panda_demo_2026_08_02,2026-08-02 11:46:23.553494+00:00,735,1,cube1 onto cube0
coraplex_panda_demo_2026_08_02,2026-08-02 11:46:23.553494+00:00,735,2,cube2 onto cube1
coraplex_panda_demo_2026_08_02,2026-08-02 11:46:23.553494+00:00,735,3,cube3 onto cube2
coraplex_panda_demo_2026_08_02,2026-08-02 11:46:23.553494+00:00,736,1,cube1 onto cube0
coraplex_panda_demo_2026_08_02,2026-08-02 11:46:23.553494+00:00,736,2,cube2 onto cube1
coraplex_panda_demo_2026_08_02,2026-08-02 11:46:23.553494+00:00,736,3,cube3 onto cube2
coraplex_panda_demo_2026_08_02,2026-08-02 11:46:23.553494+00:00,737,1,cube1 onto cube0
coraplex_panda_demo_2026_08_02,2026-08-02 11:46:23.553494+00:00,737,2,cube2 onto cube1
coraplex_panda_demo_2026_08_02,2026-08-02 11:46:23.553494+00:00,737,3,cube3 onto cube2
coraplex_panda_demo_2026_08_02,2026-08-02 11:46:23.553494+00:00,738,1,cube1 onto cube0
coraplex_panda_demo_2026_08_02,2026-08-02 11:46:23.553494+00:00,738,2,cube2 onto cube1
coraplex_panda_demo_2026_08_02,2026-08-02 11:46:23.553494+00:00,738,3,cube3 onto cube2
coraplex_panda_demo_2026_08_02,2026-08-02 11:46:23.553494+00:00,739,1,cube1 onto cube0
coraplex_panda_demo_2026_08_02,2026-08-02 11:46:23.553494+00:00,739,2,cube2 onto cube1
coraplex_panda_demo_2026_08_02,2026-08-02 11:46:23.553494+00:00,739,3,cube3 onto cube2
coraplex_panda_demo_2026_08_02,2026-08-02 11:46:23.553494+00:00,740,1,cube1 onto cube0
coraplex_panda_demo_2026_08_02,2026-08-02 11:46:23.553494+00:00,740,2,cube2 onto cube1
coraplex_panda_demo_2026_08_02,2026-08-02 11:46:23.553494+00:00,740,3,cube3 onto cube2
coraplex_panda_demo_2026_08_02,2026-08-02 11:46:23.553494+00:00,741,1,cube1 onto cube0
coraplex_panda_demo_2026_08_02,2026-08-02 11:46:23.553494+00:00,741,2,cube2 onto cube1
coraplex_panda_demo_2026_08_02,2026-08-02 11:46:23.553494+00:00,741,3,cube3 onto cube2
coraplex_panda_demo_2026_08_02,2026-08-02 11:46:23.553494+00:00,742,1,cube1 onto cube0
coraplex_panda_demo_2026_08_02,2026-08-02 11:46:23.553494+00:00,742,2,cube2 onto cube1
coraplex_panda_demo_2026_08_02,2026-08-02 11:46:23.553494+00:00,742,3,cube3 onto cube2
coraplex_panda_demo_2026_08_02,2026-08-02 11:46:23.553494+00:00,743,1,cube1 onto cube0
coraplex_panda_demo_2026_08_02,2026-08-02 11:46:23.553494+00:00,743,2,cube2 onto cube1
coraplex_panda_demo_2026_08_02,2026-08-02 11:46:23.553494+00:00,743,3,cube3 onto cube2
coraplex_panda_demo_2026_08_02,2026-08-02 11:46:23.553494+00:00,744,1,cube1 onto cube0
coraplex_panda_demo_2026_08_02,2026-08-02 11:46:23.553494+00:00,744,2,cube2 onto cube1
coraplex_panda_demo_2026_08_02,2026-08-02 11:46:23.553494+00:00,744,3,cube3 onto cube2
coraplex_panda_demo_2026_08_02,2026-08-02 11:46:23.553494+00:00,745,1,cube1 onto cube0
coraplex_panda_demo_2026_08_02,2026-08-02 11:46:23.553494+00:00,745,2,cube2 onto cube1
coraplex_panda_demo_2026_08_02,2026-08-02 11:46:23.553494+00:00,745,3,cube3 onto cube2
coraplex_panda_demo_2026_08_02,2026-08-02 11:46:23.553494+00:00,746,1,cube1 onto cube0
coraplex_panda_demo_2026_08_02,2026-08-02 11:46:23.553494+00:00,746,2,cube2 onto cube1
coraplex_panda_demo_2026_08_02,2026-08-02 11:46:23.553494+00:00,746,3,cube3 onto cube2
coraplex_panda_demo_2026_08_02,2026-08-02 11:46:23.553494+00:00,749,1,cube1 onto cube0
coraplex_panda_demo_2026_08_02,2026-08-02 11:46:23.553494+00:00,749,2,cube2 onto cube1
coraplex_panda_demo_2026_08_02,2026-08-02 11:46:23.553494+00:00,749,3,cube3 onto cube2
coraplex_panda_demo_2026_08_02,2026-08-02 11:46:23.553494+00:00,750,1,cube1 onto cube0
coraplex_panda_demo_2026_08_02,2026-08-02 11:46:23.553494+00:00,750,2,cube2 onto cube1
coraplex_panda_demo_2026_08_02,2026-08-02 11:46:23.553494+00:00,750,3,cube3 onto cube2
coraplex_panda_demo_2026_08_02,2026-08-02 11:46:23.553494+00:00,751,1,cube1 onto cube0
coraplex_panda_demo_2026_08_02,2026-08-02 11:46:23.553494+00:00,751,2,cube2 onto cube1
coraplex_panda_demo_2026_08_02,2026-08-02 11:46:23.553494+00:00,751,3,cube3 onto cube2
coraplex_panda_demo_2026_08_02,2026-08-02 11:46:23.553494+00:00,752,1,cube1 onto cube0
coraplex_panda_demo_2026_08_02,2026-08-02 11:46:23.553494+00:00,752,2,cube2 onto cube1
coraplex_panda_demo_2026_08_02,2026-08-02 11:46:23.553494+00:00,752,3,cube3 onto cube2
coraplex_panda_demo_2026_08_02,2026-08-02 11:46:23.553494+00:00,753,1,cube1 onto cube0
coraplex_panda_demo_2026_08_02,2026-08-02 11:46:23.553494+00:00,753,2,cube2 onto cube1
coraplex_panda_demo_2026_08_02,2026-08-02 11:46:23.553494+00:00,753,3,cube3 onto cube2
coraplex_panda_demo_2026_08_02,2026-08-02 11:46:23.553494+00:00,754,1,cube1 onto cube0
coraplex_panda_demo_2026_08_02,2026-08-02 11:46:23.553494+00:00,754,2,cube2 onto cube1
coraplex_panda_demo_2026_08_02,2026-08-02 11:46:23.553494+00:00,754,3,cube3 onto cube2
coraplex_panda_demo_2026_08_02,2026-08-02 11:46:23.553494+00:00,755,1,cube1 onto cube0
coraplex_panda_demo_2026_08_02,2026-08-02 11:46:23.553494+00:00,755,2,cube2 onto cube1
coraplex_panda_demo_2026_08_02,2026-08-02 11:46:23.553494+00:00,755,3,cube3 onto cube2
coraplex_panda_demo_2026_08_02,2026-08-02 11:46:23.553494+00:00,756,1,cube1 onto cube0
coraplex_panda_demo_2026_08_02,2026-08-02 11:46:23.553494+00:00,756,2,cube2 onto cube1
coraplex_panda_demo_2026_08_02,2026-08-02 11:46:23.553494+00:00,756,3,cube3 onto cube2
coraplex_panda_demo_2026_08_02,2026-08-02 11:46:23.553494+00:00,760,1,cube1 onto cube0
coraplex_panda_demo_2026_08_02,2026-08-02 11:46:23.553494+00:00,760,2,cube2 onto cube1
coraplex_panda_demo_2026_08_02,2026-08-02 11:46:23.553494+00:00,760,3,cube3 onto cube2
coraplex_panda_demo_2026_08_02,2026-08-02 11:46:23.553494+00:00,761,1,cube1 onto cube0
coraplex_panda_demo_2026_08_02,2026-08-02 11:46:23.553494+00:00,761,2,cube2 onto cube1
coraplex_panda_demo_2026_08_02,2026-08-02 11:46:23.553494+00:00,761,3,cube3 onto cube2
coraplex_panda_demo_2026_08_02,2026-08-02 11:46:23.553494+00:00,762,1,cube1 onto cube0
coraplex_panda_demo_2026_08_02,2026-08-02 11:46:23.553494+00:00,762,2,cube2 onto cube1
coraplex_panda_demo_2026_08_02,2026-08-02 11:46:23.553494+00:00,762,3,cube3 onto cube2
coraplex_panda_demo_2026_08_02,2026-08-02 11:46:23.553494+00:00,763,1,cube1 onto cube0
coraplex_panda_demo_2026_08_02,2026-08-02 11:46:23.553494+00:00,763,2,cube2 onto cube1
coraplex_panda_demo_2026_08_02,2026-08-02 11:46:23.553494+00:00,763,3,cube3 onto cube2
coraplex_panda_demo_2026_08_02,2026-08-02 11:46:23.553494+00:00,764,1,cube1 onto cube0
coraplex_panda_demo_2026_08_02,2026-08-02 11:46:23.553494+00:00,764,2,cube2 onto cube1
coraplex_panda_demo_2026_08_02,2026-08-02 11:46:23.553494+00:00,764,3,cube3 onto cube2
coraplex_panda_demo_2026_08_02,2026-08-02 11:46:23.553494+00:00,766,1,cube1 onto cube0
coraplex_panda_demo_2026_08_02,2026-08-02 11:46:23.553494+00:00,766,2,cube2 onto cube1
coraplex_panda_demo_2026_08_02,2026-08-02 11:46:23.553494+00:00,766,3,cube3 onto cube2
coraplex_panda_demo_2026_08_02,2026-08-02 11:46:23.553494+00:00,767,1,cube1 onto cube0
coraplex_panda_demo_2026_08_02,2026-08-02 11:46:23.553494+00:00,767,2,cube2 onto cube1
coraplex_panda_demo_2026_08_02,2026-08-02 11:46:23.553494+00:00,767,3,cube3 onto cube2
coraplex_panda_demo_2026_08_02,2026-08-02 11:46:23.553494+00:00,769,1,cube1 onto cube0
coraplex_panda_demo_2026_08_02,2026-08-02 11:46:23.553494+00:00,769,2,cube2 onto cube1
coraplex_panda_demo_2026_08_02,2026-08-02 11:46:23.553494+00:00,769,3,cube3 onto cube2
coraplex_panda_demo_2026_08_02,2026-08-02 11:46:23.553494+00:00,771,1,cube1 onto cube0
coraplex_panda_demo_2026_08_02,2026-08-02 11:46:23.553494+00:00,771,2,cube2 onto cube1
coraplex_panda_demo_2026_08_02,2026-08-02 11:46:23.553494+00:00,771,3,cube3 onto cube2
coraplex_panda_demo_2026_08_02,2026-08-02 11:46:23.553494+00:00,773,1,cube1 onto cube0
coraplex_panda_demo_2026_08_02,2026-08-02 11:46:23.553494+00:00,773,2,cube2 onto cube1
coraplex_panda_demo_2026_08_02,2026-08-02 11:46:23.553494+00:00,773,3,cube3 onto cube2
coraplex_panda_demo_2026_08_02,2026-08-02 11:46:23.553494+00:00,775,1,cube1 onto cube0
coraplex_panda_demo_2026_08_02,2026-08-02 11:46:23.553494+00:00,775,2,cube2 onto cube1
coraplex_panda_demo_2026_08_02,2026-08-02 11:46:23.553494+00:00,775,3,cube3 onto cube2
coraplex_panda_demo_2026_08_02,2026-08-02 11:46:23.553494+00:00,776,1,cube1 onto cube0
coraplex_panda_demo_2026_08_02,2026-08-02 11:46:23.553494+00:00,776,2,cube2 onto cube1
coraplex_panda_demo_2026_08_02,2026-08-02 11:46:23.553494+00:00,776,3,cube3 onto cube2
coraplex_panda_demo_2026_08_02,2026-08-02 11:46:23.553494+00:00,777,1,cube1 onto cube0
coraplex_panda_demo_2026_08_02,2026-08-02 11:46:23.553494+00:00,777,2,cube2 onto cube1
coraplex_panda_demo_2026_08_02,2026-08-02 11:46:23.553494+00:00,777,3,cube3 onto cube2
coraplex_panda_demo_2026_08_02,2026-08-02 11:46:23.553494+00:00,779,1,cube1 onto cube0
coraplex_panda_demo_2026_08_02,2026-08-02 11:46:23.553494+00:00,779,2,cube2 onto cube1
coraplex_panda_demo_2026_08_02,2026-08-02 11:46:23.553494+00:00,779,3,cube3 onto cube2
coraplex_panda_demo_2026_08_02,2026-08-02 11:46:23.553494+00:00,780,1,cube1 onto cube0
coraplex_panda_demo_2026_08_02,2026-08-02 11:46:23.553494+00:00,780,2,cube2 onto cube1
coraplex_panda_demo_2026_08_02,2026-08-02 11:46:23.553494+00:00,780,3,cube3 onto cube2
coraplex_panda_demo_2026_08_02,2026-08-02 11:46:23.553494+00:00,782,1,cube1 onto cube0
coraplex_panda_demo_2026_08_02,2026-08-02 11:46:23.553494+00:00,782,2,cube2 onto cube1
coraplex_panda_demo_2026_08_02,2026-08-02 11:46:23.553494+00:00,782,3,cube3 onto cube2
coraplex_panda_demo_2026_08_02,2026-08-02 11:46:23.553494+00:00,783,1,cube1 onto cube0
coraplex_panda_demo_2026_08_02,2026-08-02 11:46:23.553494+00:00,783,2,cube2 onto cube1
coraplex_panda_demo_2026_08_02,2026-08-02 11:46:23.553494+00:00,783,3,cube3 onto cube2
coraplex_panda_demo_2026_08_02,2026-08-02 11:46:23.553494+00:00,784,1,cube1 onto cube0
coraplex_panda_demo_2026_08_02,2026-08-02 11:46:23.553494+00:00,784,2,cube2 onto cube1
coraplex_panda_demo_2026_08_02,2026-08-02 11:46:23.553494+00:00,784,3,cube3 onto cube2
coraplex_panda_demo_2026_08_02,2026-08-02 11:46:23.553494+00:00,787,1,cube1 onto cube0
coraplex_panda_demo_2026_08_02,2026-08-02 11:46:23.553494+00:00,787,2,cube2 onto cube1
coraplex_panda_demo_2026_08_02,2026-08-02 11:46:23.553494+00:00,787,3,cube3 onto cube2
coraplex_panda_demo_2026_08_02,2026-08-02 11:46:23.553494+00:00,788,1,cube1 onto cube0
coraplex_panda_demo_2026_08_02,2026-08-02 11:46:23.553494+00:00,788,2,cube2 onto cube1
coraplex_panda_demo_2026_08_02,2026-08-02 11:46:23.553494+00:00,788,3,cube3 onto cube2
coraplex_panda_demo_2026_08_02,2026-08-02 11:46:23.553494+00:00,791,1,cube1 onto cube0
coraplex_panda_demo_2026_08_02,2026-08-02 11:46:23.553494+00:00,791,2,cube2 onto cube1
coraplex_panda_demo_2026_08_02,2026-08-02 11:46:23.553494+00:00,791,3,cube3 onto cube2
coraplex_panda_demo_2026_08_02,2026-08-02 11:46:23.553494+00:00,792,1,cube1 onto cube0
coraplex_panda_demo_2026_08_02,2026-08-02 11:46:23.553494+00:00,792,2,cube2 onto cube1
coraplex_panda_demo_2026_08_02,2026-08-02 11:46:23.553494+00:00,792,3,cube3 onto cube2
coraplex_panda_demo_2026_08_02,2026-08-02 11:46:23.553494+00:00,793,1,cube1 onto cube0
coraplex_panda_demo_2026_08_02,2026-08-02 11:46:23.553494+00:00,793,2,cube2 onto cube1
coraplex_panda_demo_2026_08_02,2026-08-02 11:46:23.553494+00:00,793,3,cube3 onto cube2
coraplex_panda_demo_2026_08_02,2026-08-02 11:46:23.553494+00:00,794,1,cube1 onto cube0
coraplex_panda_demo_2026_08_02,2026-08-02 11:46:23.553494+00:00,794,2,cube2 onto cube1
coraplex_panda_demo_2026_08_02,2026-08-02 11:46:23.553494+00:00,794,3,cube3 onto cube2
coraplex_panda_demo_2026_08_02,2026-08-02 11:46:23.553494+00:00,795,1,cube1 onto cube0
coraplex_panda_demo_2026_08_02,2026-08-02 11:46:23.553494+00:00,795,2,cube2 onto cube1
coraplex_panda_demo_2026_08_02,2026-08-02 11:46:23.553494+00:00,795,3,cube3 onto cube2
coraplex_panda_demo_2026_08_02,2026-08-02 11:46:23.553494+00:00,797,1,cube1 onto cube0
coraplex_panda_demo_2026_08_02,2026-08-02 11:46:23.553494+00:00,797,2,cube2 onto cube1
coraplex_panda_demo_2026_08_02,2026-08-02 11:46:23.553494+00:00,797,3,cube3 onto cube2
coraplex_panda_demo_2026_08_02,2026-08-02 11:46:23.553494+00:00,798,1,cube1 onto cube0
coraplex_panda_demo_2026_08_02,2026-08-02 11:46:23.553494+00:00,798,2,cube2 onto cube1
coraplex_panda_demo_2026_08_02,2026-08-02 11:46:23.553494+00:00,798,3,cube3 onto cube2
coraplex_panda_demo_2026_08_02,2026-08-02 11:46:23.553494+00:00,799,1,cube1 onto cube0
coraplex_panda_demo_2026_08_02,2026-08-02 11:46:23.553494+00:00,799,2,cube2 onto cube1
coraplex_panda_demo_2026_08_02,2026-08-02 11:46:23.553494+00:00,799,3,cube3 onto cube2
coraplex_panda_demo_2026_08_02,2026-08-02 11:46:23.553494+00:00,800,1,cube1 onto cube0
coraplex_panda_demo_2026_08_02,2026-08-02 11:46:23.553494+00:00,800,2,cube2 onto cube1
coraplex_panda_demo_2026_08_02,2026-08-02 11:46:23.553494+00:00,800,3,cube3 onto cube2
coraplex_panda_demo_2026_08_02,2026-08-02 11:46:23.553494+00:00,801,1,cube1 onto cube0
coraplex_panda_demo_2026_08_02,2026-08-02 11:46:23.553494+00:00,801,2,cube2 onto cube1
coraplex_panda_demo_2026_08_02,2026-08-02 11:46:23.553494+00:00,801,3,cube3 onto cube2
coraplex_panda_demo_2026_08_02,2026-08-02 11:46:23.553494+00:00,802,1,cube1 onto cube0
coraplex_panda_demo_2026_08_02,2026-08-02 11:46:23.553494+00:00,802,2,cube2 onto cube1
coraplex_panda_demo_2026_08_02,2026-08-02 11:46:23.553494+00:00,802,3,cube3 onto cube2
coraplex_panda_demo_2026_08_02,2026-08-02 11:46:23.553494+00:00,803,1,cube1 onto cube0
coraplex_panda_demo_2026_08_02,2026-08-02 11:46:23.553494+00:00,803,2,cube2 onto cube1
coraplex_panda_demo_2026_08_02,2026-08-02 11:46:23.553494+00:00,803,3,cube3 onto cube2
coraplex_panda_demo_2026_08_02,2026-08-02 11:46:23.553494+00:00,804,1,cube1 onto cube0
coraplex_panda_demo_2026_08_02,2026-08-02 11:46:23.553494+00:00,804,2,cube2 onto cube1
coraplex_panda_demo_2026_08_02,2026-08-02 11:46:23.553494+00:00,804,3,cube3 onto cube2
coraplex_panda_demo_2026_08_02,2026-08-02 11:46:23.553494+00:00,805,1,cube1 onto cube0
coraplex_panda_demo_2026_08_02,2026-08-02 11:46:23.553494+00:00,805,2,cube2 onto cube1
coraplex_panda_demo_2026_08_02,2026-08-02 11:46:23.553494+00:00,805,3,cube3 onto cube2
coraplex_panda_demo_2026_08_02,2026-08-02 11:46:23.553494+00:00,808,1,cube1 onto cube0
coraplex_panda_demo_2026_08_02,2026-08-02 11:46:23.553494+00:00,808,2,cube2 onto cube1
coraplex_panda_demo_2026_08_02,2026-08-02 11:46:23.553494+00:00,808,3,cube3 onto cube2
coraplex_panda_demo_2026_08_02,2026-08-02 11:46:23.553494+00:00,809,1,cube1 onto cube0
coraplex_panda_demo_2026_08_02,2026-08-02 11:46:23.553494+00:00,809,2,cube2 onto cube1
coraplex_panda_demo_2026_08_02,2026-08-02 11:46:23.553494+00:00,809,3,cube3 onto cube2
coraplex_panda_demo_2026_08_02,2026-08-02 11:46:23.553494+00:00,810,1,cube1 onto cube0
coraplex_panda_demo_2026_08_02,2026-08-02 11:46:23.553494+00:00,810,2,cube2 onto cube1
coraplex_panda_demo_2026_08_02,2026-08-02 11:46:23.553494+00:00,810,3,cube3 onto cube2
coraplex_panda_demo_2026_08_02,2026-08-02 11:46:23.553494+00:00,811,1,cube1 onto cube0
coraplex_panda_demo_2026_08_02,2026-08-02 11:46:23.553494+00:00,811,2,cube2 onto cube1
coraplex_panda_demo_2026_08_02,2026-08-02 11:46:23.553494+00:00,811,3,cube3 onto cube2
coraplex_panda_demo_2026_08_02,2026-08-02 11:46:23.553494+00:00,812,1,cube1 onto cube0
coraplex_panda_demo_2026_08_02,2026-08-02 11:46:23.553494+00:00,812,2,cube2 onto cube1
coraplex_panda_demo_2026_08_02,2026-08-02 11:46:23.553494+00:00,812,3,cube3 onto cube2
coraplex_panda_demo_2026_08_02,2026-08-02 11:46:23.553494+00:00,813,1,cube1 onto cube0
coraplex_panda_demo_2026_08_02,2026-08-02 11:46:23.553494+00:00,813,2,cube2 onto cube1
coraplex_panda_demo_2026_08_02,2026-08-02 11:46:23.553494+00:00,813,3,cube3 onto cube2
coraplex_panda_demo_2026_08_02,2026-08-02 11:46:23.553494+00:00,814,1,cube1 onto cube0
coraplex_panda_demo_2026_08_02,2026-08-02 11:46:23.553494+00:00,814,2,cube2 onto cube1
coraplex_panda_demo_2026_08_02,2026-08-02 11:46:23.553494+00:00,814,3,cube3 onto cube2
coraplex_panda_demo_2026_08_02,2026-08-02 11:46:23.553494+00:00,815,1,cube1 onto cube0
coraplex_panda_demo_2026_08_02,2026-08-02 11:46:23.553494+00:00,815,2,cube2 onto cube1
coraplex_panda_demo_2026_08_02,2026-08-02 11:46:23.553494+00:00,815,3,cube3 onto cube2
coraplex_panda_demo_2026_08_02,2026-08-02 11:46:23.553494+00:00,816,1,cube1 onto cube0
coraplex_panda_demo_2026_08_02,2026-08-02 11:46:23.553494+00:00,816,2,cube2 onto cube1
coraplex_panda_demo_2026_08_02,2026-08-02 11:46:23.553494+00:00,816,3,cube3 onto cube2
coraplex_panda_demo_2026_08_02,2026-08-02 11:46:23.553494+00:00,818,1,cube1 onto cube0
coraplex_panda_demo_2026_08_02,2026-08-02 11:46:23.553494+00:00,818,2,cube2 onto cube1
coraplex_panda_demo_2026_08_02,2026-08-02 11:46:23.553494+00:00,818,3,cube3 onto cube2
coraplex_panda_demo_2026_08_02,2026-08-02 11:46:23.553494+00:00,819,1,cube1 onto cube0
coraplex_panda_demo_2026_08_02,2026-08-02 11:46:23.553494+00:00,819,2,cube2 onto cube1
coraplex_panda_demo_2026_08_02,2026-08-02 11:46:23.553494+00:00,819,3,cube3 onto cube2
coraplex_panda_demo_2026_08_02,2026-08-02 11:46:23.553494+00:00,822,1,cube1 onto cube0
coraplex_panda_demo_2026_08_02,2026-08-02 11:46:23.553494+00:00,822,2,cube2 onto cube1
coraplex_panda_demo_2026_08_02,2026-08-02 11:46:23.553494+00:00,822,3,cube3 onto cube2
coraplex_panda_demo_2026_08_02,2026-08-02 11:46:23.553494+00:00,824,1,cube1 onto cube0
coraplex_panda_demo_2026_08_02,2026-08-02 11:46:23.553494+00:00,824,2,cube2 onto cube1
coraplex_panda_demo_2026_08_02,2026-08-02 11:46:23.553494+00:00,824,3,cube3 onto cube2
coraplex_panda_demo_2026_08_02,2026-08-02 11:46:23.553494+00:00,825,1,cube1 onto cube0
coraplex_panda_demo_2026_08_02,2026-08-02 11:46:23.553494+00:00,825,2,cube2 onto cube1
coraplex_panda_demo_2026_08_02,2026-08-02 11:46:23.553494+00:00,825,3,cube3 onto cube2
coraplex_panda_demo_2026_08_02,2026-08-02 11:46:23.553494+00:00,826,1,cube1 onto cube0
coraplex_panda_demo_2026_08_02,2026-08-02 11:46:23.553494+00:00,826,2,cube2 onto cube1
coraplex_panda_demo_2026_08_02,2026-08-02 11:46:23.553494+00:00,826,3,cube3 onto cube2
coraplex_panda_demo_2026_08_02,2026-08-02 11:46:23.553494+00:00,827,1,cube1 onto cube0
coraplex_panda_demo_2026_08_02,2026-08-02 11:46:23.553494+00:00,827,2,cube2 onto cube1
coraplex_panda_demo_2026_08_02,2026-08-02 11:46:23.553494+00:00,827,3,cube3 onto cube2
coraplex_panda_demo_2026_08_02,2026-08-02 11:46:23.553494+00:00,828,1,cube1 onto cube0
coraplex_panda_demo_2026_08_02,2026-08-02 11:46:23.553494+00:00,828,2,cube2 onto cube1
coraplex_panda_demo_2026_08_02,2026-08-02 11:46:23.553494+00:00,828,3,cube3 onto cube2
coraplex_panda_demo_2026_08_02,2026-08-02 11:46:23.553494+00:00,829,1,cube1 onto cube0
coraplex_panda_demo_2026_08_02,2026-08-02 11:46:23.553494+00:00,829,2,cube2 onto cube1
coraplex_panda_demo_2026_08_02,2026-08-02 11:46:23.553494+00:00,829,3,cube3 onto cube2
coraplex_panda_demo_2026_08_02,2026-08-02 11:46:23.553494+00:00,830,1,cube1 onto cube0
coraplex_panda_demo_2026_08_02,2026-08-02 11:46:23.553494+00:00,830,2,cube2 onto cube1
coraplex_panda_demo_2026_08_02,2026-08-02 11:46:23.553494+00:00,830,3,cube3 onto cube2
coraplex_panda_demo_2026_08_02,2026-08-02 11:46:23.553494+00:00,831,1,cube1 onto cube0
coraplex_panda_demo_2026_08_02,2026-08-02 11:46:23.553494+00:00,831,2,cube2 onto cube1
coraplex_panda_demo_2026_08_02,2026-08-02 11:46:23.553494+00:00,831,3,cube3 onto cube2
coraplex_panda_demo_2026_08_02,2026-08-02 11:46:23.553494+00:00,832,1,cube1 onto cube0
coraplex_panda_demo_2026_08_02,2026-08-02 11:46:23.553494+00:00,832,2,cube2 onto cube1
coraplex_panda_demo_2026_08_02,2026-08-02 11:46:23.553494+00:00,832,3,cube3 onto cube2
coraplex_panda_demo_2026_08_02,2026-08-02 11:46:23.553494+00:00,833,1,cube1 onto cube0
coraplex_panda_demo_2026_08_02,2026-08-02 11:46:23.553494+00:00,833,2,cube2 onto cube1
coraplex_panda_demo_2026_08_02,2026-08-02 11:46:23.553494+00:00,833,3,cube3 onto cube2
coraplex_panda_demo_2026_08_02,2026-08-02 11:46:23.553494+00:00,834,1,cube1 onto cube0
coraplex_panda_demo_2026_08_02,2026-08-02 11:46:23.553494+00:00,834,2,cube2 onto cube1
coraplex_panda_demo_2026_08_02,2026-08-02 11:46:23.553494+00:00,834,3,cube3 onto cube2
coraplex_panda_demo_2026_08_02,2026-08-02 11:46:23.553494+00:00,835,1,cube1 onto cube0
coraplex_panda_demo_2026_08_02,2026-08-02 11:46:23.553494+00:00,835,2,cube2 onto cube1
coraplex_panda_demo_2026_08_02,2026-08-02 11:46:23.553494+00:00,835,3,cube3 onto cube2
coraplex_panda_demo_2026_08_02,2026-08-02 11:46:23.553494+00:00,836,1,cube1 onto cube0
coraplex_panda_demo_2026_08_02,2026-08-02 11:46:23.553494+00:00,836,2,cube2 onto cube1
coraplex_panda_demo_2026_08_02,2026-08-02 11:46:23.553494+00:00,836,3,cube3 onto cube2
coraplex_panda_demo_2026_08_02,2026-08-02 11:46:23.553494+00:00,837,1,cube1 onto cube0
coraplex_panda_demo_2026_08_02,2026-08-02 11:46:23.553494+00:00,837,2,cube2 onto cube1
coraplex_panda_demo_2026_08_02,2026-08-02 11:46:23.553494+00:00,837,3,cube3 onto cube2
coraplex_panda_demo_2026_08_02,2026-08-02 11:46:23.553494+00:00,838,1,cube1 onto cube0
coraplex_panda_demo_2026_08_02,2026-08-02 11:46:23.553494+00:00,838,2,cube2 onto cube1
coraplex_panda_demo_2026_08_02,2026-08-02 11:46:23.553494+00:00,838,3,cube3 onto cube2
coraplex_panda_demo_2026_08_02,2026-08-02 11:46:23.553494+00:00,839,1,cube1 onto cube0
coraplex_panda_demo_2026_08_02,2026-08-02 11:46:23.553494+00:00,839,2,cube2 onto cube1
coraplex_panda_demo_2026_08_02,2026-08-02 11:46:23.553494+00:00,839,3,cube3 onto cube2
coraplex_panda_demo_2026_08_02,2026-08-02 11:46:23.553494+00:00,840,1,cube1 onto cube0
coraplex_panda_demo_2026_08_02,2026-08-02 11:46:23.553494+00:00,840,2,cube2 onto cube1
coraplex_panda_demo_2026_08_02,2026-08-02 11:46:23.553494+00:00,840,3,cube3 onto cube2
coraplex_panda_demo_2026_08_02,2026-08-02 11:46:23.553494+00:00,842,1,cube1 onto cube0
coraplex_panda_demo_2026_08_02,2026-08-02 11:46:23.553494+00:00,842,2,cube2 onto cube1
coraplex_panda_demo_2026_08_02,2026-08-02 11:46:23.553494+00:00,842,3,cube3 onto cube2
coraplex_panda_demo_2026_08_02,2026-08-02 11:46:23.553494+00:00,844,1,cube1 onto cube0
coraplex_panda_demo_2026_08_02,2026-08-02 11:46:23.553494+00:00,844,2,cube2 onto cube1
coraplex_panda_demo_2026_08_02,2026-08-02 11:46:23.553494+00:00,844,3,cube3 onto cube2
coraplex_panda_demo_2026_08_02,2026-08-02 11:46:23.553494+00:00,846,1,cube1 onto cube0
coraplex_panda_demo_2026_08_02,2026-08-02 11:46:23.553494+00:00,846,2,cube2 onto cube1
coraplex_panda_demo_2026_08_02,2026-08-02 11:46:23.553494+00:00,846,3,cube3 onto cube2
coraplex_panda_demo_2026_08_02,2026-08-02 11:46:23.553494+00:00,848,1,cube1 onto cube0
coraplex_panda_demo_2026_08_02,2026-08-02 11:46:23.553494+00:00,848,2,cube2 onto cube1
coraplex_panda_demo_2026_08_02,2026-08-02 11:46:23.553494+00:00,848,3,cube3 onto cube2
coraplex_panda_demo_2026_08_02,2026-08-02 11:46:23.553494+00:00,849,1,cube1 onto cube0
coraplex_panda_demo_2026_08_02,2026-08-02 11:46:23.553494+00:00,849,2,cube2 onto cube1
coraplex_panda_demo_2026_08_02,2026-08-02 11:46:23.553494+00:00,849,3,cube3 onto cube2
coraplex_panda_demo_2026_08_02,2026-08-02 11:46:23.553494+00:00,850,1,cube1 onto cube0
coraplex_panda_demo_2026_08_02,2026-08-02 11:46:23.553494+00:00,850,2,cube2 onto cube1
coraplex_panda_demo_2026_08_02,2026-08-02 11:46:23.553494+00:00,850,3,cube3 onto cube2
coraplex_panda_demo_2026_08_02,2026-08-02 11:46:23.553494+00:00,856,1,cube1 onto cube0
coraplex_panda_demo_2026_08_02,2026-08-02 11:46:23.553494+00:00,856,2,cube2 onto cube1
coraplex_panda_demo_2026_08_02,2026-08-02 11:46:23.553494+00:00,856,3,cube3 onto cube2
coraplex_panda_demo_2026_08_02,2026-08-02 11:46:23.553494+00:00,857,1,cube1 onto cube0
coraplex_panda_demo_2026_08_02,2026-08-02 11:46:23.553494+00:00,857,2,cube2 onto cube1
coraplex_panda_demo_2026_08_02,2026-08-02 11:46:23.553494+00:00,857,3,cube3 onto cube2
coraplex_panda_demo_2026_08_02,2026-08-02 11:46:23.553494+00:00,859,1,cube1 onto cube0
coraplex_panda_demo_2026_08_02,2026-08-02 11:46:23.553494+00:00,859,2,cube2 onto cube1
coraplex_panda_demo_2026_08_02,2026-08-02 11:46:23.553494+00:00,859,3,cube3 onto cube2
coraplex_panda_demo_2026_08_02,2026-08-02 11:46:23.553494+00:00,861,1,cube1 onto cube0
coraplex_panda_demo_2026_08_02,2026-08-02 11:46:23.553494+00:00,861,2,cube2 onto cube1
coraplex_panda_demo_2026_08_02,2026-08-02 11:46:23.553494+00:00,861,3,cube3 onto cube2
coraplex_panda_demo_2026_08_02,2026-08-02 11:46:23.553494+00:00,862,1,cube1 onto cube0
coraplex_panda_demo_2026_08_02,2026-08-02 11:46:23.553494+00:00,862,2,cube2 onto cube1
coraplex_panda_demo_2026_08_02,2026-08-02 11:46:23.553494+00:00,862,3,cube3 onto cube2
coraplex_panda_demo_2026_08_02,2026-08-02 11:46:23.553494+00:00,863,1,cube1 onto cube0
coraplex_panda_demo_2026_08_02,2026-08-02 11:46:23.553494+00:00,863,2,cube2 onto cube1
coraplex_panda_demo_2026_08_02,2026-08-02 11:46:23.553494+00:00,863,3,cube3 onto cube2
coraplex_panda_demo_2026_08_02,2026-08-02 11:46:23.553494+00:00,864,1,cube1 onto cube0
coraplex_panda_demo_2026_08_02,2026-08-02 11:46:23.553494+00:00,864,2,cube2 onto cube1
coraplex_panda_demo_2026_08_02,2026-08-02 11:46:23.553494+00:00,864,3,cube3 onto cube2
coraplex_panda_demo_2026_08_02,2026-08-02 11:46:23.553494+00:00,865,1,cube1 onto cube0
coraplex_panda_demo_2026_08_02,2026-08-02 11:46:23.553494+00:00,865,2,cube2 onto cube1
coraplex_panda_demo_2026_08_02,2026-08-02 11:46:23.553494+00:00,865,3,cube3 onto cube2
coraplex_panda_demo_2026_08_02,2026-08-02 11:46:23.553494+00:00,867,1,cube1 onto cube0
coraplex_panda_demo_2026_08_02,2026-08-02 11:46:23.553494+00:00,867,2,cube2 onto cube1
coraplex_panda_demo_2026_08_02,2026-08-02 11:46:23.553494+00:00,867,3,cube3 onto cube2
coraplex_panda_demo_2026_08_02,2026-08-02 11:46:23.553494+00:00,869,1,cube1 onto cube0
coraplex_panda_demo_2026_08_02,2026-08-02 11:46:23.553494+00:00,869,2,cube2 onto cube1
coraplex_panda_demo_2026_08_02,2026-08-02 11:46:23.553494+00:00,869,3,cube3 onto cube2
coraplex_panda_demo_2026_08_02,2026-08-02 11:46:23.553494+00:00,870,1,cube1 onto cube0
coraplex_panda_demo_2026_08_02,2026-08-02 11:46:23.553494+00:00,870,2,cube2 onto cube1
coraplex_panda_demo_2026_08_02,2026-08-02 11:46:23.553494+00:00,870,3,cube3 onto cube2
coraplex_panda_demo_2026_08_02,2026-08-02 11:46:23.553494+00:00,872,1,cube1 onto cube0
coraplex_panda_demo_2026_08_02,2026-08-02 11:46:23.553494+00:00,872,2,cube2 onto cube1
coraplex_panda_demo_2026_08_02,2026-08-02 11:46:23.553494+00:00,872,3,cube3 onto cube2
coraplex_panda_demo_2026_08_02,2026-08-02 11:46:23.553494+00:00,875,1,cube1 onto cube0
coraplex_panda_demo_2026_08_02,2026-08-02 11:46:23.553494+00:00,875,2,cube2 onto cube1
coraplex_panda_demo_2026_08_02,2026-08-02 11:46:23.553494+00:00,875,3,cube3 onto cube2
coraplex_panda_demo_2026_08_02,2026-08-02 11:46:23.553494+00:00,876,1,cube1 onto cube0
coraplex_panda_demo_2026_08_02,2026-08-02 11:46:23.553494+00:00,876,2,cube2 onto cube1
coraplex_panda_demo_2026_08_02,2026-08-02 11:46:23.553494+00:00,876,3,cube3 onto cube2
coraplex_panda_demo_2026_08_02,2026-08-02 11:46:23.553494+00:00,878,1,cube1 onto cube0
coraplex_panda_demo_2026_08_02,2026-08-02 11:46:23.553494+00:00,878,2,cube2 onto cube1
coraplex_panda_demo_2026_08_02,2026-08-02 11:46:23.553494+00:00,878,3,cube3 onto cube2
coraplex_panda_demo_2026_08_02,2026-08-02 11:46:23.553494+00:00,880,1,cube1 onto cube0
coraplex_panda_demo_2026_08_02,2026-08-02 11:46:23.553494+00:00,880,2,cube2 onto cube1
coraplex_panda_demo_2026_08_02,2026-08-02 11:46:23.553494+00:00,880,3,cube3 onto cube2
coraplex_panda_demo_2026_08_02,2026-08-02 11:46:23.553494+00:00,881,1,cube1 onto cube0
coraplex_panda_demo_2026_08_02,2026-08-02 11:46:23.553494+00:00,881,2,cube2 onto cube1
coraplex_panda_demo_2026_08_02,2026-08-02 11:46:23.553494+00:00,881,3,cube3 onto cube2
coraplex_panda_demo_2026_08_02,2026-08-02 11:46:23.553494+00:00,882,1,cube1 onto cube0
coraplex_panda_demo_2026_08_02,2026-08-02 11:46:23.553494+00:00,882,2,cube2 onto cube1
coraplex_panda_demo_2026_08_02,2026-08-02 11:46:23.553494+00:00,882,3,cube3 onto cube2
coraplex_panda_demo_2026_08_02,2026-08-02 11:46:23.553494+00:00,883,1,cube1 onto cube0
coraplex_panda_demo_2026_08_02,2026-08-02 11:46:23.553494+00:00,883,2,cube2 onto cube1
coraplex_panda_demo_2026_08_02,2026-08-02 11:46:23.553494+00:00,883,3,cube3 onto cube2
coraplex_panda_demo_2026_08_02,2026-08-02 11:46:23.553494+00:00,884,1,cube1 onto cube0
coraplex_panda_demo_2026_08_02,2026-08-02 11:46:23.553494+00:00,884,2,cube2 onto cube1
coraplex_panda_demo_2026_08_02,2026-08-02 11:46:23.553494+00:00,884,3,cube3 onto cube2
coraplex_panda_demo_2026_08_02,2026-08-02 11:46:23.553494+00:00,885,1,cube1 onto cube0
coraplex_panda_demo_2026_08_02,2026-08-02 11:46:23.553494+00:00,885,2,cube2 onto cube1
coraplex_panda_demo_2026_08_02,2026-08-02 11:46:23.553494+00:00,885,3,cube3 onto cube2
coraplex_panda_demo_2026_08_02,2026-08-02 11:46:23.553494+00:00,887,1,cube1 onto cube0
coraplex_panda_demo_2026_08_02,2026-08-02 11:46:23.553494+00:00,887,2,cube2 onto cube1
coraplex_panda_demo_2026_08_02,2026-08-02 11:46:23.553494+00:00,887,3,cube3 onto cube2
coraplex_panda_demo_2026_08_02,2026-08-02 11:46:23.553494+00:00,888,1,cube1 onto cube0
coraplex_panda_demo_2026_08_02,2026-08-02 11:46:23.553494+00:00,888,2,cube2 onto cube1
coraplex_panda_demo_2026_08_02,2026-08-02 11:46:23.553494+00:00,888,3,cube3 onto cube2
coraplex_panda_demo_2026_08_02,2026-08-02 11:46:23.553494+00:00,889,1,cube1 onto cube0
coraplex_panda_demo_2026_08_02,2026-08-02 11:46:23.553494+00:00,889,2,cube2 onto cube1
coraplex_panda_demo_2026_08_02,2026-08-02 11:46:23.553494+00:00,889,3,cube3 onto cube2
coraplex_panda_demo_2026_08_02,2026-08-02 11:46:23.553494+00:00,890,1,cube1 onto cube0
coraplex_panda_demo_2026_08_02,2026-08-02 11:46:23.553494+00:00,890,2,cube2 onto cube1
coraplex_panda_demo_2026_08_02,2026-08-02 11:46:23.553494+00:00,890,3,cube3 onto cube2
coraplex_panda_demo_2026_08_02,2026-08-02 11:46:23.553494+00:00,891,1,cube1 onto cube0
coraplex_panda_demo_2026_08_02,2026-08-02 11:46:23.553494+00:00,891,2,cube2 onto cube1
coraplex_panda_demo_2026_08_02,2026-08-02 11:46:23.553494+00:00,891,3,cube3 onto cube2
coraplex_panda_demo_2026_08_02,2026-08-02 11:46:23.553494+00:00,892,1,cube1 onto cube0
coraplex_panda_demo_2026_08_02,2026-08-02 11:46:23.553494+00:00,892,2,cube2 onto cube1
coraplex_panda_demo_2026_08_02,2026-08-02 11:46:23.553494+00:00,892,3,cube3 onto cube2
coraplex_panda_demo_2026_08_02,2026-08-02 11:46:23.553494+00:00,893,1,cube1 onto cube0
coraplex_panda_demo_2026_08_02,2026-08-02 11:46:23.553494+00:00,893,2,cube2 onto cube1
coraplex_panda_demo_2026_08_02,2026-08-02 11:46:23.553494+00:00,893,3,cube3 onto cube2
coraplex_panda_demo_2026_08_02,2026-08-02 11:46:23.553494+00:00,894,1,cube1 onto cube0
coraplex_panda_demo_2026_08_02,2026-08-02 11:46:23.553494+00:00,894,2,cube2 onto cube1
coraplex_panda_demo_2026_08_02,2026-08-02 11:46:23.553494+00:00,894,3,cube3 onto cube2
coraplex_panda_demo_2026_08_02,2026-08-02 11:46:23.553494+00:00,895,1,cube1 onto cube0
coraplex_panda_demo_2026_08_02,2026-08-02 11:46:23.553494+00:00,895,2,cube2 onto cube1
coraplex_panda_demo_2026_08_02,2026-08-02 11:46:23.553494+00:00,895,3,cube3 onto cube2
coraplex_panda_demo_2026_08_02,2026-08-02 11:46:23.553494+00:00,896,1,cube1 onto cube0
coraplex_panda_demo_2026_08_02,2026-08-02 11:46:23.553494+00:00,896,2,cube2 onto cube1
coraplex_panda_demo_2026_08_02,2026-08-02 11:46:23.553494+00:00,896,3,cube3 onto cube2
coraplex_panda_demo_2026_08_02,2026-08-02 11:46:23.553494+00:00,897,1,cube1 onto cube0
coraplex_panda_demo_2026_08_02,2026-08-02 11:46:23.553494+00:00,897,2,cube2 onto cube1
coraplex_panda_demo_2026_08_02,2026-08-02 11:46:23.553494+00:00,897,3,cube3 onto cube2
coraplex_panda_demo_2026_08_02,2026-08-02 11:46:23.553494+00:00,898,1,cube1 onto cube0
coraplex_panda_demo_2026_08_02,2026-08-02 11:46:23.553494+00:00,898,2,cube2 onto cube1
coraplex_panda_demo_2026_08_02,2026-08-02 11:46:23.553494+00:00,898,3,cube3 onto cube2
coraplex_panda_demo_2026_08_02,2026-08-02 11:46:23.553494+00:00,899,1,cube1 onto cube0
coraplex_panda_demo_2026_08_02,2026-08-02 11:46:23.553494+00:00,899,2,cube2 onto cube1
coraplex_panda_demo_2026_08_02,2026-08-02 11:46:23.553494+00:00,899,3,cube3 onto cube2
coraplex_panda_demo_2026_08_02,2026-08-02 11:46:23.553494+00:00,902,1,cube1 onto cube0
coraplex_panda_demo_2026_08_02,2026-08-02 11:46:23.553494+00:00,902,2,cube2 onto cube1
coraplex_panda_demo_2026_08_02,2026-08-02 11:46:23.553494+00:00,902,3,cube3 onto cube2
coraplex_panda_demo_2026_08_02,2026-08-02 11:46:23.553494+00:00,903,1,cube1 onto cube0
coraplex_panda_demo_2026_08_02,2026-08-02 11:46:23.553494+00:00,903,2,cube2 onto cube1
coraplex_panda_demo_2026_08_02,2026-08-02 11:46:23.553494+00:00,903,3,cube3 onto cube2
coraplex_panda_demo_2026_08_02,2026-08-02 11:46:23.553494+00:00,905,1,cube1 onto cube0
coraplex_panda_demo_2026_08_02,2026-08-02 11:46:23.553494+00:00,905,2,cube2 onto cube1
coraplex_panda_demo_2026_08_02,2026-08-02 11:46:23.553494+00:00,905,3,cube3 onto cube2
coraplex_panda_demo_2026_08_02,2026-08-02 11:46:23.553494+00:00,906,1,cube1 onto cube0
coraplex_panda_demo_2026_08_02,2026-08-02 11:46:23.553494+00:00,906,2,cube2 onto cube1
coraplex_panda_demo_2026_08_02,2026-08-02 11:46:23.553494+00:00,906,3,cube3 onto cube2
coraplex_panda_demo_2026_08_02,2026-08-02 11:46:23.553494+00:00,907,1,cube1 onto cube0
coraplex_panda_demo_2026_08_02,2026-08-02 11:46:23.553494+00:00,907,2,cube2 onto cube1
coraplex_panda_demo_2026_08_02,2026-08-02 11:46:23.553494+00:00,907,3,cube3 onto cube2
coraplex_panda_demo_2026_08_02,2026-08-02 11:46:23.553494+00:00,908,1,cube1 onto cube0
coraplex_panda_demo_2026_08_02,2026-08-02 11:46:23.553494+00:00,908,2,cube2 onto cube1
coraplex_panda_demo_2026_08_02,2026-08-02 11:46:23.553494+00:00,908,3,cube3 onto cube2
coraplex_panda_demo_2026_08_02,2026-08-02 11:46:23.553494+00:00,909,1,cube1 onto cube0
coraplex_panda_demo_2026_08_02,2026-08-02 11:46:23.553494+00:00,909,2,cube2 onto cube1
coraplex_panda_demo_2026_08_02,2026-08-02 11:46:23.553494+00:00,909,3,cube3 onto cube2
