# Blender 5.2.2 LTS
# www.blender.org
mtllib anemometer_ok.mtl
o anemometer_ok
v -7.900000 0.535000 5.800000
v -7.900000 0.535000 5.980000
v -7.907500 0.537010 5.800000
v -7.907500 0.537010 5.980000
v -7.912991 0.542500 5.800000
v -7.912991 0.542500 5.980000
v -7.915000 0.550000 5.800000
v -7.915000 0.550000 5.980000
v -7.912991 0.557500 5.800000
v -7.912991 0.557500 5.980000
v -7.907500 0.562990 5.800000
v -7.907500 0.562990 5.980000
v -7.900000 0.565000 5.800000
v -7.900000 0.565000 5.980000
v -7.892500 0.562990 5.800000
v -7.892500 0.562990 5.980000
v -7.887010 0.557500 5.800000
v -7.887010 0.557500 5.980000
v -7.885000 0.550000 5.800000
v -7.885000 0.550000 5.980000
v -7.887010 0.542500 5.800000
v -7.887010 0.542500 5.980000
v -7.892500 0.537010 5.800000
v -7.892500 0.537010 5.980000
v -7.900000 0.550000 5.986000
v -7.740000 0.550000 5.986000
v -7.900000 0.553000 5.985196
v -7.740000 0.553000 5.985196
v -7.900000 0.555196 5.983000
v -7.740000 0.555196 5.983000
v -7.900000 0.556000 5.980000
v -7.740000 0.556000 5.980000
v -7.900000 0.555196 5.977000
v -7.740000 0.555196 5.977000
v -7.900000 0.553000 5.974804
v -7.740000 0.553000 5.974804
v -7.900000 0.550000 5.974000
v -7.740000 0.550000 5.974000
v -7.900000 0.547000 5.974804
v -7.740000 0.547000 5.974804
v -7.900000 0.544804 5.977000
v -7.740000 0.544804 5.977000
v -7.900000 0.544000 5.980000
v -7.740000 0.544000 5.980000
v -7.900000 0.544804 5.983000
v -7.740000 0.544804 5.983000
v -7.900000 0.547000 5.985196
v -7.740000 0.547000 5.985196
v -7.740000 0.550000 6.020000
v -7.740000 0.557804 6.019231
v -7.740000 0.572223 6.013259
v -7.740000 0.578284 6.008284
v -7.740000 0.586955 5.995307
v -7.740000 0.590000 5.980000
v -7.740000 0.583259 5.957777
v -7.740000 0.550000 5.940000
v -7.738477 0.557654 6.019231
v -7.737013 0.565013 6.016955
v -7.735664 0.571796 6.013259
v -7.734482 0.577741 6.008284
v -7.733511 0.582620 6.002223
v -7.732790 0.586245 5.995307
v -7.732346 0.588478 5.987803
v -7.732196 0.589231 5.980000
v -7.732346 0.588478 5.972197
v -7.732790 0.586245 5.964693
v -7.733511 0.582620 5.957777
v -7.734482 0.577741 5.951716
v -7.735664 0.571796 5.946741
v -7.737013 0.565013 5.943045
v -7.738477 0.557654 5.940769
v -7.737013 0.557210 6.019231
v -7.734142 0.564142 6.016955
v -7.731495 0.570531 6.013259
v -7.729176 0.576131 6.008284
v -7.727272 0.580727 6.002223
v -7.725858 0.584142 5.995307
v -7.724987 0.586245 5.987803
v -7.724692 0.586955 5.980000
v -7.724987 0.586245 5.972197
v -7.725858 0.584142 5.964693
v -7.727272 0.580727 5.957777
v -7.729176 0.576131 5.951716
v -7.731495 0.570531 5.946741
v -7.734142 0.564142 5.943045
v -7.737013 0.557210 5.940769
v -7.735664 0.556488 6.019231
v -7.731495 0.562728 6.016955
v -7.727654 0.568478 6.013259
v -7.724286 0.573518 6.008284
v -7.721522 0.577654 6.002223
v -7.719469 0.580727 5.995307
v -7.718204 0.582620 5.987803
v -7.717777 0.583259 5.980000
v -7.718204 0.582620 5.972197
v -7.719469 0.580727 5.964693
v -7.721522 0.577654 5.957777
v -7.724286 0.573518 5.951716
v -7.727654 0.568478 5.946741
v -7.731495 0.562728 5.943045
v -7.735664 0.556488 5.940769
v -7.734482 0.555518 6.019231
v -7.729176 0.560824 6.016955
v -7.724286 0.565714 6.013259
v -7.720000 0.570000 6.008284
v -7.716482 0.573518 6.002223
v -7.713869 0.576131 5.995307
v -7.712259 0.577741 5.987803
v -7.711716 0.578284 5.980000
v -7.712259 0.577741 5.972197
v -7.713869 0.576131 5.964693
v -7.716482 0.573518 5.957777
v -7.720000 0.570000 5.951716
v -7.724286 0.565714 5.946741
v -7.729176 0.560824 5.943045
v -7.734482 0.555518 5.940769
v -7.733511 0.554335 6.019231
v -7.727272 0.558504 6.016955
v -7.721522 0.562346 6.013259
v -7.716482 0.565714 6.008284
v -7.712346 0.568478 6.002223
v -7.709273 0.570531 5.995307
v -7.707380 0.571796 5.987803
v -7.706741 0.572223 5.980000
v -7.707380 0.571796 5.972197
v -7.709273 0.570531 5.964693
v -7.712346 0.568478 5.957777
v -7.716482 0.565714 5.951716
v -7.721522 0.562346 5.946741
v -7.727272 0.558504 5.943045
v -7.733511 0.554335 5.940769
v -7.732790 0.552986 6.019231
v -7.725858 0.555858 6.016955
v -7.719469 0.558504 6.013259
v -7.713869 0.560824 6.008284
v -7.709273 0.562728 6.002223
v -7.705858 0.564142 5.995307
v -7.703755 0.565013 5.987803
v -7.703044 0.565307 5.980000
v -7.703755 0.565013 5.972197
v -7.705858 0.564142 5.964693
v -7.709273 0.562728 5.957777
v -7.713869 0.560824 5.951716
v -7.719469 0.558504 5.946741
v -7.725858 0.555858 5.943045
v -7.732790 0.552986 5.940769
v -7.732346 0.551522 6.019231
v -7.724987 0.552986 6.016955
v -7.718204 0.554335 6.013259
v -7.712259 0.555518 6.008284
v -7.707380 0.556488 6.002223
v -7.703755 0.557210 5.995307
v -7.701522 0.557654 5.987803
v -7.700768 0.557804 5.980000
v -7.701522 0.557654 5.972197
v -7.703755 0.557210 5.964693
v -7.707380 0.556488 5.957777
v -7.712259 0.555518 5.951716
v -7.718204 0.554335 5.946741
v -7.724987 0.552986 5.943045
v -7.732346 0.551522 5.940769
v -7.732196 0.550000 6.019231
v -7.724692 0.550000 6.016955
v -7.717777 0.550000 6.013259
v -7.711716 0.550000 6.008284
v -7.706741 0.550000 6.002223
v -7.703044 0.550000 5.995307
v -7.700768 0.550000 5.987803
v -7.700000 0.550000 5.980000
v -7.700768 0.550000 5.972197
v -7.703044 0.550000 5.964693
v -7.706741 0.550000 5.957777
v -7.711716 0.550000 5.951716
v -7.717777 0.550000 5.946741
v -7.724692 0.550000 5.943045
v -7.732196 0.550000 5.940769
v -7.732346 0.548478 6.019231
v -7.724987 0.547014 6.016955
v -7.718204 0.545665 6.013259
v -7.712259 0.544482 6.008284
v -7.707380 0.543512 6.002223
v -7.703755 0.542790 5.995307
v -7.701522 0.542346 5.987803
v -7.700768 0.542196 5.980000
v -7.701522 0.542346 5.972197
v -7.703755 0.542790 5.964693
v -7.707380 0.543512 5.957777
v -7.712259 0.544482 5.951716
v -7.718204 0.545665 5.946741
v -7.724987 0.547014 5.943045
v -7.732346 0.548478 5.940769
v -7.732790 0.547014 6.019231
v -7.725858 0.544142 6.016955
v -7.719469 0.541496 6.013259
v -7.713869 0.539176 6.008284
v -7.709273 0.537272 6.002223
v -7.705858 0.535858 5.995307
v -7.703755 0.534987 5.987803
v -7.703044 0.534693 5.980000
v -7.703755 0.534987 5.972197
v -7.705858 0.535858 5.964693
v -7.709273 0.537272 5.957777
v -7.713869 0.539176 5.951716
v -7.719469 0.541496 5.946741
v -7.725858 0.544142 5.943045
v -7.732790 0.547014 5.940769
v -7.733511 0.545665 6.019231
v -7.727272 0.541496 6.016955
v -7.721522 0.537654 6.013259
v -7.716482 0.534286 6.008284
v -7.712346 0.531522 6.002223
v -7.709273 0.529469 5.995307
v -7.707380 0.528204 5.987803
v -7.706741 0.527777 5.980000
v -7.707380 0.528204 5.972197
v -7.709273 0.529469 5.964693
v -7.712346 0.531522 5.957777
v -7.716482 0.534286 5.951716
v -7.721522 0.537654 5.946741
v -7.727272 0.541496 5.943045
v -7.733511 0.545665 5.940769
v -7.734482 0.544482 6.019231
v -7.729176 0.539176 6.016955
v -7.724286 0.534286 6.013259
v -7.720000 0.530000 6.008284
v -7.716482 0.526483 6.002223
v -7.713869 0.523869 5.995307
v -7.712259 0.522259 5.987803
v -7.711716 0.521716 5.980000
v -7.712259 0.522259 5.972197
v -7.713869 0.523869 5.964693
v -7.716482 0.526483 5.957777
v -7.720000 0.530000 5.951716
v -7.724286 0.534286 5.946741
v -7.729176 0.539176 5.943045
v -7.734482 0.544482 5.940769
v -7.735664 0.543512 6.019231
v -7.731495 0.537272 6.016955
v -7.727654 0.531522 6.013259
v -7.724286 0.526483 6.008284
v -7.721522 0.522346 6.002223
v -7.719469 0.519273 5.995307
v -7.718204 0.517380 5.987803
v -7.717777 0.516741 5.980000
v -7.718204 0.517380 5.972197
v -7.719469 0.519273 5.964693
v -7.721522 0.522346 5.957777
v -7.724286 0.526483 5.951716
v -7.727654 0.531522 5.946741
v -7.731495 0.537272 5.943045
v -7.735664 0.543512 5.940769
v -7.737013 0.542790 6.019231
v -7.734142 0.535858 6.016955
v -7.731495 0.529469 6.013259
v -7.729176 0.523869 6.008284
v -7.727272 0.519273 6.002223
v -7.725858 0.515858 5.995307
v -7.724987 0.513755 5.987803
v -7.724692 0.513045 5.980000
v -7.724987 0.513755 5.972197
v -7.725858 0.515858 5.964693
v -7.727272 0.519273 5.957777
v -7.729176 0.523869 5.951716
v -7.731495 0.529469 5.946741
v -7.734142 0.535858 5.943045
v -7.737013 0.542790 5.940769
v -7.738477 0.542346 6.019231
v -7.737013 0.534987 6.016955
v -7.735664 0.528204 6.013259
v -7.734482 0.522259 6.008284
v -7.733511 0.517380 6.002223
v -7.732790 0.513755 5.995307
v -7.732346 0.511522 5.987803
v -7.732196 0.510769 5.980000
v -7.732346 0.511522 5.972197
v -7.732790 0.513755 5.964693
v -7.733511 0.517380 5.957777
v -7.734482 0.522259 5.951716
v -7.735664 0.528204 5.946741
v -7.737013 0.534987 5.943045
v -7.738477 0.542346 5.940769
v -7.740000 0.542196 6.019231
v -7.740000 0.534693 6.016955
v -7.740000 0.527777 6.013259
v -7.740000 0.521716 6.008284
v -7.740000 0.516741 6.002223
v -7.740000 0.513045 5.995307
v -7.740000 0.510769 5.987803
v -7.740000 0.510000 5.980000
v -7.740000 0.510769 5.972197
v -7.740000 0.513045 5.964693
v -7.740000 0.516741 5.957777
v -7.740000 0.521716 5.951716
v -7.740000 0.527777 5.946741
v -7.740000 0.534693 5.943045
v -7.740000 0.542196 5.940769
v -7.741522 0.542346 6.019231
v -7.742986 0.534987 6.016955
v -7.744335 0.528204 6.013259
v -7.745518 0.522259 6.008284
v -7.746488 0.517380 6.002223
v -7.747210 0.513755 5.995307
v -7.747653 0.511522 5.987803
v -7.747803 0.510769 5.980000
v -7.747653 0.511522 5.972197
v -7.747210 0.513755 5.964693
v -7.746488 0.517380 5.957777
v -7.745518 0.522259 5.951716
v -7.744335 0.528204 5.946741
v -7.742986 0.534987 5.943045
v -7.741522 0.542346 5.940769
v -7.742986 0.542790 6.019231
v -7.745858 0.535858 6.016955
v -7.748504 0.529469 6.013259
v -7.750823 0.523869 6.008284
v -7.752728 0.519273 6.002223
v -7.754142 0.515858 5.995307
v -7.755013 0.513755 5.987803
v -7.755307 0.513045 5.980000
v -7.755013 0.513755 5.972197
v -7.754142 0.515858 5.964693
v -7.752728 0.519273 5.957777
v -7.750823 0.523869 5.951716
v -7.748504 0.529469 5.946741
v -7.745858 0.535858 5.943045
v -7.742986 0.542790 5.940769
v -7.744335 0.543512 6.019231
v -7.748504 0.537272 6.016955
v -7.752346 0.531522 6.013259
v -7.755713 0.526483 6.008284
v -7.758477 0.522346 6.002223
v -7.760531 0.519273 5.995307
v -7.761796 0.517380 5.987803
v -7.762223 0.516741 5.980000
v -7.761796 0.517380 5.972197
v -7.760531 0.519273 5.964693
v -7.758477 0.522346 5.957777
v -7.755713 0.526483 5.951716
v -7.752346 0.531522 5.946741
v -7.748504 0.537272 5.943045
v -7.744335 0.543512 5.940769
v -7.745518 0.544482 6.019231
v -7.750823 0.539176 6.016955
v -7.755713 0.534286 6.013259
v -7.760000 0.530000 6.008284
v -7.763517 0.526483 6.002223
v -7.766131 0.523869 5.995307
v -7.767741 0.522259 5.987803
v -7.768284 0.521716 5.980000
v -7.767741 0.522259 5.972197
v -7.766131 0.523869 5.964693
v -7.763517 0.526483 5.957777
v -7.760000 0.530000 5.951716
v -7.755713 0.534286 5.946741
v -7.750823 0.539176 5.943045
v -7.745518 0.544482 5.940769
v -7.746488 0.545665 6.019231
v -7.752728 0.541496 6.016955
v -7.758477 0.537654 6.013259
v -7.763517 0.534286 6.008284
v -7.767653 0.531522 6.002223
v -7.770727 0.529469 5.995307
v -7.772620 0.528204 5.987803
v -7.773259 0.527777 5.980000
v -7.772620 0.528204 5.972197
v -7.770727 0.529469 5.964693
v -7.767653 0.531522 5.957777
v -7.763517 0.534286 5.951716
v -7.758477 0.537654 5.946741
v -7.752728 0.541496 5.943045
v -7.746488 0.545665 5.940769
v -7.747210 0.547014 6.019231
v -7.754142 0.544142 6.016955
v -7.760531 0.541496 6.013259
v -7.766131 0.539176 6.008284
v -7.770727 0.537272 6.002223
v -7.774142 0.535858 5.995307
v -7.776245 0.534987 5.987803
v -7.776955 0.534693 5.980000
v -7.776245 0.534987 5.972197
v -7.774142 0.535858 5.964693
v -7.770727 0.537272 5.957777
v -7.766131 0.539176 5.951716
v -7.760531 0.541496 5.946741
v -7.754142 0.544142 5.943045
v -7.747210 0.547014 5.940769
v -7.747653 0.548478 6.019231
v -7.755013 0.547014 6.016955
v -7.761796 0.545665 6.013259
v -7.767741 0.544482 6.008284
v -7.772619 0.543512 6.002223
v -7.776245 0.542790 5.995307
v -7.778477 0.542346 5.987803
v -7.779231 0.542196 5.980000
v -7.778477 0.542346 5.972197
v -7.776245 0.542790 5.964693
v -7.772619 0.543512 5.957777
v -7.767741 0.544482 5.951716
v -7.761796 0.545665 5.946741
v -7.755013 0.547014 5.943045
v -7.747653 0.548478 5.940769
v -7.747803 0.550000 6.019231
v -7.755307 0.550000 6.016955
v -7.762223 0.550000 6.013259
v -7.768284 0.550000 6.008284
v -7.773259 0.550000 6.002223
v -7.776955 0.550000 5.995307
v -7.779231 0.550000 5.987803
v -7.780000 0.550000 5.980000
v -7.779231 0.550000 5.972197
v -7.776955 0.550000 5.964693
v -7.773259 0.550000 5.957777
v -7.768284 0.550000 5.951716
v -7.762223 0.550000 5.946741
v -7.755307 0.550000 5.943045
v -7.747803 0.550000 5.940769
v -7.747653 0.551522 6.019231
v -7.755013 0.552986 6.016955
v -7.761796 0.554335 6.013259
v -7.767741 0.555518 6.008284
v -7.772619 0.556488 6.002223
v -7.776245 0.557210 5.995307
v -7.778477 0.557654 5.987803
v -7.779231 0.557804 5.980000
v -7.778477 0.557654 5.972197
v -7.776245 0.557210 5.964693
v -7.772619 0.556488 5.957777
v -7.767741 0.555518 5.951716
v -7.761796 0.554335 5.946741
v -7.755013 0.552986 5.943045
v -7.747653 0.551522 5.940769
v -7.747210 0.552986 6.019231
v -7.754142 0.555858 6.016955
v -7.760531 0.558504 6.013259
v -7.766131 0.560824 6.008284
v -7.770727 0.562728 6.002223
v -7.774142 0.564142 5.995307
v -7.776245 0.565013 5.987803
v -7.776955 0.565307 5.980000
v -7.776245 0.565013 5.972197
v -7.774142 0.564142 5.964693
v -7.770727 0.562728 5.957777
v -7.766131 0.560824 5.951716
v -7.760531 0.558504 5.946741
v -7.754142 0.555858 5.943045
v -7.747210 0.552986 5.940769
v -7.746488 0.554335 6.019231
v -7.752728 0.558504 6.016955
v -7.758477 0.562346 6.013259
v -7.763517 0.565714 6.008284
v -7.767653 0.568478 6.002223
v -7.770727 0.570531 5.995307
v -7.772620 0.571796 5.987803
v -7.773259 0.572223 5.980000
v -7.772620 0.571796 5.972197
v -7.770727 0.570531 5.964693
v -7.767653 0.568478 5.957777
v -7.763517 0.565714 5.951716
v -7.758477 0.562346 5.946741
v -7.752728 0.558504 5.943045
v -7.746488 0.554335 5.940769
v -7.745518 0.555518 6.019231
v -7.750823 0.560824 6.016955
v -7.755713 0.565714 6.013259
v -7.760000 0.570000 6.008284
v -7.763517 0.573518 6.002223
v -7.766131 0.576131 5.995307
v -7.767741 0.577741 5.987803
v -7.768284 0.578284 5.980000
v -7.767741 0.577741 5.972197
v -7.766131 0.576131 5.964693
v -7.763517 0.573518 5.957777
v -7.760000 0.570000 5.951716
v -7.755713 0.565714 5.946741
v -7.750823 0.560824 5.943045
v -7.745518 0.555518 5.940769
v -7.744335 0.556488 6.019231
v -7.748504 0.562728 6.016955
v -7.752346 0.568478 6.013259
v -7.755713 0.573518 6.008284
v -7.758477 0.577654 6.002223
v -7.760531 0.580727 5.995307
v -7.761796 0.582620 5.987803
v -7.762223 0.583259 5.980000
v -7.761796 0.582620 5.972197
v -7.760531 0.580727 5.964693
v -7.758477 0.577654 5.957777
v -7.755713 0.573518 5.951716
v -7.752346 0.568478 5.946741
v -7.748504 0.562728 5.943045
v -7.744335 0.556488 5.940769
v -7.742986 0.557210 6.019231
v -7.745858 0.564142 6.016955
v -7.748504 0.570531 6.013259
v -7.750823 0.576131 6.008284
v -7.752728 0.580727 6.002223
v -7.754142 0.584142 5.995307
v -7.755013 0.586245 5.987803
v -7.755307 0.586955 5.980000
v -7.755013 0.586245 5.972197
v -7.754142 0.584142 5.964693
v -7.752728 0.580727 5.957777
v -7.750823 0.576131 5.951716
v -7.748504 0.570531 5.946741
v -7.745858 0.564142 5.943045
v -7.742986 0.557210 5.940769
v -7.741522 0.557654 6.019231
v -7.742986 0.565013 6.016955
v -7.744335 0.571796 6.013259
v -7.745518 0.577741 6.008284
v -7.746488 0.582620 6.002223
v -7.747210 0.586245 5.995307
v -7.747653 0.588478 5.987803
v -7.747803 0.589231 5.980000
v -7.747653 0.588478 5.972197
v -7.747210 0.586245 5.964693
v -7.746488 0.582620 5.957777
v -7.745518 0.577741 5.951716
v -7.744335 0.571796 5.946741
v -7.742986 0.565013 5.943045
v -7.741522 0.557654 5.940769
v -7.740000 0.565307 6.016955
v -7.740000 0.583259 6.002223
v -7.740000 0.589231 5.987803
v -7.740000 0.589231 5.972197
v -7.740000 0.586955 5.964693
v -7.740000 0.578284 5.951716
v -7.740000 0.572223 5.946741
v -7.740000 0.565307 5.943045
v -7.740000 0.557804 5.940769
v -7.900000 0.550000 5.986000
v -7.980000 0.688564 5.986000
v -7.902598 0.548500 5.985196
v -7.982598 0.687064 5.985196
v -7.904500 0.547402 5.983000
v -7.984500 0.685966 5.983000
v -7.905196 0.547000 5.980000
v -7.985196 0.685564 5.980000
v -7.904500 0.547402 5.977000
v -7.984500 0.685966 5.977000
v -7.902598 0.548500 5.974804
v -7.982598 0.687064 5.974804
v -7.900000 0.550000 5.974000
v -7.980000 0.688564 5.974000
v -7.897402 0.551500 5.974804
v -7.977402 0.690064 5.974804
v -7.895500 0.552598 5.977000
v -7.975500 0.691162 5.977000
v -7.894804 0.553000 5.980000
v -7.974804 0.691564 5.980000
v -7.895500 0.552598 5.983000
v -7.975500 0.691162 5.983000
v -7.897402 0.551500 5.985196
v -7.977402 0.690064 5.985196
v -7.980000 0.688564 6.020000
v -7.980000 0.696368 6.019231
v -7.980000 0.710787 6.013259
v -7.980000 0.716848 6.008284
v -7.980000 0.725519 5.995307
v -7.980000 0.728564 5.980000
v -7.980000 0.721823 5.957777
v -7.980000 0.688564 5.940000
v -7.978477 0.696218 6.019231
v -7.977014 0.703577 6.016955
v -7.975665 0.710360 6.013259
v -7.974482 0.716305 6.008284
v -7.973512 0.721184 6.002223
v -7.972790 0.724809 5.995307
v -7.972346 0.727042 5.987803
v -7.972197 0.727795 5.980000
v -7.972346 0.727042 5.972197
v -7.972790 0.724809 5.964693
v -7.973512 0.721184 5.957777
v -7.974482 0.716305 5.951716
v -7.975665 0.710360 5.946741
v -7.977014 0.703577 5.943045
v -7.978477 0.696218 5.940769
v -7.977014 0.695774 6.019231
v -7.974142 0.702706 6.016955
v -7.971496 0.709095 6.013259
v -7.969176 0.714695 6.008284
v -7.967272 0.719291 6.002223
v -7.965858 0.722706 5.995307
v -7.964987 0.724809 5.987803
v -7.964693 0.725519 5.980000
v -7.964987 0.724809 5.972197
v -7.965858 0.722706 5.964693
v -7.967272 0.719291 5.957777
v -7.969176 0.714695 5.951716
v -7.971496 0.709095 5.946741
v -7.974142 0.702706 5.943045
v -7.977014 0.695774 5.940769
v -7.975665 0.695053 6.019231
v -7.971496 0.701292 6.016955
v -7.967654 0.707042 6.013259
v -7.964286 0.712082 6.008284
v -7.961523 0.716218 6.002223
v -7.959469 0.719291 5.995307
v -7.958204 0.721184 5.987803
v -7.957777 0.721823 5.980000
v -7.958204 0.721184 5.972197
v -7.959469 0.719291 5.964693
v -7.961523 0.716218 5.957777
v -7.964286 0.712082 5.951716
v -7.967654 0.707042 5.946741
v -7.971496 0.701292 5.943045
v -7.975665 0.695053 5.940769
v -7.974482 0.694082 6.019231
v -7.969176 0.699388 6.016955
v -7.964286 0.704278 6.013259
v -7.960000 0.708564 6.008284
v -7.956482 0.712082 6.002223
v -7.953869 0.714695 5.995307
v -7.952259 0.716305 5.987803
v -7.951716 0.716848 5.980000
v -7.952259 0.716305 5.972197
v -7.953869 0.714695 5.964693
v -7.956482 0.712082 5.957777
v -7.960000 0.708564 5.951716
v -7.964286 0.704278 5.946741
v -7.969176 0.699388 5.943045
v -7.974482 0.694082 5.940769
v -7.973512 0.692900 6.019231
v -7.967272 0.697068 6.016955
v -7.961523 0.700910 6.013259
v -7.956482 0.704278 6.008284
v -7.952346 0.707042 6.002223
v -7.949273 0.709095 5.995307
v -7.947380 0.710360 5.987803
v -7.946741 0.710787 5.980000
v -7.947380 0.710360 5.972197
v -7.949273 0.709095 5.964693
v -7.952346 0.707042 5.957777
v -7.956482 0.704278 5.951716
v -7.961523 0.700910 5.946741
v -7.967272 0.697068 5.943045
v -7.973512 0.692900 5.940769
v -7.972790 0.691550 6.019231
v -7.965858 0.694422 6.016955
v -7.959469 0.697068 6.013259
v -7.953869 0.699388 6.008284
v -7.949273 0.701292 6.002223
v -7.945858 0.702706 5.995307
v -7.943755 0.703577 5.987803
v -7.943045 0.703871 5.980000
v -7.943755 0.703577 5.972197
v -7.945858 0.702706 5.964693
v -7.949273 0.701292 5.957777
v -7.953869 0.699388 5.951716
v -7.959469 0.697068 5.946741
v -7.965858 0.694422 5.943045
v -7.972790 0.691550 5.940769
v -7.972346 0.690086 6.019231
v -7.964987 0.691550 6.016955
v -7.958204 0.692900 6.013259
v -7.952259 0.694082 6.008284
v -7.947380 0.695053 6.002223
v -7.943755 0.695774 5.995307
v -7.941523 0.696218 5.987803
v -7.940769 0.696368 5.980000
v -7.941523 0.696218 5.972197
v -7.943755 0.695774 5.964693
v -7.947380 0.695053 5.957777
v -7.952259 0.694082 5.951716
v -7.958204 0.692900 5.946741
v -7.964987 0.691550 5.943045
v -7.972346 0.690086 5.940769
v -7.972197 0.688564 6.019231
v -7.964693 0.688564 6.016955
v -7.957777 0.688564 6.013259
v -7.951716 0.688564 6.008284
v -7.946741 0.688564 6.002223
v -7.943045 0.688564 5.995307
v -7.940769 0.688564 5.987803
v -7.940000 0.688564 5.980000
v -7.940769 0.688564 5.972197
v -7.943045 0.688564 5.964693
v -7.946741 0.688564 5.957777
v -7.951716 0.688564 5.951716
v -7.957777 0.688564 5.946741
v -7.964693 0.688564 5.943045
v -7.972197 0.688564 5.940769
v -7.972346 0.687042 6.019231
v -7.964987 0.685578 6.016955
v -7.958204 0.684229 6.013259
v -7.952259 0.683046 6.008284
v -7.947380 0.682076 6.002223
v -7.943755 0.681354 5.995307
v -7.941523 0.680910 5.987803
v -7.940769 0.680760 5.980000
v -7.941523 0.680910 5.972197
v -7.943755 0.681354 5.964693
v -7.947380 0.682076 5.957777
v -7.952259 0.683046 5.951716
v -7.958204 0.684229 5.946741
v -7.964987 0.685578 5.943045
v -7.972346 0.687042 5.940769
v -7.972790 0.685578 6.019231
v -7.965858 0.682706 6.016955
v -7.959469 0.680060 6.013259
v -7.953869 0.677740 6.008284
v -7.949273 0.675837 6.002223
v -7.945858 0.674422 5.995307
v -7.943755 0.673551 5.987803
v -7.943045 0.673257 5.980000
v -7.943755 0.673551 5.972197
v -7.945858 0.674422 5.964693
v -7.949273 0.675837 5.957777
v -7.953869 0.677740 5.951716
v -7.959469 0.680060 5.946741
v -7.965858 0.682706 5.943045
v -7.972790 0.685578 5.940769
v -7.973512 0.684229 6.019231
v -7.967272 0.680060 6.016955
v -7.961523 0.676218 6.013259
v -7.956482 0.672850 6.008284
v -7.952346 0.670087 6.002223
v -7.949273 0.668033 5.995307
v -7.947380 0.666768 5.987803
v -7.946741 0.666341 5.980000
v -7.947380 0.666768 5.972197
v -7.949273 0.668033 5.964693
v -7.952346 0.670087 5.957777
v -7.956482 0.672850 5.951716
v -7.961523 0.676218 5.946741
v -7.967272 0.680060 5.943045
v -7.973512 0.684229 5.940769
v -7.974482 0.683046 6.019231
v -7.969176 0.677740 6.016955
v -7.964286 0.672850 6.013259
v -7.960000 0.668564 6.008284
v -7.956482 0.665047 6.002223
v -7.953869 0.662433 5.995307
v -7.952259 0.660823 5.987803
v -7.951716 0.660280 5.980000
v -7.952259 0.660823 5.972197
v -7.953869 0.662433 5.964693
v -7.956482 0.665047 5.957777
v -7.960000 0.668564 5.951716
v -7.964286 0.672850 5.946741
v -7.969176 0.677740 5.943045
v -7.974482 0.683046 5.940769
v -7.975665 0.682076 6.019231
v -7.971496 0.675837 6.016955
v -7.967654 0.670087 6.013259
v -7.964286 0.665047 6.008284
v -7.961523 0.660910 6.002223
v -7.959469 0.657837 5.995307
v -7.958204 0.655944 5.987803
v -7.957777 0.655305 5.980000
v -7.958204 0.655944 5.972197
v -7.959469 0.657837 5.964693
v -7.961523 0.660910 5.957777
v -7.964286 0.665047 5.951716
v -7.967654 0.670087 5.946741
v -7.971496 0.675837 5.943045
v -7.975665 0.682076 5.940769
v -7.977014 0.681354 6.019231
v -7.974142 0.674422 6.016955
v -7.971496 0.668033 6.013259
v -7.969176 0.662433 6.008284
v -7.967272 0.657837 6.002223
v -7.965858 0.654422 5.995307
v -7.964987 0.652319 5.987803
v -7.964693 0.651609 5.980000
v -7.964987 0.652319 5.972197
v -7.965858 0.654422 5.964693
v -7.967272 0.657837 5.957777
v -7.969176 0.662433 5.951716
v -7.971496 0.668033 5.946741
v -7.974142 0.674422 5.943045
v -7.977014 0.681354 5.940769
v -7.978477 0.680910 6.019231
v -7.977014 0.673551 6.016955
v -7.975665 0.666768 6.013259
v -7.974482 0.660823 6.008284
v -7.973512 0.655944 6.002223
v -7.972790 0.652319 5.995307
v -7.972346 0.650086 5.987803
v -7.972197 0.649333 5.980000
v -7.972346 0.650086 5.972197
v -7.972790 0.652319 5.964693
v -7.973512 0.655944 5.957777
v -7.974482 0.660823 5.951716
v -7.975665 0.666768 5.946741
v -7.977014 0.673551 5.943045
v -7.978477 0.680910 5.940769
v -7.980000 0.680760 6.019231
v -7.980000 0.673257 6.016955
v -7.980000 0.666341 6.013259
v -7.980000 0.660280 6.008284
v -7.980000 0.655305 6.002223
v -7.980000 0.651609 5.995307
v -7.980000 0.649333 5.987803
v -7.980000 0.648564 5.980000
v -7.980000 0.649333 5.972197
v -7.980000 0.651609 5.964693
v -7.980000 0.655305 5.957777
v -7.980000 0.660280 5.951716
v -7.980000 0.666341 5.946741
v -7.980000 0.673257 5.943045
v -7.980000 0.680760 5.940769
v -7.981523 0.680910 6.019231
v -7.982986 0.673551 6.016955
v -7.984335 0.666768 6.013259
v -7.985518 0.660823 6.008284
v -7.986488 0.655944 6.002223
v -7.987210 0.652319 5.995307
v -7.987654 0.650086 5.987803
v -7.987803 0.649333 5.980000
v -7.987654 0.650086 5.972197
v -7.987210 0.652319 5.964693
v -7.986488 0.655944 5.957777
v -7.985518 0.660823 5.951716
v -7.984335 0.666768 5.946741
v -7.982986 0.673551 5.943045
v -7.981523 0.680910 5.940769
v -7.982986 0.681354 6.019231
v -7.985858 0.674422 6.016955
v -7.988504 0.668033 6.013259
v -7.990824 0.662433 6.008284
v -7.992728 0.657837 6.002223
v -7.994142 0.654422 5.995307
v -7.995013 0.652319 5.987803
v -7.995307 0.651609 5.980000
v -7.995013 0.652319 5.972197
v -7.994142 0.654422 5.964693
v -7.992728 0.657837 5.957777
v -7.990824 0.662433 5.951716
v -7.988504 0.668033 5.946741
v -7.985858 0.674422 5.943045
v -7.982986 0.681354 5.940769
v -7.984335 0.682076 6.019231
v -7.988504 0.675837 6.016955
v -7.992346 0.670087 6.013259
v -7.995714 0.665047 6.008284
v -7.998477 0.660910 6.002223
v -8.000531 0.657837 5.995307
v -8.001796 0.655944 5.987803
v -8.002223 0.655305 5.980000
v -8.001796 0.655944 5.972197
v -8.000531 0.657837 5.964693
v -7.998477 0.660910 5.957777
v -7.995714 0.665047 5.951716
v -7.992346 0.670087 5.946741
v -7.988504 0.675837 5.943045
v -7.984335 0.682076 5.940769
v -7.985518 0.683046 6.019231
v -7.990824 0.677740 6.016955
v -7.995714 0.672850 6.013259
v -8.000000 0.668564 6.008284
v -8.003517 0.665047 6.002223
v -8.006131 0.662433 5.995307
v -8.007741 0.660823 5.987803
v -8.008285 0.660280 5.980000
v -8.007741 0.660823 5.972197
v -8.006131 0.662433 5.964693
v -8.003517 0.665047 5.957777
v -8.000000 0.668564 5.951716
v -7.995714 0.672850 5.946741
v -7.990824 0.677740 5.943045
v -7.985518 0.683046 5.940769
v -7.986488 0.684229 6.019231
v -7.992728 0.680060 6.016955
v -7.998477 0.676218 6.013259
v -8.003517 0.672850 6.008284
v -8.007653 0.670087 6.002223
v -8.010727 0.668033 5.995307
v -8.012620 0.666768 5.987803
v -8.013259 0.666341 5.980000
v -8.012620 0.666768 5.972197
v -8.010727 0.668033 5.964693
v -8.007653 0.670087 5.957777
v -8.003517 0.672850 5.951716
v -7.998477 0.676218 5.946741
v -7.992728 0.680060 5.943045
v -7.986488 0.684229 5.940769
v -7.987210 0.685578 6.019231
v -7.994142 0.682706 6.016955
v -8.000531 0.680060 6.013259
v -8.006131 0.677740 6.008284
v -8.010727 0.675837 6.002223
v -8.014142 0.674422 5.995307
v -8.016245 0.673551 5.987803
v -8.016955 0.673257 5.980000
v -8.016245 0.673551 5.972197
v -8.014142 0.674422 5.964693
v -8.010727 0.675837 5.957777
v -8.006131 0.677740 5.951716
v -8.000531 0.680060 5.946741
v -7.994142 0.682706 5.943045
v -7.987210 0.685578 5.940769
v -7.987654 0.687042 6.019231
v -7.995013 0.685578 6.016955
v -8.001796 0.684229 6.013259
v -8.007741 0.683046 6.008284
v -8.012620 0.682076 6.002223
v -8.016245 0.681354 5.995307
v -8.018477 0.680910 5.987803
v -8.019232 0.680760 5.980000
v -8.018477 0.680910 5.972197
v -8.016245 0.681354 5.964693
v -8.012620 0.682076 5.957777
v -8.007741 0.683046 5.951716
v -8.001796 0.684229 5.946741
v -7.995013 0.685578 5.943045
v -7.987654 0.687042 5.940769
v -7.987803 0.688564 6.019231
v -7.995307 0.688564 6.016955
v -8.002223 0.688564 6.013259
v -8.008285 0.688564 6.008284
v -8.013259 0.688564 6.002223
v -8.016955 0.688564 5.995307
v -8.019232 0.688564 5.987803
v -8.020000 0.688564 5.980000
v -8.019232 0.688564 5.972197
v -8.016955 0.688564 5.964693
v -8.013259 0.688564 5.957777
v -8.008285 0.688564 5.951716
v -8.002223 0.688564 5.946741
v -7.995307 0.688564 5.943045
v -7.987803 0.688564 5.940769
v -7.987654 0.690086 6.019231
v -7.995013 0.691550 6.016955
v -8.001796 0.692900 6.013259
v -8.007741 0.694082 6.008284
v -8.012620 0.695053 6.002223
v -8.016245 0.695774 5.995307
v -8.018477 0.696218 5.987803
v -8.019232 0.696368 5.980000
v -8.018477 0.696218 5.972197
v -8.016245 0.695774 5.964693
v -8.012620 0.695053 5.957777
v -8.007741 0.694082 5.951716
v -8.001796 0.692900 5.946741
v -7.995013 0.691550 5.943045
v -7.987654 0.690086 5.940769
v -7.987210 0.691550 6.019231
v -7.994142 0.694422 6.016955
v -8.000531 0.697068 6.013259
v -8.006131 0.699388 6.008284
v -8.010727 0.701292 6.002223
v -8.014142 0.702706 5.995307
v -8.016245 0.703577 5.987803
v -8.016955 0.703871 5.980000
v -8.016245 0.703577 5.972197
v -8.014142 0.702706 5.964693
v -8.010727 0.701292 5.957777
v -8.006131 0.699388 5.951716
v -8.000531 0.697068 5.946741
v -7.994142 0.694422 5.943045
v -7.987210 0.691550 5.940769
v -7.986488 0.692900 6.019231
v -7.992728 0.697068 6.016955
v -7.998477 0.700910 6.013259
v -8.003517 0.704278 6.008284
v -8.007653 0.707042 6.002223
v -8.010727 0.709095 5.995307
v -8.012620 0.710360 5.987803
v -8.013259 0.710787 5.980000
v -8.012620 0.710360 5.972197
v -8.010727 0.709095 5.964693
v -8.007653 0.707042 5.957777
v -8.003517 0.704278 5.951716
v -7.998477 0.700910 5.946741
v -7.992728 0.697068 5.943045
v -7.986488 0.692900 5.940769
v -7.985518 0.694082 6.019231
v -7.990824 0.699388 6.016955
v -7.995714 0.704278 6.013259
v -8.000000 0.708564 6.008284
v -8.003517 0.712082 6.002223
v -8.006131 0.714695 5.995307
v -8.007741 0.716305 5.987803
v -8.008285 0.716848 5.980000
v -8.007741 0.716305 5.972197
v -8.006131 0.714695 5.964693
v -8.003517 0.712082 5.957777
v -8.000000 0.708564 5.951716
v -7.995714 0.704278 5.946741
v -7.990824 0.699388 5.943045
v -7.985518 0.694082 5.940769
v -7.984335 0.695053 6.019231
v -7.988504 0.701292 6.016955
v -7.992346 0.707042 6.013259
v -7.995714 0.712082 6.008284
v -7.998477 0.716218 6.002223
v -8.000531 0.719291 5.995307
v -8.001796 0.721184 5.987803
v -8.002223 0.721823 5.980000
v -8.001796 0.721184 5.972197
v -8.000531 0.719291 5.964693
v -7.998477 0.716218 5.957777
v -7.995714 0.712082 5.951716
v -7.992346 0.707042 5.946741
v -7.988504 0.701292 5.943045
v -7.984335 0.695053 5.940769
v -7.982986 0.695774 6.019231
v -7.985858 0.702706 6.016955
v -7.988504 0.709095 6.013259
v -7.990824 0.714695 6.008284
v -7.992728 0.719291 6.002223
v -7.994142 0.722706 5.995307
v -7.995013 0.724809 5.987803
v -7.995307 0.725519 5.980000
v -7.995013 0.724809 5.972197
v -7.994142 0.722706 5.964693
v -7.992728 0.719291 5.957777
v -7.990824 0.714695 5.951716
v -7.988504 0.709095 5.946741
v -7.985858 0.702706 5.943045
v -7.982986 0.695774 5.940769
v -7.981523 0.696218 6.019231
v -7.982986 0.703577 6.016955
v -7.984335 0.710360 6.013259
v -7.985518 0.716305 6.008284
v -7.986488 0.721184 6.002223
v -7.987210 0.724809 5.995307
v -7.987654 0.727042 5.987803
v -7.987803 0.727795 5.980000
v -7.987654 0.727042 5.972197
v -7.987210 0.724809 5.964693
v -7.986488 0.721184 5.957777
v -7.985518 0.716305 5.951716
v -7.984335 0.710360 5.946741
v -7.982986 0.703577 5.943045
v -7.981523 0.696218 5.940769
v -7.980000 0.703871 6.016955
v -7.980000 0.721823 6.002223
v -7.980000 0.727795 5.987803
v -7.980000 0.727795 5.972197
v -7.980000 0.725519 5.964693
v -7.980000 0.716848 5.951716
v -7.980000 0.710787 5.946741
v -7.980000 0.703871 5.943045
v -7.980000 0.696368 5.940769
v -7.900000 0.550000 5.986000
v -7.980000 0.411436 5.986000
v -7.897402 0.548500 5.985196
v -7.977402 0.409936 5.985196
v -7.895500 0.547402 5.983000
v -7.975500 0.408838 5.983000
v -7.894804 0.547000 5.980000
v -7.974804 0.408436 5.980000
v -7.895500 0.547402 5.977000
v -7.975500 0.408838 5.977000
v -7.897402 0.548500 5.974804
v -7.977402 0.409936 5.974804
v -7.900000 0.550000 5.974000
v -7.980000 0.411436 5.974000
v -7.902598 0.551500 5.974804
v -7.982598 0.412936 5.974804
v -7.904500 0.552598 5.977000
v -7.984500 0.414034 5.977000
v -7.905196 0.553000 5.980000
v -7.985196 0.414436 5.980000
v -7.904500 0.552598 5.983000
v -7.984500 0.414034 5.983000
v -7.902598 0.551500 5.985196
v -7.982598 0.412936 5.985196
v -7.980000 0.411436 6.020000
v -7.980000 0.419240 6.019231
v -7.980000 0.433659 6.013259
v -7.980000 0.439720 6.008284
v -7.980000 0.448391 5.995307
v -7.980000 0.451436 5.980000
v -7.980000 0.444695 5.957777
v -7.980000 0.411436 5.940000
v -7.978477 0.419090 6.019231
v -7.977014 0.426449 6.016955
v -7.975665 0.433232 6.013259
v -7.974482 0.439177 6.008284
v -7.973512 0.444056 6.002223
v -7.972790 0.447681 5.995307
v -7.972346 0.449914 5.987803
v -7.972197 0.450667 5.980000
v -7.972346 0.449914 5.972197
v -7.972790 0.447681 5.964693
v -7.973512 0.444056 5.957777
v -7.974482 0.439177 5.951716
v -7.975665 0.433232 5.946741
v -7.977014 0.426449 5.943045
v -7.978477 0.419090 5.940769
v -7.977014 0.418646 6.019231
v -7.974142 0.425578 6.016955
v -7.971496 0.431967 6.013259
v -7.969176 0.437567 6.008284
v -7.967272 0.442163 6.002223
v -7.965858 0.445578 5.995307
v -7.964987 0.447681 5.987803
v -7.964693 0.448391 5.980000
v -7.964987 0.447681 5.972197
v -7.965858 0.445578 5.964693
v -7.967272 0.442163 5.957777
v -7.969176 0.437567 5.951716
v -7.971496 0.431967 5.946741
v -7.974142 0.425578 5.943045
v -7.977014 0.418646 5.940769
v -7.975665 0.417924 6.019231
v -7.971496 0.424164 6.016955
v -7.967654 0.429914 6.013259
v -7.964286 0.434953 6.008284
v -7.961523 0.439090 6.002223
v -7.959469 0.442163 5.995307
v -7.958204 0.444056 5.987803
v -7.957777 0.444695 5.980000
v -7.958204 0.444056 5.972197
v -7.959469 0.442163 5.964693
v -7.961523 0.439090 5.957777
v -7.964286 0.434953 5.951716
v -7.967654 0.429914 5.946741
v -7.971496 0.424164 5.943045
v -7.975665 0.417924 5.940769
v -7.974482 0.416954 6.019231
v -7.969176 0.422260 6.016955
v -7.964286 0.427150 6.013259
v -7.960000 0.431436 6.008284
v -7.956482 0.434953 6.002223
v -7.953869 0.437567 5.995307
v -7.952259 0.439177 5.987803
v -7.951716 0.439720 5.980000
v -7.952259 0.439177 5.972197
v -7.953869 0.437567 5.964693
v -7.956482 0.434953 5.957777
v -7.960000 0.431436 5.951716
v -7.964286 0.427150 5.946741
v -7.969176 0.422260 5.943045
v -7.974482 0.416954 5.940769
v -7.973512 0.415771 6.019231
v -7.967272 0.419940 6.016955
v -7.961523 0.423782 6.013259
v -7.956482 0.427150 6.008284
v -7.952346 0.429914 6.002223
v -7.949273 0.431967 5.995307
v -7.947380 0.433232 5.987803
v -7.946741 0.433659 5.980000
v -7.947380 0.433232 5.972197
v -7.949273 0.431967 5.964693
v -7.952346 0.429914 5.957777
v -7.956482 0.427150 5.951716
v -7.961523 0.423782 5.946741
v -7.967272 0.419940 5.943045
v -7.973512 0.415771 5.940769
v -7.972790 0.414422 6.019231
v -7.965858 0.417294 6.016955
v -7.959469 0.419940 6.013259
v -7.953869 0.422260 6.008284
v -7.949273 0.424164 6.002223
v -7.945858 0.425578 5.995307
v -7.943755 0.426449 5.987803
v -7.943045 0.426743 5.980000
v -7.943755 0.426449 5.972197
v -7.945858 0.425578 5.964693
v -7.949273 0.424164 5.957777
v -7.953869 0.422260 5.951716
v -7.959469 0.419940 5.946741
v -7.965858 0.417294 5.943045
v -7.972790 0.414422 5.940769
v -7.972346 0.412958 6.019231
v -7.964987 0.414422 6.016955
v -7.958204 0.415771 6.013259
v -7.952259 0.416954 6.008284
v -7.947380 0.417924 6.002223
v -7.943755 0.418646 5.995307
v -7.941523 0.419090 5.987803
v -7.940769 0.419240 5.980000
v -7.941523 0.419090 5.972197
v -7.943755 0.418646 5.964693
v -7.947380 0.417924 5.957777
v -7.952259 0.416954 5.951716
v -7.958204 0.415771 5.946741
v -7.964987 0.414422 5.943045
v -7.972346 0.412958 5.940769
v -7.972197 0.411436 6.019231
v -7.964693 0.411436 6.016955
v -7.957777 0.411436 6.013259
v -7.951716 0.411436 6.008284
v -7.946741 0.411436 6.002223
v -7.943045 0.411436 5.995307
v -7.940769 0.411436 5.987803
v -7.940000 0.411436 5.980000
v -7.940769 0.411436 5.972197
v -7.943045 0.411436 5.964693
v -7.946741 0.411436 5.957777
v -7.951716 0.411436 5.951716
v -7.957777 0.411436 5.946741
v -7.964693 0.411436 5.943045
v -7.972197 0.411436 5.940769
v -7.972346 0.409914 6.019231
v -7.964987 0.408450 6.016955
v -7.958204 0.407100 6.013259
v -7.952259 0.405918 6.008284
v -7.947380 0.404947 6.002223
v -7.943755 0.404226 5.995307
v -7.941523 0.403782 5.987803
v -7.940769 0.403632 5.980000
v -7.941523 0.403782 5.972197
v -7.943755 0.404226 5.964693
v -7.947380 0.404947 5.957777
v -7.952259 0.405918 5.951716
v -7.958204 0.407100 5.946741
v -7.964987 0.408450 5.943045
v -7.972346 0.409914 5.940769
v -7.972790 0.408450 6.019231
v -7.965858 0.405578 6.016955
v -7.959469 0.402932 6.013259
v -7.953869 0.400612 6.008284
v -7.949273 0.398708 6.002223
v -7.945858 0.397294 5.995307
v -7.943755 0.396423 5.987803
v -7.943045 0.396129 5.980000
v -7.943755 0.396423 5.972197
v -7.945858 0.397294 5.964693
v -7.949273 0.398708 5.957777
v -7.953869 0.400612 5.951716
v -7.959469 0.402932 5.946741
v -7.965858 0.405578 5.943045
v -7.972790 0.408450 5.940769
v -7.973512 0.407100 6.019231
v -7.967272 0.402932 6.016955
v -7.961523 0.399090 6.013259
v -7.956482 0.395722 6.008284
v -7.952346 0.392958 6.002223
v -7.949273 0.390905 5.995307
v -7.947380 0.389640 5.987803
v -7.946741 0.389213 5.980000
v -7.947380 0.389640 5.972197
v -7.949273 0.390905 5.964693
v -7.952346 0.392958 5.957777
v -7.956482 0.395722 5.951716
v -7.961523 0.399090 5.946741
v -7.967272 0.402932 5.943045
v -7.973512 0.407100 5.940769
v -7.974482 0.405918 6.019231
v -7.969176 0.400612 6.016955
v -7.964286 0.395722 6.013259
v -7.960000 0.391436 6.008284
v -7.956482 0.387918 6.002223
v -7.953869 0.385305 5.995307
v -7.952259 0.383695 5.987803
v -7.951716 0.383152 5.980000
v -7.952259 0.383695 5.972197
v -7.953869 0.385305 5.964693
v -7.956482 0.387918 5.957777
v -7.960000 0.391436 5.951716
v -7.964286 0.395722 5.946741
v -7.969176 0.400612 5.943045
v -7.974482 0.405918 5.940769
v -7.975665 0.404947 6.019231
v -7.971496 0.398708 6.016955
v -7.967654 0.392958 6.013259
v -7.964286 0.387918 6.008284
v -7.961523 0.383782 6.002223
v -7.959469 0.380709 5.995307
v -7.958204 0.378816 5.987803
v -7.957777 0.378177 5.980000
v -7.958204 0.378816 5.972197
v -7.959469 0.380709 5.964693
v -7.961523 0.383782 5.957777
v -7.964286 0.387918 5.951716
v -7.967654 0.392958 5.946741
v -7.971496 0.398708 5.943045
v -7.975665 0.404947 5.940769
v -7.977014 0.404226 6.019231
v -7.974142 0.397294 6.016955
v -7.971496 0.390905 6.013259
v -7.969176 0.385305 6.008284
v -7.967272 0.380709 6.002223
v -7.965858 0.377294 5.995307
v -7.964987 0.375191 5.987803
v -7.964693 0.374481 5.980000
v -7.964987 0.375191 5.972197
v -7.965858 0.377294 5.964693
v -7.967272 0.380709 5.957777
v -7.969176 0.385305 5.951716
v -7.971496 0.390905 5.946741
v -7.974142 0.397294 5.943045
v -7.977014 0.404226 5.940769
v -7.978477 0.403782 6.019231
v -7.977014 0.396423 6.016955
v -7.975665 0.389640 6.013259
v -7.974482 0.383695 6.008284
v -7.973512 0.378816 6.002223
v -7.972790 0.375191 5.995307
v -7.972346 0.372958 5.987803
v -7.972197 0.372205 5.980000
v -7.972346 0.372958 5.972197
v -7.972790 0.375191 5.964693
v -7.973512 0.378816 5.957777
v -7.974482 0.383695 5.951716
v -7.975665 0.389640 5.946741
v -7.977014 0.396423 5.943045
v -7.978477 0.403782 5.940769
v -7.980000 0.403632 6.019231
v -7.980000 0.396129 6.016955
v -7.980000 0.389213 6.013259
v -7.980000 0.383152 6.008284
v -7.980000 0.378177 6.002223
v -7.980000 0.374481 5.995307
v -7.980000 0.372205 5.987803
v -7.980000 0.371436 5.980000
v -7.980000 0.372205 5.972197
v -7.980000 0.374481 5.964693
v -7.980000 0.378177 5.957777
v -7.980000 0.383152 5.951716
v -7.980000 0.389213 5.946741
v -7.980000 0.396129 5.943045
v -7.980000 0.403632 5.940769
v -7.981523 0.403782 6.019231
v -7.982986 0.396423 6.016955
v -7.984335 0.389640 6.013259
v -7.985518 0.383695 6.008284
v -7.986488 0.378816 6.002223
v -7.987210 0.375191 5.995307
v -7.987654 0.372958 5.987803
v -7.987803 0.372205 5.980000
v -7.987654 0.372958 5.972197
v -7.987210 0.375191 5.964693
v -7.986488 0.378816 5.957777
v -7.985518 0.383695 5.951716
v -7.984335 0.389640 5.946741
v -7.982986 0.396423 5.943045
v -7.981523 0.403782 5.940769
v -7.982986 0.404226 6.019231
v -7.985858 0.397294 6.016955
v -7.988504 0.390905 6.013259
v -7.990824 0.385305 6.008284
v -7.992728 0.380709 6.002223
v -7.994142 0.377294 5.995307
v -7.995013 0.375191 5.987803
v -7.995307 0.374481 5.980000
v -7.995013 0.375191 5.972197
v -7.994142 0.377294 5.964693
v -7.992728 0.380709 5.957777
v -7.990824 0.385305 5.951716
v -7.988504 0.390905 5.946741
v -7.985858 0.397294 5.943045
v -7.982986 0.404226 5.940769
v -7.984335 0.404947 6.019231
v -7.988504 0.398708 6.016955
v -7.992346 0.392958 6.013259
v -7.995714 0.387918 6.008284
v -7.998477 0.383782 6.002223
v -8.000531 0.380709 5.995307
v -8.001796 0.378816 5.987803
v -8.002223 0.378177 5.980000
v -8.001796 0.378816 5.972197
v -8.000531 0.380709 5.964693
v -7.998477 0.383782 5.957777
v -7.995714 0.387918 5.951716
v -7.992346 0.392958 5.946741
v -7.988504 0.398708 5.943045
v -7.984335 0.404947 5.940769
v -7.985518 0.405918 6.019231
v -7.990824 0.400612 6.016955
v -7.995714 0.395722 6.013259
v -8.000000 0.391436 6.008284
v -8.003517 0.387918 6.002223
v -8.006131 0.385305 5.995307
v -8.007741 0.383695 5.987803
v -8.008285 0.383152 5.980000
v -8.007741 0.383695 5.972197
v -8.006131 0.385305 5.964693
v -8.003517 0.387918 5.957777
v -8.000000 0.391436 5.951716
v -7.995714 0.395722 5.946741
v -7.990824 0.400612 5.943045
v -7.985518 0.405918 5.940769
v -7.986488 0.407100 6.019231
v -7.992728 0.402932 6.016955
v -7.998477 0.399090 6.013259
v -8.003517 0.395722 6.008284
v -8.007653 0.392958 6.002223
v -8.010727 0.390905 5.995307
v -8.012620 0.389640 5.987803
v -8.013259 0.389213 5.980000
v -8.012620 0.389640 5.972197
v -8.010727 0.390905 5.964693
v -8.007653 0.392958 5.957777
v -8.003517 0.395722 5.951716
v -7.998477 0.399090 5.946741
v -7.992728 0.402932 5.943045
v -7.986488 0.407100 5.940769
v -7.987210 0.408450 6.019231
v -7.994142 0.405578 6.016955
v -8.000531 0.402932 6.013259
v -8.006131 0.400612 6.008284
v -8.010727 0.398708 6.002223
v -8.014142 0.397294 5.995307
v -8.016245 0.396423 5.987803
v -8.016955 0.396129 5.980000
v -8.016245 0.396423 5.972197
v -8.014142 0.397294 5.964693
v -8.010727 0.398708 5.957777
v -8.006131 0.400612 5.951716
v -8.000531 0.402932 5.946741
v -7.994142 0.405578 5.943045
v -7.987210 0.408450 5.940769
v -7.987654 0.409914 6.019231
v -7.995013 0.408450 6.016955
v -8.001796 0.407100 6.013259
v -8.007741 0.405918 6.008284
v -8.012620 0.404947 6.002223
v -8.016245 0.404226 5.995307
v -8.018477 0.403782 5.987803
v -8.019232 0.403632 5.980000
v -8.018477 0.403782 5.972197
v -8.016245 0.404226 5.964693
v -8.012620 0.404947 5.957777
v -8.007741 0.405918 5.951716
v -8.001796 0.407100 5.946741
v -7.995013 0.408450 5.943045
v -7.987654 0.409914 5.940769
v -7.987803 0.411436 6.019231
v -7.995307 0.411436 6.016955
v -8.002223 0.411436 6.013259
v -8.008285 0.411436 6.008284
v -8.013259 0.411436 6.002223
v -8.016955 0.411436 5.995307
v -8.019232 0.411436 5.987803
v -8.020000 0.411436 5.980000
v -8.019232 0.411436 5.972197
v -8.016955 0.411436 5.964693
v -8.013259 0.411436 5.957777
v -8.008285 0.411436 5.951716
v -8.002223 0.411436 5.946741
v -7.995307 0.411436 5.943045
v -7.987803 0.411436 5.940769
v -7.987654 0.412958 6.019231
v -7.995013 0.414422 6.016955
v -8.001796 0.415771 6.013259
v -8.007741 0.416954 6.008284
v -8.012620 0.417924 6.002223
v -8.016245 0.418646 5.995307
v -8.018477 0.419090 5.987803
v -8.019232 0.419240 5.980000
v -8.018477 0.419090 5.972197
v -8.016245 0.418646 5.964693
v -8.012620 0.417924 5.957777
v -8.007741 0.416954 5.951716
v -8.001796 0.415771 5.946741
v -7.995013 0.414422 5.943045
v -7.987654 0.412958 5.940769
v -7.987210 0.414422 6.019231
v -7.994142 0.417294 6.016955
v -8.000531 0.419940 6.013259
v -8.006131 0.422260 6.008284
v -8.010727 0.424164 6.002223
v -8.014142 0.425578 5.995307
v -8.016245 0.426449 5.987803
v -8.016955 0.426743 5.980000
v -8.016245 0.426449 5.972197
v -8.014142 0.425578 5.964693
v -8.010727 0.424164 5.957777
v -8.006131 0.422260 5.951716
v -8.000531 0.419940 5.946741
v -7.994142 0.417294 5.943045
v -7.987210 0.414422 5.940769
v -7.986488 0.415771 6.019231
v -7.992728 0.419940 6.016955
v -7.998477 0.423782 6.013259
v -8.003517 0.427150 6.008284
v -8.007653 0.429914 6.002223
v -8.010727 0.431967 5.995307
v -8.012620 0.433232 5.987803
v -8.013259 0.433659 5.980000
v -8.012620 0.433232 5.972197
v -8.010727 0.431967 5.964693
v -8.007653 0.429914 5.957777
v -8.003517 0.427150 5.951716
v -7.998477 0.423782 5.946741
v -7.992728 0.419940 5.943045
v -7.986488 0.415771 5.940769
v -7.985518 0.416954 6.019231
v -7.990824 0.422260 6.016955
v -7.995714 0.427150 6.013259
v -8.000000 0.431436 6.008284
v -8.003517 0.434953 6.002223
v -8.006131 0.437567 5.995307
v -8.007741 0.439177 5.987803
v -8.008285 0.439720 5.980000
v -8.007741 0.439177 5.972197
v -8.006131 0.437567 5.964693
v -8.003517 0.434953 5.957777
v -8.000000 0.431436 5.951716
v -7.995714 0.427150 5.946741
v -7.990824 0.422260 5.943045
v -7.985518 0.416954 5.940769
v -7.984335 0.417924 6.019231
v -7.988504 0.424164 6.016955
v -7.992346 0.429914 6.013259
v -7.995714 0.434953 6.008284
v -7.998477 0.439090 6.002223
v -8.000531 0.442163 5.995307
v -8.001796 0.444056 5.987803
v -8.002223 0.444695 5.980000
v -8.001796 0.444056 5.972197
v -8.000531 0.442163 5.964693
v -7.998477 0.439090 5.957777
v -7.995714 0.434953 5.951716
v -7.992346 0.429914 5.946741
v -7.988504 0.424164 5.943045
v -7.984335 0.417924 5.940769
v -7.982986 0.418646 6.019231
v -7.985858 0.425578 6.016955
v -7.988504 0.431967 6.013259
v -7.990824 0.437567 6.008284
v -7.992728 0.442163 6.002223
v -7.994142 0.445578 5.995307
v -7.995013 0.447681 5.987803
v -7.995307 0.448391 5.980000
v -7.995013 0.447681 5.972197
v -7.994142 0.445578 5.964693
v -7.992728 0.442163 5.957777
v -7.990824 0.437567 5.951716
v -7.988504 0.431967 5.946741
v -7.985858 0.425578 5.943045
v -7.982986 0.418646 5.940769
v -7.981523 0.419090 6.019231
v -7.982986 0.426449 6.016955
v -7.984335 0.433232 6.013259
v -7.985518 0.439177 6.008284
v -7.986488 0.444056 6.002223
v -7.987210 0.447681 5.995307
v -7.987654 0.449914 5.987803
v -7.987803 0.450667 5.980000
v -7.987654 0.449914 5.972197
v -7.987210 0.447681 5.964693
v -7.986488 0.444056 5.957777
v -7.985518 0.439177 5.951716
v -7.984335 0.433232 5.946741
v -7.982986 0.426449 5.943045
v -7.981523 0.419090 5.940769
v -7.980000 0.426743 6.016955
v -7.980000 0.444695 6.002223
v -7.980000 0.450667 5.987803
v -7.980000 0.450667 5.972197
v -7.980000 0.448391 5.964693
v -7.980000 0.439720 5.951716
v -7.980000 0.433659 5.946741
v -7.980000 0.426743 5.943045
v -7.980000 0.419240 5.940769
v -7.900000 -0.562000 5.800000
v -7.900000 -0.562000 5.920000
v -7.906000 -0.560392 5.800000
v -7.906000 -0.560392 5.920000
v -7.910392 -0.556000 5.800000
v -7.910392 -0.556000 5.920000
v -7.912000 -0.550000 5.800000
v -7.912000 -0.550000 5.920000
v -7.910392 -0.544000 5.800000
v -7.910392 -0.544000 5.920000
v -7.906000 -0.539608 5.800000
v -7.906000 -0.539608 5.920000
v -7.900000 -0.538000 5.800000
v -7.900000 -0.538000 5.920000
v -7.894000 -0.539608 5.800000
v -7.894000 -0.539608 5.920000
v -7.889608 -0.544000 5.800000
v -7.889608 -0.544000 5.920000
v -7.888000 -0.550000 5.800000
v -7.888000 -0.550000 5.920000
v -7.889608 -0.556000 5.800000
v -7.889608 -0.556000 5.920000
v -7.894000 -0.560392 5.800000
v -7.894000 -0.560392 5.920000
v -7.780001 -0.550000 5.928000
v -8.150000 -0.550000 5.928000
v -7.780001 -0.554000 5.926928
v -8.150000 -0.554000 5.926929
v -7.780001 -0.556928 5.924000
v -8.150000 -0.556928 5.924000
v -7.780001 -0.558000 5.920000
v -8.150000 -0.558000 5.920000
v -7.780001 -0.556928 5.916000
v -8.150000 -0.556928 5.916000
v -7.780001 -0.554000 5.913072
v -8.150000 -0.554000 5.913072
v -7.780001 -0.550000 5.912000
v -8.150000 -0.550000 5.912000
v -7.780001 -0.546000 5.913072
v -8.150000 -0.546000 5.913072
v -7.780001 -0.543072 5.916000
v -8.150000 -0.543072 5.916000
v -7.780001 -0.542000 5.920000
v -8.150000 -0.542000 5.920000
v -7.780001 -0.543072 5.924000
v -8.150000 -0.543072 5.924000
v -7.780001 -0.546000 5.926928
v -8.150000 -0.546000 5.926929
v -8.200000 -0.554000 5.860000
v -8.200000 -0.554000 6.000000
v -8.200000 -0.546000 5.860000
v -8.200000 -0.546000 6.000000
v -8.040000 -0.554000 5.860000
v -8.040000 -0.554000 6.000000
v -8.040000 -0.546000 5.860000
v -8.040000 -0.546000 6.000000
vn -0.2588 -0.9659 -0.0000
vn -0.7071 -0.7071 -0.0000
vn -0.9659 -0.2588 -0.0000
vn -0.9659 0.2588 -0.0000
vn -0.7071 0.7071 -0.0000
vn -0.2588 0.9659 -0.0000
vn 0.2588 0.9659 -0.0000
vn 0.7071 0.7071 -0.0000
vn 0.9659 0.2588 -0.0000
vn 0.9659 -0.2588 -0.0000
vn -0.0000 -0.0000 1.0000
vn 0.7071 -0.7071 -0.0000
vn 0.2588 -0.9659 -0.0000
vn -0.0000 -0.0000 -1.0000
vn -0.0000 0.2588 0.9659
vn -0.0000 0.7071 0.7071
vn -0.0000 0.9659 0.2588
vn -0.0000 0.9659 -0.2588
vn -0.0000 0.7071 -0.7071
vn -0.0000 0.2589 -0.9659
vn -0.0000 -0.2589 -0.9659
vn -0.0000 -0.7071 -0.7071
vn -0.0000 -0.9659 -0.2588
vn -0.0000 -0.9659 0.2588
vn 1.0000 -0.0000 -0.0000
vn -0.0000 -0.7071 0.7071
vn -0.0000 -0.2588 0.9659
vn -1.0000 -0.0000 -0.0000
vn 0.0759 0.7708 -0.6326
vn 0.0759 0.7708 0.6325
vn 0.0623 0.6331 -0.7716
vn 0.0865 0.8786 0.4696
vn 0.0461 0.4710 -0.8809
vn 0.0938 0.9527 0.2890
vn 0.0281 0.2901 -0.9566
vn 0.0976 0.9904 0.0975
vn 0.0094 0.0980 0.9951
vn 0.0097 0.0980 -0.9951
vn 0.0976 0.9904 -0.0975
vn 0.0285 0.2902 0.9565
vn 0.0938 0.9527 -0.2890
vn 0.0464 0.4709 0.8810
vn 0.0865 0.8786 -0.4696
vn 0.0625 0.6331 0.7715
vn 0.2563 0.8448 -0.4697
vn 0.1847 0.6089 0.7715
vn 0.2248 0.7411 -0.6326
vn 0.2249 0.7411 0.6326
vn 0.1848 0.6089 -0.7714
vn 0.2563 0.8448 0.4697
vn 0.1375 0.4528 -0.8810
vn 0.2779 0.9161 0.2890
vn 0.0845 0.2789 -0.9566
vn 0.2889 0.9524 0.0976
vn 0.0293 0.0943 0.9951
vn 0.0285 0.0943 -0.9951
vn 0.2889 0.9524 -0.0975
vn 0.0846 0.2791 0.9565
vn 0.2780 0.9161 -0.2890
vn 0.1375 0.4528 0.8809
vn 0.1374 0.2568 -0.9567
vn 0.4693 0.8777 0.0976
vn 0.0462 0.0868 0.9952
vn 0.0467 0.0868 -0.9951
vn 0.4691 0.8777 -0.0976
vn 0.1372 0.2570 0.9566
vn 0.4513 0.8443 -0.2890
vn 0.2231 0.4173 0.8810
vn 0.4163 0.7786 -0.4697
vn 0.3000 0.5611 0.7715
vn 0.3651 0.6830 -0.6326
vn 0.3652 0.6830 0.6326
vn 0.2999 0.5612 -0.7714
vn 0.4162 0.7786 0.4696
vn 0.2230 0.4173 -0.8810
vn 0.4513 0.8443 0.2890
vn 0.4036 0.4918 0.7715
vn 0.4913 0.5988 -0.6325
vn 0.4913 0.5988 0.6325
vn 0.4036 0.4918 -0.7715
vn 0.5600 0.6825 0.4697
vn 0.3001 0.3657 -0.8810
vn 0.6073 0.7401 0.2890
vn 0.1850 0.2252 -0.9566
vn 0.6315 0.7692 0.0976
vn 0.0624 0.0761 0.9951
vn 0.0621 0.0761 -0.9952
vn 0.6313 0.7694 -0.0975
vn 0.1849 0.2254 0.9566
vn 0.6073 0.7400 -0.2890
vn 0.3002 0.3657 0.8810
vn 0.5602 0.6824 -0.4697
vn 0.7692 0.6315 0.0975
vn 0.0761 0.0626 0.9951
vn 0.0765 0.0626 -0.9951
vn 0.7693 0.6314 -0.0975
vn 0.2252 0.1849 0.9566
vn 0.7400 0.6073 -0.2890
vn 0.3659 0.3001 0.8809
vn 0.6826 0.5599 -0.4696
vn 0.4919 0.4036 0.7714
vn 0.5987 0.4913 -0.6326
vn 0.5987 0.4914 0.6326
vn 0.4918 0.4036 -0.7715
vn 0.6824 0.5602 0.4696
vn 0.3656 0.3003 -0.8810
vn 0.7400 0.6073 0.2890
vn 0.2255 0.1850 -0.9565
vn 0.6830 0.3651 -0.6326
vn 0.6831 0.3651 0.6326
vn 0.5611 0.2999 -0.7715
vn 0.7786 0.4163 0.4696
vn 0.4172 0.2230 -0.8810
vn 0.8443 0.4513 0.2890
vn 0.2574 0.1375 -0.9565
vn 0.8777 0.4691 0.0975
vn 0.0871 0.0464 0.9951
vn 0.0866 0.0464 -0.9952
vn 0.8777 0.4691 -0.0976
vn 0.2572 0.1374 0.9565
vn 0.8443 0.4512 -0.2890
vn 0.4173 0.2230 0.8810
vn 0.7786 0.4162 -0.4696
vn 0.5611 0.3000 0.7714
vn 0.0944 0.0286 -0.9951
vn 0.9523 0.2890 -0.0976
vn 0.2789 0.0846 0.9566
vn 0.9161 0.2779 -0.2890
vn 0.4528 0.1374 0.8810
vn 0.8448 0.2563 -0.4696
vn 0.6088 0.1847 0.7715
vn 0.7411 0.2248 -0.6326
vn 0.7412 0.2248 0.6325
vn 0.6087 0.1846 -0.7716
vn 0.8449 0.2563 0.4696
vn 0.4528 0.1371 -0.8810
vn 0.9161 0.2780 0.2890
vn 0.2789 0.0845 -0.9566
vn 0.9524 0.2888 0.0976
vn 0.0942 0.0286 0.9951
vn 0.6332 0.0623 -0.7715
vn 0.8786 0.0867 0.4696
vn 0.4709 0.0466 -0.8810
vn 0.9527 0.0939 0.2890
vn 0.2902 0.0287 -0.9565
vn 0.9904 0.0976 0.0976
vn 0.0980 0.0095 0.9951
vn 0.0980 0.0095 -0.9951
vn 0.9904 0.0975 -0.0976
vn 0.2901 0.0286 0.9566
vn 0.9527 0.0938 -0.2890
vn 0.4709 0.0464 0.8810
vn 0.8786 0.0865 -0.4696
vn 0.6332 0.0622 0.7715
vn 0.7707 0.0759 -0.6327
vn 0.7708 0.0759 0.6325
vn 0.2901 -0.0286 0.9566
vn 0.9527 -0.0938 -0.2890
vn 0.4709 -0.0464 0.8810
vn 0.8786 -0.0867 -0.4696
vn 0.6332 -0.0622 0.7715
vn 0.7707 -0.0759 -0.6326
vn 0.7708 -0.0759 0.6326
vn 0.6332 -0.0623 -0.7715
vn 0.8786 -0.0867 0.4696
vn 0.4709 -0.0466 -0.8810
vn 0.9527 -0.0939 0.2890
vn 0.2902 -0.0287 -0.9565
vn 0.9904 -0.0976 0.0976
vn 0.0980 -0.0095 0.9951
vn 0.0980 -0.0095 -0.9951
vn 0.9904 -0.0975 -0.0976
vn 0.8448 -0.2564 0.4696
vn 0.4529 -0.1371 -0.8810
vn 0.9161 -0.2780 0.2890
vn 0.2789 -0.0845 -0.9566
vn 0.9524 -0.2889 0.0976
vn 0.0942 -0.0286 0.9951
vn 0.0944 -0.0286 -0.9951
vn 0.9524 -0.2889 -0.0976
vn 0.2791 -0.0846 0.9565
vn 0.9161 -0.2779 -0.2890
vn 0.4528 -0.1373 0.8810
vn 0.8449 -0.2563 -0.4696
vn 0.6089 -0.1847 0.7715
vn 0.7411 -0.2249 -0.6326
vn 0.7412 -0.2249 0.6325
vn 0.6087 -0.1846 -0.7716
vn 0.8444 -0.4512 -0.2890
vn 0.4173 -0.2230 0.8810
vn 0.7786 -0.4161 -0.4697
vn 0.5612 -0.3000 0.7714
vn 0.6830 -0.3651 -0.6326
vn 0.6831 -0.3651 0.6326
vn 0.5611 -0.2999 -0.7715
vn 0.7785 -0.4163 0.4696
vn 0.4172 -0.2230 -0.8810
vn 0.8443 -0.4513 0.2890
vn 0.2573 -0.1375 -0.9565
vn 0.8778 -0.4691 0.0975
vn 0.0870 -0.0464 0.9951
vn 0.0866 -0.0464 -0.9952
vn 0.8777 -0.4692 -0.0976
vn 0.2572 -0.1374 0.9565
vn 0.3657 -0.3003 -0.8809
vn 0.7400 -0.6073 0.2890
vn 0.2253 -0.1850 -0.9566
vn 0.7693 -0.6314 0.0975
vn 0.0761 -0.0626 0.9951
vn 0.0765 -0.0626 -0.9951
vn 0.7693 -0.6314 -0.0975
vn 0.2252 -0.1849 0.9566
vn 0.7400 -0.6073 -0.2890
vn 0.3658 -0.3001 0.8810
vn 0.6826 -0.5600 -0.4696
vn 0.4919 -0.4036 0.7714
vn 0.5987 -0.4913 -0.6326
vn 0.5987 -0.4914 0.6326
vn 0.4918 -0.4036 -0.7715
vn 0.6825 -0.5600 0.4696
vn 0.3002 -0.3657 0.8810
vn 0.5602 -0.6824 -0.4696
vn 0.4037 -0.4918 0.7715
vn 0.4913 -0.5987 -0.6326
vn 0.4913 -0.5988 0.6325
vn 0.4037 -0.4917 -0.7715
vn 0.5600 -0.6825 0.4697
vn 0.3001 -0.3657 -0.8810
vn 0.6072 -0.7401 0.2890
vn 0.1853 -0.2252 -0.9565
vn 0.6315 -0.7693 0.0976
vn 0.0624 -0.0761 0.9951
vn 0.0621 -0.0761 -0.9952
vn 0.6313 -0.7694 -0.0975
vn 0.1848 -0.2254 0.9566
vn 0.6073 -0.7400 -0.2890
vn 0.4512 -0.8443 0.2890
vn 0.1374 -0.2573 -0.9565
vn 0.4692 -0.8777 0.0976
vn 0.0462 -0.0868 0.9952
vn 0.0467 -0.0868 -0.9951
vn 0.4691 -0.8777 -0.0976
vn 0.1374 -0.2570 0.9566
vn 0.4514 -0.8442 -0.2890
vn 0.2230 -0.4173 0.8810
vn 0.4162 -0.7786 -0.4697
vn 0.2999 -0.5611 0.7715
vn 0.3651 -0.6830 -0.6326
vn 0.3652 -0.6830 0.6326
vn 0.2998 -0.5612 -0.7714
vn 0.4162 -0.7786 0.4696
vn 0.2228 -0.4173 -0.8810
vn 0.2563 -0.8449 -0.4696
vn 0.1847 -0.6089 0.7715
vn 0.2248 -0.7412 -0.6325
vn 0.2249 -0.7411 0.6326
vn 0.1848 -0.6088 -0.7715
vn 0.2563 -0.8449 0.4696
vn 0.1375 -0.4529 -0.8809
vn 0.2778 -0.9161 0.2889
vn 0.0842 -0.2789 -0.9566
vn 0.2889 -0.9524 0.0975
vn 0.0293 -0.0943 0.9951
vn 0.0285 -0.0943 -0.9951
vn 0.2888 -0.9524 -0.0976
vn 0.0847 -0.2791 0.9565
vn 0.2779 -0.9161 -0.2890
vn 0.1375 -0.4528 0.8809
vn 0.0283 -0.2901 -0.9566
vn 0.0976 -0.9904 0.0976
vn 0.0094 -0.0980 0.9951
vn 0.0097 -0.0980 -0.9951
vn 0.0975 -0.9904 -0.0975
vn 0.0288 -0.2902 0.9565
vn 0.0938 -0.9527 -0.2890
vn 0.0462 -0.4708 0.8810
vn 0.0865 -0.8786 -0.4696
vn 0.0623 -0.6333 0.7714
vn 0.0759 -0.7708 -0.6326
vn 0.0759 -0.7708 0.6325
vn 0.0623 -0.6332 -0.7715
vn 0.0865 -0.8786 0.4696
vn 0.0462 -0.4710 -0.8809
vn 0.0938 -0.9527 0.2890
vn -0.0759 -0.7708 -0.6326
vn -0.0759 -0.7707 0.6326
vn -0.0623 -0.6332 -0.7715
vn -0.0865 -0.8786 0.4696
vn -0.0461 -0.4710 -0.8809
vn -0.0938 -0.9527 0.2890
vn -0.0283 -0.2901 -0.9566
vn -0.0976 -0.9904 0.0975
vn -0.0094 -0.0980 0.9951
vn -0.0097 -0.0980 -0.9951
vn -0.0975 -0.9904 -0.0975
vn -0.0285 -0.2902 0.9565
vn -0.0938 -0.9527 -0.2890
vn -0.0462 -0.4709 0.8810
vn -0.0865 -0.8786 -0.4696
vn -0.0625 -0.6332 0.7714
vn -0.0293 -0.0943 0.9951
vn -0.0285 -0.0943 -0.9951
vn -0.2889 -0.9524 -0.0976
vn -0.0846 -0.2789 0.9566
vn -0.2780 -0.9161 -0.2890
vn -0.1373 -0.4529 0.8809
vn -0.2564 -0.8448 -0.4697
vn -0.1847 -0.6089 0.7715
vn -0.2249 -0.7411 -0.6326
vn -0.2249 -0.7411 0.6326
vn -0.1848 -0.6088 -0.7715
vn -0.2563 -0.8448 0.4697
vn -0.1374 -0.4526 -0.8810
vn -0.2779 -0.9161 0.2890
vn -0.0842 -0.2789 -0.9566
vn -0.2890 -0.9524 0.0975
vn -0.3652 -0.6830 0.6326
vn -0.2999 -0.5611 -0.7715
vn -0.4162 -0.7786 0.4696
vn -0.2230 -0.4172 -0.8810
vn -0.4512 -0.8443 0.2890
vn -0.1373 -0.2573 -0.9565
vn -0.4692 -0.8777 0.0976
vn -0.0462 -0.0868 0.9952
vn -0.0467 -0.0868 -0.9951
vn -0.4691 -0.8777 -0.0976
vn -0.1373 -0.2571 0.9566
vn -0.4513 -0.8443 -0.2890
vn -0.2231 -0.4172 0.8810
vn -0.4162 -0.7786 -0.4696
vn -0.3000 -0.5611 0.7715
vn -0.3651 -0.6830 -0.6326
vn -0.6313 -0.7694 -0.0975
vn -0.1849 -0.2254 0.9566
vn -0.6074 -0.7400 -0.2890
vn -0.3002 -0.3656 0.8810
vn -0.5602 -0.6824 -0.4697
vn -0.4036 -0.4920 0.7714
vn -0.4913 -0.5988 -0.6325
vn -0.4913 -0.5988 0.6325
vn -0.4037 -0.4917 -0.7715
vn -0.5600 -0.6825 0.4697
vn -0.3001 -0.3659 -0.8810
vn -0.6073 -0.7400 0.2891
vn -0.1850 -0.2252 -0.9566
vn -0.6315 -0.7692 0.0976
vn -0.0624 -0.0761 0.9951
vn -0.0621 -0.0761 -0.9952
vn -0.4918 -0.4036 -0.7715
vn -0.6824 -0.5602 0.4696
vn -0.3656 -0.3003 -0.8810
vn -0.7400 -0.6073 0.2890
vn -0.2255 -0.1850 -0.9565
vn -0.7692 -0.6315 0.0975
vn -0.0761 -0.0625 0.9951
vn -0.0765 -0.0625 -0.9951
vn -0.7693 -0.6314 -0.0975
vn -0.2252 -0.1849 0.9566
vn -0.7401 -0.6073 -0.2890
vn -0.3659 -0.3001 0.8809
vn -0.6826 -0.5599 -0.4696
vn -0.4919 -0.4037 0.7714
vn -0.5987 -0.4913 -0.6326
vn -0.5988 -0.4912 0.6326
vn -0.2572 -0.1374 0.9565
vn -0.8443 -0.4513 -0.2890
vn -0.4173 -0.2232 0.8809
vn -0.7786 -0.4162 -0.4696
vn -0.5612 -0.2999 0.7715
vn -0.6830 -0.3651 -0.6326
vn -0.6831 -0.3650 0.6325
vn -0.5611 -0.2999 -0.7715
vn -0.7786 -0.4162 0.4696
vn -0.4173 -0.2233 -0.8809
vn -0.8443 -0.4513 0.2890
vn -0.2574 -0.1375 -0.9565
vn -0.8777 -0.4692 0.0975
vn -0.0870 -0.0464 0.9951
vn -0.0866 -0.0464 -0.9952
vn -0.8777 -0.4692 -0.0975
vn -0.8449 -0.2562 0.4696
vn -0.4526 -0.1373 -0.8811
vn -0.9161 -0.2779 0.2890
vn -0.2789 -0.0845 -0.9566
vn -0.9524 -0.2889 0.0976
vn -0.0942 -0.0286 0.9951
vn -0.0944 -0.0286 -0.9951
vn -0.9523 -0.2890 -0.0976
vn -0.2789 -0.0846 0.9566
vn -0.9161 -0.2779 -0.2890
vn -0.4528 -0.1373 0.8810
vn -0.8449 -0.2562 -0.4696
vn -0.6088 -0.1847 0.7715
vn -0.7411 -0.2248 -0.6326
vn -0.7412 -0.2249 0.6325
vn -0.6087 -0.1848 -0.7716
vn -0.9527 -0.0939 -0.2890
vn -0.4709 -0.0464 0.8810
vn -0.8786 -0.0865 -0.4696
vn -0.6331 -0.0622 0.7715
vn -0.7707 -0.0759 -0.6326
vn -0.7708 -0.0759 0.6326
vn -0.6332 -0.0623 -0.7715
vn -0.8786 -0.0865 0.4696
vn -0.4709 -0.0466 -0.8810
vn -0.9527 -0.0938 0.2890
vn -0.2902 -0.0287 -0.9565
vn -0.9904 -0.0976 0.0976
vn -0.0980 -0.0096 0.9951
vn -0.0980 -0.0096 -0.9951
vn -0.9904 -0.0975 -0.0976
vn -0.2901 -0.0286 0.9566
vn -0.4709 0.0466 -0.8810
vn -0.9527 0.0938 0.2890
vn -0.2902 0.0287 -0.9565
vn -0.9904 0.0976 0.0976
vn -0.0980 0.0096 0.9951
vn -0.0980 0.0096 -0.9951
vn -0.9904 0.0975 -0.0976
vn -0.2901 0.0286 0.9566
vn -0.9527 0.0939 -0.2890
vn -0.4709 0.0464 0.8810
vn -0.8786 0.0865 -0.4696
vn -0.6332 0.0622 0.7715
vn -0.7707 0.0759 -0.6327
vn -0.7708 0.0759 0.6325
vn -0.6332 0.0623 -0.7715
vn -0.8786 0.0865 0.4696
vn -0.8449 0.2562 -0.4696
vn -0.6089 0.1847 0.7715
vn -0.7411 0.2248 -0.6326
vn -0.7412 0.2249 0.6325
vn -0.6087 0.1849 -0.7716
vn -0.8449 0.2562 0.4696
vn -0.4526 0.1373 -0.8811
vn -0.9161 0.2779 0.2890
vn -0.2790 0.0845 -0.9566
vn -0.9524 0.2889 0.0976
vn -0.0942 0.0286 0.9951
vn -0.0944 0.0286 -0.9951
vn -0.9523 0.2890 -0.0976
vn -0.2789 0.0846 0.9566
vn -0.9161 0.2779 -0.2890
vn -0.4528 0.1373 0.8810
vn -0.2573 0.1375 -0.9565
vn -0.8777 0.4691 0.0976
vn -0.0871 0.0464 0.9951
vn -0.0866 0.0464 -0.9952
vn -0.8777 0.4691 -0.0976
vn -0.2572 0.1374 0.9565
vn -0.8443 0.4513 -0.2889
vn -0.4174 0.2232 0.8809
vn -0.7786 0.4162 -0.4696
vn -0.5612 0.2999 0.7714
vn -0.6830 0.3651 -0.6326
vn -0.6831 0.3651 0.6326
vn -0.5611 0.2999 -0.7715
vn -0.7786 0.4162 0.4696
vn -0.4173 0.2233 -0.8809
vn -0.8443 0.4513 0.2891
vn -0.4919 0.4036 0.7714
vn -0.5986 0.4914 -0.6326
vn -0.5987 0.4914 0.6326
vn -0.4918 0.4036 -0.7715
vn -0.6824 0.5602 0.4696
vn -0.3657 0.3003 -0.8809
vn -0.7400 0.6073 0.2890
vn -0.2253 0.1850 -0.9566
vn -0.7693 0.6314 0.0975
vn -0.0761 0.0625 0.9951
vn -0.0765 0.0625 -0.9951
vn -0.7693 0.6314 -0.0975
vn -0.2252 0.1849 0.9566
vn -0.7400 0.6073 -0.2890
vn -0.3659 0.3001 0.8809
vn -0.6826 0.5599 -0.4696
vn -0.6315 0.7692 0.0976
vn -0.0624 0.0761 0.9951
vn -0.0621 0.0761 -0.9952
vn -0.6313 0.7694 -0.0975
vn -0.1850 0.2253 0.9565
vn -0.6073 0.7400 -0.2890
vn -0.3002 0.3656 0.8810
vn -0.5602 0.6824 -0.4697
vn -0.4036 0.4918 0.7715
vn -0.4913 0.5988 -0.6325
vn -0.4913 0.5988 0.6325
vn -0.4037 0.4917 -0.7715
vn -0.5601 0.6825 0.4696
vn -0.3001 0.3658 -0.8810
vn -0.6073 0.7400 0.2891
vn -0.1847 0.2252 -0.9566
vn -0.3651 0.6830 -0.6326
vn -0.3652 0.6830 0.6326
vn -0.2998 0.5611 -0.7715
vn -0.4162 0.7786 0.4696
vn -0.2230 0.4175 -0.8809
vn -0.4512 0.8444 0.2890
vn -0.1374 0.2573 -0.9565
vn -0.4692 0.8777 0.0976
vn -0.0462 0.0868 0.9952
vn -0.0467 0.0868 -0.9951
vn -0.4691 0.8777 -0.0976
vn -0.1374 0.2571 0.9566
vn -0.4513 0.8443 -0.2890
vn -0.2230 0.4174 0.8809
vn -0.4162 0.7786 -0.4696
vn -0.3000 0.5610 0.7716
vn -0.0293 0.0943 0.9951
vn -0.0285 0.0943 -0.9951
vn -0.2888 0.9524 -0.0975
vn -0.0846 0.2789 0.9566
vn -0.2779 0.9161 -0.2890
vn -0.1373 0.4527 0.8810
vn -0.2563 0.8449 -0.4696
vn -0.1847 0.6089 0.7715
vn -0.2249 0.7411 -0.6326
vn -0.2249 0.7411 0.6326
vn -0.1848 0.6088 -0.7715
vn -0.2563 0.8448 0.4696
vn -0.1374 0.4529 -0.8809
vn -0.2779 0.9161 0.2890
vn -0.0845 0.2789 -0.9566
vn -0.2889 0.9524 0.0976
vn -0.0759 0.7707 0.6326
vn -0.0623 0.6332 -0.7715
vn -0.0865 0.8786 0.4696
vn -0.0462 0.4710 -0.8809
vn -0.0939 0.9527 0.2890
vn -0.0281 0.2901 -0.9566
vn -0.0976 0.9904 0.0976
vn -0.0094 0.0980 0.9951
vn -0.0097 0.0980 -0.9951
vn -0.0975 0.9904 -0.0975
vn -0.0288 0.2902 0.9565
vn -0.0938 0.9527 -0.2890
vn -0.0462 0.4709 0.8810
vn -0.0865 0.8786 -0.4696
vn -0.0623 0.6333 0.7714
vn -0.0759 0.7708 -0.6326
vn -0.2242 -0.1294 0.9659
vn -0.6124 -0.3536 0.7070
vn -0.8365 -0.4829 0.2588
vn -0.8365 -0.4829 -0.2589
vn -0.6124 -0.3536 -0.7070
vn -0.2243 -0.1294 -0.9659
vn 0.2240 0.1294 -0.9659
vn 0.6125 0.3536 -0.7070
vn 0.8365 0.4829 -0.2588
vn 0.8364 0.4831 0.2589
vn -0.5000 0.8660 -0.0000
vn 0.6124 0.3536 0.7070
vn 0.2241 0.1294 0.9659
vn 0.5000 -0.8660 -0.0000
vn 0.0625 0.6332 0.7714
vn 0.0760 0.7708 -0.6326
vn 0.0759 0.7708 0.6326
vn 0.0623 0.6332 -0.7715
vn 0.0465 0.4709 -0.8810
vn 0.0283 0.2901 -0.9566
vn 0.0975 0.9904 0.0976
vn 0.0094 0.0981 0.9951
vn 0.0097 0.0981 -0.9951
vn 0.0976 0.9904 -0.0976
vn 0.0286 0.2901 0.9566
vn 0.0939 0.9527 -0.2890
vn 0.1375 0.4527 0.8810
vn 0.2563 0.8448 -0.4696
vn 0.2248 0.7412 -0.6325
vn 0.1848 0.6088 -0.7715
vn 0.2563 0.8449 0.4696
vn 0.1375 0.4529 -0.8809
vn 0.0842 0.2789 -0.9566
vn 0.0293 0.0942 0.9951
vn 0.0285 0.0942 -0.9952
vn 0.0844 0.2791 0.9566
vn 0.4512 0.8443 0.2890
vn 0.1373 0.2571 -0.9566
vn 0.4692 0.8777 0.0976
vn 0.0462 0.0869 0.9951
vn 0.0467 0.0869 -0.9951
vn 0.1372 0.2571 0.9566
vn 0.2229 0.4174 0.8810
vn 0.4163 0.7786 -0.4696
vn 0.3651 0.6831 0.6326
vn 0.2999 0.5611 -0.7715
vn 0.5601 0.6825 -0.4696
vn 0.4913 0.5987 -0.6326
vn 0.4914 0.5986 0.6326
vn 0.4036 0.4919 -0.7714
vn 0.3003 0.3657 -0.8810
vn 0.1853 0.2252 -0.9565
vn 0.6313 0.7693 -0.0976
vn 0.1851 0.2254 0.9565
vn 0.3002 0.3658 0.8810
vn 0.7694 0.6313 0.0975
vn 0.0761 0.0624 0.9951
vn 0.0765 0.0624 -0.9951
vn 0.6826 0.5600 -0.4696
vn 0.4919 0.4035 0.7715
vn 0.5986 0.4914 -0.6326
vn 0.4918 0.4037 -0.7715
vn 0.6825 0.5600 0.4696
vn 0.3659 0.3000 -0.8810
vn 0.5612 0.2999 0.7715
vn 0.6831 0.3651 -0.6326
vn 0.5610 0.3001 -0.7715
vn 0.7786 0.4161 0.4697
vn 0.4173 0.2228 -0.8810
vn 0.8777 0.4691 0.0976
vn 0.0871 0.0465 0.9951
vn 0.0866 0.0465 -0.9952
vn 0.8777 0.4692 -0.0975
vn 0.2572 0.1374 0.9566
vn 0.4173 0.2231 0.8810
vn 0.2790 0.0846 0.9566
vn 0.8448 0.2565 -0.4696
vn 0.7411 0.2249 -0.6326
vn 0.6087 0.1849 -0.7716
vn 0.4526 0.1375 -0.8810
vn 0.2789 0.0849 -0.9566
vn 0.6331 0.0623 -0.7715
vn 0.8786 0.0865 0.4696
vn 0.4709 0.0464 -0.8810
vn 0.9527 0.0938 0.2890
vn 0.2901 0.0284 -0.9566
vn 0.0980 0.0098 0.9951
vn 0.0980 0.0098 -0.9951
vn 0.9904 0.0976 -0.0976
vn 0.8786 0.0867 -0.4695
vn 0.6331 0.0624 0.7715
vn 0.0980 -0.0098 0.9951
vn 0.0980 -0.0098 -0.9951
vn 0.9904 -0.0976 -0.0976
vn 0.9527 -0.0938 -0.2889
vn 0.8786 -0.0865 -0.4696
vn 0.6332 -0.0624 0.7715
vn 0.6331 -0.0623 -0.7715
vn 0.8786 -0.0865 0.4696
vn 0.4709 -0.0464 -0.8810
vn 0.9527 -0.0938 0.2890
vn 0.2902 -0.0284 -0.9565
vn 0.7412 -0.2249 0.6326
vn 0.6087 -0.1849 -0.7716
vn 0.8449 -0.2562 0.4696
vn 0.4526 -0.1375 -0.8810
vn 0.2790 -0.0845 -0.9566
vn 0.9524 -0.2888 0.0976
vn 0.9523 -0.2890 -0.0976
vn 0.2789 -0.0848 0.9566
vn 0.4528 -0.1374 0.8809
vn 0.8448 -0.2565 -0.4696
vn 0.6088 -0.1847 0.7715
vn 0.8777 -0.4691 -0.0976
vn 0.2571 -0.1374 0.9566
vn 0.4174 -0.2230 0.8810
vn 0.7786 -0.4162 -0.4696
vn 0.5613 -0.2997 0.7715
vn 0.6831 -0.3651 -0.6326
vn 0.7786 -0.4161 0.4697
vn 0.4173 -0.2228 -0.8810
vn 0.8777 -0.4692 0.0975
vn 0.0871 -0.0465 0.9951
vn 0.0866 -0.0465 -0.9952
vn 0.4918 -0.4037 -0.7715
vn 0.6825 -0.5601 0.4696
vn 0.3659 -0.3000 -0.8810
vn 0.2252 -0.1850 -0.9566
vn 0.7694 -0.6313 0.0975
vn 0.0761 -0.0624 0.9951
vn 0.0765 -0.0624 -0.9951
vn 0.3658 -0.3003 0.8809
vn 0.6825 -0.5600 -0.4696
vn 0.4919 -0.4035 0.7715
vn 0.3002 -0.3658 0.8810
vn 0.5601 -0.6825 -0.4696
vn 0.4036 -0.4918 0.7715
vn 0.4914 -0.5986 0.6326
vn 0.4036 -0.4919 -0.7714
vn 0.5600 -0.6825 0.4696
vn 0.3001 -0.3658 -0.8810
vn 0.6314 -0.7693 0.0975
vn 0.2231 -0.4172 -0.8810
vn 0.1374 -0.2571 -0.9566
vn 0.4691 -0.8777 0.0976
vn 0.0462 -0.0869 0.9951
vn 0.0467 -0.0869 -0.9951
vn 0.4691 -0.8777 -0.0975
vn 0.1374 -0.2571 0.9566
vn 0.4512 -0.8443 -0.2890
vn 0.4163 -0.7785 -0.4697
vn 0.3652 -0.6830 0.6325
vn 0.2999 -0.5611 -0.7715
vn 0.1373 -0.4528 0.8810
vn 0.2563 -0.8448 -0.4696
vn 0.2247 -0.7412 -0.6325
vn 0.1848 -0.6087 -0.7715
vn 0.1375 -0.4528 -0.8810
vn 0.2779 -0.9161 0.2891
vn 0.0842 -0.2792 -0.9565
vn 0.2890 -0.9523 0.0976
vn 0.0293 -0.0942 0.9951
vn 0.0285 -0.0942 -0.9951
vn 0.2889 -0.9524 -0.0976
vn 0.0847 -0.2789 0.9566
vn 0.2780 -0.9161 -0.2890
vn 0.0975 -0.9904 0.0975
vn 0.0094 -0.0981 0.9951
vn 0.0097 -0.0981 -0.9951
vn 0.0288 -0.2901 0.9566
vn 0.0939 -0.9527 -0.2890
vn 0.0462 -0.4709 0.8810
vn 0.0866 -0.8786 -0.4697
vn 0.0624 -0.6332 0.7714
vn 0.0759 -0.7707 0.6326
vn 0.0462 -0.4709 -0.8810
vn -0.0866 -0.8786 -0.4697
vn -0.0625 -0.6331 0.7715
vn -0.0758 -0.7708 -0.6326
vn -0.0759 -0.7708 0.6326
vn -0.0623 -0.6331 -0.7716
vn -0.0465 -0.4709 -0.8810
vn -0.0283 -0.2904 -0.9565
vn -0.0976 -0.9904 0.0976
vn -0.0094 -0.0981 0.9951
vn -0.0097 -0.0981 -0.9951
vn -0.0939 -0.9527 -0.2890
vn -0.0464 -0.4708 0.8810
vn -0.0842 -0.2792 -0.9565
vn -0.2889 -0.9524 0.0975
vn -0.0293 -0.0942 0.9951
vn -0.0285 -0.0942 -0.9951
vn -0.2889 -0.9524 -0.0975
vn -0.0846 -0.2791 0.9565
vn -0.2779 -0.9161 -0.2889
vn -0.1375 -0.4527 0.8810
vn -0.2563 -0.8449 -0.4696
vn -0.1847 -0.6088 0.7715
vn -0.2249 -0.7412 0.6326
vn -0.1848 -0.6087 -0.7715
vn -0.2562 -0.8449 0.4696
vn -0.1374 -0.4530 -0.8808
vn -0.2999 -0.5612 0.7714
vn -0.2231 -0.4172 -0.8810
vn -0.4513 -0.8443 0.2890
vn -0.1373 -0.2568 -0.9567
vn -0.4691 -0.8777 -0.0975
vn -0.1372 -0.2571 0.9566
vn -0.4512 -0.8443 -0.2890
vn -0.2229 -0.4174 0.8810
vn -0.4163 -0.7785 -0.4697
vn -0.6314 -0.7693 0.0975
vn -0.6313 -0.7693 -0.0976
vn -0.3002 -0.3658 0.8810
vn -0.5601 -0.6824 -0.4696
vn -0.4036 -0.4918 0.7715
vn -0.4914 -0.5986 0.6326
vn -0.4036 -0.4919 -0.7714
vn -0.5600 -0.6825 0.4696
vn -0.3001 -0.3657 -0.8810
vn -0.6072 -0.7401 0.2890
vn -0.1853 -0.2255 -0.9565
vn -0.6825 -0.5601 0.4696
vn -0.3659 -0.3001 -0.8809
vn -0.7694 -0.6313 0.0976
vn -0.7694 -0.6313 -0.0976
vn -0.7402 -0.6071 -0.2890
vn -0.3659 -0.3002 0.8809
vn -0.6824 -0.5601 -0.4696
vn -0.0866 -0.0465 -0.9952
vn -0.8777 -0.4691 -0.0976
vn -0.2570 -0.1376 0.9566
vn -0.8442 -0.4514 -0.2890
vn -0.4173 -0.2232 0.8810
vn -0.7785 -0.4163 -0.4696
vn -0.5611 -0.3002 0.7714
vn -0.6830 -0.3653 -0.6325
vn -0.6831 -0.3649 0.6326
vn -0.5610 -0.3001 -0.7715
vn -0.7786 -0.4161 0.4697
vn -0.4173 -0.2228 -0.8810
vn -0.8442 -0.4514 0.2891
vn -0.0871 -0.0465 0.9951
vn -0.6087 -0.1846 -0.7716
vn -0.8449 -0.2564 0.4695
vn -0.4526 -0.1375 -0.8810
vn -0.9161 -0.2777 0.2890
vn -0.2790 -0.0842 -0.9566
vn -0.9524 -0.2889 -0.0976
vn -0.2789 -0.0848 0.9566
vn -0.9162 -0.2777 -0.2890
vn -0.4528 -0.1374 0.8810
vn -0.8448 -0.2565 -0.4696
vn -0.7411 -0.2249 -0.6326
vn -0.7412 -0.2250 0.6325
vn -0.2901 -0.0288 0.9566
vn -0.9527 -0.0941 -0.2890
vn -0.8787 -0.0862 -0.4696
vn -0.6331 -0.0624 0.7715
vn -0.7707 -0.0759 -0.6327
vn -0.7708 -0.0759 0.6325
vn -0.4709 -0.0462 -0.8810
vn -0.2903 -0.0281 -0.9565
vn -0.9904 -0.0974 0.0976
vn -0.0980 -0.0097 0.9951
vn -0.0980 -0.0097 -0.9951
vn -0.9904 -0.0979 -0.0976
vn -0.8786 0.0868 0.4696
vn -0.4709 0.0462 -0.8810
vn -0.2902 0.0281 -0.9565
vn -0.9904 0.0974 0.0976
vn -0.0980 0.0097 0.9951
vn -0.0980 0.0097 -0.9951
vn -0.9904 0.0979 -0.0976
vn -0.2901 0.0285 0.9566
vn -0.9527 0.0941 -0.2890
vn -0.8787 0.0862 -0.4695
vn -0.6331 0.0624 0.7715
vn -0.7708 0.0759 0.6326
vn -0.6331 0.0623 -0.7715
vn -0.9162 0.2777 -0.2890
vn -0.4528 0.1374 0.8809
vn -0.8448 0.2565 -0.4696
vn -0.6088 0.1847 0.7715
vn -0.7411 0.2249 -0.6326
vn -0.7411 0.2250 0.6325
vn -0.6087 0.1846 -0.7716
vn -0.8449 0.2564 0.4696
vn -0.4526 0.1375 -0.8810
vn -0.9161 0.2778 0.2890
vn -0.2790 0.0842 -0.9566
vn -0.9524 0.2889 -0.0976
vn -0.2791 0.0844 0.9565
vn -0.4173 0.2228 -0.8810
vn -0.8443 0.4514 0.2890
vn -0.2572 0.1372 -0.9566
vn -0.8777 0.4692 0.0976
vn -0.0870 0.0465 0.9951
vn -0.0866 0.0465 -0.9952
vn -0.2572 0.1374 0.9566
vn -0.8443 0.4514 -0.2889
vn -0.4173 0.2232 0.8809
vn -0.7785 0.4163 -0.4696
vn -0.5612 0.3002 0.7713
vn -0.6830 0.3653 -0.6325
vn -0.6831 0.3649 0.6326
vn -0.5611 0.2997 -0.7716
vn -0.7786 0.4161 0.4697
vn -0.3658 0.3002 0.8810
vn -0.6826 0.5599 -0.4697
vn -0.4920 0.4035 0.7715
vn -0.5987 0.4913 -0.6326
vn -0.5988 0.4912 0.6326
vn -0.6826 0.5599 0.4697
vn -0.3658 0.3000 -0.8810
vn -0.2255 0.1850 -0.9565
vn -0.7694 0.6313 0.0975
vn -0.7694 0.6313 -0.0976
vn -0.7401 0.6072 -0.2891
vn -0.6072 0.7401 0.2890
vn -0.1847 0.2255 -0.9566
vn -0.6314 0.7693 0.0975
vn -0.6313 0.7694 -0.0976
vn -0.1848 0.2254 0.9566
vn -0.3002 0.3658 0.8810
vn -0.5601 0.6824 -0.4696
vn -0.4914 0.5986 -0.6326
vn -0.4914 0.5986 0.6326
vn -0.3001 0.3657 -0.8810
vn -0.4163 0.7785 -0.4697
vn -0.2999 0.5612 0.7714
vn -0.2999 0.5611 -0.7715
vn -0.2231 0.4173 -0.8810
vn -0.1374 0.2568 -0.9567
vn -0.1376 0.2570 0.9566
vn -0.2230 0.4173 0.8810
vn -0.0845 0.2792 -0.9565
vn -0.2889 0.9524 0.0975
vn -0.0293 0.0942 0.9951
vn -0.0285 0.0942 -0.9951
vn -0.2889 0.9524 -0.0975
vn -0.0846 0.2791 0.9565
vn -0.2780 0.9161 -0.2890
vn -0.2563 0.8448 -0.4696
vn -0.2248 0.7411 -0.6326
vn -0.1848 0.6089 -0.7714
vn -0.2563 0.8449 0.4695
vn -0.1374 0.4527 -0.8810
vn -0.0462 0.4707 -0.8811
vn -0.0283 0.2901 -0.9566
vn -0.0094 0.0981 0.9951
vn -0.0097 0.0981 -0.9951
vn -0.0975 0.9904 -0.0976
vn -0.0288 0.2901 0.9566
vn -0.0465 0.4708 0.8810
vn -0.0623 0.6332 0.7714
vn 0.2240 -0.1294 0.9659
vn 0.6124 -0.3536 0.7070
vn 0.8365 -0.4830 0.2588
vn 0.8365 -0.4829 -0.2588
vn 0.6124 -0.3536 -0.7070
vn 0.2240 -0.1294 -0.9660
vn -0.2243 0.1294 -0.9659
vn -0.6124 0.3536 -0.7070
vn -0.8365 0.4829 -0.2588
vn -0.8365 0.4830 0.2589
vn -0.5000 -0.8660 -0.0000
vn -0.6124 0.3536 0.7070
vn -0.2243 0.1294 0.9659
vn 0.5000 0.8660 -0.0000
vn 0.0462 0.4709 0.8810
vn 0.0866 0.8786 -0.4696
vn 0.0759 0.7707 0.6326
vn 0.0624 0.6332 -0.7715
vn 0.0287 0.2901 -0.9566
vn 0.0975 0.9904 0.0975
vn 0.0100 0.0980 -0.9951
vn 0.0975 0.9904 -0.0975
vn 0.0283 0.2901 0.9566
vn 0.0847 0.2791 0.9565
vn 0.1373 0.4527 0.8810
vn 0.1847 0.6089 0.7714
vn 0.2248 0.7412 0.6326
vn 0.1847 0.6088 -0.7716
vn 0.1373 0.4529 -0.8809
vn 0.0841 0.2792 -0.9565
vn 0.0287 0.0942 0.9951
vn 0.0282 0.0942 -0.9952
vn 0.4161 0.7787 0.4696
vn 0.2231 0.4172 -0.8810
vn 0.1379 0.2570 -0.9565
vn 0.4691 0.8777 0.0976
vn 0.0463 0.0869 -0.9951
vn 0.1373 0.2571 0.9566
vn 0.4512 0.8443 -0.2890
vn 0.2231 0.4174 0.8809
vn 0.4163 0.7785 -0.4697
vn 0.3652 0.6830 0.6325
vn 0.3001 0.3659 0.8809
vn 0.4037 0.4919 -0.7714
vn 0.6072 0.7401 0.2890
vn 0.6314 0.7693 0.0976
vn 0.0627 0.0761 -0.9951
vn 0.6313 0.7693 -0.0975
vn 0.7400 0.6074 0.2890
vn 0.2252 0.1850 -0.9566
vn 0.7693 0.6314 0.0975
vn 0.0762 0.0624 -0.9951
vn 0.2250 0.1849 0.9566
vn 0.7401 0.6073 -0.2890
vn 0.3657 0.3003 0.8810
vn 0.6825 0.5600 -0.4696
vn 0.5987 0.4914 0.6325
vn 0.4917 0.4038 -0.7715
vn 0.5611 0.3001 -0.7715
vn 0.7786 0.4161 0.4696
vn 0.4173 0.2230 -0.8810
vn 0.2572 0.1375 -0.9565
vn 0.0870 0.0465 0.9951
vn 0.2790 0.0845 -0.9566
vn 0.6089 0.1847 0.7715
vn 0.6088 0.1848 -0.7715
vn 0.4527 0.1375 -0.8810
vn 0.7708 0.0759 0.6326
vn 0.2901 -0.0284 -0.9566
vn 0.8786 -0.0867 -0.4695
vn 0.7707 -0.0759 -0.6327
vn 0.6087 -0.1848 -0.7715
vn 0.4528 -0.1375 -0.8810
vn 0.8448 -0.2564 -0.4696
vn 0.2572 -0.1374 0.9566
vn 0.8443 -0.4512 -0.2890
vn 0.5611 -0.3001 -0.7715
vn 0.2570 -0.1375 -0.9566
vn 0.8777 -0.4691 0.0976
vn 0.6825 -0.5600 0.4697
vn 0.3658 -0.3000 -0.8810
vn 0.2258 -0.1850 -0.9564
vn 0.0762 -0.0624 -0.9951
vn 0.7401 -0.6073 -0.2890
vn 0.3657 -0.3001 0.8810
vn 0.5986 -0.4914 -0.6326
vn 0.6313 -0.7693 -0.0975
vn 0.6074 -0.7400 -0.2890
vn 0.5600 -0.6825 -0.4696
vn 0.4912 -0.5987 -0.6326
vn 0.4036 -0.4919 -0.7715
vn 0.5601 -0.6825 0.4696
vn 0.6073 -0.7401 0.2890
vn 0.1847 -0.2252 -0.9566
vn 0.6314 -0.7693 0.0976
vn 0.0627 -0.0761 -0.9951
vn 0.4162 -0.7786 0.4697
vn 0.1377 -0.2570 -0.9565
vn 0.0463 -0.0869 -0.9951
vn 0.2231 -0.4173 0.8810
vn 0.4163 -0.7786 -0.4697
vn 0.3651 -0.6831 0.6325
vn 0.0846 -0.2791 0.9565
vn 0.1847 -0.6089 -0.7715
vn 0.1376 -0.4527 -0.8810
vn 0.2779 -0.9161 0.2890
vn 0.0851 -0.2789 -0.9566
vn 0.2889 -0.9524 0.0976
vn 0.0463 -0.4709 -0.8810
vn 0.0287 -0.2901 -0.9566
vn 0.0287 -0.2900 0.9566
vn 0.0623 -0.6332 0.7714
vn 0.0622 -0.6332 -0.7715
vn -0.0624 -0.6332 0.7714
vn -0.0464 -0.4707 -0.8811
vn -0.0287 -0.2901 -0.9566
vn -0.0284 -0.2902 0.9565
vn -0.0845 -0.2789 -0.9566
vn -0.0847 -0.2789 0.9566
vn -0.2562 -0.8449 -0.4696
vn -0.1846 -0.6089 -0.7715
vn -0.4163 -0.7785 -0.4696
vn -0.2998 -0.5611 -0.7715
vn -0.2230 -0.4173 -0.8810
vn -0.1379 -0.2567 -0.9566
vn -0.0463 -0.0868 -0.9951
vn -0.1377 -0.2570 0.9566
vn -0.2230 -0.4174 0.8809
vn -0.1850 -0.2255 -0.9565
vn -0.6313 -0.7694 0.0976
vn -0.0627 -0.0761 -0.9951
vn -0.6313 -0.7694 -0.0976
vn -0.1848 -0.2254 0.9566
vn -0.5601 -0.6825 -0.4696
vn -0.4036 -0.4918 -0.7715
vn -0.3002 -0.3657 -0.8810
vn -0.6073 -0.7400 0.2890
vn -0.4920 -0.4035 0.7715
vn -0.3658 -0.3000 -0.8810
vn -0.0762 -0.0625 -0.9951
vn -0.2253 -0.1849 0.9566
vn -0.3658 -0.3002 0.8809
vn -0.6825 -0.5601 -0.4696
vn -0.0870 -0.0465 0.9951
vn -0.2572 -0.1374 0.9566
vn -0.8442 -0.4514 -0.2889
vn -0.4174 -0.2230 0.8810
vn -0.6830 -0.3653 0.6325
vn -0.5611 -0.2997 -0.7716
vn -0.4173 -0.2231 -0.8809
vn -0.2571 -0.1375 -0.9565
vn -0.6088 -0.1846 -0.7716
vn -0.4527 -0.1375 -0.8810
vn -0.2789 -0.0849 -0.9566
vn -0.8448 -0.2564 -0.4696
vn -0.2901 -0.0285 0.9566
vn -0.4710 -0.0464 0.8809
vn -0.2901 -0.0287 -0.9566
vn -0.9905 -0.0974 0.0976
vn -0.2901 0.0287 -0.9566
vn -0.8787 0.0862 -0.4696
vn -0.2789 0.0848 0.9566
vn -0.9162 0.2778 -0.2890
vn -0.8448 0.2564 -0.4696
vn -0.6089 0.1846 0.7715
vn -0.6088 0.1848 -0.7715
vn -0.8449 0.2564 0.4695
vn -0.4527 0.1375 -0.8810
vn -0.2570 0.1375 -0.9566
vn -0.8442 0.4514 -0.2890
vn -0.4174 0.2230 0.8810
vn -0.7786 0.4161 -0.4697
vn -0.5612 0.2999 0.7715
vn -0.6829 0.3654 -0.6326
vn -0.7402 0.6071 -0.2890
vn -0.3657 0.3002 0.8810
vn -0.4919 0.4035 0.7715
vn -0.2254 0.1850 -0.9565
vn -0.7694 0.6313 0.0976
vn -0.0762 0.0625 -0.9951
vn -0.7693 0.6313 -0.0976
vn -0.3002 0.3657 -0.8810
vn -0.6073 0.7401 0.2890
vn -0.1850 0.2255 -0.9565
vn -0.6313 0.7694 0.0976
vn -0.0627 0.0761 -0.9951
vn -0.6074 0.7400 -0.2890
vn -0.4037 0.4917 0.7715
vn -0.4036 0.4918 -0.7715
vn -0.5600 0.6825 0.4697
vn -0.2231 0.4174 0.8809
vn -0.2231 0.4172 -0.8810
vn -0.1377 0.2568 -0.9566
vn -0.0463 0.0868 -0.9951
vn -0.4512 0.8443 -0.2890
vn -0.0851 0.2792 -0.9565
vn -0.2890 0.9524 0.0976
vn -0.2889 0.9524 -0.0976
vn -0.0847 0.2791 0.9565
vn -0.1373 0.4529 0.8809
vn -0.1848 0.6088 0.7715
vn -0.2563 0.8449 0.4696
vn -0.1376 0.4530 -0.8808
vn -0.0624 0.6332 0.7714
vn -0.0463 0.4707 -0.8811
vn -0.0938 0.9527 0.2890
vn -0.0290 0.2901 -0.9566
vn -0.0287 0.2901 0.9566
vn -0.0939 0.9527 -0.2890
vn -0.2589 -0.9659 -0.0000
vn -0.9659 -0.2589 -0.0000
vn 0.9659 0.2589 -0.0000
vn 0.9659 -0.2589 -0.0000
vn 0.7072 -0.7070 -0.0000
vn -0.0000 -0.7071 0.7072
vn -0.0000 -0.2587 -0.9659
vn -0.0000 0.2587 -0.9659
vn -0.0000 0.2589 0.9659
vn 1.0000 0.0001 -0.0000
vn -0.0000 1.0000 -0.0000
vn -0.0000 -1.0000 -0.0000
vn 0.0001 -0.0000 1.0000
vn -0.0001 -0.0000 1.0000
vn -0.0002 -0.0000 -1.0000
vn 0.0002 -0.0000 -1.0000
vn -0.0000 0.2588 -0.9659
vn -0.0000 -0.2588 -0.9659
vn 1.0000 -0.0002 -0.0000
vn 1.0000 0.0002 -0.0000
vn -0.0000 -0.2589 0.9659
vn 0.0759 0.7708 -0.6325
vn 0.0624 0.6332 -0.7714
vn 0.0866 0.8786 0.4696
vn 0.0465 0.4708 -0.8810
vn 0.0285 0.2902 -0.9565
vn 0.0287 0.2901 0.9566
vn 0.0463 0.4709 0.8810
vn 0.0623 0.6332 0.7715
vn 0.2563 0.8449 -0.4696
vn 0.1846 0.6088 0.7716
vn 0.2249 0.7411 -0.6326
vn 0.2248 0.7412 0.6325
vn 0.1373 0.4528 -0.8810
vn 0.0846 0.2791 -0.9565
vn 0.2888 0.9524 0.0975
vn 0.0845 0.2789 0.9566
vn 0.2778 0.9162 -0.2889
vn 0.1372 0.4528 0.8810
vn 0.1374 0.2573 -0.9565
vn 0.4692 0.8777 -0.0976
vn 0.1379 0.2573 0.9564
vn 0.2230 0.4173 0.8810
vn 0.4161 0.7787 -0.4696
vn 0.2999 0.5612 0.7714
vn 0.3650 0.6830 0.6326
vn 0.4163 0.7786 0.4697
vn 0.2231 0.4173 -0.8810
vn 0.4037 0.4917 0.7715
vn 0.4913 0.5987 0.6326
vn 0.4037 0.4918 -0.7715
vn 0.5602 0.6824 0.4697
vn 0.6074 0.7400 0.2890
vn 0.1848 0.2254 -0.9566
vn 0.6313 0.7694 0.0975
vn 0.6314 0.7693 -0.0976
vn 0.1847 0.2252 0.9566
vn 0.2255 0.1850 0.9565
vn 0.7400 0.6074 -0.2890
vn 0.3658 0.3003 0.8809
vn 0.6824 0.5602 -0.4696
vn 0.4917 0.4036 0.7716
vn 0.5987 0.4914 -0.6326
vn 0.5987 0.4912 0.6326
vn 0.6826 0.5600 0.4696
vn 0.3657 0.3002 -0.8810
vn 0.2252 0.1849 -0.9566
vn 0.6832 0.3650 -0.6325
vn 0.6830 0.3651 0.6326
vn 0.5612 0.3000 -0.7714
vn 0.7787 0.4161 0.4696
vn 0.4174 0.2232 -0.8809
vn 0.8443 0.4512 0.2890
vn 0.2570 0.1374 -0.9566
vn 0.2569 0.1375 0.9566
vn 0.8443 0.4513 -0.2890
vn 0.4173 0.2233 0.8809
vn 0.7786 0.4162 -0.4697
vn 0.5611 0.2999 0.7715
vn 0.9524 0.2888 -0.0976
vn 0.2792 0.0845 0.9565
vn 0.9161 0.2780 -0.2890
vn 0.4528 0.1371 0.8810
vn 0.8449 0.2563 -0.4696
vn 0.6089 0.1846 0.7715
vn 0.7411 0.2248 0.6326
vn 0.6089 0.1847 -0.7714
vn 0.4528 0.1374 -0.8810
vn 0.9161 0.2779 0.2890
vn 0.2790 0.0846 -0.9566
vn 0.9523 0.2890 0.0976
vn 0.6332 0.0622 -0.7715
vn 0.4708 0.0464 -0.8810
vn 0.2901 0.0286 -0.9566
vn 0.9904 0.0975 0.0976
vn 0.2901 0.0287 0.9566
vn 0.9527 0.0939 -0.2890
vn 0.4710 0.0466 0.8809
vn 0.8786 0.0867 -0.4696
vn 0.6331 0.0623 0.7715
vn 0.7708 0.0759 -0.6326
vn 0.7707 0.0759 0.6326
vn 0.2901 -0.0287 0.9566
vn 0.9527 -0.0939 -0.2890
vn 0.4709 -0.0466 0.8809
vn 0.8786 -0.0865 -0.4697
vn 0.6332 -0.0623 0.7715
vn 0.7708 -0.0759 -0.6326
vn 0.6332 -0.0622 -0.7715
vn 0.4708 -0.0464 -0.8810
vn 0.2901 -0.0286 -0.9566
vn 0.9904 -0.0975 0.0976
vn 0.4527 -0.1374 -0.8810
vn 0.9161 -0.2779 0.2890
vn 0.2789 -0.0846 -0.9566
vn 0.9524 -0.2889 -0.0975
vn 0.2792 -0.0845 0.9565
vn 0.9161 -0.2780 -0.2890
vn 0.4527 -0.1373 0.8810
vn 0.8448 -0.2563 -0.4696
vn 0.6089 -0.1846 0.7715
vn 0.7412 -0.2247 -0.6326
vn 0.7411 -0.2248 0.6326
vn 0.6090 -0.1847 -0.7714
vn 0.8443 -0.4513 -0.2890
vn 0.4173 -0.2233 0.8809
vn 0.7785 -0.4164 -0.4696
vn 0.5611 -0.2999 0.7715
vn 0.6831 -0.3650 -0.6325
vn 0.5612 -0.3000 -0.7714
vn 0.4174 -0.2232 -0.8809
vn 0.8443 -0.4512 0.2890
vn 0.2570 -0.1374 -0.9566
vn 0.8777 -0.4692 0.0976
vn 0.8778 -0.4691 -0.0975
vn 0.2570 -0.1375 0.9566
vn 0.3658 -0.3001 -0.8810
vn 0.2252 -0.1849 -0.9566
vn 0.2258 -0.1850 0.9564
vn 0.7400 -0.6074 -0.2890
vn 0.3659 -0.3003 0.8809
vn 0.6824 -0.5602 -0.4696
vn 0.4917 -0.4036 0.7716
vn 0.5987 -0.4914 -0.6326
vn 0.5987 -0.4912 0.6326
vn 0.6824 -0.5602 0.4696
vn 0.3001 -0.3657 0.8810
vn 0.4036 -0.4918 0.7716
vn 0.4913 -0.5988 -0.6325
vn 0.4912 -0.5987 0.6326
vn 0.4037 -0.4918 -0.7715
vn 0.5601 -0.6824 0.4697
vn 0.3002 -0.3657 -0.8810
vn 0.6074 -0.7400 0.2890
vn 0.1848 -0.2254 -0.9566
vn 0.6313 -0.7694 0.0975
vn 0.6314 -0.7693 -0.0976
vn 0.1850 -0.2252 0.9566
vn 0.4514 -0.8442 0.2890
vn 0.1374 -0.2570 -0.9566
vn 0.4692 -0.8777 -0.0976
vn 0.1378 -0.2573 0.9564
vn 0.4513 -0.8443 -0.2890
vn 0.2228 -0.4173 0.8810
vn 0.4162 -0.7786 -0.4696
vn 0.2999 -0.5612 0.7714
vn 0.3652 -0.6830 -0.6326
vn 0.3650 -0.6830 0.6326
vn 0.4163 -0.7786 0.4697
vn 0.2231 -0.4173 -0.8810
vn 0.2562 -0.8448 -0.4697
vn 0.1846 -0.6088 0.7716
vn 0.2249 -0.7411 -0.6326
vn 0.2248 -0.7411 0.6326
vn 0.2563 -0.8448 0.4697
vn 0.1373 -0.4527 -0.8810
vn 0.2780 -0.9161 0.2890
vn 0.0848 -0.2791 -0.9565
vn 0.2888 -0.9524 0.0976
vn 0.2889 -0.9524 -0.0975
vn 0.0842 -0.2789 0.9566
vn 0.0286 -0.2902 -0.9565
vn 0.0976 -0.9904 -0.0975
vn 0.0281 -0.2901 0.9566
vn 0.0466 -0.4710 0.8809
vn 0.0626 -0.6331 0.7716
vn 0.0759 -0.7708 -0.6325
vn 0.0759 -0.7708 0.6326
vn 0.0624 -0.6331 -0.7715
vn 0.0866 -0.8786 0.4696
vn 0.0464 -0.4708 -0.8810
vn -0.0759 -0.7707 -0.6326
vn -0.0624 -0.6332 -0.7714
vn -0.0866 -0.8786 0.4696
vn -0.0286 -0.2902 -0.9565
vn -0.0975 -0.9904 0.0975
vn -0.0976 -0.9904 -0.0975
vn -0.0287 -0.2901 0.9566
vn -0.0467 -0.4710 0.8809
vn -0.0623 -0.6332 0.7715
vn -0.0842 -0.2789 0.9566
vn -0.2778 -0.9161 -0.2890
vn -0.1373 -0.4526 0.8811
vn -0.2563 -0.8448 -0.4696
vn -0.1846 -0.6088 0.7716
vn -0.2248 -0.7412 -0.6326
vn -0.2248 -0.7411 0.6326
vn -0.1848 -0.6089 -0.7714
vn -0.2563 -0.8449 0.4696
vn -0.1373 -0.4529 -0.8809
vn -0.0848 -0.2789 -0.9566
vn -0.2888 -0.9524 0.0976
vn -0.3650 -0.6830 0.6326
vn -0.2231 -0.4174 -0.8809
vn -0.4514 -0.8442 0.2890
vn -0.1375 -0.2571 -0.9565
vn -0.4691 -0.8777 0.0976
vn -0.4692 -0.8777 -0.0976
vn -0.1379 -0.2573 0.9564
vn -0.2231 -0.4174 0.8809
vn -0.2999 -0.5611 0.7715
vn -0.3652 -0.6830 -0.6326
vn -0.6315 -0.7692 -0.0976
vn -0.1847 -0.2252 0.9566
vn -0.6073 -0.7400 -0.2890
vn -0.3002 -0.3658 0.8809
vn -0.4036 -0.4917 0.7716
vn -0.4913 -0.5987 -0.6326
vn -0.4912 -0.5987 0.6326
vn -0.4036 -0.4920 -0.7714
vn -0.5602 -0.6824 0.4697
vn -0.3002 -0.3656 -0.8810
vn -0.6074 -0.7399 0.2890
vn -0.1848 -0.2254 -0.9566
vn -0.6313 -0.7694 0.0975
vn -0.4918 -0.4037 -0.7715
vn -0.6826 -0.5600 0.4696
vn -0.3657 -0.3002 -0.8810
vn -0.2252 -0.1849 -0.9566
vn -0.7693 -0.6314 0.0975
vn -0.2255 -0.1850 0.9565
vn -0.7400 -0.6074 -0.2891
vn -0.3658 -0.3003 0.8809
vn -0.6823 -0.5602 -0.4696
vn -0.4917 -0.4036 0.7716
vn -0.5987 -0.4914 -0.6326
vn -0.5986 -0.4914 0.6326
vn -0.2569 -0.1376 0.9566
vn -0.4172 -0.2230 0.8810
vn -0.5611 -0.2999 0.7715
vn -0.6832 -0.3650 -0.6325
vn -0.6830 -0.3651 0.6326
vn -0.5612 -0.2999 -0.7715
vn -0.4174 -0.2230 -0.8810
vn -0.2570 -0.1374 -0.9566
vn -0.8778 -0.4690 0.0976
vn -0.8778 -0.4690 -0.0976
vn -0.8448 -0.2565 0.4696
vn -0.4529 -0.1373 -0.8809
vn -0.2790 -0.0846 -0.9566
vn -0.9523 -0.2890 0.0976
vn -0.2792 -0.0845 0.9565
vn -0.4527 -0.1373 0.8810
vn -0.8448 -0.2564 -0.4697
vn -0.6088 -0.1848 0.7715
vn -0.7412 -0.2249 -0.6325
vn -0.7411 -0.2248 0.6326
vn -0.6089 -0.1847 -0.7714
vn -0.9527 -0.0938 -0.2890
vn -0.4710 -0.0466 0.8809
vn -0.8786 -0.0865 -0.4697
vn -0.6332 -0.0623 0.7715
vn -0.7708 -0.0759 -0.6326
vn -0.6332 -0.0622 -0.7714
vn -0.4708 -0.0464 -0.8810
vn -0.9527 -0.0939 0.2890
vn -0.2901 -0.0286 -0.9566
vn -0.9904 -0.0975 0.0976
vn -0.2901 -0.0287 0.9566
vn -0.4708 0.0464 -0.8810
vn -0.9527 0.0939 0.2890
vn -0.2901 0.0286 -0.9566
vn -0.9904 0.0975 0.0976
vn -0.2901 0.0287 0.9566
vn -0.9527 0.0938 -0.2890
vn -0.4709 0.0466 0.8809
vn -0.8786 0.0865 -0.4697
vn -0.6331 0.0623 0.7715
vn -0.7708 0.0759 -0.6325
vn -0.7707 0.0759 0.6326
vn -0.6332 0.0622 -0.7715
vn -0.6089 0.1848 0.7714
vn -0.7412 0.2249 -0.6325
vn -0.7411 0.2248 0.6326
vn -0.6090 0.1847 -0.7714
vn -0.8448 0.2565 0.4696
vn -0.4529 0.1373 -0.8809
vn -0.2789 0.0846 -0.9566
vn -0.9523 0.2890 0.0976
vn -0.2792 0.0845 0.9565
vn -0.4527 0.1373 0.8810
vn -0.2570 0.1374 -0.9566
vn -0.8777 0.4691 0.0975
vn -0.8777 0.4692 -0.0975
vn -0.2570 0.1375 0.9566
vn -0.8443 0.4512 -0.2890
vn -0.4172 0.2230 0.8810
vn -0.7786 0.4162 -0.4697
vn -0.5611 0.2999 0.7715
vn -0.6831 0.3650 -0.6325
vn -0.6830 0.3651 0.6326
vn -0.5612 0.2999 -0.7715
vn -0.4174 0.2230 -0.8809
vn -0.8443 0.4513 0.2889
vn -0.4917 0.4036 0.7716
vn -0.5987 0.4912 -0.6326
vn -0.5987 0.4912 0.6326
vn -0.4918 0.4037 -0.7715
vn -0.6826 0.5599 0.4696
vn -0.3658 0.3001 -0.8810
vn -0.2252 0.1849 -0.9566
vn -0.2258 0.1850 0.9564
vn -0.7400 0.6074 -0.2890
vn -0.3658 0.3003 0.8809
vn -0.6824 0.5602 -0.4696
vn -0.6313 0.7694 0.0975
vn -0.6315 0.7692 -0.0976
vn -0.1847 0.2252 0.9566
vn -0.3001 0.3658 0.8810
vn -0.5600 0.6825 -0.4696
vn -0.4037 0.4919 0.7714
vn -0.4913 0.5987 -0.6326
vn -0.4912 0.5987 0.6326
vn -0.4036 0.4920 -0.7714
vn -0.5601 0.6824 0.4697
vn -0.3002 0.3656 -0.8810
vn -0.6074 0.7400 0.2890
vn -0.1849 0.2254 -0.9566
vn -0.3652 0.6830 -0.6326
vn -0.3650 0.6830 0.6326
vn -0.4514 0.8442 0.2890
vn -0.1374 0.2571 -0.9566
vn -0.4691 0.8777 0.0976
vn -0.4692 0.8777 -0.0976
vn -0.1378 0.2573 0.9564
vn -0.2231 0.4172 0.8810
vn -0.0845 0.2789 0.9566
vn -0.2563 0.8448 -0.4697
vn -0.1846 0.6088 0.7716
vn -0.2248 0.7412 -0.6326
vn -0.2248 0.7411 0.6326
vn -0.1847 0.6089 -0.7715
vn -0.2563 0.8448 0.4697
vn -0.1373 0.4527 -0.8810
vn -0.0849 0.2789 -0.9566
vn -0.0759 0.7708 0.6326
vn -0.0624 0.6332 -0.7714
vn -0.0866 0.8786 0.4696
vn -0.0464 0.4709 -0.8810
vn -0.0285 0.2902 -0.9565
vn -0.0975 0.9904 0.0975
vn -0.0976 0.9904 -0.0976
vn -0.0281 0.2901 0.9566
vn -0.0466 0.4710 0.8809
vn -0.0626 0.6332 0.7715
vn -0.0759 0.7707 -0.6326
vn -0.2241 -0.1294 0.9659
vn -0.8364 -0.4830 0.2589
vn -0.8365 -0.4829 -0.2588
vn -0.2240 -0.1294 -0.9660
vn 0.2243 0.1294 -0.9659
vn 0.6124 0.3536 -0.7070
vn 0.8365 0.4829 0.2588
vn -0.5000 0.8660 -0.0001
vn -0.5000 0.8660 0.0002
vn -0.4997 0.8662 -0.0000
vn -0.5001 0.8660 -0.0002
vn -0.4995 0.8663 0.0001
vn -0.5001 0.8660 -0.0000
vn 0.2243 0.1294 0.9659
vn 0.4999 -0.8661 0.0001
vn 0.5001 -0.8660 -0.0000
vn 0.4999 -0.8661 -0.0000
vn 0.4996 -0.8662 -0.0001
vn 0.5000 -0.8661 -0.0001
vn 0.5002 -0.8659 -0.0000
vn 0.0759 0.7707 -0.6326
vn 0.0462 0.4709 -0.8810
vn 0.0286 0.2901 -0.9566
vn 0.0975 0.9904 -0.0976
vn 0.0282 0.2901 0.9566
vn 0.2779 0.9161 -0.2890
vn 0.1372 0.4529 0.8809
vn 0.1847 0.6089 -0.7715
vn 0.2563 0.8448 0.4696
vn 0.1373 0.4527 -0.8810
vn 0.2780 0.9161 0.2890
vn 0.0848 0.2791 -0.9565
vn 0.2889 0.9524 -0.0976
vn 0.0849 0.2789 0.9566
vn 0.1375 0.2571 -0.9565
vn 0.1379 0.2570 0.9565
vn 0.2231 0.4172 0.8810
vn 0.2999 0.5611 0.7715
vn 0.3650 0.6831 -0.6326
vn 0.4163 0.7786 0.4696
vn 0.4036 0.4919 0.7714
vn 0.4914 0.5986 -0.6327
vn 0.4913 0.5986 0.6327
vn 0.5601 0.6825 0.4696
vn 0.3000 0.3659 -0.8809
vn 0.6073 0.7400 0.2890
vn 0.1847 0.2254 -0.9566
vn 0.6314 0.7693 -0.0975
vn 0.3002 0.3658 0.8809
vn 0.7694 0.6313 -0.0975
vn 0.3658 0.3002 0.8810
vn 0.6825 0.5601 -0.4696
vn 0.4917 0.4038 0.7715
vn 0.4918 0.4035 -0.7715
vn 0.6825 0.5601 0.4696
vn 0.5612 0.2997 -0.7715
vn 0.7786 0.4162 0.4696
vn 0.4174 0.2231 -0.8809
vn 0.8778 0.4690 -0.0976
vn 0.2568 0.1375 0.9566
vn 0.4173 0.2228 0.8810
vn 0.2790 0.0848 0.9565
vn 0.4527 0.1375 0.8810
vn 0.8449 0.2562 -0.4696
vn 0.6088 0.1848 0.7715
vn 0.7411 0.2249 0.6326
vn 0.4529 0.1374 -0.8809
vn 0.7708 0.0759 -0.6325
vn 0.6333 0.0624 -0.7714
vn 0.8786 0.0867 0.4695
vn 0.2902 0.0286 -0.9565
vn 0.2901 0.0284 0.9566
vn 0.4710 0.0464 0.8809
vn 0.8786 0.0865 -0.4697
vn 0.6332 0.0623 0.7715
vn 0.2901 -0.0284 0.9566
vn 0.7707 -0.0759 0.6326
vn 0.6333 -0.0624 -0.7714
vn 0.7411 -0.2249 0.6326
vn 0.6089 -0.1847 -0.7714
vn 0.8448 -0.2565 0.4696
vn 0.4529 -0.1374 -0.8809
vn 0.2789 -0.0848 -0.9566
vn 0.9523 -0.2890 0.0976
vn 0.9524 -0.2888 -0.0976
vn 0.4527 -0.1375 0.8810
vn 0.8449 -0.2562 -0.4696
vn 0.6089 -0.1848 0.7714
vn 0.7412 -0.2249 -0.6326
vn 0.8777 -0.4692 -0.0975
vn 0.4172 -0.2230 0.8810
vn 0.5610 -0.3001 0.7715
vn 0.5612 -0.2999 -0.7715
vn 0.7786 -0.4162 0.4696
vn 0.4174 -0.2231 -0.8809
vn 0.4918 -0.4035 -0.7715
vn 0.3656 -0.3003 -0.8810
vn 0.7694 -0.6313 -0.0975
vn 0.3659 -0.3000 0.8810
vn 0.4917 -0.4038 0.7715
vn 0.5986 -0.4915 -0.6325
vn 0.6073 -0.7401 -0.2890
vn 0.3001 -0.3658 0.8810
vn 0.4036 -0.4919 0.7714
vn 0.4914 -0.5986 -0.6326
vn 0.5600 -0.6826 0.4696
vn 0.3002 -0.3658 -0.8810
vn 0.6313 -0.7694 0.0976
vn 0.2231 -0.4174 -0.8809
vn 0.4691 -0.8777 0.0975
vn 0.1378 -0.2570 0.9565
vn 0.4161 -0.7787 -0.4696
vn 0.3000 -0.5611 0.7715
vn 0.3651 -0.6831 -0.6326
vn 0.1375 -0.4528 0.8810
vn 0.2562 -0.8449 -0.4696
vn 0.2247 -0.7412 0.6325
vn 0.1373 -0.4528 -0.8810
vn 0.2779 -0.9161 0.2889
vn 0.0848 -0.2789 -0.9566
vn 0.0842 -0.2792 0.9565
vn 0.0286 -0.2901 -0.9566
vn 0.0466 -0.4709 0.8810
vn 0.0623 -0.6332 0.7715
vn 0.0624 -0.6332 -0.7714
vn 0.0866 -0.8786 0.4697
vn 0.0464 -0.4709 -0.8810
vn -0.0866 -0.8786 0.4697
vn -0.0462 -0.4708 -0.8810
vn -0.0286 -0.2901 -0.9566
vn -0.0976 -0.9904 -0.0976
vn -0.0463 -0.4709 0.8810
vn -0.2889 -0.9524 0.0976
vn -0.0845 -0.2789 0.9566
vn -0.2779 -0.9161 -0.2891
vn -0.1372 -0.4530 0.8809
vn -0.1846 -0.6089 0.7715
vn -0.1847 -0.6089 -0.7715
vn -0.2563 -0.8448 0.4696
vn -0.1373 -0.4528 -0.8810
vn -0.2780 -0.9161 0.2890
vn -0.2999 -0.5612 -0.7714
vn -0.4163 -0.7785 0.4697
vn -0.2230 -0.4174 -0.8809
vn -0.4691 -0.8777 0.0975
vn -0.1379 -0.2568 0.9566
vn -0.6313 -0.7693 0.0976
vn -0.1847 -0.2255 0.9566
vn -0.6073 -0.7401 -0.2890
vn -0.3002 -0.3657 0.8810
vn -0.5600 -0.6825 -0.4696
vn -0.4037 -0.4917 0.7715
vn -0.4914 -0.5986 -0.6326
vn -0.4912 -0.5988 0.6325
vn -0.5601 -0.6824 0.4696
vn -0.3002 -0.3658 -0.8810
vn -0.1847 -0.2254 -0.9566
vn -0.5987 -0.4913 0.6326
vn -0.6825 -0.5600 0.4697
vn -0.3656 -0.3002 -0.8810
vn -0.7401 -0.6072 0.2891
vn -0.7694 -0.6313 -0.0975
vn -0.3658 -0.3000 0.8810
vn -0.6825 -0.5600 -0.4697
vn -0.4918 -0.4036 0.7715
vn -0.2573 -0.1372 0.9565
vn -0.8443 -0.4514 -0.2890
vn -0.4173 -0.2228 0.8810
vn -0.7787 -0.4161 -0.4696
vn -0.5611 -0.2997 0.7716
vn -0.6831 -0.3649 -0.6326
vn -0.6829 -0.3654 0.6326
vn -0.7785 -0.4163 0.4696
vn -0.4174 -0.2232 -0.8809
vn -0.8442 -0.4514 0.2889
vn -0.4529 -0.1374 -0.8809
vn -0.9161 -0.2778 0.2890
vn -0.2789 -0.0848 -0.9566
vn -0.2792 -0.0842 0.9565
vn -0.9161 -0.2777 -0.2890
vn -0.4527 -0.1375 0.8810
vn -0.6089 -0.1846 0.7715
vn -0.7411 -0.2250 -0.6325
vn -0.7411 -0.2249 0.6326
vn -0.2901 -0.0281 0.9566
vn -0.4710 -0.0462 0.8809
vn -0.8786 -0.0868 -0.4697
vn -0.6331 -0.0623 0.7715
vn -0.7708 -0.0759 -0.6325
vn -0.6332 -0.0624 -0.7714
vn -0.9527 -0.0941 0.2890
vn -0.2901 -0.0288 -0.9566
vn -0.9904 -0.0979 0.0976
vn -0.9905 -0.0974 -0.0976
vn -0.8787 0.0862 0.4696
vn -0.9527 0.0941 0.2890
vn -0.2901 0.0288 -0.9566
vn -0.9904 0.0979 0.0976
vn -0.9905 0.0974 -0.0976
vn -0.4709 0.0462 0.8810
vn -0.8786 0.0868 -0.4697
vn -0.6332 0.0623 0.7715
vn -0.6332 0.0624 -0.7714
vn -0.9161 0.2778 -0.2890
vn -0.4527 0.1375 0.8810
vn -0.8449 0.2564 -0.4696
vn -0.7411 0.2250 -0.6325
vn -0.7411 0.2249 0.6326
vn -0.6089 0.1847 -0.7714
vn -0.4529 0.1374 -0.8809
vn -0.9162 0.2777 0.2890
vn -0.2789 0.0848 -0.9566
vn -0.2792 0.0848 0.9565
vn -0.4174 0.2232 -0.8809
vn -0.8442 0.4514 0.2890
vn -0.2571 0.1376 -0.9565
vn -0.8778 0.4690 0.0975
vn -0.8442 0.4513 -0.2890
vn -0.4173 0.2228 0.8810
vn -0.5611 0.2997 0.7716
vn -0.6831 0.3649 -0.6326
vn -0.6829 0.3654 0.6326
vn -0.5611 0.3002 -0.7714
vn -0.7786 0.4163 0.4696
vn -0.6824 0.5601 -0.4696
vn -0.4917 0.4038 0.7715
vn -0.5987 0.4913 0.6326
vn -0.3658 0.3002 -0.8809
vn -0.7401 0.6072 0.2890
vn -0.7693 0.6314 0.0976
vn -0.7694 0.6313 -0.0975
vn -0.2255 0.1850 0.9565
vn -0.7400 0.6074 -0.2891
vn -0.6314 0.7693 -0.0975
vn -0.1850 0.2255 0.9565
vn -0.3001 0.3657 0.8810
vn -0.4912 0.5988 0.6325
vn -0.4037 0.4918 -0.7715
vn -0.3002 0.3658 -0.8810
vn -0.3000 0.5611 0.7715
vn -0.2999 0.5612 -0.7714
vn -0.4163 0.7785 0.4697
vn -0.4513 0.8443 0.2890
vn -0.1373 0.2571 0.9566
vn -0.2231 0.4173 0.8810
vn -0.0842 0.2789 0.9566
vn -0.1373 0.4530 0.8809
vn -0.2563 0.8449 -0.4695
vn -0.1373 0.4529 -0.8809
vn -0.0624 0.6331 -0.7715
vn -0.0286 0.2902 -0.9565
vn -0.0975 0.9904 0.0976
vn -0.0281 0.2904 0.9565
vn -0.0464 0.4709 0.8810
vn -0.0626 0.6331 0.7716
vn 0.2242 -0.1294 0.9659
vn 0.8365 -0.4830 0.2589
vn 0.2243 -0.1294 -0.9659
vn -0.2241 0.1294 -0.9659
vn -0.6125 0.3536 -0.7070
vn -0.8365 0.4829 0.2588
vn -0.4998 -0.8661 0.0001
vn -0.4997 -0.8662 -0.0001
vn -0.4997 -0.8662 -0.0000
vn -0.5000 -0.8660 0.0001
vn -0.5000 -0.8660 -0.0001
vn -0.5001 -0.8660 -0.0000
vn -0.2242 0.1294 0.9659
vn 0.4999 0.8661 -0.0001
vn 0.5001 0.8660 -0.0000
vn 0.4999 0.8661 -0.0000
vn 0.4996 0.8662 0.0001
vn 0.5000 0.8661 0.0001
vn 0.5002 0.8659 -0.0000
vn 0.0467 0.4709 0.8810
vn 0.0760 0.7708 0.6326
vn 0.0866 0.8786 0.4697
vn 0.0464 0.4709 -0.8810
vn 0.0848 0.2789 0.9566
vn 0.2562 0.8449 -0.4696
vn 0.2248 0.7411 -0.6327
vn 0.1847 0.6089 -0.7714
vn 0.1375 0.4527 -0.8810
vn 0.0849 0.2789 -0.9565
vn 0.4163 0.7785 0.4697
vn 0.2231 0.4174 -0.8809
vn 0.1372 0.2571 -0.9566
vn 0.4162 0.7787 -0.4696
vn 0.3651 0.6831 -0.6326
vn 0.6073 0.7401 -0.2890
vn 0.4037 0.4919 0.7714
vn 0.4914 0.5986 -0.6326
vn 0.4912 0.5987 0.6326
vn 0.3000 0.3659 -0.8810
vn 0.6074 0.7399 0.2890
vn 0.2253 0.1849 -0.9566
vn 0.2256 0.1850 0.9565
vn 0.3659 0.3000 0.8810
vn 0.6825 0.5601 -0.4697
vn 0.4918 0.4037 0.7715
vn 0.5986 0.4915 -0.6325
vn 0.5987 0.4913 0.6326
vn 0.4919 0.4035 -0.7715
vn 0.7787 0.4161 -0.4696
vn 0.2572 0.1374 -0.9566
vn 0.8778 0.4691 -0.0976
vn 0.2572 0.1375 0.9565
vn 0.2789 0.0848 -0.9566
vn 0.7412 0.2249 -0.6326
vn 0.6089 0.1847 -0.7715
vn 0.4528 0.1374 -0.8809
vn 0.2902 -0.0286 -0.9565
vn 0.4709 -0.0464 0.8809
vn 0.6088 -0.1847 -0.7715
vn 0.9524 -0.2888 -0.0975
vn 0.2573 -0.1375 0.9565
vn 0.7787 -0.4161 -0.4696
vn 0.5611 -0.2997 -0.7715
vn 0.4173 -0.2231 -0.8810
vn 0.2572 -0.1374 -0.9566
vn 0.8777 -0.4691 0.0975
vn 0.4919 -0.4035 -0.7715
vn 0.3657 -0.3002 0.8810
vn 0.6824 -0.5601 -0.4697
vn 0.4918 -0.4037 0.7715
vn 0.3002 -0.3658 0.8809
vn 0.4037 -0.4919 0.7714
vn 0.4913 -0.5987 0.6326
vn 0.4037 -0.4918 -0.7714
vn 0.3002 -0.3659 -0.8809
vn 0.6073 -0.7400 0.2890
vn 0.3001 -0.5611 -0.7715
vn 0.4513 -0.8443 0.2890
vn 0.1371 -0.2572 -0.9566
vn 0.1377 -0.2570 0.9565
vn 0.4162 -0.7787 -0.4696
vn 0.0845 -0.2789 0.9566
vn 0.1375 -0.4527 0.8810
vn 0.2248 -0.7411 -0.6326
vn 0.0846 -0.2791 -0.9565
vn 0.0284 -0.2901 -0.9566
vn 0.0626 -0.6332 0.7715
vn 0.0759 -0.7707 -0.6326
vn -0.0467 -0.4707 0.8810
vn -0.0623 -0.6331 0.7716
vn -0.0462 -0.4709 -0.8810
vn -0.1373 -0.4527 -0.8810
vn -0.0849 -0.2791 -0.9565
vn -0.0842 -0.2792 0.9565
vn -0.2779 -0.9161 -0.2890
vn -0.4162 -0.7786 -0.4697
vn -0.3000 -0.5612 -0.7714
vn -0.2231 -0.4173 -0.8810
vn -0.4513 -0.8443 0.2889
vn -0.1372 -0.2571 -0.9566
vn -0.1371 -0.2571 0.9566
vn -0.6314 -0.7693 -0.0976
vn -0.4913 -0.5986 0.6327
vn -0.4037 -0.4918 -0.7714
vn -0.4918 -0.4037 0.7715
vn -0.2253 -0.1849 -0.9566
vn -0.2252 -0.1850 0.9566
vn -0.3657 -0.3000 0.8810
vn -0.6825 -0.5599 -0.4697
vn -0.2571 -0.1375 0.9565
vn -0.4172 -0.2231 0.8810
vn -0.7786 -0.4161 -0.4697
vn -0.6831 -0.3649 0.6327
vn -0.5611 -0.3002 -0.7714
vn -0.4173 -0.2230 -0.8810
vn -0.2572 -0.1374 -0.9566
vn -0.7412 -0.2250 -0.6325
vn -0.4528 -0.1374 -0.8809
vn -0.2790 -0.0844 -0.9566
vn -0.4709 -0.0462 0.8810
vn -0.2902 -0.0285 -0.9565
vn -0.2902 0.0285 -0.9565
vn -0.2792 0.0842 0.9565
vn -0.9161 0.2777 -0.2890
vn -0.6088 0.1848 0.7715
vn -0.6089 0.1846 -0.7715
vn -0.4528 0.1374 -0.8809
vn -0.4173 0.2232 -0.8809
vn -0.2572 0.1374 -0.9566
vn -0.2573 0.1375 0.9565
vn -0.8443 0.4514 -0.2890
vn -0.4172 0.2231 0.8810
vn -0.5611 0.3001 0.7714
vn -0.6832 0.3649 -0.6325
vn -0.4918 0.4037 0.7715
vn -0.4918 0.4037 -0.7714
vn -0.3656 0.3003 -0.8810
vn -0.7401 0.6072 0.2891
vn -0.2253 0.1850 0.9566
vn -0.1848 0.2254 -0.9566
vn -0.6313 0.7693 0.0976
vn -0.6314 0.7693 -0.0976
vn -0.6073 0.7401 -0.2890
vn -0.3002 0.3657 0.8810
vn -0.5600 0.6825 -0.4697
vn -0.4035 0.4919 0.7715
vn -0.4037 0.4918 -0.7714
vn -0.2999 0.5611 0.7715
vn -0.2231 0.4174 -0.8809
vn -0.4514 0.8443 0.2890
vn -0.1371 0.2571 -0.9566
vn -0.2779 0.9161 0.2889
vn -0.0846 0.2789 -0.9566
vn -0.2888 0.9524 0.0975
vn -0.1375 0.4528 0.8810
vn -0.2562 0.8449 -0.4696
vn -0.1846 0.6089 0.7715
vn -0.2562 0.8449 0.4696
vn -0.0623 0.6331 0.7716
vn -0.0866 0.8786 0.4697
vn -0.0283 0.2902 -0.9565
vn -0.0466 0.4707 0.8810
vn -0.9659 0.2589 -0.0000
vn -0.7071 0.7072 -0.0000
vn -0.2589 0.9659 -0.0000
vn 0.7072 0.7070 -0.0000
vn 0.7071 -0.7072 -0.0000
vn -0.0000 -0.2587 0.9659
vn -0.0000 -0.7071 -0.7072
vn -1.0000 0.0002 -0.0000
vn -1.0000 0.0001 -0.0000
vn -0.0000 0.2587 0.9659
vn 1.0000 0.0004 -0.0000
vn 1.0000 -0.0004 -0.0000
vn 1.0000 -0.0001 -0.0000
s 0
usemtl bolt_black
f 2//1 3//1 1//1
f 4//2 5//2 3//2
f 6//3 7//3 5//3
f 8//4 9//4 7//4
f 10//5 11//5 9//5
f 12//6 13//6 11//6
f 14//7 15//7 13//7
f 16//8 17//8 15//8
f 18//9 19//9 17//9
f 20//10 21//10 19//10
f 22//11 14//11 6//11
f 22//12 23//12 21//12
f 24//13 1//13 23//13
f 7//14 15//14 23//14
f 26//15 27//15 25//15
f 28//16 29//16 27//16
f 30//17 31//17 29//17
f 32//18 33//18 31//18
f 34//19 35//19 33//19
f 36//20 37//20 35//20
f 38//21 39//21 37//21
f 40//22 41//22 39//22
f 42//23 43//23 41//23
f 44//24 45//24 43//24
f 46//25 38//25 30//25
f 46//26 47//26 45//26
f 48//27 25//27 47//27
f 31//28 39//28 47//28
f 532//541 533//541 531//541
f 533//542 536//542 535//542
f 536//543 537//543 535//543
f 538//544 539//544 537//544
f 540//545 541//545 539//545
f 541//546 544//546 543//546
f 543//547 546//547 545//547
f 546//548 547//548 545//548
f 548//549 549//549 547//549
f 550//550 551//550 549//550
f 552//551 544//551 536//551
f 552//552 553//552 551//552
f 554//553 531//553 553//553
f 537//554 545//554 553//554
f 1037//897 1040//897 1039//897
f 1040//898 1041//898 1039//898
f 1042//899 1043//899 1041//899
f 1043//900 1046//900 1045//900
f 1045//901 1048//901 1047//901
f 1048//902 1049//902 1047//902
f 1050//903 1051//903 1049//903
f 1051//904 1054//904 1053//904
f 1054//905 1055//905 1053//905
f 1056//906 1057//906 1055//906
f 1058//907 1050//907 1042//907
f 1058//908 1059//908 1057//908
f 1059//909 1038//909 1037//909
f 1043//910 1051//910 1059//910
f 1544//1106 1545//1106 1543//1106
f 1546//2 1547//2 1545//2
f 1548//1107 1549//1107 1547//1107
f 1550//4 1551//4 1549//4
f 1552//5 1553//5 1551//5
f 1554//6 1555//6 1553//6
f 1556//7 1557//7 1555//7
f 1558//8 1559//8 1557//8
f 1560//1108 1561//1108 1559//1108
f 1562//1109 1563//1109 1561//1109
f 1564//11 1556//11 1548//11
f 1564//1110 1565//1110 1563//1110
f 1566//13 1543//13 1565//13
f 1549//14 1557//14 1565//14
f 1568//27 1569//27 1567//27
f 1570//1111 1571//1111 1569//1111
f 1572//24 1573//24 1571//24
f 1574//23 1575//23 1573//23
f 1576//22 1577//22 1575//22
f 1578//1112 1579//1112 1577//1112
f 1580//1113 1581//1113 1579//1113
f 1582//19 1583//19 1581//19
f 1584//18 1585//18 1583//18
f 1586//17 1587//17 1585//17
f 1588//28 1580//28 1572//28
f 1588//16 1589//16 1587//16
f 1590//1114 1567//1114 1589//1114
f 1573//1115 1581//1115 1589//1115
f 2//1 4//1 3//1
f 4//2 6//2 5//2
f 6//3 8//3 7//3
f 8//4 10//4 9//4
f 10//5 12//5 11//5
f 12//6 14//6 13//6
f 14//7 16//7 15//7
f 16//8 18//8 17//8
f 18//9 20//9 19//9
f 20//10 22//10 21//10
f 6//1118 4//1118 2//1118
f 2//11 24//11 22//11
f 22//11 20//11 18//11
f 18//1119 16//1119 14//1119
f 14//11 12//11 10//11
f 10//11 8//11 6//11
f 6//11 2//11 22//11
f 22//11 18//11 14//11
f 14//11 10//11 6//11
f 22//12 24//12 23//12
f 24//13 2//13 1//13
f 23//14 1//14 3//14
f 3//1120 5//1120 7//1120
f 7//1120 9//1120 11//1120
f 11//14 13//14 15//14
f 15//1121 17//1121 19//1121
f 19//1121 21//1121 23//1121
f 23//14 3//14 7//14
f 7//14 11//14 15//14
f 15//14 19//14 23//14
f 26//1114 28//1114 27//1114
f 28//16 30//16 29//16
f 30//17 32//17 31//17
f 32//18 34//18 33//18
f 34//19 36//19 35//19
f 36//1122 38//1122 37//1122
f 38//1123 40//1123 39//1123
f 40//22 42//22 41//22
f 42//23 44//23 43//23
f 44//24 46//24 45//24
f 30//1124 28//1124 26//1124
f 26//25 48//25 46//25
f 46//25 44//25 42//25
f 42//1125 40//1125 38//1125
f 38//25 36//25 34//25
f 34//25 32//25 30//25
f 30//25 26//25 46//25
f 46//1124 42//1124 38//1124
f 38//1125 34//1125 30//1125
f 46//26 48//26 47//26
f 48//1126 26//1126 25//1126
f 47//28 25//28 27//28
f 27//28 29//28 31//28
f 31//28 33//28 35//28
f 35//28 37//28 39//28
f 39//28 41//28 43//28
f 43//28 45//28 47//28
f 47//28 27//28 31//28
f 31//28 35//28 39//28
f 39//28 43//28 47//28
f 532//1472 534//1472 533//1472
f 533//542 534//542 536//542
f 536//1473 538//1473 537//1473
f 538//1474 540//1474 539//1474
f 540//545 542//545 541//545
f 541//1475 542//1475 544//1475
f 543//1476 544//1476 546//1476
f 546//1477 548//1477 547//1477
f 548//549 550//549 549//549
f 550//1478 552//1478 551//1478
f 536//1479 534//1479 532//1479
f 532//1480 554//1480 552//1480
f 552//1481 550//1481 548//1481
f 548//1482 546//1482 544//1482
f 544//1483 542//1483 540//1483
f 540//1481 538//1481 536//1481
f 536//551 532//551 552//551
f 552//551 548//551 544//551
f 544//1484 540//1484 536//1484
f 552//552 554//552 553//552
f 554//1485 532//1485 531//1485
f 553//1486 531//1486 533//1486
f 533//1487 535//1487 537//1487
f 537//1488 539//1488 541//1488
f 541//1489 543//1489 545//1489
f 545//1490 547//1490 549//1490
f 549//554 551//554 553//554
f 553//1488 533//1488 537//1488
f 537//554 541//554 545//554
f 545//1491 549//1491 553//1491
f 1037//1727 1038//1727 1040//1727
f 1040//898 1042//898 1041//898
f 1042//1728 1044//1728 1043//1728
f 1043//900 1044//900 1046//900
f 1045//901 1046//901 1048//901
f 1048//1729 1050//1729 1049//1729
f 1050//1730 1052//1730 1051//1730
f 1051//1731 1052//1731 1054//1731
f 1054//905 1056//905 1055//905
f 1056//1732 1058//1732 1057//1732
f 1042//1733 1040//1733 1038//1733
f 1038//1734 1060//1734 1058//1734
f 1058//1735 1056//1735 1054//1735
f 1054//1736 1052//1736 1050//1736
f 1050//1737 1048//1737 1046//1737
f 1046//1735 1044//1735 1042//1735
f 1042//907 1038//907 1058//907
f 1058//907 1054//907 1050//907
f 1050//1738 1046//1738 1042//1738
f 1058//908 1060//908 1059//908
f 1059//1739 1060//1739 1038//1739
f 1059//1740 1037//1740 1039//1740
f 1039//1741 1041//1741 1043//1741
f 1043//1742 1045//1742 1047//1742
f 1047//1743 1049//1743 1051//1743
f 1051//1744 1053//1744 1055//1744
f 1055//910 1057//910 1059//910
f 1059//1742 1039//1742 1043//1742
f 1043//910 1047//910 1051//910
f 1051//1745 1055//1745 1059//1745
f 1544//1 1546//1 1545//1
f 1546//2 1548//2 1547//2
f 1548//3 1550//3 1549//3
f 1550//1889 1552//1889 1551//1889
f 1552//1890 1554//1890 1553//1890
f 1554//1891 1556//1891 1555//1891
f 1556//7 1558//7 1557//7
f 1558//1892 1560//1892 1559//1892
f 1560//1108 1562//1108 1561//1108
f 1562//1109 1564//1109 1563//1109
f 1548//11 1546//11 1544//11
f 1544//11 1566//11 1564//11
f 1564//11 1562//11 1560//11
f 1560//11 1558//11 1556//11
f 1556//11 1554//11 1552//11
f 1552//11 1550//11 1548//11
f 1548//11 1544//11 1564//11
f 1564//1118 1560//1118 1556//1118
f 1556//1119 1552//1119 1548//1119
f 1564//1893 1566//1893 1565//1893
f 1566//13 1544//13 1543//13
f 1565//14 1543//14 1545//14
f 1545//14 1547//14 1549//14
f 1549//14 1551//14 1553//14
f 1553//14 1555//14 1557//14
f 1557//14 1559//14 1561//14
f 1561//14 1563//14 1565//14
f 1565//14 1545//14 1549//14
f 1549//14 1553//14 1557//14
f 1557//14 1561//14 1565//14
f 1568//1894 1570//1894 1569//1894
f 1570//26 1572//26 1571//26
f 1572//24 1574//24 1573//24
f 1574//23 1576//23 1575//23
f 1576//1895 1578//1895 1577//1895
f 1578//1123 1580//1123 1579//1123
f 1580//20 1582//20 1581//20
f 1582//19 1584//19 1583//19
f 1584//18 1586//18 1585//18
f 1586//17 1588//17 1587//17
f 1572//1896 1570//1896 1568//1896
f 1568//28 1590//28 1588//28
f 1588//28 1586//28 1584//28
f 1584//28 1582//28 1580//28
f 1580//28 1578//28 1576//28
f 1576//28 1574//28 1572//28
f 1572//28 1568//28 1588//28
f 1588//1897 1584//1897 1580//1897
f 1580//28 1576//28 1572//28
f 1588//16 1590//16 1589//16
f 1590//1898 1568//1898 1567//1898
f 1589//25 1567//25 1569//25
f 1569//1899 1571//1899 1573//1899
f 1573//1900 1575//1900 1577//1900
f 1577//25 1579//25 1581//25
f 1581//1899 1583//1899 1585//1899
f 1585//1900 1587//1900 1589//1900
f 1589//25 1569//25 1573//25
f 1573//25 1577//25 1581//25
f 1581//1901 1585//1901 1589//1901
usemtl grp_white
f 527//29 67//29 68//29
f 52//30 61//30 523//30
f 527//31 69//31 528//31
f 53//32 61//32 62//32
f 529//33 69//33 70//33
f 53//34 63//34 524//34
f 530//35 70//35 71//35
f 524//36 64//36 54//36
f 50//37 49//37 57//37
f 56//38 530//38 71//38
f 54//39 65//39 525//39
f 50//40 58//40 522//40
f 526//41 65//41 66//41
f 51//42 58//42 59//42
f 526//43 67//43 55//43
f 51//44 60//44 52//44
f 66//45 82//45 67//45
f 59//46 75//46 60//46
f 67//47 83//47 68//47
f 60//48 76//48 61//48
f 68//49 84//49 69//49
f 61//50 77//50 62//50
f 69//51 85//51 70//51
f 62//52 78//52 63//52
f 70//53 86//53 71//53
f 63//54 79//54 64//54
f 57//55 49//55 72//55
f 56//56 71//56 86//56
f 64//57 80//57 65//57
f 58//58 72//58 73//58
f 65//59 81//59 66//59
f 59//60 73//60 74//60
f 85//61 101//61 86//61
f 79//62 93//62 94//62
f 72//63 49//63 87//63
f 56//64 86//64 101//64
f 79//65 95//65 80//65
f 72//66 88//66 73//66
f 80//67 96//67 81//67
f 74//68 88//68 89//68
f 81//69 97//69 82//69
f 74//70 90//70 75//70
f 82//71 98//71 83//71
f 76//72 90//72 91//72
f 84//73 98//73 99//73
f 77//74 91//74 92//74
f 84//75 100//75 85//75
f 77//76 93//76 78//76
f 90//77 104//77 105//77
f 98//78 112//78 113//78
f 91//79 105//79 106//79
f 98//80 114//80 99//80
f 91//81 107//81 92//81
f 100//82 114//82 115//82
f 92//83 108//83 93//83
f 100//84 116//84 101//84
f 93//85 109//85 94//85
f 87//86 49//86 102//86
f 56//87 101//87 116//87
f 95//88 109//88 110//88
f 87//89 103//89 88//89
f 95//90 111//90 96//90
f 88//91 104//91 89//91
f 97//92 111//92 112//92
f 108//93 124//93 109//93
f 102//94 49//94 117//94
f 56//95 116//95 131//95
f 110//96 124//96 125//96
f 103//97 117//97 118//97
f 110//98 126//98 111//98
f 103//99 119//99 104//99
f 112//100 126//100 127//100
f 104//101 120//101 105//101
f 112//102 128//102 113//102
f 106//103 120//103 121//103
f 114//104 128//104 129//104
f 106//105 122//105 107//105
f 115//106 129//106 130//106
f 108//107 122//107 123//107
f 115//108 131//108 116//108
f 128//109 142//109 143//109
f 120//110 136//110 121//110
f 128//111 144//111 129//111
f 121//112 137//112 122//112
f 129//113 145//113 130//113
f 123//114 137//114 138//114
f 130//115 146//115 131//115
f 123//116 139//116 124//116
f 117//117 49//117 132//117
f 56//118 131//118 146//118
f 124//119 140//119 125//119
f 118//120 132//120 133//120
f 125//121 141//121 126//121
f 118//122 134//122 119//122
f 126//123 142//123 127//123
f 119//124 135//124 120//124
f 56//125 146//125 161//125
f 140//126 154//126 155//126
f 132//127 148//127 133//127
f 141//128 155//128 156//128
f 133//129 149//129 134//129
f 141//130 157//130 142//130
f 135//131 149//131 150//131
f 142//132 158//132 143//132
f 136//133 150//133 151//133
f 143//134 159//134 144//134
f 136//135 152//135 137//135
f 145//136 159//136 160//136
f 137//137 153//137 138//137
f 145//138 161//138 146//138
f 138//139 154//139 139//139
f 132//140 49//140 147//140
f 159//141 173//141 174//141
f 151//142 167//142 152//142
f 159//143 175//143 160//143
f 153//144 167//144 168//144
f 161//145 175//145 176//145
f 153//146 169//146 154//146
f 147//147 49//147 162//147
f 56//148 161//148 176//148
f 154//149 170//149 155//149
f 147//150 163//150 148//150
f 155//151 171//151 156//151
f 149//152 163//152 164//152
f 157//153 171//153 172//153
f 150//154 164//154 165//154
f 157//155 173//155 158//155
f 150//156 166//156 151//156
f 163//157 177//157 178//157
f 171//158 185//158 186//158
f 163//159 179//159 164//159
f 171//160 187//160 172//160
f 165//161 179//161 180//161
f 173//162 187//162 188//162
f 165//163 181//163 166//163
f 173//164 189//164 174//164
f 166//165 182//165 167//165
f 175//166 189//166 190//166
f 167//167 183//167 168//167
f 175//168 191//168 176//168
f 168//169 184//169 169//169
f 162//170 49//170 177//170
f 56//171 176//171 191//171
f 170//172 184//172 185//172
f 181//173 197//173 182//173
f 189//174 205//174 190//174
f 183//175 197//175 198//175
f 191//176 205//176 206//176
f 183//177 199//177 184//177
f 177//178 49//178 192//178
f 56//179 191//179 206//179
f 185//180 199//180 200//180
f 177//181 193//181 178//181
f 185//182 201//182 186//182
f 178//183 194//183 179//183
f 186//184 202//184 187//184
f 179//185 195//185 180//185
f 187//186 203//186 188//186
f 180//187 196//187 181//187
f 189//188 203//188 204//188
f 201//189 215//189 216//189
f 194//190 208//190 209//190
f 201//191 217//191 202//191
f 194//192 210//192 195//192
f 202//193 218//193 203//193
f 196//194 210//194 211//194
f 204//195 218//195 219//195
f 197//196 211//196 212//196
f 205//197 219//197 220//197
f 197//198 213//198 198//198
f 206//199 220//199 221//199
f 199//200 213//200 214//200
f 192//201 49//201 207//201
f 56//202 206//202 221//202
f 199//203 215//203 200//203
f 192//204 208//204 193//204
f 219//205 235//205 220//205
f 212//206 228//206 213//206
f 221//207 235//207 236//207
f 214//208 228//208 229//208
f 207//209 49//209 222//209
f 56//210 221//210 236//210
f 214//211 230//211 215//211
f 207//212 223//212 208//212
f 216//213 230//213 231//213
f 208//214 224//214 209//214
f 216//215 232//215 217//215
f 209//216 225//216 210//216
f 218//217 232//217 233//217
f 210//218 226//218 211//218
f 218//219 234//219 219//219
f 211//220 227//220 212//220
f 224//221 238//221 239//221
f 231//222 247//222 232//222
f 225//223 239//223 240//223
f 233//224 247//224 248//224
f 225//225 241//225 226//225
f 233//226 249//226 234//226
f 227//227 241//227 242//227
f 234//228 250//228 235//228
f 227//229 243//229 228//229
f 235//230 251//230 236//230
f 229//231 243//231 244//231
f 222//232 49//232 237//232
f 56//233 236//233 251//233
f 229//234 245//234 230//234
f 223//235 237//235 238//235
f 231//236 245//236 246//236
f 242//237 258//237 243//237
f 250//238 266//238 251//238
f 243//239 259//239 244//239
f 237//240 49//240 252//240
f 56//241 251//241 266//241
f 245//242 259//242 260//242
f 238//243 252//243 253//243
f 245//244 261//244 246//244
f 238//245 254//245 239//245
f 247//246 261//246 262//246
f 240//247 254//247 255//247
f 248//248 262//248 263//248
f 240//249 256//249 241//249
f 248//250 264//250 249//250
f 241//251 257//251 242//251
f 250//252 264//252 265//252
f 261//253 277//253 262//253
f 255//254 269//254 270//254
f 262//255 278//255 263//255
f 255//256 271//256 256//256
f 263//257 279//257 264//257
f 256//258 272//258 257//258
f 264//259 280//259 265//259
f 257//260 273//260 258//260
f 266//261 280//261 281//261
f 258//262 274//262 259//262
f 252//263 49//263 267//263
f 56//264 266//264 281//264
f 259//265 275//265 260//265
f 252//266 268//266 253//266
f 260//267 276//267 261//267
f 253//268 269//268 254//268
f 280//269 296//269 281//269
f 273//270 289//270 274//270
f 267//271 49//271 282//271
f 56//272 281//272 296//272
f 274//273 290//273 275//273
f 267//274 283//274 268//274
f 275//275 291//275 276//275
f 269//276 283//276 284//276
f 277//277 291//277 292//277
f 269//278 285//278 270//278
f 277//279 293//279 278//279
f 271//280 285//280 286//280
f 278//281 294//281 279//281
f 271//282 287//282 272//282
f 279//283 295//283 280//283
f 273//284 287//284 288//284
f 293//285 307//285 308//285
f 285//286 301//286 286//286
f 293//287 309//287 294//287
f 286//288 302//288 287//288
f 295//289 309//289 310//289
f 287//290 303//290 288//290
f 295//291 311//291 296//291
f 288//292 304//292 289//292
f 282//293 49//293 297//293
f 56//294 296//294 311//294
f 289//295 305//295 290//295
f 282//296 298//296 283//296
f 291//297 305//297 306//297
f 283//298 299//298 284//298
f 291//299 307//299 292//299
f 284//300 300//300 285//300
f 297//301 49//301 312//301
f 56//302 311//302 326//302
f 304//303 320//303 305//303
f 297//304 313//304 298//304
f 305//305 321//305 306//305
f 299//306 313//306 314//306
f 306//307 322//307 307//307
f 299//308 315//308 300//308
f 307//309 323//309 308//309
f 301//310 315//310 316//310
f 309//311 323//311 324//311
f 301//312 317//312 302//312
f 309//313 325//313 310//313
f 302//314 318//314 303//314
f 311//315 325//315 326//315
f 303//316 319//316 304//316
f 316//317 330//317 331//317
f 324//318 338//318 339//318
f 317//319 331//319 332//319
f 324//320 340//320 325//320
f 318//321 332//321 333//321
f 326//322 340//322 341//322
f 318//323 334//323 319//323
f 312//324 49//324 327//324
f 56//325 326//325 341//325
f 319//326 335//326 320//326
f 312//327 328//327 313//327
f 320//328 336//328 321//328
f 313//329 329//329 314//329
f 321//330 337//330 322//330
f 314//331 330//331 315//331
f 322//332 338//332 323//332
f 335//333 349//333 350//333
f 327//334 343//334 328//334
f 335//335 351//335 336//335
f 328//336 344//336 329//336
f 336//337 352//337 337//337
f 329//338 345//338 330//338
f 338//339 352//339 353//339
f 331//340 345//340 346//340
f 339//341 353//341 354//341
f 331//342 347//342 332//342
f 340//343 354//343 355//343
f 333//344 347//344 348//344
f 340//345 356//345 341//345
f 333//346 349//346 334//346
f 327//347 49//347 342//347
f 56//348 341//348 356//348
f 353//349 369//349 354//349
f 346//350 362//350 347//350
f 355//351 369//351 370//351
f 348//352 362//352 363//352
f 355//353 371//353 356//353
f 348//354 364//354 349//354
f 342//355 49//355 357//355
f 56//356 356//356 371//356
f 350//357 364//357 365//357
f 343//358 357//358 358//358
f 350//359 366//359 351//359
f 343//360 359//360 344//360
f 352//361 366//361 367//361
f 344//362 360//362 345//362
f 352//363 368//363 353//363
f 345//364 361//364 346//364
f 358//365 372//365 373//365
f 365//366 381//366 366//366
f 359//367 373//367 374//367
f 367//368 381//368 382//368
f 359//369 375//369 360//369
f 368//370 382//370 383//370
f 361//371 375//371 376//371
f 369//372 383//372 384//372
f 361//373 377//373 362//373
f 370//374 384//374 385//374
f 363//375 377//375 378//375
f 370//376 386//376 371//376
f 363//377 379//377 364//377
f 357//378 49//378 372//378
f 56//379 371//379 386//379
f 364//380 380//380 365//380
f 376//381 392//381 377//381
f 384//382 400//382 385//382
f 377//383 393//383 378//383
f 385//384 401//384 386//384
f 379//385 393//385 394//385
f 372//386 49//386 387//386
f 56//387 386//387 401//387
f 379//388 395//388 380//388
f 372//389 388//389 373//389
f 380//390 396//390 381//390
f 374//391 388//391 389//391
f 381//392 397//392 382//392
f 375//393 389//393 390//393
f 382//394 398//394 383//394
f 376//395 390//395 391//395
f 383//396 399//396 384//396
f 395//397 411//397 396//397
f 389//398 403//398 404//398
f 396//399 412//399 397//399
f 389//400 405//400 390//400
f 397//401 413//401 398//401
f 391//402 405//402 406//402
f 399//403 413//403 414//403
f 392//404 406//404 407//404
f 399//405 415//405 400//405
f 392//406 408//406 393//406
f 401//407 415//407 416//407
f 393//408 409//408 394//408
f 387//409 49//409 402//409
f 56//410 401//410 416//410
f 394//411 410//411 395//411
f 387//412 403//412 388//412
f 415//413 429//413 430//413
f 407//414 423//414 408//414
f 415//415 431//415 416//415
f 408//416 424//416 409//416
f 402//417 49//417 417//417
f 56//418 416//418 431//418
f 410//419 424//419 425//419
f 403//420 417//420 418//420
f 411//421 425//421 426//421
f 403//422 419//422 404//422
f 412//423 426//423 427//423
f 404//424 420//424 405//424
f 412//425 428//425 413//425
f 406//426 420//426 421//426
f 413//427 429//427 414//427
f 406//428 422//428 407//428
f 427//429 441//429 442//429
f 419//430 435//430 420//430
f 428//431 442//431 443//431
f 420//432 436//432 421//432
f 429//433 443//433 444//433
f 422//434 436//434 437//434
f 430//435 444//435 445//435
f 422//436 438//436 423//436
f 430//437 446//437 431//437
f 423//438 439//438 424//438
f 417//439 49//439 432//439
f 56//440 431//440 446//440
f 424//441 440//441 425//441
f 418//442 432//442 433//442
f 425//443 441//443 426//443
f 418//444 434//444 419//444
f 446//445 460//445 461//445
f 438//446 454//446 439//446
f 432//447 49//447 447//447
f 56//448 446//448 461//448
f 439//449 455//449 440//449
f 432//450 448//450 433//450
f 440//451 456//451 441//451
f 433//452 449//452 434//452
f 441//453 457//453 442//453
f 434//454 450//454 435//454
f 442//455 458//455 443//455
f 435//456 451//456 436//456
f 443//457 459//457 444//457
f 436//458 452//458 437//458
f 444//459 460//459 445//459
f 438//460 452//460 453//460
f 450//461 464//461 465//461
f 457//462 473//462 458//462
f 450//463 466//463 451//463
f 458//464 474//464 459//464
f 452//465 466//465 467//465
f 459//466 475//466 460//466
f 452//467 468//467 453//467
f 461//468 475//468 476//468
f 454//469 468//469 469//469
f 447//470 49//470 462//470
f 56//471 461//471 476//471
f 454//472 470//472 455//472
f 447//473 463//473 448//473
f 456//474 470//474 471//474
f 449//475 463//475 464//475
f 456//476 472//476 457//476
f 469//477 483//477 484//477
f 462//478 49//478 477//478
f 56//479 476//479 491//479
f 469//480 485//480 470//480
f 462//481 478//481 463//481
f 471//482 485//482 486//482
f 464//483 478//483 479//483
f 471//484 487//484 472//484
f 464//485 480//485 465//485
f 472//486 488//486 473//486
f 465//487 481//487 466//487
f 473//488 489//488 474//488
f 466//489 482//489 467//489
f 474//490 490//490 475//490
f 467//491 483//491 468//491
f 476//492 490//492 491//492
f 488//493 502//493 503//493
f 480//494 496//494 481//494
f 488//495 504//495 489//495
f 481//496 497//496 482//496
f 489//497 505//497 490//497
f 482//498 498//498 483//498
f 490//499 506//499 491//499
f 483//500 499//500 484//500
f 477//501 49//501 492//501
f 56//502 491//502 506//502
f 484//503 500//503 485//503
f 478//504 492//504 493//504
f 486//505 500//505 501//505
f 478//506 494//506 479//506
f 487//507 501//507 502//507
f 479//508 495//508 480//508
f 492//509 49//509 507//509
f 56//510 506//510 521//510
f 499//511 515//511 500//511
f 493//512 507//512 508//512
f 500//513 516//513 501//513
f 494//514 508//514 509//514
f 501//515 517//515 502//515
f 495//516 509//516 510//516
f 503//517 517//517 518//517
f 495//518 511//518 496//518
f 503//519 519//519 504//519
f 496//520 512//520 497//520
f 504//521 520//521 505//521
f 497//522 513//522 498//522
f 505//523 521//523 506//523
f 498//524 514//524 499//524
f 511//525 52//525 523//525
f 518//526 528//526 519//526
f 511//527 53//527 512//527
f 519//528 529//528 520//528
f 512//529 524//529 513//529
f 521//530 529//530 530//530
f 514//531 524//531 54//531
f 507//532 49//532 50//532
f 56//533 521//533 530//533
f 514//534 525//534 515//534
f 507//535 522//535 508//535
f 515//536 526//536 516//536
f 509//537 522//537 51//537
f 517//538 526//538 55//538
f 509//539 52//539 510//539
f 517//540 527//540 518//540
f 557//555 566//555 558//555
f 561//556 574//556 1033//556
f 1029//557 566//557 567//557
f 1033//558 575//558 1034//558
f 1029//32 568//32 559//32
f 1034//559 576//559 1035//559
f 559//34 569//34 1030//34
f 1035//560 577//560 1036//560
f 1030//561 570//561 560//561
f 556//562 555//562 563//562
f 562//563 1036//563 577//563
f 560//564 571//564 1031//564
f 1028//565 563//565 564//565
f 1031//566 572//566 1032//566
f 557//42 564//42 565//42
f 561//43 572//43 573//43
f 572//59 586//59 587//59
f 565//567 579//567 580//567
f 573//568 587//568 588//568
f 566//46 580//46 581//46
f 573//569 589//569 574//569
f 566//48 582//48 567//48
f 574//570 590//570 575//570
f 567//571 583//571 568//571
f 575//572 591//572 576//572
f 568//52 584//52 569//52
f 577//573 591//573 592//573
f 569//54 585//54 570//54
f 563//574 555//574 578//574
f 562//575 577//575 592//575
f 570//57 586//57 571//57
f 563//576 579//576 564//576
f 590//75 606//75 591//75
f 584//577 598//577 599//577
f 592//578 606//578 607//578
f 585//579 599//579 600//579
f 578//580 555//580 593//580
f 562//581 592//581 607//581
f 585//65 601//65 586//65
f 578//582 594//582 579//582
f 587//67 601//67 602//67
f 579//583 595//583 580//583
f 588//584 602//584 603//584
f 580//70 596//70 581//70
f 589//71 603//71 604//71
f 581//585 597//585 582//585
f 590//586 604//586 605//586
f 582//74 598//74 583//74
f 603//587 617//587 618//587
f 596//77 610//77 611//77
f 603//588 619//588 604//588
f 596//589 612//589 597//589
f 604//590 620//590 605//590
f 597//81 613//81 598//81
f 605//591 621//591 606//591
f 598//83 614//83 599//83
f 607//592 621//592 622//592
f 599//85 615//85 600//85
f 593//86 555//86 608//86
f 562//87 607//87 622//87
f 600//593 616//593 601//593
f 594//594 608//594 609//594
f 601//90 617//90 602//90
f 594//595 610//595 595//595
f 621//108 637//108 622//108
f 615//596 629//596 630//596
f 608//597 555//597 623//597
f 562//598 622//598 637//598
f 615//96 631//96 616//96
f 609//97 623//97 624//97
f 617//98 631//98 632//98
f 609//99 625//99 610//99
f 617//599 633//599 618//599
f 611//600 625//600 626//600
f 618//601 634//601 619//601
f 612//103 626//103 627//103
f 619//602 635//602 620//602
f 612//603 628//603 613//603
f 620//604 636//604 621//604
f 613//107 629//107 614//107
f 625//605 641//605 626//605
f 633//606 649//606 634//606
f 626//110 642//110 627//110
f 634//607 650//607 635//607
f 628//608 642//608 643//608
f 636//609 650//609 651//609
f 629//114 643//114 644//114
f 636//115 652//115 637//115
f 630//610 644//610 645//610
f 623//611 555//611 638//611
f 562//612 637//612 652//612
f 630//613 646//613 631//613
f 624//614 638//614 639//614
f 631//121 647//121 632//121
f 624//615 640//615 625//615
f 633//123 647//123 648//123
f 645//139 659//139 660//139
f 638//140 555//140 653//140
f 562//125 652//125 667//125
f 645//126 661//126 646//126
f 639//616 653//616 654//616
f 647//128 661//128 662//128
f 640//129 654//129 655//129
f 647//617 663//617 648//617
f 641//131 655//131 656//131
f 648//618 664//618 649//618
f 642//133 656//133 657//133
f 649//619 665//619 650//619
f 642//135 658//135 643//135
f 650//620 666//620 651//620
f 643//137 659//137 644//137
f 651//621 667//621 652//621
f 664//155 678//155 679//155
f 656//156 672//156 657//156
f 664//622 680//622 665//622
f 658//623 672//623 673//623
f 665//624 681//624 666//624
f 658//625 674//625 659//625
f 666//626 682//626 667//626
f 659//146 675//146 660//146
f 653//627 555//627 668//627
f 562//628 667//628 682//628
f 660//629 676//629 661//629
f 654//150 668//150 669//150
f 661//151 677//151 662//151
f 655//152 669//152 670//152
f 662//630 678//630 663//630
f 655//631 671//631 656//631
f 668//632 555//632 683//632
f 562//633 682//633 697//633
f 676//634 690//634 691//634
f 669//157 683//157 684//157
f 676//635 692//635 677//635
f 669//159 685//159 670//159
f 677//636 693//636 678//636
f 671//637 685//637 686//637
f 679//162 693//162 694//162
f 672//163 686//163 687//163
f 680//638 694//638 695//638
f 672//639 688//639 673//639
f 681//640 695//640 696//640
f 673//641 689//641 674//641
f 681//642 697//642 682//642
f 674//169 690//169 675//169
f 686//643 702//643 687//643
f 695//644 709//644 710//644
f 687//645 703//645 688//645
f 696//646 710//646 711//646
f 688//175 704//175 689//175
f 696//647 712//647 697//647
f 689//648 705//648 690//648
f 683//178 555//178 698//178
f 562//179 697//179 712//179
f 691//649 705//649 706//649
f 684//650 698//650 699//650
f 692//182 706//182 707//182
f 684//651 700//651 685//651
f 693//652 707//652 708//652
f 685//653 701//653 686//653
f 693//186 709//186 694//186
f 705//654 721//654 706//654
f 698//655 714//655 699//655
f 707//189 721//189 722//189
f 699//656 715//656 700//656
f 707//657 723//657 708//657
f 700//658 716//658 701//658
f 709//659 723//659 724//659
f 702//194 716//194 717//194
f 709//195 725//195 710//195
f 703//660 717//660 718//660
f 710//661 726//661 711//661
f 703//198 719//198 704//198
f 712//199 726//199 727//199
f 705//662 719//662 720//662
f 698//663 555//663 713//663
f 562//664 712//664 727//664
f 725//665 739//665 740//665
f 717//666 733//666 718//666
f 726//667 740//667 741//667
f 718//206 734//206 719//206
f 727//668 741//668 742//668
f 719//669 735//669 720//669
f 713//670 555//670 728//670
f 562//671 727//671 742//671
f 721//211 735//211 736//211
f 713//212 729//212 714//212
f 721//213 737//213 722//213
f 714//672 730//672 715//672
f 722//673 738//673 723//673
f 715//674 731//674 716//674
f 723//217 739//217 724//217
f 716//218 732//218 717//218
f 736//236 752//236 737//236
f 730//675 744//675 745//675
f 737//676 753//676 738//676
f 730//677 746//677 731//677
f 739//224 753//224 754//224
f 731//678 747//678 732//678
f 740//679 754//679 755//679
f 733//680 747//680 748//680
f 740//681 756//681 741//681
f 733//229 749//229 734//229
f 741//230 757//230 742//230
f 734//682 750//682 735//682
f 728//232 555//232 743//232
f 562//233 742//233 757//233
f 735//234 751//234 736//234
f 729//235 743//235 744//235
f 755//683 771//683 756//683
f 748//237 764//237 749//237
f 756//684 772//684 757//684
f 749//685 765//685 750//685
f 743//686 555//686 758//686
f 562//687 757//687 772//687
f 751//688 765//688 766//688
f 744//689 758//689 759//689
f 752//690 766//690 767//690
f 744//245 760//245 745//245
f 752//691 768//691 753//691
f 746//247 760//247 761//247
f 753//248 769//248 754//248
f 746//692 762//692 747//692
f 754//693 770//693 755//693
f 747//251 763//251 748//251
f 760//694 774//694 775//694
f 767//695 783//695 768//695
f 760//254 776//254 761//254
f 769//696 783//696 784//696
f 761//256 777//256 762//256
f 770//697 784//697 785//697
f 762//258 778//258 763//258
f 770//698 786//698 771//698
f 763//699 779//699 764//699
f 772//700 786//700 787//700
f 764//701 780//701 765//701
f 758//702 555//702 773//702
f 562//703 772//703 787//703
f 765//704 781//704 766//704
f 758//705 774//705 759//705
f 766//706 782//706 767//706
f 778//284 794//284 779//284
f 786//269 802//269 787//269
f 780//707 794//707 795//707
f 773//708 555//708 788//708
f 562//709 787//709 802//709
f 780//273 796//273 781//273
f 773//710 789//710 774//710
f 782//711 796//711 797//711
f 775//712 789//712 790//712
f 782//713 798//713 783//713
f 776//714 790//714 791//714
f 783//279 799//279 784//279
f 776//715 792//715 777//715
f 784//281 800//281 785//281
f 778//282 792//282 793//282
f 785//716 801//716 786//716
f 797//717 813//717 798//717
f 790//718 806//718 791//718
f 798//719 814//719 799//719
f 791//720 807//720 792//720
f 799//721 815//721 800//721
f 792//288 808//288 793//288
f 800//722 816//722 801//722
f 793//290 809//290 794//290
f 801//723 817//723 802//723
f 794//724 810//724 795//724
f 788//725 555//725 803//725
f 562//726 802//726 817//726
f 796//295 810//295 811//295
f 788//296 804//296 789//296
f 796//727 812//727 797//727
f 790//728 804//728 805//728
f 817//729 831//729 832//729
f 809//730 825//730 810//730
f 803//731 555//731 818//731
f 562//732 817//732 832//732
f 810//733 826//733 811//733
f 804//734 818//734 819//734
f 811//735 827//735 812//735
f 805//736 819//736 820//736
f 812//737 828//737 813//737
f 805//738 821//738 806//738
f 813//309 829//309 814//309
f 806//739 822//739 807//739
f 814//740 830//740 815//740
f 807//741 823//741 808//741
f 815//742 831//742 816//742
f 808//314 824//314 809//314
f 820//743 836//743 821//743
f 828//332 844//332 829//332
f 822//317 836//317 837//317
f 830//318 844//318 845//318
f 822//319 838//319 823//319
f 831//744 845//744 846//744
f 823//745 839//745 824//745
f 832//746 846//746 847//746
f 825//323 839//323 840//323
f 818//324 555//324 833//324
f 562//325 832//325 847//325
f 825//747 841//747 826//747
f 818//748 834//748 819//748
f 826//749 842//749 827//749
f 819//750 835//750 820//750
f 828//751 842//751 843//751
f 840//752 854//752 855//752
f 833//347 555//347 848//347
f 562//348 847//348 862//348
f 840//753 856//753 841//753
f 833//334 849//334 834//334
f 841//335 857//335 842//335
f 834//754 850//754 835//754
f 842//755 858//755 843//755
f 836//756 850//756 851//756
f 843//339 859//339 844//339
f 837//757 851//757 852//757
f 845//758 859//758 860//758
f 837//759 853//759 838//759
f 846//760 860//760 861//760
f 839//761 853//761 854//761
f 847//762 861//762 862//762
f 859//363 873//363 874//363
f 851//364 867//364 852//364
f 860//349 874//349 875//349
f 852//763 868//763 853//763
f 860//764 876//764 861//764
f 854//352 868//352 869//352
f 862//353 876//353 877//353
f 854//765 870//765 855//765
f 848//355 555//355 863//355
f 562//356 862//356 877//356
f 855//766 871//766 856//766
f 848//358 864//358 849//358
f 856//767 872//767 857//767
f 849//768 865//768 850//768
f 857//769 873//769 858//769
f 850//362 866//362 851//362
f 562//770 877//770 892//770
f 870//771 886//771 871//771
f 863//772 879//772 864//772
f 871//773 887//773 872//773
f 864//774 880//774 865//774
f 872//775 888//775 873//775
f 866//776 880//776 881//776
f 873//777 889//777 874//777
f 867//778 881//778 882//778
f 875//779 889//779 890//779
f 868//780 882//780 883//780
f 876//781 890//781 891//781
f 868//782 884//782 869//782
f 876//376 892//376 877//376
f 869//377 885//377 870//377
f 863//783 555//783 878//783
f 889//784 905//784 890//784
f 883//785 897//785 898//785
f 890//786 906//786 891//786
f 884//787 898//787 899//787
f 892//788 906//788 907//788
f 885//385 899//385 900//385
f 878//386 555//386 893//386
f 562//387 892//387 907//387
f 885//789 901//789 886//789
f 878//790 894//790 879//790
f 886//791 902//791 887//791
f 880//792 894//792 895//792
f 887//793 903//793 888//793
f 881//393 895//393 896//393
f 888//794 904//794 889//794
f 882//795 896//795 897//795
f 893//796 909//796 894//796
f 901//797 917//797 902//797
f 895//398 909//398 910//398
f 902//798 918//798 903//798
f 895//799 911//799 896//799
f 903//800 919//800 904//800
f 897//801 911//801 912//801
f 905//403 919//403 920//403
f 897//404 913//404 898//404
f 905//802 921//802 906//802
f 899//406 913//406 914//406
f 907//803 921//803 922//803
f 900//804 914//804 915//804
f 893//805 555//805 908//805
f 562//806 907//806 922//806
f 900//807 916//807 901//807
f 912//808 928//808 913//808
f 921//809 935//809 936//809
f 913//414 929//414 914//414
f 921//810 937//810 922//810
f 914//811 930//811 915//811
f 908//812 555//812 923//812
f 562//813 922//813 937//813
f 916//814 930//814 931//814
f 908//815 924//815 909//815
f 917//816 931//816 932//816
f 909//422 925//422 910//422
f 918//817 932//817 933//817
f 910//818 926//818 911//818
f 918//425 934//425 919//425
f 912//819 926//819 927//819
f 920//820 934//820 935//820
f 931//821 947//821 932//821
f 924//822 940//822 925//822
f 933//823 947//823 948//823
f 925//824 941//824 926//824
f 934//825 948//825 949//825
f 926//826 942//826 927//826
f 935//827 949//827 950//827
f 927//828 943//828 928//828
f 936//829 950//829 951//829
f 929//830 943//830 944//830
f 936//831 952//831 937//831
f 929//438 945//438 930//438
f 923//439 555//439 938//439
f 562//440 937//440 952//440
f 931//832 945//832 946//832
f 923//833 939//833 924//833
f 950//834 966//834 951//834
f 943//835 959//835 944//835
f 951//836 967//836 952//836
f 944//837 960//837 945//837
f 938//838 555//838 953//838
f 562//839 952//839 967//839
f 945//449 961//449 946//449
f 938//840 954//840 939//840
f 946//841 962//841 947//841
f 940//842 954//842 955//842
f 948//843 962//843 963//843
f 940//844 956//844 941//844
f 949//845 963//845 964//845
f 941//846 957//846 942//846
f 950//847 964//847 965//847
f 942//848 958//848 943//848
f 954//849 970//849 955//849
f 962//850 978//850 963//850
f 955//851 971//851 956//851
f 963//852 979//852 964//852
f 957//853 971//853 972//853
f 964//464 980//464 965//464
f 957//854 973//854 958//854
f 965//855 981//855 966//855
f 958//467 974//467 959//467
f 966//856 982//856 967//856
f 959//857 975//857 960//857
f 953//470 555//470 968//470
f 562//471 967//471 982//471
f 961//858 975//858 976//858
f 954//473 968//473 969//473
f 962//859 976//859 977//859
f 973//860 989//860 974//860
f 982//861 996//861 997//861
f 974//862 990//862 975//862
f 968//478 555//478 983//478
f 562//479 982//479 997//479
f 975//863 991//863 976//863
f 969//864 983//864 984//864
f 977//482 991//482 992//482
f 970//865 984//865 985//865
f 977//866 993//866 978//866
f 970//485 986//485 971//485
f 978//867 994//867 979//867
f 971//868 987//868 972//868
f 980//488 994//488 995//488
f 972//489 988//489 973//489
f 980//869 996//869 981//869
f 992//870 1008//870 993//870
f 986//871 1000//871 1001//871
f 994//493 1008//493 1009//493
f 986//494 1002//494 987//494
f 994//872 1010//872 995//872
f 988//496 1002//496 1003//496
f 996//873 1010//873 1011//873
f 988//498 1004//498 989//498
f 996//874 1012//874 997//874
f 989//500 1005//500 990//500
f 983//501 555//501 998//501
f 562//502 997//502 1012//502
f 991//503 1005//503 1006//503
f 983//875 999//875 984//875
f 991//505 1007//505 992//505
f 984//876 1000//876 985//876
f 1011//877 1027//877 1012//877
f 1005//878 1019//878 1020//878
f 998//879 555//879 1013//879
f 562//880 1012//880 1027//880
f 1005//881 1021//881 1006//881
f 998//882 1014//882 999//882
f 1006//883 1022//883 1007//883
f 999//514 1015//514 1000//514
f 1007//884 1023//884 1008//884
f 1000//516 1016//516 1001//516
f 1008//885 1024//885 1009//885
f 1002//518 1016//518 1017//518
f 1009//886 1025//886 1010//886
f 1003//887 1017//887 1018//887
f 1010//888 1026//888 1011//888
f 1003//522 1019//522 1004//522
f 1023//540 1033//540 1024//540
f 1016//525 1029//525 1017//525
f 1024//526 1034//526 1025//526
f 1017//527 559//527 1018//527
f 1025//889 1035//889 1026//889
f 1018//529 1030//529 1019//529
f 1026//890 1036//890 1027//890
f 1020//531 1030//531 560//531
f 1013//891 555//891 556//891
f 562//892 1027//892 1036//892
f 1020//893 1031//893 1021//893
f 1013//894 1028//894 1014//894
f 1021//536 1032//536 1022//536
f 1014//895 557//895 1015//895
f 1022//538 561//538 1023//538
f 1015//896 558//896 1016//896
f 1534//911 1071//911 1063//911
f 1538//912 1079//912 1067//912
f 1063//555 1072//555 1064//555
f 1067//29 1080//29 1539//29
f 1064//913 1073//913 1535//913
f 1539//914 1081//914 1540//914
f 1535//32 1074//32 1065//32
f 1540//559 1082//559 1541//559
f 1536//34 1074//34 1075//34
f 1541//915 1083//915 1542//915
f 1536//916 1076//916 1066//916
f 1062//562 1061//562 1069//562
f 1068//917 1542//917 1083//917
f 1537//918 1076//918 1077//918
f 1534//919 1069//919 1070//919
f 1537//566 1078//566 1538//566
f 1069//920 1085//920 1070//920
f 1078//59 1092//59 1093//59
f 1071//921 1085//921 1086//921
f 1078//45 1094//45 1079//45
f 1072//922 1086//922 1087//922
f 1079//569 1095//569 1080//569
f 1072//923 1088//923 1073//923
f 1080//924 1096//924 1081//924
f 1073//571 1089//571 1074//571
f 1081//925 1097//925 1082//925
f 1074//52 1090//52 1075//52
f 1082//926 1098//926 1083//926
f 1075//54 1091//54 1076//54
f 1069//927 1061//927 1084//927
f 1068//928 1083//928 1098//928
f 1076//57 1092//57 1077//57
f 1088//929 1104//929 1089//929
f 1097//930 1111//930 1112//930
f 1090//577 1104//577 1105//577
f 1098//931 1112//931 1113//931
f 1090//932 1106//932 1091//932
f 1084//580 1061//580 1099//580
f 1068//933 1098//933 1113//933
f 1091//65 1107//65 1092//65
f 1084//934 1100//934 1085//934
f 1092//935 1108//935 1093//935
f 1085//936 1101//936 1086//936
f 1094//937 1108//937 1109//937
f 1086//70 1102//70 1087//70
f 1095//71 1109//71 1110//71
f 1088//938 1102//938 1103//938
f 1096//586 1110//586 1111//586
f 1107//90 1123//90 1108//90
f 1101//939 1115//939 1116//939
f 1108//587 1124//587 1109//587
f 1102//77 1116//77 1117//77
f 1109//588 1125//588 1110//588
f 1103//589 1117//589 1118//589
f 1110//940 1126//940 1111//940
f 1103//81 1119//81 1104//81
f 1111//591 1127//591 1112//591
f 1105//941 1119//941 1120//941
f 1113//592 1127//592 1128//592
f 1105//942 1121//942 1106//942
f 1099//86 1061//86 1114//86
f 1068//943 1113//943 1128//943
f 1107//944 1121//944 1122//944
f 1099//89 1115//89 1100//89
f 1126//604 1142//604 1127//604
f 1119//945 1135//945 1120//945
f 1127//946 1143//946 1128//946
f 1120//947 1136//947 1121//947
f 1114//597 1061//597 1129//597
f 1068//948 1128//948 1143//948
f 1121//96 1137//96 1122//96
f 1115//949 1129//949 1130//949
f 1122//950 1138//950 1123//950
f 1116//951 1130//951 1131//951
f 1124//952 1138//952 1139//952
f 1117//600 1131//600 1132//600
f 1125//102 1139//102 1140//102
f 1117//953 1133//953 1118//953
f 1125//954 1141//954 1126//954
f 1118//603 1134//603 1119//603
f 1130//615 1146//615 1131//615
f 1138//123 1154//123 1139//123
f 1131//605 1147//605 1132//605
f 1140//109 1154//109 1155//109
f 1132//110 1148//110 1133//110
f 1140//955 1156//955 1141//955
f 1133//956 1149//956 1134//956
f 1141//957 1157//957 1142//957
f 1135//114 1149//114 1150//114
f 1142//958 1158//958 1143//958
f 1136//610 1150//610 1151//610
f 1129//959 1061//959 1144//959
f 1068//612 1143//612 1158//612
f 1136//613 1152//613 1137//613
f 1130//614 1144//614 1145//614
f 1137//121 1153//121 1138//121
f 1150//137 1164//137 1165//137
f 1158//960 1172//960 1173//960
f 1151//139 1165//139 1166//139
f 1144//140 1061//140 1159//140
f 1068//125 1158//125 1173//125
f 1151//126 1167//126 1152//126
f 1145//616 1159//616 1160//616
f 1152//128 1168//128 1153//128
f 1146//129 1160//129 1161//129
f 1153//617 1169//617 1154//617
f 1146//961 1162//961 1147//961
f 1155//618 1169//618 1170//618
f 1148//133 1162//133 1163//133
f 1156//962 1170//962 1171//962
f 1148//135 1164//135 1149//135
f 1156//963 1172//963 1157//963
f 1169//153 1183//153 1184//153
f 1161//631 1177//631 1162//631
f 1169//155 1185//155 1170//155
f 1163//964 1177//964 1178//964
f 1170//141 1186//141 1171//141
f 1164//623 1178//623 1179//623
f 1171//624 1187//624 1172//624
f 1165//625 1179//625 1180//625
f 1172//626 1188//626 1173//626
f 1165//146 1181//146 1166//146
f 1159//627 1061//627 1174//627
f 1068//628 1173//628 1188//628
f 1166//629 1182//629 1167//629
f 1159//150 1175//150 1160//150
f 1167//151 1183//151 1168//151
f 1161//152 1175//152 1176//152
f 1188//965 1202//965 1203//965
f 1180//169 1196//169 1181//169
f 1174//632 1061//632 1189//632
f 1068//633 1188//633 1203//633
f 1182//634 1196//634 1197//634
f 1175//157 1189//157 1190//157
f 1182//635 1198//635 1183//635
f 1175//159 1191//159 1176//159
f 1184//966 1198//966 1199//966
f 1177//637 1191//637 1192//637
f 1185//967 1199//967 1200//967
f 1178//163 1192//163 1193//163
f 1186//164 1200//164 1201//164
f 1179//165 1193//165 1194//165
f 1187//640 1201//640 1202//640
f 1180//641 1194//641 1195//641
f 1199//186 1215//186 1200//186
f 1193//187 1207//187 1208//187
f 1201//968 1215//968 1216//968
f 1193//645 1209//645 1194//645
f 1201//969 1217//969 1202//969
f 1194//175 1210//175 1195//175
f 1202//647 1218//647 1203//647
f 1195//648 1211//648 1196//648
f 1189//178 1061//178 1204//178
f 1068//179 1203//179 1218//179
f 1197//649 1211//649 1212//649
f 1190//650 1204//650 1205//650
f 1197//182 1213//182 1198//182
f 1190//651 1206//651 1191//651
f 1199//970 1213//970 1214//970
f 1191//653 1207//653 1192//653
f 1204//663 1061//663 1219//663
f 1068//664 1218//664 1233//664
f 1211//654 1227//654 1212//654
f 1204//971 1220//971 1205//971
f 1213//972 1227//972 1228//972
f 1205//656 1221//656 1206//656
f 1213//657 1229//657 1214//657
f 1206//658 1222//658 1207//658
f 1214//193 1230//193 1215//193
f 1208//194 1222//194 1223//194
f 1216//973 1230//973 1231//973
f 1208//660 1224//660 1209//660
f 1216//661 1232//661 1217//661
f 1209//198 1225//198 1210//198
f 1218//974 1232//974 1233//974
f 1210//975 1226//975 1211//975
f 1222//218 1238//218 1223//218
f 1231//665 1245//665 1246//665
f 1224//976 1238//976 1239//976
f 1232//977 1246//977 1247//977
f 1224//206 1240//206 1225//206
f 1233//978 1247//978 1248//978
f 1225//208 1241//208 1226//208
f 1219//670 1061//670 1234//670
f 1068//979 1233//979 1248//979
f 1226//211 1242//211 1227//211
f 1219//212 1235//212 1220//212
f 1227//980 1243//980 1228//980
f 1221//981 1235//981 1236//981
f 1228//673 1244//673 1229//673
f 1221//674 1237//674 1222//674
f 1230//982 1244//982 1245//982
f 1241//983 1257//983 1242//983
f 1235//235 1249//235 1250//235
f 1242//984 1258//984 1243//984
f 1236//675 1250//675 1251//675
f 1244//985 1258//985 1259//985
f 1236//677 1252//677 1237//677
f 1245//986 1259//986 1260//986
f 1237//678 1253//678 1238//678
f 1246//987 1260//987 1261//987
f 1238//988 1254//988 1239//988
f 1247//228 1261//228 1262//228
f 1240//989 1254//989 1255//989
f 1248//990 1262//990 1263//990
f 1241//991 1255//991 1256//991
f 1234//232 1061//232 1249//232
f 1068//992 1248//992 1263//992
f 1260//693 1276//693 1261//693
f 1253//993 1269//993 1254//993
f 1261//683 1277//683 1262//683
f 1254//237 1270//237 1255//237
f 1262//994 1278//994 1263//994
f 1255//685 1271//685 1256//685
f 1249//686 1061//686 1264//686
f 1068//995 1263//995 1278//995
f 1256//242 1272//242 1257//242
f 1250//689 1264//689 1265//689
f 1258//690 1272//690 1273//690
f 1250//996 1266//996 1251//996
f 1258//997 1274//997 1259//997
f 1252//247 1266//247 1267//247
f 1259//248 1275//248 1260//248
f 1252//998 1268//998 1253//998
f 1265//999 1279//999 1280//999
f 1272//706 1288//706 1273//706
f 1266//694 1280//694 1281//694
f 1273//253 1289//253 1274//253
f 1266//254 1282//254 1267//254
f 1275//255 1289//255 1290//255
f 1267//256 1283//256 1268//256
f 1275//1000 1291//1000 1276//1000
f 1268//258 1284//258 1269//258
f 1276//1001 1292//1001 1277//1001
f 1270//1002 1284//1002 1285//1002
f 1277//1003 1293//1003 1278//1003
f 1271//1004 1285//1004 1286//1004
f 1264//702 1061//702 1279//702
f 1068//703 1278//703 1293//703
f 1271//704 1287//704 1272//704
f 1283//282 1299//282 1284//282
f 1291//1005 1307//1005 1292//1005
f 1284//284 1300//284 1285//284
f 1293//1006 1307//1006 1308//1006
f 1286//707 1300//707 1301//707
f 1279//708 1061//708 1294//708
f 1068//709 1293//709 1308//709
f 1286//273 1302//273 1287//273
f 1279//1007 1295//1007 1280//1007
f 1287//275 1303//275 1288//275
f 1281//712 1295//712 1296//712
f 1288//277 1304//277 1289//277
f 1281//1008 1297//1008 1282//1008
f 1290//279 1304//279 1305//279
f 1282//715 1298//715 1283//715
f 1290//1009 1306//1009 1291//1009
f 1302//727 1318//727 1303//727
f 1295//298 1311//298 1296//298
f 1303//299 1319//299 1304//299
f 1297//1010 1311//1010 1312//1010
f 1304//285 1320//285 1305//285
f 1297//286 1313//286 1298//286
f 1305//721 1321//721 1306//721
f 1299//288 1313//288 1314//288
f 1307//1011 1321//1011 1322//1011
f 1299//290 1315//290 1300//290
f 1308//1012 1322//1012 1323//1012
f 1300//724 1316//724 1301//724
f 1294//725 1061//725 1309//725
f 1068//726 1308//726 1323//726
f 1302//295 1316//295 1317//295
f 1294//1013 1310//1013 1295//1013
f 1321//742 1337//742 1322//742
f 1314//314 1330//314 1315//314
f 1322//1014 1338//1014 1323//1014
f 1315//730 1331//730 1316//730
f 1309//731 1061//731 1324//731
f 1068//732 1323//732 1338//732
f 1317//303 1331//303 1332//303
f 1309//1015 1325//1015 1310//1015
f 1318//305 1332//305 1333//305
f 1311//736 1325//736 1326//736
f 1318//1016 1334//1016 1319//1016
f 1311//738 1327//738 1312//738
f 1319//309 1335//309 1320//309
f 1312//739 1328//739 1313//739
f 1321//1017 1335//1017 1336//1017
f 1313//741 1329//741 1314//741
f 1333//1018 1349//1018 1334//1018
f 1326//743 1342//743 1327//743
f 1334//332 1350//332 1335//332
f 1328//317 1342//317 1343//317
f 1336//1019 1350//1019 1351//1019
f 1328//319 1344//319 1329//319
f 1336//1020 1352//1020 1337//1020
f 1329//745 1345//745 1330//745
f 1338//1021 1352//1021 1353//1021
f 1331//323 1345//323 1346//323
f 1324//324 1061//324 1339//324
f 1068//1022 1338//1022 1353//1022
f 1331//326 1347//326 1332//326
f 1325//1023 1339//1023 1340//1023
f 1332//328 1348//328 1333//328
f 1325//1024 1341//1024 1326//1024
f 1352//1025 1368//1025 1353//1025
f 1346//1026 1360//1026 1361//1026
f 1339//347 1061//347 1354//347
f 1068//1027 1353//1027 1368//1027
f 1346//1028 1362//1028 1347//1028
f 1339//1029 1355//1029 1340//1029
f 1347//335 1363//335 1348//335
f 1340//754 1356//754 1341//754
f 1349//1030 1363//1030 1364//1030
f 1342//756 1356//756 1357//756
f 1349//339 1365//339 1350//339
f 1342//340 1358//340 1343//340
f 1350//1031 1366//1031 1351//1031
f 1343//342 1359//342 1344//342
f 1352//1032 1366//1032 1367//1032
f 1344//1033 1360//1033 1345//1033
f 1357//1034 1371//1034 1372//1034
f 1365//363 1379//363 1380//363
f 1357//364 1373//364 1358//364
f 1366//349 1380//349 1381//349
f 1358//763 1374//763 1359//763
f 1367//1035 1381//1035 1382//1035
f 1360//352 1374//352 1375//352
f 1368//353 1382//353 1383//353
f 1360//765 1376//765 1361//765
f 1354//355 1061//355 1369//355
f 1068//1036 1368//1036 1383//1036
f 1361//766 1377//766 1362//766
f 1354//1037 1370//1037 1355//1037
f 1362//767 1378//767 1363//767
f 1355//1038 1371//1038 1356//1038
f 1363//1039 1379//1039 1364//1039
f 1375//377 1391//377 1376//377
f 1369//1040 1061//1040 1384//1040
f 1068//770 1383//770 1398//770
f 1376//771 1392//771 1377//771
f 1370//1041 1384//1041 1385//1041
f 1378//1042 1392//1042 1393//1042
f 1371//1043 1385//1043 1386//1043
f 1378//775 1394//775 1379//775
f 1372//776 1386//776 1387//776
f 1379//777 1395//777 1380//777
f 1372//1044 1388//1044 1373//1044
f 1380//1045 1396//1045 1381//1045
f 1374//780 1388//780 1389//780
f 1381//1046 1397//1046 1382//1046
f 1374//782 1390//782 1375//782
f 1382//1047 1398//1047 1383//1047
f 1394//794 1410//794 1395//794
f 1388//795 1402//795 1403//795
f 1395//1048 1411//1048 1396//1048
f 1389//785 1403//785 1404//785
f 1396//1049 1412//1049 1397//1049
f 1390//787 1404//787 1405//787
f 1397//1050 1413//1050 1398//1050
f 1391//385 1405//385 1406//385
f 1384//386 1061//386 1399//386
f 1068//387 1398//387 1413//387
f 1391//789 1407//789 1392//789
f 1384//790 1400//790 1385//790
f 1392//791 1408//791 1393//791
f 1386//792 1400//792 1401//792
f 1393//1051 1409//1051 1394//1051
f 1387//393 1401//393 1402//393
f 1399//805 1061//805 1414//805
f 1068//806 1413//806 1428//806
f 1406//807 1422//807 1407//807
f 1400//1052 1414//1052 1415//1052
f 1407//797 1423//797 1408//797
f 1400//1053 1416//1053 1401//1053
f 1408//798 1424//798 1409//798
f 1401//799 1417//799 1402//799
f 1409//800 1425//800 1410//800
f 1402//801 1418//801 1403//801
f 1410//403 1426//403 1411//403
f 1403//404 1419//404 1404//404
f 1411//802 1427//802 1412//802
f 1405//406 1419//406 1420//406
f 1412//1054 1428//1054 1413//1054
f 1406//1055 1420//1055 1421//1055
f 1417//426 1433//426 1418//426
f 1426//427 1440//427 1441//427
f 1418//808 1434//808 1419//808
f 1427//809 1441//809 1442//809
f 1419//414 1435//414 1420//414
f 1428//1056 1442//1056 1443//1056
f 1420//811 1436//811 1421//811
f 1414//812 1061//812 1429//812
f 1068//813 1428//813 1443//813
f 1422//814 1436//814 1437//814
f 1414//815 1430//815 1415//815
f 1423//816 1437//816 1438//816
f 1415//422 1431//422 1416//422
f 1424//1057 1438//1057 1439//1057
f 1416//818 1432//818 1417//818
f 1425//425 1439//425 1440//425
f 1437//832 1451//832 1452//832
f 1430//1058 1444//1058 1445//1058
f 1438//1059 1452//1059 1453//1059
f 1430//822 1446//822 1431//822
f 1439//1060 1453//1060 1454//1060
f 1432//1061 1446//1061 1447//1061
f 1440//825 1454//825 1455//825
f 1432//826 1448//826 1433//826
f 1440//1062 1456//1062 1441//1062
f 1433//1063 1449//1063 1434//1063
f 1442//1064 1456//1064 1457//1064
f 1435//830 1449//830 1450//830
f 1442//831 1458//831 1443//831
f 1435//438 1451//438 1436//438
f 1429//439 1061//439 1444//439
f 1068//440 1443//440 1458//440
f 1456//847 1470//847 1471//847
f 1448//848 1464//848 1449//848
f 1456//834 1472//834 1457//834
f 1449//835 1465//835 1450//835
f 1458//1065 1472//1065 1473//1065
f 1450//837 1466//837 1451//837
f 1444//838 1061//838 1459//838
f 1068//839 1458//839 1473//839
f 1452//449 1466//449 1467//449
f 1444//840 1460//840 1445//840
f 1453//1066 1467//1066 1468//1066
f 1445//1067 1461//1067 1446//1067
f 1453//1068 1469//1068 1454//1068
f 1447//1069 1461//1069 1462//1069
f 1455//1070 1469//1070 1470//1070
f 1447//846 1463//846 1448//846
f 1468//1071 1482//1071 1483//1071
f 1460//1072 1476//1072 1461//1072
f 1468//850 1484//850 1469//850
f 1461//1073 1477//1073 1462//1073
f 1469//852 1485//852 1470//852
f 1463//853 1477//853 1478//853
f 1470//464 1486//464 1471//464
f 1463//854 1479//854 1464//854
f 1471//855 1487//855 1472//855
f 1464//467 1480//467 1465//467
f 1472//1074 1488//1074 1473//1074
f 1466//1075 1480//1075 1481//1075
f 1459//470 1061//470 1474//470
f 1068//1076 1473//1076 1488//1076
f 1467//1077 1481//1077 1482//1077
f 1460//473 1474//473 1475//473
f 1486//1078 1502//1078 1487//1078
f 1479//1079 1495//1079 1480//1079
f 1487//1080 1503//1080 1488//1080
f 1480//1081 1496//1081 1481//1081
f 1474//478 1061//478 1489//478
f 1068//1082 1488//1082 1503//1082
f 1481//863 1497//863 1482//863
f 1475//864 1489//864 1490//864
f 1483//1083 1497//1083 1498//1083
f 1476//865 1490//865 1491//865
f 1483//866 1499//866 1484//866
f 1477//1084 1491//1084 1492//1084
f 1484//867 1500//867 1485//867
f 1477//868 1493//868 1478//868
f 1486//1085 1500//1085 1501//1085
f 1478//1086 1494//1086 1479//1086
f 1491//1087 1505//1087 1506//1087
f 1498//870 1514//870 1499//870
f 1492//871 1506//871 1507//871
f 1500//493 1514//493 1515//493
f 1492//494 1508//494 1493//494
f 1500//872 1516//872 1501//872
f 1494//496 1508//496 1509//496
f 1501//1088 1517//1088 1502//1088
f 1494//498 1510//498 1495//498
f 1502//1089 1518//1089 1503//1089
f 1495//500 1511//500 1496//500
f 1489//501 1061//501 1504//501
f 1068//1090 1503//1090 1518//1090
f 1497//503 1511//503 1512//503
f 1489//875 1505//875 1490//875
f 1497//1091 1513//1091 1498//1091
f 1509//522 1525//522 1510//522
f 1517//1092 1533//1092 1518//1092
f 1510//1093 1526//1093 1511//1093
f 1504//879 1061//879 1519//879
f 1068//880 1518//880 1533//880
f 1511//1094 1527//1094 1512//1094
f 1504//1095 1520//1095 1505//1095
f 1512//883 1528//883 1513//883
f 1506//1096 1520//1096 1521//1096
f 1513//884 1529//884 1514//884
f 1507//1097 1521//1097 1522//1097
f 1514//885 1530//885 1515//885
f 1507//518 1523//518 1508//518
f 1515//886 1531//886 1516//886
f 1508//1098 1524//1098 1509//1098
f 1517//1099 1531//1099 1532//1099
f 1529//538 1538//538 1067//538
f 1521//1100 1064//1100 1522//1100
f 1529//540 1539//540 1530//540
f 1522//525 1535//525 1523//525
f 1530//526 1540//526 1531//526
f 1523//527 1065//527 1524//527
f 1531//1101 1541//1101 1532//1101
f 1524//1102 1536//1102 1525//1102
f 1532//1103 1542//1103 1533//1103
f 1526//531 1536//531 1066//531
f 1519//891 1061//891 1062//891
f 1068//892 1533//892 1542//892
f 1526//893 1537//893 1527//893
f 1519//1104 1534//1104 1520//1104
f 1528//1105 1537//1105 1538//1105
f 1521//537 1534//537 1063//537
f 1592//28 1593//28 1591//28
f 1594//1116 1597//1116 1593//1116
f 1598//25 1595//25 1597//25
f 1596//1117 1591//1117 1595//1117
f 1597//14 1591//14 1593//14
f 1594//11 1596//11 1598//11
f 527//1127 55//1127 67//1127
f 52//557 60//557 61//557
f 527//1128 68//1128 69//1128
f 53//1129 523//1129 61//1129
f 529//1130 528//1130 69//1130
f 53//34 62//34 63//34
f 530//1131 529//1131 70//1131
f 524//916 63//916 64//916
f 54//39 64//39 65//39
f 50//1132 57//1132 58//1132
f 526//41 525//41 65//41
f 51//1133 522//1133 58//1133
f 526//43 66//43 67//43
f 51//1134 59//1134 60//1134
f 66//1135 81//1135 82//1135
f 59//1136 74//1136 75//1136
f 67//1137 82//1137 83//1137
f 60//1138 75//1138 76//1138
f 68//570 83//570 84//570
f 61//571 76//571 77//571
f 69//1139 84//1139 85//1139
f 62//52 77//52 78//52
f 70//1140 85//1140 86//1140
f 63//1141 78//1141 79//1141
f 64//57 79//57 80//57
f 58//1142 57//1142 72//1142
f 65//1143 80//1143 81//1143
f 59//1144 58//1144 73//1144
f 85//1145 100//1145 101//1145
f 79//932 78//932 93//932
f 79//1146 94//1146 95//1146
f 72//1147 87//1147 88//1147
f 80//67 95//67 96//67
f 74//1148 73//1148 88//1148
f 81//1149 96//1149 97//1149
f 74//1150 89//1150 90//1150
f 82//71 97//71 98//71
f 76//1151 75//1151 90//1151
f 84//586 83//586 98//586
f 77//1152 76//1152 91//1152
f 84//1153 99//1153 100//1153
f 77//76 92//76 93//76
f 90//1154 89//1154 104//1154
f 98//588 97//588 112//588
f 91//1155 90//1155 105//1155
f 98//1156 113//1156 114//1156
f 91//1157 106//1157 107//1157
f 100//591 99//591 114//591
f 92//1158 107//1158 108//1158
f 100//1159 115//1159 116//1159
f 93//1160 108//1160 109//1160
f 95//1161 94//1161 109//1161
f 87//1162 102//1162 103//1162
f 95//90 110//90 111//90
f 88//91 103//91 104//91
f 97//587 96//587 111//587
f 108//947 123//947 124//947
f 110//96 109//96 124//96
f 103//1163 102//1163 117//1163
f 110//1164 125//1164 126//1164
f 103//1165 118//1165 119//1165
f 112//1166 111//1166 126//1166
f 104//1167 119//1167 120//1167
f 112//1168 127//1168 128//1168
f 106//1169 105//1169 120//1169
f 114//602 113//602 128//602
f 106//1170 121//1170 122//1170
f 115//1171 114//1171 129//1171
f 108//107 107//107 122//107
f 115//1172 130//1172 131//1172
f 128//1173 127//1173 142//1173
f 120//1174 135//1174 136//1174
f 128//1175 143//1175 144//1175
f 121//1176 136//1176 137//1176
f 129//1177 144//1177 145//1177
f 123//1178 122//1178 137//1178
f 130//1179 145//1179 146//1179
f 123//610 138//610 139//610
f 124//119 139//119 140//119
f 118//1180 117//1180 132//1180
f 125//1181 140//1181 141//1181
f 118//1182 133//1182 134//1182
f 126//1183 141//1183 142//1183
f 119//1184 134//1184 135//1184
f 140//1185 139//1185 154//1185
f 132//1186 147//1186 148//1186
f 141//1187 140//1187 155//1187
f 133//1188 148//1188 149//1188
f 141//1189 156//1189 157//1189
f 135//1190 134//1190 149//1190
f 142//618 157//618 158//618
f 136//1191 135//1191 150//1191
f 143//1192 158//1192 159//1192
f 136//135 151//135 152//135
f 145//1193 144//1193 159//1193
f 137//1194 152//1194 153//1194
f 145//1195 160//1195 161//1195
f 138//1196 153//1196 154//1196
f 159//1197 158//1197 173//1197
f 151//623 166//623 167//623
f 159//1198 174//1198 175//1198
f 153//625 152//625 167//625
f 161//1199 160//1199 175//1199
f 153//1200 168//1200 169//1200
f 154//149 169//149 170//149
f 147//1201 162//1201 163//1201
f 155//1202 170//1202 171//1202
f 149//1203 148//1203 163//1203
f 157//1204 156//1204 171//1204
f 150//1205 149//1205 164//1205
f 157//1206 172//1206 173//1206
f 150//1207 165//1207 166//1207
f 163//1208 162//1208 177//1208
f 171//1209 170//1209 185//1209
f 163//1210 178//1210 179//1210
f 171//1211 186//1211 187//1211
f 165//1212 164//1212 179//1212
f 173//1213 172//1213 187//1213
f 165//163 180//163 181//163
f 173//1214 188//1214 189//1214
f 166//639 181//639 182//639
f 175//1215 174//1215 189//1215
f 167//641 182//641 183//641
f 175//1216 190//1216 191//1216
f 168//1217 183//1217 184//1217
f 170//172 169//172 184//172
f 181//645 196//645 197//645
f 189//1218 204//1218 205//1218
f 183//1219 182//1219 197//1219
f 191//1220 190//1220 205//1220
f 183//177 198//177 199//177
f 185//1221 184//1221 199//1221
f 177//1222 192//1222 193//1222
f 185//1223 200//1223 201//1223
f 178//1224 193//1224 194//1224
f 186//1225 201//1225 202//1225
f 179//1226 194//1226 195//1226
f 187//1227 202//1227 203//1227
f 180//1228 195//1228 196//1228
f 189//1229 188//1229 203//1229
f 201//1230 200//1230 215//1230
f 194//1231 193//1231 208//1231
f 201//1232 216//1232 217//1232
f 194//1233 209//1233 210//1233
f 202//1234 217//1234 218//1234
f 196//194 195//194 210//194
f 204//1235 203//1235 218//1235
f 197//660 196//660 211//660
f 205//1236 204//1236 219//1236
f 197//1237 212//1237 213//1237
f 206//1238 205//1238 220//1238
f 199//1239 198//1239 213//1239
f 199//1240 214//1240 215//1240
f 192//1241 207//1241 208//1241
f 219//1242 234//1242 235//1242
f 212//206 227//206 228//206
f 221//1243 220//1243 235//1243
f 214//208 213//208 228//208
f 214//211 229//211 230//211
f 207//1244 222//1244 223//1244
f 216//1245 215//1245 230//1245
f 208//1246 223//1246 224//1246
f 216//1247 231//1247 232//1247
f 209//1248 224//1248 225//1248
f 218//1249 217//1249 232//1249
f 210//1250 225//1250 226//1250
f 218//665 233//665 234//665
f 211//1251 226//1251 227//1251
f 224//1252 223//1252 238//1252
f 231//985 246//985 247//985
f 225//1253 224//1253 239//1253
f 233//1254 232//1254 247//1254
f 225//1255 240//1255 241//1255
f 233//1256 248//1256 249//1256
f 227//1257 226//1257 241//1257
f 234//1258 249//1258 250//1258
f 227//1259 242//1259 243//1259
f 235//1260 250//1260 251//1260
f 229//1261 228//1261 243//1261
f 229//1262 244//1262 245//1262
f 223//1263 222//1263 237//1263
f 231//236 230//236 245//236
f 242//1264 257//1264 258//1264
f 250//1265 265//1265 266//1265
f 243//685 258//685 259//685
f 245//1266 244//1266 259//1266
f 238//1267 237//1267 252//1267
f 245//1268 260//1268 261//1268
f 238//1269 253//1269 254//1269
f 247//1270 246//1270 261//1270
f 240//1271 239//1271 254//1271
f 248//1272 247//1272 262//1272
f 240//1273 255//1273 256//1273
f 248//693 263//693 264//693
f 241//1274 256//1274 257//1274
f 250//1275 249//1275 264//1275
f 261//1276 276//1276 277//1276
f 255//1277 254//1277 269//1277
f 262//1278 277//1278 278//1278
f 255//1279 270//1279 271//1279
f 263//1000 278//1000 279//1000
f 256//1280 271//1280 272//1280
f 264//1281 279//1281 280//1281
f 257//1282 272//1282 273//1282
f 266//1283 265//1283 280//1283
f 258//1284 273//1284 274//1284
f 259//1285 274//1285 275//1285
f 252//1286 267//1286 268//1286
f 260//267 275//267 276//267
f 253//694 268//694 269//694
f 280//1287 295//1287 296//1287
f 273//707 288//707 289//707
f 274//1288 289//1288 290//1288
f 267//1289 282//1289 283//1289
f 275//275 290//275 291//275
f 269//1290 268//1290 283//1290
f 277//277 276//277 291//277
f 269//1291 284//1291 285//1291
f 277//1292 292//1292 293//1292
f 271//1293 270//1293 285//1293
f 278//1294 293//1294 294//1294
f 271//1295 286//1295 287//1295
f 279//1296 294//1296 295//1296
f 273//284 272//284 287//284
f 293//1297 292//1297 307//1297
f 285//720 300//720 301//720
f 293//1298 308//1298 309//1298
f 286//1299 301//1299 302//1299
f 295//722 294//722 309//722
f 287//290 302//290 303//290
f 295//1300 310//1300 311//1300
f 288//1301 303//1301 304//1301
f 289//1302 304//1302 305//1302
f 282//1303 297//1303 298//1303
f 291//297 290//297 305//297
f 283//1304 298//1304 299//1304
f 291//299 306//299 307//299
f 284//1305 299//1305 300//1305
f 304//733 319//733 320//733
f 297//1306 312//1306 313//1306
f 305//1307 320//1307 321//1307
f 299//1308 298//1308 313//1308
f 306//1309 321//1309 322//1309
f 299//1310 314//1310 315//1310
f 307//1311 322//1311 323//1311
f 301//1312 300//1312 315//1312
f 309//1313 308//1313 323//1313
f 301//1314 316//1314 317//1314
f 309//1315 324//1315 325//1315
f 302//314 317//314 318//314
f 311//1316 310//1316 325//1316
f 303//1317 318//1317 319//1317
f 316//1318 315//1318 330//1318
f 324//318 323//318 338//318
f 317//319 316//319 331//319
f 324//1319 339//1319 340//1319
f 318//1320 317//1320 332//1320
f 326//1321 325//1321 340//1321
f 318//1322 333//1322 334//1322
f 319//1323 334//1323 335//1323
f 312//1324 327//1324 328//1324
f 320//328 335//328 336//328
f 313//1325 328//1325 329//1325
f 321//330 336//330 337//330
f 314//1326 329//1326 330//1326
f 322//1327 337//1327 338//1327
f 335//1328 334//1328 349//1328
f 327//1329 342//1329 343//1329
f 335//1330 350//1330 351//1330
f 328//1331 343//1331 344//1331
f 336//1030 351//1030 352//1030
f 329//1332 344//1332 345//1332
f 338//1333 337//1333 352//1333
f 331//1334 330//1334 345//1334
f 339//1335 338//1335 353//1335
f 331//1336 346//1336 347//1336
f 340//1337 339//1337 354//1337
f 333//1338 332//1338 347//1338
f 340//1339 355//1339 356//1339
f 333//1340 348//1340 349//1340
f 353//1341 368//1341 369//1341
f 346//1342 361//1342 362//1342
f 355//1343 354//1343 369//1343
f 348//352 347//352 362//352
f 355//1344 370//1344 371//1344
f 348//1345 363//1345 364//1345
f 350//357 349//357 364//357
f 343//1346 342//1346 357//1346
f 350//1347 365//1347 366//1347
f 343//1348 358//1348 359//1348
f 352//1349 351//1349 366//1349
f 344//1350 359//1350 360//1350
f 352//1351 367//1351 368//1351
f 345//1352 360//1352 361//1352
f 358//1353 357//1353 372//1353
f 365//366 380//366 381//366
f 359//1354 358//1354 373//1354
f 367//368 366//368 381//368
f 359//1355 374//1355 375//1355
f 368//1356 367//1356 382//1356
f 361//1357 360//1357 375//1357
f 369//1358 368//1358 383//1358
f 361//373 376//373 377//373
f 370//1359 369//1359 384//1359
f 363//375 362//375 377//375
f 370//1360 385//1360 386//1360
f 363//1361 378//1361 379//1361
f 364//1362 379//1362 380//1362
f 376//1363 391//1363 392//1363
f 384//1364 399//1364 400//1364
f 377//383 392//383 393//383
f 385//1365 400//1365 401//1365
f 379//1366 378//1366 393//1366
f 379//789 394//789 395//789
f 372//1367 387//1367 388//1367
f 380//390 395//390 396//390
f 374//1368 373//1368 388//1368
f 381//1369 396//1369 397//1369
f 375//1370 374//1370 389//1370
f 382//1371 397//1371 398//1371
f 376//1372 375//1372 390//1372
f 383//1373 398//1373 399//1373
f 395//1374 410//1374 411//1374
f 389//1375 388//1375 403//1375
f 396//1376 411//1376 412//1376
f 389//1377 404//1377 405//1377
f 397//1378 412//1378 413//1378
f 391//801 390//801 405//801
f 399//1379 398//1379 413//1379
f 392//404 391//404 406//404
f 399//1380 414//1380 415//1380
f 392//1381 407//1381 408//1381
f 401//1382 400//1382 415//1382
f 393//1383 408//1383 409//1383
f 394//411 409//411 410//411
f 387//1384 402//1384 403//1384
f 415//1385 414//1385 429//1385
f 407//1386 422//1386 423//1386
f 415//1387 430//1387 431//1387
f 408//1388 423//1388 424//1388
f 410//419 409//419 424//419
f 403//1389 402//1389 417//1389
f 411//1390 410//1390 425//1390
f 403//1391 418//1391 419//1391
f 412//1392 411//1392 426//1392
f 404//1393 419//1393 420//1393
f 412//1394 427//1394 428//1394
f 406//1395 405//1395 420//1395
f 413//1396 428//1396 429//1396
f 406//428 421//428 422//428
f 427//1060 426//1060 441//1060
f 419//1397 434//1397 435//1397
f 428//1398 427//1398 442//1398
f 420//1399 435//1399 436//1399
f 429//1400 428//1400 443//1400
f 422//1401 421//1401 436//1401
f 430//1402 429//1402 444//1402
f 422//436 437//436 438//436
f 430//1403 445//1403 446//1403
f 423//1404 438//1404 439//1404
f 424//832 439//832 440//832
f 418//1405 417//1405 432//1405
f 425//443 440//443 441//443
f 418//1406 433//1406 434//1406
f 446//1407 445//1407 460//1407
f 438//1408 453//1408 454//1408
f 439//1409 454//1409 455//1409
f 432//1410 447//1410 448//1410
f 440//1411 455//1411 456//1411
f 433//1412 448//1412 449//1412
f 441//1413 456//1413 457//1413
f 434//1414 449//1414 450//1414
f 442//1415 457//1415 458//1415
f 435//1416 450//1416 451//1416
f 443//1417 458//1417 459//1417
f 436//458 451//458 452//458
f 444//1418 459//1418 460//1418
f 438//1419 437//1419 452//1419
f 450//1420 449//1420 464//1420
f 457//1421 472//1421 473//1421
f 450//1422 465//1422 466//1422
f 458//1423 473//1423 474//1423
f 452//1424 451//1424 466//1424
f 459//1425 474//1425 475//1425
f 452//467 467//467 468//467
f 461//1426 460//1426 475//1426
f 454//469 453//469 468//469
f 454//472 469//472 470//472
f 447//1427 462//1427 463//1427
f 456//1428 455//1428 470//1428
f 449//1429 448//1429 463//1429
f 456//1430 471//1430 472//1430
f 469//1431 468//1431 483//1431
f 469//1432 484//1432 485//1432
f 462//1433 477//1433 478//1433
f 471//1083 470//1083 485//1083
f 464//1434 463//1434 478//1434
f 471//1435 486//1435 487//1435
f 464//1436 479//1436 480//1436
f 472//1437 487//1437 488//1437
f 465//1438 480//1438 481//1438
f 473//1439 488//1439 489//1439
f 466//1440 481//1440 482//1440
f 474//1441 489//1441 490//1441
f 467//1442 482//1442 483//1442
f 476//1443 475//1443 490//1443
f 488//1444 487//1444 502//1444
f 480//1445 495//1445 496//1445
f 488//872 503//872 504//872
f 481//496 496//496 497//496
f 489//1088 504//1088 505//1088
f 482//1446 497//1446 498//1446
f 490//1447 505//1447 506//1447
f 483//1448 498//1448 499//1448
f 484//1449 499//1449 500//1449
f 478//1450 477//1450 492//1450
f 486//505 485//505 500//505
f 478//1451 493//1451 494//1451
f 487//507 486//507 501//507
f 479//871 494//871 495//871
f 499//1094 514//1094 515//1094
f 493//1452 492//1452 507//1452
f 500//513 515//513 516//513
f 494//1096 493//1096 508//1096
f 501//1453 516//1453 517//1453
f 495//1454 494//1454 509//1454
f 503//1455 502//1455 517//1455
f 495//1456 510//1456 511//1456
f 503//1457 518//1457 519//1457
f 496//1458 511//1458 512//1458
f 504//1459 519//1459 520//1459
f 497//522 512//522 513//522
f 505//1460 520//1460 521//1460
f 498//878 513//878 514//878
f 511//1461 510//1461 52//1461
f 518//1462 527//1462 528//1462
f 511//1463 523//1463 53//1463
f 519//1464 528//1464 529//1464
f 512//1102 53//1102 524//1102
f 521//1465 520//1465 529//1465
f 514//1466 513//1466 524//1466
f 514//1467 54//1467 525//1467
f 507//1468 50//1468 522//1468
f 515//536 525//536 526//536
f 509//1469 508//1469 522//1469
f 517//538 516//538 526//538
f 509//1470 51//1470 52//1470
f 517//1471 55//1471 527//1471
f 557//1134 565//1134 566//1134
f 561//1492 573//1492 574//1492
f 1029//557 558//557 566//557
f 1033//1128 574//1128 575//1128
f 1029//1129 567//1129 568//1129
f 1034//1493 575//1493 576//1493
f 559//34 568//34 569//34
f 1035//1494 576//1494 577//1494
f 1030//561 569//561 570//561
f 560//1495 570//1495 571//1495
f 1028//1496 556//1496 563//1496
f 1031//41 571//41 572//41
f 557//1133 1028//1133 564//1133
f 561//43 1032//43 572//43
f 572//1497 571//1497 586//1497
f 565//1498 564//1498 579//1498
f 573//1135 572//1135 587//1135
f 566//1136 565//1136 580//1136
f 573//1137 588//1137 589//1137
f 566//48 581//48 582//48
f 574//1499 589//1499 590//1499
f 567//1500 582//1500 583//1500
f 575//1501 590//1501 591//1501
f 568//1502 583//1502 584//1502
f 577//1503 576//1503 591//1503
f 569//54 584//54 585//54
f 570//1504 585//1504 586//1504
f 563//1505 578//1505 579//1505
f 590//1153 605//1153 606//1153
f 584//76 583//76 598//76
f 592//1506 591//1506 606//1506
f 585//932 584//932 599//932
f 585//65 600//65 601//65
f 578//1507 593//1507 594//1507
f 587//935 586//935 601//935
f 579//1508 594//1508 595//1508
f 588//1149 587//1149 602//1149
f 580//1509 595//1509 596//1509
f 589//1510 588//1510 603//1510
f 581//1151 596//1151 597//1151
f 590//586 589//586 604//586
f 582//1511 597//1511 598//1511
f 603//587 602//587 617//587
f 596//1512 595//1512 610//1512
f 603//1513 618//1513 619//1513
f 596//1514 611//1514 612//1514
f 604//1156 619//1156 620//1156
f 597//1515 612//1515 613//1515
f 605//1516 620//1516 621//1516
f 598//1517 613//1517 614//1517
f 607//1518 606//1518 621//1518
f 599//1160 614//1160 615//1160
f 600//1519 615//1519 616//1519
f 594//1162 593//1162 608//1162
f 601//90 616//90 617//90
f 594//1520 609//1520 610//1520
f 621//1172 636//1172 637//1172
f 615//947 614//947 629//947
f 615//1521 630//1521 631//1521
f 609//1163 608//1163 623//1163
f 617//1164 616//1164 631//1164
f 609//1522 624//1522 625//1522
f 617//1523 632//1523 633//1523
f 611//1524 610//1524 625//1524
f 618//1168 633//1168 634//1168
f 612//103 611//103 626//103
f 619//1525 634//1525 635//1525
f 612//1526 627//1526 628//1526
f 620//106 635//106 636//106
f 613//107 628//107 629//107
f 625//1184 640//1184 641//1184
f 633//606 648//606 649//606
f 626//1174 641//1174 642//1174
f 634//1527 649//1527 650//1527
f 628//1528 627//1528 642//1528
f 636//1529 635//1529 650//1529
f 629//1178 628//1178 643//1178
f 636//1179 651//1179 652//1179
f 630//116 629//116 644//116
f 630//1530 645//1530 646//1530
f 624//1531 623//1531 638//1531
f 631//1181 646//1181 647//1181
f 624//1532 639//1532 640//1532
f 633//1183 632//1183 647//1183
f 645//1196 644//1196 659//1196
f 645//1185 660//1185 661//1185
f 639//1533 638//1533 653//1533
f 647//1187 646//1187 661//1187
f 640//1534 639//1534 654//1534
f 647//1535 662//1535 663//1535
f 641//1536 640//1536 655//1536
f 648//618 663//618 664//618
f 642//1537 641//1537 656//1537
f 649//1192 664//1192 665//1192
f 642//135 657//135 658//135
f 650//1538 665//1538 666//1538
f 643//1194 658//1194 659//1194
f 651//1195 666//1195 667//1195
f 664//1539 663//1539 678//1539
f 656//964 671//964 672//964
f 664//1540 679//1540 680//1540
f 658//1541 657//1541 672//1541
f 665//1198 680//1198 681//1198
f 658//625 673//625 674//625
f 666//1542 681//1542 682//1542
f 659//146 674//146 675//146
f 660//149 675//149 676//149
f 654//1543 653//1543 668//1543
f 661//151 676//151 677//151
f 655//1544 654//1544 669//1544
f 662//1545 677//1545 678//1545
f 655//1546 670//1546 671//1546
f 676//172 675//172 690//172
f 669//1547 668//1547 683//1547
f 676//158 691//158 692//158
f 669//159 684//159 685//159
f 677//160 692//160 693//160
f 671//1212 670//1212 685//1212
f 679//1213 678//1213 693//1213
f 672//1548 671//1548 686//1548
f 680//1549 679//1549 694//1549
f 672//165 687//165 688//165
f 681//1215 680//1215 695//1215
f 673//641 688//641 689//641
f 681//1216 696//1216 697//1216
f 674//169 689//169 690//169
f 686//1550 701//1550 702//1550
f 695//1551 694//1551 709//1551
f 687//1552 702//1552 703//1552
f 696//1553 695//1553 710//1553
f 688//1219 703//1219 704//1219
f 696//1554 711//1554 712//1554
f 689//1555 704//1555 705//1555
f 691//1556 690//1556 705//1556
f 684//1222 683//1222 698//1222
f 692//1223 691//1223 706//1223
f 684//1557 699//1557 700//1557
f 693//1558 692//1558 707//1558
f 685//1559 700//1559 701//1559
f 693//1560 708//1560 709//1560
f 705//1561 720//1561 721//1561
f 698//1241 713//1241 714//1241
f 707//1230 706//1230 721//1230
f 699//1562 714//1562 715//1562
f 707//191 722//191 723//191
f 700//1563 715//1563 716//1563
f 709//659 708//659 723//659
f 702//194 701//194 716//194
f 709//1564 724//1564 725//1564
f 703//1565 702//1565 717//1565
f 710//1566 725//1566 726//1566
f 703//1237 718//1237 719//1237
f 712//1238 711//1238 726//1238
f 705//975 704//975 719//975
f 725//1567 724//1567 739//1567
f 717//976 732//976 733//976
f 726//1568 725//1568 740//1568
f 718//206 733//206 734//206
f 727//1243 726//1243 741//1243
f 719//208 734//208 735//208
f 721//1569 720//1569 735//1569
f 713//1244 728//1244 729//1244
f 721//1245 736//1245 737//1245
f 714//1570 729//1570 730//1570
f 722//673 737//673 738//673
f 715//1571 730//1571 731//1571
f 723//1572 738//1572 739//1572
f 716//218 731//218 732//218
f 736//1573 751//1573 752//1573
f 730//1574 729//1574 744//1574
f 737//676 752//676 753//676
f 730//1575 745//1575 746//1575
f 739//1576 738//1576 753//1576
f 731//1255 746//1255 747//1255
f 740//1256 739//1256 754//1256
f 733//1577 732//1577 747//1577
f 740//1578 755//1578 756//1578
f 733//1259 748//1259 749//1259
f 741//1260 756//1260 757//1260
f 734//1579 749//1579 750//1579
f 735//1262 750//1262 751//1262
f 729//1263 728//1263 743//1263
f 755//1580 770//1580 771//1580
f 748//237 763//237 764//237
f 756//684 771//684 772//684
f 749//1581 764//1581 765//1581
f 751//242 750//242 765//242
f 744//1582 743//1582 758//1582
f 752//1268 751//1268 766//1268
f 744//1269 759//1269 760//1269
f 752//1583 767//1583 768//1583
f 746//1584 745//1584 760//1584
f 753//1585 768//1585 769//1585
f 746//1273 761//1273 762//1273
f 754//693 769//693 770//693
f 747//251 762//251 763//251
f 760//1586 759//1586 774//1586
f 767//1587 782//1587 783//1587
f 760//1277 775//1277 776//1277
f 769//1278 768//1278 783//1278
f 761//1588 776//1588 777//1588
f 770//1000 769//1000 784//1000
f 762//1280 777//1280 778//1280
f 770//1589 785//1589 786//1589
f 763//1590 778//1590 779//1590
f 772//1591 771//1591 786//1591
f 764//262 779//262 780//262
f 765//704 780//704 781//704
f 758//1592 773//1592 774//1592
f 766//267 781//267 782//267
f 778//284 793//284 794//284
f 786//1593 801//1593 802//1593
f 780//707 779//707 794//707
f 780//273 795//273 796//273
f 773//1289 788//1289 789//1289
f 782//275 781//275 796//275
f 775//1594 774//1594 789//1594
f 782//277 797//277 798//277
f 776//1595 775//1595 790//1595
f 783//279 798//279 799//279
f 776//1293 791//1293 792//1293
f 784//1596 799//1596 800//1596
f 778//1597 777//1597 792//1597
f 785//1598 800//1598 801//1598
f 797//299 812//299 813//299
f 790//1305 805//1305 806//1305
f 798//1297 813//1297 814//1297
f 791//720 806//720 807//720
f 799//1298 814//1298 815//1298
f 792//1599 807//1599 808//1599
f 800//1600 815//1600 816//1600
f 793//290 808//290 809//290
f 801//1601 816//1601 817//1601
f 794//1301 809//1301 810//1301
f 796//1602 795//1602 810//1602
f 788//1303 803//1303 804//1303
f 796//297 811//297 812//297
f 790//1603 789//1603 804//1603
f 817//1316 816//1316 831//1316
f 809//1604 824//1604 825//1604
f 810//303 825//303 826//303
f 804//1605 803//1605 818//1605
f 811//1606 826//1606 827//1606
f 805//1607 804//1607 819//1607
f 812//737 827//737 828//737
f 805//1608 820//1608 821//1608
f 813//1311 828//1311 829//1311
f 806//310 821//310 822//310
f 814//1609 829//1609 830//1609
f 807//1610 822//1610 823//1610
f 815//1611 830//1611 831//1611
f 808//1612 823//1612 824//1612
f 820//1326 835//1326 836//1326
f 828//332 843//332 844//332
f 822//1318 821//1318 836//1318
f 830//1613 829//1613 844//1613
f 822//1614 837//1614 838//1614
f 831//1615 830//1615 845//1615
f 823//321 838//321 839//321
f 832//1321 831//1321 846//1321
f 825//1616 824//1616 839//1616
f 825//1323 840//1323 841//1323
f 818//1617 833//1617 834//1617
f 826//328 841//328 842//328
f 819//329 834//329 835//329
f 828//330 827//330 842//330
f 840//1618 839//1618 854//1618
f 840//333 855//333 856//333
f 833//1619 848//1619 849//1619
f 841//1620 856//1620 857//1620
f 834//1621 849//1621 850//1621
f 842//1622 857//1622 858//1622
f 836//1623 835//1623 850//1623
f 843//1624 858//1624 859//1624
f 837//1625 836//1625 851//1625
f 845//341 844//341 859//341
f 837//1626 852//1626 853//1626
f 846//1627 845//1627 860//1627
f 839//1338 838//1338 853//1338
f 847//1628 846//1628 861//1628
f 859//363 858//363 873//363
f 851//1629 866//1629 867//1629
f 860//1341 859//1341 874//1341
f 852//1630 867//1630 868//1630
f 860//1631 875//1631 876//1631
f 854//1632 853//1632 868//1632
f 862//1344 861//1344 876//1344
f 854//1345 869//1345 870//1345
f 855//1633 870//1633 871//1633
f 848//1346 863//1346 864//1346
f 856//1347 871//1347 872//1347
f 849//1634 864//1634 865//1634
f 857//1635 872//1635 873//1635
f 850//1636 865//1636 866//1636
f 870//771 885//771 886//771
f 863//1637 878//1637 879//1637
f 871//1638 886//1638 887//1638
f 864//1639 879//1639 880//1639
f 872//1640 887//1640 888//1640
f 866//1641 865//1641 880//1641
f 873//1642 888//1642 889//1642
f 867//1643 866//1643 881//1643
f 875//1358 874//1358 889//1358
f 868//1644 867//1644 882//1644
f 876//1645 875//1645 890//1645
f 868//1646 883//1646 884//1646
f 876//1360 891//1360 892//1360
f 869//1361 884//1361 885//1361
f 889//1373 904//1373 905//1373
f 883//1363 882//1363 897//1363
f 890//1647 905//1647 906//1647
f 884//1648 883//1648 898//1648
f 892//1649 891//1649 906//1649
f 885//385 884//385 899//385
f 885//789 900//789 901//789
f 878//1650 893//1650 894//1650
f 886//1651 901//1651 902//1651
f 880//1652 879//1652 894//1652
f 887//1051 902//1051 903//1051
f 881//1653 880//1653 895//1653
f 888//1654 903//1654 904//1654
f 882//1655 881//1655 896//1655
f 893//1656 908//1656 909//1656
f 901//1374 916//1374 917//1374
f 895//1657 894//1657 909//1657
f 902//1658 917//1658 918//1658
f 895//1659 910//1659 911//1659
f 903//1660 918//1660 919//1660
f 897//402 896//402 911//402
f 905//1661 904//1661 919//1661
f 897//404 912//404 913//404
f 905//1380 920//1380 921//1380
f 899//1662 898//1662 913//1662
f 907//1663 906//1663 921//1663
f 900//1664 899//1664 914//1664
f 900//1665 915//1665 916//1665
f 912//1666 927//1666 928//1666
f 921//1385 920//1385 935//1385
f 913//1667 928//1667 929//1667
f 921//1668 936//1668 937//1668
f 914//1669 929//1669 930//1669
f 916//1670 915//1670 930//1670
f 908//1389 923//1389 924//1389
f 917//1390 916//1390 931//1390
f 909//1671 924//1671 925//1671
f 918//1672 917//1672 932//1672
f 910//1673 925//1673 926//1673
f 918//1394 933//1394 934//1394
f 912//819 911//819 926//819
f 920//1674 919//1674 934//1674
f 931//1675 946//1675 947//1675
f 924//1676 939//1676 940//1676
f 933//1677 932//1677 947//1677
f 925//1061 940//1061 941//1061
f 934//1678 933//1678 948//1678
f 926//1679 941//1679 942//1679
f 935//1680 934//1680 949//1680
f 927//1401 942//1401 943//1401
f 936//1681 935//1681 950//1681
f 929//1682 928//1682 943//1682
f 936//1683 951//1683 952//1683
f 929//438 944//438 945//438
f 931//832 930//832 945//832
f 923//1684 938//1684 939//1684
f 950//1685 965//1685 966//1685
f 943//1686 958//1686 959//1686
f 951//1687 966//1687 967//1687
f 944//1688 959//1688 960//1688
f 945//1409 960//1409 961//1409
f 938//1410 953//1410 954//1410
f 946//1689 961//1689 962//1689
f 940//1690 939//1690 954//1690
f 948//1068 947//1068 962//1068
f 940//1691 955//1691 956//1691
f 949//1692 948//1692 963//1692
f 941//1693 956//1693 957//1693
f 950//1694 949//1694 964//1694
f 942//1695 957//1695 958//1695
f 954//475 969//475 970//475
f 962//1696 977//1696 978//1696
f 955//1697 970//1697 971//1697
f 963//852 978//852 979//852
f 957//1698 956//1698 971//1698
f 964//1423 979//1423 980//1423
f 957//465 972//465 973//465
f 965//1699 980//1699 981//1699
f 958//1700 973//1700 974//1700
f 966//1426 981//1426 982//1426
f 959//1701 974//1701 975//1701
f 961//1702 960//1702 975//1702
f 954//1703 953//1703 968//1703
f 962//1704 961//1704 976//1704
f 973//1442 988//1442 989//1442
f 982//1443 981//1443 996//1443
f 974//1081 989//1081 990//1081
f 975//1705 990//1705 991//1705
f 969//1706 968//1706 983//1706
f 977//482 976//482 991//482
f 970//1707 969//1707 984//1707
f 977//1435 992//1435 993//1435
f 970//1084 985//1084 986//1084
f 978//486 993//486 994//486
f 971//1708 986//1708 987//1708
f 980//1709 979//1709 994//1709
f 972//489 987//489 988//489
f 980//1710 995//1710 996//1710
f 992//507 1007//507 1008//507
f 986//1711 985//1711 1000//1711
f 994//1444 993//1444 1008//1444
f 986//1445 1001//1445 1002//1445
f 994//1712 1009//1712 1010//1712
f 988//1713 987//1713 1002//1713
f 996//873 995//873 1010//873
f 988//1714 1003//1714 1004//1714
f 996//1447 1011//1447 1012//1447
f 989//1448 1004//1448 1005//1448
f 991//1449 990//1449 1005//1449
f 983//1715 998//1715 999//1715
f 991//505 1006//505 1007//505
f 984//1716 999//1716 1000//1716
f 1011//1460 1026//1460 1027//1460
f 1005//878 1004//878 1019//878
f 1005//881 1020//881 1021//881
f 998//1717 1013//1717 1014//1717
f 1006//513 1021//513 1022//513
f 999//1718 1014//1718 1015//1718
f 1007//1719 1022//1719 1023//1719
f 1000//1454 1015//1454 1016//1454
f 1008//517 1023//517 1024//517
f 1002//1456 1001//1456 1016//1456
f 1009//519 1024//519 1025//519
f 1003//520 1002//520 1017//520
f 1010//1720 1025//1720 1026//1720
f 1003//522 1018//522 1019//522
f 1023//1471 561//1471 1033//1471
f 1016//1461 558//1461 1029//1461
f 1024//1721 1033//1721 1034//1721
f 1017//1463 1029//1463 559//1463
f 1025//1464 1034//1464 1035//1464
f 1018//1102 559//1102 1030//1102
f 1026//1722 1035//1722 1036//1722
f 1020//1723 1019//1723 1030//1723
f 1020//1467 560//1467 1031//1467
f 1013//1724 556//1724 1028//1724
f 1021//536 1031//536 1032//536
f 1014//1725 1028//1725 557//1725
f 1022//538 1032//538 561//538
f 1015//1726 557//1726 558//1726
f 1534//1746 1070//1746 1071//1746
f 1538//43 1078//43 1079//43
f 1063//1134 1071//1134 1072//1134
f 1067//1492 1079//1492 1080//1492
f 1064//1747 1072//1747 1073//1747
f 1539//1128 1080//1128 1081//1128
f 1535//1748 1073//1748 1074//1748
f 1540//1749 1081//1749 1082//1749
f 1536//34 1065//34 1074//34
f 1541//1494 1082//1494 1083//1494
f 1536//916 1075//916 1076//916
f 1537//918 1066//918 1076//918
f 1534//1132 1062//1132 1069//1132
f 1537//41 1077//41 1078//41
f 1069//1750 1084//1750 1085//1750
f 1078//1497 1077//1497 1092//1497
f 1071//1498 1070//1498 1085//1498
f 1078//1751 1093//1751 1094//1751
f 1072//1136 1071//1136 1086//1136
f 1079//1752 1094//1752 1095//1752
f 1072//48 1087//48 1088//48
f 1080//1753 1095//1753 1096//1753
f 1073//1500 1088//1500 1089//1500
f 1081//1754 1096//1754 1097//1754
f 1074//1502 1089//1502 1090//1502
f 1082//1755 1097//1755 1098//1755
f 1075//54 1090//54 1091//54
f 1076//1504 1091//1504 1092//1504
f 1088//1756 1103//1756 1104//1756
f 1097//1757 1096//1757 1111//1757
f 1090//76 1089//76 1104//76
f 1098//1758 1097//1758 1112//1758
f 1090//932 1105//932 1106//932
f 1091//65 1106//65 1107//65
f 1084//1507 1099//1507 1100//1507
f 1092//935 1107//935 1108//935
f 1085//1508 1100//1508 1101//1508
f 1094//1759 1093//1759 1108//1759
f 1086//1509 1101//1509 1102//1509
f 1095//1760 1094//1760 1109//1760
f 1088//1151 1087//1151 1102//1151
f 1096//586 1095//586 1110//586
f 1107//1761 1122//1761 1123//1761
f 1101//91 1100//91 1115//91
f 1108//587 1123//587 1124//587
f 1102//1762 1101//1762 1116//1762
f 1109//1763 1124//1763 1125//1763
f 1103//1764 1102//1764 1117//1764
f 1110//1156 1125//1156 1126//1156
f 1103//1515 1118//1515 1119//1515
f 1111//1765 1126//1765 1127//1765
f 1105//1766 1104//1766 1119//1766
f 1113//1518 1112//1518 1127//1518
f 1105//1160 1120//1160 1121//1160
f 1107//1161 1106//1161 1121//1161
f 1099//1162 1114//1162 1115//1162
f 1126//106 1141//106 1142//106
f 1119//107 1134//107 1135//107
f 1127//1767 1142//1767 1143//1767
f 1120//947 1135//947 1136//947
f 1121//1521 1136//1521 1137//1521
f 1115//1768 1114//1768 1129//1768
f 1122//1164 1137//1164 1138//1164
f 1116//1769 1115//1769 1130//1769
f 1124//1770 1123//1770 1138//1770
f 1117//1771 1116//1771 1131//1771
f 1125//1772 1124//1772 1139//1772
f 1117//1773 1132//1773 1133//1773
f 1125//1774 1140//1774 1141//1774
f 1118//1526 1133//1526 1134//1526
f 1130//1532 1145//1532 1146//1532
f 1138//1775 1153//1775 1154//1775
f 1131//1184 1146//1184 1147//1184
f 1140//1173 1139//1173 1154//1173
f 1132//1174 1147//1174 1148//1174
f 1140//1527 1155//1527 1156//1527
f 1133//1528 1148//1528 1149//1528
f 1141//957 1156//957 1157//957
f 1135//1178 1134//1178 1149//1178
f 1142//1776 1157//1776 1158//1776
f 1136//116 1135//116 1150//116
f 1136//1777 1151//1777 1152//1777
f 1130//1778 1129//1778 1144//1778
f 1137//121 1152//121 1153//121
f 1150//1194 1149//1194 1164//1194
f 1158//1779 1157//1779 1172//1779
f 1151//1196 1150//1196 1165//1196
f 1151//1185 1166//1185 1167//1185
f 1145//1533 1144//1533 1159//1533
f 1152//1187 1167//1187 1168//1187
f 1146//1534 1145//1534 1160//1534
f 1153//1535 1168//1535 1169//1535
f 1146//1536 1161//1536 1162//1536
f 1155//1780 1154//1780 1169//1780
f 1148//1537 1147//1537 1162//1537
f 1156//1781 1155//1781 1170//1781
f 1148//135 1163//135 1164//135
f 1156//1782 1171//1782 1172//1782
f 1169//1204 1168//1204 1183//1204
f 1161//1546 1176//1546 1177//1546
f 1169//1206 1184//1206 1185//1206
f 1163//964 1162//964 1177//964
f 1170//1540 1185//1540 1186//1540
f 1164//1541 1163//1541 1178//1541
f 1171//1198 1186//1198 1187//1198
f 1165//625 1164//625 1179//625
f 1172//1542 1187//1542 1188//1542
f 1165//146 1180//146 1181//146
f 1166//149 1181//149 1182//149
f 1159//1543 1174//1543 1175//1543
f 1167//151 1182//151 1183//151
f 1161//1544 1160//1544 1175//1544
f 1188//1783 1187//1783 1202//1783
f 1180//169 1195//169 1196//169
f 1182//172 1181//172 1196//172
f 1175//1547 1174//1547 1189//1547
f 1182//158 1197//158 1198//158
f 1175//1784 1190//1784 1191//1784
f 1184//1211 1183//1211 1198//1211
f 1177//1212 1176//1212 1191//1212
f 1185//1213 1184//1213 1199//1213
f 1178//1548 1177//1548 1192//1548
f 1186//1549 1185//1549 1200//1549
f 1179//639 1178//639 1193//639
f 1187//1215 1186//1215 1201//1215
f 1180//641 1179//641 1194//641
f 1199//1560 1214//1560 1215//1560
f 1193//1550 1192//1550 1207//1550
f 1201//1785 1200//1785 1215//1785
f 1193//1552 1208//1552 1209//1552
f 1201//1218 1216//1218 1217//1218
f 1194//1219 1209//1219 1210//1219
f 1202//1554 1217//1554 1218//1554
f 1195//1555 1210//1555 1211//1555
f 1197//1786 1196//1786 1211//1786
f 1190//1222 1189//1222 1204//1222
f 1197//182 1212//182 1213//182
f 1190//1557 1205//1557 1206//1557
f 1199//1558 1198//1558 1213//1558
f 1191//1559 1206//1559 1207//1559
f 1211//1561 1226//1561 1227//1561
f 1204//1787 1219//1787 1220//1787
f 1213//1230 1212//1230 1227//1230
f 1205//1562 1220//1562 1221//1562
f 1213//1788 1228//1788 1229//1788
f 1206//1563 1221//1563 1222//1563
f 1214//1234 1229//1234 1230//1234
f 1208//194 1207//194 1222//194
f 1216//1789 1215//1789 1230//1789
f 1208//1565 1223//1565 1224//1565
f 1216//1790 1231//1790 1232//1790
f 1209//1237 1224//1237 1225//1237
f 1218//1791 1217//1791 1232//1791
f 1210//1792 1225//1792 1226//1792
f 1222//218 1237//218 1238//218
f 1231//1793 1230//1793 1245//1793
f 1224//220 1223//220 1238//220
f 1232//1568 1231//1568 1246//1568
f 1224//206 1239//206 1240//206
f 1233//1243 1232//1243 1247//1243
f 1225//208 1240//208 1241//208
f 1226//1569 1241//1569 1242//1569
f 1219//1244 1234//1244 1235//1244
f 1227//213 1242//213 1243//213
f 1221//1794 1220//1794 1235//1794
f 1228//1795 1243//1795 1244//1795
f 1221//1796 1236//1796 1237//1796
f 1230//1249 1229//1249 1244//1249
f 1241//1262 1256//1262 1257//1262
f 1235//1263 1234//1263 1249//1263
f 1242//1573 1257//1573 1258//1573
f 1236//1797 1235//1797 1250//1797
f 1244//676 1243//676 1258//676
f 1236//1798 1251//1798 1252//1798
f 1245//1576 1244//1576 1259//1576
f 1237//1799 1252//1799 1253//1799
f 1246//1800 1245//1800 1260//1800
f 1238//680 1253//680 1254//680
f 1247//1801 1246//1801 1261//1801
f 1240//1802 1239//1802 1254//1802
f 1248//1260 1247//1260 1262//1260
f 1241//1261 1240//1261 1255//1261
f 1260//1803 1275//1803 1276//1803
f 1253//251 1268//251 1269//251
f 1261//1580 1276//1580 1277//1580
f 1254//1804 1269//1804 1270//1804
f 1262//1805 1277//1805 1278//1805
f 1255//685 1270//685 1271//685
f 1256//242 1271//242 1272//242
f 1250//1806 1249//1806 1264//1806
f 1258//1268 1257//1268 1272//1268
f 1250//1269 1265//1269 1266//1269
f 1258//1807 1273//1807 1274//1807
f 1252//247 1251//247 1266//247
f 1259//1585 1274//1585 1275//1585
f 1252//1273 1267//1273 1268//1273
f 1265//1808 1264//1808 1279//1808
f 1272//267 1287//267 1288//267
f 1266//1809 1265//1809 1280//1809
f 1273//253 1288//253 1289//253
f 1266//1277 1281//1277 1282//1277
f 1275//1810 1274//1810 1289//1810
f 1267//1588 1282//1588 1283//1588
f 1275//257 1290//257 1291//257
f 1268//1280 1283//1280 1284//1280
f 1276//1589 1291//1589 1292//1589
f 1270//1282 1269//1282 1284//1282
f 1277//1811 1292//1811 1293//1811
f 1271//1004 1270//1004 1285//1004
f 1271//704 1286//704 1287//704
f 1283//1295 1298//1295 1299//1295
f 1291//1598 1306//1598 1307//1598
f 1284//284 1299//284 1300//284
f 1293//1812 1292//1812 1307//1812
f 1286//707 1285//707 1300//707
f 1286//1288 1301//1288 1302//1288
f 1279//1289 1294//1289 1295//1289
f 1287//275 1302//275 1303//275
f 1281//1594 1280//1594 1295//1594
f 1288//277 1303//277 1304//277
f 1281//1813 1296//1813 1297//1813
f 1290//1814 1289//1814 1304//1814
f 1282//1293 1297//1293 1298//1293
f 1290//1596 1305//1596 1306//1596
f 1302//297 1317//297 1318//297
f 1295//1815 1310//1815 1311//1815
f 1303//299 1318//299 1319//299
f 1297//1816 1296//1816 1311//1816
f 1304//1297 1319//1297 1320//1297
f 1297//720 1312//720 1313//720
f 1305//1298 1320//1298 1321//1298
f 1299//1299 1298//1299 1313//1299
f 1307//1817 1306//1817 1321//1817
f 1299//290 1314//290 1315//290
f 1308//1300 1307//1300 1322//1300
f 1300//1301 1315//1301 1316//1301
f 1302//1602 1301//1602 1316//1602
f 1294//1303 1309//1303 1310//1303
f 1321//1818 1336//1818 1337//1818
f 1314//1612 1329//1612 1330//1612
f 1322//1819 1337//1819 1338//1819
f 1315//1604 1330//1604 1331//1604
f 1317//733 1316//733 1331//733
f 1309//1820 1324//1820 1325//1820
f 1318//1821 1317//1821 1332//1821
f 1311//1607 1310//1607 1325//1607
f 1318//737 1333//737 1334//737
f 1311//1608 1326//1608 1327//1608
f 1319//309 1334//309 1335//309
f 1312//310 1327//310 1328//310
f 1321//311 1320//311 1335//311
f 1313//1610 1328//1610 1329//1610
f 1333//1822 1348//1822 1349//1822
f 1326//1326 1341//1326 1342//1326
f 1334//1327 1349//1327 1350//1327
f 1328//1318 1327//1318 1342//1318
f 1336//1823 1335//1823 1350//1823
f 1328//1614 1343//1614 1344//1614
f 1336//1824 1351//1824 1352//1824
f 1329//1825 1344//1825 1345//1825
f 1338//1826 1337//1826 1352//1826
f 1331//1322 1330//1322 1345//1322
f 1331//326 1346//326 1347//326
f 1325//1827 1324//1827 1339//1827
f 1332//749 1347//749 1348//749
f 1325//329 1340//329 1341//329
f 1352//1339 1367//1339 1368//1339
f 1346//1618 1345//1618 1360//1618
f 1346//1828 1361//1828 1362//1828
f 1339//1619 1354//1619 1355//1619
f 1347//1620 1362//1620 1363//1620
f 1340//1621 1355//1621 1356//1621
f 1349//1622 1348//1622 1363//1622
f 1342//1623 1341//1623 1356//1623
f 1349//1624 1364//1624 1365//1624
f 1342//1829 1357//1829 1358//1829
f 1350//1830 1365//1830 1366//1830
f 1343//1626 1358//1626 1359//1626
f 1352//1627 1351//1627 1366//1627
f 1344//1033 1359//1033 1360//1033
f 1357//1831 1356//1831 1371//1831
f 1365//363 1364//363 1379//363
f 1357//1629 1372//1629 1373//1629
f 1366//1341 1365//1341 1380//1341
f 1358//1630 1373//1630 1374//1630
f 1367//351 1366//351 1381//351
f 1360//1632 1359//1632 1374//1632
f 1368//1832 1367//1832 1382//1832
f 1360//1345 1375//1345 1376//1345
f 1361//1633 1376//1633 1377//1633
f 1354//1833 1369//1833 1370//1833
f 1362//1347 1377//1347 1378//1347
f 1355//1834 1370//1834 1371//1834
f 1363//1835 1378//1835 1379//1835
f 1375//1361 1390//1361 1391//1361
f 1376//771 1391//771 1392//771
f 1370//1836 1369//1836 1384//1836
f 1378//773 1377//773 1392//773
f 1371//1837 1370//1837 1385//1837
f 1378//1838 1393//1838 1394//1838
f 1372//1641 1371//1641 1386//1641
f 1379//1642 1394//1642 1395//1642
f 1372//1839 1387//1839 1388//1839
f 1380//1840 1395//1840 1396//1840
f 1374//1644 1373//1644 1388//1644
f 1381//1841 1396//1841 1397//1841
f 1374//1646 1389//1646 1390//1646
f 1382//1842 1397//1842 1398//1842
f 1394//1843 1409//1843 1410//1843
f 1388//1655 1387//1655 1402//1655
f 1395//1373 1410//1373 1411//1373
f 1389//1363 1388//1363 1403//1363
f 1396//1844 1411//1844 1412//1844
f 1390//1648 1389//1648 1404//1648
f 1397//1845 1412//1845 1413//1845
f 1391//385 1390//385 1405//385
f 1391//789 1406//789 1407//789
f 1384//1650 1399//1650 1400//1650
f 1392//1651 1407//1651 1408//1651
f 1386//1652 1385//1652 1400//1652
f 1393//1051 1408//1051 1409//1051
f 1387//1653 1386//1653 1401//1653
f 1406//1665 1421//1665 1422//1665
f 1400//1384 1399//1384 1414//1384
f 1407//1374 1422//1374 1423//1374
f 1400//1846 1415//1846 1416//1846
f 1408//1658 1423//1658 1424//1658
f 1401//1659 1416//1659 1417//1659
f 1409//1660 1424//1660 1425//1660
f 1402//402 1417//402 1418//402
f 1410//1661 1425//1661 1426//1661
f 1403//404 1418//404 1419//404
f 1411//1380 1426//1380 1427//1380
f 1405//1662 1404//1662 1419//1662
f 1412//1847 1427//1847 1428//1847
f 1406//1664 1405//1664 1420//1664
f 1417//1395 1432//1395 1433//1395
f 1426//1674 1425//1674 1440//1674
f 1418//1666 1433//1666 1434//1666
f 1427//1385 1426//1385 1441//1385
f 1419//1667 1434//1667 1435//1667
f 1428//1848 1427//1848 1442//1848
f 1420//1669 1435//1669 1436//1669
f 1422//1670 1421//1670 1436//1670
f 1414//1389 1429//1389 1430//1389
f 1423//1390 1422//1390 1437//1390
f 1415//1671 1430//1671 1431//1671
f 1424//1672 1423//1672 1438//1672
f 1416//1673 1431//1673 1432//1673
f 1425//1394 1424//1394 1439//1394
f 1437//832 1436//832 1451//832
f 1430//1849 1429//1849 1444//1849
f 1438//1850 1437//1850 1452//1850
f 1430//1676 1445//1676 1446//1676
f 1439//1060 1438//1060 1453//1060
f 1432//1851 1431//1851 1446//1851
f 1440//1678 1439//1678 1454//1678
f 1432//1679 1447//1679 1448//1679
f 1440//1852 1455//1852 1456//1852
f 1433//1401 1448//1401 1449//1401
f 1442//1853 1441//1853 1456//1853
f 1435//1682 1434//1682 1449//1682
f 1442//1683 1457//1683 1458//1683
f 1435//438 1450//438 1451//438
f 1456//1694 1455//1694 1470//1694
f 1448//1695 1463//1695 1464//1695
f 1456//1854 1471//1854 1472//1854
f 1449//1686 1464//1686 1465//1686
f 1458//1855 1457//1855 1472//1855
f 1450//1688 1465//1688 1466//1688
f 1452//449 1451//449 1466//449
f 1444//1856 1459//1856 1460//1856
f 1453//1857 1452//1857 1467//1857
f 1445//1858 1460//1858 1461//1858
f 1453//843 1468//843 1469//843
f 1447//1859 1446//1859 1461//1859
f 1455//1860 1454//1860 1469//1860
f 1447//1693 1462//1693 1463//1693
f 1468//1704 1467//1704 1482//1704
f 1460//849 1475//849 1476//849
f 1468//1696 1483//1696 1484//1696
f 1461//1861 1476//1861 1477//1861
f 1469//852 1484//852 1485//852
f 1463//1698 1462//1698 1477//1698
f 1470//1862 1485//1862 1486//1862
f 1463//465 1478//465 1479//465
f 1471//1863 1486//1863 1487//1863
f 1464//1864 1479//1864 1480//1864
f 1472//1426 1487//1426 1488//1426
f 1466//1701 1465//1701 1480//1701
f 1467//1702 1466//1702 1481//1702
f 1460//1865 1459//1865 1474//1865
f 1486//1710 1501//1710 1502//1710
f 1479//1442 1494//1442 1495//1442
f 1487//1866 1502//1866 1503//1866
f 1480//1867 1495//1867 1496//1867
f 1481//1868 1496//1868 1497//1868
f 1475//1706 1474//1706 1489//1706
f 1483//1869 1482//1869 1497//1869
f 1476//1870 1475//1870 1490//1870
f 1483//1871 1498//1871 1499//1871
f 1477//1872 1476//1872 1491//1872
f 1484//486 1499//486 1500//486
f 1477//1708 1492//1708 1493//1708
f 1486//1873 1485//1873 1500//1873
f 1478//489 1493//489 1494//489
f 1491//1451 1490//1451 1505//1451
f 1498//507 1513//507 1514//507
f 1492//1874 1491//1874 1506//1874
f 1500//1444 1499//1444 1514//1444
f 1492//1445 1507//1445 1508//1445
f 1500//1712 1515//1712 1516//1712
f 1494//1713 1493//1713 1508//1713
f 1501//1875 1516//1875 1517//1875
f 1494//1876 1509//1876 1510//1876
f 1502//1877 1517//1877 1518//1877
f 1495//1448 1510//1448 1511//1448
f 1497//503 1496//503 1511//503
f 1489//1715 1504//1715 1505//1715
f 1497//505 1512//505 1513//505
f 1509//1878 1524//1878 1525//1878
f 1517//1879 1532//1879 1533//1879
f 1510//1880 1525//1880 1526//1880
f 1511//881 1526//881 1527//881
f 1504//1717 1519//1717 1520//1717
f 1512//513 1527//513 1528//513
f 1506//1881 1505//1881 1520//1881
f 1513//1882 1528//1882 1529//1882
f 1507//1883 1506//1883 1521//1883
f 1514//517 1529//517 1530//517
f 1507//1456 1522//1456 1523//1456
f 1515//519 1530//519 1531//519
f 1508//1884 1523//1884 1524//1884
f 1517//888 1516//888 1531//888
f 1529//538 1528//538 1538//538
f 1521//1885 1063//1885 1064//1885
f 1529//1471 1067//1471 1539//1471
f 1522//1461 1064//1461 1535//1461
f 1530//1721 1539//1721 1540//1721
f 1523//1886 1535//1886 1065//1886
f 1531//1464 1540//1464 1541//1464
f 1524//1102 1065//1102 1536//1102
f 1532//1887 1541//1887 1542//1887
f 1526//1723 1525//1723 1536//1723
f 1526//1467 1066//1467 1537//1467
f 1519//1724 1062//1724 1534//1724
f 1528//536 1527//536 1537//536
f 1521//1888 1520//1888 1534//1888
f 1592//28 1594//28 1593//28
f 1594//1116 1598//1116 1597//1116
f 1598//25 1596//25 1595//25
f 1596//1117 1592//1117 1591//1117
f 1597//14 1595//14 1591//14
f 1594//11 1592//11 1596//11
