# Blender 5.2.2 LTS
# www.blender.org
mtllib anemometer_damaged.mtl
o anemometer_damaged
v -8.900000 0.535000 5.800000
v -8.900000 0.535000 5.980000
v -8.907499 0.537010 5.800000
v -8.907499 0.537010 5.980000
v -8.912990 0.542500 5.800000
v -8.912990 0.542500 5.980000
v -8.915000 0.550000 5.800000
v -8.915000 0.550000 5.980000
v -8.912990 0.557500 5.800000
v -8.912990 0.557500 5.980000
v -8.907499 0.562990 5.800000
v -8.907499 0.562990 5.980000
v -8.900000 0.565000 5.800000
v -8.900000 0.565000 5.980000
v -8.892500 0.562990 5.800000
v -8.892500 0.562990 5.980000
v -8.887010 0.557500 5.800000
v -8.887010 0.557500 5.980000
v -8.884999 0.550000 5.800000
v -8.884999 0.550000 5.980000
v -8.887010 0.542500 5.800000
v -8.887010 0.542500 5.980000
v -8.892500 0.537010 5.800000
v -8.892500 0.537010 5.980000
v -8.900000 0.550000 5.986000
v -8.740000 0.550000 5.986000
v -8.900000 0.553000 5.985196
v -8.740000 0.553000 5.985196
v -8.900000 0.555196 5.983000
v -8.740000 0.555196 5.983000
v -8.900000 0.556000 5.980000
v -8.740000 0.556000 5.980000
v -8.900000 0.555196 5.977000
v -8.740000 0.555196 5.977000
v -8.900000 0.553000 5.974804
v -8.740000 0.553000 5.974804
v -8.900000 0.550000 5.974000
v -8.740000 0.550000 5.974000
v -8.900000 0.547000 5.974804
v -8.740000 0.547000 5.974804
v -8.900000 0.544804 5.977000
v -8.740000 0.544804 5.977000
v -8.900000 0.544000 5.980000
v -8.740000 0.544000 5.980000
v -8.900000 0.544804 5.983000
v -8.740000 0.544804 5.983000
v -8.900000 0.547000 5.985196
v -8.740000 0.547000 5.985196
v -8.740000 0.550000 6.020000
v -8.740000 0.557804 6.019231
v -8.740000 0.572223 6.013259
v -8.740000 0.578284 6.008284
v -8.740000 0.586955 5.995307
v -8.740000 0.590000 5.980000
v -8.740000 0.583259 5.957777
v -8.740000 0.550000 5.940000
v -8.738478 0.557654 6.019231
v -8.737014 0.565013 6.016955
v -8.735664 0.571796 6.013259
v -8.734482 0.577741 6.008284
v -8.733511 0.582620 6.002223
v -8.732790 0.586245 5.995307
v -8.732347 0.588478 5.987803
v -8.732196 0.589231 5.980000
v -8.732347 0.588478 5.972197
v -8.732790 0.586245 5.964693
v -8.733511 0.582620 5.957777
v -8.734482 0.577741 5.951716
v -8.735664 0.571796 5.946741
v -8.737014 0.565013 5.943045
v -8.738478 0.557654 5.940769
v -8.737014 0.557210 6.019231
v -8.734142 0.564142 6.016955
v -8.731496 0.570531 6.013259
v -8.729176 0.576131 6.008284
v -8.727272 0.580727 6.002223
v -8.725858 0.584142 5.995307
v -8.724987 0.586245 5.987803
v -8.724692 0.586955 5.980000
v -8.724987 0.586245 5.972197
v -8.725858 0.584142 5.964693
v -8.727272 0.580727 5.957777
v -8.729176 0.576131 5.951716
v -8.731496 0.570531 5.946741
v -8.734142 0.564142 5.943045
v -8.737014 0.557210 5.940769
v -8.735664 0.556488 6.019231
v -8.731496 0.562728 6.016955
v -8.727654 0.568478 6.013259
v -8.724286 0.573518 6.008284
v -8.721522 0.577654 6.002223
v -8.719468 0.580727 5.995307
v -8.718204 0.582620 5.987803
v -8.717777 0.583259 5.980000
v -8.718204 0.582620 5.972197
v -8.719468 0.580727 5.964693
v -8.721522 0.577654 5.957777
v -8.724286 0.573518 5.951716
v -8.727654 0.568478 5.946741
v -8.731496 0.562728 5.943045
v -8.735664 0.556488 5.940769
v -8.734482 0.555518 6.019231
v -8.729176 0.560824 6.016955
v -8.724286 0.565714 6.013259
v -8.719999 0.570000 6.008284
v -8.716482 0.573518 6.002223
v -8.713868 0.576131 5.995307
v -8.712259 0.577741 5.987803
v -8.711716 0.578284 5.980000
v -8.712259 0.577741 5.972197
v -8.713868 0.576131 5.964693
v -8.716482 0.573518 5.957777
v -8.719999 0.570000 5.951716
v -8.724286 0.565714 5.946741
v -8.729176 0.560824 5.943045
v -8.734482 0.555518 5.940769
v -8.733511 0.554335 6.019231
v -8.727272 0.558504 6.016955
v -8.721522 0.562346 6.013259
v -8.716482 0.565714 6.008284
v -8.712346 0.568478 6.002223
v -8.709272 0.570531 5.995307
v -8.707380 0.571796 5.987803
v -8.706741 0.572223 5.980000
v -8.707380 0.571796 5.972197
v -8.709272 0.570531 5.964693
v -8.712346 0.568478 5.957777
v -8.716482 0.565714 5.951716
v -8.721522 0.562346 5.946741
v -8.727272 0.558504 5.943045
v -8.733511 0.554335 5.940769
v -8.732790 0.552986 6.019231
v -8.725858 0.555858 6.016955
v -8.719468 0.558504 6.013259
v -8.713868 0.560824 6.008284
v -8.709272 0.562728 6.002223
v -8.705857 0.564142 5.995307
v -8.703754 0.565013 5.987803
v -8.703045 0.565307 5.980000
v -8.703754 0.565013 5.972197
v -8.705857 0.564142 5.964693
v -8.709272 0.562728 5.957777
v -8.713868 0.560824 5.951716
v -8.719468 0.558504 5.946741
v -8.725858 0.555858 5.943045
v -8.732790 0.552986 5.940769
v -8.732347 0.551522 6.019231
v -8.724987 0.552986 6.016955
v -8.718204 0.554335 6.013259
v -8.712259 0.555518 6.008284
v -8.707380 0.556488 6.002223
v -8.703754 0.557210 5.995307
v -8.701522 0.557654 5.987803
v -8.700768 0.557804 5.980000
v -8.701522 0.557654 5.972197
v -8.703754 0.557210 5.964693
v -8.707380 0.556488 5.957777
v -8.712259 0.555518 5.951716
v -8.718204 0.554335 5.946741
v -8.724987 0.552986 5.943045
v -8.732347 0.551522 5.940769
v -8.732196 0.550000 6.019231
v -8.724692 0.550000 6.016955
v -8.717777 0.550000 6.013259
v -8.711716 0.550000 6.008284
v -8.706741 0.550000 6.002223
v -8.703045 0.550000 5.995307
v -8.700768 0.550000 5.987803
v -8.700000 0.550000 5.980000
v -8.700768 0.550000 5.972197
v -8.703045 0.550000 5.964693
v -8.706741 0.550000 5.957777
v -8.711716 0.550000 5.951716
v -8.717777 0.550000 5.946741
v -8.724692 0.550000 5.943045
v -8.732196 0.550000 5.940769
v -8.732347 0.548478 6.019231
v -8.724987 0.547014 6.016955
v -8.718204 0.545665 6.013259
v -8.712259 0.544482 6.008284
v -8.707380 0.543512 6.002223
v -8.703754 0.542790 5.995307
v -8.701522 0.542346 5.987803
v -8.700768 0.542196 5.980000
v -8.701522 0.542346 5.972197
v -8.703754 0.542790 5.964693
v -8.707380 0.543512 5.957777
v -8.712259 0.544482 5.951716
v -8.718204 0.545665 5.946741
v -8.724987 0.547014 5.943045
v -8.732347 0.548478 5.940769
v -8.732790 0.547014 6.019231
v -8.725858 0.544142 6.016955
v -8.719468 0.541496 6.013259
v -8.713868 0.539176 6.008284
v -8.709272 0.537272 6.002223
v -8.705857 0.535858 5.995307
v -8.703754 0.534987 5.987803
v -8.703045 0.534693 5.980000
v -8.703754 0.534987 5.972197
v -8.705857 0.535858 5.964693
v -8.709272 0.537272 5.957777
v -8.713868 0.539176 5.951716
v -8.719468 0.541496 5.946741
v -8.725858 0.544142 5.943045
v -8.732790 0.547014 5.940769
v -8.733511 0.545665 6.019231
v -8.727272 0.541496 6.016955
v -8.721522 0.537654 6.013259
v -8.716482 0.534286 6.008284
v -8.712346 0.531522 6.002223
v -8.709272 0.529469 5.995307
v -8.707380 0.528204 5.987803
v -8.706741 0.527777 5.980000
v -8.707380 0.528204 5.972197
v -8.709272 0.529469 5.964693
v -8.712346 0.531522 5.957777
v -8.716482 0.534286 5.951716
v -8.721522 0.537654 5.946741
v -8.727272 0.541496 5.943045
v -8.733511 0.545665 5.940769
v -8.734482 0.544482 6.019231
v -8.729176 0.539176 6.016955
v -8.724286 0.534286 6.013259
v -8.719999 0.530000 6.008284
v -8.716482 0.526483 6.002223
v -8.713868 0.523869 5.995307
v -8.712259 0.522259 5.987803
v -8.711716 0.521716 5.980000
v -8.712259 0.522259 5.972197
v -8.713868 0.523869 5.964693
v -8.716482 0.526483 5.957777
v -8.719999 0.530000 5.951716
v -8.724286 0.534286 5.946741
v -8.729176 0.539176 5.943045
v -8.734482 0.544482 5.940769
v -8.735664 0.543512 6.019231
v -8.731496 0.537272 6.016955
v -8.727654 0.531522 6.013259
v -8.724286 0.526483 6.008284
v -8.721522 0.522346 6.002223
v -8.719468 0.519273 5.995307
v -8.718204 0.517380 5.987803
v -8.717777 0.516741 5.980000
v -8.718204 0.517380 5.972197
v -8.719468 0.519273 5.964693
v -8.721522 0.522346 5.957777
v -8.724286 0.526483 5.951716
v -8.727654 0.531522 5.946741
v -8.731496 0.537272 5.943045
v -8.735664 0.543512 5.940769
v -8.737014 0.542790 6.019231
v -8.734142 0.535858 6.016955
v -8.731496 0.529469 6.013259
v -8.729176 0.523869 6.008284
v -8.727272 0.519273 6.002223
v -8.725858 0.515858 5.995307
v -8.724987 0.513755 5.987803
v -8.724692 0.513045 5.980000
v -8.724987 0.513755 5.972197
v -8.725858 0.515858 5.964693
v -8.727272 0.519273 5.957777
v -8.729176 0.523869 5.951716
v -8.731496 0.529469 5.946741
v -8.734142 0.535858 5.943045
v -8.737014 0.542790 5.940769
v -8.738478 0.542346 6.019231
v -8.737014 0.534987 6.016955
v -8.735664 0.528204 6.013259
v -8.734482 0.522259 6.008284
v -8.733511 0.517380 6.002223
v -8.732790 0.513755 5.995307
v -8.732347 0.511522 5.987803
v -8.732196 0.510769 5.980000
v -8.732347 0.511522 5.972197
v -8.732790 0.513755 5.964693
v -8.733511 0.517380 5.957777
v -8.734482 0.522259 5.951716
v -8.735664 0.528204 5.946741
v -8.737014 0.534987 5.943045
v -8.738478 0.542346 5.940769
v -8.740000 0.542196 6.019231
v -8.740000 0.534693 6.016955
v -8.740000 0.527777 6.013259
v -8.740000 0.521716 6.008284
v -8.740000 0.516741 6.002223
v -8.740000 0.513045 5.995307
v -8.740000 0.510769 5.987803
v -8.740000 0.510000 5.980000
v -8.740000 0.510769 5.972197
v -8.740000 0.513045 5.964693
v -8.740000 0.516741 5.957777
v -8.740000 0.521716 5.951716
v -8.740000 0.527777 5.946741
v -8.740000 0.534693 5.943045
v -8.740000 0.542196 5.940769
v -8.741522 0.542346 6.019231
v -8.742986 0.534987 6.016955
v -8.744335 0.528204 6.013259
v -8.745518 0.522259 6.008284
v -8.746489 0.517380 6.002223
v -8.747210 0.513755 5.995307
v -8.747653 0.511522 5.987803
v -8.747804 0.510769 5.980000
v -8.747653 0.511522 5.972197
v -8.747210 0.513755 5.964693
v -8.746489 0.517380 5.957777
v -8.745518 0.522259 5.951716
v -8.744335 0.528204 5.946741
v -8.742986 0.534987 5.943045
v -8.741522 0.542346 5.940769
v -8.742986 0.542790 6.019231
v -8.745857 0.535858 6.016955
v -8.748504 0.529469 6.013259
v -8.750824 0.523869 6.008284
v -8.752728 0.519273 6.002223
v -8.754142 0.515858 5.995307
v -8.755013 0.513755 5.987803
v -8.755307 0.513045 5.980000
v -8.755013 0.513755 5.972197
v -8.754142 0.515858 5.964693
v -8.752728 0.519273 5.957777
v -8.750824 0.523869 5.951716
v -8.748504 0.529469 5.946741
v -8.745857 0.535858 5.943045
v -8.742986 0.542790 5.940769
v -8.744335 0.543512 6.019231
v -8.748504 0.537272 6.016955
v -8.752346 0.531522 6.013259
v -8.755713 0.526483 6.008284
v -8.758477 0.522346 6.002223
v -8.760531 0.519273 5.995307
v -8.761796 0.517380 5.987803
v -8.762222 0.516741 5.980000
v -8.761796 0.517380 5.972197
v -8.760531 0.519273 5.964693
v -8.758477 0.522346 5.957777
v -8.755713 0.526483 5.951716
v -8.752346 0.531522 5.946741
v -8.748504 0.537272 5.943045
v -8.744335 0.543512 5.940769
v -8.745518 0.544482 6.019231
v -8.750824 0.539176 6.016955
v -8.755713 0.534286 6.013259
v -8.760000 0.530000 6.008284
v -8.763517 0.526483 6.002223
v -8.766131 0.523869 5.995307
v -8.767740 0.522259 5.987803
v -8.768284 0.521716 5.980000
v -8.767740 0.522259 5.972197
v -8.766131 0.523869 5.964693
v -8.763517 0.526483 5.957777
v -8.760000 0.530000 5.951716
v -8.755713 0.534286 5.946741
v -8.750824 0.539176 5.943045
v -8.745518 0.544482 5.940769
v -8.746489 0.545665 6.019231
v -8.752728 0.541496 6.016955
v -8.758477 0.537654 6.013259
v -8.763517 0.534286 6.008284
v -8.767653 0.531522 6.002223
v -8.770727 0.529469 5.995307
v -8.772619 0.528204 5.987803
v -8.773258 0.527777 5.980000
v -8.772619 0.528204 5.972197
v -8.770727 0.529469 5.964693
v -8.767653 0.531522 5.957777
v -8.763517 0.534286 5.951716
v -8.758477 0.537654 5.946741
v -8.752728 0.541496 5.943045
v -8.746489 0.545665 5.940769
v -8.747210 0.547014 6.019231
v -8.754142 0.544142 6.016955
v -8.760531 0.541496 6.013259
v -8.766131 0.539176 6.008284
v -8.770727 0.537272 6.002223
v -8.774142 0.535858 5.995307
v -8.776245 0.534987 5.987803
v -8.776955 0.534693 5.980000
v -8.776245 0.534987 5.972197
v -8.774142 0.535858 5.964693
v -8.770727 0.537272 5.957777
v -8.766131 0.539176 5.951716
v -8.760531 0.541496 5.946741
v -8.754142 0.544142 5.943045
v -8.747210 0.547014 5.940769
v -8.747653 0.548478 6.019231
v -8.755013 0.547014 6.016955
v -8.761796 0.545665 6.013259
v -8.767740 0.544482 6.008284
v -8.772619 0.543512 6.002223
v -8.776245 0.542790 5.995307
v -8.778478 0.542346 5.987803
v -8.779231 0.542196 5.980000
v -8.778478 0.542346 5.972197
v -8.776245 0.542790 5.964693
v -8.772619 0.543512 5.957777
v -8.767740 0.544482 5.951716
v -8.761796 0.545665 5.946741
v -8.755013 0.547014 5.943045
v -8.747653 0.548478 5.940769
v -8.747804 0.550000 6.019231
v -8.755307 0.550000 6.016955
v -8.762222 0.550000 6.013259
v -8.768284 0.550000 6.008284
v -8.773258 0.550000 6.002223
v -8.776955 0.550000 5.995307
v -8.779231 0.550000 5.987803
v -8.780000 0.550000 5.980000
v -8.779231 0.550000 5.972197
v -8.776955 0.550000 5.964693
v -8.773258 0.550000 5.957777
v -8.768284 0.550000 5.951716
v -8.762222 0.550000 5.946741
v -8.755307 0.550000 5.943045
v -8.747804 0.550000 5.940769
v -8.747653 0.551522 6.019231
v -8.755013 0.552986 6.016955
v -8.761796 0.554335 6.013259
v -8.767740 0.555518 6.008284
v -8.772619 0.556488 6.002223
v -8.776245 0.557210 5.995307
v -8.778478 0.557654 5.987803
v -8.779231 0.557804 5.980000
v -8.778478 0.557654 5.972197
v -8.776245 0.557210 5.964693
v -8.772619 0.556488 5.957777
v -8.767740 0.555518 5.951716
v -8.761796 0.554335 5.946741
v -8.755013 0.552986 5.943045
v -8.747653 0.551522 5.940769
v -8.747210 0.552986 6.019231
v -8.754142 0.555858 6.016955
v -8.760531 0.558504 6.013259
v -8.766131 0.560824 6.008284
v -8.770727 0.562728 6.002223
v -8.774142 0.564142 5.995307
v -8.776245 0.565013 5.987803
v -8.776955 0.565307 5.980000
v -8.776245 0.565013 5.972197
v -8.774142 0.564142 5.964693
v -8.770727 0.562728 5.957777
v -8.766131 0.560824 5.951716
v -8.760531 0.558504 5.946741
v -8.754142 0.555858 5.943045
v -8.747210 0.552986 5.940769
v -8.746489 0.554335 6.019231
v -8.752728 0.558504 6.016955
v -8.758477 0.562346 6.013259
v -8.763517 0.565714 6.008284
v -8.767653 0.568478 6.002223
v -8.770727 0.570531 5.995307
v -8.772619 0.571796 5.987803
v -8.773258 0.572223 5.980000
v -8.772619 0.571796 5.972197
v -8.770727 0.570531 5.964693
v -8.767653 0.568478 5.957777
v -8.763517 0.565714 5.951716
v -8.758477 0.562346 5.946741
v -8.752728 0.558504 5.943045
v -8.746489 0.554335 5.940769
v -8.745518 0.555518 6.019231
v -8.750824 0.560824 6.016955
v -8.755713 0.565714 6.013259
v -8.759999 0.570000 6.008284
v -8.763517 0.573518 6.002223
v -8.766131 0.576131 5.995307
v -8.767740 0.577741 5.987803
v -8.768284 0.578284 5.980000
v -8.767740 0.577741 5.972197
v -8.766131 0.576131 5.964693
v -8.763517 0.573518 5.957777
v -8.759999 0.570000 5.951716
v -8.755713 0.565714 5.946741
v -8.750824 0.560824 5.943045
v -8.745518 0.555518 5.940769
v -8.744335 0.556488 6.019231
v -8.748504 0.562728 6.016955
v -8.752346 0.568478 6.013259
v -8.755713 0.573518 6.008284
v -8.758477 0.577654 6.002223
v -8.760530 0.580727 5.995307
v -8.761796 0.582620 5.987803
v -8.762222 0.583259 5.980000
v -8.761796 0.582620 5.972197
v -8.760530 0.580727 5.964693
v -8.758477 0.577654 5.957777
v -8.755713 0.573518 5.951716
v -8.752346 0.568478 5.946741
v -8.748504 0.562728 5.943045
v -8.744335 0.556488 5.940769
v -8.742986 0.557210 6.019231
v -8.745857 0.564142 6.016955
v -8.748504 0.570531 6.013259
v -8.750824 0.576131 6.008284
v -8.752728 0.580727 6.002223
v -8.754142 0.584142 5.995307
v -8.755013 0.586245 5.987803
v -8.755307 0.586955 5.980000
v -8.755013 0.586245 5.972197
v -8.754142 0.584142 5.964693
v -8.752728 0.580727 5.957777
v -8.750824 0.576131 5.951716
v -8.748504 0.570531 5.946741
v -8.745857 0.564142 5.943045
v -8.742986 0.557210 5.940769
v -8.741522 0.557654 6.019231
v -8.742986 0.565013 6.016955
v -8.744335 0.571796 6.013259
v -8.745518 0.577741 6.008284
v -8.746489 0.582620 6.002223
v -8.747210 0.586245 5.995307
v -8.747653 0.588478 5.987803
v -8.747804 0.589231 5.980000
v -8.747653 0.588478 5.972197
v -8.747210 0.586245 5.964693
v -8.746489 0.582620 5.957777
v -8.745518 0.577741 5.951716
v -8.744335 0.571796 5.946741
v -8.742986 0.565013 5.943045
v -8.741522 0.557654 5.940769
v -8.740000 0.565307 6.016955
v -8.740000 0.583259 6.002223
v -8.740000 0.589231 5.987803
v -8.740000 0.589231 5.972197
v -8.740000 0.586955 5.964693
v -8.740000 0.578284 5.951716
v -8.740000 0.572223 5.946741
v -8.740000 0.565307 5.943045
v -8.740000 0.557804 5.940769
v -8.901202 0.552083 5.985497
v -8.981202 0.690647 5.915496
v -8.903639 0.550304 5.984760
v -8.983639 0.688868 5.914760
v -8.905101 0.548443 5.982748
v -8.985101 0.687007 5.912748
v -8.905196 0.547000 5.980000
v -8.985196 0.685564 5.910000
v -8.903898 0.546361 5.977252
v -8.983898 0.684925 5.907251
v -8.901556 0.546696 5.975239
v -8.981556 0.685260 5.905239
v -8.898797 0.547917 5.974503
v -8.978797 0.686481 5.904503
v -8.896360 0.549696 5.975239
v -8.976360 0.688260 5.905239
v -8.894898 0.551557 5.977252
v -8.974898 0.690121 5.907251
v -8.894803 0.553000 5.980000
v -8.974803 0.691564 5.910000
v -8.896101 0.553639 5.982748
v -8.976101 0.692203 5.912748
v -8.898443 0.553304 5.984760
v -8.978443 0.691868 5.914760
v -8.980000 0.688564 5.950000
v -8.980000 0.696368 5.949231
v -8.980000 0.710787 5.943259
v -8.980000 0.716848 5.938284
v -8.980000 0.725519 5.925307
v -8.980000 0.728564 5.910000
v -8.980000 0.721823 5.887777
v -8.980000 0.688564 5.870000
v -8.978477 0.696218 5.949231
v -8.977014 0.703577 5.946955
v -8.975664 0.710360 5.943259
v -8.974482 0.716305 5.938284
v -8.973511 0.721184 5.932223
v -8.972790 0.724809 5.925307
v -8.972346 0.727042 5.917803
v -8.972196 0.727795 5.910000
v -8.972346 0.727042 5.902196
v -8.972790 0.724809 5.894692
v -8.973511 0.721184 5.887777
v -8.974482 0.716305 5.881716
v -8.975664 0.710360 5.876741
v -8.977014 0.703577 5.873044
v -8.978477 0.696218 5.870769
v -8.977014 0.695774 5.949231
v -8.974142 0.702706 5.946955
v -8.971496 0.709095 5.943259
v -8.969175 0.714695 5.938284
v -8.967272 0.719291 5.932223
v -8.965858 0.722706 5.925307
v -8.964987 0.724809 5.917803
v -8.964692 0.725519 5.910000
v -8.964987 0.724809 5.902196
v -8.965858 0.722706 5.894692
v -8.967272 0.719291 5.887777
v -8.969175 0.714695 5.881716
v -8.971496 0.709095 5.876741
v -8.974142 0.702706 5.873044
v -8.977014 0.695774 5.870769
v -8.975664 0.695053 5.949231
v -8.971496 0.701292 5.946955
v -8.967653 0.707042 5.943259
v -8.964286 0.712082 5.938284
v -8.961522 0.716218 5.932223
v -8.959468 0.719291 5.925307
v -8.958203 0.721184 5.917803
v -8.957777 0.721823 5.910000
v -8.958203 0.721184 5.902196
v -8.959468 0.719291 5.894692
v -8.961522 0.716218 5.887777
v -8.964286 0.712082 5.881716
v -8.967653 0.707042 5.876741
v -8.971496 0.701292 5.873044
v -8.975664 0.695053 5.870769
v -8.974482 0.694082 5.949231
v -8.969175 0.699388 5.946955
v -8.964286 0.704278 5.943259
v -8.959999 0.708564 5.938284
v -8.956482 0.712082 5.932223
v -8.953868 0.714695 5.925307
v -8.952259 0.716305 5.917803
v -8.951715 0.716848 5.910000
v -8.952259 0.716305 5.902196
v -8.953868 0.714695 5.894692
v -8.956482 0.712082 5.887777
v -8.959999 0.708564 5.881716
v -8.964286 0.704278 5.876741
v -8.969175 0.699388 5.873044
v -8.974482 0.694082 5.870769
v -8.973511 0.692900 5.949231
v -8.967272 0.697068 5.946955
v -8.961522 0.700910 5.943259
v -8.956482 0.704278 5.938284
v -8.952346 0.707042 5.932223
v -8.949272 0.709095 5.925307
v -8.947380 0.710360 5.917803
v -8.946741 0.710787 5.910000
v -8.947380 0.710360 5.902196
v -8.949272 0.709095 5.894692
v -8.952346 0.707042 5.887777
v -8.956482 0.704278 5.881716
v -8.961522 0.700910 5.876741
v -8.967272 0.697068 5.873044
v -8.973511 0.692900 5.870769
v -8.972790 0.691550 5.949231
v -8.965858 0.694422 5.946955
v -8.959468 0.697068 5.943259
v -8.953868 0.699388 5.938284
v -8.949272 0.701292 5.932223
v -8.945857 0.702706 5.925307
v -8.943754 0.703577 5.917803
v -8.943045 0.703871 5.910000
v -8.943754 0.703577 5.902196
v -8.945857 0.702706 5.894692
v -8.949272 0.701292 5.887777
v -8.953868 0.699388 5.881716
v -8.959468 0.697068 5.876741
v -8.965858 0.694422 5.873044
v -8.972790 0.691550 5.870769
v -8.972346 0.690086 5.949231
v -8.964987 0.691550 5.946955
v -8.958203 0.692900 5.943259
v -8.952259 0.694082 5.938284
v -8.947380 0.695053 5.932223
v -8.943754 0.695774 5.925307
v -8.941522 0.696218 5.917803
v -8.940768 0.696368 5.910000
v -8.941522 0.696218 5.902196
v -8.943754 0.695774 5.894692
v -8.947380 0.695053 5.887777
v -8.952259 0.694082 5.881716
v -8.958203 0.692900 5.876741
v -8.964987 0.691550 5.873044
v -8.972346 0.690086 5.870769
v -8.972196 0.688564 5.949231
v -8.964692 0.688564 5.946955
v -8.957777 0.688564 5.943259
v -8.951715 0.688564 5.938284
v -8.946741 0.688564 5.932223
v -8.943045 0.688564 5.925307
v -8.940768 0.688564 5.917803
v -8.940000 0.688564 5.910000
v -8.940768 0.688564 5.902196
v -8.943045 0.688564 5.894692
v -8.946741 0.688564 5.887777
v -8.951715 0.688564 5.881716
v -8.957777 0.688564 5.876741
v -8.964692 0.688564 5.873044
v -8.972196 0.688564 5.870769
v -8.972346 0.687042 5.949231
v -8.964987 0.685578 5.946955
v -8.958203 0.684229 5.943259
v -8.952259 0.683046 5.938284
v -8.947380 0.682076 5.932223
v -8.943754 0.681354 5.925307
v -8.941522 0.680910 5.917803
v -8.940768 0.680760 5.910000
v -8.941522 0.680910 5.902196
v -8.943754 0.681354 5.894692
v -8.947380 0.682076 5.887777
v -8.952259 0.683046 5.881716
v -8.958203 0.684229 5.876741
v -8.964987 0.685578 5.873044
v -8.972346 0.687042 5.870769
v -8.972790 0.685578 5.949231
v -8.965858 0.682706 5.946955
v -8.959468 0.680060 5.943259
v -8.953868 0.677740 5.938284
v -8.949272 0.675837 5.932223
v -8.945857 0.674422 5.925307
v -8.943754 0.673551 5.917803
v -8.943045 0.673257 5.910000
v -8.943754 0.673551 5.902196
v -8.945857 0.674422 5.894692
v -8.949272 0.675837 5.887777
v -8.953868 0.677740 5.881716
v -8.959468 0.680060 5.876741
v -8.965858 0.682706 5.873044
v -8.972790 0.685578 5.870769
v -8.973511 0.684229 5.949231
v -8.967272 0.680060 5.946955
v -8.961522 0.676218 5.943259
v -8.956482 0.672850 5.938284
v -8.952346 0.670087 5.932223
v -8.949272 0.668033 5.925307
v -8.947380 0.666768 5.917803
v -8.946741 0.666341 5.910000
v -8.947380 0.666768 5.902196
v -8.949272 0.668033 5.894692
v -8.952346 0.670087 5.887777
v -8.956482 0.672850 5.881716
v -8.961522 0.676218 5.876741
v -8.967272 0.680060 5.873044
v -8.973511 0.684229 5.870769
v -8.974482 0.683046 5.949231
v -8.969175 0.677740 5.946955
v -8.964286 0.672850 5.943259
v -8.959999 0.668564 5.938284
v -8.956482 0.665047 5.932223
v -8.953868 0.662433 5.925307
v -8.952259 0.660823 5.917803
v -8.951715 0.660280 5.910000
v -8.952259 0.660823 5.902196
v -8.953868 0.662433 5.894692
v -8.956482 0.665047 5.887777
v -8.959999 0.668564 5.881716
v -8.964286 0.672850 5.876741
v -8.969175 0.677740 5.873044
v -8.974482 0.683046 5.870769
v -8.975664 0.682076 5.949231
v -8.971496 0.675837 5.946955
v -8.967653 0.670087 5.943259
v -8.964286 0.665047 5.938284
v -8.961522 0.660910 5.932223
v -8.959468 0.657837 5.925307
v -8.958203 0.655944 5.917803
v -8.957777 0.655305 5.910000
v -8.958203 0.655944 5.902196
v -8.959468 0.657837 5.894692
v -8.961522 0.660910 5.887777
v -8.964286 0.665047 5.881716
v -8.967653 0.670087 5.876741
v -8.971496 0.675837 5.873044
v -8.975664 0.682076 5.870769
v -8.977014 0.681354 5.949231
v -8.974142 0.674422 5.946955
v -8.971496 0.668033 5.943259
v -8.969175 0.662433 5.938284
v -8.967272 0.657837 5.932223
v -8.965858 0.654422 5.925307
v -8.964987 0.652319 5.917803
v -8.964692 0.651609 5.910000
v -8.964987 0.652319 5.902196
v -8.965858 0.654422 5.894692
v -8.967272 0.657837 5.887777
v -8.969175 0.662433 5.881716
v -8.971496 0.668033 5.876741
v -8.974142 0.674422 5.873044
v -8.977014 0.681354 5.870769
v -8.978477 0.680910 5.949231
v -8.977014 0.673551 5.946955
v -8.975664 0.666768 5.943259
v -8.974482 0.660823 5.938284
v -8.973511 0.655944 5.932223
v -8.972790 0.652319 5.925307
v -8.972346 0.650086 5.917803
v -8.972196 0.649333 5.910000
v -8.972346 0.650086 5.902196
v -8.972790 0.652319 5.894692
v -8.973511 0.655944 5.887777
v -8.974482 0.660823 5.881716
v -8.975664 0.666768 5.876741
v -8.977014 0.673551 5.873044
v -8.978477 0.680910 5.870769
v -8.980000 0.680760 5.949231
v -8.980000 0.673257 5.946955
v -8.980000 0.666341 5.943259
v -8.980000 0.660280 5.938284
v -8.980000 0.655305 5.932223
v -8.980000 0.651609 5.925307
v -8.980000 0.649333 5.917803
v -8.980000 0.648564 5.910000
v -8.980000 0.649333 5.902196
v -8.980000 0.651609 5.894692
v -8.980000 0.655305 5.887777
v -8.980000 0.660280 5.881716
v -8.980000 0.666341 5.876741
v -8.980000 0.673257 5.873044
v -8.980000 0.680760 5.870769
v -8.981522 0.680910 5.949231
v -8.982985 0.673551 5.946955
v -8.984335 0.666768 5.943259
v -8.985518 0.660823 5.938284
v -8.986488 0.655944 5.932223
v -8.987209 0.652319 5.925307
v -8.987653 0.650086 5.917803
v -8.987803 0.649333 5.910000
v -8.987653 0.650086 5.902196
v -8.987209 0.652319 5.894692
v -8.986488 0.655944 5.887777
v -8.985518 0.660823 5.881716
v -8.984335 0.666768 5.876741
v -8.982985 0.673551 5.873044
v -8.981522 0.680910 5.870769
v -8.982985 0.681354 5.949231
v -8.985857 0.674422 5.946955
v -8.988503 0.668033 5.943259
v -8.990824 0.662433 5.938284
v -8.992727 0.657837 5.932223
v -8.994142 0.654422 5.925307
v -8.995012 0.652319 5.917803
v -8.995307 0.651609 5.910000
v -8.995012 0.652319 5.902196
v -8.994142 0.654422 5.894692
v -8.992727 0.657837 5.887777
v -8.990824 0.662433 5.881716
v -8.988503 0.668033 5.876741
v -8.985857 0.674422 5.873044
v -8.982985 0.681354 5.870769
v -8.984335 0.682076 5.949231
v -8.988503 0.675837 5.946955
v -8.992346 0.670087 5.943259
v -8.995713 0.665047 5.938284
v -8.998477 0.660910 5.932223
v -9.000531 0.657837 5.925307
v -9.001796 0.655944 5.917803
v -9.002222 0.655305 5.910000
v -9.001796 0.655944 5.902196
v -9.000531 0.657837 5.894692
v -8.998477 0.660910 5.887777
v -8.995713 0.665047 5.881716
v -8.992346 0.670087 5.876741
v -8.988503 0.675837 5.873044
v -8.984335 0.682076 5.870769
v -8.985518 0.683046 5.949231
v -8.990824 0.677740 5.946955
v -8.995713 0.672850 5.943259
v -9.000000 0.668564 5.938284
v -9.003517 0.665047 5.932223
v -9.006131 0.662433 5.925307
v -9.007740 0.660823 5.917803
v -9.008284 0.660280 5.910000
v -9.007740 0.660823 5.902196
v -9.006131 0.662433 5.894692
v -9.003517 0.665047 5.887777
v -9.000000 0.668564 5.881716
v -8.995713 0.672850 5.876741
v -8.990824 0.677740 5.873044
v -8.985518 0.683046 5.870769
v -8.986488 0.684229 5.949231
v -8.992727 0.680060 5.946955
v -8.998477 0.676218 5.943259
v -9.003517 0.672850 5.938284
v -9.007653 0.670087 5.932223
v -9.010727 0.668033 5.925307
v -9.012619 0.666768 5.917803
v -9.013258 0.666341 5.910000
v -9.012619 0.666768 5.902196
v -9.010727 0.668033 5.894692
v -9.007653 0.670087 5.887777
v -9.003517 0.672850 5.881716
v -8.998477 0.676218 5.876741
v -8.992727 0.680060 5.873044
v -8.986488 0.684229 5.870769
v -8.987209 0.685578 5.949231
v -8.994142 0.682706 5.946955
v -9.000531 0.680060 5.943259
v -9.006131 0.677740 5.938284
v -9.010727 0.675837 5.932223
v -9.014142 0.674422 5.925307
v -9.016245 0.673551 5.917803
v -9.016954 0.673257 5.910000
v -9.016245 0.673551 5.902196
v -9.014142 0.674422 5.894692
v -9.010727 0.675837 5.887777
v -9.006131 0.677740 5.881716
v -9.000531 0.680060 5.876741
v -8.994142 0.682706 5.873044
v -8.987209 0.685578 5.870769
v -8.987653 0.687042 5.949231
v -8.995012 0.685578 5.946955
v -9.001796 0.684229 5.943259
v -9.007740 0.683046 5.938284
v -9.012619 0.682076 5.932223
v -9.016245 0.681354 5.925307
v -9.018477 0.680910 5.917803
v -9.019231 0.680760 5.910000
v -9.018477 0.680910 5.902196
v -9.016245 0.681354 5.894692
v -9.012619 0.682076 5.887777
v -9.007740 0.683046 5.881716
v -9.001796 0.684229 5.876741
v -8.995012 0.685578 5.873044
v -8.987653 0.687042 5.870769
v -8.987803 0.688564 5.949231
v -8.995307 0.688564 5.946955
v -9.002222 0.688564 5.943259
v -9.008284 0.688564 5.938284
v -9.013258 0.688564 5.932223
v -9.016954 0.688564 5.925307
v -9.019231 0.688564 5.917803
v -9.020000 0.688564 5.910000
v -9.019231 0.688564 5.902196
v -9.016954 0.688564 5.894692
v -9.013258 0.688564 5.887777
v -9.008284 0.688564 5.881716
v -9.002222 0.688564 5.876741
v -8.995307 0.688564 5.873044
v -8.987803 0.688564 5.870769
v -8.987653 0.690086 5.949231
v -8.995012 0.691550 5.946955
v -9.001796 0.692900 5.943259
v -9.007740 0.694082 5.938284
v -9.012619 0.695053 5.932223
v -9.016245 0.695774 5.925307
v -9.018477 0.696218 5.917803
v -9.019231 0.696368 5.910000
v -9.018477 0.696218 5.902196
v -9.016245 0.695774 5.894692
v -9.012619 0.695053 5.887777
v -9.007740 0.694082 5.881716
v -9.001796 0.692900 5.876741
v -8.995012 0.691550 5.873044
v -8.987653 0.690086 5.870769
v -8.987209 0.691550 5.949231
v -8.994142 0.694422 5.946955
v -9.000531 0.697068 5.943259
v -9.006131 0.699388 5.938284
v -9.010727 0.701292 5.932223
v -9.014142 0.702706 5.925307
v -9.016245 0.703577 5.917803
v -9.016954 0.703871 5.910000
v -9.016245 0.703577 5.902196
v -9.014142 0.702706 5.894692
v -9.010727 0.701292 5.887777
v -9.006131 0.699388 5.881716
v -9.000531 0.697068 5.876741
v -8.994142 0.694422 5.873044
v -8.987209 0.691550 5.870769
v -8.986488 0.692900 5.949231
v -8.992727 0.697068 5.946955
v -8.998477 0.700910 5.943259
v -9.003517 0.704278 5.938284
v -9.007653 0.707042 5.932223
v -9.010727 0.709095 5.925307
v -9.012619 0.710360 5.917803
v -9.013258 0.710787 5.910000
v -9.012619 0.710360 5.902196
v -9.010727 0.709095 5.894692
v -9.007653 0.707042 5.887777
v -9.003517 0.704278 5.881716
v -8.998477 0.700910 5.876741
v -8.992727 0.697068 5.873044
v -8.986488 0.692900 5.870769
v -8.985518 0.694082 5.949231
v -8.990824 0.699388 5.946955
v -8.995713 0.704278 5.943259
v -8.999999 0.708564 5.938284
v -9.003517 0.712082 5.932223
v -9.006131 0.714695 5.925307
v -9.007740 0.716305 5.917803
v -9.008284 0.716848 5.910000
v -9.007740 0.716305 5.902196
v -9.006131 0.714695 5.894692
v -9.003517 0.712082 5.887777
v -8.999999 0.708564 5.881716
v -8.995713 0.704278 5.876741
v -8.990824 0.699388 5.873044
v -8.985518 0.694082 5.870769
v -8.984335 0.695053 5.949231
v -8.988503 0.701292 5.946955
v -8.992346 0.707042 5.943259
v -8.995713 0.712082 5.938284
v -8.998477 0.716218 5.932223
v -9.000530 0.719291 5.925307
v -9.001796 0.721184 5.917803
v -9.002222 0.721823 5.910000
v -9.001796 0.721184 5.902196
v -9.000530 0.719291 5.894692
v -8.998477 0.716218 5.887777
v -8.995713 0.712082 5.881716
v -8.992346 0.707042 5.876741
v -8.988503 0.701292 5.873044
v -8.984335 0.695053 5.870769
v -8.982985 0.695774 5.949231
v -8.985857 0.702706 5.946955
v -8.988503 0.709095 5.943259
v -8.990824 0.714695 5.938284
v -8.992727 0.719291 5.932223
v -8.994142 0.722706 5.925307
v -8.995012 0.724809 5.917803
v -8.995307 0.725519 5.910000
v -8.995012 0.724809 5.902196
v -8.994142 0.722706 5.894692
v -8.992727 0.719291 5.887777
v -8.990824 0.714695 5.881716
v -8.988503 0.709095 5.876741
v -8.985857 0.702706 5.873044
v -8.982985 0.695774 5.870769
v -8.981522 0.696218 5.949231
v -8.982985 0.703577 5.946955
v -8.984335 0.710360 5.943259
v -8.985518 0.716305 5.938284
v -8.986488 0.721184 5.932223
v -8.987209 0.724809 5.925307
v -8.987653 0.727042 5.917803
v -8.987803 0.727795 5.910000
v -8.987653 0.727042 5.902196
v -8.987209 0.724809 5.894692
v -8.986488 0.721184 5.887777
v -8.985518 0.716305 5.881716
v -8.984335 0.710360 5.876741
v -8.982985 0.703577 5.873044
v -8.981522 0.696218 5.870769
v -8.980000 0.703871 5.946955
v -8.980000 0.721823 5.932223
v -8.980000 0.727795 5.917803
v -8.980000 0.727795 5.902196
v -8.980000 0.725519 5.894692
v -8.980000 0.716848 5.881716
v -8.980000 0.710787 5.876741
v -8.980000 0.703871 5.873044
v -8.980000 0.696368 5.870769
v -8.900000 0.550000 5.986000
v -8.980000 0.411436 5.986000
v -8.897402 0.548500 5.985196
v -8.977402 0.409936 5.985196
v -8.895499 0.547402 5.983000
v -8.975499 0.408838 5.983000
v -8.894803 0.547000 5.980000
v -8.974803 0.408436 5.980000
v -8.895499 0.547402 5.977000
v -8.975499 0.408838 5.977000
v -8.897402 0.548500 5.974804
v -8.977402 0.409936 5.974804
v -8.900000 0.550000 5.974000
v -8.980000 0.411436 5.974000
v -8.902597 0.551500 5.974804
v -8.982597 0.412936 5.974804
v -8.904500 0.552598 5.977000
v -8.984500 0.414034 5.977000
v -8.905196 0.553000 5.980000
v -8.985196 0.414436 5.980000
v -8.904500 0.552598 5.983000
v -8.984500 0.414034 5.983000
v -8.902597 0.551500 5.985196
v -8.982597 0.412936 5.985196
v -8.900000 -0.562000 5.800000
v -8.900000 -0.562000 5.920000
v -8.905999 -0.560392 5.800000
v -8.905999 -0.560392 5.920000
v -8.910392 -0.556000 5.800000
v -8.910392 -0.556000 5.920000
v -8.912000 -0.550000 5.800000
v -8.912000 -0.550000 5.920000
v -8.910392 -0.544000 5.800000
v -8.910392 -0.544000 5.920000
v -8.905999 -0.539608 5.800000
v -8.905999 -0.539608 5.920000
v -8.900000 -0.538000 5.800000
v -8.900000 -0.538000 5.920000
v -8.894000 -0.539608 5.800000
v -8.894000 -0.539608 5.920000
v -8.889607 -0.544000 5.800000
v -8.889607 -0.544000 5.920000
v -8.888000 -0.550000 5.800000
v -8.888000 -0.550000 5.920000
v -8.889607 -0.556000 5.800000
v -8.889607 -0.556000 5.920000
v -8.894000 -0.560392 5.800000
v -8.894000 -0.560392 5.920000
v -8.780001 -0.550000 5.928000
v -9.150000 -0.550000 5.928000
v -8.780001 -0.554000 5.926928
v -9.150000 -0.554000 5.926929
v -8.780001 -0.556928 5.924000
v -9.150000 -0.556928 5.924000
v -8.780001 -0.558000 5.920000
v -9.150000 -0.558000 5.920000
v -8.780001 -0.556928 5.916000
v -9.150000 -0.556928 5.916000
v -8.780001 -0.554000 5.913072
v -9.150000 -0.554000 5.913072
v -8.780001 -0.550000 5.912000
v -9.150000 -0.550000 5.912000
v -8.780001 -0.546000 5.913072
v -9.150000 -0.546000 5.913072
v -8.780001 -0.543072 5.916000
v -9.150000 -0.543072 5.916000
v -8.780001 -0.542000 5.920000
v -9.150000 -0.542000 5.920000
v -8.780001 -0.543072 5.924000
v -9.150000 -0.543072 5.924000
v -8.780001 -0.546000 5.926928
v -9.150000 -0.546000 5.926929
v -9.200000 -0.554000 5.860000
v -9.200000 -0.554000 6.000000
v -9.200000 -0.546000 5.860000
v -9.200000 -0.546000 6.000000
v -9.040000 -0.554000 5.860000
v -9.040000 -0.554000 6.000000
v -9.040000 -0.546000 5.860000
v -9.040000 -0.546000 6.000000
vn -0.2588 -0.9659 -0.0000
vn -0.7071 -0.7071 -0.0000
vn -0.9659 -0.2589 -0.0000
vn -0.9659 0.2589 -0.0000
vn -0.7071 0.7071 -0.0000
vn -0.2588 0.9659 -0.0000
vn 0.2588 0.9659 -0.0000
vn 0.7072 0.7070 -0.0000
vn 0.9659 0.2589 -0.0000
vn 0.9659 -0.2589 -0.0000
vn -0.0000 -0.0000 1.0000
vn 0.7070 -0.7072 -0.0000
vn 0.2588 -0.9659 -0.0000
vn -0.0000 -0.0000 -1.0000
vn -0.0000 0.2588 0.9659
vn -0.0000 0.7071 0.7071
vn -0.0000 0.9659 0.2588
vn -0.0000 0.9659 -0.2588
vn -0.0000 0.7071 -0.7071
vn -0.0000 0.2589 -0.9659
vn -0.0000 -0.2589 -0.9659
vn -0.0000 -0.7071 -0.7071
vn -0.0000 -0.9659 -0.2588
vn -0.0000 -0.9659 0.2588
vn 1.0000 -0.0000 -0.0000
vn -0.0000 -0.7071 0.7071
vn -0.0000 -0.2588 0.9659
vn -1.0000 -0.0000 -0.0000
vn 0.0623 0.6331 -0.7716
vn 0.0865 0.8786 0.4696
vn 0.0465 0.4710 -0.8809
vn 0.0939 0.9527 0.2891
vn 0.0283 0.2902 -0.9566
vn 0.0976 0.9904 0.0975
vn 0.0094 0.0980 0.9951
vn 0.0097 0.0980 -0.9951
vn 0.0976 0.9904 -0.0976
vn 0.0286 0.2902 0.9565
vn 0.0938 0.9527 -0.2890
vn 0.0462 0.4709 0.8810
vn 0.0865 0.8786 -0.4696
vn 0.0625 0.6331 0.7715
vn 0.0760 0.7708 -0.6326
vn 0.0759 0.7708 0.6326
vn 0.2247 0.7412 -0.6326
vn 0.2249 0.7411 0.6326
vn 0.1848 0.6089 -0.7714
vn 0.2563 0.8448 0.4697
vn 0.1376 0.4529 -0.8809
vn 0.2778 0.9162 0.2889
vn 0.0845 0.2789 -0.9566
vn 0.2889 0.9524 0.0976
vn 0.0293 0.0943 0.9951
vn 0.0285 0.0943 -0.9951
vn 0.2889 0.9524 -0.0976
vn 0.0846 0.2788 0.9566
vn 0.2779 0.9161 -0.2890
vn 0.1373 0.4528 0.8810
vn 0.2563 0.8449 -0.4696
vn 0.1847 0.6088 0.7715
vn 0.0462 0.0868 0.9952
vn 0.0466 0.0868 -0.9951
vn 0.4690 0.8778 -0.0976
vn 0.1374 0.2573 0.9565
vn 0.4513 0.8443 -0.2890
vn 0.2231 0.4174 0.8809
vn 0.4163 0.7786 -0.4697
vn 0.3000 0.5610 0.7716
vn 0.3651 0.6830 -0.6326
vn 0.3652 0.6830 0.6326
vn 0.2998 0.5610 -0.7716
vn 0.4162 0.7786 0.4696
vn 0.2230 0.4173 -0.8810
vn 0.4512 0.8443 0.2890
vn 0.1374 0.2573 -0.9565
vn 0.4691 0.8777 0.0976
vn 0.4914 0.5987 0.6326
vn 0.4036 0.4918 -0.7715
vn 0.5600 0.6825 0.4697
vn 0.3002 0.3655 -0.8811
vn 0.6074 0.7400 0.2890
vn 0.1850 0.2252 -0.9566
vn 0.6315 0.7692 0.0975
vn 0.0624 0.0761 0.9951
vn 0.0621 0.0761 -0.9952
vn 0.6312 0.7694 -0.0975
vn 0.1851 0.2253 0.9566
vn 0.6074 0.7400 -0.2889
vn 0.3002 0.3658 0.8809
vn 0.5602 0.6824 -0.4696
vn 0.4036 0.4918 0.7715
vn 0.4912 0.5988 -0.6326
vn 0.7693 0.6314 -0.0975
vn 0.2253 0.1849 0.9566
vn 0.7401 0.6073 -0.2890
vn 0.3659 0.3001 0.8809
vn 0.6824 0.5601 -0.4696
vn 0.4919 0.4037 0.7714
vn 0.5987 0.4913 -0.6326
vn 0.5988 0.4912 0.6326
vn 0.4917 0.4039 -0.7714
vn 0.6824 0.5602 0.4696
vn 0.3657 0.3001 -0.8810
vn 0.7401 0.6073 0.2889
vn 0.2255 0.1850 -0.9565
vn 0.7693 0.6314 0.0976
vn 0.0761 0.0626 0.9951
vn 0.0765 0.0626 -0.9951
vn 0.5611 0.2997 -0.7716
vn 0.7785 0.4163 0.4696
vn 0.4172 0.2231 -0.8810
vn 0.8442 0.4514 0.2890
vn 0.2571 0.1373 -0.9566
vn 0.8777 0.4692 0.0975
vn 0.0871 0.0464 0.9951
vn 0.0866 0.0464 -0.9952
vn 0.8778 0.4691 -0.0975
vn 0.2572 0.1373 0.9566
vn 0.8443 0.4513 -0.2889
vn 0.4173 0.2231 0.8810
vn 0.7785 0.4163 -0.4696
vn 0.5612 0.3000 0.7714
vn 0.6830 0.3651 -0.6326
vn 0.6830 0.3652 0.6325
vn 0.2789 0.0848 0.9566
vn 0.9162 0.2777 -0.2890
vn 0.4528 0.1375 0.8809
vn 0.8449 0.2562 -0.4696
vn 0.6089 0.1846 0.7715
vn 0.7411 0.2249 -0.6326
vn 0.7412 0.2249 0.6325
vn 0.6089 0.1848 -0.7714
vn 0.8448 0.2564 0.4696
vn 0.4526 0.1376 -0.8810
vn 0.9161 0.2779 0.2890
vn 0.2790 0.0845 -0.9565
vn 0.9523 0.2891 0.0975
vn 0.0942 0.0285 0.9951
vn 0.0944 0.0285 -0.9951
vn 0.9524 0.2889 -0.0975
vn 0.8786 0.0865 0.4697
vn 0.4709 0.0464 -0.8810
vn 0.9527 0.0939 0.2890
vn 0.2901 0.0284 -0.9566
vn 0.9905 0.0974 0.0975
vn 0.0980 0.0098 0.9951
vn 0.0980 0.0098 -0.9951
vn 0.9904 0.0976 -0.0976
vn 0.2901 0.0286 0.9566
vn 0.9527 0.0939 -0.2890
vn 0.4710 0.0464 0.8809
vn 0.8786 0.0865 -0.4696
vn 0.6331 0.0624 0.7715
vn 0.7707 0.0761 -0.6326
vn 0.7708 0.0758 0.6326
vn 0.6332 0.0623 -0.7715
vn 0.9527 -0.0939 -0.2890
vn 0.4709 -0.0462 0.8810
vn 0.8786 -0.0865 -0.4696
vn 0.6332 -0.0622 0.7715
vn 0.7707 -0.0759 -0.6327
vn 0.7708 -0.0759 0.6325
vn 0.6332 -0.0623 -0.7715
vn 0.8786 -0.0865 0.4697
vn 0.4709 -0.0464 -0.8810
vn 0.9527 -0.0939 0.2890
vn 0.2901 -0.0284 -0.9566
vn 0.9905 -0.0974 0.0975
vn 0.0980 -0.0098 0.9951
vn 0.0980 -0.0098 -0.9951
vn 0.9904 -0.0976 -0.0976
vn 0.2901 -0.0288 0.9566
vn 0.4526 -0.1376 -0.8810
vn 0.9162 -0.2776 0.2890
vn 0.2790 -0.0845 -0.9565
vn 0.9523 -0.2891 0.0975
vn 0.0942 -0.0285 0.9951
vn 0.0944 -0.0285 -0.9951
vn 0.9524 -0.2889 -0.0975
vn 0.2789 -0.0848 0.9566
vn 0.9161 -0.2779 -0.2890
vn 0.4527 -0.1375 0.8810
vn 0.8449 -0.2562 -0.4696
vn 0.6089 -0.1846 0.7715
vn 0.7411 -0.2249 -0.6326
vn 0.7412 -0.2249 0.6325
vn 0.6089 -0.1848 -0.7714
vn 0.8448 -0.2564 0.4696
vn 0.7785 -0.4163 -0.4696
vn 0.5612 -0.3000 0.7714
vn 0.6830 -0.3651 -0.6326
vn 0.6830 -0.3652 0.6325
vn 0.5611 -0.2997 -0.7716
vn 0.7786 -0.4161 0.4697
vn 0.4172 -0.2231 -0.8810
vn 0.8442 -0.4514 0.2890
vn 0.2572 -0.1373 -0.9566
vn 0.8777 -0.4692 0.0975
vn 0.0871 -0.0464 0.9951
vn 0.0866 -0.0464 -0.9952
vn 0.8778 -0.4691 -0.0975
vn 0.2570 -0.1374 0.9566
vn 0.8442 -0.4515 -0.2889
vn 0.4172 -0.2233 0.8809
vn 0.2252 -0.1850 -0.9566
vn 0.7694 -0.6313 0.0975
vn 0.0761 -0.0626 0.9951
vn 0.0765 -0.0626 -0.9951
vn 0.7693 -0.6314 -0.0975
vn 0.2252 -0.1850 0.9566
vn 0.7401 -0.6073 -0.2890
vn 0.3659 -0.3001 0.8809
vn 0.6824 -0.5602 -0.4696
vn 0.4919 -0.4037 0.7714
vn 0.5987 -0.4913 -0.6326
vn 0.5988 -0.4912 0.6326
vn 0.4917 -0.4039 -0.7714
vn 0.6825 -0.5600 0.4697
vn 0.3658 -0.3000 -0.8810
vn 0.7401 -0.6073 0.2889
vn 0.4036 -0.4918 0.7715
vn 0.4912 -0.5988 -0.6326
vn 0.4914 -0.5986 0.6327
vn 0.4037 -0.4917 -0.7715
vn 0.5601 -0.6824 0.4697
vn 0.3003 -0.3655 -0.8810
vn 0.6074 -0.7400 0.2890
vn 0.1847 -0.2253 -0.9566
vn 0.6315 -0.7693 0.0975
vn 0.0624 -0.0761 0.9951
vn 0.0621 -0.0761 -0.9952
vn 0.6312 -0.7694 -0.0975
vn 0.1850 -0.2253 0.9566
vn 0.6074 -0.7400 -0.2889
vn 0.3002 -0.3658 0.8809
vn 0.5601 -0.6824 -0.4697
vn 0.4693 -0.8777 0.0975
vn 0.0462 -0.0868 0.9952
vn 0.0466 -0.0868 -0.9951
vn 0.4691 -0.8777 -0.0975
vn 0.1375 -0.2573 0.9565
vn 0.4513 -0.8443 -0.2890
vn 0.2230 -0.4174 0.8809
vn 0.4162 -0.7786 -0.4697
vn 0.3000 -0.5611 0.7715
vn 0.3651 -0.6831 -0.6326
vn 0.3652 -0.6830 0.6326
vn 0.2999 -0.5610 -0.7716
vn 0.4162 -0.7786 0.4696
vn 0.2228 -0.4173 -0.8810
vn 0.4512 -0.8443 0.2890
vn 0.1374 -0.2573 -0.9565
vn 0.2248 -0.7412 -0.6326
vn 0.2249 -0.7411 0.6326
vn 0.1848 -0.6089 -0.7714
vn 0.2563 -0.8448 0.4696
vn 0.1375 -0.4529 -0.8809
vn 0.2778 -0.9162 0.2889
vn 0.0842 -0.2789 -0.9566
vn 0.2890 -0.9523 0.0976
vn 0.0293 -0.0943 0.9951
vn 0.0285 -0.0943 -0.9951
vn 0.2889 -0.9524 -0.0976
vn 0.0847 -0.2788 0.9566
vn 0.2779 -0.9161 -0.2890
vn 0.1373 -0.4528 0.8810
vn 0.2563 -0.8449 -0.4696
vn 0.1847 -0.6088 0.7715
vn 0.0094 -0.0980 0.9951
vn 0.0097 -0.0980 -0.9951
vn 0.0976 -0.9904 -0.0976
vn 0.0288 -0.2902 0.9565
vn 0.0938 -0.9527 -0.2890
vn 0.0465 -0.4707 0.8811
vn 0.0865 -0.8786 -0.4696
vn 0.0623 -0.6333 0.7714
vn 0.0758 -0.7708 -0.6326
vn 0.0759 -0.7708 0.6326
vn 0.0623 -0.6332 -0.7715
vn 0.0865 -0.8786 0.4696
vn 0.0462 -0.4708 -0.8810
vn 0.0939 -0.9527 0.2891
vn 0.0283 -0.2902 -0.9566
vn 0.0976 -0.9904 0.0976
vn -0.0759 -0.7708 0.6326
vn -0.0623 -0.6332 -0.7715
vn -0.0865 -0.8786 0.4696
vn -0.0465 -0.4710 -0.8809
vn -0.0938 -0.9527 0.2890
vn -0.0281 -0.2902 -0.9566
vn -0.0976 -0.9904 0.0975
vn -0.0094 -0.0980 0.9951
vn -0.0097 -0.0980 -0.9951
vn -0.0975 -0.9904 -0.0975
vn -0.0286 -0.2902 0.9565
vn -0.0939 -0.9527 -0.2890
vn -0.0464 -0.4707 0.8811
vn -0.0865 -0.8786 -0.4696
vn -0.0625 -0.6332 0.7714
vn -0.0758 -0.7707 -0.6327
vn -0.2889 -0.9524 -0.0976
vn -0.0846 -0.2788 0.9566
vn -0.2779 -0.9161 -0.2890
vn -0.1373 -0.4529 0.8809
vn -0.2563 -0.8449 -0.4695
vn -0.1847 -0.6088 0.7715
vn -0.2249 -0.7412 -0.6326
vn -0.2249 -0.7411 0.6326
vn -0.1848 -0.6089 -0.7714
vn -0.2563 -0.8448 0.4697
vn -0.1374 -0.4529 -0.8809
vn -0.2778 -0.9161 0.2889
vn -0.0842 -0.2789 -0.9566
vn -0.2889 -0.9524 0.0975
vn -0.0293 -0.0943 0.9951
vn -0.0285 -0.0943 -0.9951
vn -0.2998 -0.5610 -0.7716
vn -0.4162 -0.7786 0.4696
vn -0.2231 -0.4170 -0.8811
vn -0.4512 -0.8443 0.2890
vn -0.1374 -0.2573 -0.9565
vn -0.4691 -0.8777 0.0976
vn -0.0462 -0.0868 0.9952
vn -0.0466 -0.0868 -0.9951
vn -0.4690 -0.8778 -0.0976
vn -0.1373 -0.2573 0.9565
vn -0.4512 -0.8443 -0.2890
vn -0.2230 -0.4174 0.8809
vn -0.4162 -0.7786 -0.4697
vn -0.3000 -0.5611 0.7715
vn -0.3651 -0.6832 -0.6325
vn -0.3652 -0.6830 0.6326
vn -0.6074 -0.7400 -0.2889
vn -0.3002 -0.3658 0.8810
vn -0.5602 -0.6823 -0.4697
vn -0.4036 -0.4918 0.7715
vn -0.4913 -0.5988 -0.6325
vn -0.4913 -0.5987 0.6326
vn -0.4037 -0.4917 -0.7715
vn -0.5600 -0.6825 0.4696
vn -0.3002 -0.3657 -0.8810
vn -0.6074 -0.7400 0.2890
vn -0.1850 -0.2252 -0.9566
vn -0.6313 -0.7694 0.0975
vn -0.0624 -0.0761 0.9951
vn -0.0621 -0.0761 -0.9952
vn -0.6312 -0.7694 -0.0975
vn -0.1851 -0.2253 0.9566
vn -0.3657 -0.3003 -0.8810
vn -0.7400 -0.6074 0.2889
vn -0.2254 -0.1849 -0.9565
vn -0.7693 -0.6314 0.0976
vn -0.0761 -0.0625 0.9951
vn -0.0765 -0.0625 -0.9951
vn -0.7693 -0.6314 -0.0976
vn -0.2252 -0.1850 0.9566
vn -0.7400 -0.6074 -0.2889
vn -0.3660 -0.2999 0.8810
vn -0.6826 -0.5599 -0.4696
vn -0.4919 -0.4035 0.7715
vn -0.5987 -0.4913 -0.6326
vn -0.5988 -0.4912 0.6326
vn -0.4918 -0.4037 -0.7715
vn -0.6824 -0.5602 0.4696
vn -0.4172 -0.2233 0.8809
vn -0.7786 -0.4162 -0.4696
vn -0.5612 -0.3000 0.7714
vn -0.6830 -0.3652 -0.6326
vn -0.6830 -0.3652 0.6325
vn -0.5611 -0.2997 -0.7716
vn -0.7786 -0.4162 0.4697
vn -0.4173 -0.2228 -0.8810
vn -0.8443 -0.4512 0.2890
vn -0.2571 -0.1373 -0.9566
vn -0.8777 -0.4692 0.0975
vn -0.0871 -0.0464 0.9951
vn -0.0866 -0.0464 -0.9952
vn -0.8776 -0.4693 -0.0975
vn -0.2570 -0.1374 0.9566
vn -0.8442 -0.4515 -0.2889
vn -0.9161 -0.2779 0.2890
vn -0.2790 -0.0845 -0.9565
vn -0.9524 -0.2889 0.0975
vn -0.0942 -0.0286 0.9951
vn -0.0944 -0.0286 -0.9951
vn -0.9524 -0.2889 -0.0975
vn -0.2789 -0.0848 0.9566
vn -0.9162 -0.2776 -0.2890
vn -0.4528 -0.1373 0.8810
vn -0.8449 -0.2562 -0.4696
vn -0.6089 -0.1846 0.7715
vn -0.7411 -0.2248 -0.6326
vn -0.7412 -0.2247 0.6325
vn -0.6089 -0.1848 -0.7714
vn -0.8448 -0.2564 0.4696
vn -0.4526 -0.1373 -0.8811
vn -0.8786 -0.0865 -0.4696
vn -0.6332 -0.0622 0.7715
vn -0.7707 -0.0761 -0.6326
vn -0.7708 -0.0759 0.6325
vn -0.6332 -0.0623 -0.7715
vn -0.8786 -0.0864 0.4697
vn -0.4709 -0.0461 -0.8810
vn -0.9527 -0.0939 0.2890
vn -0.2902 -0.0287 -0.9565
vn -0.9905 -0.0974 0.0975
vn -0.0980 -0.0098 0.9951
vn -0.0980 -0.0098 -0.9951
vn -0.9905 -0.0974 -0.0975
vn -0.2901 -0.0288 0.9566
vn -0.9527 -0.0939 -0.2890
vn -0.4709 -0.0462 0.8810
vn -0.2901 0.0284 -0.9566
vn -0.9905 0.0974 0.0975
vn -0.0980 0.0098 0.9951
vn -0.0980 0.0098 -0.9951
vn -0.9904 0.0976 -0.0976
vn -0.2901 0.0288 0.9566
vn -0.9527 0.0939 -0.2890
vn -0.4709 0.0462 0.8810
vn -0.8786 0.0865 -0.4696
vn -0.6332 0.0622 0.7715
vn -0.7707 0.0761 -0.6326
vn -0.7708 0.0758 0.6326
vn -0.6332 0.0621 -0.7715
vn -0.8786 0.0864 0.4697
vn -0.4709 0.0461 -0.8810
vn -0.9527 0.0939 0.2890
vn -0.6089 0.1846 0.7714
vn -0.7411 0.2248 -0.6326
vn -0.7412 0.2247 0.6325
vn -0.6089 0.1848 -0.7714
vn -0.8448 0.2564 0.4696
vn -0.4526 0.1373 -0.8811
vn -0.9161 0.2779 0.2890
vn -0.2790 0.0845 -0.9565
vn -0.9524 0.2889 0.0975
vn -0.0942 0.0286 0.9951
vn -0.0944 0.0286 -0.9951
vn -0.9524 0.2889 -0.0975
vn -0.2789 0.0848 0.9566
vn -0.9162 0.2776 -0.2890
vn -0.4527 0.1373 0.8810
vn -0.8449 0.2563 -0.4696
vn -0.8777 0.4692 0.0975
vn -0.0871 0.0464 0.9951
vn -0.0866 0.0464 -0.9952
vn -0.8777 0.4693 -0.0975
vn -0.2570 0.1374 0.9566
vn -0.8442 0.4515 -0.2889
vn -0.4173 0.2231 0.8810
vn -0.7785 0.4163 -0.4696
vn -0.5612 0.3000 0.7714
vn -0.6830 0.3651 -0.6326
vn -0.6830 0.3652 0.6325
vn -0.5611 0.2997 -0.7716
vn -0.7786 0.4161 0.4697
vn -0.4173 0.2228 -0.8810
vn -0.8443 0.4512 0.2890
vn -0.2572 0.1373 -0.9566
vn -0.5986 0.4912 -0.6327
vn -0.5987 0.4912 0.6326
vn -0.4918 0.4036 -0.7715
vn -0.6825 0.5600 0.4697
vn -0.3657 0.3003 -0.8809
vn -0.7400 0.6073 0.2889
vn -0.2252 0.1850 -0.9566
vn -0.7693 0.6314 0.0976
vn -0.0761 0.0625 0.9951
vn -0.0765 0.0625 -0.9951
vn -0.7693 0.6314 -0.0975
vn -0.2253 0.1850 0.9566
vn -0.7400 0.6074 -0.2889
vn -0.3660 0.2999 0.8810
vn -0.6824 0.5601 -0.4696
vn -0.4918 0.4038 0.7714
vn -0.0621 0.0761 -0.9952
vn -0.6314 0.7693 -0.0976
vn -0.1848 0.2253 0.9566
vn -0.6074 0.7400 -0.2890
vn -0.3002 0.3656 0.8810
vn -0.5602 0.6824 -0.4697
vn -0.4036 0.4919 0.7715
vn -0.4913 0.5987 -0.6326
vn -0.4913 0.5987 0.6326
vn -0.4037 0.4917 -0.7715
vn -0.5600 0.6825 0.4697
vn -0.3000 0.3661 -0.8809
vn -0.6074 0.7400 0.2890
vn -0.1847 0.2253 -0.9566
vn -0.6314 0.7693 0.0976
vn -0.0624 0.0761 0.9951
vn -0.2999 0.5610 -0.7716
vn -0.4163 0.7786 0.4697
vn -0.2231 0.4170 -0.8811
vn -0.4511 0.8444 0.2890
vn -0.1374 0.2573 -0.9565
vn -0.4694 0.8776 0.0975
vn -0.0462 0.0868 0.9952
vn -0.0466 0.0868 -0.9951
vn -0.4692 0.8777 -0.0975
vn -0.1376 0.2573 0.9565
vn -0.4513 0.8443 -0.2890
vn -0.2230 0.4174 0.8809
vn -0.4162 0.7787 -0.4695
vn -0.3000 0.5611 0.7715
vn -0.3651 0.6831 -0.6326
vn -0.3652 0.6830 0.6326
vn -0.0846 0.2789 0.9566
vn -0.2779 0.9161 -0.2890
vn -0.1373 0.4529 0.8809
vn -0.2563 0.8449 -0.4695
vn -0.1847 0.6088 0.7715
vn -0.2249 0.7411 -0.6326
vn -0.2249 0.7411 0.6326
vn -0.1848 0.6089 -0.7714
vn -0.2563 0.8448 0.4697
vn -0.1374 0.4529 -0.8809
vn -0.2778 0.9161 0.2889
vn -0.0845 0.2789 -0.9566
vn -0.2889 0.9524 0.0976
vn -0.0293 0.0943 0.9951
vn -0.0285 0.0943 -0.9951
vn -0.2890 0.9523 -0.0976
vn -0.0865 0.8786 0.4696
vn -0.0462 0.4708 -0.8810
vn -0.0938 0.9527 0.2890
vn -0.0281 0.2902 -0.9566
vn -0.0976 0.9904 0.0975
vn -0.0094 0.0980 0.9951
vn -0.0097 0.0980 -0.9951
vn -0.0975 0.9904 -0.0975
vn -0.0288 0.2902 0.9565
vn -0.0939 0.9527 -0.2891
vn -0.0465 0.4707 0.8811
vn -0.0865 0.8786 -0.4696
vn -0.0623 0.6333 0.7714
vn -0.0760 0.7707 -0.6327
vn -0.0759 0.7708 0.6326
vn -0.0623 0.6332 -0.7715
vn -0.4176 0.2060 0.8850
vn -0.7540 -0.1080 0.6479
vn -0.8884 -0.3931 0.2372
vn -0.7846 -0.5728 -0.2372
vn -0.4707 -0.5990 -0.6478
vn -0.0306 -0.4645 -0.8851
vn 0.4176 -0.2061 -0.8849
vn 0.7541 0.1083 -0.6477
vn 0.8884 0.3929 -0.2372
vn 0.7847 0.5727 0.2373
vn -0.4581 0.7934 -0.4009
vn 0.4708 0.5989 0.6479
vn 0.0308 0.4645 0.8850
vn 0.4581 -0.7934 0.4008
vn 0.0464 0.4707 0.8811
vn 0.0865 0.8786 -0.4697
vn 0.0623 0.6331 0.7715
vn 0.0759 0.7708 -0.6326
vn 0.0624 0.6332 -0.7715
vn 0.0462 0.4708 -0.8810
vn 0.0281 0.2902 -0.9566
vn 0.0975 0.9904 0.0976
vn 0.0100 0.0980 0.9951
vn 0.0098 0.0980 -0.9951
vn 0.0842 0.2789 -0.9566
vn 0.0287 0.0943 0.9951
vn 0.0846 0.2789 0.9566
vn 0.1373 0.4530 0.8809
vn 0.2563 0.8448 -0.4696
vn 0.1846 0.6089 0.7715
vn 0.2248 0.7412 -0.6325
vn 0.2248 0.7412 0.6326
vn 0.2563 0.8448 0.4696
vn 0.1373 0.4529 -0.8809
vn 0.2778 0.9161 0.2889
vn 0.3651 0.6831 -0.6325
vn 0.3651 0.6829 0.6327
vn 0.2999 0.5610 -0.7716
vn 0.4163 0.7786 0.4697
vn 0.4513 0.8443 0.2890
vn 0.1372 0.2573 -0.9565
vn 0.0467 0.0868 -0.9951
vn 0.4692 0.8777 -0.0975
vn 0.1371 0.2572 0.9566
vn 0.4513 0.8443 -0.2891
vn 0.2233 0.4172 0.8809
vn 0.4163 0.7785 -0.4697
vn 0.3000 0.5612 0.7714
vn 0.0622 0.0761 -0.9952
vn 0.6314 0.7693 -0.0975
vn 0.1850 0.2253 0.9566
vn 0.6073 0.7400 -0.2890
vn 0.3003 0.3658 0.8809
vn 0.5601 0.6824 -0.4697
vn 0.4036 0.4917 0.7716
vn 0.4914 0.5987 -0.6325
vn 0.4913 0.5986 0.6327
vn 0.4037 0.4917 -0.7715
vn 0.5601 0.6824 0.4696
vn 0.3003 0.3657 -0.8809
vn 0.6075 0.7399 0.2890
vn 0.6314 0.7693 0.0975
vn 0.5987 0.4913 0.6326
vn 0.4919 0.4039 -0.7713
vn 0.6825 0.5600 0.4696
vn 0.3657 0.3003 -0.8809
vn 0.2255 0.1852 -0.9565
vn 0.0761 0.0625 0.9951
vn 0.0760 0.0625 -0.9951
vn 0.2255 0.1849 0.9565
vn 0.7399 0.6075 -0.2890
vn 0.3659 0.3000 0.8810
vn 0.6825 0.5600 -0.4697
vn 0.4917 0.4037 0.7715
vn 0.5988 0.4913 -0.6326
vn 0.8778 0.4690 -0.0976
vn 0.2570 0.1373 0.9566
vn 0.8443 0.4513 -0.2890
vn 0.4171 0.2231 0.8810
vn 0.5611 0.3000 0.7714
vn 0.6830 0.3652 -0.6326
vn 0.6830 0.3652 0.6326
vn 0.5612 0.2998 -0.7715
vn 0.7787 0.4161 0.4696
vn 0.4173 0.2231 -0.8810
vn 0.8443 0.4513 0.2889
vn 0.2574 0.1373 -0.9565
vn 0.8778 0.4691 0.0976
vn 0.0871 0.0464 -0.9951
vn 0.6090 0.1850 -0.7713
vn 0.4529 0.1370 -0.8810
vn 0.9161 0.2778 0.2890
vn 0.2789 0.0849 -0.9566
vn 0.9523 0.2892 0.0975
vn 0.0943 0.0285 0.9951
vn 0.0943 0.0285 -0.9951
vn 0.9525 0.2886 -0.0975
vn 0.9161 0.2779 -0.2890
vn 0.4528 0.1370 0.8810
vn 0.8448 0.2564 -0.4697
vn 0.6088 0.1844 0.7716
vn 0.7411 0.2249 -0.6325
vn 0.7411 0.2247 0.6326
vn 0.2902 0.0288 0.9565
vn 0.9527 0.0937 -0.2890
vn 0.4709 0.0464 0.8810
vn 0.8786 0.0865 -0.4697
vn 0.7708 0.0759 -0.6326
vn 0.7707 0.0759 0.6326
vn 0.8786 0.0865 0.4696
vn 0.2901 0.0281 -0.9566
vn 0.9904 0.0977 0.0975
vn 0.9904 0.0976 -0.0975
vn 0.8786 -0.0865 0.4696
vn 0.4707 -0.0467 -0.8810
vn 0.2901 -0.0287 -0.9566
vn 0.9904 -0.0977 0.0975
vn 0.9904 -0.0976 -0.0975
vn 0.2902 -0.0285 0.9565
vn 0.9527 -0.0937 -0.2890
vn 0.4709 -0.0464 0.8810
vn 0.8786 -0.0865 -0.4697
vn 0.6331 -0.0624 0.7715
vn 0.7708 -0.0759 -0.6326
vn 0.7708 -0.0759 0.6326
vn 0.4528 -0.1370 0.8810
vn 0.8449 -0.2562 -0.4697
vn 0.6088 -0.1844 0.7716
vn 0.7411 -0.2247 0.6326
vn 0.6089 -0.1850 -0.7714
vn 0.4529 -0.1370 -0.8810
vn 0.9161 -0.2778 0.2890
vn 0.2787 -0.0849 -0.9566
vn 0.0943 -0.0285 -0.9951
vn 0.9525 -0.2886 -0.0975
vn 0.2790 -0.0848 0.9566
vn 0.8443 -0.4513 0.2889
vn 0.2572 -0.1372 -0.9566
vn 0.8778 -0.4690 0.0975
vn 0.0871 -0.0464 -0.9951
vn 0.8777 -0.4692 -0.0975
vn 0.2572 -0.1372 0.9566
vn 0.8443 -0.4513 -0.2890
vn 0.4171 -0.2231 0.8810
vn 0.7785 -0.4164 -0.4696
vn 0.5611 -0.3000 0.7715
vn 0.6830 -0.3652 -0.6326
vn 0.6830 -0.3651 0.6326
vn 0.5612 -0.2998 -0.7715
vn 0.7787 -0.4161 0.4696
vn 0.6825 -0.5600 -0.4697
vn 0.4919 -0.4035 0.7715
vn 0.5988 -0.4913 -0.6326
vn 0.5987 -0.4913 0.6326
vn 0.4919 -0.4039 -0.7713
vn 0.6825 -0.5601 0.4696
vn 0.3658 -0.3003 -0.8809
vn 0.2255 -0.1852 -0.9565
vn 0.0761 -0.0625 0.9951
vn 0.0760 -0.0625 -0.9951
vn 0.7693 -0.6313 -0.0975
vn 0.2255 -0.1850 0.9565
vn 0.7400 -0.6074 -0.2889
vn 0.3659 -0.3000 0.8810
vn 0.1847 -0.2252 -0.9566
vn 0.6313 -0.7694 0.0975
vn 0.0622 -0.0761 -0.9952
vn 0.6313 -0.7694 -0.0975
vn 0.1851 -0.2253 0.9566
vn 0.6073 -0.7400 -0.2890
vn 0.3003 -0.3658 0.8809
vn 0.5601 -0.6825 -0.4697
vn 0.4036 -0.4917 0.7716
vn 0.4913 -0.5988 -0.6325
vn 0.4913 -0.5986 0.6327
vn 0.5601 -0.6824 0.4696
vn 0.3003 -0.3657 -0.8810
vn 0.6075 -0.7399 0.2890
vn 0.3000 -0.5612 0.7714
vn 0.3651 -0.6831 -0.6325
vn 0.3651 -0.6830 0.6326
vn 0.4162 -0.7786 0.4697
vn 0.2230 -0.4173 -0.8810
vn 0.4514 -0.8442 0.2890
vn 0.1372 -0.2573 -0.9565
vn 0.4691 -0.8777 0.0976
vn 0.0467 -0.0868 -0.9951
vn 0.4691 -0.8778 -0.0976
vn 0.1372 -0.2571 0.9566
vn 0.2232 -0.4172 0.8810
vn 0.4163 -0.7785 -0.4697
vn 0.2889 -0.9524 0.0976
vn 0.0287 -0.0943 0.9951
vn 0.0846 -0.2789 0.9566
vn 0.1375 -0.4528 0.8810
vn 0.2562 -0.8449 -0.4695
vn 0.1848 -0.6088 0.7715
vn 0.2249 -0.7412 0.6325
vn 0.2563 -0.8449 0.4695
vn 0.1373 -0.4531 -0.8808
vn 0.2778 -0.9161 0.2889
vn 0.0845 -0.2789 -0.9566
vn 0.0759 -0.7707 -0.6327
vn 0.0759 -0.7707 0.6326
vn 0.0465 -0.4708 -0.8810
vn 0.0938 -0.9527 0.2891
vn 0.0975 -0.9904 0.0975
vn 0.0100 -0.0980 0.9951
vn 0.0098 -0.0980 -0.9951
vn 0.0285 -0.2902 0.9565
vn 0.0464 -0.4707 0.8811
vn 0.0865 -0.8786 -0.4697
vn 0.0623 -0.6331 0.7715
vn -0.0100 -0.0981 0.9951
vn -0.0098 -0.0981 -0.9951
vn -0.0975 -0.9904 -0.0976
vn -0.0285 -0.2902 0.9565
vn -0.0464 -0.4709 0.8810
vn -0.0866 -0.8786 -0.4696
vn -0.0623 -0.6331 0.7715
vn -0.0759 -0.7708 -0.6326
vn -0.0624 -0.6332 -0.7715
vn -0.0462 -0.4710 -0.8809
vn -0.0289 -0.2902 -0.9565
vn -0.0975 -0.9904 0.0975
vn -0.2248 -0.7411 0.6326
vn -0.2563 -0.8449 0.4695
vn -0.2889 -0.9524 0.0976
vn -0.0287 -0.0943 0.9951
vn -0.2890 -0.9524 -0.0976
vn -0.0846 -0.2789 0.9566
vn -0.2778 -0.9162 -0.2889
vn -0.1375 -0.4529 0.8809
vn -0.2563 -0.8449 -0.4696
vn -0.2248 -0.7411 -0.6326
vn -0.4691 -0.8778 -0.0976
vn -0.1375 -0.2571 0.9565
vn -0.2233 -0.4174 0.8809
vn -0.2999 -0.5610 0.7716
vn -0.3651 -0.6831 -0.6325
vn -0.3651 -0.6829 0.6327
vn -0.2999 -0.5610 -0.7716
vn -0.2230 -0.4171 -0.8811
vn -0.4514 -0.8442 0.2890
vn -0.1373 -0.2573 -0.9565
vn -0.0467 -0.0868 -0.9951
vn -0.4037 -0.4916 -0.7716
vn -0.5601 -0.6824 0.4696
vn -0.3003 -0.3657 -0.8809
vn -0.6075 -0.7399 0.2890
vn -0.1849 -0.2255 -0.9565
vn -0.6314 -0.7693 0.0975
vn -0.0622 -0.0761 -0.9952
vn -0.6314 -0.7693 -0.0976
vn -0.1850 -0.2253 0.9566
vn -0.6073 -0.7400 -0.2890
vn -0.3003 -0.3658 0.8809
vn -0.5601 -0.6824 -0.4697
vn -0.4912 -0.5988 -0.6326
vn -0.4914 -0.5986 0.6326
vn -0.7399 -0.6075 -0.2889
vn -0.3658 -0.3000 0.8810
vn -0.6824 -0.5602 -0.4696
vn -0.4918 -0.4035 0.7716
vn -0.5987 -0.4913 0.6326
vn -0.4919 -0.4039 -0.7713
vn -0.6826 -0.5599 0.4697
vn -0.3658 -0.3003 -0.8809
vn -0.7401 -0.6073 0.2889
vn -0.2252 -0.1850 -0.9566
vn -0.0760 -0.0625 -0.9951
vn -0.7693 -0.6313 -0.0976
vn -0.2255 -0.1850 0.9565
vn -0.4173 -0.2231 -0.8810
vn -0.8443 -0.4513 0.2889
vn -0.2573 -0.1376 -0.9565
vn -0.8777 -0.4692 0.0976
vn -0.0871 -0.0464 -0.9951
vn -0.8777 -0.4692 -0.0975
vn -0.2570 -0.1373 0.9566
vn -0.8442 -0.4514 -0.2890
vn -0.4171 -0.2231 0.8810
vn -0.7785 -0.4163 -0.4696
vn -0.5611 -0.3002 0.7714
vn -0.6830 -0.3653 -0.6325
vn -0.6831 -0.3649 0.6327
vn -0.5612 -0.2996 -0.7715
vn -0.7785 -0.4163 0.4696
vn -0.4528 -0.1372 0.8810
vn -0.8448 -0.2562 -0.4697
vn -0.6088 -0.1844 0.7716
vn -0.7412 -0.2248 -0.6326
vn -0.7411 -0.2249 0.6326
vn -0.6090 -0.1850 -0.7713
vn -0.4528 -0.1373 -0.8810
vn -0.9161 -0.2778 0.2890
vn -0.2789 -0.0849 -0.9566
vn -0.0942 -0.0285 0.9951
vn -0.0943 -0.0285 -0.9951
vn -0.9524 -0.2888 -0.0975
vn -0.2790 -0.0848 0.9565
vn -0.9162 -0.2777 -0.2890
vn -0.2901 -0.0284 -0.9566
vn -0.9904 -0.0977 0.0975
vn -0.9905 -0.0974 -0.0976
vn -0.2902 -0.0286 0.9565
vn -0.8786 -0.0865 -0.4697
vn -0.6332 -0.0620 0.7715
vn -0.7708 -0.0759 -0.6326
vn -0.7708 -0.0759 0.6326
vn -0.6332 -0.0626 -0.7715
vn -0.8786 -0.0865 0.4696
vn -0.4708 -0.0467 -0.8810
vn -0.8786 0.0865 -0.4697
vn -0.6332 0.0620 0.7715
vn -0.7708 0.0759 -0.6326
vn -0.7707 0.0759 0.6326
vn -0.6332 0.0626 -0.7715
vn -0.8786 0.0865 0.4696
vn -0.4707 0.0467 -0.8810
vn -0.9904 0.0977 0.0975
vn -0.9905 0.0974 -0.0976
vn -0.2902 0.0286 0.9565
vn -0.2789 0.0849 -0.9566
vn -0.0943 0.0285 0.9951
vn -0.0943 0.0285 -0.9951
vn -0.9524 0.2888 -0.0975
vn -0.2790 0.0846 0.9566
vn -0.4528 0.1373 0.8810
vn -0.8448 0.2562 -0.4697
vn -0.6088 0.1844 0.7716
vn -0.7412 0.2248 -0.6326
vn -0.7411 0.2249 0.6326
vn -0.6089 0.1850 -0.7714
vn -0.4528 0.1373 -0.8810
vn -0.9161 0.2778 0.2890
vn -0.5611 0.3002 0.7714
vn -0.6830 0.3653 -0.6325
vn -0.6830 0.3650 0.6327
vn -0.5612 0.2996 -0.7715
vn -0.7787 0.4161 0.4696
vn -0.4172 0.2231 -0.8810
vn -0.8443 0.4513 0.2889
vn -0.2572 0.1376 -0.9565
vn -0.8777 0.4693 0.0975
vn -0.0871 0.0464 -0.9951
vn -0.8777 0.4692 -0.0975
vn -0.2572 0.1372 0.9566
vn -0.8443 0.4513 -0.2890
vn -0.4171 0.2231 0.8810
vn -0.7785 0.4164 -0.4696
vn -0.7694 0.6313 0.0975
vn -0.0760 0.0625 -0.9951
vn -0.7693 0.6313 -0.0975
vn -0.2255 0.1849 0.9565
vn -0.3659 0.3000 0.8810
vn -0.6824 0.5602 -0.4696
vn -0.4918 0.4035 0.7716
vn -0.5987 0.4912 -0.6327
vn -0.5987 0.4913 0.6326
vn -0.4918 0.4039 -0.7713
vn -0.6826 0.5599 0.4697
vn -0.3658 0.3003 -0.8809
vn -0.7401 0.6073 0.2889
vn -0.2255 0.1849 -0.9565
vn -0.4914 0.5986 -0.6326
vn -0.4912 0.5988 0.6326
vn -0.4037 0.4919 -0.7714
vn -0.5601 0.6825 0.4696
vn -0.3003 0.3657 -0.8810
vn -0.6075 0.7399 0.2890
vn -0.1849 0.2255 -0.9565
vn -0.6314 0.7693 0.0975
vn -0.0622 0.0761 -0.9952
vn -0.1852 0.2253 0.9565
vn -0.6073 0.7400 -0.2890
vn -0.3003 0.3658 0.8809
vn -0.5601 0.6825 -0.4697
vn -0.4037 0.4916 0.7716
vn -0.0467 0.0868 -0.9951
vn -0.1377 0.2571 0.9565
vn -0.4514 0.8442 -0.2891
vn -0.2232 0.4174 0.8809
vn -0.4162 0.7786 -0.4696
vn -0.3000 0.5612 0.7714
vn -0.3651 0.6832 -0.6325
vn -0.3651 0.6829 0.6327
vn -0.4163 0.7786 0.4696
vn -0.2230 0.4173 -0.8810
vn -0.4512 0.8443 0.2890
vn -0.1373 0.2573 -0.9565
vn -0.4692 0.8777 0.0975
vn -0.2563 0.8449 0.4695
vn -0.1373 0.4529 -0.8809
vn -0.2888 0.9524 0.0976
vn -0.0287 0.0943 0.9951
vn -0.2889 0.9524 -0.0976
vn -0.2778 0.9162 -0.2889
vn -0.1375 0.4529 0.8809
vn -0.2563 0.8448 -0.4696
vn -0.1848 0.6088 0.7715
vn -0.2249 0.7412 -0.6325
vn -0.2249 0.7412 0.6325
vn -0.0285 0.2901 0.9566
vn -0.0938 0.9527 -0.2890
vn -0.0464 0.4707 0.8811
vn -0.0865 0.8786 -0.4697
vn -0.0623 0.6331 0.7715
vn -0.0759 0.7708 -0.6326
vn -0.0624 0.6332 -0.7715
vn -0.0866 0.8786 0.4696
vn -0.0465 0.4708 -0.8810
vn -0.0287 0.2902 -0.9565
vn -0.0100 0.0981 0.9951
vn -0.0098 0.0981 -0.9951
vn -0.0976 0.9904 -0.0976
vn 0.2242 -0.1294 0.9659
vn 0.6123 -0.3535 0.7072
vn 0.8365 -0.4830 0.2588
vn 0.8365 -0.4829 -0.2588
vn 0.6123 -0.3535 -0.7072
vn 0.2243 -0.1294 -0.9659
vn -0.2243 0.1294 -0.9659
vn -0.6123 0.3535 -0.7072
vn -0.8365 0.4829 -0.2588
vn -0.8365 0.4830 0.2589
vn -0.4999 -0.8661 -0.0000
vn -0.6123 0.3535 0.7072
vn -0.2242 0.1294 0.9659
vn 0.5001 0.8660 -0.0000
vn -0.2587 -0.9659 -0.0000
vn -0.9659 -0.2588 -0.0000
vn -0.9659 0.2588 -0.0000
vn -0.2589 0.9659 -0.0000
vn 0.7071 0.7071 -0.0000
vn 0.9659 0.2588 -0.0000
vn 0.9659 -0.2588 -0.0000
vn 0.7071 -0.7071 -0.0000
vn 0.2589 -0.9659 -0.0000
vn -0.0000 -0.7071 0.7072
vn -0.0000 -0.2587 -0.9659
vn -0.0000 0.2587 -0.9659
vn -0.0000 0.2589 0.9659
vn 1.0000 0.0001 -0.0000
vn -0.0000 1.0000 -0.0000
vn -0.0000 -1.0000 -0.0000
vn 0.7070 0.7072 -0.0000
vn 0.0001 -0.0000 1.0000
vn -0.0001 -0.0000 1.0000
vn 0.7072 -0.7070 -0.0000
vn -0.0002 -0.0000 -1.0000
vn 0.0002 -0.0000 -1.0000
vn -0.0000 0.2588 -0.9659
vn -0.0000 -0.2588 -0.9659
vn 1.0000 -0.0002 -0.0000
vn 1.0000 0.0002 -0.0000
vn -0.0000 -0.2589 0.9659
vn 0.0624 0.6332 -0.7714
vn 0.0866 0.8786 0.4696
vn 0.0462 0.4707 -0.8811
vn 0.0938 0.9527 0.2890
vn 0.0286 0.2902 -0.9565
vn 0.0976 0.9904 0.0976
vn 0.0975 0.9904 -0.0975
vn 0.0282 0.2902 0.9566
vn 0.0939 0.9527 -0.2891
vn 0.0467 0.4708 0.8810
vn 0.0623 0.6332 0.7715
vn 0.2250 0.7411 -0.6326
vn 0.1847 0.6088 -0.7715
vn 0.2563 0.8449 0.4695
vn 0.1373 0.4528 -0.8810
vn 0.2779 0.9161 0.2890
vn 0.0846 0.2788 -0.9566
vn 0.0845 0.2789 0.9566
vn 0.2778 0.9162 -0.2889
vn 0.1376 0.4529 0.8809
vn 0.1846 0.6089 0.7714
vn 0.1371 0.2573 0.9566
vn 0.4512 0.8443 -0.2890
vn 0.2230 0.4173 0.8810
vn 0.4161 0.7786 -0.4697
vn 0.2999 0.5612 0.7714
vn 0.3651 0.6831 0.6326
vn 0.2999 0.5611 -0.7715
vn 0.2231 0.4174 -0.8809
vn 0.4691 0.8777 0.0975
vn 0.4912 0.5988 0.6326
vn 0.5602 0.6824 0.4697
vn 0.3002 0.3658 -0.8809
vn 0.6074 0.7400 0.2889
vn 0.1848 0.2253 -0.9566
vn 0.6312 0.7694 0.0975
vn 0.1847 0.2253 0.9566
vn 0.6074 0.7400 -0.2890
vn 0.3001 0.3655 0.8811
vn 0.4037 0.4917 0.7715
vn 0.4914 0.5987 -0.6326
vn 0.7694 0.6313 -0.0976
vn 0.2255 0.1850 0.9565
vn 0.7400 0.6074 -0.2889
vn 0.3658 0.3000 0.8810
vn 0.4917 0.4038 0.7715
vn 0.4919 0.4035 -0.7715
vn 0.6825 0.5600 0.4697
vn 0.3657 0.3002 -0.8810
vn 0.7401 0.6072 0.2889
vn 0.2252 0.1849 -0.9566
vn 0.7693 0.6314 0.0975
vn 0.5611 0.3000 -0.7714
vn 0.4174 0.2230 -0.8809
vn 0.8442 0.4515 0.2889
vn 0.2572 0.1374 -0.9565
vn 0.8778 0.4690 0.0975
vn 0.8777 0.4691 -0.0975
vn 0.2569 0.1376 0.9566
vn 0.8441 0.4516 -0.2890
vn 0.4172 0.2231 0.8810
vn 0.7786 0.4161 -0.4697
vn 0.5611 0.2997 0.7716
vn 0.6831 0.3651 -0.6325
vn 0.6830 0.3651 0.6326
vn 0.2792 0.0845 0.9565
vn 0.4527 0.1370 0.8811
vn 0.8448 0.2564 -0.4696
vn 0.6088 0.1848 0.7715
vn 0.7412 0.2247 -0.6325
vn 0.7411 0.2248 0.6326
vn 0.6089 0.1846 -0.7715
vn 0.8448 0.2562 0.4697
vn 0.9162 0.2777 0.2890
vn 0.2789 0.0848 -0.9566
vn 0.9524 0.2889 0.0975
vn 0.9523 0.2891 -0.0975
vn 0.4708 0.0464 -0.8810
vn 0.2902 0.0288 -0.9565
vn 0.9904 0.0976 0.0976
vn 0.9905 0.0974 -0.0975
vn 0.2901 0.0287 0.9566
vn 0.6332 0.0621 0.7715
vn 0.7708 0.0758 -0.6326
vn 0.7708 0.0761 0.6326
vn 0.6333 0.0622 -0.7714
vn 0.4709 -0.0467 0.8810
vn 0.6331 -0.0623 0.7715
vn 0.7708 -0.0759 -0.6325
vn 0.7707 -0.0759 0.6326
vn 0.6333 -0.0622 -0.7714
vn 0.4708 -0.0464 -0.8810
vn 0.2902 -0.0288 -0.9565
vn 0.9904 -0.0976 0.0976
vn 0.9905 -0.0974 -0.0975
vn 0.2901 -0.0284 0.9566
vn 0.9161 -0.2779 0.2890
vn 0.2789 -0.0848 -0.9566
vn 0.9524 -0.2889 0.0975
vn 0.9523 -0.2891 -0.0975
vn 0.2792 -0.0845 0.9565
vn 0.9162 -0.2776 -0.2890
vn 0.4527 -0.1370 0.8811
vn 0.8448 -0.2564 -0.4696
vn 0.6089 -0.1848 0.7714
vn 0.7412 -0.2247 -0.6325
vn 0.7411 -0.2248 0.6326
vn 0.6089 -0.1846 -0.7715
vn 0.8448 -0.2562 0.4697
vn 0.7786 -0.4161 -0.4697
vn 0.5611 -0.2997 0.7716
vn 0.6831 -0.3652 -0.6325
vn 0.6830 -0.3650 0.6326
vn 0.5611 -0.3000 -0.7714
vn 0.7786 -0.4163 0.4696
vn 0.4174 -0.2230 -0.8809
vn 0.8442 -0.4515 0.2889
vn 0.2572 -0.1374 -0.9565
vn 0.8778 -0.4691 0.0975
vn 0.2574 -0.1373 0.9565
vn 0.8443 -0.4514 -0.2890
vn 0.4173 -0.2228 0.8810
vn 0.7693 -0.6314 0.0976
vn 0.7694 -0.6313 -0.0976
vn 0.2255 -0.1849 0.9565
vn 0.7400 -0.6074 -0.2890
vn 0.3658 -0.3000 0.8810
vn 0.4917 -0.4038 0.7715
vn 0.4919 -0.4035 -0.7715
vn 0.6824 -0.5602 0.4696
vn 0.3658 -0.3002 -0.8809
vn 0.4037 -0.4917 0.7715
vn 0.4914 -0.5987 -0.6326
vn 0.4911 -0.5990 0.6325
vn 0.4036 -0.4918 -0.7715
vn 0.5601 -0.6825 0.4697
vn 0.3001 -0.3658 -0.8810
vn 0.6074 -0.7400 0.2889
vn 0.1848 -0.2253 -0.9566
vn 0.6312 -0.7694 0.0975
vn 0.6314 -0.7693 -0.0975
vn 0.1847 -0.2253 0.9566
vn 0.6074 -0.7400 -0.2890
vn 0.3000 -0.3655 0.8811
vn 0.4690 -0.8778 0.0976
vn 0.4691 -0.8777 -0.0976
vn 0.1372 -0.2573 0.9565
vn 0.4512 -0.8443 -0.2890
vn 0.2228 -0.4173 0.8810
vn 0.4162 -0.7786 -0.4696
vn 0.2999 -0.5610 0.7716
vn 0.3652 -0.6830 -0.6326
vn 0.3651 -0.6831 0.6325
vn 0.2999 -0.5611 -0.7715
vn 0.4163 -0.7786 0.4697
vn 0.2231 -0.4174 -0.8809
vn 0.2249 -0.7411 -0.6326
vn 0.2247 -0.7412 0.6326
vn 0.1847 -0.6088 -0.7715
vn 0.2563 -0.8449 0.4696
vn 0.1373 -0.4528 -0.8810
vn 0.2779 -0.9161 0.2890
vn 0.0848 -0.2788 -0.9566
vn 0.2888 -0.9524 0.0976
vn 0.0842 -0.2789 0.9566
vn 0.2778 -0.9162 -0.2889
vn 0.1375 -0.4529 0.8809
vn 0.2563 -0.8448 -0.4697
vn 0.1846 -0.6089 0.7714
vn 0.0975 -0.9904 -0.0976
vn 0.0281 -0.2902 0.9566
vn 0.0938 -0.9527 -0.2891
vn 0.0464 -0.4710 0.8809
vn 0.0626 -0.6331 0.7716
vn 0.0760 -0.7708 -0.6326
vn 0.0624 -0.6331 -0.7715
vn 0.0866 -0.8786 0.4696
vn 0.0464 -0.4709 -0.8810
vn 0.0938 -0.9527 0.2890
vn 0.0286 -0.2902 -0.9565
vn -0.0759 -0.7707 0.6327
vn -0.0624 -0.6332 -0.7714
vn -0.0866 -0.8786 0.4696
vn -0.0462 -0.4707 -0.8811
vn -0.0939 -0.9527 0.2890
vn -0.0285 -0.2902 -0.9565
vn -0.0282 -0.2902 0.9566
vn -0.0938 -0.9527 -0.2891
vn -0.0463 -0.4710 0.8809
vn -0.0623 -0.6332 0.7715
vn -0.2889 -0.9524 -0.0975
vn -0.0842 -0.2789 0.9566
vn -0.2778 -0.9161 -0.2889
vn -0.2563 -0.8448 -0.4697
vn -0.1846 -0.6089 0.7714
vn -0.2248 -0.7412 0.6326
vn -0.1847 -0.6088 -0.7715
vn -0.1373 -0.4529 -0.8809
vn -0.2779 -0.9161 0.2890
vn -0.0848 -0.2788 -0.9566
vn -0.2999 -0.5611 -0.7715
vn -0.4163 -0.7786 0.4697
vn -0.2230 -0.4174 -0.8809
vn -0.4692 -0.8777 0.0975
vn -0.4693 -0.8776 -0.0975
vn -0.1378 -0.2573 0.9565
vn -0.2232 -0.4170 0.8811
vn -0.4162 -0.7786 -0.4696
vn -0.3652 -0.6829 -0.6327
vn -0.3651 -0.6831 0.6325
vn -0.6074 -0.7400 -0.2890
vn -0.3001 -0.3658 0.8810
vn -0.5600 -0.6825 -0.4696
vn -0.4037 -0.4917 0.7715
vn -0.4913 -0.5987 -0.6326
vn -0.4912 -0.5988 0.6325
vn -0.4036 -0.4918 -0.7715
vn -0.5601 -0.6824 0.4697
vn -0.3001 -0.3658 -0.8810
vn -0.6074 -0.7400 0.2889
vn -0.1848 -0.2253 -0.9566
vn -0.6314 -0.7693 0.0976
vn -0.1847 -0.2253 0.9566
vn -0.3658 -0.3000 -0.8810
vn -0.7693 -0.6314 0.0975
vn -0.7694 -0.6313 -0.0975
vn -0.2255 -0.1849 0.9565
vn -0.3658 -0.3003 0.8809
vn -0.6823 -0.5602 -0.4696
vn -0.4917 -0.4039 0.7714
vn -0.5987 -0.4912 -0.6326
vn -0.6825 -0.5600 0.4697
vn -0.4173 -0.2228 0.8810
vn -0.7786 -0.4162 -0.4697
vn -0.5611 -0.2997 0.7716
vn -0.6831 -0.3650 -0.6326
vn -0.6830 -0.3651 0.6326
vn -0.5611 -0.3000 -0.7714
vn -0.7786 -0.4162 0.4696
vn -0.4173 -0.2233 -0.8809
vn -0.8442 -0.4515 0.2889
vn -0.2572 -0.1374 -0.9565
vn -0.8777 -0.4691 -0.0975
vn -0.2573 -0.1373 0.9565
vn -0.8444 -0.4512 -0.2890
vn -0.9162 -0.2777 0.2890
vn -0.2789 -0.0848 -0.9566
vn -0.2792 -0.0845 0.9565
vn -0.9161 -0.2779 -0.2890
vn -0.4527 -0.1373 0.8810
vn -0.8448 -0.2564 -0.4697
vn -0.6088 -0.1848 0.7715
vn -0.7412 -0.2249 -0.6326
vn -0.6089 -0.1846 -0.7715
vn -0.8449 -0.2562 0.4696
vn -0.4529 -0.1372 -0.8809
vn -0.8786 -0.0864 -0.4697
vn -0.6331 -0.0623 0.7715
vn -0.7708 -0.0758 -0.6326
vn -0.6333 -0.0622 -0.7714
vn -0.4708 -0.0464 -0.8810
vn -0.2901 -0.0286 -0.9566
vn -0.9904 -0.0976 0.0976
vn -0.9904 -0.0977 -0.0975
vn -0.2901 -0.0284 0.9566
vn -0.4709 -0.0464 0.8809
vn -0.2902 0.0288 -0.9565
vn -0.9904 0.0976 0.0976
vn -0.9905 0.0974 -0.0975
vn -0.2901 0.0284 0.9566
vn -0.4709 0.0464 0.8810
vn -0.8786 0.0864 -0.4697
vn -0.6331 0.0623 0.7715
vn -0.7708 0.0758 -0.6325
vn -0.7708 0.0761 0.6326
vn -0.6332 0.0624 -0.7714
vn -0.4708 0.0464 -0.8810
vn -0.6089 0.1848 0.7714
vn -0.7412 0.2249 -0.6325
vn -0.6089 0.1846 -0.7715
vn -0.8449 0.2562 0.4696
vn -0.4529 0.1372 -0.8809
vn -0.9162 0.2776 0.2890
vn -0.2789 0.0848 -0.9566
vn -0.2792 0.0845 0.9565
vn -0.9161 0.2779 -0.2890
vn -0.8448 0.2563 -0.4697
vn -0.2574 0.1373 0.9565
vn -0.8444 0.4512 -0.2890
vn -0.4172 0.2231 0.8810
vn -0.7786 0.4161 -0.4697
vn -0.5611 0.2997 0.7716
vn -0.6831 0.3652 -0.6325
vn -0.6830 0.3650 0.6326
vn -0.5611 0.3000 -0.7714
vn -0.7786 0.4163 0.4696
vn -0.4173 0.2233 -0.8809
vn -0.8442 0.4515 0.2889
vn -0.2572 0.1374 -0.9565
vn -0.5987 0.4913 -0.6326
vn -0.4918 0.4038 -0.7714
vn -0.6824 0.5602 0.4696
vn -0.3659 0.3000 -0.8810
vn -0.7400 0.6074 0.2889
vn -0.7693 0.6314 0.0975
vn -0.7694 0.6313 -0.0976
vn -0.2258 0.1849 0.9565
vn -0.7400 0.6074 -0.2890
vn -0.3658 0.3003 0.8809
vn -0.6825 0.5600 -0.4697
vn -0.4918 0.4036 0.7715
vn -0.6313 0.7694 -0.0975
vn -0.1850 0.2252 0.9566
vn -0.6074 0.7399 -0.2891
vn -0.3000 0.3661 0.8809
vn -0.5600 0.6825 -0.4696
vn -0.4037 0.4917 0.7715
vn -0.4037 0.4918 -0.7714
vn -0.5601 0.6824 0.4697
vn -0.3002 0.3656 -0.8810
vn -0.6074 0.7399 0.2891
vn -0.1848 0.2253 -0.9566
vn -0.6313 0.7694 0.0975
vn -0.2999 0.5611 -0.7715
vn -0.4162 0.7787 0.4695
vn -0.2231 0.4174 -0.8809
vn -0.4514 0.8443 0.2890
vn -0.4690 0.8778 0.0976
vn -0.4691 0.8777 -0.0976
vn -0.1372 0.2573 0.9565
vn -0.4512 0.8444 -0.2890
vn -0.2231 0.4170 0.8811
vn -0.4162 0.7786 -0.4697
vn -0.2999 0.5610 0.7716
vn -0.3652 0.6830 -0.6326
vn -0.3651 0.6830 0.6326
vn -0.0842 0.2786 0.9567
vn -0.2778 0.9161 -0.2889
vn -0.2563 0.8448 -0.4697
vn -0.1846 0.6089 0.7714
vn -0.2248 0.7411 -0.6326
vn -0.2247 0.7412 0.6326
vn -0.1848 0.6088 -0.7715
vn -0.2562 0.8449 0.4695
vn -0.2779 0.9161 0.2890
vn -0.0849 0.2788 -0.9566
vn -0.2888 0.9524 -0.0976
vn -0.0464 0.4709 -0.8810
vn -0.0939 0.9527 0.2891
vn -0.0285 0.2902 -0.9565
vn -0.0975 0.9904 0.0975
vn -0.0281 0.2902 0.9566
vn -0.0464 0.4710 0.8809
vn -0.0626 0.6332 0.7715
vn -0.0759 0.7707 0.6327
vn -0.0624 0.6332 -0.7714
vn -0.4178 0.2060 0.8849
vn -0.7541 -0.1081 0.6478
vn -0.8884 -0.3930 0.2373
vn -0.7847 -0.5726 -0.2373
vn -0.0304 -0.4649 -0.8849
vn 0.4176 -0.2057 -0.8850
vn 0.7541 0.1080 -0.6478
vn 0.8884 0.3931 -0.2372
vn 0.7846 0.5728 0.2373
vn -0.4587 0.7931 -0.4008
vn -0.4582 0.7933 -0.4009
vn -0.4581 0.7934 -0.4007
vn -0.4581 0.7935 -0.4006
vn -0.4580 0.7935 -0.4006
vn -0.4578 0.7936 -0.4008
vn -0.4580 0.7935 -0.4008
vn -0.4581 0.7934 -0.4008
vn 0.4707 0.5991 0.6477
vn 0.0304 0.4648 0.8849
vn 0.4578 -0.7935 0.4010
vn 0.4584 -0.7933 0.4007
vn 0.4581 -0.7933 0.4010
vn 0.4585 -0.7931 0.4009
vn 0.4578 -0.7936 0.4008
vn 0.4579 -0.7936 0.4007
vn 0.4580 -0.7935 0.4007
vn 0.4581 -0.7933 0.4009
vn 0.4581 -0.7934 0.4009
vn 0.0975 0.9904 -0.0976
vn 0.0289 0.2902 0.9565
vn 0.0461 0.4708 0.8810
vn 0.0759 0.7707 -0.6326
vn 0.0759 0.7707 0.6327
vn 0.0624 0.6331 -0.7715
vn 0.0866 0.8786 0.4697
vn 0.0466 0.4707 -0.8810
vn 0.0288 0.2902 -0.9565
vn 0.0848 0.2789 -0.9566
vn 0.0842 0.2789 0.9566
vn 0.2778 0.9161 -0.2889
vn 0.2563 0.8449 -0.4695
vn 0.1848 0.6089 0.7714
vn 0.2248 0.7412 -0.6326
vn 0.2249 0.7412 0.6325
vn 0.2562 0.8449 0.4695
vn 0.1373 0.4530 -0.8809
vn 0.3651 0.6829 -0.6327
vn 0.3651 0.6831 0.6325
vn 0.2999 0.5613 -0.7714
vn 0.4162 0.7786 0.4697
vn 0.2231 0.4172 -0.8810
vn 0.4513 0.8443 0.2891
vn 0.1375 0.2571 -0.9565
vn 0.4692 0.8777 0.0975
vn 0.4691 0.8778 -0.0976
vn 0.1378 0.2573 0.9565
vn 0.4162 0.7786 -0.4696
vn 0.2998 0.5610 0.7716
vn 0.6313 0.7694 -0.0975
vn 0.1853 0.2252 0.9565
vn 0.6075 0.7399 -0.2890
vn 0.2999 0.3658 0.8811
vn 0.5600 0.6825 -0.4696
vn 0.4038 0.4917 0.7715
vn 0.4913 0.5986 -0.6327
vn 0.4035 0.4917 -0.7716
vn 0.5601 0.6825 0.4697
vn 0.3001 0.3659 -0.8810
vn 0.6073 0.7401 0.2890
vn 0.6313 0.7694 0.0975
vn 0.5988 0.4913 0.6326
vn 0.4918 0.4035 -0.7715
vn 0.3659 0.3000 -0.8810
vn 0.7399 0.6075 0.2890
vn 0.2252 0.1850 -0.9566
vn 0.7693 0.6313 0.0975
vn 0.7693 0.6314 -0.0976
vn 0.2250 0.1852 0.9566
vn 0.7401 0.6073 -0.2889
vn 0.3657 0.3004 0.8809
vn 0.6825 0.5600 -0.4696
vn 0.4918 0.4037 0.7715
vn 0.8777 0.4692 -0.0975
vn 0.2574 0.1373 0.9565
vn 0.8443 0.4514 -0.2889
vn 0.4175 0.2231 0.8809
vn 0.7787 0.4161 -0.4696
vn 0.5611 0.2999 0.7715
vn 0.6831 0.3650 0.6326
vn 0.5610 0.3001 -0.7715
vn 0.2572 0.1372 -0.9566
vn 0.6089 0.1844 -0.7715
vn 0.4527 0.1375 -0.8810
vn 0.9525 0.2886 0.0975
vn 0.2789 0.0849 0.9566
vn 0.4527 0.1376 0.8810
vn 0.8448 0.2563 -0.4697
vn 0.6089 0.1850 0.7713
vn 0.7411 0.2247 -0.6326
vn 0.2901 0.0281 0.9566
vn 0.6333 0.0621 0.7714
vn 0.7707 0.0759 -0.6326
vn 0.7708 0.0759 0.6326
vn 0.9527 0.0937 0.2890
vn 0.9904 0.0977 -0.0976
vn 0.4709 -0.0462 -0.8810
vn 0.9527 -0.0937 0.2890
vn 0.2902 -0.0285 -0.9565
vn 0.9904 -0.0976 0.0975
vn 0.9904 -0.0977 -0.0975
vn 0.2901 -0.0287 0.9566
vn 0.6333 -0.0621 0.7714
vn 0.9161 -0.2778 -0.2890
vn 0.4527 -0.1376 0.8810
vn 0.6089 -0.1850 0.7714
vn 0.7412 -0.2247 -0.6326
vn 0.6089 -0.1844 -0.7715
vn 0.8449 -0.2562 0.4697
vn 0.4527 -0.1375 -0.8810
vn 0.2791 -0.0848 -0.9565
vn 0.9525 -0.2886 0.0975
vn 0.2789 -0.0849 0.9566
vn 0.4173 -0.2231 -0.8810
vn 0.8776 -0.4693 0.0975
vn 0.8778 -0.4690 -0.0976
vn 0.8443 -0.4513 -0.2889
vn 0.4175 -0.2231 0.8809
vn 0.7787 -0.4161 -0.4696
vn 0.5611 -0.2999 0.7715
vn 0.6830 -0.3652 0.6326
vn 0.5610 -0.3001 -0.7715
vn 0.7785 -0.4163 0.4696
vn 0.6825 -0.5601 -0.4696
vn 0.4916 -0.4039 0.7715
vn 0.4918 -0.4035 -0.7715
vn 0.3659 -0.3000 -0.8810
vn 0.7400 -0.6074 0.2889
vn 0.2253 -0.1850 -0.9566
vn 0.7693 -0.6314 -0.0976
vn 0.2252 -0.1853 0.9565
vn 0.7401 -0.6073 -0.2889
vn 0.3657 -0.3003 0.8809
vn 0.6314 -0.7693 0.0975
vn 0.1851 -0.2252 0.9566
vn 0.6074 -0.7399 -0.2890
vn 0.3000 -0.3658 0.8810
vn 0.5600 -0.6825 -0.4696
vn 0.4038 -0.4917 0.7715
vn 0.4913 -0.5986 -0.6327
vn 0.4913 -0.5988 0.6325
vn 0.4035 -0.4917 -0.7716
vn 0.5600 -0.6825 0.4697
vn 0.3001 -0.3659 -0.8810
vn 0.6073 -0.7401 0.2890
vn 0.3651 -0.6829 -0.6327
vn 0.3651 -0.6831 0.6326
vn 0.2999 -0.5613 -0.7714
vn 0.2231 -0.4173 -0.8810
vn 0.4511 -0.8444 0.2890
vn 0.1376 -0.2571 -0.9565
vn 0.4692 -0.8777 0.0975
vn 0.4692 -0.8777 -0.0975
vn 0.1378 -0.2573 0.9565
vn 0.2231 -0.4173 0.8810
vn 0.0845 -0.2789 0.9566
vn 0.2778 -0.9161 -0.2889
vn 0.1373 -0.4531 0.8808
vn 0.2563 -0.8448 -0.4696
vn 0.2247 -0.7412 -0.6326
vn 0.2248 -0.7412 0.6326
vn 0.1846 -0.6089 -0.7715
vn 0.0849 -0.2789 -0.9566
vn 0.0759 -0.7708 -0.6326
vn 0.0623 -0.6331 -0.7715
vn 0.0865 -0.8786 0.4697
vn 0.0464 -0.4707 -0.8811
vn 0.0289 -0.2902 -0.9565
vn 0.0975 -0.9904 -0.0975
vn 0.0287 -0.2902 0.9565
vn 0.0939 -0.9527 -0.2891
vn 0.0461 -0.4708 0.8810
vn 0.0866 -0.8786 -0.4696
vn 0.0623 -0.6332 0.7715
vn -0.0287 -0.2899 0.9566
vn -0.0938 -0.9527 -0.2890
vn -0.0461 -0.4708 0.8810
vn -0.0624 -0.6331 -0.7715
vn -0.0866 -0.8786 0.4697
vn -0.0466 -0.4707 -0.8810
vn -0.0286 -0.2901 -0.9566
vn -0.0976 -0.9904 0.0976
vn -0.2249 -0.7412 0.6325
vn -0.2563 -0.8449 0.4696
vn -0.1373 -0.4530 -0.8809
vn -0.2778 -0.9162 0.2889
vn -0.0848 -0.2789 -0.9566
vn -0.2890 -0.9523 0.0976
vn -0.0845 -0.2789 0.9566
vn -0.2248 -0.7412 -0.6326
vn -0.4692 -0.8777 -0.0975
vn -0.1372 -0.2573 0.9565
vn -0.4514 -0.8442 -0.2890
vn -0.2230 -0.4171 0.8811
vn -0.4163 -0.7786 -0.4697
vn -0.2998 -0.5614 0.7714
vn -0.3650 -0.6830 -0.6326
vn -0.2999 -0.5613 -0.7714
vn -0.4162 -0.7786 0.4697
vn -0.2231 -0.4174 -0.8809
vn -0.4512 -0.8444 0.2890
vn -0.1377 -0.2571 -0.9565
vn -0.4035 -0.4918 -0.7716
vn -0.5600 -0.6825 0.4697
vn -0.3001 -0.3659 -0.8810
vn -0.6073 -0.7400 0.2890
vn -0.1849 -0.2253 -0.9566
vn -0.6314 -0.7693 -0.0975
vn -0.1853 -0.2255 0.9565
vn -0.6075 -0.7399 -0.2890
vn -0.2999 -0.3658 0.8811
vn -0.5601 -0.6825 -0.4696
vn -0.4038 -0.4915 0.7716
vn -0.4914 -0.5986 -0.6326
vn -0.4912 -0.5988 0.6326
vn -0.3657 -0.3004 0.8810
vn -0.6826 -0.5599 -0.4697
vn -0.4918 -0.4035 -0.7715
vn -0.7399 -0.6075 0.2889
vn -0.7693 -0.6313 0.0975
vn -0.7693 -0.6314 -0.0975
vn -0.2250 -0.1850 0.9566
vn -0.8443 -0.4514 0.2890
vn -0.2572 -0.1372 -0.9566
vn -0.2573 -0.1376 0.9565
vn -0.8443 -0.4514 -0.2889
vn -0.4175 -0.2231 0.8809
vn -0.7787 -0.4160 -0.4696
vn -0.6831 -0.3649 -0.6326
vn -0.6830 -0.3653 0.6325
vn -0.5610 -0.3002 -0.7715
vn -0.7787 -0.4161 0.4697
vn -0.6089 -0.1850 0.7713
vn -0.7411 -0.2249 -0.6326
vn -0.6089 -0.1844 -0.7715
vn -0.8448 -0.2562 0.4697
vn -0.2790 -0.0846 -0.9566
vn -0.9524 -0.2888 0.0975
vn -0.2788 -0.0846 0.9566
vn -0.9161 -0.2778 -0.2890
vn -0.2902 -0.0286 -0.9565
vn -0.9905 -0.0974 0.0976
vn -0.4708 -0.0467 0.8810
vn -0.6332 -0.0626 0.7715
vn -0.6333 -0.0620 -0.7714
vn -0.8786 -0.0865 0.4697
vn -0.4709 -0.0462 -0.8810
vn -0.6332 0.0626 0.7715
vn -0.7707 0.0759 -0.6326
vn -0.7708 0.0759 0.6326
vn -0.6333 0.0620 -0.7714
vn -0.8786 0.0865 0.4697
vn -0.4709 0.0462 -0.8810
vn -0.2902 0.0286 -0.9565
vn -0.9905 0.0974 0.0976
vn -0.9904 0.0977 -0.0975
vn -0.4708 0.0467 0.8810
vn -0.2790 0.0846 -0.9566
vn -0.9524 0.2888 0.0975
vn -0.2789 0.0849 0.9566
vn -0.9161 0.2778 -0.2890
vn -0.8448 0.2564 -0.4696
vn -0.6089 0.1850 0.7714
vn -0.7411 0.2249 -0.6326
vn -0.6089 0.1844 -0.7715
vn -0.8448 0.2562 0.4697
vn -0.4527 0.1373 -0.8810
vn -0.9162 0.2777 0.2890
vn -0.6830 0.3650 -0.6327
vn -0.6830 0.3653 0.6325
vn -0.5610 0.3002 -0.7715
vn -0.7785 0.4163 0.4696
vn -0.4173 0.2231 -0.8810
vn -0.8442 0.4514 0.2890
vn -0.2572 0.1372 -0.9566
vn -0.2572 0.1376 0.9565
vn -0.8443 0.4513 -0.2889
vn -0.4175 0.2231 0.8809
vn -0.7787 0.4161 -0.4696
vn -0.7693 0.6314 -0.0976
vn -0.2254 0.1850 0.9566
vn -0.7401 0.6073 -0.2889
vn -0.3657 0.3003 0.8809
vn -0.6826 0.5599 -0.4697
vn -0.4917 0.4039 0.7714
vn -0.5988 0.4912 0.6326
vn -0.4919 0.4035 -0.7715
vn -0.2253 0.1850 -0.9566
vn -0.4913 0.5988 -0.6326
vn -0.4914 0.5986 0.6326
vn -0.4036 0.4916 -0.7716
vn -0.5601 0.6825 0.4697
vn -0.3001 0.3659 -0.8810
vn -0.6073 0.7400 0.2891
vn -0.6314 0.7693 -0.0975
vn -0.1847 0.2255 0.9566
vn -0.3000 0.3658 0.8810
vn -0.5601 0.6825 -0.4696
vn -0.4037 0.4919 0.7714
vn -0.4690 0.8778 -0.0976
vn -0.4512 0.8443 -0.2890
vn -0.2228 0.4171 0.8811
vn -0.4163 0.7786 -0.4696
vn -0.2997 0.5611 0.7716
vn -0.3651 0.6830 -0.6327
vn -0.3651 0.6832 0.6325
vn -0.2999 0.5613 -0.7714
vn -0.4162 0.7786 0.4696
vn -0.2231 0.4173 -0.8810
vn -0.4513 0.8442 0.2891
vn -0.1377 0.2571 -0.9565
vn -0.4691 0.8778 0.0976
vn -0.1847 0.6088 -0.7715
vn -0.2563 0.8449 0.4696
vn -0.1373 0.4530 -0.8809
vn -0.2778 0.9162 0.2889
vn -0.0849 0.2789 -0.9566
vn -0.2890 0.9523 0.0976
vn -0.0845 0.2789 0.9566
vn -0.2779 0.9161 -0.2889
vn -0.2562 0.8449 -0.4695
vn -0.2247 0.7411 -0.6326
vn -0.2248 0.7411 0.6326
vn -0.0287 0.2902 0.9565
vn -0.0461 0.4710 0.8809
vn -0.0866 0.8786 -0.4696
vn -0.0623 0.6332 0.7715
vn -0.0624 0.6331 -0.7715
vn -0.0939 0.9527 0.2890
vn -0.0285 0.2901 -0.9566
vn -0.0975 0.9904 0.0976
vn 0.2243 -0.1294 0.9659
vn 0.8365 -0.4830 0.2589
vn 0.2241 -0.1294 -0.9659
vn -0.2241 0.1294 -0.9659
vn -0.8365 0.4829 0.2588
vn -0.4998 -0.8661 -0.0003
vn -0.5000 -0.8660 0.0003
vn -0.4997 -0.8662 -0.0000
vn -0.5002 -0.8659 -0.0003
vn -0.5004 -0.8658 -0.0000
vn -0.5000 -0.8660 -0.0000
vn -0.5001 -0.8660 -0.0000
vn -0.2241 0.1294 0.9659
vn 0.5001 0.8660 -0.0001
vn 0.4991 0.8665 -0.0000
vn 0.4989 0.8667 -0.0000
vn 0.4998 0.8661 0.0001
vn 0.4993 0.8664 -0.0000
vn 0.4994 0.8664 -0.0000
vn 0.5000 0.8660 0.0001
vn 0.5001 0.8659 -0.0001
vn 0.5000 0.8660 -0.0000
vn -0.2589 -0.9659 -0.0000
vn -0.7071 -0.7072 -0.0000
vn -0.7071 0.7072 -0.0000
vn -0.2587 0.9659 -0.0000
vn 0.2589 0.9659 -0.0000
vn 0.7071 0.7072 -0.0000
vn 0.7071 -0.7072 -0.0000
vn -0.0000 -0.2587 0.9659
vn -0.0000 -0.7071 -0.7072
vn -1.0000 0.0002 -0.0000
vn -1.0000 0.0001 -0.0000
vn -0.0000 0.2587 0.9659
vn 1.0000 0.0009 -0.0000
vn 1.0000 -0.0009 -0.0000
vn 1.0000 -0.0001 -0.0000
s 0
usemtl bolt_black
f 2//1 3//1 1//1
f 4//2 5//2 3//2
f 6//3 7//3 5//3
f 8//4 9//4 7//4
f 10//5 11//5 9//5
f 12//6 13//6 11//6
f 14//7 15//7 13//7
f 16//8 17//8 15//8
f 18//9 19//9 17//9
f 20//10 21//10 19//10
f 22//11 14//11 6//11
f 22//12 23//12 21//12
f 24//13 1//13 23//13
f 7//14 15//14 23//14
f 26//15 27//15 25//15
f 28//16 29//16 27//16
f 30//17 31//17 29//17
f 32//18 33//18 31//18
f 34//19 35//19 33//19
f 36//20 37//20 35//20
f 38//21 39//21 37//21
f 40//22 41//22 39//22
f 42//23 43//23 41//23
f 44//24 45//24 43//24
f 46//25 38//25 30//25
f 46//26 47//26 45//26
f 48//27 25//27 47//27
f 31//28 39//28 47//28
f 531//541 534//541 533//541
f 534//542 535//542 533//542
f 536//543 537//543 535//543
f 537//544 540//544 539//544
f 539//545 542//545 541//545
f 541//546 544//546 543//546
f 544//547 545//547 543//547
f 545//548 548//548 547//548
f 548//549 549//549 547//549
f 550//550 551//550 549//550
f 552//551 544//551 536//551
f 551//552 554//552 553//552
f 553//553 532//553 531//553
f 537//554 545//554 553//554
f 1038//957 1039//957 1037//957
f 1039//958 1042//958 1041//958
f 1042//959 1043//959 1041//959
f 1044//960 1045//960 1043//960
f 1046//961 1047//961 1045//961
f 1047//962 1050//962 1049//962
f 1050//963 1051//963 1049//963
f 1052//964 1053//964 1051//964
f 1054//965 1055//965 1053//965
f 1056//966 1057//966 1055//966
f 1058//967 1050//967 1042//967
f 1057//968 1060//968 1059//968
f 1060//969 1037//969 1059//969
f 1043//970 1051//970 1059//970
f 1062//971 1063//971 1061//971
f 1064//2 1065//2 1063//2
f 1066//972 1067//972 1065//972
f 1068//973 1069//973 1067//973
f 1070//5 1071//5 1069//5
f 1072//974 1073//974 1071//974
f 1074//7 1075//7 1073//7
f 1076//975 1077//975 1075//975
f 1078//976 1079//976 1077//976
f 1080//977 1081//977 1079//977
f 1082//11 1074//11 1066//11
f 1082//978 1083//978 1081//978
f 1084//979 1061//979 1083//979
f 1067//14 1075//14 1083//14
f 1086//27 1087//27 1085//27
f 1088//980 1089//980 1087//980
f 1090//24 1091//24 1089//24
f 1092//23 1093//23 1091//23
f 1094//22 1095//22 1093//22
f 1096//981 1097//981 1095//981
f 1098//982 1099//982 1097//982
f 1100//19 1101//19 1099//19
f 1102//18 1103//18 1101//18
f 1104//17 1105//17 1103//17
f 1106//28 1098//28 1090//28
f 1106//16 1107//16 1105//16
f 1108//983 1085//983 1107//983
f 1091//984 1099//984 1107//984
f 2//1 4//1 3//1
f 4//2 6//2 5//2
f 6//3 8//3 7//3
f 8//4 10//4 9//4
f 10//5 12//5 11//5
f 12//6 14//6 13//6
f 14//7 16//7 15//7
f 16//987 18//987 17//987
f 18//9 20//9 19//9
f 20//10 22//10 21//10
f 6//988 4//988 2//988
f 2//11 24//11 22//11
f 22//11 20//11 18//11
f 18//989 16//989 14//989
f 14//11 12//11 10//11
f 10//11 8//11 6//11
f 6//11 2//11 22//11
f 22//11 18//11 14//11
f 14//11 10//11 6//11
f 22//990 24//990 23//990
f 24//13 2//13 1//13
f 23//14 1//14 3//14
f 3//991 5//991 7//991
f 7//991 9//991 11//991
f 11//14 13//14 15//14
f 15//992 17//992 19//992
f 19//992 21//992 23//992
f 23//14 3//14 7//14
f 7//14 11//14 15//14
f 15//14 19//14 23//14
f 26//983 28//983 27//983
f 28//16 30//16 29//16
f 30//17 32//17 31//17
f 32//18 34//18 33//18
f 34//19 36//19 35//19
f 36//993 38//993 37//993
f 38//994 40//994 39//994
f 40//22 42//22 41//22
f 42//23 44//23 43//23
f 44//24 46//24 45//24
f 30//995 28//995 26//995
f 26//25 48//25 46//25
f 46//25 44//25 42//25
f 42//996 40//996 38//996
f 38//25 36//25 34//25
f 34//25 32//25 30//25
f 30//25 26//25 46//25
f 46//995 42//995 38//995
f 38//996 34//996 30//996
f 46//26 48//26 47//26
f 48//997 26//997 25//997
f 47//28 25//28 27//28
f 27//28 29//28 31//28
f 31//28 33//28 35//28
f 35//28 37//28 39//28
f 39//28 41//28 43//28
f 43//28 45//28 47//28
f 47//28 27//28 31//28
f 31//28 35//28 39//28
f 39//28 43//28 47//28
f 531//1354 532//1354 534//1354
f 534//1355 536//1355 535//1355
f 536//1356 538//1356 537//1356
f 537//1357 538//1357 540//1357
f 539//545 540//545 542//545
f 541//1358 542//1358 544//1358
f 544//1359 546//1359 545//1359
f 545//1360 546//1360 548//1360
f 548//1361 550//1361 549//1361
f 550//1362 552//1362 551//1362
f 536//1363 534//1363 532//1363
f 532//1364 554//1364 552//1364
f 552//1365 550//1365 548//1365
f 548//1366 546//1366 544//1366
f 544//1367 542//1367 540//1367
f 540//1368 538//1368 536//1368
f 536//1369 532//1369 552//1369
f 552//1370 548//1370 544//1370
f 544//1364 540//1364 536//1364
f 551//1371 552//1371 554//1371
f 553//1372 554//1372 532//1372
f 553//1373 531//1373 533//1373
f 533//1374 535//1374 537//1374
f 537//1375 539//1375 541//1375
f 541//1376 543//1376 545//1376
f 545//1377 547//1377 549//1377
f 549//1378 551//1378 553//1378
f 553//1379 533//1379 537//1379
f 537//1380 541//1380 545//1380
f 545//1381 549//1381 553//1381
f 1038//1694 1040//1694 1039//1694
f 1039//958 1040//958 1042//958
f 1042//1695 1044//1695 1043//1695
f 1044//960 1046//960 1045//960
f 1046//961 1048//961 1047//961
f 1047//1696 1048//1696 1050//1696
f 1050//1697 1052//1697 1051//1697
f 1052//964 1054//964 1053//964
f 1054//965 1056//965 1055//965
f 1056//1698 1058//1698 1057//1698
f 1042//1699 1040//1699 1038//1699
f 1038//1700 1060//1700 1058//1700
f 1058//1701 1056//1701 1054//1701
f 1054//1702 1052//1702 1050//1702
f 1050//1700 1048//1700 1046//1700
f 1046//1703 1044//1703 1042//1703
f 1042//1704 1038//1704 1058//1704
f 1058//1704 1054//1704 1050//1704
f 1050//1705 1046//1705 1042//1705
f 1057//968 1058//968 1060//968
f 1060//1706 1038//1706 1037//1706
f 1059//1707 1037//1707 1039//1707
f 1039//1708 1041//1708 1043//1708
f 1043//1709 1045//1709 1047//1709
f 1047//1710 1049//1710 1051//1710
f 1051//1711 1053//1711 1055//1711
f 1055//1712 1057//1712 1059//1712
f 1059//1713 1039//1713 1043//1713
f 1043//1714 1047//1714 1051//1714
f 1051//1715 1055//1715 1059//1715
f 1062//1716 1064//1716 1063//1716
f 1064//1717 1066//1717 1065//1717
f 1066//972 1068//972 1067//972
f 1068//973 1070//973 1069//973
f 1070//1718 1072//1718 1071//1718
f 1072//1719 1074//1719 1073//1719
f 1074//1720 1076//1720 1075//1720
f 1076//1721 1078//1721 1077//1721
f 1078//976 1080//976 1079//976
f 1080//977 1082//977 1081//977
f 1066//11 1064//11 1062//11
f 1062//11 1084//11 1082//11
f 1082//11 1080//11 1078//11
f 1078//11 1076//11 1074//11
f 1074//11 1072//11 1070//11
f 1070//11 1068//11 1066//11
f 1066//11 1062//11 1082//11
f 1082//988 1078//988 1074//988
f 1074//989 1070//989 1066//989
f 1082//1722 1084//1722 1083//1722
f 1084//13 1062//13 1061//13
f 1083//14 1061//14 1063//14
f 1063//14 1065//14 1067//14
f 1067//14 1069//14 1071//14
f 1071//14 1073//14 1075//14
f 1075//14 1077//14 1079//14
f 1079//14 1081//14 1083//14
f 1083//14 1063//14 1067//14
f 1067//14 1071//14 1075//14
f 1075//14 1079//14 1083//14
f 1086//1723 1088//1723 1087//1723
f 1088//26 1090//26 1089//26
f 1090//24 1092//24 1091//24
f 1092//23 1094//23 1093//23
f 1094//1724 1096//1724 1095//1724
f 1096//994 1098//994 1097//994
f 1098//20 1100//20 1099//20
f 1100//19 1102//19 1101//19
f 1102//18 1104//18 1103//18
f 1104//17 1106//17 1105//17
f 1090//1725 1088//1725 1086//1725
f 1086//28 1108//28 1106//28
f 1106//28 1104//28 1102//28
f 1102//28 1100//28 1098//28
f 1098//28 1096//28 1094//28
f 1094//28 1092//28 1090//28
f 1090//28 1086//28 1106//28
f 1106//1726 1102//1726 1098//1726
f 1098//28 1094//28 1090//28
f 1106//16 1108//16 1107//16
f 1108//1727 1086//1727 1085//1727
f 1107//25 1085//25 1087//25
f 1087//1728 1089//1728 1091//1728
f 1091//25 1093//25 1095//25
f 1095//25 1097//25 1099//25
f 1099//25 1101//25 1103//25
f 1103//1729 1105//1729 1107//1729
f 1107//25 1087//25 1091//25
f 1091//25 1095//25 1099//25
f 1099//1730 1103//1730 1107//1730
usemtl grp_white
f 527//29 69//29 528//29
f 523//30 62//30 53//30
f 528//31 70//31 529//31
f 53//32 63//32 524//32
f 529//33 71//33 530//33
f 54//34 63//34 64//34
f 50//35 49//35 57//35
f 56//36 530//36 71//36
f 54//37 65//37 525//37
f 522//38 57//38 58//38
f 526//39 65//39 66//39
f 522//40 59//40 51//40
f 526//41 67//41 55//41
f 51//42 60//42 52//42
f 55//43 68//43 527//43
f 523//44 60//44 61//44
f 67//45 83//45 68//45
f 60//46 76//46 61//46
f 68//47 84//47 69//47
f 61//48 77//48 62//48
f 70//49 84//49 85//49
f 62//50 78//50 63//50
f 70//51 86//51 71//51
f 63//52 79//52 64//52
f 57//53 49//53 72//53
f 56//54 71//54 86//54
f 64//55 80//55 65//55
f 58//56 72//56 73//56
f 66//57 80//57 81//57
f 58//58 74//58 59//58
f 66//59 82//59 67//59
f 59//60 75//60 60//60
f 72//61 49//61 87//61
f 56//62 86//62 101//62
f 79//63 95//63 80//63
f 73//64 87//64 88//64
f 81//65 95//65 96//65
f 74//66 88//66 89//66
f 81//67 97//67 82//67
f 74//68 90//68 75//68
f 83//69 97//69 98//69
f 75//70 91//70 76//70
f 83//71 99//71 84//71
f 77//72 91//72 92//72
f 84//73 100//73 85//73
f 77//74 93//74 78//74
f 85//75 101//75 86//75
f 78//76 94//76 79//76
f 91//77 105//77 106//77
f 98//78 114//78 99//78
f 91//79 107//79 92//79
f 99//80 115//80 100//80
f 92//81 108//81 93//81
f 100//82 116//82 101//82
f 93//83 109//83 94//83
f 87//84 49//84 102//84
f 56//85 101//85 116//85
f 95//86 109//86 110//86
f 88//87 102//87 103//87
f 96//88 110//88 111//88
f 89//89 103//89 104//89
f 96//90 112//90 97//90
f 90//91 104//91 105//91
f 97//92 113//92 98//92
f 110//93 124//93 125//93
f 102//94 118//94 103//94
f 111//95 125//95 126//95
f 103//96 119//96 104//96
f 111//97 127//97 112//97
f 105//98 119//98 120//98
f 113//99 127//99 128//99
f 105//100 121//100 106//100
f 114//101 128//101 129//101
f 106//102 122//102 107//102
f 115//103 129//103 130//103
f 107//104 123//104 108//104
f 116//105 130//105 131//105
f 108//106 124//106 109//106
f 102//107 49//107 117//107
f 56//108 116//108 131//108
f 128//109 144//109 129//109
f 121//110 137//110 122//110
f 129//111 145//111 130//111
f 122//112 138//112 123//112
f 131//113 145//113 146//113
f 123//114 139//114 124//114
f 117//115 49//115 132//115
f 56//116 131//116 146//116
f 125//117 139//117 140//117
f 118//118 132//118 133//118
f 125//119 141//119 126//119
f 119//120 133//120 134//120
f 126//121 142//121 127//121
f 120//122 134//122 135//122
f 128//123 142//123 143//123
f 120//124 136//124 121//124
f 132//125 148//125 133//125
f 140//126 156//126 141//126
f 133//127 149//127 134//127
f 142//128 156//128 157//128
f 134//129 150//129 135//129
f 143//130 157//130 158//130
f 136//131 150//131 151//131
f 144//132 158//132 159//132
f 136//133 152//133 137//133
f 144//134 160//134 145//134
f 138//135 152//135 153//135
f 146//136 160//136 161//136
f 138//137 154//137 139//137
f 132//138 49//138 147//138
f 56//139 146//139 161//139
f 140//140 154//140 155//140
f 151//141 167//141 152//141
f 160//142 174//142 175//142
f 152//143 168//143 153//143
f 160//144 176//144 161//144
f 153//145 169//145 154//145
f 147//146 49//146 162//146
f 56//147 161//147 176//147
f 155//148 169//148 170//148
f 147//149 163//149 148//149
f 156//150 170//150 171//150
f 148//151 164//151 149//151
f 157//152 171//152 172//152
f 150//153 164//153 165//153
f 158//154 172//154 173//154
f 150//155 166//155 151//155
f 159//156 173//156 174//156
f 170//157 186//157 171//157
f 163//158 179//158 164//158
f 171//159 187//159 172//159
f 165//160 179//160 180//160
f 173//161 187//161 188//161
f 165//162 181//162 166//162
f 173//163 189//163 174//163
f 167//164 181//164 182//164
f 174//165 190//165 175//165
f 168//166 182//166 183//166
f 176//167 190//167 191//167
f 169//168 183//168 184//168
f 162//169 49//169 177//169
f 56//170 176//170 191//170
f 169//171 185//171 170//171
f 162//172 178//172 163//172
f 190//173 204//173 205//173
f 183//174 197//174 198//174
f 190//175 206//175 191//175
f 184//176 198//176 199//176
f 177//177 49//177 192//177
f 56//178 191//178 206//178
f 184//179 200//179 185//179
f 178//180 192//180 193//180
f 185//181 201//181 186//181
f 179//182 193//182 194//182
f 187//183 201//183 202//183
f 180//184 194//184 195//184
f 187//185 203//185 188//185
f 180//186 196//186 181//186
f 188//187 204//187 189//187
f 182//188 196//188 197//188
f 202//189 216//189 217//189
f 194//190 210//190 195//190
f 202//191 218//191 203//191
f 196//192 210//192 211//192
f 204//193 218//193 219//193
f 196//194 212//194 197//194
f 205//195 219//195 220//195
f 198//196 212//196 213//196
f 205//197 221//197 206//197
f 199//198 213//198 214//198
f 192//199 49//199 207//199
f 56//200 206//200 221//200
f 199//201 215//201 200//201
f 193//202 207//202 208//202
f 200//203 216//203 201//203
f 194//204 208//204 209//204
f 221//205 235//205 236//205
f 213//206 229//206 214//206
f 207//207 49//207 222//207
f 56//208 221//208 236//208
f 214//209 230//209 215//209
f 208//210 222//210 223//210
f 215//211 231//211 216//211
f 209//212 223//212 224//212
f 217//213 231//213 232//213
f 209//214 225//214 210//214
f 217//215 233//215 218//215
f 211//216 225//216 226//216
f 218//217 234//217 219//217
f 211//218 227//218 212//218
f 219//219 235//219 220//219
f 212//220 228//220 213//220
f 224//221 240//221 225//221
f 233//222 247//222 248//222
f 226//223 240//223 241//223
f 234//224 248//224 249//224
f 226//225 242//225 227//225
f 235//226 249//226 250//226
f 228//227 242//227 243//227
f 236//228 250//228 251//228
f 229//229 243//229 244//229
f 222//230 49//230 237//230
f 56//231 236//231 251//231
f 229//232 245//232 230//232
f 222//233 238//233 223//233
f 230//234 246//234 231//234
f 223//235 239//235 224//235
f 232//236 246//236 247//236
f 243//237 259//237 244//237
f 237//238 49//238 252//238
f 56//239 251//239 266//239
f 244//240 260//240 245//240
f 237//241 253//241 238//241
f 245//242 261//242 246//242
f 238//243 254//243 239//243
f 247//244 261//244 262//244
f 239//245 255//245 240//245
f 247//246 263//246 248//246
f 241//247 255//247 256//247
f 249//248 263//248 264//248
f 241//249 257//249 242//249
f 250//250 264//250 265//250
f 243//251 257//251 258//251
f 250//252 266//252 251//252
f 262//253 278//253 263//253
f 255//254 271//254 256//254
f 263//255 279//255 264//255
f 257//256 271//256 272//256
f 264//257 280//257 265//257
f 258//258 272//258 273//258
f 266//259 280//259 281//259
f 258//260 274//260 259//260
f 252//261 49//261 267//261
f 56//262 266//262 281//262
f 260//263 274//263 275//263
f 252//264 268//264 253//264
f 260//265 276//265 261//265
f 254//266 268//266 269//266
f 261//267 277//267 262//267
f 254//268 270//268 255//268
f 267//269 49//269 282//269
f 56//270 281//270 296//270
f 275//271 289//271 290//271
f 267//272 283//272 268//272
f 275//273 291//273 276//273
f 268//274 284//274 269//274
f 276//275 292//275 277//275
f 269//276 285//276 270//276
f 278//277 292//277 293//277
f 270//278 286//278 271//278
f 278//279 294//279 279//279
f 272//280 286//280 287//280
f 279//281 295//281 280//281
f 273//282 287//282 288//282
f 280//283 296//283 281//283
f 273//284 289//284 274//284
f 286//285 300//285 301//285
f 293//286 309//286 294//286
f 286//287 302//287 287//287
f 294//288 310//288 295//288
f 287//289 303//289 288//289
f 296//290 310//290 311//290
f 289//291 303//291 304//291
f 282//292 49//292 297//292
f 56//293 296//293 311//293
f 289//294 305//294 290//294
f 283//295 297//295 298//295
f 290//296 306//296 291//296
f 284//297 298//297 299//297
f 292//298 306//298 307//298
f 284//299 300//299 285//299
f 292//300 308//300 293//300
f 304//301 320//301 305//301
f 297//302 313//302 298//302
f 306//303 320//303 321//303
f 299//304 313//304 314//304
f 307//305 321//305 322//305
f 299//306 315//306 300//306
f 307//307 323//307 308//307
f 301//308 315//308 316//308
f 308//309 324//309 309//309
f 301//310 317//310 302//310
f 309//311 325//311 310//311
f 302//312 318//312 303//312
f 311//313 325//313 326//313
f 304//314 318//314 319//314
f 297//315 49//315 312//315
f 56//316 311//316 326//316
f 323//317 339//317 324//317
f 317//318 331//318 332//318
f 324//319 340//319 325//319
f 317//320 333//320 318//320
f 325//321 341//321 326//321
f 318//322 334//322 319//322
f 312//323 49//323 327//323
f 56//324 326//324 341//324
f 319//325 335//325 320//325
f 312//326 328//326 313//326
f 321//327 335//327 336//327
f 314//328 328//328 329//328
f 321//329 337//329 322//329
f 315//330 329//330 330//330
f 322//331 338//331 323//331
f 315//332 331//332 316//332
f 336//333 350//333 351//333
f 329//334 343//334 344//334
f 336//335 352//335 337//335
f 330//336 344//336 345//336
f 338//337 352//337 353//337
f 330//338 346//338 331//338
f 338//339 354//339 339//339
f 332//340 346//340 347//340
f 339//341 355//341 340//341
f 332//342 348//342 333//342
f 340//343 356//343 341//343
f 333//344 349//344 334//344
f 327//345 49//345 342//345
f 56//346 341//346 356//346
f 334//347 350//347 335//347
f 328//348 342//348 343//348
f 355//349 369//349 370//349
f 347//350 363//350 348//350
f 355//351 371//351 356//351
f 348//352 364//352 349//352
f 342//353 49//353 357//353
f 56//354 356//354 371//354
f 349//355 365//355 350//355
f 343//356 357//356 358//356
f 351//357 365//357 366//357
f 343//358 359//358 344//358
f 352//359 366//359 367//359
f 344//360 360//360 345//360
f 352//361 368//361 353//361
f 345//362 361//362 346//362
f 353//363 369//363 354//363
f 346//364 362//364 347//364
f 358//365 374//365 359//365
f 367//366 381//366 382//366
f 360//367 374//367 375//367
f 367//368 383//368 368//368
f 360//369 376//369 361//369
f 368//370 384//370 369//370
f 361//371 377//371 362//371
f 370//372 384//372 385//372
f 362//373 378//373 363//373
f 371//374 385//374 386//374
f 364//375 378//375 379//375
f 357//376 49//376 372//376
f 56//377 371//377 386//377
f 364//378 380//378 365//378
f 357//379 373//379 358//379
f 366//380 380//380 381//380
f 378//381 392//381 393//381
f 386//382 400//382 401//382
f 378//383 394//383 379//383
f 372//384 49//384 387//384
f 56//385 386//385 401//385
f 380//386 394//386 395//386
f 372//387 388//387 373//387
f 380//388 396//388 381//388
f 373//389 389//389 374//389
f 381//390 397//390 382//390
f 374//391 390//391 375//391
f 382//392 398//392 383//392
f 375//393 391//393 376//393
f 384//394 398//394 399//394
f 377//395 391//395 392//395
f 384//396 400//396 385//396
f 397//397 411//397 412//397
f 389//398 405//398 390//398
f 398//399 412//399 413//399
f 391//400 405//400 406//400
f 399//401 413//401 414//401
f 391//402 407//402 392//402
f 400//403 414//403 415//403
f 392//404 408//404 393//404
f 401//405 415//405 416//405
f 393//406 409//406 394//406
f 387//407 49//407 402//407
f 56//408 401//408 416//408
f 394//409 410//409 395//409
f 388//410 402//410 403//410
f 396//411 410//411 411//411
f 389//412 403//412 404//412
f 416//413 430//413 431//413
f 409//414 423//414 424//414
f 402//415 49//415 417//415
f 56//416 416//416 431//416
f 409//417 425//417 410//417
f 402//418 418//418 403//418
f 410//419 426//419 411//419
f 403//420 419//420 404//420
f 411//421 427//421 412//421
f 405//422 419//422 420//422
f 412//423 428//423 413//423
f 406//424 420//424 421//424
f 414//425 428//425 429//425
f 407//426 421//426 422//426
f 414//427 430//427 415//427
f 408//428 422//428 423//428
f 420//429 434//429 435//429
f 428//430 442//430 443//430
f 421//431 435//431 436//431
f 428//432 444//432 429//432
f 421//433 437//433 422//433
f 430//434 444//434 445//434
f 422//435 438//435 423//435
f 430//436 446//436 431//436
f 424//437 438//437 439//437
f 417//438 49//438 432//438
f 56//439 431//439 446//439
f 424//440 440//440 425//440
f 418//441 432//441 433//441
f 425//442 441//442 426//442
f 419//443 433//443 434//443
f 426//444 442//444 427//444
f 439//445 453//445 454//445
f 432//446 49//446 447//446
f 56//447 446//447 461//447
f 439//448 455//448 440//448
f 433//449 447//449 448//449
f 440//450 456//450 441//450
f 433//451 449//451 434//451
f 442//452 456//452 457//452
f 434//453 450//453 435//453
f 442//454 458//454 443//454
f 436//455 450//455 451//455
f 444//456 458//456 459//456
f 436//457 452//457 437//457
f 444//458 460//458 445//458
f 438//459 452//459 453//459
f 445//460 461//460 446//460
f 458//461 472//461 473//461
f 451//462 465//462 466//462
f 459//463 473//463 474//463
f 451//464 467//464 452//464
f 459//465 475//465 460//465
f 453//466 467//466 468//466
f 461//467 475//467 476//467
f 454//468 468//468 469//468
f 447//469 49//469 462//469
f 56//470 461//470 476//470
f 454//471 470//471 455//471
f 447//472 463//472 448//472
f 455//473 471//473 456//473
f 449//474 463//474 464//474
f 457//475 471//475 472//475
f 449//476 465//476 450//476
f 56//477 476//477 491//477
f 469//478 485//478 470//478
f 463//479 477//479 478//479
f 470//480 486//480 471//480
f 464//481 478//481 479//481
f 471//482 487//482 472//482
f 464//483 480//483 465//483
f 473//484 487//484 488//484
f 465//485 481//485 466//485
f 474//486 488//486 489//486
f 466//487 482//487 467//487
f 474//488 490//488 475//488
f 467//489 483//489 468//489
f 476//490 490//490 491//490
f 468//491 484//491 469//491
f 462//492 49//492 477//492
f 489//493 503//493 504//493
f 482//494 496//494 497//494
f 490//495 504//495 505//495
f 482//496 498//496 483//496
f 490//497 506//497 491//497
f 483//498 499//498 484//498
f 477//499 49//499 492//499
f 56//500 491//500 506//500
f 484//501 500//501 485//501
f 477//502 493//502 478//502
f 486//503 500//503 501//503
f 478//504 494//504 479//504
f 486//505 502//505 487//505
f 479//506 495//506 480//506
f 487//507 503//507 488//507
f 481//508 495//508 496//508
f 492//509 508//509 493//509
f 500//510 516//510 501//510
f 494//511 508//511 509//511
f 501//512 517//512 502//512
f 494//513 510//513 495//513
f 503//514 517//514 518//514
f 495//515 511//515 496//515
f 504//516 518//516 519//516
f 497//517 511//517 512//517
f 504//518 520//518 505//518
f 498//519 512//519 513//519
f 505//520 521//520 506//520
f 498//521 514//521 499//521
f 492//522 49//522 507//522
f 56//523 506//523 521//523
f 500//524 514//524 515//524
f 512//525 523//525 53//525
f 519//526 529//526 520//526
f 513//527 53//527 524//527
f 521//528 529//528 530//528
f 513//529 54//529 514//529
f 507//530 49//530 50//530
f 56//531 521//531 530//531
f 514//532 525//532 515//532
f 507//533 522//533 508//533
f 515//534 526//534 516//534
f 508//535 51//535 509//535
f 517//536 526//536 55//536
f 509//537 52//537 510//537
f 518//538 55//538 527//538
f 510//539 523//539 511//539
f 518//540 528//540 519//540
f 560//37 571//37 1031//37
f 1028//38 563//38 564//38
f 1032//39 571//39 572//39
f 1028//555 565//555 557//555
f 1032//556 573//556 561//556
f 557//557 566//557 558//557
f 561//558 574//558 1033//558
f 558//44 567//44 1029//44
f 1033//559 575//559 1034//559
f 559//30 567//30 568//30
f 1034//560 576//560 1035//560
f 559//32 569//32 1030//32
f 1036//561 576//561 577//561
f 1030//562 570//562 560//562
f 556//563 555//563 563//563
f 562//564 1036//564 577//564
f 577//565 591//565 592//565
f 570//52 584//52 585//52
f 563//566 555//566 578//566
f 562//54 577//54 592//54
f 570//55 586//55 571//55
f 563//567 579//567 564//567
f 572//57 586//57 587//57
f 564//568 580//568 565//568
f 572//569 588//569 573//569
f 565//570 581//570 566//570
f 574//571 588//571 589//571
f 566//572 582//572 567//572
f 574//47 590//47 575//47
f 567//573 583//573 568//573
f 576//574 590//574 591//574
f 568//575 584//575 569//575
f 589//576 603//576 604//576
f 581//577 597//577 582//577
f 589//578 605//578 590//578
f 583//579 597//579 598//579
f 590//73 606//73 591//73
f 583//580 599//580 584//580
f 592//581 606//581 607//581
f 584//76 600//76 585//76
f 578//61 555//61 593//61
f 562//582 592//582 607//582
f 586//583 600//583 601//583
f 579//584 593//584 594//584
f 587//585 601//585 602//585
f 580//586 594//586 595//586
f 588//587 602//587 603//587
f 581//588 595//588 596//588
f 593//84 555//84 608//84
f 562//589 607//589 622//589
f 600//590 616//590 601//590
f 593//591 609//591 594//591
f 602//592 616//592 617//592
f 595//593 609//593 610//593
f 602//594 618//594 603//594
f 596//595 610//595 611//595
f 603//596 619//596 604//596
f 597//597 611//597 612//597
f 604//598 620//598 605//598
f 598//599 612//599 613//599
f 605//600 621//600 606//600
f 598//601 614//601 599//601
f 607//82 621//82 622//82
f 599//602 615//602 600//602
f 611//603 627//603 612//603
f 619//604 635//604 620//604
f 612//605 628//605 613//605
f 620//606 636//606 621//606
f 613//104 629//104 614//104
f 621//607 637//607 622//607
f 614//106 630//106 615//106
f 608//608 555//608 623//608
f 562//609 622//609 637//609
f 616//93 630//93 631//93
f 609//610 623//610 624//610
f 617//611 631//611 632//611
f 610//612 624//612 625//612
f 618//613 632//613 633//613
f 610//614 626//614 611//614
f 618//615 634//615 619//615
f 630//616 646//616 631//616
f 623//617 639//617 624//617
f 632//618 646//618 647//618
f 625//619 639//619 640//619
f 632//121 648//121 633//121
f 626//620 640//620 641//620
f 633//621 649//621 634//621
f 626//622 642//622 627//622
f 634//623 650//623 635//623
f 628//624 642//624 643//624
f 635//625 651//625 636//625
f 628//626 644//626 629//626
f 637//627 651//627 652//627
f 629//628 645//628 630//628
f 623//115 555//115 638//115
f 562//629 637//629 652//629
f 650//630 664//630 665//630
f 642//133 658//133 643//133
f 651//631 665//631 666//631
f 644//632 658//632 659//632
f 652//633 666//633 667//633
f 644//634 660//634 645//634
f 638//635 555//635 653//635
f 562//636 652//636 667//636
f 646//637 660//637 661//637
f 638//125 654//125 639//125
f 647//638 661//638 662//638
f 640//639 654//639 655//639
f 647//640 663//640 648//640
f 640//641 656//641 641//641
f 649//642 663//642 664//642
f 641//643 657//643 642//643
f 654//644 668//644 669//644
f 662//645 676//645 677//645
f 654//646 670//646 655//646
f 663//647 677//647 678//647
f 656//153 670//153 671//153
f 664//648 678//648 679//648
f 656//649 672//649 657//649
f 665//156 679//156 680//156
f 657//650 673//650 658//650
f 666//142 680//142 681//142
f 659//143 673//143 674//143
f 666//651 682//651 667//651
f 659//652 675//652 660//652
f 653//146 555//146 668//146
f 562//147 667//147 682//147
f 660//653 676//653 661//653
f 673//654 687//654 688//654
f 681//655 695//655 696//655
f 674//166 688//166 689//166
f 681//656 697//656 682//656
f 675//657 689//657 690//657
f 668//169 555//169 683//169
f 562//170 682//170 697//170
f 675//658 691//658 676//658
f 669//659 683//659 684//659
f 676//660 692//660 677//660
f 670//661 684//661 685//661
f 677//662 693//662 678//662
f 670//663 686//663 671//663
f 679//664 693//664 694//664
f 671//665 687//665 672//665
f 679//163 695//163 680//163
f 692//181 706//181 707//181
f 684//666 700//666 685//666
f 692//667 708//667 693//667
f 686//668 700//668 701//668
f 693//185 709//185 694//185
f 686//669 702//669 687//669
f 694//670 710//670 695//670
f 688//188 702//188 703//188
f 695//671 711//671 696//671
f 689//672 703//672 704//672
f 697//673 711//673 712//673
f 690//176 704//176 705//176
f 683//177 555//177 698//177
f 562//674 697//674 712//674
f 690//675 706//675 691//675
f 684//676 698//676 699//676
f 711//195 725//195 726//195
f 704//677 718//677 719//677
f 711//678 727//678 712//678
f 705//679 719//679 720//679
f 698//199 555//199 713//199
f 562//680 712//680 727//680
f 705//681 721//681 706//681
f 699//682 713//682 714//682
f 706//683 722//683 707//683
f 699//684 715//684 700//684
f 708//685 722//685 723//685
f 700//686 716//686 701//686
f 709//687 723//687 724//687
f 701//688 717//688 702//688
f 710//689 724//689 725//689
f 702//690 718//690 703//690
f 722//691 738//691 723//691
f 715//692 731//692 716//692
f 724//693 738//693 739//693
f 717//694 731//694 732//694
f 725//695 739//695 740//695
f 718//696 732//696 733//696
f 725//697 741//697 726//697
f 719//220 733//220 734//220
f 727//698 741//698 742//698
f 719//206 735//206 720//206
f 713//699 555//699 728//699
f 562//700 727//700 742//700
f 720//701 736//701 721//701
f 713//702 729//702 714//702
f 721//703 737//703 722//703
f 715//704 729//704 730//704
f 742//705 756//705 757//705
f 734//706 750//706 735//706
f 728//230 555//230 743//230
f 562//707 742//707 757//707
f 735//708 751//708 736//708
f 729//709 743//709 744//709
f 736//710 752//710 737//710
f 729//711 745//711 730//711
f 738//712 752//712 753//712
f 730//713 746//713 731//713
f 738//714 754//714 739//714
f 732//715 746//715 747//715
f 740//224 754//224 755//224
f 732//716 748//716 733//716
f 741//717 755//717 756//717
f 734//718 748//718 749//718
f 745//719 761//719 746//719
f 753//720 769//720 754//720
f 746//721 762//721 747//721
f 755//248 769//248 770//248
f 747//722 763//722 748//722
f 755//723 771//723 756//723
f 748//724 764//724 749//724
f 757//725 771//725 772//725
f 750//726 764//726 765//726
f 743//238 555//238 758//238
f 562//727 757//727 772//727
f 751//728 765//728 766//728
f 743//729 759//729 744//729
f 751//242 767//242 752//242
f 744//730 760//730 745//730
f 752//731 768//731 753//731
f 764//732 780//732 765//732
f 758//733 555//733 773//733
f 562//262 772//262 787//262
f 766//263 780//263 781//263
f 759//734 773//734 774//734
f 766//265 782//265 767//265
f 759//735 775//735 760//735
f 767//736 783//736 768//736
f 760//737 776//737 761//737
f 768//253 784//253 769//253
f 761//738 777//738 762//738
f 769//255 785//255 770//255
f 762//739 778//739 763//739
f 771//740 785//740 786//740
f 764//741 778//741 779//741
f 771//742 787//742 772//742
f 783//743 799//743 784//743
f 776//744 792//744 777//744
f 785//279 799//279 800//279
f 777//280 793//280 778//280
f 785//745 801//745 786//745
f 779//746 793//746 794//746
f 786//283 802//283 787//283
f 779//747 795//747 780//747
f 773//748 555//748 788//748
f 562//749 787//749 802//749
f 781//271 795//271 796//271
f 773//750 789//750 774//750
f 781//273 797//273 782//273
f 774//751 790//751 775//751
f 782//752 798//752 783//752
f 775//753 791//753 776//753
f 788//754 555//754 803//754
f 562//755 802//755 817//755
f 795//756 811//756 796//756
f 788//757 804//757 789//757
f 797//296 811//296 812//296
f 789//758 805//758 790//758
f 797//759 813//759 798//759
f 790//760 806//760 791//760
f 798//761 814//761 799//761
f 792//285 806//285 807//285
f 799//762 815//762 800//762
f 792//287 808//287 793//287
f 800//763 816//763 801//763
f 793//289 809//289 794//289
f 801//764 817//764 802//764
f 795//765 809//765 810//765
f 806//766 822//766 807//766
f 814//309 830//309 815//309
f 808//767 822//767 823//767
f 815//311 831//311 816//311
f 808//312 824//312 809//312
f 817//313 831//313 832//313
f 810//768 824//768 825//768
f 803//769 555//769 818//769
f 562//316 817//316 832//316
f 810//770 826//770 811//770
f 804//771 818//771 819//771
f 812//772 826//772 827//772
f 805//773 819//773 820//773
f 812//774 828//774 813//774
f 806//306 820//306 821//306
f 813//775 829//775 814//775
f 825//776 841//776 826//776
f 818//777 834//777 819//777
f 827//327 841//327 842//327
f 820//778 834//778 835//778
f 827//329 843//329 828//329
f 820//779 836//779 821//779
f 828//780 844//780 829//780
f 821//781 837//781 822//781
f 829//782 845//782 830//782
f 822//318 838//318 823//318
f 830//783 846//783 831//783
f 823//784 839//784 824//784
f 831//785 847//785 832//785
f 824//322 840//322 825//322
f 818//323 555//323 833//323
f 562//786 832//786 847//786
f 844//787 860//787 845//787
f 838//788 852//788 853//788
f 845//789 861//789 846//789
f 838//790 854//790 839//790
f 846//791 862//791 847//791
f 839//792 855//792 840//792
f 833//345 555//345 848//345
f 562//793 847//793 862//793
f 841//794 855//794 856//794
f 833//795 849//795 834//795
f 842//796 856//796 857//796
f 835//797 849//797 850//797
f 842//798 858//798 843//798
f 836//336 850//336 851//336
f 843//799 859//799 844//799
f 837//800 851//800 852//800
f 857//801 871//801 872//801
f 849//802 865//802 850//802
f 857//803 873//803 858//803
f 850//804 866//804 851//804
f 859//361 873//361 874//361
f 851//805 867//805 852//805
f 859//806 875//806 860//806
f 853//807 867//807 868//807
f 861//808 875//808 876//808
f 853//809 869//809 854//809
f 862//810 876//810 877//810
f 854//352 870//352 855//352
f 848//353 555//353 863//353
f 562//811 862//811 877//811
f 855//812 871//812 856//812
f 849//813 863//813 864//813
f 875//814 891//814 876//814
f 868//815 884//815 869//815
f 877//816 891//816 892//816
f 869//817 885//817 870//817
f 863//376 555//376 878//376
f 562//818 877//818 892//818
f 870//819 886//819 871//819
f 863//820 879//820 864//820
f 872//821 886//821 887//821
f 865//822 879//822 880//822
f 872//823 888//823 873//823
f 866//824 880//824 881//824
f 873//825 889//825 874//825
f 867//826 881//826 882//826
f 874//827 890//827 875//827
f 867//828 883//828 868//828
f 880//829 894//829 895//829
f 888//830 902//830 903//830
f 880//831 896//831 881//831
f 889//832 903//832 904//832
f 881//833 897//833 882//833
f 890//834 904//834 905//834
f 882//395 898//395 883//395
f 890//835 906//835 891//835
f 883//836 899//836 884//836
f 892//837 906//837 907//837
f 884//383 900//383 885//383
f 878//838 555//838 893//838
f 562//839 892//839 907//839
f 886//840 900//840 901//840
f 879//841 893//841 894//841
f 886//842 902//842 887//842
f 898//404 914//404 899//404
f 906//843 922//843 907//843
f 899//844 915//844 900//844
f 893//407 555//407 908//407
f 562//408 907//408 922//408
f 901//845 915//845 916//845
f 894//846 908//846 909//846
f 902//411 916//411 917//411
f 895//412 909//412 910//412
f 902//847 918//847 903//847
f 895//848 911//848 896//848
f 903//849 919//849 904//849
f 897//850 911//850 912//850
f 905//851 919//851 920//851
f 897//852 913//852 898//852
f 905//853 921//853 906//853
f 917//854 933//854 918//854
f 911//855 925//855 926//855
f 918//856 934//856 919//856
f 912//857 926//857 927//857
f 919//858 935//858 920//858
f 913//859 927//859 928//859
f 921//860 935//860 936//860
f 914//428 928//428 929//428
f 922//413 936//413 937//413
f 915//861 929//861 930//861
f 908//415 555//415 923//415
f 562//416 922//416 937//416
f 915//862 931//862 916//862
f 908//863 924//863 909//863
f 916//419 932//419 917//419
f 909//420 925//420 910//420
f 936//864 952//864 937//864
f 930//437 944//437 945//437
f 923//865 555//865 938//865
f 562//866 937//866 952//866
f 930//867 946//867 931//867
f 924//868 938//868 939//868
f 931//442 947//442 932//442
f 924//869 940//869 925//869
f 932//870 948//870 933//870
f 926//871 940//871 941//871
f 933//872 949//872 934//872
f 927//873 941//873 942//873
f 934//874 950//874 935//874
f 928//433 942//433 943//433
f 936//875 950//875 951//875
f 929//876 943//876 944//876
f 940//877 956//877 941//877
f 949//878 963//878 964//878
f 941//879 957//879 942//879
f 950//880 964//880 965//880
f 942//881 958//881 943//881
f 951//882 965//882 966//882
f 944//883 958//883 959//883
f 951//884 967//884 952//884
f 944//885 960//885 945//885
f 938//446 555//446 953//446
f 562//886 952//886 967//886
f 946//887 960//887 961//887
f 939//888 953//888 954//888
f 946//889 962//889 947//889
f 939//890 955//890 940//890
f 948//891 962//891 963//891
f 959//892 975//892 960//892
f 953//469 555//469 968//469
f 562//893 967//893 982//893
f 960//894 976//894 961//894
f 954//895 968//895 969//895
f 961//473 977//473 962//473
f 955//896 969//896 970//896
f 963//897 977//897 978//897
f 956//898 970//898 971//898
f 964//899 978//899 979//899
f 956//900 972//900 957//900
f 964//901 980//901 965//901
f 957//902 973//902 958//902
f 965//903 981//903 966//903
f 959//904 973//904 974//904
f 967//905 981//905 982//905
f 979//906 993//906 994//906
f 971//907 987//907 972//907
f 979//908 995//908 980//908
f 973//909 987//909 988//909
f 981//910 995//910 996//910
f 973//911 989//911 974//911
f 981//912 997//912 982//912
f 975//913 989//913 990//913
f 968//492 555//492 983//492
f 562//914 982//914 997//914
f 975//478 991//478 976//478
f 968//915 984//915 969//915
f 976//916 992//916 977//916
f 969//917 985//917 970//917
f 977//918 993//918 978//918
f 971//919 985//919 986//919
f 562//920 997//920 1012//920
f 990//501 1006//501 991//501
f 984//921 998//921 999//921
f 992//922 1006//922 1007//922
f 984//923 1000//923 985//923
f 992//924 1008//924 993//924
f 985//925 1001//925 986//925
f 993//926 1009//926 994//926
f 987//927 1001//927 1002//927
f 995//493 1009//493 1010//493
f 988//928 1002//928 1003//928
f 995//929 1011//929 996//929
f 988//930 1004//930 989//930
f 996//931 1012//931 997//931
f 989//932 1005//932 990//932
f 983//499 555//499 998//499
f 1009//516 1025//516 1010//516
f 1002//933 1018//933 1003//933
f 1011//934 1025//934 1026//934
f 1004//519 1018//519 1019//519
f 1011//520 1027//520 1012//520
f 1004//935 1020//935 1005//935
f 998//936 555//936 1013//936
f 562//523 1012//523 1027//523
f 1005//937 1021//937 1006//937
f 999//509 1013//509 1014//509
f 1006//938 1022//938 1007//938
f 999//939 1015//939 1000//939
f 1008//940 1022//940 1023//940
f 1000//941 1016//941 1001//941
f 1008//942 1024//942 1009//942
f 1001//943 1017//943 1002//943
f 1013//944 1028//944 1014//944
f 1021//945 1032//945 1022//945
f 1014//946 557//946 1015//946
f 1022//947 561//947 1023//947
f 1015//948 558//948 1016//948
f 1023//949 1033//949 1024//949
f 1016//539 1029//539 1017//539
f 1024//950 1034//950 1025//950
f 1017//951 559//951 1018//951
f 1025//952 1035//952 1026//952
f 1019//527 559//527 1030//527
f 1027//953 1035//953 1036//953
f 1019//529 560//529 1020//529
f 1013//954 555//954 556//954
f 562//955 1027//955 1036//955
f 1020//956 1031//956 1021//956
f 1110//28 1111//28 1109//28
f 1112//985 1115//985 1111//985
f 1116//25 1113//25 1115//25
f 1114//986 1109//986 1113//986
f 1115//14 1109//14 1111//14
f 1112//11 1114//11 1116//11
f 527//998 68//998 69//998
f 523//999 61//999 62//999
f 528//1000 69//1000 70//1000
f 53//1001 62//1001 63//1001
f 529//1002 70//1002 71//1002
f 54//1003 524//1003 63//1003
f 54//1004 64//1004 65//1004
f 522//1005 50//1005 57//1005
f 526//1006 525//1006 65//1006
f 522//1007 58//1007 59//1007
f 526//41 66//41 67//41
f 51//1008 59//1008 60//1008
f 55//558 67//558 68//558
f 523//44 52//44 60//44
f 67//1009 82//1009 83//1009
f 60//572 75//572 76//572
f 68//1010 83//1010 84//1010
f 61//1011 76//1011 77//1011
f 70//1012 69//1012 84//1012
f 62//1013 77//1013 78//1013
f 70//1014 85//1014 86//1014
f 63//52 78//52 79//52
f 64//55 79//55 80//55
f 58//1015 57//1015 72//1015
f 66//1016 65//1016 80//1016
f 58//1017 73//1017 74//1017
f 66//59 81//59 82//59
f 59//1018 74//1018 75//1018
f 79//583 94//583 95//583
f 73//1019 72//1019 87//1019
f 81//1020 80//1020 95//1020
f 74//1021 73//1021 88//1021
f 81//1022 96//1022 97//1022
f 74//1023 89//1023 90//1023
f 83//69 82//69 97//69
f 75//1024 90//1024 91//1024
f 83//1025 98//1025 99//1025
f 77//579 76//579 91//579
f 84//1026 99//1026 100//1026
f 77//74 92//74 93//74
f 85//75 100//75 101//75
f 78//1027 93//1027 94//1027
f 91//1028 90//1028 105//1028
f 98//78 113//78 114//78
f 91//1029 106//1029 107//1029
f 99//1030 114//1030 115//1030
f 92//1031 107//1031 108//1031
f 100//1032 115//1032 116//1032
f 93//1033 108//1033 109//1033
f 95//590 94//590 109//590
f 88//1034 87//1034 102//1034
f 96//1035 95//1035 110//1035
f 89//1036 88//1036 103//1036
f 96//594 111//594 112//594
f 90//1037 89//1037 104//1037
f 97//1038 112//1038 113//1038
f 110//1039 109//1039 124//1039
f 102//1040 117//1040 118//1040
f 111//1041 110//1041 125//1041
f 103//1042 118//1042 119//1042
f 111//613 126//613 127//613
f 105//1043 104//1043 119//1043
f 113//99 112//99 127//99
f 105//603 120//603 121//603
f 114//1044 113//1044 128//1044
f 106//1045 121//1045 122//1045
f 115//1046 114//1046 129//1046
f 107//1047 122//1047 123//1047
f 116//1048 115//1048 130//1048
f 108//1049 123//1049 124//1049
f 128//1050 143//1050 144//1050
f 121//624 136//624 137//624
f 129//1051 144//1051 145//1051
f 122//1052 137//1052 138//1052
f 131//1053 130//1053 145//1053
f 123//1054 138//1054 139//1054
f 125//1055 124//1055 139//1055
f 118//1056 117//1056 132//1056
f 125//1057 140//1057 141//1057
f 119//1058 118//1058 133//1058
f 126//1059 141//1059 142//1059
f 120//1060 119//1060 134//1060
f 128//1061 127//1061 142//1061
f 120//1062 135//1062 136//1062
f 132//1063 147//1063 148//1063
f 140//638 155//638 156//638
f 133//1064 148//1064 149//1064
f 142//1065 141//1065 156//1065
f 134//1066 149//1066 150//1066
f 143//1067 142//1067 157//1067
f 136//1068 135//1068 150//1068
f 144//1069 143//1069 158//1069
f 136//1070 151//1070 152//1070
f 144//631 159//631 160//631
f 138//1071 137//1071 152//1071
f 146//1072 145//1072 160//1072
f 138//1073 153//1073 154//1073
f 140//1074 139//1074 154//1074
f 151//650 166//650 167//650
f 160//1075 159//1075 174//1075
f 152//143 167//143 168//143
f 160//1076 175//1076 176//1076
f 153//1077 168//1077 169//1077
f 155//1078 154//1078 169//1078
f 147//1079 162//1079 163//1079
f 156//150 155//150 170//150
f 148//646 163//646 164//646
f 157//647 156//647 171//647
f 150//1080 149//1080 164//1080
f 158//1081 157//1081 172//1081
f 150//1082 165//1082 166//1082
f 159//1083 158//1083 173//1083
f 170//157 185//157 186//157
f 163//1084 178//1084 179//1084
f 171//662 186//662 187//662
f 165//1085 164//1085 179//1085
f 173//1086 172//1086 187//1086
f 165//1087 180//1087 181//1087
f 173//1088 188//1088 189//1088
f 167//654 166//654 181//654
f 174//1089 189//1089 190//1089
f 168//166 167//166 182//166
f 176//1090 175//1090 190//1090
f 169//1091 168//1091 183//1091
f 169//1092 184//1092 185//1092
f 162//1093 177//1093 178//1093
f 190//671 189//671 204//671
f 183//1094 182//1094 197//1094
f 190//1095 205//1095 206//1095
f 184//1096 183//1096 198//1096
f 184//1097 199//1097 200//1097
f 178//1098 177//1098 192//1098
f 185//1099 200//1099 201//1099
f 179//1100 178//1100 193//1100
f 187//1101 186//1101 201//1101
f 180//1102 179//1102 194//1102
f 187//1103 202//1103 203//1103
f 180//1104 195//1104 196//1104
f 188//1105 203//1105 204//1105
f 182//1106 181//1106 196//1106
f 202//1107 201//1107 216//1107
f 194//1108 209//1108 210//1108
f 202//1109 217//1109 218//1109
f 196//1110 195//1110 210//1110
f 204//1111 203//1111 218//1111
f 196//1112 211//1112 212//1112
f 205//1113 204//1113 219//1113
f 198//1114 197//1114 212//1114
f 205//1115 220//1115 221//1115
f 199//1116 198//1116 213//1116
f 199//681 214//681 215//681
f 193//1117 192//1117 207//1117
f 200//1118 215//1118 216//1118
f 194//1119 193//1119 208//1119
f 221//205 220//205 235//205
f 213//1120 228//1120 229//1120
f 214//1121 229//1121 230//1121
f 208//1122 207//1122 222//1122
f 215//1123 230//1123 231//1123
f 209//1124 208//1124 223//1124
f 217//691 216//691 231//691
f 209//1125 224//1125 225//1125
f 217//215 232//215 233//215
f 211//694 210//694 225//694
f 218//1126 233//1126 234//1126
f 211//1127 226//1127 227//1127
f 219//1128 234//1128 235//1128
f 212//220 227//220 228//220
f 224//1129 239//1129 240//1129
f 233//1130 232//1130 247//1130
f 226//1131 225//1131 240//1131
f 234//1132 233//1132 248//1132
f 226//1133 241//1133 242//1133
f 235//1134 234//1134 249//1134
f 228//1135 227//1135 242//1135
f 236//1136 235//1136 250//1136
f 229//1137 228//1137 243//1137
f 229//1138 244//1138 245//1138
f 222//1139 237//1139 238//1139
f 230//1140 245//1140 246//1140
f 223//1141 238//1141 239//1141
f 232//236 231//236 246//236
f 243//1142 258//1142 259//1142
f 244//1143 259//1143 260//1143
f 237//1144 252//1144 253//1144
f 245//1145 260//1145 261//1145
f 238//1146 253//1146 254//1146
f 247//1147 246//1147 261//1147
f 239//1148 254//1148 255//1148
f 247//1149 262//1149 263//1149
f 241//1150 240//1150 255//1150
f 249//1151 248//1151 263//1151
f 241//1152 256//1152 257//1152
f 250//1153 249//1153 264//1153
f 243//251 242//251 257//251
f 250//252 265//252 266//252
f 262//1154 277//1154 278//1154
f 255//1155 270//1155 271//1155
f 263//1156 278//1156 279//1156
f 257//1157 256//1157 271//1157
f 264//1158 279//1158 280//1158
f 258//1159 257//1159 272//1159
f 266//1160 265//1160 280//1160
f 258//1161 273//1161 274//1161
f 260//263 259//263 274//263
f 252//1162 267//1162 268//1162
f 260//1163 275//1163 276//1163
f 254//1164 253//1164 268//1164
f 261//1165 276//1165 277//1165
f 254//1166 269//1166 270//1166
f 275//1167 274//1167 289//1167
f 267//1168 282//1168 283//1168
f 275//1169 290//1169 291//1169
f 268//1170 283//1170 284//1170
f 276//275 291//275 292//275
f 269//1171 284//1171 285//1171
f 278//1172 277//1172 292//1172
f 270//278 285//278 286//278
f 278//1173 293//1173 294//1173
f 272//1174 271//1174 286//1174
f 279//1175 294//1175 295//1175
f 273//1176 272//1176 287//1176
f 280//1177 295//1177 296//1177
f 273//284 288//284 289//284
f 286//1178 285//1178 300//1178
f 293//1179 308//1179 309//1179
f 286//1180 301//1180 302//1180
f 294//1181 309//1181 310//1181
f 287//1182 302//1182 303//1182
f 296//1183 295//1183 310//1183
f 289//765 288//765 303//765
f 289//294 304//294 305//294
f 283//1184 282//1184 297//1184
f 290//1185 305//1185 306//1185
f 284//1186 283//1186 298//1186
f 292//759 291//759 306//759
f 284//1187 299//1187 300//1187
f 292//761 307//761 308//761
f 304//1188 319//1188 320//1188
f 297//1189 312//1189 313//1189
f 306//1190 305//1190 320//1190
f 299//304 298//304 313//304
f 307//1191 306//1191 321//1191
f 299//1192 314//1192 315//1192
f 307//775 322//775 323//775
f 301//1193 300//1193 315//1193
f 308//1194 323//1194 324//1194
f 301//767 316//767 317//767
f 309//1195 324//1195 325//1195
f 302//1196 317//1196 318//1196
f 311//1197 310//1197 325//1197
f 304//768 303//768 318//768
f 323//1198 338//1198 339//1198
f 317//1199 316//1199 331//1199
f 324//1200 339//1200 340//1200
f 317//320 332//320 333//320
f 325//321 340//321 341//321
f 318//1201 333//1201 334//1201
f 319//1202 334//1202 335//1202
f 312//1203 327//1203 328//1203
f 321//327 320//327 335//327
f 314//1204 313//1204 328//1204
f 321//1205 336//1205 337//1205
f 315//779 314//779 329//779
f 322//1206 337//1206 338//1206
f 315//1207 330//1207 331//1207
f 336//1208 335//1208 350//1208
f 329//1209 328//1209 343//1209
f 336//1210 351//1210 352//1210
f 330//1211 329//1211 344//1211
f 338//1212 337//1212 352//1212
f 330//1213 345//1213 346//1213
f 338//1214 353//1214 354//1214
f 332//1215 331//1215 346//1215
f 339//1216 354//1216 355//1216
f 332//1217 347//1217 348//1217
f 340//1218 355//1218 356//1218
f 333//1219 348//1219 349//1219
f 334//794 349//794 350//794
f 328//1220 327//1220 342//1220
f 355//1221 354//1221 369//1221
f 347//350 362//350 363//350
f 355//810 370//810 371//810
f 348//1222 363//1222 364//1222
f 349//1223 364//1223 365//1223
f 343//1224 342//1224 357//1224
f 351//357 350//357 365//357
f 343//1225 358//1225 359//1225
f 352//1226 351//1226 366//1226
f 344//1227 359//1227 360//1227
f 352//1228 367//1228 368//1228
f 345//805 360//805 361//805
f 353//363 368//363 369//363
f 346//1229 361//1229 362//1229
f 358//1230 373//1230 374//1230
f 367//1231 366//1231 381//1231
f 360//1232 359//1232 374//1232
f 367//1233 382//1233 383//1233
f 360//1234 375//1234 376//1234
f 368//1235 383//1235 384//1235
f 361//1236 376//1236 377//1236
f 370//1237 369//1237 384//1237
f 362//1238 377//1238 378//1238
f 371//1239 370//1239 385//1239
f 364//375 363//375 378//375
f 364//1240 379//1240 380//1240
f 357//1241 372//1241 373//1241
f 366//1242 365//1242 380//1242
f 378//1243 377//1243 392//1243
f 386//1244 385//1244 400//1244
f 378//383 393//383 394//383
f 380//386 379//386 394//386
f 372//1245 387//1245 388//1245
f 380//1246 395//1246 396//1246
f 373//1247 388//1247 389//1247
f 381//1248 396//1248 397//1248
f 374//1249 389//1249 390//1249
f 382//1250 397//1250 398//1250
f 375//833 390//833 391//833
f 384//1251 383//1251 398//1251
f 377//1252 376//1252 391//1252
f 384//1253 399//1253 400//1253
f 397//1254 396//1254 411//1254
f 389//1255 404//1255 405//1255
f 398//1256 397//1256 412//1256
f 391//850 390//850 405//850
f 399//1257 398//1257 413//1257
f 391//852 406//852 407//852
f 400//1258 399//1258 414//1258
f 392//404 407//404 408//404
f 401//1259 400//1259 415//1259
f 393//1260 408//1260 409//1260
f 394//1261 409//1261 410//1261
f 388//1262 387//1262 402//1262
f 396//411 395//411 410//411
f 389//1263 388//1263 403//1263
f 416//1264 415//1264 430//1264
f 409//1265 408//1265 423//1265
f 409//1266 424//1266 425//1266
f 402//1267 417//1267 418//1267
f 410//419 425//419 426//419
f 403//1268 418//1268 419//1268
f 411//1269 426//1269 427//1269
f 405//1270 404//1270 419//1270
f 412//1271 427//1271 428//1271
f 406//1272 405//1272 420//1272
f 414//1273 413//1273 428//1273
f 407//859 406//859 421//859
f 414//1274 429//1274 430//1274
f 408//428 407//428 422//428
f 420//1275 419//1275 434//1275
f 428//1276 427//1276 442//1276
f 421//873 420//873 435//873
f 428//1277 443//1277 444//1277
f 421//1278 436//1278 437//1278
f 430//1279 429//1279 444//1279
f 422//1280 437//1280 438//1280
f 430//1281 445//1281 446//1281
f 424//437 423//437 438//437
f 424//440 439//440 440//440
f 418//1282 417//1282 432//1282
f 425//1283 440//1283 441//1283
f 419//443 418//443 433//443
f 426//1284 441//1284 442//1284
f 439//885 438//885 453//885
f 439//887 454//887 455//887
f 433//1285 432//1285 447//1285
f 440//1286 455//1286 456//1286
f 433//1287 448//1287 449//1287
f 442//1288 441//1288 456//1288
f 434//1289 449//1289 450//1289
f 442//1290 457//1290 458//1290
f 436//1291 435//1291 450//1291
f 444//1292 443//1292 458//1292
f 436//1293 451//1293 452//1293
f 444//1294 459//1294 460//1294
f 438//1295 437//1295 452//1295
f 445//1296 460//1296 461//1296
f 458//1297 457//1297 472//1297
f 451//900 450//900 465//900
f 459//1298 458//1298 473//1298
f 451//1299 466//1299 467//1299
f 459//1300 474//1300 475//1300
f 453//1301 452//1301 467//1301
f 461//467 460//467 475//467
f 454//1302 453//1302 468//1302
f 454//1303 469//1303 470//1303
f 447//1304 462//1304 463//1304
f 455//1305 470//1305 471//1305
f 449//1306 448//1306 463//1306
f 457//1307 456//1307 471//1307
f 449//1308 464//1308 465//1308
f 469//1309 484//1309 485//1309
f 463//1310 462//1310 477//1310
f 470//1311 485//1311 486//1311
f 464//1312 463//1312 478//1312
f 471//1313 486//1313 487//1313
f 464//1314 479//1314 480//1314
f 473//484 472//484 487//484
f 465//485 480//485 481//485
f 474//1315 473//1315 488//1315
f 466//1316 481//1316 482//1316
f 474//1317 489//1317 490//1317
f 467//1318 482//1318 483//1318
f 476//1319 475//1319 490//1319
f 468//1320 483//1320 484//1320
f 489//1321 488//1321 503//1321
f 482//1322 481//1322 496//1322
f 490//1323 489//1323 504//1323
f 482//1324 497//1324 498//1324
f 490//497 505//497 506//497
f 483//1325 498//1325 499//1325
f 484//1326 499//1326 500//1326
f 477//1327 492//1327 493//1327
f 486//1328 485//1328 500//1328
f 478//1329 493//1329 494//1329
f 486//1330 501//1330 502//1330
f 479//1331 494//1331 495//1331
f 487//1332 502//1332 503//1332
f 481//1333 480//1333 495//1333
f 492//1334 507//1334 508//1334
f 500//1335 515//1335 516//1335
f 494//511 493//511 508//511
f 501//1336 516//1336 517//1336
f 494//1337 509//1337 510//1337
f 503//1338 502//1338 517//1338
f 495//1339 510//1339 511//1339
f 504//1340 503//1340 518//1340
f 497//1341 496//1341 511//1341
f 504//934 519//934 520//934
f 498//1342 497//1342 512//1342
f 505//1343 520//1343 521//1343
f 498//521 513//521 514//521
f 500//1344 499//1344 514//1344
f 512//951 511//951 523//951
f 519//1345 528//1345 529//1345
f 513//1346 512//1346 53//1346
f 521//1347 520//1347 529//1347
f 513//1348 524//1348 54//1348
f 514//956 54//956 525//956
f 507//1349 50//1349 522//1349
f 515//945 525//945 526//945
f 508//1350 522//1350 51//1350
f 517//536 516//536 526//536
f 509//1351 51//1351 52//1351
f 518//949 517//949 55//949
f 510//1352 52//1352 523//1352
f 518//1353 527//1353 528//1353
f 560//1382 570//1382 571//1382
f 1028//1383 556//1383 563//1383
f 1032//1006 1031//1006 571//1006
f 1028//1384 564//1384 565//1384
f 1032//41 572//41 573//41
f 557//1008 565//1008 566//1008
f 561//1385 573//1385 574//1385
f 558//1386 566//1386 567//1386
f 1033//1387 574//1387 575//1387
f 559//1388 1029//1388 567//1388
f 1034//1389 575//1389 576//1389
f 559//1001 568//1001 569//1001
f 1036//1390 1035//1390 576//1390
f 1030//1003 569//1003 570//1003
f 577//1391 576//1391 591//1391
f 570//52 569//52 584//52
f 570//55 585//55 586//55
f 563//1392 578//1392 579//1392
f 572//1393 571//1393 586//1393
f 564//1017 579//1017 580//1017
f 572//1394 587//1394 588//1394
f 565//1395 580//1395 581//1395
f 574//1396 573//1396 588//1396
f 566//1397 581//1397 582//1397
f 574//1010 589//1010 590//1010
f 567//1398 582//1398 583//1398
f 576//1399 575//1399 590//1399
f 568//1013 583//1013 584//1013
f 589//1400 588//1400 603//1400
f 581//1401 596//1401 597//1401
f 589//1402 604//1402 605//1402
f 583//1403 582//1403 597//1403
f 590//1404 605//1404 606//1404
f 583//1405 598//1405 599//1405
f 592//1406 591//1406 606//1406
f 584//1407 599//1407 600//1407
f 586//1408 585//1408 600//1408
f 579//1409 578//1409 593//1409
f 587//65 586//65 601//65
f 580//1021 579//1021 594//1021
f 588//1410 587//1410 602//1410
f 581//1411 580//1411 595//1411
f 600//1412 615//1412 616//1412
f 593//1413 608//1413 609//1413
f 602//1414 601//1414 616//1414
f 595//1415 594//1415 609//1415
f 602//1416 617//1416 618//1416
f 596//1417 595//1417 610//1417
f 603//1418 618//1418 619//1418
f 597//1028 596//1028 611//1028
f 604//1419 619//1419 620//1419
f 598//1420 597//1420 612//1420
f 605//1421 620//1421 621//1421
f 598//1422 613//1422 614//1422
f 607//1032 606//1032 621//1032
f 599//1423 614//1423 615//1423
f 611//1424 626//1424 627//1424
f 619//1425 634//1425 635//1425
f 612//1045 627//1045 628//1045
f 620//1426 635//1426 636//1426
f 613//1427 628//1427 629//1427
f 621//1428 636//1428 637//1428
f 614//1429 629//1429 630//1429
f 616//1430 615//1430 630//1430
f 609//1431 608//1431 623//1431
f 617//1432 616//1432 631//1432
f 610//1433 609//1433 624//1433
f 618//1434 617//1434 632//1434
f 610//1435 625//1435 626//1435
f 618//99 633//99 634//99
f 630//1436 645//1436 646//1436
f 623//1437 638//1437 639//1437
f 632//1438 631//1438 646//1438
f 625//1439 624//1439 639//1439
f 632//1440 647//1440 648//1440
f 626//1441 625//1441 640//1441
f 633//123 648//123 649//123
f 626//1442 641//1442 642//1442
f 634//1443 649//1443 650//1443
f 628//110 627//110 642//110
f 635//625 650//625 651//625
f 628//112 643//112 644//112
f 637//1444 636//1444 651//1444
f 629//114 644//114 645//114
f 650//1445 649//1445 664//1445
f 642//1070 657//1070 658//1070
f 651//1446 650//1446 665//1446
f 644//135 643//135 658//135
f 652//1072 651//1072 666//1072
f 644//1447 659//1447 660//1447
f 646//1074 645//1074 660//1074
f 638//1448 653//1448 654//1448
f 647//638 646//638 661//638
f 640//1449 639//1449 654//1449
f 647//1450 662//1450 663//1450
f 640//1451 655//1451 656//1451
f 649//1452 648//1452 663//1452
f 641//131 656//131 657//131
f 654//1453 653//1453 668//1453
f 662//150 661//150 676//150
f 654//646 669//646 670//646
f 663//647 662//647 677//647
f 656//1454 655//1454 670//1454
f 664//1455 663//1455 678//1455
f 656//1456 671//1456 672//1456
f 665//1083 664//1083 679//1083
f 657//141 672//141 673//141
f 666//142 665//142 680//142
f 659//1457 658//1457 673//1457
f 666//1076 681//1076 682//1076
f 659//1077 674//1077 675//1077
f 660//1458 675//1458 676//1458
f 673//164 672//164 687//164
f 681//1459 680//1459 695//1459
f 674//1460 673//1460 688//1460
f 681//1461 696//1461 697//1461
f 675//1462 674//1462 689//1462
f 675//1463 690//1463 691//1463
f 669//1464 668//1464 683//1464
f 676//157 691//157 692//157
f 670//661 669//661 684//661
f 677//662 692//662 693//662
f 670//1465 685//1465 686//1465
f 679//664 678//664 693//664
f 671//1087 686//1087 687//1087
f 679//1088 694//1088 695//1088
f 692//1466 691//1466 706//1466
f 684//1467 699//1467 700//1467
f 692//1101 707//1101 708//1101
f 686//1468 685//1468 700//1468
f 693//1469 708//1469 709//1469
f 686//186 701//186 702//186
f 694//1470 709//1470 710//1470
f 688//1471 687//1471 702//1471
f 695//1472 710//1472 711//1472
f 689//1094 688//1094 703//1094
f 697//1473 696//1473 711//1473
f 690//1474 689//1474 704//1474
f 690//1097 705//1097 706//1097
f 684//1475 683//1475 698//1475
f 711//1476 710//1476 725//1476
f 704//196 703//196 718//196
f 711//678 726//678 727//678
f 705//1477 704//1477 719//1477
f 705//1478 720//1478 721//1478
f 699//682 698//682 713//682
f 706//1479 721//1479 722//1479
f 699//1480 714//1480 715//1480
f 708//1481 707//1481 722//1481
f 700//1482 715//1482 716//1482
f 709//191 708//191 723//191
f 701//1483 716//1483 717//1483
f 710//1484 709//1484 724//1484
f 702//1485 717//1485 718//1485
f 722//1486 737//1486 738//1486
f 715//1487 730//1487 731//1487
f 724//215 723//215 738//215
f 717//694 716//694 731//694
f 725//1488 724//1488 739//1488
f 718//218 717//218 732//218
f 725//1489 740//1489 741//1489
f 719//1490 718//1490 733//1490
f 727//1491 726//1491 741//1491
f 719//1120 734//1120 735//1120
f 720//1492 735//1492 736//1492
f 713//1493 728//1493 729//1493
f 721//1494 736//1494 737//1494
f 715//1495 714//1495 729//1495
f 742//1136 741//1136 756//1136
f 734//1496 749//1496 750//1496
f 735//1138 750//1138 751//1138
f 729//1497 728//1497 743//1497
f 736//1498 751//1498 752//1498
f 729//1499 744//1499 745//1499
f 738//1500 737//1500 752//1500
f 730//1501 745//1501 746//1501
f 738//1502 753//1502 754//1502
f 732//1503 731//1503 746//1503
f 740//1504 739//1504 754//1504
f 732//1505 747//1505 748//1505
f 741//1506 740//1506 755//1506
f 734//1507 733//1507 748//1507
f 745//1148 760//1148 761//1148
f 753//1508 768//1508 769//1508
f 746//1509 761//1509 762//1509
f 755//1510 754//1510 769//1510
f 747//722 762//722 763//722
f 755//1511 770//1511 771//1511
f 748//1512 763//1512 764//1512
f 757//1513 756//1513 771//1513
f 750//1514 749//1514 764//1514
f 751//1515 750//1515 765//1515
f 743//1516 758//1516 759//1516
f 751//242 766//242 767//242
f 744//1517 759//1517 760//1517
f 752//1147 767//1147 768//1147
f 764//732 779//732 780//732
f 766//263 765//263 780//263
f 759//1518 758//1518 773//1518
f 766//1519 781//1519 782//1519
f 759//1520 774//1520 775//1520
f 767//1521 782//1521 783//1521
f 760//1166 775//1166 776//1166
f 768//1522 783//1522 784//1522
f 761//1523 776//1523 777//1523
f 769//1524 784//1524 785//1524
f 762//1157 777//1157 778//1157
f 771//1158 770//1158 785//1158
f 764//1159 763//1159 778//1159
f 771//1525 786//1525 787//1525
f 783//1526 798//1526 799//1526
f 776//278 791//278 792//278
f 785//1527 784//1527 799//1527
f 777//1528 792//1528 793//1528
f 785//1529 800//1529 801//1529
f 779//1176 778//1176 793//1176
f 786//1530 801//1530 802//1530
f 779//284 794//284 795//284
f 781//1531 780//1531 795//1531
f 773//1532 788//1532 789//1532
f 781//1533 796//1533 797//1533
f 774//1534 789//1534 790//1534
f 782//1535 797//1535 798//1535
f 775//1536 790//1536 791//1536
f 795//294 810//294 811//294
f 788//1537 803//1537 804//1537
f 797//1538 796//1538 811//1538
f 789//1539 804//1539 805//1539
f 797//298 812//298 813//298
f 790//1187 805//1187 806//1187
f 798//761 813//761 814//761
f 792//285 791//285 806//285
f 799//1540 814//1540 815//1540
f 792//1541 807//1541 808//1541
f 800//1542 815//1542 816//1542
f 793//1182 808//1182 809//1182
f 801//1543 816//1543 817//1543
f 795//1544 794//1544 809//1544
f 806//1545 821//1545 822//1545
f 814//1194 829//1194 830//1194
f 808//1546 807//1546 822//1546
f 815//1547 830//1547 831//1547
f 808//1548 823//1548 824//1548
f 817//1549 816//1549 831//1549
f 810//1550 809//1550 824//1550
f 810//301 825//301 826//301
f 804//1551 803//1551 818//1551
f 812//1190 811//1190 826//1190
f 805//304 804//304 819//304
f 812//305 827//305 828//305
f 806//1192 805//1192 820//1192
f 813//1552 828//1552 829//1552
f 825//1553 840//1553 841//1553
f 818//1554 833//1554 834//1554
f 827//1555 826//1555 841//1555
f 820//1556 819//1556 834//1556
f 827//1557 842//1557 843//1557
f 820//1558 835//1558 836//1558
f 828//1559 843//1559 844//1559
f 821//1207 836//1207 837//1207
f 829//1560 844//1560 845//1560
f 822//1561 837//1561 838//1561
f 830//1562 845//1562 846//1562
f 823//1563 838//1563 839//1563
f 831//1564 846//1564 847//1564
f 824//1201 839//1201 840//1201
f 844//1565 859//1565 860//1565
f 838//1566 837//1566 852//1566
f 845//1567 860//1567 861//1567
f 838//1568 853//1568 854//1568
f 846//1569 861//1569 862//1569
f 839//1219 854//1219 855//1219
f 841//1570 840//1570 855//1570
f 833//1571 848//1571 849//1571
f 842//1572 841//1572 856//1572
f 835//1573 834//1573 849//1573
f 842//1574 857//1574 858//1574
f 836//1575 835//1575 850//1575
f 843//1576 858//1576 859//1576
f 837//1577 836//1577 851//1577
f 857//357 856//357 871//357
f 849//1578 864//1578 865//1578
f 857//1579 872//1579 873//1579
f 850//1227 865//1227 866//1227
f 859//361 858//361 873//361
f 851//805 866//805 867//805
f 859//1580 874//1580 875//1580
f 853//364 852//364 867//364
f 861//1221 860//1221 875//1221
f 853//1581 868//1581 869//1581
f 862//351 861//351 876//351
f 854//1582 869//1582 870//1582
f 855//1583 870//1583 871//1583
f 849//1584 848//1584 863//1584
f 875//814 890//814 891//814
f 868//1585 883//1585 884//1585
f 877//1586 876//1586 891//1586
f 869//375 884//375 885//375
f 870//819 885//819 886//819
f 863//1587 878//1587 879//1587
f 872//1588 871//1588 886//1588
f 865//1589 864//1589 879//1589
f 872//1590 887//1590 888//1590
f 866//1232 865//1232 880//1232
f 873//1591 888//1591 889//1591
f 867//1592 866//1592 881//1592
f 874//1593 889//1593 890//1593
f 867//1594 882//1594 883//1594
f 880//389 879//389 894//389
f 888//1248 887//1248 902//1248
f 880//1595 895//1595 896//1595
f 889//1596 888//1596 903//1596
f 881//393 896//393 897//393
f 890//1597 889//1597 904//1597
f 882//1598 897//1598 898//1598
f 890//835 905//835 906//835
f 883//1243 898//1243 899//1243
f 892//1599 891//1599 906//1599
f 884//1600 899//1600 900//1600
f 886//386 885//386 900//386
f 879//1601 878//1601 893//1601
f 886//1602 901//1602 902//1602
f 898//404 913//404 914//404
f 906//1603 921//1603 922//1603
f 899//1604 914//1604 915//1604
f 901//1261 900//1261 915//1261
f 894//1262 893//1262 908//1262
f 902//411 901//411 916//411
f 895//1605 894//1605 909//1605
f 902//397 917//397 918//397
f 895//1606 910//1606 911//1606
f 903//849 918//849 919//849
f 897//850 896//850 911//850
f 905//1607 904//1607 919//1607
f 897//1608 912//1608 913//1608
f 905//1609 920//1609 921//1609
f 917//854 932//854 933//854
f 911//1610 910//1610 925//1610
f 918//1611 933//1611 934//1611
f 912//1612 911//1612 926//1612
f 919//1613 934//1613 935//1613
f 913//1614 912//1614 927//1614
f 921//1615 920//1615 935//1615
f 914//428 913//428 928//428
f 922//1616 921//1616 936//1616
f 915//1617 914//1617 929//1617
f 915//1618 930//1618 931//1618
f 908//1267 923//1267 924//1267
f 916//419 931//419 932//419
f 909//1619 924//1619 925//1619
f 936//1620 951//1620 952//1620
f 930//1621 929//1621 944//1621
f 930//440 945//440 946//440
f 924//1622 923//1622 938//1622
f 931//1623 946//1623 947//1623
f 924//869 939//869 940//869
f 932//1624 947//1624 948//1624
f 926//1625 925//1625 940//1625
f 933//1626 948//1626 949//1626
f 927//431 926//431 941//431
f 934//1627 949//1627 950//1627
f 928//1628 927//1628 942//1628
f 936//1629 935//1629 950//1629
f 929//1630 928//1630 943//1630
f 940//1289 955//1289 956//1289
f 949//1631 948//1631 963//1631
f 941//1632 956//1632 957//1632
f 950//1633 949//1633 964//1633
f 942//1634 957//1634 958//1634
f 951//1635 950//1635 965//1635
f 944//1636 943//1636 958//1636
f 951//1637 966//1637 967//1637
f 944//445 959//445 960//445
f 946//887 945//887 960//887
f 939//1638 938//1638 953//1638
f 946//1639 961//1639 962//1639
f 939//1640 954//1640 955//1640
f 948//1641 947//1641 962//1641
f 959//468 974//468 975//468
f 960//1642 975//1642 976//1642
f 954//1643 953//1643 968//1643
f 961//1644 976//1644 977//1644
f 955//1645 954//1645 969//1645
f 963//1646 962//1646 977//1646
f 956//1647 955//1647 970//1647
f 964//1297 963//1297 978//1297
f 956//1648 971//1648 972//1648
f 964//1649 979//1649 980//1649
f 957//1299 972//1299 973//1299
f 965//1300 980//1300 981//1300
f 959//1301 958//1301 973//1301
f 967//1650 966//1650 981//1650
f 979//1651 978//1651 993//1651
f 971//1652 986//1652 987//1652
f 979//1653 994//1653 995//1653
f 973//1654 972//1654 987//1654
f 981//1655 980//1655 995//1655
f 973//1656 988//1656 989//1656
f 981//1319 996//1319 997//1319
f 975//491 974//491 989//491
f 975//1657 990//1657 991//1657
f 968//1658 983//1658 984//1658
f 976//1311 991//1311 992//1311
f 969//1659 984//1659 985//1659
f 977//1660 992//1660 993//1660
f 971//1661 970//1661 985//1661
f 990//1662 1005//1662 1006//1662
f 984//1327 983//1327 998//1327
f 992//1663 991//1663 1006//1663
f 984//1664 999//1664 1000//1664
f 992//1665 1007//1665 1008//1665
f 985//1666 1000//1666 1001//1666
f 993//1667 1008//1667 1009//1667
f 987//1668 986//1668 1001//1668
f 995//1669 994//1669 1009//1669
f 988//1670 987//1670 1002//1670
f 995//1671 1010//1671 1011//1671
f 988//1672 1003//1672 1004//1672
f 996//1673 1011//1673 1012//1673
f 989//1674 1004//1674 1005//1674
f 1009//1675 1024//1675 1025//1675
f 1002//1676 1017//1676 1018//1676
f 1011//1677 1010//1677 1025//1677
f 1004//1678 1003//1678 1018//1678
f 1011//1679 1026//1679 1027//1679
f 1004//1680 1019//1680 1020//1680
f 1005//937 1020//937 1021//937
f 999//1681 998//1681 1013//1681
f 1006//1682 1021//1682 1022//1682
f 999//511 1014//511 1015//511
f 1008//1683 1007//1683 1022//1683
f 1000//1337 1015//1337 1016//1337
f 1008//1684 1023//1684 1024//1684
f 1001//1685 1016//1685 1017//1685
f 1013//1686 556//1686 1028//1686
f 1021//945 1031//945 1032//945
f 1014//1687 1028//1687 557//1687
f 1022//1688 1032//1688 561//1688
f 1015//1689 557//1689 558//1689
f 1023//949 561//949 1033//949
f 1016//539 558//539 1029//539
f 1024//1690 1033//1690 1034//1690
f 1017//525 1029//525 559//525
f 1025//1345 1034//1345 1035//1345
f 1019//1691 1018//1691 559//1691
f 1027//1692 1026//1692 1035//1692
f 1019//1693 1030//1693 560//1693
f 1020//532 560//532 1031//532
f 1110//28 1112//28 1111//28
f 1112//985 1116//985 1115//985
f 1116//25 1114//25 1113//25
f 1114//986 1110//986 1109//986
f 1115//14 1113//14 1109//14
f 1112//11 1110//11 1114//11
