source_database,run_started_at,iteration_index,step_index,step_name
coraplex_panda_demo_v2,2026-08-11 06:28:50.061664+00:00,1,1,cube1 onto cube0
coraplex_panda_demo_v2,2026-08-10 07:57:25.429533+00:00,1,1,cube1 onto cube0
coraplex_panda_demo_v2,2026-08-12 07:12:15.363833+00:00,1,1,cube1 onto cube0
coraplex_panda_demo_v2,2026-08-10 23:06:47.708181+00:00,1,1,cube1 onto cube0
coraplex_panda_demo_v2,2026-08-11 20:33:15.502061+00:00,1,1,cube1 onto cube0
coraplex_panda_demo_v2,2026-08-10 17:08:54.640351+00:00,1,1,cube1 onto cube0
coraplex_panda_demo_v2,2026-08-11 04:18:37.880292+00:00,1,1,cube1 onto cube0
coraplex_panda_demo_v2,2026-08-10 17:08:54.640351+00:00,1,2,cube2 onto cube1
coraplex_panda_demo_v2,2026-08-11 20:33:15.502061+00:00,1,2,cube2 onto cube1
coraplex_panda_demo_v2,2026-08-11 04:18:37.880292+00:00,1,2,cube2 onto cube1
coraplex_panda_demo_v2,2026-08-11 06:28:50.061664+00:00,1,2,cube2 onto cube1
coraplex_panda_demo_v2,2026-08-10 07:57:25.429533+00:00,1,2,cube2 onto cube1
coraplex_panda_demo_v2,2026-08-10 23:06:47.708181+00:00,1,2,cube2 onto cube1
coraplex_panda_demo_v2,2026-08-12 07:12:15.363833+00:00,1,2,cube2 onto cube1
coraplex_panda_demo_v2,2026-08-11 20:33:15.502061+00:00,1,3,cube3 onto cube2
coraplex_panda_demo_v2,2026-08-10 07:57:25.429533+00:00,1,3,cube3 onto cube2
coraplex_panda_demo_v2,2026-08-11 04:18:37.880292+00:00,1,3,cube3 onto cube2
coraplex_panda_demo_v2,2026-08-10 23:06:47.708181+00:00,1,3,cube3 onto cube2
coraplex_panda_demo_v2,2026-08-12 07:12:15.363833+00:00,1,3,cube3 onto cube2
coraplex_panda_demo_v2,2026-08-10 17:08:54.640351+00:00,1,3,cube3 onto cube2
coraplex_panda_demo_v2,2026-08-11 06:28:50.061664+00:00,1,3,cube3 onto cube2
coraplex_panda_demo_v2,2026-08-11 20:33:15.502061+00:00,2,1,cube1 onto cube0
coraplex_panda_demo_v2,2026-08-10 07:57:25.429533+00:00,2,1,cube1 onto cube0
coraplex_panda_demo_v2,2026-08-10 07:57:25.429533+00:00,2,2,cube2 onto cube1
coraplex_panda_demo_v2,2026-08-11 20:33:15.502061+00:00,2,2,cube2 onto cube1
coraplex_panda_demo_v2,2026-08-10 07:57:25.429533+00:00,2,3,cube3 onto cube2
coraplex_panda_demo_v2,2026-08-11 20:33:15.502061+00:00,2,3,cube3 onto cube2
coraplex_panda_demo_v2,2026-08-10 07:57:25.429533+00:00,3,1,cube1 onto cube0
coraplex_panda_demo_v2,2026-08-11 20:33:15.502061+00:00,3,1,cube1 onto cube0
coraplex_panda_demo_v2,2026-08-11 04:18:37.880292+00:00,3,1,cube1 onto cube0
coraplex_panda_demo_v2,2026-08-12 07:12:15.363833+00:00,3,1,cube1 onto cube0
coraplex_panda_demo_v2,2026-08-10 17:08:54.640351+00:00,3,1,cube1 onto cube0
coraplex_panda_demo_v2,2026-08-10 23:06:47.708181+00:00,3,1,cube1 onto cube0
coraplex_panda_demo_v2,2026-08-12 07:12:15.363833+00:00,3,2,cube2 onto cube1
coraplex_panda_demo_v2,2026-08-10 07:57:25.429533+00:00,3,2,cube2 onto cube1
coraplex_panda_demo_v2,2026-08-10 17:08:54.640351+00:00,3,2,cube2 onto cube1
coraplex_panda_demo_v2,2026-08-10 23:06:47.708181+00:00,3,2,cube2 onto cube1
coraplex_panda_demo_v2,2026-08-11 04:18:37.880292+00:00,3,2,cube2 onto cube1
coraplex_panda_demo_v2,2026-08-11 20:33:15.502061+00:00,3,2,cube2 onto cube1
coraplex_panda_demo_v2,2026-08-10 23:06:47.708181+00:00,3,3,cube3 onto cube2
coraplex_panda_demo_v2,2026-08-10 07:57:25.429533+00:00,3,3,cube3 onto cube2
coraplex_panda_demo_v2,2026-08-12 07:12:15.363833+00:00,3,3,cube3 onto cube2
coraplex_panda_demo_v2,2026-08-11 20:33:15.502061+00:00,3,3,cube3 onto cube2
coraplex_panda_demo_v2,2026-08-11 04:18:37.880292+00:00,3,3,cube3 onto cube2
coraplex_panda_demo_v2,2026-08-10 17:08:54.640351+00:00,3,3,cube3 onto cube2
coraplex_panda_demo_v2,2026-08-11 06:28:50.061664+00:00,4,1,cube1 onto cube0
coraplex_panda_demo_v2,2026-08-12 07:12:15.363833+00:00,4,1,cube1 onto cube0
coraplex_panda_demo_v2,2026-08-10 07:57:25.429533+00:00,4,1,cube1 onto cube0
coraplex_panda_demo_v2,2026-08-10 17:08:54.640351+00:00,4,1,cube1 onto cube0
coraplex_panda_demo_v2,2026-08-11 15:06:22.671206+00:00,4,1,cube1 onto cube0
coraplex_panda_demo_v2,2026-08-11 06:28:50.061664+00:00,4,2,cube2 onto cube1
coraplex_panda_demo_v2,2026-08-10 17:08:54.640351+00:00,4,2,cube2 onto cube1
coraplex_panda_demo_v2,2026-08-12 07:12:15.363833+00:00,4,2,cube2 onto cube1
coraplex_panda_demo_v2,2026-08-10 07:57:25.429533+00:00,4,2,cube2 onto cube1
coraplex_panda_demo_v2,2026-08-11 15:06:22.671206+00:00,4,2,cube2 onto cube1
coraplex_panda_demo_v2,2026-08-12 07:12:15.363833+00:00,4,3,cube3 onto cube2
coraplex_panda_demo_v2,2026-08-11 15:06:22.671206+00:00,4,3,cube3 onto cube2
coraplex_panda_demo_v2,2026-08-11 06:28:50.061664+00:00,4,3,cube3 onto cube2
coraplex_panda_demo_v2,2026-08-10 17:08:54.640351+00:00,4,3,cube3 onto cube2
coraplex_panda_demo_v2,2026-08-10 07:57:25.429533+00:00,4,3,cube3 onto cube2
coraplex_panda_demo_v2,2026-08-11 15:06:22.671206+00:00,5,1,cube1 onto cube0
coraplex_panda_demo_v2,2026-08-10 23:06:47.708181+00:00,5,1,cube1 onto cube0
coraplex_panda_demo_v2,2026-08-10 17:08:54.640351+00:00,5,1,cube1 onto cube0
coraplex_panda_demo_v2,2026-08-11 15:06:22.671206+00:00,5,2,cube2 onto cube1
coraplex_panda_demo_v2,2026-08-10 17:08:54.640351+00:00,5,2,cube2 onto cube1
coraplex_panda_demo_v2,2026-08-10 23:06:47.708181+00:00,5,2,cube2 onto cube1
coraplex_panda_demo_v2,2026-08-10 23:06:47.708181+00:00,5,3,cube3 onto cube2
coraplex_panda_demo_v2,2026-08-10 17:08:54.640351+00:00,5,3,cube3 onto cube2
coraplex_panda_demo_v2,2026-08-11 15:06:22.671206+00:00,5,3,cube3 onto cube2
coraplex_panda_demo_v2,2026-08-10 07:57:25.429533+00:00,6,1,cube1 onto cube0
coraplex_panda_demo_v2,2026-08-10 17:08:54.640351+00:00,6,1,cube1 onto cube0
coraplex_panda_demo_v2,2026-08-11 15:06:22.671206+00:00,6,1,cube1 onto cube0
coraplex_panda_demo_v2,2026-08-07 13:09:19.119509+00:00,6,1,cube1 onto cube0
coraplex_panda_demo_v2,2026-08-10 23:06:47.708181+00:00,6,1,cube1 onto cube0
coraplex_panda_demo_v2,2026-08-10 17:08:54.640351+00:00,6,2,cube2 onto cube1
coraplex_panda_demo_v2,2026-08-10 23:06:47.708181+00:00,6,2,cube2 onto cube1
coraplex_panda_demo_v2,2026-08-07 13:09:19.119509+00:00,6,2,cube2 onto cube1
coraplex_panda_demo_v2,2026-08-11 15:06:22.671206+00:00,6,2,cube2 onto cube1
coraplex_panda_demo_v2,2026-08-10 07:57:25.429533+00:00,6,2,cube2 onto cube1
coraplex_panda_demo_v2,2026-08-10 17:08:54.640351+00:00,6,3,cube3 onto cube2
coraplex_panda_demo_v2,2026-08-11 15:06:22.671206+00:00,6,3,cube3 onto cube2
coraplex_panda_demo_v2,2026-08-10 07:57:25.429533+00:00,6,3,cube3 onto cube2
coraplex_panda_demo_v2,2026-08-10 23:06:47.708181+00:00,6,3,cube3 onto cube2
coraplex_panda_demo_v2,2026-08-07 13:09:19.119509+00:00,6,3,cube3 onto cube2
coraplex_panda_demo_v2,2026-08-10 17:08:54.640351+00:00,7,1,cube1 onto cube0
coraplex_panda_demo_v2,2026-08-10 07:57:25.429533+00:00,7,1,cube1 onto cube0
coraplex_panda_demo_v2,2026-08-07 13:09:19.119509+00:00,7,1,cube1 onto cube0
coraplex_panda_demo_v2,2026-08-11 15:06:22.671206+00:00,7,1,cube1 onto cube0
coraplex_panda_demo_v2,2026-08-12 07:12:15.363833+00:00,7,1,cube1 onto cube0
coraplex_panda_demo_v2,2026-08-10 23:06:47.708181+00:00,7,1,cube1 onto cube0
coraplex_panda_demo_v2,2026-08-11 20:33:15.502061+00:00,7,1,cube1 onto cube0
coraplex_panda_demo_v2,2026-08-12 07:12:15.363833+00:00,7,2,cube2 onto cube1
coraplex_panda_demo_v2,2026-08-11 20:33:15.502061+00:00,7,2,cube2 onto cube1
coraplex_panda_demo_v2,2026-08-10 17:08:54.640351+00:00,7,2,cube2 onto cube1
coraplex_panda_demo_v2,2026-08-10 07:57:25.429533+00:00,7,2,cube2 onto cube1
coraplex_panda_demo_v2,2026-08-10 23:06:47.708181+00:00,7,2,cube2 onto cube1
coraplex_panda_demo_v2,2026-08-07 13:09:19.119509+00:00,7,2,cube2 onto cube1
coraplex_panda_demo_v2,2026-08-11 15:06:22.671206+00:00,7,2,cube2 onto cube1
coraplex_panda_demo_v2,2026-08-10 07:57:25.429533+00:00,7,3,cube3 onto cube2
coraplex_panda_demo_v2,2026-08-11 20:33:15.502061+00:00,7,3,cube3 onto cube2
coraplex_panda_demo_v2,2026-08-12 07:12:15.363833+00:00,7,3,cube3 onto cube2
coraplex_panda_demo_v2,2026-08-10 23:06:47.708181+00:00,7,3,cube3 onto cube2
coraplex_panda_demo_v2,2026-08-07 13:09:19.119509+00:00,7,3,cube3 onto cube2
coraplex_panda_demo_v2,2026-08-10 17:08:54.640351+00:00,7,3,cube3 onto cube2
coraplex_panda_demo_v2,2026-08-11 15:06:22.671206+00:00,7,3,cube3 onto cube2
coraplex_panda_demo_v2,2026-08-10 23:06:47.708181+00:00,8,1,cube1 onto cube0
coraplex_panda_demo_v2,2026-08-11 04:18:37.880292+00:00,8,1,cube1 onto cube0
coraplex_panda_demo_v2,2026-08-11 06:28:50.061664+00:00,8,1,cube1 onto cube0
coraplex_panda_demo_v2,2026-08-10 07:57:25.429533+00:00,8,1,cube1 onto cube0
coraplex_panda_demo_v2,2026-08-11 20:33:15.502061+00:00,8,1,cube1 onto cube0
coraplex_panda_demo_v2,2026-08-07 13:09:19.119509+00:00,8,1,cube1 onto cube0
coraplex_panda_demo_v2,2026-08-10 17:08:54.640351+00:00,8,1,cube1 onto cube0
coraplex_panda_demo_v2,2026-08-10 17:08:54.640351+00:00,8,2,cube2 onto cube1
coraplex_panda_demo_v2,2026-08-07 13:09:19.119509+00:00,8,2,cube2 onto cube1
coraplex_panda_demo_v2,2026-08-10 07:57:25.429533+00:00,8,2,cube2 onto cube1
coraplex_panda_demo_v2,2026-08-11 20:33:15.502061+00:00,8,2,cube2 onto cube1
coraplex_panda_demo_v2,2026-08-11 04:18:37.880292+00:00,8,2,cube2 onto cube1
coraplex_panda_demo_v2,2026-08-11 06:28:50.061664+00:00,8,2,cube2 onto cube1
coraplex_panda_demo_v2,2026-08-10 23:06:47.708181+00:00,8,2,cube2 onto cube1
coraplex_panda_demo_v2,2026-08-10 07:57:25.429533+00:00,8,3,cube3 onto cube2
coraplex_panda_demo_v2,2026-08-07 13:09:19.119509+00:00,8,3,cube3 onto cube2
coraplex_panda_demo_v2,2026-08-11 20:33:15.502061+00:00,8,3,cube3 onto cube2
coraplex_panda_demo_v2,2026-08-11 04:18:37.880292+00:00,8,3,cube3 onto cube2
coraplex_panda_demo_v2,2026-08-10 23:06:47.708181+00:00,8,3,cube3 onto cube2
coraplex_panda_demo_v2,2026-08-11 06:28:50.061664+00:00,8,3,cube3 onto cube2
coraplex_panda_demo_v2,2026-08-10 17:08:54.640351+00:00,8,3,cube3 onto cube2
coraplex_panda_demo_v2,2026-08-11 20:33:15.502061+00:00,9,1,cube1 onto cube0
coraplex_panda_demo_v2,2026-08-11 06:28:50.061664+00:00,9,1,cube1 onto cube0
coraplex_panda_demo_v2,2026-08-11 04:18:37.880292+00:00,9,1,cube1 onto cube0
coraplex_panda_demo_v2,2026-08-12 07:12:15.363833+00:00,9,1,cube1 onto cube0
coraplex_panda_demo_v2,2026-08-10 07:57:25.429533+00:00,9,1,cube1 onto cube0
coraplex_panda_demo_v2,2026-08-07 13:09:19.119509+00:00,9,1,cube1 onto cube0
coraplex_panda_demo_v2,2026-08-10 17:08:54.640351+00:00,9,1,cube1 onto cube0
coraplex_panda_demo_v2,2026-08-10 17:08:54.640351+00:00,9,2,cube2 onto cube1
coraplex_panda_demo_v2,2026-08-10 07:57:25.429533+00:00,9,2,cube2 onto cube1
coraplex_panda_demo_v2,2026-08-11 06:28:50.061664+00:00,9,2,cube2 onto cube1
coraplex_panda_demo_v2,2026-08-11 04:18:37.880292+00:00,9,2,cube2 onto cube1
coraplex_panda_demo_v2,2026-08-11 20:33:15.502061+00:00,9,2,cube2 onto cube1
coraplex_panda_demo_v2,2026-08-12 07:12:15.363833+00:00,9,2,cube2 onto cube1
coraplex_panda_demo_v2,2026-08-07 13:09:19.119509+00:00,9,2,cube2 onto cube1
coraplex_panda_demo_v2,2026-08-10 07:57:25.429533+00:00,9,3,cube3 onto cube2
coraplex_panda_demo_v2,2026-08-12 07:12:15.363833+00:00,9,3,cube3 onto cube2
coraplex_panda_demo_v2,2026-08-11 06:28:50.061664+00:00,9,3,cube3 onto cube2
coraplex_panda_demo_v2,2026-08-11 04:18:37.880292+00:00,9,3,cube3 onto cube2
coraplex_panda_demo_v2,2026-08-10 17:08:54.640351+00:00,9,3,cube3 onto cube2
coraplex_panda_demo_v2,2026-08-07 13:09:19.119509+00:00,9,3,cube3 onto cube2
coraplex_panda_demo_v2,2026-08-11 20:33:15.502061+00:00,9,3,cube3 onto cube2
coraplex_panda_demo_v2,2026-08-10 23:06:47.708181+00:00,10,1,cube1 onto cube0
coraplex_panda_demo_v2,2026-08-11 06:28:50.061664+00:00,10,1,cube1 onto cube0
coraplex_panda_demo_v2,2026-08-11 20:33:15.502061+00:00,10,1,cube1 onto cube0
coraplex_panda_demo_v2,2026-08-10 07:57:25.429533+00:00,10,1,cube1 onto cube0
coraplex_panda_demo_v2,2026-08-12 07:12:15.363833+00:00,10,1,cube1 onto cube0
coraplex_panda_demo_v2,2026-08-07 13:09:19.119509+00:00,10,1,cube1 onto cube0
coraplex_panda_demo_v2,2026-08-11 04:18:37.880292+00:00,10,1,cube1 onto cube0
coraplex_panda_demo_v2,2026-08-10 07:57:25.429533+00:00,10,2,cube2 onto cube1
coraplex_panda_demo_v2,2026-08-07 13:09:19.119509+00:00,10,2,cube2 onto cube1
coraplex_panda_demo_v2,2026-08-10 23:06:47.708181+00:00,10,2,cube2 onto cube1
coraplex_panda_demo_v2,2026-08-11 04:18:37.880292+00:00,10,2,cube2 onto cube1
coraplex_panda_demo_v2,2026-08-11 06:28:50.061664+00:00,10,2,cube2 onto cube1
coraplex_panda_demo_v2,2026-08-12 07:12:15.363833+00:00,10,2,cube2 onto cube1
coraplex_panda_demo_v2,2026-08-11 20:33:15.502061+00:00,10,2,cube2 onto cube1
coraplex_panda_demo_v2,2026-08-07 13:09:19.119509+00:00,10,3,cube3 onto cube2
coraplex_panda_demo_v2,2026-08-11 04:18:37.880292+00:00,10,3,cube3 onto cube2
coraplex_panda_demo_v2,2026-08-11 06:28:50.061664+00:00,10,3,cube3 onto cube2
coraplex_panda_demo_v2,2026-08-12 07:12:15.363833+00:00,10,3,cube3 onto cube2
coraplex_panda_demo_v2,2026-08-10 07:57:25.429533+00:00,10,3,cube3 onto cube2
coraplex_panda_demo_v2,2026-08-10 23:06:47.708181+00:00,10,3,cube3 onto cube2
coraplex_panda_demo_v2,2026-08-11 20:33:15.502061+00:00,10,3,cube3 onto cube2
coraplex_panda_demo_v2,2026-08-11 20:33:15.502061+00:00,11,1,cube1 onto cube0
coraplex_panda_demo_v2,2026-08-11 15:06:22.671206+00:00,11,1,cube1 onto cube0
coraplex_panda_demo_v2,2026-08-10 23:06:47.708181+00:00,11,1,cube1 onto cube0
coraplex_panda_demo_v2,2026-08-12 07:12:15.363833+00:00,11,1,cube1 onto cube0
coraplex_panda_demo_v2,2026-08-11 06:28:50.061664+00:00,11,1,cube1 onto cube0
coraplex_panda_demo_v2,2026-08-11 15:06:22.671206+00:00,11,2,cube2 onto cube1
coraplex_panda_demo_v2,2026-08-11 20:33:15.502061+00:00,11,2,cube2 onto cube1
coraplex_panda_demo_v2,2026-08-11 06:28:50.061664+00:00,11,2,cube2 onto cube1
coraplex_panda_demo_v2,2026-08-10 23:06:47.708181+00:00,11,2,cube2 onto cube1
coraplex_panda_demo_v2,2026-08-12 07:12:15.363833+00:00,11,2,cube2 onto cube1
coraplex_panda_demo_v2,2026-08-12 07:12:15.363833+00:00,11,3,cube3 onto cube2
coraplex_panda_demo_v2,2026-08-11 20:33:15.502061+00:00,11,3,cube3 onto cube2
coraplex_panda_demo_v2,2026-08-11 15:06:22.671206+00:00,11,3,cube3 onto cube2
coraplex_panda_demo_v2,2026-08-10 23:06:47.708181+00:00,11,3,cube3 onto cube2
coraplex_panda_demo_v2,2026-08-11 06:28:50.061664+00:00,11,3,cube3 onto cube2
coraplex_panda_demo_v2,2026-08-11 15:06:22.671206+00:00,12,1,cube1 onto cube0
coraplex_panda_demo_v2,2026-08-11 20:33:15.502061+00:00,12,1,cube1 onto cube0
coraplex_panda_demo_v2,2026-08-10 23:06:47.708181+00:00,12,1,cube1 onto cube0
coraplex_panda_demo_v2,2026-08-12 07:12:15.363833+00:00,12,1,cube1 onto cube0
coraplex_panda_demo_v2,2026-08-10 23:06:47.708181+00:00,12,2,cube2 onto cube1
coraplex_panda_demo_v2,2026-08-11 20:33:15.502061+00:00,12,2,cube2 onto cube1
coraplex_panda_demo_v2,2026-08-12 07:12:15.363833+00:00,12,2,cube2 onto cube1
coraplex_panda_demo_v2,2026-08-11 15:06:22.671206+00:00,12,2,cube2 onto cube1
coraplex_panda_demo_v2,2026-08-12 07:12:15.363833+00:00,12,3,cube3 onto cube2
coraplex_panda_demo_v2,2026-08-11 20:33:15.502061+00:00,12,3,cube3 onto cube2
coraplex_panda_demo_v2,2026-08-10 23:06:47.708181+00:00,12,3,cube3 onto cube2
coraplex_panda_demo_v2,2026-08-11 15:06:22.671206+00:00,12,3,cube3 onto cube2
coraplex_panda_demo_v2,2026-08-11 20:33:15.502061+00:00,13,1,cube1 onto cube0
coraplex_panda_demo_v2,2026-08-10 07:57:25.429533+00:00,13,1,cube1 onto cube0
coraplex_panda_demo_v2,2026-08-11 06:28:50.061664+00:00,13,1,cube1 onto cube0
coraplex_panda_demo_v2,2026-08-11 06:28:50.061664+00:00,13,2,cube2 onto cube1
coraplex_panda_demo_v2,2026-08-11 20:33:15.502061+00:00,13,2,cube2 onto cube1
coraplex_panda_demo_v2,2026-08-10 07:57:25.429533+00:00,13,2,cube2 onto cube1
coraplex_panda_demo_v2,2026-08-11 20:33:15.502061+00:00,13,3,cube3 onto cube2
coraplex_panda_demo_v2,2026-08-11 06:28:50.061664+00:00,13,3,cube3 onto cube2
coraplex_panda_demo_v2,2026-08-10 07:57:25.429533+00:00,13,3,cube3 onto cube2
coraplex_panda_demo_v2,2026-08-10 17:08:54.640351+00:00,14,1,cube1 onto cube0
coraplex_panda_demo_v2,2026-08-07 13:09:19.119509+00:00,14,1,cube1 onto cube0
coraplex_panda_demo_v2,2026-08-10 23:06:47.708181+00:00,14,1,cube1 onto cube0
coraplex_panda_demo_v2,2026-08-11 06:28:50.061664+00:00,14,1,cube1 onto cube0
coraplex_panda_demo_v2,2026-08-10 07:57:25.429533+00:00,14,1,cube1 onto cube0
coraplex_panda_demo_v2,2026-08-11 20:33:15.502061+00:00,14,1,cube1 onto cube0
coraplex_panda_demo_v2,2026-08-07 13:09:19.119509+00:00,14,2,cube2 onto cube1
coraplex_panda_demo_v2,2026-08-10 17:08:54.640351+00:00,14,2,cube2 onto cube1
coraplex_panda_demo_v2,2026-08-10 07:57:25.429533+00:00,14,2,cube2 onto cube1
coraplex_panda_demo_v2,2026-08-11 06:28:50.061664+00:00,14,2,cube2 onto cube1
coraplex_panda_demo_v2,2026-08-11 20:33:15.502061+00:00,14,2,cube2 onto cube1
coraplex_panda_demo_v2,2026-08-10 23:06:47.708181+00:00,14,2,cube2 onto cube1
coraplex_panda_demo_v2,2026-08-10 07:57:25.429533+00:00,14,3,cube3 onto cube2
coraplex_panda_demo_v2,2026-08-07 13:09:19.119509+00:00,14,3,cube3 onto cube2
coraplex_panda_demo_v2,2026-08-10 17:08:54.640351+00:00,14,3,cube3 onto cube2
coraplex_panda_demo_v2,2026-08-11 20:33:15.502061+00:00,14,3,cube3 onto cube2
coraplex_panda_demo_v2,2026-08-11 06:28:50.061664+00:00,14,3,cube3 onto cube2
coraplex_panda_demo_v2,2026-08-10 23:06:47.708181+00:00,14,3,cube3 onto cube2
coraplex_panda_demo_v2,2026-08-11 20:33:15.502061+00:00,15,1,cube1 onto cube0
coraplex_panda_demo_v2,2026-08-11 06:28:50.061664+00:00,15,1,cube1 onto cube0
coraplex_panda_demo_v2,2026-08-07 13:09:19.119509+00:00,15,1,cube1 onto cube0
coraplex_panda_demo_v2,2026-08-10 17:08:54.640351+00:00,15,1,cube1 onto cube0
coraplex_panda_demo_v2,2026-08-10 23:06:47.708181+00:00,15,1,cube1 onto cube0
coraplex_panda_demo_v2,2026-08-10 23:06:47.708181+00:00,15,2,cube2 onto cube1
coraplex_panda_demo_v2,2026-08-10 17:08:54.640351+00:00,15,2,cube2 onto cube1
coraplex_panda_demo_v2,2026-08-07 13:09:19.119509+00:00,15,2,cube2 onto cube1
coraplex_panda_demo_v2,2026-08-11 06:28:50.061664+00:00,15,2,cube2 onto cube1
coraplex_panda_demo_v2,2026-08-11 20:33:15.502061+00:00,15,2,cube2 onto cube1
coraplex_panda_demo_v2,2026-08-11 20:33:15.502061+00:00,15,3,cube3 onto cube2
coraplex_panda_demo_v2,2026-08-10 17:08:54.640351+00:00,15,3,cube3 onto cube2
coraplex_panda_demo_v2,2026-08-10 23:06:47.708181+00:00,15,3,cube3 onto cube2
coraplex_panda_demo_v2,2026-08-07 13:09:19.119509+00:00,15,3,cube3 onto cube2
coraplex_panda_demo_v2,2026-08-11 06:28:50.061664+00:00,15,3,cube3 onto cube2
coraplex_panda_demo_v2,2026-08-11 15:06:22.671206+00:00,16,1,cube1 onto cube0
coraplex_panda_demo_v2,2026-08-11 15:06:22.671206+00:00,16,2,cube2 onto cube1
coraplex_panda_demo_v2,2026-08-11 15:06:22.671206+00:00,16,3,cube3 onto cube2
coraplex_panda_demo_v2,2026-08-11 04:18:37.880292+00:00,17,1,cube1 onto cube0
coraplex_panda_demo_v2,2026-08-12 07:12:15.363833+00:00,17,1,cube1 onto cube0
coraplex_panda_demo_v2,2026-08-11 20:33:15.502061+00:00,17,1,cube1 onto cube0
coraplex_panda_demo_v2,2026-08-11 04:18:37.880292+00:00,17,2,cube2 onto cube1
coraplex_panda_demo_v2,2026-08-11 20:33:15.502061+00:00,17,2,cube2 onto cube1
coraplex_panda_demo_v2,2026-08-12 07:12:15.363833+00:00,17,2,cube2 onto cube1
coraplex_panda_demo_v2,2026-08-11 20:33:15.502061+00:00,17,3,cube3 onto cube2
coraplex_panda_demo_v2,2026-08-12 07:12:15.363833+00:00,17,3,cube3 onto cube2
coraplex_panda_demo_v2,2026-08-11 04:18:37.880292+00:00,17,3,cube3 onto cube2
coraplex_panda_demo_v2,2026-08-10 23:06:47.708181+00:00,18,1,cube1 onto cube0
coraplex_panda_demo_v2,2026-08-10 07:57:25.429533+00:00,18,1,cube1 onto cube0
coraplex_panda_demo_v2,2026-08-10 17:08:54.640351+00:00,18,1,cube1 onto cube0
coraplex_panda_demo_v2,2026-08-11 15:06:22.671206+00:00,18,1,cube1 onto cube0
coraplex_panda_demo_v2,2026-08-10 23:06:47.708181+00:00,18,2,cube2 onto cube1
coraplex_panda_demo_v2,2026-08-10 07:57:25.429533+00:00,18,2,cube2 onto cube1
coraplex_panda_demo_v2,2026-08-11 15:06:22.671206+00:00,18,2,cube2 onto cube1
coraplex_panda_demo_v2,2026-08-10 17:08:54.640351+00:00,18,2,cube2 onto cube1
coraplex_panda_demo_v2,2026-08-10 07:57:25.429533+00:00,18,3,cube3 onto cube2
coraplex_panda_demo_v2,2026-08-10 17:08:54.640351+00:00,18,3,cube3 onto cube2
coraplex_panda_demo_v2,2026-08-11 15:06:22.671206+00:00,18,3,cube3 onto cube2
coraplex_panda_demo_v2,2026-08-10 23:06:47.708181+00:00,18,3,cube3 onto cube2
coraplex_panda_demo_v2,2026-08-12 07:12:15.363833+00:00,19,1,cube1 onto cube0
coraplex_panda_demo_v2,2026-08-11 06:28:50.061664+00:00,19,1,cube1 onto cube0
coraplex_panda_demo_v2,2026-08-11 04:18:37.880292+00:00,19,1,cube1 onto cube0
coraplex_panda_demo_v2,2026-08-11 20:33:15.502061+00:00,19,1,cube1 onto cube0
coraplex_panda_demo_v2,2026-08-10 17:08:54.640351+00:00,19,1,cube1 onto cube0
coraplex_panda_demo_v2,2026-08-11 15:06:22.671206+00:00,19,1,cube1 onto cube0
coraplex_panda_demo_v2,2026-08-11 20:33:15.502061+00:00,19,2,cube2 onto cube1
coraplex_panda_demo_v2,2026-08-12 07:12:15.363833+00:00,19,2,cube2 onto cube1
coraplex_panda_demo_v2,2026-08-11 04:18:37.880292+00:00,19,2,cube2 onto cube1
coraplex_panda_demo_v2,2026-08-11 06:28:50.061664+00:00,19,2,cube2 onto cube1
coraplex_panda_demo_v2,2026-08-10 17:08:54.640351+00:00,19,2,cube2 onto cube1
coraplex_panda_demo_v2,2026-08-11 15:06:22.671206+00:00,19,2,cube2 onto cube1
coraplex_panda_demo_v2,2026-08-11 06:28:50.061664+00:00,19,3,cube3 onto cube2
coraplex_panda_demo_v2,2026-08-11 04:18:37.880292+00:00,19,3,cube3 onto cube2
coraplex_panda_demo_v2,2026-08-12 07:12:15.363833+00:00,19,3,cube3 onto cube2
coraplex_panda_demo_v2,2026-08-11 20:33:15.502061+00:00,19,3,cube3 onto cube2
coraplex_panda_demo_v2,2026-08-11 15:06:22.671206+00:00,19,3,cube3 onto cube2
coraplex_panda_demo_v2,2026-08-10 17:08:54.640351+00:00,19,3,cube3 onto cube2
coraplex_panda_demo_v2,2026-08-10 17:08:54.640351+00:00,20,1,cube1 onto cube0
coraplex_panda_demo_v2,2026-08-11 04:18:37.880292+00:00,20,1,cube1 onto cube0
coraplex_panda_demo_v2,2026-08-07 13:09:19.119509+00:00,20,1,cube1 onto cube0
coraplex_panda_demo_v2,2026-08-11 15:06:22.671206+00:00,20,1,cube1 onto cube0
coraplex_panda_demo_v2,2026-08-11 06:28:50.061664+00:00,20,1,cube1 onto cube0
coraplex_panda_demo_v2,2026-08-10 23:06:47.708181+00:00,20,1,cube1 onto cube0
coraplex_panda_demo_v2,2026-08-07 13:09:19.119509+00:00,20,2,cube2 onto cube1
coraplex_panda_demo_v2,2026-08-11 06:28:50.061664+00:00,20,2,cube2 onto cube1
coraplex_panda_demo_v2,2026-08-11 15:06:22.671206+00:00,20,2,cube2 onto cube1
coraplex_panda_demo_v2,2026-08-10 23:06:47.708181+00:00,20,2,cube2 onto cube1
coraplex_panda_demo_v2,2026-08-11 04:18:37.880292+00:00,20,2,cube2 onto cube1
coraplex_panda_demo_v2,2026-08-10 17:08:54.640351+00:00,20,2,cube2 onto cube1
coraplex_panda_demo_v2,2026-08-11 06:28:50.061664+00:00,20,3,cube3 onto cube2
coraplex_panda_demo_v2,2026-08-11 04:18:37.880292+00:00,20,3,cube3 onto cube2
coraplex_panda_demo_v2,2026-08-10 17:08:54.640351+00:00,20,3,cube3 onto cube2
coraplex_panda_demo_v2,2026-08-10 23:06:47.708181+00:00,20,3,cube3 onto cube2
coraplex_panda_demo_v2,2026-08-07 13:09:19.119509+00:00,20,3,cube3 onto cube2
coraplex_panda_demo_v2,2026-08-11 15:06:22.671206+00:00,20,3,cube3 onto cube2
coraplex_panda_demo_v2,2026-08-11 20:33:15.502061+00:00,21,1,cube1 onto cube0
coraplex_panda_demo_v2,2026-08-12 07:12:15.363833+00:00,21,1,cube1 onto cube0
coraplex_panda_demo_v2,2026-08-10 07:57:25.429533+00:00,21,1,cube1 onto cube0
coraplex_panda_demo_v2,2026-08-11 04:18:37.880292+00:00,21,1,cube1 onto cube0
coraplex_panda_demo_v2,2026-08-11 15:06:22.671206+00:00,21,1,cube1 onto cube0
coraplex_panda_demo_v2,2026-08-10 23:06:47.708181+00:00,21,1,cube1 onto cube0
coraplex_panda_demo_v2,2026-08-11 06:28:50.061664+00:00,21,1,cube1 onto cube0
coraplex_panda_demo_v2,2026-08-07 13:09:19.119509+00:00,21,1,cube1 onto cube0
coraplex_panda_demo_v2,2026-08-11 06:28:50.061664+00:00,21,2,cube2 onto cube1
coraplex_panda_demo_v2,2026-08-07 13:09:19.119509+00:00,21,2,cube2 onto cube1
coraplex_panda_demo_v2,2026-08-10 23:06:47.708181+00:00,21,2,cube2 onto cube1
coraplex_panda_demo_v2,2026-08-11 15:06:22.671206+00:00,21,2,cube2 onto cube1
coraplex_panda_demo_v2,2026-08-12 07:12:15.363833+00:00,21,2,cube2 onto cube1
coraplex_panda_demo_v2,2026-08-10 07:57:25.429533+00:00,21,2,cube2 onto cube1
coraplex_panda_demo_v2,2026-08-11 04:18:37.880292+00:00,21,2,cube2 onto cube1
coraplex_panda_demo_v2,2026-08-11 20:33:15.502061+00:00,21,2,cube2 onto cube1
coraplex_panda_demo_v2,2026-08-11 04:18:37.880292+00:00,21,3,cube3 onto cube2
coraplex_panda_demo_v2,2026-08-07 13:09:19.119509+00:00,21,3,cube3 onto cube2
coraplex_panda_demo_v2,2026-08-10 23:06:47.708181+00:00,21,3,cube3 onto cube2
coraplex_panda_demo_v2,2026-08-11 06:28:50.061664+00:00,21,3,cube3 onto cube2
coraplex_panda_demo_v2,2026-08-12 07:12:15.363833+00:00,21,3,cube3 onto cube2
coraplex_panda_demo_v2,2026-08-10 07:57:25.429533+00:00,21,3,cube3 onto cube2
coraplex_panda_demo_v2,2026-08-11 20:33:15.502061+00:00,21,3,cube3 onto cube2
coraplex_panda_demo_v2,2026-08-11 15:06:22.671206+00:00,21,3,cube3 onto cube2
coraplex_panda_demo_v2,2026-08-11 20:33:15.502061+00:00,22,1,cube1 onto cube0
coraplex_panda_demo_v2,2026-08-11 04:18:37.880292+00:00,22,1,cube1 onto cube0
coraplex_panda_demo_v2,2026-08-10 07:57:25.429533+00:00,22,1,cube1 onto cube0
coraplex_panda_demo_v2,2026-08-10 23:06:47.708181+00:00,22,1,cube1 onto cube0
coraplex_panda_demo_v2,2026-08-10 17:08:54.640351+00:00,22,1,cube1 onto cube0
coraplex_panda_demo_v2,2026-08-07 13:09:19.119509+00:00,22,1,cube1 onto cube0
coraplex_panda_demo_v2,2026-08-11 06:28:50.061664+00:00,22,1,cube1 onto cube0
coraplex_panda_demo_v2,2026-08-12 07:12:15.363833+00:00,22,1,cube1 onto cube0
coraplex_panda_demo_v2,2026-08-10 23:06:47.708181+00:00,22,2,cube2 onto cube1
coraplex_panda_demo_v2,2026-08-10 17:08:54.640351+00:00,22,2,cube2 onto cube1
coraplex_panda_demo_v2,2026-08-11 06:28:50.061664+00:00,22,2,cube2 onto cube1
coraplex_panda_demo_v2,2026-08-12 07:12:15.363833+00:00,22,2,cube2 onto cube1
coraplex_panda_demo_v2,2026-08-07 13:09:19.119509+00:00,22,2,cube2 onto cube1
coraplex_panda_demo_v2,2026-08-11 04:18:37.880292+00:00,22,2,cube2 onto cube1
coraplex_panda_demo_v2,2026-08-10 07:57:25.429533+00:00,22,2,cube2 onto cube1
coraplex_panda_demo_v2,2026-08-11 20:33:15.502061+00:00,22,2,cube2 onto cube1
coraplex_panda_demo_v2,2026-08-12 07:12:15.363833+00:00,22,3,cube3 onto cube2
coraplex_panda_demo_v2,2026-08-07 13:09:19.119509+00:00,22,3,cube3 onto cube2
coraplex_panda_demo_v2,2026-08-10 07:57:25.429533+00:00,22,3,cube3 onto cube2
coraplex_panda_demo_v2,2026-08-10 23:06:47.708181+00:00,22,3,cube3 onto cube2
coraplex_panda_demo_v2,2026-08-10 17:08:54.640351+00:00,22,3,cube3 onto cube2
coraplex_panda_demo_v2,2026-08-11 04:18:37.880292+00:00,22,3,cube3 onto cube2
coraplex_panda_demo_v2,2026-08-11 06:28:50.061664+00:00,22,3,cube3 onto cube2
coraplex_panda_demo_v2,2026-08-11 20:33:15.502061+00:00,22,3,cube3 onto cube2
coraplex_panda_demo_v2,2026-08-11 06:28:50.061664+00:00,23,1,cube1 onto cube0
coraplex_panda_demo_v2,2026-08-10 17:08:54.640351+00:00,23,1,cube1 onto cube0
coraplex_panda_demo_v2,2026-08-07 13:09:19.119509+00:00,23,1,cube1 onto cube0
coraplex_panda_demo_v2,2026-08-11 20:33:15.502061+00:00,23,1,cube1 onto cube0
coraplex_panda_demo_v2,2026-08-12 07:12:15.363833+00:00,23,1,cube1 onto cube0
coraplex_panda_demo_v2,2026-08-10 23:06:47.708181+00:00,23,1,cube1 onto cube0
coraplex_panda_demo_v2,2026-08-11 04:18:37.880292+00:00,23,1,cube1 onto cube0
coraplex_panda_demo_v2,2026-08-10 17:08:54.640351+00:00,23,2,cube2 onto cube1
coraplex_panda_demo_v2,2026-08-07 13:09:19.119509+00:00,23,2,cube2 onto cube1
coraplex_panda_demo_v2,2026-08-10 23:06:47.708181+00:00,23,2,cube2 onto cube1
coraplex_panda_demo_v2,2026-08-12 07:12:15.363833+00:00,23,2,cube2 onto cube1
coraplex_panda_demo_v2,2026-08-11 04:18:37.880292+00:00,23,2,cube2 onto cube1
coraplex_panda_demo_v2,2026-08-11 20:33:15.502061+00:00,23,2,cube2 onto cube1
coraplex_panda_demo_v2,2026-08-11 06:28:50.061664+00:00,23,2,cube2 onto cube1
coraplex_panda_demo_v2,2026-08-10 17:08:54.640351+00:00,23,3,cube3 onto cube2
coraplex_panda_demo_v2,2026-08-07 13:09:19.119509+00:00,23,3,cube3 onto cube2
coraplex_panda_demo_v2,2026-08-12 07:12:15.363833+00:00,23,3,cube3 onto cube2
coraplex_panda_demo_v2,2026-08-11 20:33:15.502061+00:00,23,3,cube3 onto cube2
coraplex_panda_demo_v2,2026-08-10 23:06:47.708181+00:00,23,3,cube3 onto cube2
coraplex_panda_demo_v2,2026-08-11 06:28:50.061664+00:00,23,3,cube3 onto cube2
coraplex_panda_demo_v2,2026-08-11 04:18:37.880292+00:00,23,3,cube3 onto cube2
coraplex_panda_demo_v2,2026-08-11 04:18:37.880292+00:00,24,1,cube1 onto cube0
coraplex_panda_demo_v2,2026-08-11 20:33:15.502061+00:00,24,1,cube1 onto cube0
coraplex_panda_demo_v2,2026-08-07 13:09:19.119509+00:00,24,1,cube1 onto cube0
coraplex_panda_demo_v2,2026-08-10 23:06:47.708181+00:00,24,1,cube1 onto cube0
coraplex_panda_demo_v2,2026-08-10 07:57:25.429533+00:00,24,1,cube1 onto cube0
coraplex_panda_demo_v2,2026-08-12 07:12:15.363833+00:00,24,1,cube1 onto cube0
coraplex_panda_demo_v2,2026-08-10 23:06:47.708181+00:00,24,2,cube2 onto cube1
coraplex_panda_demo_v2,2026-08-12 07:12:15.363833+00:00,24,2,cube2 onto cube1
coraplex_panda_demo_v2,2026-08-11 04:18:37.880292+00:00,24,2,cube2 onto cube1
coraplex_panda_demo_v2,2026-08-11 20:33:15.502061+00:00,24,2,cube2 onto cube1
coraplex_panda_demo_v2,2026-08-07 13:09:19.119509+00:00,24,2,cube2 onto cube1
coraplex_panda_demo_v2,2026-08-10 07:57:25.429533+00:00,24,2,cube2 onto cube1
coraplex_panda_demo_v2,2026-08-12 07:12:15.363833+00:00,24,3,cube3 onto cube2
coraplex_panda_demo_v2,2026-08-07 13:09:19.119509+00:00,24,3,cube3 onto cube2
coraplex_panda_demo_v2,2026-08-10 07:57:25.429533+00:00,24,3,cube3 onto cube2
coraplex_panda_demo_v2,2026-08-11 20:33:15.502061+00:00,24,3,cube3 onto cube2
coraplex_panda_demo_v2,2026-08-10 23:06:47.708181+00:00,24,3,cube3 onto cube2
coraplex_panda_demo_v2,2026-08-11 04:18:37.880292+00:00,24,3,cube3 onto cube2
coraplex_panda_demo_v2,2026-08-11 15:06:22.671206+00:00,25,1,cube1 onto cube0
coraplex_panda_demo_v2,2026-08-10 23:06:47.708181+00:00,25,1,cube1 onto cube0
coraplex_panda_demo_v2,2026-08-07 13:09:19.119509+00:00,25,1,cube1 onto cube0
coraplex_panda_demo_v2,2026-08-10 17:08:54.640351+00:00,25,1,cube1 onto cube0
coraplex_panda_demo_v2,2026-08-11 04:18:37.880292+00:00,25,1,cube1 onto cube0
coraplex_panda_demo_v2,2026-08-11 20:33:15.502061+00:00,25,1,cube1 onto cube0
coraplex_panda_demo_v2,2026-08-11 06:28:50.061664+00:00,25,1,cube1 onto cube0
coraplex_panda_demo_v2,2026-08-10 07:57:25.429533+00:00,25,1,cube1 onto cube0
coraplex_panda_demo_v2,2026-08-11 04:18:37.880292+00:00,25,2,cube2 onto cube1
coraplex_panda_demo_v2,2026-08-07 13:09:19.119509+00:00,25,2,cube2 onto cube1
coraplex_panda_demo_v2,2026-08-11 20:33:15.502061+00:00,25,2,cube2 onto cube1
coraplex_panda_demo_v2,2026-08-10 17:08:54.640351+00:00,25,2,cube2 onto cube1
coraplex_panda_demo_v2,2026-08-11 06:28:50.061664+00:00,25,2,cube2 onto cube1
coraplex_panda_demo_v2,2026-08-10 23:06:47.708181+00:00,25,2,cube2 onto cube1
coraplex_panda_demo_v2,2026-08-11 15:06:22.671206+00:00,25,2,cube2 onto cube1
coraplex_panda_demo_v2,2026-08-10 07:57:25.429533+00:00,25,2,cube2 onto cube1
coraplex_panda_demo_v2,2026-08-10 17:08:54.640351+00:00,25,3,cube3 onto cube2
coraplex_panda_demo_v2,2026-08-11 06:28:50.061664+00:00,25,3,cube3 onto cube2
coraplex_panda_demo_v2,2026-08-10 07:57:25.429533+00:00,25,3,cube3 onto cube2
coraplex_panda_demo_v2,2026-08-11 15:06:22.671206+00:00,25,3,cube3 onto cube2
coraplex_panda_demo_v2,2026-08-07 13:09:19.119509+00:00,25,3,cube3 onto cube2
coraplex_panda_demo_v2,2026-08-11 20:33:15.502061+00:00,25,3,cube3 onto cube2
coraplex_panda_demo_v2,2026-08-11 04:18:37.880292+00:00,25,3,cube3 onto cube2
coraplex_panda_demo_v2,2026-08-10 23:06:47.708181+00:00,25,3,cube3 onto cube2
coraplex_panda_demo_v2,2026-08-11 15:06:22.671206+00:00,26,1,cube1 onto cube0
coraplex_panda_demo_v2,2026-08-11 04:18:37.880292+00:00,26,1,cube1 onto cube0
coraplex_panda_demo_v2,2026-08-10 23:06:47.708181+00:00,26,1,cube1 onto cube0
coraplex_panda_demo_v2,2026-08-12 07:12:15.363833+00:00,26,1,cube1 onto cube0
coraplex_panda_demo_v2,2026-08-11 20:33:15.502061+00:00,26,1,cube1 onto cube0
coraplex_panda_demo_v2,2026-08-07 13:09:19.119509+00:00,26,1,cube1 onto cube0
coraplex_panda_demo_v2,2026-08-11 04:18:37.880292+00:00,26,2,cube2 onto cube1
coraplex_panda_demo_v2,2026-08-11 15:06:22.671206+00:00,26,2,cube2 onto cube1
coraplex_panda_demo_v2,2026-08-12 07:12:15.363833+00:00,26,2,cube2 onto cube1
coraplex_panda_demo_v2,2026-08-11 20:33:15.502061+00:00,26,2,cube2 onto cube1
coraplex_panda_demo_v2,2026-08-07 13:09:19.119509+00:00,26,2,cube2 onto cube1
coraplex_panda_demo_v2,2026-08-10 23:06:47.708181+00:00,26,2,cube2 onto cube1
coraplex_panda_demo_v2,2026-08-11 04:18:37.880292+00:00,26,3,cube3 onto cube2
coraplex_panda_demo_v2,2026-08-11 20:33:15.502061+00:00,26,3,cube3 onto cube2
coraplex_panda_demo_v2,2026-08-10 23:06:47.708181+00:00,26,3,cube3 onto cube2
coraplex_panda_demo_v2,2026-08-07 13:09:19.119509+00:00,26,3,cube3 onto cube2
coraplex_panda_demo_v2,2026-08-12 07:12:15.363833+00:00,26,3,cube3 onto cube2
coraplex_panda_demo_v2,2026-08-11 15:06:22.671206+00:00,26,3,cube3 onto cube2
coraplex_panda_demo_v2,2026-08-11 06:28:50.061664+00:00,27,1,cube1 onto cube0
coraplex_panda_demo_v2,2026-08-10 07:57:25.429533+00:00,27,1,cube1 onto cube0
coraplex_panda_demo_v2,2026-08-12 07:12:15.363833+00:00,27,1,cube1 onto cube0
coraplex_panda_demo_v2,2026-08-07 13:09:19.119509+00:00,27,1,cube1 onto cube0
coraplex_panda_demo_v2,2026-08-11 20:33:15.502061+00:00,27,1,cube1 onto cube0
coraplex_panda_demo_v2,2026-08-07 13:09:19.119509+00:00,27,2,cube2 onto cube1
coraplex_panda_demo_v2,2026-08-10 07:57:25.429533+00:00,27,2,cube2 onto cube1
coraplex_panda_demo_v2,2026-08-11 20:33:15.502061+00:00,27,2,cube2 onto cube1
coraplex_panda_demo_v2,2026-08-11 06:28:50.061664+00:00,27,2,cube2 onto cube1
coraplex_panda_demo_v2,2026-08-12 07:12:15.363833+00:00,27,2,cube2 onto cube1
coraplex_panda_demo_v2,2026-08-07 13:09:19.119509+00:00,27,3,cube3 onto cube2
coraplex_panda_demo_v2,2026-08-12 07:12:15.363833+00:00,27,3,cube3 onto cube2
coraplex_panda_demo_v2,2026-08-11 06:28:50.061664+00:00,27,3,cube3 onto cube2
coraplex_panda_demo_v2,2026-08-10 07:57:25.429533+00:00,27,3,cube3 onto cube2
coraplex_panda_demo_v2,2026-08-11 20:33:15.502061+00:00,27,3,cube3 onto cube2
coraplex_panda_demo_v2,2026-08-11 06:28:50.061664+00:00,28,1,cube1 onto cube0
coraplex_panda_demo_v2,2026-08-10 17:08:54.640351+00:00,28,1,cube1 onto cube0
coraplex_panda_demo_v2,2026-08-11 15:06:22.671206+00:00,28,1,cube1 onto cube0
coraplex_panda_demo_v2,2026-08-11 20:33:15.502061+00:00,28,1,cube1 onto cube0
coraplex_panda_demo_v2,2026-08-10 07:57:25.429533+00:00,28,1,cube1 onto cube0
coraplex_panda_demo_v2,2026-08-11 15:06:22.671206+00:00,28,2,cube2 onto cube1
coraplex_panda_demo_v2,2026-08-10 07:57:25.429533+00:00,28,2,cube2 onto cube1
coraplex_panda_demo_v2,2026-08-11 06:28:50.061664+00:00,28,2,cube2 onto cube1
coraplex_panda_demo_v2,2026-08-10 17:08:54.640351+00:00,28,2,cube2 onto cube1
coraplex_panda_demo_v2,2026-08-11 20:33:15.502061+00:00,28,2,cube2 onto cube1
coraplex_panda_demo_v2,2026-08-11 15:06:22.671206+00:00,28,3,cube3 onto cube2
coraplex_panda_demo_v2,2026-08-10 17:08:54.640351+00:00,28,3,cube3 onto cube2
coraplex_panda_demo_v2,2026-08-11 20:33:15.502061+00:00,28,3,cube3 onto cube2
coraplex_panda_demo_v2,2026-08-10 07:57:25.429533+00:00,28,3,cube3 onto cube2
coraplex_panda_demo_v2,2026-08-11 06:28:50.061664+00:00,28,3,cube3 onto cube2
coraplex_panda_demo_v2,2026-08-10 23:06:47.708181+00:00,29,1,cube1 onto cube0
coraplex_panda_demo_v2,2026-08-11 06:28:50.061664+00:00,29,1,cube1 onto cube0
coraplex_panda_demo_v2,2026-08-07 13:09:19.119509+00:00,29,1,cube1 onto cube0
coraplex_panda_demo_v2,2026-08-10 17:08:54.640351+00:00,29,1,cube1 onto cube0
coraplex_panda_demo_v2,2026-08-10 07:57:25.429533+00:00,29,1,cube1 onto cube0
coraplex_panda_demo_v2,2026-08-11 20:33:15.502061+00:00,29,1,cube1 onto cube0
coraplex_panda_demo_v2,2026-08-07 13:09:19.119509+00:00,29,2,cube2 onto cube1
coraplex_panda_demo_v2,2026-08-11 06:28:50.061664+00:00,29,2,cube2 onto cube1
coraplex_panda_demo_v2,2026-08-10 07:57:25.429533+00:00,29,2,cube2 onto cube1
coraplex_panda_demo_v2,2026-08-10 17:08:54.640351+00:00,29,2,cube2 onto cube1
coraplex_panda_demo_v2,2026-08-10 23:06:47.708181+00:00,29,2,cube2 onto cube1
coraplex_panda_demo_v2,2026-08-11 20:33:15.502061+00:00,29,2,cube2 onto cube1
coraplex_panda_demo_v2,2026-08-11 06:28:50.061664+00:00,29,3,cube3 onto cube2
coraplex_panda_demo_v2,2026-08-10 17:08:54.640351+00:00,29,3,cube3 onto cube2
coraplex_panda_demo_v2,2026-08-07 13:09:19.119509+00:00,29,3,cube3 onto cube2
coraplex_panda_demo_v2,2026-08-10 23:06:47.708181+00:00,29,3,cube3 onto cube2
coraplex_panda_demo_v2,2026-08-10 07:57:25.429533+00:00,29,3,cube3 onto cube2
coraplex_panda_demo_v2,2026-08-11 20:33:15.502061+00:00,29,3,cube3 onto cube2
coraplex_panda_demo_v2,2026-08-12 07:12:15.363833+00:00,30,1,cube1 onto cube0
coraplex_panda_demo_v2,2026-08-07 13:09:19.119509+00:00,30,1,cube1 onto cube0
coraplex_panda_demo_v2,2026-08-11 06:28:50.061664+00:00,30,1,cube1 onto cube0
coraplex_panda_demo_v2,2026-08-10 17:08:54.640351+00:00,30,1,cube1 onto cube0
coraplex_panda_demo_v2,2026-08-11 04:18:37.880292+00:00,30,1,cube1 onto cube0
coraplex_panda_demo_v2,2026-08-11 20:33:15.502061+00:00,30,1,cube1 onto cube0
coraplex_panda_demo_v2,2026-08-11 20:33:15.502061+00:00,30,2,cube2 onto cube1
coraplex_panda_demo_v2,2026-08-11 06:28:50.061664+00:00,30,2,cube2 onto cube1
coraplex_panda_demo_v2,2026-08-12 07:12:15.363833+00:00,30,2,cube2 onto cube1
coraplex_panda_demo_v2,2026-08-07 13:09:19.119509+00:00,30,2,cube2 onto cube1
coraplex_panda_demo_v2,2026-08-10 17:08:54.640351+00:00,30,2,cube2 onto cube1
coraplex_panda_demo_v2,2026-08-11 04:18:37.880292+00:00,30,2,cube2 onto cube1
coraplex_panda_demo_v2,2026-08-11 06:28:50.061664+00:00,30,3,cube3 onto cube2
coraplex_panda_demo_v2,2026-08-11 04:18:37.880292+00:00,30,3,cube3 onto cube2
coraplex_panda_demo_v2,2026-08-11 20:33:15.502061+00:00,30,3,cube3 onto cube2
coraplex_panda_demo_v2,2026-08-10 17:08:54.640351+00:00,30,3,cube3 onto cube2
coraplex_panda_demo_v2,2026-08-07 13:09:19.119509+00:00,30,3,cube3 onto cube2
coraplex_panda_demo_v2,2026-08-12 07:12:15.363833+00:00,30,3,cube3 onto cube2
coraplex_panda_demo_v2,2026-08-10 23:06:47.708181+00:00,31,1,cube1 onto cube0
coraplex_panda_demo_v2,2026-08-11 06:28:50.061664+00:00,31,1,cube1 onto cube0
coraplex_panda_demo_v2,2026-08-07 13:09:19.119509+00:00,31,1,cube1 onto cube0
coraplex_panda_demo_v2,2026-08-11 15:06:22.671206+00:00,31,1,cube1 onto cube0
coraplex_panda_demo_v2,2026-08-11 04:18:37.880292+00:00,31,1,cube1 onto cube0
coraplex_panda_demo_v2,2026-08-11 20:33:15.502061+00:00,31,1,cube1 onto cube0
coraplex_panda_demo_v2,2026-08-10 07:57:25.429533+00:00,31,1,cube1 onto cube0
coraplex_panda_demo_v2,2026-08-10 17:08:54.640351+00:00,31,1,cube1 onto cube0
coraplex_panda_demo_v2,2026-08-12 07:12:15.363833+00:00,31,1,cube1 onto cube0
coraplex_panda_demo_v2,2026-08-10 17:08:54.640351+00:00,31,2,cube2 onto cube1
coraplex_panda_demo_v2,2026-08-10 23:06:47.708181+00:00,31,2,cube2 onto cube1
coraplex_panda_demo_v2,2026-08-11 15:06:22.671206+00:00,31,2,cube2 onto cube1
coraplex_panda_demo_v2,2026-08-11 20:33:15.502061+00:00,31,2,cube2 onto cube1
coraplex_panda_demo_v2,2026-08-07 13:09:19.119509+00:00,31,2,cube2 onto cube1
coraplex_panda_demo_v2,2026-08-11 06:28:50.061664+00:00,31,2,cube2 onto cube1
coraplex_panda_demo_v2,2026-08-11 04:18:37.880292+00:00,31,2,cube2 onto cube1
coraplex_panda_demo_v2,2026-08-10 07:57:25.429533+00:00,31,2,cube2 onto cube1
coraplex_panda_demo_v2,2026-08-12 07:12:15.363833+00:00,31,2,cube2 onto cube1
coraplex_panda_demo_v2,2026-08-11 06:28:50.061664+00:00,31,3,cube3 onto cube2
coraplex_panda_demo_v2,2026-08-11 15:06:22.671206+00:00,31,3,cube3 onto cube2
coraplex_panda_demo_v2,2026-08-10 17:08:54.640351+00:00,31,3,cube3 onto cube2
coraplex_panda_demo_v2,2026-08-07 13:09:19.119509+00:00,31,3,cube3 onto cube2
coraplex_panda_demo_v2,2026-08-10 23:06:47.708181+00:00,31,3,cube3 onto cube2
coraplex_panda_demo_v2,2026-08-11 04:18:37.880292+00:00,31,3,cube3 onto cube2
coraplex_panda_demo_v2,2026-08-12 07:12:15.363833+00:00,31,3,cube3 onto cube2
coraplex_panda_demo_v2,2026-08-11 20:33:15.502061+00:00,31,3,cube3 onto cube2
coraplex_panda_demo_v2,2026-08-10 07:57:25.429533+00:00,31,3,cube3 onto cube2
coraplex_panda_demo_v2,2026-08-11 04:18:37.880292+00:00,32,1,cube1 onto cube0
coraplex_panda_demo_v2,2026-08-10 23:06:47.708181+00:00,32,1,cube1 onto cube0
coraplex_panda_demo_v2,2026-08-10 17:08:54.640351+00:00,32,1,cube1 onto cube0
coraplex_panda_demo_v2,2026-08-11 20:33:15.502061+00:00,32,1,cube1 onto cube0
coraplex_panda_demo_v2,2026-08-11 06:28:50.061664+00:00,32,1,cube1 onto cube0
coraplex_panda_demo_v2,2026-08-11 15:06:22.671206+00:00,32,1,cube1 onto cube0
coraplex_panda_demo_v2,2026-08-12 07:12:15.363833+00:00,32,1,cube1 onto cube0
coraplex_panda_demo_v2,2026-08-10 07:57:25.429533+00:00,32,1,cube1 onto cube0
coraplex_panda_demo_v2,2026-08-07 13:09:19.119509+00:00,32,1,cube1 onto cube0
coraplex_panda_demo_v2,2026-08-11 04:18:37.880292+00:00,32,2,cube2 onto cube1
coraplex_panda_demo_v2,2026-08-12 07:12:15.363833+00:00,32,2,cube2 onto cube1
coraplex_panda_demo_v2,2026-08-07 13:09:19.119509+00:00,32,2,cube2 onto cube1
coraplex_panda_demo_v2,2026-08-11 15:06:22.671206+00:00,32,2,cube2 onto cube1
coraplex_panda_demo_v2,2026-08-11 20:33:15.502061+00:00,32,2,cube2 onto cube1
coraplex_panda_demo_v2,2026-08-10 17:08:54.640351+00:00,32,2,cube2 onto cube1
coraplex_panda_demo_v2,2026-08-10 23:06:47.708181+00:00,32,2,cube2 onto cube1
coraplex_panda_demo_v2,2026-08-11 06:28:50.061664+00:00,32,2,cube2 onto cube1
coraplex_panda_demo_v2,2026-08-10 07:57:25.429533+00:00,32,2,cube2 onto cube1
coraplex_panda_demo_v2,2026-08-11 04:18:37.880292+00:00,32,3,cube3 onto cube2
coraplex_panda_demo_v2,2026-08-10 17:08:54.640351+00:00,32,3,cube3 onto cube2
coraplex_panda_demo_v2,2026-08-10 07:57:25.429533+00:00,32,3,cube3 onto cube2
coraplex_panda_demo_v2,2026-08-11 20:33:15.502061+00:00,32,3,cube3 onto cube2
coraplex_panda_demo_v2,2026-08-11 06:28:50.061664+00:00,32,3,cube3 onto cube2
coraplex_panda_demo_v2,2026-08-12 07:12:15.363833+00:00,32,3,cube3 onto cube2
coraplex_panda_demo_v2,2026-08-07 13:09:19.119509+00:00,32,3,cube3 onto cube2
coraplex_panda_demo_v2,2026-08-10 23:06:47.708181+00:00,32,3,cube3 onto cube2
coraplex_panda_demo_v2,2026-08-11 15:06:22.671206+00:00,32,3,cube3 onto cube2
coraplex_panda_demo_v2,2026-08-07 13:09:19.119509+00:00,33,1,cube1 onto cube0
coraplex_panda_demo_v2,2026-08-11 15:06:22.671206+00:00,33,1,cube1 onto cube0
coraplex_panda_demo_v2,2026-08-10 07:57:25.429533+00:00,33,1,cube1 onto cube0
coraplex_panda_demo_v2,2026-08-12 07:12:15.363833+00:00,33,1,cube1 onto cube0
coraplex_panda_demo_v2,2026-08-10 23:06:47.708181+00:00,33,1,cube1 onto cube0
coraplex_panda_demo_v2,2026-08-11 04:18:37.880292+00:00,33,1,cube1 onto cube0
coraplex_panda_demo_v2,2026-08-11 20:33:15.502061+00:00,33,1,cube1 onto cube0
coraplex_panda_demo_v2,2026-08-11 15:06:22.671206+00:00,33,2,cube2 onto cube1
coraplex_panda_demo_v2,2026-08-10 07:57:25.429533+00:00,33,2,cube2 onto cube1
coraplex_panda_demo_v2,2026-08-07 13:09:19.119509+00:00,33,2,cube2 onto cube1
coraplex_panda_demo_v2,2026-08-12 07:12:15.363833+00:00,33,2,cube2 onto cube1
coraplex_panda_demo_v2,2026-08-11 04:18:37.880292+00:00,33,2,cube2 onto cube1
coraplex_panda_demo_v2,2026-08-11 20:33:15.502061+00:00,33,2,cube2 onto cube1
coraplex_panda_demo_v2,2026-08-10 23:06:47.708181+00:00,33,2,cube2 onto cube1
coraplex_panda_demo_v2,2026-08-12 07:12:15.363833+00:00,33,3,cube3 onto cube2
coraplex_panda_demo_v2,2026-08-10 23:06:47.708181+00:00,33,3,cube3 onto cube2
coraplex_panda_demo_v2,2026-08-10 07:57:25.429533+00:00,33,3,cube3 onto cube2
coraplex_panda_demo_v2,2026-08-07 13:09:19.119509+00:00,33,3,cube3 onto cube2
coraplex_panda_demo_v2,2026-08-11 20:33:15.502061+00:00,33,3,cube3 onto cube2
coraplex_panda_demo_v2,2026-08-11 15:06:22.671206+00:00,33,3,cube3 onto cube2
coraplex_panda_demo_v2,2026-08-11 04:18:37.880292+00:00,33,3,cube3 onto cube2
coraplex_panda_demo_v2,2026-08-11 04:18:37.880292+00:00,34,1,cube1 onto cube0
coraplex_panda_demo_v2,2026-08-12 07:12:15.363833+00:00,34,1,cube1 onto cube0
coraplex_panda_demo_v2,2026-08-11 20:33:15.502061+00:00,34,1,cube1 onto cube0
coraplex_panda_demo_v2,2026-08-11 06:28:50.061664+00:00,34,1,cube1 onto cube0
coraplex_panda_demo_v2,2026-08-10 07:57:25.429533+00:00,34,1,cube1 onto cube0
coraplex_panda_demo_v2,2026-08-10 17:08:54.640351+00:00,34,1,cube1 onto cube0
coraplex_panda_demo_v2,2026-08-10 07:57:25.429533+00:00,34,2,cube2 onto cube1
coraplex_panda_demo_v2,2026-08-10 17:08:54.640351+00:00,34,2,cube2 onto cube1
coraplex_panda_demo_v2,2026-08-11 04:18:37.880292+00:00,34,2,cube2 onto cube1
coraplex_panda_demo_v2,2026-08-12 07:12:15.363833+00:00,34,2,cube2 onto cube1
coraplex_panda_demo_v2,2026-08-11 20:33:15.502061+00:00,34,2,cube2 onto cube1
coraplex_panda_demo_v2,2026-08-11 06:28:50.061664+00:00,34,2,cube2 onto cube1
coraplex_panda_demo_v2,2026-08-10 17:08:54.640351+00:00,34,3,cube3 onto cube2
coraplex_panda_demo_v2,2026-08-10 07:57:25.429533+00:00,34,3,cube3 onto cube2
coraplex_panda_demo_v2,2026-08-11 06:28:50.061664+00:00,34,3,cube3 onto cube2
coraplex_panda_demo_v2,2026-08-11 04:18:37.880292+00:00,34,3,cube3 onto cube2
coraplex_panda_demo_v2,2026-08-11 20:33:15.502061+00:00,34,3,cube3 onto cube2
coraplex_panda_demo_v2,2026-08-12 07:12:15.363833+00:00,34,3,cube3 onto cube2
coraplex_panda_demo_v2,2026-08-11 06:28:50.061664+00:00,35,1,cube1 onto cube0
coraplex_panda_demo_v2,2026-08-12 07:12:15.363833+00:00,35,1,cube1 onto cube0
coraplex_panda_demo_v2,2026-08-11 20:33:15.502061+00:00,35,1,cube1 onto cube0
coraplex_panda_demo_v2,2026-08-11 15:06:22.671206+00:00,35,1,cube1 onto cube0
coraplex_panda_demo_v2,2026-08-10 23:06:47.708181+00:00,35,1,cube1 onto cube0
coraplex_panda_demo_v2,2026-08-12 07:12:15.363833+00:00,35,2,cube2 onto cube1
coraplex_panda_demo_v2,2026-08-11 20:33:15.502061+00:00,35,2,cube2 onto cube1
coraplex_panda_demo_v2,2026-08-11 06:28:50.061664+00:00,35,2,cube2 onto cube1
coraplex_panda_demo_v2,2026-08-11 15:06:22.671206+00:00,35,2,cube2 onto cube1
coraplex_panda_demo_v2,2026-08-10 23:06:47.708181+00:00,35,2,cube2 onto cube1
coraplex_panda_demo_v2,2026-08-12 07:12:15.363833+00:00,35,3,cube3 onto cube2
coraplex_panda_demo_v2,2026-08-11 06:28:50.061664+00:00,35,3,cube3 onto cube2
coraplex_panda_demo_v2,2026-08-10 23:06:47.708181+00:00,35,3,cube3 onto cube2
coraplex_panda_demo_v2,2026-08-11 20:33:15.502061+00:00,35,3,cube3 onto cube2
coraplex_panda_demo_v2,2026-08-11 15:06:22.671206+00:00,35,3,cube3 onto cube2
coraplex_panda_demo_v2,2026-08-12 07:12:15.363833+00:00,36,1,cube1 onto cube0
coraplex_panda_demo_v2,2026-08-10 23:06:47.708181+00:00,36,1,cube1 onto cube0
coraplex_panda_demo_v2,2026-08-10 17:08:54.640351+00:00,36,1,cube1 onto cube0
coraplex_panda_demo_v2,2026-08-11 06:28:50.061664+00:00,36,1,cube1 onto cube0
coraplex_panda_demo_v2,2026-08-10 07:57:25.429533+00:00,36,1,cube1 onto cube0
coraplex_panda_demo_v2,2026-08-11 15:06:22.671206+00:00,36,1,cube1 onto cube0
coraplex_panda_demo_v2,2026-08-07 13:09:19.119509+00:00,36,1,cube1 onto cube0
coraplex_panda_demo_v2,2026-08-11 04:18:37.880292+00:00,36,1,cube1 onto cube0
coraplex_panda_demo_v2,2026-08-10 23:06:47.708181+00:00,36,2,cube2 onto cube1
coraplex_panda_demo_v2,2026-08-10 17:08:54.640351+00:00,36,2,cube2 onto cube1
coraplex_panda_demo_v2,2026-08-12 07:12:15.363833+00:00,36,2,cube2 onto cube1
coraplex_panda_demo_v2,2026-08-11 15:06:22.671206+00:00,36,2,cube2 onto cube1
coraplex_panda_demo_v2,2026-08-11 06:28:50.061664+00:00,36,2,cube2 onto cube1
coraplex_panda_demo_v2,2026-08-07 13:09:19.119509+00:00,36,2,cube2 onto cube1
coraplex_panda_demo_v2,2026-08-11 04:18:37.880292+00:00,36,2,cube2 onto cube1
coraplex_panda_demo_v2,2026-08-10 07:57:25.429533+00:00,36,2,cube2 onto cube1
coraplex_panda_demo_v2,2026-08-11 04:18:37.880292+00:00,36,3,cube3 onto cube2
coraplex_panda_demo_v2,2026-08-07 13:09:19.119509+00:00,36,3,cube3 onto cube2
coraplex_panda_demo_v2,2026-08-12 07:12:15.363833+00:00,36,3,cube3 onto cube2
coraplex_panda_demo_v2,2026-08-10 23:06:47.708181+00:00,36,3,cube3 onto cube2
coraplex_panda_demo_v2,2026-08-10 07:57:25.429533+00:00,36,3,cube3 onto cube2
coraplex_panda_demo_v2,2026-08-11 15:06:22.671206+00:00,36,3,cube3 onto cube2
coraplex_panda_demo_v2,2026-08-10 17:08:54.640351+00:00,36,3,cube3 onto cube2
coraplex_panda_demo_v2,2026-08-11 06:28:50.061664+00:00,36,3,cube3 onto cube2
coraplex_panda_demo_v2,2026-08-11 15:06:22.671206+00:00,37,1,cube1 onto cube0
coraplex_panda_demo_v2,2026-08-11 20:33:15.502061+00:00,37,1,cube1 onto cube0
coraplex_panda_demo_v2,2026-08-10 23:06:47.708181+00:00,37,1,cube1 onto cube0
coraplex_panda_demo_v2,2026-08-07 13:09:19.119509+00:00,37,1,cube1 onto cube0
coraplex_panda_demo_v2,2026-08-10 17:08:54.640351+00:00,37,1,cube1 onto cube0
coraplex_panda_demo_v2,2026-08-10 23:06:47.708181+00:00,37,2,cube2 onto cube1
coraplex_panda_demo_v2,2026-08-07 13:09:19.119509+00:00,37,2,cube2 onto cube1
coraplex_panda_demo_v2,2026-08-11 15:06:22.671206+00:00,37,2,cube2 onto cube1
coraplex_panda_demo_v2,2026-08-11 20:33:15.502061+00:00,37,2,cube2 onto cube1
coraplex_panda_demo_v2,2026-08-10 17:08:54.640351+00:00,37,2,cube2 onto cube1
coraplex_panda_demo_v2,2026-08-10 17:08:54.640351+00:00,37,3,cube3 onto cube2
coraplex_panda_demo_v2,2026-08-07 13:09:19.119509+00:00,37,3,cube3 onto cube2
coraplex_panda_demo_v2,2026-08-11 20:33:15.502061+00:00,37,3,cube3 onto cube2
coraplex_panda_demo_v2,2026-08-11 15:06:22.671206+00:00,37,3,cube3 onto cube2
coraplex_panda_demo_v2,2026-08-10 23:06:47.708181+00:00,37,3,cube3 onto cube2
coraplex_panda_demo_v2,2026-08-10 17:08:54.640351+00:00,38,1,cube1 onto cube0
coraplex_panda_demo_v2,2026-08-11 04:18:37.880292+00:00,38,1,cube1 onto cube0
coraplex_panda_demo_v2,2026-08-11 15:06:22.671206+00:00,38,1,cube1 onto cube0
coraplex_panda_demo_v2,2026-08-11 20:33:15.502061+00:00,38,1,cube1 onto cube0
coraplex_panda_demo_v2,2026-08-10 07:57:25.429533+00:00,38,1,cube1 onto cube0
coraplex_panda_demo_v2,2026-08-12 07:12:15.363833+00:00,38,1,cube1 onto cube0
coraplex_panda_demo_v2,2026-08-12 07:12:15.363833+00:00,38,2,cube2 onto cube1
coraplex_panda_demo_v2,2026-08-11 20:33:15.502061+00:00,38,2,cube2 onto cube1
coraplex_panda_demo_v2,2026-08-11 15:06:22.671206+00:00,38,2,cube2 onto cube1
coraplex_panda_demo_v2,2026-08-10 17:08:54.640351+00:00,38,2,cube2 onto cube1
coraplex_panda_demo_v2,2026-08-10 07:57:25.429533+00:00,38,2,cube2 onto cube1
coraplex_panda_demo_v2,2026-08-11 04:18:37.880292+00:00,38,2,cube2 onto cube1
coraplex_panda_demo_v2,2026-08-11 04:18:37.880292+00:00,38,3,cube3 onto cube2
coraplex_panda_demo_v2,2026-08-11 20:33:15.502061+00:00,38,3,cube3 onto cube2
coraplex_panda_demo_v2,2026-08-12 07:12:15.363833+00:00,38,3,cube3 onto cube2
coraplex_panda_demo_v2,2026-08-11 15:06:22.671206+00:00,38,3,cube3 onto cube2
coraplex_panda_demo_v2,2026-08-10 17:08:54.640351+00:00,38,3,cube3 onto cube2
coraplex_panda_demo_v2,2026-08-10 07:57:25.429533+00:00,38,3,cube3 onto cube2
coraplex_panda_demo_v2,2026-08-12 07:12:15.363833+00:00,39,1,cube1 onto cube0
coraplex_panda_demo_v2,2026-08-10 17:08:54.640351+00:00,39,1,cube1 onto cube0
coraplex_panda_demo_v2,2026-08-11 15:06:22.671206+00:00,39,1,cube1 onto cube0
coraplex_panda_demo_v2,2026-08-10 07:57:25.429533+00:00,39,1,cube1 onto cube0
coraplex_panda_demo_v2,2026-08-07 13:09:19.119509+00:00,39,1,cube1 onto cube0
coraplex_panda_demo_v2,2026-08-12 07:12:15.363833+00:00,39,2,cube2 onto cube1
coraplex_panda_demo_v2,2026-08-10 17:08:54.640351+00:00,39,2,cube2 onto cube1
coraplex_panda_demo_v2,2026-08-11 15:06:22.671206+00:00,39,2,cube2 onto cube1
coraplex_panda_demo_v2,2026-08-10 07:57:25.429533+00:00,39,2,cube2 onto cube1
coraplex_panda_demo_v2,2026-08-07 13:09:19.119509+00:00,39,2,cube2 onto cube1
coraplex_panda_demo_v2,2026-08-12 07:12:15.363833+00:00,39,3,cube3 onto cube2
coraplex_panda_demo_v2,2026-08-10 07:57:25.429533+00:00,39,3,cube3 onto cube2
coraplex_panda_demo_v2,2026-08-07 13:09:19.119509+00:00,39,3,cube3 onto cube2
coraplex_panda_demo_v2,2026-08-11 15:06:22.671206+00:00,39,3,cube3 onto cube2
coraplex_panda_demo_v2,2026-08-10 17:08:54.640351+00:00,39,3,cube3 onto cube2
coraplex_panda_demo_v2,2026-08-11 06:28:50.061664+00:00,40,1,cube1 onto cube0
coraplex_panda_demo_v2,2026-08-10 23:06:47.708181+00:00,40,1,cube1 onto cube0
coraplex_panda_demo_v2,2026-08-10 07:57:25.429533+00:00,40,1,cube1 onto cube0
coraplex_panda_demo_v2,2026-08-12 07:12:15.363833+00:00,40,1,cube1 onto cube0
coraplex_panda_demo_v2,2026-08-11 15:06:22.671206+00:00,40,1,cube1 onto cube0
coraplex_panda_demo_v2,2026-08-10 07:57:25.429533+00:00,40,2,cube2 onto cube1
coraplex_panda_demo_v2,2026-08-12 07:12:15.363833+00:00,40,2,cube2 onto cube1
coraplex_panda_demo_v2,2026-08-11 06:28:50.061664+00:00,40,2,cube2 onto cube1
coraplex_panda_demo_v2,2026-08-10 23:06:47.708181+00:00,40,2,cube2 onto cube1
coraplex_panda_demo_v2,2026-08-11 15:06:22.671206+00:00,40,2,cube2 onto cube1
coraplex_panda_demo_v2,2026-08-10 23:06:47.708181+00:00,40,3,cube3 onto cube2
coraplex_panda_demo_v2,2026-08-10 07:57:25.429533+00:00,40,3,cube3 onto cube2
coraplex_panda_demo_v2,2026-08-11 15:06:22.671206+00:00,40,3,cube3 onto cube2
coraplex_panda_demo_v2,2026-08-12 07:12:15.363833+00:00,40,3,cube3 onto cube2
coraplex_panda_demo_v2,2026-08-11 06:28:50.061664+00:00,40,3,cube3 onto cube2
coraplex_panda_demo_v2,2026-08-11 20:33:15.502061+00:00,41,1,cube1 onto cube0
coraplex_panda_demo_v2,2026-08-10 17:08:54.640351+00:00,41,1,cube1 onto cube0
coraplex_panda_demo_v2,2026-08-11 06:28:50.061664+00:00,41,1,cube1 onto cube0
coraplex_panda_demo_v2,2026-08-11 15:06:22.671206+00:00,41,1,cube1 onto cube0
coraplex_panda_demo_v2,2026-08-12 07:12:15.363833+00:00,41,1,cube1 onto cube0
coraplex_panda_demo_v2,2026-08-10 07:57:25.429533+00:00,41,1,cube1 onto cube0
coraplex_panda_demo_v2,2026-08-11 06:28:50.061664+00:00,41,2,cube2 onto cube1
coraplex_panda_demo_v2,2026-08-10 07:57:25.429533+00:00,41,2,cube2 onto cube1
coraplex_panda_demo_v2,2026-08-11 15:06:22.671206+00:00,41,2,cube2 onto cube1
coraplex_panda_demo_v2,2026-08-12 07:12:15.363833+00:00,41,2,cube2 onto cube1
coraplex_panda_demo_v2,2026-08-10 17:08:54.640351+00:00,41,2,cube2 onto cube1
coraplex_panda_demo_v2,2026-08-11 20:33:15.502061+00:00,41,2,cube2 onto cube1
coraplex_panda_demo_v2,2026-08-11 06:28:50.061664+00:00,41,3,cube3 onto cube2
coraplex_panda_demo_v2,2026-08-12 07:12:15.363833+00:00,41,3,cube3 onto cube2
coraplex_panda_demo_v2,2026-08-11 15:06:22.671206+00:00,41,3,cube3 onto cube2
coraplex_panda_demo_v2,2026-08-10 07:57:25.429533+00:00,41,3,cube3 onto cube2
coraplex_panda_demo_v2,2026-08-11 20:33:15.502061+00:00,41,3,cube3 onto cube2
coraplex_panda_demo_v2,2026-08-10 17:08:54.640351+00:00,41,3,cube3 onto cube2
coraplex_panda_demo_v2,2026-08-11 20:33:15.502061+00:00,42,1,cube1 onto cube0
coraplex_panda_demo_v2,2026-08-10 07:57:25.429533+00:00,42,1,cube1 onto cube0
coraplex_panda_demo_v2,2026-08-11 20:33:15.502061+00:00,42,2,cube2 onto cube1
coraplex_panda_demo_v2,2026-08-10 07:57:25.429533+00:00,42,2,cube2 onto cube1
coraplex_panda_demo_v2,2026-08-11 20:33:15.502061+00:00,42,3,cube3 onto cube2
coraplex_panda_demo_v2,2026-08-10 07:57:25.429533+00:00,42,3,cube3 onto cube2
coraplex_panda_demo_v2,2026-08-11 04:18:37.880292+00:00,43,1,cube1 onto cube0
coraplex_panda_demo_v2,2026-08-11 06:28:50.061664+00:00,43,1,cube1 onto cube0
coraplex_panda_demo_v2,2026-08-10 07:57:25.429533+00:00,43,1,cube1 onto cube0
coraplex_panda_demo_v2,2026-08-10 23:06:47.708181+00:00,43,1,cube1 onto cube0
coraplex_panda_demo_v2,2026-08-07 13:09:19.119509+00:00,43,1,cube1 onto cube0
coraplex_panda_demo_v2,2026-08-12 07:12:15.363833+00:00,43,1,cube1 onto cube0
coraplex_panda_demo_v2,2026-08-10 17:08:54.640351+00:00,43,1,cube1 onto cube0
coraplex_panda_demo_v2,2026-08-11 20:33:15.502061+00:00,43,1,cube1 onto cube0
coraplex_panda_demo_v2,2026-08-11 06:28:50.061664+00:00,43,2,cube2 onto cube1
coraplex_panda_demo_v2,2026-08-11 04:18:37.880292+00:00,43,2,cube2 onto cube1
coraplex_panda_demo_v2,2026-08-11 20:33:15.502061+00:00,43,2,cube2 onto cube1
coraplex_panda_demo_v2,2026-08-10 17:08:54.640351+00:00,43,2,cube2 onto cube1
coraplex_panda_demo_v2,2026-08-12 07:12:15.363833+00:00,43,2,cube2 onto cube1
coraplex_panda_demo_v2,2026-08-10 07:57:25.429533+00:00,43,2,cube2 onto cube1
coraplex_panda_demo_v2,2026-08-07 13:09:19.119509+00:00,43,2,cube2 onto cube1
coraplex_panda_demo_v2,2026-08-10 23:06:47.708181+00:00,43,2,cube2 onto cube1
coraplex_panda_demo_v2,2026-08-12 07:12:15.363833+00:00,43,3,cube3 onto cube2
coraplex_panda_demo_v2,2026-08-11 04:18:37.880292+00:00,43,3,cube3 onto cube2
coraplex_panda_demo_v2,2026-08-11 06:28:50.061664+00:00,43,3,cube3 onto cube2
coraplex_panda_demo_v2,2026-08-10 17:08:54.640351+00:00,43,3,cube3 onto cube2
coraplex_panda_demo_v2,2026-08-10 07:57:25.429533+00:00,43,3,cube3 onto cube2
coraplex_panda_demo_v2,2026-08-10 23:06:47.708181+00:00,43,3,cube3 onto cube2
coraplex_panda_demo_v2,2026-08-11 20:33:15.502061+00:00,43,3,cube3 onto cube2
coraplex_panda_demo_v2,2026-08-07 13:09:19.119509+00:00,43,3,cube3 onto cube2
coraplex_panda_demo_v2,2026-08-11 15:06:22.671206+00:00,44,1,cube1 onto cube0
coraplex_panda_demo_v2,2026-08-11 20:33:15.502061+00:00,44,1,cube1 onto cube0
coraplex_panda_demo_v2,2026-08-11 06:28:50.061664+00:00,44,1,cube1 onto cube0
coraplex_panda_demo_v2,2026-08-10 23:06:47.708181+00:00,44,1,cube1 onto cube0
coraplex_panda_demo_v2,2026-08-11 04:18:37.880292+00:00,44,1,cube1 onto cube0
coraplex_panda_demo_v2,2026-08-10 07:57:25.429533+00:00,44,1,cube1 onto cube0
coraplex_panda_demo_v2,2026-08-10 07:57:25.429533+00:00,44,2,cube2 onto cube1
coraplex_panda_demo_v2,2026-08-11 06:28:50.061664+00:00,44,2,cube2 onto cube1
coraplex_panda_demo_v2,2026-08-11 04:18:37.880292+00:00,44,2,cube2 onto cube1
coraplex_panda_demo_v2,2026-08-11 15:06:22.671206+00:00,44,2,cube2 onto cube1
coraplex_panda_demo_v2,2026-08-10 23:06:47.708181+00:00,44,2,cube2 onto cube1
coraplex_panda_demo_v2,2026-08-11 20:33:15.502061+00:00,44,2,cube2 onto cube1
coraplex_panda_demo_v2,2026-08-10 07:57:25.429533+00:00,44,3,cube3 onto cube2
coraplex_panda_demo_v2,2026-08-11 15:06:22.671206+00:00,44,3,cube3 onto cube2
coraplex_panda_demo_v2,2026-08-11 04:18:37.880292+00:00,44,3,cube3 onto cube2
coraplex_panda_demo_v2,2026-08-11 20:33:15.502061+00:00,44,3,cube3 onto cube2
coraplex_panda_demo_v2,2026-08-11 06:28:50.061664+00:00,44,3,cube3 onto cube2
coraplex_panda_demo_v2,2026-08-10 23:06:47.708181+00:00,44,3,cube3 onto cube2
coraplex_panda_demo_v2,2026-08-12 07:12:15.363833+00:00,45,1,cube1 onto cube0
coraplex_panda_demo_v2,2026-08-11 20:33:15.502061+00:00,45,1,cube1 onto cube0
coraplex_panda_demo_v2,2026-08-10 17:08:54.640351+00:00,45,1,cube1 onto cube0
coraplex_panda_demo_v2,2026-08-10 07:57:25.429533+00:00,45,1,cube1 onto cube0
coraplex_panda_demo_v2,2026-08-11 04:18:37.880292+00:00,45,1,cube1 onto cube0
coraplex_panda_demo_v2,2026-08-07 13:09:19.119509+00:00,45,1,cube1 onto cube0
coraplex_panda_demo_v2,2026-08-10 23:06:47.708181+00:00,45,1,cube1 onto cube0
coraplex_panda_demo_v2,2026-08-12 07:12:15.363833+00:00,45,2,cube2 onto cube1
coraplex_panda_demo_v2,2026-08-10 07:57:25.429533+00:00,45,2,cube2 onto cube1
coraplex_panda_demo_v2,2026-08-11 04:18:37.880292+00:00,45,2,cube2 onto cube1
coraplex_panda_demo_v2,2026-08-07 13:09:19.119509+00:00,45,2,cube2 onto cube1
coraplex_panda_demo_v2,2026-08-10 17:08:54.640351+00:00,45,2,cube2 onto cube1
coraplex_panda_demo_v2,2026-08-11 20:33:15.502061+00:00,45,2,cube2 onto cube1
coraplex_panda_demo_v2,2026-08-10 23:06:47.708181+00:00,45,2,cube2 onto cube1
coraplex_panda_demo_v2,2026-08-07 13:09:19.119509+00:00,45,3,cube3 onto cube2
coraplex_panda_demo_v2,2026-08-10 17:08:54.640351+00:00,45,3,cube3 onto cube2
coraplex_panda_demo_v2,2026-08-11 20:33:15.502061+00:00,45,3,cube3 onto cube2
coraplex_panda_demo_v2,2026-08-10 23:06:47.708181+00:00,45,3,cube3 onto cube2
coraplex_panda_demo_v2,2026-08-11 04:18:37.880292+00:00,45,3,cube3 onto cube2
coraplex_panda_demo_v2,2026-08-12 07:12:15.363833+00:00,45,3,cube3 onto cube2
coraplex_panda_demo_v2,2026-08-10 07:57:25.429533+00:00,45,3,cube3 onto cube2
coraplex_panda_demo_v2,2026-08-11 06:28:50.061664+00:00,46,1,cube1 onto cube0
coraplex_panda_demo_v2,2026-08-11 15:06:22.671206+00:00,46,1,cube1 onto cube0
coraplex_panda_demo_v2,2026-08-11 20:33:15.502061+00:00,46,1,cube1 onto cube0
coraplex_panda_demo_v2,2026-08-10 23:06:47.708181+00:00,46,1,cube1 onto cube0
coraplex_panda_demo_v2,2026-08-11 06:28:50.061664+00:00,46,2,cube2 onto cube1
coraplex_panda_demo_v2,2026-08-11 15:06:22.671206+00:00,46,2,cube2 onto cube1
coraplex_panda_demo_v2,2026-08-11 20:33:15.502061+00:00,46,2,cube2 onto cube1
coraplex_panda_demo_v2,2026-08-10 23:06:47.708181+00:00,46,2,cube2 onto cube1
coraplex_panda_demo_v2,2026-08-10 23:06:47.708181+00:00,46,3,cube3 onto cube2
coraplex_panda_demo_v2,2026-08-11 06:28:50.061664+00:00,46,3,cube3 onto cube2
coraplex_panda_demo_v2,2026-08-11 15:06:22.671206+00:00,46,3,cube3 onto cube2
coraplex_panda_demo_v2,2026-08-11 20:33:15.502061+00:00,46,3,cube3 onto cube2
coraplex_panda_demo_v2,2026-08-10 07:57:25.429533+00:00,47,1,cube1 onto cube0
coraplex_panda_demo_v2,2026-08-12 07:12:15.363833+00:00,47,1,cube1 onto cube0
coraplex_panda_demo_v2,2026-08-10 23:06:47.708181+00:00,47,1,cube1 onto cube0
coraplex_panda_demo_v2,2026-08-11 04:18:37.880292+00:00,47,1,cube1 onto cube0
coraplex_panda_demo_v2,2026-08-07 13:09:19.119509+00:00,47,1,cube1 onto cube0
coraplex_panda_demo_v2,2026-08-11 15:06:22.671206+00:00,47,1,cube1 onto cube0
coraplex_panda_demo_v2,2026-08-11 15:06:22.671206+00:00,47,2,cube2 onto cube1
coraplex_panda_demo_v2,2026-08-11 04:18:37.880292+00:00,47,2,cube2 onto cube1
coraplex_panda_demo_v2,2026-08-07 13:09:19.119509+00:00,47,2,cube2 onto cube1
coraplex_panda_demo_v2,2026-08-12 07:12:15.363833+00:00,47,2,cube2 onto cube1
coraplex_panda_demo_v2,2026-08-10 23:06:47.708181+00:00,47,2,cube2 onto cube1
coraplex_panda_demo_v2,2026-08-10 07:57:25.429533+00:00,47,2,cube2 onto cube1
coraplex_panda_demo_v2,2026-08-10 23:06:47.708181+00:00,47,3,cube3 onto cube2
coraplex_panda_demo_v2,2026-08-07 13:09:19.119509+00:00,47,3,cube3 onto cube2
coraplex_panda_demo_v2,2026-08-12 07:12:15.363833+00:00,47,3,cube3 onto cube2
coraplex_panda_demo_v2,2026-08-11 04:18:37.880292+00:00,47,3,cube3 onto cube2
coraplex_panda_demo_v2,2026-08-11 15:06:22.671206+00:00,47,3,cube3 onto cube2
coraplex_panda_demo_v2,2026-08-10 07:57:25.429533+00:00,47,3,cube3 onto cube2
coraplex_panda_demo_v2,2026-08-11 20:33:15.502061+00:00,48,1,cube1 onto cube0
coraplex_panda_demo_v2,2026-08-11 06:28:50.061664+00:00,48,1,cube1 onto cube0
coraplex_panda_demo_v2,2026-08-07 13:09:19.119509+00:00,48,1,cube1 onto cube0
coraplex_panda_demo_v2,2026-08-11 15:06:22.671206+00:00,48,1,cube1 onto cube0
coraplex_panda_demo_v2,2026-08-11 04:18:37.880292+00:00,48,1,cube1 onto cube0
coraplex_panda_demo_v2,2026-08-11 04:18:37.880292+00:00,48,2,cube2 onto cube1
coraplex_panda_demo_v2,2026-08-07 13:09:19.119509+00:00,48,2,cube2 onto cube1
coraplex_panda_demo_v2,2026-08-11 15:06:22.671206+00:00,48,2,cube2 onto cube1
coraplex_panda_demo_v2,2026-08-11 20:33:15.502061+00:00,48,2,cube2 onto cube1
coraplex_panda_demo_v2,2026-08-11 06:28:50.061664+00:00,48,2,cube2 onto cube1
coraplex_panda_demo_v2,2026-08-11 04:18:37.880292+00:00,48,3,cube3 onto cube2
coraplex_panda_demo_v2,2026-08-07 13:09:19.119509+00:00,48,3,cube3 onto cube2
coraplex_panda_demo_v2,2026-08-11 06:28:50.061664+00:00,48,3,cube3 onto cube2
coraplex_panda_demo_v2,2026-08-11 15:06:22.671206+00:00,48,3,cube3 onto cube2
coraplex_panda_demo_v2,2026-08-11 20:33:15.502061+00:00,48,3,cube3 onto cube2
coraplex_panda_demo_v2,2026-08-10 17:08:54.640351+00:00,49,1,cube1 onto cube0
coraplex_panda_demo_v2,2026-08-11 15:06:22.671206+00:00,49,1,cube1 onto cube0
coraplex_panda_demo_v2,2026-08-11 20:33:15.502061+00:00,49,1,cube1 onto cube0
coraplex_panda_demo_v2,2026-08-10 23:06:47.708181+00:00,49,1,cube1 onto cube0
coraplex_panda_demo_v2,2026-08-12 07:12:15.363833+00:00,49,1,cube1 onto cube0
coraplex_panda_demo_v2,2026-08-11 15:06:22.671206+00:00,49,2,cube2 onto cube1
coraplex_panda_demo_v2,2026-08-10 17:08:54.640351+00:00,49,2,cube2 onto cube1
coraplex_panda_demo_v2,2026-08-11 20:33:15.502061+00:00,49,2,cube2 onto cube1
coraplex_panda_demo_v2,2026-08-12 07:12:15.363833+00:00,49,2,cube2 onto cube1
coraplex_panda_demo_v2,2026-08-10 23:06:47.708181+00:00,49,2,cube2 onto cube1
coraplex_panda_demo_v2,2026-08-12 07:12:15.363833+00:00,49,3,cube3 onto cube2
coraplex_panda_demo_v2,2026-08-11 20:33:15.502061+00:00,49,3,cube3 onto cube2
coraplex_panda_demo_v2,2026-08-11 15:06:22.671206+00:00,49,3,cube3 onto cube2
coraplex_panda_demo_v2,2026-08-10 17:08:54.640351+00:00,49,3,cube3 onto cube2
coraplex_panda_demo_v2,2026-08-10 23:06:47.708181+00:00,49,3,cube3 onto cube2
coraplex_panda_demo_v2,2026-08-11 15:06:22.671206+00:00,50,1,cube1 onto cube0
coraplex_panda_demo_v2,2026-08-11 20:33:15.502061+00:00,50,1,cube1 onto cube0
coraplex_panda_demo_v2,2026-08-11 04:18:37.880292+00:00,50,1,cube1 onto cube0
coraplex_panda_demo_v2,2026-08-10 23:06:47.708181+00:00,50,1,cube1 onto cube0
coraplex_panda_demo_v2,2026-08-11 15:06:22.671206+00:00,50,2,cube2 onto cube1
coraplex_panda_demo_v2,2026-08-11 04:18:37.880292+00:00,50,2,cube2 onto cube1
coraplex_panda_demo_v2,2026-08-11 20:33:15.502061+00:00,50,2,cube2 onto cube1
coraplex_panda_demo_v2,2026-08-10 23:06:47.708181+00:00,50,2,cube2 onto cube1
coraplex_panda_demo_v2,2026-08-10 23:06:47.708181+00:00,50,3,cube3 onto cube2
coraplex_panda_demo_v2,2026-08-11 15:06:22.671206+00:00,50,3,cube3 onto cube2
coraplex_panda_demo_v2,2026-08-11 04:18:37.880292+00:00,50,3,cube3 onto cube2
coraplex_panda_demo_v2,2026-08-11 20:33:15.502061+00:00,50,3,cube3 onto cube2
coraplex_panda_demo_v2,2026-08-11 15:06:22.671206+00:00,51,1,cube1 onto cube0
coraplex_panda_demo_v2,2026-08-10 23:06:47.708181+00:00,51,1,cube1 onto cube0
coraplex_panda_demo_v2,2026-08-11 04:18:37.880292+00:00,51,1,cube1 onto cube0
coraplex_panda_demo_v2,2026-08-07 13:09:19.119509+00:00,51,1,cube1 onto cube0
coraplex_panda_demo_v2,2026-08-10 17:08:54.640351+00:00,51,1,cube1 onto cube0
coraplex_panda_demo_v2,2026-08-11 06:28:50.061664+00:00,51,1,cube1 onto cube0
coraplex_panda_demo_v2,2026-08-10 23:06:47.708181+00:00,51,2,cube2 onto cube1
coraplex_panda_demo_v2,2026-08-11 04:18:37.880292+00:00,51,2,cube2 onto cube1
coraplex_panda_demo_v2,2026-08-10 17:08:54.640351+00:00,51,2,cube2 onto cube1
coraplex_panda_demo_v2,2026-08-07 13:09:19.119509+00:00,51,2,cube2 onto cube1
coraplex_panda_demo_v2,2026-08-11 06:28:50.061664+00:00,51,2,cube2 onto cube1
coraplex_panda_demo_v2,2026-08-11 15:06:22.671206+00:00,51,2,cube2 onto cube1
coraplex_panda_demo_v2,2026-08-11 06:28:50.061664+00:00,51,3,cube3 onto cube2
coraplex_panda_demo_v2,2026-08-07 13:09:19.119509+00:00,51,3,cube3 onto cube2
coraplex_panda_demo_v2,2026-08-11 04:18:37.880292+00:00,51,3,cube3 onto cube2
coraplex_panda_demo_v2,2026-08-10 23:06:47.708181+00:00,51,3,cube3 onto cube2
coraplex_panda_demo_v2,2026-08-10 17:08:54.640351+00:00,51,3,cube3 onto cube2
coraplex_panda_demo_v2,2026-08-11 15:06:22.671206+00:00,51,3,cube3 onto cube2
coraplex_panda_demo_v2,2026-08-10 07:57:25.429533+00:00,52,1,cube1 onto cube0
coraplex_panda_demo_v2,2026-08-07 13:09:19.119509+00:00,52,1,cube1 onto cube0
coraplex_panda_demo_v2,2026-08-11 15:06:22.671206+00:00,52,1,cube1 onto cube0
coraplex_panda_demo_v2,2026-08-11 06:28:50.061664+00:00,52,1,cube1 onto cube0
coraplex_panda_demo_v2,2026-08-10 23:06:47.708181+00:00,52,1,cube1 onto cube0
coraplex_panda_demo_v2,2026-08-12 07:12:15.363833+00:00,52,1,cube1 onto cube0
coraplex_panda_demo_v2,2026-08-07 13:09:19.119509+00:00,52,2,cube2 onto cube1
coraplex_panda_demo_v2,2026-08-11 06:28:50.061664+00:00,52,2,cube2 onto cube1
coraplex_panda_demo_v2,2026-08-10 23:06:47.708181+00:00,52,2,cube2 onto cube1
coraplex_panda_demo_v2,2026-08-12 07:12:15.363833+00:00,52,2,cube2 onto cube1
coraplex_panda_demo_v2,2026-08-10 07:57:25.429533+00:00,52,2,cube2 onto cube1
coraplex_panda_demo_v2,2026-08-11 15:06:22.671206+00:00,52,2,cube2 onto cube1
coraplex_panda_demo_v2,2026-08-12 07:12:15.363833+00:00,52,3,cube3 onto cube2
coraplex_panda_demo_v2,2026-08-10 07:57:25.429533+00:00,52,3,cube3 onto cube2
coraplex_panda_demo_v2,2026-08-10 23:06:47.708181+00:00,52,3,cube3 onto cube2
coraplex_panda_demo_v2,2026-08-11 15:06:22.671206+00:00,52,3,cube3 onto cube2
coraplex_panda_demo_v2,2026-08-07 13:09:19.119509+00:00,52,3,cube3 onto cube2
coraplex_panda_demo_v2,2026-08-11 06:28:50.061664+00:00,52,3,cube3 onto cube2
coraplex_panda_demo_v2,2026-08-12 07:12:15.363833+00:00,53,1,cube1 onto cube0
coraplex_panda_demo_v2,2026-08-11 20:33:15.502061+00:00,53,1,cube1 onto cube0
coraplex_panda_demo_v2,2026-08-10 07:57:25.429533+00:00,53,1,cube1 onto cube0
coraplex_panda_demo_v2,2026-08-10 17:08:54.640351+00:00,53,1,cube1 onto cube0
coraplex_panda_demo_v2,2026-08-07 13:09:19.119509+00:00,53,1,cube1 onto cube0
coraplex_panda_demo_v2,2026-08-11 15:06:22.671206+00:00,53,1,cube1 onto cube0
coraplex_panda_demo_v2,2026-08-10 17:08:54.640351+00:00,53,2,cube2 onto cube1
coraplex_panda_demo_v2,2026-08-12 07:12:15.363833+00:00,53,2,cube2 onto cube1
coraplex_panda_demo_v2,2026-08-11 15:06:22.671206+00:00,53,2,cube2 onto cube1
coraplex_panda_demo_v2,2026-08-10 07:57:25.429533+00:00,53,2,cube2 onto cube1
coraplex_panda_demo_v2,2026-08-07 13:09:19.119509+00:00,53,2,cube2 onto cube1
coraplex_panda_demo_v2,2026-08-11 20:33:15.502061+00:00,53,2,cube2 onto cube1
coraplex_panda_demo_v2,2026-08-07 13:09:19.119509+00:00,53,3,cube3 onto cube2
coraplex_panda_demo_v2,2026-08-12 07:12:15.363833+00:00,53,3,cube3 onto cube2
coraplex_panda_demo_v2,2026-08-11 15:06:22.671206+00:00,53,3,cube3 onto cube2
coraplex_panda_demo_v2,2026-08-10 17:08:54.640351+00:00,53,3,cube3 onto cube2
coraplex_panda_demo_v2,2026-08-11 20:33:15.502061+00:00,53,3,cube3 onto cube2
coraplex_panda_demo_v2,2026-08-10 07:57:25.429533+00:00,53,3,cube3 onto cube2
coraplex_panda_demo_v2,2026-08-11 04:18:37.880292+00:00,54,1,cube1 onto cube0
coraplex_panda_demo_v2,2026-08-10 17:08:54.640351+00:00,54,1,cube1 onto cube0
coraplex_panda_demo_v2,2026-08-12 07:12:15.363833+00:00,54,1,cube1 onto cube0
coraplex_panda_demo_v2,2026-08-07 13:09:19.119509+00:00,54,1,cube1 onto cube0
coraplex_panda_demo_v2,2026-08-10 07:57:25.429533+00:00,54,1,cube1 onto cube0
coraplex_panda_demo_v2,2026-08-11 20:33:15.502061+00:00,54,1,cube1 onto cube0
coraplex_panda_demo_v2,2026-08-10 23:06:47.708181+00:00,54,1,cube1 onto cube0
coraplex_panda_demo_v2,2026-08-07 13:09:19.119509+00:00,54,2,cube2 onto cube1
coraplex_panda_demo_v2,2026-08-12 07:12:15.363833+00:00,54,2,cube2 onto cube1
coraplex_panda_demo_v2,2026-08-10 17:08:54.640351+00:00,54,2,cube2 onto cube1
coraplex_panda_demo_v2,2026-08-10 23:06:47.708181+00:00,54,2,cube2 onto cube1
coraplex_panda_demo_v2,2026-08-11 20:33:15.502061+00:00,54,2,cube2 onto cube1
coraplex_panda_demo_v2,2026-08-10 07:57:25.429533+00:00,54,2,cube2 onto cube1
coraplex_panda_demo_v2,2026-08-11 04:18:37.880292+00:00,54,2,cube2 onto cube1
coraplex_panda_demo_v2,2026-08-11 20:33:15.502061+00:00,54,3,cube3 onto cube2
coraplex_panda_demo_v2,2026-08-10 07:57:25.429533+00:00,54,3,cube3 onto cube2
coraplex_panda_demo_v2,2026-08-07 13:09:19.119509+00:00,54,3,cube3 onto cube2
coraplex_panda_demo_v2,2026-08-11 04:18:37.880292+00:00,54,3,cube3 onto cube2
coraplex_panda_demo_v2,2026-08-12 07:12:15.363833+00:00,54,3,cube3 onto cube2
coraplex_panda_demo_v2,2026-08-10 17:08:54.640351+00:00,54,3,cube3 onto cube2
coraplex_panda_demo_v2,2026-08-10 23:06:47.708181+00:00,54,3,cube3 onto cube2
coraplex_panda_demo_v2,2026-08-10 07:57:25.429533+00:00,55,1,cube1 onto cube0
coraplex_panda_demo_v2,2026-08-12 07:12:15.363833+00:00,55,1,cube1 onto cube0
coraplex_panda_demo_v2,2026-08-07 13:09:19.119509+00:00,55,1,cube1 onto cube0
coraplex_panda_demo_v2,2026-08-11 04:18:37.880292+00:00,55,1,cube1 onto cube0
coraplex_panda_demo_v2,2026-08-10 23:06:47.708181+00:00,55,1,cube1 onto cube0
coraplex_panda_demo_v2,2026-08-11 04:18:37.880292+00:00,55,2,cube2 onto cube1
coraplex_panda_demo_v2,2026-08-10 07:57:25.429533+00:00,55,2,cube2 onto cube1
coraplex_panda_demo_v2,2026-08-12 07:12:15.363833+00:00,55,2,cube2 onto cube1
coraplex_panda_demo_v2,2026-08-07 13:09:19.119509+00:00,55,2,cube2 onto cube1
coraplex_panda_demo_v2,2026-08-10 23:06:47.708181+00:00,55,2,cube2 onto cube1
coraplex_panda_demo_v2,2026-08-07 13:09:19.119509+00:00,55,3,cube3 onto cube2
coraplex_panda_demo_v2,2026-08-12 07:12:15.363833+00:00,55,3,cube3 onto cube2
coraplex_panda_demo_v2,2026-08-11 04:18:37.880292+00:00,55,3,cube3 onto cube2
coraplex_panda_demo_v2,2026-08-10 23:06:47.708181+00:00,55,3,cube3 onto cube2
coraplex_panda_demo_v2,2026-08-10 07:57:25.429533+00:00,55,3,cube3 onto cube2
coraplex_panda_demo_v2,2026-08-10 17:08:54.640351+00:00,56,1,cube1 onto cube0
coraplex_panda_demo_v2,2026-08-11 20:33:15.502061+00:00,56,1,cube1 onto cube0
coraplex_panda_demo_v2,2026-08-07 13:09:19.119509+00:00,56,1,cube1 onto cube0
coraplex_panda_demo_v2,2026-08-11 15:06:22.671206+00:00,56,1,cube1 onto cube0
coraplex_panda_demo_v2,2026-08-11 04:18:37.880292+00:00,56,1,cube1 onto cube0
coraplex_panda_demo_v2,2026-08-10 17:08:54.640351+00:00,56,2,cube2 onto cube1
coraplex_panda_demo_v2,2026-08-11 15:06:22.671206+00:00,56,2,cube2 onto cube1
coraplex_panda_demo_v2,2026-08-11 20:33:15.502061+00:00,56,2,cube2 onto cube1
coraplex_panda_demo_v2,2026-08-11 04:18:37.880292+00:00,56,2,cube2 onto cube1
coraplex_panda_demo_v2,2026-08-07 13:09:19.119509+00:00,56,2,cube2 onto cube1
coraplex_panda_demo_v2,2026-08-11 04:18:37.880292+00:00,56,3,cube3 onto cube2
coraplex_panda_demo_v2,2026-08-10 17:08:54.640351+00:00,56,3,cube3 onto cube2
coraplex_panda_demo_v2,2026-08-11 15:06:22.671206+00:00,56,3,cube3 onto cube2
coraplex_panda_demo_v2,2026-08-07 13:09:19.119509+00:00,56,3,cube3 onto cube2
coraplex_panda_demo_v2,2026-08-11 20:33:15.502061+00:00,56,3,cube3 onto cube2
coraplex_panda_demo_v2,2026-08-10 17:08:54.640351+00:00,57,1,cube1 onto cube0
coraplex_panda_demo_v2,2026-08-12 07:12:15.363833+00:00,57,1,cube1 onto cube0
coraplex_panda_demo_v2,2026-08-10 23:06:47.708181+00:00,57,1,cube1 onto cube0
coraplex_panda_demo_v2,2026-08-11 15:06:22.671206+00:00,57,1,cube1 onto cube0
coraplex_panda_demo_v2,2026-08-10 07:57:25.429533+00:00,57,1,cube1 onto cube0
coraplex_panda_demo_v2,2026-08-11 20:33:15.502061+00:00,57,1,cube1 onto cube0
coraplex_panda_demo_v2,2026-08-10 07:57:25.429533+00:00,57,2,cube2 onto cube1
coraplex_panda_demo_v2,2026-08-10 23:06:47.708181+00:00,57,2,cube2 onto cube1
coraplex_panda_demo_v2,2026-08-11 20:33:15.502061+00:00,57,2,cube2 onto cube1
coraplex_panda_demo_v2,2026-08-11 15:06:22.671206+00:00,57,2,cube2 onto cube1
coraplex_panda_demo_v2,2026-08-10 17:08:54.640351+00:00,57,2,cube2 onto cube1
coraplex_panda_demo_v2,2026-08-12 07:12:15.363833+00:00,57,2,cube2 onto cube1
coraplex_panda_demo_v2,2026-08-10 17:08:54.640351+00:00,57,3,cube3 onto cube2
coraplex_panda_demo_v2,2026-08-10 07:57:25.429533+00:00,57,3,cube3 onto cube2
coraplex_panda_demo_v2,2026-08-11 20:33:15.502061+00:00,57,3,cube3 onto cube2
coraplex_panda_demo_v2,2026-08-10 23:06:47.708181+00:00,57,3,cube3 onto cube2
coraplex_panda_demo_v2,2026-08-12 07:12:15.363833+00:00,57,3,cube3 onto cube2
coraplex_panda_demo_v2,2026-08-11 15:06:22.671206+00:00,57,3,cube3 onto cube2
coraplex_panda_demo_v2,2026-08-11 04:18:37.880292+00:00,58,1,cube1 onto cube0
coraplex_panda_demo_v2,2026-08-11 20:33:15.502061+00:00,58,1,cube1 onto cube0
coraplex_panda_demo_v2,2026-08-07 13:09:19.119509+00:00,58,1,cube1 onto cube0
coraplex_panda_demo_v2,2026-08-10 23:06:47.708181+00:00,58,1,cube1 onto cube0
coraplex_panda_demo_v2,2026-08-11 06:28:50.061664+00:00,58,1,cube1 onto cube0
coraplex_panda_demo_v2,2026-08-11 15:06:22.671206+00:00,58,1,cube1 onto cube0
coraplex_panda_demo_v2,2026-08-12 07:12:15.363833+00:00,58,1,cube1 onto cube0
coraplex_panda_demo_v2,2026-08-10 07:57:25.429533+00:00,58,1,cube1 onto cube0
coraplex_panda_demo_v2,2026-08-11 04:18:37.880292+00:00,58,2,cube2 onto cube1
coraplex_panda_demo_v2,2026-08-11 06:28:50.061664+00:00,58,2,cube2 onto cube1
coraplex_panda_demo_v2,2026-08-10 07:57:25.429533+00:00,58,2,cube2 onto cube1
coraplex_panda_demo_v2,2026-08-11 15:06:22.671206+00:00,58,2,cube2 onto cube1
coraplex_panda_demo_v2,2026-08-07 13:09:19.119509+00:00,58,2,cube2 onto cube1
coraplex_panda_demo_v2,2026-08-12 07:12:15.363833+00:00,58,2,cube2 onto cube1
coraplex_panda_demo_v2,2026-08-10 23:06:47.708181+00:00,58,2,cube2 onto cube1
coraplex_panda_demo_v2,2026-08-11 20:33:15.502061+00:00,58,2,cube2 onto cube1
coraplex_panda_demo_v2,2026-08-12 07:12:15.363833+00:00,58,3,cube3 onto cube2
coraplex_panda_demo_v2,2026-08-11 20:33:15.502061+00:00,58,3,cube3 onto cube2
coraplex_panda_demo_v2,2026-08-11 04:18:37.880292+00:00,58,3,cube3 onto cube2
coraplex_panda_demo_v2,2026-08-10 23:06:47.708181+00:00,58,3,cube3 onto cube2
coraplex_panda_demo_v2,2026-08-10 07:57:25.429533+00:00,58,3,cube3 onto cube2
coraplex_panda_demo_v2,2026-08-07 13:09:19.119509+00:00,58,3,cube3 onto cube2
coraplex_panda_demo_v2,2026-08-11 06:28:50.061664+00:00,58,3,cube3 onto cube2
coraplex_panda_demo_v2,2026-08-11 15:06:22.671206+00:00,58,3,cube3 onto cube2
coraplex_panda_demo_v2,2026-08-11 04:18:37.880292+00:00,59,1,cube1 onto cube0
coraplex_panda_demo_v2,2026-08-12 07:12:15.363833+00:00,59,1,cube1 onto cube0
coraplex_panda_demo_v2,2026-08-10 07:57:25.429533+00:00,59,1,cube1 onto cube0
coraplex_panda_demo_v2,2026-08-11 20:33:15.502061+00:00,59,1,cube1 onto cube0
coraplex_panda_demo_v2,2026-08-07 13:09:19.119509+00:00,59,1,cube1 onto cube0
coraplex_panda_demo_v2,2026-08-11 04:18:37.880292+00:00,59,2,cube2 onto cube1
coraplex_panda_demo_v2,2026-08-07 13:09:19.119509+00:00,59,2,cube2 onto cube1
coraplex_panda_demo_v2,2026-08-11 20:33:15.502061+00:00,59,2,cube2 onto cube1
coraplex_panda_demo_v2,2026-08-12 07:12:15.363833+00:00,59,2,cube2 onto cube1
coraplex_panda_demo_v2,2026-08-10 07:57:25.429533+00:00,59,2,cube2 onto cube1
coraplex_panda_demo_v2,2026-08-10 07:57:25.429533+00:00,59,3,cube3 onto cube2
coraplex_panda_demo_v2,2026-08-11 04:18:37.880292+00:00,59,3,cube3 onto cube2
coraplex_panda_demo_v2,2026-08-07 13:09:19.119509+00:00,59,3,cube3 onto cube2
coraplex_panda_demo_v2,2026-08-12 07:12:15.363833+00:00,59,3,cube3 onto cube2
coraplex_panda_demo_v2,2026-08-11 20:33:15.502061+00:00,59,3,cube3 onto cube2
coraplex_panda_demo_v2,2026-08-12 07:12:15.363833+00:00,60,1,cube1 onto cube0
coraplex_panda_demo_v2,2026-08-07 13:09:19.119509+00:00,60,1,cube1 onto cube0
coraplex_panda_demo_v2,2026-08-10 17:08:54.640351+00:00,60,1,cube1 onto cube0
coraplex_panda_demo_v2,2026-08-11 15:06:22.671206+00:00,60,1,cube1 onto cube0
coraplex_panda_demo_v2,2026-08-11 20:33:15.502061+00:00,60,1,cube1 onto cube0
coraplex_panda_demo_v2,2026-08-11 04:18:37.880292+00:00,60,1,cube1 onto cube0
coraplex_panda_demo_v2,2026-08-10 07:57:25.429533+00:00,60,1,cube1 onto cube0
coraplex_panda_demo_v2,2026-08-10 07:57:25.429533+00:00,60,2,cube2 onto cube1
coraplex_panda_demo_v2,2026-08-11 04:18:37.880292+00:00,60,2,cube2 onto cube1
coraplex_panda_demo_v2,2026-08-07 13:09:19.119509+00:00,60,2,cube2 onto cube1
coraplex_panda_demo_v2,2026-08-12 07:12:15.363833+00:00,60,2,cube2 onto cube1
coraplex_panda_demo_v2,2026-08-11 15:06:22.671206+00:00,60,2,cube2 onto cube1
coraplex_panda_demo_v2,2026-08-10 17:08:54.640351+00:00,60,2,cube2 onto cube1
coraplex_panda_demo_v2,2026-08-11 20:33:15.502061+00:00,60,2,cube2 onto cube1
coraplex_panda_demo_v2,2026-08-10 07:57:25.429533+00:00,60,3,cube3 onto cube2
coraplex_panda_demo_v2,2026-08-12 07:12:15.363833+00:00,60,3,cube3 onto cube2
coraplex_panda_demo_v2,2026-08-11 15:06:22.671206+00:00,60,3,cube3 onto cube2
coraplex_panda_demo_v2,2026-08-11 04:18:37.880292+00:00,60,3,cube3 onto cube2
coraplex_panda_demo_v2,2026-08-10 17:08:54.640351+00:00,60,3,cube3 onto cube2
coraplex_panda_demo_v2,2026-08-07 13:09:19.119509+00:00,60,3,cube3 onto cube2
coraplex_panda_demo_v2,2026-08-11 20:33:15.502061+00:00,60,3,cube3 onto cube2
coraplex_panda_demo_v2,2026-08-12 07:12:15.363833+00:00,61,1,cube1 onto cube0
coraplex_panda_demo_v2,2026-08-11 15:06:22.671206+00:00,61,1,cube1 onto cube0
coraplex_panda_demo_v2,2026-08-10 17:08:54.640351+00:00,61,1,cube1 onto cube0
coraplex_panda_demo_v2,2026-08-10 23:06:47.708181+00:00,61,1,cube1 onto cube0
coraplex_panda_demo_v2,2026-08-10 07:57:25.429533+00:00,61,1,cube1 onto cube0
coraplex_panda_demo_v2,2026-08-11 15:06:22.671206+00:00,61,2,cube2 onto cube1
coraplex_panda_demo_v2,2026-08-12 07:12:15.363833+00:00,61,2,cube2 onto cube1
coraplex_panda_demo_v2,2026-08-10 17:08:54.640351+00:00,61,2,cube2 onto cube1
coraplex_panda_demo_v2,2026-08-10 07:57:25.429533+00:00,61,2,cube2 onto cube1
coraplex_panda_demo_v2,2026-08-10 23:06:47.708181+00:00,61,2,cube2 onto cube1
coraplex_panda_demo_v2,2026-08-10 07:57:25.429533+00:00,61,3,cube3 onto cube2
coraplex_panda_demo_v2,2026-08-11 15:06:22.671206+00:00,61,3,cube3 onto cube2
coraplex_panda_demo_v2,2026-08-10 23:06:47.708181+00:00,61,3,cube3 onto cube2
coraplex_panda_demo_v2,2026-08-10 17:08:54.640351+00:00,61,3,cube3 onto cube2
coraplex_panda_demo_v2,2026-08-12 07:12:15.363833+00:00,61,3,cube3 onto cube2
coraplex_panda_demo_v2,2026-08-11 06:28:50.061664+00:00,62,1,cube1 onto cube0
coraplex_panda_demo_v2,2026-08-11 04:18:37.880292+00:00,62,1,cube1 onto cube0
coraplex_panda_demo_v2,2026-08-11 20:33:15.502061+00:00,62,1,cube1 onto cube0
coraplex_panda_demo_v2,2026-08-07 13:09:19.119509+00:00,62,1,cube1 onto cube0
coraplex_panda_demo_v2,2026-08-10 23:06:47.708181+00:00,62,1,cube1 onto cube0
coraplex_panda_demo_v2,2026-08-10 17:08:54.640351+00:00,62,1,cube1 onto cube0
coraplex_panda_demo_v2,2026-08-12 07:12:15.363833+00:00,62,1,cube1 onto cube0
coraplex_panda_demo_v2,2026-08-10 07:57:25.429533+00:00,62,1,cube1 onto cube0
coraplex_panda_demo_v2,2026-08-11 15:06:22.671206+00:00,62,1,cube1 onto cube0
coraplex_panda_demo_v2,2026-08-12 07:12:15.363833+00:00,62,2,cube2 onto cube1
coraplex_panda_demo_v2,2026-08-11 04:18:37.880292+00:00,62,2,cube2 onto cube1
coraplex_panda_demo_v2,2026-08-10 07:57:25.429533+00:00,62,2,cube2 onto cube1
coraplex_panda_demo_v2,2026-08-07 13:09:19.119509+00:00,62,2,cube2 onto cube1
coraplex_panda_demo_v2,2026-08-11 15:06:22.671206+00:00,62,2,cube2 onto cube1
coraplex_panda_demo_v2,2026-08-11 20:33:15.502061+00:00,62,2,cube2 onto cube1
coraplex_panda_demo_v2,2026-08-11 06:28:50.061664+00:00,62,2,cube2 onto cube1
coraplex_panda_demo_v2,2026-08-10 23:06:47.708181+00:00,62,2,cube2 onto cube1
coraplex_panda_demo_v2,2026-08-10 17:08:54.640351+00:00,62,2,cube2 onto cube1
coraplex_panda_demo_v2,2026-08-11 04:18:37.880292+00:00,62,3,cube3 onto cube2
coraplex_panda_demo_v2,2026-08-10 07:57:25.429533+00:00,62,3,cube3 onto cube2
coraplex_panda_demo_v2,2026-08-12 07:12:15.363833+00:00,62,3,cube3 onto cube2
coraplex_panda_demo_v2,2026-08-10 17:08:54.640351+00:00,62,3,cube3 onto cube2
coraplex_panda_demo_v2,2026-08-10 23:06:47.708181+00:00,62,3,cube3 onto cube2
coraplex_panda_demo_v2,2026-08-11 06:28:50.061664+00:00,62,3,cube3 onto cube2
coraplex_panda_demo_v2,2026-08-11 20:33:15.502061+00:00,62,3,cube3 onto cube2
coraplex_panda_demo_v2,2026-08-11 15:06:22.671206+00:00,62,3,cube3 onto cube2
coraplex_panda_demo_v2,2026-08-07 13:09:19.119509+00:00,62,3,cube3 onto cube2
coraplex_panda_demo_v2,2026-08-11 04:18:37.880292+00:00,63,1,cube1 onto cube0
coraplex_panda_demo_v2,2026-08-07 13:09:19.119509+00:00,63,1,cube1 onto cube0
coraplex_panda_demo_v2,2026-08-10 23:06:47.708181+00:00,63,1,cube1 onto cube0
coraplex_panda_demo_v2,2026-08-11 15:06:22.671206+00:00,63,1,cube1 onto cube0
coraplex_panda_demo_v2,2026-08-11 06:28:50.061664+00:00,63,1,cube1 onto cube0
coraplex_panda_demo_v2,2026-08-10 17:08:54.640351+00:00,63,1,cube1 onto cube0
coraplex_panda_demo_v2,2026-08-10 07:57:25.429533+00:00,63,1,cube1 onto cube0
coraplex_panda_demo_v2,2026-08-11 20:33:15.502061+00:00,63,1,cube1 onto cube0
coraplex_panda_demo_v2,2026-08-12 07:12:15.363833+00:00,63,1,cube1 onto cube0
coraplex_panda_demo_v2,2026-08-11 06:28:50.061664+00:00,63,2,cube2 onto cube1
coraplex_panda_demo_v2,2026-08-10 07:57:25.429533+00:00,63,2,cube2 onto cube1
coraplex_panda_demo_v2,2026-08-11 15:06:22.671206+00:00,63,2,cube2 onto cube1
coraplex_panda_demo_v2,2026-08-11 20:33:15.502061+00:00,63,2,cube2 onto cube1
coraplex_panda_demo_v2,2026-08-12 07:12:15.363833+00:00,63,2,cube2 onto cube1
coraplex_panda_demo_v2,2026-08-10 23:06:47.708181+00:00,63,2,cube2 onto cube1
coraplex_panda_demo_v2,2026-08-07 13:09:19.119509+00:00,63,2,cube2 onto cube1
coraplex_panda_demo_v2,2026-08-11 04:18:37.880292+00:00,63,2,cube2 onto cube1
coraplex_panda_demo_v2,2026-08-10 17:08:54.640351+00:00,63,2,cube2 onto cube1
coraplex_panda_demo_v2,2026-08-10 17:08:54.640351+00:00,63,3,cube3 onto cube2
coraplex_panda_demo_v2,2026-08-11 15:06:22.671206+00:00,63,3,cube3 onto cube2
coraplex_panda_demo_v2,2026-08-10 23:06:47.708181+00:00,63,3,cube3 onto cube2
coraplex_panda_demo_v2,2026-08-12 07:12:15.363833+00:00,63,3,cube3 onto cube2
coraplex_panda_demo_v2,2026-08-11 06:28:50.061664+00:00,63,3,cube3 onto cube2
coraplex_panda_demo_v2,2026-08-11 20:33:15.502061+00:00,63,3,cube3 onto cube2
coraplex_panda_demo_v2,2026-08-11 04:18:37.880292+00:00,63,3,cube3 onto cube2
coraplex_panda_demo_v2,2026-08-10 07:57:25.429533+00:00,63,3,cube3 onto cube2
coraplex_panda_demo_v2,2026-08-07 13:09:19.119509+00:00,63,3,cube3 onto cube2
coraplex_panda_demo_v2,2026-08-11 20:33:15.502061+00:00,64,1,cube1 onto cube0
coraplex_panda_demo_v2,2026-08-10 17:08:54.640351+00:00,64,1,cube1 onto cube0
coraplex_panda_demo_v2,2026-08-11 04:18:37.880292+00:00,64,1,cube1 onto cube0
coraplex_panda_demo_v2,2026-08-12 07:12:15.363833+00:00,64,1,cube1 onto cube0
coraplex_panda_demo_v2,2026-08-07 13:09:19.119509+00:00,64,1,cube1 onto cube0
coraplex_panda_demo_v2,2026-08-10 07:57:25.429533+00:00,64,1,cube1 onto cube0
coraplex_panda_demo_v2,2026-08-10 17:08:54.640351+00:00,64,2,cube2 onto cube1
coraplex_panda_demo_v2,2026-08-11 20:33:15.502061+00:00,64,2,cube2 onto cube1
coraplex_panda_demo_v2,2026-08-12 07:12:15.363833+00:00,64,2,cube2 onto cube1
coraplex_panda_demo_v2,2026-08-11 04:18:37.880292+00:00,64,2,cube2 onto cube1
coraplex_panda_demo_v2,2026-08-07 13:09:19.119509+00:00,64,2,cube2 onto cube1
coraplex_panda_demo_v2,2026-08-10 07:57:25.429533+00:00,64,2,cube2 onto cube1
coraplex_panda_demo_v2,2026-08-11 04:18:37.880292+00:00,64,3,cube3 onto cube2
coraplex_panda_demo_v2,2026-08-11 20:33:15.502061+00:00,64,3,cube3 onto cube2
coraplex_panda_demo_v2,2026-08-12 07:12:15.363833+00:00,64,3,cube3 onto cube2
coraplex_panda_demo_v2,2026-08-10 07:57:25.429533+00:00,64,3,cube3 onto cube2
coraplex_panda_demo_v2,2026-08-07 13:09:19.119509+00:00,64,3,cube3 onto cube2
coraplex_panda_demo_v2,2026-08-10 17:08:54.640351+00:00,64,3,cube3 onto cube2
coraplex_panda_demo_v2,2026-08-11 15:06:22.671206+00:00,65,1,cube1 onto cube0
coraplex_panda_demo_v2,2026-08-11 06:28:50.061664+00:00,65,1,cube1 onto cube0
coraplex_panda_demo_v2,2026-08-10 17:08:54.640351+00:00,65,1,cube1 onto cube0
coraplex_panda_demo_v2,2026-08-10 23:06:47.708181+00:00,65,1,cube1 onto cube0
coraplex_panda_demo_v2,2026-08-11 20:33:15.502061+00:00,65,1,cube1 onto cube0
coraplex_panda_demo_v2,2026-08-12 07:12:15.363833+00:00,65,1,cube1 onto cube0
coraplex_panda_demo_v2,2026-08-07 13:09:19.119509+00:00,65,1,cube1 onto cube0
coraplex_panda_demo_v2,2026-08-11 15:06:22.671206+00:00,65,2,cube2 onto cube1
coraplex_panda_demo_v2,2026-08-12 07:12:15.363833+00:00,65,2,cube2 onto cube1
coraplex_panda_demo_v2,2026-08-07 13:09:19.119509+00:00,65,2,cube2 onto cube1
coraplex_panda_demo_v2,2026-08-11 20:33:15.502061+00:00,65,2,cube2 onto cube1
coraplex_panda_demo_v2,2026-08-10 23:06:47.708181+00:00,65,2,cube2 onto cube1
coraplex_panda_demo_v2,2026-08-10 17:08:54.640351+00:00,65,2,cube2 onto cube1
coraplex_panda_demo_v2,2026-08-11 06:28:50.061664+00:00,65,2,cube2 onto cube1
coraplex_panda_demo_v2,2026-08-11 15:06:22.671206+00:00,65,3,cube3 onto cube2
coraplex_panda_demo_v2,2026-08-10 23:06:47.708181+00:00,65,3,cube3 onto cube2
coraplex_panda_demo_v2,2026-08-10 17:08:54.640351+00:00,65,3,cube3 onto cube2
coraplex_panda_demo_v2,2026-08-11 06:28:50.061664+00:00,65,3,cube3 onto cube2
coraplex_panda_demo_v2,2026-08-12 07:12:15.363833+00:00,65,3,cube3 onto cube2
coraplex_panda_demo_v2,2026-08-07 13:09:19.119509+00:00,65,3,cube3 onto cube2
coraplex_panda_demo_v2,2026-08-11 20:33:15.502061+00:00,65,3,cube3 onto cube2
coraplex_panda_demo_v2,2026-08-10 17:08:54.640351+00:00,66,1,cube1 onto cube0
coraplex_panda_demo_v2,2026-08-07 13:09:19.119509+00:00,66,1,cube1 onto cube0
coraplex_panda_demo_v2,2026-08-11 06:28:50.061664+00:00,66,1,cube1 onto cube0
coraplex_panda_demo_v2,2026-08-11 04:18:37.880292+00:00,66,1,cube1 onto cube0
coraplex_panda_demo_v2,2026-08-11 15:06:22.671206+00:00,66,1,cube1 onto cube0
coraplex_panda_demo_v2,2026-08-10 07:57:25.429533+00:00,66,1,cube1 onto cube0
coraplex_panda_demo_v2,2026-08-11 06:28:50.061664+00:00,66,2,cube2 onto cube1
coraplex_panda_demo_v2,2026-08-11 04:18:37.880292+00:00,66,2,cube2 onto cube1
coraplex_panda_demo_v2,2026-08-10 17:08:54.640351+00:00,66,2,cube2 onto cube1
coraplex_panda_demo_v2,2026-08-10 07:57:25.429533+00:00,66,2,cube2 onto cube1
coraplex_panda_demo_v2,2026-08-11 15:06:22.671206+00:00,66,2,cube2 onto cube1
coraplex_panda_demo_v2,2026-08-07 13:09:19.119509+00:00,66,2,cube2 onto cube1
coraplex_panda_demo_v2,2026-08-07 13:09:19.119509+00:00,66,3,cube3 onto cube2
coraplex_panda_demo_v2,2026-08-10 17:08:54.640351+00:00,66,3,cube3 onto cube2
coraplex_panda_demo_v2,2026-08-11 04:18:37.880292+00:00,66,3,cube3 onto cube2
coraplex_panda_demo_v2,2026-08-10 07:57:25.429533+00:00,66,3,cube3 onto cube2
coraplex_panda_demo_v2,2026-08-11 06:28:50.061664+00:00,66,3,cube3 onto cube2
coraplex_panda_demo_v2,2026-08-11 15:06:22.671206+00:00,66,3,cube3 onto cube2
coraplex_panda_demo_v2,2026-08-12 07:12:15.363833+00:00,67,1,cube1 onto cube0
coraplex_panda_demo_v2,2026-08-10 23:06:47.708181+00:00,67,1,cube1 onto cube0
coraplex_panda_demo_v2,2026-08-11 04:18:37.880292+00:00,67,1,cube1 onto cube0
coraplex_panda_demo_v2,2026-08-11 15:06:22.671206+00:00,67,1,cube1 onto cube0
coraplex_panda_demo_v2,2026-08-11 20:33:15.502061+00:00,67,1,cube1 onto cube0
coraplex_panda_demo_v2,2026-08-11 04:18:37.880292+00:00,67,2,cube2 onto cube1
coraplex_panda_demo_v2,2026-08-11 15:06:22.671206+00:00,67,2,cube2 onto cube1
coraplex_panda_demo_v2,2026-08-10 23:06:47.708181+00:00,67,2,cube2 onto cube1
coraplex_panda_demo_v2,2026-08-11 20:33:15.502061+00:00,67,2,cube2 onto cube1
coraplex_panda_demo_v2,2026-08-12 07:12:15.363833+00:00,67,2,cube2 onto cube1
coraplex_panda_demo_v2,2026-08-11 15:06:22.671206+00:00,67,3,cube3 onto cube2
coraplex_panda_demo_v2,2026-08-10 23:06:47.708181+00:00,67,3,cube3 onto cube2
coraplex_panda_demo_v2,2026-08-12 07:12:15.363833+00:00,67,3,cube3 onto cube2
coraplex_panda_demo_v2,2026-08-11 20:33:15.502061+00:00,67,3,cube3 onto cube2
coraplex_panda_demo_v2,2026-08-11 04:18:37.880292+00:00,67,3,cube3 onto cube2
coraplex_panda_demo_v2,2026-08-10 17:08:54.640351+00:00,68,1,cube1 onto cube0
coraplex_panda_demo_v2,2026-08-12 07:12:15.363833+00:00,68,1,cube1 onto cube0
coraplex_panda_demo_v2,2026-08-11 06:28:50.061664+00:00,68,1,cube1 onto cube0
coraplex_panda_demo_v2,2026-08-11 20:33:15.502061+00:00,68,1,cube1 onto cube0
coraplex_panda_demo_v2,2026-08-11 04:18:37.880292+00:00,68,1,cube1 onto cube0
coraplex_panda_demo_v2,2026-08-10 23:06:47.708181+00:00,68,1,cube1 onto cube0
coraplex_panda_demo_v2,2026-08-07 13:09:19.119509+00:00,68,1,cube1 onto cube0
coraplex_panda_demo_v2,2026-08-11 04:18:37.880292+00:00,68,2,cube2 onto cube1
coraplex_panda_demo_v2,2026-08-07 13:09:19.119509+00:00,68,2,cube2 onto cube1
coraplex_panda_demo_v2,2026-08-11 20:33:15.502061+00:00,68,2,cube2 onto cube1
coraplex_panda_demo_v2,2026-08-12 07:12:15.363833+00:00,68,2,cube2 onto cube1
coraplex_panda_demo_v2,2026-08-10 17:08:54.640351+00:00,68,2,cube2 onto cube1
coraplex_panda_demo_v2,2026-08-11 06:28:50.061664+00:00,68,2,cube2 onto cube1
coraplex_panda_demo_v2,2026-08-10 23:06:47.708181+00:00,68,2,cube2 onto cube1
coraplex_panda_demo_v2,2026-08-11 04:18:37.880292+00:00,68,3,cube3 onto cube2
coraplex_panda_demo_v2,2026-08-11 06:28:50.061664+00:00,68,3,cube3 onto cube2
coraplex_panda_demo_v2,2026-08-10 17:08:54.640351+00:00,68,3,cube3 onto cube2
coraplex_panda_demo_v2,2026-08-11 20:33:15.502061+00:00,68,3,cube3 onto cube2
coraplex_panda_demo_v2,2026-08-10 23:06:47.708181+00:00,68,3,cube3 onto cube2
coraplex_panda_demo_v2,2026-08-12 07:12:15.363833+00:00,68,3,cube3 onto cube2
coraplex_panda_demo_v2,2026-08-07 13:09:19.119509+00:00,68,3,cube3 onto cube2
coraplex_panda_demo_v2,2026-08-12 07:12:15.363833+00:00,69,1,cube1 onto cube0
coraplex_panda_demo_v2,2026-08-11 20:33:15.502061+00:00,69,1,cube1 onto cube0
coraplex_panda_demo_v2,2026-08-11 04:18:37.880292+00:00,69,1,cube1 onto cube0
coraplex_panda_demo_v2,2026-08-10 23:06:47.708181+00:00,69,1,cube1 onto cube0
coraplex_panda_demo_v2,2026-08-07 13:09:19.119509+00:00,69,1,cube1 onto cube0
coraplex_panda_demo_v2,2026-08-12 07:12:15.363833+00:00,69,2,cube2 onto cube1
coraplex_panda_demo_v2,2026-08-07 13:09:19.119509+00:00,69,2,cube2 onto cube1
coraplex_panda_demo_v2,2026-08-11 20:33:15.502061+00:00,69,2,cube2 onto cube1
coraplex_panda_demo_v2,2026-08-10 23:06:47.708181+00:00,69,2,cube2 onto cube1
coraplex_panda_demo_v2,2026-08-11 04:18:37.880292+00:00,69,2,cube2 onto cube1
coraplex_panda_demo_v2,2026-08-12 07:12:15.363833+00:00,69,3,cube3 onto cube2
coraplex_panda_demo_v2,2026-08-07 13:09:19.119509+00:00,69,3,cube3 onto cube2
coraplex_panda_demo_v2,2026-08-11 20:33:15.502061+00:00,69,3,cube3 onto cube2
coraplex_panda_demo_v2,2026-08-11 04:18:37.880292+00:00,69,3,cube3 onto cube2
coraplex_panda_demo_v2,2026-08-10 23:06:47.708181+00:00,69,3,cube3 onto cube2
coraplex_panda_demo_v2,2026-08-11 06:28:50.061664+00:00,70,1,cube1 onto cube0
coraplex_panda_demo_v2,2026-08-10 23:06:47.708181+00:00,70,1,cube1 onto cube0
coraplex_panda_demo_v2,2026-08-10 17:08:54.640351+00:00,70,1,cube1 onto cube0
coraplex_panda_demo_v2,2026-08-07 13:09:19.119509+00:00,70,1,cube1 onto cube0
coraplex_panda_demo_v2,2026-08-12 07:12:15.363833+00:00,70,1,cube1 onto cube0
coraplex_panda_demo_v2,2026-08-11 06:28:50.061664+00:00,70,2,cube2 onto cube1
coraplex_panda_demo_v2,2026-08-12 07:12:15.363833+00:00,70,2,cube2 onto cube1
coraplex_panda_demo_v2,2026-08-10 23:06:47.708181+00:00,70,2,cube2 onto cube1
coraplex_panda_demo_v2,2026-08-10 17:08:54.640351+00:00,70,2,cube2 onto cube1
coraplex_panda_demo_v2,2026-08-07 13:09:19.119509+00:00,70,2,cube2 onto cube1
coraplex_panda_demo_v2,2026-08-10 17:08:54.640351+00:00,70,3,cube3 onto cube2
coraplex_panda_demo_v2,2026-08-11 06:28:50.061664+00:00,70,3,cube3 onto cube2
coraplex_panda_demo_v2,2026-08-10 23:06:47.708181+00:00,70,3,cube3 onto cube2
coraplex_panda_demo_v2,2026-08-07 13:09:19.119509+00:00,70,3,cube3 onto cube2
coraplex_panda_demo_v2,2026-08-12 07:12:15.363833+00:00,70,3,cube3 onto cube2
coraplex_panda_demo_v2,2026-08-07 13:09:19.119509+00:00,71,1,cube1 onto cube0
coraplex_panda_demo_v2,2026-08-12 07:12:15.363833+00:00,71,1,cube1 onto cube0
coraplex_panda_demo_v2,2026-08-11 06:28:50.061664+00:00,71,1,cube1 onto cube0
coraplex_panda_demo_v2,2026-08-11 20:33:15.502061+00:00,71,1,cube1 onto cube0
coraplex_panda_demo_v2,2026-08-10 17:08:54.640351+00:00,71,1,cube1 onto cube0
coraplex_panda_demo_v2,2026-08-11 15:06:22.671206+00:00,71,1,cube1 onto cube0
coraplex_panda_demo_v2,2026-08-07 13:09:19.119509+00:00,71,2,cube2 onto cube1
coraplex_panda_demo_v2,2026-08-11 06:28:50.061664+00:00,71,2,cube2 onto cube1
coraplex_panda_demo_v2,2026-08-12 07:12:15.363833+00:00,71,2,cube2 onto cube1
coraplex_panda_demo_v2,2026-08-10 17:08:54.640351+00:00,71,2,cube2 onto cube1
coraplex_panda_demo_v2,2026-08-11 15:06:22.671206+00:00,71,2,cube2 onto cube1
coraplex_panda_demo_v2,2026-08-11 20:33:15.502061+00:00,71,2,cube2 onto cube1
coraplex_panda_demo_v2,2026-08-10 17:08:54.640351+00:00,71,3,cube3 onto cube2
coraplex_panda_demo_v2,2026-08-11 15:06:22.671206+00:00,71,3,cube3 onto cube2
coraplex_panda_demo_v2,2026-08-12 07:12:15.363833+00:00,71,3,cube3 onto cube2
coraplex_panda_demo_v2,2026-08-07 13:09:19.119509+00:00,71,3,cube3 onto cube2
coraplex_panda_demo_v2,2026-08-11 06:28:50.061664+00:00,71,3,cube3 onto cube2
coraplex_panda_demo_v2,2026-08-11 20:33:15.502061+00:00,71,3,cube3 onto cube2
coraplex_panda_demo_v2,2026-08-11 04:18:37.880292+00:00,72,1,cube1 onto cube0
coraplex_panda_demo_v2,2026-08-07 13:09:19.119509+00:00,72,1,cube1 onto cube0
coraplex_panda_demo_v2,2026-08-11 15:06:22.671206+00:00,72,1,cube1 onto cube0
coraplex_panda_demo_v2,2026-08-10 07:57:25.429533+00:00,72,1,cube1 onto cube0
coraplex_panda_demo_v2,2026-08-12 07:12:15.363833+00:00,72,1,cube1 onto cube0
coraplex_panda_demo_v2,2026-08-11 06:28:50.061664+00:00,72,1,cube1 onto cube0
coraplex_panda_demo_v2,2026-08-11 06:28:50.061664+00:00,72,2,cube2 onto cube1
coraplex_panda_demo_v2,2026-08-11 15:06:22.671206+00:00,72,2,cube2 onto cube1
coraplex_panda_demo_v2,2026-08-12 07:12:15.363833+00:00,72,2,cube2 onto cube1
coraplex_panda_demo_v2,2026-08-07 13:09:19.119509+00:00,72,2,cube2 onto cube1
coraplex_panda_demo_v2,2026-08-10 07:57:25.429533+00:00,72,2,cube2 onto cube1
coraplex_panda_demo_v2,2026-08-11 04:18:37.880292+00:00,72,2,cube2 onto cube1
coraplex_panda_demo_v2,2026-08-11 15:06:22.671206+00:00,72,3,cube3 onto cube2
coraplex_panda_demo_v2,2026-08-12 07:12:15.363833+00:00,72,3,cube3 onto cube2
coraplex_panda_demo_v2,2026-08-11 06:28:50.061664+00:00,72,3,cube3 onto cube2
coraplex_panda_demo_v2,2026-08-07 13:09:19.119509+00:00,72,3,cube3 onto cube2
coraplex_panda_demo_v2,2026-08-11 04:18:37.880292+00:00,72,3,cube3 onto cube2
coraplex_panda_demo_v2,2026-08-10 07:57:25.429533+00:00,72,3,cube3 onto cube2
coraplex_panda_demo_v2,2026-08-11 06:28:50.061664+00:00,73,1,cube1 onto cube0
coraplex_panda_demo_v2,2026-08-11 15:06:22.671206+00:00,73,1,cube1 onto cube0
coraplex_panda_demo_v2,2026-08-07 13:09:19.119509+00:00,73,1,cube1 onto cube0
coraplex_panda_demo_v2,2026-08-10 07:57:25.429533+00:00,73,1,cube1 onto cube0
coraplex_panda_demo_v2,2026-08-11 06:28:50.061664+00:00,73,2,cube2 onto cube1
coraplex_panda_demo_v2,2026-08-10 07:57:25.429533+00:00,73,2,cube2 onto cube1
coraplex_panda_demo_v2,2026-08-11 15:06:22.671206+00:00,73,2,cube2 onto cube1
coraplex_panda_demo_v2,2026-08-07 13:09:19.119509+00:00,73,2,cube2 onto cube1
coraplex_panda_demo_v2,2026-08-10 07:57:25.429533+00:00,73,3,cube3 onto cube2
coraplex_panda_demo_v2,2026-08-11 06:28:50.061664+00:00,73,3,cube3 onto cube2
coraplex_panda_demo_v2,2026-08-07 13:09:19.119509+00:00,73,3,cube3 onto cube2
coraplex_panda_demo_v2,2026-08-11 15:06:22.671206+00:00,73,3,cube3 onto cube2
coraplex_panda_demo_v2,2026-08-10 07:57:25.429533+00:00,74,1,cube1 onto cube0
coraplex_panda_demo_v2,2026-08-11 15:06:22.671206+00:00,74,1,cube1 onto cube0
coraplex_panda_demo_v2,2026-08-11 20:33:15.502061+00:00,74,1,cube1 onto cube0
coraplex_panda_demo_v2,2026-08-10 17:08:54.640351+00:00,74,1,cube1 onto cube0
coraplex_panda_demo_v2,2026-08-10 17:08:54.640351+00:00,74,2,cube2 onto cube1
coraplex_panda_demo_v2,2026-08-11 15:06:22.671206+00:00,74,2,cube2 onto cube1
coraplex_panda_demo_v2,2026-08-10 07:57:25.429533+00:00,74,2,cube2 onto cube1
coraplex_panda_demo_v2,2026-08-11 20:33:15.502061+00:00,74,2,cube2 onto cube1
coraplex_panda_demo_v2,2026-08-10 07:57:25.429533+00:00,74,3,cube3 onto cube2
coraplex_panda_demo_v2,2026-08-11 20:33:15.502061+00:00,74,3,cube3 onto cube2
coraplex_panda_demo_v2,2026-08-11 15:06:22.671206+00:00,74,3,cube3 onto cube2
coraplex_panda_demo_v2,2026-08-10 17:08:54.640351+00:00,74,3,cube3 onto cube2
coraplex_panda_demo_v2,2026-08-10 07:57:25.429533+00:00,75,1,cube1 onto cube0
coraplex_panda_demo_v2,2026-08-07 13:09:19.119509+00:00,75,1,cube1 onto cube0
coraplex_panda_demo_v2,2026-08-10 23:06:47.708181+00:00,75,1,cube1 onto cube0
coraplex_panda_demo_v2,2026-08-07 13:09:19.119509+00:00,75,2,cube2 onto cube1
coraplex_panda_demo_v2,2026-08-10 23:06:47.708181+00:00,75,2,cube2 onto cube1
coraplex_panda_demo_v2,2026-08-10 07:57:25.429533+00:00,75,2,cube2 onto cube1
coraplex_panda_demo_v2,2026-08-07 13:09:19.119509+00:00,75,3,cube3 onto cube2
coraplex_panda_demo_v2,2026-08-10 07:57:25.429533+00:00,75,3,cube3 onto cube2
coraplex_panda_demo_v2,2026-08-10 23:06:47.708181+00:00,75,3,cube3 onto cube2
coraplex_panda_demo_v2,2026-08-12 07:12:15.363833+00:00,76,1,cube1 onto cube0
coraplex_panda_demo_v2,2026-08-11 06:28:50.061664+00:00,76,1,cube1 onto cube0
coraplex_panda_demo_v2,2026-08-11 04:18:37.880292+00:00,76,1,cube1 onto cube0
coraplex_panda_demo_v2,2026-08-10 23:06:47.708181+00:00,76,1,cube1 onto cube0
coraplex_panda_demo_v2,2026-08-07 13:09:19.119509+00:00,76,1,cube1 onto cube0
coraplex_panda_demo_v2,2026-08-10 07:57:25.429533+00:00,76,1,cube1 onto cube0
coraplex_panda_demo_v2,2026-08-11 20:33:15.502061+00:00,76,1,cube1 onto cube0
coraplex_panda_demo_v2,2026-08-10 17:08:54.640351+00:00,76,1,cube1 onto cube0
coraplex_panda_demo_v2,2026-08-10 23:06:47.708181+00:00,76,2,cube2 onto cube1
coraplex_panda_demo_v2,2026-08-11 06:28:50.061664+00:00,76,2,cube2 onto cube1
coraplex_panda_demo_v2,2026-08-10 07:57:25.429533+00:00,76,2,cube2 onto cube1
coraplex_panda_demo_v2,2026-08-12 07:12:15.363833+00:00,76,2,cube2 onto cube1
coraplex_panda_demo_v2,2026-08-10 17:08:54.640351+00:00,76,2,cube2 onto cube1
coraplex_panda_demo_v2,2026-08-11 20:33:15.502061+00:00,76,2,cube2 onto cube1
coraplex_panda_demo_v2,2026-08-11 04:18:37.880292+00:00,76,2,cube2 onto cube1
coraplex_panda_demo_v2,2026-08-07 13:09:19.119509+00:00,76,2,cube2 onto cube1
coraplex_panda_demo_v2,2026-08-10 07:57:25.429533+00:00,76,3,cube3 onto cube2
coraplex_panda_demo_v2,2026-08-12 07:12:15.363833+00:00,76,3,cube3 onto cube2
coraplex_panda_demo_v2,2026-08-07 13:09:19.119509+00:00,76,3,cube3 onto cube2
coraplex_panda_demo_v2,2026-08-11 04:18:37.880292+00:00,76,3,cube3 onto cube2
coraplex_panda_demo_v2,2026-08-10 23:06:47.708181+00:00,76,3,cube3 onto cube2
coraplex_panda_demo_v2,2026-08-10 17:08:54.640351+00:00,76,3,cube3 onto cube2
coraplex_panda_demo_v2,2026-08-11 06:28:50.061664+00:00,76,3,cube3 onto cube2
coraplex_panda_demo_v2,2026-08-11 20:33:15.502061+00:00,76,3,cube3 onto cube2
coraplex_panda_demo_v2,2026-08-11 20:33:15.502061+00:00,77,1,cube1 onto cube0
coraplex_panda_demo_v2,2026-08-07 13:09:19.119509+00:00,77,1,cube1 onto cube0
coraplex_panda_demo_v2,2026-08-10 07:57:25.429533+00:00,77,1,cube1 onto cube0
coraplex_panda_demo_v2,2026-08-11 04:18:37.880292+00:00,77,1,cube1 onto cube0
coraplex_panda_demo_v2,2026-08-11 15:06:22.671206+00:00,77,1,cube1 onto cube0
coraplex_panda_demo_v2,2026-08-12 07:12:15.363833+00:00,77,1,cube1 onto cube0
coraplex_panda_demo_v2,2026-08-10 23:06:47.708181+00:00,77,1,cube1 onto cube0
coraplex_panda_demo_v2,2026-08-12 07:12:15.363833+00:00,77,2,cube2 onto cube1
coraplex_panda_demo_v2,2026-08-11 20:33:15.502061+00:00,77,2,cube2 onto cube1
coraplex_panda_demo_v2,2026-08-11 04:18:37.880292+00:00,77,2,cube2 onto cube1
coraplex_panda_demo_v2,2026-08-10 07:57:25.429533+00:00,77,2,cube2 onto cube1
coraplex_panda_demo_v2,2026-08-07 13:09:19.119509+00:00,77,2,cube2 onto cube1
coraplex_panda_demo_v2,2026-08-10 23:06:47.708181+00:00,77,2,cube2 onto cube1
coraplex_panda_demo_v2,2026-08-11 15:06:22.671206+00:00,77,2,cube2 onto cube1
coraplex_panda_demo_v2,2026-08-11 15:06:22.671206+00:00,77,3,cube3 onto cube2
coraplex_panda_demo_v2,2026-08-07 13:09:19.119509+00:00,77,3,cube3 onto cube2
coraplex_panda_demo_v2,2026-08-11 04:18:37.880292+00:00,77,3,cube3 onto cube2
coraplex_panda_demo_v2,2026-08-10 07:57:25.429533+00:00,77,3,cube3 onto cube2
coraplex_panda_demo_v2,2026-08-12 07:12:15.363833+00:00,77,3,cube3 onto cube2
coraplex_panda_demo_v2,2026-08-11 20:33:15.502061+00:00,77,3,cube3 onto cube2
coraplex_panda_demo_v2,2026-08-10 23:06:47.708181+00:00,77,3,cube3 onto cube2
coraplex_panda_demo_v2,2026-08-12 07:12:15.363833+00:00,78,1,cube1 onto cube0
coraplex_panda_demo_v2,2026-08-11 06:28:50.061664+00:00,78,1,cube1 onto cube0
coraplex_panda_demo_v2,2026-08-11 15:06:22.671206+00:00,78,1,cube1 onto cube0
coraplex_panda_demo_v2,2026-08-07 13:09:19.119509+00:00,78,1,cube1 onto cube0
coraplex_panda_demo_v2,2026-08-10 07:57:25.429533+00:00,78,1,cube1 onto cube0
coraplex_panda_demo_v2,2026-08-11 20:33:15.502061+00:00,78,1,cube1 onto cube0
coraplex_panda_demo_v2,2026-08-10 17:08:54.640351+00:00,78,1,cube1 onto cube0
coraplex_panda_demo_v2,2026-08-07 13:09:19.119509+00:00,78,2,cube2 onto cube1
coraplex_panda_demo_v2,2026-08-11 15:06:22.671206+00:00,78,2,cube2 onto cube1
coraplex_panda_demo_v2,2026-08-12 07:12:15.363833+00:00,78,2,cube2 onto cube1
coraplex_panda_demo_v2,2026-08-11 06:28:50.061664+00:00,78,2,cube2 onto cube1
coraplex_panda_demo_v2,2026-08-10 07:57:25.429533+00:00,78,2,cube2 onto cube1
coraplex_panda_demo_v2,2026-08-11 20:33:15.502061+00:00,78,2,cube2 onto cube1
coraplex_panda_demo_v2,2026-08-10 17:08:54.640351+00:00,78,2,cube2 onto cube1
coraplex_panda_demo_v2,2026-08-07 13:09:19.119509+00:00,78,3,cube3 onto cube2
coraplex_panda_demo_v2,2026-08-11 20:33:15.502061+00:00,78,3,cube3 onto cube2
coraplex_panda_demo_v2,2026-08-11 06:28:50.061664+00:00,78,3,cube3 onto cube2
coraplex_panda_demo_v2,2026-08-12 07:12:15.363833+00:00,78,3,cube3 onto cube2
coraplex_panda_demo_v2,2026-08-11 15:06:22.671206+00:00,78,3,cube3 onto cube2
coraplex_panda_demo_v2,2026-08-10 17:08:54.640351+00:00,78,3,cube3 onto cube2
coraplex_panda_demo_v2,2026-08-10 07:57:25.429533+00:00,78,3,cube3 onto cube2
coraplex_panda_demo_v2,2026-08-11 15:06:22.671206+00:00,79,1,cube1 onto cube0
coraplex_panda_demo_v2,2026-08-10 23:06:47.708181+00:00,79,1,cube1 onto cube0
coraplex_panda_demo_v2,2026-08-11 20:33:15.502061+00:00,79,1,cube1 onto cube0
coraplex_panda_demo_v2,2026-08-10 07:57:25.429533+00:00,79,1,cube1 onto cube0
coraplex_panda_demo_v2,2026-08-11 04:18:37.880292+00:00,79,1,cube1 onto cube0
coraplex_panda_demo_v2,2026-08-11 06:28:50.061664+00:00,79,1,cube1 onto cube0
coraplex_panda_demo_v2,2026-08-07 13:09:19.119509+00:00,79,1,cube1 onto cube0
coraplex_panda_demo_v2,2026-08-11 06:28:50.061664+00:00,79,2,cube2 onto cube1
coraplex_panda_demo_v2,2026-08-11 15:06:22.671206+00:00,79,2,cube2 onto cube1
coraplex_panda_demo_v2,2026-08-10 23:06:47.708181+00:00,79,2,cube2 onto cube1
coraplex_panda_demo_v2,2026-08-07 13:09:19.119509+00:00,79,2,cube2 onto cube1
coraplex_panda_demo_v2,2026-08-11 20:33:15.502061+00:00,79,2,cube2 onto cube1
coraplex_panda_demo_v2,2026-08-11 04:18:37.880292+00:00,79,2,cube2 onto cube1
coraplex_panda_demo_v2,2026-08-10 07:57:25.429533+00:00,79,2,cube2 onto cube1
coraplex_panda_demo_v2,2026-08-11 15:06:22.671206+00:00,79,3,cube3 onto cube2
coraplex_panda_demo_v2,2026-08-11 06:28:50.061664+00:00,79,3,cube3 onto cube2
coraplex_panda_demo_v2,2026-08-07 13:09:19.119509+00:00,79,3,cube3 onto cube2
coraplex_panda_demo_v2,2026-08-10 07:57:25.429533+00:00,79,3,cube3 onto cube2
coraplex_panda_demo_v2,2026-08-11 04:18:37.880292+00:00,79,3,cube3 onto cube2
coraplex_panda_demo_v2,2026-08-10 23:06:47.708181+00:00,79,3,cube3 onto cube2
coraplex_panda_demo_v2,2026-08-11 20:33:15.502061+00:00,79,3,cube3 onto cube2
coraplex_panda_demo_v2,2026-08-11 06:28:50.061664+00:00,80,1,cube1 onto cube0
coraplex_panda_demo_v2,2026-08-10 17:08:54.640351+00:00,80,1,cube1 onto cube0
coraplex_panda_demo_v2,2026-08-11 20:33:15.502061+00:00,80,1,cube1 onto cube0
coraplex_panda_demo_v2,2026-08-11 04:18:37.880292+00:00,80,1,cube1 onto cube0
coraplex_panda_demo_v2,2026-08-11 04:18:37.880292+00:00,80,2,cube2 onto cube1
coraplex_panda_demo_v2,2026-08-10 17:08:54.640351+00:00,80,2,cube2 onto cube1
coraplex_panda_demo_v2,2026-08-11 06:28:50.061664+00:00,80,2,cube2 onto cube1
coraplex_panda_demo_v2,2026-08-11 20:33:15.502061+00:00,80,2,cube2 onto cube1
coraplex_panda_demo_v2,2026-08-10 17:08:54.640351+00:00,80,3,cube3 onto cube2
coraplex_panda_demo_v2,2026-08-11 06:28:50.061664+00:00,80,3,cube3 onto cube2
coraplex_panda_demo_v2,2026-08-11 04:18:37.880292+00:00,80,3,cube3 onto cube2
coraplex_panda_demo_v2,2026-08-11 20:33:15.502061+00:00,80,3,cube3 onto cube2
coraplex_panda_demo_v2,2026-08-11 06:28:50.061664+00:00,81,1,cube1 onto cube0
coraplex_panda_demo_v2,2026-08-10 07:57:25.429533+00:00,81,1,cube1 onto cube0
coraplex_panda_demo_v2,2026-08-10 23:06:47.708181+00:00,81,1,cube1 onto cube0
coraplex_panda_demo_v2,2026-08-11 04:18:37.880292+00:00,81,1,cube1 onto cube0
coraplex_panda_demo_v2,2026-08-12 07:12:15.363833+00:00,81,1,cube1 onto cube0
coraplex_panda_demo_v2,2026-08-11 20:33:15.502061+00:00,81,1,cube1 onto cube0
coraplex_panda_demo_v2,2026-08-07 13:09:19.119509+00:00,81,1,cube1 onto cube0
coraplex_panda_demo_v2,2026-08-11 06:28:50.061664+00:00,81,2,cube2 onto cube1
coraplex_panda_demo_v2,2026-08-11 04:18:37.880292+00:00,81,2,cube2 onto cube1
coraplex_panda_demo_v2,2026-08-10 23:06:47.708181+00:00,81,2,cube2 onto cube1
coraplex_panda_demo_v2,2026-08-07 13:09:19.119509+00:00,81,2,cube2 onto cube1
coraplex_panda_demo_v2,2026-08-10 07:57:25.429533+00:00,81,2,cube2 onto cube1
coraplex_panda_demo_v2,2026-08-12 07:12:15.363833+00:00,81,2,cube2 onto cube1
coraplex_panda_demo_v2,2026-08-11 20:33:15.502061+00:00,81,2,cube2 onto cube1
coraplex_panda_demo_v2,2026-08-11 20:33:15.502061+00:00,81,3,cube3 onto cube2
coraplex_panda_demo_v2,2026-08-07 13:09:19.119509+00:00,81,3,cube3 onto cube2
coraplex_panda_demo_v2,2026-08-12 07:12:15.363833+00:00,81,3,cube3 onto cube2
coraplex_panda_demo_v2,2026-08-10 23:06:47.708181+00:00,81,3,cube3 onto cube2
coraplex_panda_demo_v2,2026-08-10 07:57:25.429533+00:00,81,3,cube3 onto cube2
coraplex_panda_demo_v2,2026-08-11 06:28:50.061664+00:00,81,3,cube3 onto cube2
coraplex_panda_demo_v2,2026-08-11 04:18:37.880292+00:00,81,3,cube3 onto cube2
coraplex_panda_demo_v2,2026-08-11 06:28:50.061664+00:00,82,1,cube1 onto cube0
coraplex_panda_demo_v2,2026-08-10 07:57:25.429533+00:00,82,1,cube1 onto cube0
coraplex_panda_demo_v2,2026-08-12 07:12:15.363833+00:00,82,1,cube1 onto cube0
coraplex_panda_demo_v2,2026-08-10 17:08:54.640351+00:00,82,1,cube1 onto cube0
coraplex_panda_demo_v2,2026-08-11 20:33:15.502061+00:00,82,1,cube1 onto cube0
coraplex_panda_demo_v2,2026-08-10 23:06:47.708181+00:00,82,1,cube1 onto cube0
coraplex_panda_demo_v2,2026-08-07 13:09:19.119509+00:00,82,1,cube1 onto cube0
coraplex_panda_demo_v2,2026-08-11 20:33:15.502061+00:00,82,2,cube2 onto cube1
coraplex_panda_demo_v2,2026-08-10 17:08:54.640351+00:00,82,2,cube2 onto cube1
coraplex_panda_demo_v2,2026-08-12 07:12:15.363833+00:00,82,2,cube2 onto cube1
coraplex_panda_demo_v2,2026-08-10 07:57:25.429533+00:00,82,2,cube2 onto cube1
coraplex_panda_demo_v2,2026-08-07 13:09:19.119509+00:00,82,2,cube2 onto cube1
coraplex_panda_demo_v2,2026-08-10 23:06:47.708181+00:00,82,2,cube2 onto cube1
coraplex_panda_demo_v2,2026-08-11 06:28:50.061664+00:00,82,2,cube2 onto cube1
coraplex_panda_demo_v2,2026-08-10 07:57:25.429533+00:00,82,3,cube3 onto cube2
coraplex_panda_demo_v2,2026-08-11 06:28:50.061664+00:00,82,3,cube3 onto cube2
coraplex_panda_demo_v2,2026-08-12 07:12:15.363833+00:00,82,3,cube3 onto cube2
coraplex_panda_demo_v2,2026-08-10 17:08:54.640351+00:00,82,3,cube3 onto cube2
coraplex_panda_demo_v2,2026-08-07 13:09:19.119509+00:00,82,3,cube3 onto cube2
coraplex_panda_demo_v2,2026-08-10 23:06:47.708181+00:00,82,3,cube3 onto cube2
coraplex_panda_demo_v2,2026-08-11 20:33:15.502061+00:00,82,3,cube3 onto cube2
coraplex_panda_demo_v2,2026-08-10 23:06:47.708181+00:00,83,1,cube1 onto cube0
coraplex_panda_demo_v2,2026-08-11 15:06:22.671206+00:00,83,1,cube1 onto cube0
coraplex_panda_demo_v2,2026-08-10 07:57:25.429533+00:00,83,1,cube1 onto cube0
coraplex_panda_demo_v2,2026-08-11 06:28:50.061664+00:00,83,1,cube1 onto cube0
coraplex_panda_demo_v2,2026-08-10 17:08:54.640351+00:00,83,1,cube1 onto cube0
coraplex_panda_demo_v2,2026-08-11 04:18:37.880292+00:00,83,1,cube1 onto cube0
coraplex_panda_demo_v2,2026-08-10 17:08:54.640351+00:00,83,2,cube2 onto cube1
coraplex_panda_demo_v2,2026-08-11 04:18:37.880292+00:00,83,2,cube2 onto cube1
coraplex_panda_demo_v2,2026-08-10 07:57:25.429533+00:00,83,2,cube2 onto cube1
coraplex_panda_demo_v2,2026-08-10 23:06:47.708181+00:00,83,2,cube2 onto cube1
coraplex_panda_demo_v2,2026-08-11 15:06:22.671206+00:00,83,2,cube2 onto cube1
coraplex_panda_demo_v2,2026-08-11 06:28:50.061664+00:00,83,2,cube2 onto cube1
coraplex_panda_demo_v2,2026-08-11 06:28:50.061664+00:00,83,3,cube3 onto cube2
coraplex_panda_demo_v2,2026-08-10 07:57:25.429533+00:00,83,3,cube3 onto cube2
coraplex_panda_demo_v2,2026-08-11 04:18:37.880292+00:00,83,3,cube3 onto cube2
coraplex_panda_demo_v2,2026-08-11 15:06:22.671206+00:00,83,3,cube3 onto cube2
coraplex_panda_demo_v2,2026-08-10 17:08:54.640351+00:00,83,3,cube3 onto cube2
coraplex_panda_demo_v2,2026-08-10 23:06:47.708181+00:00,83,3,cube3 onto cube2
coraplex_panda_demo_v2,2026-08-11 15:06:22.671206+00:00,84,1,cube1 onto cube0
coraplex_panda_demo_v2,2026-08-12 07:12:15.363833+00:00,84,1,cube1 onto cube0
coraplex_panda_demo_v2,2026-08-10 23:06:47.708181+00:00,84,1,cube1 onto cube0
coraplex_panda_demo_v2,2026-08-11 20:33:15.502061+00:00,84,1,cube1 onto cube0
coraplex_panda_demo_v2,2026-08-07 13:09:19.119509+00:00,84,1,cube1 onto cube0
coraplex_panda_demo_v2,2026-08-07 13:09:19.119509+00:00,84,2,cube2 onto cube1
coraplex_panda_demo_v2,2026-08-10 23:06:47.708181+00:00,84,2,cube2 onto cube1
coraplex_panda_demo_v2,2026-08-11 20:33:15.502061+00:00,84,2,cube2 onto cube1
coraplex_panda_demo_v2,2026-08-12 07:12:15.363833+00:00,84,2,cube2 onto cube1
coraplex_panda_demo_v2,2026-08-11 15:06:22.671206+00:00,84,2,cube2 onto cube1
coraplex_panda_demo_v2,2026-08-11 15:06:22.671206+00:00,84,3,cube3 onto cube2
coraplex_panda_demo_v2,2026-08-07 13:09:19.119509+00:00,84,3,cube3 onto cube2
coraplex_panda_demo_v2,2026-08-12 07:12:15.363833+00:00,84,3,cube3 onto cube2
coraplex_panda_demo_v2,2026-08-10 23:06:47.708181+00:00,84,3,cube3 onto cube2
coraplex_panda_demo_v2,2026-08-11 20:33:15.502061+00:00,84,3,cube3 onto cube2
coraplex_panda_demo_v2,2026-08-11 20:33:15.502061+00:00,85,1,cube1 onto cube0
coraplex_panda_demo_v2,2026-08-12 07:12:15.363833+00:00,85,1,cube1 onto cube0
coraplex_panda_demo_v2,2026-08-11 15:06:22.671206+00:00,85,1,cube1 onto cube0
coraplex_panda_demo_v2,2026-08-10 23:06:47.708181+00:00,85,1,cube1 onto cube0
coraplex_panda_demo_v2,2026-08-10 17:08:54.640351+00:00,85,1,cube1 onto cube0
coraplex_panda_demo_v2,2026-08-11 04:18:37.880292+00:00,85,1,cube1 onto cube0
coraplex_panda_demo_v2,2026-08-10 07:57:25.429533+00:00,85,1,cube1 onto cube0
coraplex_panda_demo_v2,2026-08-11 04:18:37.880292+00:00,85,2,cube2 onto cube1
coraplex_panda_demo_v2,2026-08-11 15:06:22.671206+00:00,85,2,cube2 onto cube1
coraplex_panda_demo_v2,2026-08-10 07:57:25.429533+00:00,85,2,cube2 onto cube1
coraplex_panda_demo_v2,2026-08-11 20:33:15.502061+00:00,85,2,cube2 onto cube1
coraplex_panda_demo_v2,2026-08-12 07:12:15.363833+00:00,85,2,cube2 onto cube1
coraplex_panda_demo_v2,2026-08-10 17:08:54.640351+00:00,85,2,cube2 onto cube1
coraplex_panda_demo_v2,2026-08-10 23:06:47.708181+00:00,85,2,cube2 onto cube1
coraplex_panda_demo_v2,2026-08-10 23:06:47.708181+00:00,85,3,cube3 onto cube2
coraplex_panda_demo_v2,2026-08-10 07:57:25.429533+00:00,85,3,cube3 onto cube2
coraplex_panda_demo_v2,2026-08-12 07:12:15.363833+00:00,85,3,cube3 onto cube2
coraplex_panda_demo_v2,2026-08-10 17:08:54.640351+00:00,85,3,cube3 onto cube2
coraplex_panda_demo_v2,2026-08-11 20:33:15.502061+00:00,85,3,cube3 onto cube2
coraplex_panda_demo_v2,2026-08-11 04:18:37.880292+00:00,85,3,cube3 onto cube2
coraplex_panda_demo_v2,2026-08-11 15:06:22.671206+00:00,85,3,cube3 onto cube2
coraplex_panda_demo_v2,2026-08-11 04:18:37.880292+00:00,86,1,cube1 onto cube0
coraplex_panda_demo_v2,2026-08-07 13:09:19.119509+00:00,86,1,cube1 onto cube0
coraplex_panda_demo_v2,2026-08-10 23:06:47.708181+00:00,86,1,cube1 onto cube0
coraplex_panda_demo_v2,2026-08-10 17:08:54.640351+00:00,86,1,cube1 onto cube0
coraplex_panda_demo_v2,2026-08-11 06:28:50.061664+00:00,86,1,cube1 onto cube0
coraplex_panda_demo_v2,2026-08-12 07:12:15.363833+00:00,86,1,cube1 onto cube0
coraplex_panda_demo_v2,2026-08-11 20:33:15.502061+00:00,86,1,cube1 onto cube0
coraplex_panda_demo_v2,2026-08-10 17:08:54.640351+00:00,86,2,cube2 onto cube1
coraplex_panda_demo_v2,2026-08-10 23:06:47.708181+00:00,86,2,cube2 onto cube1
coraplex_panda_demo_v2,2026-08-11 04:18:37.880292+00:00,86,2,cube2 onto cube1
coraplex_panda_demo_v2,2026-08-07 13:09:19.119509+00:00,86,2,cube2 onto cube1
coraplex_panda_demo_v2,2026-08-11 20:33:15.502061+00:00,86,2,cube2 onto cube1
coraplex_panda_demo_v2,2026-08-11 06:28:50.061664+00:00,86,2,cube2 onto cube1
coraplex_panda_demo_v2,2026-08-12 07:12:15.363833+00:00,86,2,cube2 onto cube1
coraplex_panda_demo_v2,2026-08-11 20:33:15.502061+00:00,86,3,cube3 onto cube2
coraplex_panda_demo_v2,2026-08-07 13:09:19.119509+00:00,86,3,cube3 onto cube2
coraplex_panda_demo_v2,2026-08-12 07:12:15.363833+00:00,86,3,cube3 onto cube2
coraplex_panda_demo_v2,2026-08-10 17:08:54.640351+00:00,86,3,cube3 onto cube2
coraplex_panda_demo_v2,2026-08-10 23:06:47.708181+00:00,86,3,cube3 onto cube2
coraplex_panda_demo_v2,2026-08-11 04:18:37.880292+00:00,86,3,cube3 onto cube2
coraplex_panda_demo_v2,2026-08-11 06:28:50.061664+00:00,86,3,cube3 onto cube2
coraplex_panda_demo_v2,2026-08-07 13:09:19.119509+00:00,87,1,cube1 onto cube0
coraplex_panda_demo_v2,2026-08-12 07:12:15.363833+00:00,87,1,cube1 onto cube0
coraplex_panda_demo_v2,2026-08-10 07:57:25.429533+00:00,87,1,cube1 onto cube0
coraplex_panda_demo_v2,2026-08-11 06:28:50.061664+00:00,87,1,cube1 onto cube0
coraplex_panda_demo_v2,2026-08-11 20:33:15.502061+00:00,87,1,cube1 onto cube0
coraplex_panda_demo_v2,2026-08-11 15:06:22.671206+00:00,87,1,cube1 onto cube0
coraplex_panda_demo_v2,2026-08-11 15:06:22.671206+00:00,87,2,cube2 onto cube1
coraplex_panda_demo_v2,2026-08-11 06:28:50.061664+00:00,87,2,cube2 onto cube1
coraplex_panda_demo_v2,2026-08-07 13:09:19.119509+00:00,87,2,cube2 onto cube1
coraplex_panda_demo_v2,2026-08-11 20:33:15.502061+00:00,87,2,cube2 onto cube1
coraplex_panda_demo_v2,2026-08-12 07:12:15.363833+00:00,87,2,cube2 onto cube1
coraplex_panda_demo_v2,2026-08-10 07:57:25.429533+00:00,87,2,cube2 onto cube1
coraplex_panda_demo_v2,2026-08-11 15:06:22.671206+00:00,87,3,cube3 onto cube2
coraplex_panda_demo_v2,2026-08-10 07:57:25.429533+00:00,87,3,cube3 onto cube2
coraplex_panda_demo_v2,2026-08-07 13:09:19.119509+00:00,87,3,cube3 onto cube2
coraplex_panda_demo_v2,2026-08-11 06:28:50.061664+00:00,87,3,cube3 onto cube2
coraplex_panda_demo_v2,2026-08-11 20:33:15.502061+00:00,87,3,cube3 onto cube2
coraplex_panda_demo_v2,2026-08-12 07:12:15.363833+00:00,87,3,cube3 onto cube2
coraplex_panda_demo_v2,2026-08-11 20:33:15.502061+00:00,88,1,cube1 onto cube0
coraplex_panda_demo_v2,2026-08-11 15:06:22.671206+00:00,88,1,cube1 onto cube0
coraplex_panda_demo_v2,2026-08-07 13:09:19.119509+00:00,88,1,cube1 onto cube0
coraplex_panda_demo_v2,2026-08-11 15:06:22.671206+00:00,88,2,cube2 onto cube1
coraplex_panda_demo_v2,2026-08-07 13:09:19.119509+00:00,88,2,cube2 onto cube1
coraplex_panda_demo_v2,2026-08-11 20:33:15.502061+00:00,88,2,cube2 onto cube1
coraplex_panda_demo_v2,2026-08-07 13:09:19.119509+00:00,88,3,cube3 onto cube2
coraplex_panda_demo_v2,2026-08-11 20:33:15.502061+00:00,88,3,cube3 onto cube2
coraplex_panda_demo_v2,2026-08-11 15:06:22.671206+00:00,88,3,cube3 onto cube2
coraplex_panda_demo_v2,2026-08-11 20:33:15.502061+00:00,89,1,cube1 onto cube0
coraplex_panda_demo_v2,2026-08-11 15:06:22.671206+00:00,89,1,cube1 onto cube0
coraplex_panda_demo_v2,2026-08-10 17:08:54.640351+00:00,89,1,cube1 onto cube0
coraplex_panda_demo_v2,2026-08-10 07:57:25.429533+00:00,89,1,cube1 onto cube0
coraplex_panda_demo_v2,2026-08-07 13:09:19.119509+00:00,89,1,cube1 onto cube0
coraplex_panda_demo_v2,2026-08-10 17:08:54.640351+00:00,89,2,cube2 onto cube1
coraplex_panda_demo_v2,2026-08-11 15:06:22.671206+00:00,89,2,cube2 onto cube1
coraplex_panda_demo_v2,2026-08-07 13:09:19.119509+00:00,89,2,cube2 onto cube1
coraplex_panda_demo_v2,2026-08-10 07:57:25.429533+00:00,89,2,cube2 onto cube1
coraplex_panda_demo_v2,2026-08-11 20:33:15.502061+00:00,89,2,cube2 onto cube1
coraplex_panda_demo_v2,2026-08-11 15:06:22.671206+00:00,89,3,cube3 onto cube2
coraplex_panda_demo_v2,2026-08-11 20:33:15.502061+00:00,89,3,cube3 onto cube2
coraplex_panda_demo_v2,2026-08-10 07:57:25.429533+00:00,89,3,cube3 onto cube2
coraplex_panda_demo_v2,2026-08-07 13:09:19.119509+00:00,89,3,cube3 onto cube2
coraplex_panda_demo_v2,2026-08-10 17:08:54.640351+00:00,89,3,cube3 onto cube2
coraplex_panda_demo_v2,2026-08-10 23:06:47.708181+00:00,90,1,cube1 onto cube0
coraplex_panda_demo_v2,2026-08-10 17:08:54.640351+00:00,90,1,cube1 onto cube0
coraplex_panda_demo_v2,2026-08-11 04:18:37.880292+00:00,90,1,cube1 onto cube0
coraplex_panda_demo_v2,2026-08-11 15:06:22.671206+00:00,90,1,cube1 onto cube0
coraplex_panda_demo_v2,2026-08-10 07:57:25.429533+00:00,90,1,cube1 onto cube0
coraplex_panda_demo_v2,2026-08-11 20:33:15.502061+00:00,90,1,cube1 onto cube0
coraplex_panda_demo_v2,2026-08-10 23:06:47.708181+00:00,90,2,cube2 onto cube1
coraplex_panda_demo_v2,2026-08-10 07:57:25.429533+00:00,90,2,cube2 onto cube1
coraplex_panda_demo_v2,2026-08-10 17:08:54.640351+00:00,90,2,cube2 onto cube1
coraplex_panda_demo_v2,2026-08-11 20:33:15.502061+00:00,90,2,cube2 onto cube1
coraplex_panda_demo_v2,2026-08-11 15:06:22.671206+00:00,90,2,cube2 onto cube1
coraplex_panda_demo_v2,2026-08-11 04:18:37.880292+00:00,90,2,cube2 onto cube1
coraplex_panda_demo_v2,2026-08-10 23:06:47.708181+00:00,90,3,cube3 onto cube2
coraplex_panda_demo_v2,2026-08-11 15:06:22.671206+00:00,90,3,cube3 onto cube2
coraplex_panda_demo_v2,2026-08-10 07:57:25.429533+00:00,90,3,cube3 onto cube2
coraplex_panda_demo_v2,2026-08-10 17:08:54.640351+00:00,90,3,cube3 onto cube2
coraplex_panda_demo_v2,2026-08-11 20:33:15.502061+00:00,90,3,cube3 onto cube2
coraplex_panda_demo_v2,2026-08-11 04:18:37.880292+00:00,90,3,cube3 onto cube2
coraplex_panda_demo_v2,2026-08-12 07:12:15.363833+00:00,91,1,cube1 onto cube0
coraplex_panda_demo_v2,2026-08-11 04:18:37.880292+00:00,91,1,cube1 onto cube0
coraplex_panda_demo_v2,2026-08-07 13:09:19.119509+00:00,91,1,cube1 onto cube0
coraplex_panda_demo_v2,2026-08-11 15:06:22.671206+00:00,91,1,cube1 onto cube0
coraplex_panda_demo_v2,2026-08-10 17:08:54.640351+00:00,91,1,cube1 onto cube0
coraplex_panda_demo_v2,2026-08-11 20:33:15.502061+00:00,91,1,cube1 onto cube0
coraplex_panda_demo_v2,2026-08-11 04:18:37.880292+00:00,91,2,cube2 onto cube1
coraplex_panda_demo_v2,2026-08-11 15:06:22.671206+00:00,91,2,cube2 onto cube1
coraplex_panda_demo_v2,2026-08-11 20:33:15.502061+00:00,91,2,cube2 onto cube1
coraplex_panda_demo_v2,2026-08-07 13:09:19.119509+00:00,91,2,cube2 onto cube1
coraplex_panda_demo_v2,2026-08-10 17:08:54.640351+00:00,91,2,cube2 onto cube1
coraplex_panda_demo_v2,2026-08-12 07:12:15.363833+00:00,91,2,cube2 onto cube1
coraplex_panda_demo_v2,2026-08-10 17:08:54.640351+00:00,91,3,cube3 onto cube2
coraplex_panda_demo_v2,2026-08-11 15:06:22.671206+00:00,91,3,cube3 onto cube2
coraplex_panda_demo_v2,2026-08-07 13:09:19.119509+00:00,91,3,cube3 onto cube2
coraplex_panda_demo_v2,2026-08-12 07:12:15.363833+00:00,91,3,cube3 onto cube2
coraplex_panda_demo_v2,2026-08-11 20:33:15.502061+00:00,91,3,cube3 onto cube2
coraplex_panda_demo_v2,2026-08-11 04:18:37.880292+00:00,91,3,cube3 onto cube2
coraplex_panda_demo_v2,2026-08-11 20:33:15.502061+00:00,92,1,cube1 onto cube0
coraplex_panda_demo_v2,2026-08-10 23:06:47.708181+00:00,92,1,cube1 onto cube0
coraplex_panda_demo_v2,2026-08-11 04:18:37.880292+00:00,92,1,cube1 onto cube0
coraplex_panda_demo_v2,2026-08-10 17:08:54.640351+00:00,92,1,cube1 onto cube0
coraplex_panda_demo_v2,2026-08-10 07:57:25.429533+00:00,92,1,cube1 onto cube0
coraplex_panda_demo_v2,2026-08-12 07:12:15.363833+00:00,92,1,cube1 onto cube0
coraplex_panda_demo_v2,2026-08-07 13:09:19.119509+00:00,92,1,cube1 onto cube0
coraplex_panda_demo_v2,2026-08-07 13:09:19.119509+00:00,92,2,cube2 onto cube1
coraplex_panda_demo_v2,2026-08-10 23:06:47.708181+00:00,92,2,cube2 onto cube1
coraplex_panda_demo_v2,2026-08-12 07:12:15.363833+00:00,92,2,cube2 onto cube1
coraplex_panda_demo_v2,2026-08-11 04:18:37.880292+00:00,92,2,cube2 onto cube1
coraplex_panda_demo_v2,2026-08-10 07:57:25.429533+00:00,92,2,cube2 onto cube1
coraplex_panda_demo_v2,2026-08-10 17:08:54.640351+00:00,92,2,cube2 onto cube1
coraplex_panda_demo_v2,2026-08-11 20:33:15.502061+00:00,92,2,cube2 onto cube1
coraplex_panda_demo_v2,2026-08-07 13:09:19.119509+00:00,92,3,cube3 onto cube2
coraplex_panda_demo_v2,2026-08-10 07:57:25.429533+00:00,92,3,cube3 onto cube2
coraplex_panda_demo_v2,2026-08-10 17:08:54.640351+00:00,92,3,cube3 onto cube2
coraplex_panda_demo_v2,2026-08-11 20:33:15.502061+00:00,92,3,cube3 onto cube2
coraplex_panda_demo_v2,2026-08-11 04:18:37.880292+00:00,92,3,cube3 onto cube2
coraplex_panda_demo_v2,2026-08-10 23:06:47.708181+00:00,92,3,cube3 onto cube2
coraplex_panda_demo_v2,2026-08-12 07:12:15.363833+00:00,92,3,cube3 onto cube2
coraplex_panda_demo_v2,2026-08-11 15:06:22.671206+00:00,93,1,cube1 onto cube0
coraplex_panda_demo_v2,2026-08-07 13:09:19.119509+00:00,93,1,cube1 onto cube0
coraplex_panda_demo_v2,2026-08-10 23:06:47.708181+00:00,93,1,cube1 onto cube0
coraplex_panda_demo_v2,2026-08-11 20:33:15.502061+00:00,93,1,cube1 onto cube0
coraplex_panda_demo_v2,2026-08-11 20:33:15.502061+00:00,93,2,cube2 onto cube1
coraplex_panda_demo_v2,2026-08-07 13:09:19.119509+00:00,93,2,cube2 onto cube1
coraplex_panda_demo_v2,2026-08-11 15:06:22.671206+00:00,93,2,cube2 onto cube1
coraplex_panda_demo_v2,2026-08-10 23:06:47.708181+00:00,93,2,cube2 onto cube1
coraplex_panda_demo_v2,2026-08-07 13:09:19.119509+00:00,93,3,cube3 onto cube2
coraplex_panda_demo_v2,2026-08-11 20:33:15.502061+00:00,93,3,cube3 onto cube2
coraplex_panda_demo_v2,2026-08-11 15:06:22.671206+00:00,93,3,cube3 onto cube2
coraplex_panda_demo_v2,2026-08-10 23:06:47.708181+00:00,93,3,cube3 onto cube2
coraplex_panda_demo_v2,2026-08-10 07:57:25.429533+00:00,94,1,cube1 onto cube0
coraplex_panda_demo_v2,2026-08-07 13:09:19.119509+00:00,94,1,cube1 onto cube0
coraplex_panda_demo_v2,2026-08-11 15:06:22.671206+00:00,94,1,cube1 onto cube0
coraplex_panda_demo_v2,2026-08-11 04:18:37.880292+00:00,94,1,cube1 onto cube0
coraplex_panda_demo_v2,2026-08-10 17:08:54.640351+00:00,94,1,cube1 onto cube0
coraplex_panda_demo_v2,2026-08-10 07:57:25.429533+00:00,94,2,cube2 onto cube1
coraplex_panda_demo_v2,2026-08-10 17:08:54.640351+00:00,94,2,cube2 onto cube1
coraplex_panda_demo_v2,2026-08-11 04:18:37.880292+00:00,94,2,cube2 onto cube1
coraplex_panda_demo_v2,2026-08-07 13:09:19.119509+00:00,94,2,cube2 onto cube1
coraplex_panda_demo_v2,2026-08-11 15:06:22.671206+00:00,94,2,cube2 onto cube1
coraplex_panda_demo_v2,2026-08-11 04:18:37.880292+00:00,94,3,cube3 onto cube2
coraplex_panda_demo_v2,2026-08-10 17:08:54.640351+00:00,94,3,cube3 onto cube2
coraplex_panda_demo_v2,2026-08-07 13:09:19.119509+00:00,94,3,cube3 onto cube2
coraplex_panda_demo_v2,2026-08-10 07:57:25.429533+00:00,94,3,cube3 onto cube2
coraplex_panda_demo_v2,2026-08-11 15:06:22.671206+00:00,94,3,cube3 onto cube2
coraplex_panda_demo_v2,2026-08-12 07:12:15.363833+00:00,95,1,cube1 onto cube0
coraplex_panda_demo_v2,2026-08-10 23:06:47.708181+00:00,95,1,cube1 onto cube0
coraplex_panda_demo_v2,2026-08-10 17:08:54.640351+00:00,95,1,cube1 onto cube0
coraplex_panda_demo_v2,2026-08-11 20:33:15.502061+00:00,95,1,cube1 onto cube0
coraplex_panda_demo_v2,2026-08-10 07:57:25.429533+00:00,95,1,cube1 onto cube0
coraplex_panda_demo_v2,2026-08-10 17:08:54.640351+00:00,95,2,cube2 onto cube1
coraplex_panda_demo_v2,2026-08-10 23:06:47.708181+00:00,95,2,cube2 onto cube1
coraplex_panda_demo_v2,2026-08-11 20:33:15.502061+00:00,95,2,cube2 onto cube1
coraplex_panda_demo_v2,2026-08-12 07:12:15.363833+00:00,95,2,cube2 onto cube1
coraplex_panda_demo_v2,2026-08-10 07:57:25.429533+00:00,95,2,cube2 onto cube1
coraplex_panda_demo_v2,2026-08-11 20:33:15.502061+00:00,95,3,cube3 onto cube2
coraplex_panda_demo_v2,2026-08-10 07:57:25.429533+00:00,95,3,cube3 onto cube2
coraplex_panda_demo_v2,2026-08-10 23:06:47.708181+00:00,95,3,cube3 onto cube2
coraplex_panda_demo_v2,2026-08-10 17:08:54.640351+00:00,95,3,cube3 onto cube2
coraplex_panda_demo_v2,2026-08-12 07:12:15.363833+00:00,95,3,cube3 onto cube2
coraplex_panda_demo_v2,2026-08-12 07:12:15.363833+00:00,96,1,cube1 onto cube0
coraplex_panda_demo_v2,2026-08-10 23:06:47.708181+00:00,96,1,cube1 onto cube0
coraplex_panda_demo_v2,2026-08-11 15:06:22.671206+00:00,96,1,cube1 onto cube0
coraplex_panda_demo_v2,2026-08-10 07:57:25.429533+00:00,96,1,cube1 onto cube0
coraplex_panda_demo_v2,2026-08-11 20:33:15.502061+00:00,96,1,cube1 onto cube0
coraplex_panda_demo_v2,2026-08-11 04:18:37.880292+00:00,96,1,cube1 onto cube0
coraplex_panda_demo_v2,2026-08-12 07:12:15.363833+00:00,96,2,cube2 onto cube1
coraplex_panda_demo_v2,2026-08-11 15:06:22.671206+00:00,96,2,cube2 onto cube1
coraplex_panda_demo_v2,2026-08-10 23:06:47.708181+00:00,96,2,cube2 onto cube1
coraplex_panda_demo_v2,2026-08-11 20:33:15.502061+00:00,96,2,cube2 onto cube1
coraplex_panda_demo_v2,2026-08-11 04:18:37.880292+00:00,96,2,cube2 onto cube1
coraplex_panda_demo_v2,2026-08-10 07:57:25.429533+00:00,96,2,cube2 onto cube1
coraplex_panda_demo_v2,2026-08-12 07:12:15.363833+00:00,96,3,cube3 onto cube2
coraplex_panda_demo_v2,2026-08-11 20:33:15.502061+00:00,96,3,cube3 onto cube2
coraplex_panda_demo_v2,2026-08-10 23:06:47.708181+00:00,96,3,cube3 onto cube2
coraplex_panda_demo_v2,2026-08-11 04:18:37.880292+00:00,96,3,cube3 onto cube2
coraplex_panda_demo_v2,2026-08-10 07:57:25.429533+00:00,96,3,cube3 onto cube2
coraplex_panda_demo_v2,2026-08-11 15:06:22.671206+00:00,96,3,cube3 onto cube2
coraplex_panda_demo_v2,2026-08-07 13:09:19.119509+00:00,97,1,cube1 onto cube0
coraplex_panda_demo_v2,2026-08-11 04:18:37.880292+00:00,97,1,cube1 onto cube0
coraplex_panda_demo_v2,2026-08-11 15:06:22.671206+00:00,97,1,cube1 onto cube0
coraplex_panda_demo_v2,2026-08-10 07:57:25.429533+00:00,97,1,cube1 onto cube0
coraplex_panda_demo_v2,2026-08-10 07:57:25.429533+00:00,97,2,cube2 onto cube1
coraplex_panda_demo_v2,2026-08-11 04:18:37.880292+00:00,97,2,cube2 onto cube1
coraplex_panda_demo_v2,2026-08-11 15:06:22.671206+00:00,97,2,cube2 onto cube1
coraplex_panda_demo_v2,2026-08-07 13:09:19.119509+00:00,97,2,cube2 onto cube1
coraplex_panda_demo_v2,2026-08-11 15:06:22.671206+00:00,97,3,cube3 onto cube2
coraplex_panda_demo_v2,2026-08-07 13:09:19.119509+00:00,97,3,cube3 onto cube2
coraplex_panda_demo_v2,2026-08-10 07:57:25.429533+00:00,97,3,cube3 onto cube2
coraplex_panda_demo_v2,2026-08-11 04:18:37.880292+00:00,97,3,cube3 onto cube2
coraplex_panda_demo_v2,2026-08-11 04:18:37.880292+00:00,98,1,cube1 onto cube0
coraplex_panda_demo_v2,2026-08-12 07:12:15.363833+00:00,98,1,cube1 onto cube0
coraplex_panda_demo_v2,2026-08-10 17:08:54.640351+00:00,98,1,cube1 onto cube0
coraplex_panda_demo_v2,2026-08-10 07:57:25.429533+00:00,98,1,cube1 onto cube0
coraplex_panda_demo_v2,2026-08-12 07:12:15.363833+00:00,98,2,cube2 onto cube1
coraplex_panda_demo_v2,2026-08-11 04:18:37.880292+00:00,98,2,cube2 onto cube1
coraplex_panda_demo_v2,2026-08-10 17:08:54.640351+00:00,98,2,cube2 onto cube1
coraplex_panda_demo_v2,2026-08-10 07:57:25.429533+00:00,98,2,cube2 onto cube1
coraplex_panda_demo_v2,2026-08-12 07:12:15.363833+00:00,98,3,cube3 onto cube2
coraplex_panda_demo_v2,2026-08-11 04:18:37.880292+00:00,98,3,cube3 onto cube2
coraplex_panda_demo_v2,2026-08-10 07:57:25.429533+00:00,98,3,cube3 onto cube2
coraplex_panda_demo_v2,2026-08-10 17:08:54.640351+00:00,98,3,cube3 onto cube2
coraplex_panda_demo_v2,2026-08-11 20:33:15.502061+00:00,99,1,cube1 onto cube0
coraplex_panda_demo_v2,2026-08-07 13:09:19.119509+00:00,99,1,cube1 onto cube0
coraplex_panda_demo_v2,2026-08-07 13:09:19.119509+00:00,99,2,cube2 onto cube1
coraplex_panda_demo_v2,2026-08-11 20:33:15.502061+00:00,99,2,cube2 onto cube1
coraplex_panda_demo_v2,2026-08-07 13:09:19.119509+00:00,99,3,cube3 onto cube2
coraplex_panda_demo_v2,2026-08-11 20:33:15.502061+00:00,99,3,cube3 onto cube2
coraplex_panda_demo_v2,2026-08-10 23:06:47.708181+00:00,100,1,cube1 onto cube0
coraplex_panda_demo_v2,2026-08-11 20:33:15.502061+00:00,100,1,cube1 onto cube0
coraplex_panda_demo_v2,2026-08-11 04:18:37.880292+00:00,100,1,cube1 onto cube0
coraplex_panda_demo_v2,2026-08-07 13:09:19.119509+00:00,100,1,cube1 onto cube0
coraplex_panda_demo_v2,2026-08-11 15:06:22.671206+00:00,100,1,cube1 onto cube0
coraplex_panda_demo_v2,2026-08-12 07:12:15.363833+00:00,100,1,cube1 onto cube0
coraplex_panda_demo_v2,2026-08-07 13:09:19.119509+00:00,100,2,cube2 onto cube1
coraplex_panda_demo_v2,2026-08-10 23:06:47.708181+00:00,100,2,cube2 onto cube1
coraplex_panda_demo_v2,2026-08-11 15:06:22.671206+00:00,100,2,cube2 onto cube1
coraplex_panda_demo_v2,2026-08-11 04:18:37.880292+00:00,100,2,cube2 onto cube1
coraplex_panda_demo_v2,2026-08-11 20:33:15.502061+00:00,100,2,cube2 onto cube1
coraplex_panda_demo_v2,2026-08-12 07:12:15.363833+00:00,100,2,cube2 onto cube1
coraplex_panda_demo_v2,2026-08-11 15:06:22.671206+00:00,100,3,cube3 onto cube2
coraplex_panda_demo_v2,2026-08-10 23:06:47.708181+00:00,100,3,cube3 onto cube2
coraplex_panda_demo_v2,2026-08-07 13:09:19.119509+00:00,100,3,cube3 onto cube2
coraplex_panda_demo_v2,2026-08-11 04:18:37.880292+00:00,100,3,cube3 onto cube2
coraplex_panda_demo_v2,2026-08-11 20:33:15.502061+00:00,100,3,cube3 onto cube2
coraplex_panda_demo_v2,2026-08-12 07:12:15.363833+00:00,100,3,cube3 onto cube2
coraplex_panda_demo_v2,2026-08-10 17:08:54.640351+00:00,101,1,cube1 onto cube0
coraplex_panda_demo_v2,2026-08-12 07:12:15.363833+00:00,101,1,cube1 onto cube0
coraplex_panda_demo_v2,2026-08-10 23:06:47.708181+00:00,101,1,cube1 onto cube0
coraplex_panda_demo_v2,2026-08-11 15:06:22.671206+00:00,101,1,cube1 onto cube0
coraplex_panda_demo_v2,2026-08-10 23:06:47.708181+00:00,101,2,cube2 onto cube1
coraplex_panda_demo_v2,2026-08-12 07:12:15.363833+00:00,101,2,cube2 onto cube1
coraplex_panda_demo_v2,2026-08-10 17:08:54.640351+00:00,101,2,cube2 onto cube1
coraplex_panda_demo_v2,2026-08-11 15:06:22.671206+00:00,101,2,cube2 onto cube1
coraplex_panda_demo_v2,2026-08-10 23:06:47.708181+00:00,101,3,cube3 onto cube2
coraplex_panda_demo_v2,2026-08-12 07:12:15.363833+00:00,101,3,cube3 onto cube2
coraplex_panda_demo_v2,2026-08-11 15:06:22.671206+00:00,101,3,cube3 onto cube2
coraplex_panda_demo_v2,2026-08-10 17:08:54.640351+00:00,101,3,cube3 onto cube2
coraplex_panda_demo_v2,2026-08-12 07:12:15.363833+00:00,102,1,cube1 onto cube0
coraplex_panda_demo_v2,2026-08-11 15:06:22.671206+00:00,102,1,cube1 onto cube0
coraplex_panda_demo_v2,2026-08-07 13:09:19.119509+00:00,102,1,cube1 onto cube0
coraplex_panda_demo_v2,2026-08-11 20:33:15.502061+00:00,102,1,cube1 onto cube0
coraplex_panda_demo_v2,2026-08-10 17:08:54.640351+00:00,102,1,cube1 onto cube0
coraplex_panda_demo_v2,2026-08-10 07:57:25.429533+00:00,102,1,cube1 onto cube0
coraplex_panda_demo_v2,2026-08-10 23:06:47.708181+00:00,102,1,cube1 onto cube0
coraplex_panda_demo_v2,2026-08-11 20:33:15.502061+00:00,102,2,cube2 onto cube1
coraplex_panda_demo_v2,2026-08-07 13:09:19.119509+00:00,102,2,cube2 onto cube1
coraplex_panda_demo_v2,2026-08-10 23:06:47.708181+00:00,102,2,cube2 onto cube1
coraplex_panda_demo_v2,2026-08-11 15:06:22.671206+00:00,102,2,cube2 onto cube1
coraplex_panda_demo_v2,2026-08-12 07:12:15.363833+00:00,102,2,cube2 onto cube1
coraplex_panda_demo_v2,2026-08-10 17:08:54.640351+00:00,102,2,cube2 onto cube1
coraplex_panda_demo_v2,2026-08-10 07:57:25.429533+00:00,102,2,cube2 onto cube1
coraplex_panda_demo_v2,2026-08-11 20:33:15.502061+00:00,102,3,cube3 onto cube2
coraplex_panda_demo_v2,2026-08-10 17:08:54.640351+00:00,102,3,cube3 onto cube2
coraplex_panda_demo_v2,2026-08-10 23:06:47.708181+00:00,102,3,cube3 onto cube2
coraplex_panda_demo_v2,2026-08-11 15:06:22.671206+00:00,102,3,cube3 onto cube2
coraplex_panda_demo_v2,2026-08-12 07:12:15.363833+00:00,102,3,cube3 onto cube2
coraplex_panda_demo_v2,2026-08-07 13:09:19.119509+00:00,102,3,cube3 onto cube2
coraplex_panda_demo_v2,2026-08-10 07:57:25.429533+00:00,102,3,cube3 onto cube2
coraplex_panda_demo_v2,2026-08-11 15:06:22.671206+00:00,103,1,cube1 onto cube0
coraplex_panda_demo_v2,2026-08-07 13:09:19.119509+00:00,103,1,cube1 onto cube0
coraplex_panda_demo_v2,2026-08-12 07:12:15.363833+00:00,103,1,cube1 onto cube0
coraplex_panda_demo_v2,2026-08-10 17:08:54.640351+00:00,103,1,cube1 onto cube0
coraplex_panda_demo_v2,2026-08-11 20:33:15.502061+00:00,103,1,cube1 onto cube0
coraplex_panda_demo_v2,2026-08-10 07:57:25.429533+00:00,103,1,cube1 onto cube0
coraplex_panda_demo_v2,2026-08-11 04:18:37.880292+00:00,103,1,cube1 onto cube0
coraplex_panda_demo_v2,2026-08-07 13:09:19.119509+00:00,103,2,cube2 onto cube1
coraplex_panda_demo_v2,2026-08-12 07:12:15.363833+00:00,103,2,cube2 onto cube1
coraplex_panda_demo_v2,2026-08-11 15:06:22.671206+00:00,103,2,cube2 onto cube1
coraplex_panda_demo_v2,2026-08-10 07:57:25.429533+00:00,103,2,cube2 onto cube1
coraplex_panda_demo_v2,2026-08-11 04:18:37.880292+00:00,103,2,cube2 onto cube1
coraplex_panda_demo_v2,2026-08-11 20:33:15.502061+00:00,103,2,cube2 onto cube1
coraplex_panda_demo_v2,2026-08-10 17:08:54.640351+00:00,103,2,cube2 onto cube1
coraplex_panda_demo_v2,2026-08-07 13:09:19.119509+00:00,103,3,cube3 onto cube2
coraplex_panda_demo_v2,2026-08-10 07:57:25.429533+00:00,103,3,cube3 onto cube2
coraplex_panda_demo_v2,2026-08-11 20:33:15.502061+00:00,103,3,cube3 onto cube2
coraplex_panda_demo_v2,2026-08-10 17:08:54.640351+00:00,103,3,cube3 onto cube2
coraplex_panda_demo_v2,2026-08-11 15:06:22.671206+00:00,103,3,cube3 onto cube2
coraplex_panda_demo_v2,2026-08-12 07:12:15.363833+00:00,103,3,cube3 onto cube2
coraplex_panda_demo_v2,2026-08-11 04:18:37.880292+00:00,103,3,cube3 onto cube2
coraplex_panda_demo_v2,2026-08-11 04:18:37.880292+00:00,104,1,cube1 onto cube0
coraplex_panda_demo_v2,2026-08-07 13:09:19.119509+00:00,104,1,cube1 onto cube0
coraplex_panda_demo_v2,2026-08-11 15:06:22.671206+00:00,104,1,cube1 onto cube0
coraplex_panda_demo_v2,2026-08-10 07:57:25.429533+00:00,104,1,cube1 onto cube0
coraplex_panda_demo_v2,2026-08-10 07:57:25.429533+00:00,104,2,cube2 onto cube1
coraplex_panda_demo_v2,2026-08-07 13:09:19.119509+00:00,104,2,cube2 onto cube1
coraplex_panda_demo_v2,2026-08-11 15:06:22.671206+00:00,104,2,cube2 onto cube1
coraplex_panda_demo_v2,2026-08-11 04:18:37.880292+00:00,104,2,cube2 onto cube1
coraplex_panda_demo_v2,2026-08-10 07:57:25.429533+00:00,104,3,cube3 onto cube2
coraplex_panda_demo_v2,2026-08-11 04:18:37.880292+00:00,104,3,cube3 onto cube2
coraplex_panda_demo_v2,2026-08-07 13:09:19.119509+00:00,104,3,cube3 onto cube2
coraplex_panda_demo_v2,2026-08-11 15:06:22.671206+00:00,104,3,cube3 onto cube2
coraplex_panda_demo_v2,2026-08-07 13:09:19.119509+00:00,105,1,cube1 onto cube0
coraplex_panda_demo_v2,2026-08-11 20:33:15.502061+00:00,105,1,cube1 onto cube0
coraplex_panda_demo_v2,2026-08-12 07:12:15.363833+00:00,105,1,cube1 onto cube0
coraplex_panda_demo_v2,2026-08-11 04:18:37.880292+00:00,105,1,cube1 onto cube0
coraplex_panda_demo_v2,2026-08-11 20:33:15.502061+00:00,105,2,cube2 onto cube1
coraplex_panda_demo_v2,2026-08-07 13:09:19.119509+00:00,105,2,cube2 onto cube1
coraplex_panda_demo_v2,2026-08-11 04:18:37.880292+00:00,105,2,cube2 onto cube1
coraplex_panda_demo_v2,2026-08-12 07:12:15.363833+00:00,105,2,cube2 onto cube1
coraplex_panda_demo_v2,2026-08-11 20:33:15.502061+00:00,105,3,cube3 onto cube2
coraplex_panda_demo_v2,2026-08-07 13:09:19.119509+00:00,105,3,cube3 onto cube2
coraplex_panda_demo_v2,2026-08-12 07:12:15.363833+00:00,105,3,cube3 onto cube2
coraplex_panda_demo_v2,2026-08-11 04:18:37.880292+00:00,105,3,cube3 onto cube2
coraplex_panda_demo_v2,2026-08-10 17:08:54.640351+00:00,106,1,cube1 onto cube0
coraplex_panda_demo_v2,2026-08-07 13:09:19.119509+00:00,106,1,cube1 onto cube0
coraplex_panda_demo_v2,2026-08-11 04:18:37.880292+00:00,106,1,cube1 onto cube0
coraplex_panda_demo_v2,2026-08-11 20:33:15.502061+00:00,106,1,cube1 onto cube0
coraplex_panda_demo_v2,2026-08-12 07:12:15.363833+00:00,106,1,cube1 onto cube0
coraplex_panda_demo_v2,2026-08-10 07:57:25.429533+00:00,106,1,cube1 onto cube0
coraplex_panda_demo_v2,2026-08-11 15:06:22.671206+00:00,106,1,cube1 onto cube0
coraplex_panda_demo_v2,2026-08-10 23:06:47.708181+00:00,106,1,cube1 onto cube0
coraplex_panda_demo_v2,2026-08-11 15:06:22.671206+00:00,106,2,cube2 onto cube1
coraplex_panda_demo_v2,2026-08-11 20:33:15.502061+00:00,106,2,cube2 onto cube1
coraplex_panda_demo_v2,2026-08-07 13:09:19.119509+00:00,106,2,cube2 onto cube1
coraplex_panda_demo_v2,2026-08-12 07:12:15.363833+00:00,106,2,cube2 onto cube1
coraplex_panda_demo_v2,2026-08-10 17:08:54.640351+00:00,106,2,cube2 onto cube1
coraplex_panda_demo_v2,2026-08-10 23:06:47.708181+00:00,106,2,cube2 onto cube1
coraplex_panda_demo_v2,2026-08-11 04:18:37.880292+00:00,106,2,cube2 onto cube1
coraplex_panda_demo_v2,2026-08-10 07:57:25.429533+00:00,106,2,cube2 onto cube1
coraplex_panda_demo_v2,2026-08-11 04:18:37.880292+00:00,106,3,cube3 onto cube2
coraplex_panda_demo_v2,2026-08-12 07:12:15.363833+00:00,106,3,cube3 onto cube2
coraplex_panda_demo_v2,2026-08-10 07:57:25.429533+00:00,106,3,cube3 onto cube2
coraplex_panda_demo_v2,2026-08-11 15:06:22.671206+00:00,106,3,cube3 onto cube2
coraplex_panda_demo_v2,2026-08-07 13:09:19.119509+00:00,106,3,cube3 onto cube2
coraplex_panda_demo_v2,2026-08-10 23:06:47.708181+00:00,106,3,cube3 onto cube2
coraplex_panda_demo_v2,2026-08-10 17:08:54.640351+00:00,106,3,cube3 onto cube2
coraplex_panda_demo_v2,2026-08-11 20:33:15.502061+00:00,106,3,cube3 onto cube2
coraplex_panda_demo_v2,2026-08-12 07:12:15.363833+00:00,107,1,cube1 onto cube0
coraplex_panda_demo_v2,2026-08-10 07:57:25.429533+00:00,107,1,cube1 onto cube0
coraplex_panda_demo_v2,2026-08-11 04:18:37.880292+00:00,107,1,cube1 onto cube0
coraplex_panda_demo_v2,2026-08-10 17:08:54.640351+00:00,107,1,cube1 onto cube0
coraplex_panda_demo_v2,2026-08-10 23:06:47.708181+00:00,107,1,cube1 onto cube0
coraplex_panda_demo_v2,2026-08-07 13:09:19.119509+00:00,107,1,cube1 onto cube0
coraplex_panda_demo_v2,2026-08-11 15:06:22.671206+00:00,107,1,cube1 onto cube0
coraplex_panda_demo_v2,2026-08-10 23:06:47.708181+00:00,107,2,cube2 onto cube1
coraplex_panda_demo_v2,2026-08-11 04:18:37.880292+00:00,107,2,cube2 onto cube1
coraplex_panda_demo_v2,2026-08-10 17:08:54.640351+00:00,107,2,cube2 onto cube1
coraplex_panda_demo_v2,2026-08-10 07:57:25.429533+00:00,107,2,cube2 onto cube1
coraplex_panda_demo_v2,2026-08-07 13:09:19.119509+00:00,107,2,cube2 onto cube1
coraplex_panda_demo_v2,2026-08-11 15:06:22.671206+00:00,107,2,cube2 onto cube1
coraplex_panda_demo_v2,2026-08-12 07:12:15.363833+00:00,107,2,cube2 onto cube1
coraplex_panda_demo_v2,2026-08-10 07:57:25.429533+00:00,107,3,cube3 onto cube2
coraplex_panda_demo_v2,2026-08-10 23:06:47.708181+00:00,107,3,cube3 onto cube2
coraplex_panda_demo_v2,2026-08-11 15:06:22.671206+00:00,107,3,cube3 onto cube2
coraplex_panda_demo_v2,2026-08-12 07:12:15.363833+00:00,107,3,cube3 onto cube2
coraplex_panda_demo_v2,2026-08-11 04:18:37.880292+00:00,107,3,cube3 onto cube2
coraplex_panda_demo_v2,2026-08-10 17:08:54.640351+00:00,107,3,cube3 onto cube2
coraplex_panda_demo_v2,2026-08-07 13:09:19.119509+00:00,107,3,cube3 onto cube2
coraplex_panda_demo_v2,2026-08-10 07:57:25.429533+00:00,108,1,cube1 onto cube0
coraplex_panda_demo_v2,2026-08-11 20:33:15.502061+00:00,108,1,cube1 onto cube0
coraplex_panda_demo_v2,2026-08-10 23:06:47.708181+00:00,108,1,cube1 onto cube0
coraplex_panda_demo_v2,2026-08-11 04:18:37.880292+00:00,108,1,cube1 onto cube0
coraplex_panda_demo_v2,2026-08-11 15:06:22.671206+00:00,108,1,cube1 onto cube0
coraplex_panda_demo_v2,2026-08-12 07:12:15.363833+00:00,108,1,cube1 onto cube0
coraplex_panda_demo_v2,2026-08-07 13:09:19.119509+00:00,108,1,cube1 onto cube0
coraplex_panda_demo_v2,2026-08-10 17:08:54.640351+00:00,108,1,cube1 onto cube0
coraplex_panda_demo_v2,2026-08-10 17:08:54.640351+00:00,108,2,cube2 onto cube1
coraplex_panda_demo_v2,2026-08-11 15:06:22.671206+00:00,108,2,cube2 onto cube1
coraplex_panda_demo_v2,2026-08-07 13:09:19.119509+00:00,108,2,cube2 onto cube1
coraplex_panda_demo_v2,2026-08-11 04:18:37.880292+00:00,108,2,cube2 onto cube1
coraplex_panda_demo_v2,2026-08-10 07:57:25.429533+00:00,108,2,cube2 onto cube1
coraplex_panda_demo_v2,2026-08-10 23:06:47.708181+00:00,108,2,cube2 onto cube1
coraplex_panda_demo_v2,2026-08-12 07:12:15.363833+00:00,108,2,cube2 onto cube1
coraplex_panda_demo_v2,2026-08-11 20:33:15.502061+00:00,108,2,cube2 onto cube1
coraplex_panda_demo_v2,2026-08-10 17:08:54.640351+00:00,108,3,cube3 onto cube2
coraplex_panda_demo_v2,2026-08-11 15:06:22.671206+00:00,108,3,cube3 onto cube2
coraplex_panda_demo_v2,2026-08-12 07:12:15.363833+00:00,108,3,cube3 onto cube2
coraplex_panda_demo_v2,2026-08-10 07:57:25.429533+00:00,108,3,cube3 onto cube2
coraplex_panda_demo_v2,2026-08-11 04:18:37.880292+00:00,108,3,cube3 onto cube2
coraplex_panda_demo_v2,2026-08-10 23:06:47.708181+00:00,108,3,cube3 onto cube2
coraplex_panda_demo_v2,2026-08-11 20:33:15.502061+00:00,108,3,cube3 onto cube2
coraplex_panda_demo_v2,2026-08-07 13:09:19.119509+00:00,108,3,cube3 onto cube2
coraplex_panda_demo_v2,2026-08-10 17:08:54.640351+00:00,109,1,cube1 onto cube0
coraplex_panda_demo_v2,2026-08-10 07:57:25.429533+00:00,109,1,cube1 onto cube0
coraplex_panda_demo_v2,2026-08-07 13:09:19.119509+00:00,109,1,cube1 onto cube0
coraplex_panda_demo_v2,2026-08-11 04:18:37.880292+00:00,109,1,cube1 onto cube0
coraplex_panda_demo_v2,2026-08-10 23:06:47.708181+00:00,109,1,cube1 onto cube0
coraplex_panda_demo_v2,2026-08-11 20:33:15.502061+00:00,109,1,cube1 onto cube0
coraplex_panda_demo_v2,2026-08-12 07:12:15.363833+00:00,109,1,cube1 onto cube0
coraplex_panda_demo_v2,2026-08-10 23:06:47.708181+00:00,109,2,cube2 onto cube1
coraplex_panda_demo_v2,2026-08-11 20:33:15.502061+00:00,109,2,cube2 onto cube1
coraplex_panda_demo_v2,2026-08-10 17:08:54.640351+00:00,109,2,cube2 onto cube1
coraplex_panda_demo_v2,2026-08-12 07:12:15.363833+00:00,109,2,cube2 onto cube1
coraplex_panda_demo_v2,2026-08-07 13:09:19.119509+00:00,109,2,cube2 onto cube1
coraplex_panda_demo_v2,2026-08-10 07:57:25.429533+00:00,109,2,cube2 onto cube1
coraplex_panda_demo_v2,2026-08-11 04:18:37.880292+00:00,109,2,cube2 onto cube1
coraplex_panda_demo_v2,2026-08-11 04:18:37.880292+00:00,109,3,cube3 onto cube2
coraplex_panda_demo_v2,2026-08-12 07:12:15.363833+00:00,109,3,cube3 onto cube2
coraplex_panda_demo_v2,2026-08-07 13:09:19.119509+00:00,109,3,cube3 onto cube2
coraplex_panda_demo_v2,2026-08-10 23:06:47.708181+00:00,109,3,cube3 onto cube2
coraplex_panda_demo_v2,2026-08-11 20:33:15.502061+00:00,109,3,cube3 onto cube2
coraplex_panda_demo_v2,2026-08-10 17:08:54.640351+00:00,109,3,cube3 onto cube2
coraplex_panda_demo_v2,2026-08-10 07:57:25.429533+00:00,109,3,cube3 onto cube2
coraplex_panda_demo_v2,2026-08-10 17:08:54.640351+00:00,110,1,cube1 onto cube0
coraplex_panda_demo_v2,2026-08-11 20:33:15.502061+00:00,110,1,cube1 onto cube0
coraplex_panda_demo_v2,2026-08-10 23:06:47.708181+00:00,110,1,cube1 onto cube0
coraplex_panda_demo_v2,2026-08-11 04:18:37.880292+00:00,110,1,cube1 onto cube0
coraplex_panda_demo_v2,2026-08-11 15:06:22.671206+00:00,110,1,cube1 onto cube0
coraplex_panda_demo_v2,2026-08-10 07:57:25.429533+00:00,110,1,cube1 onto cube0
coraplex_panda_demo_v2,2026-08-11 15:06:22.671206+00:00,110,2,cube2 onto cube1
coraplex_panda_demo_v2,2026-08-11 20:33:15.502061+00:00,110,2,cube2 onto cube1
coraplex_panda_demo_v2,2026-08-10 17:08:54.640351+00:00,110,2,cube2 onto cube1
coraplex_panda_demo_v2,2026-08-10 23:06:47.708181+00:00,110,2,cube2 onto cube1
coraplex_panda_demo_v2,2026-08-11 04:18:37.880292+00:00,110,2,cube2 onto cube1
coraplex_panda_demo_v2,2026-08-10 07:57:25.429533+00:00,110,2,cube2 onto cube1
coraplex_panda_demo_v2,2026-08-11 15:06:22.671206+00:00,110,3,cube3 onto cube2
coraplex_panda_demo_v2,2026-08-10 23:06:47.708181+00:00,110,3,cube3 onto cube2
coraplex_panda_demo_v2,2026-08-11 04:18:37.880292+00:00,110,3,cube3 onto cube2
coraplex_panda_demo_v2,2026-08-11 20:33:15.502061+00:00,110,3,cube3 onto cube2
coraplex_panda_demo_v2,2026-08-10 17:08:54.640351+00:00,110,3,cube3 onto cube2
coraplex_panda_demo_v2,2026-08-10 07:57:25.429533+00:00,110,3,cube3 onto cube2
coraplex_panda_demo_v2,2026-08-07 13:09:19.119509+00:00,111,1,cube1 onto cube0
coraplex_panda_demo_v2,2026-08-10 07:57:25.429533+00:00,111,1,cube1 onto cube0
coraplex_panda_demo_v2,2026-08-11 04:18:37.880292+00:00,111,1,cube1 onto cube0
coraplex_panda_demo_v2,2026-08-10 17:08:54.640351+00:00,111,1,cube1 onto cube0
coraplex_panda_demo_v2,2026-08-10 07:57:25.429533+00:00,111,2,cube2 onto cube1
coraplex_panda_demo_v2,2026-08-11 04:18:37.880292+00:00,111,2,cube2 onto cube1
coraplex_panda_demo_v2,2026-08-07 13:09:19.119509+00:00,111,2,cube2 onto cube1
coraplex_panda_demo_v2,2026-08-10 17:08:54.640351+00:00,111,2,cube2 onto cube1
coraplex_panda_demo_v2,2026-08-10 07:57:25.429533+00:00,111,3,cube3 onto cube2
coraplex_panda_demo_v2,2026-08-10 17:08:54.640351+00:00,111,3,cube3 onto cube2
coraplex_panda_demo_v2,2026-08-07 13:09:19.119509+00:00,111,3,cube3 onto cube2
coraplex_panda_demo_v2,2026-08-11 04:18:37.880292+00:00,111,3,cube3 onto cube2
coraplex_panda_demo_v2,2026-08-07 13:09:19.119509+00:00,112,1,cube1 onto cube0
coraplex_panda_demo_v2,2026-08-11 20:33:15.502061+00:00,112,1,cube1 onto cube0
coraplex_panda_demo_v2,2026-08-11 04:18:37.880292+00:00,112,1,cube1 onto cube0
coraplex_panda_demo_v2,2026-08-11 20:33:15.502061+00:00,112,2,cube2 onto cube1
coraplex_panda_demo_v2,2026-08-07 13:09:19.119509+00:00,112,2,cube2 onto cube1
coraplex_panda_demo_v2,2026-08-11 04:18:37.880292+00:00,112,2,cube2 onto cube1
coraplex_panda_demo_v2,2026-08-11 20:33:15.502061+00:00,112,3,cube3 onto cube2
coraplex_panda_demo_v2,2026-08-11 04:18:37.880292+00:00,112,3,cube3 onto cube2
coraplex_panda_demo_v2,2026-08-07 13:09:19.119509+00:00,112,3,cube3 onto cube2
coraplex_panda_demo_v2,2026-08-10 07:57:25.429533+00:00,113,1,cube1 onto cube0
coraplex_panda_demo_v2,2026-08-07 13:09:19.119509+00:00,113,1,cube1 onto cube0
coraplex_panda_demo_v2,2026-08-10 17:08:54.640351+00:00,113,1,cube1 onto cube0
coraplex_panda_demo_v2,2026-08-11 04:18:37.880292+00:00,113,1,cube1 onto cube0
coraplex_panda_demo_v2,2026-08-12 07:12:15.363833+00:00,113,1,cube1 onto cube0
coraplex_panda_demo_v2,2026-08-11 20:33:15.502061+00:00,113,1,cube1 onto cube0
coraplex_panda_demo_v2,2026-08-12 07:12:15.363833+00:00,113,2,cube2 onto cube1
coraplex_panda_demo_v2,2026-08-10 07:57:25.429533+00:00,113,2,cube2 onto cube1
coraplex_panda_demo_v2,2026-08-11 20:33:15.502061+00:00,113,2,cube2 onto cube1
coraplex_panda_demo_v2,2026-08-11 04:18:37.880292+00:00,113,2,cube2 onto cube1
coraplex_panda_demo_v2,2026-08-10 17:08:54.640351+00:00,113,2,cube2 onto cube1
coraplex_panda_demo_v2,2026-08-07 13:09:19.119509+00:00,113,2,cube2 onto cube1
coraplex_panda_demo_v2,2026-08-12 07:12:15.363833+00:00,113,3,cube3 onto cube2
coraplex_panda_demo_v2,2026-08-10 17:08:54.640351+00:00,113,3,cube3 onto cube2
coraplex_panda_demo_v2,2026-08-07 13:09:19.119509+00:00,113,3,cube3 onto cube2
coraplex_panda_demo_v2,2026-08-10 07:57:25.429533+00:00,113,3,cube3 onto cube2
coraplex_panda_demo_v2,2026-08-11 04:18:37.880292+00:00,113,3,cube3 onto cube2
coraplex_panda_demo_v2,2026-08-11 20:33:15.502061+00:00,113,3,cube3 onto cube2
coraplex_panda_demo_v2,2026-08-10 07:57:25.429533+00:00,114,1,cube1 onto cube0
coraplex_panda_demo_v2,2026-08-12 07:12:15.363833+00:00,114,1,cube1 onto cube0
coraplex_panda_demo_v2,2026-08-10 23:06:47.708181+00:00,114,1,cube1 onto cube0
coraplex_panda_demo_v2,2026-08-11 20:33:15.502061+00:00,114,1,cube1 onto cube0
coraplex_panda_demo_v2,2026-08-07 13:09:19.119509+00:00,114,1,cube1 onto cube0
coraplex_panda_demo_v2,2026-08-11 15:06:22.671206+00:00,114,1,cube1 onto cube0
coraplex_panda_demo_v2,2026-08-10 17:08:54.640351+00:00,114,1,cube1 onto cube0
coraplex_panda_demo_v2,2026-08-11 04:18:37.880292+00:00,114,1,cube1 onto cube0
coraplex_panda_demo_v2,2026-08-12 07:12:15.363833+00:00,114,2,cube2 onto cube1
coraplex_panda_demo_v2,2026-08-10 23:06:47.708181+00:00,114,2,cube2 onto cube1
coraplex_panda_demo_v2,2026-08-10 07:57:25.429533+00:00,114,2,cube2 onto cube1
coraplex_panda_demo_v2,2026-08-11 04:18:37.880292+00:00,114,2,cube2 onto cube1
coraplex_panda_demo_v2,2026-08-11 20:33:15.502061+00:00,114,2,cube2 onto cube1
coraplex_panda_demo_v2,2026-08-07 13:09:19.119509+00:00,114,2,cube2 onto cube1
coraplex_panda_demo_v2,2026-08-11 15:06:22.671206+00:00,114,2,cube2 onto cube1
coraplex_panda_demo_v2,2026-08-10 17:08:54.640351+00:00,114,2,cube2 onto cube1
coraplex_panda_demo_v2,2026-08-11 20:33:15.502061+00:00,114,3,cube3 onto cube2
coraplex_panda_demo_v2,2026-08-07 13:09:19.119509+00:00,114,3,cube3 onto cube2
coraplex_panda_demo_v2,2026-08-10 17:08:54.640351+00:00,114,3,cube3 onto cube2
coraplex_panda_demo_v2,2026-08-10 23:06:47.708181+00:00,114,3,cube3 onto cube2
coraplex_panda_demo_v2,2026-08-11 15:06:22.671206+00:00,114,3,cube3 onto cube2
coraplex_panda_demo_v2,2026-08-11 04:18:37.880292+00:00,114,3,cube3 onto cube2
coraplex_panda_demo_v2,2026-08-12 07:12:15.363833+00:00,114,3,cube3 onto cube2
coraplex_panda_demo_v2,2026-08-10 07:57:25.429533+00:00,114,3,cube3 onto cube2
coraplex_panda_demo_v2,2026-08-10 17:08:54.640351+00:00,115,1,cube1 onto cube0
coraplex_panda_demo_v2,2026-08-12 07:12:15.363833+00:00,115,1,cube1 onto cube0
coraplex_panda_demo_v2,2026-08-07 13:09:19.119509+00:00,115,1,cube1 onto cube0
coraplex_panda_demo_v2,2026-08-11 20:33:15.502061+00:00,115,1,cube1 onto cube0
coraplex_panda_demo_v2,2026-08-11 20:33:15.502061+00:00,115,2,cube2 onto cube1
coraplex_panda_demo_v2,2026-08-12 07:12:15.363833+00:00,115,2,cube2 onto cube1
coraplex_panda_demo_v2,2026-08-07 13:09:19.119509+00:00,115,2,cube2 onto cube1
coraplex_panda_demo_v2,2026-08-10 17:08:54.640351+00:00,115,2,cube2 onto cube1
coraplex_panda_demo_v2,2026-08-12 07:12:15.363833+00:00,115,3,cube3 onto cube2
coraplex_panda_demo_v2,2026-08-10 17:08:54.640351+00:00,115,3,cube3 onto cube2
coraplex_panda_demo_v2,2026-08-07 13:09:19.119509+00:00,115,3,cube3 onto cube2
coraplex_panda_demo_v2,2026-08-11 20:33:15.502061+00:00,115,3,cube3 onto cube2
coraplex_panda_demo_v2,2026-08-10 23:06:47.708181+00:00,116,1,cube1 onto cube0
coraplex_panda_demo_v2,2026-08-07 13:09:19.119509+00:00,116,1,cube1 onto cube0
coraplex_panda_demo_v2,2026-08-12 07:12:15.363833+00:00,116,1,cube1 onto cube0
coraplex_panda_demo_v2,2026-08-10 17:08:54.640351+00:00,116,1,cube1 onto cube0
coraplex_panda_demo_v2,2026-08-10 23:06:47.708181+00:00,116,2,cube2 onto cube1
coraplex_panda_demo_v2,2026-08-07 13:09:19.119509+00:00,116,2,cube2 onto cube1
coraplex_panda_demo_v2,2026-08-10 17:08:54.640351+00:00,116,2,cube2 onto cube1
coraplex_panda_demo_v2,2026-08-12 07:12:15.363833+00:00,116,2,cube2 onto cube1
coraplex_panda_demo_v2,2026-08-12 07:12:15.363833+00:00,116,3,cube3 onto cube2
coraplex_panda_demo_v2,2026-08-10 17:08:54.640351+00:00,116,3,cube3 onto cube2
coraplex_panda_demo_v2,2026-08-07 13:09:19.119509+00:00,116,3,cube3 onto cube2
coraplex_panda_demo_v2,2026-08-10 23:06:47.708181+00:00,116,3,cube3 onto cube2
coraplex_panda_demo_v2,2026-08-10 07:57:25.429533+00:00,117,1,cube1 onto cube0
coraplex_panda_demo_v2,2026-08-10 23:06:47.708181+00:00,117,1,cube1 onto cube0
coraplex_panda_demo_v2,2026-08-12 07:12:15.363833+00:00,117,1,cube1 onto cube0
coraplex_panda_demo_v2,2026-08-10 23:06:47.708181+00:00,117,2,cube2 onto cube1
coraplex_panda_demo_v2,2026-08-10 07:57:25.429533+00:00,117,2,cube2 onto cube1
coraplex_panda_demo_v2,2026-08-12 07:12:15.363833+00:00,117,2,cube2 onto cube1
coraplex_panda_demo_v2,2026-08-10 23:06:47.708181+00:00,117,3,cube3 onto cube2
coraplex_panda_demo_v2,2026-08-10 07:57:25.429533+00:00,117,3,cube3 onto cube2
coraplex_panda_demo_v2,2026-08-12 07:12:15.363833+00:00,117,3,cube3 onto cube2
coraplex_panda_demo_v2,2026-08-11 15:06:22.671206+00:00,118,1,cube1 onto cube0
coraplex_panda_demo_v2,2026-08-10 23:06:47.708181+00:00,118,1,cube1 onto cube0
coraplex_panda_demo_v2,2026-08-12 07:12:15.363833+00:00,118,1,cube1 onto cube0
coraplex_panda_demo_v2,2026-08-10 07:57:25.429533+00:00,118,1,cube1 onto cube0
coraplex_panda_demo_v2,2026-08-12 07:12:15.363833+00:00,118,2,cube2 onto cube1
coraplex_panda_demo_v2,2026-08-10 23:06:47.708181+00:00,118,2,cube2 onto cube1
coraplex_panda_demo_v2,2026-08-11 15:06:22.671206+00:00,118,2,cube2 onto cube1
coraplex_panda_demo_v2,2026-08-10 07:57:25.429533+00:00,118,2,cube2 onto cube1
coraplex_panda_demo_v2,2026-08-12 07:12:15.363833+00:00,118,3,cube3 onto cube2
coraplex_panda_demo_v2,2026-08-10 07:57:25.429533+00:00,118,3,cube3 onto cube2
coraplex_panda_demo_v2,2026-08-10 23:06:47.708181+00:00,118,3,cube3 onto cube2
coraplex_panda_demo_v2,2026-08-11 15:06:22.671206+00:00,118,3,cube3 onto cube2
coraplex_panda_demo_v2,2026-08-10 17:08:54.640351+00:00,119,1,cube1 onto cube0
coraplex_panda_demo_v2,2026-08-11 15:06:22.671206+00:00,119,1,cube1 onto cube0
coraplex_panda_demo_v2,2026-08-10 07:57:25.429533+00:00,119,1,cube1 onto cube0
coraplex_panda_demo_v2,2026-08-11 15:06:22.671206+00:00,119,2,cube2 onto cube1
coraplex_panda_demo_v2,2026-08-10 17:08:54.640351+00:00,119,2,cube2 onto cube1
coraplex_panda_demo_v2,2026-08-10 07:57:25.429533+00:00,119,2,cube2 onto cube1
coraplex_panda_demo_v2,2026-08-11 15:06:22.671206+00:00,119,3,cube3 onto cube2
coraplex_panda_demo_v2,2026-08-10 17:08:54.640351+00:00,119,3,cube3 onto cube2
coraplex_panda_demo_v2,2026-08-10 07:57:25.429533+00:00,119,3,cube3 onto cube2
coraplex_panda_demo_v2,2026-08-10 07:57:25.429533+00:00,120,1,cube1 onto cube0
coraplex_panda_demo_v2,2026-08-10 07:57:25.429533+00:00,120,2,cube2 onto cube1
coraplex_panda_demo_v2,2026-08-10 07:57:25.429533+00:00,120,3,cube3 onto cube2
coraplex_panda_demo_v2,2026-08-10 17:08:54.640351+00:00,121,1,cube1 onto cube0
coraplex_panda_demo_v2,2026-08-07 13:09:19.119509+00:00,121,1,cube1 onto cube0
coraplex_panda_demo_v2,2026-08-11 15:06:22.671206+00:00,121,1,cube1 onto cube0
coraplex_panda_demo_v2,2026-08-07 13:09:19.119509+00:00,121,2,cube2 onto cube1
coraplex_panda_demo_v2,2026-08-10 17:08:54.640351+00:00,121,2,cube2 onto cube1
coraplex_panda_demo_v2,2026-08-11 15:06:22.671206+00:00,121,2,cube2 onto cube1
coraplex_panda_demo_v2,2026-08-11 15:06:22.671206+00:00,121,3,cube3 onto cube2
coraplex_panda_demo_v2,2026-08-10 17:08:54.640351+00:00,121,3,cube3 onto cube2
coraplex_panda_demo_v2,2026-08-07 13:09:19.119509+00:00,121,3,cube3 onto cube2
coraplex_panda_demo_v2,2026-08-10 17:08:54.640351+00:00,122,1,cube1 onto cube0
coraplex_panda_demo_v2,2026-08-11 20:33:15.502061+00:00,122,1,cube1 onto cube0
coraplex_panda_demo_v2,2026-08-10 07:57:25.429533+00:00,122,1,cube1 onto cube0
coraplex_panda_demo_v2,2026-08-11 20:33:15.502061+00:00,122,2,cube2 onto cube1
coraplex_panda_demo_v2,2026-08-10 17:08:54.640351+00:00,122,2,cube2 onto cube1
coraplex_panda_demo_v2,2026-08-10 07:57:25.429533+00:00,122,2,cube2 onto cube1
coraplex_panda_demo_v2,2026-08-10 17:08:54.640351+00:00,122,3,cube3 onto cube2
coraplex_panda_demo_v2,2026-08-11 20:33:15.502061+00:00,122,3,cube3 onto cube2
coraplex_panda_demo_v2,2026-08-10 07:57:25.429533+00:00,122,3,cube3 onto cube2
coraplex_panda_demo_v2,2026-08-10 17:08:54.640351+00:00,123,1,cube1 onto cube0
coraplex_panda_demo_v2,2026-08-07 13:09:19.119509+00:00,123,1,cube1 onto cube0
coraplex_panda_demo_v2,2026-08-12 07:12:15.363833+00:00,123,1,cube1 onto cube0
coraplex_panda_demo_v2,2026-08-11 20:33:15.502061+00:00,123,1,cube1 onto cube0
coraplex_panda_demo_v2,2026-08-10 23:06:47.708181+00:00,123,1,cube1 onto cube0
coraplex_panda_demo_v2,2026-08-11 20:33:15.502061+00:00,123,2,cube2 onto cube1
coraplex_panda_demo_v2,2026-08-10 17:08:54.640351+00:00,123,2,cube2 onto cube1
coraplex_panda_demo_v2,2026-08-07 13:09:19.119509+00:00,123,2,cube2 onto cube1
coraplex_panda_demo_v2,2026-08-10 23:06:47.708181+00:00,123,2,cube2 onto cube1
coraplex_panda_demo_v2,2026-08-12 07:12:15.363833+00:00,123,2,cube2 onto cube1
coraplex_panda_demo_v2,2026-08-10 17:08:54.640351+00:00,123,3,cube3 onto cube2
coraplex_panda_demo_v2,2026-08-10 23:06:47.708181+00:00,123,3,cube3 onto cube2
coraplex_panda_demo_v2,2026-08-11 20:33:15.502061+00:00,123,3,cube3 onto cube2
coraplex_panda_demo_v2,2026-08-12 07:12:15.363833+00:00,123,3,cube3 onto cube2
coraplex_panda_demo_v2,2026-08-07 13:09:19.119509+00:00,123,3,cube3 onto cube2
coraplex_panda_demo_v2,2026-08-12 07:12:15.363833+00:00,124,1,cube1 onto cube0
coraplex_panda_demo_v2,2026-08-10 07:57:25.429533+00:00,124,1,cube1 onto cube0
coraplex_panda_demo_v2,2026-08-07 13:09:19.119509+00:00,124,1,cube1 onto cube0
coraplex_panda_demo_v2,2026-08-10 17:08:54.640351+00:00,124,1,cube1 onto cube0
coraplex_panda_demo_v2,2026-08-10 23:06:47.708181+00:00,124,1,cube1 onto cube0
coraplex_panda_demo_v2,2026-08-11 15:06:22.671206+00:00,124,1,cube1 onto cube0
coraplex_panda_demo_v2,2026-08-11 15:06:22.671206+00:00,124,2,cube2 onto cube1
coraplex_panda_demo_v2,2026-08-12 07:12:15.363833+00:00,124,2,cube2 onto cube1
coraplex_panda_demo_v2,2026-08-10 23:06:47.708181+00:00,124,2,cube2 onto cube1
coraplex_panda_demo_v2,2026-08-10 17:08:54.640351+00:00,124,2,cube2 onto cube1
coraplex_panda_demo_v2,2026-08-07 13:09:19.119509+00:00,124,2,cube2 onto cube1
coraplex_panda_demo_v2,2026-08-10 07:57:25.429533+00:00,124,2,cube2 onto cube1
coraplex_panda_demo_v2,2026-08-10 07:57:25.429533+00:00,124,3,cube3 onto cube2
coraplex_panda_demo_v2,2026-08-07 13:09:19.119509+00:00,124,3,cube3 onto cube2
coraplex_panda_demo_v2,2026-08-11 15:06:22.671206+00:00,124,3,cube3 onto cube2
coraplex_panda_demo_v2,2026-08-10 17:08:54.640351+00:00,124,3,cube3 onto cube2
coraplex_panda_demo_v2,2026-08-12 07:12:15.363833+00:00,124,3,cube3 onto cube2
coraplex_panda_demo_v2,2026-08-10 23:06:47.708181+00:00,124,3,cube3 onto cube2
coraplex_panda_demo_v2,2026-08-11 20:33:15.502061+00:00,125,1,cube1 onto cube0
coraplex_panda_demo_v2,2026-08-12 07:12:15.363833+00:00,125,1,cube1 onto cube0
coraplex_panda_demo_v2,2026-08-07 13:09:19.119509+00:00,125,1,cube1 onto cube0
coraplex_panda_demo_v2,2026-08-11 15:06:22.671206+00:00,125,1,cube1 onto cube0
coraplex_panda_demo_v2,2026-08-10 07:57:25.429533+00:00,125,1,cube1 onto cube0
coraplex_panda_demo_v2,2026-08-10 17:08:54.640351+00:00,125,1,cube1 onto cube0
coraplex_panda_demo_v2,2026-08-10 07:57:25.429533+00:00,125,2,cube2 onto cube1
coraplex_panda_demo_v2,2026-08-12 07:12:15.363833+00:00,125,2,cube2 onto cube1
coraplex_panda_demo_v2,2026-08-10 17:08:54.640351+00:00,125,2,cube2 onto cube1
coraplex_panda_demo_v2,2026-08-11 15:06:22.671206+00:00,125,2,cube2 onto cube1
coraplex_panda_demo_v2,2026-08-11 20:33:15.502061+00:00,125,2,cube2 onto cube1
coraplex_panda_demo_v2,2026-08-07 13:09:19.119509+00:00,125,2,cube2 onto cube1
coraplex_panda_demo_v2,2026-08-11 15:06:22.671206+00:00,125,3,cube3 onto cube2
coraplex_panda_demo_v2,2026-08-10 17:08:54.640351+00:00,125,3,cube3 onto cube2
coraplex_panda_demo_v2,2026-08-07 13:09:19.119509+00:00,125,3,cube3 onto cube2
coraplex_panda_demo_v2,2026-08-10 07:57:25.429533+00:00,125,3,cube3 onto cube2
coraplex_panda_demo_v2,2026-08-11 20:33:15.502061+00:00,125,3,cube3 onto cube2
coraplex_panda_demo_v2,2026-08-12 07:12:15.363833+00:00,125,3,cube3 onto cube2
coraplex_panda_demo_v2,2026-08-07 13:09:19.119509+00:00,126,1,cube1 onto cube0
coraplex_panda_demo_v2,2026-08-10 07:57:25.429533+00:00,126,1,cube1 onto cube0
coraplex_panda_demo_v2,2026-08-10 23:06:47.708181+00:00,126,1,cube1 onto cube0
coraplex_panda_demo_v2,2026-08-10 23:06:47.708181+00:00,126,2,cube2 onto cube1
coraplex_panda_demo_v2,2026-08-07 13:09:19.119509+00:00,126,2,cube2 onto cube1
coraplex_panda_demo_v2,2026-08-10 07:57:25.429533+00:00,126,2,cube2 onto cube1
coraplex_panda_demo_v2,2026-08-10 07:57:25.429533+00:00,126,3,cube3 onto cube2
coraplex_panda_demo_v2,2026-08-10 23:06:47.708181+00:00,126,3,cube3 onto cube2
coraplex_panda_demo_v2,2026-08-07 13:09:19.119509+00:00,126,3,cube3 onto cube2
coraplex_panda_demo_v2,2026-08-10 17:08:54.640351+00:00,127,1,cube1 onto cube0
coraplex_panda_demo_v2,2026-08-11 20:33:15.502061+00:00,127,1,cube1 onto cube0
coraplex_panda_demo_v2,2026-08-12 07:12:15.363833+00:00,127,1,cube1 onto cube0
coraplex_panda_demo_v2,2026-08-07 13:09:19.119509+00:00,127,1,cube1 onto cube0
coraplex_panda_demo_v2,2026-08-11 20:33:15.502061+00:00,127,2,cube2 onto cube1
coraplex_panda_demo_v2,2026-08-07 13:09:19.119509+00:00,127,2,cube2 onto cube1
coraplex_panda_demo_v2,2026-08-12 07:12:15.363833+00:00,127,2,cube2 onto cube1
coraplex_panda_demo_v2,2026-08-10 17:08:54.640351+00:00,127,2,cube2 onto cube1
coraplex_panda_demo_v2,2026-08-12 07:12:15.363833+00:00,127,3,cube3 onto cube2
coraplex_panda_demo_v2,2026-08-11 20:33:15.502061+00:00,127,3,cube3 onto cube2
coraplex_panda_demo_v2,2026-08-07 13:09:19.119509+00:00,127,3,cube3 onto cube2
coraplex_panda_demo_v2,2026-08-10 17:08:54.640351+00:00,127,3,cube3 onto cube2
coraplex_panda_demo_v2,2026-08-12 07:12:15.363833+00:00,128,1,cube1 onto cube0
coraplex_panda_demo_v2,2026-08-07 13:09:19.119509+00:00,128,1,cube1 onto cube0
coraplex_panda_demo_v2,2026-08-11 15:06:22.671206+00:00,128,1,cube1 onto cube0
coraplex_panda_demo_v2,2026-08-11 20:33:15.502061+00:00,128,1,cube1 onto cube0
coraplex_panda_demo_v2,2026-08-11 20:33:15.502061+00:00,128,2,cube2 onto cube1
coraplex_panda_demo_v2,2026-08-12 07:12:15.363833+00:00,128,2,cube2 onto cube1
coraplex_panda_demo_v2,2026-08-07 13:09:19.119509+00:00,128,2,cube2 onto cube1
coraplex_panda_demo_v2,2026-08-11 15:06:22.671206+00:00,128,2,cube2 onto cube1
coraplex_panda_demo_v2,2026-08-12 07:12:15.363833+00:00,128,3,cube3 onto cube2
coraplex_panda_demo_v2,2026-08-11 20:33:15.502061+00:00,128,3,cube3 onto cube2
coraplex_panda_demo_v2,2026-08-11 15:06:22.671206+00:00,128,3,cube3 onto cube2
coraplex_panda_demo_v2,2026-08-07 13:09:19.119509+00:00,128,3,cube3 onto cube2
coraplex_panda_demo_v2,2026-08-12 07:12:15.363833+00:00,129,1,cube1 onto cube0
coraplex_panda_demo_v2,2026-08-10 07:57:25.429533+00:00,129,1,cube1 onto cube0
coraplex_panda_demo_v2,2026-08-10 23:06:47.708181+00:00,129,1,cube1 onto cube0
coraplex_panda_demo_v2,2026-08-11 20:33:15.502061+00:00,129,1,cube1 onto cube0
coraplex_panda_demo_v2,2026-08-10 23:06:47.708181+00:00,129,2,cube2 onto cube1
coraplex_panda_demo_v2,2026-08-12 07:12:15.363833+00:00,129,2,cube2 onto cube1
coraplex_panda_demo_v2,2026-08-10 07:57:25.429533+00:00,129,2,cube2 onto cube1
coraplex_panda_demo_v2,2026-08-11 20:33:15.502061+00:00,129,2,cube2 onto cube1
coraplex_panda_demo_v2,2026-08-12 07:12:15.363833+00:00,129,3,cube3 onto cube2
coraplex_panda_demo_v2,2026-08-10 07:57:25.429533+00:00,129,3,cube3 onto cube2
coraplex_panda_demo_v2,2026-08-10 23:06:47.708181+00:00,129,3,cube3 onto cube2
coraplex_panda_demo_v2,2026-08-11 20:33:15.502061+00:00,129,3,cube3 onto cube2
coraplex_panda_demo_v2,2026-08-10 07:57:25.429533+00:00,130,1,cube1 onto cube0
coraplex_panda_demo_v2,2026-08-12 07:12:15.363833+00:00,130,1,cube1 onto cube0
coraplex_panda_demo_v2,2026-08-11 15:06:22.671206+00:00,130,1,cube1 onto cube0
coraplex_panda_demo_v2,2026-08-10 23:06:47.708181+00:00,130,1,cube1 onto cube0
coraplex_panda_demo_v2,2026-08-10 23:06:47.708181+00:00,130,2,cube2 onto cube1
coraplex_panda_demo_v2,2026-08-10 07:57:25.429533+00:00,130,2,cube2 onto cube1
coraplex_panda_demo_v2,2026-08-12 07:12:15.363833+00:00,130,2,cube2 onto cube1
coraplex_panda_demo_v2,2026-08-11 15:06:22.671206+00:00,130,2,cube2 onto cube1
coraplex_panda_demo_v2,2026-08-11 15:06:22.671206+00:00,130,3,cube3 onto cube2
coraplex_panda_demo_v2,2026-08-10 23:06:47.708181+00:00,130,3,cube3 onto cube2
coraplex_panda_demo_v2,2026-08-10 07:57:25.429533+00:00,130,3,cube3 onto cube2
coraplex_panda_demo_v2,2026-08-12 07:12:15.363833+00:00,130,3,cube3 onto cube2
coraplex_panda_demo_v2,2026-08-10 23:06:47.708181+00:00,131,1,cube1 onto cube0
coraplex_panda_demo_v2,2026-08-10 17:08:54.640351+00:00,131,1,cube1 onto cube0
coraplex_panda_demo_v2,2026-08-10 07:57:25.429533+00:00,131,1,cube1 onto cube0
coraplex_panda_demo_v2,2026-08-11 15:06:22.671206+00:00,131,1,cube1 onto cube0
coraplex_panda_demo_v2,2026-08-10 23:06:47.708181+00:00,131,2,cube2 onto cube1
coraplex_panda_demo_v2,2026-08-10 07:57:25.429533+00:00,131,2,cube2 onto cube1
coraplex_panda_demo_v2,2026-08-11 15:06:22.671206+00:00,131,2,cube2 onto cube1
coraplex_panda_demo_v2,2026-08-10 17:08:54.640351+00:00,131,2,cube2 onto cube1
coraplex_panda_demo_v2,2026-08-11 15:06:22.671206+00:00,131,3,cube3 onto cube2
coraplex_panda_demo_v2,2026-08-10 23:06:47.708181+00:00,131,3,cube3 onto cube2
coraplex_panda_demo_v2,2026-08-10 07:57:25.429533+00:00,131,3,cube3 onto cube2
coraplex_panda_demo_v2,2026-08-10 17:08:54.640351+00:00,131,3,cube3 onto cube2
coraplex_panda_demo_v2,2026-08-07 13:09:19.119509+00:00,132,1,cube1 onto cube0
coraplex_panda_demo_v2,2026-08-11 20:33:15.502061+00:00,132,1,cube1 onto cube0
coraplex_panda_demo_v2,2026-08-11 15:06:22.671206+00:00,132,1,cube1 onto cube0
coraplex_panda_demo_v2,2026-08-10 07:57:25.429533+00:00,132,1,cube1 onto cube0
coraplex_panda_demo_v2,2026-08-10 07:57:25.429533+00:00,132,2,cube2 onto cube1
coraplex_panda_demo_v2,2026-08-11 20:33:15.502061+00:00,132,2,cube2 onto cube1
coraplex_panda_demo_v2,2026-08-11 15:06:22.671206+00:00,132,2,cube2 onto cube1
coraplex_panda_demo_v2,2026-08-07 13:09:19.119509+00:00,132,2,cube2 onto cube1
coraplex_panda_demo_v2,2026-08-10 07:57:25.429533+00:00,132,3,cube3 onto cube2
coraplex_panda_demo_v2,2026-08-07 13:09:19.119509+00:00,132,3,cube3 onto cube2
coraplex_panda_demo_v2,2026-08-11 15:06:22.671206+00:00,132,3,cube3 onto cube2
coraplex_panda_demo_v2,2026-08-11 20:33:15.502061+00:00,132,3,cube3 onto cube2
coraplex_panda_demo_v2,2026-08-10 17:08:54.640351+00:00,133,1,cube1 onto cube0
coraplex_panda_demo_v2,2026-08-11 20:33:15.502061+00:00,133,1,cube1 onto cube0
coraplex_panda_demo_v2,2026-08-07 13:09:19.119509+00:00,133,1,cube1 onto cube0
coraplex_panda_demo_v2,2026-08-12 07:12:15.363833+00:00,133,1,cube1 onto cube0
coraplex_panda_demo_v2,2026-08-11 20:33:15.502061+00:00,133,2,cube2 onto cube1
coraplex_panda_demo_v2,2026-08-12 07:12:15.363833+00:00,133,2,cube2 onto cube1
coraplex_panda_demo_v2,2026-08-07 13:09:19.119509+00:00,133,2,cube2 onto cube1
coraplex_panda_demo_v2,2026-08-10 17:08:54.640351+00:00,133,2,cube2 onto cube1
coraplex_panda_demo_v2,2026-08-10 17:08:54.640351+00:00,133,3,cube3 onto cube2
coraplex_panda_demo_v2,2026-08-07 13:09:19.119509+00:00,133,3,cube3 onto cube2
coraplex_panda_demo_v2,2026-08-11 20:33:15.502061+00:00,133,3,cube3 onto cube2
coraplex_panda_demo_v2,2026-08-12 07:12:15.363833+00:00,133,3,cube3 onto cube2
coraplex_panda_demo_v2,2026-08-07 13:09:19.119509+00:00,134,1,cube1 onto cube0
coraplex_panda_demo_v2,2026-08-11 20:33:15.502061+00:00,134,1,cube1 onto cube0
coraplex_panda_demo_v2,2026-08-10 07:57:25.429533+00:00,134,1,cube1 onto cube0
coraplex_panda_demo_v2,2026-08-10 23:06:47.708181+00:00,134,1,cube1 onto cube0
coraplex_panda_demo_v2,2026-08-12 07:12:15.363833+00:00,134,1,cube1 onto cube0
coraplex_panda_demo_v2,2026-08-10 07:57:25.429533+00:00,134,2,cube2 onto cube1
coraplex_panda_demo_v2,2026-08-12 07:12:15.363833+00:00,134,2,cube2 onto cube1
coraplex_panda_demo_v2,2026-08-10 23:06:47.708181+00:00,134,2,cube2 onto cube1
coraplex_panda_demo_v2,2026-08-07 13:09:19.119509+00:00,134,2,cube2 onto cube1
coraplex_panda_demo_v2,2026-08-11 20:33:15.502061+00:00,134,2,cube2 onto cube1
coraplex_panda_demo_v2,2026-08-10 23:06:47.708181+00:00,134,3,cube3 onto cube2
coraplex_panda_demo_v2,2026-08-07 13:09:19.119509+00:00,134,3,cube3 onto cube2
coraplex_panda_demo_v2,2026-08-10 07:57:25.429533+00:00,134,3,cube3 onto cube2
coraplex_panda_demo_v2,2026-08-12 07:12:15.363833+00:00,134,3,cube3 onto cube2
coraplex_panda_demo_v2,2026-08-11 20:33:15.502061+00:00,134,3,cube3 onto cube2
coraplex_panda_demo_v2,2026-08-10 17:08:54.640351+00:00,135,1,cube1 onto cube0
coraplex_panda_demo_v2,2026-08-11 20:33:15.502061+00:00,135,1,cube1 onto cube0
coraplex_panda_demo_v2,2026-08-12 07:12:15.363833+00:00,135,1,cube1 onto cube0
coraplex_panda_demo_v2,2026-08-11 20:33:15.502061+00:00,135,2,cube2 onto cube1
coraplex_panda_demo_v2,2026-08-10 17:08:54.640351+00:00,135,2,cube2 onto cube1
coraplex_panda_demo_v2,2026-08-12 07:12:15.363833+00:00,135,2,cube2 onto cube1
coraplex_panda_demo_v2,2026-08-12 07:12:15.363833+00:00,135,3,cube3 onto cube2
coraplex_panda_demo_v2,2026-08-11 20:33:15.502061+00:00,135,3,cube3 onto cube2
coraplex_panda_demo_v2,2026-08-10 17:08:54.640351+00:00,135,3,cube3 onto cube2
coraplex_panda_demo_v2,2026-08-12 07:12:15.363833+00:00,136,1,cube1 onto cube0
coraplex_panda_demo_v2,2026-08-07 13:09:19.119509+00:00,136,1,cube1 onto cube0
coraplex_panda_demo_v2,2026-08-10 07:57:25.429533+00:00,136,1,cube1 onto cube0
coraplex_panda_demo_v2,2026-08-10 23:06:47.708181+00:00,136,1,cube1 onto cube0
coraplex_panda_demo_v2,2026-08-10 07:57:25.429533+00:00,136,2,cube2 onto cube1
coraplex_panda_demo_v2,2026-08-10 23:06:47.708181+00:00,136,2,cube2 onto cube1
coraplex_panda_demo_v2,2026-08-07 13:09:19.119509+00:00,136,2,cube2 onto cube1
coraplex_panda_demo_v2,2026-08-12 07:12:15.363833+00:00,136,2,cube2 onto cube1
coraplex_panda_demo_v2,2026-08-10 07:57:25.429533+00:00,136,3,cube3 onto cube2
coraplex_panda_demo_v2,2026-08-07 13:09:19.119509+00:00,136,3,cube3 onto cube2
coraplex_panda_demo_v2,2026-08-10 23:06:47.708181+00:00,136,3,cube3 onto cube2
coraplex_panda_demo_v2,2026-08-12 07:12:15.363833+00:00,136,3,cube3 onto cube2
coraplex_panda_demo_v2,2026-08-10 17:08:54.640351+00:00,137,1,cube1 onto cube0
coraplex_panda_demo_v2,2026-08-11 20:33:15.502061+00:00,137,1,cube1 onto cube0
coraplex_panda_demo_v2,2026-08-11 15:06:22.671206+00:00,137,1,cube1 onto cube0
coraplex_panda_demo_v2,2026-08-10 23:06:47.708181+00:00,137,1,cube1 onto cube0
coraplex_panda_demo_v2,2026-08-11 20:33:15.502061+00:00,137,2,cube2 onto cube1
coraplex_panda_demo_v2,2026-08-10 17:08:54.640351+00:00,137,2,cube2 onto cube1
coraplex_panda_demo_v2,2026-08-11 15:06:22.671206+00:00,137,2,cube2 onto cube1
coraplex_panda_demo_v2,2026-08-10 23:06:47.708181+00:00,137,2,cube2 onto cube1
coraplex_panda_demo_v2,2026-08-11 20:33:15.502061+00:00,137,3,cube3 onto cube2
coraplex_panda_demo_v2,2026-08-10 17:08:54.640351+00:00,137,3,cube3 onto cube2
coraplex_panda_demo_v2,2026-08-10 23:06:47.708181+00:00,137,3,cube3 onto cube2
coraplex_panda_demo_v2,2026-08-11 15:06:22.671206+00:00,137,3,cube3 onto cube2
coraplex_panda_demo_v2,2026-08-07 13:09:19.119509+00:00,138,1,cube1 onto cube0
coraplex_panda_demo_v2,2026-08-10 07:57:25.429533+00:00,138,1,cube1 onto cube0
coraplex_panda_demo_v2,2026-08-11 15:06:22.671206+00:00,138,1,cube1 onto cube0
coraplex_panda_demo_v2,2026-08-11 20:33:15.502061+00:00,138,1,cube1 onto cube0
coraplex_panda_demo_v2,2026-08-10 07:57:25.429533+00:00,138,2,cube2 onto cube1
coraplex_panda_demo_v2,2026-08-07 13:09:19.119509+00:00,138,2,cube2 onto cube1
coraplex_panda_demo_v2,2026-08-11 20:33:15.502061+00:00,138,2,cube2 onto cube1
coraplex_panda_demo_v2,2026-08-11 15:06:22.671206+00:00,138,2,cube2 onto cube1
coraplex_panda_demo_v2,2026-08-07 13:09:19.119509+00:00,138,3,cube3 onto cube2
coraplex_panda_demo_v2,2026-08-11 15:06:22.671206+00:00,138,3,cube3 onto cube2
coraplex_panda_demo_v2,2026-08-10 07:57:25.429533+00:00,138,3,cube3 onto cube2
coraplex_panda_demo_v2,2026-08-11 20:33:15.502061+00:00,138,3,cube3 onto cube2
coraplex_panda_demo_v2,2026-08-12 07:12:15.363833+00:00,139,1,cube1 onto cube0
coraplex_panda_demo_v2,2026-08-11 15:06:22.671206+00:00,139,1,cube1 onto cube0
coraplex_panda_demo_v2,2026-08-12 07:12:15.363833+00:00,139,2,cube2 onto cube1
coraplex_panda_demo_v2,2026-08-11 15:06:22.671206+00:00,139,2,cube2 onto cube1
coraplex_panda_demo_v2,2026-08-12 07:12:15.363833+00:00,139,3,cube3 onto cube2
coraplex_panda_demo_v2,2026-08-11 15:06:22.671206+00:00,139,3,cube3 onto cube2
coraplex_panda_demo_v2,2026-08-10 07:57:25.429533+00:00,140,1,cube1 onto cube0
coraplex_panda_demo_v2,2026-08-11 20:33:15.502061+00:00,140,1,cube1 onto cube0
coraplex_panda_demo_v2,2026-08-07 13:09:19.119509+00:00,140,1,cube1 onto cube0
coraplex_panda_demo_v2,2026-08-10 23:06:47.708181+00:00,140,1,cube1 onto cube0
coraplex_panda_demo_v2,2026-08-10 17:08:54.640351+00:00,140,1,cube1 onto cube0
coraplex_panda_demo_v2,2026-08-10 23:06:47.708181+00:00,140,2,cube2 onto cube1
coraplex_panda_demo_v2,2026-08-07 13:09:19.119509+00:00,140,2,cube2 onto cube1
coraplex_panda_demo_v2,2026-08-10 17:08:54.640351+00:00,140,2,cube2 onto cube1
coraplex_panda_demo_v2,2026-08-11 20:33:15.502061+00:00,140,2,cube2 onto cube1
coraplex_panda_demo_v2,2026-08-10 07:57:25.429533+00:00,140,2,cube2 onto cube1
coraplex_panda_demo_v2,2026-08-10 07:57:25.429533+00:00,140,3,cube3 onto cube2
coraplex_panda_demo_v2,2026-08-10 17:08:54.640351+00:00,140,3,cube3 onto cube2
coraplex_panda_demo_v2,2026-08-07 13:09:19.119509+00:00,140,3,cube3 onto cube2
coraplex_panda_demo_v2,2026-08-11 20:33:15.502061+00:00,140,3,cube3 onto cube2
coraplex_panda_demo_v2,2026-08-10 23:06:47.708181+00:00,140,3,cube3 onto cube2
coraplex_panda_demo_v2,2026-08-10 07:57:25.429533+00:00,141,1,cube1 onto cube0
coraplex_panda_demo_v2,2026-08-12 07:12:15.363833+00:00,141,1,cube1 onto cube0
coraplex_panda_demo_v2,2026-08-11 20:33:15.502061+00:00,141,1,cube1 onto cube0
coraplex_panda_demo_v2,2026-08-11 15:06:22.671206+00:00,141,1,cube1 onto cube0
coraplex_panda_demo_v2,2026-08-11 20:33:15.502061+00:00,141,2,cube2 onto cube1
coraplex_panda_demo_v2,2026-08-12 07:12:15.363833+00:00,141,2,cube2 onto cube1
coraplex_panda_demo_v2,2026-08-10 07:57:25.429533+00:00,141,2,cube2 onto cube1
coraplex_panda_demo_v2,2026-08-11 15:06:22.671206+00:00,141,2,cube2 onto cube1
coraplex_panda_demo_v2,2026-08-12 07:12:15.363833+00:00,141,3,cube3 onto cube2
coraplex_panda_demo_v2,2026-08-11 20:33:15.502061+00:00,141,3,cube3 onto cube2
coraplex_panda_demo_v2,2026-08-10 07:57:25.429533+00:00,141,3,cube3 onto cube2
coraplex_panda_demo_v2,2026-08-11 15:06:22.671206+00:00,141,3,cube3 onto cube2
coraplex_panda_demo_v2,2026-08-12 07:12:15.363833+00:00,142,1,cube1 onto cube0
coraplex_panda_demo_v2,2026-08-10 17:08:54.640351+00:00,142,1,cube1 onto cube0
coraplex_panda_demo_v2,2026-08-11 20:33:15.502061+00:00,142,1,cube1 onto cube0
coraplex_panda_demo_v2,2026-08-11 20:33:15.502061+00:00,142,2,cube2 onto cube1
coraplex_panda_demo_v2,2026-08-12 07:12:15.363833+00:00,142,2,cube2 onto cube1
coraplex_panda_demo_v2,2026-08-10 17:08:54.640351+00:00,142,2,cube2 onto cube1
coraplex_panda_demo_v2,2026-08-12 07:12:15.363833+00:00,142,3,cube3 onto cube2
coraplex_panda_demo_v2,2026-08-11 20:33:15.502061+00:00,142,3,cube3 onto cube2
coraplex_panda_demo_v2,2026-08-10 17:08:54.640351+00:00,142,3,cube3 onto cube2
coraplex_panda_demo_v2,2026-08-11 15:06:22.671206+00:00,143,1,cube1 onto cube0
coraplex_panda_demo_v2,2026-08-10 17:08:54.640351+00:00,143,1,cube1 onto cube0
coraplex_panda_demo_v2,2026-08-07 13:09:19.119509+00:00,143,1,cube1 onto cube0
coraplex_panda_demo_v2,2026-08-10 07:57:25.429533+00:00,143,1,cube1 onto cube0
coraplex_panda_demo_v2,2026-08-10 07:57:25.429533+00:00,143,2,cube2 onto cube1
coraplex_panda_demo_v2,2026-08-10 17:08:54.640351+00:00,143,2,cube2 onto cube1
coraplex_panda_demo_v2,2026-08-11 15:06:22.671206+00:00,143,2,cube2 onto cube1
coraplex_panda_demo_v2,2026-08-07 13:09:19.119509+00:00,143,2,cube2 onto cube1
coraplex_panda_demo_v2,2026-08-10 17:08:54.640351+00:00,143,3,cube3 onto cube2
coraplex_panda_demo_v2,2026-08-11 15:06:22.671206+00:00,143,3,cube3 onto cube2
coraplex_panda_demo_v2,2026-08-07 13:09:19.119509+00:00,143,3,cube3 onto cube2
coraplex_panda_demo_v2,2026-08-10 07:57:25.429533+00:00,143,3,cube3 onto cube2
coraplex_panda_demo_v2,2026-08-10 17:08:54.640351+00:00,144,1,cube1 onto cube0
coraplex_panda_demo_v2,2026-08-11 20:33:15.502061+00:00,144,1,cube1 onto cube0
coraplex_panda_demo_v2,2026-08-12 07:12:15.363833+00:00,144,1,cube1 onto cube0
coraplex_panda_demo_v2,2026-08-11 15:06:22.671206+00:00,144,1,cube1 onto cube0
coraplex_panda_demo_v2,2026-08-10 07:57:25.429533+00:00,144,1,cube1 onto cube0
coraplex_panda_demo_v2,2026-08-11 20:33:15.502061+00:00,144,2,cube2 onto cube1
coraplex_panda_demo_v2,2026-08-10 17:08:54.640351+00:00,144,2,cube2 onto cube1
coraplex_panda_demo_v2,2026-08-12 07:12:15.363833+00:00,144,2,cube2 onto cube1
coraplex_panda_demo_v2,2026-08-11 15:06:22.671206+00:00,144,2,cube2 onto cube1
coraplex_panda_demo_v2,2026-08-10 07:57:25.429533+00:00,144,2,cube2 onto cube1
coraplex_panda_demo_v2,2026-08-10 17:08:54.640351+00:00,144,3,cube3 onto cube2
coraplex_panda_demo_v2,2026-08-11 20:33:15.502061+00:00,144,3,cube3 onto cube2
coraplex_panda_demo_v2,2026-08-10 07:57:25.429533+00:00,144,3,cube3 onto cube2
coraplex_panda_demo_v2,2026-08-11 15:06:22.671206+00:00,144,3,cube3 onto cube2
coraplex_panda_demo_v2,2026-08-12 07:12:15.363833+00:00,144,3,cube3 onto cube2
coraplex_panda_demo_v2,2026-08-11 20:33:15.502061+00:00,145,1,cube1 onto cube0
coraplex_panda_demo_v2,2026-08-10 17:08:54.640351+00:00,145,1,cube1 onto cube0
coraplex_panda_demo_v2,2026-08-10 23:06:47.708181+00:00,145,1,cube1 onto cube0
coraplex_panda_demo_v2,2026-08-12 07:12:15.363833+00:00,145,1,cube1 onto cube0
coraplex_panda_demo_v2,2026-08-10 23:06:47.708181+00:00,145,2,cube2 onto cube1
coraplex_panda_demo_v2,2026-08-10 17:08:54.640351+00:00,145,2,cube2 onto cube1
coraplex_panda_demo_v2,2026-08-11 20:33:15.502061+00:00,145,2,cube2 onto cube1
coraplex_panda_demo_v2,2026-08-12 07:12:15.363833+00:00,145,2,cube2 onto cube1
coraplex_panda_demo_v2,2026-08-10 23:06:47.708181+00:00,145,3,cube3 onto cube2
coraplex_panda_demo_v2,2026-08-12 07:12:15.363833+00:00,145,3,cube3 onto cube2
coraplex_panda_demo_v2,2026-08-10 17:08:54.640351+00:00,145,3,cube3 onto cube2
coraplex_panda_demo_v2,2026-08-11 20:33:15.502061+00:00,145,3,cube3 onto cube2
coraplex_panda_demo_v2,2026-08-10 07:57:25.429533+00:00,146,1,cube1 onto cube0
coraplex_panda_demo_v2,2026-08-10 23:06:47.708181+00:00,146,1,cube1 onto cube0
coraplex_panda_demo_v2,2026-08-11 20:33:15.502061+00:00,146,1,cube1 onto cube0
coraplex_panda_demo_v2,2026-08-12 07:12:15.363833+00:00,146,1,cube1 onto cube0
coraplex_panda_demo_v2,2026-08-07 13:09:19.119509+00:00,146,1,cube1 onto cube0
coraplex_panda_demo_v2,2026-08-07 13:09:19.119509+00:00,146,2,cube2 onto cube1
coraplex_panda_demo_v2,2026-08-10 23:06:47.708181+00:00,146,2,cube2 onto cube1
coraplex_panda_demo_v2,2026-08-10 07:57:25.429533+00:00,146,2,cube2 onto cube1
coraplex_panda_demo_v2,2026-08-11 20:33:15.502061+00:00,146,2,cube2 onto cube1
coraplex_panda_demo_v2,2026-08-12 07:12:15.363833+00:00,146,2,cube2 onto cube1
coraplex_panda_demo_v2,2026-08-10 23:06:47.708181+00:00,146,3,cube3 onto cube2
coraplex_panda_demo_v2,2026-08-07 13:09:19.119509+00:00,146,3,cube3 onto cube2
coraplex_panda_demo_v2,2026-08-11 20:33:15.502061+00:00,146,3,cube3 onto cube2
coraplex_panda_demo_v2,2026-08-12 07:12:15.363833+00:00,146,3,cube3 onto cube2
coraplex_panda_demo_v2,2026-08-10 07:57:25.429533+00:00,146,3,cube3 onto cube2
coraplex_panda_demo_v2,2026-08-10 23:06:47.708181+00:00,147,1,cube1 onto cube0
coraplex_panda_demo_v2,2026-08-12 07:12:15.363833+00:00,147,1,cube1 onto cube0
coraplex_panda_demo_v2,2026-08-07 13:09:19.119509+00:00,147,1,cube1 onto cube0
coraplex_panda_demo_v2,2026-08-11 15:06:22.671206+00:00,147,1,cube1 onto cube0
coraplex_panda_demo_v2,2026-08-12 07:12:15.363833+00:00,147,2,cube2 onto cube1
coraplex_panda_demo_v2,2026-08-10 23:06:47.708181+00:00,147,2,cube2 onto cube1
coraplex_panda_demo_v2,2026-08-07 13:09:19.119509+00:00,147,2,cube2 onto cube1
coraplex_panda_demo_v2,2026-08-11 15:06:22.671206+00:00,147,2,cube2 onto cube1
coraplex_panda_demo_v2,2026-08-07 13:09:19.119509+00:00,147,3,cube3 onto cube2
coraplex_panda_demo_v2,2026-08-11 15:06:22.671206+00:00,147,3,cube3 onto cube2
coraplex_panda_demo_v2,2026-08-10 23:06:47.708181+00:00,147,3,cube3 onto cube2
coraplex_panda_demo_v2,2026-08-12 07:12:15.363833+00:00,147,3,cube3 onto cube2
coraplex_panda_demo_v2,2026-08-10 17:08:54.640351+00:00,148,1,cube1 onto cube0
coraplex_panda_demo_v2,2026-08-10 23:06:47.708181+00:00,148,1,cube1 onto cube0
coraplex_panda_demo_v2,2026-08-11 15:06:22.671206+00:00,148,1,cube1 onto cube0
coraplex_panda_demo_v2,2026-08-10 07:57:25.429533+00:00,148,1,cube1 onto cube0
coraplex_panda_demo_v2,2026-08-07 13:09:19.119509+00:00,148,1,cube1 onto cube0
coraplex_panda_demo_v2,2026-08-11 20:33:15.502061+00:00,148,1,cube1 onto cube0
coraplex_panda_demo_v2,2026-08-12 07:12:15.363833+00:00,148,1,cube1 onto cube0
coraplex_panda_demo_v2,2026-08-10 23:06:47.708181+00:00,148,2,cube2 onto cube1
coraplex_panda_demo_v2,2026-08-10 07:57:25.429533+00:00,148,2,cube2 onto cube1
coraplex_panda_demo_v2,2026-08-12 07:12:15.363833+00:00,148,2,cube2 onto cube1
coraplex_panda_demo_v2,2026-08-11 20:33:15.502061+00:00,148,2,cube2 onto cube1
coraplex_panda_demo_v2,2026-08-07 13:09:19.119509+00:00,148,2,cube2 onto cube1
coraplex_panda_demo_v2,2026-08-11 15:06:22.671206+00:00,148,2,cube2 onto cube1
coraplex_panda_demo_v2,2026-08-10 17:08:54.640351+00:00,148,2,cube2 onto cube1
coraplex_panda_demo_v2,2026-08-10 23:06:47.708181+00:00,148,3,cube3 onto cube2
coraplex_panda_demo_v2,2026-08-12 07:12:15.363833+00:00,148,3,cube3 onto cube2
coraplex_panda_demo_v2,2026-08-07 13:09:19.119509+00:00,148,3,cube3 onto cube2
coraplex_panda_demo_v2,2026-08-10 07:57:25.429533+00:00,148,3,cube3 onto cube2
coraplex_panda_demo_v2,2026-08-10 17:08:54.640351+00:00,148,3,cube3 onto cube2
coraplex_panda_demo_v2,2026-08-11 15:06:22.671206+00:00,148,3,cube3 onto cube2
coraplex_panda_demo_v2,2026-08-11 20:33:15.502061+00:00,148,3,cube3 onto cube2
coraplex_panda_demo_v2,2026-08-12 07:12:15.363833+00:00,149,1,cube1 onto cube0
coraplex_panda_demo_v2,2026-08-11 20:33:15.502061+00:00,149,1,cube1 onto cube0
coraplex_panda_demo_v2,2026-08-10 17:08:54.640351+00:00,149,1,cube1 onto cube0
coraplex_panda_demo_v2,2026-08-10 07:57:25.429533+00:00,149,1,cube1 onto cube0
coraplex_panda_demo_v2,2026-08-11 15:06:22.671206+00:00,149,1,cube1 onto cube0
coraplex_panda_demo_v2,2026-08-11 20:33:15.502061+00:00,149,2,cube2 onto cube1
coraplex_panda_demo_v2,2026-08-11 15:06:22.671206+00:00,149,2,cube2 onto cube1
coraplex_panda_demo_v2,2026-08-12 07:12:15.363833+00:00,149,2,cube2 onto cube1
coraplex_panda_demo_v2,2026-08-10 07:57:25.429533+00:00,149,2,cube2 onto cube1
coraplex_panda_demo_v2,2026-08-10 17:08:54.640351+00:00,149,2,cube2 onto cube1
coraplex_panda_demo_v2,2026-08-11 15:06:22.671206+00:00,149,3,cube3 onto cube2
coraplex_panda_demo_v2,2026-08-10 17:08:54.640351+00:00,149,3,cube3 onto cube2
coraplex_panda_demo_v2,2026-08-10 07:57:25.429533+00:00,149,3,cube3 onto cube2
coraplex_panda_demo_v2,2026-08-12 07:12:15.363833+00:00,149,3,cube3 onto cube2
coraplex_panda_demo_v2,2026-08-11 20:33:15.502061+00:00,149,3,cube3 onto cube2
coraplex_panda_demo_v2,2026-08-11 15:06:22.671206+00:00,150,1,cube1 onto cube0
coraplex_panda_demo_v2,2026-08-11 20:33:15.502061+00:00,150,1,cube1 onto cube0
coraplex_panda_demo_v2,2026-08-10 23:06:47.708181+00:00,150,1,cube1 onto cube0
coraplex_panda_demo_v2,2026-08-10 17:08:54.640351+00:00,150,1,cube1 onto cube0
coraplex_panda_demo_v2,2026-08-11 15:06:22.671206+00:00,150,2,cube2 onto cube1
coraplex_panda_demo_v2,2026-08-11 20:33:15.502061+00:00,150,2,cube2 onto cube1
coraplex_panda_demo_v2,2026-08-10 17:08:54.640351+00:00,150,2,cube2 onto cube1
coraplex_panda_demo_v2,2026-08-10 23:06:47.708181+00:00,150,2,cube2 onto cube1
coraplex_panda_demo_v2,2026-08-10 23:06:47.708181+00:00,150,3,cube3 onto cube2
coraplex_panda_demo_v2,2026-08-10 17:08:54.640351+00:00,150,3,cube3 onto cube2
coraplex_panda_demo_v2,2026-08-11 15:06:22.671206+00:00,150,3,cube3 onto cube2
coraplex_panda_demo_v2,2026-08-11 20:33:15.502061+00:00,150,3,cube3 onto cube2
coraplex_panda_demo_v2,2026-08-11 20:33:15.502061+00:00,151,1,cube1 onto cube0
coraplex_panda_demo_v2,2026-08-07 13:09:19.119509+00:00,151,1,cube1 onto cube0
coraplex_panda_demo_v2,2026-08-10 23:06:47.708181+00:00,151,1,cube1 onto cube0
coraplex_panda_demo_v2,2026-08-10 07:57:25.429533+00:00,151,1,cube1 onto cube0
coraplex_panda_demo_v2,2026-08-07 13:09:19.119509+00:00,151,2,cube2 onto cube1
coraplex_panda_demo_v2,2026-08-10 23:06:47.708181+00:00,151,2,cube2 onto cube1
coraplex_panda_demo_v2,2026-08-10 07:57:25.429533+00:00,151,2,cube2 onto cube1
coraplex_panda_demo_v2,2026-08-11 20:33:15.502061+00:00,151,2,cube2 onto cube1
coraplex_panda_demo_v2,2026-08-10 23:06:47.708181+00:00,151,3,cube3 onto cube2
coraplex_panda_demo_v2,2026-08-07 13:09:19.119509+00:00,151,3,cube3 onto cube2
coraplex_panda_demo_v2,2026-08-11 20:33:15.502061+00:00,151,3,cube3 onto cube2
coraplex_panda_demo_v2,2026-08-10 07:57:25.429533+00:00,151,3,cube3 onto cube2
coraplex_panda_demo_v2,2026-08-07 13:09:19.119509+00:00,152,1,cube1 onto cube0
coraplex_panda_demo_v2,2026-08-10 07:57:25.429533+00:00,152,1,cube1 onto cube0
coraplex_panda_demo_v2,2026-08-10 17:08:54.640351+00:00,152,1,cube1 onto cube0
coraplex_panda_demo_v2,2026-08-10 23:06:47.708181+00:00,152,1,cube1 onto cube0
coraplex_panda_demo_v2,2026-08-10 17:08:54.640351+00:00,152,2,cube2 onto cube1
coraplex_panda_demo_v2,2026-08-10 23:06:47.708181+00:00,152,2,cube2 onto cube1
coraplex_panda_demo_v2,2026-08-07 13:09:19.119509+00:00,152,2,cube2 onto cube1
coraplex_panda_demo_v2,2026-08-10 07:57:25.429533+00:00,152,2,cube2 onto cube1
coraplex_panda_demo_v2,2026-08-10 23:06:47.708181+00:00,152,3,cube3 onto cube2
coraplex_panda_demo_v2,2026-08-07 13:09:19.119509+00:00,152,3,cube3 onto cube2
coraplex_panda_demo_v2,2026-08-10 07:57:25.429533+00:00,152,3,cube3 onto cube2
coraplex_panda_demo_v2,2026-08-10 17:08:54.640351+00:00,152,3,cube3 onto cube2
coraplex_panda_demo_v2,2026-08-10 23:06:47.708181+00:00,153,1,cube1 onto cube0
coraplex_panda_demo_v2,2026-08-11 20:33:15.502061+00:00,153,1,cube1 onto cube0
coraplex_panda_demo_v2,2026-08-10 23:06:47.708181+00:00,153,2,cube2 onto cube1
coraplex_panda_demo_v2,2026-08-11 20:33:15.502061+00:00,153,2,cube2 onto cube1
coraplex_panda_demo_v2,2026-08-10 23:06:47.708181+00:00,153,3,cube3 onto cube2
coraplex_panda_demo_v2,2026-08-11 20:33:15.502061+00:00,153,3,cube3 onto cube2
coraplex_panda_demo_v2,2026-08-11 20:33:15.502061+00:00,154,1,cube1 onto cube0
coraplex_panda_demo_v2,2026-08-07 13:09:19.119509+00:00,154,1,cube1 onto cube0
coraplex_panda_demo_v2,2026-08-11 15:06:22.671206+00:00,154,1,cube1 onto cube0
coraplex_panda_demo_v2,2026-08-10 23:06:47.708181+00:00,154,1,cube1 onto cube0
coraplex_panda_demo_v2,2026-08-10 07:57:25.429533+00:00,154,1,cube1 onto cube0
coraplex_panda_demo_v2,2026-08-10 07:57:25.429533+00:00,154,2,cube2 onto cube1
coraplex_panda_demo_v2,2026-08-11 20:33:15.502061+00:00,154,2,cube2 onto cube1
coraplex_panda_demo_v2,2026-08-07 13:09:19.119509+00:00,154,2,cube2 onto cube1
coraplex_panda_demo_v2,2026-08-11 15:06:22.671206+00:00,154,2,cube2 onto cube1
coraplex_panda_demo_v2,2026-08-10 23:06:47.708181+00:00,154,2,cube2 onto cube1
coraplex_panda_demo_v2,2026-08-11 15:06:22.671206+00:00,154,3,cube3 onto cube2
coraplex_panda_demo_v2,2026-08-11 20:33:15.502061+00:00,154,3,cube3 onto cube2
coraplex_panda_demo_v2,2026-08-07 13:09:19.119509+00:00,154,3,cube3 onto cube2
coraplex_panda_demo_v2,2026-08-10 07:57:25.429533+00:00,154,3,cube3 onto cube2
coraplex_panda_demo_v2,2026-08-10 23:06:47.708181+00:00,154,3,cube3 onto cube2
coraplex_panda_demo_v2,2026-08-10 17:08:54.640351+00:00,155,1,cube1 onto cube0
coraplex_panda_demo_v2,2026-08-11 15:06:22.671206+00:00,155,1,cube1 onto cube0
coraplex_panda_demo_v2,2026-08-10 07:57:25.429533+00:00,155,1,cube1 onto cube0
coraplex_panda_demo_v2,2026-08-11 15:06:22.671206+00:00,155,2,cube2 onto cube1
coraplex_panda_demo_v2,2026-08-10 07:57:25.429533+00:00,155,2,cube2 onto cube1
coraplex_panda_demo_v2,2026-08-10 17:08:54.640351+00:00,155,2,cube2 onto cube1
coraplex_panda_demo_v2,2026-08-10 17:08:54.640351+00:00,155,3,cube3 onto cube2
coraplex_panda_demo_v2,2026-08-10 07:57:25.429533+00:00,155,3,cube3 onto cube2
coraplex_panda_demo_v2,2026-08-11 15:06:22.671206+00:00,155,3,cube3 onto cube2
coraplex_panda_demo_v2,2026-08-11 20:33:15.502061+00:00,156,1,cube1 onto cube0
coraplex_panda_demo_v2,2026-08-10 17:08:54.640351+00:00,156,1,cube1 onto cube0
coraplex_panda_demo_v2,2026-08-10 23:06:47.708181+00:00,156,1,cube1 onto cube0
coraplex_panda_demo_v2,2026-08-11 15:06:22.671206+00:00,156,1,cube1 onto cube0
coraplex_panda_demo_v2,2026-08-11 20:33:15.502061+00:00,156,2,cube2 onto cube1
coraplex_panda_demo_v2,2026-08-11 15:06:22.671206+00:00,156,2,cube2 onto cube1
coraplex_panda_demo_v2,2026-08-10 17:08:54.640351+00:00,156,2,cube2 onto cube1
coraplex_panda_demo_v2,2026-08-10 23:06:47.708181+00:00,156,2,cube2 onto cube1
coraplex_panda_demo_v2,2026-08-10 23:06:47.708181+00:00,156,3,cube3 onto cube2
coraplex_panda_demo_v2,2026-08-10 17:08:54.640351+00:00,156,3,cube3 onto cube2
coraplex_panda_demo_v2,2026-08-11 15:06:22.671206+00:00,156,3,cube3 onto cube2
coraplex_panda_demo_v2,2026-08-11 20:33:15.502061+00:00,156,3,cube3 onto cube2
coraplex_panda_demo_v2,2026-08-07 13:09:19.119509+00:00,157,1,cube1 onto cube0
coraplex_panda_demo_v2,2026-08-11 15:06:22.671206+00:00,157,1,cube1 onto cube0
coraplex_panda_demo_v2,2026-08-10 07:57:25.429533+00:00,157,1,cube1 onto cube0
coraplex_panda_demo_v2,2026-08-11 20:33:15.502061+00:00,157,1,cube1 onto cube0
coraplex_panda_demo_v2,2026-08-07 13:09:19.119509+00:00,157,2,cube2 onto cube1
coraplex_panda_demo_v2,2026-08-11 15:06:22.671206+00:00,157,2,cube2 onto cube1
coraplex_panda_demo_v2,2026-08-11 20:33:15.502061+00:00,157,2,cube2 onto cube1
coraplex_panda_demo_v2,2026-08-10 07:57:25.429533+00:00,157,2,cube2 onto cube1
coraplex_panda_demo_v2,2026-08-11 15:06:22.671206+00:00,157,3,cube3 onto cube2
coraplex_panda_demo_v2,2026-08-10 07:57:25.429533+00:00,157,3,cube3 onto cube2
coraplex_panda_demo_v2,2026-08-11 20:33:15.502061+00:00,157,3,cube3 onto cube2
coraplex_panda_demo_v2,2026-08-07 13:09:19.119509+00:00,157,3,cube3 onto cube2
coraplex_panda_demo_v2,2026-08-10 07:57:25.429533+00:00,158,1,cube1 onto cube0
coraplex_panda_demo_v2,2026-08-10 23:06:47.708181+00:00,158,1,cube1 onto cube0
coraplex_panda_demo_v2,2026-08-07 13:09:19.119509+00:00,158,1,cube1 onto cube0
coraplex_panda_demo_v2,2026-08-11 20:33:15.502061+00:00,158,1,cube1 onto cube0
coraplex_panda_demo_v2,2026-08-10 17:08:54.640351+00:00,158,1,cube1 onto cube0
coraplex_panda_demo_v2,2026-08-07 13:09:19.119509+00:00,158,2,cube2 onto cube1
coraplex_panda_demo_v2,2026-08-10 17:08:54.640351+00:00,158,2,cube2 onto cube1
coraplex_panda_demo_v2,2026-08-10 07:57:25.429533+00:00,158,2,cube2 onto cube1
coraplex_panda_demo_v2,2026-08-11 20:33:15.502061+00:00,158,2,cube2 onto cube1
coraplex_panda_demo_v2,2026-08-10 23:06:47.708181+00:00,158,2,cube2 onto cube1
coraplex_panda_demo_v2,2026-08-10 07:57:25.429533+00:00,158,3,cube3 onto cube2
coraplex_panda_demo_v2,2026-08-07 13:09:19.119509+00:00,158,3,cube3 onto cube2
coraplex_panda_demo_v2,2026-08-10 23:06:47.708181+00:00,158,3,cube3 onto cube2
coraplex_panda_demo_v2,2026-08-11 20:33:15.502061+00:00,158,3,cube3 onto cube2
coraplex_panda_demo_v2,2026-08-10 17:08:54.640351+00:00,158,3,cube3 onto cube2
coraplex_panda_demo_v2,2026-08-11 20:33:15.502061+00:00,159,1,cube1 onto cube0
coraplex_panda_demo_v2,2026-08-10 23:06:47.708181+00:00,159,1,cube1 onto cube0
coraplex_panda_demo_v2,2026-08-10 17:08:54.640351+00:00,159,1,cube1 onto cube0
coraplex_panda_demo_v2,2026-08-10 17:08:54.640351+00:00,159,2,cube2 onto cube1
coraplex_panda_demo_v2,2026-08-10 23:06:47.708181+00:00,159,2,cube2 onto cube1
coraplex_panda_demo_v2,2026-08-11 20:33:15.502061+00:00,159,2,cube2 onto cube1
coraplex_panda_demo_v2,2026-08-10 17:08:54.640351+00:00,159,3,cube3 onto cube2
coraplex_panda_demo_v2,2026-08-11 20:33:15.502061+00:00,159,3,cube3 onto cube2
coraplex_panda_demo_v2,2026-08-10 23:06:47.708181+00:00,159,3,cube3 onto cube2
coraplex_panda_demo_v2,2026-08-07 13:09:19.119509+00:00,160,1,cube1 onto cube0
coraplex_panda_demo_v2,2026-08-11 20:33:15.502061+00:00,160,1,cube1 onto cube0
coraplex_panda_demo_v2,2026-08-10 07:57:25.429533+00:00,160,1,cube1 onto cube0
coraplex_panda_demo_v2,2026-08-11 15:06:22.671206+00:00,160,1,cube1 onto cube0
coraplex_panda_demo_v2,2026-08-07 13:09:19.119509+00:00,160,2,cube2 onto cube1
coraplex_panda_demo_v2,2026-08-10 07:57:25.429533+00:00,160,2,cube2 onto cube1
coraplex_panda_demo_v2,2026-08-11 20:33:15.502061+00:00,160,2,cube2 onto cube1
coraplex_panda_demo_v2,2026-08-11 15:06:22.671206+00:00,160,2,cube2 onto cube1
coraplex_panda_demo_v2,2026-08-11 15:06:22.671206+00:00,160,3,cube3 onto cube2
coraplex_panda_demo_v2,2026-08-10 07:57:25.429533+00:00,160,3,cube3 onto cube2
coraplex_panda_demo_v2,2026-08-07 13:09:19.119509+00:00,160,3,cube3 onto cube2
coraplex_panda_demo_v2,2026-08-11 20:33:15.502061+00:00,160,3,cube3 onto cube2
coraplex_panda_demo_v2,2026-08-10 23:06:47.708181+00:00,161,1,cube1 onto cube0
coraplex_panda_demo_v2,2026-08-11 15:06:22.671206+00:00,161,1,cube1 onto cube0
coraplex_panda_demo_v2,2026-08-11 20:33:15.502061+00:00,161,1,cube1 onto cube0
coraplex_panda_demo_v2,2026-08-10 07:57:25.429533+00:00,161,1,cube1 onto cube0
coraplex_panda_demo_v2,2026-08-07 13:09:19.119509+00:00,161,1,cube1 onto cube0
coraplex_panda_demo_v2,2026-08-10 23:06:47.708181+00:00,161,2,cube2 onto cube1
coraplex_panda_demo_v2,2026-08-11 15:06:22.671206+00:00,161,2,cube2 onto cube1
coraplex_panda_demo_v2,2026-08-07 13:09:19.119509+00:00,161,2,cube2 onto cube1
coraplex_panda_demo_v2,2026-08-11 20:33:15.502061+00:00,161,2,cube2 onto cube1
coraplex_panda_demo_v2,2026-08-10 07:57:25.429533+00:00,161,2,cube2 onto cube1
coraplex_panda_demo_v2,2026-08-10 07:57:25.429533+00:00,161,3,cube3 onto cube2
coraplex_panda_demo_v2,2026-08-11 20:33:15.502061+00:00,161,3,cube3 onto cube2
coraplex_panda_demo_v2,2026-08-07 13:09:19.119509+00:00,161,3,cube3 onto cube2
coraplex_panda_demo_v2,2026-08-10 23:06:47.708181+00:00,161,3,cube3 onto cube2
coraplex_panda_demo_v2,2026-08-11 15:06:22.671206+00:00,161,3,cube3 onto cube2
coraplex_panda_demo_v2,2026-08-07 13:09:19.119509+00:00,162,1,cube1 onto cube0
coraplex_panda_demo_v2,2026-08-11 15:06:22.671206+00:00,162,1,cube1 onto cube0
coraplex_panda_demo_v2,2026-08-10 17:08:54.640351+00:00,162,1,cube1 onto cube0
coraplex_panda_demo_v2,2026-08-10 23:06:47.708181+00:00,162,1,cube1 onto cube0
coraplex_panda_demo_v2,2026-08-10 07:57:25.429533+00:00,162,1,cube1 onto cube0
coraplex_panda_demo_v2,2026-08-11 20:33:15.502061+00:00,162,1,cube1 onto cube0
coraplex_panda_demo_v2,2026-08-11 15:06:22.671206+00:00,162,2,cube2 onto cube1
coraplex_panda_demo_v2,2026-08-11 20:33:15.502061+00:00,162,2,cube2 onto cube1
coraplex_panda_demo_v2,2026-08-10 07:57:25.429533+00:00,162,2,cube2 onto cube1
coraplex_panda_demo_v2,2026-08-10 17:08:54.640351+00:00,162,2,cube2 onto cube1
coraplex_panda_demo_v2,2026-08-07 13:09:19.119509+00:00,162,2,cube2 onto cube1
coraplex_panda_demo_v2,2026-08-10 23:06:47.708181+00:00,162,2,cube2 onto cube1
coraplex_panda_demo_v2,2026-08-07 13:09:19.119509+00:00,162,3,cube3 onto cube2
coraplex_panda_demo_v2,2026-08-11 20:33:15.502061+00:00,162,3,cube3 onto cube2
coraplex_panda_demo_v2,2026-08-10 07:57:25.429533+00:00,162,3,cube3 onto cube2
coraplex_panda_demo_v2,2026-08-10 17:08:54.640351+00:00,162,3,cube3 onto cube2
coraplex_panda_demo_v2,2026-08-11 15:06:22.671206+00:00,162,3,cube3 onto cube2
coraplex_panda_demo_v2,2026-08-10 23:06:47.708181+00:00,162,3,cube3 onto cube2
coraplex_panda_demo_v2,2026-08-07 13:09:19.119509+00:00,163,1,cube1 onto cube0
coraplex_panda_demo_v2,2026-08-10 07:57:25.429533+00:00,163,1,cube1 onto cube0
coraplex_panda_demo_v2,2026-08-10 23:06:47.708181+00:00,163,1,cube1 onto cube0
coraplex_panda_demo_v2,2026-08-10 17:08:54.640351+00:00,163,1,cube1 onto cube0
coraplex_panda_demo_v2,2026-08-11 15:06:22.671206+00:00,163,1,cube1 onto cube0
coraplex_panda_demo_v2,2026-08-11 15:06:22.671206+00:00,163,2,cube2 onto cube1
coraplex_panda_demo_v2,2026-08-10 07:57:25.429533+00:00,163,2,cube2 onto cube1
coraplex_panda_demo_v2,2026-08-10 17:08:54.640351+00:00,163,2,cube2 onto cube1
coraplex_panda_demo_v2,2026-08-07 13:09:19.119509+00:00,163,2,cube2 onto cube1
coraplex_panda_demo_v2,2026-08-10 23:06:47.708181+00:00,163,2,cube2 onto cube1
coraplex_panda_demo_v2,2026-08-10 17:08:54.640351+00:00,163,3,cube3 onto cube2
coraplex_panda_demo_v2,2026-08-10 23:06:47.708181+00:00,163,3,cube3 onto cube2
coraplex_panda_demo_v2,2026-08-10 07:57:25.429533+00:00,163,3,cube3 onto cube2
coraplex_panda_demo_v2,2026-08-07 13:09:19.119509+00:00,163,3,cube3 onto cube2
coraplex_panda_demo_v2,2026-08-11 15:06:22.671206+00:00,163,3,cube3 onto cube2
coraplex_panda_demo_v2,2026-08-10 23:06:47.708181+00:00,164,1,cube1 onto cube0
coraplex_panda_demo_v2,2026-08-11 20:33:15.502061+00:00,164,1,cube1 onto cube0
coraplex_panda_demo_v2,2026-08-10 23:06:47.708181+00:00,164,2,cube2 onto cube1
coraplex_panda_demo_v2,2026-08-11 20:33:15.502061+00:00,164,2,cube2 onto cube1
coraplex_panda_demo_v2,2026-08-11 20:33:15.502061+00:00,164,3,cube3 onto cube2
coraplex_panda_demo_v2,2026-08-10 23:06:47.708181+00:00,164,3,cube3 onto cube2
coraplex_panda_demo_v2,2026-08-11 20:33:15.502061+00:00,165,1,cube1 onto cube0
coraplex_panda_demo_v2,2026-08-10 23:06:47.708181+00:00,165,1,cube1 onto cube0
coraplex_panda_demo_v2,2026-08-10 17:08:54.640351+00:00,165,1,cube1 onto cube0
coraplex_panda_demo_v2,2026-08-10 07:57:25.429533+00:00,165,1,cube1 onto cube0
coraplex_panda_demo_v2,2026-08-07 13:09:19.119509+00:00,165,1,cube1 onto cube0
coraplex_panda_demo_v2,2026-08-11 15:06:22.671206+00:00,165,1,cube1 onto cube0
coraplex_panda_demo_v2,2026-08-07 13:09:19.119509+00:00,165,2,cube2 onto cube1
coraplex_panda_demo_v2,2026-08-10 17:08:54.640351+00:00,165,2,cube2 onto cube1
coraplex_panda_demo_v2,2026-08-10 07:57:25.429533+00:00,165,2,cube2 onto cube1
coraplex_panda_demo_v2,2026-08-11 20:33:15.502061+00:00,165,2,cube2 onto cube1
coraplex_panda_demo_v2,2026-08-11 15:06:22.671206+00:00,165,2,cube2 onto cube1
coraplex_panda_demo_v2,2026-08-10 23:06:47.708181+00:00,165,2,cube2 onto cube1
coraplex_panda_demo_v2,2026-08-10 17:08:54.640351+00:00,165,3,cube3 onto cube2
coraplex_panda_demo_v2,2026-08-10 23:06:47.708181+00:00,165,3,cube3 onto cube2
coraplex_panda_demo_v2,2026-08-07 13:09:19.119509+00:00,165,3,cube3 onto cube2
coraplex_panda_demo_v2,2026-08-11 20:33:15.502061+00:00,165,3,cube3 onto cube2
coraplex_panda_demo_v2,2026-08-10 07:57:25.429533+00:00,165,3,cube3 onto cube2
coraplex_panda_demo_v2,2026-08-11 15:06:22.671206+00:00,165,3,cube3 onto cube2
coraplex_panda_demo_v2,2026-08-11 20:33:15.502061+00:00,166,1,cube1 onto cube0
coraplex_panda_demo_v2,2026-08-10 07:57:25.429533+00:00,166,1,cube1 onto cube0
coraplex_panda_demo_v2,2026-08-10 23:06:47.708181+00:00,166,1,cube1 onto cube0
coraplex_panda_demo_v2,2026-08-10 23:06:47.708181+00:00,166,2,cube2 onto cube1
coraplex_panda_demo_v2,2026-08-10 07:57:25.429533+00:00,166,2,cube2 onto cube1
coraplex_panda_demo_v2,2026-08-11 20:33:15.502061+00:00,166,2,cube2 onto cube1
coraplex_panda_demo_v2,2026-08-10 23:06:47.708181+00:00,166,3,cube3 onto cube2
coraplex_panda_demo_v2,2026-08-10 07:57:25.429533+00:00,166,3,cube3 onto cube2
coraplex_panda_demo_v2,2026-08-11 20:33:15.502061+00:00,166,3,cube3 onto cube2
coraplex_panda_demo_v2,2026-08-07 13:09:19.119509+00:00,167,1,cube1 onto cube0
coraplex_panda_demo_v2,2026-08-11 15:06:22.671206+00:00,167,1,cube1 onto cube0
coraplex_panda_demo_v2,2026-08-11 15:06:22.671206+00:00,167,2,cube2 onto cube1
coraplex_panda_demo_v2,2026-08-07 13:09:19.119509+00:00,167,2,cube2 onto cube1
coraplex_panda_demo_v2,2026-08-11 15:06:22.671206+00:00,167,3,cube3 onto cube2
coraplex_panda_demo_v2,2026-08-07 13:09:19.119509+00:00,167,3,cube3 onto cube2
coraplex_panda_demo_v2,2026-08-11 15:06:22.671206+00:00,168,1,cube1 onto cube0
coraplex_panda_demo_v2,2026-08-10 07:57:25.429533+00:00,168,1,cube1 onto cube0
coraplex_panda_demo_v2,2026-08-11 20:33:15.502061+00:00,168,1,cube1 onto cube0
coraplex_panda_demo_v2,2026-08-10 17:08:54.640351+00:00,168,1,cube1 onto cube0
coraplex_panda_demo_v2,2026-08-11 20:33:15.502061+00:00,168,2,cube2 onto cube1
coraplex_panda_demo_v2,2026-08-11 15:06:22.671206+00:00,168,2,cube2 onto cube1
coraplex_panda_demo_v2,2026-08-10 17:08:54.640351+00:00,168,2,cube2 onto cube1
coraplex_panda_demo_v2,2026-08-10 07:57:25.429533+00:00,168,2,cube2 onto cube1
coraplex_panda_demo_v2,2026-08-11 15:06:22.671206+00:00,168,3,cube3 onto cube2
coraplex_panda_demo_v2,2026-08-10 07:57:25.429533+00:00,168,3,cube3 onto cube2
coraplex_panda_demo_v2,2026-08-11 20:33:15.502061+00:00,168,3,cube3 onto cube2
coraplex_panda_demo_v2,2026-08-10 17:08:54.640351+00:00,168,3,cube3 onto cube2
coraplex_panda_demo_v2,2026-08-10 23:06:47.708181+00:00,169,1,cube1 onto cube0
coraplex_panda_demo_v2,2026-08-11 20:33:15.502061+00:00,169,1,cube1 onto cube0
coraplex_panda_demo_v2,2026-08-07 13:09:19.119509+00:00,169,1,cube1 onto cube0
coraplex_panda_demo_v2,2026-08-11 20:33:15.502061+00:00,169,2,cube2 onto cube1
coraplex_panda_demo_v2,2026-08-10 23:06:47.708181+00:00,169,2,cube2 onto cube1
coraplex_panda_demo_v2,2026-08-07 13:09:19.119509+00:00,169,2,cube2 onto cube1
coraplex_panda_demo_v2,2026-08-10 23:06:47.708181+00:00,169,3,cube3 onto cube2
coraplex_panda_demo_v2,2026-08-07 13:09:19.119509+00:00,169,3,cube3 onto cube2
coraplex_panda_demo_v2,2026-08-11 20:33:15.502061+00:00,169,3,cube3 onto cube2
coraplex_panda_demo_v2,2026-08-10 17:08:54.640351+00:00,170,1,cube1 onto cube0
coraplex_panda_demo_v2,2026-08-10 07:57:25.429533+00:00,170,1,cube1 onto cube0
coraplex_panda_demo_v2,2026-08-07 13:09:19.119509+00:00,170,1,cube1 onto cube0
coraplex_panda_demo_v2,2026-08-10 23:06:47.708181+00:00,170,1,cube1 onto cube0
coraplex_panda_demo_v2,2026-08-11 20:33:15.502061+00:00,170,1,cube1 onto cube0
coraplex_panda_demo_v2,2026-08-10 07:57:25.429533+00:00,170,2,cube2 onto cube1
coraplex_panda_demo_v2,2026-08-07 13:09:19.119509+00:00,170,2,cube2 onto cube1
coraplex_panda_demo_v2,2026-08-10 23:06:47.708181+00:00,170,2,cube2 onto cube1
coraplex_panda_demo_v2,2026-08-11 20:33:15.502061+00:00,170,2,cube2 onto cube1
coraplex_panda_demo_v2,2026-08-10 17:08:54.640351+00:00,170,2,cube2 onto cube1
coraplex_panda_demo_v2,2026-08-07 13:09:19.119509+00:00,170,3,cube3 onto cube2
coraplex_panda_demo_v2,2026-08-11 20:33:15.502061+00:00,170,3,cube3 onto cube2
coraplex_panda_demo_v2,2026-08-10 23:06:47.708181+00:00,170,3,cube3 onto cube2
coraplex_panda_demo_v2,2026-08-10 07:57:25.429533+00:00,170,3,cube3 onto cube2
coraplex_panda_demo_v2,2026-08-10 17:08:54.640351+00:00,170,3,cube3 onto cube2
coraplex_panda_demo_v2,2026-08-10 23:06:47.708181+00:00,171,1,cube1 onto cube0
coraplex_panda_demo_v2,2026-08-11 20:33:15.502061+00:00,171,1,cube1 onto cube0
coraplex_panda_demo_v2,2026-08-11 15:06:22.671206+00:00,171,1,cube1 onto cube0
coraplex_panda_demo_v2,2026-08-10 17:08:54.640351+00:00,171,1,cube1 onto cube0
coraplex_panda_demo_v2,2026-08-11 20:33:15.502061+00:00,171,2,cube2 onto cube1
coraplex_panda_demo_v2,2026-08-10 23:06:47.708181+00:00,171,2,cube2 onto cube1
coraplex_panda_demo_v2,2026-08-11 15:06:22.671206+00:00,171,2,cube2 onto cube1
coraplex_panda_demo_v2,2026-08-10 17:08:54.640351+00:00,171,2,cube2 onto cube1
coraplex_panda_demo_v2,2026-08-11 20:33:15.502061+00:00,171,3,cube3 onto cube2
coraplex_panda_demo_v2,2026-08-11 15:06:22.671206+00:00,171,3,cube3 onto cube2
coraplex_panda_demo_v2,2026-08-10 17:08:54.640351+00:00,171,3,cube3 onto cube2
coraplex_panda_demo_v2,2026-08-10 23:06:47.708181+00:00,171,3,cube3 onto cube2
coraplex_panda_demo_v2,2026-08-11 15:06:22.671206+00:00,172,1,cube1 onto cube0
coraplex_panda_demo_v2,2026-08-10 17:08:54.640351+00:00,172,1,cube1 onto cube0
coraplex_panda_demo_v2,2026-08-10 07:57:25.429533+00:00,172,1,cube1 onto cube0
coraplex_panda_demo_v2,2026-08-10 23:06:47.708181+00:00,172,1,cube1 onto cube0
coraplex_panda_demo_v2,2026-08-10 17:08:54.640351+00:00,172,2,cube2 onto cube1
coraplex_panda_demo_v2,2026-08-10 07:57:25.429533+00:00,172,2,cube2 onto cube1
coraplex_panda_demo_v2,2026-08-11 15:06:22.671206+00:00,172,2,cube2 onto cube1
coraplex_panda_demo_v2,2026-08-10 23:06:47.708181+00:00,172,2,cube2 onto cube1
coraplex_panda_demo_v2,2026-08-10 23:06:47.708181+00:00,172,3,cube3 onto cube2
coraplex_panda_demo_v2,2026-08-10 17:08:54.640351+00:00,172,3,cube3 onto cube2
coraplex_panda_demo_v2,2026-08-10 07:57:25.429533+00:00,172,3,cube3 onto cube2
coraplex_panda_demo_v2,2026-08-11 15:06:22.671206+00:00,172,3,cube3 onto cube2
coraplex_panda_demo_v2,2026-08-10 17:08:54.640351+00:00,173,1,cube1 onto cube0
coraplex_panda_demo_v2,2026-08-11 15:06:22.671206+00:00,173,1,cube1 onto cube0
coraplex_panda_demo_v2,2026-08-10 23:06:47.708181+00:00,173,1,cube1 onto cube0
coraplex_panda_demo_v2,2026-08-10 23:06:47.708181+00:00,173,2,cube2 onto cube1
coraplex_panda_demo_v2,2026-08-10 17:08:54.640351+00:00,173,2,cube2 onto cube1
coraplex_panda_demo_v2,2026-08-11 15:06:22.671206+00:00,173,2,cube2 onto cube1
coraplex_panda_demo_v2,2026-08-10 23:06:47.708181+00:00,173,3,cube3 onto cube2
coraplex_panda_demo_v2,2026-08-10 17:08:54.640351+00:00,173,3,cube3 onto cube2
coraplex_panda_demo_v2,2026-08-11 15:06:22.671206+00:00,173,3,cube3 onto cube2
coraplex_panda_demo_v2,2026-08-10 17:08:54.640351+00:00,174,1,cube1 onto cube0
coraplex_panda_demo_v2,2026-08-10 07:57:25.429533+00:00,174,1,cube1 onto cube0
coraplex_panda_demo_v2,2026-08-07 13:09:19.119509+00:00,174,1,cube1 onto cube0
coraplex_panda_demo_v2,2026-08-11 20:33:15.502061+00:00,174,1,cube1 onto cube0
coraplex_panda_demo_v2,2026-08-11 20:33:15.502061+00:00,174,2,cube2 onto cube1
coraplex_panda_demo_v2,2026-08-10 17:08:54.640351+00:00,174,2,cube2 onto cube1
coraplex_panda_demo_v2,2026-08-10 07:57:25.429533+00:00,174,2,cube2 onto cube1
coraplex_panda_demo_v2,2026-08-07 13:09:19.119509+00:00,174,2,cube2 onto cube1
coraplex_panda_demo_v2,2026-08-11 20:33:15.502061+00:00,174,3,cube3 onto cube2
coraplex_panda_demo_v2,2026-08-10 07:57:25.429533+00:00,174,3,cube3 onto cube2
coraplex_panda_demo_v2,2026-08-07 13:09:19.119509+00:00,174,3,cube3 onto cube2
coraplex_panda_demo_v2,2026-08-10 17:08:54.640351+00:00,174,3,cube3 onto cube2
coraplex_panda_demo_v2,2026-08-10 17:08:54.640351+00:00,175,1,cube1 onto cube0
coraplex_panda_demo_v2,2026-08-11 20:33:15.502061+00:00,175,1,cube1 onto cube0
coraplex_panda_demo_v2,2026-08-10 07:57:25.429533+00:00,175,1,cube1 onto cube0
coraplex_panda_demo_v2,2026-08-10 17:08:54.640351+00:00,175,2,cube2 onto cube1
coraplex_panda_demo_v2,2026-08-11 20:33:15.502061+00:00,175,2,cube2 onto cube1
coraplex_panda_demo_v2,2026-08-10 07:57:25.429533+00:00,175,2,cube2 onto cube1
coraplex_panda_demo_v2,2026-08-11 20:33:15.502061+00:00,175,3,cube3 onto cube2
coraplex_panda_demo_v2,2026-08-10 17:08:54.640351+00:00,175,3,cube3 onto cube2
coraplex_panda_demo_v2,2026-08-10 07:57:25.429533+00:00,175,3,cube3 onto cube2
coraplex_panda_demo_v2,2026-08-10 07:57:25.429533+00:00,176,1,cube1 onto cube0
coraplex_panda_demo_v2,2026-08-10 17:08:54.640351+00:00,176,1,cube1 onto cube0
coraplex_panda_demo_v2,2026-08-10 23:06:47.708181+00:00,176,1,cube1 onto cube0
coraplex_panda_demo_v2,2026-08-10 23:06:47.708181+00:00,176,2,cube2 onto cube1
coraplex_panda_demo_v2,2026-08-10 07:57:25.429533+00:00,176,2,cube2 onto cube1
coraplex_panda_demo_v2,2026-08-10 17:08:54.640351+00:00,176,2,cube2 onto cube1
coraplex_panda_demo_v2,2026-08-10 17:08:54.640351+00:00,176,3,cube3 onto cube2
coraplex_panda_demo_v2,2026-08-10 23:06:47.708181+00:00,176,3,cube3 onto cube2
coraplex_panda_demo_v2,2026-08-10 07:57:25.429533+00:00,176,3,cube3 onto cube2
coraplex_panda_demo_v2,2026-08-10 17:08:54.640351+00:00,177,1,cube1 onto cube0
coraplex_panda_demo_v2,2026-08-07 13:09:19.119509+00:00,177,1,cube1 onto cube0
coraplex_panda_demo_v2,2026-08-10 17:08:54.640351+00:00,177,2,cube2 onto cube1
coraplex_panda_demo_v2,2026-08-07 13:09:19.119509+00:00,177,2,cube2 onto cube1
coraplex_panda_demo_v2,2026-08-07 13:09:19.119509+00:00,177,3,cube3 onto cube2
coraplex_panda_demo_v2,2026-08-10 17:08:54.640351+00:00,177,3,cube3 onto cube2
coraplex_panda_demo_v2,2026-08-11 15:06:22.671206+00:00,178,1,cube1 onto cube0
coraplex_panda_demo_v2,2026-08-10 23:06:47.708181+00:00,178,1,cube1 onto cube0
coraplex_panda_demo_v2,2026-08-07 13:09:19.119509+00:00,178,1,cube1 onto cube0
coraplex_panda_demo_v2,2026-08-10 17:08:54.640351+00:00,178,1,cube1 onto cube0
coraplex_panda_demo_v2,2026-08-11 15:06:22.671206+00:00,178,2,cube2 onto cube1
coraplex_panda_demo_v2,2026-08-10 17:08:54.640351+00:00,178,2,cube2 onto cube1
coraplex_panda_demo_v2,2026-08-10 23:06:47.708181+00:00,178,2,cube2 onto cube1
coraplex_panda_demo_v2,2026-08-07 13:09:19.119509+00:00,178,2,cube2 onto cube1
coraplex_panda_demo_v2,2026-08-11 15:06:22.671206+00:00,178,3,cube3 onto cube2
coraplex_panda_demo_v2,2026-08-10 23:06:47.708181+00:00,178,3,cube3 onto cube2
coraplex_panda_demo_v2,2026-08-10 17:08:54.640351+00:00,178,3,cube3 onto cube2
coraplex_panda_demo_v2,2026-08-07 13:09:19.119509+00:00,178,3,cube3 onto cube2
coraplex_panda_demo_v2,2026-08-10 23:06:47.708181+00:00,179,1,cube1 onto cube0
coraplex_panda_demo_v2,2026-08-07 13:09:19.119509+00:00,179,1,cube1 onto cube0
coraplex_panda_demo_v2,2026-08-11 15:06:22.671206+00:00,179,1,cube1 onto cube0
coraplex_panda_demo_v2,2026-08-10 23:06:47.708181+00:00,179,2,cube2 onto cube1
coraplex_panda_demo_v2,2026-08-07 13:09:19.119509+00:00,179,2,cube2 onto cube1
coraplex_panda_demo_v2,2026-08-11 15:06:22.671206+00:00,179,2,cube2 onto cube1
coraplex_panda_demo_v2,2026-08-10 23:06:47.708181+00:00,179,3,cube3 onto cube2
coraplex_panda_demo_v2,2026-08-07 13:09:19.119509+00:00,179,3,cube3 onto cube2
coraplex_panda_demo_v2,2026-08-11 15:06:22.671206+00:00,179,3,cube3 onto cube2
coraplex_panda_demo_v2,2026-08-07 13:09:19.119509+00:00,180,1,cube1 onto cube0
coraplex_panda_demo_v2,2026-08-10 23:06:47.708181+00:00,180,1,cube1 onto cube0
coraplex_panda_demo_v2,2026-08-11 15:06:22.671206+00:00,180,1,cube1 onto cube0
coraplex_panda_demo_v2,2026-08-10 17:08:54.640351+00:00,180,1,cube1 onto cube0
coraplex_panda_demo_v2,2026-08-11 15:06:22.671206+00:00,180,2,cube2 onto cube1
coraplex_panda_demo_v2,2026-08-07 13:09:19.119509+00:00,180,2,cube2 onto cube1
coraplex_panda_demo_v2,2026-08-10 23:06:47.708181+00:00,180,2,cube2 onto cube1
coraplex_panda_demo_v2,2026-08-10 17:08:54.640351+00:00,180,2,cube2 onto cube1
coraplex_panda_demo_v2,2026-08-11 15:06:22.671206+00:00,180,3,cube3 onto cube2
coraplex_panda_demo_v2,2026-08-10 17:08:54.640351+00:00,180,3,cube3 onto cube2
coraplex_panda_demo_v2,2026-08-07 13:09:19.119509+00:00,180,3,cube3 onto cube2
coraplex_panda_demo_v2,2026-08-10 23:06:47.708181+00:00,180,3,cube3 onto cube2
coraplex_panda_demo_v2,2026-08-10 23:06:47.708181+00:00,181,1,cube1 onto cube0
coraplex_panda_demo_v2,2026-08-07 13:09:19.119509+00:00,181,1,cube1 onto cube0
coraplex_panda_demo_v2,2026-08-11 20:33:15.502061+00:00,181,1,cube1 onto cube0
coraplex_panda_demo_v2,2026-08-10 23:06:47.708181+00:00,181,2,cube2 onto cube1
coraplex_panda_demo_v2,2026-08-11 20:33:15.502061+00:00,181,2,cube2 onto cube1
coraplex_panda_demo_v2,2026-08-07 13:09:19.119509+00:00,181,2,cube2 onto cube1
coraplex_panda_demo_v2,2026-08-11 20:33:15.502061+00:00,181,3,cube3 onto cube2
coraplex_panda_demo_v2,2026-08-10 23:06:47.708181+00:00,181,3,cube3 onto cube2
coraplex_panda_demo_v2,2026-08-07 13:09:19.119509+00:00,181,3,cube3 onto cube2
coraplex_panda_demo_v2,2026-08-07 13:09:19.119509+00:00,182,1,cube1 onto cube0
coraplex_panda_demo_v2,2026-08-11 20:33:15.502061+00:00,182,1,cube1 onto cube0
coraplex_panda_demo_v2,2026-08-10 17:08:54.640351+00:00,182,1,cube1 onto cube0
coraplex_panda_demo_v2,2026-08-10 17:08:54.640351+00:00,182,2,cube2 onto cube1
coraplex_panda_demo_v2,2026-08-07 13:09:19.119509+00:00,182,2,cube2 onto cube1
coraplex_panda_demo_v2,2026-08-11 20:33:15.502061+00:00,182,2,cube2 onto cube1
coraplex_panda_demo_v2,2026-08-11 20:33:15.502061+00:00,182,3,cube3 onto cube2
coraplex_panda_demo_v2,2026-08-07 13:09:19.119509+00:00,182,3,cube3 onto cube2
coraplex_panda_demo_v2,2026-08-10 17:08:54.640351+00:00,182,3,cube3 onto cube2
coraplex_panda_demo_v2,2026-08-10 07:57:25.429533+00:00,183,1,cube1 onto cube0
coraplex_panda_demo_v2,2026-08-10 17:08:54.640351+00:00,183,1,cube1 onto cube0
coraplex_panda_demo_v2,2026-08-11 20:33:15.502061+00:00,183,1,cube1 onto cube0
coraplex_panda_demo_v2,2026-08-10 17:08:54.640351+00:00,183,2,cube2 onto cube1
coraplex_panda_demo_v2,2026-08-11 20:33:15.502061+00:00,183,2,cube2 onto cube1
coraplex_panda_demo_v2,2026-08-10 07:57:25.429533+00:00,183,2,cube2 onto cube1
coraplex_panda_demo_v2,2026-08-11 20:33:15.502061+00:00,183,3,cube3 onto cube2
coraplex_panda_demo_v2,2026-08-10 07:57:25.429533+00:00,183,3,cube3 onto cube2
coraplex_panda_demo_v2,2026-08-10 17:08:54.640351+00:00,183,3,cube3 onto cube2
coraplex_panda_demo_v2,2026-08-07 13:09:19.119509+00:00,184,1,cube1 onto cube0
coraplex_panda_demo_v2,2026-08-10 17:08:54.640351+00:00,184,1,cube1 onto cube0
coraplex_panda_demo_v2,2026-08-10 07:57:25.429533+00:00,184,1,cube1 onto cube0
coraplex_panda_demo_v2,2026-08-07 13:09:19.119509+00:00,184,2,cube2 onto cube1
coraplex_panda_demo_v2,2026-08-10 07:57:25.429533+00:00,184,2,cube2 onto cube1
coraplex_panda_demo_v2,2026-08-10 17:08:54.640351+00:00,184,2,cube2 onto cube1
coraplex_panda_demo_v2,2026-08-10 17:08:54.640351+00:00,184,3,cube3 onto cube2
coraplex_panda_demo_v2,2026-08-10 07:57:25.429533+00:00,184,3,cube3 onto cube2
coraplex_panda_demo_v2,2026-08-07 13:09:19.119509+00:00,184,3,cube3 onto cube2
coraplex_panda_demo_v2,2026-08-10 23:06:47.708181+00:00,185,1,cube1 onto cube0
coraplex_panda_demo_v2,2026-08-07 13:09:19.119509+00:00,185,1,cube1 onto cube0
coraplex_panda_demo_v2,2026-08-11 15:06:22.671206+00:00,185,1,cube1 onto cube0
coraplex_panda_demo_v2,2026-08-10 17:08:54.640351+00:00,185,1,cube1 onto cube0
coraplex_panda_demo_v2,2026-08-10 07:57:25.429533+00:00,185,1,cube1 onto cube0
coraplex_panda_demo_v2,2026-08-10 17:08:54.640351+00:00,185,2,cube2 onto cube1
coraplex_panda_demo_v2,2026-08-11 15:06:22.671206+00:00,185,2,cube2 onto cube1
coraplex_panda_demo_v2,2026-08-10 07:57:25.429533+00:00,185,2,cube2 onto cube1
coraplex_panda_demo_v2,2026-08-07 13:09:19.119509+00:00,185,2,cube2 onto cube1
coraplex_panda_demo_v2,2026-08-10 23:06:47.708181+00:00,185,2,cube2 onto cube1
coraplex_panda_demo_v2,2026-08-10 17:08:54.640351+00:00,185,3,cube3 onto cube2
coraplex_panda_demo_v2,2026-08-11 15:06:22.671206+00:00,185,3,cube3 onto cube2
coraplex_panda_demo_v2,2026-08-10 23:06:47.708181+00:00,185,3,cube3 onto cube2
coraplex_panda_demo_v2,2026-08-07 13:09:19.119509+00:00,185,3,cube3 onto cube2
coraplex_panda_demo_v2,2026-08-10 07:57:25.429533+00:00,185,3,cube3 onto cube2
coraplex_panda_demo_v2,2026-08-10 17:08:54.640351+00:00,186,1,cube1 onto cube0
coraplex_panda_demo_v2,2026-08-07 13:09:19.119509+00:00,186,1,cube1 onto cube0
coraplex_panda_demo_v2,2026-08-11 15:06:22.671206+00:00,186,1,cube1 onto cube0
coraplex_panda_demo_v2,2026-08-10 07:57:25.429533+00:00,186,1,cube1 onto cube0
coraplex_panda_demo_v2,2026-08-10 23:06:47.708181+00:00,186,1,cube1 onto cube0
coraplex_panda_demo_v2,2026-08-10 17:08:54.640351+00:00,186,2,cube2 onto cube1
coraplex_panda_demo_v2,2026-08-07 13:09:19.119509+00:00,186,2,cube2 onto cube1
coraplex_panda_demo_v2,2026-08-11 15:06:22.671206+00:00,186,2,cube2 onto cube1
coraplex_panda_demo_v2,2026-08-10 23:06:47.708181+00:00,186,2,cube2 onto cube1
coraplex_panda_demo_v2,2026-08-10 07:57:25.429533+00:00,186,2,cube2 onto cube1
coraplex_panda_demo_v2,2026-08-10 07:57:25.429533+00:00,186,3,cube3 onto cube2
coraplex_panda_demo_v2,2026-08-10 23:06:47.708181+00:00,186,3,cube3 onto cube2
coraplex_panda_demo_v2,2026-08-11 15:06:22.671206+00:00,186,3,cube3 onto cube2
coraplex_panda_demo_v2,2026-08-07 13:09:19.119509+00:00,186,3,cube3 onto cube2
coraplex_panda_demo_v2,2026-08-10 17:08:54.640351+00:00,186,3,cube3 onto cube2
coraplex_panda_demo_v2,2026-08-11 20:33:15.502061+00:00,187,1,cube1 onto cube0
coraplex_panda_demo_v2,2026-08-10 23:06:47.708181+00:00,187,1,cube1 onto cube0
coraplex_panda_demo_v2,2026-08-11 15:06:22.671206+00:00,187,1,cube1 onto cube0
coraplex_panda_demo_v2,2026-08-10 07:57:25.429533+00:00,187,1,cube1 onto cube0
coraplex_panda_demo_v2,2026-08-10 23:06:47.708181+00:00,187,2,cube2 onto cube1
coraplex_panda_demo_v2,2026-08-11 15:06:22.671206+00:00,187,2,cube2 onto cube1
coraplex_panda_demo_v2,2026-08-11 20:33:15.502061+00:00,187,2,cube2 onto cube1
coraplex_panda_demo_v2,2026-08-10 07:57:25.429533+00:00,187,2,cube2 onto cube1
coraplex_panda_demo_v2,2026-08-10 07:57:25.429533+00:00,187,3,cube3 onto cube2
coraplex_panda_demo_v2,2026-08-10 23:06:47.708181+00:00,187,3,cube3 onto cube2
coraplex_panda_demo_v2,2026-08-11 15:06:22.671206+00:00,187,3,cube3 onto cube2
coraplex_panda_demo_v2,2026-08-11 20:33:15.502061+00:00,187,3,cube3 onto cube2
coraplex_panda_demo_v2,2026-08-11 15:06:22.671206+00:00,188,1,cube1 onto cube0
coraplex_panda_demo_v2,2026-08-11 20:33:15.502061+00:00,188,1,cube1 onto cube0
coraplex_panda_demo_v2,2026-08-07 13:09:19.119509+00:00,188,1,cube1 onto cube0
coraplex_panda_demo_v2,2026-08-10 23:06:47.708181+00:00,188,1,cube1 onto cube0
coraplex_panda_demo_v2,2026-08-07 13:09:19.119509+00:00,188,2,cube2 onto cube1
coraplex_panda_demo_v2,2026-08-11 20:33:15.502061+00:00,188,2,cube2 onto cube1
coraplex_panda_demo_v2,2026-08-11 15:06:22.671206+00:00,188,2,cube2 onto cube1
coraplex_panda_demo_v2,2026-08-10 23:06:47.708181+00:00,188,2,cube2 onto cube1
coraplex_panda_demo_v2,2026-08-11 20:33:15.502061+00:00,188,3,cube3 onto cube2
coraplex_panda_demo_v2,2026-08-10 23:06:47.708181+00:00,188,3,cube3 onto cube2
coraplex_panda_demo_v2,2026-08-11 15:06:22.671206+00:00,188,3,cube3 onto cube2
coraplex_panda_demo_v2,2026-08-07 13:09:19.119509+00:00,188,3,cube3 onto cube2
coraplex_panda_demo_v2,2026-08-10 17:08:54.640351+00:00,189,1,cube1 onto cube0
coraplex_panda_demo_v2,2026-08-11 20:33:15.502061+00:00,189,1,cube1 onto cube0
coraplex_panda_demo_v2,2026-08-07 13:09:19.119509+00:00,189,1,cube1 onto cube0
coraplex_panda_demo_v2,2026-08-10 23:06:47.708181+00:00,189,1,cube1 onto cube0
coraplex_panda_demo_v2,2026-08-11 20:33:15.502061+00:00,189,2,cube2 onto cube1
coraplex_panda_demo_v2,2026-08-10 17:08:54.640351+00:00,189,2,cube2 onto cube1
coraplex_panda_demo_v2,2026-08-10 23:06:47.708181+00:00,189,2,cube2 onto cube1
coraplex_panda_demo_v2,2026-08-07 13:09:19.119509+00:00,189,2,cube2 onto cube1
coraplex_panda_demo_v2,2026-08-11 20:33:15.502061+00:00,189,3,cube3 onto cube2
coraplex_panda_demo_v2,2026-08-10 17:08:54.640351+00:00,189,3,cube3 onto cube2
coraplex_panda_demo_v2,2026-08-10 23:06:47.708181+00:00,189,3,cube3 onto cube2
coraplex_panda_demo_v2,2026-08-07 13:09:19.119509+00:00,189,3,cube3 onto cube2
coraplex_panda_demo_v2,2026-08-07 13:09:19.119509+00:00,190,1,cube1 onto cube0
coraplex_panda_demo_v2,2026-08-10 23:06:47.708181+00:00,190,1,cube1 onto cube0
coraplex_panda_demo_v2,2026-08-10 17:08:54.640351+00:00,190,1,cube1 onto cube0
coraplex_panda_demo_v2,2026-08-10 07:57:25.429533+00:00,190,1,cube1 onto cube0
coraplex_panda_demo_v2,2026-08-10 23:06:47.708181+00:00,190,2,cube2 onto cube1
coraplex_panda_demo_v2,2026-08-07 13:09:19.119509+00:00,190,2,cube2 onto cube1
coraplex_panda_demo_v2,2026-08-10 07:57:25.429533+00:00,190,2,cube2 onto cube1
coraplex_panda_demo_v2,2026-08-10 17:08:54.640351+00:00,190,2,cube2 onto cube1
coraplex_panda_demo_v2,2026-08-07 13:09:19.119509+00:00,190,3,cube3 onto cube2
coraplex_panda_demo_v2,2026-08-10 17:08:54.640351+00:00,190,3,cube3 onto cube2
coraplex_panda_demo_v2,2026-08-10 23:06:47.708181+00:00,190,3,cube3 onto cube2
coraplex_panda_demo_v2,2026-08-10 07:57:25.429533+00:00,190,3,cube3 onto cube2
coraplex_panda_demo_v2,2026-08-11 15:06:22.671206+00:00,191,1,cube1 onto cube0
coraplex_panda_demo_v2,2026-08-10 07:57:25.429533+00:00,191,1,cube1 onto cube0
coraplex_panda_demo_v2,2026-08-11 15:06:22.671206+00:00,191,2,cube2 onto cube1
coraplex_panda_demo_v2,2026-08-10 07:57:25.429533+00:00,191,2,cube2 onto cube1
coraplex_panda_demo_v2,2026-08-10 07:57:25.429533+00:00,191,3,cube3 onto cube2
coraplex_panda_demo_v2,2026-08-11 15:06:22.671206+00:00,191,3,cube3 onto cube2
coraplex_panda_demo_v2,2026-08-10 07:57:25.429533+00:00,192,1,cube1 onto cube0
coraplex_panda_demo_v2,2026-08-07 13:09:19.119509+00:00,192,1,cube1 onto cube0
coraplex_panda_demo_v2,2026-08-11 20:33:15.502061+00:00,192,1,cube1 onto cube0
coraplex_panda_demo_v2,2026-08-11 15:06:22.671206+00:00,192,1,cube1 onto cube0
coraplex_panda_demo_v2,2026-08-10 17:08:54.640351+00:00,192,1,cube1 onto cube0
coraplex_panda_demo_v2,2026-08-10 23:06:47.708181+00:00,192,1,cube1 onto cube0
coraplex_panda_demo_v2,2026-08-10 17:08:54.640351+00:00,192,2,cube2 onto cube1
coraplex_panda_demo_v2,2026-08-11 20:33:15.502061+00:00,192,2,cube2 onto cube1
coraplex_panda_demo_v2,2026-08-10 07:57:25.429533+00:00,192,2,cube2 onto cube1
coraplex_panda_demo_v2,2026-08-11 15:06:22.671206+00:00,192,2,cube2 onto cube1
coraplex_panda_demo_v2,2026-08-07 13:09:19.119509+00:00,192,2,cube2 onto cube1
coraplex_panda_demo_v2,2026-08-10 23:06:47.708181+00:00,192,2,cube2 onto cube1
coraplex_panda_demo_v2,2026-08-11 20:33:15.502061+00:00,192,3,cube3 onto cube2
coraplex_panda_demo_v2,2026-08-10 23:06:47.708181+00:00,192,3,cube3 onto cube2
coraplex_panda_demo_v2,2026-08-10 07:57:25.429533+00:00,192,3,cube3 onto cube2
coraplex_panda_demo_v2,2026-08-07 13:09:19.119509+00:00,192,3,cube3 onto cube2
coraplex_panda_demo_v2,2026-08-10 17:08:54.640351+00:00,192,3,cube3 onto cube2
coraplex_panda_demo_v2,2026-08-11 15:06:22.671206+00:00,192,3,cube3 onto cube2
coraplex_panda_demo_v2,2026-08-11 20:33:15.502061+00:00,193,1,cube1 onto cube0
coraplex_panda_demo_v2,2026-08-10 23:06:47.708181+00:00,193,1,cube1 onto cube0
coraplex_panda_demo_v2,2026-08-11 20:33:15.502061+00:00,193,2,cube2 onto cube1
coraplex_panda_demo_v2,2026-08-10 23:06:47.708181+00:00,193,2,cube2 onto cube1
coraplex_panda_demo_v2,2026-08-10 23:06:47.708181+00:00,193,3,cube3 onto cube2
coraplex_panda_demo_v2,2026-08-11 20:33:15.502061+00:00,193,3,cube3 onto cube2
coraplex_panda_demo_v2,2026-08-10 17:08:54.640351+00:00,194,1,cube1 onto cube0
coraplex_panda_demo_v2,2026-08-11 20:33:15.502061+00:00,194,1,cube1 onto cube0
coraplex_panda_demo_v2,2026-08-10 07:57:25.429533+00:00,194,1,cube1 onto cube0
coraplex_panda_demo_v2,2026-08-07 13:09:19.119509+00:00,194,1,cube1 onto cube0
coraplex_panda_demo_v2,2026-08-10 23:06:47.708181+00:00,194,1,cube1 onto cube0
coraplex_panda_demo_v2,2026-08-10 23:06:47.708181+00:00,194,2,cube2 onto cube1
coraplex_panda_demo_v2,2026-08-10 17:08:54.640351+00:00,194,2,cube2 onto cube1
coraplex_panda_demo_v2,2026-08-11 20:33:15.502061+00:00,194,2,cube2 onto cube1
coraplex_panda_demo_v2,2026-08-07 13:09:19.119509+00:00,194,2,cube2 onto cube1
coraplex_panda_demo_v2,2026-08-10 07:57:25.429533+00:00,194,2,cube2 onto cube1
coraplex_panda_demo_v2,2026-08-11 20:33:15.502061+00:00,194,3,cube3 onto cube2
coraplex_panda_demo_v2,2026-08-10 07:57:25.429533+00:00,194,3,cube3 onto cube2
coraplex_panda_demo_v2,2026-08-10 17:08:54.640351+00:00,194,3,cube3 onto cube2
coraplex_panda_demo_v2,2026-08-10 23:06:47.708181+00:00,194,3,cube3 onto cube2
coraplex_panda_demo_v2,2026-08-07 13:09:19.119509+00:00,194,3,cube3 onto cube2
coraplex_panda_demo_v2,2026-08-10 07:57:25.429533+00:00,195,1,cube1 onto cube0
coraplex_panda_demo_v2,2026-08-11 15:06:22.671206+00:00,195,1,cube1 onto cube0
coraplex_panda_demo_v2,2026-08-10 17:08:54.640351+00:00,195,1,cube1 onto cube0
coraplex_panda_demo_v2,2026-08-07 13:09:19.119509+00:00,195,1,cube1 onto cube0
coraplex_panda_demo_v2,2026-08-10 17:08:54.640351+00:00,195,2,cube2 onto cube1
coraplex_panda_demo_v2,2026-08-07 13:09:19.119509+00:00,195,2,cube2 onto cube1
coraplex_panda_demo_v2,2026-08-11 15:06:22.671206+00:00,195,2,cube2 onto cube1
coraplex_panda_demo_v2,2026-08-10 07:57:25.429533+00:00,195,2,cube2 onto cube1
coraplex_panda_demo_v2,2026-08-10 17:08:54.640351+00:00,195,3,cube3 onto cube2
coraplex_panda_demo_v2,2026-08-11 15:06:22.671206+00:00,195,3,cube3 onto cube2
coraplex_panda_demo_v2,2026-08-10 07:57:25.429533+00:00,195,3,cube3 onto cube2
coraplex_panda_demo_v2,2026-08-07 13:09:19.119509+00:00,195,3,cube3 onto cube2
coraplex_panda_demo_v2,2026-08-10 17:08:54.640351+00:00,196,1,cube1 onto cube0
coraplex_panda_demo_v2,2026-08-10 07:57:25.429533+00:00,196,1,cube1 onto cube0
coraplex_panda_demo_v2,2026-08-11 20:33:15.502061+00:00,196,1,cube1 onto cube0
coraplex_panda_demo_v2,2026-08-10 23:06:47.708181+00:00,196,1,cube1 onto cube0
coraplex_panda_demo_v2,2026-08-11 20:33:15.502061+00:00,196,2,cube2 onto cube1
coraplex_panda_demo_v2,2026-08-10 07:57:25.429533+00:00,196,2,cube2 onto cube1
coraplex_panda_demo_v2,2026-08-10 17:08:54.640351+00:00,196,2,cube2 onto cube1
coraplex_panda_demo_v2,2026-08-10 23:06:47.708181+00:00,196,2,cube2 onto cube1
coraplex_panda_demo_v2,2026-08-10 17:08:54.640351+00:00,196,3,cube3 onto cube2
coraplex_panda_demo_v2,2026-08-11 20:33:15.502061+00:00,196,3,cube3 onto cube2
coraplex_panda_demo_v2,2026-08-10 23:06:47.708181+00:00,196,3,cube3 onto cube2
coraplex_panda_demo_v2,2026-08-10 07:57:25.429533+00:00,196,3,cube3 onto cube2
coraplex_panda_demo_v2,2026-08-11 20:33:15.502061+00:00,197,1,cube1 onto cube0
coraplex_panda_demo_v2,2026-08-10 07:57:25.429533+00:00,197,1,cube1 onto cube0
coraplex_panda_demo_v2,2026-08-10 07:57:25.429533+00:00,197,2,cube2 onto cube1
coraplex_panda_demo_v2,2026-08-11 20:33:15.502061+00:00,197,2,cube2 onto cube1
coraplex_panda_demo_v2,2026-08-11 20:33:15.502061+00:00,197,3,cube3 onto cube2
coraplex_panda_demo_v2,2026-08-10 07:57:25.429533+00:00,197,3,cube3 onto cube2
coraplex_panda_demo_v2,2026-08-10 07:57:25.429533+00:00,198,1,cube1 onto cube0
coraplex_panda_demo_v2,2026-08-10 23:06:47.708181+00:00,198,1,cube1 onto cube0
coraplex_panda_demo_v2,2026-08-11 20:33:15.502061+00:00,198,1,cube1 onto cube0
coraplex_panda_demo_v2,2026-08-10 17:08:54.640351+00:00,198,1,cube1 onto cube0
coraplex_panda_demo_v2,2026-08-11 20:33:15.502061+00:00,198,2,cube2 onto cube1
coraplex_panda_demo_v2,2026-08-10 23:06:47.708181+00:00,198,2,cube2 onto cube1
coraplex_panda_demo_v2,2026-08-10 17:08:54.640351+00:00,198,2,cube2 onto cube1
coraplex_panda_demo_v2,2026-08-10 07:57:25.429533+00:00,198,2,cube2 onto cube1
coraplex_panda_demo_v2,2026-08-10 23:06:47.708181+00:00,198,3,cube3 onto cube2
coraplex_panda_demo_v2,2026-08-10 07:57:25.429533+00:00,198,3,cube3 onto cube2
coraplex_panda_demo_v2,2026-08-10 17:08:54.640351+00:00,198,3,cube3 onto cube2
coraplex_panda_demo_v2,2026-08-11 20:33:15.502061+00:00,198,3,cube3 onto cube2
coraplex_panda_demo_v2,2026-08-11 20:33:15.502061+00:00,199,1,cube1 onto cube0
coraplex_panda_demo_v2,2026-08-10 23:06:47.708181+00:00,199,1,cube1 onto cube0
coraplex_panda_demo_v2,2026-08-10 07:57:25.429533+00:00,199,1,cube1 onto cube0
coraplex_panda_demo_v2,2026-08-10 07:57:25.429533+00:00,199,2,cube2 onto cube1
coraplex_panda_demo_v2,2026-08-11 20:33:15.502061+00:00,199,2,cube2 onto cube1
coraplex_panda_demo_v2,2026-08-10 23:06:47.708181+00:00,199,2,cube2 onto cube1
coraplex_panda_demo_v2,2026-08-10 07:57:25.429533+00:00,199,3,cube3 onto cube2
coraplex_panda_demo_v2,2026-08-11 20:33:15.502061+00:00,199,3,cube3 onto cube2
coraplex_panda_demo_v2,2026-08-10 23:06:47.708181+00:00,199,3,cube3 onto cube2
coraplex_panda_demo_v2,2026-08-10 17:08:54.640351+00:00,200,1,cube1 onto cube0
coraplex_panda_demo_v2,2026-08-11 15:06:22.671206+00:00,200,1,cube1 onto cube0
coraplex_panda_demo_v2,2026-08-07 13:09:19.119509+00:00,200,1,cube1 onto cube0
coraplex_panda_demo_v2,2026-08-10 07:57:25.429533+00:00,200,1,cube1 onto cube0
coraplex_panda_demo_v2,2026-08-07 13:09:19.119509+00:00,200,2,cube2 onto cube1
coraplex_panda_demo_v2,2026-08-11 15:06:22.671206+00:00,200,2,cube2 onto cube1
coraplex_panda_demo_v2,2026-08-10 07:57:25.429533+00:00,200,2,cube2 onto cube1
coraplex_panda_demo_v2,2026-08-10 17:08:54.640351+00:00,200,2,cube2 onto cube1
coraplex_panda_demo_v2,2026-08-11 15:06:22.671206+00:00,200,3,cube3 onto cube2
coraplex_panda_demo_v2,2026-08-10 17:08:54.640351+00:00,200,3,cube3 onto cube2
coraplex_panda_demo_v2,2026-08-07 13:09:19.119509+00:00,200,3,cube3 onto cube2
coraplex_panda_demo_v2,2026-08-10 07:57:25.429533+00:00,200,3,cube3 onto cube2
coraplex_panda_demo_v2,2026-08-10 17:08:54.640351+00:00,201,1,cube1 onto cube0
coraplex_panda_demo_v2,2026-08-10 07:57:25.429533+00:00,201,1,cube1 onto cube0
coraplex_panda_demo_v2,2026-08-10 07:57:25.429533+00:00,201,2,cube2 onto cube1
coraplex_panda_demo_v2,2026-08-10 17:08:54.640351+00:00,201,2,cube2 onto cube1
coraplex_panda_demo_v2,2026-08-10 07:57:25.429533+00:00,201,3,cube3 onto cube2
coraplex_panda_demo_v2,2026-08-10 17:08:54.640351+00:00,201,3,cube3 onto cube2
coraplex_panda_demo_v2,2026-08-11 15:06:22.671206+00:00,202,1,cube1 onto cube0
coraplex_panda_demo_v2,2026-08-07 13:09:19.119509+00:00,202,1,cube1 onto cube0
coraplex_panda_demo_v2,2026-08-11 20:33:15.502061+00:00,202,1,cube1 onto cube0
coraplex_panda_demo_v2,2026-08-10 23:06:47.708181+00:00,202,1,cube1 onto cube0
coraplex_panda_demo_v2,2026-08-11 15:06:22.671206+00:00,202,2,cube2 onto cube1
coraplex_panda_demo_v2,2026-08-11 20:33:15.502061+00:00,202,2,cube2 onto cube1
coraplex_panda_demo_v2,2026-08-10 23:06:47.708181+00:00,202,2,cube2 onto cube1
coraplex_panda_demo_v2,2026-08-07 13:09:19.119509+00:00,202,2,cube2 onto cube1
coraplex_panda_demo_v2,2026-08-07 13:09:19.119509+00:00,202,3,cube3 onto cube2
coraplex_panda_demo_v2,2026-08-11 15:06:22.671206+00:00,202,3,cube3 onto cube2
coraplex_panda_demo_v2,2026-08-10 23:06:47.708181+00:00,202,3,cube3 onto cube2
coraplex_panda_demo_v2,2026-08-11 20:33:15.502061+00:00,202,3,cube3 onto cube2
coraplex_panda_demo_v2,2026-08-10 17:08:54.640351+00:00,203,1,cube1 onto cube0
coraplex_panda_demo_v2,2026-08-11 15:06:22.671206+00:00,203,1,cube1 onto cube0
coraplex_panda_demo_v2,2026-08-10 23:06:47.708181+00:00,203,1,cube1 onto cube0
coraplex_panda_demo_v2,2026-08-10 17:08:54.640351+00:00,203,2,cube2 onto cube1
coraplex_panda_demo_v2,2026-08-10 23:06:47.708181+00:00,203,2,cube2 onto cube1
coraplex_panda_demo_v2,2026-08-11 15:06:22.671206+00:00,203,2,cube2 onto cube1
coraplex_panda_demo_v2,2026-08-11 15:06:22.671206+00:00,203,3,cube3 onto cube2
coraplex_panda_demo_v2,2026-08-10 17:08:54.640351+00:00,203,3,cube3 onto cube2
coraplex_panda_demo_v2,2026-08-10 23:06:47.708181+00:00,203,3,cube3 onto cube2
coraplex_panda_demo_v2,2026-08-11 20:33:15.502061+00:00,204,1,cube1 onto cube0
coraplex_panda_demo_v2,2026-08-10 23:06:47.708181+00:00,204,1,cube1 onto cube0
coraplex_panda_demo_v2,2026-08-10 17:08:54.640351+00:00,204,1,cube1 onto cube0
coraplex_panda_demo_v2,2026-08-07 13:09:19.119509+00:00,204,1,cube1 onto cube0
coraplex_panda_demo_v2,2026-08-10 07:57:25.429533+00:00,204,1,cube1 onto cube0
coraplex_panda_demo_v2,2026-08-11 20:33:15.502061+00:00,204,2,cube2 onto cube1
coraplex_panda_demo_v2,2026-08-07 13:09:19.119509+00:00,204,2,cube2 onto cube1
coraplex_panda_demo_v2,2026-08-10 23:06:47.708181+00:00,204,2,cube2 onto cube1
coraplex_panda_demo_v2,2026-08-10 07:57:25.429533+00:00,204,2,cube2 onto cube1
coraplex_panda_demo_v2,2026-08-10 17:08:54.640351+00:00,204,2,cube2 onto cube1
coraplex_panda_demo_v2,2026-08-07 13:09:19.119509+00:00,204,3,cube3 onto cube2
coraplex_panda_demo_v2,2026-08-11 20:33:15.502061+00:00,204,3,cube3 onto cube2
coraplex_panda_demo_v2,2026-08-10 17:08:54.640351+00:00,204,3,cube3 onto cube2
coraplex_panda_demo_v2,2026-08-10 23:06:47.708181+00:00,204,3,cube3 onto cube2
coraplex_panda_demo_v2,2026-08-10 07:57:25.429533+00:00,204,3,cube3 onto cube2
coraplex_panda_demo_v2,2026-08-10 23:06:47.708181+00:00,205,1,cube1 onto cube0
coraplex_panda_demo_v2,2026-08-10 17:08:54.640351+00:00,205,1,cube1 onto cube0
coraplex_panda_demo_v2,2026-08-11 15:06:22.671206+00:00,205,1,cube1 onto cube0
coraplex_panda_demo_v2,2026-08-10 23:06:47.708181+00:00,205,2,cube2 onto cube1
coraplex_panda_demo_v2,2026-08-10 17:08:54.640351+00:00,205,2,cube2 onto cube1
coraplex_panda_demo_v2,2026-08-11 15:06:22.671206+00:00,205,2,cube2 onto cube1
coraplex_panda_demo_v2,2026-08-11 15:06:22.671206+00:00,205,3,cube3 onto cube2
coraplex_panda_demo_v2,2026-08-10 17:08:54.640351+00:00,205,3,cube3 onto cube2
coraplex_panda_demo_v2,2026-08-10 23:06:47.708181+00:00,205,3,cube3 onto cube2
coraplex_panda_demo_v2,2026-08-07 13:09:19.119509+00:00,206,1,cube1 onto cube0
coraplex_panda_demo_v2,2026-08-10 23:06:47.708181+00:00,206,1,cube1 onto cube0
coraplex_panda_demo_v2,2026-08-10 07:57:25.429533+00:00,206,1,cube1 onto cube0
coraplex_panda_demo_v2,2026-08-10 07:57:25.429533+00:00,206,2,cube2 onto cube1
coraplex_panda_demo_v2,2026-08-10 23:06:47.708181+00:00,206,2,cube2 onto cube1
coraplex_panda_demo_v2,2026-08-07 13:09:19.119509+00:00,206,2,cube2 onto cube1
coraplex_panda_demo_v2,2026-08-07 13:09:19.119509+00:00,206,3,cube3 onto cube2
coraplex_panda_demo_v2,2026-08-10 07:57:25.429533+00:00,206,3,cube3 onto cube2
coraplex_panda_demo_v2,2026-08-10 23:06:47.708181+00:00,206,3,cube3 onto cube2
coraplex_panda_demo_v2,2026-08-10 07:57:25.429533+00:00,207,1,cube1 onto cube0
coraplex_panda_demo_v2,2026-08-11 20:33:15.502061+00:00,207,1,cube1 onto cube0
coraplex_panda_demo_v2,2026-08-11 15:06:22.671206+00:00,207,1,cube1 onto cube0
coraplex_panda_demo_v2,2026-08-07 13:09:19.119509+00:00,207,1,cube1 onto cube0
coraplex_panda_demo_v2,2026-08-11 20:33:15.502061+00:00,207,2,cube2 onto cube1
coraplex_panda_demo_v2,2026-08-10 07:57:25.429533+00:00,207,2,cube2 onto cube1
coraplex_panda_demo_v2,2026-08-07 13:09:19.119509+00:00,207,2,cube2 onto cube1
coraplex_panda_demo_v2,2026-08-11 15:06:22.671206+00:00,207,2,cube2 onto cube1
coraplex_panda_demo_v2,2026-08-11 15:06:22.671206+00:00,207,3,cube3 onto cube2
coraplex_panda_demo_v2,2026-08-11 20:33:15.502061+00:00,207,3,cube3 onto cube2
coraplex_panda_demo_v2,2026-08-07 13:09:19.119509+00:00,207,3,cube3 onto cube2
coraplex_panda_demo_v2,2026-08-10 07:57:25.429533+00:00,207,3,cube3 onto cube2
coraplex_panda_demo_v2,2026-08-07 13:09:19.119509+00:00,208,1,cube1 onto cube0
coraplex_panda_demo_v2,2026-08-10 07:57:25.429533+00:00,208,1,cube1 onto cube0
coraplex_panda_demo_v2,2026-08-11 15:06:22.671206+00:00,208,1,cube1 onto cube0
coraplex_panda_demo_v2,2026-08-07 13:09:19.119509+00:00,208,2,cube2 onto cube1
coraplex_panda_demo_v2,2026-08-10 07:57:25.429533+00:00,208,2,cube2 onto cube1
coraplex_panda_demo_v2,2026-08-11 15:06:22.671206+00:00,208,2,cube2 onto cube1
coraplex_panda_demo_v2,2026-08-11 15:06:22.671206+00:00,208,3,cube3 onto cube2
coraplex_panda_demo_v2,2026-08-07 13:09:19.119509+00:00,208,3,cube3 onto cube2
coraplex_panda_demo_v2,2026-08-10 07:57:25.429533+00:00,208,3,cube3 onto cube2
coraplex_panda_demo_v2,2026-08-11 15:06:22.671206+00:00,209,1,cube1 onto cube0
coraplex_panda_demo_v2,2026-08-11 20:33:15.502061+00:00,209,1,cube1 onto cube0
coraplex_panda_demo_v2,2026-08-10 17:08:54.640351+00:00,209,1,cube1 onto cube0
coraplex_panda_demo_v2,2026-08-10 07:57:25.429533+00:00,209,1,cube1 onto cube0
coraplex_panda_demo_v2,2026-08-10 07:57:25.429533+00:00,209,2,cube2 onto cube1
coraplex_panda_demo_v2,2026-08-11 20:33:15.502061+00:00,209,2,cube2 onto cube1
coraplex_panda_demo_v2,2026-08-10 17:08:54.640351+00:00,209,2,cube2 onto cube1
coraplex_panda_demo_v2,2026-08-11 15:06:22.671206+00:00,209,2,cube2 onto cube1
coraplex_panda_demo_v2,2026-08-10 17:08:54.640351+00:00,209,3,cube3 onto cube2
coraplex_panda_demo_v2,2026-08-11 15:06:22.671206+00:00,209,3,cube3 onto cube2
coraplex_panda_demo_v2,2026-08-11 20:33:15.502061+00:00,209,3,cube3 onto cube2
coraplex_panda_demo_v2,2026-08-10 07:57:25.429533+00:00,209,3,cube3 onto cube2
coraplex_panda_demo_v2,2026-08-10 07:57:25.429533+00:00,210,1,cube1 onto cube0
coraplex_panda_demo_v2,2026-08-10 17:08:54.640351+00:00,210,1,cube1 onto cube0
coraplex_panda_demo_v2,2026-08-11 15:06:22.671206+00:00,210,1,cube1 onto cube0
coraplex_panda_demo_v2,2026-08-10 23:06:47.708181+00:00,210,1,cube1 onto cube0
coraplex_panda_demo_v2,2026-08-07 13:09:19.119509+00:00,210,1,cube1 onto cube0
coraplex_panda_demo_v2,2026-08-11 20:33:15.502061+00:00,210,1,cube1 onto cube0
coraplex_panda_demo_v2,2026-08-07 13:09:19.119509+00:00,210,2,cube2 onto cube1
coraplex_panda_demo_v2,2026-08-11 20:33:15.502061+00:00,210,2,cube2 onto cube1
coraplex_panda_demo_v2,2026-08-10 07:57:25.429533+00:00,210,2,cube2 onto cube1
coraplex_panda_demo_v2,2026-08-10 17:08:54.640351+00:00,210,2,cube2 onto cube1
coraplex_panda_demo_v2,2026-08-10 23:06:47.708181+00:00,210,2,cube2 onto cube1
coraplex_panda_demo_v2,2026-08-11 15:06:22.671206+00:00,210,2,cube2 onto cube1
coraplex_panda_demo_v2,2026-08-10 07:57:25.429533+00:00,210,3,cube3 onto cube2
coraplex_panda_demo_v2,2026-08-11 20:33:15.502061+00:00,210,3,cube3 onto cube2
coraplex_panda_demo_v2,2026-08-07 13:09:19.119509+00:00,210,3,cube3 onto cube2
coraplex_panda_demo_v2,2026-08-10 17:08:54.640351+00:00,210,3,cube3 onto cube2
coraplex_panda_demo_v2,2026-08-11 15:06:22.671206+00:00,210,3,cube3 onto cube2
coraplex_panda_demo_v2,2026-08-10 23:06:47.708181+00:00,210,3,cube3 onto cube2
coraplex_panda_demo_v2,2026-08-11 15:06:22.671206+00:00,211,1,cube1 onto cube0
coraplex_panda_demo_v2,2026-08-10 23:06:47.708181+00:00,211,1,cube1 onto cube0
coraplex_panda_demo_v2,2026-08-11 15:06:22.671206+00:00,211,2,cube2 onto cube1
coraplex_panda_demo_v2,2026-08-10 23:06:47.708181+00:00,211,2,cube2 onto cube1
coraplex_panda_demo_v2,2026-08-10 23:06:47.708181+00:00,211,3,cube3 onto cube2
coraplex_panda_demo_v2,2026-08-11 15:06:22.671206+00:00,211,3,cube3 onto cube2
coraplex_panda_demo_v2,2026-08-10 23:06:47.708181+00:00,212,1,cube1 onto cube0
coraplex_panda_demo_v2,2026-08-10 23:06:47.708181+00:00,212,2,cube2 onto cube1
coraplex_panda_demo_v2,2026-08-10 23:06:47.708181+00:00,212,3,cube3 onto cube2
coraplex_panda_demo_v2,2026-08-10 23:06:47.708181+00:00,213,1,cube1 onto cube0
coraplex_panda_demo_v2,2026-08-10 07:57:25.429533+00:00,213,1,cube1 onto cube0
coraplex_panda_demo_v2,2026-08-11 15:06:22.671206+00:00,213,1,cube1 onto cube0
coraplex_panda_demo_v2,2026-08-07 13:09:19.119509+00:00,213,1,cube1 onto cube0
coraplex_panda_demo_v2,2026-08-11 20:33:15.502061+00:00,213,1,cube1 onto cube0
coraplex_panda_demo_v2,2026-08-10 23:06:47.708181+00:00,213,2,cube2 onto cube1
coraplex_panda_demo_v2,2026-08-10 07:57:25.429533+00:00,213,2,cube2 onto cube1
coraplex_panda_demo_v2,2026-08-11 20:33:15.502061+00:00,213,2,cube2 onto cube1
coraplex_panda_demo_v2,2026-08-11 15:06:22.671206+00:00,213,2,cube2 onto cube1
coraplex_panda_demo_v2,2026-08-07 13:09:19.119509+00:00,213,2,cube2 onto cube1
coraplex_panda_demo_v2,2026-08-10 07:57:25.429533+00:00,213,3,cube3 onto cube2
coraplex_panda_demo_v2,2026-08-07 13:09:19.119509+00:00,213,3,cube3 onto cube2
coraplex_panda_demo_v2,2026-08-10 23:06:47.708181+00:00,213,3,cube3 onto cube2
coraplex_panda_demo_v2,2026-08-11 20:33:15.502061+00:00,213,3,cube3 onto cube2
coraplex_panda_demo_v2,2026-08-11 15:06:22.671206+00:00,213,3,cube3 onto cube2
coraplex_panda_demo_v2,2026-08-11 20:33:15.502061+00:00,214,1,cube1 onto cube0
coraplex_panda_demo_v2,2026-08-10 07:57:25.429533+00:00,214,1,cube1 onto cube0
coraplex_panda_demo_v2,2026-08-11 15:06:22.671206+00:00,214,1,cube1 onto cube0
coraplex_panda_demo_v2,2026-08-07 13:09:19.119509+00:00,214,1,cube1 onto cube0
coraplex_panda_demo_v2,2026-08-11 20:33:15.502061+00:00,214,2,cube2 onto cube1
coraplex_panda_demo_v2,2026-08-10 07:57:25.429533+00:00,214,2,cube2 onto cube1
coraplex_panda_demo_v2,2026-08-07 13:09:19.119509+00:00,214,2,cube2 onto cube1
coraplex_panda_demo_v2,2026-08-11 15:06:22.671206+00:00,214,2,cube2 onto cube1
coraplex_panda_demo_v2,2026-08-11 15:06:22.671206+00:00,214,3,cube3 onto cube2
coraplex_panda_demo_v2,2026-08-11 20:33:15.502061+00:00,214,3,cube3 onto cube2
coraplex_panda_demo_v2,2026-08-07 13:09:19.119509+00:00,214,3,cube3 onto cube2
coraplex_panda_demo_v2,2026-08-10 07:57:25.429533+00:00,214,3,cube3 onto cube2
coraplex_panda_demo_v2,2026-08-10 17:08:54.640351+00:00,215,1,cube1 onto cube0
coraplex_panda_demo_v2,2026-08-07 13:09:19.119509+00:00,215,1,cube1 onto cube0
coraplex_panda_demo_v2,2026-08-11 20:33:15.502061+00:00,215,1,cube1 onto cube0
coraplex_panda_demo_v2,2026-08-11 15:06:22.671206+00:00,215,1,cube1 onto cube0
coraplex_panda_demo_v2,2026-08-07 13:09:19.119509+00:00,215,2,cube2 onto cube1
coraplex_panda_demo_v2,2026-08-10 17:08:54.640351+00:00,215,2,cube2 onto cube1
coraplex_panda_demo_v2,2026-08-11 20:33:15.502061+00:00,215,2,cube2 onto cube1
coraplex_panda_demo_v2,2026-08-11 15:06:22.671206+00:00,215,2,cube2 onto cube1
coraplex_panda_demo_v2,2026-08-11 20:33:15.502061+00:00,215,3,cube3 onto cube2
coraplex_panda_demo_v2,2026-08-10 17:08:54.640351+00:00,215,3,cube3 onto cube2
coraplex_panda_demo_v2,2026-08-11 15:06:22.671206+00:00,215,3,cube3 onto cube2
coraplex_panda_demo_v2,2026-08-07 13:09:19.119509+00:00,215,3,cube3 onto cube2
coraplex_panda_demo_v2,2026-08-07 13:09:19.119509+00:00,216,1,cube1 onto cube0
coraplex_panda_demo_v2,2026-08-10 23:06:47.708181+00:00,216,1,cube1 onto cube0
coraplex_panda_demo_v2,2026-08-10 17:08:54.640351+00:00,216,1,cube1 onto cube0
coraplex_panda_demo_v2,2026-08-10 23:06:47.708181+00:00,216,2,cube2 onto cube1
coraplex_panda_demo_v2,2026-08-10 17:08:54.640351+00:00,216,2,cube2 onto cube1
coraplex_panda_demo_v2,2026-08-07 13:09:19.119509+00:00,216,2,cube2 onto cube1
coraplex_panda_demo_v2,2026-08-10 23:06:47.708181+00:00,216,3,cube3 onto cube2
coraplex_panda_demo_v2,2026-08-07 13:09:19.119509+00:00,216,3,cube3 onto cube2
coraplex_panda_demo_v2,2026-08-10 17:08:54.640351+00:00,216,3,cube3 onto cube2
coraplex_panda_demo_v2,2026-08-10 07:57:25.429533+00:00,217,1,cube1 onto cube0
coraplex_panda_demo_v2,2026-08-11 20:33:15.502061+00:00,217,1,cube1 onto cube0
coraplex_panda_demo_v2,2026-08-10 07:57:25.429533+00:00,217,2,cube2 onto cube1
coraplex_panda_demo_v2,2026-08-11 20:33:15.502061+00:00,217,2,cube2 onto cube1
coraplex_panda_demo_v2,2026-08-10 07:57:25.429533+00:00,217,3,cube3 onto cube2
coraplex_panda_demo_v2,2026-08-11 20:33:15.502061+00:00,217,3,cube3 onto cube2
coraplex_panda_demo_v2,2026-08-10 07:57:25.429533+00:00,218,1,cube1 onto cube0
coraplex_panda_demo_v2,2026-08-11 20:33:15.502061+00:00,218,1,cube1 onto cube0
coraplex_panda_demo_v2,2026-08-10 17:08:54.640351+00:00,218,1,cube1 onto cube0
coraplex_panda_demo_v2,2026-08-07 13:09:19.119509+00:00,218,1,cube1 onto cube0
coraplex_panda_demo_v2,2026-08-07 13:09:19.119509+00:00,218,2,cube2 onto cube1
coraplex_panda_demo_v2,2026-08-10 07:57:25.429533+00:00,218,2,cube2 onto cube1
coraplex_panda_demo_v2,2026-08-11 20:33:15.502061+00:00,218,2,cube2 onto cube1
coraplex_panda_demo_v2,2026-08-10 17:08:54.640351+00:00,218,2,cube2 onto cube1
coraplex_panda_demo_v2,2026-08-11 20:33:15.502061+00:00,218,3,cube3 onto cube2
coraplex_panda_demo_v2,2026-08-10 07:57:25.429533+00:00,218,3,cube3 onto cube2
coraplex_panda_demo_v2,2026-08-07 13:09:19.119509+00:00,218,3,cube3 onto cube2
coraplex_panda_demo_v2,2026-08-10 17:08:54.640351+00:00,218,3,cube3 onto cube2
coraplex_panda_demo_v2,2026-08-10 23:06:47.708181+00:00,219,1,cube1 onto cube0
coraplex_panda_demo_v2,2026-08-10 07:57:25.429533+00:00,219,1,cube1 onto cube0
coraplex_panda_demo_v2,2026-08-10 17:08:54.640351+00:00,219,1,cube1 onto cube0
coraplex_panda_demo_v2,2026-08-11 20:33:15.502061+00:00,219,1,cube1 onto cube0
coraplex_panda_demo_v2,2026-08-07 13:09:19.119509+00:00,219,1,cube1 onto cube0
coraplex_panda_demo_v2,2026-08-11 15:06:22.671206+00:00,219,1,cube1 onto cube0
coraplex_panda_demo_v2,2026-08-10 17:08:54.640351+00:00,219,2,cube2 onto cube1
coraplex_panda_demo_v2,2026-08-07 13:09:19.119509+00:00,219,2,cube2 onto cube1
coraplex_panda_demo_v2,2026-08-10 07:57:25.429533+00:00,219,2,cube2 onto cube1
coraplex_panda_demo_v2,2026-08-10 23:06:47.708181+00:00,219,2,cube2 onto cube1
coraplex_panda_demo_v2,2026-08-11 15:06:22.671206+00:00,219,2,cube2 onto cube1
coraplex_panda_demo_v2,2026-08-11 20:33:15.502061+00:00,219,2,cube2 onto cube1
coraplex_panda_demo_v2,2026-08-11 15:06:22.671206+00:00,219,3,cube3 onto cube2
coraplex_panda_demo_v2,2026-08-07 13:09:19.119509+00:00,219,3,cube3 onto cube2
coraplex_panda_demo_v2,2026-08-10 23:06:47.708181+00:00,219,3,cube3 onto cube2
coraplex_panda_demo_v2,2026-08-10 17:08:54.640351+00:00,219,3,cube3 onto cube2
coraplex_panda_demo_v2,2026-08-10 07:57:25.429533+00:00,219,3,cube3 onto cube2
coraplex_panda_demo_v2,2026-08-11 20:33:15.502061+00:00,219,3,cube3 onto cube2
coraplex_panda_demo_v2,2026-08-11 15:06:22.671206+00:00,220,1,cube1 onto cube0
coraplex_panda_demo_v2,2026-08-10 23:06:47.708181+00:00,220,1,cube1 onto cube0
coraplex_panda_demo_v2,2026-08-10 07:57:25.429533+00:00,220,1,cube1 onto cube0
coraplex_panda_demo_v2,2026-08-10 23:06:47.708181+00:00,220,2,cube2 onto cube1
coraplex_panda_demo_v2,2026-08-10 07:57:25.429533+00:00,220,2,cube2 onto cube1
coraplex_panda_demo_v2,2026-08-11 15:06:22.671206+00:00,220,2,cube2 onto cube1
coraplex_panda_demo_v2,2026-08-10 07:57:25.429533+00:00,220,3,cube3 onto cube2
coraplex_panda_demo_v2,2026-08-11 15:06:22.671206+00:00,220,3,cube3 onto cube2
coraplex_panda_demo_v2,2026-08-10 23:06:47.708181+00:00,220,3,cube3 onto cube2
coraplex_panda_demo_v2,2026-08-10 17:08:54.640351+00:00,221,1,cube1 onto cube0
coraplex_panda_demo_v2,2026-08-11 15:06:22.671206+00:00,221,1,cube1 onto cube0
coraplex_panda_demo_v2,2026-08-10 23:06:47.708181+00:00,221,1,cube1 onto cube0
coraplex_panda_demo_v2,2026-08-10 07:57:25.429533+00:00,221,1,cube1 onto cube0
coraplex_panda_demo_v2,2026-08-07 13:09:19.119509+00:00,221,1,cube1 onto cube0
coraplex_panda_demo_v2,2026-08-11 15:06:22.671206+00:00,221,2,cube2 onto cube1
coraplex_panda_demo_v2,2026-08-10 17:08:54.640351+00:00,221,2,cube2 onto cube1
coraplex_panda_demo_v2,2026-08-10 07:57:25.429533+00:00,221,2,cube2 onto cube1
coraplex_panda_demo_v2,2026-08-10 23:06:47.708181+00:00,221,2,cube2 onto cube1
coraplex_panda_demo_v2,2026-08-07 13:09:19.119509+00:00,221,2,cube2 onto cube1
coraplex_panda_demo_v2,2026-08-07 13:09:19.119509+00:00,221,3,cube3 onto cube2
coraplex_panda_demo_v2,2026-08-10 17:08:54.640351+00:00,221,3,cube3 onto cube2
coraplex_panda_demo_v2,2026-08-10 23:06:47.708181+00:00,221,3,cube3 onto cube2
coraplex_panda_demo_v2,2026-08-11 15:06:22.671206+00:00,221,3,cube3 onto cube2
coraplex_panda_demo_v2,2026-08-10 07:57:25.429533+00:00,221,3,cube3 onto cube2
coraplex_panda_demo_v2,2026-08-11 20:33:15.502061+00:00,222,1,cube1 onto cube0
coraplex_panda_demo_v2,2026-08-10 07:57:25.429533+00:00,222,1,cube1 onto cube0
coraplex_panda_demo_v2,2026-08-07 13:09:19.119509+00:00,222,1,cube1 onto cube0
coraplex_panda_demo_v2,2026-08-11 20:33:15.502061+00:00,222,2,cube2 onto cube1
coraplex_panda_demo_v2,2026-08-07 13:09:19.119509+00:00,222,2,cube2 onto cube1
coraplex_panda_demo_v2,2026-08-10 07:57:25.429533+00:00,222,2,cube2 onto cube1
coraplex_panda_demo_v2,2026-08-11 20:33:15.502061+00:00,222,3,cube3 onto cube2
coraplex_panda_demo_v2,2026-08-10 07:57:25.429533+00:00,222,3,cube3 onto cube2
coraplex_panda_demo_v2,2026-08-07 13:09:19.119509+00:00,222,3,cube3 onto cube2
coraplex_panda_demo_v2,2026-08-10 23:06:47.708181+00:00,223,1,cube1 onto cube0
coraplex_panda_demo_v2,2026-08-11 15:06:22.671206+00:00,223,1,cube1 onto cube0
coraplex_panda_demo_v2,2026-08-11 20:33:15.502061+00:00,223,1,cube1 onto cube0
coraplex_panda_demo_v2,2026-08-10 07:57:25.429533+00:00,223,1,cube1 onto cube0
coraplex_panda_demo_v2,2026-08-07 13:09:19.119509+00:00,223,1,cube1 onto cube0
coraplex_panda_demo_v2,2026-08-10 17:08:54.640351+00:00,223,1,cube1 onto cube0
coraplex_panda_demo_v2,2026-08-11 20:33:15.502061+00:00,223,2,cube2 onto cube1
coraplex_panda_demo_v2,2026-08-10 17:08:54.640351+00:00,223,2,cube2 onto cube1
coraplex_panda_demo_v2,2026-08-11 15:06:22.671206+00:00,223,2,cube2 onto cube1
coraplex_panda_demo_v2,2026-08-10 07:57:25.429533+00:00,223,2,cube2 onto cube1
coraplex_panda_demo_v2,2026-08-10 23:06:47.708181+00:00,223,2,cube2 onto cube1
coraplex_panda_demo_v2,2026-08-07 13:09:19.119509+00:00,223,2,cube2 onto cube1
coraplex_panda_demo_v2,2026-08-10 23:06:47.708181+00:00,223,3,cube3 onto cube2
coraplex_panda_demo_v2,2026-08-10 07:57:25.429533+00:00,223,3,cube3 onto cube2
coraplex_panda_demo_v2,2026-08-07 13:09:19.119509+00:00,223,3,cube3 onto cube2
coraplex_panda_demo_v2,2026-08-11 15:06:22.671206+00:00,223,3,cube3 onto cube2
coraplex_panda_demo_v2,2026-08-10 17:08:54.640351+00:00,223,3,cube3 onto cube2
coraplex_panda_demo_v2,2026-08-11 20:33:15.502061+00:00,223,3,cube3 onto cube2
coraplex_panda_demo_v2,2026-08-10 17:08:54.640351+00:00,224,1,cube1 onto cube0
coraplex_panda_demo_v2,2026-08-11 20:33:15.502061+00:00,224,1,cube1 onto cube0
coraplex_panda_demo_v2,2026-08-11 15:06:22.671206+00:00,224,1,cube1 onto cube0
coraplex_panda_demo_v2,2026-08-07 13:09:19.119509+00:00,224,1,cube1 onto cube0
coraplex_panda_demo_v2,2026-08-11 20:33:15.502061+00:00,224,2,cube2 onto cube1
coraplex_panda_demo_v2,2026-08-10 17:08:54.640351+00:00,224,2,cube2 onto cube1
coraplex_panda_demo_v2,2026-08-07 13:09:19.119509+00:00,224,2,cube2 onto cube1
coraplex_panda_demo_v2,2026-08-11 15:06:22.671206+00:00,224,2,cube2 onto cube1
coraplex_panda_demo_v2,2026-08-10 17:08:54.640351+00:00,224,3,cube3 onto cube2
coraplex_panda_demo_v2,2026-08-07 13:09:19.119509+00:00,224,3,cube3 onto cube2
coraplex_panda_demo_v2,2026-08-11 20:33:15.502061+00:00,224,3,cube3 onto cube2
coraplex_panda_demo_v2,2026-08-11 15:06:22.671206+00:00,224,3,cube3 onto cube2
coraplex_panda_demo_v2,2026-08-10 23:06:47.708181+00:00,225,1,cube1 onto cube0
coraplex_panda_demo_v2,2026-08-10 07:57:25.429533+00:00,225,1,cube1 onto cube0
coraplex_panda_demo_v2,2026-08-07 13:09:19.119509+00:00,225,1,cube1 onto cube0
coraplex_panda_demo_v2,2026-08-11 20:33:15.502061+00:00,225,1,cube1 onto cube0
coraplex_panda_demo_v2,2026-08-07 13:09:19.119509+00:00,225,2,cube2 onto cube1
coraplex_panda_demo_v2,2026-08-11 20:33:15.502061+00:00,225,2,cube2 onto cube1
coraplex_panda_demo_v2,2026-08-10 23:06:47.708181+00:00,225,2,cube2 onto cube1
coraplex_panda_demo_v2,2026-08-10 07:57:25.429533+00:00,225,2,cube2 onto cube1
coraplex_panda_demo_v2,2026-08-11 20:33:15.502061+00:00,225,3,cube3 onto cube2
coraplex_panda_demo_v2,2026-08-10 23:06:47.708181+00:00,225,3,cube3 onto cube2
coraplex_panda_demo_v2,2026-08-10 07:57:25.429533+00:00,225,3,cube3 onto cube2
coraplex_panda_demo_v2,2026-08-07 13:09:19.119509+00:00,225,3,cube3 onto cube2
coraplex_panda_demo_v2,2026-08-10 07:57:25.429533+00:00,226,1,cube1 onto cube0
coraplex_panda_demo_v2,2026-08-10 17:08:54.640351+00:00,226,1,cube1 onto cube0
coraplex_panda_demo_v2,2026-08-11 20:33:15.502061+00:00,226,1,cube1 onto cube0
coraplex_panda_demo_v2,2026-08-11 15:06:22.671206+00:00,226,1,cube1 onto cube0
coraplex_panda_demo_v2,2026-08-10 23:06:47.708181+00:00,226,1,cube1 onto cube0
coraplex_panda_demo_v2,2026-08-07 13:09:19.119509+00:00,226,1,cube1 onto cube0
coraplex_panda_demo_v2,2026-08-11 20:33:15.502061+00:00,226,2,cube2 onto cube1
coraplex_panda_demo_v2,2026-08-11 15:06:22.671206+00:00,226,2,cube2 onto cube1
coraplex_panda_demo_v2,2026-08-10 07:57:25.429533+00:00,226,2,cube2 onto cube1
coraplex_panda_demo_v2,2026-08-07 13:09:19.119509+00:00,226,2,cube2 onto cube1
coraplex_panda_demo_v2,2026-08-10 23:06:47.708181+00:00,226,2,cube2 onto cube1
coraplex_panda_demo_v2,2026-08-10 17:08:54.640351+00:00,226,2,cube2 onto cube1
coraplex_panda_demo_v2,2026-08-10 23:06:47.708181+00:00,226,3,cube3 onto cube2
coraplex_panda_demo_v2,2026-08-11 15:06:22.671206+00:00,226,3,cube3 onto cube2
coraplex_panda_demo_v2,2026-08-07 13:09:19.119509+00:00,226,3,cube3 onto cube2
coraplex_panda_demo_v2,2026-08-11 20:33:15.502061+00:00,226,3,cube3 onto cube2
coraplex_panda_demo_v2,2026-08-10 17:08:54.640351+00:00,226,3,cube3 onto cube2
coraplex_panda_demo_v2,2026-08-10 07:57:25.429533+00:00,226,3,cube3 onto cube2
coraplex_panda_demo_v2,2026-08-11 15:06:22.671206+00:00,227,1,cube1 onto cube0
coraplex_panda_demo_v2,2026-08-10 23:06:47.708181+00:00,227,1,cube1 onto cube0
coraplex_panda_demo_v2,2026-08-10 07:57:25.429533+00:00,227,1,cube1 onto cube0
coraplex_panda_demo_v2,2026-08-10 23:06:47.708181+00:00,227,2,cube2 onto cube1
coraplex_panda_demo_v2,2026-08-10 07:57:25.429533+00:00,227,2,cube2 onto cube1
coraplex_panda_demo_v2,2026-08-11 15:06:22.671206+00:00,227,2,cube2 onto cube1
coraplex_panda_demo_v2,2026-08-10 07:57:25.429533+00:00,227,3,cube3 onto cube2
coraplex_panda_demo_v2,2026-08-10 23:06:47.708181+00:00,227,3,cube3 onto cube2
coraplex_panda_demo_v2,2026-08-11 15:06:22.671206+00:00,227,3,cube3 onto cube2
coraplex_panda_demo_v2,2026-08-10 07:57:25.429533+00:00,228,1,cube1 onto cube0
coraplex_panda_demo_v2,2026-08-10 23:06:47.708181+00:00,228,1,cube1 onto cube0
coraplex_panda_demo_v2,2026-08-07 13:09:19.119509+00:00,228,1,cube1 onto cube0
coraplex_panda_demo_v2,2026-08-11 20:33:15.502061+00:00,228,1,cube1 onto cube0
coraplex_panda_demo_v2,2026-08-10 07:57:25.429533+00:00,228,2,cube2 onto cube1
coraplex_panda_demo_v2,2026-08-10 23:06:47.708181+00:00,228,2,cube2 onto cube1
coraplex_panda_demo_v2,2026-08-11 20:33:15.502061+00:00,228,2,cube2 onto cube1
coraplex_panda_demo_v2,2026-08-07 13:09:19.119509+00:00,228,2,cube2 onto cube1
coraplex_panda_demo_v2,2026-08-07 13:09:19.119509+00:00,228,3,cube3 onto cube2
coraplex_panda_demo_v2,2026-08-10 07:57:25.429533+00:00,228,3,cube3 onto cube2
coraplex_panda_demo_v2,2026-08-11 20:33:15.502061+00:00,228,3,cube3 onto cube2
coraplex_panda_demo_v2,2026-08-10 23:06:47.708181+00:00,228,3,cube3 onto cube2
coraplex_panda_demo_v2,2026-08-10 23:06:47.708181+00:00,229,1,cube1 onto cube0
coraplex_panda_demo_v2,2026-08-11 20:33:15.502061+00:00,229,1,cube1 onto cube0
coraplex_panda_demo_v2,2026-08-07 13:09:19.119509+00:00,229,1,cube1 onto cube0
coraplex_panda_demo_v2,2026-08-10 17:08:54.640351+00:00,229,1,cube1 onto cube0
coraplex_panda_demo_v2,2026-08-11 15:06:22.671206+00:00,229,1,cube1 onto cube0
coraplex_panda_demo_v2,2026-08-10 07:57:25.429533+00:00,229,1,cube1 onto cube0
coraplex_panda_demo_v2,2026-08-11 15:06:22.671206+00:00,229,2,cube2 onto cube1
coraplex_panda_demo_v2,2026-08-10 07:57:25.429533+00:00,229,2,cube2 onto cube1
coraplex_panda_demo_v2,2026-08-07 13:09:19.119509+00:00,229,2,cube2 onto cube1
coraplex_panda_demo_v2,2026-08-11 20:33:15.502061+00:00,229,2,cube2 onto cube1
coraplex_panda_demo_v2,2026-08-10 23:06:47.708181+00:00,229,2,cube2 onto cube1
coraplex_panda_demo_v2,2026-08-10 17:08:54.640351+00:00,229,2,cube2 onto cube1
coraplex_panda_demo_v2,2026-08-11 20:33:15.502061+00:00,229,3,cube3 onto cube2
coraplex_panda_demo_v2,2026-08-10 07:57:25.429533+00:00,229,3,cube3 onto cube2
coraplex_panda_demo_v2,2026-08-11 15:06:22.671206+00:00,229,3,cube3 onto cube2
coraplex_panda_demo_v2,2026-08-10 17:08:54.640351+00:00,229,3,cube3 onto cube2
coraplex_panda_demo_v2,2026-08-10 23:06:47.708181+00:00,229,3,cube3 onto cube2
coraplex_panda_demo_v2,2026-08-07 13:09:19.119509+00:00,229,3,cube3 onto cube2
coraplex_panda_demo_v2,2026-08-10 17:08:54.640351+00:00,230,1,cube1 onto cube0
coraplex_panda_demo_v2,2026-08-10 07:57:25.429533+00:00,230,1,cube1 onto cube0
coraplex_panda_demo_v2,2026-08-10 23:06:47.708181+00:00,230,1,cube1 onto cube0
coraplex_panda_demo_v2,2026-08-07 13:09:19.119509+00:00,230,1,cube1 onto cube0
coraplex_panda_demo_v2,2026-08-11 15:06:22.671206+00:00,230,1,cube1 onto cube0
coraplex_panda_demo_v2,2026-08-10 17:08:54.640351+00:00,230,2,cube2 onto cube1
coraplex_panda_demo_v2,2026-08-10 07:57:25.429533+00:00,230,2,cube2 onto cube1
coraplex_panda_demo_v2,2026-08-11 15:06:22.671206+00:00,230,2,cube2 onto cube1
coraplex_panda_demo_v2,2026-08-10 23:06:47.708181+00:00,230,2,cube2 onto cube1
coraplex_panda_demo_v2,2026-08-07 13:09:19.119509+00:00,230,2,cube2 onto cube1
coraplex_panda_demo_v2,2026-08-10 07:57:25.429533+00:00,230,3,cube3 onto cube2
coraplex_panda_demo_v2,2026-08-07 13:09:19.119509+00:00,230,3,cube3 onto cube2
coraplex_panda_demo_v2,2026-08-10 23:06:47.708181+00:00,230,3,cube3 onto cube2
coraplex_panda_demo_v2,2026-08-11 15:06:22.671206+00:00,230,3,cube3 onto cube2
coraplex_panda_demo_v2,2026-08-10 17:08:54.640351+00:00,230,3,cube3 onto cube2
coraplex_panda_demo_v2,2026-08-07 13:09:19.119509+00:00,231,1,cube1 onto cube0
coraplex_panda_demo_v2,2026-08-10 07:57:25.429533+00:00,231,1,cube1 onto cube0
coraplex_panda_demo_v2,2026-08-11 20:33:15.502061+00:00,231,1,cube1 onto cube0
coraplex_panda_demo_v2,2026-08-11 15:06:22.671206+00:00,231,1,cube1 onto cube0
coraplex_panda_demo_v2,2026-08-10 17:08:54.640351+00:00,231,1,cube1 onto cube0
coraplex_panda_demo_v2,2026-08-07 13:09:19.119509+00:00,231,2,cube2 onto cube1
coraplex_panda_demo_v2,2026-08-11 15:06:22.671206+00:00,231,2,cube2 onto cube1
coraplex_panda_demo_v2,2026-08-10 17:08:54.640351+00:00,231,2,cube2 onto cube1
coraplex_panda_demo_v2,2026-08-10 07:57:25.429533+00:00,231,2,cube2 onto cube1
coraplex_panda_demo_v2,2026-08-11 20:33:15.502061+00:00,231,2,cube2 onto cube1
coraplex_panda_demo_v2,2026-08-11 20:33:15.502061+00:00,231,3,cube3 onto cube2
coraplex_panda_demo_v2,2026-08-11 15:06:22.671206+00:00,231,3,cube3 onto cube2
coraplex_panda_demo_v2,2026-08-10 17:08:54.640351+00:00,231,3,cube3 onto cube2
coraplex_panda_demo_v2,2026-08-07 13:09:19.119509+00:00,231,3,cube3 onto cube2
coraplex_panda_demo_v2,2026-08-10 07:57:25.429533+00:00,231,3,cube3 onto cube2
coraplex_panda_demo_v2,2026-08-11 20:33:15.502061+00:00,232,1,cube1 onto cube0
coraplex_panda_demo_v2,2026-08-11 15:06:22.671206+00:00,232,1,cube1 onto cube0
coraplex_panda_demo_v2,2026-08-10 17:08:54.640351+00:00,232,1,cube1 onto cube0
coraplex_panda_demo_v2,2026-08-10 17:08:54.640351+00:00,232,2,cube2 onto cube1
coraplex_panda_demo_v2,2026-08-11 15:06:22.671206+00:00,232,2,cube2 onto cube1
coraplex_panda_demo_v2,2026-08-11 20:33:15.502061+00:00,232,2,cube2 onto cube1
coraplex_panda_demo_v2,2026-08-11 20:33:15.502061+00:00,232,3,cube3 onto cube2
coraplex_panda_demo_v2,2026-08-10 17:08:54.640351+00:00,232,3,cube3 onto cube2
coraplex_panda_demo_v2,2026-08-11 15:06:22.671206+00:00,232,3,cube3 onto cube2
coraplex_panda_demo_v2,2026-08-10 07:57:25.429533+00:00,233,1,cube1 onto cube0
coraplex_panda_demo_v2,2026-08-11 15:06:22.671206+00:00,233,1,cube1 onto cube0
coraplex_panda_demo_v2,2026-08-10 23:06:47.708181+00:00,233,1,cube1 onto cube0
coraplex_panda_demo_v2,2026-08-10 17:08:54.640351+00:00,233,1,cube1 onto cube0
coraplex_panda_demo_v2,2026-08-11 15:06:22.671206+00:00,233,2,cube2 onto cube1
coraplex_panda_demo_v2,2026-08-10 07:57:25.429533+00:00,233,2,cube2 onto cube1
coraplex_panda_demo_v2,2026-08-10 17:08:54.640351+00:00,233,2,cube2 onto cube1
coraplex_panda_demo_v2,2026-08-10 23:06:47.708181+00:00,233,2,cube2 onto cube1
coraplex_panda_demo_v2,2026-08-11 15:06:22.671206+00:00,233,3,cube3 onto cube2
coraplex_panda_demo_v2,2026-08-10 17:08:54.640351+00:00,233,3,cube3 onto cube2
coraplex_panda_demo_v2,2026-08-10 07:57:25.429533+00:00,233,3,cube3 onto cube2
coraplex_panda_demo_v2,2026-08-10 23:06:47.708181+00:00,233,3,cube3 onto cube2
coraplex_panda_demo_v2,2026-08-11 15:06:22.671206+00:00,234,1,cube1 onto cube0
coraplex_panda_demo_v2,2026-08-10 17:08:54.640351+00:00,234,1,cube1 onto cube0
coraplex_panda_demo_v2,2026-08-10 17:08:54.640351+00:00,234,2,cube2 onto cube1
coraplex_panda_demo_v2,2026-08-11 15:06:22.671206+00:00,234,2,cube2 onto cube1
coraplex_panda_demo_v2,2026-08-10 17:08:54.640351+00:00,234,3,cube3 onto cube2
coraplex_panda_demo_v2,2026-08-11 15:06:22.671206+00:00,234,3,cube3 onto cube2
coraplex_panda_demo_v2,2026-08-10 07:57:25.429533+00:00,235,1,cube1 onto cube0
coraplex_panda_demo_v2,2026-08-10 23:06:47.708181+00:00,235,1,cube1 onto cube0
coraplex_panda_demo_v2,2026-08-07 13:09:19.119509+00:00,235,1,cube1 onto cube0
coraplex_panda_demo_v2,2026-08-10 07:57:25.429533+00:00,235,2,cube2 onto cube1
coraplex_panda_demo_v2,2026-08-07 13:09:19.119509+00:00,235,2,cube2 onto cube1
coraplex_panda_demo_v2,2026-08-10 23:06:47.708181+00:00,235,2,cube2 onto cube1
coraplex_panda_demo_v2,2026-08-10 23:06:47.708181+00:00,235,3,cube3 onto cube2
coraplex_panda_demo_v2,2026-08-07 13:09:19.119509+00:00,235,3,cube3 onto cube2
coraplex_panda_demo_v2,2026-08-10 07:57:25.429533+00:00,235,3,cube3 onto cube2
coraplex_panda_demo_v2,2026-08-07 13:09:19.119509+00:00,236,1,cube1 onto cube0
coraplex_panda_demo_v2,2026-08-10 23:06:47.708181+00:00,236,1,cube1 onto cube0
coraplex_panda_demo_v2,2026-08-10 07:57:25.429533+00:00,236,1,cube1 onto cube0
coraplex_panda_demo_v2,2026-08-10 23:06:47.708181+00:00,236,2,cube2 onto cube1
coraplex_panda_demo_v2,2026-08-10 07:57:25.429533+00:00,236,2,cube2 onto cube1
coraplex_panda_demo_v2,2026-08-07 13:09:19.119509+00:00,236,2,cube2 onto cube1
coraplex_panda_demo_v2,2026-08-07 13:09:19.119509+00:00,236,3,cube3 onto cube2
coraplex_panda_demo_v2,2026-08-10 23:06:47.708181+00:00,236,3,cube3 onto cube2
coraplex_panda_demo_v2,2026-08-10 07:57:25.429533+00:00,236,3,cube3 onto cube2
coraplex_panda_demo_v2,2026-08-07 13:09:19.119509+00:00,237,1,cube1 onto cube0
coraplex_panda_demo_v2,2026-08-10 23:06:47.708181+00:00,237,1,cube1 onto cube0
coraplex_panda_demo_v2,2026-08-10 07:57:25.429533+00:00,237,1,cube1 onto cube0
coraplex_panda_demo_v2,2026-08-11 15:06:22.671206+00:00,237,1,cube1 onto cube0
coraplex_panda_demo_v2,2026-08-10 17:08:54.640351+00:00,237,1,cube1 onto cube0
coraplex_panda_demo_v2,2026-08-11 20:33:15.502061+00:00,237,1,cube1 onto cube0
coraplex_panda_demo_v2,2026-08-11 15:06:22.671206+00:00,237,2,cube2 onto cube1
coraplex_panda_demo_v2,2026-08-10 23:06:47.708181+00:00,237,2,cube2 onto cube1
coraplex_panda_demo_v2,2026-08-10 07:57:25.429533+00:00,237,2,cube2 onto cube1
coraplex_panda_demo_v2,2026-08-07 13:09:19.119509+00:00,237,2,cube2 onto cube1
coraplex_panda_demo_v2,2026-08-11 20:33:15.502061+00:00,237,2,cube2 onto cube1
coraplex_panda_demo_v2,2026-08-10 17:08:54.640351+00:00,237,2,cube2 onto cube1
coraplex_panda_demo_v2,2026-08-10 23:06:47.708181+00:00,237,3,cube3 onto cube2
coraplex_panda_demo_v2,2026-08-11 15:06:22.671206+00:00,237,3,cube3 onto cube2
coraplex_panda_demo_v2,2026-08-11 20:33:15.502061+00:00,237,3,cube3 onto cube2
coraplex_panda_demo_v2,2026-08-07 13:09:19.119509+00:00,237,3,cube3 onto cube2
coraplex_panda_demo_v2,2026-08-10 07:57:25.429533+00:00,237,3,cube3 onto cube2
coraplex_panda_demo_v2,2026-08-10 17:08:54.640351+00:00,237,3,cube3 onto cube2
coraplex_panda_demo_v2,2026-08-10 17:08:54.640351+00:00,238,1,cube1 onto cube0
coraplex_panda_demo_v2,2026-08-11 15:06:22.671206+00:00,238,1,cube1 onto cube0
coraplex_panda_demo_v2,2026-08-10 07:57:25.429533+00:00,238,1,cube1 onto cube0
coraplex_panda_demo_v2,2026-08-11 20:33:15.502061+00:00,238,1,cube1 onto cube0
coraplex_panda_demo_v2,2026-08-10 07:57:25.429533+00:00,238,2,cube2 onto cube1
coraplex_panda_demo_v2,2026-08-10 17:08:54.640351+00:00,238,2,cube2 onto cube1
coraplex_panda_demo_v2,2026-08-11 20:33:15.502061+00:00,238,2,cube2 onto cube1
coraplex_panda_demo_v2,2026-08-11 15:06:22.671206+00:00,238,2,cube2 onto cube1
coraplex_panda_demo_v2,2026-08-10 17:08:54.640351+00:00,238,3,cube3 onto cube2
coraplex_panda_demo_v2,2026-08-11 15:06:22.671206+00:00,238,3,cube3 onto cube2
coraplex_panda_demo_v2,2026-08-10 07:57:25.429533+00:00,238,3,cube3 onto cube2
coraplex_panda_demo_v2,2026-08-11 20:33:15.502061+00:00,238,3,cube3 onto cube2
coraplex_panda_demo_v2,2026-08-11 15:06:22.671206+00:00,239,1,cube1 onto cube0
coraplex_panda_demo_v2,2026-08-10 17:08:54.640351+00:00,239,1,cube1 onto cube0
coraplex_panda_demo_v2,2026-08-10 17:08:54.640351+00:00,239,2,cube2 onto cube1
coraplex_panda_demo_v2,2026-08-11 15:06:22.671206+00:00,239,2,cube2 onto cube1
coraplex_panda_demo_v2,2026-08-11 15:06:22.671206+00:00,239,3,cube3 onto cube2
coraplex_panda_demo_v2,2026-08-10 17:08:54.640351+00:00,239,3,cube3 onto cube2
coraplex_panda_demo_v2,2026-08-11 15:06:22.671206+00:00,240,1,cube1 onto cube0
coraplex_panda_demo_v2,2026-08-11 20:33:15.502061+00:00,240,1,cube1 onto cube0
coraplex_panda_demo_v2,2026-08-10 23:06:47.708181+00:00,240,1,cube1 onto cube0
coraplex_panda_demo_v2,2026-08-10 07:57:25.429533+00:00,240,1,cube1 onto cube0
coraplex_panda_demo_v2,2026-08-11 20:33:15.502061+00:00,240,2,cube2 onto cube1
coraplex_panda_demo_v2,2026-08-10 07:57:25.429533+00:00,240,2,cube2 onto cube1
coraplex_panda_demo_v2,2026-08-10 23:06:47.708181+00:00,240,2,cube2 onto cube1
coraplex_panda_demo_v2,2026-08-11 15:06:22.671206+00:00,240,2,cube2 onto cube1
coraplex_panda_demo_v2,2026-08-11 20:33:15.502061+00:00,240,3,cube3 onto cube2
coraplex_panda_demo_v2,2026-08-11 15:06:22.671206+00:00,240,3,cube3 onto cube2
coraplex_panda_demo_v2,2026-08-10 07:57:25.429533+00:00,240,3,cube3 onto cube2
coraplex_panda_demo_v2,2026-08-10 23:06:47.708181+00:00,240,3,cube3 onto cube2
coraplex_panda_demo_v2,2026-08-10 07:57:25.429533+00:00,241,1,cube1 onto cube0
coraplex_panda_demo_v2,2026-08-10 07:57:25.429533+00:00,241,2,cube2 onto cube1
coraplex_panda_demo_v2,2026-08-10 07:57:25.429533+00:00,241,3,cube3 onto cube2
coraplex_panda_demo_v2,2026-08-10 17:08:54.640351+00:00,242,1,cube1 onto cube0
coraplex_panda_demo_v2,2026-08-11 15:06:22.671206+00:00,242,1,cube1 onto cube0
coraplex_panda_demo_v2,2026-08-10 07:57:25.429533+00:00,242,1,cube1 onto cube0
coraplex_panda_demo_v2,2026-08-11 15:06:22.671206+00:00,242,2,cube2 onto cube1
coraplex_panda_demo_v2,2026-08-10 07:57:25.429533+00:00,242,2,cube2 onto cube1
coraplex_panda_demo_v2,2026-08-10 17:08:54.640351+00:00,242,2,cube2 onto cube1
coraplex_panda_demo_v2,2026-08-10 07:57:25.429533+00:00,242,3,cube3 onto cube2
coraplex_panda_demo_v2,2026-08-10 17:08:54.640351+00:00,242,3,cube3 onto cube2
coraplex_panda_demo_v2,2026-08-11 15:06:22.671206+00:00,242,3,cube3 onto cube2
coraplex_panda_demo_v2,2026-08-10 07:57:25.429533+00:00,243,1,cube1 onto cube0
coraplex_panda_demo_v2,2026-08-11 15:06:22.671206+00:00,243,1,cube1 onto cube0
coraplex_panda_demo_v2,2026-08-10 07:57:25.429533+00:00,243,2,cube2 onto cube1
coraplex_panda_demo_v2,2026-08-11 15:06:22.671206+00:00,243,2,cube2 onto cube1
coraplex_panda_demo_v2,2026-08-10 07:57:25.429533+00:00,243,3,cube3 onto cube2
coraplex_panda_demo_v2,2026-08-11 15:06:22.671206+00:00,243,3,cube3 onto cube2
coraplex_panda_demo_v2,2026-08-10 07:57:25.429533+00:00,244,1,cube1 onto cube0
coraplex_panda_demo_v2,2026-08-11 15:06:22.671206+00:00,244,1,cube1 onto cube0
coraplex_panda_demo_v2,2026-08-10 23:06:47.708181+00:00,244,1,cube1 onto cube0
coraplex_panda_demo_v2,2026-08-11 20:33:15.502061+00:00,244,1,cube1 onto cube0
coraplex_panda_demo_v2,2026-08-10 17:08:54.640351+00:00,244,1,cube1 onto cube0
coraplex_panda_demo_v2,2026-08-10 23:06:47.708181+00:00,244,2,cube2 onto cube1
coraplex_panda_demo_v2,2026-08-11 15:06:22.671206+00:00,244,2,cube2 onto cube1
coraplex_panda_demo_v2,2026-08-10 07:57:25.429533+00:00,244,2,cube2 onto cube1
coraplex_panda_demo_v2,2026-08-10 17:08:54.640351+00:00,244,2,cube2 onto cube1
coraplex_panda_demo_v2,2026-08-11 20:33:15.502061+00:00,244,2,cube2 onto cube1
coraplex_panda_demo_v2,2026-08-10 17:08:54.640351+00:00,244,3,cube3 onto cube2
coraplex_panda_demo_v2,2026-08-11 15:06:22.671206+00:00,244,3,cube3 onto cube2
coraplex_panda_demo_v2,2026-08-10 07:57:25.429533+00:00,244,3,cube3 onto cube2
coraplex_panda_demo_v2,2026-08-10 23:06:47.708181+00:00,244,3,cube3 onto cube2
coraplex_panda_demo_v2,2026-08-11 20:33:15.502061+00:00,244,3,cube3 onto cube2
coraplex_panda_demo_v2,2026-08-11 20:33:15.502061+00:00,245,1,cube1 onto cube0
coraplex_panda_demo_v2,2026-08-10 23:06:47.708181+00:00,245,1,cube1 onto cube0
coraplex_panda_demo_v2,2026-08-10 07:57:25.429533+00:00,245,1,cube1 onto cube0
coraplex_panda_demo_v2,2026-08-10 07:57:25.429533+00:00,245,2,cube2 onto cube1
coraplex_panda_demo_v2,2026-08-11 20:33:15.502061+00:00,245,2,cube2 onto cube1
coraplex_panda_demo_v2,2026-08-10 23:06:47.708181+00:00,245,2,cube2 onto cube1
coraplex_panda_demo_v2,2026-08-11 20:33:15.502061+00:00,245,3,cube3 onto cube2
coraplex_panda_demo_v2,2026-08-10 23:06:47.708181+00:00,245,3,cube3 onto cube2
coraplex_panda_demo_v2,2026-08-10 07:57:25.429533+00:00,245,3,cube3 onto cube2
coraplex_panda_demo_v2,2026-08-10 07:57:25.429533+00:00,246,1,cube1 onto cube0
coraplex_panda_demo_v2,2026-08-11 20:33:15.502061+00:00,246,1,cube1 onto cube0
coraplex_panda_demo_v2,2026-08-10 23:06:47.708181+00:00,246,1,cube1 onto cube0
coraplex_panda_demo_v2,2026-08-11 15:06:22.671206+00:00,246,1,cube1 onto cube0
coraplex_panda_demo_v2,2026-08-11 20:33:15.502061+00:00,246,2,cube2 onto cube1
coraplex_panda_demo_v2,2026-08-10 23:06:47.708181+00:00,246,2,cube2 onto cube1
coraplex_panda_demo_v2,2026-08-11 15:06:22.671206+00:00,246,2,cube2 onto cube1
coraplex_panda_demo_v2,2026-08-10 07:57:25.429533+00:00,246,2,cube2 onto cube1
coraplex_panda_demo_v2,2026-08-10 23:06:47.708181+00:00,246,3,cube3 onto cube2
coraplex_panda_demo_v2,2026-08-10 07:57:25.429533+00:00,246,3,cube3 onto cube2
coraplex_panda_demo_v2,2026-08-11 15:06:22.671206+00:00,246,3,cube3 onto cube2
coraplex_panda_demo_v2,2026-08-11 20:33:15.502061+00:00,246,3,cube3 onto cube2
coraplex_panda_demo_v2,2026-08-11 20:33:15.502061+00:00,247,1,cube1 onto cube0
coraplex_panda_demo_v2,2026-08-10 07:57:25.429533+00:00,247,1,cube1 onto cube0
coraplex_panda_demo_v2,2026-08-10 17:08:54.640351+00:00,247,1,cube1 onto cube0
coraplex_panda_demo_v2,2026-08-10 23:06:47.708181+00:00,247,1,cube1 onto cube0
coraplex_panda_demo_v2,2026-08-10 17:08:54.640351+00:00,247,2,cube2 onto cube1
coraplex_panda_demo_v2,2026-08-10 23:06:47.708181+00:00,247,2,cube2 onto cube1
coraplex_panda_demo_v2,2026-08-10 07:57:25.429533+00:00,247,2,cube2 onto cube1
coraplex_panda_demo_v2,2026-08-11 20:33:15.502061+00:00,247,2,cube2 onto cube1
coraplex_panda_demo_v2,2026-08-10 07:57:25.429533+00:00,247,3,cube3 onto cube2
coraplex_panda_demo_v2,2026-08-10 17:08:54.640351+00:00,247,3,cube3 onto cube2
coraplex_panda_demo_v2,2026-08-11 20:33:15.502061+00:00,247,3,cube3 onto cube2
coraplex_panda_demo_v2,2026-08-10 23:06:47.708181+00:00,247,3,cube3 onto cube2
coraplex_panda_demo_v2,2026-08-11 15:06:22.671206+00:00,248,1,cube1 onto cube0
coraplex_panda_demo_v2,2026-08-10 07:57:25.429533+00:00,248,1,cube1 onto cube0
coraplex_panda_demo_v2,2026-08-10 23:06:47.708181+00:00,248,1,cube1 onto cube0
coraplex_panda_demo_v2,2026-08-10 17:08:54.640351+00:00,248,1,cube1 onto cube0
coraplex_panda_demo_v2,2026-08-10 07:57:25.429533+00:00,248,2,cube2 onto cube1
coraplex_panda_demo_v2,2026-08-10 17:08:54.640351+00:00,248,2,cube2 onto cube1
coraplex_panda_demo_v2,2026-08-11 15:06:22.671206+00:00,248,2,cube2 onto cube1
coraplex_panda_demo_v2,2026-08-10 23:06:47.708181+00:00,248,2,cube2 onto cube1
coraplex_panda_demo_v2,2026-08-10 23:06:47.708181+00:00,248,3,cube3 onto cube2
coraplex_panda_demo_v2,2026-08-10 07:57:25.429533+00:00,248,3,cube3 onto cube2
coraplex_panda_demo_v2,2026-08-11 15:06:22.671206+00:00,248,3,cube3 onto cube2
coraplex_panda_demo_v2,2026-08-10 17:08:54.640351+00:00,248,3,cube3 onto cube2
coraplex_panda_demo_v2,2026-08-11 15:06:22.671206+00:00,249,1,cube1 onto cube0
coraplex_panda_demo_v2,2026-08-11 20:33:15.502061+00:00,249,1,cube1 onto cube0
coraplex_panda_demo_v2,2026-08-10 07:57:25.429533+00:00,249,1,cube1 onto cube0
coraplex_panda_demo_v2,2026-08-10 17:08:54.640351+00:00,249,1,cube1 onto cube0
coraplex_panda_demo_v2,2026-08-10 07:57:25.429533+00:00,249,2,cube2 onto cube1
coraplex_panda_demo_v2,2026-08-11 20:33:15.502061+00:00,249,2,cube2 onto cube1
coraplex_panda_demo_v2,2026-08-10 17:08:54.640351+00:00,249,2,cube2 onto cube1
coraplex_panda_demo_v2,2026-08-11 15:06:22.671206+00:00,249,2,cube2 onto cube1
coraplex_panda_demo_v2,2026-08-11 15:06:22.671206+00:00,249,3,cube3 onto cube2
coraplex_panda_demo_v2,2026-08-10 17:08:54.640351+00:00,249,3,cube3 onto cube2
coraplex_panda_demo_v2,2026-08-11 20:33:15.502061+00:00,249,3,cube3 onto cube2
coraplex_panda_demo_v2,2026-08-10 07:57:25.429533+00:00,249,3,cube3 onto cube2
coraplex_panda_demo_v2,2026-08-11 20:33:15.502061+00:00,250,1,cube1 onto cube0
coraplex_panda_demo_v2,2026-08-11 15:06:22.671206+00:00,250,1,cube1 onto cube0
coraplex_panda_demo_v2,2026-08-10 07:57:25.429533+00:00,250,1,cube1 onto cube0
coraplex_panda_demo_v2,2026-08-10 17:08:54.640351+00:00,250,1,cube1 onto cube0
coraplex_panda_demo_v2,2026-08-11 15:06:22.671206+00:00,250,2,cube2 onto cube1
coraplex_panda_demo_v2,2026-08-10 17:08:54.640351+00:00,250,2,cube2 onto cube1
coraplex_panda_demo_v2,2026-08-10 07:57:25.429533+00:00,250,2,cube2 onto cube1
coraplex_panda_demo_v2,2026-08-11 20:33:15.502061+00:00,250,2,cube2 onto cube1
coraplex_panda_demo_v2,2026-08-10 17:08:54.640351+00:00,250,3,cube3 onto cube2
coraplex_panda_demo_v2,2026-08-10 07:57:25.429533+00:00,250,3,cube3 onto cube2
coraplex_panda_demo_v2,2026-08-11 15:06:22.671206+00:00,250,3,cube3 onto cube2
coraplex_panda_demo_v2,2026-08-11 20:33:15.502061+00:00,250,3,cube3 onto cube2
coraplex_panda_demo_v2,2026-08-11 20:33:15.502061+00:00,251,1,cube1 onto cube0
coraplex_panda_demo_v2,2026-08-10 23:06:47.708181+00:00,251,1,cube1 onto cube0
coraplex_panda_demo_v2,2026-08-11 15:06:22.671206+00:00,251,1,cube1 onto cube0
coraplex_panda_demo_v2,2026-08-10 17:08:54.640351+00:00,251,1,cube1 onto cube0
coraplex_panda_demo_v2,2026-08-10 17:08:54.640351+00:00,251,2,cube2 onto cube1
coraplex_panda_demo_v2,2026-08-11 20:33:15.502061+00:00,251,2,cube2 onto cube1
coraplex_panda_demo_v2,2026-08-10 23:06:47.708181+00:00,251,2,cube2 onto cube1
coraplex_panda_demo_v2,2026-08-11 15:06:22.671206+00:00,251,2,cube2 onto cube1
coraplex_panda_demo_v2,2026-08-10 23:06:47.708181+00:00,251,3,cube3 onto cube2
coraplex_panda_demo_v2,2026-08-11 20:33:15.502061+00:00,251,3,cube3 onto cube2
coraplex_panda_demo_v2,2026-08-10 17:08:54.640351+00:00,251,3,cube3 onto cube2
coraplex_panda_demo_v2,2026-08-11 15:06:22.671206+00:00,251,3,cube3 onto cube2
coraplex_panda_demo_v2,2026-08-11 15:06:22.671206+00:00,252,1,cube1 onto cube0
coraplex_panda_demo_v2,2026-08-10 23:06:47.708181+00:00,252,1,cube1 onto cube0
coraplex_panda_demo_v2,2026-08-11 20:33:15.502061+00:00,252,1,cube1 onto cube0
coraplex_panda_demo_v2,2026-08-11 20:33:15.502061+00:00,252,2,cube2 onto cube1
coraplex_panda_demo_v2,2026-08-10 23:06:47.708181+00:00,252,2,cube2 onto cube1
coraplex_panda_demo_v2,2026-08-11 15:06:22.671206+00:00,252,2,cube2 onto cube1
coraplex_panda_demo_v2,2026-08-10 23:06:47.708181+00:00,252,3,cube3 onto cube2
coraplex_panda_demo_v2,2026-08-11 20:33:15.502061+00:00,252,3,cube3 onto cube2
coraplex_panda_demo_v2,2026-08-11 15:06:22.671206+00:00,252,3,cube3 onto cube2
coraplex_panda_demo_v2,2026-08-10 07:57:25.429533+00:00,253,1,cube1 onto cube0
coraplex_panda_demo_v2,2026-08-10 23:06:47.708181+00:00,253,1,cube1 onto cube0
coraplex_panda_demo_v2,2026-08-11 15:06:22.671206+00:00,253,1,cube1 onto cube0
coraplex_panda_demo_v2,2026-08-11 20:33:15.502061+00:00,253,1,cube1 onto cube0
coraplex_panda_demo_v2,2026-08-10 23:06:47.708181+00:00,253,2,cube2 onto cube1
coraplex_panda_demo_v2,2026-08-10 07:57:25.429533+00:00,253,2,cube2 onto cube1
coraplex_panda_demo_v2,2026-08-11 20:33:15.502061+00:00,253,2,cube2 onto cube1
coraplex_panda_demo_v2,2026-08-11 15:06:22.671206+00:00,253,2,cube2 onto cube1
coraplex_panda_demo_v2,2026-08-11 20:33:15.502061+00:00,253,3,cube3 onto cube2
coraplex_panda_demo_v2,2026-08-11 15:06:22.671206+00:00,253,3,cube3 onto cube2
coraplex_panda_demo_v2,2026-08-10 23:06:47.708181+00:00,253,3,cube3 onto cube2
coraplex_panda_demo_v2,2026-08-10 07:57:25.429533+00:00,253,3,cube3 onto cube2
coraplex_panda_demo_v2,2026-08-10 17:08:54.640351+00:00,254,1,cube1 onto cube0
coraplex_panda_demo_v2,2026-08-11 15:06:22.671206+00:00,254,1,cube1 onto cube0
coraplex_panda_demo_v2,2026-08-10 17:08:54.640351+00:00,254,2,cube2 onto cube1
coraplex_panda_demo_v2,2026-08-11 15:06:22.671206+00:00,254,2,cube2 onto cube1
coraplex_panda_demo_v2,2026-08-10 17:08:54.640351+00:00,254,3,cube3 onto cube2
coraplex_panda_demo_v2,2026-08-11 15:06:22.671206+00:00,254,3,cube3 onto cube2
coraplex_panda_demo_v2,2026-08-10 23:06:47.708181+00:00,255,1,cube1 onto cube0
coraplex_panda_demo_v2,2026-08-10 17:08:54.640351+00:00,255,1,cube1 onto cube0
coraplex_panda_demo_v2,2026-08-11 15:06:22.671206+00:00,255,1,cube1 onto cube0
coraplex_panda_demo_v2,2026-08-10 07:57:25.429533+00:00,255,1,cube1 onto cube0
coraplex_panda_demo_v2,2026-08-11 20:33:15.502061+00:00,255,1,cube1 onto cube0
coraplex_panda_demo_v2,2026-08-10 23:06:47.708181+00:00,255,2,cube2 onto cube1
coraplex_panda_demo_v2,2026-08-10 07:57:25.429533+00:00,255,2,cube2 onto cube1
coraplex_panda_demo_v2,2026-08-11 15:06:22.671206+00:00,255,2,cube2 onto cube1
coraplex_panda_demo_v2,2026-08-10 17:08:54.640351+00:00,255,2,cube2 onto cube1
coraplex_panda_demo_v2,2026-08-11 20:33:15.502061+00:00,255,2,cube2 onto cube1
coraplex_panda_demo_v2,2026-08-11 15:06:22.671206+00:00,255,3,cube3 onto cube2
coraplex_panda_demo_v2,2026-08-10 17:08:54.640351+00:00,255,3,cube3 onto cube2
coraplex_panda_demo_v2,2026-08-11 20:33:15.502061+00:00,255,3,cube3 onto cube2
coraplex_panda_demo_v2,2026-08-10 23:06:47.708181+00:00,255,3,cube3 onto cube2
coraplex_panda_demo_v2,2026-08-10 07:57:25.429533+00:00,255,3,cube3 onto cube2
coraplex_panda_demo_v2,2026-08-10 17:08:54.640351+00:00,256,1,cube1 onto cube0
coraplex_panda_demo_v2,2026-08-11 15:06:22.671206+00:00,256,1,cube1 onto cube0
coraplex_panda_demo_v2,2026-08-11 20:33:15.502061+00:00,256,1,cube1 onto cube0
coraplex_panda_demo_v2,2026-08-11 20:33:15.502061+00:00,256,2,cube2 onto cube1
coraplex_panda_demo_v2,2026-08-10 17:08:54.640351+00:00,256,2,cube2 onto cube1
coraplex_panda_demo_v2,2026-08-11 15:06:22.671206+00:00,256,2,cube2 onto cube1
coraplex_panda_demo_v2,2026-08-10 17:08:54.640351+00:00,256,3,cube3 onto cube2
coraplex_panda_demo_v2,2026-08-11 20:33:15.502061+00:00,256,3,cube3 onto cube2
coraplex_panda_demo_v2,2026-08-11 15:06:22.671206+00:00,256,3,cube3 onto cube2
coraplex_panda_demo_v2,2026-08-10 07:57:25.429533+00:00,257,1,cube1 onto cube0
coraplex_panda_demo_v2,2026-08-11 20:33:15.502061+00:00,257,1,cube1 onto cube0
coraplex_panda_demo_v2,2026-08-10 07:57:25.429533+00:00,257,2,cube2 onto cube1
coraplex_panda_demo_v2,2026-08-11 20:33:15.502061+00:00,257,2,cube2 onto cube1
coraplex_panda_demo_v2,2026-08-10 07:57:25.429533+00:00,257,3,cube3 onto cube2
coraplex_panda_demo_v2,2026-08-11 20:33:15.502061+00:00,257,3,cube3 onto cube2
coraplex_panda_demo_v2,2026-08-10 23:06:47.708181+00:00,258,1,cube1 onto cube0
coraplex_panda_demo_v2,2026-08-10 17:08:54.640351+00:00,258,1,cube1 onto cube0
coraplex_panda_demo_v2,2026-08-11 15:06:22.671206+00:00,258,1,cube1 onto cube0
coraplex_panda_demo_v2,2026-08-10 23:06:47.708181+00:00,258,2,cube2 onto cube1
coraplex_panda_demo_v2,2026-08-10 17:08:54.640351+00:00,258,2,cube2 onto cube1
coraplex_panda_demo_v2,2026-08-11 15:06:22.671206+00:00,258,2,cube2 onto cube1
coraplex_panda_demo_v2,2026-08-10 23:06:47.708181+00:00,258,3,cube3 onto cube2
coraplex_panda_demo_v2,2026-08-11 15:06:22.671206+00:00,258,3,cube3 onto cube2
coraplex_panda_demo_v2,2026-08-10 17:08:54.640351+00:00,258,3,cube3 onto cube2
coraplex_panda_demo_v2,2026-08-10 07:57:25.429533+00:00,259,1,cube1 onto cube0
coraplex_panda_demo_v2,2026-08-11 15:06:22.671206+00:00,259,1,cube1 onto cube0
coraplex_panda_demo_v2,2026-08-10 07:57:25.429533+00:00,259,2,cube2 onto cube1
coraplex_panda_demo_v2,2026-08-11 15:06:22.671206+00:00,259,2,cube2 onto cube1
coraplex_panda_demo_v2,2026-08-11 15:06:22.671206+00:00,259,3,cube3 onto cube2
coraplex_panda_demo_v2,2026-08-10 07:57:25.429533+00:00,259,3,cube3 onto cube2
coraplex_panda_demo_v2,2026-08-11 20:33:15.502061+00:00,260,1,cube1 onto cube0
coraplex_panda_demo_v2,2026-08-11 15:06:22.671206+00:00,260,1,cube1 onto cube0
coraplex_panda_demo_v2,2026-08-10 17:08:54.640351+00:00,260,1,cube1 onto cube0
coraplex_panda_demo_v2,2026-08-11 15:06:22.671206+00:00,260,2,cube2 onto cube1
coraplex_panda_demo_v2,2026-08-11 20:33:15.502061+00:00,260,2,cube2 onto cube1
coraplex_panda_demo_v2,2026-08-10 17:08:54.640351+00:00,260,2,cube2 onto cube1
coraplex_panda_demo_v2,2026-08-11 15:06:22.671206+00:00,260,3,cube3 onto cube2
coraplex_panda_demo_v2,2026-08-11 20:33:15.502061+00:00,260,3,cube3 onto cube2
coraplex_panda_demo_v2,2026-08-10 17:08:54.640351+00:00,260,3,cube3 onto cube2
coraplex_panda_demo_v2,2026-08-10 17:08:54.640351+00:00,261,1,cube1 onto cube0
coraplex_panda_demo_v2,2026-08-10 23:06:47.708181+00:00,261,1,cube1 onto cube0
coraplex_panda_demo_v2,2026-08-10 07:57:25.429533+00:00,261,1,cube1 onto cube0
coraplex_panda_demo_v2,2026-08-11 20:33:15.502061+00:00,261,1,cube1 onto cube0
coraplex_panda_demo_v2,2026-08-10 23:06:47.708181+00:00,261,2,cube2 onto cube1
coraplex_panda_demo_v2,2026-08-10 17:08:54.640351+00:00,261,2,cube2 onto cube1
coraplex_panda_demo_v2,2026-08-11 20:33:15.502061+00:00,261,2,cube2 onto cube1
coraplex_panda_demo_v2,2026-08-10 07:57:25.429533+00:00,261,2,cube2 onto cube1
coraplex_panda_demo_v2,2026-08-11 20:33:15.502061+00:00,261,3,cube3 onto cube2
coraplex_panda_demo_v2,2026-08-10 23:06:47.708181+00:00,261,3,cube3 onto cube2
coraplex_panda_demo_v2,2026-08-10 17:08:54.640351+00:00,261,3,cube3 onto cube2
coraplex_panda_demo_v2,2026-08-10 07:57:25.429533+00:00,261,3,cube3 onto cube2
coraplex_panda_demo_v2,2026-08-11 20:33:15.502061+00:00,262,1,cube1 onto cube0
coraplex_panda_demo_v2,2026-08-10 23:06:47.708181+00:00,262,1,cube1 onto cube0
coraplex_panda_demo_v2,2026-08-10 07:57:25.429533+00:00,262,1,cube1 onto cube0
coraplex_panda_demo_v2,2026-08-10 17:08:54.640351+00:00,262,1,cube1 onto cube0
coraplex_panda_demo_v2,2026-08-10 23:06:47.708181+00:00,262,2,cube2 onto cube1
coraplex_panda_demo_v2,2026-08-10 07:57:25.429533+00:00,262,2,cube2 onto cube1
coraplex_panda_demo_v2,2026-08-11 20:33:15.502061+00:00,262,2,cube2 onto cube1
coraplex_panda_demo_v2,2026-08-10 17:08:54.640351+00:00,262,2,cube2 onto cube1
coraplex_panda_demo_v2,2026-08-11 20:33:15.502061+00:00,262,3,cube3 onto cube2
coraplex_panda_demo_v2,2026-08-10 17:08:54.640351+00:00,262,3,cube3 onto cube2
coraplex_panda_demo_v2,2026-08-10 07:57:25.429533+00:00,262,3,cube3 onto cube2
coraplex_panda_demo_v2,2026-08-10 23:06:47.708181+00:00,262,3,cube3 onto cube2
coraplex_panda_demo_v2,2026-08-10 23:06:47.708181+00:00,263,1,cube1 onto cube0
coraplex_panda_demo_v2,2026-08-11 20:33:15.502061+00:00,263,1,cube1 onto cube0
coraplex_panda_demo_v2,2026-08-10 23:06:47.708181+00:00,263,2,cube2 onto cube1
coraplex_panda_demo_v2,2026-08-11 20:33:15.502061+00:00,263,2,cube2 onto cube1
coraplex_panda_demo_v2,2026-08-11 20:33:15.502061+00:00,263,3,cube3 onto cube2
coraplex_panda_demo_v2,2026-08-10 23:06:47.708181+00:00,263,3,cube3 onto cube2
coraplex_panda_demo_v2,2026-08-10 17:08:54.640351+00:00,264,1,cube1 onto cube0
coraplex_panda_demo_v2,2026-08-11 15:06:22.671206+00:00,264,1,cube1 onto cube0
coraplex_panda_demo_v2,2026-08-10 17:08:54.640351+00:00,264,2,cube2 onto cube1
coraplex_panda_demo_v2,2026-08-11 15:06:22.671206+00:00,264,2,cube2 onto cube1
coraplex_panda_demo_v2,2026-08-10 17:08:54.640351+00:00,264,3,cube3 onto cube2
coraplex_panda_demo_v2,2026-08-11 15:06:22.671206+00:00,264,3,cube3 onto cube2
coraplex_panda_demo_v2,2026-08-11 20:33:15.502061+00:00,265,1,cube1 onto cube0
coraplex_panda_demo_v2,2026-08-10 17:08:54.640351+00:00,265,1,cube1 onto cube0
coraplex_panda_demo_v2,2026-08-11 15:06:22.671206+00:00,265,1,cube1 onto cube0
coraplex_panda_demo_v2,2026-08-11 15:06:22.671206+00:00,265,2,cube2 onto cube1
coraplex_panda_demo_v2,2026-08-10 17:08:54.640351+00:00,265,2,cube2 onto cube1
coraplex_panda_demo_v2,2026-08-11 20:33:15.502061+00:00,265,2,cube2 onto cube1
coraplex_panda_demo_v2,2026-08-11 20:33:15.502061+00:00,265,3,cube3 onto cube2
coraplex_panda_demo_v2,2026-08-10 17:08:54.640351+00:00,265,3,cube3 onto cube2
coraplex_panda_demo_v2,2026-08-11 15:06:22.671206+00:00,265,3,cube3 onto cube2
coraplex_panda_demo_v2,2026-08-11 20:33:15.502061+00:00,266,1,cube1 onto cube0
coraplex_panda_demo_v2,2026-08-10 07:57:25.429533+00:00,266,1,cube1 onto cube0
coraplex_panda_demo_v2,2026-08-10 17:08:54.640351+00:00,266,1,cube1 onto cube0
coraplex_panda_demo_v2,2026-08-11 15:06:22.671206+00:00,266,1,cube1 onto cube0
coraplex_panda_demo_v2,2026-08-10 23:06:47.708181+00:00,266,1,cube1 onto cube0
coraplex_panda_demo_v2,2026-08-11 15:06:22.671206+00:00,266,2,cube2 onto cube1
coraplex_panda_demo_v2,2026-08-10 17:08:54.640351+00:00,266,2,cube2 onto cube1
coraplex_panda_demo_v2,2026-08-10 23:06:47.708181+00:00,266,2,cube2 onto cube1
coraplex_panda_demo_v2,2026-08-10 07:57:25.429533+00:00,266,2,cube2 onto cube1
coraplex_panda_demo_v2,2026-08-11 20:33:15.502061+00:00,266,2,cube2 onto cube1
coraplex_panda_demo_v2,2026-08-10 17:08:54.640351+00:00,266,3,cube3 onto cube2
coraplex_panda_demo_v2,2026-08-10 07:57:25.429533+00:00,266,3,cube3 onto cube2
coraplex_panda_demo_v2,2026-08-11 15:06:22.671206+00:00,266,3,cube3 onto cube2
coraplex_panda_demo_v2,2026-08-11 20:33:15.502061+00:00,266,3,cube3 onto cube2
coraplex_panda_demo_v2,2026-08-10 23:06:47.708181+00:00,266,3,cube3 onto cube2
coraplex_panda_demo_v2,2026-08-10 17:08:54.640351+00:00,267,1,cube1 onto cube0
coraplex_panda_demo_v2,2026-08-10 07:57:25.429533+00:00,267,1,cube1 onto cube0
coraplex_panda_demo_v2,2026-08-11 15:06:22.671206+00:00,267,1,cube1 onto cube0
coraplex_panda_demo_v2,2026-08-10 17:08:54.640351+00:00,267,2,cube2 onto cube1
coraplex_panda_demo_v2,2026-08-10 07:57:25.429533+00:00,267,2,cube2 onto cube1
coraplex_panda_demo_v2,2026-08-11 15:06:22.671206+00:00,267,2,cube2 onto cube1
coraplex_panda_demo_v2,2026-08-10 17:08:54.640351+00:00,267,3,cube3 onto cube2
coraplex_panda_demo_v2,2026-08-10 07:57:25.429533+00:00,267,3,cube3 onto cube2
coraplex_panda_demo_v2,2026-08-11 15:06:22.671206+00:00,267,3,cube3 onto cube2
coraplex_panda_demo_v2,2026-08-10 23:06:47.708181+00:00,268,1,cube1 onto cube0
coraplex_panda_demo_v2,2026-08-11 15:06:22.671206+00:00,268,1,cube1 onto cube0
coraplex_panda_demo_v2,2026-08-10 07:57:25.429533+00:00,268,1,cube1 onto cube0
coraplex_panda_demo_v2,2026-08-10 17:08:54.640351+00:00,268,1,cube1 onto cube0
coraplex_panda_demo_v2,2026-08-11 20:33:15.502061+00:00,268,1,cube1 onto cube0
coraplex_panda_demo_v2,2026-08-11 20:33:15.502061+00:00,268,2,cube2 onto cube1
coraplex_panda_demo_v2,2026-08-10 17:08:54.640351+00:00,268,2,cube2 onto cube1
coraplex_panda_demo_v2,2026-08-10 23:06:47.708181+00:00,268,2,cube2 onto cube1
coraplex_panda_demo_v2,2026-08-11 15:06:22.671206+00:00,268,2,cube2 onto cube1
coraplex_panda_demo_v2,2026-08-10 07:57:25.429533+00:00,268,2,cube2 onto cube1
coraplex_panda_demo_v2,2026-08-10 17:08:54.640351+00:00,268,3,cube3 onto cube2
coraplex_panda_demo_v2,2026-08-11 15:06:22.671206+00:00,268,3,cube3 onto cube2
coraplex_panda_demo_v2,2026-08-10 23:06:47.708181+00:00,268,3,cube3 onto cube2
coraplex_panda_demo_v2,2026-08-10 07:57:25.429533+00:00,268,3,cube3 onto cube2
coraplex_panda_demo_v2,2026-08-11 20:33:15.502061+00:00,268,3,cube3 onto cube2
coraplex_panda_demo_v2,2026-08-10 17:08:54.640351+00:00,269,1,cube1 onto cube0
coraplex_panda_demo_v2,2026-08-10 23:06:47.708181+00:00,269,1,cube1 onto cube0
coraplex_panda_demo_v2,2026-08-10 07:57:25.429533+00:00,269,1,cube1 onto cube0
coraplex_panda_demo_v2,2026-08-11 20:33:15.502061+00:00,269,1,cube1 onto cube0
coraplex_panda_demo_v2,2026-08-11 15:06:22.671206+00:00,269,1,cube1 onto cube0
coraplex_panda_demo_v2,2026-08-10 17:08:54.640351+00:00,269,2,cube2 onto cube1
coraplex_panda_demo_v2,2026-08-10 07:57:25.429533+00:00,269,2,cube2 onto cube1
coraplex_panda_demo_v2,2026-08-11 20:33:15.502061+00:00,269,2,cube2 onto cube1
coraplex_panda_demo_v2,2026-08-11 15:06:22.671206+00:00,269,2,cube2 onto cube1
coraplex_panda_demo_v2,2026-08-10 23:06:47.708181+00:00,269,2,cube2 onto cube1
coraplex_panda_demo_v2,2026-08-10 23:06:47.708181+00:00,269,3,cube3 onto cube2
coraplex_panda_demo_v2,2026-08-10 17:08:54.640351+00:00,269,3,cube3 onto cube2
coraplex_panda_demo_v2,2026-08-11 15:06:22.671206+00:00,269,3,cube3 onto cube2
coraplex_panda_demo_v2,2026-08-11 20:33:15.502061+00:00,269,3,cube3 onto cube2
coraplex_panda_demo_v2,2026-08-10 07:57:25.429533+00:00,269,3,cube3 onto cube2
coraplex_panda_demo_v2,2026-08-11 15:06:22.671206+00:00,270,1,cube1 onto cube0
coraplex_panda_demo_v2,2026-08-10 23:06:47.708181+00:00,270,1,cube1 onto cube0
coraplex_panda_demo_v2,2026-08-11 20:33:15.502061+00:00,270,1,cube1 onto cube0
coraplex_panda_demo_v2,2026-08-10 17:08:54.640351+00:00,270,1,cube1 onto cube0
coraplex_panda_demo_v2,2026-08-10 07:57:25.429533+00:00,270,1,cube1 onto cube0
coraplex_panda_demo_v2,2026-08-10 23:06:47.708181+00:00,270,2,cube2 onto cube1
coraplex_panda_demo_v2,2026-08-11 20:33:15.502061+00:00,270,2,cube2 onto cube1
coraplex_panda_demo_v2,2026-08-10 17:08:54.640351+00:00,270,2,cube2 onto cube1
coraplex_panda_demo_v2,2026-08-11 15:06:22.671206+00:00,270,2,cube2 onto cube1
coraplex_panda_demo_v2,2026-08-10 07:57:25.429533+00:00,270,2,cube2 onto cube1
coraplex_panda_demo_v2,2026-08-10 07:57:25.429533+00:00,270,3,cube3 onto cube2
coraplex_panda_demo_v2,2026-08-10 23:06:47.708181+00:00,270,3,cube3 onto cube2
coraplex_panda_demo_v2,2026-08-11 15:06:22.671206+00:00,270,3,cube3 onto cube2
coraplex_panda_demo_v2,2026-08-11 20:33:15.502061+00:00,270,3,cube3 onto cube2
coraplex_panda_demo_v2,2026-08-10 17:08:54.640351+00:00,270,3,cube3 onto cube2
coraplex_panda_demo_v2,2026-08-11 20:33:15.502061+00:00,271,1,cube1 onto cube0
coraplex_panda_demo_v2,2026-08-10 23:06:47.708181+00:00,271,1,cube1 onto cube0
coraplex_panda_demo_v2,2026-08-10 17:08:54.640351+00:00,271,1,cube1 onto cube0
coraplex_panda_demo_v2,2026-08-11 20:33:15.502061+00:00,271,2,cube2 onto cube1
coraplex_panda_demo_v2,2026-08-10 23:06:47.708181+00:00,271,2,cube2 onto cube1
coraplex_panda_demo_v2,2026-08-10 17:08:54.640351+00:00,271,2,cube2 onto cube1
coraplex_panda_demo_v2,2026-08-11 20:33:15.502061+00:00,271,3,cube3 onto cube2
coraplex_panda_demo_v2,2026-08-10 17:08:54.640351+00:00,271,3,cube3 onto cube2
coraplex_panda_demo_v2,2026-08-10 23:06:47.708181+00:00,271,3,cube3 onto cube2
coraplex_panda_demo_v2,2026-08-11 15:06:22.671206+00:00,272,1,cube1 onto cube0
coraplex_panda_demo_v2,2026-08-10 23:06:47.708181+00:00,272,1,cube1 onto cube0
coraplex_panda_demo_v2,2026-08-10 07:57:25.429533+00:00,272,1,cube1 onto cube0
coraplex_panda_demo_v2,2026-08-11 15:06:22.671206+00:00,272,2,cube2 onto cube1
coraplex_panda_demo_v2,2026-08-10 07:57:25.429533+00:00,272,2,cube2 onto cube1
coraplex_panda_demo_v2,2026-08-10 23:06:47.708181+00:00,272,2,cube2 onto cube1
coraplex_panda_demo_v2,2026-08-11 15:06:22.671206+00:00,272,3,cube3 onto cube2
coraplex_panda_demo_v2,2026-08-10 23:06:47.708181+00:00,272,3,cube3 onto cube2
coraplex_panda_demo_v2,2026-08-10 07:57:25.429533+00:00,272,3,cube3 onto cube2
coraplex_panda_demo_v2,2026-08-10 23:06:47.708181+00:00,273,1,cube1 onto cube0
coraplex_panda_demo_v2,2026-08-10 17:08:54.640351+00:00,273,1,cube1 onto cube0
coraplex_panda_demo_v2,2026-08-11 15:06:22.671206+00:00,273,1,cube1 onto cube0
coraplex_panda_demo_v2,2026-08-10 17:08:54.640351+00:00,273,2,cube2 onto cube1
coraplex_panda_demo_v2,2026-08-10 23:06:47.708181+00:00,273,2,cube2 onto cube1
coraplex_panda_demo_v2,2026-08-11 15:06:22.671206+00:00,273,2,cube2 onto cube1
coraplex_panda_demo_v2,2026-08-10 17:08:54.640351+00:00,273,3,cube3 onto cube2
coraplex_panda_demo_v2,2026-08-10 23:06:47.708181+00:00,273,3,cube3 onto cube2
coraplex_panda_demo_v2,2026-08-11 15:06:22.671206+00:00,273,3,cube3 onto cube2
coraplex_panda_demo_v2,2026-08-11 15:06:22.671206+00:00,274,1,cube1 onto cube0
coraplex_panda_demo_v2,2026-08-11 15:06:22.671206+00:00,274,2,cube2 onto cube1
coraplex_panda_demo_v2,2026-08-11 15:06:22.671206+00:00,274,3,cube3 onto cube2
coraplex_panda_demo_v2,2026-08-11 15:06:22.671206+00:00,275,1,cube1 onto cube0
coraplex_panda_demo_v2,2026-08-11 20:33:15.502061+00:00,275,1,cube1 onto cube0
coraplex_panda_demo_v2,2026-08-11 20:33:15.502061+00:00,275,2,cube2 onto cube1
coraplex_panda_demo_v2,2026-08-11 15:06:22.671206+00:00,275,2,cube2 onto cube1
coraplex_panda_demo_v2,2026-08-11 15:06:22.671206+00:00,275,3,cube3 onto cube2
coraplex_panda_demo_v2,2026-08-11 20:33:15.502061+00:00,275,3,cube3 onto cube2
coraplex_panda_demo_v2,2026-08-10 07:57:25.429533+00:00,276,1,cube1 onto cube0
coraplex_panda_demo_v2,2026-08-10 17:08:54.640351+00:00,276,1,cube1 onto cube0
coraplex_panda_demo_v2,2026-08-11 20:33:15.502061+00:00,276,1,cube1 onto cube0
coraplex_panda_demo_v2,2026-08-10 17:08:54.640351+00:00,276,2,cube2 onto cube1
coraplex_panda_demo_v2,2026-08-10 07:57:25.429533+00:00,276,2,cube2 onto cube1
coraplex_panda_demo_v2,2026-08-11 20:33:15.502061+00:00,276,2,cube2 onto cube1
coraplex_panda_demo_v2,2026-08-10 07:57:25.429533+00:00,276,3,cube3 onto cube2
coraplex_panda_demo_v2,2026-08-10 17:08:54.640351+00:00,276,3,cube3 onto cube2
coraplex_panda_demo_v2,2026-08-11 20:33:15.502061+00:00,276,3,cube3 onto cube2
coraplex_panda_demo_v2,2026-08-10 07:57:25.429533+00:00,277,1,cube1 onto cube0
coraplex_panda_demo_v2,2026-08-10 23:06:47.708181+00:00,277,1,cube1 onto cube0
coraplex_panda_demo_v2,2026-08-10 23:06:47.708181+00:00,277,2,cube2 onto cube1
coraplex_panda_demo_v2,2026-08-10 07:57:25.429533+00:00,277,2,cube2 onto cube1
coraplex_panda_demo_v2,2026-08-10 23:06:47.708181+00:00,277,3,cube3 onto cube2
coraplex_panda_demo_v2,2026-08-10 07:57:25.429533+00:00,277,3,cube3 onto cube2
coraplex_panda_demo_v2,2026-08-11 20:33:15.502061+00:00,278,1,cube1 onto cube0
coraplex_panda_demo_v2,2026-08-11 15:06:22.671206+00:00,278,1,cube1 onto cube0
coraplex_panda_demo_v2,2026-08-11 20:33:15.502061+00:00,278,2,cube2 onto cube1
coraplex_panda_demo_v2,2026-08-11 15:06:22.671206+00:00,278,2,cube2 onto cube1
coraplex_panda_demo_v2,2026-08-11 15:06:22.671206+00:00,278,3,cube3 onto cube2
coraplex_panda_demo_v2,2026-08-11 20:33:15.502061+00:00,278,3,cube3 onto cube2
coraplex_panda_demo_v2,2026-08-11 15:06:22.671206+00:00,279,1,cube1 onto cube0
coraplex_panda_demo_v2,2026-08-10 23:06:47.708181+00:00,279,1,cube1 onto cube0
coraplex_panda_demo_v2,2026-08-10 07:57:25.429533+00:00,279,1,cube1 onto cube0
coraplex_panda_demo_v2,2026-08-10 17:08:54.640351+00:00,279,1,cube1 onto cube0
coraplex_panda_demo_v2,2026-08-11 20:33:15.502061+00:00,279,1,cube1 onto cube0
coraplex_panda_demo_v2,2026-08-10 17:08:54.640351+00:00,279,2,cube2 onto cube1
coraplex_panda_demo_v2,2026-08-11 15:06:22.671206+00:00,279,2,cube2 onto cube1
coraplex_panda_demo_v2,2026-08-10 23:06:47.708181+00:00,279,2,cube2 onto cube1
coraplex_panda_demo_v2,2026-08-10 07:57:25.429533+00:00,279,2,cube2 onto cube1
coraplex_panda_demo_v2,2026-08-11 20:33:15.502061+00:00,279,2,cube2 onto cube1
coraplex_panda_demo_v2,2026-08-11 15:06:22.671206+00:00,279,3,cube3 onto cube2
coraplex_panda_demo_v2,2026-08-10 17:08:54.640351+00:00,279,3,cube3 onto cube2
coraplex_panda_demo_v2,2026-08-10 07:57:25.429533+00:00,279,3,cube3 onto cube2
coraplex_panda_demo_v2,2026-08-10 23:06:47.708181+00:00,279,3,cube3 onto cube2
coraplex_panda_demo_v2,2026-08-11 20:33:15.502061+00:00,279,3,cube3 onto cube2
coraplex_panda_demo_v2,2026-08-11 20:33:15.502061+00:00,280,1,cube1 onto cube0
coraplex_panda_demo_v2,2026-08-10 23:06:47.708181+00:00,280,1,cube1 onto cube0
coraplex_panda_demo_v2,2026-08-11 20:33:15.502061+00:00,280,2,cube2 onto cube1
coraplex_panda_demo_v2,2026-08-10 23:06:47.708181+00:00,280,2,cube2 onto cube1
coraplex_panda_demo_v2,2026-08-11 20:33:15.502061+00:00,280,3,cube3 onto cube2
coraplex_panda_demo_v2,2026-08-10 23:06:47.708181+00:00,280,3,cube3 onto cube2
coraplex_panda_demo_v2,2026-08-11 15:06:22.671206+00:00,281,1,cube1 onto cube0
coraplex_panda_demo_v2,2026-08-10 07:57:25.429533+00:00,281,1,cube1 onto cube0
coraplex_panda_demo_v2,2026-08-10 23:06:47.708181+00:00,281,1,cube1 onto cube0
coraplex_panda_demo_v2,2026-08-10 17:08:54.640351+00:00,281,1,cube1 onto cube0
coraplex_panda_demo_v2,2026-08-11 20:33:15.502061+00:00,281,1,cube1 onto cube0
coraplex_panda_demo_v2,2026-08-10 17:08:54.640351+00:00,281,2,cube2 onto cube1
coraplex_panda_demo_v2,2026-08-11 20:33:15.502061+00:00,281,2,cube2 onto cube1
coraplex_panda_demo_v2,2026-08-10 07:57:25.429533+00:00,281,2,cube2 onto cube1
coraplex_panda_demo_v2,2026-08-10 23:06:47.708181+00:00,281,2,cube2 onto cube1
coraplex_panda_demo_v2,2026-08-11 15:06:22.671206+00:00,281,2,cube2 onto cube1
coraplex_panda_demo_v2,2026-08-10 17:08:54.640351+00:00,281,3,cube3 onto cube2
coraplex_panda_demo_v2,2026-08-11 15:06:22.671206+00:00,281,3,cube3 onto cube2
coraplex_panda_demo_v2,2026-08-10 07:57:25.429533+00:00,281,3,cube3 onto cube2
coraplex_panda_demo_v2,2026-08-10 23:06:47.708181+00:00,281,3,cube3 onto cube2
coraplex_panda_demo_v2,2026-08-11 20:33:15.502061+00:00,281,3,cube3 onto cube2
coraplex_panda_demo_v2,2026-08-11 15:06:22.671206+00:00,282,1,cube1 onto cube0
coraplex_panda_demo_v2,2026-08-11 20:33:15.502061+00:00,282,1,cube1 onto cube0
coraplex_panda_demo_v2,2026-08-11 20:33:15.502061+00:00,282,2,cube2 onto cube1
coraplex_panda_demo_v2,2026-08-11 15:06:22.671206+00:00,282,2,cube2 onto cube1
coraplex_panda_demo_v2,2026-08-11 15:06:22.671206+00:00,282,3,cube3 onto cube2
coraplex_panda_demo_v2,2026-08-11 20:33:15.502061+00:00,282,3,cube3 onto cube2
coraplex_panda_demo_v2,2026-08-10 23:06:47.708181+00:00,283,1,cube1 onto cube0
coraplex_panda_demo_v2,2026-08-10 07:57:25.429533+00:00,283,1,cube1 onto cube0
coraplex_panda_demo_v2,2026-08-11 15:06:22.671206+00:00,283,1,cube1 onto cube0
coraplex_panda_demo_v2,2026-08-11 15:06:22.671206+00:00,283,2,cube2 onto cube1
coraplex_panda_demo_v2,2026-08-10 23:06:47.708181+00:00,283,2,cube2 onto cube1
coraplex_panda_demo_v2,2026-08-10 07:57:25.429533+00:00,283,2,cube2 onto cube1
coraplex_panda_demo_v2,2026-08-11 15:06:22.671206+00:00,283,3,cube3 onto cube2
coraplex_panda_demo_v2,2026-08-10 23:06:47.708181+00:00,283,3,cube3 onto cube2
coraplex_panda_demo_v2,2026-08-10 07:57:25.429533+00:00,283,3,cube3 onto cube2
coraplex_panda_demo_v2,2026-08-11 20:33:15.502061+00:00,284,1,cube1 onto cube0
coraplex_panda_demo_v2,2026-08-10 17:08:54.640351+00:00,284,1,cube1 onto cube0
coraplex_panda_demo_v2,2026-08-10 07:57:25.429533+00:00,284,1,cube1 onto cube0
coraplex_panda_demo_v2,2026-08-11 15:06:22.671206+00:00,284,1,cube1 onto cube0
coraplex_panda_demo_v2,2026-08-10 23:06:47.708181+00:00,284,1,cube1 onto cube0
coraplex_panda_demo_v2,2026-08-11 15:06:22.671206+00:00,284,2,cube2 onto cube1
coraplex_panda_demo_v2,2026-08-11 20:33:15.502061+00:00,284,2,cube2 onto cube1
coraplex_panda_demo_v2,2026-08-10 17:08:54.640351+00:00,284,2,cube2 onto cube1
coraplex_panda_demo_v2,2026-08-10 23:06:47.708181+00:00,284,2,cube2 onto cube1
coraplex_panda_demo_v2,2026-08-10 07:57:25.429533+00:00,284,2,cube2 onto cube1
coraplex_panda_demo_v2,2026-08-11 20:33:15.502061+00:00,284,3,cube3 onto cube2
coraplex_panda_demo_v2,2026-08-10 17:08:54.640351+00:00,284,3,cube3 onto cube2
coraplex_panda_demo_v2,2026-08-11 15:06:22.671206+00:00,284,3,cube3 onto cube2
coraplex_panda_demo_v2,2026-08-10 23:06:47.708181+00:00,284,3,cube3 onto cube2
coraplex_panda_demo_v2,2026-08-10 07:57:25.429533+00:00,284,3,cube3 onto cube2
coraplex_panda_demo_v2,2026-08-10 23:06:47.708181+00:00,285,1,cube1 onto cube0
coraplex_panda_demo_v2,2026-08-10 07:57:25.429533+00:00,285,1,cube1 onto cube0
coraplex_panda_demo_v2,2026-08-10 17:08:54.640351+00:00,285,1,cube1 onto cube0
coraplex_panda_demo_v2,2026-08-10 17:08:54.640351+00:00,285,2,cube2 onto cube1
coraplex_panda_demo_v2,2026-08-10 07:57:25.429533+00:00,285,2,cube2 onto cube1
coraplex_panda_demo_v2,2026-08-10 23:06:47.708181+00:00,285,2,cube2 onto cube1
coraplex_panda_demo_v2,2026-08-10 07:57:25.429533+00:00,285,3,cube3 onto cube2
coraplex_panda_demo_v2,2026-08-10 17:08:54.640351+00:00,285,3,cube3 onto cube2
coraplex_panda_demo_v2,2026-08-10 23:06:47.708181+00:00,285,3,cube3 onto cube2
coraplex_panda_demo_v2,2026-08-10 17:08:54.640351+00:00,286,1,cube1 onto cube0
coraplex_panda_demo_v2,2026-08-10 07:57:25.429533+00:00,286,1,cube1 onto cube0
coraplex_panda_demo_v2,2026-08-11 15:06:22.671206+00:00,286,1,cube1 onto cube0
coraplex_panda_demo_v2,2026-08-11 20:33:15.502061+00:00,286,1,cube1 onto cube0
coraplex_panda_demo_v2,2026-08-11 15:06:22.671206+00:00,286,2,cube2 onto cube1
coraplex_panda_demo_v2,2026-08-10 07:57:25.429533+00:00,286,2,cube2 onto cube1
coraplex_panda_demo_v2,2026-08-11 20:33:15.502061+00:00,286,2,cube2 onto cube1
coraplex_panda_demo_v2,2026-08-10 17:08:54.640351+00:00,286,2,cube2 onto cube1
coraplex_panda_demo_v2,2026-08-11 15:06:22.671206+00:00,286,3,cube3 onto cube2
coraplex_panda_demo_v2,2026-08-11 20:33:15.502061+00:00,286,3,cube3 onto cube2
coraplex_panda_demo_v2,2026-08-10 17:08:54.640351+00:00,286,3,cube3 onto cube2
coraplex_panda_demo_v2,2026-08-10 07:57:25.429533+00:00,286,3,cube3 onto cube2
coraplex_panda_demo_v2,2026-08-10 23:06:47.708181+00:00,287,1,cube1 onto cube0
coraplex_panda_demo_v2,2026-08-10 07:57:25.429533+00:00,287,1,cube1 onto cube0
coraplex_panda_demo_v2,2026-08-11 20:33:15.502061+00:00,287,1,cube1 onto cube0
coraplex_panda_demo_v2,2026-08-10 17:08:54.640351+00:00,287,1,cube1 onto cube0
coraplex_panda_demo_v2,2026-08-11 15:06:22.671206+00:00,287,1,cube1 onto cube0
coraplex_panda_demo_v2,2026-08-11 20:33:15.502061+00:00,287,2,cube2 onto cube1
coraplex_panda_demo_v2,2026-08-11 15:06:22.671206+00:00,287,2,cube2 onto cube1
coraplex_panda_demo_v2,2026-08-10 07:57:25.429533+00:00,287,2,cube2 onto cube1
coraplex_panda_demo_v2,2026-08-10 17:08:54.640351+00:00,287,2,cube2 onto cube1
coraplex_panda_demo_v2,2026-08-10 23:06:47.708181+00:00,287,2,cube2 onto cube1
coraplex_panda_demo_v2,2026-08-10 17:08:54.640351+00:00,287,3,cube3 onto cube2
coraplex_panda_demo_v2,2026-08-10 23:06:47.708181+00:00,287,3,cube3 onto cube2
coraplex_panda_demo_v2,2026-08-10 07:57:25.429533+00:00,287,3,cube3 onto cube2
coraplex_panda_demo_v2,2026-08-11 15:06:22.671206+00:00,287,3,cube3 onto cube2
coraplex_panda_demo_v2,2026-08-11 20:33:15.502061+00:00,287,3,cube3 onto cube2
coraplex_panda_demo_v2,2026-08-10 07:57:25.429533+00:00,288,1,cube1 onto cube0
coraplex_panda_demo_v2,2026-08-10 23:06:47.708181+00:00,288,1,cube1 onto cube0
coraplex_panda_demo_v2,2026-08-11 20:33:15.502061+00:00,288,1,cube1 onto cube0
coraplex_panda_demo_v2,2026-08-10 17:08:54.640351+00:00,288,1,cube1 onto cube0
coraplex_panda_demo_v2,2026-08-10 17:08:54.640351+00:00,288,2,cube2 onto cube1
coraplex_panda_demo_v2,2026-08-10 23:06:47.708181+00:00,288,2,cube2 onto cube1
coraplex_panda_demo_v2,2026-08-11 20:33:15.502061+00:00,288,2,cube2 onto cube1
coraplex_panda_demo_v2,2026-08-10 07:57:25.429533+00:00,288,2,cube2 onto cube1
coraplex_panda_demo_v2,2026-08-11 20:33:15.502061+00:00,288,3,cube3 onto cube2
coraplex_panda_demo_v2,2026-08-10 07:57:25.429533+00:00,288,3,cube3 onto cube2
coraplex_panda_demo_v2,2026-08-10 17:08:54.640351+00:00,288,3,cube3 onto cube2
coraplex_panda_demo_v2,2026-08-10 23:06:47.708181+00:00,288,3,cube3 onto cube2
coraplex_panda_demo_v2,2026-08-10 23:06:47.708181+00:00,289,1,cube1 onto cube0
coraplex_panda_demo_v2,2026-08-10 17:08:54.640351+00:00,289,1,cube1 onto cube0
coraplex_panda_demo_v2,2026-08-10 23:06:47.708181+00:00,289,2,cube2 onto cube1
coraplex_panda_demo_v2,2026-08-10 17:08:54.640351+00:00,289,2,cube2 onto cube1
coraplex_panda_demo_v2,2026-08-10 17:08:54.640351+00:00,289,3,cube3 onto cube2
coraplex_panda_demo_v2,2026-08-10 23:06:47.708181+00:00,289,3,cube3 onto cube2
coraplex_panda_demo_v2,2026-08-11 15:06:22.671206+00:00,290,1,cube1 onto cube0
coraplex_panda_demo_v2,2026-08-11 20:33:15.502061+00:00,290,1,cube1 onto cube0
coraplex_panda_demo_v2,2026-08-11 15:06:22.671206+00:00,290,2,cube2 onto cube1
coraplex_panda_demo_v2,2026-08-11 20:33:15.502061+00:00,290,2,cube2 onto cube1
coraplex_panda_demo_v2,2026-08-11 15:06:22.671206+00:00,290,3,cube3 onto cube2
coraplex_panda_demo_v2,2026-08-11 20:33:15.502061+00:00,290,3,cube3 onto cube2
coraplex_panda_demo_v2,2026-08-11 15:06:22.671206+00:00,291,1,cube1 onto cube0
coraplex_panda_demo_v2,2026-08-10 07:57:25.429533+00:00,291,1,cube1 onto cube0
coraplex_panda_demo_v2,2026-08-10 17:08:54.640351+00:00,291,1,cube1 onto cube0
coraplex_panda_demo_v2,2026-08-10 23:06:47.708181+00:00,291,1,cube1 onto cube0
coraplex_panda_demo_v2,2026-08-10 17:08:54.640351+00:00,291,2,cube2 onto cube1
coraplex_panda_demo_v2,2026-08-10 07:57:25.429533+00:00,291,2,cube2 onto cube1
coraplex_panda_demo_v2,2026-08-10 23:06:47.708181+00:00,291,2,cube2 onto cube1
coraplex_panda_demo_v2,2026-08-11 15:06:22.671206+00:00,291,2,cube2 onto cube1
coraplex_panda_demo_v2,2026-08-10 07:57:25.429533+00:00,291,3,cube3 onto cube2
coraplex_panda_demo_v2,2026-08-11 15:06:22.671206+00:00,291,3,cube3 onto cube2
coraplex_panda_demo_v2,2026-08-10 17:08:54.640351+00:00,291,3,cube3 onto cube2
coraplex_panda_demo_v2,2026-08-10 23:06:47.708181+00:00,291,3,cube3 onto cube2
coraplex_panda_demo_v2,2026-08-10 07:57:25.429533+00:00,292,1,cube1 onto cube0
coraplex_panda_demo_v2,2026-08-10 07:57:25.429533+00:00,292,2,cube2 onto cube1
coraplex_panda_demo_v2,2026-08-10 07:57:25.429533+00:00,292,3,cube3 onto cube2
coraplex_panda_demo_v2,2026-08-11 15:06:22.671206+00:00,293,1,cube1 onto cube0
coraplex_panda_demo_v2,2026-08-10 07:57:25.429533+00:00,293,1,cube1 onto cube0
coraplex_panda_demo_v2,2026-08-10 07:57:25.429533+00:00,293,2,cube2 onto cube1
coraplex_panda_demo_v2,2026-08-11 15:06:22.671206+00:00,293,2,cube2 onto cube1
coraplex_panda_demo_v2,2026-08-11 15:06:22.671206+00:00,293,3,cube3 onto cube2
coraplex_panda_demo_v2,2026-08-10 07:57:25.429533+00:00,293,3,cube3 onto cube2
coraplex_panda_demo_v2,2026-08-11 20:33:15.502061+00:00,294,1,cube1 onto cube0
coraplex_panda_demo_v2,2026-08-10 07:57:25.429533+00:00,294,1,cube1 onto cube0
coraplex_panda_demo_v2,2026-08-11 15:06:22.671206+00:00,294,1,cube1 onto cube0
coraplex_panda_demo_v2,2026-08-10 17:08:54.640351+00:00,294,1,cube1 onto cube0
coraplex_panda_demo_v2,2026-08-11 20:33:15.502061+00:00,294,2,cube2 onto cube1
coraplex_panda_demo_v2,2026-08-11 15:06:22.671206+00:00,294,2,cube2 onto cube1
coraplex_panda_demo_v2,2026-08-10 17:08:54.640351+00:00,294,2,cube2 onto cube1
coraplex_panda_demo_v2,2026-08-10 07:57:25.429533+00:00,294,2,cube2 onto cube1
coraplex_panda_demo_v2,2026-08-10 07:57:25.429533+00:00,294,3,cube3 onto cube2
coraplex_panda_demo_v2,2026-08-11 15:06:22.671206+00:00,294,3,cube3 onto cube2
coraplex_panda_demo_v2,2026-08-11 20:33:15.502061+00:00,294,3,cube3 onto cube2
coraplex_panda_demo_v2,2026-08-10 17:08:54.640351+00:00,294,3,cube3 onto cube2
coraplex_panda_demo_v2,2026-08-10 07:57:25.429533+00:00,295,1,cube1 onto cube0
coraplex_panda_demo_v2,2026-08-11 20:33:15.502061+00:00,295,1,cube1 onto cube0
coraplex_panda_demo_v2,2026-08-11 20:33:15.502061+00:00,295,2,cube2 onto cube1
coraplex_panda_demo_v2,2026-08-10 07:57:25.429533+00:00,295,2,cube2 onto cube1
coraplex_panda_demo_v2,2026-08-11 20:33:15.502061+00:00,295,3,cube3 onto cube2
coraplex_panda_demo_v2,2026-08-10 07:57:25.429533+00:00,295,3,cube3 onto cube2
coraplex_panda_demo_v2,2026-08-10 23:06:47.708181+00:00,296,1,cube1 onto cube0
coraplex_panda_demo_v2,2026-08-11 20:33:15.502061+00:00,296,1,cube1 onto cube0
coraplex_panda_demo_v2,2026-08-10 23:06:47.708181+00:00,296,2,cube2 onto cube1
coraplex_panda_demo_v2,2026-08-11 20:33:15.502061+00:00,296,2,cube2 onto cube1
coraplex_panda_demo_v2,2026-08-11 20:33:15.502061+00:00,296,3,cube3 onto cube2
coraplex_panda_demo_v2,2026-08-10 23:06:47.708181+00:00,296,3,cube3 onto cube2
coraplex_panda_demo_v2,2026-08-10 23:06:47.708181+00:00,297,1,cube1 onto cube0
coraplex_panda_demo_v2,2026-08-10 17:08:54.640351+00:00,297,1,cube1 onto cube0
coraplex_panda_demo_v2,2026-08-11 15:06:22.671206+00:00,297,1,cube1 onto cube0
coraplex_panda_demo_v2,2026-08-10 23:06:47.708181+00:00,297,2,cube2 onto cube1
coraplex_panda_demo_v2,2026-08-10 17:08:54.640351+00:00,297,2,cube2 onto cube1
coraplex_panda_demo_v2,2026-08-11 15:06:22.671206+00:00,297,2,cube2 onto cube1
coraplex_panda_demo_v2,2026-08-10 17:08:54.640351+00:00,297,3,cube3 onto cube2
coraplex_panda_demo_v2,2026-08-11 15:06:22.671206+00:00,297,3,cube3 onto cube2
coraplex_panda_demo_v2,2026-08-10 23:06:47.708181+00:00,297,3,cube3 onto cube2
coraplex_panda_demo_v2,2026-08-11 20:33:15.502061+00:00,298,1,cube1 onto cube0
coraplex_panda_demo_v2,2026-08-10 07:57:25.429533+00:00,298,1,cube1 onto cube0
coraplex_panda_demo_v2,2026-08-11 15:06:22.671206+00:00,298,1,cube1 onto cube0
coraplex_panda_demo_v2,2026-08-10 23:06:47.708181+00:00,298,1,cube1 onto cube0
coraplex_panda_demo_v2,2026-08-10 17:08:54.640351+00:00,298,1,cube1 onto cube0
coraplex_panda_demo_v2,2026-08-11 20:33:15.502061+00:00,298,2,cube2 onto cube1
coraplex_panda_demo_v2,2026-08-10 07:57:25.429533+00:00,298,2,cube2 onto cube1
coraplex_panda_demo_v2,2026-08-11 15:06:22.671206+00:00,298,2,cube2 onto cube1
coraplex_panda_demo_v2,2026-08-10 23:06:47.708181+00:00,298,2,cube2 onto cube1
coraplex_panda_demo_v2,2026-08-10 17:08:54.640351+00:00,298,2,cube2 onto cube1
coraplex_panda_demo_v2,2026-08-10 23:06:47.708181+00:00,298,3,cube3 onto cube2
coraplex_panda_demo_v2,2026-08-10 07:57:25.429533+00:00,298,3,cube3 onto cube2
coraplex_panda_demo_v2,2026-08-10 17:08:54.640351+00:00,298,3,cube3 onto cube2
coraplex_panda_demo_v2,2026-08-11 15:06:22.671206+00:00,298,3,cube3 onto cube2
coraplex_panda_demo_v2,2026-08-11 20:33:15.502061+00:00,298,3,cube3 onto cube2
coraplex_panda_demo_v2,2026-08-10 17:08:54.640351+00:00,299,1,cube1 onto cube0
coraplex_panda_demo_v2,2026-08-11 15:06:22.671206+00:00,299,1,cube1 onto cube0
coraplex_panda_demo_v2,2026-08-11 15:06:22.671206+00:00,299,2,cube2 onto cube1
coraplex_panda_demo_v2,2026-08-10 17:08:54.640351+00:00,299,2,cube2 onto cube1
coraplex_panda_demo_v2,2026-08-10 17:08:54.640351+00:00,299,3,cube3 onto cube2
coraplex_panda_demo_v2,2026-08-11 15:06:22.671206+00:00,299,3,cube3 onto cube2
coraplex_panda_demo_v2,2026-08-11 20:33:15.502061+00:00,300,1,cube1 onto cube0
coraplex_panda_demo_v2,2026-08-10 23:06:47.708181+00:00,300,1,cube1 onto cube0
coraplex_panda_demo_v2,2026-08-10 07:57:25.429533+00:00,300,1,cube1 onto cube0
coraplex_panda_demo_v2,2026-08-10 17:08:54.640351+00:00,300,1,cube1 onto cube0
coraplex_panda_demo_v2,2026-08-11 15:06:22.671206+00:00,300,1,cube1 onto cube0
coraplex_panda_demo_v2,2026-08-10 23:06:47.708181+00:00,300,2,cube2 onto cube1
coraplex_panda_demo_v2,2026-08-10 17:08:54.640351+00:00,300,2,cube2 onto cube1
coraplex_panda_demo_v2,2026-08-11 15:06:22.671206+00:00,300,2,cube2 onto cube1
coraplex_panda_demo_v2,2026-08-10 07:57:25.429533+00:00,300,2,cube2 onto cube1
coraplex_panda_demo_v2,2026-08-11 20:33:15.502061+00:00,300,2,cube2 onto cube1
coraplex_panda_demo_v2,2026-08-10 07:57:25.429533+00:00,300,3,cube3 onto cube2
coraplex_panda_demo_v2,2026-08-10 17:08:54.640351+00:00,300,3,cube3 onto cube2
coraplex_panda_demo_v2,2026-08-11 20:33:15.502061+00:00,300,3,cube3 onto cube2
coraplex_panda_demo_v2,2026-08-11 15:06:22.671206+00:00,300,3,cube3 onto cube2
coraplex_panda_demo_v2,2026-08-10 23:06:47.708181+00:00,300,3,cube3 onto cube2
coraplex_panda_demo_v2,2026-08-11 15:06:22.671206+00:00,301,1,cube1 onto cube0
coraplex_panda_demo_v2,2026-08-11 20:33:15.502061+00:00,301,1,cube1 onto cube0
coraplex_panda_demo_v2,2026-08-10 07:57:25.429533+00:00,301,1,cube1 onto cube0
coraplex_panda_demo_v2,2026-08-11 15:06:22.671206+00:00,301,2,cube2 onto cube1
coraplex_panda_demo_v2,2026-08-10 07:57:25.429533+00:00,301,2,cube2 onto cube1
coraplex_panda_demo_v2,2026-08-11 20:33:15.502061+00:00,301,2,cube2 onto cube1
coraplex_panda_demo_v2,2026-08-11 20:33:15.502061+00:00,301,3,cube3 onto cube2
coraplex_panda_demo_v2,2026-08-10 07:57:25.429533+00:00,301,3,cube3 onto cube2
coraplex_panda_demo_v2,2026-08-11 15:06:22.671206+00:00,301,3,cube3 onto cube2
coraplex_panda_demo_v2,2026-08-11 15:06:22.671206+00:00,302,1,cube1 onto cube0
coraplex_panda_demo_v2,2026-08-10 07:57:25.429533+00:00,302,1,cube1 onto cube0
coraplex_panda_demo_v2,2026-08-10 07:57:25.429533+00:00,302,2,cube2 onto cube1
coraplex_panda_demo_v2,2026-08-11 15:06:22.671206+00:00,302,2,cube2 onto cube1
coraplex_panda_demo_v2,2026-08-11 15:06:22.671206+00:00,302,3,cube3 onto cube2
coraplex_panda_demo_v2,2026-08-10 07:57:25.429533+00:00,302,3,cube3 onto cube2
coraplex_panda_demo_v2,2026-08-11 20:33:15.502061+00:00,303,1,cube1 onto cube0
coraplex_panda_demo_v2,2026-08-10 17:08:54.640351+00:00,303,1,cube1 onto cube0
coraplex_panda_demo_v2,2026-08-10 17:08:54.640351+00:00,303,2,cube2 onto cube1
coraplex_panda_demo_v2,2026-08-11 20:33:15.502061+00:00,303,2,cube2 onto cube1
coraplex_panda_demo_v2,2026-08-10 17:08:54.640351+00:00,303,3,cube3 onto cube2
coraplex_panda_demo_v2,2026-08-11 20:33:15.502061+00:00,303,3,cube3 onto cube2
coraplex_panda_demo_v2,2026-08-10 17:08:54.640351+00:00,304,1,cube1 onto cube0
coraplex_panda_demo_v2,2026-08-10 23:06:47.708181+00:00,304,1,cube1 onto cube0
coraplex_panda_demo_v2,2026-08-10 17:08:54.640351+00:00,304,2,cube2 onto cube1
coraplex_panda_demo_v2,2026-08-10 23:06:47.708181+00:00,304,2,cube2 onto cube1
coraplex_panda_demo_v2,2026-08-10 23:06:47.708181+00:00,304,3,cube3 onto cube2
coraplex_panda_demo_v2,2026-08-10 17:08:54.640351+00:00,304,3,cube3 onto cube2
coraplex_panda_demo_v2,2026-08-10 07:57:25.429533+00:00,305,1,cube1 onto cube0
coraplex_panda_demo_v2,2026-08-11 15:06:22.671206+00:00,305,1,cube1 onto cube0
coraplex_panda_demo_v2,2026-08-10 23:06:47.708181+00:00,305,1,cube1 onto cube0
coraplex_panda_demo_v2,2026-08-11 15:06:22.671206+00:00,305,2,cube2 onto cube1
coraplex_panda_demo_v2,2026-08-10 07:57:25.429533+00:00,305,2,cube2 onto cube1
coraplex_panda_demo_v2,2026-08-10 23:06:47.708181+00:00,305,2,cube2 onto cube1
coraplex_panda_demo_v2,2026-08-11 15:06:22.671206+00:00,305,3,cube3 onto cube2
coraplex_panda_demo_v2,2026-08-10 23:06:47.708181+00:00,305,3,cube3 onto cube2
coraplex_panda_demo_v2,2026-08-10 07:57:25.429533+00:00,305,3,cube3 onto cube2
coraplex_panda_demo_v2,2026-08-10 23:06:47.708181+00:00,306,1,cube1 onto cube0
coraplex_panda_demo_v2,2026-08-10 07:57:25.429533+00:00,306,1,cube1 onto cube0
coraplex_panda_demo_v2,2026-08-10 23:06:47.708181+00:00,306,2,cube2 onto cube1
coraplex_panda_demo_v2,2026-08-10 07:57:25.429533+00:00,306,2,cube2 onto cube1
coraplex_panda_demo_v2,2026-08-10 23:06:47.708181+00:00,306,3,cube3 onto cube2
coraplex_panda_demo_v2,2026-08-10 07:57:25.429533+00:00,306,3,cube3 onto cube2
coraplex_panda_demo_v2,2026-08-11 15:06:22.671206+00:00,307,1,cube1 onto cube0
coraplex_panda_demo_v2,2026-08-10 07:57:25.429533+00:00,307,1,cube1 onto cube0
coraplex_panda_demo_v2,2026-08-11 20:33:15.502061+00:00,307,1,cube1 onto cube0
coraplex_panda_demo_v2,2026-08-11 15:06:22.671206+00:00,307,2,cube2 onto cube1
coraplex_panda_demo_v2,2026-08-10 07:57:25.429533+00:00,307,2,cube2 onto cube1
coraplex_panda_demo_v2,2026-08-11 20:33:15.502061+00:00,307,2,cube2 onto cube1
coraplex_panda_demo_v2,2026-08-10 07:57:25.429533+00:00,307,3,cube3 onto cube2
coraplex_panda_demo_v2,2026-08-11 20:33:15.502061+00:00,307,3,cube3 onto cube2
coraplex_panda_demo_v2,2026-08-11 15:06:22.671206+00:00,307,3,cube3 onto cube2
coraplex_panda_demo_v2,2026-08-10 07:57:25.429533+00:00,308,1,cube1 onto cube0
coraplex_panda_demo_v2,2026-08-10 23:06:47.708181+00:00,308,1,cube1 onto cube0
coraplex_panda_demo_v2,2026-08-11 20:33:15.502061+00:00,308,1,cube1 onto cube0
coraplex_panda_demo_v2,2026-08-11 20:33:15.502061+00:00,308,2,cube2 onto cube1
coraplex_panda_demo_v2,2026-08-10 07:57:25.429533+00:00,308,2,cube2 onto cube1
coraplex_panda_demo_v2,2026-08-10 23:06:47.708181+00:00,308,2,cube2 onto cube1
coraplex_panda_demo_v2,2026-08-10 23:06:47.708181+00:00,308,3,cube3 onto cube2
coraplex_panda_demo_v2,2026-08-11 20:33:15.502061+00:00,308,3,cube3 onto cube2
coraplex_panda_demo_v2,2026-08-10 07:57:25.429533+00:00,308,3,cube3 onto cube2
coraplex_panda_demo_v2,2026-08-10 17:08:54.640351+00:00,309,1,cube1 onto cube0
coraplex_panda_demo_v2,2026-08-10 23:06:47.708181+00:00,309,1,cube1 onto cube0
coraplex_panda_demo_v2,2026-08-11 20:33:15.502061+00:00,309,1,cube1 onto cube0
coraplex_panda_demo_v2,2026-08-10 23:06:47.708181+00:00,309,2,cube2 onto cube1
coraplex_panda_demo_v2,2026-08-10 17:08:54.640351+00:00,309,2,cube2 onto cube1
coraplex_panda_demo_v2,2026-08-11 20:33:15.502061+00:00,309,2,cube2 onto cube1
coraplex_panda_demo_v2,2026-08-11 20:33:15.502061+00:00,309,3,cube3 onto cube2
coraplex_panda_demo_v2,2026-08-10 23:06:47.708181+00:00,309,3,cube3 onto cube2
coraplex_panda_demo_v2,2026-08-10 17:08:54.640351+00:00,309,3,cube3 onto cube2
coraplex_panda_demo_v2,2026-08-11 15:06:22.671206+00:00,310,1,cube1 onto cube0
coraplex_panda_demo_v2,2026-08-10 23:06:47.708181+00:00,310,1,cube1 onto cube0
coraplex_panda_demo_v2,2026-08-10 17:08:54.640351+00:00,310,1,cube1 onto cube0
coraplex_panda_demo_v2,2026-08-11 20:33:15.502061+00:00,310,1,cube1 onto cube0
coraplex_panda_demo_v2,2026-08-10 07:57:25.429533+00:00,310,1,cube1 onto cube0
coraplex_panda_demo_v2,2026-08-11 20:33:15.502061+00:00,310,2,cube2 onto cube1
coraplex_panda_demo_v2,2026-08-11 15:06:22.671206+00:00,310,2,cube2 onto cube1
coraplex_panda_demo_v2,2026-08-10 07:57:25.429533+00:00,310,2,cube2 onto cube1
coraplex_panda_demo_v2,2026-08-10 17:08:54.640351+00:00,310,2,cube2 onto cube1
coraplex_panda_demo_v2,2026-08-10 23:06:47.708181+00:00,310,2,cube2 onto cube1
coraplex_panda_demo_v2,2026-08-11 20:33:15.502061+00:00,310,3,cube3 onto cube2
coraplex_panda_demo_v2,2026-08-11 15:06:22.671206+00:00,310,3,cube3 onto cube2
coraplex_panda_demo_v2,2026-08-10 23:06:47.708181+00:00,310,3,cube3 onto cube2
coraplex_panda_demo_v2,2026-08-10 07:57:25.429533+00:00,310,3,cube3 onto cube2
coraplex_panda_demo_v2,2026-08-10 17:08:54.640351+00:00,310,3,cube3 onto cube2
coraplex_panda_demo_v2,2026-08-11 20:33:15.502061+00:00,311,1,cube1 onto cube0
coraplex_panda_demo_v2,2026-08-10 07:57:25.429533+00:00,311,1,cube1 onto cube0
coraplex_panda_demo_v2,2026-08-10 17:08:54.640351+00:00,311,1,cube1 onto cube0
coraplex_panda_demo_v2,2026-08-10 07:57:25.429533+00:00,311,2,cube2 onto cube1
coraplex_panda_demo_v2,2026-08-10 17:08:54.640351+00:00,311,2,cube2 onto cube1
coraplex_panda_demo_v2,2026-08-11 20:33:15.502061+00:00,311,2,cube2 onto cube1
coraplex_panda_demo_v2,2026-08-11 20:33:15.502061+00:00,311,3,cube3 onto cube2
coraplex_panda_demo_v2,2026-08-10 07:57:25.429533+00:00,311,3,cube3 onto cube2
coraplex_panda_demo_v2,2026-08-10 17:08:54.640351+00:00,311,3,cube3 onto cube2
coraplex_panda_demo_v2,2026-08-10 07:57:25.429533+00:00,312,1,cube1 onto cube0
coraplex_panda_demo_v2,2026-08-11 20:33:15.502061+00:00,312,1,cube1 onto cube0
coraplex_panda_demo_v2,2026-08-10 23:06:47.708181+00:00,312,1,cube1 onto cube0
coraplex_panda_demo_v2,2026-08-11 15:06:22.671206+00:00,312,1,cube1 onto cube0
coraplex_panda_demo_v2,2026-08-10 17:08:54.640351+00:00,312,1,cube1 onto cube0
coraplex_panda_demo_v2,2026-08-11 15:06:22.671206+00:00,312,2,cube2 onto cube1
coraplex_panda_demo_v2,2026-08-10 07:57:25.429533+00:00,312,2,cube2 onto cube1
coraplex_panda_demo_v2,2026-08-10 23:06:47.708181+00:00,312,2,cube2 onto cube1
coraplex_panda_demo_v2,2026-08-10 17:08:54.640351+00:00,312,2,cube2 onto cube1
coraplex_panda_demo_v2,2026-08-11 20:33:15.502061+00:00,312,2,cube2 onto cube1
coraplex_panda_demo_v2,2026-08-10 23:06:47.708181+00:00,312,3,cube3 onto cube2
coraplex_panda_demo_v2,2026-08-10 07:57:25.429533+00:00,312,3,cube3 onto cube2
coraplex_panda_demo_v2,2026-08-11 20:33:15.502061+00:00,312,3,cube3 onto cube2
coraplex_panda_demo_v2,2026-08-10 17:08:54.640351+00:00,312,3,cube3 onto cube2
coraplex_panda_demo_v2,2026-08-11 15:06:22.671206+00:00,312,3,cube3 onto cube2
coraplex_panda_demo_v2,2026-08-10 23:06:47.708181+00:00,313,1,cube1 onto cube0
coraplex_panda_demo_v2,2026-08-10 17:08:54.640351+00:00,313,1,cube1 onto cube0
coraplex_panda_demo_v2,2026-08-11 20:33:15.502061+00:00,313,1,cube1 onto cube0
coraplex_panda_demo_v2,2026-08-11 15:06:22.671206+00:00,313,1,cube1 onto cube0
coraplex_panda_demo_v2,2026-08-10 23:06:47.708181+00:00,313,2,cube2 onto cube1
coraplex_panda_demo_v2,2026-08-11 15:06:22.671206+00:00,313,2,cube2 onto cube1
coraplex_panda_demo_v2,2026-08-10 17:08:54.640351+00:00,313,2,cube2 onto cube1
coraplex_panda_demo_v2,2026-08-11 20:33:15.502061+00:00,313,2,cube2 onto cube1
coraplex_panda_demo_v2,2026-08-11 20:33:15.502061+00:00,313,3,cube3 onto cube2
coraplex_panda_demo_v2,2026-08-10 23:06:47.708181+00:00,313,3,cube3 onto cube2
coraplex_panda_demo_v2,2026-08-11 15:06:22.671206+00:00,313,3,cube3 onto cube2
coraplex_panda_demo_v2,2026-08-10 17:08:54.640351+00:00,313,3,cube3 onto cube2
coraplex_panda_demo_v2,2026-08-10 23:06:47.708181+00:00,314,1,cube1 onto cube0
coraplex_panda_demo_v2,2026-08-11 20:33:15.502061+00:00,314,1,cube1 onto cube0
coraplex_panda_demo_v2,2026-08-10 07:57:25.429533+00:00,314,1,cube1 onto cube0
coraplex_panda_demo_v2,2026-08-10 17:08:54.640351+00:00,314,1,cube1 onto cube0
coraplex_panda_demo_v2,2026-08-11 20:33:15.502061+00:00,314,2,cube2 onto cube1
coraplex_panda_demo_v2,2026-08-10 07:57:25.429533+00:00,314,2,cube2 onto cube1
coraplex_panda_demo_v2,2026-08-10 23:06:47.708181+00:00,314,2,cube2 onto cube1
coraplex_panda_demo_v2,2026-08-10 17:08:54.640351+00:00,314,2,cube2 onto cube1
coraplex_panda_demo_v2,2026-08-10 17:08:54.640351+00:00,314,3,cube3 onto cube2
coraplex_panda_demo_v2,2026-08-11 20:33:15.502061+00:00,314,3,cube3 onto cube2
coraplex_panda_demo_v2,2026-08-10 07:57:25.429533+00:00,314,3,cube3 onto cube2
coraplex_panda_demo_v2,2026-08-10 23:06:47.708181+00:00,314,3,cube3 onto cube2
coraplex_panda_demo_v2,2026-08-10 23:06:47.708181+00:00,315,1,cube1 onto cube0
coraplex_panda_demo_v2,2026-08-10 23:06:47.708181+00:00,315,2,cube2 onto cube1
coraplex_panda_demo_v2,2026-08-10 23:06:47.708181+00:00,315,3,cube3 onto cube2
coraplex_panda_demo_v2,2026-08-11 15:06:22.671206+00:00,316,1,cube1 onto cube0
coraplex_panda_demo_v2,2026-08-10 07:57:25.429533+00:00,316,1,cube1 onto cube0
coraplex_panda_demo_v2,2026-08-11 15:06:22.671206+00:00,316,2,cube2 onto cube1
coraplex_panda_demo_v2,2026-08-10 07:57:25.429533+00:00,316,2,cube2 onto cube1
coraplex_panda_demo_v2,2026-08-10 07:57:25.429533+00:00,316,3,cube3 onto cube2
coraplex_panda_demo_v2,2026-08-11 15:06:22.671206+00:00,316,3,cube3 onto cube2
coraplex_panda_demo_v2,2026-08-11 15:06:22.671206+00:00,317,1,cube1 onto cube0
coraplex_panda_demo_v2,2026-08-10 07:57:25.429533+00:00,317,1,cube1 onto cube0
coraplex_panda_demo_v2,2026-08-10 07:57:25.429533+00:00,317,2,cube2 onto cube1
coraplex_panda_demo_v2,2026-08-11 15:06:22.671206+00:00,317,2,cube2 onto cube1
coraplex_panda_demo_v2,2026-08-10 07:57:25.429533+00:00,317,3,cube3 onto cube2
coraplex_panda_demo_v2,2026-08-11 15:06:22.671206+00:00,317,3,cube3 onto cube2
coraplex_panda_demo_v2,2026-08-10 17:08:54.640351+00:00,318,1,cube1 onto cube0
coraplex_panda_demo_v2,2026-08-10 07:57:25.429533+00:00,318,1,cube1 onto cube0
coraplex_panda_demo_v2,2026-08-10 07:57:25.429533+00:00,318,2,cube2 onto cube1
coraplex_panda_demo_v2,2026-08-10 17:08:54.640351+00:00,318,2,cube2 onto cube1
coraplex_panda_demo_v2,2026-08-10 17:08:54.640351+00:00,318,3,cube3 onto cube2
coraplex_panda_demo_v2,2026-08-10 07:57:25.429533+00:00,318,3,cube3 onto cube2
coraplex_panda_demo_v2,2026-08-10 23:06:47.708181+00:00,319,1,cube1 onto cube0
coraplex_panda_demo_v2,2026-08-10 17:08:54.640351+00:00,319,1,cube1 onto cube0
coraplex_panda_demo_v2,2026-08-10 07:57:25.429533+00:00,319,1,cube1 onto cube0
coraplex_panda_demo_v2,2026-08-11 20:33:15.502061+00:00,319,1,cube1 onto cube0
coraplex_panda_demo_v2,2026-08-10 07:57:25.429533+00:00,319,2,cube2 onto cube1
coraplex_panda_demo_v2,2026-08-10 17:08:54.640351+00:00,319,2,cube2 onto cube1
coraplex_panda_demo_v2,2026-08-10 23:06:47.708181+00:00,319,2,cube2 onto cube1
coraplex_panda_demo_v2,2026-08-11 20:33:15.502061+00:00,319,2,cube2 onto cube1
coraplex_panda_demo_v2,2026-08-10 23:06:47.708181+00:00,319,3,cube3 onto cube2
coraplex_panda_demo_v2,2026-08-10 17:08:54.640351+00:00,319,3,cube3 onto cube2
coraplex_panda_demo_v2,2026-08-10 07:57:25.429533+00:00,319,3,cube3 onto cube2
coraplex_panda_demo_v2,2026-08-11 20:33:15.502061+00:00,319,3,cube3 onto cube2
coraplex_panda_demo_v2,2026-08-11 20:33:15.502061+00:00,320,1,cube1 onto cube0
coraplex_panda_demo_v2,2026-08-10 17:08:54.640351+00:00,320,1,cube1 onto cube0
coraplex_panda_demo_v2,2026-08-10 23:06:47.708181+00:00,320,1,cube1 onto cube0
coraplex_panda_demo_v2,2026-08-10 23:06:47.708181+00:00,320,2,cube2 onto cube1
coraplex_panda_demo_v2,2026-08-11 20:33:15.502061+00:00,320,2,cube2 onto cube1
coraplex_panda_demo_v2,2026-08-10 17:08:54.640351+00:00,320,2,cube2 onto cube1
coraplex_panda_demo_v2,2026-08-10 23:06:47.708181+00:00,320,3,cube3 onto cube2
coraplex_panda_demo_v2,2026-08-10 17:08:54.640351+00:00,320,3,cube3 onto cube2
coraplex_panda_demo_v2,2026-08-11 20:33:15.502061+00:00,320,3,cube3 onto cube2
coraplex_panda_demo_v2,2026-08-11 15:06:22.671206+00:00,321,1,cube1 onto cube0
coraplex_panda_demo_v2,2026-08-11 15:06:22.671206+00:00,321,2,cube2 onto cube1
coraplex_panda_demo_v2,2026-08-11 15:06:22.671206+00:00,321,3,cube3 onto cube2
coraplex_panda_demo_v2,2026-08-10 23:06:47.708181+00:00,322,1,cube1 onto cube0
coraplex_panda_demo_v2,2026-08-10 07:57:25.429533+00:00,322,1,cube1 onto cube0
coraplex_panda_demo_v2,2026-08-11 15:06:22.671206+00:00,322,1,cube1 onto cube0
coraplex_panda_demo_v2,2026-08-10 17:08:54.640351+00:00,322,1,cube1 onto cube0
coraplex_panda_demo_v2,2026-08-10 23:06:47.708181+00:00,322,2,cube2 onto cube1
coraplex_panda_demo_v2,2026-08-11 15:06:22.671206+00:00,322,2,cube2 onto cube1
coraplex_panda_demo_v2,2026-08-10 07:57:25.429533+00:00,322,2,cube2 onto cube1
coraplex_panda_demo_v2,2026-08-10 17:08:54.640351+00:00,322,2,cube2 onto cube1
coraplex_panda_demo_v2,2026-08-10 23:06:47.708181+00:00,322,3,cube3 onto cube2
coraplex_panda_demo_v2,2026-08-10 17:08:54.640351+00:00,322,3,cube3 onto cube2
coraplex_panda_demo_v2,2026-08-10 07:57:25.429533+00:00,322,3,cube3 onto cube2
coraplex_panda_demo_v2,2026-08-11 15:06:22.671206+00:00,322,3,cube3 onto cube2
coraplex_panda_demo_v2,2026-08-11 15:06:22.671206+00:00,323,1,cube1 onto cube0
coraplex_panda_demo_v2,2026-08-11 20:33:15.502061+00:00,323,1,cube1 onto cube0
coraplex_panda_demo_v2,2026-08-11 15:06:22.671206+00:00,323,2,cube2 onto cube1
coraplex_panda_demo_v2,2026-08-11 20:33:15.502061+00:00,323,2,cube2 onto cube1
coraplex_panda_demo_v2,2026-08-11 20:33:15.502061+00:00,323,3,cube3 onto cube2
coraplex_panda_demo_v2,2026-08-11 15:06:22.671206+00:00,323,3,cube3 onto cube2
coraplex_panda_demo_v2,2026-08-10 07:57:25.429533+00:00,324,1,cube1 onto cube0
coraplex_panda_demo_v2,2026-08-11 20:33:15.502061+00:00,324,1,cube1 onto cube0
coraplex_panda_demo_v2,2026-08-10 23:06:47.708181+00:00,324,1,cube1 onto cube0
coraplex_panda_demo_v2,2026-08-10 17:08:54.640351+00:00,324,1,cube1 onto cube0
coraplex_panda_demo_v2,2026-08-11 15:06:22.671206+00:00,324,1,cube1 onto cube0
coraplex_panda_demo_v2,2026-08-10 07:57:25.429533+00:00,324,2,cube2 onto cube1
coraplex_panda_demo_v2,2026-08-10 23:06:47.708181+00:00,324,2,cube2 onto cube1
coraplex_panda_demo_v2,2026-08-10 17:08:54.640351+00:00,324,2,cube2 onto cube1
coraplex_panda_demo_v2,2026-08-11 15:06:22.671206+00:00,324,2,cube2 onto cube1
coraplex_panda_demo_v2,2026-08-11 20:33:15.502061+00:00,324,2,cube2 onto cube1
coraplex_panda_demo_v2,2026-08-11 20:33:15.502061+00:00,324,3,cube3 onto cube2
coraplex_panda_demo_v2,2026-08-10 23:06:47.708181+00:00,324,3,cube3 onto cube2
coraplex_panda_demo_v2,2026-08-11 15:06:22.671206+00:00,324,3,cube3 onto cube2
coraplex_panda_demo_v2,2026-08-10 17:08:54.640351+00:00,324,3,cube3 onto cube2
coraplex_panda_demo_v2,2026-08-10 07:57:25.429533+00:00,324,3,cube3 onto cube2
coraplex_panda_demo_v2,2026-08-10 23:06:47.708181+00:00,325,1,cube1 onto cube0
coraplex_panda_demo_v2,2026-08-11 20:33:15.502061+00:00,325,1,cube1 onto cube0
coraplex_panda_demo_v2,2026-08-11 20:33:15.502061+00:00,325,2,cube2 onto cube1
coraplex_panda_demo_v2,2026-08-10 23:06:47.708181+00:00,325,2,cube2 onto cube1
coraplex_panda_demo_v2,2026-08-10 23:06:47.708181+00:00,325,3,cube3 onto cube2
coraplex_panda_demo_v2,2026-08-11 20:33:15.502061+00:00,325,3,cube3 onto cube2
coraplex_panda_demo_v2,2026-08-11 15:06:22.671206+00:00,326,1,cube1 onto cube0
coraplex_panda_demo_v2,2026-08-10 17:08:54.640351+00:00,326,1,cube1 onto cube0
coraplex_panda_demo_v2,2026-08-10 23:06:47.708181+00:00,326,1,cube1 onto cube0
coraplex_panda_demo_v2,2026-08-10 07:57:25.429533+00:00,326,1,cube1 onto cube0
coraplex_panda_demo_v2,2026-08-10 23:06:47.708181+00:00,326,2,cube2 onto cube1
coraplex_panda_demo_v2,2026-08-11 15:06:22.671206+00:00,326,2,cube2 onto cube1
coraplex_panda_demo_v2,2026-08-10 17:08:54.640351+00:00,326,2,cube2 onto cube1
coraplex_panda_demo_v2,2026-08-10 07:57:25.429533+00:00,326,2,cube2 onto cube1
coraplex_panda_demo_v2,2026-08-10 07:57:25.429533+00:00,326,3,cube3 onto cube2
coraplex_panda_demo_v2,2026-08-10 23:06:47.708181+00:00,326,3,cube3 onto cube2
coraplex_panda_demo_v2,2026-08-10 17:08:54.640351+00:00,326,3,cube3 onto cube2
coraplex_panda_demo_v2,2026-08-11 15:06:22.671206+00:00,326,3,cube3 onto cube2
coraplex_panda_demo_v2,2026-08-10 17:08:54.640351+00:00,327,1,cube1 onto cube0
coraplex_panda_demo_v2,2026-08-11 20:33:15.502061+00:00,327,1,cube1 onto cube0
coraplex_panda_demo_v2,2026-08-11 15:06:22.671206+00:00,327,1,cube1 onto cube0
coraplex_panda_demo_v2,2026-08-10 07:57:25.429533+00:00,327,1,cube1 onto cube0
coraplex_panda_demo_v2,2026-08-11 20:33:15.502061+00:00,327,2,cube2 onto cube1
coraplex_panda_demo_v2,2026-08-11 15:06:22.671206+00:00,327,2,cube2 onto cube1
coraplex_panda_demo_v2,2026-08-10 17:08:54.640351+00:00,327,2,cube2 onto cube1
coraplex_panda_demo_v2,2026-08-10 07:57:25.429533+00:00,327,2,cube2 onto cube1
coraplex_panda_demo_v2,2026-08-10 17:08:54.640351+00:00,327,3,cube3 onto cube2
coraplex_panda_demo_v2,2026-08-11 15:06:22.671206+00:00,327,3,cube3 onto cube2
coraplex_panda_demo_v2,2026-08-10 07:57:25.429533+00:00,327,3,cube3 onto cube2
coraplex_panda_demo_v2,2026-08-11 20:33:15.502061+00:00,327,3,cube3 onto cube2
coraplex_panda_demo_v2,2026-08-10 17:08:54.640351+00:00,328,1,cube1 onto cube0
coraplex_panda_demo_v2,2026-08-10 07:57:25.429533+00:00,328,1,cube1 onto cube0
coraplex_panda_demo_v2,2026-08-11 15:06:22.671206+00:00,328,1,cube1 onto cube0
coraplex_panda_demo_v2,2026-08-10 23:06:47.708181+00:00,328,1,cube1 onto cube0
coraplex_panda_demo_v2,2026-08-11 20:33:15.502061+00:00,328,1,cube1 onto cube0
coraplex_panda_demo_v2,2026-08-11 15:06:22.671206+00:00,328,2,cube2 onto cube1
coraplex_panda_demo_v2,2026-08-11 20:33:15.502061+00:00,328,2,cube2 onto cube1
coraplex_panda_demo_v2,2026-08-10 07:57:25.429533+00:00,328,2,cube2 onto cube1
coraplex_panda_demo_v2,2026-08-10 17:08:54.640351+00:00,328,2,cube2 onto cube1
coraplex_panda_demo_v2,2026-08-10 23:06:47.708181+00:00,328,2,cube2 onto cube1
coraplex_panda_demo_v2,2026-08-11 20:33:15.502061+00:00,328,3,cube3 onto cube2
coraplex_panda_demo_v2,2026-08-10 07:57:25.429533+00:00,328,3,cube3 onto cube2
coraplex_panda_demo_v2,2026-08-11 15:06:22.671206+00:00,328,3,cube3 onto cube2
coraplex_panda_demo_v2,2026-08-10 17:08:54.640351+00:00,328,3,cube3 onto cube2
coraplex_panda_demo_v2,2026-08-10 23:06:47.708181+00:00,328,3,cube3 onto cube2
coraplex_panda_demo_v2,2026-08-10 23:06:47.708181+00:00,329,1,cube1 onto cube0
coraplex_panda_demo_v2,2026-08-11 15:06:22.671206+00:00,329,1,cube1 onto cube0
coraplex_panda_demo_v2,2026-08-11 20:33:15.502061+00:00,329,1,cube1 onto cube0
coraplex_panda_demo_v2,2026-08-11 15:06:22.671206+00:00,329,2,cube2 onto cube1
coraplex_panda_demo_v2,2026-08-11 20:33:15.502061+00:00,329,2,cube2 onto cube1
coraplex_panda_demo_v2,2026-08-10 23:06:47.708181+00:00,329,2,cube2 onto cube1
coraplex_panda_demo_v2,2026-08-10 23:06:47.708181+00:00,329,3,cube3 onto cube2
coraplex_panda_demo_v2,2026-08-11 15:06:22.671206+00:00,329,3,cube3 onto cube2
coraplex_panda_demo_v2,2026-08-11 20:33:15.502061+00:00,329,3,cube3 onto cube2
coraplex_panda_demo_v2,2026-08-11 20:33:15.502061+00:00,330,1,cube1 onto cube0
coraplex_panda_demo_v2,2026-08-10 23:06:47.708181+00:00,330,1,cube1 onto cube0
coraplex_panda_demo_v2,2026-08-10 17:08:54.640351+00:00,330,1,cube1 onto cube0
coraplex_panda_demo_v2,2026-08-10 23:06:47.708181+00:00,330,2,cube2 onto cube1
coraplex_panda_demo_v2,2026-08-10 17:08:54.640351+00:00,330,2,cube2 onto cube1
coraplex_panda_demo_v2,2026-08-11 20:33:15.502061+00:00,330,2,cube2 onto cube1
coraplex_panda_demo_v2,2026-08-10 17:08:54.640351+00:00,330,3,cube3 onto cube2
coraplex_panda_demo_v2,2026-08-11 20:33:15.502061+00:00,330,3,cube3 onto cube2
coraplex_panda_demo_v2,2026-08-10 23:06:47.708181+00:00,330,3,cube3 onto cube2
coraplex_panda_demo_v2,2026-08-11 15:06:22.671206+00:00,331,1,cube1 onto cube0
coraplex_panda_demo_v2,2026-08-10 07:57:25.429533+00:00,331,1,cube1 onto cube0
coraplex_panda_demo_v2,2026-08-10 07:57:25.429533+00:00,331,2,cube2 onto cube1
coraplex_panda_demo_v2,2026-08-11 15:06:22.671206+00:00,331,2,cube2 onto cube1
coraplex_panda_demo_v2,2026-08-10 07:57:25.429533+00:00,331,3,cube3 onto cube2
coraplex_panda_demo_v2,2026-08-11 15:06:22.671206+00:00,331,3,cube3 onto cube2
coraplex_panda_demo_v2,2026-08-11 15:06:22.671206+00:00,332,1,cube1 onto cube0
coraplex_panda_demo_v2,2026-08-10 23:06:47.708181+00:00,332,1,cube1 onto cube0
coraplex_panda_demo_v2,2026-08-10 07:57:25.429533+00:00,332,1,cube1 onto cube0
coraplex_panda_demo_v2,2026-08-11 15:06:22.671206+00:00,332,2,cube2 onto cube1
coraplex_panda_demo_v2,2026-08-10 23:06:47.708181+00:00,332,2,cube2 onto cube1
coraplex_panda_demo_v2,2026-08-10 07:57:25.429533+00:00,332,2,cube2 onto cube1
coraplex_panda_demo_v2,2026-08-11 15:06:22.671206+00:00,332,3,cube3 onto cube2
coraplex_panda_demo_v2,2026-08-10 07:57:25.429533+00:00,332,3,cube3 onto cube2
coraplex_panda_demo_v2,2026-08-10 23:06:47.708181+00:00,332,3,cube3 onto cube2
coraplex_panda_demo_v2,2026-08-10 17:08:54.640351+00:00,333,1,cube1 onto cube0
coraplex_panda_demo_v2,2026-08-11 20:33:15.502061+00:00,333,1,cube1 onto cube0
coraplex_panda_demo_v2,2026-08-10 07:57:25.429533+00:00,333,1,cube1 onto cube0
coraplex_panda_demo_v2,2026-08-11 15:06:22.671206+00:00,333,1,cube1 onto cube0
coraplex_panda_demo_v2,2026-08-10 23:06:47.708181+00:00,333,1,cube1 onto cube0
coraplex_panda_demo_v2,2026-08-11 15:06:22.671206+00:00,333,2,cube2 onto cube1
coraplex_panda_demo_v2,2026-08-10 07:57:25.429533+00:00,333,2,cube2 onto cube1
coraplex_panda_demo_v2,2026-08-11 20:33:15.502061+00:00,333,2,cube2 onto cube1
coraplex_panda_demo_v2,2026-08-10 23:06:47.708181+00:00,333,2,cube2 onto cube1
coraplex_panda_demo_v2,2026-08-10 17:08:54.640351+00:00,333,2,cube2 onto cube1
coraplex_panda_demo_v2,2026-08-10 17:08:54.640351+00:00,333,3,cube3 onto cube2
coraplex_panda_demo_v2,2026-08-10 23:06:47.708181+00:00,333,3,cube3 onto cube2
coraplex_panda_demo_v2,2026-08-11 15:06:22.671206+00:00,333,3,cube3 onto cube2
coraplex_panda_demo_v2,2026-08-10 07:57:25.429533+00:00,333,3,cube3 onto cube2
coraplex_panda_demo_v2,2026-08-11 20:33:15.502061+00:00,333,3,cube3 onto cube2
coraplex_panda_demo_v2,2026-08-11 15:06:22.671206+00:00,334,1,cube1 onto cube0
coraplex_panda_demo_v2,2026-08-10 23:06:47.708181+00:00,334,1,cube1 onto cube0
coraplex_panda_demo_v2,2026-08-11 20:33:15.502061+00:00,334,1,cube1 onto cube0
coraplex_panda_demo_v2,2026-08-11 15:06:22.671206+00:00,334,2,cube2 onto cube1
coraplex_panda_demo_v2,2026-08-10 23:06:47.708181+00:00,334,2,cube2 onto cube1
coraplex_panda_demo_v2,2026-08-11 20:33:15.502061+00:00,334,2,cube2 onto cube1
coraplex_panda_demo_v2,2026-08-11 20:33:15.502061+00:00,334,3,cube3 onto cube2
coraplex_panda_demo_v2,2026-08-11 15:06:22.671206+00:00,334,3,cube3 onto cube2
coraplex_panda_demo_v2,2026-08-10 23:06:47.708181+00:00,334,3,cube3 onto cube2
coraplex_panda_demo_v2,2026-08-11 15:06:22.671206+00:00,335,1,cube1 onto cube0
coraplex_panda_demo_v2,2026-08-11 20:33:15.502061+00:00,335,1,cube1 onto cube0
coraplex_panda_demo_v2,2026-08-10 17:08:54.640351+00:00,335,1,cube1 onto cube0
coraplex_panda_demo_v2,2026-08-10 23:06:47.708181+00:00,335,1,cube1 onto cube0
coraplex_panda_demo_v2,2026-08-10 07:57:25.429533+00:00,335,1,cube1 onto cube0
coraplex_panda_demo_v2,2026-08-10 07:57:25.429533+00:00,335,2,cube2 onto cube1
coraplex_panda_demo_v2,2026-08-11 20:33:15.502061+00:00,335,2,cube2 onto cube1
coraplex_panda_demo_v2,2026-08-10 17:08:54.640351+00:00,335,2,cube2 onto cube1
coraplex_panda_demo_v2,2026-08-10 23:06:47.708181+00:00,335,2,cube2 onto cube1
coraplex_panda_demo_v2,2026-08-11 15:06:22.671206+00:00,335,2,cube2 onto cube1
coraplex_panda_demo_v2,2026-08-11 20:33:15.502061+00:00,335,3,cube3 onto cube2
coraplex_panda_demo_v2,2026-08-10 17:08:54.640351+00:00,335,3,cube3 onto cube2
coraplex_panda_demo_v2,2026-08-10 07:57:25.429533+00:00,335,3,cube3 onto cube2
coraplex_panda_demo_v2,2026-08-10 23:06:47.708181+00:00,335,3,cube3 onto cube2
coraplex_panda_demo_v2,2026-08-11 15:06:22.671206+00:00,335,3,cube3 onto cube2
coraplex_panda_demo_v2,2026-08-10 23:06:47.708181+00:00,336,1,cube1 onto cube0
coraplex_panda_demo_v2,2026-08-10 17:08:54.640351+00:00,336,1,cube1 onto cube0
coraplex_panda_demo_v2,2026-08-11 20:33:15.502061+00:00,336,1,cube1 onto cube0
coraplex_panda_demo_v2,2026-08-10 07:57:25.429533+00:00,336,1,cube1 onto cube0
coraplex_panda_demo_v2,2026-08-11 15:06:22.671206+00:00,336,1,cube1 onto cube0
coraplex_panda_demo_v2,2026-08-10 07:57:25.429533+00:00,336,2,cube2 onto cube1
coraplex_panda_demo_v2,2026-08-10 23:06:47.708181+00:00,336,2,cube2 onto cube1
coraplex_panda_demo_v2,2026-08-11 20:33:15.502061+00:00,336,2,cube2 onto cube1
coraplex_panda_demo_v2,2026-08-10 17:08:54.640351+00:00,336,2,cube2 onto cube1
coraplex_panda_demo_v2,2026-08-11 15:06:22.671206+00:00,336,2,cube2 onto cube1
coraplex_panda_demo_v2,2026-08-10 17:08:54.640351+00:00,336,3,cube3 onto cube2
coraplex_panda_demo_v2,2026-08-11 20:33:15.502061+00:00,336,3,cube3 onto cube2
coraplex_panda_demo_v2,2026-08-10 23:06:47.708181+00:00,336,3,cube3 onto cube2
coraplex_panda_demo_v2,2026-08-11 15:06:22.671206+00:00,336,3,cube3 onto cube2
coraplex_panda_demo_v2,2026-08-10 07:57:25.429533+00:00,336,3,cube3 onto cube2
coraplex_panda_demo_v2,2026-08-10 07:57:25.429533+00:00,337,1,cube1 onto cube0
coraplex_panda_demo_v2,2026-08-11 15:06:22.671206+00:00,337,1,cube1 onto cube0
coraplex_panda_demo_v2,2026-08-11 20:33:15.502061+00:00,337,1,cube1 onto cube0
coraplex_panda_demo_v2,2026-08-10 17:08:54.640351+00:00,337,1,cube1 onto cube0
coraplex_panda_demo_v2,2026-08-10 07:57:25.429533+00:00,337,2,cube2 onto cube1
coraplex_panda_demo_v2,2026-08-11 20:33:15.502061+00:00,337,2,cube2 onto cube1
coraplex_panda_demo_v2,2026-08-11 15:06:22.671206+00:00,337,2,cube2 onto cube1
coraplex_panda_demo_v2,2026-08-10 17:08:54.640351+00:00,337,2,cube2 onto cube1
coraplex_panda_demo_v2,2026-08-11 15:06:22.671206+00:00,337,3,cube3 onto cube2
coraplex_panda_demo_v2,2026-08-10 07:57:25.429533+00:00,337,3,cube3 onto cube2
coraplex_panda_demo_v2,2026-08-10 17:08:54.640351+00:00,337,3,cube3 onto cube2
coraplex_panda_demo_v2,2026-08-11 20:33:15.502061+00:00,337,3,cube3 onto cube2
coraplex_panda_demo_v2,2026-08-11 20:33:15.502061+00:00,338,1,cube1 onto cube0
coraplex_panda_demo_v2,2026-08-10 17:08:54.640351+00:00,338,1,cube1 onto cube0
coraplex_panda_demo_v2,2026-08-11 15:06:22.671206+00:00,338,1,cube1 onto cube0
coraplex_panda_demo_v2,2026-08-11 15:06:22.671206+00:00,338,2,cube2 onto cube1
coraplex_panda_demo_v2,2026-08-11 20:33:15.502061+00:00,338,2,cube2 onto cube1
coraplex_panda_demo_v2,2026-08-10 17:08:54.640351+00:00,338,2,cube2 onto cube1
coraplex_panda_demo_v2,2026-08-10 17:08:54.640351+00:00,338,3,cube3 onto cube2
coraplex_panda_demo_v2,2026-08-11 20:33:15.502061+00:00,338,3,cube3 onto cube2
coraplex_panda_demo_v2,2026-08-11 15:06:22.671206+00:00,338,3,cube3 onto cube2
coraplex_panda_demo_v2,2026-08-10 23:06:47.708181+00:00,339,1,cube1 onto cube0
coraplex_panda_demo_v2,2026-08-11 15:06:22.671206+00:00,339,1,cube1 onto cube0
coraplex_panda_demo_v2,2026-08-11 20:33:15.502061+00:00,339,1,cube1 onto cube0
coraplex_panda_demo_v2,2026-08-11 20:33:15.502061+00:00,339,2,cube2 onto cube1
coraplex_panda_demo_v2,2026-08-11 15:06:22.671206+00:00,339,2,cube2 onto cube1
coraplex_panda_demo_v2,2026-08-10 23:06:47.708181+00:00,339,2,cube2 onto cube1
coraplex_panda_demo_v2,2026-08-10 23:06:47.708181+00:00,339,3,cube3 onto cube2
coraplex_panda_demo_v2,2026-08-11 20:33:15.502061+00:00,339,3,cube3 onto cube2
coraplex_panda_demo_v2,2026-08-11 15:06:22.671206+00:00,339,3,cube3 onto cube2
coraplex_panda_demo_v2,2026-08-10 07:57:25.429533+00:00,340,1,cube1 onto cube0
coraplex_panda_demo_v2,2026-08-11 20:33:15.502061+00:00,340,1,cube1 onto cube0
coraplex_panda_demo_v2,2026-08-10 17:08:54.640351+00:00,340,1,cube1 onto cube0
coraplex_panda_demo_v2,2026-08-10 23:06:47.708181+00:00,340,1,cube1 onto cube0
coraplex_panda_demo_v2,2026-08-11 15:06:22.671206+00:00,340,1,cube1 onto cube0
coraplex_panda_demo_v2,2026-08-11 20:33:15.502061+00:00,340,2,cube2 onto cube1
coraplex_panda_demo_v2,2026-08-10 07:57:25.429533+00:00,340,2,cube2 onto cube1
coraplex_panda_demo_v2,2026-08-10 23:06:47.708181+00:00,340,2,cube2 onto cube1
coraplex_panda_demo_v2,2026-08-11 15:06:22.671206+00:00,340,2,cube2 onto cube1
coraplex_panda_demo_v2,2026-08-10 17:08:54.640351+00:00,340,2,cube2 onto cube1
coraplex_panda_demo_v2,2026-08-11 20:33:15.502061+00:00,340,3,cube3 onto cube2
coraplex_panda_demo_v2,2026-08-10 23:06:47.708181+00:00,340,3,cube3 onto cube2
coraplex_panda_demo_v2,2026-08-10 07:57:25.429533+00:00,340,3,cube3 onto cube2
coraplex_panda_demo_v2,2026-08-11 15:06:22.671206+00:00,340,3,cube3 onto cube2
coraplex_panda_demo_v2,2026-08-10 17:08:54.640351+00:00,340,3,cube3 onto cube2
coraplex_panda_demo_v2,2026-08-11 20:33:15.502061+00:00,341,1,cube1 onto cube0
coraplex_panda_demo_v2,2026-08-10 23:06:47.708181+00:00,341,1,cube1 onto cube0
coraplex_panda_demo_v2,2026-08-11 15:06:22.671206+00:00,341,1,cube1 onto cube0
coraplex_panda_demo_v2,2026-08-10 07:57:25.429533+00:00,341,1,cube1 onto cube0
coraplex_panda_demo_v2,2026-08-10 17:08:54.640351+00:00,341,1,cube1 onto cube0
coraplex_panda_demo_v2,2026-08-10 07:57:25.429533+00:00,341,2,cube2 onto cube1
coraplex_panda_demo_v2,2026-08-11 20:33:15.502061+00:00,341,2,cube2 onto cube1
coraplex_panda_demo_v2,2026-08-11 15:06:22.671206+00:00,341,2,cube2 onto cube1
coraplex_panda_demo_v2,2026-08-10 23:06:47.708181+00:00,341,2,cube2 onto cube1
coraplex_panda_demo_v2,2026-08-10 17:08:54.640351+00:00,341,2,cube2 onto cube1
coraplex_panda_demo_v2,2026-08-10 17:08:54.640351+00:00,341,3,cube3 onto cube2
coraplex_panda_demo_v2,2026-08-10 23:06:47.708181+00:00,341,3,cube3 onto cube2
coraplex_panda_demo_v2,2026-08-10 07:57:25.429533+00:00,341,3,cube3 onto cube2
coraplex_panda_demo_v2,2026-08-11 20:33:15.502061+00:00,341,3,cube3 onto cube2
coraplex_panda_demo_v2,2026-08-11 15:06:22.671206+00:00,341,3,cube3 onto cube2
coraplex_panda_demo_v2,2026-08-10 23:06:47.708181+00:00,342,1,cube1 onto cube0
coraplex_panda_demo_v2,2026-08-10 07:57:25.429533+00:00,342,1,cube1 onto cube0
coraplex_panda_demo_v2,2026-08-11 15:06:22.671206+00:00,342,1,cube1 onto cube0
coraplex_panda_demo_v2,2026-08-11 20:33:15.502061+00:00,342,1,cube1 onto cube0
coraplex_panda_demo_v2,2026-08-10 07:57:25.429533+00:00,342,2,cube2 onto cube1
coraplex_panda_demo_v2,2026-08-11 20:33:15.502061+00:00,342,2,cube2 onto cube1
coraplex_panda_demo_v2,2026-08-11 15:06:22.671206+00:00,342,2,cube2 onto cube1
coraplex_panda_demo_v2,2026-08-10 23:06:47.708181+00:00,342,2,cube2 onto cube1
coraplex_panda_demo_v2,2026-08-10 07:57:25.429533+00:00,342,3,cube3 onto cube2
coraplex_panda_demo_v2,2026-08-11 15:06:22.671206+00:00,342,3,cube3 onto cube2
coraplex_panda_demo_v2,2026-08-11 20:33:15.502061+00:00,342,3,cube3 onto cube2
coraplex_panda_demo_v2,2026-08-10 23:06:47.708181+00:00,342,3,cube3 onto cube2
coraplex_panda_demo_v2,2026-08-10 07:57:25.429533+00:00,343,1,cube1 onto cube0
coraplex_panda_demo_v2,2026-08-10 23:06:47.708181+00:00,343,1,cube1 onto cube0
coraplex_panda_demo_v2,2026-08-10 07:57:25.429533+00:00,343,2,cube2 onto cube1
coraplex_panda_demo_v2,2026-08-10 23:06:47.708181+00:00,343,2,cube2 onto cube1
coraplex_panda_demo_v2,2026-08-10 07:57:25.429533+00:00,343,3,cube3 onto cube2
coraplex_panda_demo_v2,2026-08-10 23:06:47.708181+00:00,343,3,cube3 onto cube2
coraplex_panda_demo_v2,2026-08-10 23:06:47.708181+00:00,344,1,cube1 onto cube0
coraplex_panda_demo_v2,2026-08-10 17:08:54.640351+00:00,344,1,cube1 onto cube0
coraplex_panda_demo_v2,2026-08-11 20:33:15.502061+00:00,344,1,cube1 onto cube0
coraplex_panda_demo_v2,2026-08-10 07:57:25.429533+00:00,344,1,cube1 onto cube0
coraplex_panda_demo_v2,2026-08-10 23:06:47.708181+00:00,344,2,cube2 onto cube1
coraplex_panda_demo_v2,2026-08-11 20:33:15.502061+00:00,344,2,cube2 onto cube1
coraplex_panda_demo_v2,2026-08-10 17:08:54.640351+00:00,344,2,cube2 onto cube1
coraplex_panda_demo_v2,2026-08-10 07:57:25.429533+00:00,344,2,cube2 onto cube1
coraplex_panda_demo_v2,2026-08-10 17:08:54.640351+00:00,344,3,cube3 onto cube2
coraplex_panda_demo_v2,2026-08-10 07:57:25.429533+00:00,344,3,cube3 onto cube2
coraplex_panda_demo_v2,2026-08-11 20:33:15.502061+00:00,344,3,cube3 onto cube2
coraplex_panda_demo_v2,2026-08-10 23:06:47.708181+00:00,344,3,cube3 onto cube2
coraplex_panda_demo_v2,2026-08-11 15:06:22.671206+00:00,345,1,cube1 onto cube0
coraplex_panda_demo_v2,2026-08-10 07:57:25.429533+00:00,345,1,cube1 onto cube0
coraplex_panda_demo_v2,2026-08-11 20:33:15.502061+00:00,345,1,cube1 onto cube0
coraplex_panda_demo_v2,2026-08-10 07:57:25.429533+00:00,345,2,cube2 onto cube1
coraplex_panda_demo_v2,2026-08-11 15:06:22.671206+00:00,345,2,cube2 onto cube1
coraplex_panda_demo_v2,2026-08-11 20:33:15.502061+00:00,345,2,cube2 onto cube1
coraplex_panda_demo_v2,2026-08-11 15:06:22.671206+00:00,345,3,cube3 onto cube2
coraplex_panda_demo_v2,2026-08-11 20:33:15.502061+00:00,345,3,cube3 onto cube2
coraplex_panda_demo_v2,2026-08-10 07:57:25.429533+00:00,345,3,cube3 onto cube2
coraplex_panda_demo_v2,2026-08-11 20:33:15.502061+00:00,346,1,cube1 onto cube0
coraplex_panda_demo_v2,2026-08-10 17:08:54.640351+00:00,346,1,cube1 onto cube0
coraplex_panda_demo_v2,2026-08-10 07:57:25.429533+00:00,346,1,cube1 onto cube0
coraplex_panda_demo_v2,2026-08-10 17:08:54.640351+00:00,346,2,cube2 onto cube1
coraplex_panda_demo_v2,2026-08-10 07:57:25.429533+00:00,346,2,cube2 onto cube1
coraplex_panda_demo_v2,2026-08-11 20:33:15.502061+00:00,346,2,cube2 onto cube1
coraplex_panda_demo_v2,2026-08-10 17:08:54.640351+00:00,346,3,cube3 onto cube2
coraplex_panda_demo_v2,2026-08-10 07:57:25.429533+00:00,346,3,cube3 onto cube2
coraplex_panda_demo_v2,2026-08-11 20:33:15.502061+00:00,346,3,cube3 onto cube2
coraplex_panda_demo_v2,2026-08-10 07:57:25.429533+00:00,347,1,cube1 onto cube0
coraplex_panda_demo_v2,2026-08-11 15:06:22.671206+00:00,347,1,cube1 onto cube0
coraplex_panda_demo_v2,2026-08-10 17:08:54.640351+00:00,347,1,cube1 onto cube0
coraplex_panda_demo_v2,2026-08-10 23:06:47.708181+00:00,347,1,cube1 onto cube0
coraplex_panda_demo_v2,2026-08-11 15:06:22.671206+00:00,347,2,cube2 onto cube1
coraplex_panda_demo_v2,2026-08-10 17:08:54.640351+00:00,347,2,cube2 onto cube1
coraplex_panda_demo_v2,2026-08-10 07:57:25.429533+00:00,347,2,cube2 onto cube1
coraplex_panda_demo_v2,2026-08-10 23:06:47.708181+00:00,347,2,cube2 onto cube1
coraplex_panda_demo_v2,2026-08-10 17:08:54.640351+00:00,347,3,cube3 onto cube2
coraplex_panda_demo_v2,2026-08-10 23:06:47.708181+00:00,347,3,cube3 onto cube2
coraplex_panda_demo_v2,2026-08-11 15:06:22.671206+00:00,347,3,cube3 onto cube2
coraplex_panda_demo_v2,2026-08-10 07:57:25.429533+00:00,347,3,cube3 onto cube2
coraplex_panda_demo_v2,2026-08-10 17:08:54.640351+00:00,348,1,cube1 onto cube0
coraplex_panda_demo_v2,2026-08-11 20:33:15.502061+00:00,348,1,cube1 onto cube0
coraplex_panda_demo_v2,2026-08-10 23:06:47.708181+00:00,348,1,cube1 onto cube0
coraplex_panda_demo_v2,2026-08-10 07:57:25.429533+00:00,348,1,cube1 onto cube0
coraplex_panda_demo_v2,2026-08-10 07:57:25.429533+00:00,348,2,cube2 onto cube1
coraplex_panda_demo_v2,2026-08-10 23:06:47.708181+00:00,348,2,cube2 onto cube1
coraplex_panda_demo_v2,2026-08-11 20:33:15.502061+00:00,348,2,cube2 onto cube1
coraplex_panda_demo_v2,2026-08-10 17:08:54.640351+00:00,348,2,cube2 onto cube1
coraplex_panda_demo_v2,2026-08-11 20:33:15.502061+00:00,348,3,cube3 onto cube2
coraplex_panda_demo_v2,2026-08-10 17:08:54.640351+00:00,348,3,cube3 onto cube2
coraplex_panda_demo_v2,2026-08-10 07:57:25.429533+00:00,348,3,cube3 onto cube2
coraplex_panda_demo_v2,2026-08-10 23:06:47.708181+00:00,348,3,cube3 onto cube2
coraplex_panda_demo_v2,2026-08-10 07:57:25.429533+00:00,349,1,cube1 onto cube0
coraplex_panda_demo_v2,2026-08-11 20:33:15.502061+00:00,349,1,cube1 onto cube0
coraplex_panda_demo_v2,2026-08-11 15:06:22.671206+00:00,349,1,cube1 onto cube0
coraplex_panda_demo_v2,2026-08-10 23:06:47.708181+00:00,349,1,cube1 onto cube0
coraplex_panda_demo_v2,2026-08-10 23:06:47.708181+00:00,349,2,cube2 onto cube1
coraplex_panda_demo_v2,2026-08-11 15:06:22.671206+00:00,349,2,cube2 onto cube1
coraplex_panda_demo_v2,2026-08-11 20:33:15.502061+00:00,349,2,cube2 onto cube1
coraplex_panda_demo_v2,2026-08-10 07:57:25.429533+00:00,349,2,cube2 onto cube1
coraplex_panda_demo_v2,2026-08-11 20:33:15.502061+00:00,349,3,cube3 onto cube2
coraplex_panda_demo_v2,2026-08-10 07:57:25.429533+00:00,349,3,cube3 onto cube2
coraplex_panda_demo_v2,2026-08-10 23:06:47.708181+00:00,349,3,cube3 onto cube2
coraplex_panda_demo_v2,2026-08-11 15:06:22.671206+00:00,349,3,cube3 onto cube2
coraplex_panda_demo_v2,2026-08-10 23:06:47.708181+00:00,350,1,cube1 onto cube0
coraplex_panda_demo_v2,2026-08-10 07:57:25.429533+00:00,350,1,cube1 onto cube0
coraplex_panda_demo_v2,2026-08-11 15:06:22.671206+00:00,350,1,cube1 onto cube0
coraplex_panda_demo_v2,2026-08-10 07:57:25.429533+00:00,350,2,cube2 onto cube1
coraplex_panda_demo_v2,2026-08-11 15:06:22.671206+00:00,350,2,cube2 onto cube1
coraplex_panda_demo_v2,2026-08-10 23:06:47.708181+00:00,350,2,cube2 onto cube1
coraplex_panda_demo_v2,2026-08-11 15:06:22.671206+00:00,350,3,cube3 onto cube2
coraplex_panda_demo_v2,2026-08-10 23:06:47.708181+00:00,350,3,cube3 onto cube2
coraplex_panda_demo_v2,2026-08-10 07:57:25.429533+00:00,350,3,cube3 onto cube2
coraplex_panda_demo_v2,2026-08-11 20:33:15.502061+00:00,351,1,cube1 onto cube0
coraplex_panda_demo_v2,2026-08-10 07:57:25.429533+00:00,351,1,cube1 onto cube0
coraplex_panda_demo_v2,2026-08-10 17:08:54.640351+00:00,351,1,cube1 onto cube0
coraplex_panda_demo_v2,2026-08-11 15:06:22.671206+00:00,351,1,cube1 onto cube0
coraplex_panda_demo_v2,2026-08-10 07:57:25.429533+00:00,351,2,cube2 onto cube1
coraplex_panda_demo_v2,2026-08-10 17:08:54.640351+00:00,351,2,cube2 onto cube1
coraplex_panda_demo_v2,2026-08-11 15:06:22.671206+00:00,351,2,cube2 onto cube1
coraplex_panda_demo_v2,2026-08-11 20:33:15.502061+00:00,351,2,cube2 onto cube1
coraplex_panda_demo_v2,2026-08-10 17:08:54.640351+00:00,351,3,cube3 onto cube2
coraplex_panda_demo_v2,2026-08-11 20:33:15.502061+00:00,351,3,cube3 onto cube2
coraplex_panda_demo_v2,2026-08-10 07:57:25.429533+00:00,351,3,cube3 onto cube2
coraplex_panda_demo_v2,2026-08-11 15:06:22.671206+00:00,351,3,cube3 onto cube2
coraplex_panda_demo_v2,2026-08-11 15:06:22.671206+00:00,352,1,cube1 onto cube0
coraplex_panda_demo_v2,2026-08-10 07:57:25.429533+00:00,352,1,cube1 onto cube0
coraplex_panda_demo_v2,2026-08-11 20:33:15.502061+00:00,352,1,cube1 onto cube0
coraplex_panda_demo_v2,2026-08-11 15:06:22.671206+00:00,352,2,cube2 onto cube1
coraplex_panda_demo_v2,2026-08-10 07:57:25.429533+00:00,352,2,cube2 onto cube1
coraplex_panda_demo_v2,2026-08-11 20:33:15.502061+00:00,352,2,cube2 onto cube1
coraplex_panda_demo_v2,2026-08-10 07:57:25.429533+00:00,352,3,cube3 onto cube2
coraplex_panda_demo_v2,2026-08-11 20:33:15.502061+00:00,352,3,cube3 onto cube2
coraplex_panda_demo_v2,2026-08-11 15:06:22.671206+00:00,352,3,cube3 onto cube2
coraplex_panda_demo_v2,2026-08-10 23:06:47.708181+00:00,353,1,cube1 onto cube0
coraplex_panda_demo_v2,2026-08-10 17:08:54.640351+00:00,353,1,cube1 onto cube0
coraplex_panda_demo_v2,2026-08-11 15:06:22.671206+00:00,353,1,cube1 onto cube0
coraplex_panda_demo_v2,2026-08-10 17:08:54.640351+00:00,353,2,cube2 onto cube1
coraplex_panda_demo_v2,2026-08-10 23:06:47.708181+00:00,353,2,cube2 onto cube1
coraplex_panda_demo_v2,2026-08-11 15:06:22.671206+00:00,353,2,cube2 onto cube1
coraplex_panda_demo_v2,2026-08-10 23:06:47.708181+00:00,353,3,cube3 onto cube2
coraplex_panda_demo_v2,2026-08-11 15:06:22.671206+00:00,353,3,cube3 onto cube2
coraplex_panda_demo_v2,2026-08-10 17:08:54.640351+00:00,353,3,cube3 onto cube2
coraplex_panda_demo_v2,2026-08-10 23:06:47.708181+00:00,354,1,cube1 onto cube0
coraplex_panda_demo_v2,2026-08-11 15:06:22.671206+00:00,354,1,cube1 onto cube0
coraplex_panda_demo_v2,2026-08-11 20:33:15.502061+00:00,354,1,cube1 onto cube0
coraplex_panda_demo_v2,2026-08-10 07:57:25.429533+00:00,354,1,cube1 onto cube0
coraplex_panda_demo_v2,2026-08-10 07:57:25.429533+00:00,354,2,cube2 onto cube1
coraplex_panda_demo_v2,2026-08-11 20:33:15.502061+00:00,354,2,cube2 onto cube1
coraplex_panda_demo_v2,2026-08-11 15:06:22.671206+00:00,354,2,cube2 onto cube1
coraplex_panda_demo_v2,2026-08-10 23:06:47.708181+00:00,354,2,cube2 onto cube1
coraplex_panda_demo_v2,2026-08-11 15:06:22.671206+00:00,354,3,cube3 onto cube2
coraplex_panda_demo_v2,2026-08-10 23:06:47.708181+00:00,354,3,cube3 onto cube2
coraplex_panda_demo_v2,2026-08-10 07:57:25.429533+00:00,354,3,cube3 onto cube2
coraplex_panda_demo_v2,2026-08-11 20:33:15.502061+00:00,354,3,cube3 onto cube2
coraplex_panda_demo_v2,2026-08-10 23:06:47.708181+00:00,355,1,cube1 onto cube0
coraplex_panda_demo_v2,2026-08-11 20:33:15.502061+00:00,355,1,cube1 onto cube0
coraplex_panda_demo_v2,2026-08-11 15:06:22.671206+00:00,355,1,cube1 onto cube0
coraplex_panda_demo_v2,2026-08-10 07:57:25.429533+00:00,355,1,cube1 onto cube0
coraplex_panda_demo_v2,2026-08-10 23:06:47.708181+00:00,355,2,cube2 onto cube1
coraplex_panda_demo_v2,2026-08-11 20:33:15.502061+00:00,355,2,cube2 onto cube1
coraplex_panda_demo_v2,2026-08-10 07:57:25.429533+00:00,355,2,cube2 onto cube1
coraplex_panda_demo_v2,2026-08-11 15:06:22.671206+00:00,355,2,cube2 onto cube1
coraplex_panda_demo_v2,2026-08-10 23:06:47.708181+00:00,355,3,cube3 onto cube2
coraplex_panda_demo_v2,2026-08-10 07:57:25.429533+00:00,355,3,cube3 onto cube2
coraplex_panda_demo_v2,2026-08-11 20:33:15.502061+00:00,355,3,cube3 onto cube2
coraplex_panda_demo_v2,2026-08-11 15:06:22.671206+00:00,355,3,cube3 onto cube2
coraplex_panda_demo_v2,2026-08-11 20:33:15.502061+00:00,356,1,cube1 onto cube0
coraplex_panda_demo_v2,2026-08-10 23:06:47.708181+00:00,356,1,cube1 onto cube0
coraplex_panda_demo_v2,2026-08-11 15:06:22.671206+00:00,356,1,cube1 onto cube0
coraplex_panda_demo_v2,2026-08-10 23:06:47.708181+00:00,356,2,cube2 onto cube1
coraplex_panda_demo_v2,2026-08-11 15:06:22.671206+00:00,356,2,cube2 onto cube1
coraplex_panda_demo_v2,2026-08-11 20:33:15.502061+00:00,356,2,cube2 onto cube1
coraplex_panda_demo_v2,2026-08-11 20:33:15.502061+00:00,356,3,cube3 onto cube2
coraplex_panda_demo_v2,2026-08-11 15:06:22.671206+00:00,356,3,cube3 onto cube2
coraplex_panda_demo_v2,2026-08-10 23:06:47.708181+00:00,356,3,cube3 onto cube2
coraplex_panda_demo_v2,2026-08-11 15:06:22.671206+00:00,357,1,cube1 onto cube0
coraplex_panda_demo_v2,2026-08-11 20:33:15.502061+00:00,357,1,cube1 onto cube0
coraplex_panda_demo_v2,2026-08-10 17:08:54.640351+00:00,357,1,cube1 onto cube0
coraplex_panda_demo_v2,2026-08-10 07:57:25.429533+00:00,357,1,cube1 onto cube0
coraplex_panda_demo_v2,2026-08-10 17:08:54.640351+00:00,357,2,cube2 onto cube1
coraplex_panda_demo_v2,2026-08-11 15:06:22.671206+00:00,357,2,cube2 onto cube1
coraplex_panda_demo_v2,2026-08-11 20:33:15.502061+00:00,357,2,cube2 onto cube1
coraplex_panda_demo_v2,2026-08-10 07:57:25.429533+00:00,357,2,cube2 onto cube1
coraplex_panda_demo_v2,2026-08-10 07:57:25.429533+00:00,357,3,cube3 onto cube2
coraplex_panda_demo_v2,2026-08-10 17:08:54.640351+00:00,357,3,cube3 onto cube2
coraplex_panda_demo_v2,2026-08-11 15:06:22.671206+00:00,357,3,cube3 onto cube2
coraplex_panda_demo_v2,2026-08-11 20:33:15.502061+00:00,357,3,cube3 onto cube2
coraplex_panda_demo_v2,2026-08-10 23:06:47.708181+00:00,358,1,cube1 onto cube0
coraplex_panda_demo_v2,2026-08-11 15:06:22.671206+00:00,358,1,cube1 onto cube0
coraplex_panda_demo_v2,2026-08-10 23:06:47.708181+00:00,358,2,cube2 onto cube1
coraplex_panda_demo_v2,2026-08-11 15:06:22.671206+00:00,358,2,cube2 onto cube1
coraplex_panda_demo_v2,2026-08-10 23:06:47.708181+00:00,358,3,cube3 onto cube2
coraplex_panda_demo_v2,2026-08-11 15:06:22.671206+00:00,358,3,cube3 onto cube2
coraplex_panda_demo_v2,2026-08-10 17:08:54.640351+00:00,359,1,cube1 onto cube0
coraplex_panda_demo_v2,2026-08-10 07:57:25.429533+00:00,359,1,cube1 onto cube0
coraplex_panda_demo_v2,2026-08-11 15:06:22.671206+00:00,359,1,cube1 onto cube0
coraplex_panda_demo_v2,2026-08-11 20:33:15.502061+00:00,359,1,cube1 onto cube0
coraplex_panda_demo_v2,2026-08-10 17:08:54.640351+00:00,359,2,cube2 onto cube1
coraplex_panda_demo_v2,2026-08-11 20:33:15.502061+00:00,359,2,cube2 onto cube1
coraplex_panda_demo_v2,2026-08-11 15:06:22.671206+00:00,359,2,cube2 onto cube1
coraplex_panda_demo_v2,2026-08-10 07:57:25.429533+00:00,359,2,cube2 onto cube1
coraplex_panda_demo_v2,2026-08-10 17:08:54.640351+00:00,359,3,cube3 onto cube2
coraplex_panda_demo_v2,2026-08-10 07:57:25.429533+00:00,359,3,cube3 onto cube2
coraplex_panda_demo_v2,2026-08-11 20:33:15.502061+00:00,359,3,cube3 onto cube2
coraplex_panda_demo_v2,2026-08-11 15:06:22.671206+00:00,359,3,cube3 onto cube2
coraplex_panda_demo_v2,2026-08-10 23:06:47.708181+00:00,360,1,cube1 onto cube0
coraplex_panda_demo_v2,2026-08-10 17:08:54.640351+00:00,360,1,cube1 onto cube0
coraplex_panda_demo_v2,2026-08-11 20:33:15.502061+00:00,360,1,cube1 onto cube0
coraplex_panda_demo_v2,2026-08-10 23:06:47.708181+00:00,360,2,cube2 onto cube1
coraplex_panda_demo_v2,2026-08-10 17:08:54.640351+00:00,360,2,cube2 onto cube1
coraplex_panda_demo_v2,2026-08-11 20:33:15.502061+00:00,360,2,cube2 onto cube1
coraplex_panda_demo_v2,2026-08-11 20:33:15.502061+00:00,360,3,cube3 onto cube2
coraplex_panda_demo_v2,2026-08-10 23:06:47.708181+00:00,360,3,cube3 onto cube2
coraplex_panda_demo_v2,2026-08-10 17:08:54.640351+00:00,360,3,cube3 onto cube2
coraplex_panda_demo_v2,2026-08-11 15:06:22.671206+00:00,361,1,cube1 onto cube0
coraplex_panda_demo_v2,2026-08-10 17:08:54.640351+00:00,361,1,cube1 onto cube0
coraplex_panda_demo_v2,2026-08-11 20:33:15.502061+00:00,361,1,cube1 onto cube0
coraplex_panda_demo_v2,2026-08-10 23:06:47.708181+00:00,361,1,cube1 onto cube0
coraplex_panda_demo_v2,2026-08-10 07:57:25.429533+00:00,361,1,cube1 onto cube0
coraplex_panda_demo_v2,2026-08-10 17:08:54.640351+00:00,361,2,cube2 onto cube1
coraplex_panda_demo_v2,2026-08-10 07:57:25.429533+00:00,361,2,cube2 onto cube1
coraplex_panda_demo_v2,2026-08-10 23:06:47.708181+00:00,361,2,cube2 onto cube1
coraplex_panda_demo_v2,2026-08-11 20:33:15.502061+00:00,361,2,cube2 onto cube1
coraplex_panda_demo_v2,2026-08-11 15:06:22.671206+00:00,361,2,cube2 onto cube1
coraplex_panda_demo_v2,2026-08-11 20:33:15.502061+00:00,361,3,cube3 onto cube2
coraplex_panda_demo_v2,2026-08-10 23:06:47.708181+00:00,361,3,cube3 onto cube2
coraplex_panda_demo_v2,2026-08-10 07:57:25.429533+00:00,361,3,cube3 onto cube2
coraplex_panda_demo_v2,2026-08-10 17:08:54.640351+00:00,361,3,cube3 onto cube2
coraplex_panda_demo_v2,2026-08-11 15:06:22.671206+00:00,361,3,cube3 onto cube2
coraplex_panda_demo_v2,2026-08-11 15:06:22.671206+00:00,362,1,cube1 onto cube0
coraplex_panda_demo_v2,2026-08-10 23:06:47.708181+00:00,362,1,cube1 onto cube0
coraplex_panda_demo_v2,2026-08-10 17:08:54.640351+00:00,362,1,cube1 onto cube0
coraplex_panda_demo_v2,2026-08-10 07:57:25.429533+00:00,362,1,cube1 onto cube0
coraplex_panda_demo_v2,2026-08-11 20:33:15.502061+00:00,362,1,cube1 onto cube0
coraplex_panda_demo_v2,2026-08-10 23:06:47.708181+00:00,362,2,cube2 onto cube1
coraplex_panda_demo_v2,2026-08-10 17:08:54.640351+00:00,362,2,cube2 onto cube1
coraplex_panda_demo_v2,2026-08-11 20:33:15.502061+00:00,362,2,cube2 onto cube1
coraplex_panda_demo_v2,2026-08-11 15:06:22.671206+00:00,362,2,cube2 onto cube1
coraplex_panda_demo_v2,2026-08-10 07:57:25.429533+00:00,362,2,cube2 onto cube1
coraplex_panda_demo_v2,2026-08-11 20:33:15.502061+00:00,362,3,cube3 onto cube2
coraplex_panda_demo_v2,2026-08-10 07:57:25.429533+00:00,362,3,cube3 onto cube2
coraplex_panda_demo_v2,2026-08-10 17:08:54.640351+00:00,362,3,cube3 onto cube2
coraplex_panda_demo_v2,2026-08-11 15:06:22.671206+00:00,362,3,cube3 onto cube2
coraplex_panda_demo_v2,2026-08-10 23:06:47.708181+00:00,362,3,cube3 onto cube2
coraplex_panda_demo_v2,2026-08-10 07:57:25.429533+00:00,363,1,cube1 onto cube0
coraplex_panda_demo_v2,2026-08-11 20:33:15.502061+00:00,363,1,cube1 onto cube0
coraplex_panda_demo_v2,2026-08-10 07:57:25.429533+00:00,363,2,cube2 onto cube1
coraplex_panda_demo_v2,2026-08-11 20:33:15.502061+00:00,363,2,cube2 onto cube1
coraplex_panda_demo_v2,2026-08-11 20:33:15.502061+00:00,363,3,cube3 onto cube2
coraplex_panda_demo_v2,2026-08-10 07:57:25.429533+00:00,363,3,cube3 onto cube2
coraplex_panda_demo_v2,2026-08-10 07:57:25.429533+00:00,364,1,cube1 onto cube0
coraplex_panda_demo_v2,2026-08-11 20:33:15.502061+00:00,364,1,cube1 onto cube0
coraplex_panda_demo_v2,2026-08-10 17:08:54.640351+00:00,364,1,cube1 onto cube0
coraplex_panda_demo_v2,2026-08-11 20:33:15.502061+00:00,364,2,cube2 onto cube1
coraplex_panda_demo_v2,2026-08-10 17:08:54.640351+00:00,364,2,cube2 onto cube1
coraplex_panda_demo_v2,2026-08-10 07:57:25.429533+00:00,364,2,cube2 onto cube1
coraplex_panda_demo_v2,2026-08-10 07:57:25.429533+00:00,364,3,cube3 onto cube2
coraplex_panda_demo_v2,2026-08-10 17:08:54.640351+00:00,364,3,cube3 onto cube2
coraplex_panda_demo_v2,2026-08-11 20:33:15.502061+00:00,364,3,cube3 onto cube2
coraplex_panda_demo_v2,2026-08-10 07:57:25.429533+00:00,365,1,cube1 onto cube0
coraplex_panda_demo_v2,2026-08-10 17:08:54.640351+00:00,365,1,cube1 onto cube0
coraplex_panda_demo_v2,2026-08-10 17:08:54.640351+00:00,365,2,cube2 onto cube1
coraplex_panda_demo_v2,2026-08-10 07:57:25.429533+00:00,365,2,cube2 onto cube1
coraplex_panda_demo_v2,2026-08-10 07:57:25.429533+00:00,365,3,cube3 onto cube2
coraplex_panda_demo_v2,2026-08-10 17:08:54.640351+00:00,365,3,cube3 onto cube2
coraplex_panda_demo_v2,2026-08-10 07:57:25.429533+00:00,366,1,cube1 onto cube0
coraplex_panda_demo_v2,2026-08-11 15:06:22.671206+00:00,366,1,cube1 onto cube0
coraplex_panda_demo_v2,2026-08-11 20:33:15.502061+00:00,366,1,cube1 onto cube0
coraplex_panda_demo_v2,2026-08-11 15:06:22.671206+00:00,366,2,cube2 onto cube1
coraplex_panda_demo_v2,2026-08-11 20:33:15.502061+00:00,366,2,cube2 onto cube1
coraplex_panda_demo_v2,2026-08-10 07:57:25.429533+00:00,366,2,cube2 onto cube1
coraplex_panda_demo_v2,2026-08-10 07:57:25.429533+00:00,366,3,cube3 onto cube2
coraplex_panda_demo_v2,2026-08-11 20:33:15.502061+00:00,366,3,cube3 onto cube2
coraplex_panda_demo_v2,2026-08-11 15:06:22.671206+00:00,366,3,cube3 onto cube2
coraplex_panda_demo_v2,2026-08-10 23:06:47.708181+00:00,367,1,cube1 onto cube0
coraplex_panda_demo_v2,2026-08-10 17:08:54.640351+00:00,367,1,cube1 onto cube0
coraplex_panda_demo_v2,2026-08-11 15:06:22.671206+00:00,367,1,cube1 onto cube0
coraplex_panda_demo_v2,2026-08-10 17:08:54.640351+00:00,367,2,cube2 onto cube1
coraplex_panda_demo_v2,2026-08-10 23:06:47.708181+00:00,367,2,cube2 onto cube1
coraplex_panda_demo_v2,2026-08-11 15:06:22.671206+00:00,367,2,cube2 onto cube1
coraplex_panda_demo_v2,2026-08-10 23:06:47.708181+00:00,367,3,cube3 onto cube2
coraplex_panda_demo_v2,2026-08-10 17:08:54.640351+00:00,367,3,cube3 onto cube2
coraplex_panda_demo_v2,2026-08-11 15:06:22.671206+00:00,367,3,cube3 onto cube2
coraplex_panda_demo_v2,2026-08-11 15:06:22.671206+00:00,368,1,cube1 onto cube0
coraplex_panda_demo_v2,2026-08-11 20:33:15.502061+00:00,368,1,cube1 onto cube0
coraplex_panda_demo_v2,2026-08-11 20:33:15.502061+00:00,368,2,cube2 onto cube1
coraplex_panda_demo_v2,2026-08-11 15:06:22.671206+00:00,368,2,cube2 onto cube1
coraplex_panda_demo_v2,2026-08-11 15:06:22.671206+00:00,368,3,cube3 onto cube2
coraplex_panda_demo_v2,2026-08-11 20:33:15.502061+00:00,368,3,cube3 onto cube2
coraplex_panda_demo_v2,2026-08-11 20:33:15.502061+00:00,369,1,cube1 onto cube0
coraplex_panda_demo_v2,2026-08-10 17:08:54.640351+00:00,369,1,cube1 onto cube0
coraplex_panda_demo_v2,2026-08-11 15:06:22.671206+00:00,369,1,cube1 onto cube0
coraplex_panda_demo_v2,2026-08-10 17:08:54.640351+00:00,369,2,cube2 onto cube1
coraplex_panda_demo_v2,2026-08-11 15:06:22.671206+00:00,369,2,cube2 onto cube1
coraplex_panda_demo_v2,2026-08-11 20:33:15.502061+00:00,369,2,cube2 onto cube1
coraplex_panda_demo_v2,2026-08-11 20:33:15.502061+00:00,369,3,cube3 onto cube2
coraplex_panda_demo_v2,2026-08-11 15:06:22.671206+00:00,369,3,cube3 onto cube2
coraplex_panda_demo_v2,2026-08-10 17:08:54.640351+00:00,369,3,cube3 onto cube2
coraplex_panda_demo_v2,2026-08-11 20:33:15.502061+00:00,370,1,cube1 onto cube0
coraplex_panda_demo_v2,2026-08-10 07:57:25.429533+00:00,370,1,cube1 onto cube0
coraplex_panda_demo_v2,2026-08-11 15:06:22.671206+00:00,370,1,cube1 onto cube0
coraplex_panda_demo_v2,2026-08-10 23:06:47.708181+00:00,370,1,cube1 onto cube0
coraplex_panda_demo_v2,2026-08-11 20:33:15.502061+00:00,370,2,cube2 onto cube1
coraplex_panda_demo_v2,2026-08-11 15:06:22.671206+00:00,370,2,cube2 onto cube1
coraplex_panda_demo_v2,2026-08-10 07:57:25.429533+00:00,370,2,cube2 onto cube1
coraplex_panda_demo_v2,2026-08-10 23:06:47.708181+00:00,370,2,cube2 onto cube1
coraplex_panda_demo_v2,2026-08-10 23:06:47.708181+00:00,370,3,cube3 onto cube2
coraplex_panda_demo_v2,2026-08-11 20:33:15.502061+00:00,370,3,cube3 onto cube2
coraplex_panda_demo_v2,2026-08-11 15:06:22.671206+00:00,370,3,cube3 onto cube2
coraplex_panda_demo_v2,2026-08-10 07:57:25.429533+00:00,370,3,cube3 onto cube2
coraplex_panda_demo_v2,2026-08-11 15:06:22.671206+00:00,371,1,cube1 onto cube0
coraplex_panda_demo_v2,2026-08-10 23:06:47.708181+00:00,371,1,cube1 onto cube0
coraplex_panda_demo_v2,2026-08-10 17:08:54.640351+00:00,371,1,cube1 onto cube0
coraplex_panda_demo_v2,2026-08-10 07:57:25.429533+00:00,371,1,cube1 onto cube0
coraplex_panda_demo_v2,2026-08-10 07:57:25.429533+00:00,371,2,cube2 onto cube1
coraplex_panda_demo_v2,2026-08-10 23:06:47.708181+00:00,371,2,cube2 onto cube1
coraplex_panda_demo_v2,2026-08-11 15:06:22.671206+00:00,371,2,cube2 onto cube1
coraplex_panda_demo_v2,2026-08-10 17:08:54.640351+00:00,371,2,cube2 onto cube1
coraplex_panda_demo_v2,2026-08-10 23:06:47.708181+00:00,371,3,cube3 onto cube2
coraplex_panda_demo_v2,2026-08-10 07:57:25.429533+00:00,371,3,cube3 onto cube2
coraplex_panda_demo_v2,2026-08-10 17:08:54.640351+00:00,371,3,cube3 onto cube2
coraplex_panda_demo_v2,2026-08-11 15:06:22.671206+00:00,371,3,cube3 onto cube2
coraplex_panda_demo_v2,2026-08-10 23:06:47.708181+00:00,372,1,cube1 onto cube0
coraplex_panda_demo_v2,2026-08-10 07:57:25.429533+00:00,372,1,cube1 onto cube0
coraplex_panda_demo_v2,2026-08-11 15:06:22.671206+00:00,372,1,cube1 onto cube0
coraplex_panda_demo_v2,2026-08-10 07:57:25.429533+00:00,372,2,cube2 onto cube1
coraplex_panda_demo_v2,2026-08-10 23:06:47.708181+00:00,372,2,cube2 onto cube1
coraplex_panda_demo_v2,2026-08-11 15:06:22.671206+00:00,372,2,cube2 onto cube1
coraplex_panda_demo_v2,2026-08-10 07:57:25.429533+00:00,372,3,cube3 onto cube2
coraplex_panda_demo_v2,2026-08-11 15:06:22.671206+00:00,372,3,cube3 onto cube2
coraplex_panda_demo_v2,2026-08-10 23:06:47.708181+00:00,372,3,cube3 onto cube2
coraplex_panda_demo_v2,2026-08-11 15:06:22.671206+00:00,373,1,cube1 onto cube0
coraplex_panda_demo_v2,2026-08-11 15:06:22.671206+00:00,373,2,cube2 onto cube1
coraplex_panda_demo_v2,2026-08-11 15:06:22.671206+00:00,373,3,cube3 onto cube2
coraplex_panda_demo_v2,2026-08-10 07:57:25.429533+00:00,374,1,cube1 onto cube0
coraplex_panda_demo_v2,2026-08-11 15:06:22.671206+00:00,374,1,cube1 onto cube0
coraplex_panda_demo_v2,2026-08-10 17:08:54.640351+00:00,374,1,cube1 onto cube0
coraplex_panda_demo_v2,2026-08-11 20:33:15.502061+00:00,374,1,cube1 onto cube0
coraplex_panda_demo_v2,2026-08-11 15:06:22.671206+00:00,374,2,cube2 onto cube1
coraplex_panda_demo_v2,2026-08-10 17:08:54.640351+00:00,374,2,cube2 onto cube1
coraplex_panda_demo_v2,2026-08-10 07:57:25.429533+00:00,374,2,cube2 onto cube1
coraplex_panda_demo_v2,2026-08-11 20:33:15.502061+00:00,374,2,cube2 onto cube1
coraplex_panda_demo_v2,2026-08-10 17:08:54.640351+00:00,374,3,cube3 onto cube2
coraplex_panda_demo_v2,2026-08-11 20:33:15.502061+00:00,374,3,cube3 onto cube2
coraplex_panda_demo_v2,2026-08-11 15:06:22.671206+00:00,374,3,cube3 onto cube2
coraplex_panda_demo_v2,2026-08-10 07:57:25.429533+00:00,374,3,cube3 onto cube2
coraplex_panda_demo_v2,2026-08-10 07:57:25.429533+00:00,375,1,cube1 onto cube0
coraplex_panda_demo_v2,2026-08-11 20:33:15.502061+00:00,375,1,cube1 onto cube0
coraplex_panda_demo_v2,2026-08-10 07:57:25.429533+00:00,375,2,cube2 onto cube1
coraplex_panda_demo_v2,2026-08-11 20:33:15.502061+00:00,375,2,cube2 onto cube1
coraplex_panda_demo_v2,2026-08-10 07:57:25.429533+00:00,375,3,cube3 onto cube2
coraplex_panda_demo_v2,2026-08-11 20:33:15.502061+00:00,375,3,cube3 onto cube2
coraplex_panda_demo_v2,2026-08-10 17:08:54.640351+00:00,376,1,cube1 onto cube0
coraplex_panda_demo_v2,2026-08-11 15:06:22.671206+00:00,376,1,cube1 onto cube0
coraplex_panda_demo_v2,2026-08-10 23:06:47.708181+00:00,376,1,cube1 onto cube0
coraplex_panda_demo_v2,2026-08-11 20:33:15.502061+00:00,376,1,cube1 onto cube0
coraplex_panda_demo_v2,2026-08-11 15:06:22.671206+00:00,376,2,cube2 onto cube1
coraplex_panda_demo_v2,2026-08-10 23:06:47.708181+00:00,376,2,cube2 onto cube1
coraplex_panda_demo_v2,2026-08-10 17:08:54.640351+00:00,376,2,cube2 onto cube1
coraplex_panda_demo_v2,2026-08-11 20:33:15.502061+00:00,376,2,cube2 onto cube1
coraplex_panda_demo_v2,2026-08-11 15:06:22.671206+00:00,376,3,cube3 onto cube2
coraplex_panda_demo_v2,2026-08-10 23:06:47.708181+00:00,376,3,cube3 onto cube2
coraplex_panda_demo_v2,2026-08-10 17:08:54.640351+00:00,376,3,cube3 onto cube2
coraplex_panda_demo_v2,2026-08-11 20:33:15.502061+00:00,376,3,cube3 onto cube2
coraplex_panda_demo_v2,2026-08-11 20:33:15.502061+00:00,377,1,cube1 onto cube0
coraplex_panda_demo_v2,2026-08-11 15:06:22.671206+00:00,377,1,cube1 onto cube0
coraplex_panda_demo_v2,2026-08-10 23:06:47.708181+00:00,377,1,cube1 onto cube0
coraplex_panda_demo_v2,2026-08-10 17:08:54.640351+00:00,377,1,cube1 onto cube0
coraplex_panda_demo_v2,2026-08-10 07:57:25.429533+00:00,377,1,cube1 onto cube0
coraplex_panda_demo_v2,2026-08-10 17:08:54.640351+00:00,377,2,cube2 onto cube1
coraplex_panda_demo_v2,2026-08-10 07:57:25.429533+00:00,377,2,cube2 onto cube1
coraplex_panda_demo_v2,2026-08-11 15:06:22.671206+00:00,377,2,cube2 onto cube1
coraplex_panda_demo_v2,2026-08-11 20:33:15.502061+00:00,377,2,cube2 onto cube1
coraplex_panda_demo_v2,2026-08-10 23:06:47.708181+00:00,377,2,cube2 onto cube1
coraplex_panda_demo_v2,2026-08-11 20:33:15.502061+00:00,377,3,cube3 onto cube2
coraplex_panda_demo_v2,2026-08-10 07:57:25.429533+00:00,377,3,cube3 onto cube2
coraplex_panda_demo_v2,2026-08-11 15:06:22.671206+00:00,377,3,cube3 onto cube2
coraplex_panda_demo_v2,2026-08-10 17:08:54.640351+00:00,377,3,cube3 onto cube2
coraplex_panda_demo_v2,2026-08-10 23:06:47.708181+00:00,377,3,cube3 onto cube2
coraplex_panda_demo_v2,2026-08-11 15:06:22.671206+00:00,378,1,cube1 onto cube0
coraplex_panda_demo_v2,2026-08-11 20:33:15.502061+00:00,378,1,cube1 onto cube0
coraplex_panda_demo_v2,2026-08-10 23:06:47.708181+00:00,378,1,cube1 onto cube0
coraplex_panda_demo_v2,2026-08-10 07:57:25.429533+00:00,378,1,cube1 onto cube0
coraplex_panda_demo_v2,2026-08-10 17:08:54.640351+00:00,378,1,cube1 onto cube0
coraplex_panda_demo_v2,2026-08-11 20:33:15.502061+00:00,378,2,cube2 onto cube1
coraplex_panda_demo_v2,2026-08-10 07:57:25.429533+00:00,378,2,cube2 onto cube1
coraplex_panda_demo_v2,2026-08-10 17:08:54.640351+00:00,378,2,cube2 onto cube1
coraplex_panda_demo_v2,2026-08-10 23:06:47.708181+00:00,378,2,cube2 onto cube1
coraplex_panda_demo_v2,2026-08-11 15:06:22.671206+00:00,378,2,cube2 onto cube1
coraplex_panda_demo_v2,2026-08-10 17:08:54.640351+00:00,378,3,cube3 onto cube2
coraplex_panda_demo_v2,2026-08-10 07:57:25.429533+00:00,378,3,cube3 onto cube2
coraplex_panda_demo_v2,2026-08-11 20:33:15.502061+00:00,378,3,cube3 onto cube2
coraplex_panda_demo_v2,2026-08-10 23:06:47.708181+00:00,378,3,cube3 onto cube2
coraplex_panda_demo_v2,2026-08-11 15:06:22.671206+00:00,378,3,cube3 onto cube2
coraplex_panda_demo_v2,2026-08-10 07:57:25.429533+00:00,379,1,cube1 onto cube0
coraplex_panda_demo_v2,2026-08-10 17:08:54.640351+00:00,379,1,cube1 onto cube0
coraplex_panda_demo_v2,2026-08-11 20:33:15.502061+00:00,379,1,cube1 onto cube0
coraplex_panda_demo_v2,2026-08-11 20:33:15.502061+00:00,379,2,cube2 onto cube1
coraplex_panda_demo_v2,2026-08-10 17:08:54.640351+00:00,379,2,cube2 onto cube1
coraplex_panda_demo_v2,2026-08-10 07:57:25.429533+00:00,379,2,cube2 onto cube1
coraplex_panda_demo_v2,2026-08-10 07:57:25.429533+00:00,379,3,cube3 onto cube2
coraplex_panda_demo_v2,2026-08-11 20:33:15.502061+00:00,379,3,cube3 onto cube2
coraplex_panda_demo_v2,2026-08-10 17:08:54.640351+00:00,379,3,cube3 onto cube2
coraplex_panda_demo_v2,2026-08-10 17:08:54.640351+00:00,380,1,cube1 onto cube0
coraplex_panda_demo_v2,2026-08-11 15:06:22.671206+00:00,380,1,cube1 onto cube0
coraplex_panda_demo_v2,2026-08-10 07:57:25.429533+00:00,380,1,cube1 onto cube0
coraplex_panda_demo_v2,2026-08-10 23:06:47.708181+00:00,380,1,cube1 onto cube0
coraplex_panda_demo_v2,2026-08-11 20:33:15.502061+00:00,380,1,cube1 onto cube0
coraplex_panda_demo_v2,2026-08-10 07:57:25.429533+00:00,380,2,cube2 onto cube1
coraplex_panda_demo_v2,2026-08-11 20:33:15.502061+00:00,380,2,cube2 onto cube1
coraplex_panda_demo_v2,2026-08-11 15:06:22.671206+00:00,380,2,cube2 onto cube1
coraplex_panda_demo_v2,2026-08-10 23:06:47.708181+00:00,380,2,cube2 onto cube1
coraplex_panda_demo_v2,2026-08-10 17:08:54.640351+00:00,380,2,cube2 onto cube1
coraplex_panda_demo_v2,2026-08-10 23:06:47.708181+00:00,380,3,cube3 onto cube2
coraplex_panda_demo_v2,2026-08-11 20:33:15.502061+00:00,380,3,cube3 onto cube2
coraplex_panda_demo_v2,2026-08-10 07:57:25.429533+00:00,380,3,cube3 onto cube2
coraplex_panda_demo_v2,2026-08-10 17:08:54.640351+00:00,380,3,cube3 onto cube2
coraplex_panda_demo_v2,2026-08-11 15:06:22.671206+00:00,380,3,cube3 onto cube2
coraplex_panda_demo_v2,2026-08-11 20:33:15.502061+00:00,381,1,cube1 onto cube0
coraplex_panda_demo_v2,2026-08-10 17:08:54.640351+00:00,381,1,cube1 onto cube0
coraplex_panda_demo_v2,2026-08-10 07:57:25.429533+00:00,381,1,cube1 onto cube0
coraplex_panda_demo_v2,2026-08-10 17:08:54.640351+00:00,381,2,cube2 onto cube1
coraplex_panda_demo_v2,2026-08-10 07:57:25.429533+00:00,381,2,cube2 onto cube1
coraplex_panda_demo_v2,2026-08-11 20:33:15.502061+00:00,381,2,cube2 onto cube1
coraplex_panda_demo_v2,2026-08-11 20:33:15.502061+00:00,381,3,cube3 onto cube2
coraplex_panda_demo_v2,2026-08-10 17:08:54.640351+00:00,381,3,cube3 onto cube2
coraplex_panda_demo_v2,2026-08-10 07:57:25.429533+00:00,381,3,cube3 onto cube2
coraplex_panda_demo_v2,2026-08-10 07:57:25.429533+00:00,382,1,cube1 onto cube0
coraplex_panda_demo_v2,2026-08-10 23:06:47.708181+00:00,382,1,cube1 onto cube0
coraplex_panda_demo_v2,2026-08-11 20:33:15.502061+00:00,382,1,cube1 onto cube0
coraplex_panda_demo_v2,2026-08-11 15:06:22.671206+00:00,382,1,cube1 onto cube0
coraplex_panda_demo_v2,2026-08-10 23:06:47.708181+00:00,382,2,cube2 onto cube1
coraplex_panda_demo_v2,2026-08-10 07:57:25.429533+00:00,382,2,cube2 onto cube1
coraplex_panda_demo_v2,2026-08-11 20:33:15.502061+00:00,382,2,cube2 onto cube1
coraplex_panda_demo_v2,2026-08-11 15:06:22.671206+00:00,382,2,cube2 onto cube1
coraplex_panda_demo_v2,2026-08-11 20:33:15.502061+00:00,382,3,cube3 onto cube2
coraplex_panda_demo_v2,2026-08-10 23:06:47.708181+00:00,382,3,cube3 onto cube2
coraplex_panda_demo_v2,2026-08-11 15:06:22.671206+00:00,382,3,cube3 onto cube2
coraplex_panda_demo_v2,2026-08-10 07:57:25.429533+00:00,382,3,cube3 onto cube2
coraplex_panda_demo_v2,2026-08-10 07:57:25.429533+00:00,383,1,cube1 onto cube0
coraplex_panda_demo_v2,2026-08-11 20:33:15.502061+00:00,383,1,cube1 onto cube0
coraplex_panda_demo_v2,2026-08-10 17:08:54.640351+00:00,383,1,cube1 onto cube0
coraplex_panda_demo_v2,2026-08-10 17:08:54.640351+00:00,383,2,cube2 onto cube1
coraplex_panda_demo_v2,2026-08-10 07:57:25.429533+00:00,383,2,cube2 onto cube1
coraplex_panda_demo_v2,2026-08-11 20:33:15.502061+00:00,383,2,cube2 onto cube1
coraplex_panda_demo_v2,2026-08-10 07:57:25.429533+00:00,383,3,cube3 onto cube2
coraplex_panda_demo_v2,2026-08-10 17:08:54.640351+00:00,383,3,cube3 onto cube2
coraplex_panda_demo_v2,2026-08-11 20:33:15.502061+00:00,383,3,cube3 onto cube2
coraplex_panda_demo_v2,2026-08-10 17:08:54.640351+00:00,384,1,cube1 onto cube0
coraplex_panda_demo_v2,2026-08-10 23:06:47.708181+00:00,384,1,cube1 onto cube0
coraplex_panda_demo_v2,2026-08-11 20:33:15.502061+00:00,384,1,cube1 onto cube0
coraplex_panda_demo_v2,2026-08-10 07:57:25.429533+00:00,384,1,cube1 onto cube0
coraplex_panda_demo_v2,2026-08-10 17:08:54.640351+00:00,384,2,cube2 onto cube1
coraplex_panda_demo_v2,2026-08-10 23:06:47.708181+00:00,384,2,cube2 onto cube1
coraplex_panda_demo_v2,2026-08-11 20:33:15.502061+00:00,384,2,cube2 onto cube1
coraplex_panda_demo_v2,2026-08-10 07:57:25.429533+00:00,384,2,cube2 onto cube1
coraplex_panda_demo_v2,2026-08-10 07:57:25.429533+00:00,384,3,cube3 onto cube2
coraplex_panda_demo_v2,2026-08-10 17:08:54.640351+00:00,384,3,cube3 onto cube2
coraplex_panda_demo_v2,2026-08-10 23:06:47.708181+00:00,384,3,cube3 onto cube2
coraplex_panda_demo_v2,2026-08-11 20:33:15.502061+00:00,384,3,cube3 onto cube2
coraplex_panda_demo_v2,2026-08-10 07:57:25.429533+00:00,385,1,cube1 onto cube0
coraplex_panda_demo_v2,2026-08-11 15:06:22.671206+00:00,385,1,cube1 onto cube0
coraplex_panda_demo_v2,2026-08-11 20:33:15.502061+00:00,385,1,cube1 onto cube0
coraplex_panda_demo_v2,2026-08-10 17:08:54.640351+00:00,385,1,cube1 onto cube0
coraplex_panda_demo_v2,2026-08-11 20:33:15.502061+00:00,385,2,cube2 onto cube1
coraplex_panda_demo_v2,2026-08-11 15:06:22.671206+00:00,385,2,cube2 onto cube1
coraplex_panda_demo_v2,2026-08-10 07:57:25.429533+00:00,385,2,cube2 onto cube1
coraplex_panda_demo_v2,2026-08-10 17:08:54.640351+00:00,385,2,cube2 onto cube1
coraplex_panda_demo_v2,2026-08-11 20:33:15.502061+00:00,385,3,cube3 onto cube2
coraplex_panda_demo_v2,2026-08-10 07:57:25.429533+00:00,385,3,cube3 onto cube2
coraplex_panda_demo_v2,2026-08-10 17:08:54.640351+00:00,385,3,cube3 onto cube2
coraplex_panda_demo_v2,2026-08-11 15:06:22.671206+00:00,385,3,cube3 onto cube2
coraplex_panda_demo_v2,2026-08-11 20:33:15.502061+00:00,386,1,cube1 onto cube0
coraplex_panda_demo_v2,2026-08-10 23:06:47.708181+00:00,386,1,cube1 onto cube0
coraplex_panda_demo_v2,2026-08-10 17:08:54.640351+00:00,386,1,cube1 onto cube0
coraplex_panda_demo_v2,2026-08-11 15:06:22.671206+00:00,386,1,cube1 onto cube0
coraplex_panda_demo_v2,2026-08-11 15:06:22.671206+00:00,386,2,cube2 onto cube1
coraplex_panda_demo_v2,2026-08-10 23:06:47.708181+00:00,386,2,cube2 onto cube1
coraplex_panda_demo_v2,2026-08-10 17:08:54.640351+00:00,386,2,cube2 onto cube1
coraplex_panda_demo_v2,2026-08-11 20:33:15.502061+00:00,386,2,cube2 onto cube1
coraplex_panda_demo_v2,2026-08-11 20:33:15.502061+00:00,386,3,cube3 onto cube2
coraplex_panda_demo_v2,2026-08-10 23:06:47.708181+00:00,386,3,cube3 onto cube2
coraplex_panda_demo_v2,2026-08-11 15:06:22.671206+00:00,386,3,cube3 onto cube2
coraplex_panda_demo_v2,2026-08-10 17:08:54.640351+00:00,386,3,cube3 onto cube2
coraplex_panda_demo_v2,2026-08-10 17:08:54.640351+00:00,387,1,cube1 onto cube0
coraplex_panda_demo_v2,2026-08-11 20:33:15.502061+00:00,387,1,cube1 onto cube0
coraplex_panda_demo_v2,2026-08-10 07:57:25.429533+00:00,387,1,cube1 onto cube0
coraplex_panda_demo_v2,2026-08-10 23:06:47.708181+00:00,387,1,cube1 onto cube0
coraplex_panda_demo_v2,2026-08-11 20:33:15.502061+00:00,387,2,cube2 onto cube1
coraplex_panda_demo_v2,2026-08-10 23:06:47.708181+00:00,387,2,cube2 onto cube1
coraplex_panda_demo_v2,2026-08-10 07:57:25.429533+00:00,387,2,cube2 onto cube1
coraplex_panda_demo_v2,2026-08-10 17:08:54.640351+00:00,387,2,cube2 onto cube1
coraplex_panda_demo_v2,2026-08-10 07:57:25.429533+00:00,387,3,cube3 onto cube2
coraplex_panda_demo_v2,2026-08-10 23:06:47.708181+00:00,387,3,cube3 onto cube2
coraplex_panda_demo_v2,2026-08-11 20:33:15.502061+00:00,387,3,cube3 onto cube2
coraplex_panda_demo_v2,2026-08-10 17:08:54.640351+00:00,387,3,cube3 onto cube2
coraplex_panda_demo_v2,2026-08-11 20:33:15.502061+00:00,388,1,cube1 onto cube0
coraplex_panda_demo_v2,2026-08-10 07:57:25.429533+00:00,388,1,cube1 onto cube0
coraplex_panda_demo_v2,2026-08-10 23:06:47.708181+00:00,388,1,cube1 onto cube0
coraplex_panda_demo_v2,2026-08-10 23:06:47.708181+00:00,388,2,cube2 onto cube1
coraplex_panda_demo_v2,2026-08-10 07:57:25.429533+00:00,388,2,cube2 onto cube1
coraplex_panda_demo_v2,2026-08-11 20:33:15.502061+00:00,388,2,cube2 onto cube1
coraplex_panda_demo_v2,2026-08-11 20:33:15.502061+00:00,388,3,cube3 onto cube2
coraplex_panda_demo_v2,2026-08-10 23:06:47.708181+00:00,388,3,cube3 onto cube2
coraplex_panda_demo_v2,2026-08-10 07:57:25.429533+00:00,388,3,cube3 onto cube2
coraplex_panda_demo_v2,2026-08-10 07:57:25.429533+00:00,389,1,cube1 onto cube0
coraplex_panda_demo_v2,2026-08-11 20:33:15.502061+00:00,389,1,cube1 onto cube0
coraplex_panda_demo_v2,2026-08-11 15:06:22.671206+00:00,389,1,cube1 onto cube0
coraplex_panda_demo_v2,2026-08-11 20:33:15.502061+00:00,389,2,cube2 onto cube1
coraplex_panda_demo_v2,2026-08-10 07:57:25.429533+00:00,389,2,cube2 onto cube1
coraplex_panda_demo_v2,2026-08-11 15:06:22.671206+00:00,389,2,cube2 onto cube1
coraplex_panda_demo_v2,2026-08-11 15:06:22.671206+00:00,389,3,cube3 onto cube2
coraplex_panda_demo_v2,2026-08-10 07:57:25.429533+00:00,389,3,cube3 onto cube2
coraplex_panda_demo_v2,2026-08-11 20:33:15.502061+00:00,389,3,cube3 onto cube2
coraplex_panda_demo_v2,2026-08-10 23:06:47.708181+00:00,390,1,cube1 onto cube0
coraplex_panda_demo_v2,2026-08-10 17:08:54.640351+00:00,390,1,cube1 onto cube0
coraplex_panda_demo_v2,2026-08-10 23:06:47.708181+00:00,390,2,cube2 onto cube1
coraplex_panda_demo_v2,2026-08-10 17:08:54.640351+00:00,390,2,cube2 onto cube1
coraplex_panda_demo_v2,2026-08-10 17:08:54.640351+00:00,390,3,cube3 onto cube2
coraplex_panda_demo_v2,2026-08-10 23:06:47.708181+00:00,390,3,cube3 onto cube2
coraplex_panda_demo_v2,2026-08-10 17:08:54.640351+00:00,392,1,cube1 onto cube0
coraplex_panda_demo_v2,2026-08-10 23:06:47.708181+00:00,392,1,cube1 onto cube0
coraplex_panda_demo_v2,2026-08-10 07:57:25.429533+00:00,392,1,cube1 onto cube0
coraplex_panda_demo_v2,2026-08-10 07:57:25.429533+00:00,392,2,cube2 onto cube1
coraplex_panda_demo_v2,2026-08-10 17:08:54.640351+00:00,392,2,cube2 onto cube1
coraplex_panda_demo_v2,2026-08-10 23:06:47.708181+00:00,392,2,cube2 onto cube1
coraplex_panda_demo_v2,2026-08-10 07:57:25.429533+00:00,392,3,cube3 onto cube2
coraplex_panda_demo_v2,2026-08-10 17:08:54.640351+00:00,392,3,cube3 onto cube2
coraplex_panda_demo_v2,2026-08-10 23:06:47.708181+00:00,392,3,cube3 onto cube2
coraplex_panda_demo_v2,2026-08-11 15:06:22.671206+00:00,393,1,cube1 onto cube0
coraplex_panda_demo_v2,2026-08-10 07:57:25.429533+00:00,393,1,cube1 onto cube0
coraplex_panda_demo_v2,2026-08-10 23:06:47.708181+00:00,393,1,cube1 onto cube0
coraplex_panda_demo_v2,2026-08-11 20:33:15.502061+00:00,393,1,cube1 onto cube0
coraplex_panda_demo_v2,2026-08-10 23:06:47.708181+00:00,393,2,cube2 onto cube1
coraplex_panda_demo_v2,2026-08-11 15:06:22.671206+00:00,393,2,cube2 onto cube1
coraplex_panda_demo_v2,2026-08-10 07:57:25.429533+00:00,393,2,cube2 onto cube1
coraplex_panda_demo_v2,2026-08-11 20:33:15.502061+00:00,393,2,cube2 onto cube1
coraplex_panda_demo_v2,2026-08-11 20:33:15.502061+00:00,393,3,cube3 onto cube2
coraplex_panda_demo_v2,2026-08-11 15:06:22.671206+00:00,393,3,cube3 onto cube2
coraplex_panda_demo_v2,2026-08-10 07:57:25.429533+00:00,393,3,cube3 onto cube2
coraplex_panda_demo_v2,2026-08-10 23:06:47.708181+00:00,393,3,cube3 onto cube2
coraplex_panda_demo_v2,2026-08-10 23:06:47.708181+00:00,394,1,cube1 onto cube0
coraplex_panda_demo_v2,2026-08-10 17:08:54.640351+00:00,394,1,cube1 onto cube0
coraplex_panda_demo_v2,2026-08-11 20:33:15.502061+00:00,394,1,cube1 onto cube0
coraplex_panda_demo_v2,2026-08-10 07:57:25.429533+00:00,394,1,cube1 onto cube0
coraplex_panda_demo_v2,2026-08-10 07:57:25.429533+00:00,394,2,cube2 onto cube1
coraplex_panda_demo_v2,2026-08-10 17:08:54.640351+00:00,394,2,cube2 onto cube1
coraplex_panda_demo_v2,2026-08-10 23:06:47.708181+00:00,394,2,cube2 onto cube1
coraplex_panda_demo_v2,2026-08-11 20:33:15.502061+00:00,394,2,cube2 onto cube1
coraplex_panda_demo_v2,2026-08-11 20:33:15.502061+00:00,394,3,cube3 onto cube2
coraplex_panda_demo_v2,2026-08-10 07:57:25.429533+00:00,394,3,cube3 onto cube2
coraplex_panda_demo_v2,2026-08-10 23:06:47.708181+00:00,394,3,cube3 onto cube2
coraplex_panda_demo_v2,2026-08-10 17:08:54.640351+00:00,394,3,cube3 onto cube2
coraplex_panda_demo_v2,2026-08-10 17:08:54.640351+00:00,395,1,cube1 onto cube0
coraplex_panda_demo_v2,2026-08-11 20:33:15.502061+00:00,395,1,cube1 onto cube0
coraplex_panda_demo_v2,2026-08-10 23:06:47.708181+00:00,395,1,cube1 onto cube0
coraplex_panda_demo_v2,2026-08-11 15:06:22.671206+00:00,395,1,cube1 onto cube0
coraplex_panda_demo_v2,2026-08-11 20:33:15.502061+00:00,395,2,cube2 onto cube1
coraplex_panda_demo_v2,2026-08-10 17:08:54.640351+00:00,395,2,cube2 onto cube1
coraplex_panda_demo_v2,2026-08-11 15:06:22.671206+00:00,395,2,cube2 onto cube1
coraplex_panda_demo_v2,2026-08-10 23:06:47.708181+00:00,395,2,cube2 onto cube1
coraplex_panda_demo_v2,2026-08-10 23:06:47.708181+00:00,395,3,cube3 onto cube2
coraplex_panda_demo_v2,2026-08-10 17:08:54.640351+00:00,395,3,cube3 onto cube2
coraplex_panda_demo_v2,2026-08-11 15:06:22.671206+00:00,395,3,cube3 onto cube2
coraplex_panda_demo_v2,2026-08-11 20:33:15.502061+00:00,395,3,cube3 onto cube2
coraplex_panda_demo_v2,2026-08-10 17:08:54.640351+00:00,396,1,cube1 onto cube0
coraplex_panda_demo_v2,2026-08-11 20:33:15.502061+00:00,396,1,cube1 onto cube0
coraplex_panda_demo_v2,2026-08-10 23:06:47.708181+00:00,396,1,cube1 onto cube0
coraplex_panda_demo_v2,2026-08-11 20:33:15.502061+00:00,396,2,cube2 onto cube1
coraplex_panda_demo_v2,2026-08-10 17:08:54.640351+00:00,396,2,cube2 onto cube1
coraplex_panda_demo_v2,2026-08-10 23:06:47.708181+00:00,396,2,cube2 onto cube1
coraplex_panda_demo_v2,2026-08-10 23:06:47.708181+00:00,396,3,cube3 onto cube2
coraplex_panda_demo_v2,2026-08-11 20:33:15.502061+00:00,396,3,cube3 onto cube2
coraplex_panda_demo_v2,2026-08-10 17:08:54.640351+00:00,396,3,cube3 onto cube2
coraplex_panda_demo_v2,2026-08-11 20:33:15.502061+00:00,397,1,cube1 onto cube0
coraplex_panda_demo_v2,2026-08-10 23:06:47.708181+00:00,397,1,cube1 onto cube0
coraplex_panda_demo_v2,2026-08-10 17:08:54.640351+00:00,397,1,cube1 onto cube0
coraplex_panda_demo_v2,2026-08-10 23:06:47.708181+00:00,397,2,cube2 onto cube1
coraplex_panda_demo_v2,2026-08-11 20:33:15.502061+00:00,397,2,cube2 onto cube1
coraplex_panda_demo_v2,2026-08-10 17:08:54.640351+00:00,397,2,cube2 onto cube1
coraplex_panda_demo_v2,2026-08-10 23:06:47.708181+00:00,397,3,cube3 onto cube2
coraplex_panda_demo_v2,2026-08-11 20:33:15.502061+00:00,397,3,cube3 onto cube2
coraplex_panda_demo_v2,2026-08-10 17:08:54.640351+00:00,397,3,cube3 onto cube2
coraplex_panda_demo_v2,2026-08-10 23:06:47.708181+00:00,398,1,cube1 onto cube0
coraplex_panda_demo_v2,2026-08-11 15:06:22.671206+00:00,398,1,cube1 onto cube0
coraplex_panda_demo_v2,2026-08-10 17:08:54.640351+00:00,398,1,cube1 onto cube0
coraplex_panda_demo_v2,2026-08-11 15:06:22.671206+00:00,398,2,cube2 onto cube1
coraplex_panda_demo_v2,2026-08-10 23:06:47.708181+00:00,398,2,cube2 onto cube1
coraplex_panda_demo_v2,2026-08-10 17:08:54.640351+00:00,398,2,cube2 onto cube1
coraplex_panda_demo_v2,2026-08-10 17:08:54.640351+00:00,398,3,cube3 onto cube2
coraplex_panda_demo_v2,2026-08-11 15:06:22.671206+00:00,398,3,cube3 onto cube2
coraplex_panda_demo_v2,2026-08-10 23:06:47.708181+00:00,398,3,cube3 onto cube2
coraplex_panda_demo_v2,2026-08-11 20:33:15.502061+00:00,399,1,cube1 onto cube0
coraplex_panda_demo_v2,2026-08-10 23:06:47.708181+00:00,399,1,cube1 onto cube0
coraplex_panda_demo_v2,2026-08-10 17:08:54.640351+00:00,399,1,cube1 onto cube0
coraplex_panda_demo_v2,2026-08-10 17:08:54.640351+00:00,399,2,cube2 onto cube1
coraplex_panda_demo_v2,2026-08-11 20:33:15.502061+00:00,399,2,cube2 onto cube1
coraplex_panda_demo_v2,2026-08-10 23:06:47.708181+00:00,399,2,cube2 onto cube1
coraplex_panda_demo_v2,2026-08-10 17:08:54.640351+00:00,399,3,cube3 onto cube2
coraplex_panda_demo_v2,2026-08-11 20:33:15.502061+00:00,399,3,cube3 onto cube2
coraplex_panda_demo_v2,2026-08-10 23:06:47.708181+00:00,399,3,cube3 onto cube2
coraplex_panda_demo_v2,2026-08-10 23:06:47.708181+00:00,400,1,cube1 onto cube0
coraplex_panda_demo_v2,2026-08-11 20:33:15.502061+00:00,400,1,cube1 onto cube0
coraplex_panda_demo_v2,2026-08-11 20:33:15.502061+00:00,400,2,cube2 onto cube1
coraplex_panda_demo_v2,2026-08-10 23:06:47.708181+00:00,400,2,cube2 onto cube1
coraplex_panda_demo_v2,2026-08-10 23:06:47.708181+00:00,400,3,cube3 onto cube2
coraplex_panda_demo_v2,2026-08-11 20:33:15.502061+00:00,400,3,cube3 onto cube2
