# Blender 5.2.2 LTS
# www.blender.org
mtllib tower_section_1.mtl
o tower_section_1
v 2.995000 0.000000 0.000000
v 2.988587 0.195882 0.000000
v 2.969377 0.390926 0.000000
v 2.937452 0.584296 0.000000
v 2.892948 0.775163 0.000000
v 2.836056 0.962711 0.000000
v 2.767019 1.146137 0.000000
v 2.686134 1.324655 0.000000
v 2.593746 1.497500 0.000000
v 2.490252 1.663933 0.000000
v 2.376093 1.823241 0.000000
v 2.251760 1.974741 0.000000
v 2.117785 2.117785 0.000000
v 1.974741 2.251760 0.000000
v 1.823241 2.376093 0.000000
v 1.663933 2.490252 0.000000
v 1.497500 2.593746 0.000000
v 1.324655 2.686134 0.000000
v 1.146137 2.767019 0.000000
v 0.962711 2.836056 0.000000
v 0.775163 2.892948 0.000000
v 0.584296 2.937452 0.000000
v 0.390926 2.969377 0.000000
v 0.195882 2.988587 0.000000
v 0.000000 2.995000 0.000000
v -0.195882 2.988587 0.000000
v -0.390926 2.969377 0.000000
v -0.584296 2.937452 0.000000
v -0.775163 2.892948 0.000000
v -0.962711 2.836056 0.000000
v -1.146137 2.767019 0.000000
v -1.324655 2.686134 0.000000
v -1.497500 2.593746 0.000000
v -1.663933 2.490252 0.000000
v -1.823241 2.376093 0.000000
v -1.974741 2.251760 0.000000
v -2.117785 2.117785 0.000000
v -2.251760 1.974741 0.000000
v -2.376093 1.823241 0.000000
v -2.490252 1.663933 0.000000
v -2.593746 1.497500 0.000000
v -2.686134 1.324655 0.000000
v -2.767019 1.146137 0.000000
v -2.836056 0.962711 0.000000
v -2.892948 0.775163 0.000000
v -2.937452 0.584296 0.000000
v -2.969377 0.390926 0.000000
v -2.988587 0.195882 0.000000
v -2.995000 0.000000 0.000000
v -2.988587 -0.195882 0.000000
v -2.969377 -0.390926 0.000000
v -2.937452 -0.584296 0.000000
v -2.892948 -0.775163 0.000000
v -2.836056 -0.962711 0.000000
v -2.767019 -1.146137 0.000000
v -2.686134 -1.324655 0.000000
v -2.593746 -1.497500 0.000000
v -2.490252 -1.663933 0.000000
v -2.376093 -1.823241 0.000000
v -2.251760 -1.974741 0.000000
v -2.117785 -2.117785 0.000000
v -1.974741 -2.251760 0.000000
v -1.823241 -2.376093 0.000000
v -1.663933 -2.490252 0.000000
v -1.497500 -2.593746 0.000000
v -1.324655 -2.686134 0.000000
v -1.146137 -2.767019 0.000000
v -0.962711 -2.836056 0.000000
v -0.775163 -2.892948 0.000000
v -0.584296 -2.937452 0.000000
v -0.390926 -2.969377 0.000000
v -0.195882 -2.988587 0.000000
v -0.000000 -2.995000 0.000000
v 0.195882 -2.988587 0.000000
v 0.390926 -2.969377 0.000000
v 0.584296 -2.937452 0.000000
v 0.775163 -2.892948 0.000000
v 0.962711 -2.836056 0.000000
v 1.146137 -2.767019 0.000000
v 1.324655 -2.686134 0.000000
v 1.497500 -2.593746 0.000000
v 1.663933 -2.490252 0.000000
v 1.823241 -2.376093 0.000000
v 1.974741 -2.251760 0.000000
v 2.117785 -2.117785 0.000000
v 2.251760 -1.974741 0.000000
v 2.376093 -1.823241 0.000000
v 2.490252 -1.663933 0.000000
v 2.593746 -1.497500 0.000000
v 2.686134 -1.324655 0.000000
v 2.767019 -1.146137 0.000000
v 2.836056 -0.962711 0.000000
v 2.892948 -0.775163 0.000000
v 2.937452 -0.584296 0.000000
v 2.969377 -0.390926 0.000000
v 2.988587 -0.195882 0.000000
v 2.938030 0.000000 0.000000
v 2.931740 0.192156 0.000000
v 2.912895 0.383490 0.000000
v 2.881577 0.573181 0.000000
v 2.837919 0.760418 0.000000
v 2.782109 0.944399 0.000000
v 2.714386 1.124335 0.000000
v 2.635039 1.299457 0.000000
v 2.544409 1.469015 0.000000
v 2.442883 1.632282 0.000000
v 2.330896 1.788559 0.000000
v 2.208928 1.937178 0.000000
v 2.077501 2.077501 0.000000
v 1.937178 2.208928 0.000000
v 1.788559 2.330896 0.000000
v 1.632282 2.442883 0.000000
v 1.469015 2.544409 0.000000
v 1.299457 2.635039 0.000000
v 1.124335 2.714386 0.000000
v 0.944399 2.782109 0.000000
v 0.760418 2.837919 0.000000
v 0.573181 2.881577 0.000000
v 0.383490 2.912895 0.000000
v 0.192156 2.931740 0.000000
v 0.000000 2.938030 0.000000
v -0.192156 2.931740 0.000000
v -0.383490 2.912895 0.000000
v -0.573181 2.881577 0.000000
v -0.760418 2.837919 0.000000
v -0.944399 2.782109 0.000000
v -1.124335 2.714386 0.000000
v -1.299457 2.635039 0.000000
v -1.469015 2.544409 0.000000
v -1.632282 2.442883 0.000000
v -1.788559 2.330896 0.000000
v -1.937178 2.208928 0.000000
v -2.077501 2.077501 0.000000
v -2.208928 1.937178 0.000000
v -2.330896 1.788559 0.000000
v -2.442883 1.632282 0.000000
v -2.544409 1.469015 0.000000
v -2.635039 1.299457 0.000000
v -2.714386 1.124335 0.000000
v -2.782109 0.944399 0.000000
v -2.837919 0.760418 0.000000
v -2.881577 0.573181 0.000000
v -2.912895 0.383490 0.000000
v -2.931740 0.192156 0.000000
v -2.938030 0.000000 0.000000
v -2.931740 -0.192156 0.000000
v -2.912895 -0.383490 0.000000
v -2.881577 -0.573181 0.000000
v -2.837919 -0.760418 0.000000
v -2.782109 -0.944399 0.000000
v -2.714386 -1.124335 0.000000
v -2.635039 -1.299457 0.000000
v -2.544409 -1.469015 0.000000
v -2.442883 -1.632282 0.000000
v -2.330896 -1.788559 0.000000
v -2.208928 -1.937178 0.000000
v -2.077501 -2.077501 0.000000
v -1.937178 -2.208928 0.000000
v -1.788559 -2.330896 0.000000
v -1.632282 -2.442883 0.000000
v -1.469015 -2.544409 0.000000
v -1.299457 -2.635039 0.000000
v -1.124335 -2.714386 0.000000
v -0.944399 -2.782109 0.000000
v -0.760418 -2.837919 0.000000
v -0.573181 -2.881577 0.000000
v -0.383490 -2.912895 0.000000
v -0.192156 -2.931740 0.000000
v -0.000000 -2.938030 0.000000
v 0.192156 -2.931740 0.000000
v 0.383490 -2.912895 0.000000
v 0.573181 -2.881577 0.000000
v 0.760418 -2.837919 0.000000
v 0.944399 -2.782109 0.000000
v 1.124335 -2.714386 0.000000
v 1.299457 -2.635039 0.000000
v 1.469015 -2.544409 0.000000
v 1.632282 -2.442883 0.000000
v 1.788559 -2.330896 0.000000
v 1.937178 -2.208928 0.000000
v 2.077501 -2.077501 0.000000
v 2.208928 -1.937178 0.000000
v 2.330896 -1.788559 0.000000
v 2.442883 -1.632282 0.000000
v 2.544409 -1.469015 0.000000
v 2.635039 -1.299457 0.000000
v 2.714386 -1.124335 0.000000
v 2.782109 -0.944399 0.000000
v 2.837919 -0.760418 0.000000
v 2.881577 -0.573181 0.000000
v 2.912895 -0.383490 0.000000
v 2.931740 -0.192156 0.000000
v 2.965000 0.000000 10.800000
v 2.958652 0.193920 10.800000
v 2.939634 0.387010 10.800000
v 2.908028 0.578443 10.800000
v 2.863970 0.767398 10.800000
v 2.807648 0.953068 10.800000
v 2.739303 1.134656 10.800000
v 2.659228 1.311386 10.800000
v 2.567765 1.482500 10.800000
v 2.465307 1.647266 10.800000
v 2.352293 1.804978 10.800000
v 2.229205 1.954960 10.800000
v 2.096572 2.096572 10.800000
v 1.954960 2.229205 10.800000
v 1.804978 2.352293 10.800000
v 1.647266 2.465307 10.800000
v 1.482500 2.567765 10.800000
v 1.311386 2.659228 10.800000
v 1.134656 2.739303 10.800000
v 0.953068 2.807648 10.800000
v 0.767398 2.863970 10.800000
v 0.578443 2.908028 10.800000
v 0.387010 2.939634 10.800000
v 0.193920 2.958652 10.800000
v 0.000000 2.965000 10.800000
v -0.193920 2.958652 10.800000
v -0.387010 2.939634 10.800000
v -0.578443 2.908028 10.800000
v -0.767398 2.863970 10.800000
v -0.953068 2.807648 10.800000
v -1.134656 2.739303 10.800000
v -1.311386 2.659228 10.800000
v -1.482500 2.567765 10.800000
v -1.647266 2.465307 10.800000
v -1.804978 2.352293 10.800000
v -1.954960 2.229205 10.800000
v -2.096572 2.096572 10.800000
v -2.229205 1.954960 10.800000
v -2.352293 1.804978 10.800000
v -2.465307 1.647266 10.800000
v -2.567765 1.482500 10.800000
v -2.659228 1.311386 10.800000
v -2.739303 1.134656 10.800000
v -2.807648 0.953068 10.800000
v -2.863970 0.767398 10.800000
v -2.908028 0.578443 10.800000
v -2.939634 0.387010 10.800000
v -2.958652 0.193920 10.800000
v -2.965000 0.000000 10.800000
v -2.958652 -0.193920 10.800000
v -2.939634 -0.387010 10.800000
v -2.908028 -0.578443 10.800000
v -2.863970 -0.767398 10.800000
v -2.807648 -0.953068 10.800000
v -2.739303 -1.134656 10.800000
v -2.659228 -1.311386 10.800000
v -2.567765 -1.482500 10.800000
v -2.465307 -1.647266 10.800000
v -2.352293 -1.804978 10.800000
v -2.229205 -1.954960 10.800000
v -2.096572 -2.096572 10.800000
v -1.954960 -2.229205 10.800000
v -1.804978 -2.352293 10.800000
v -1.647266 -2.465307 10.800000
v -1.482500 -2.567765 10.800000
v -1.311386 -2.659228 10.800000
v -1.134656 -2.739303 10.800000
v -0.953068 -2.807648 10.800000
v -0.767398 -2.863970 10.800000
v -0.578443 -2.908028 10.800000
v -0.387010 -2.939634 10.800000
v -0.193920 -2.958652 10.800000
v -0.000000 -2.965000 10.800000
v 0.193920 -2.958652 10.800000
v 0.387010 -2.939634 10.800000
v 0.578443 -2.908028 10.800000
v 0.767398 -2.863970 10.800000
v 0.953068 -2.807648 10.800000
v 1.134656 -2.739303 10.800000
v 1.311386 -2.659228 10.800000
v 1.482500 -2.567765 10.800000
v 1.647266 -2.465307 10.800000
v 1.804978 -2.352293 10.800000
v 1.954960 -2.229205 10.800000
v 2.096572 -2.096572 10.800000
v 2.229205 -1.954960 10.800000
v 2.352293 -1.804978 10.800000
v 2.465307 -1.647266 10.800000
v 2.567765 -1.482500 10.800000
v 2.659228 -1.311386 10.800000
v 2.739303 -1.134656 10.800000
v 2.807648 -0.953068 10.800000
v 2.863970 -0.767398 10.800000
v 2.908028 -0.578443 10.800000
v 2.939634 -0.387010 10.800000
v 2.958652 -0.193920 10.800000
v 2.908030 0.000000 10.800000
v 2.901804 0.190194 10.800000
v 2.883151 0.379574 10.800000
v 2.852153 0.567329 10.800000
v 2.808941 0.752654 10.800000
v 2.753701 0.934756 10.800000
v 2.686669 1.112855 10.800000
v 2.608133 1.286189 10.800000
v 2.518428 1.454015 10.800000
v 2.417938 1.615615 10.800000
v 2.307095 1.770296 10.800000
v 2.186373 1.917397 10.800000
v 2.056288 2.056288 10.800000
v 1.917397 2.186373 10.800000
v 1.770296 2.307095 10.800000
v 1.615615 2.417938 10.800000
v 1.454015 2.518428 10.800000
v 1.286189 2.608133 10.800000
v 1.112855 2.686669 10.800000
v 0.934756 2.753701 10.800000
v 0.752654 2.808941 10.800000
v 0.567329 2.852153 10.800000
v 0.379574 2.883151 10.800000
v 0.190194 2.901804 10.800000
v 0.000000 2.908030 10.800000
v -0.190194 2.901804 10.800000
v -0.379574 2.883151 10.800000
v -0.567329 2.852153 10.800000
v -0.752654 2.808941 10.800000
v -0.934756 2.753701 10.800000
v -1.112855 2.686669 10.800000
v -1.286189 2.608133 10.800000
v -1.454015 2.518428 10.800000
v -1.615615 2.417938 10.800000
v -1.770296 2.307095 10.800000
v -1.917397 2.186373 10.800000
v -2.056288 2.056288 10.800000
v -2.186373 1.917397 10.800000
v -2.307095 1.770296 10.800000
v -2.417938 1.615615 10.800000
v -2.518428 1.454015 10.800000
v -2.608133 1.286189 10.800000
v -2.686669 1.112855 10.800000
v -2.753701 0.934756 10.800000
v -2.808941 0.752654 10.800000
v -2.852153 0.567329 10.800000
v -2.883151 0.379574 10.800000
v -2.901804 0.190194 10.800000
v -2.908030 0.000000 10.800000
v -2.901804 -0.190194 10.800000
v -2.883151 -0.379574 10.800000
v -2.852153 -0.567329 10.800000
v -2.808941 -0.752654 10.800000
v -2.753701 -0.934756 10.800000
v -2.686669 -1.112855 10.800000
v -2.608133 -1.286189 10.800000
v -2.518428 -1.454015 10.800000
v -2.417938 -1.615615 10.800000
v -2.307095 -1.770296 10.800000
v -2.186373 -1.917397 10.800000
v -2.056288 -2.056288 10.800000
v -1.917397 -2.186373 10.800000
v -1.770296 -2.307095 10.800000
v -1.615615 -2.417938 10.800000
v -1.454015 -2.518428 10.800000
v -1.286189 -2.608133 10.800000
v -1.112855 -2.686669 10.800000
v -0.934756 -2.753701 10.800000
v -0.752654 -2.808941 10.800000
v -0.567329 -2.852153 10.800000
v -0.379574 -2.883151 10.800000
v -0.190194 -2.901804 10.800000
v -0.000000 -2.908030 10.800000
v 0.190194 -2.901804 10.800000
v 0.379574 -2.883151 10.800000
v 0.567329 -2.852153 10.800000
v 0.752654 -2.808941 10.800000
v 0.934756 -2.753701 10.800000
v 1.112855 -2.686669 10.800000
v 1.286189 -2.608133 10.800000
v 1.454015 -2.518428 10.800000
v 1.615615 -2.417938 10.800000
v 1.770296 -2.307095 10.800000
v 1.917397 -2.186373 10.800000
v 2.056288 -2.056288 10.800000
v 2.186373 -1.917397 10.800000
v 2.307095 -1.770296 10.800000
v 2.417938 -1.615615 10.800000
v 2.518428 -1.454015 10.800000
v 2.608133 -1.286189 10.800000
v 2.686669 -1.112855 10.800000
v 2.753701 -0.934756 10.800000
v 2.808941 -0.752654 10.800000
v 2.852153 -0.567329 10.800000
v 2.883151 -0.379574 10.800000
v 2.901804 -0.190194 10.800000
v 2.965000 0.000000 21.610001
v 2.958652 0.193920 21.610001
v 2.939634 0.387010 21.610001
v 2.908028 0.578443 21.610001
v 2.863970 0.767398 21.610001
v 2.807648 0.953068 21.610001
v 2.739303 1.134656 21.610001
v 2.659228 1.311386 21.610001
v 2.567765 1.482500 21.610001
v 2.465307 1.647266 21.610001
v 2.352293 1.804978 21.610001
v 2.229205 1.954960 21.610001
v 2.096572 2.096572 21.610001
v 1.954960 2.229205 21.610001
v 1.804978 2.352293 21.610001
v 1.647266 2.465307 21.610001
v 1.482500 2.567765 21.610001
v 1.311386 2.659228 21.610001
v 1.134656 2.739303 21.610001
v 0.953068 2.807648 21.610001
v 0.767398 2.863970 21.610001
v 0.578443 2.908028 21.610001
v 0.387010 2.939634 21.610001
v 0.193920 2.958652 21.610001
v 0.000000 2.965000 21.610001
v -0.193920 2.958652 21.610001
v -0.387010 2.939634 21.610001
v -0.578443 2.908028 21.610001
v -0.767398 2.863970 21.610001
v -0.953068 2.807648 21.610001
v -1.134656 2.739303 21.610001
v -1.311386 2.659228 21.610001
v -1.482500 2.567765 21.610001
v -1.647266 2.465307 21.610001
v -1.804978 2.352293 21.610001
v -1.954960 2.229205 21.610001
v -2.096572 2.096572 21.610001
v -2.229205 1.954960 21.610001
v -2.352293 1.804978 21.610001
v -2.465307 1.647266 21.610001
v -2.567765 1.482500 21.610001
v -2.659228 1.311386 21.610001
v -2.739303 1.134656 21.610001
v -2.807648 0.953068 21.610001
v -2.863970 0.767398 21.610001
v -2.908028 0.578443 21.610001
v -2.939634 0.387010 21.610001
v -2.958652 0.193920 21.610001
v -2.965000 0.000000 21.610001
v -2.958652 -0.193920 21.610001
v -2.939634 -0.387010 21.610001
v -2.908028 -0.578443 21.610001
v -2.863970 -0.767398 21.610001
v -2.807648 -0.953068 21.610001
v -2.739303 -1.134656 21.610001
v -2.659228 -1.311386 21.610001
v -2.567765 -1.482500 21.610001
v -2.465307 -1.647266 21.610001
v -2.352293 -1.804978 21.610001
v -2.229205 -1.954960 21.610001
v -2.096572 -2.096572 21.610001
v -1.954960 -2.229205 21.610001
v -1.804978 -2.352293 21.610001
v -1.647266 -2.465307 21.610001
v -1.482500 -2.567765 21.610001
v -1.311386 -2.659228 21.610001
v -1.134656 -2.739303 21.610001
v -0.953068 -2.807648 21.610001
v -0.767398 -2.863970 21.610001
v -0.578443 -2.908028 21.610001
v -0.387010 -2.939634 21.610001
v -0.193920 -2.958652 21.610001
v -0.000000 -2.965000 21.610001
v 0.193920 -2.958652 21.610001
v 0.387010 -2.939634 21.610001
v 0.578443 -2.908028 21.610001
v 0.767398 -2.863970 21.610001
v 0.953068 -2.807648 21.610001
v 1.134656 -2.739303 21.610001
v 1.311386 -2.659228 21.610001
v 1.482500 -2.567765 21.610001
v 1.647266 -2.465307 21.610001
v 1.804978 -2.352293 21.610001
v 1.954960 -2.229205 21.610001
v 2.096572 -2.096572 21.610001
v 2.229205 -1.954960 21.610001
v 2.352293 -1.804978 21.610001
v 2.465307 -1.647266 21.610001
v 2.567765 -1.482500 21.610001
v 2.659228 -1.311386 21.610001
v 2.739303 -1.134656 21.610001
v 2.807648 -0.953068 21.610001
v 2.863970 -0.767398 21.610001
v 2.908028 -0.578443 21.610001
v 2.939634 -0.387010 21.610001
v 2.958652 -0.193920 21.610001
v 2.914530 0.000000 21.610001
v 2.908290 0.190619 21.610001
v 2.889596 0.380423 21.610001
v 2.858528 0.568597 21.610001
v 2.815220 0.754336 21.610001
v 2.759856 0.936845 21.610001
v 2.692675 1.115342 21.610001
v 2.613962 1.289064 21.610001
v 2.524057 1.457265 21.610001
v 2.423343 1.619226 21.610001
v 2.312252 1.774253 21.610001
v 2.191260 1.921683 21.610001
v 2.060884 2.060884 21.610001
v 1.921683 2.191260 21.610001
v 1.774253 2.312252 21.610001
v 1.619226 2.423343 21.610001
v 1.457265 2.524057 21.610001
v 1.289064 2.613962 21.610001
v 1.115342 2.692675 21.610001
v 0.936845 2.759856 21.610001
v 0.754336 2.815220 21.610001
v 0.568597 2.858528 21.610001
v 0.380423 2.889596 21.610001
v 0.190619 2.908290 21.610001
v 0.000000 2.914530 21.610001
v -0.190619 2.908290 21.610001
v -0.380423 2.889596 21.610001
v -0.568597 2.858528 21.610001
v -0.754336 2.815220 21.610001
v -0.936845 2.759856 21.610001
v -1.115342 2.692675 21.610001
v -1.289064 2.613962 21.610001
v -1.457265 2.524057 21.610001
v -1.619226 2.423343 21.610001
v -1.774253 2.312252 21.610001
v -1.921683 2.191260 21.610001
v -2.060884 2.060884 21.610001
v -2.191260 1.921683 21.610001
v -2.312252 1.774253 21.610001
v -2.423343 1.619226 21.610001
v -2.524057 1.457265 21.610001
v -2.613962 1.289064 21.610001
v -2.692675 1.115342 21.610001
v -2.759856 0.936845 21.610001
v -2.815220 0.754336 21.610001
v -2.858528 0.568597 21.610001
v -2.889596 0.380423 21.610001
v -2.908290 0.190619 21.610001
v -2.914530 0.000000 21.610001
v -2.908290 -0.190619 21.610001
v -2.889596 -0.380423 21.610001
v -2.858528 -0.568597 21.610001
v -2.815220 -0.754336 21.610001
v -2.759856 -0.936845 21.610001
v -2.692675 -1.115342 21.610001
v -2.613962 -1.289064 21.610001
v -2.524057 -1.457265 21.610001
v -2.423343 -1.619226 21.610001
v -2.312252 -1.774253 21.610001
v -2.191260 -1.921683 21.610001
v -2.060884 -2.060884 21.610001
v -1.921683 -2.191260 21.610001
v -1.774253 -2.312252 21.610001
v -1.619226 -2.423343 21.610001
v -1.457265 -2.524057 21.610001
v -1.289064 -2.613962 21.610001
v -1.115342 -2.692675 21.610001
v -0.936845 -2.759856 21.610001
v -0.754336 -2.815220 21.610001
v -0.568597 -2.858528 21.610001
v -0.380423 -2.889596 21.610001
v -0.190619 -2.908290 21.610001
v -0.000000 -2.914530 21.610001
v 0.190619 -2.908290 21.610001
v 0.380423 -2.889596 21.610001
v 0.568597 -2.858528 21.610001
v 0.754336 -2.815220 21.610001
v 0.936845 -2.759856 21.610001
v 1.115342 -2.692675 21.610001
v 1.289064 -2.613962 21.610001
v 1.457265 -2.524057 21.610001
v 1.619226 -2.423343 21.610001
v 1.774253 -2.312252 21.610001
v 1.921683 -2.191260 21.610001
v 2.060884 -2.060884 21.610001
v 2.191260 -1.921683 21.610001
v 2.312252 -1.774253 21.610001
v 2.423343 -1.619226 21.610001
v 2.524057 -1.457265 21.610001
v 2.613962 -1.289064 21.610001
v 2.692675 -1.115342 21.610001
v 2.759856 -0.936845 21.610001
v 2.815220 -0.754336 21.610001
v 2.858528 -0.568597 21.610001
v 2.889596 -0.380423 21.610001
v 2.908290 -0.190619 21.610001
v -0.450000 -2.956923 0.960000
v -0.450000 -2.951014 3.060000
v -0.390578 -2.966733 0.960000
v -0.389816 -2.960950 3.060000
v -0.450000 -2.899213 0.960000
v -0.450000 -2.893303 3.060000
v -0.383142 -2.910251 0.960000
v -0.382380 -2.904467 3.060000
v -0.195708 -2.985926 0.960000
v -0.195326 -2.980106 3.060000
v -0.191982 -2.929079 0.960000
v -0.191600 -2.923258 3.060000
v -0.000000 -2.992333 0.960000
v -0.000000 -2.986500 3.060000
v -0.000000 -2.935363 0.960000
v -0.000000 -2.929530 3.060000
v 0.195708 -2.985926 0.960000
v 0.195326 -2.980106 3.060000
v 0.191982 -2.929079 0.960000
v 0.191600 -2.923258 3.060000
v 0.390578 -2.966733 0.960000
v 0.389816 -2.960950 3.060000
v 0.383142 -2.910251 0.960000
v 0.382380 -2.904467 3.060000
v 0.450000 -2.956923 0.960000
v 0.450000 -2.951014 3.060000
v 0.450000 -2.899213 0.960000
v 0.450000 -2.893303 3.060000
v -0.566217 -2.846566 0.760000
v -0.378831 -2.877503 0.760000
v -0.189822 -2.896119 0.760000
v -0.000000 -2.902333 0.760000
v 0.189822 -2.896119 0.760000
v 0.378831 -2.877503 0.760000
v 0.566217 -2.846566 0.760000
v -0.595481 -2.993684 0.760000
v -0.398409 -3.026220 0.760000
v -0.199632 -3.045798 0.760000
v -0.000000 -3.052333 0.760000
v 0.199632 -3.045798 0.760000
v 0.398409 -3.026220 0.760000
v 0.595481 -2.993684 0.760000
v -0.595481 -2.993684 3.260000
v -0.398409 -3.026220 3.260000
v -0.199632 -3.045798 3.260000
v -0.000000 -3.052333 3.260000
v 0.199632 -3.045798 3.260000
v 0.398409 -3.026220 3.260000
v 0.595481 -2.993684 3.260000
v -0.566217 -2.846566 3.260000
v -0.378831 -2.877503 3.260000
v -0.189822 -2.896119 3.260000
v -0.000000 -2.902333 3.260000
v 0.189822 -2.896119 3.260000
v 0.378831 -2.877503 3.260000
v 0.566217 -2.846566 3.260000
v -0.650000 -2.827030 0.760000
v -0.650000 -2.980971 0.760000
v 0.650000 -2.827030 0.760000
v 0.650000 -2.980971 0.760000
v -0.650000 -2.980971 3.260000
v 0.650000 -2.980971 3.260000
v -0.650000 -2.827030 3.260000
v 0.650000 -2.827030 3.260000
v -0.450000 -3.017703 0.960000
v -0.398409 -3.026220 3.060000
v -0.398409 -3.026220 0.960000
v -0.450000 -3.017703 3.060000
v -0.199632 -3.045798 0.960000
v -0.199632 -3.045798 3.060000
v -0.000000 -3.052333 0.960000
v -0.000000 -3.052333 3.060000
v 0.199632 -3.045798 0.960000
v 0.199632 -3.045798 3.060000
v 0.398409 -3.026220 0.960000
v 0.398409 -3.026220 3.060000
v 0.450000 -3.017703 0.960000
v 0.450000 -3.017703 3.060000
v -0.450000 -2.865753 3.060000
v -0.378831 -2.877503 0.960000
v -0.378831 -2.877503 3.060000
v -0.450000 -2.865753 0.960000
v -0.189822 -2.896119 0.960000
v -0.189822 -2.896119 3.060000
v -0.000000 -2.902333 0.960000
v -0.000000 -2.902333 3.060000
v 0.189822 -2.896119 0.960000
v 0.189822 -2.896119 3.060000
v 0.378831 -2.877503 0.960000
v 0.378831 -2.877503 3.060000
v 0.450000 -2.865753 3.060000
v 0.450000 -2.865753 0.960000
v 2.688030 0.000000 0.000000
v 2.682275 0.175806 0.000000
v 2.665034 0.350858 0.000000
v 2.636380 0.524409 0.000000
v 2.596438 0.695713 0.000000
v 2.545377 0.864039 0.000000
v 2.483416 1.028665 0.000000
v 2.410821 1.188885 0.000000
v 2.327902 1.344015 0.000000
v 2.235015 1.493389 0.000000
v 2.132558 1.636369 0.000000
v 2.020968 1.772341 0.000000
v 1.900724 1.900724 0.000000
v 1.772341 2.020968 0.000000
v 1.636369 2.132558 0.000000
v 1.493389 2.235015 0.000000
v 1.344015 2.327902 0.000000
v 1.188885 2.410821 0.000000
v 1.028665 2.483416 0.000000
v 0.864039 2.545377 0.000000
v 0.695713 2.596438 0.000000
v 0.524409 2.636380 0.000000
v 0.350858 2.665034 0.000000
v 0.175806 2.682275 0.000000
v 0.000000 2.688030 0.000000
v -0.175806 2.682275 0.000000
v -0.350858 2.665034 0.000000
v -0.524409 2.636380 0.000000
v -0.695713 2.596438 0.000000
v -0.864039 2.545377 0.000000
v -1.028665 2.483416 0.000000
v -1.188885 2.410821 0.000000
v -1.344015 2.327902 0.000000
v -1.493389 2.235015 0.000000
v -1.636369 2.132558 0.000000
v -1.772341 2.020968 0.000000
v -1.900724 1.900724 0.000000
v -2.020968 1.772341 0.000000
v -2.132558 1.636369 0.000000
v -2.235015 1.493389 0.000000
v -2.327902 1.344015 0.000000
v -2.410821 1.188885 0.000000
v -2.483416 1.028665 0.000000
v -2.545377 0.864039 0.000000
v -2.596438 0.695713 0.000000
v -2.636380 0.524409 0.000000
v -2.665034 0.350858 0.000000
v -2.682275 0.175806 0.000000
v -2.688030 0.000000 0.000000
v -2.682275 -0.175806 0.000000
v -2.665034 -0.350858 0.000000
v -2.636380 -0.524409 0.000000
v -2.596438 -0.695713 0.000000
v -2.545377 -0.864039 0.000000
v -2.483416 -1.028665 0.000000
v -2.410821 -1.188885 0.000000
v -2.327902 -1.344015 0.000000
v -2.235015 -1.493389 0.000000
v -2.132558 -1.636369 0.000000
v -2.020968 -1.772341 0.000000
v -1.900724 -1.900724 0.000000
v -1.772341 -2.020968 0.000000
v -1.636369 -2.132558 0.000000
v -1.493389 -2.235015 0.000000
v -1.344015 -2.327902 0.000000
v -1.188885 -2.410821 0.000000
v -1.028665 -2.483416 0.000000
v -0.864039 -2.545377 0.000000
v -0.695713 -2.596438 0.000000
v -0.524409 -2.636380 0.000000
v -0.350858 -2.665034 0.000000
v -0.175806 -2.682275 0.000000
v -0.000000 -2.688030 0.000000
v 0.175806 -2.682275 0.000000
v 0.350858 -2.665034 0.000000
v 0.524409 -2.636380 0.000000
v 0.695713 -2.596438 0.000000
v 0.864039 -2.545377 0.000000
v 1.028665 -2.483416 0.000000
v 1.188885 -2.410821 0.000000
v 1.344015 -2.327902 0.000000
v 1.493389 -2.235015 0.000000
v 1.636369 -2.132558 0.000000
v 1.772341 -2.020968 0.000000
v 1.900724 -1.900724 0.000000
v 2.020968 -1.772341 0.000000
v 2.132558 -1.636369 0.000000
v 2.235015 -1.493389 0.000000
v 2.327902 -1.344015 0.000000
v 2.410821 -1.188885 0.000000
v 2.483416 -1.028665 0.000000
v 2.545377 -0.864039 0.000000
v 2.596438 -0.695713 0.000000
v 2.636380 -0.524409 0.000000
v 2.665034 -0.350858 0.000000
v 2.682275 -0.175806 0.000000
v 3.320000 0.000000 0.000000
v 3.312892 0.217138 0.000000
v 3.291597 0.433347 0.000000
v 3.256207 0.647700 0.000000
v 3.206874 0.859279 0.000000
v 3.143808 1.067179 0.000000
v 3.067280 1.270509 0.000000
v 2.977618 1.468398 0.000000
v 2.875204 1.660000 0.000000
v 2.760479 1.844493 0.000000
v 2.633933 2.021088 0.000000
v 2.496108 2.189028 0.000000
v 2.347594 2.347594 0.000000
v 2.189028 2.496108 0.000000
v 2.021088 2.633933 0.000000
v 1.844493 2.760479 0.000000
v 1.660000 2.875204 0.000000
v 1.468398 2.977618 0.000000
v 1.270509 3.067280 0.000000
v 1.067179 3.143808 0.000000
v 0.859279 3.206874 0.000000
v 0.647700 3.256207 0.000000
v 0.433347 3.291597 0.000000
v 0.217138 3.312892 0.000000
v 0.000000 3.320000 0.000000
v -0.217138 3.312892 0.000000
v -0.433347 3.291597 0.000000
v -0.647700 3.256207 0.000000
v -0.859279 3.206874 0.000000
v -1.067179 3.143808 0.000000
v -1.270509 3.067280 0.000000
v -1.468398 2.977618 0.000000
v -1.660000 2.875204 0.000000
v -1.844493 2.760479 0.000000
v -2.021088 2.633933 0.000000
v -2.189028 2.496108 0.000000
v -2.347594 2.347594 0.000000
v -2.496108 2.189028 0.000000
v -2.633933 2.021088 0.000000
v -2.760479 1.844493 0.000000
v -2.875204 1.660000 0.000000
v -2.977618 1.468398 0.000000
v -3.067280 1.270509 0.000000
v -3.143808 1.067179 0.000000
v -3.206874 0.859279 0.000000
v -3.256207 0.647700 0.000000
v -3.291597 0.433347 0.000000
v -3.312892 0.217138 0.000000
v -3.320000 0.000000 0.000000
v -3.312892 -0.217138 0.000000
v -3.291597 -0.433347 0.000000
v -3.256207 -0.647700 0.000000
v -3.206874 -0.859279 0.000000
v -3.143808 -1.067179 0.000000
v -3.067280 -1.270509 0.000000
v -2.977618 -1.468398 0.000000
v -2.875204 -1.660000 0.000000
v -2.760479 -1.844493 0.000000
v -2.633933 -2.021088 0.000000
v -2.496108 -2.189028 0.000000
v -2.347594 -2.347594 0.000000
v -2.189028 -2.496108 0.000000
v -2.021088 -2.633933 0.000000
v -1.844493 -2.760479 0.000000
v -1.660000 -2.875204 0.000000
v -1.468398 -2.977618 0.000000
v -1.270509 -3.067280 0.000000
v -1.067179 -3.143808 0.000000
v -0.859279 -3.206874 0.000000
v -0.647700 -3.256207 0.000000
v -0.433347 -3.291597 0.000000
v -0.217138 -3.312892 0.000000
v -0.000000 -3.320000 0.000000
v 0.217138 -3.312892 0.000000
v 0.433347 -3.291597 0.000000
v 0.647700 -3.256207 0.000000
v 0.859279 -3.206874 0.000000
v 1.067179 -3.143808 0.000000
v 1.270509 -3.067280 0.000000
v 1.468398 -2.977618 0.000000
v 1.660000 -2.875204 0.000000
v 1.844493 -2.760479 0.000000
v 2.021088 -2.633933 0.000000
v 2.189028 -2.496108 0.000000
v 2.347594 -2.347594 0.000000
v 2.496108 -2.189028 0.000000
v 2.633933 -2.021088 0.000000
v 2.760479 -1.844493 0.000000
v 2.875204 -1.660000 0.000000
v 2.977618 -1.468398 0.000000
v 3.067280 -1.270509 0.000000
v 3.143808 -1.067179 0.000000
v 3.206874 -0.859279 0.000000
v 3.256207 -0.647700 0.000000
v 3.291597 -0.433347 0.000000
v 3.312892 -0.217138 0.000000
v 3.320000 0.000000 0.120000
v 3.312892 0.217138 0.120000
v 3.291597 0.433347 0.120000
v 3.256207 0.647700 0.120000
v 3.206874 0.859279 0.120000
v 3.143808 1.067179 0.120000
v 3.067280 1.270509 0.120000
v 2.977618 1.468398 0.120000
v 2.875204 1.660000 0.120000
v 2.760479 1.844493 0.120000
v 2.633933 2.021088 0.120000
v 2.496108 2.189028 0.120000
v 2.347594 2.347594 0.120000
v 2.189028 2.496108 0.120000
v 2.021088 2.633933 0.120000
v 1.844493 2.760479 0.120000
v 1.660000 2.875204 0.120000
v 1.468398 2.977618 0.120000
v 1.270509 3.067280 0.120000
v 1.067179 3.143808 0.120000
v 0.859279 3.206874 0.120000
v 0.647700 3.256207 0.120000
v 0.433347 3.291597 0.120000
v 0.217138 3.312892 0.120000
v 0.000000 3.320000 0.120000
v -0.217138 3.312892 0.120000
v -0.433347 3.291597 0.120000
v -0.647700 3.256207 0.120000
v -0.859279 3.206874 0.120000
v -1.067179 3.143808 0.120000
v -1.270509 3.067280 0.120000
v -1.468398 2.977618 0.120000
v -1.660000 2.875204 0.120000
v -1.844493 2.760479 0.120000
v -2.021088 2.633933 0.120000
v -2.189028 2.496108 0.120000
v -2.347594 2.347594 0.120000
v -2.496108 2.189028 0.120000
v -2.633933 2.021088 0.120000
v -2.760479 1.844493 0.120000
v -2.875204 1.660000 0.120000
v -2.977618 1.468398 0.120000
v -3.067280 1.270509 0.120000
v -3.143808 1.067179 0.120000
v -3.206874 0.859279 0.120000
v -3.256207 0.647700 0.120000
v -3.291597 0.433347 0.120000
v -3.312892 0.217138 0.120000
v -3.320000 0.000000 0.120000
v -3.312892 -0.217138 0.120000
v -3.291597 -0.433347 0.120000
v -3.256207 -0.647700 0.120000
v -3.206874 -0.859279 0.120000
v -3.143808 -1.067179 0.120000
v -3.067280 -1.270509 0.120000
v -2.977618 -1.468398 0.120000
v -2.875204 -1.660000 0.120000
v -2.760479 -1.844493 0.120000
v -2.633933 -2.021088 0.120000
v -2.496108 -2.189028 0.120000
v -2.347594 -2.347594 0.120000
v -2.189028 -2.496108 0.120000
v -2.021088 -2.633933 0.120000
v -1.844493 -2.760479 0.120000
v -1.660000 -2.875204 0.120000
v -1.468398 -2.977618 0.120000
v -1.270509 -3.067280 0.120000
v -1.067179 -3.143808 0.120000
v -0.859279 -3.206874 0.120000
v -0.647700 -3.256207 0.120000
v -0.433347 -3.291597 0.120000
v -0.217138 -3.312892 0.120000
v -0.000000 -3.320000 0.120000
v 0.217138 -3.312892 0.120000
v 0.433347 -3.291597 0.120000
v 0.647700 -3.256207 0.120000
v 0.859279 -3.206874 0.120000
v 1.067179 -3.143808 0.120000
v 1.270509 -3.067280 0.120000
v 1.468398 -2.977618 0.120000
v 1.660000 -2.875204 0.120000
v 1.844493 -2.760479 0.120000
v 2.021088 -2.633933 0.120000
v 2.189028 -2.496108 0.120000
v 2.347594 -2.347594 0.120000
v 2.496108 -2.189028 0.120000
v 2.633933 -2.021088 0.120000
v 2.760479 -1.844493 0.120000
v 2.875204 -1.660000 0.120000
v 2.977618 -1.468398 0.120000
v 3.067280 -1.270509 0.120000
v 3.143808 -1.067179 0.120000
v 3.206874 -0.859279 0.120000
v 3.256207 -0.647700 0.120000
v 3.291597 -0.433347 0.120000
v 3.312892 -0.217138 0.120000
v 2.688030 0.000000 0.120000
v 2.682275 0.175806 0.120000
v 2.665034 0.350858 0.120000
v 2.636380 0.524409 0.120000
v 2.596438 0.695713 0.120000
v 2.545377 0.864039 0.120000
v 2.483416 1.028665 0.120000
v 2.410821 1.188885 0.120000
v 2.327902 1.344015 0.120000
v 2.235015 1.493389 0.120000
v 2.132558 1.636369 0.120000
v 2.020968 1.772341 0.120000
v 1.900724 1.900724 0.120000
v 1.772341 2.020968 0.120000
v 1.636369 2.132558 0.120000
v 1.493389 2.235015 0.120000
v 1.344015 2.327902 0.120000
v 1.188885 2.410821 0.120000
v 1.028665 2.483416 0.120000
v 0.864039 2.545377 0.120000
v 0.695713 2.596438 0.120000
v 0.524409 2.636380 0.120000
v 0.350858 2.665034 0.120000
v 0.175806 2.682275 0.120000
v 0.000000 2.688030 0.120000
v -0.175806 2.682275 0.120000
v -0.350858 2.665034 0.120000
v -0.524409 2.636380 0.120000
v -0.695713 2.596438 0.120000
v -0.864039 2.545377 0.120000
v -1.028665 2.483416 0.120000
v -1.188885 2.410821 0.120000
v -1.344015 2.327902 0.120000
v -1.493389 2.235015 0.120000
v -1.636369 2.132558 0.120000
v -1.772341 2.020968 0.120000
v -1.900724 1.900724 0.120000
v -2.020968 1.772341 0.120000
v -2.132558 1.636369 0.120000
v -2.235015 1.493389 0.120000
v -2.327902 1.344015 0.120000
v -2.410821 1.188885 0.120000
v -2.483416 1.028665 0.120000
v -2.545377 0.864039 0.120000
v -2.596438 0.695713 0.120000
v -2.636380 0.524409 0.120000
v -2.665034 0.350858 0.120000
v -2.682275 0.175806 0.120000
v -2.688030 0.000000 0.120000
v -2.682275 -0.175806 0.120000
v -2.665034 -0.350858 0.120000
v -2.636380 -0.524409 0.120000
v -2.596438 -0.695713 0.120000
v -2.545377 -0.864039 0.120000
v -2.483416 -1.028665 0.120000
v -2.410821 -1.188885 0.120000
v -2.327902 -1.344015 0.120000
v -2.235015 -1.493389 0.120000
v -2.132558 -1.636369 0.120000
v -2.020968 -1.772341 0.120000
v -1.900724 -1.900724 0.120000
v -1.772341 -2.020968 0.120000
v -1.636369 -2.132558 0.120000
v -1.493389 -2.235015 0.120000
v -1.344015 -2.327902 0.120000
v -1.188885 -2.410821 0.120000
v -1.028665 -2.483416 0.120000
v -0.864039 -2.545377 0.120000
v -0.695713 -2.596438 0.120000
v -0.524409 -2.636380 0.120000
v -0.350858 -2.665034 0.120000
v -0.175806 -2.682275 0.120000
v -0.000000 -2.688030 0.120000
v 0.175806 -2.682275 0.120000
v 0.350858 -2.665034 0.120000
v 0.524409 -2.636380 0.120000
v 0.695713 -2.596438 0.120000
v 0.864039 -2.545377 0.120000
v 1.028665 -2.483416 0.120000
v 1.188885 -2.410821 0.120000
v 1.344015 -2.327902 0.120000
v 1.493389 -2.235015 0.120000
v 1.636369 -2.132558 0.120000
v 1.772341 -2.020968 0.120000
v 1.900724 -1.900724 0.120000
v 2.020968 -1.772341 0.120000
v 2.132558 -1.636369 0.120000
v 2.235015 -1.493389 0.120000
v 2.327902 -1.344015 0.120000
v 2.410821 -1.188885 0.120000
v 2.483416 -1.028665 0.120000
v 2.545377 -0.864039 0.120000
v 2.596438 -0.695713 0.120000
v 2.636380 -0.524409 0.120000
v 2.665034 -0.350858 0.120000
v 2.682275 -0.175806 0.120000
v 2.688030 0.000000 0.000000
v 2.682275 0.175806 0.000000
v 2.665034 0.350858 0.000000
v 2.636380 0.524409 0.000000
v 2.596438 0.695713 0.000000
v 2.545377 0.864039 0.000000
v 2.483416 1.028665 0.000000
v 2.410821 1.188885 0.000000
v 2.327902 1.344015 0.000000
v 2.235015 1.493389 0.000000
v 2.132558 1.636369 0.000000
v 2.020968 1.772341 0.000000
v 1.900724 1.900724 0.000000
v 1.772341 2.020968 0.000000
v 1.636369 2.132558 0.000000
v 1.493389 2.235015 0.000000
v 1.344015 2.327902 0.000000
v 1.188885 2.410821 0.000000
v 1.028665 2.483416 0.000000
v 0.864039 2.545377 0.000000
v 0.695713 2.596438 0.000000
v 0.524409 2.636380 0.000000
v 0.350858 2.665034 0.000000
v 0.175806 2.682275 0.000000
v 0.000000 2.688030 0.000000
v -0.175806 2.682275 0.000000
v -0.350858 2.665034 0.000000
v -0.524409 2.636380 0.000000
v -0.695713 2.596438 0.000000
v -0.864039 2.545377 0.000000
v -1.028665 2.483416 0.000000
v -1.188885 2.410821 0.000000
v -1.344015 2.327902 0.000000
v -1.493389 2.235015 0.000000
v -1.636369 2.132558 0.000000
v -1.772341 2.020968 0.000000
v -1.900724 1.900724 0.000000
v -2.020968 1.772341 0.000000
v -2.132558 1.636369 0.000000
v -2.235015 1.493389 0.000000
v -2.327902 1.344015 0.000000
v -2.410821 1.188885 0.000000
v -2.483416 1.028665 0.000000
v -2.545377 0.864039 0.000000
v -2.596438 0.695713 0.000000
v -2.636380 0.524409 0.000000
v -2.665034 0.350858 0.000000
v -2.682275 0.175806 0.000000
v -2.688030 0.000000 0.000000
v -2.682275 -0.175806 0.000000
v -2.665034 -0.350858 0.000000
v -2.636380 -0.524409 0.000000
v -2.596438 -0.695713 0.000000
v -2.545377 -0.864039 0.000000
v -2.483416 -1.028665 0.000000
v -2.410821 -1.188885 0.000000
v -2.327902 -1.344015 0.000000
v -2.235015 -1.493389 0.000000
v -2.132558 -1.636369 0.000000
v -2.020968 -1.772341 0.000000
v -1.900724 -1.900724 0.000000
v -1.772341 -2.020968 0.000000
v -1.636369 -2.132558 0.000000
v -1.493389 -2.235015 0.000000
v -1.344015 -2.327902 0.000000
v -1.188885 -2.410821 0.000000
v -1.028665 -2.483416 0.000000
v -0.864039 -2.545377 0.000000
v -0.695713 -2.596438 0.000000
v -0.524409 -2.636380 0.000000
v -0.350858 -2.665034 0.000000
v -0.175806 -2.682275 0.000000
v -0.000000 -2.688030 0.000000
v 0.175806 -2.682275 0.000000
v 0.350858 -2.665034 0.000000
v 0.524409 -2.636380 0.000000
v 0.695713 -2.596438 0.000000
v 0.864039 -2.545377 0.000000
v 1.028665 -2.483416 0.000000
v 1.188885 -2.410821 0.000000
v 1.344015 -2.327902 0.000000
v 1.493389 -2.235015 0.000000
v 1.636369 -2.132558 0.000000
v 1.772341 -2.020968 0.000000
v 1.900724 -1.900724 0.000000
v 2.020968 -1.772341 0.000000
v 2.132558 -1.636369 0.000000
v 2.235015 -1.493389 0.000000
v 2.327902 -1.344015 0.000000
v 2.410821 -1.188885 0.000000
v 2.483416 -1.028665 0.000000
v 2.545377 -0.864039 0.000000
v 2.596438 -0.695713 0.000000
v 2.636380 -0.524409 0.000000
v 2.665034 -0.350858 0.000000
v 2.682275 -0.175806 0.000000
v 3.180000 0.034000 0.120000
v 3.180000 0.034000 0.165000
v 3.209445 0.017000 0.120000
v 3.209445 0.017000 0.165000
v 3.209445 -0.017000 0.120000
v 3.209445 -0.017000 0.165000
v 3.180000 -0.034000 0.120000
v 3.180000 -0.034000 0.165000
v 3.150555 -0.017000 0.120000
v 3.150555 -0.017000 0.165000
v 3.150555 0.017000 0.120000
v 3.150555 0.017000 0.165000
v 3.180000 0.018000 0.165000
v 3.180000 0.018000 0.225000
v 3.192728 0.012728 0.165000
v 3.192728 0.012728 0.225000
v 3.198000 0.000000 0.165000
v 3.198000 0.000000 0.225000
v 3.192728 -0.012728 0.165000
v 3.192728 -0.012728 0.225000
v 3.180000 -0.018000 0.165000
v 3.180000 -0.018000 0.225000
v 3.167272 -0.012728 0.165000
v 3.167272 -0.012728 0.225000
v 3.162000 0.000000 0.165000
v 3.162000 0.000000 0.225000
v 3.167272 0.012728 0.165000
v 3.167272 0.012728 0.225000
v 3.173191 0.241982 0.120000
v 3.173191 0.241982 0.165000
v 3.202636 0.224982 0.120000
v 3.202636 0.224982 0.165000
v 3.202636 0.190982 0.120000
v 3.202636 0.190982 0.165000
v 3.173191 0.173982 0.120000
v 3.173191 0.173982 0.165000
v 3.143746 0.190982 0.120000
v 3.143746 0.190982 0.165000
v 3.143746 0.224982 0.120000
v 3.143746 0.224982 0.165000
v 3.173191 0.225982 0.165000
v 3.173191 0.225982 0.225000
v 3.185919 0.220710 0.165000
v 3.185919 0.220710 0.225000
v 3.191191 0.207982 0.165000
v 3.191191 0.207982 0.225000
v 3.185919 0.195254 0.165000
v 3.185919 0.195254 0.225000
v 3.173191 0.189982 0.165000
v 3.173191 0.189982 0.225000
v 3.160463 0.195254 0.165000
v 3.160463 0.195254 0.225000
v 3.155191 0.207982 0.165000
v 3.155191 0.207982 0.225000
v 3.160463 0.220710 0.165000
v 3.160463 0.220710 0.225000
v 3.152795 0.449073 0.120000
v 3.152795 0.449073 0.165000
v 3.182240 0.432073 0.120000
v 3.182240 0.432073 0.165000
v 3.182240 0.398073 0.120000
v 3.182240 0.398073 0.165000
v 3.152795 0.381073 0.120000
v 3.152795 0.381073 0.165000
v 3.123350 0.398073 0.120000
v 3.123350 0.398073 0.165000
v 3.123350 0.432073 0.120000
v 3.123350 0.432073 0.165000
v 3.152795 0.433073 0.165000
v 3.152795 0.433073 0.225000
v 3.165523 0.427801 0.165000
v 3.165523 0.427801 0.225000
v 3.170794 0.415073 0.165000
v 3.170794 0.415073 0.225000
v 3.165523 0.402345 0.165000
v 3.165523 0.402345 0.225000
v 3.152795 0.397073 0.165000
v 3.152795 0.397073 0.225000
v 3.140067 0.402345 0.165000
v 3.140067 0.402345 0.225000
v 3.134795 0.415073 0.165000
v 3.134795 0.415073 0.225000
v 3.140067 0.427801 0.165000
v 3.140067 0.427801 0.225000
v 3.118897 0.654387 0.120000
v 3.118897 0.654387 0.165000
v 3.148342 0.637387 0.120000
v 3.148342 0.637387 0.165000
v 3.148342 0.603387 0.120000
v 3.148342 0.603387 0.165000
v 3.118897 0.586387 0.120000
v 3.118897 0.586387 0.165000
v 3.089452 0.603387 0.120000
v 3.089452 0.603387 0.165000
v 3.089452 0.637387 0.120000
v 3.089452 0.637387 0.165000
v 3.118897 0.638387 0.165000
v 3.118897 0.638387 0.225000
v 3.131625 0.633115 0.165000
v 3.131625 0.633115 0.225000
v 3.136897 0.620387 0.165000
v 3.136897 0.620387 0.225000
v 3.131625 0.607659 0.165000
v 3.131625 0.607659 0.225000
v 3.118897 0.602387 0.165000
v 3.118897 0.602387 0.225000
v 3.106169 0.607659 0.165000
v 3.106169 0.607659 0.225000
v 3.100897 0.620387 0.165000
v 3.100897 0.620387 0.225000
v 3.106169 0.633115 0.165000
v 3.106169 0.633115 0.225000
v 3.071644 0.857045 0.120000
v 3.071644 0.857045 0.165000
v 3.101089 0.840045 0.120000
v 3.101089 0.840045 0.165000
v 3.101089 0.806045 0.120000
v 3.101089 0.806045 0.165000
v 3.071644 0.789045 0.120000
v 3.071644 0.789045 0.165000
v 3.042199 0.806045 0.120000
v 3.042199 0.806045 0.165000
v 3.042199 0.840045 0.120000
v 3.042199 0.840045 0.165000
v 3.071644 0.841045 0.165000
v 3.071644 0.841045 0.225000
v 3.084372 0.835772 0.165000
v 3.084372 0.835772 0.225000
v 3.089644 0.823045 0.165000
v 3.089644 0.823045 0.225000
v 3.084372 0.810317 0.165000
v 3.084372 0.810317 0.225000
v 3.071644 0.805045 0.165000
v 3.071644 0.805045 0.225000
v 3.058916 0.810317 0.165000
v 3.058916 0.810317 0.225000
v 3.053644 0.823045 0.165000
v 3.053644 0.823045 0.225000
v 3.058916 0.835772 0.165000
v 3.058916 0.835772 0.225000
v 3.011238 1.056177 0.120000
v 3.011238 1.056177 0.165000
v 3.040683 1.039177 0.120000
v 3.040683 1.039177 0.165000
v 3.040683 1.005177 0.120000
v 3.040683 1.005177 0.165000
v 3.011238 0.988177 0.120000
v 3.011238 0.988177 0.165000
v 2.981793 1.005177 0.120000
v 2.981793 1.005177 0.165000
v 2.981793 1.039177 0.120000
v 2.981793 1.039177 0.165000
v 3.011238 1.040177 0.165000
v 3.011238 1.040177 0.225000
v 3.023966 1.034905 0.165000
v 3.023966 1.034905 0.225000
v 3.029238 1.022177 0.165000
v 3.029238 1.022177 0.225000
v 3.023966 1.009449 0.165000
v 3.023966 1.009449 0.225000
v 3.011238 1.004177 0.165000
v 3.011238 1.004177 0.225000
v 2.998510 1.009449 0.165000
v 2.998510 1.009449 0.225000
v 2.993238 1.022177 0.165000
v 2.993238 1.022177 0.225000
v 2.998510 1.034905 0.165000
v 2.998510 1.034905 0.225000
v 2.937937 1.250933 0.120000
v 2.937937 1.250933 0.165000
v 2.967382 1.233933 0.120000
v 2.967382 1.233933 0.165000
v 2.967382 1.199933 0.120000
v 2.967382 1.199933 0.165000
v 2.937937 1.182933 0.120000
v 2.937937 1.182933 0.165000
v 2.908492 1.199933 0.120000
v 2.908492 1.199933 0.165000
v 2.908492 1.233933 0.120000
v 2.908492 1.233933 0.165000
v 2.937937 1.234933 0.165000
v 2.937937 1.234933 0.225000
v 2.950665 1.229661 0.165000
v 2.950665 1.229661 0.225000
v 2.955937 1.216933 0.165000
v 2.955937 1.216933 0.225000
v 2.950665 1.204205 0.165000
v 2.950665 1.204205 0.225000
v 2.937937 1.198933 0.165000
v 2.937937 1.198933 0.225000
v 2.925209 1.204205 0.165000
v 2.925209 1.204205 0.225000
v 2.919937 1.216933 0.165000
v 2.919937 1.216933 0.225000
v 2.925209 1.229661 0.165000
v 2.925209 1.229661 0.225000
v 2.852055 1.440478 0.120000
v 2.852055 1.440478 0.165000
v 2.881500 1.423478 0.120000
v 2.881500 1.423478 0.165000
v 2.881500 1.389478 0.120000
v 2.881500 1.389478 0.165000
v 2.852055 1.372478 0.120000
v 2.852055 1.372478 0.165000
v 2.822610 1.389478 0.120000
v 2.822610 1.389478 0.165000
v 2.822610 1.423478 0.120000
v 2.822610 1.423478 0.165000
v 2.852055 1.424478 0.165000
v 2.852055 1.424478 0.225000
v 2.864783 1.419206 0.165000
v 2.864783 1.419206 0.225000
v 2.870055 1.406478 0.165000
v 2.870055 1.406478 0.225000
v 2.864783 1.393750 0.165000
v 2.864783 1.393750 0.225000
v 2.852055 1.388478 0.165000
v 2.852055 1.388478 0.225000
v 2.839327 1.393750 0.165000
v 2.839327 1.393750 0.225000
v 2.834055 1.406478 0.165000
v 2.834055 1.406478 0.225000
v 2.839327 1.419206 0.165000
v 2.839327 1.419206 0.225000
v 2.753961 1.624000 0.120000
v 2.753961 1.624000 0.165000
v 2.783406 1.607000 0.120000
v 2.783406 1.607000 0.165000
v 2.783406 1.573000 0.120000
v 2.783406 1.573000 0.165000
v 2.753961 1.556000 0.120000
v 2.753961 1.556000 0.165000
v 2.724516 1.573000 0.120000
v 2.724516 1.573000 0.165000
v 2.724516 1.607000 0.120000
v 2.724516 1.607000 0.165000
v 2.753961 1.608000 0.165000
v 2.753961 1.608000 0.225000
v 2.766689 1.602728 0.165000
v 2.766689 1.602728 0.225000
v 2.771961 1.590000 0.165000
v 2.771961 1.590000 0.225000
v 2.766689 1.577272 0.165000
v 2.766689 1.577272 0.225000
v 2.753961 1.572000 0.165000
v 2.753961 1.572000 0.225000
v 2.741233 1.577272 0.165000
v 2.741233 1.577272 0.225000
v 2.735961 1.590000 0.165000
v 2.735961 1.590000 0.225000
v 2.741233 1.602728 0.165000
v 2.741233 1.602728 0.225000
v 2.644073 1.800713 0.120000
v 2.644073 1.800713 0.165000
v 2.673518 1.783713 0.120000
v 2.673518 1.783713 0.165000
v 2.673518 1.749713 0.120000
v 2.673518 1.749713 0.165000
v 2.644073 1.732713 0.120000
v 2.644073 1.732713 0.165000
v 2.614629 1.749713 0.120000
v 2.614629 1.749713 0.165000
v 2.614629 1.783713 0.120000
v 2.614629 1.783713 0.165000
v 2.644073 1.784713 0.165000
v 2.644073 1.784713 0.225000
v 2.656801 1.779441 0.165000
v 2.656801 1.779441 0.225000
v 2.662073 1.766713 0.165000
v 2.662073 1.766713 0.225000
v 2.656801 1.753985 0.165000
v 2.656801 1.753985 0.225000
v 2.644073 1.748713 0.165000
v 2.644073 1.748713 0.225000
v 2.631346 1.753985 0.165000
v 2.631346 1.753985 0.225000
v 2.626074 1.766713 0.165000
v 2.626074 1.766713 0.225000
v 2.631346 1.779441 0.165000
v 2.631346 1.779441 0.225000
v 2.522864 1.969861 0.120000
v 2.522864 1.969861 0.165000
v 2.552309 1.952861 0.120000
v 2.552309 1.952861 0.165000
v 2.552309 1.918861 0.120000
v 2.552309 1.918861 0.165000
v 2.522864 1.901861 0.120000
v 2.522864 1.901861 0.165000
v 2.493419 1.918861 0.120000
v 2.493419 1.918861 0.165000
v 2.493419 1.952861 0.120000
v 2.493419 1.952861 0.165000
v 2.522864 1.953861 0.165000
v 2.522864 1.953861 0.225000
v 2.535592 1.948589 0.165000
v 2.535592 1.948589 0.225000
v 2.540864 1.935861 0.165000
v 2.540864 1.935861 0.225000
v 2.535592 1.923133 0.165000
v 2.535592 1.923133 0.225000
v 2.522864 1.917861 0.165000
v 2.522864 1.917861 0.225000
v 2.510136 1.923133 0.165000
v 2.510136 1.923133 0.225000
v 2.504864 1.935861 0.165000
v 2.504864 1.935861 0.225000
v 2.510136 1.948589 0.165000
v 2.510136 1.948589 0.225000
v 2.390851 2.130720 0.120000
v 2.390851 2.130720 0.165000
v 2.420295 2.113720 0.120000
v 2.420295 2.113720 0.165000
v 2.420295 2.079720 0.120000
v 2.420295 2.079720 0.165000
v 2.390851 2.062720 0.120000
v 2.390851 2.062720 0.165000
v 2.361406 2.079720 0.120000
v 2.361406 2.079720 0.165000
v 2.361406 2.113720 0.120000
v 2.361406 2.113720 0.165000
v 2.390851 2.114720 0.165000
v 2.390851 2.114720 0.225000
v 2.403579 2.109448 0.165000
v 2.403579 2.109448 0.225000
v 2.408850 2.096720 0.165000
v 2.408850 2.096720 0.225000
v 2.403579 2.083992 0.165000
v 2.403579 2.083992 0.225000
v 2.390851 2.078720 0.165000
v 2.390851 2.078720 0.225000
v 2.378123 2.083992 0.165000
v 2.378123 2.083992 0.225000
v 2.372851 2.096720 0.165000
v 2.372851 2.096720 0.225000
v 2.378123 2.109448 0.165000
v 2.378123 2.109448 0.225000
v 2.248600 2.282599 0.120000
v 2.248600 2.282599 0.165000
v 2.278044 2.265599 0.120000
v 2.278044 2.265599 0.165000
v 2.278044 2.231600 0.120000
v 2.278044 2.231600 0.165000
v 2.248600 2.214600 0.120000
v 2.248600 2.214600 0.165000
v 2.219155 2.231600 0.120000
v 2.219155 2.231600 0.165000
v 2.219155 2.265599 0.120000
v 2.219155 2.265599 0.165000
v 2.248600 2.266599 0.165000
v 2.248600 2.266599 0.225000
v 2.261328 2.261328 0.165000
v 2.261328 2.261328 0.225000
v 2.266599 2.248600 0.165000
v 2.266599 2.248600 0.225000
v 2.261328 2.235872 0.165000
v 2.261328 2.235872 0.225000
v 2.248600 2.230600 0.165000
v 2.248600 2.230600 0.225000
v 2.235872 2.235872 0.165000
v 2.235872 2.235872 0.225000
v 2.230600 2.248600 0.165000
v 2.230600 2.248600 0.225000
v 2.235872 2.261328 0.165000
v 2.235872 2.261328 0.225000
v 2.096720 2.424850 0.120000
v 2.096720 2.424850 0.165000
v 2.126165 2.407851 0.120000
v 2.126165 2.407851 0.165000
v 2.126165 2.373851 0.120000
v 2.126165 2.373851 0.165000
v 2.096720 2.356851 0.120000
v 2.096720 2.356851 0.165000
v 2.067275 2.373851 0.120000
v 2.067275 2.373851 0.165000
v 2.067275 2.407851 0.120000
v 2.067275 2.407851 0.165000
v 2.096720 2.408850 0.165000
v 2.096720 2.408850 0.225000
v 2.109448 2.403579 0.165000
v 2.109448 2.403579 0.225000
v 2.114720 2.390851 0.165000
v 2.114720 2.390851 0.225000
v 2.109448 2.378123 0.165000
v 2.109448 2.378123 0.225000
v 2.096720 2.372851 0.165000
v 2.096720 2.372851 0.225000
v 2.083992 2.378123 0.165000
v 2.083992 2.378123 0.225000
v 2.078720 2.390851 0.165000
v 2.078720 2.390851 0.225000
v 2.083992 2.403579 0.165000
v 2.083992 2.403579 0.225000
v 1.935861 2.556864 0.120000
v 1.935861 2.556864 0.165000
v 1.965306 2.539864 0.120000
v 1.965306 2.539864 0.165000
v 1.965306 2.505864 0.120000
v 1.965306 2.505864 0.165000
v 1.935861 2.488864 0.120000
v 1.935861 2.488864 0.165000
v 1.906417 2.505864 0.120000
v 1.906417 2.505864 0.165000
v 1.906417 2.539864 0.120000
v 1.906417 2.539864 0.165000
v 1.935861 2.540864 0.165000
v 1.935861 2.540864 0.225000
v 1.948589 2.535592 0.165000
v 1.948589 2.535592 0.225000
v 1.953861 2.522864 0.165000
v 1.953861 2.522864 0.225000
v 1.948589 2.510136 0.165000
v 1.948589 2.510136 0.225000
v 1.935861 2.504864 0.165000
v 1.935861 2.504864 0.225000
v 1.923133 2.510136 0.165000
v 1.923133 2.510136 0.225000
v 1.917861 2.522864 0.165000
v 1.917861 2.522864 0.225000
v 1.923133 2.535592 0.165000
v 1.923133 2.535592 0.225000
v 1.766713 2.678073 0.120000
v 1.766713 2.678073 0.165000
v 1.796158 2.661073 0.120000
v 1.796158 2.661073 0.165000
v 1.796158 2.627074 0.120000
v 1.796158 2.627074 0.165000
v 1.766713 2.610074 0.120000
v 1.766713 2.610074 0.165000
v 1.737269 2.627074 0.120000
v 1.737269 2.627074 0.165000
v 1.737269 2.661073 0.120000
v 1.737269 2.661073 0.165000
v 1.766713 2.662073 0.165000
v 1.766713 2.662073 0.225000
v 1.779441 2.656801 0.165000
v 1.779441 2.656801 0.225000
v 1.784713 2.644073 0.165000
v 1.784713 2.644073 0.225000
v 1.779441 2.631346 0.165000
v 1.779441 2.631346 0.225000
v 1.766713 2.626074 0.165000
v 1.766713 2.626074 0.225000
v 1.753985 2.631346 0.165000
v 1.753985 2.631346 0.225000
v 1.748713 2.644073 0.165000
v 1.748713 2.644073 0.225000
v 1.753985 2.656801 0.165000
v 1.753985 2.656801 0.225000
v 1.590000 2.787961 0.120000
v 1.590000 2.787961 0.165000
v 1.619445 2.770961 0.120000
v 1.619445 2.770961 0.165000
v 1.619445 2.736961 0.120000
v 1.619445 2.736961 0.165000
v 1.590000 2.719961 0.120000
v 1.590000 2.719961 0.165000
v 1.560555 2.736961 0.120000
v 1.560555 2.736961 0.165000
v 1.560555 2.770961 0.120000
v 1.560555 2.770961 0.165000
v 1.590000 2.771961 0.165000
v 1.590000 2.771961 0.225000
v 1.602728 2.766689 0.165000
v 1.602728 2.766689 0.225000
v 1.608000 2.753961 0.165000
v 1.608000 2.753961 0.225000
v 1.602728 2.741233 0.165000
v 1.602728 2.741233 0.225000
v 1.590000 2.735961 0.165000
v 1.590000 2.735961 0.225000
v 1.577272 2.741233 0.165000
v 1.577272 2.741233 0.225000
v 1.572000 2.753961 0.165000
v 1.572000 2.753961 0.225000
v 1.577272 2.766689 0.165000
v 1.577272 2.766689 0.225000
v 1.406478 2.886055 0.120000
v 1.406478 2.886055 0.165000
v 1.435923 2.869055 0.120000
v 1.435923 2.869055 0.165000
v 1.435923 2.835055 0.120000
v 1.435923 2.835055 0.165000
v 1.406478 2.818055 0.120000
v 1.406478 2.818055 0.165000
v 1.377033 2.835055 0.120000
v 1.377033 2.835055 0.165000
v 1.377033 2.869055 0.120000
v 1.377033 2.869055 0.165000
v 1.406478 2.870055 0.165000
v 1.406478 2.870055 0.225000
v 1.419206 2.864783 0.165000
v 1.419206 2.864783 0.225000
v 1.424478 2.852055 0.165000
v 1.424478 2.852055 0.225000
v 1.419206 2.839327 0.165000
v 1.419206 2.839327 0.225000
v 1.406478 2.834055 0.165000
v 1.406478 2.834055 0.225000
v 1.393750 2.839327 0.165000
v 1.393750 2.839327 0.225000
v 1.388478 2.852055 0.165000
v 1.388478 2.852055 0.225000
v 1.393750 2.864783 0.165000
v 1.393750 2.864783 0.225000
v 1.216933 2.971937 0.120000
v 1.216933 2.971937 0.165000
v 1.246378 2.954937 0.120000
v 1.246378 2.954937 0.165000
v 1.246378 2.920937 0.120000
v 1.246378 2.920937 0.165000
v 1.216933 2.903937 0.120000
v 1.216933 2.903937 0.165000
v 1.187489 2.920937 0.120000
v 1.187489 2.920937 0.165000
v 1.187489 2.954937 0.120000
v 1.187489 2.954937 0.165000
v 1.216933 2.955937 0.165000
v 1.216933 2.955937 0.225000
v 1.229661 2.950665 0.165000
v 1.229661 2.950665 0.225000
v 1.234933 2.937937 0.165000
v 1.234933 2.937937 0.225000
v 1.229661 2.925209 0.165000
v 1.229661 2.925209 0.225000
v 1.216933 2.919937 0.165000
v 1.216933 2.919937 0.225000
v 1.204205 2.925209 0.165000
v 1.204205 2.925209 0.225000
v 1.198933 2.937937 0.165000
v 1.198933 2.937937 0.225000
v 1.204205 2.950665 0.165000
v 1.204205 2.950665 0.225000
v 1.022177 3.045238 0.120000
v 1.022177 3.045238 0.165000
v 1.051622 3.028238 0.120000
v 1.051622 3.028238 0.165000
v 1.051622 2.994238 0.120000
v 1.051622 2.994238 0.165000
v 1.022177 2.977238 0.120000
v 1.022177 2.977238 0.165000
v 0.992733 2.994238 0.120000
v 0.992733 2.994238 0.165000
v 0.992733 3.028238 0.120000
v 0.992733 3.028238 0.165000
v 1.022177 3.029238 0.165000
v 1.022177 3.029238 0.225000
v 1.034905 3.023966 0.165000
v 1.034905 3.023966 0.225000
v 1.040177 3.011238 0.165000
v 1.040177 3.011238 0.225000
v 1.034905 2.998510 0.165000
v 1.034905 2.998510 0.225000
v 1.022177 2.993238 0.165000
v 1.022177 2.993238 0.225000
v 1.009449 2.998510 0.165000
v 1.009449 2.998510 0.225000
v 1.004177 3.011238 0.165000
v 1.004177 3.011238 0.225000
v 1.009449 3.023966 0.165000
v 1.009449 3.023966 0.225000
v 0.823045 3.105644 0.120000
v 0.823045 3.105644 0.165000
v 0.852489 3.088644 0.120000
v 0.852489 3.088644 0.165000
v 0.852489 3.054644 0.120000
v 0.852489 3.054644 0.165000
v 0.823045 3.037644 0.120000
v 0.823045 3.037644 0.165000
v 0.793600 3.054644 0.120000
v 0.793600 3.054644 0.165000
v 0.793600 3.088644 0.120000
v 0.793600 3.088644 0.165000
v 0.823045 3.089644 0.165000
v 0.823045 3.089644 0.225000
v 0.835772 3.084372 0.165000
v 0.835772 3.084372 0.225000
v 0.841045 3.071644 0.165000
v 0.841045 3.071644 0.225000
v 0.835772 3.058916 0.165000
v 0.835772 3.058916 0.225000
v 0.823045 3.053644 0.165000
v 0.823045 3.053644 0.225000
v 0.810317 3.058916 0.165000
v 0.810317 3.058916 0.225000
v 0.805045 3.071644 0.165000
v 0.805045 3.071644 0.225000
v 0.810317 3.084372 0.165000
v 0.810317 3.084372 0.225000
v 0.620387 3.152897 0.120000
v 0.620387 3.152897 0.165000
v 0.649832 3.135897 0.120000
v 0.649832 3.135897 0.165000
v 0.649832 3.101897 0.120000
v 0.649832 3.101897 0.165000
v 0.620387 3.084897 0.120000
v 0.620387 3.084897 0.165000
v 0.590942 3.101897 0.120000
v 0.590942 3.101897 0.165000
v 0.590942 3.135897 0.120000
v 0.590942 3.135897 0.165000
v 0.620387 3.136897 0.165000
v 0.620387 3.136897 0.225000
v 0.633115 3.131625 0.165000
v 0.633115 3.131625 0.225000
v 0.638387 3.118897 0.165000
v 0.638387 3.118897 0.225000
v 0.633115 3.106169 0.165000
v 0.633115 3.106169 0.225000
v 0.620387 3.100897 0.165000
v 0.620387 3.100897 0.225000
v 0.607659 3.106169 0.165000
v 0.607659 3.106169 0.225000
v 0.602387 3.118897 0.165000
v 0.602387 3.118897 0.225000
v 0.607659 3.131625 0.165000
v 0.607659 3.131625 0.225000
v 0.415073 3.186795 0.120000
v 0.415073 3.186795 0.165000
v 0.444518 3.169795 0.120000
v 0.444518 3.169795 0.165000
v 0.444518 3.135795 0.120000
v 0.444518 3.135795 0.165000
v 0.415073 3.118795 0.120000
v 0.415073 3.118795 0.165000
v 0.385628 3.135795 0.120000
v 0.385628 3.135795 0.165000
v 0.385628 3.169795 0.120000
v 0.385628 3.169795 0.165000
v 0.415073 3.170794 0.165000
v 0.415073 3.170794 0.225000
v 0.427801 3.165523 0.165000
v 0.427801 3.165523 0.225000
v 0.433073 3.152795 0.165000
v 0.433073 3.152795 0.225000
v 0.427801 3.140067 0.165000
v 0.427801 3.140067 0.225000
v 0.415073 3.134795 0.165000
v 0.415073 3.134795 0.225000
v 0.402345 3.140067 0.165000
v 0.402345 3.140067 0.225000
v 0.397073 3.152795 0.165000
v 0.397073 3.152795 0.225000
v 0.402345 3.165523 0.165000
v 0.402345 3.165523 0.225000
v 0.207982 3.207191 0.120000
v 0.207982 3.207191 0.165000
v 0.237427 3.190191 0.120000
v 0.237427 3.190191 0.165000
v 0.237427 3.156191 0.120000
v 0.237427 3.156191 0.165000
v 0.207982 3.139191 0.120000
v 0.207982 3.139191 0.165000
v 0.178537 3.156191 0.120000
v 0.178537 3.156191 0.165000
v 0.178537 3.190191 0.120000
v 0.178537 3.190191 0.165000
v 0.207982 3.191191 0.165000
v 0.207982 3.191191 0.225000
v 0.220710 3.185919 0.165000
v 0.220710 3.185919 0.225000
v 0.225982 3.173191 0.165000
v 0.225982 3.173191 0.225000
v 0.220710 3.160463 0.165000
v 0.220710 3.160463 0.225000
v 0.207982 3.155191 0.165000
v 0.207982 3.155191 0.225000
v 0.195254 3.160463 0.165000
v 0.195254 3.160463 0.225000
v 0.189982 3.173191 0.165000
v 0.189982 3.173191 0.225000
v 0.195254 3.185919 0.165000
v 0.195254 3.185919 0.225000
v 0.000000 3.214000 0.120000
v 0.000000 3.214000 0.165000
v 0.029445 3.197000 0.120000
v 0.029445 3.197000 0.165000
v 0.029445 3.163000 0.120000
v 0.029445 3.163000 0.165000
v 0.000000 3.146000 0.120000
v 0.000000 3.146000 0.165000
v -0.029445 3.163000 0.120000
v -0.029445 3.163000 0.165000
v -0.029445 3.197000 0.120000
v -0.029445 3.197000 0.165000
v 0.000000 3.198000 0.165000
v 0.000000 3.198000 0.225000
v 0.012728 3.192728 0.165000
v 0.012728 3.192728 0.225000
v 0.018000 3.180000 0.165000
v 0.018000 3.180000 0.225000
v 0.012728 3.167272 0.165000
v 0.012728 3.167272 0.225000
v 0.000000 3.162000 0.165000
v 0.000000 3.162000 0.225000
v -0.012728 3.167272 0.165000
v -0.012728 3.167272 0.225000
v -0.018000 3.180000 0.165000
v -0.018000 3.180000 0.225000
v -0.012728 3.192728 0.165000
v -0.012728 3.192728 0.225000
v -0.207982 3.207191 0.120000
v -0.207982 3.207191 0.165000
v -0.178537 3.190191 0.120000
v -0.178537 3.190191 0.165000
v -0.178537 3.156191 0.120000
v -0.178537 3.156191 0.165000
v -0.207982 3.139191 0.120000
v -0.207982 3.139191 0.165000
v -0.237427 3.156191 0.120000
v -0.237427 3.156191 0.165000
v -0.237427 3.190191 0.120000
v -0.237427 3.190191 0.165000
v -0.207982 3.191191 0.165000
v -0.207982 3.191191 0.225000
v -0.195254 3.185919 0.165000
v -0.195254 3.185919 0.225000
v -0.189982 3.173191 0.165000
v -0.189982 3.173191 0.225000
v -0.195254 3.160463 0.165000
v -0.195254 3.160463 0.225000
v -0.207982 3.155191 0.165000
v -0.207982 3.155191 0.225000
v -0.220710 3.160463 0.165000
v -0.220710 3.160463 0.225000
v -0.225982 3.173191 0.165000
v -0.225982 3.173191 0.225000
v -0.220710 3.185919 0.165000
v -0.220710 3.185919 0.225000
v -0.415073 3.186795 0.120000
v -0.415073 3.186795 0.165000
v -0.385628 3.169795 0.120000
v -0.385628 3.169795 0.165000
v -0.385628 3.135795 0.120000
v -0.385628 3.135795 0.165000
v -0.415073 3.118795 0.120000
v -0.415073 3.118795 0.165000
v -0.444518 3.135795 0.120000
v -0.444518 3.135795 0.165000
v -0.444518 3.169795 0.120000
v -0.444518 3.169795 0.165000
v -0.415073 3.170794 0.165000
v -0.415073 3.170794 0.225000
v -0.402345 3.165523 0.165000
v -0.402345 3.165523 0.225000
v -0.397073 3.152795 0.165000
v -0.397073 3.152795 0.225000
v -0.402345 3.140067 0.165000
v -0.402345 3.140067 0.225000
v -0.415073 3.134795 0.165000
v -0.415073 3.134795 0.225000
v -0.427801 3.140067 0.165000
v -0.427801 3.140067 0.225000
v -0.433073 3.152795 0.165000
v -0.433073 3.152795 0.225000
v -0.427801 3.165523 0.165000
v -0.427801 3.165523 0.225000
v -0.620387 3.152897 0.120000
v -0.620387 3.152897 0.165000
v -0.590942 3.135897 0.120000
v -0.590942 3.135897 0.165000
v -0.590942 3.101897 0.120000
v -0.590942 3.101897 0.165000
v -0.620387 3.084897 0.120000
v -0.620387 3.084897 0.165000
v -0.649832 3.101897 0.120000
v -0.649832 3.101897 0.165000
v -0.649832 3.135897 0.120000
v -0.649832 3.135897 0.165000
v -0.620387 3.136897 0.165000
v -0.620387 3.136897 0.225000
v -0.607659 3.131625 0.165000
v -0.607659 3.131625 0.225000
v -0.602387 3.118897 0.165000
v -0.602387 3.118897 0.225000
v -0.607659 3.106169 0.165000
v -0.607659 3.106169 0.225000
v -0.620387 3.100897 0.165000
v -0.620387 3.100897 0.225000
v -0.633115 3.106169 0.165000
v -0.633115 3.106169 0.225000
v -0.638387 3.118897 0.165000
v -0.638387 3.118897 0.225000
v -0.633115 3.131625 0.165000
v -0.633115 3.131625 0.225000
v -0.823045 3.105644 0.120000
v -0.823045 3.105644 0.165000
v -0.793600 3.088644 0.120000
v -0.793600 3.088644 0.165000
v -0.793600 3.054644 0.120000
v -0.793600 3.054644 0.165000
v -0.823045 3.037644 0.120000
v -0.823045 3.037644 0.165000
v -0.852489 3.054644 0.120000
v -0.852489 3.054644 0.165000
v -0.852489 3.088644 0.120000
v -0.852489 3.088644 0.165000
v -0.823045 3.089644 0.165000
v -0.823045 3.089644 0.225000
v -0.810317 3.084372 0.165000
v -0.810317 3.084372 0.225000
v -0.805045 3.071644 0.165000
v -0.805045 3.071644 0.225000
v -0.810317 3.058916 0.165000
v -0.810317 3.058916 0.225000
v -0.823045 3.053644 0.165000
v -0.823045 3.053644 0.225000
v -0.835772 3.058916 0.165000
v -0.835772 3.058916 0.225000
v -0.841045 3.071644 0.165000
v -0.841045 3.071644 0.225000
v -0.835772 3.084372 0.165000
v -0.835772 3.084372 0.225000
v -1.022177 3.045238 0.120000
v -1.022177 3.045238 0.165000
v -0.992733 3.028238 0.120000
v -0.992733 3.028238 0.165000
v -0.992733 2.994238 0.120000
v -0.992733 2.994238 0.165000
v -1.022177 2.977238 0.120000
v -1.022177 2.977238 0.165000
v -1.051622 2.994238 0.120000
v -1.051622 2.994238 0.165000
v -1.051622 3.028238 0.120000
v -1.051622 3.028238 0.165000
v -1.022177 3.029238 0.165000
v -1.022177 3.029238 0.225000
v -1.009449 3.023966 0.165000
v -1.009449 3.023966 0.225000
v -1.004177 3.011238 0.165000
v -1.004177 3.011238 0.225000
v -1.009449 2.998510 0.165000
v -1.009449 2.998510 0.225000
v -1.022177 2.993238 0.165000
v -1.022177 2.993238 0.225000
v -1.034905 2.998510 0.165000
v -1.034905 2.998510 0.225000
v -1.040177 3.011238 0.165000
v -1.040177 3.011238 0.225000
v -1.034905 3.023966 0.165000
v -1.034905 3.023966 0.225000
v -1.216933 2.971937 0.120000
v -1.216933 2.971937 0.165000
v -1.187489 2.954937 0.120000
v -1.187489 2.954937 0.165000
v -1.187489 2.920937 0.120000
v -1.187489 2.920937 0.165000
v -1.216933 2.903937 0.120000
v -1.216933 2.903937 0.165000
v -1.246378 2.920937 0.120000
v -1.246378 2.920937 0.165000
v -1.246378 2.954937 0.120000
v -1.246378 2.954937 0.165000
v -1.216933 2.955937 0.165000
v -1.216933 2.955937 0.225000
v -1.204205 2.950665 0.165000
v -1.204205 2.950665 0.225000
v -1.198933 2.937937 0.165000
v -1.198933 2.937937 0.225000
v -1.204205 2.925209 0.165000
v -1.204205 2.925209 0.225000
v -1.216933 2.919937 0.165000
v -1.216933 2.919937 0.225000
v -1.229661 2.925209 0.165000
v -1.229661 2.925209 0.225000
v -1.234933 2.937937 0.165000
v -1.234933 2.937937 0.225000
v -1.229661 2.950665 0.165000
v -1.229661 2.950665 0.225000
v -1.406478 2.886055 0.120000
v -1.406478 2.886055 0.165000
v -1.377033 2.869055 0.120000
v -1.377033 2.869055 0.165000
v -1.377033 2.835055 0.120000
v -1.377033 2.835055 0.165000
v -1.406478 2.818055 0.120000
v -1.406478 2.818055 0.165000
v -1.435923 2.835055 0.120000
v -1.435923 2.835055 0.165000
v -1.435923 2.869055 0.120000
v -1.435923 2.869055 0.165000
v -1.406478 2.870055 0.165000
v -1.406478 2.870055 0.225000
v -1.393750 2.864783 0.165000
v -1.393750 2.864783 0.225000
v -1.388478 2.852055 0.165000
v -1.388478 2.852055 0.225000
v -1.393750 2.839327 0.165000
v -1.393750 2.839327 0.225000
v -1.406478 2.834055 0.165000
v -1.406478 2.834055 0.225000
v -1.419206 2.839327 0.165000
v -1.419206 2.839327 0.225000
v -1.424478 2.852055 0.165000
v -1.424478 2.852055 0.225000
v -1.419206 2.864783 0.165000
v -1.419206 2.864783 0.225000
v -1.590000 2.787961 0.120000
v -1.590000 2.787961 0.165000
v -1.560555 2.770961 0.120000
v -1.560555 2.770961 0.165000
v -1.560555 2.736961 0.120000
v -1.560555 2.736961 0.165000
v -1.590000 2.719961 0.120000
v -1.590000 2.719961 0.165000
v -1.619445 2.736961 0.120000
v -1.619445 2.736961 0.165000
v -1.619445 2.770961 0.120000
v -1.619445 2.770961 0.165000
v -1.590000 2.771961 0.165000
v -1.590000 2.771961 0.225000
v -1.577272 2.766689 0.165000
v -1.577272 2.766689 0.225000
v -1.572000 2.753961 0.165000
v -1.572000 2.753961 0.225000
v -1.577272 2.741233 0.165000
v -1.577272 2.741233 0.225000
v -1.590000 2.735961 0.165000
v -1.590000 2.735961 0.225000
v -1.602728 2.741233 0.165000
v -1.602728 2.741233 0.225000
v -1.608000 2.753961 0.165000
v -1.608000 2.753961 0.225000
v -1.602728 2.766689 0.165000
v -1.602728 2.766689 0.225000
v -1.766713 2.678073 0.120000
v -1.766713 2.678073 0.165000
v -1.737269 2.661073 0.120000
v -1.737269 2.661073 0.165000
v -1.737269 2.627074 0.120000
v -1.737269 2.627074 0.165000
v -1.766713 2.610074 0.120000
v -1.766713 2.610074 0.165000
v -1.796158 2.627074 0.120000
v -1.796158 2.627074 0.165000
v -1.796158 2.661073 0.120000
v -1.796158 2.661073 0.165000
v -1.766713 2.662073 0.165000
v -1.766713 2.662073 0.225000
v -1.753985 2.656801 0.165000
v -1.753985 2.656801 0.225000
v -1.748713 2.644073 0.165000
v -1.748713 2.644073 0.225000
v -1.753985 2.631346 0.165000
v -1.753985 2.631346 0.225000
v -1.766713 2.626074 0.165000
v -1.766713 2.626074 0.225000
v -1.779441 2.631346 0.165000
v -1.779441 2.631346 0.225000
v -1.784713 2.644073 0.165000
v -1.784713 2.644073 0.225000
v -1.779441 2.656801 0.165000
v -1.779441 2.656801 0.225000
v -1.935861 2.556864 0.120000
v -1.935861 2.556864 0.165000
v -1.906417 2.539864 0.120000
v -1.906417 2.539864 0.165000
v -1.906417 2.505864 0.120000
v -1.906417 2.505864 0.165000
v -1.935861 2.488864 0.120000
v -1.935861 2.488864 0.165000
v -1.965306 2.505864 0.120000
v -1.965306 2.505864 0.165000
v -1.965306 2.539864 0.120000
v -1.965306 2.539864 0.165000
v -1.935861 2.540864 0.165000
v -1.935861 2.540864 0.225000
v -1.923133 2.535592 0.165000
v -1.923133 2.535592 0.225000
v -1.917861 2.522864 0.165000
v -1.917861 2.522864 0.225000
v -1.923133 2.510136 0.165000
v -1.923133 2.510136 0.225000
v -1.935861 2.504864 0.165000
v -1.935861 2.504864 0.225000
v -1.948589 2.510136 0.165000
v -1.948589 2.510136 0.225000
v -1.953861 2.522864 0.165000
v -1.953861 2.522864 0.225000
v -1.948589 2.535592 0.165000
v -1.948589 2.535592 0.225000
v -2.096720 2.424850 0.120000
v -2.096720 2.424850 0.165000
v -2.067275 2.407851 0.120000
v -2.067275 2.407851 0.165000
v -2.067275 2.373851 0.120000
v -2.067275 2.373851 0.165000
v -2.096720 2.356851 0.120000
v -2.096720 2.356851 0.165000
v -2.126165 2.373851 0.120000
v -2.126165 2.373851 0.165000
v -2.126165 2.407851 0.120000
v -2.126165 2.407851 0.165000
v -2.096720 2.408850 0.165000
v -2.096720 2.408850 0.225000
v -2.083992 2.403579 0.165000
v -2.083992 2.403579 0.225000
v -2.078720 2.390851 0.165000
v -2.078720 2.390851 0.225000
v -2.083992 2.378123 0.165000
v -2.083992 2.378123 0.225000
v -2.096720 2.372851 0.165000
v -2.096720 2.372851 0.225000
v -2.109448 2.378123 0.165000
v -2.109448 2.378123 0.225000
v -2.114720 2.390851 0.165000
v -2.114720 2.390851 0.225000
v -2.109448 2.403579 0.165000
v -2.109448 2.403579 0.225000
v -2.248600 2.282599 0.120000
v -2.248600 2.282599 0.165000
v -2.219155 2.265599 0.120000
v -2.219155 2.265599 0.165000
v -2.219155 2.231600 0.120000
v -2.219155 2.231600 0.165000
v -2.248600 2.214600 0.120000
v -2.248600 2.214600 0.165000
v -2.278044 2.231600 0.120000
v -2.278044 2.231600 0.165000
v -2.278044 2.265599 0.120000
v -2.278044 2.265599 0.165000
v -2.248600 2.266599 0.165000
v -2.248600 2.266599 0.225000
v -2.235872 2.261328 0.165000
v -2.235872 2.261328 0.225000
v -2.230600 2.248600 0.165000
v -2.230600 2.248600 0.225000
v -2.235872 2.235872 0.165000
v -2.235872 2.235872 0.225000
v -2.248600 2.230600 0.165000
v -2.248600 2.230600 0.225000
v -2.261328 2.235872 0.165000
v -2.261328 2.235872 0.225000
v -2.266599 2.248600 0.165000
v -2.266599 2.248600 0.225000
v -2.261328 2.261328 0.165000
v -2.261328 2.261328 0.225000
v -2.390851 2.130720 0.120000
v -2.390851 2.130720 0.165000
v -2.361406 2.113720 0.120000
v -2.361406 2.113720 0.165000
v -2.361406 2.079720 0.120000
v -2.361406 2.079720 0.165000
v -2.390851 2.062720 0.120000
v -2.390851 2.062720 0.165000
v -2.420295 2.079720 0.120000
v -2.420295 2.079720 0.165000
v -2.420295 2.113720 0.120000
v -2.420295 2.113720 0.165000
v -2.390851 2.114720 0.165000
v -2.390851 2.114720 0.225000
v -2.378123 2.109448 0.165000
v -2.378123 2.109448 0.225000
v -2.372851 2.096720 0.165000
v -2.372851 2.096720 0.225000
v -2.378123 2.083992 0.165000
v -2.378123 2.083992 0.225000
v -2.390851 2.078720 0.165000
v -2.390851 2.078720 0.225000
v -2.403579 2.083992 0.165000
v -2.403579 2.083992 0.225000
v -2.408850 2.096720 0.165000
v -2.408850 2.096720 0.225000
v -2.403579 2.109448 0.165000
v -2.403579 2.109448 0.225000
v -2.522864 1.969861 0.120000
v -2.522864 1.969861 0.165000
v -2.493419 1.952861 0.120000
v -2.493419 1.952861 0.165000
v -2.493419 1.918861 0.120000
v -2.493419 1.918861 0.165000
v -2.522864 1.901861 0.120000
v -2.522864 1.901861 0.165000
v -2.552309 1.918861 0.120000
v -2.552309 1.918861 0.165000
v -2.552309 1.952861 0.120000
v -2.552309 1.952861 0.165000
v -2.522864 1.953861 0.165000
v -2.522864 1.953861 0.225000
v -2.510136 1.948589 0.165000
v -2.510136 1.948589 0.225000
v -2.504864 1.935861 0.165000
v -2.504864 1.935861 0.225000
v -2.510136 1.923133 0.165000
v -2.510136 1.923133 0.225000
v -2.522864 1.917861 0.165000
v -2.522864 1.917861 0.225000
v -2.535592 1.923133 0.165000
v -2.535592 1.923133 0.225000
v -2.540864 1.935861 0.165000
v -2.540864 1.935861 0.225000
v -2.535592 1.948589 0.165000
v -2.535592 1.948589 0.225000
v -2.644073 1.800713 0.120000
v -2.644073 1.800713 0.165000
v -2.614629 1.783713 0.120000
v -2.614629 1.783713 0.165000
v -2.614629 1.749713 0.120000
v -2.614629 1.749713 0.165000
v -2.644073 1.732713 0.120000
v -2.644073 1.732713 0.165000
v -2.673518 1.749713 0.120000
v -2.673518 1.749713 0.165000
v -2.673518 1.783713 0.120000
v -2.673518 1.783713 0.165000
v -2.644073 1.784713 0.165000
v -2.644073 1.784713 0.225000
v -2.631346 1.779441 0.165000
v -2.631346 1.779441 0.225000
v -2.626074 1.766713 0.165000
v -2.626074 1.766713 0.225000
v -2.631346 1.753985 0.165000
v -2.631346 1.753985 0.225000
v -2.644073 1.748713 0.165000
v -2.644073 1.748713 0.225000
v -2.656801 1.753985 0.165000
v -2.656801 1.753985 0.225000
v -2.662073 1.766713 0.165000
v -2.662073 1.766713 0.225000
v -2.656801 1.779441 0.165000
v -2.656801 1.779441 0.225000
v -2.753961 1.624000 0.120000
v -2.753961 1.624000 0.165000
v -2.724516 1.607000 0.120000
v -2.724516 1.607000 0.165000
v -2.724516 1.573000 0.120000
v -2.724516 1.573000 0.165000
v -2.753961 1.556000 0.120000
v -2.753961 1.556000 0.165000
v -2.783406 1.573000 0.120000
v -2.783406 1.573000 0.165000
v -2.783406 1.607000 0.120000
v -2.783406 1.607000 0.165000
v -2.753961 1.608000 0.165000
v -2.753961 1.608000 0.225000
v -2.741233 1.602728 0.165000
v -2.741233 1.602728 0.225000
v -2.735961 1.590000 0.165000
v -2.735961 1.590000 0.225000
v -2.741233 1.577272 0.165000
v -2.741233 1.577272 0.225000
v -2.753961 1.572000 0.165000
v -2.753961 1.572000 0.225000
v -2.766689 1.577272 0.165000
v -2.766689 1.577272 0.225000
v -2.771961 1.590000 0.165000
v -2.771961 1.590000 0.225000
v -2.766689 1.602728 0.165000
v -2.766689 1.602728 0.225000
v -2.852055 1.440478 0.120000
v -2.852055 1.440478 0.165000
v -2.822610 1.423478 0.120000
v -2.822610 1.423478 0.165000
v -2.822610 1.389478 0.120000
v -2.822610 1.389478 0.165000
v -2.852055 1.372478 0.120000
v -2.852055 1.372478 0.165000
v -2.881500 1.389478 0.120000
v -2.881500 1.389478 0.165000
v -2.881500 1.423478 0.120000
v -2.881500 1.423478 0.165000
v -2.852055 1.424478 0.165000
v -2.852055 1.424478 0.225000
v -2.839327 1.419206 0.165000
v -2.839327 1.419206 0.225000
v -2.834055 1.406478 0.165000
v -2.834055 1.406478 0.225000
v -2.839327 1.393750 0.165000
v -2.839327 1.393750 0.225000
v -2.852055 1.388478 0.165000
v -2.852055 1.388478 0.225000
v -2.864783 1.393750 0.165000
v -2.864783 1.393750 0.225000
v -2.870055 1.406478 0.165000
v -2.870055 1.406478 0.225000
v -2.864783 1.419206 0.165000
v -2.864783 1.419206 0.225000
v -2.937937 1.250933 0.120000
v -2.937937 1.250933 0.165000
v -2.908492 1.233933 0.120000
v -2.908492 1.233933 0.165000
v -2.908492 1.199933 0.120000
v -2.908492 1.199933 0.165000
v -2.937937 1.182933 0.120000
v -2.937937 1.182933 0.165000
v -2.967382 1.199933 0.120000
v -2.967382 1.199933 0.165000
v -2.967382 1.233933 0.120000
v -2.967382 1.233933 0.165000
v -2.937937 1.234933 0.165000
v -2.937937 1.234933 0.225000
v -2.925209 1.229661 0.165000
v -2.925209 1.229661 0.225000
v -2.919937 1.216933 0.165000
v -2.919937 1.216933 0.225000
v -2.925209 1.204205 0.165000
v -2.925209 1.204205 0.225000
v -2.937937 1.198933 0.165000
v -2.937937 1.198933 0.225000
v -2.950665 1.204205 0.165000
v -2.950665 1.204205 0.225000
v -2.955937 1.216933 0.165000
v -2.955937 1.216933 0.225000
v -2.950665 1.229661 0.165000
v -2.950665 1.229661 0.225000
v -3.011238 1.056177 0.120000
v -3.011238 1.056177 0.165000
v -2.981793 1.039177 0.120000
v -2.981793 1.039177 0.165000
v -2.981793 1.005177 0.120000
v -2.981793 1.005177 0.165000
v -3.011238 0.988177 0.120000
v -3.011238 0.988177 0.165000
v -3.040683 1.005177 0.120000
v -3.040683 1.005177 0.165000
v -3.040683 1.039177 0.120000
v -3.040683 1.039177 0.165000
v -3.011238 1.040177 0.165000
v -3.011238 1.040177 0.225000
v -2.998510 1.034905 0.165000
v -2.998510 1.034905 0.225000
v -2.993238 1.022177 0.165000
v -2.993238 1.022177 0.225000
v -2.998510 1.009449 0.165000
v -2.998510 1.009449 0.225000
v -3.011238 1.004177 0.165000
v -3.011238 1.004177 0.225000
v -3.023966 1.009449 0.165000
v -3.023966 1.009449 0.225000
v -3.029238 1.022177 0.165000
v -3.029238 1.022177 0.225000
v -3.023966 1.034905 0.165000
v -3.023966 1.034905 0.225000
v -3.071644 0.857045 0.120000
v -3.071644 0.857045 0.165000
v -3.042199 0.840045 0.120000
v -3.042199 0.840045 0.165000
v -3.042199 0.806045 0.120000
v -3.042199 0.806045 0.165000
v -3.071644 0.789045 0.120000
v -3.071644 0.789045 0.165000
v -3.101089 0.806045 0.120000
v -3.101089 0.806045 0.165000
v -3.101089 0.840045 0.120000
v -3.101089 0.840045 0.165000
v -3.071644 0.841045 0.165000
v -3.071644 0.841045 0.225000
v -3.058916 0.835772 0.165000
v -3.058916 0.835772 0.225000
v -3.053644 0.823045 0.165000
v -3.053644 0.823045 0.225000
v -3.058916 0.810317 0.165000
v -3.058916 0.810317 0.225000
v -3.071644 0.805045 0.165000
v -3.071644 0.805045 0.225000
v -3.084372 0.810317 0.165000
v -3.084372 0.810317 0.225000
v -3.089644 0.823045 0.165000
v -3.089644 0.823045 0.225000
v -3.084372 0.835772 0.165000
v -3.084372 0.835772 0.225000
v -3.118897 0.654387 0.120000
v -3.118897 0.654387 0.165000
v -3.089452 0.637387 0.120000
v -3.089452 0.637387 0.165000
v -3.089452 0.603387 0.120000
v -3.089452 0.603387 0.165000
v -3.118897 0.586387 0.120000
v -3.118897 0.586387 0.165000
v -3.148342 0.603387 0.120000
v -3.148342 0.603387 0.165000
v -3.148342 0.637387 0.120000
v -3.148342 0.637387 0.165000
v -3.118897 0.638387 0.165000
v -3.118897 0.638387 0.225000
v -3.106169 0.633115 0.165000
v -3.106169 0.633115 0.225000
v -3.100897 0.620387 0.165000
v -3.100897 0.620387 0.225000
v -3.106169 0.607659 0.165000
v -3.106169 0.607659 0.225000
v -3.118897 0.602387 0.165000
v -3.118897 0.602387 0.225000
v -3.131625 0.607659 0.165000
v -3.131625 0.607659 0.225000
v -3.136897 0.620387 0.165000
v -3.136897 0.620387 0.225000
v -3.131625 0.633115 0.165000
v -3.131625 0.633115 0.225000
v -3.152795 0.449073 0.120000
v -3.152795 0.449073 0.165000
v -3.123350 0.432073 0.120000
v -3.123350 0.432073 0.165000
v -3.123350 0.398073 0.120000
v -3.123350 0.398073 0.165000
v -3.152795 0.381073 0.120000
v -3.152795 0.381073 0.165000
v -3.182240 0.398073 0.120000
v -3.182240 0.398073 0.165000
v -3.182240 0.432073 0.120000
v -3.182240 0.432073 0.165000
v -3.152795 0.433073 0.165000
v -3.152795 0.433073 0.225000
v -3.140067 0.427801 0.165000
v -3.140067 0.427801 0.225000
v -3.134795 0.415073 0.165000
v -3.134795 0.415073 0.225000
v -3.140067 0.402345 0.165000
v -3.140067 0.402345 0.225000
v -3.152795 0.397073 0.165000
v -3.152795 0.397073 0.225000
v -3.165523 0.402345 0.165000
v -3.165523 0.402345 0.225000
v -3.170794 0.415073 0.165000
v -3.170794 0.415073 0.225000
v -3.165523 0.427801 0.165000
v -3.165523 0.427801 0.225000
v -3.173191 0.241982 0.120000
v -3.173191 0.241982 0.165000
v -3.143746 0.224982 0.120000
v -3.143746 0.224982 0.165000
v -3.143746 0.190982 0.120000
v -3.143746 0.190982 0.165000
v -3.173191 0.173982 0.120000
v -3.173191 0.173982 0.165000
v -3.202636 0.190982 0.120000
v -3.202636 0.190982 0.165000
v -3.202636 0.224982 0.120000
v -3.202636 0.224982 0.165000
v -3.173191 0.225982 0.165000
v -3.173191 0.225982 0.225000
v -3.160463 0.220710 0.165000
v -3.160463 0.220710 0.225000
v -3.155191 0.207982 0.165000
v -3.155191 0.207982 0.225000
v -3.160463 0.195254 0.165000
v -3.160463 0.195254 0.225000
v -3.173191 0.189982 0.165000
v -3.173191 0.189982 0.225000
v -3.185919 0.195254 0.165000
v -3.185919 0.195254 0.225000
v -3.191191 0.207982 0.165000
v -3.191191 0.207982 0.225000
v -3.185919 0.220710 0.165000
v -3.185919 0.220710 0.225000
v -3.180000 0.034000 0.120000
v -3.180000 0.034000 0.165000
v -3.150555 0.017000 0.120000
v -3.150555 0.017000 0.165000
v -3.150555 -0.017000 0.120000
v -3.150555 -0.017000 0.165000
v -3.180000 -0.034000 0.120000
v -3.180000 -0.034000 0.165000
v -3.209445 -0.017000 0.120000
v -3.209445 -0.017000 0.165000
v -3.209445 0.017000 0.120000
v -3.209445 0.017000 0.165000
v -3.180000 0.018000 0.165000
v -3.180000 0.018000 0.225000
v -3.167272 0.012728 0.165000
v -3.167272 0.012728 0.225000
v -3.162000 0.000000 0.165000
v -3.162000 0.000000 0.225000
v -3.167272 -0.012728 0.165000
v -3.167272 -0.012728 0.225000
v -3.180000 -0.018000 0.165000
v -3.180000 -0.018000 0.225000
v -3.192728 -0.012728 0.165000
v -3.192728 -0.012728 0.225000
v -3.198000 0.000000 0.165000
v -3.198000 0.000000 0.225000
v -3.192728 0.012728 0.165000
v -3.192728 0.012728 0.225000
v -3.173191 -0.173982 0.120000
v -3.173191 -0.173982 0.165000
v -3.143746 -0.190982 0.120000
v -3.143746 -0.190982 0.165000
v -3.143746 -0.224982 0.120000
v -3.143746 -0.224982 0.165000
v -3.173191 -0.241982 0.120000
v -3.173191 -0.241982 0.165000
v -3.202636 -0.224982 0.120000
v -3.202636 -0.224982 0.165000
v -3.202636 -0.190982 0.120000
v -3.202636 -0.190982 0.165000
v -3.173191 -0.189982 0.165000
v -3.173191 -0.189982 0.225000
v -3.160463 -0.195254 0.165000
v -3.160463 -0.195254 0.225000
v -3.155191 -0.207982 0.165000
v -3.155191 -0.207982 0.225000
v -3.160463 -0.220710 0.165000
v -3.160463 -0.220710 0.225000
v -3.173191 -0.225982 0.165000
v -3.173191 -0.225982 0.225000
v -3.185919 -0.220710 0.165000
v -3.185919 -0.220710 0.225000
v -3.191191 -0.207982 0.165000
v -3.191191 -0.207982 0.225000
v -3.185919 -0.195254 0.165000
v -3.185919 -0.195254 0.225000
v -3.152795 -0.381073 0.120000
v -3.152795 -0.381073 0.165000
v -3.123350 -0.398073 0.120000
v -3.123350 -0.398073 0.165000
v -3.123350 -0.432073 0.120000
v -3.123350 -0.432073 0.165000
v -3.152795 -0.449073 0.120000
v -3.152795 -0.449073 0.165000
v -3.182240 -0.432073 0.120000
v -3.182240 -0.432073 0.165000
v -3.182240 -0.398073 0.120000
v -3.182240 -0.398073 0.165000
v -3.152795 -0.397073 0.165000
v -3.152795 -0.397073 0.225000
v -3.140067 -0.402345 0.165000
v -3.140067 -0.402345 0.225000
v -3.134795 -0.415073 0.165000
v -3.134795 -0.415073 0.225000
v -3.140067 -0.427801 0.165000
v -3.140067 -0.427801 0.225000
v -3.152795 -0.433073 0.165000
v -3.152795 -0.433073 0.225000
v -3.165523 -0.427801 0.165000
v -3.165523 -0.427801 0.225000
v -3.170794 -0.415073 0.165000
v -3.170794 -0.415073 0.225000
v -3.165523 -0.402345 0.165000
v -3.165523 -0.402345 0.225000
v -3.118897 -0.586387 0.120000
v -3.118897 -0.586387 0.165000
v -3.089452 -0.603387 0.120000
v -3.089452 -0.603387 0.165000
v -3.089452 -0.637387 0.120000
v -3.089452 -0.637387 0.165000
v -3.118897 -0.654387 0.120000
v -3.118897 -0.654387 0.165000
v -3.148342 -0.637387 0.120000
v -3.148342 -0.637387 0.165000
v -3.148342 -0.603387 0.120000
v -3.148342 -0.603387 0.165000
v -3.118897 -0.602387 0.165000
v -3.118897 -0.602387 0.225000
v -3.106169 -0.607659 0.165000
v -3.106169 -0.607659 0.225000
v -3.100897 -0.620387 0.165000
v -3.100897 -0.620387 0.225000
v -3.106169 -0.633115 0.165000
v -3.106169 -0.633115 0.225000
v -3.118897 -0.638387 0.165000
v -3.118897 -0.638387 0.225000
v -3.131625 -0.633115 0.165000
v -3.131625 -0.633115 0.225000
v -3.136897 -0.620387 0.165000
v -3.136897 -0.620387 0.225000
v -3.131625 -0.607659 0.165000
v -3.131625 -0.607659 0.225000
v -3.071644 -0.789045 0.120000
v -3.071644 -0.789045 0.165000
v -3.042199 -0.806045 0.120000
v -3.042199 -0.806045 0.165000
v -3.042199 -0.840045 0.120000
v -3.042199 -0.840045 0.165000
v -3.071644 -0.857045 0.120000
v -3.071644 -0.857045 0.165000
v -3.101089 -0.840045 0.120000
v -3.101089 -0.840045 0.165000
v -3.101089 -0.806045 0.120000
v -3.101089 -0.806045 0.165000
v -3.071644 -0.805045 0.165000
v -3.071644 -0.805045 0.225000
v -3.058916 -0.810317 0.165000
v -3.058916 -0.810317 0.225000
v -3.053644 -0.823045 0.165000
v -3.053644 -0.823045 0.225000
v -3.058916 -0.835772 0.165000
v -3.058916 -0.835772 0.225000
v -3.071644 -0.841045 0.165000
v -3.071644 -0.841045 0.225000
v -3.084372 -0.835772 0.165000
v -3.084372 -0.835772 0.225000
v -3.089644 -0.823045 0.165000
v -3.089644 -0.823045 0.225000
v -3.084372 -0.810317 0.165000
v -3.084372 -0.810317 0.225000
v -3.011238 -0.988177 0.120000
v -3.011238 -0.988177 0.165000
v -2.981793 -1.005177 0.120000
v -2.981793 -1.005177 0.165000
v -2.981793 -1.039177 0.120000
v -2.981793 -1.039177 0.165000
v -3.011238 -1.056177 0.120000
v -3.011238 -1.056177 0.165000
v -3.040683 -1.039177 0.120000
v -3.040683 -1.039177 0.165000
v -3.040683 -1.005177 0.120000
v -3.040683 -1.005177 0.165000
v -3.011238 -1.004177 0.165000
v -3.011238 -1.004177 0.225000
v -2.998510 -1.009449 0.165000
v -2.998510 -1.009449 0.225000
v -2.993238 -1.022177 0.165000
v -2.993238 -1.022177 0.225000
v -2.998510 -1.034905 0.165000
v -2.998510 -1.034905 0.225000
v -3.011238 -1.040177 0.165000
v -3.011238 -1.040177 0.225000
v -3.023966 -1.034905 0.165000
v -3.023966 -1.034905 0.225000
v -3.029238 -1.022177 0.165000
v -3.029238 -1.022177 0.225000
v -3.023966 -1.009449 0.165000
v -3.023966 -1.009449 0.225000
v -2.937937 -1.182933 0.120000
v -2.937937 -1.182933 0.165000
v -2.908492 -1.199933 0.120000
v -2.908492 -1.199933 0.165000
v -2.908492 -1.233933 0.120000
v -2.908492 -1.233933 0.165000
v -2.937937 -1.250933 0.120000
v -2.937937 -1.250933 0.165000
v -2.967382 -1.233933 0.120000
v -2.967382 -1.233933 0.165000
v -2.967382 -1.199933 0.120000
v -2.967382 -1.199933 0.165000
v -2.937937 -1.198933 0.165000
v -2.937937 -1.198933 0.225000
v -2.925209 -1.204205 0.165000
v -2.925209 -1.204205 0.225000
v -2.919937 -1.216933 0.165000
v -2.919937 -1.216933 0.225000
v -2.925209 -1.229661 0.165000
v -2.925209 -1.229661 0.225000
v -2.937937 -1.234933 0.165000
v -2.937937 -1.234933 0.225000
v -2.950665 -1.229661 0.165000
v -2.950665 -1.229661 0.225000
v -2.955937 -1.216933 0.165000
v -2.955937 -1.216933 0.225000
v -2.950665 -1.204205 0.165000
v -2.950665 -1.204205 0.225000
v -2.852055 -1.372478 0.120000
v -2.852055 -1.372478 0.165000
v -2.822610 -1.389478 0.120000
v -2.822610 -1.389478 0.165000
v -2.822610 -1.423478 0.120000
v -2.822610 -1.423478 0.165000
v -2.852055 -1.440478 0.120000
v -2.852055 -1.440478 0.165000
v -2.881500 -1.423478 0.120000
v -2.881500 -1.423478 0.165000
v -2.881500 -1.389478 0.120000
v -2.881500 -1.389478 0.165000
v -2.852055 -1.388478 0.165000
v -2.852055 -1.388478 0.225000
v -2.839327 -1.393750 0.165000
v -2.839327 -1.393750 0.225000
v -2.834055 -1.406478 0.165000
v -2.834055 -1.406478 0.225000
v -2.839327 -1.419206 0.165000
v -2.839327 -1.419206 0.225000
v -2.852055 -1.424478 0.165000
v -2.852055 -1.424478 0.225000
v -2.864783 -1.419206 0.165000
v -2.864783 -1.419206 0.225000
v -2.870055 -1.406478 0.165000
v -2.870055 -1.406478 0.225000
v -2.864783 -1.393750 0.165000
v -2.864783 -1.393750 0.225000
v -2.753961 -1.556000 0.120000
v -2.753961 -1.556000 0.165000
v -2.724516 -1.573000 0.120000
v -2.724516 -1.573000 0.165000
v -2.724516 -1.607000 0.120000
v -2.724516 -1.607000 0.165000
v -2.753961 -1.624000 0.120000
v -2.753961 -1.624000 0.165000
v -2.783406 -1.607000 0.120000
v -2.783406 -1.607000 0.165000
v -2.783406 -1.573000 0.120000
v -2.783406 -1.573000 0.165000
v -2.753961 -1.572000 0.165000
v -2.753961 -1.572000 0.225000
v -2.741233 -1.577272 0.165000
v -2.741233 -1.577272 0.225000
v -2.735961 -1.590000 0.165000
v -2.735961 -1.590000 0.225000
v -2.741233 -1.602728 0.165000
v -2.741233 -1.602728 0.225000
v -2.753961 -1.608000 0.165000
v -2.753961 -1.608000 0.225000
v -2.766689 -1.602728 0.165000
v -2.766689 -1.602728 0.225000
v -2.771961 -1.590000 0.165000
v -2.771961 -1.590000 0.225000
v -2.766689 -1.577272 0.165000
v -2.766689 -1.577272 0.225000
v -2.644073 -1.732713 0.120000
v -2.644073 -1.732713 0.165000
v -2.614629 -1.749713 0.120000
v -2.614629 -1.749713 0.165000
v -2.614629 -1.783713 0.120000
v -2.614629 -1.783713 0.165000
v -2.644073 -1.800713 0.120000
v -2.644073 -1.800713 0.165000
v -2.673518 -1.783713 0.120000
v -2.673518 -1.783713 0.165000
v -2.673518 -1.749713 0.120000
v -2.673518 -1.749713 0.165000
v -2.644073 -1.748713 0.165000
v -2.644073 -1.748713 0.225000
v -2.631346 -1.753985 0.165000
v -2.631346 -1.753985 0.225000
v -2.626074 -1.766713 0.165000
v -2.626074 -1.766713 0.225000
v -2.631346 -1.779441 0.165000
v -2.631346 -1.779441 0.225000
v -2.644073 -1.784713 0.165000
v -2.644073 -1.784713 0.225000
v -2.656801 -1.779441 0.165000
v -2.656801 -1.779441 0.225000
v -2.662073 -1.766713 0.165000
v -2.662073 -1.766713 0.225000
v -2.656801 -1.753985 0.165000
v -2.656801 -1.753985 0.225000
v -2.522864 -1.901861 0.120000
v -2.522864 -1.901861 0.165000
v -2.493419 -1.918861 0.120000
v -2.493419 -1.918861 0.165000
v -2.493419 -1.952861 0.120000
v -2.493419 -1.952861 0.165000
v -2.522864 -1.969861 0.120000
v -2.522864 -1.969861 0.165000
v -2.552309 -1.952861 0.120000
v -2.552309 -1.952861 0.165000
v -2.552309 -1.918861 0.120000
v -2.552309 -1.918861 0.165000
v -2.522864 -1.917861 0.165000
v -2.522864 -1.917861 0.225000
v -2.510136 -1.923133 0.165000
v -2.510136 -1.923133 0.225000
v -2.504864 -1.935861 0.165000
v -2.504864 -1.935861 0.225000
v -2.510136 -1.948589 0.165000
v -2.510136 -1.948589 0.225000
v -2.522864 -1.953861 0.165000
v -2.522864 -1.953861 0.225000
v -2.535592 -1.948589 0.165000
v -2.535592 -1.948589 0.225000
v -2.540864 -1.935861 0.165000
v -2.540864 -1.935861 0.225000
v -2.535592 -1.923133 0.165000
v -2.535592 -1.923133 0.225000
v -2.390851 -2.062720 0.120000
v -2.390851 -2.062720 0.165000
v -2.361406 -2.079720 0.120000
v -2.361406 -2.079720 0.165000
v -2.361406 -2.113720 0.120000
v -2.361406 -2.113720 0.165000
v -2.390851 -2.130720 0.120000
v -2.390851 -2.130720 0.165000
v -2.420295 -2.113720 0.120000
v -2.420295 -2.113720 0.165000
v -2.420295 -2.079720 0.120000
v -2.420295 -2.079720 0.165000
v -2.390851 -2.078720 0.165000
v -2.390851 -2.078720 0.225000
v -2.378123 -2.083992 0.165000
v -2.378123 -2.083992 0.225000
v -2.372851 -2.096720 0.165000
v -2.372851 -2.096720 0.225000
v -2.378123 -2.109448 0.165000
v -2.378123 -2.109448 0.225000
v -2.390851 -2.114720 0.165000
v -2.390851 -2.114720 0.225000
v -2.403579 -2.109448 0.165000
v -2.403579 -2.109448 0.225000
v -2.408850 -2.096720 0.165000
v -2.408850 -2.096720 0.225000
v -2.403579 -2.083992 0.165000
v -2.403579 -2.083992 0.225000
v -2.248600 -2.214600 0.120000
v -2.248600 -2.214600 0.165000
v -2.219155 -2.231600 0.120000
v -2.219155 -2.231600 0.165000
v -2.219155 -2.265599 0.120000
v -2.219155 -2.265599 0.165000
v -2.248600 -2.282599 0.120000
v -2.248600 -2.282599 0.165000
v -2.278044 -2.265599 0.120000
v -2.278044 -2.265599 0.165000
v -2.278044 -2.231600 0.120000
v -2.278044 -2.231600 0.165000
v -2.248600 -2.230600 0.165000
v -2.248600 -2.230600 0.225000
v -2.235872 -2.235872 0.165000
v -2.235872 -2.235872 0.225000
v -2.230600 -2.248600 0.165000
v -2.230600 -2.248600 0.225000
v -2.235872 -2.261328 0.165000
v -2.235872 -2.261328 0.225000
v -2.248600 -2.266599 0.165000
v -2.248600 -2.266599 0.225000
v -2.261328 -2.261328 0.165000
v -2.261328 -2.261328 0.225000
v -2.266599 -2.248600 0.165000
v -2.266599 -2.248600 0.225000
v -2.261328 -2.235872 0.165000
v -2.261328 -2.235872 0.225000
v -2.096720 -2.356851 0.120000
v -2.096720 -2.356851 0.165000
v -2.067275 -2.373851 0.120000
v -2.067275 -2.373851 0.165000
v -2.067275 -2.407851 0.120000
v -2.067275 -2.407851 0.165000
v -2.096720 -2.424850 0.120000
v -2.096720 -2.424850 0.165000
v -2.126165 -2.407851 0.120000
v -2.126165 -2.407851 0.165000
v -2.126165 -2.373851 0.120000
v -2.126165 -2.373851 0.165000
v -2.096720 -2.372851 0.165000
v -2.096720 -2.372851 0.225000
v -2.083992 -2.378123 0.165000
v -2.083992 -2.378123 0.225000
v -2.078720 -2.390851 0.165000
v -2.078720 -2.390851 0.225000
v -2.083992 -2.403579 0.165000
v -2.083992 -2.403579 0.225000
v -2.096720 -2.408850 0.165000
v -2.096720 -2.408850 0.225000
v -2.109448 -2.403579 0.165000
v -2.109448 -2.403579 0.225000
v -2.114720 -2.390851 0.165000
v -2.114720 -2.390851 0.225000
v -2.109448 -2.378123 0.165000
v -2.109448 -2.378123 0.225000
v -1.935861 -2.488864 0.120000
v -1.935861 -2.488864 0.165000
v -1.906417 -2.505864 0.120000
v -1.906417 -2.505864 0.165000
v -1.906417 -2.539864 0.120000
v -1.906417 -2.539864 0.165000
v -1.935861 -2.556864 0.120000
v -1.935861 -2.556864 0.165000
v -1.965306 -2.539864 0.120000
v -1.965306 -2.539864 0.165000
v -1.965306 -2.505864 0.120000
v -1.965306 -2.505864 0.165000
v -1.935861 -2.504864 0.165000
v -1.935861 -2.504864 0.225000
v -1.923133 -2.510136 0.165000
v -1.923133 -2.510136 0.225000
v -1.917861 -2.522864 0.165000
v -1.917861 -2.522864 0.225000
v -1.923133 -2.535592 0.165000
v -1.923133 -2.535592 0.225000
v -1.935861 -2.540864 0.165000
v -1.935861 -2.540864 0.225000
v -1.948589 -2.535592 0.165000
v -1.948589 -2.535592 0.225000
v -1.953861 -2.522864 0.165000
v -1.953861 -2.522864 0.225000
v -1.948589 -2.510136 0.165000
v -1.948589 -2.510136 0.225000
v -1.766713 -2.610074 0.120000
v -1.766713 -2.610074 0.165000
v -1.737269 -2.627074 0.120000
v -1.737269 -2.627074 0.165000
v -1.737269 -2.661073 0.120000
v -1.737269 -2.661073 0.165000
v -1.766713 -2.678073 0.120000
v -1.766713 -2.678073 0.165000
v -1.796158 -2.661073 0.120000
v -1.796158 -2.661073 0.165000
v -1.796158 -2.627074 0.120000
v -1.796158 -2.627074 0.165000
v -1.766713 -2.626074 0.165000
v -1.766713 -2.626074 0.225000
v -1.753985 -2.631346 0.165000
v -1.753985 -2.631346 0.225000
v -1.748713 -2.644073 0.165000
v -1.748713 -2.644073 0.225000
v -1.753985 -2.656801 0.165000
v -1.753985 -2.656801 0.225000
v -1.766713 -2.662073 0.165000
v -1.766713 -2.662073 0.225000
v -1.779441 -2.656801 0.165000
v -1.779441 -2.656801 0.225000
v -1.784713 -2.644073 0.165000
v -1.784713 -2.644073 0.225000
v -1.779441 -2.631346 0.165000
v -1.779441 -2.631346 0.225000
v -1.590000 -2.719961 0.120000
v -1.590000 -2.719961 0.165000
v -1.560555 -2.736961 0.120000
v -1.560555 -2.736961 0.165000
v -1.560555 -2.770961 0.120000
v -1.560555 -2.770961 0.165000
v -1.590000 -2.787961 0.120000
v -1.590000 -2.787961 0.165000
v -1.619445 -2.770961 0.120000
v -1.619445 -2.770961 0.165000
v -1.619445 -2.736961 0.120000
v -1.619445 -2.736961 0.165000
v -1.590000 -2.735961 0.165000
v -1.590000 -2.735961 0.225000
v -1.577272 -2.741233 0.165000
v -1.577272 -2.741233 0.225000
v -1.572000 -2.753961 0.165000
v -1.572000 -2.753961 0.225000
v -1.577272 -2.766689 0.165000
v -1.577272 -2.766689 0.225000
v -1.590000 -2.771961 0.165000
v -1.590000 -2.771961 0.225000
v -1.602728 -2.766689 0.165000
v -1.602728 -2.766689 0.225000
v -1.608000 -2.753961 0.165000
v -1.608000 -2.753961 0.225000
v -1.602728 -2.741233 0.165000
v -1.602728 -2.741233 0.225000
v -1.406478 -2.818055 0.120000
v -1.406478 -2.818055 0.165000
v -1.377033 -2.835055 0.120000
v -1.377033 -2.835055 0.165000
v -1.377033 -2.869055 0.120000
v -1.377033 -2.869055 0.165000
v -1.406478 -2.886055 0.120000
v -1.406478 -2.886055 0.165000
v -1.435923 -2.869055 0.120000
v -1.435923 -2.869055 0.165000
v -1.435923 -2.835055 0.120000
v -1.435923 -2.835055 0.165000
v -1.406478 -2.834055 0.165000
v -1.406478 -2.834055 0.225000
v -1.393750 -2.839327 0.165000
v -1.393750 -2.839327 0.225000
v -1.388478 -2.852055 0.165000
v -1.388478 -2.852055 0.225000
v -1.393750 -2.864783 0.165000
v -1.393750 -2.864783 0.225000
v -1.406478 -2.870055 0.165000
v -1.406478 -2.870055 0.225000
v -1.419206 -2.864783 0.165000
v -1.419206 -2.864783 0.225000
v -1.424478 -2.852055 0.165000
v -1.424478 -2.852055 0.225000
v -1.419206 -2.839327 0.165000
v -1.419206 -2.839327 0.225000
v -1.216933 -2.903937 0.120000
v -1.216933 -2.903937 0.165000
v -1.187489 -2.920937 0.120000
v -1.187489 -2.920937 0.165000
v -1.187489 -2.954937 0.120000
v -1.187489 -2.954937 0.165000
v -1.216933 -2.971937 0.120000
v -1.216933 -2.971937 0.165000
v -1.246378 -2.954937 0.120000
v -1.246378 -2.954937 0.165000
v -1.246378 -2.920937 0.120000
v -1.246378 -2.920937 0.165000
v -1.216933 -2.919937 0.165000
v -1.216933 -2.919937 0.225000
v -1.204205 -2.925209 0.165000
v -1.204205 -2.925209 0.225000
v -1.198933 -2.937937 0.165000
v -1.198933 -2.937937 0.225000
v -1.204205 -2.950665 0.165000
v -1.204205 -2.950665 0.225000
v -1.216933 -2.955937 0.165000
v -1.216933 -2.955937 0.225000
v -1.229661 -2.950665 0.165000
v -1.229661 -2.950665 0.225000
v -1.234933 -2.937937 0.165000
v -1.234933 -2.937937 0.225000
v -1.229661 -2.925209 0.165000
v -1.229661 -2.925209 0.225000
v -1.022177 -2.977238 0.120000
v -1.022177 -2.977238 0.165000
v -0.992733 -2.994238 0.120000
v -0.992733 -2.994238 0.165000
v -0.992733 -3.028238 0.120000
v -0.992733 -3.028238 0.165000
v -1.022177 -3.045238 0.120000
v -1.022177 -3.045238 0.165000
v -1.051622 -3.028238 0.120000
v -1.051622 -3.028238 0.165000
v -1.051622 -2.994238 0.120000
v -1.051622 -2.994238 0.165000
v -1.022177 -2.993238 0.165000
v -1.022177 -2.993238 0.225000
v -1.009449 -2.998510 0.165000
v -1.009449 -2.998510 0.225000
v -1.004177 -3.011238 0.165000
v -1.004177 -3.011238 0.225000
v -1.009449 -3.023966 0.165000
v -1.009449 -3.023966 0.225000
v -1.022177 -3.029238 0.165000
v -1.022177 -3.029238 0.225000
v -1.034905 -3.023966 0.165000
v -1.034905 -3.023966 0.225000
v -1.040177 -3.011238 0.165000
v -1.040177 -3.011238 0.225000
v -1.034905 -2.998510 0.165000
v -1.034905 -2.998510 0.225000
v -0.823045 -3.037644 0.120000
v -0.823045 -3.037644 0.165000
v -0.793600 -3.054644 0.120000
v -0.793600 -3.054644 0.165000
v -0.793600 -3.088644 0.120000
v -0.793600 -3.088644 0.165000
v -0.823045 -3.105644 0.120000
v -0.823045 -3.105644 0.165000
v -0.852489 -3.088644 0.120000
v -0.852489 -3.088644 0.165000
v -0.852489 -3.054644 0.120000
v -0.852489 -3.054644 0.165000
v -0.823045 -3.053644 0.165000
v -0.823045 -3.053644 0.225000
v -0.810317 -3.058916 0.165000
v -0.810317 -3.058916 0.225000
v -0.805045 -3.071644 0.165000
v -0.805045 -3.071644 0.225000
v -0.810317 -3.084372 0.165000
v -0.810317 -3.084372 0.225000
v -0.823045 -3.089644 0.165000
v -0.823045 -3.089644 0.225000
v -0.835772 -3.084372 0.165000
v -0.835772 -3.084372 0.225000
v -0.841045 -3.071644 0.165000
v -0.841045 -3.071644 0.225000
v -0.835772 -3.058916 0.165000
v -0.835772 -3.058916 0.225000
v -0.620387 -3.084897 0.120000
v -0.620387 -3.084897 0.165000
v -0.590942 -3.101897 0.120000
v -0.590942 -3.101897 0.165000
v -0.590942 -3.135897 0.120000
v -0.590942 -3.135897 0.165000
v -0.620387 -3.152897 0.120000
v -0.620387 -3.152897 0.165000
v -0.649832 -3.135897 0.120000
v -0.649832 -3.135897 0.165000
v -0.649832 -3.101897 0.120000
v -0.649832 -3.101897 0.165000
v -0.620387 -3.100897 0.165000
v -0.620387 -3.100897 0.225000
v -0.607659 -3.106169 0.165000
v -0.607659 -3.106169 0.225000
v -0.602387 -3.118897 0.165000
v -0.602387 -3.118897 0.225000
v -0.607659 -3.131625 0.165000
v -0.607659 -3.131625 0.225000
v -0.620387 -3.136897 0.165000
v -0.620387 -3.136897 0.225000
v -0.633115 -3.131625 0.165000
v -0.633115 -3.131625 0.225000
v -0.638387 -3.118897 0.165000
v -0.638387 -3.118897 0.225000
v -0.633115 -3.106169 0.165000
v -0.633115 -3.106169 0.225000
v -0.415073 -3.118795 0.120000
v -0.415073 -3.118795 0.165000
v -0.385628 -3.135795 0.120000
v -0.385628 -3.135795 0.165000
v -0.385628 -3.169795 0.120000
v -0.385628 -3.169795 0.165000
v -0.415073 -3.186795 0.120000
v -0.415073 -3.186795 0.165000
v -0.444518 -3.169795 0.120000
v -0.444518 -3.169795 0.165000
v -0.444518 -3.135795 0.120000
v -0.444518 -3.135795 0.165000
v -0.415073 -3.134795 0.165000
v -0.415073 -3.134795 0.225000
v -0.402345 -3.140067 0.165000
v -0.402345 -3.140067 0.225000
v -0.397073 -3.152795 0.165000
v -0.397073 -3.152795 0.225000
v -0.402345 -3.165523 0.165000
v -0.402345 -3.165523 0.225000
v -0.415073 -3.170794 0.165000
v -0.415073 -3.170794 0.225000
v -0.427801 -3.165523 0.165000
v -0.427801 -3.165523 0.225000
v -0.433073 -3.152795 0.165000
v -0.433073 -3.152795 0.225000
v -0.427801 -3.140067 0.165000
v -0.427801 -3.140067 0.225000
v -0.207982 -3.139191 0.120000
v -0.207982 -3.139191 0.165000
v -0.178537 -3.156191 0.120000
v -0.178537 -3.156191 0.165000
v -0.178537 -3.190191 0.120000
v -0.178537 -3.190191 0.165000
v -0.207982 -3.207191 0.120000
v -0.207982 -3.207191 0.165000
v -0.237427 -3.190191 0.120000
v -0.237427 -3.190191 0.165000
v -0.237427 -3.156191 0.120000
v -0.237427 -3.156191 0.165000
v -0.207982 -3.155191 0.165000
v -0.207982 -3.155191 0.225000
v -0.195254 -3.160463 0.165000
v -0.195254 -3.160463 0.225000
v -0.189982 -3.173191 0.165000
v -0.189982 -3.173191 0.225000
v -0.195254 -3.185919 0.165000
v -0.195254 -3.185919 0.225000
v -0.207982 -3.191191 0.165000
v -0.207982 -3.191191 0.225000
v -0.220710 -3.185919 0.165000
v -0.220710 -3.185919 0.225000
v -0.225982 -3.173191 0.165000
v -0.225982 -3.173191 0.225000
v -0.220710 -3.160463 0.165000
v -0.220710 -3.160463 0.225000
v -0.000000 -3.146000 0.120000
v -0.000000 -3.146000 0.165000
v 0.029445 -3.163000 0.120000
v 0.029445 -3.163000 0.165000
v 0.029445 -3.197000 0.120000
v 0.029445 -3.197000 0.165000
v -0.000000 -3.214000 0.120000
v -0.000000 -3.214000 0.165000
v -0.029445 -3.197000 0.120000
v -0.029445 -3.197000 0.165000
v -0.029445 -3.163000 0.120000
v -0.029445 -3.163000 0.165000
v -0.000000 -3.162000 0.165000
v -0.000000 -3.162000 0.225000
v 0.012728 -3.167272 0.165000
v 0.012728 -3.167272 0.225000
v 0.018000 -3.180000 0.165000
v 0.018000 -3.180000 0.225000
v 0.012728 -3.192728 0.165000
v 0.012728 -3.192728 0.225000
v -0.000000 -3.198000 0.165000
v -0.000000 -3.198000 0.225000
v -0.012728 -3.192728 0.165000
v -0.012728 -3.192728 0.225000
v -0.018000 -3.180000 0.165000
v -0.018000 -3.180000 0.225000
v -0.012728 -3.167272 0.165000
v -0.012728 -3.167272 0.225000
v 0.207982 -3.139191 0.120000
v 0.207982 -3.139191 0.165000
v 0.237427 -3.156191 0.120000
v 0.237427 -3.156191 0.165000
v 0.237427 -3.190191 0.120000
v 0.237427 -3.190191 0.165000
v 0.207982 -3.207191 0.120000
v 0.207982 -3.207191 0.165000
v 0.178537 -3.190191 0.120000
v 0.178537 -3.190191 0.165000
v 0.178537 -3.156191 0.120000
v 0.178537 -3.156191 0.165000
v 0.207982 -3.155191 0.165000
v 0.207982 -3.155191 0.225000
v 0.220710 -3.160463 0.165000
v 0.220710 -3.160463 0.225000
v 0.225982 -3.173191 0.165000
v 0.225982 -3.173191 0.225000
v 0.220710 -3.185919 0.165000
v 0.220710 -3.185919 0.225000
v 0.207982 -3.191191 0.165000
v 0.207982 -3.191191 0.225000
v 0.195254 -3.185919 0.165000
v 0.195254 -3.185919 0.225000
v 0.189982 -3.173191 0.165000
v 0.189982 -3.173191 0.225000
v 0.195254 -3.160463 0.165000
v 0.195254 -3.160463 0.225000
v 0.415073 -3.118795 0.120000
v 0.415073 -3.118795 0.165000
v 0.444518 -3.135795 0.120000
v 0.444518 -3.135795 0.165000
v 0.444518 -3.169795 0.120000
v 0.444518 -3.169795 0.165000
v 0.415073 -3.186795 0.120000
v 0.415073 -3.186795 0.165000
v 0.385628 -3.169795 0.120000
v 0.385628 -3.169795 0.165000
v 0.385628 -3.135795 0.120000
v 0.385628 -3.135795 0.165000
v 0.415073 -3.134795 0.165000
v 0.415073 -3.134795 0.225000
v 0.427801 -3.140067 0.165000
v 0.427801 -3.140067 0.225000
v 0.433073 -3.152795 0.165000
v 0.433073 -3.152795 0.225000
v 0.427801 -3.165523 0.165000
v 0.427801 -3.165523 0.225000
v 0.415073 -3.170794 0.165000
v 0.415073 -3.170794 0.225000
v 0.402345 -3.165523 0.165000
v 0.402345 -3.165523 0.225000
v 0.397073 -3.152795 0.165000
v 0.397073 -3.152795 0.225000
v 0.402345 -3.140067 0.165000
v 0.402345 -3.140067 0.225000
v 0.620387 -3.084897 0.120000
v 0.620387 -3.084897 0.165000
v 0.649832 -3.101897 0.120000
v 0.649832 -3.101897 0.165000
v 0.649832 -3.135897 0.120000
v 0.649832 -3.135897 0.165000
v 0.620387 -3.152897 0.120000
v 0.620387 -3.152897 0.165000
v 0.590942 -3.135897 0.120000
v 0.590942 -3.135897 0.165000
v 0.590942 -3.101897 0.120000
v 0.590942 -3.101897 0.165000
v 0.620387 -3.100897 0.165000
v 0.620387 -3.100897 0.225000
v 0.633115 -3.106169 0.165000
v 0.633115 -3.106169 0.225000
v 0.638387 -3.118897 0.165000
v 0.638387 -3.118897 0.225000
v 0.633115 -3.131625 0.165000
v 0.633115 -3.131625 0.225000
v 0.620387 -3.136897 0.165000
v 0.620387 -3.136897 0.225000
v 0.607659 -3.131625 0.165000
v 0.607659 -3.131625 0.225000
v 0.602387 -3.118897 0.165000
v 0.602387 -3.118897 0.225000
v 0.607659 -3.106169 0.165000
v 0.607659 -3.106169 0.225000
v 0.823045 -3.037644 0.120000
v 0.823045 -3.037644 0.165000
v 0.852489 -3.054644 0.120000
v 0.852489 -3.054644 0.165000
v 0.852489 -3.088644 0.120000
v 0.852489 -3.088644 0.165000
v 0.823045 -3.105644 0.120000
v 0.823045 -3.105644 0.165000
v 0.793600 -3.088644 0.120000
v 0.793600 -3.088644 0.165000
v 0.793600 -3.054644 0.120000
v 0.793600 -3.054644 0.165000
v 0.823045 -3.053644 0.165000
v 0.823045 -3.053644 0.225000
v 0.835772 -3.058916 0.165000
v 0.835772 -3.058916 0.225000
v 0.841045 -3.071644 0.165000
v 0.841045 -3.071644 0.225000
v 0.835772 -3.084372 0.165000
v 0.835772 -3.084372 0.225000
v 0.823045 -3.089644 0.165000
v 0.823045 -3.089644 0.225000
v 0.810317 -3.084372 0.165000
v 0.810317 -3.084372 0.225000
v 0.805045 -3.071644 0.165000
v 0.805045 -3.071644 0.225000
v 0.810317 -3.058916 0.165000
v 0.810317 -3.058916 0.225000
v 1.022177 -2.977238 0.120000
v 1.022177 -2.977238 0.165000
v 1.051622 -2.994238 0.120000
v 1.051622 -2.994238 0.165000
v 1.051622 -3.028238 0.120000
v 1.051622 -3.028238 0.165000
v 1.022177 -3.045238 0.120000
v 1.022177 -3.045238 0.165000
v 0.992733 -3.028238 0.120000
v 0.992733 -3.028238 0.165000
v 0.992733 -2.994238 0.120000
v 0.992733 -2.994238 0.165000
v 1.022177 -2.993238 0.165000
v 1.022177 -2.993238 0.225000
v 1.034905 -2.998510 0.165000
v 1.034905 -2.998510 0.225000
v 1.040177 -3.011238 0.165000
v 1.040177 -3.011238 0.225000
v 1.034905 -3.023966 0.165000
v 1.034905 -3.023966 0.225000
v 1.022177 -3.029238 0.165000
v 1.022177 -3.029238 0.225000
v 1.009449 -3.023966 0.165000
v 1.009449 -3.023966 0.225000
v 1.004177 -3.011238 0.165000
v 1.004177 -3.011238 0.225000
v 1.009449 -2.998510 0.165000
v 1.009449 -2.998510 0.225000
v 1.216933 -2.903937 0.120000
v 1.216933 -2.903937 0.165000
v 1.246378 -2.920937 0.120000
v 1.246378 -2.920937 0.165000
v 1.246378 -2.954937 0.120000
v 1.246378 -2.954937 0.165000
v 1.216933 -2.971937 0.120000
v 1.216933 -2.971937 0.165000
v 1.187489 -2.954937 0.120000
v 1.187489 -2.954937 0.165000
v 1.187489 -2.920937 0.120000
v 1.187489 -2.920937 0.165000
v 1.216933 -2.919937 0.165000
v 1.216933 -2.919937 0.225000
v 1.229661 -2.925209 0.165000
v 1.229661 -2.925209 0.225000
v 1.234933 -2.937937 0.165000
v 1.234933 -2.937937 0.225000
v 1.229661 -2.950665 0.165000
v 1.229661 -2.950665 0.225000
v 1.216933 -2.955937 0.165000
v 1.216933 -2.955937 0.225000
v 1.204205 -2.950665 0.165000
v 1.204205 -2.950665 0.225000
v 1.198933 -2.937937 0.165000
v 1.198933 -2.937937 0.225000
v 1.204205 -2.925209 0.165000
v 1.204205 -2.925209 0.225000
v 1.406478 -2.818055 0.120000
v 1.406478 -2.818055 0.165000
v 1.435923 -2.835055 0.120000
v 1.435923 -2.835055 0.165000
v 1.435923 -2.869055 0.120000
v 1.435923 -2.869055 0.165000
v 1.406478 -2.886055 0.120000
v 1.406478 -2.886055 0.165000
v 1.377033 -2.869055 0.120000
v 1.377033 -2.869055 0.165000
v 1.377033 -2.835055 0.120000
v 1.377033 -2.835055 0.165000
v 1.406478 -2.834055 0.165000
v 1.406478 -2.834055 0.225000
v 1.419206 -2.839327 0.165000
v 1.419206 -2.839327 0.225000
v 1.424478 -2.852055 0.165000
v 1.424478 -2.852055 0.225000
v 1.419206 -2.864783 0.165000
v 1.419206 -2.864783 0.225000
v 1.406478 -2.870055 0.165000
v 1.406478 -2.870055 0.225000
v 1.393750 -2.864783 0.165000
v 1.393750 -2.864783 0.225000
v 1.388478 -2.852055 0.165000
v 1.388478 -2.852055 0.225000
v 1.393750 -2.839327 0.165000
v 1.393750 -2.839327 0.225000
v 1.590000 -2.719961 0.120000
v 1.590000 -2.719961 0.165000
v 1.619445 -2.736961 0.120000
v 1.619445 -2.736961 0.165000
v 1.619445 -2.770961 0.120000
v 1.619445 -2.770961 0.165000
v 1.590000 -2.787961 0.120000
v 1.590000 -2.787961 0.165000
v 1.560555 -2.770961 0.120000
v 1.560555 -2.770961 0.165000
v 1.560555 -2.736961 0.120000
v 1.560555 -2.736961 0.165000
v 1.590000 -2.735961 0.165000
v 1.590000 -2.735961 0.225000
v 1.602728 -2.741233 0.165000
v 1.602728 -2.741233 0.225000
v 1.608000 -2.753961 0.165000
v 1.608000 -2.753961 0.225000
v 1.602728 -2.766689 0.165000
v 1.602728 -2.766689 0.225000
v 1.590000 -2.771961 0.165000
v 1.590000 -2.771961 0.225000
v 1.577272 -2.766689 0.165000
v 1.577272 -2.766689 0.225000
v 1.572000 -2.753961 0.165000
v 1.572000 -2.753961 0.225000
v 1.577272 -2.741233 0.165000
v 1.577272 -2.741233 0.225000
v 1.766713 -2.610074 0.120000
v 1.766713 -2.610074 0.165000
v 1.796158 -2.627074 0.120000
v 1.796158 -2.627074 0.165000
v 1.796158 -2.661073 0.120000
v 1.796158 -2.661073 0.165000
v 1.766713 -2.678073 0.120000
v 1.766713 -2.678073 0.165000
v 1.737269 -2.661073 0.120000
v 1.737269 -2.661073 0.165000
v 1.737269 -2.627074 0.120000
v 1.737269 -2.627074 0.165000
v 1.766713 -2.626074 0.165000
v 1.766713 -2.626074 0.225000
v 1.779441 -2.631346 0.165000
v 1.779441 -2.631346 0.225000
v 1.784713 -2.644073 0.165000
v 1.784713 -2.644073 0.225000
v 1.779441 -2.656801 0.165000
v 1.779441 -2.656801 0.225000
v 1.766713 -2.662073 0.165000
v 1.766713 -2.662073 0.225000
v 1.753985 -2.656801 0.165000
v 1.753985 -2.656801 0.225000
v 1.748713 -2.644073 0.165000
v 1.748713 -2.644073 0.225000
v 1.753985 -2.631346 0.165000
v 1.753985 -2.631346 0.225000
v 1.935861 -2.488864 0.120000
v 1.935861 -2.488864 0.165000
v 1.965306 -2.505864 0.120000
v 1.965306 -2.505864 0.165000
v 1.965306 -2.539864 0.120000
v 1.965306 -2.539864 0.165000
v 1.935861 -2.556864 0.120000
v 1.935861 -2.556864 0.165000
v 1.906417 -2.539864 0.120000
v 1.906417 -2.539864 0.165000
v 1.906417 -2.505864 0.120000
v 1.906417 -2.505864 0.165000
v 1.935861 -2.504864 0.165000
v 1.935861 -2.504864 0.225000
v 1.948589 -2.510136 0.165000
v 1.948589 -2.510136 0.225000
v 1.953861 -2.522864 0.165000
v 1.953861 -2.522864 0.225000
v 1.948589 -2.535592 0.165000
v 1.948589 -2.535592 0.225000
v 1.935861 -2.540864 0.165000
v 1.935861 -2.540864 0.225000
v 1.923133 -2.535592 0.165000
v 1.923133 -2.535592 0.225000
v 1.917861 -2.522864 0.165000
v 1.917861 -2.522864 0.225000
v 1.923133 -2.510136 0.165000
v 1.923133 -2.510136 0.225000
v 2.096720 -2.356851 0.120000
v 2.096720 -2.356851 0.165000
v 2.126165 -2.373851 0.120000
v 2.126165 -2.373851 0.165000
v 2.126165 -2.407851 0.120000
v 2.126165 -2.407851 0.165000
v 2.096720 -2.424850 0.120000
v 2.096720 -2.424850 0.165000
v 2.067275 -2.407851 0.120000
v 2.067275 -2.407851 0.165000
v 2.067275 -2.373851 0.120000
v 2.067275 -2.373851 0.165000
v 2.096720 -2.372851 0.165000
v 2.096720 -2.372851 0.225000
v 2.109448 -2.378123 0.165000
v 2.109448 -2.378123 0.225000
v 2.114720 -2.390851 0.165000
v 2.114720 -2.390851 0.225000
v 2.109448 -2.403579 0.165000
v 2.109448 -2.403579 0.225000
v 2.096720 -2.408850 0.165000
v 2.096720 -2.408850 0.225000
v 2.083992 -2.403579 0.165000
v 2.083992 -2.403579 0.225000
v 2.078720 -2.390851 0.165000
v 2.078720 -2.390851 0.225000
v 2.083992 -2.378123 0.165000
v 2.083992 -2.378123 0.225000
v 2.248600 -2.214600 0.120000
v 2.248600 -2.214600 0.165000
v 2.278044 -2.231600 0.120000
v 2.278044 -2.231600 0.165000
v 2.278044 -2.265599 0.120000
v 2.278044 -2.265599 0.165000
v 2.248600 -2.282599 0.120000
v 2.248600 -2.282599 0.165000
v 2.219155 -2.265599 0.120000
v 2.219155 -2.265599 0.165000
v 2.219155 -2.231600 0.120000
v 2.219155 -2.231600 0.165000
v 2.248600 -2.230600 0.165000
v 2.248600 -2.230600 0.225000
v 2.261328 -2.235872 0.165000
v 2.261328 -2.235872 0.225000
v 2.266599 -2.248600 0.165000
v 2.266599 -2.248600 0.225000
v 2.261328 -2.261328 0.165000
v 2.261328 -2.261328 0.225000
v 2.248600 -2.266599 0.165000
v 2.248600 -2.266599 0.225000
v 2.235872 -2.261328 0.165000
v 2.235872 -2.261328 0.225000
v 2.230600 -2.248600 0.165000
v 2.230600 -2.248600 0.225000
v 2.235872 -2.235872 0.165000
v 2.235872 -2.235872 0.225000
v 2.390851 -2.062720 0.120000
v 2.390851 -2.062720 0.165000
v 2.420295 -2.079720 0.120000
v 2.420295 -2.079720 0.165000
v 2.420295 -2.113720 0.120000
v 2.420295 -2.113720 0.165000
v 2.390851 -2.130720 0.120000
v 2.390851 -2.130720 0.165000
v 2.361406 -2.113720 0.120000
v 2.361406 -2.113720 0.165000
v 2.361406 -2.079720 0.120000
v 2.361406 -2.079720 0.165000
v 2.390851 -2.078720 0.165000
v 2.390851 -2.078720 0.225000
v 2.403579 -2.083992 0.165000
v 2.403579 -2.083992 0.225000
v 2.408850 -2.096720 0.165000
v 2.408850 -2.096720 0.225000
v 2.403579 -2.109448 0.165000
v 2.403579 -2.109448 0.225000
v 2.390851 -2.114720 0.165000
v 2.390851 -2.114720 0.225000
v 2.378123 -2.109448 0.165000
v 2.378123 -2.109448 0.225000
v 2.372851 -2.096720 0.165000
v 2.372851 -2.096720 0.225000
v 2.378123 -2.083992 0.165000
v 2.378123 -2.083992 0.225000
v 2.522864 -1.901861 0.120000
v 2.522864 -1.901861 0.165000
v 2.552309 -1.918861 0.120000
v 2.552309 -1.918861 0.165000
v 2.552309 -1.952861 0.120000
v 2.552309 -1.952861 0.165000
v 2.522864 -1.969861 0.120000
v 2.522864 -1.969861 0.165000
v 2.493419 -1.952861 0.120000
v 2.493419 -1.952861 0.165000
v 2.493419 -1.918861 0.120000
v 2.493419 -1.918861 0.165000
v 2.522864 -1.917861 0.165000
v 2.522864 -1.917861 0.225000
v 2.535592 -1.923133 0.165000
v 2.535592 -1.923133 0.225000
v 2.540864 -1.935861 0.165000
v 2.540864 -1.935861 0.225000
v 2.535592 -1.948589 0.165000
v 2.535592 -1.948589 0.225000
v 2.522864 -1.953861 0.165000
v 2.522864 -1.953861 0.225000
v 2.510136 -1.948589 0.165000
v 2.510136 -1.948589 0.225000
v 2.504864 -1.935861 0.165000
v 2.504864 -1.935861 0.225000
v 2.510136 -1.923133 0.165000
v 2.510136 -1.923133 0.225000
v 2.644073 -1.732713 0.120000
v 2.644073 -1.732713 0.165000
v 2.673518 -1.749713 0.120000
v 2.673518 -1.749713 0.165000
v 2.673518 -1.783713 0.120000
v 2.673518 -1.783713 0.165000
v 2.644073 -1.800713 0.120000
v 2.644073 -1.800713 0.165000
v 2.614629 -1.783713 0.120000
v 2.614629 -1.783713 0.165000
v 2.614629 -1.749713 0.120000
v 2.614629 -1.749713 0.165000
v 2.644073 -1.748713 0.165000
v 2.644073 -1.748713 0.225000
v 2.656801 -1.753985 0.165000
v 2.656801 -1.753985 0.225000
v 2.662073 -1.766713 0.165000
v 2.662073 -1.766713 0.225000
v 2.656801 -1.779441 0.165000
v 2.656801 -1.779441 0.225000
v 2.644073 -1.784713 0.165000
v 2.644073 -1.784713 0.225000
v 2.631346 -1.779441 0.165000
v 2.631346 -1.779441 0.225000
v 2.626074 -1.766713 0.165000
v 2.626074 -1.766713 0.225000
v 2.631346 -1.753985 0.165000
v 2.631346 -1.753985 0.225000
v 2.753961 -1.556000 0.120000
v 2.753961 -1.556000 0.165000
v 2.783406 -1.573000 0.120000
v 2.783406 -1.573000 0.165000
v 2.783406 -1.607000 0.120000
v 2.783406 -1.607000 0.165000
v 2.753961 -1.624000 0.120000
v 2.753961 -1.624000 0.165000
v 2.724516 -1.607000 0.120000
v 2.724516 -1.607000 0.165000
v 2.724516 -1.573000 0.120000
v 2.724516 -1.573000 0.165000
v 2.753961 -1.572000 0.165000
v 2.753961 -1.572000 0.225000
v 2.766689 -1.577272 0.165000
v 2.766689 -1.577272 0.225000
v 2.771961 -1.590000 0.165000
v 2.771961 -1.590000 0.225000
v 2.766689 -1.602728 0.165000
v 2.766689 -1.602728 0.225000
v 2.753961 -1.608000 0.165000
v 2.753961 -1.608000 0.225000
v 2.741233 -1.602728 0.165000
v 2.741233 -1.602728 0.225000
v 2.735961 -1.590000 0.165000
v 2.735961 -1.590000 0.225000
v 2.741233 -1.577272 0.165000
v 2.741233 -1.577272 0.225000
v 2.852055 -1.372478 0.120000
v 2.852055 -1.372478 0.165000
v 2.881500 -1.389478 0.120000
v 2.881500 -1.389478 0.165000
v 2.881500 -1.423478 0.120000
v 2.881500 -1.423478 0.165000
v 2.852055 -1.440478 0.120000
v 2.852055 -1.440478 0.165000
v 2.822610 -1.423478 0.120000
v 2.822610 -1.423478 0.165000
v 2.822610 -1.389478 0.120000
v 2.822610 -1.389478 0.165000
v 2.852055 -1.388478 0.165000
v 2.852055 -1.388478 0.225000
v 2.864783 -1.393750 0.165000
v 2.864783 -1.393750 0.225000
v 2.870055 -1.406478 0.165000
v 2.870055 -1.406478 0.225000
v 2.864783 -1.419206 0.165000
v 2.864783 -1.419206 0.225000
v 2.852055 -1.424478 0.165000
v 2.852055 -1.424478 0.225000
v 2.839327 -1.419206 0.165000
v 2.839327 -1.419206 0.225000
v 2.834055 -1.406478 0.165000
v 2.834055 -1.406478 0.225000
v 2.839327 -1.393750 0.165000
v 2.839327 -1.393750 0.225000
v 2.937937 -1.182933 0.120000
v 2.937937 -1.182933 0.165000
v 2.967382 -1.199933 0.120000
v 2.967382 -1.199933 0.165000
v 2.967382 -1.233933 0.120000
v 2.967382 -1.233933 0.165000
v 2.937937 -1.250933 0.120000
v 2.937937 -1.250933 0.165000
v 2.908492 -1.233933 0.120000
v 2.908492 -1.233933 0.165000
v 2.908492 -1.199933 0.120000
v 2.908492 -1.199933 0.165000
v 2.937937 -1.198933 0.165000
v 2.937937 -1.198933 0.225000
v 2.950665 -1.204205 0.165000
v 2.950665 -1.204205 0.225000
v 2.955937 -1.216933 0.165000
v 2.955937 -1.216933 0.225000
v 2.950665 -1.229661 0.165000
v 2.950665 -1.229661 0.225000
v 2.937937 -1.234933 0.165000
v 2.937937 -1.234933 0.225000
v 2.925209 -1.229661 0.165000
v 2.925209 -1.229661 0.225000
v 2.919937 -1.216933 0.165000
v 2.919937 -1.216933 0.225000
v 2.925209 -1.204205 0.165000
v 2.925209 -1.204205 0.225000
v 3.011238 -0.988177 0.120000
v 3.011238 -0.988177 0.165000
v 3.040683 -1.005177 0.120000
v 3.040683 -1.005177 0.165000
v 3.040683 -1.039177 0.120000
v 3.040683 -1.039177 0.165000
v 3.011238 -1.056177 0.120000
v 3.011238 -1.056177 0.165000
v 2.981793 -1.039177 0.120000
v 2.981793 -1.039177 0.165000
v 2.981793 -1.005177 0.120000
v 2.981793 -1.005177 0.165000
v 3.011238 -1.004177 0.165000
v 3.011238 -1.004177 0.225000
v 3.023966 -1.009449 0.165000
v 3.023966 -1.009449 0.225000
v 3.029238 -1.022177 0.165000
v 3.029238 -1.022177 0.225000
v 3.023966 -1.034905 0.165000
v 3.023966 -1.034905 0.225000
v 3.011238 -1.040177 0.165000
v 3.011238 -1.040177 0.225000
v 2.998510 -1.034905 0.165000
v 2.998510 -1.034905 0.225000
v 2.993238 -1.022177 0.165000
v 2.993238 -1.022177 0.225000
v 2.998510 -1.009449 0.165000
v 2.998510 -1.009449 0.225000
v 3.071644 -0.789045 0.120000
v 3.071644 -0.789045 0.165000
v 3.101089 -0.806045 0.120000
v 3.101089 -0.806045 0.165000
v 3.101089 -0.840045 0.120000
v 3.101089 -0.840045 0.165000
v 3.071644 -0.857045 0.120000
v 3.071644 -0.857045 0.165000
v 3.042199 -0.840045 0.120000
v 3.042199 -0.840045 0.165000
v 3.042199 -0.806045 0.120000
v 3.042199 -0.806045 0.165000
v 3.071644 -0.805045 0.165000
v 3.071644 -0.805045 0.225000
v 3.084372 -0.810317 0.165000
v 3.084372 -0.810317 0.225000
v 3.089644 -0.823045 0.165000
v 3.089644 -0.823045 0.225000
v 3.084372 -0.835772 0.165000
v 3.084372 -0.835772 0.225000
v 3.071644 -0.841045 0.165000
v 3.071644 -0.841045 0.225000
v 3.058916 -0.835772 0.165000
v 3.058916 -0.835772 0.225000
v 3.053644 -0.823045 0.165000
v 3.053644 -0.823045 0.225000
v 3.058916 -0.810317 0.165000
v 3.058916 -0.810317 0.225000
v 3.118897 -0.586387 0.120000
v 3.118897 -0.586387 0.165000
v 3.148342 -0.603387 0.120000
v 3.148342 -0.603387 0.165000
v 3.148342 -0.637387 0.120000
v 3.148342 -0.637387 0.165000
v 3.118897 -0.654387 0.120000
v 3.118897 -0.654387 0.165000
v 3.089452 -0.637387 0.120000
v 3.089452 -0.637387 0.165000
v 3.089452 -0.603387 0.120000
v 3.089452 -0.603387 0.165000
v 3.118897 -0.602387 0.165000
v 3.118897 -0.602387 0.225000
v 3.131625 -0.607659 0.165000
v 3.131625 -0.607659 0.225000
v 3.136897 -0.620387 0.165000
v 3.136897 -0.620387 0.225000
v 3.131625 -0.633115 0.165000
v 3.131625 -0.633115 0.225000
v 3.118897 -0.638387 0.165000
v 3.118897 -0.638387 0.225000
v 3.106169 -0.633115 0.165000
v 3.106169 -0.633115 0.225000
v 3.100897 -0.620387 0.165000
v 3.100897 -0.620387 0.225000
v 3.106169 -0.607659 0.165000
v 3.106169 -0.607659 0.225000
v 3.152795 -0.381073 0.120000
v 3.152795 -0.381073 0.165000
v 3.182240 -0.398073 0.120000
v 3.182240 -0.398073 0.165000
v 3.182240 -0.432073 0.120000
v 3.182240 -0.432073 0.165000
v 3.152795 -0.449073 0.120000
v 3.152795 -0.449073 0.165000
v 3.123350 -0.432073 0.120000
v 3.123350 -0.432073 0.165000
v 3.123350 -0.398073 0.120000
v 3.123350 -0.398073 0.165000
v 3.152795 -0.397073 0.165000
v 3.152795 -0.397073 0.225000
v 3.165523 -0.402345 0.165000
v 3.165523 -0.402345 0.225000
v 3.170794 -0.415073 0.165000
v 3.170794 -0.415073 0.225000
v 3.165523 -0.427801 0.165000
v 3.165523 -0.427801 0.225000
v 3.152795 -0.433073 0.165000
v 3.152795 -0.433073 0.225000
v 3.140067 -0.427801 0.165000
v 3.140067 -0.427801 0.225000
v 3.134795 -0.415073 0.165000
v 3.134795 -0.415073 0.225000
v 3.140067 -0.402345 0.165000
v 3.140067 -0.402345 0.225000
v 3.173191 -0.173982 0.120000
v 3.173191 -0.173982 0.165000
v 3.202636 -0.190982 0.120000
v 3.202636 -0.190982 0.165000
v 3.202636 -0.224982 0.120000
v 3.202636 -0.224982 0.165000
v 3.173191 -0.241982 0.120000
v 3.173191 -0.241982 0.165000
v 3.143746 -0.224982 0.120000
v 3.143746 -0.224982 0.165000
v 3.143746 -0.190982 0.120000
v 3.143746 -0.190982 0.165000
v 3.173191 -0.189982 0.165000
v 3.173191 -0.189982 0.225000
v 3.185919 -0.195254 0.165000
v 3.185919 -0.195254 0.225000
v 3.191191 -0.207982 0.165000
v 3.191191 -0.207982 0.225000
v 3.185919 -0.220710 0.165000
v 3.185919 -0.220710 0.225000
v 3.173191 -0.225982 0.165000
v 3.173191 -0.225982 0.225000
v 3.160463 -0.220710 0.165000
v 3.160463 -0.220710 0.225000
v 3.155191 -0.207982 0.165000
v 3.155191 -0.207982 0.225000
v 3.160463 -0.195254 0.165000
v 3.160463 -0.195254 0.225000
v 2.694530 0.000000 21.469999
v 2.688761 0.176231 21.469999
v 2.671478 0.351707 21.469999
v 2.642755 0.525677 21.469999
v 2.602716 0.697396 21.469999
v 2.551532 0.866128 21.469999
v 2.489421 1.031152 21.469999
v 2.416651 1.191760 21.469999
v 2.333531 1.347265 21.469999
v 2.240420 1.497001 21.469999
v 2.137714 1.640326 21.469999
v 2.025855 1.776627 21.469999
v 1.905320 1.905320 21.469999
v 1.776627 2.025855 21.469999
v 1.640326 2.137714 21.469999
v 1.497001 2.240420 21.469999
v 1.347265 2.333531 21.469999
v 1.191760 2.416651 21.469999
v 1.031152 2.489421 21.469999
v 0.866128 2.551532 21.469999
v 0.697396 2.602716 21.469999
v 0.525677 2.642755 21.469999
v 0.351707 2.671478 21.469999
v 0.176231 2.688761 21.469999
v 0.000000 2.694530 21.469999
v -0.176231 2.688761 21.469999
v -0.351707 2.671478 21.469999
v -0.525677 2.642755 21.469999
v -0.697396 2.602716 21.469999
v -0.866128 2.551532 21.469999
v -1.031152 2.489421 21.469999
v -1.191760 2.416651 21.469999
v -1.347265 2.333531 21.469999
v -1.497001 2.240420 21.469999
v -1.640326 2.137714 21.469999
v -1.776627 2.025855 21.469999
v -1.905320 1.905320 21.469999
v -2.025855 1.776627 21.469999
v -2.137714 1.640326 21.469999
v -2.240420 1.497001 21.469999
v -2.333531 1.347265 21.469999
v -2.416651 1.191760 21.469999
v -2.489421 1.031152 21.469999
v -2.551532 0.866128 21.469999
v -2.602716 0.697396 21.469999
v -2.642755 0.525677 21.469999
v -2.671478 0.351707 21.469999
v -2.688761 0.176231 21.469999
v -2.694530 0.000000 21.469999
v -2.688761 -0.176231 21.469999
v -2.671478 -0.351707 21.469999
v -2.642755 -0.525677 21.469999
v -2.602716 -0.697396 21.469999
v -2.551532 -0.866128 21.469999
v -2.489421 -1.031152 21.469999
v -2.416651 -1.191760 21.469999
v -2.333531 -1.347265 21.469999
v -2.240420 -1.497001 21.469999
v -2.137714 -1.640326 21.469999
v -2.025855 -1.776627 21.469999
v -1.905320 -1.905320 21.469999
v -1.776627 -2.025855 21.469999
v -1.640326 -2.137714 21.469999
v -1.497001 -2.240420 21.469999
v -1.347265 -2.333531 21.469999
v -1.191760 -2.416651 21.469999
v -1.031152 -2.489421 21.469999
v -0.866128 -2.551532 21.469999
v -0.697396 -2.602716 21.469999
v -0.525677 -2.642755 21.469999
v -0.351707 -2.671478 21.469999
v -0.176231 -2.688761 21.469999
v -0.000000 -2.694530 21.469999
v 0.176231 -2.688761 21.469999
v 0.351707 -2.671478 21.469999
v 0.525677 -2.642755 21.469999
v 0.697396 -2.602716 21.469999
v 0.866128 -2.551532 21.469999
v 1.031152 -2.489421 21.469999
v 1.191760 -2.416651 21.469999
v 1.347265 -2.333531 21.469999
v 1.497001 -2.240420 21.469999
v 1.640326 -2.137714 21.469999
v 1.776627 -2.025855 21.469999
v 1.905320 -1.905320 21.469999
v 2.025855 -1.776627 21.469999
v 2.137714 -1.640326 21.469999
v 2.240420 -1.497001 21.469999
v 2.333531 -1.347265 21.469999
v 2.416651 -1.191760 21.469999
v 2.489421 -1.031152 21.469999
v 2.551532 -0.866128 21.469999
v 2.602716 -0.697396 21.469999
v 2.642755 -0.525677 21.469999
v 2.671478 -0.351707 21.469999
v 2.688761 -0.176231 21.469999
v 2.915530 0.000000 21.469999
v 2.909288 0.190685 21.469999
v 2.890587 0.380553 21.469999
v 2.859509 0.568792 21.469999
v 2.816186 0.754595 21.469999
v 2.760803 0.937166 21.469999
v 2.693599 1.115725 21.469999
v 2.614859 1.289506 21.469999
v 2.524923 1.457765 21.469999
v 2.424175 1.619782 21.469999
v 2.313046 1.774862 21.469999
v 2.192012 1.922343 21.469999
v 2.061591 2.061591 21.469999
v 1.922343 2.192012 21.469999
v 1.774862 2.313046 21.469999
v 1.619782 2.424175 21.469999
v 1.457765 2.524923 21.469999
v 1.289506 2.614859 21.469999
v 1.115725 2.693599 21.469999
v 0.937166 2.760803 21.469999
v 0.754595 2.816186 21.469999
v 0.568792 2.859509 21.469999
v 0.380553 2.890587 21.469999
v 0.190685 2.909288 21.469999
v 0.000000 2.915530 21.469999
v -0.190685 2.909288 21.469999
v -0.380553 2.890587 21.469999
v -0.568792 2.859509 21.469999
v -0.754595 2.816186 21.469999
v -0.937166 2.760803 21.469999
v -1.115725 2.693599 21.469999
v -1.289506 2.614859 21.469999
v -1.457765 2.524923 21.469999
v -1.619782 2.424175 21.469999
v -1.774862 2.313046 21.469999
v -1.922343 2.192012 21.469999
v -2.061591 2.061591 21.469999
v -2.192012 1.922343 21.469999
v -2.313046 1.774862 21.469999
v -2.424175 1.619782 21.469999
v -2.524923 1.457765 21.469999
v -2.614859 1.289506 21.469999
v -2.693599 1.115725 21.469999
v -2.760803 0.937166 21.469999
v -2.816186 0.754595 21.469999
v -2.859509 0.568792 21.469999
v -2.890587 0.380553 21.469999
v -2.909288 0.190685 21.469999
v -2.915530 0.000000 21.469999
v -2.909288 -0.190685 21.469999
v -2.890587 -0.380553 21.469999
v -2.859509 -0.568792 21.469999
v -2.816186 -0.754595 21.469999
v -2.760803 -0.937166 21.469999
v -2.693599 -1.115725 21.469999
v -2.614859 -1.289506 21.469999
v -2.524923 -1.457765 21.469999
v -2.424175 -1.619782 21.469999
v -2.313046 -1.774862 21.469999
v -2.192012 -1.922343 21.469999
v -2.061591 -2.061591 21.469999
v -1.922343 -2.192012 21.469999
v -1.774862 -2.313046 21.469999
v -1.619782 -2.424175 21.469999
v -1.457765 -2.524923 21.469999
v -1.289506 -2.614859 21.469999
v -1.115725 -2.693599 21.469999
v -0.937166 -2.760803 21.469999
v -0.754595 -2.816186 21.469999
v -0.568792 -2.859509 21.469999
v -0.380553 -2.890587 21.469999
v -0.190685 -2.909288 21.469999
v -0.000000 -2.915530 21.469999
v 0.190685 -2.909288 21.469999
v 0.380553 -2.890587 21.469999
v 0.568792 -2.859509 21.469999
v 0.754595 -2.816186 21.469999
v 0.937166 -2.760803 21.469999
v 1.115725 -2.693599 21.469999
v 1.289506 -2.614859 21.469999
v 1.457765 -2.524923 21.469999
v 1.619782 -2.424175 21.469999
v 1.774862 -2.313046 21.469999
v 1.922343 -2.192012 21.469999
v 2.061591 -2.061591 21.469999
v 2.192012 -1.922343 21.469999
v 2.313046 -1.774862 21.469999
v 2.424175 -1.619782 21.469999
v 2.524923 -1.457765 21.469999
v 2.614859 -1.289506 21.469999
v 2.693599 -1.115725 21.469999
v 2.760803 -0.937166 21.469999
v 2.816186 -0.754595 21.469999
v 2.859509 -0.568792 21.469999
v 2.890587 -0.380553 21.469999
v 2.909288 -0.190685 21.469999
v 2.915530 0.000000 21.610001
v 2.909288 0.190685 21.610001
v 2.890587 0.380553 21.610001
v 2.859509 0.568792 21.610001
v 2.816186 0.754595 21.610001
v 2.760803 0.937166 21.610001
v 2.693599 1.115725 21.610001
v 2.614859 1.289506 21.610001
v 2.524923 1.457765 21.610001
v 2.424175 1.619782 21.610001
v 2.313046 1.774862 21.610001
v 2.192012 1.922343 21.610001
v 2.061591 2.061591 21.610001
v 1.922343 2.192012 21.610001
v 1.774862 2.313046 21.610001
v 1.619782 2.424175 21.610001
v 1.457765 2.524923 21.610001
v 1.289506 2.614859 21.610001
v 1.115725 2.693599 21.610001
v 0.937166 2.760803 21.610001
v 0.754595 2.816186 21.610001
v 0.568792 2.859509 21.610001
v 0.380553 2.890587 21.610001
v 0.190685 2.909288 21.610001
v 0.000000 2.915530 21.610001
v -0.190685 2.909288 21.610001
v -0.380553 2.890587 21.610001
v -0.568792 2.859509 21.610001
v -0.754595 2.816186 21.610001
v -0.937166 2.760803 21.610001
v -1.115725 2.693599 21.610001
v -1.289506 2.614859 21.610001
v -1.457765 2.524923 21.610001
v -1.619782 2.424175 21.610001
v -1.774862 2.313046 21.610001
v -1.922343 2.192012 21.610001
v -2.061591 2.061591 21.610001
v -2.192012 1.922343 21.610001
v -2.313046 1.774862 21.610001
v -2.424175 1.619782 21.610001
v -2.524923 1.457765 21.610001
v -2.614859 1.289506 21.610001
v -2.693599 1.115725 21.610001
v -2.760803 0.937166 21.610001
v -2.816186 0.754595 21.610001
v -2.859509 0.568792 21.610001
v -2.890587 0.380553 21.610001
v -2.909288 0.190685 21.610001
v -2.915530 0.000000 21.610001
v -2.909288 -0.190685 21.610001
v -2.890587 -0.380553 21.610001
v -2.859509 -0.568792 21.610001
v -2.816186 -0.754595 21.610001
v -2.760803 -0.937166 21.610001
v -2.693599 -1.115725 21.610001
v -2.614859 -1.289506 21.610001
v -2.524923 -1.457765 21.610001
v -2.424175 -1.619782 21.610001
v -2.313046 -1.774862 21.610001
v -2.192012 -1.922343 21.610001
v -2.061591 -2.061591 21.610001
v -1.922343 -2.192012 21.610001
v -1.774862 -2.313046 21.610001
v -1.619782 -2.424175 21.610001
v -1.457765 -2.524923 21.610001
v -1.289506 -2.614859 21.610001
v -1.115725 -2.693599 21.610001
v -0.937166 -2.760803 21.610001
v -0.754595 -2.816186 21.610001
v -0.568792 -2.859509 21.610001
v -0.380553 -2.890587 21.610001
v -0.190685 -2.909288 21.610001
v -0.000000 -2.915530 21.610001
v 0.190685 -2.909288 21.610001
v 0.380553 -2.890587 21.610001
v 0.568792 -2.859509 21.610001
v 0.754595 -2.816186 21.610001
v 0.937166 -2.760803 21.610001
v 1.115725 -2.693599 21.610001
v 1.289506 -2.614859 21.610001
v 1.457765 -2.524923 21.610001
v 1.619782 -2.424175 21.610001
v 1.774862 -2.313046 21.610001
v 1.922343 -2.192012 21.610001
v 2.061591 -2.061591 21.610001
v 2.192012 -1.922343 21.610001
v 2.313046 -1.774862 21.610001
v 2.424175 -1.619782 21.610001
v 2.524923 -1.457765 21.610001
v 2.614859 -1.289506 21.610001
v 2.693599 -1.115725 21.610001
v 2.760803 -0.937166 21.610001
v 2.816186 -0.754595 21.610001
v 2.859509 -0.568792 21.610001
v 2.890587 -0.380553 21.610001
v 2.909288 -0.190685 21.610001
v 2.694530 0.000000 21.610001
v 2.688761 0.176231 21.610001
v 2.671478 0.351707 21.610001
v 2.642755 0.525677 21.610001
v 2.602716 0.697396 21.610001
v 2.551532 0.866128 21.610001
v 2.489421 1.031152 21.610001
v 2.416651 1.191760 21.610001
v 2.333531 1.347265 21.610001
v 2.240420 1.497001 21.610001
v 2.137714 1.640326 21.610001
v 2.025855 1.776627 21.610001
v 1.905320 1.905320 21.610001
v 1.776627 2.025855 21.610001
v 1.640326 2.137714 21.610001
v 1.497001 2.240420 21.610001
v 1.347265 2.333531 21.610001
v 1.191760 2.416651 21.610001
v 1.031152 2.489421 21.610001
v 0.866128 2.551532 21.610001
v 0.697396 2.602716 21.610001
v 0.525677 2.642755 21.610001
v 0.351707 2.671478 21.610001
v 0.176231 2.688761 21.610001
v 0.000000 2.694530 21.610001
v -0.176231 2.688761 21.610001
v -0.351707 2.671478 21.610001
v -0.525677 2.642755 21.610001
v -0.697396 2.602716 21.610001
v -0.866128 2.551532 21.610001
v -1.031152 2.489421 21.610001
v -1.191760 2.416651 21.610001
v -1.347265 2.333531 21.610001
v -1.497001 2.240420 21.610001
v -1.640326 2.137714 21.610001
v -1.776627 2.025855 21.610001
v -1.905320 1.905320 21.610001
v -2.025855 1.776627 21.610001
v -2.137714 1.640326 21.610001
v -2.240420 1.497001 21.610001
v -2.333531 1.347265 21.610001
v -2.416651 1.191760 21.610001
v -2.489421 1.031152 21.610001
v -2.551532 0.866128 21.610001
v -2.602716 0.697396 21.610001
v -2.642755 0.525677 21.610001
v -2.671478 0.351707 21.610001
v -2.688761 0.176231 21.610001
v -2.694530 0.000000 21.610001
v -2.688761 -0.176231 21.610001
v -2.671478 -0.351707 21.610001
v -2.642755 -0.525677 21.610001
v -2.602716 -0.697396 21.610001
v -2.551532 -0.866128 21.610001
v -2.489421 -1.031152 21.610001
v -2.416651 -1.191760 21.610001
v -2.333531 -1.347265 21.610001
v -2.240420 -1.497001 21.610001
v -2.137714 -1.640326 21.610001
v -2.025855 -1.776627 21.610001
v -1.905320 -1.905320 21.610001
v -1.776627 -2.025855 21.610001
v -1.640326 -2.137714 21.610001
v -1.497001 -2.240420 21.610001
v -1.347265 -2.333531 21.610001
v -1.191760 -2.416651 21.610001
v -1.031152 -2.489421 21.610001
v -0.866128 -2.551532 21.610001
v -0.697396 -2.602716 21.610001
v -0.525677 -2.642755 21.610001
v -0.351707 -2.671478 21.610001
v -0.176231 -2.688761 21.610001
v -0.000000 -2.694530 21.610001
v 0.176231 -2.688761 21.610001
v 0.351707 -2.671478 21.610001
v 0.525677 -2.642755 21.610001
v 0.697396 -2.602716 21.610001
v 0.866128 -2.551532 21.610001
v 1.031152 -2.489421 21.610001
v 1.191760 -2.416651 21.610001
v 1.347265 -2.333531 21.610001
v 1.497001 -2.240420 21.610001
v 1.640326 -2.137714 21.610001
v 1.776627 -2.025855 21.610001
v 1.905320 -1.905320 21.610001
v 2.025855 -1.776627 21.610001
v 2.137714 -1.640326 21.610001
v 2.240420 -1.497001 21.610001
v 2.333531 -1.347265 21.610001
v 2.416651 -1.191760 21.610001
v 2.489421 -1.031152 21.610001
v 2.551532 -0.866128 21.610001
v 2.602716 -0.697396 21.610001
v 2.642755 -0.525677 21.610001
v 2.671478 -0.351707 21.610001
v 2.688761 -0.176231 21.610001
v 2.694530 0.000000 21.469999
v 2.688761 0.176231 21.469999
v 2.671478 0.351707 21.469999
v 2.642755 0.525677 21.469999
v 2.602716 0.697396 21.469999
v 2.551532 0.866128 21.469999
v 2.489421 1.031152 21.469999
v 2.416651 1.191760 21.469999
v 2.333531 1.347265 21.469999
v 2.240420 1.497001 21.469999
v 2.137714 1.640326 21.469999
v 2.025855 1.776627 21.469999
v 1.905320 1.905320 21.469999
v 1.776627 2.025855 21.469999
v 1.640326 2.137714 21.469999
v 1.497001 2.240420 21.469999
v 1.347265 2.333531 21.469999
v 1.191760 2.416651 21.469999
v 1.031152 2.489421 21.469999
v 0.866128 2.551532 21.469999
v 0.697396 2.602716 21.469999
v 0.525677 2.642755 21.469999
v 0.351707 2.671478 21.469999
v 0.176231 2.688761 21.469999
v 0.000000 2.694530 21.469999
v -0.176231 2.688761 21.469999
v -0.351707 2.671478 21.469999
v -0.525677 2.642755 21.469999
v -0.697396 2.602716 21.469999
v -0.866128 2.551532 21.469999
v -1.031152 2.489421 21.469999
v -1.191760 2.416651 21.469999
v -1.347265 2.333531 21.469999
v -1.497001 2.240420 21.469999
v -1.640326 2.137714 21.469999
v -1.776627 2.025855 21.469999
v -1.905320 1.905320 21.469999
v -2.025855 1.776627 21.469999
v -2.137714 1.640326 21.469999
v -2.240420 1.497001 21.469999
v -2.333531 1.347265 21.469999
v -2.416651 1.191760 21.469999
v -2.489421 1.031152 21.469999
v -2.551532 0.866128 21.469999
v -2.602716 0.697396 21.469999
v -2.642755 0.525677 21.469999
v -2.671478 0.351707 21.469999
v -2.688761 0.176231 21.469999
v -2.694530 0.000000 21.469999
v -2.688761 -0.176231 21.469999
v -2.671478 -0.351707 21.469999
v -2.642755 -0.525677 21.469999
v -2.602716 -0.697396 21.469999
v -2.551532 -0.866128 21.469999
v -2.489421 -1.031152 21.469999
v -2.416651 -1.191760 21.469999
v -2.333531 -1.347265 21.469999
v -2.240420 -1.497001 21.469999
v -2.137714 -1.640326 21.469999
v -2.025855 -1.776627 21.469999
v -1.905320 -1.905320 21.469999
v -1.776627 -2.025855 21.469999
v -1.640326 -2.137714 21.469999
v -1.497001 -2.240420 21.469999
v -1.347265 -2.333531 21.469999
v -1.191760 -2.416651 21.469999
v -1.031152 -2.489421 21.469999
v -0.866128 -2.551532 21.469999
v -0.697396 -2.602716 21.469999
v -0.525677 -2.642755 21.469999
v -0.351707 -2.671478 21.469999
v -0.176231 -2.688761 21.469999
v -0.000000 -2.694530 21.469999
v 0.176231 -2.688761 21.469999
v 0.351707 -2.671478 21.469999
v 0.525677 -2.642755 21.469999
v 0.697396 -2.602716 21.469999
v 0.866128 -2.551532 21.469999
v 1.031152 -2.489421 21.469999
v 1.191760 -2.416651 21.469999
v 1.347265 -2.333531 21.469999
v 1.497001 -2.240420 21.469999
v 1.640326 -2.137714 21.469999
v 1.776627 -2.025855 21.469999
v 1.905320 -1.905320 21.469999
v 2.025855 -1.776627 21.469999
v 2.137714 -1.640326 21.469999
v 2.240420 -1.497001 21.469999
v 2.333531 -1.347265 21.469999
v 2.416651 -1.191760 21.469999
v 2.489421 -1.031152 21.469999
v 2.551532 -0.866128 21.469999
v 2.602716 -0.697396 21.469999
v 2.642755 -0.525677 21.469999
v 2.671478 -0.351707 21.469999
v 2.688761 -0.176231 21.469999
v 2.955000 0.000000 21.594999
v 2.948673 0.193266 21.594999
v 2.929719 0.385705 21.594999
v 2.898221 0.576492 21.594999
v 2.854311 0.764810 21.594999
v 2.798178 0.949854 21.594999
v 2.730064 1.130830 21.594999
v 2.650259 1.306963 21.594999
v 2.559105 1.477500 21.594999
v 2.456993 1.641710 21.594999
v 2.344359 1.798890 21.594999
v 2.221687 1.948367 21.594999
v 2.089500 2.089500 21.594999
v 1.948367 2.221687 21.594999
v 1.798890 2.344359 21.594999
v 1.641710 2.456993 21.594999
v 1.477500 2.559105 21.594999
v 1.306963 2.650259 21.594999
v 1.130830 2.730064 21.594999
v 0.949854 2.798178 21.594999
v 0.764810 2.854311 21.594999
v 0.576492 2.898221 21.594999
v 0.385705 2.929719 21.594999
v 0.193266 2.948673 21.594999
v 0.000000 2.955000 21.594999
v -0.193266 2.948673 21.594999
v -0.385705 2.929719 21.594999
v -0.576492 2.898221 21.594999
v -0.764810 2.854311 21.594999
v -0.949854 2.798178 21.594999
v -1.130830 2.730064 21.594999
v -1.306963 2.650259 21.594999
v -1.477500 2.559105 21.594999
v -1.641710 2.456993 21.594999
v -1.798890 2.344359 21.594999
v -1.948367 2.221687 21.594999
v -2.089500 2.089500 21.594999
v -2.221687 1.948367 21.594999
v -2.344359 1.798890 21.594999
v -2.456993 1.641710 21.594999
v -2.559105 1.477500 21.594999
v -2.650259 1.306963 21.594999
v -2.730064 1.130830 21.594999
v -2.798178 0.949854 21.594999
v -2.854311 0.764810 21.594999
v -2.898221 0.576492 21.594999
v -2.929719 0.385705 21.594999
v -2.948673 0.193266 21.594999
v -2.955000 0.000000 21.594999
v -2.948673 -0.193266 21.594999
v -2.929719 -0.385705 21.594999
v -2.898221 -0.576492 21.594999
v -2.854311 -0.764810 21.594999
v -2.798178 -0.949854 21.594999
v -2.730064 -1.130830 21.594999
v -2.650259 -1.306963 21.594999
v -2.559105 -1.477500 21.594999
v -2.456993 -1.641710 21.594999
v -2.344359 -1.798890 21.594999
v -2.221687 -1.948367 21.594999
v -2.089500 -2.089500 21.594999
v -1.948367 -2.221687 21.594999
v -1.798890 -2.344359 21.594999
v -1.641710 -2.456993 21.594999
v -1.477500 -2.559105 21.594999
v -1.306963 -2.650259 21.594999
v -1.130830 -2.730064 21.594999
v -0.949854 -2.798178 21.594999
v -0.764810 -2.854311 21.594999
v -0.576492 -2.898221 21.594999
v -0.385705 -2.929719 21.594999
v -0.193266 -2.948673 21.594999
v -0.000000 -2.955000 21.594999
v 0.193266 -2.948673 21.594999
v 0.385705 -2.929719 21.594999
v 0.576492 -2.898221 21.594999
v 0.764810 -2.854311 21.594999
v 0.949854 -2.798178 21.594999
v 1.130830 -2.730064 21.594999
v 1.306963 -2.650259 21.594999
v 1.477500 -2.559105 21.594999
v 1.641710 -2.456993 21.594999
v 1.798890 -2.344359 21.594999
v 1.948367 -2.221687 21.594999
v 2.089500 -2.089500 21.594999
v 2.221687 -1.948367 21.594999
v 2.344359 -1.798890 21.594999
v 2.456993 -1.641710 21.594999
v 2.559105 -1.477500 21.594999
v 2.650259 -1.306963 21.594999
v 2.730064 -1.130830 21.594999
v 2.798178 -0.949854 21.594999
v 2.854311 -0.764810 21.594999
v 2.898221 -0.576492 21.594999
v 2.929719 -0.385705 21.594999
v 2.948673 -0.193266 21.594999
v 2.969000 0.000000 21.594999
v 2.962643 0.194182 21.594999
v 2.943600 0.387532 21.594999
v 2.911952 0.579223 21.594999
v 2.867834 0.768434 21.594999
v 2.811435 0.954354 21.594999
v 2.742998 1.136187 21.594999
v 2.662815 1.313155 21.594999
v 2.571229 1.484500 21.594999
v 2.468633 1.649488 21.594999
v 2.355466 1.807413 21.594999
v 2.232212 1.957598 21.594999
v 2.099400 2.099400 21.594999
v 1.957598 2.232212 21.594999
v 1.807413 2.355466 21.594999
v 1.649488 2.468633 21.594999
v 1.484500 2.571229 21.594999
v 1.313155 2.662815 21.594999
v 1.136187 2.742998 21.594999
v 0.954354 2.811435 21.594999
v 0.768434 2.867834 21.594999
v 0.579223 2.911952 21.594999
v 0.387532 2.943600 21.594999
v 0.194182 2.962643 21.594999
v 0.000000 2.969000 21.594999
v -0.194182 2.962643 21.594999
v -0.387532 2.943600 21.594999
v -0.579223 2.911952 21.594999
v -0.768434 2.867834 21.594999
v -0.954354 2.811435 21.594999
v -1.136187 2.742998 21.594999
v -1.313155 2.662815 21.594999
v -1.484500 2.571229 21.594999
v -1.649488 2.468633 21.594999
v -1.807413 2.355466 21.594999
v -1.957598 2.232212 21.594999
v -2.099400 2.099400 21.594999
v -2.232212 1.957598 21.594999
v -2.355466 1.807413 21.594999
v -2.468633 1.649488 21.594999
v -2.571229 1.484500 21.594999
v -2.662815 1.313155 21.594999
v -2.742998 1.136187 21.594999
v -2.811435 0.954354 21.594999
v -2.867834 0.768434 21.594999
v -2.911952 0.579223 21.594999
v -2.943600 0.387532 21.594999
v -2.962643 0.194182 21.594999
v -2.969000 0.000000 21.594999
v -2.962643 -0.194182 21.594999
v -2.943600 -0.387532 21.594999
v -2.911952 -0.579223 21.594999
v -2.867834 -0.768434 21.594999
v -2.811435 -0.954354 21.594999
v -2.742998 -1.136187 21.594999
v -2.662815 -1.313155 21.594999
v -2.571229 -1.484500 21.594999
v -2.468633 -1.649488 21.594999
v -2.355466 -1.807413 21.594999
v -2.232212 -1.957598 21.594999
v -2.099400 -2.099400 21.594999
v -1.957598 -2.232212 21.594999
v -1.807413 -2.355466 21.594999
v -1.649488 -2.468633 21.594999
v -1.484500 -2.571229 21.594999
v -1.313155 -2.662815 21.594999
v -1.136187 -2.742998 21.594999
v -0.954354 -2.811435 21.594999
v -0.768434 -2.867834 21.594999
v -0.579223 -2.911952 21.594999
v -0.387532 -2.943600 21.594999
v -0.194182 -2.962643 21.594999
v -0.000000 -2.969000 21.594999
v 0.194182 -2.962643 21.594999
v 0.387532 -2.943600 21.594999
v 0.579223 -2.911952 21.594999
v 0.768434 -2.867834 21.594999
v 0.954354 -2.811435 21.594999
v 1.136187 -2.742998 21.594999
v 1.313155 -2.662815 21.594999
v 1.484500 -2.571229 21.594999
v 1.649488 -2.468633 21.594999
v 1.807413 -2.355466 21.594999
v 1.957598 -2.232212 21.594999
v 2.099400 -2.099400 21.594999
v 2.232212 -1.957598 21.594999
v 2.355466 -1.807413 21.594999
v 2.468633 -1.649488 21.594999
v 2.571229 -1.484500 21.594999
v 2.662815 -1.313155 21.594999
v 2.742998 -1.136187 21.594999
v 2.811435 -0.954354 21.594999
v 2.867834 -0.768434 21.594999
v 2.911952 -0.579223 21.594999
v 2.943600 -0.387532 21.594999
v 2.962643 -0.194182 21.594999
v 2.969000 0.000000 21.625000
v 2.962643 0.194182 21.625000
v 2.943600 0.387532 21.625000
v 2.911952 0.579223 21.625000
v 2.867834 0.768434 21.625000
v 2.811435 0.954354 21.625000
v 2.742998 1.136187 21.625000
v 2.662815 1.313155 21.625000
v 2.571229 1.484500 21.625000
v 2.468633 1.649488 21.625000
v 2.355466 1.807413 21.625000
v 2.232212 1.957598 21.625000
v 2.099400 2.099400 21.625000
v 1.957598 2.232212 21.625000
v 1.807413 2.355466 21.625000
v 1.649488 2.468633 21.625000
v 1.484500 2.571229 21.625000
v 1.313155 2.662815 21.625000
v 1.136187 2.742998 21.625000
v 0.954354 2.811435 21.625000
v 0.768434 2.867834 21.625000
v 0.579223 2.911952 21.625000
v 0.387532 2.943600 21.625000
v 0.194182 2.962643 21.625000
v 0.000000 2.969000 21.625000
v -0.194182 2.962643 21.625000
v -0.387532 2.943600 21.625000
v -0.579223 2.911952 21.625000
v -0.768434 2.867834 21.625000
v -0.954354 2.811435 21.625000
v -1.136187 2.742998 21.625000
v -1.313155 2.662815 21.625000
v -1.484500 2.571229 21.625000
v -1.649488 2.468633 21.625000
v -1.807413 2.355466 21.625000
v -1.957598 2.232212 21.625000
v -2.099400 2.099400 21.625000
v -2.232212 1.957598 21.625000
v -2.355466 1.807413 21.625000
v -2.468633 1.649488 21.625000
v -2.571229 1.484500 21.625000
v -2.662815 1.313155 21.625000
v -2.742998 1.136187 21.625000
v -2.811435 0.954354 21.625000
v -2.867834 0.768434 21.625000
v -2.911952 0.579223 21.625000
v -2.943600 0.387532 21.625000
v -2.962643 0.194182 21.625000
v -2.969000 0.000000 21.625000
v -2.962643 -0.194182 21.625000
v -2.943600 -0.387532 21.625000
v -2.911952 -0.579223 21.625000
v -2.867834 -0.768434 21.625000
v -2.811435 -0.954354 21.625000
v -2.742998 -1.136187 21.625000
v -2.662815 -1.313155 21.625000
v -2.571229 -1.484500 21.625000
v -2.468633 -1.649488 21.625000
v -2.355466 -1.807413 21.625000
v -2.232212 -1.957598 21.625000
v -2.099400 -2.099400 21.625000
v -1.957598 -2.232212 21.625000
v -1.807413 -2.355466 21.625000
v -1.649488 -2.468633 21.625000
v -1.484500 -2.571229 21.625000
v -1.313155 -2.662815 21.625000
v -1.136187 -2.742998 21.625000
v -0.954354 -2.811435 21.625000
v -0.768434 -2.867834 21.625000
v -0.579223 -2.911952 21.625000
v -0.387532 -2.943600 21.625000
v -0.194182 -2.962643 21.625000
v -0.000000 -2.969000 21.625000
v 0.194182 -2.962643 21.625000
v 0.387532 -2.943600 21.625000
v 0.579223 -2.911952 21.625000
v 0.768434 -2.867834 21.625000
v 0.954354 -2.811435 21.625000
v 1.136187 -2.742998 21.625000
v 1.313155 -2.662815 21.625000
v 1.484500 -2.571229 21.625000
v 1.649488 -2.468633 21.625000
v 1.807413 -2.355466 21.625000
v 1.957598 -2.232212 21.625000
v 2.099400 -2.099400 21.625000
v 2.232212 -1.957598 21.625000
v 2.355466 -1.807413 21.625000
v 2.468633 -1.649488 21.625000
v 2.571229 -1.484500 21.625000
v 2.662815 -1.313155 21.625000
v 2.742998 -1.136187 21.625000
v 2.811435 -0.954354 21.625000
v 2.867834 -0.768434 21.625000
v 2.911952 -0.579223 21.625000
v 2.943600 -0.387532 21.625000
v 2.962643 -0.194182 21.625000
v 2.955000 0.000000 21.625000
v 2.948673 0.193266 21.625000
v 2.929719 0.385705 21.625000
v 2.898221 0.576492 21.625000
v 2.854311 0.764810 21.625000
v 2.798178 0.949854 21.625000
v 2.730064 1.130830 21.625000
v 2.650259 1.306963 21.625000
v 2.559105 1.477500 21.625000
v 2.456993 1.641710 21.625000
v 2.344359 1.798890 21.625000
v 2.221687 1.948367 21.625000
v 2.089500 2.089500 21.625000
v 1.948367 2.221687 21.625000
v 1.798890 2.344359 21.625000
v 1.641710 2.456993 21.625000
v 1.477500 2.559105 21.625000
v 1.306963 2.650259 21.625000
v 1.130830 2.730064 21.625000
v 0.949854 2.798178 21.625000
v 0.764810 2.854311 21.625000
v 0.576492 2.898221 21.625000
v 0.385705 2.929719 21.625000
v 0.193266 2.948673 21.625000
v 0.000000 2.955000 21.625000
v -0.193266 2.948673 21.625000
v -0.385705 2.929719 21.625000
v -0.576492 2.898221 21.625000
v -0.764810 2.854311 21.625000
v -0.949854 2.798178 21.625000
v -1.130830 2.730064 21.625000
v -1.306963 2.650259 21.625000
v -1.477500 2.559105 21.625000
v -1.641710 2.456993 21.625000
v -1.798890 2.344359 21.625000
v -1.948367 2.221687 21.625000
v -2.089500 2.089500 21.625000
v -2.221687 1.948367 21.625000
v -2.344359 1.798890 21.625000
v -2.456993 1.641710 21.625000
v -2.559105 1.477500 21.625000
v -2.650259 1.306963 21.625000
v -2.730064 1.130830 21.625000
v -2.798178 0.949854 21.625000
v -2.854311 0.764810 21.625000
v -2.898221 0.576492 21.625000
v -2.929719 0.385705 21.625000
v -2.948673 0.193266 21.625000
v -2.955000 0.000000 21.625000
v -2.948673 -0.193266 21.625000
v -2.929719 -0.385705 21.625000
v -2.898221 -0.576492 21.625000
v -2.854311 -0.764810 21.625000
v -2.798178 -0.949854 21.625000
v -2.730064 -1.130830 21.625000
v -2.650259 -1.306963 21.625000
v -2.559105 -1.477500 21.625000
v -2.456993 -1.641710 21.625000
v -2.344359 -1.798890 21.625000
v -2.221687 -1.948367 21.625000
v -2.089500 -2.089500 21.625000
v -1.948367 -2.221687 21.625000
v -1.798890 -2.344359 21.625000
v -1.641710 -2.456993 21.625000
v -1.477500 -2.559105 21.625000
v -1.306963 -2.650259 21.625000
v -1.130830 -2.730064 21.625000
v -0.949854 -2.798178 21.625000
v -0.764810 -2.854311 21.625000
v -0.576492 -2.898221 21.625000
v -0.385705 -2.929719 21.625000
v -0.193266 -2.948673 21.625000
v -0.000000 -2.955000 21.625000
v 0.193266 -2.948673 21.625000
v 0.385705 -2.929719 21.625000
v 0.576492 -2.898221 21.625000
v 0.764810 -2.854311 21.625000
v 0.949854 -2.798178 21.625000
v 1.130830 -2.730064 21.625000
v 1.306963 -2.650259 21.625000
v 1.477500 -2.559105 21.625000
v 1.641710 -2.456993 21.625000
v 1.798890 -2.344359 21.625000
v 1.948367 -2.221687 21.625000
v 2.089500 -2.089500 21.625000
v 2.221687 -1.948367 21.625000
v 2.344359 -1.798890 21.625000
v 2.456993 -1.641710 21.625000
v 2.559105 -1.477500 21.625000
v 2.650259 -1.306963 21.625000
v 2.730064 -1.130830 21.625000
v 2.798178 -0.949854 21.625000
v 2.854311 -0.764810 21.625000
v 2.898221 -0.576492 21.625000
v 2.929719 -0.385705 21.625000
v 2.948673 -0.193266 21.625000
v 2.955000 0.000000 21.594999
v 2.948673 0.193266 21.594999
v 2.929719 0.385705 21.594999
v 2.898221 0.576492 21.594999
v 2.854311 0.764810 21.594999
v 2.798178 0.949854 21.594999
v 2.730064 1.130830 21.594999
v 2.650259 1.306963 21.594999
v 2.559105 1.477500 21.594999
v 2.456993 1.641710 21.594999
v 2.344359 1.798890 21.594999
v 2.221687 1.948367 21.594999
v 2.089500 2.089500 21.594999
v 1.948367 2.221687 21.594999
v 1.798890 2.344359 21.594999
v 1.641710 2.456993 21.594999
v 1.477500 2.559105 21.594999
v 1.306963 2.650259 21.594999
v 1.130830 2.730064 21.594999
v 0.949854 2.798178 21.594999
v 0.764810 2.854311 21.594999
v 0.576492 2.898221 21.594999
v 0.385705 2.929719 21.594999
v 0.193266 2.948673 21.594999
v 0.000000 2.955000 21.594999
v -0.193266 2.948673 21.594999
v -0.385705 2.929719 21.594999
v -0.576492 2.898221 21.594999
v -0.764810 2.854311 21.594999
v -0.949854 2.798178 21.594999
v -1.130830 2.730064 21.594999
v -1.306963 2.650259 21.594999
v -1.477500 2.559105 21.594999
v -1.641710 2.456993 21.594999
v -1.798890 2.344359 21.594999
v -1.948367 2.221687 21.594999
v -2.089500 2.089500 21.594999
v -2.221687 1.948367 21.594999
v -2.344359 1.798890 21.594999
v -2.456993 1.641710 21.594999
v -2.559105 1.477500 21.594999
v -2.650259 1.306963 21.594999
v -2.730064 1.130830 21.594999
v -2.798178 0.949854 21.594999
v -2.854311 0.764810 21.594999
v -2.898221 0.576492 21.594999
v -2.929719 0.385705 21.594999
v -2.948673 0.193266 21.594999
v -2.955000 0.000000 21.594999
v -2.948673 -0.193266 21.594999
v -2.929719 -0.385705 21.594999
v -2.898221 -0.576492 21.594999
v -2.854311 -0.764810 21.594999
v -2.798178 -0.949854 21.594999
v -2.730064 -1.130830 21.594999
v -2.650259 -1.306963 21.594999
v -2.559105 -1.477500 21.594999
v -2.456993 -1.641710 21.594999
v -2.344359 -1.798890 21.594999
v -2.221687 -1.948367 21.594999
v -2.089500 -2.089500 21.594999
v -1.948367 -2.221687 21.594999
v -1.798890 -2.344359 21.594999
v -1.641710 -2.456993 21.594999
v -1.477500 -2.559105 21.594999
v -1.306963 -2.650259 21.594999
v -1.130830 -2.730064 21.594999
v -0.949854 -2.798178 21.594999
v -0.764810 -2.854311 21.594999
v -0.576492 -2.898221 21.594999
v -0.385705 -2.929719 21.594999
v -0.193266 -2.948673 21.594999
v -0.000000 -2.955000 21.594999
v 0.193266 -2.948673 21.594999
v 0.385705 -2.929719 21.594999
v 0.576492 -2.898221 21.594999
v 0.764810 -2.854311 21.594999
v 0.949854 -2.798178 21.594999
v 1.130830 -2.730064 21.594999
v 1.306963 -2.650259 21.594999
v 1.477500 -2.559105 21.594999
v 1.641710 -2.456993 21.594999
v 1.798890 -2.344359 21.594999
v 1.948367 -2.221687 21.594999
v 2.089500 -2.089500 21.594999
v 2.221687 -1.948367 21.594999
v 2.344359 -1.798890 21.594999
v 2.456993 -1.641710 21.594999
v 2.559105 -1.477500 21.594999
v 2.650259 -1.306963 21.594999
v 2.730064 -1.130830 21.594999
v 2.798178 -0.949854 21.594999
v 2.854311 -0.764810 21.594999
v 2.898221 -0.576492 21.594999
v 2.929719 -0.385705 21.594999
v 2.948673 -0.193266 21.594999
vn 0.9995 0.0327 0.0028
vn -0.9995 -0.0327 -0.0028
vn 0.9952 0.0980 0.0028
vn -0.9952 -0.0980 -0.0028
vn 0.9866 0.1629 0.0028
vn -0.9866 -0.1629 -0.0028
vn 0.9739 0.2271 0.0028
vn -0.9739 -0.2271 -0.0028
vn 0.9569 0.2903 0.0028
vn -0.9569 -0.2903 -0.0028
vn 0.9359 0.3522 0.0028
vn -0.9359 -0.3522 -0.0028
vn 0.9109 0.4127 0.0028
vn -0.9109 -0.4127 -0.0028
vn 0.8819 0.4714 0.0028
vn -0.8819 -0.4714 -0.0028
vn 0.8492 0.5281 0.0028
vn -0.8492 -0.5281 -0.0028
vn 0.8128 0.5825 0.0028
vn -0.8128 -0.5825 -0.0028
vn 0.7730 0.6344 0.0028
vn -0.7730 -0.6344 -0.0028
vn 0.7299 0.6836 0.0028
vn -0.7299 -0.6836 -0.0028
vn 0.6836 0.7299 0.0028
vn -0.6836 -0.7299 -0.0028
vn 0.6344 0.7730 0.0028
vn -0.6344 -0.7730 -0.0028
vn 0.5825 0.8128 0.0028
vn -0.5825 -0.8128 -0.0028
vn 0.5281 0.8492 0.0028
vn -0.5281 -0.8492 -0.0028
vn 0.4714 0.8819 0.0028
vn -0.4714 -0.8819 -0.0028
vn 0.4127 0.9109 0.0028
vn -0.4127 -0.9109 -0.0028
vn 0.3522 0.9359 0.0028
vn -0.3522 -0.9359 -0.0028
vn 0.2903 0.9569 0.0028
vn -0.2903 -0.9569 -0.0028
vn 0.2271 0.9739 0.0028
vn -0.2271 -0.9739 -0.0028
vn 0.1629 0.9866 0.0028
vn -0.1629 -0.9866 -0.0028
vn 0.0980 0.9952 0.0028
vn -0.0980 -0.9952 -0.0028
vn 0.0327 0.9995 0.0028
vn -0.0327 -0.9995 -0.0028
vn -0.0327 0.9995 0.0028
vn 0.0327 -0.9995 -0.0028
vn -0.0980 0.9952 0.0028
vn 0.0980 -0.9952 -0.0028
vn -0.1629 0.9866 0.0028
vn 0.1629 -0.9866 -0.0028
vn -0.2271 0.9739 0.0028
vn 0.2271 -0.9739 -0.0028
vn -0.2903 0.9569 0.0028
vn 0.2903 -0.9569 -0.0028
vn -0.3522 0.9359 0.0028
vn 0.3522 -0.9359 -0.0028
vn -0.4127 0.9109 0.0028
vn 0.4127 -0.9109 -0.0028
vn -0.4714 0.8819 0.0028
vn 0.4714 -0.8819 -0.0028
vn -0.5281 0.8492 0.0028
vn 0.5281 -0.8492 -0.0028
vn -0.5825 0.8128 0.0028
vn 0.5825 -0.8128 -0.0028
vn -0.6344 0.7730 0.0028
vn 0.6344 -0.7730 -0.0028
vn -0.6836 0.7299 0.0028
vn 0.6836 -0.7299 -0.0028
vn -0.7299 0.6836 0.0028
vn 0.7299 -0.6836 -0.0028
vn -0.7730 0.6344 0.0028
vn 0.7730 -0.6344 -0.0028
vn -0.8128 0.5825 0.0028
vn 0.8128 -0.5825 -0.0028
vn -0.8492 0.5281 0.0028
vn 0.8492 -0.5281 -0.0028
vn -0.8819 0.4714 0.0028
vn 0.8819 -0.4714 -0.0028
vn -0.9109 0.4127 0.0028
vn 0.9109 -0.4127 -0.0028
vn -0.9359 0.3522 0.0028
vn 0.9359 -0.3522 -0.0028
vn -0.9569 0.2903 0.0028
vn 0.9569 -0.2903 -0.0028
vn -0.9739 0.2271 0.0028
vn 0.9739 -0.2271 -0.0028
vn -0.9866 0.1629 0.0028
vn 0.9866 -0.1629 -0.0028
vn -0.9952 0.0980 0.0028
vn 0.9952 -0.0980 -0.0028
vn -0.9995 0.0327 0.0028
vn 0.9995 -0.0327 -0.0028
vn -0.9995 -0.0327 0.0028
vn 0.9995 0.0327 -0.0028
vn -0.9952 -0.0980 0.0028
vn 0.9952 0.0980 -0.0028
vn -0.9866 -0.1629 0.0028
vn 0.9866 0.1629 -0.0028
vn -0.9739 -0.2271 0.0028
vn 0.9739 0.2271 -0.0028
vn -0.9569 -0.2903 0.0028
vn 0.9569 0.2903 -0.0028
vn -0.9359 -0.3522 0.0028
vn 0.9359 0.3522 -0.0028
vn -0.9109 -0.4127 0.0028
vn 0.9109 0.4127 -0.0028
vn -0.8819 -0.4714 0.0028
vn 0.8819 0.4714 -0.0028
vn -0.8492 -0.5281 0.0028
vn 0.8492 0.5281 -0.0028
vn -0.8128 -0.5825 0.0028
vn 0.8128 0.5825 -0.0028
vn -0.7730 -0.6344 0.0028
vn 0.7730 0.6344 -0.0028
vn -0.7299 -0.6836 0.0028
vn 0.7299 0.6836 -0.0028
vn -0.6836 -0.7299 0.0028
vn 0.6836 0.7299 -0.0028
vn -0.6344 -0.7730 0.0028
vn 0.6344 0.7730 -0.0028
vn -0.5825 -0.8128 0.0028
vn 0.5825 0.8128 -0.0028
vn -0.5281 -0.8492 0.0028
vn 0.5281 0.8492 -0.0028
vn -0.4714 -0.8819 0.0028
vn 0.4714 0.8819 -0.0028
vn -0.4127 -0.9109 0.0028
vn 0.4127 0.9109 -0.0028
vn -0.3522 -0.9359 0.0028
vn 0.3522 0.9359 -0.0028
vn -0.2903 -0.9569 0.0028
vn 0.2903 0.9569 -0.0028
vn -0.2271 -0.9739 0.0028
vn 0.2271 0.9739 -0.0028
vn -0.1629 -0.9866 0.0028
vn 0.1629 0.9866 -0.0028
vn -0.0980 -0.9952 0.0028
vn 0.0980 0.9952 -0.0028
vn -0.0327 -0.9995 0.0028
vn 0.0327 0.9995 -0.0028
vn 0.0327 -0.9995 0.0028
vn -0.0327 0.9995 -0.0028
vn 0.0980 -0.9952 0.0028
vn -0.0980 0.9952 -0.0028
vn 0.1629 -0.9866 0.0028
vn -0.1629 0.9866 -0.0028
vn 0.2271 -0.9739 0.0028
vn -0.2271 0.9739 -0.0028
vn 0.2903 -0.9569 0.0028
vn -0.2903 0.9569 -0.0028
vn 0.3522 -0.9359 0.0028
vn -0.3522 0.9359 -0.0028
vn 0.4127 -0.9109 0.0028
vn -0.4127 0.9109 -0.0028
vn 0.4714 -0.8819 0.0028
vn -0.4714 0.8819 -0.0028
vn 0.5281 -0.8492 0.0028
vn -0.5281 0.8492 -0.0028
vn 0.5825 -0.8128 0.0028
vn -0.5825 0.8128 -0.0028
vn 0.6344 -0.7730 0.0028
vn -0.6344 0.7730 -0.0028
vn 0.6836 -0.7299 0.0028
vn -0.6836 0.7299 -0.0028
vn 0.7299 -0.6836 0.0028
vn -0.7299 0.6836 -0.0028
vn 0.7730 -0.6344 0.0028
vn -0.7730 0.6344 -0.0028
vn 0.8128 -0.5825 0.0028
vn -0.8128 0.5825 -0.0028
vn 0.8492 -0.5281 0.0028
vn -0.8492 0.5281 -0.0028
vn 0.8819 -0.4714 0.0028
vn -0.8819 0.4714 -0.0028
vn 0.9109 -0.4127 0.0028
vn -0.9109 0.4127 -0.0028
vn 0.9359 -0.3522 0.0028
vn -0.9359 0.3522 -0.0028
vn 0.9569 -0.2903 0.0028
vn -0.9569 0.2903 -0.0028
vn 0.9739 -0.2271 0.0028
vn -0.9739 0.2271 -0.0028
vn 0.9866 -0.1629 0.0028
vn -0.9866 0.1629 -0.0028
vn 0.9952 -0.0980 0.0028
vn -0.9952 0.0980 -0.0028
vn 0.9995 -0.0327 0.0028
vn -0.9995 0.0327 -0.0028
vn 0.9995 0.0327 -0.0000
vn -0.9995 -0.0327 0.0006
vn 0.9952 0.0980 -0.0000
vn -0.9952 -0.0980 0.0006
vn 0.9866 0.1629 -0.0000
vn -0.9866 -0.1629 0.0006
vn 0.9739 0.2271 -0.0000
vn -0.9739 -0.2271 0.0006
vn 0.9569 0.2903 -0.0000
vn -0.9569 -0.2903 0.0006
vn 0.9359 0.3523 -0.0000
vn -0.9359 -0.3522 0.0006
vn 0.9109 0.4127 -0.0000
vn -0.9109 -0.4127 0.0006
vn 0.8819 0.4714 -0.0000
vn -0.8819 -0.4714 0.0006
vn 0.8492 0.5281 -0.0000
vn -0.8492 -0.5281 0.0006
vn 0.8128 0.5825 -0.0000
vn -0.8128 -0.5825 0.0006
vn 0.7730 0.6344 -0.0000
vn -0.7730 -0.6344 0.0006
vn 0.7299 0.6836 -0.0000
vn -0.7299 -0.6836 0.0006
vn 0.6836 0.7299 -0.0000
vn -0.6836 -0.7299 0.0006
vn 0.6344 0.7730 -0.0000
vn -0.6344 -0.7730 0.0006
vn 0.5825 0.8128 -0.0000
vn -0.5825 -0.8128 0.0006
vn 0.5281 0.8492 -0.0000
vn -0.5281 -0.8492 0.0006
vn 0.4714 0.8819 -0.0000
vn -0.4714 -0.8819 0.0006
vn 0.4127 0.9109 -0.0000
vn -0.4127 -0.9109 0.0006
vn 0.3523 0.9359 -0.0000
vn -0.3522 -0.9359 0.0006
vn 0.2903 0.9569 -0.0000
vn -0.2903 -0.9569 0.0006
vn 0.2271 0.9739 -0.0000
vn -0.2271 -0.9739 0.0006
vn 0.1629 0.9866 -0.0000
vn -0.1629 -0.9866 0.0006
vn 0.0980 0.9952 -0.0000
vn -0.0980 -0.9952 0.0006
vn 0.0327 0.9995 -0.0000
vn -0.0327 -0.9995 0.0006
vn -0.0327 0.9995 -0.0000
vn 0.0327 -0.9995 0.0006
vn -0.0980 0.9952 -0.0000
vn 0.0980 -0.9952 0.0006
vn -0.1629 0.9866 -0.0000
vn 0.1629 -0.9866 0.0006
vn -0.2271 0.9739 -0.0000
vn 0.2271 -0.9739 0.0006
vn -0.2903 0.9569 -0.0000
vn 0.2903 -0.9569 0.0006
vn -0.3523 0.9359 -0.0000
vn 0.3522 -0.9359 0.0006
vn -0.4127 0.9109 -0.0000
vn 0.4127 -0.9109 0.0006
vn -0.4714 0.8819 -0.0000
vn 0.4714 -0.8819 0.0006
vn -0.5281 0.8492 -0.0000
vn 0.5281 -0.8492 0.0006
vn -0.5825 0.8128 -0.0000
vn 0.5825 -0.8128 0.0006
vn -0.6344 0.7730 -0.0000
vn 0.6344 -0.7730 0.0006
vn -0.6836 0.7299 -0.0000
vn 0.6836 -0.7299 0.0006
vn -0.7299 0.6836 -0.0000
vn 0.7299 -0.6836 0.0006
vn -0.7730 0.6344 -0.0000
vn 0.7730 -0.6344 0.0006
vn -0.8128 0.5825 -0.0000
vn 0.8128 -0.5825 0.0006
vn -0.8492 0.5281 -0.0000
vn 0.8492 -0.5281 0.0006
vn -0.8819 0.4714 -0.0000
vn 0.8819 -0.4714 0.0006
vn -0.9109 0.4127 -0.0000
vn 0.9109 -0.4127 0.0006
vn -0.9359 0.3522 -0.0000
vn 0.9359 -0.3523 0.0006
vn -0.9569 0.2903 -0.0000
vn 0.9569 -0.2903 0.0006
vn -0.9739 0.2271 -0.0000
vn 0.9739 -0.2271 0.0006
vn -0.9866 0.1629 -0.0000
vn 0.9866 -0.1629 0.0006
vn -0.9952 0.0980 -0.0000
vn 0.9952 -0.0980 0.0006
vn -0.9995 0.0327 -0.0000
vn 0.9995 -0.0327 0.0006
vn -0.9995 -0.0327 -0.0000
vn 0.9995 0.0327 0.0006
vn -0.9952 -0.0980 -0.0000
vn 0.9952 0.0980 0.0006
vn -0.9866 -0.1629 -0.0000
vn 0.9866 0.1629 0.0006
vn -0.9739 -0.2271 -0.0000
vn 0.9739 0.2271 0.0006
vn -0.9569 -0.2903 -0.0000
vn 0.9569 0.2903 0.0006
vn -0.9359 -0.3523 -0.0000
vn 0.9359 0.3522 0.0006
vn -0.9109 -0.4127 -0.0000
vn 0.9109 0.4127 0.0006
vn -0.8819 -0.4714 -0.0000
vn 0.8819 0.4714 0.0006
vn -0.8492 -0.5281 -0.0000
vn 0.8492 0.5281 0.0006
vn -0.8128 -0.5825 -0.0000
vn 0.8128 0.5825 0.0006
vn -0.7730 -0.6344 -0.0000
vn 0.7730 0.6344 0.0006
vn -0.7299 -0.6836 -0.0000
vn 0.7299 0.6836 0.0006
vn -0.6836 -0.7299 -0.0000
vn 0.6836 0.7299 0.0006
vn -0.6344 -0.7730 -0.0000
vn 0.6344 0.7730 0.0006
vn -0.5825 -0.8128 -0.0000
vn 0.5825 0.8128 0.0006
vn -0.5281 -0.8492 -0.0000
vn 0.5281 0.8492 0.0006
vn -0.4714 -0.8819 -0.0000
vn 0.4714 0.8819 0.0006
vn -0.4127 -0.9109 -0.0000
vn 0.4127 0.9109 0.0006
vn -0.3523 -0.9359 -0.0000
vn 0.3522 0.9359 0.0006
vn -0.2903 -0.9569 -0.0000
vn 0.2903 0.9569 0.0006
vn -0.2271 -0.9739 -0.0000
vn 0.2271 0.9739 0.0006
vn -0.1629 -0.9866 -0.0000
vn 0.1629 0.9866 0.0006
vn -0.0980 -0.9952 -0.0000
vn 0.0980 0.9952 0.0006
vn -0.0327 -0.9995 -0.0000
vn 0.0327 0.9995 0.0006
vn 0.0327 -0.9995 -0.0000
vn -0.0327 0.9995 0.0006
vn 0.0980 -0.9952 -0.0000
vn -0.0980 0.9952 0.0006
vn 0.1629 -0.9866 -0.0000
vn -0.1629 0.9866 0.0006
vn 0.2271 -0.9739 -0.0000
vn -0.2271 0.9739 0.0006
vn 0.2903 -0.9569 -0.0000
vn -0.2903 0.9569 0.0006
vn 0.3523 -0.9359 -0.0000
vn -0.3522 0.9359 0.0006
vn 0.4127 -0.9109 -0.0000
vn -0.4127 0.9109 0.0006
vn 0.4714 -0.8819 -0.0000
vn -0.4714 0.8819 0.0006
vn 0.5281 -0.8492 -0.0000
vn -0.5281 0.8492 0.0006
vn 0.5825 -0.8128 -0.0000
vn -0.5825 0.8128 0.0006
vn 0.6344 -0.7730 -0.0000
vn -0.6344 0.7730 0.0006
vn 0.6836 -0.7299 -0.0000
vn -0.6836 0.7299 0.0006
vn 0.7299 -0.6836 -0.0000
vn -0.7299 0.6836 0.0006
vn 0.7730 -0.6344 -0.0000
vn -0.7730 0.6344 0.0006
vn 0.8128 -0.5825 -0.0000
vn -0.8128 0.5825 0.0006
vn 0.8492 -0.5281 -0.0000
vn -0.8492 0.5281 0.0006
vn 0.8819 -0.4714 -0.0000
vn -0.8819 0.4714 0.0006
vn 0.9109 -0.4127 -0.0000
vn -0.9109 0.4127 0.0006
vn 0.9359 -0.3522 -0.0000
vn -0.9359 0.3523 0.0006
vn 0.9569 -0.2903 -0.0000
vn -0.9569 0.2903 0.0006
vn 0.9739 -0.2271 -0.0000
vn -0.9739 0.2271 0.0006
vn 0.9866 -0.1629 -0.0000
vn -0.9866 0.1629 0.0006
vn 0.9952 -0.0980 -0.0000
vn -0.9952 0.0980 0.0006
vn 0.9995 -0.0327 -0.0000
vn -0.9995 0.0327 0.0006
vn -0.0000 -0.0000 -1.0000
vn -0.0000 -0.0000 1.0000
vn 1.0000 -0.0000 -0.0000
vn -1.0000 -0.0000 -0.0000
vn 0.9359 0.3522 -0.0000
vn -0.9359 -0.3522 -0.0000
vn -0.3522 -0.9359 -0.0000
vn 0.3522 -0.9359 -0.0000
vn 0.3522 0.9359 -0.0000
vn -0.3522 0.9359 -0.0000
vn 0.5000 0.8660 -0.0000
vn 0.5000 -0.8660 -0.0000
vn -0.5000 -0.8660 -0.0000
vn -0.5000 0.8660 -0.0000
vn 0.3827 0.9239 -0.0000
vn 0.9239 0.3826 -0.0000
vn 0.9239 -0.3827 -0.0000
vn 0.3827 -0.9239 -0.0000
vn -0.3827 -0.9239 -0.0000
vn -0.9239 -0.3826 -0.0000
vn -0.9239 0.3827 -0.0000
vn -0.3827 0.9239 -0.0000
vn 0.9239 0.3827 -0.0000
vn -0.9239 -0.3827 -0.0000
vn 0.9239 -0.3826 -0.0000
vn -0.9239 0.3826 -0.0000
vn -0.8129 0.5825 -0.0000
vn 0.8129 -0.5825 -0.0000
vn -0.5825 -0.8129 -0.0000
vn 0.5825 -0.8129 -0.0000
vn 0.9359 -0.3523 -0.0000
vn 0.5825 0.8129 -0.0000
vn -0.5825 0.8129 -0.0000
vn -0.9359 0.3523 -0.0000
vn 0.0002 -0.0000 -1.0000
vn -0.0001 -0.0000 -1.0000
vn 0.0001 -0.0000 -1.0000
vn -0.0002 -0.0000 -1.0000
vn 0.8492 0.5280 -0.0000
vn 0.8129 0.5824 -0.0000
vn 0.6836 0.7298 -0.0000
vn -0.6836 0.7298 -0.0000
vn -0.8129 0.5824 -0.0000
vn -0.8492 0.5280 -0.0000
vn -0.8492 -0.5280 -0.0000
vn -0.8129 -0.5824 -0.0000
vn -0.6836 -0.7298 -0.0000
vn 0.6836 -0.7298 -0.0000
vn 0.8129 -0.5824 -0.0000
vn 0.8492 -0.5280 -0.0000
vn -0.0001 -0.0000 1.0000
vn 0.0001 -0.0000 1.0000
vn 0.0002 -0.0000 1.0000
vn -0.0002 -0.0000 1.0000
vn -0.7298 -0.6836 -0.0000
vn -0.5280 -0.8492 -0.0000
vn 0.5280 -0.8492 -0.0000
vn 0.7298 -0.6836 -0.0000
vn 0.7298 0.6836 -0.0000
vn 0.5280 0.8492 -0.0000
vn -0.5280 0.8492 -0.0000
vn -0.7298 0.6836 -0.0000
vn -0.9359 -0.3523 0.0006
vn 0.9359 -0.3522 0.0006
vn 0.9359 0.3523 0.0006
vn -0.9359 0.3522 0.0006
vn -0.8129 -0.5825 -0.0000
vn 0.8129 0.5825 -0.0000
vn 0.0004 -0.0000 -1.0000
vn -0.0004 -0.0000 -1.0000
vn 0.9108 0.4127 -0.0000
vn 0.6835 0.7299 -0.0000
vn -0.6835 0.7299 -0.0000
vn -0.9108 0.4127 -0.0000
vn -0.9108 -0.4127 -0.0000
vn -0.6835 -0.7299 -0.0000
vn 0.6835 -0.7299 -0.0000
vn 0.9108 -0.4127 -0.0000
vn -0.0004 -0.0000 1.0000
vn 0.0004 -0.0000 1.0000
vn -0.4127 -0.9108 -0.0000
vn 0.4127 -0.9108 -0.0000
vn 0.4127 0.9108 -0.0000
vn -0.4127 0.9108 -0.0000
s 0
usemtl tower_paint
f 2//1 193//1 1//1
f 97//2 290//2 98//2
f 3//3 194//3 2//3
f 98//4 291//4 99//4
f 4//5 195//5 3//5
f 99//6 292//6 100//6
f 5//7 196//7 4//7
f 100//8 293//8 101//8
f 6//9 197//9 5//9
f 102//10 293//10 294//10
f 7//11 198//11 6//11
f 102//12 295//12 103//12
f 8//13 199//13 7//13
f 103//14 296//14 104//14
f 9//15 200//15 8//15
f 104//16 297//16 105//16
f 10//17 201//17 9//17
f 105//18 298//18 106//18
f 11//19 202//19 10//19
f 106//20 299//20 107//20
f 11//21 204//21 203//21
f 107//22 300//22 108//22
f 12//23 205//23 204//23
f 108//24 301//24 109//24
f 14//25 205//25 13//25
f 109//26 302//26 110//26
f 14//27 207//27 206//27
f 110//28 303//28 111//28
f 16//29 207//29 15//29
f 111//30 304//30 112//30
f 17//31 208//31 16//31
f 112//32 305//32 113//32
f 18//33 209//33 17//33
f 113//34 306//34 114//34
f 19//35 210//35 18//35
f 114//36 307//36 115//36
f 20//37 211//37 19//37
f 115//38 308//38 116//38
f 21//39 212//39 20//39
f 116//40 309//40 117//40
f 22//41 213//41 21//41
f 117//42 310//42 118//42
f 23//43 214//43 22//43
f 118//44 311//44 119//44
f 24//45 215//45 23//45
f 119//46 312//46 120//46
f 25//47 216//47 24//47
f 120//48 313//48 121//48
f 26//49 217//49 25//49
f 121//50 314//50 122//50
f 27//51 218//51 26//51
f 122//52 315//52 123//52
f 28//53 219//53 27//53
f 123//54 316//54 124//54
f 29//55 220//55 28//55
f 124//56 317//56 125//56
f 30//57 221//57 29//57
f 126//58 317//58 318//58
f 31//59 222//59 30//59
f 126//60 319//60 127//60
f 32//61 223//61 31//61
f 127//62 320//62 128//62
f 33//63 224//63 32//63
f 128//64 321//64 129//64
f 34//65 225//65 33//65
f 129//66 322//66 130//66
f 35//67 226//67 34//67
f 130//68 323//68 131//68
f 35//69 228//69 227//69
f 131//70 324//70 132//70
f 36//71 229//71 228//71
f 132//72 325//72 133//72
f 38//73 229//73 37//73
f 133//74 326//74 134//74
f 38//75 231//75 230//75
f 134//76 327//76 135//76
f 40//77 231//77 39//77
f 135//78 328//78 136//78
f 41//79 232//79 40//79
f 136//80 329//80 137//80
f 42//81 233//81 41//81
f 137//82 330//82 138//82
f 43//83 234//83 42//83
f 138//84 331//84 139//84
f 44//85 235//85 43//85
f 139//86 332//86 140//86
f 45//87 236//87 44//87
f 140//88 333//88 141//88
f 46//89 237//89 45//89
f 141//90 334//90 142//90
f 47//91 238//91 46//91
f 142//92 335//92 143//92
f 48//93 239//93 47//93
f 143//94 336//94 144//94
f 49//95 240//95 48//95
f 144//96 337//96 145//96
f 50//97 241//97 49//97
f 145//98 338//98 146//98
f 51//99 242//99 50//99
f 146//100 339//100 147//100
f 52//101 243//101 51//101
f 147//102 340//102 148//102
f 53//103 244//103 52//103
f 148//104 341//104 149//104
f 54//105 245//105 53//105
f 150//106 341//106 342//106
f 55//107 246//107 54//107
f 150//108 343//108 151//108
f 56//109 247//109 55//109
f 151//110 344//110 152//110
f 57//111 248//111 56//111
f 152//112 345//112 153//112
f 58//113 249//113 57//113
f 153//114 346//114 154//114
f 59//115 250//115 58//115
f 154//116 347//116 155//116
f 59//117 252//117 251//117
f 155//118 348//118 156//118
f 60//119 253//119 252//119
f 156//120 349//120 157//120
f 62//121 253//121 61//121
f 157//122 350//122 158//122
f 62//123 255//123 254//123
f 158//124 351//124 159//124
f 64//125 255//125 63//125
f 159//126 352//126 160//126
f 65//127 256//127 64//127
f 160//128 353//128 161//128
f 66//129 257//129 65//129
f 161//130 354//130 162//130
f 67//131 258//131 66//131
f 162//132 355//132 163//132
f 68//133 259//133 67//133
f 163//134 356//134 164//134
f 69//135 260//135 68//135
f 164//136 357//136 165//136
f 70//137 261//137 69//137
f 165//138 358//138 166//138
f 70//139 577//139 578//139
f 166//140 582//140 581//140
f 264//141 580//141 586//141
f 71//141 585//141 579//141
f 359//142 588//142 584//142
f 167//142 587//142 168//142
f 590//143 264//143 586//143
f 72//143 589//143 585//143
f 361//144 588//144 360//144
f 168//144 591//144 169//144
f 594//145 265//145 590//145
f 73//145 593//145 589//145
f 362//146 592//146 361//146
f 169//146 595//146 170//146
f 267//147 594//147 598//147
f 75//147 593//147 74//147
f 363//148 596//148 362//148
f 170//148 599//148 171//148
f 76//149 602//149 601//149
f 364//150 172//150 604//150
f 77//151 268//151 76//151
f 172//152 365//152 173//152
f 78//153 269//153 77//153
f 174//154 365//154 366//154
f 79//155 270//155 78//155
f 174//156 367//156 175//156
f 80//157 271//157 79//157
f 175//158 368//158 176//158
f 81//159 272//159 80//159
f 176//160 369//160 177//160
f 82//161 273//161 81//161
f 177//162 370//162 178//162
f 83//163 274//163 82//163
f 178//164 371//164 179//164
f 83//165 276//165 275//165
f 179//166 372//166 180//166
f 84//167 277//167 276//167
f 180//168 373//168 181//168
f 86//169 277//169 85//169
f 181//170 374//170 182//170
f 86//171 279//171 278//171
f 182//172 375//172 183//172
f 88//173 279//173 87//173
f 183//174 376//174 184//174
f 89//175 280//175 88//175
f 184//176 377//176 185//176
f 90//177 281//177 89//177
f 185//178 378//178 186//178
f 91//179 282//179 90//179
f 186//180 379//180 187//180
f 92//181 283//181 91//181
f 187//182 380//182 188//182
f 93//183 284//183 92//183
f 188//184 381//184 189//184
f 94//185 285//185 93//185
f 189//186 382//186 190//186
f 95//187 286//187 94//187
f 190//188 383//188 191//188
f 96//189 287//189 95//189
f 191//190 384//190 192//190
f 1//191 288//191 96//191
f 192//192 289//192 97//192
f 194//193 385//193 193//193
f 289//194 482//194 290//194
f 195//195 386//195 194//195
f 290//196 483//196 291//196
f 196//197 387//197 195//197
f 292//198 483//198 484//198
f 197//199 388//199 196//199
f 292//200 485//200 293//200
f 198//201 389//201 197//201
f 293//202 486//202 294//202
f 199//203 390//203 198//203
f 294//204 487//204 295//204
f 200//205 391//205 199//205
f 295//206 488//206 296//206
f 201//207 392//207 200//207
f 296//208 489//208 297//208
f 202//209 393//209 201//209
f 297//210 490//210 298//210
f 203//211 394//211 202//211
f 298//212 491//212 299//212
f 204//213 395//213 203//213
f 300//214 491//214 492//214
f 205//215 396//215 204//215
f 300//216 493//216 301//216
f 206//217 397//217 205//217
f 301//218 494//218 302//218
f 207//219 398//219 206//219
f 303//220 494//220 495//220
f 208//221 399//221 207//221
f 303//222 496//222 304//222
f 209//223 400//223 208//223
f 304//224 497//224 305//224
f 210//225 401//225 209//225
f 305//226 498//226 306//226
f 211//227 402//227 210//227
f 306//228 499//228 307//228
f 212//229 403//229 211//229
f 308//230 499//230 500//230
f 213//231 404//231 212//231
f 308//232 501//232 309//232
f 214//233 405//233 213//233
f 309//234 502//234 310//234
f 215//235 406//235 214//235
f 311//236 502//236 503//236
f 216//237 407//237 215//237
f 311//238 504//238 312//238
f 217//239 408//239 216//239
f 312//240 505//240 313//240
f 218//241 409//241 217//241
f 313//242 506//242 314//242
f 219//243 410//243 218//243
f 314//244 507//244 315//244
f 220//245 411//245 219//245
f 316//246 507//246 508//246
f 221//247 412//247 220//247
f 316//248 509//248 317//248
f 222//249 413//249 221//249
f 317//250 510//250 318//250
f 223//251 414//251 222//251
f 318//252 511//252 319//252
f 224//253 415//253 223//253
f 319//254 512//254 320//254
f 225//255 416//255 224//255
f 320//256 513//256 321//256
f 226//257 417//257 225//257
f 321//258 514//258 322//258
f 227//259 418//259 226//259
f 322//260 515//260 323//260
f 228//261 419//261 227//261
f 324//262 515//262 516//262
f 229//263 420//263 228//263
f 324//264 517//264 325//264
f 230//265 421//265 229//265
f 325//266 518//266 326//266
f 231//267 422//267 230//267
f 327//268 518//268 519//268
f 232//269 423//269 231//269
f 327//270 520//270 328//270
f 233//271 424//271 232//271
f 328//272 521//272 329//272
f 234//273 425//273 233//273
f 329//274 522//274 330//274
f 235//275 426//275 234//275
f 330//276 523//276 331//276
f 236//277 427//277 235//277
f 332//278 523//278 524//278
f 237//279 428//279 236//279
f 332//280 525//280 333//280
f 238//281 429//281 237//281
f 333//282 526//282 334//282
f 239//283 430//283 238//283
f 335//284 526//284 527//284
f 240//285 431//285 239//285
f 335//286 528//286 336//286
f 241//287 432//287 240//287
f 336//288 529//288 337//288
f 242//289 433//289 241//289
f 337//290 530//290 338//290
f 243//291 434//291 242//291
f 338//292 531//292 339//292
f 244//293 435//293 243//293
f 340//294 531//294 532//294
f 245//295 436//295 244//295
f 340//296 533//296 341//296
f 246//297 437//297 245//297
f 341//298 534//298 342//298
f 247//299 438//299 246//299
f 342//300 535//300 343//300
f 248//301 439//301 247//301
f 343//302 536//302 344//302
f 249//303 440//303 248//303
f 344//304 537//304 345//304
f 250//305 441//305 249//305
f 345//306 538//306 346//306
f 251//307 442//307 250//307
f 346//308 539//308 347//308
f 252//309 443//309 251//309
f 348//310 539//310 540//310
f 253//311 444//311 252//311
f 348//312 541//312 349//312
f 254//313 445//313 253//313
f 349//314 542//314 350//314
f 255//315 446//315 254//315
f 351//316 542//316 543//316
f 256//317 447//317 255//317
f 351//318 544//318 352//318
f 257//319 448//319 256//319
f 352//320 545//320 353//320
f 258//321 449//321 257//321
f 353//322 546//322 354//322
f 259//323 450//323 258//323
f 354//324 547//324 355//324
f 260//325 451//325 259//325
f 356//326 547//326 548//326
f 261//327 452//327 260//327
f 356//328 549//328 357//328
f 262//329 453//329 261//329
f 357//330 550//330 358//330
f 263//331 454//331 262//331
f 359//332 550//332 551//332
f 264//333 455//333 263//333
f 359//334 552//334 360//334
f 265//335 456//335 264//335
f 360//336 553//336 361//336
f 266//337 457//337 265//337
f 361//338 554//338 362//338
f 267//339 458//339 266//339
f 362//340 555//340 363//340
f 268//341 459//341 267//341
f 364//342 555//342 556//342
f 269//343 460//343 268//343
f 364//344 557//344 365//344
f 270//345 461//345 269//345
f 365//346 558//346 366//346
f 271//347 462//347 270//347
f 366//348 559//348 367//348
f 272//349 463//349 271//349
f 367//350 560//350 368//350
f 273//351 464//351 272//351
f 368//352 561//352 369//352
f 274//353 465//353 273//353
f 369//354 562//354 370//354
f 275//355 466//355 274//355
f 370//356 563//356 371//356
f 276//357 467//357 275//357
f 372//358 563//358 564//358
f 277//359 468//359 276//359
f 372//360 565//360 373//360
f 278//361 469//361 277//361
f 373//362 566//362 374//362
f 279//363 470//363 278//363
f 375//364 566//364 567//364
f 280//365 471//365 279//365
f 375//366 568//366 376//366
f 281//367 472//367 280//367
f 376//368 569//368 377//368
f 282//369 473//369 281//369
f 377//370 570//370 378//370
f 283//371 474//371 282//371
f 378//372 571//372 379//372
f 284//373 475//373 283//373
f 380//374 571//374 572//374
f 285//375 476//375 284//375
f 380//376 573//376 381//376
f 286//377 477//377 285//377
f 381//378 574//378 382//378
f 287//379 478//379 286//379
f 383//380 574//380 575//380
f 288//381 479//381 287//381
f 383//382 576//382 384//382
f 193//383 480//383 288//383
f 384//384 481//384 289//384
f 1//385 98//385 2//385
f 386//386 481//386 385//386
f 3//385 98//385 99//385
f 387//386 482//386 386//386
f 4//385 99//385 100//385
f 388//386 483//386 387//386
f 4//385 101//385 5//385
f 388//386 485//386 484//386
f 6//385 101//385 102//385
f 389//386 486//386 485//386
f 7//385 102//385 103//385
f 391//386 486//386 390//386
f 8//385 103//385 104//385
f 392//386 487//386 391//386
f 9//385 104//385 105//385
f 393//386 488//386 392//386
f 10//385 105//385 106//385
f 393//386 490//386 489//386
f 10//385 107//385 11//385
f 394//386 491//386 490//386
f 11//385 108//385 12//385
f 396//386 491//386 395//386
f 13//385 108//385 109//385
f 397//386 492//386 396//386
f 13//385 110//385 14//385
f 397//386 494//386 493//386
f 15//385 110//385 111//385
f 398//386 495//386 494//386
f 15//385 112//385 16//385
f 400//386 495//386 399//386
f 16//385 113//385 17//385
f 401//386 496//386 400//386
f 17//385 114//385 18//385
f 401//386 498//386 497//386
f 18//385 115//385 19//385
f 402//386 499//386 498//386
f 19//385 116//385 20//385
f 403//386 500//386 499//386
f 20//385 117//385 21//385
f 405//386 500//386 404//386
f 21//385 118//385 22//385
f 406//386 501//386 405//386
f 22//385 119//385 23//385
f 406//386 503//386 502//386
f 23//385 120//385 24//385
f 407//386 504//386 503//386
f 24//385 121//385 25//385
f 409//386 504//386 408//386
f 25//385 122//385 26//385
f 410//386 505//386 409//386
f 27//385 122//385 123//385
f 411//386 506//386 410//386
f 28//385 123//385 124//385
f 412//386 507//386 411//386
f 28//385 125//385 29//385
f 412//386 509//386 508//386
f 30//385 125//385 126//385
f 413//386 510//386 509//386
f 31//385 126//385 127//385
f 415//386 510//386 414//386
f 32//385 127//385 128//385
f 416//386 511//386 415//386
f 33//385 128//385 129//385
f 417//386 512//386 416//386
f 34//385 129//385 130//385
f 417//386 514//386 513//386
f 34//385 131//385 35//385
f 418//386 515//386 514//386
f 35//385 132//385 36//385
f 420//386 515//386 419//386
f 37//385 132//385 133//385
f 421//386 516//386 420//386
f 37//385 134//385 38//385
f 421//386 518//386 517//386
f 39//385 134//385 135//385
f 422//386 519//386 518//386
f 39//385 136//385 40//385
f 424//386 519//386 423//386
f 40//385 137//385 41//385
f 425//386 520//386 424//386
f 41//385 138//385 42//385
f 425//386 522//386 521//386
f 42//385 139//385 43//385
f 426//386 523//386 522//386
f 43//385 140//385 44//385
f 427//386 524//386 523//386
f 44//385 141//385 45//385
f 429//386 524//386 428//386
f 45//385 142//385 46//385
f 430//386 525//386 429//386
f 46//385 143//385 47//385
f 430//386 527//386 526//386
f 47//385 144//385 48//385
f 431//386 528//386 527//386
f 48//385 145//385 49//385
f 433//386 528//386 432//386
f 49//385 146//385 50//385
f 434//386 529//386 433//386
f 51//385 146//385 147//385
f 435//386 530//386 434//386
f 52//385 147//385 148//385
f 436//386 531//386 435//386
f 52//385 149//385 53//385
f 436//386 533//386 532//386
f 54//385 149//385 150//385
f 437//386 534//386 533//386
f 55//385 150//385 151//385
f 439//386 534//386 438//386
f 56//385 151//385 152//385
f 440//386 535//386 439//386
f 57//385 152//385 153//385
f 441//386 536//386 440//386
f 58//385 153//385 154//385
f 441//386 538//386 537//386
f 58//385 155//385 59//385
f 442//386 539//386 538//386
f 59//385 156//385 60//385
f 444//386 539//386 443//386
f 61//385 156//385 157//385
f 445//386 540//386 444//386
f 61//385 158//385 62//385
f 445//386 542//386 541//386
f 63//385 158//385 159//385
f 446//386 543//386 542//386
f 63//385 160//385 64//385
f 448//386 543//386 447//386
f 64//385 161//385 65//385
f 449//386 544//386 448//386
f 65//385 162//385 66//385
f 449//386 546//386 545//386
f 66//385 163//385 67//385
f 450//386 547//386 546//386
f 67//385 164//385 68//385
f 451//386 548//386 547//386
f 68//385 165//385 69//385
f 453//386 548//386 452//386
f 69//385 166//385 70//385
f 454//386 549//386 453//386
f 70//385 167//385 71//385
f 454//386 551//386 550//386
f 71//385 168//385 72//385
f 455//386 552//386 551//386
f 72//385 169//385 73//385
f 457//386 552//386 456//386
f 73//385 170//385 74//385
f 458//386 553//386 457//386
f 75//385 170//385 171//385
f 459//386 554//386 458//386
f 76//385 171//385 172//385
f 460//386 555//386 459//386
f 76//385 173//385 77//385
f 460//386 557//386 556//386
f 78//385 173//385 174//385
f 461//386 558//386 557//386
f 79//385 174//385 175//385
f 463//386 558//386 462//386
f 80//385 175//385 176//385
f 464//386 559//386 463//386
f 81//385 176//385 177//385
f 465//386 560//386 464//386
f 82//385 177//385 178//385
f 465//386 562//386 561//386
f 82//385 179//385 83//385
f 466//386 563//386 562//386
f 83//385 180//385 84//385
f 468//386 563//386 467//386
f 85//385 180//385 181//385
f 469//386 564//386 468//386
f 85//385 182//385 86//385
f 469//386 566//386 565//386
f 87//385 182//385 183//385
f 470//386 567//386 566//386
f 87//385 184//385 88//385
f 472//386 567//386 471//386
f 88//385 185//385 89//385
f 473//386 568//386 472//386
f 89//385 186//385 90//385
f 473//386 570//386 569//386
f 90//385 187//385 91//385
f 474//386 571//386 570//386
f 91//385 188//385 92//385
f 475//386 572//386 571//386
f 92//385 189//385 93//385
f 477//386 572//386 476//386
f 93//385 190//385 94//385
f 478//386 573//386 477//386
f 94//385 191//385 95//385
f 478//386 575//386 574//386
f 95//385 192//385 96//385
f 479//386 576//386 575//386
f 96//385 97//385 1//385
f 385//386 576//386 480//386
f 578//387 581//387 582//387
f 603//388 602//388 604//388
f 585//386 595//386 591//386
f 598//385 580//385 592//385
f 605//385 634//385 633//385
f 605//385 613//385 612//385
f 607//385 613//385 606//385
f 608//385 614//385 607//385
f 609//385 615//385 608//385
f 609//385 617//385 616//385
f 611//385 617//385 610//385
f 636//385 611//385 635//385
f 619//329 634//329 612//329
f 619//331 612//331 644//331
f 621//333 642//333 646//333
f 613//333 645//333 643//333
f 622//335 646//335 648//335
f 614//335 647//335 645//335
f 623//337 648//337 650//337
f 615//337 649//337 647//337
f 624//339 650//339 652//339
f 616//339 651//339 649//339
f 618//341 625//341 653//341
f 625//343 636//343 638//343
f 626//386 637//386 619//386
f 620//386 626//386 619//386
f 620//386 628//386 627//386
f 622//386 628//386 621//386
f 623//386 629//386 622//386
f 624//386 630//386 623//386
f 625//386 631//386 624//386
f 632//386 638//386 640//386
f 605//233 639//233 626//233
f 605//235 626//235 658//235
f 606//237 659//237 607//237
f 627//237 660//237 657//237
f 607//239 661//239 608//239
f 629//239 660//239 628//239
f 608//241 663//241 609//241
f 629//241 664//241 662//241
f 609//243 665//243 610//243
f 630//243 666//243 664//243
f 632//245 611//245 667//245
f 611//247 640//247 635//247
f 634//388 639//388 633//388
f 638//387 635//387 640//387
f 644//387 658//387 655//387
f 667//388 653//388 654//388
f 645//386 663//386 661//386
f 652//385 660//385 662//385
f 2//1 194//1 193//1
f 97//2 289//2 290//2
f 3//3 195//3 194//3
f 98//4 290//4 291//4
f 4//5 196//5 195//5
f 99//6 291//6 292//6
f 5//7 197//7 196//7
f 100//8 292//8 293//8
f 6//9 198//9 197//9
f 102//10 101//10 293//10
f 7//11 199//11 198//11
f 102//12 294//12 295//12
f 8//13 200//13 199//13
f 103//14 295//14 296//14
f 9//15 201//15 200//15
f 104//16 296//16 297//16
f 10//17 202//17 201//17
f 105//18 297//18 298//18
f 11//19 203//19 202//19
f 106//20 298//20 299//20
f 11//21 12//21 204//21
f 107//22 299//22 300//22
f 12//23 13//23 205//23
f 108//24 300//24 301//24
f 14//25 206//25 205//25
f 109//26 301//26 302//26
f 14//27 15//27 207//27
f 110//28 302//28 303//28
f 16//29 208//29 207//29
f 111//30 303//30 304//30
f 17//31 209//31 208//31
f 112//32 304//32 305//32
f 18//33 210//33 209//33
f 113//34 305//34 306//34
f 19//35 211//35 210//35
f 114//36 306//36 307//36
f 20//37 212//37 211//37
f 115//38 307//38 308//38
f 21//39 213//39 212//39
f 116//40 308//40 309//40
f 22//41 214//41 213//41
f 117//42 309//42 310//42
f 23//43 215//43 214//43
f 118//44 310//44 311//44
f 24//45 216//45 215//45
f 119//46 311//46 312//46
f 25//47 217//47 216//47
f 120//48 312//48 313//48
f 26//49 218//49 217//49
f 121//50 313//50 314//50
f 27//51 219//51 218//51
f 122//52 314//52 315//52
f 28//53 220//53 219//53
f 123//54 315//54 316//54
f 29//55 221//55 220//55
f 124//56 316//56 317//56
f 30//57 222//57 221//57
f 126//58 125//58 317//58
f 31//59 223//59 222//59
f 126//60 318//60 319//60
f 32//61 224//61 223//61
f 127//62 319//62 320//62
f 33//63 225//63 224//63
f 128//64 320//64 321//64
f 34//65 226//65 225//65
f 129//66 321//66 322//66
f 35//67 227//67 226//67
f 130//68 322//68 323//68
f 35//69 36//69 228//69
f 131//70 323//70 324//70
f 36//71 37//71 229//71
f 132//72 324//72 325//72
f 38//73 230//73 229//73
f 133//74 325//74 326//74
f 38//75 39//75 231//75
f 134//76 326//76 327//76
f 40//77 232//77 231//77
f 135//78 327//78 328//78
f 41//79 233//79 232//79
f 136//80 328//80 329//80
f 42//81 234//81 233//81
f 137//82 329//82 330//82
f 43//83 235//83 234//83
f 138//84 330//84 331//84
f 44//85 236//85 235//85
f 139//86 331//86 332//86
f 45//87 237//87 236//87
f 140//88 332//88 333//88
f 46//89 238//89 237//89
f 141//90 333//90 334//90
f 47//91 239//91 238//91
f 142//92 334//92 335//92
f 48//93 240//93 239//93
f 143//94 335//94 336//94
f 49//95 241//95 240//95
f 144//96 336//96 337//96
f 50//97 242//97 241//97
f 145//98 337//98 338//98
f 51//99 243//99 242//99
f 146//100 338//100 339//100
f 52//101 244//101 243//101
f 147//102 339//102 340//102
f 53//103 245//103 244//103
f 148//104 340//104 341//104
f 54//105 246//105 245//105
f 150//106 149//106 341//106
f 55//107 247//107 246//107
f 150//108 342//108 343//108
f 56//109 248//109 247//109
f 151//110 343//110 344//110
f 57//111 249//111 248//111
f 152//112 344//112 345//112
f 58//113 250//113 249//113
f 153//114 345//114 346//114
f 59//115 251//115 250//115
f 154//116 346//116 347//116
f 59//117 60//117 252//117
f 155//118 347//118 348//118
f 60//119 61//119 253//119
f 156//120 348//120 349//120
f 62//121 254//121 253//121
f 157//122 349//122 350//122
f 62//123 63//123 255//123
f 158//124 350//124 351//124
f 64//125 256//125 255//125
f 159//126 351//126 352//126
f 65//127 257//127 256//127
f 160//128 352//128 353//128
f 66//129 258//129 257//129
f 161//130 353//130 354//130
f 67//131 259//131 258//131
f 162//132 354//132 355//132
f 68//133 260//133 259//133
f 163//134 355//134 356//134
f 69//135 261//135 260//135
f 164//136 356//136 357//136
f 70//137 262//137 261//137
f 165//138 357//138 358//138
f 578//139 580//139 263//139
f 263//139 262//139 70//139
f 70//139 71//139 579//139
f 70//139 579//139 577//139
f 578//139 263//139 70//139
f 583//140 167//140 166//140
f 166//140 358//140 359//140
f 359//140 584//140 582//140
f 581//140 583//140 166//140
f 166//140 359//140 582//140
f 264//141 263//141 580//141
f 71//141 72//141 585//141
f 359//142 360//142 588//142
f 167//142 583//142 587//142
f 590//143 265//143 264//143
f 72//143 73//143 589//143
f 361//144 592//144 588//144
f 168//144 587//144 591//144
f 594//145 266//145 265//145
f 73//145 74//145 593//145
f 362//146 596//146 592//146
f 169//146 591//146 595//146
f 267//147 266//147 594//147
f 75//147 597//147 593//147
f 363//148 600//148 596//148
f 170//148 595//148 599//148
f 597//149 75//149 76//149
f 76//149 268//149 267//149
f 267//149 598//149 602//149
f 601//149 597//149 76//149
f 76//149 267//149 602//149
f 600//150 363//150 364//150
f 172//150 171//150 599//150
f 172//150 599//150 603//150
f 604//150 600//150 364//150
f 172//150 603//150 604//150
f 77//151 269//151 268//151
f 172//152 364//152 365//152
f 78//153 270//153 269//153
f 174//154 173//154 365//154
f 79//155 271//155 270//155
f 174//156 366//156 367//156
f 80//157 272//157 271//157
f 175//158 367//158 368//158
f 81//159 273//159 272//159
f 176//160 368//160 369//160
f 82//161 274//161 273//161
f 177//162 369//162 370//162
f 83//163 275//163 274//163
f 178//164 370//164 371//164
f 83//165 84//165 276//165
f 179//166 371//166 372//166
f 84//167 85//167 277//167
f 180//168 372//168 373//168
f 86//169 278//169 277//169
f 181//170 373//170 374//170
f 86//171 87//171 279//171
f 182//172 374//172 375//172
f 88//173 280//173 279//173
f 183//174 375//174 376//174
f 89//175 281//175 280//175
f 184//176 376//176 377//176
f 90//177 282//177 281//177
f 185//178 377//178 378//178
f 91//179 283//179 282//179
f 186//180 378//180 379//180
f 92//181 284//181 283//181
f 187//182 379//182 380//182
f 93//183 285//183 284//183
f 188//184 380//184 381//184
f 94//185 286//185 285//185
f 189//186 381//186 382//186
f 95//187 287//187 286//187
f 190//188 382//188 383//188
f 96//189 288//189 287//189
f 191//190 383//190 384//190
f 1//191 193//191 288//191
f 192//192 384//192 289//192
f 194//193 386//193 385//193
f 289//194 481//194 482//194
f 195//195 387//195 386//195
f 290//196 482//196 483//196
f 196//197 388//197 387//197
f 292//198 291//198 483//198
f 197//199 389//199 388//199
f 292//200 484//200 485//200
f 198//201 390//201 389//201
f 293//202 485//202 486//202
f 199//389 391//389 390//389
f 294//447 486//447 487//447
f 200//205 392//205 391//205
f 295//206 487//206 488//206
f 201//207 393//207 392//207
f 296//208 488//208 489//208
f 202//209 394//209 393//209
f 297//210 489//210 490//210
f 203//211 395//211 394//211
f 298//212 490//212 491//212
f 204//213 396//213 395//213
f 300//214 299//214 491//214
f 205//215 397//215 396//215
f 300//216 492//216 493//216
f 206//217 398//217 397//217
f 301//218 493//218 494//218
f 207//219 399//219 398//219
f 303//220 302//220 494//220
f 208//221 400//221 399//221
f 303//222 495//222 496//222
f 209//223 401//223 400//223
f 304//224 496//224 497//224
f 210//225 402//225 401//225
f 305//226 497//226 498//226
f 211//227 403//227 402//227
f 306//228 498//228 499//228
f 212//229 404//229 403//229
f 308//230 307//230 499//230
f 213//231 405//231 404//231
f 308//232 500//232 501//232
f 214//233 406//233 405//233
f 309//234 501//234 502//234
f 215//235 407//235 406//235
f 311//236 310//236 502//236
f 216//237 408//237 407//237
f 311//238 503//238 504//238
f 217//239 409//239 408//239
f 312//240 504//240 505//240
f 218//241 410//241 409//241
f 313//242 505//242 506//242
f 219//243 411//243 410//243
f 314//244 506//244 507//244
f 220//245 412//245 411//245
f 316//246 315//246 507//246
f 221//247 413//247 412//247
f 316//248 508//248 509//248
f 222//249 414//249 413//249
f 317//250 509//250 510//250
f 223//251 415//251 414//251
f 318//252 510//252 511//252
f 224//253 416//253 415//253
f 319//254 511//254 512//254
f 225//255 417//255 416//255
f 320//256 512//256 513//256
f 226//257 418//257 417//257
f 321//258 513//258 514//258
f 227//259 419//259 418//259
f 322//260 514//260 515//260
f 228//261 420//261 419//261
f 324//262 323//262 515//262
f 229//263 421//263 420//263
f 324//264 516//264 517//264
f 230//265 422//265 421//265
f 325//266 517//266 518//266
f 231//267 423//267 422//267
f 327//268 326//268 518//268
f 232//269 424//269 423//269
f 327//270 519//270 520//270
f 233//271 425//271 424//271
f 328//272 520//272 521//272
f 234//273 426//273 425//273
f 329//274 521//274 522//274
f 235//275 427//275 426//275
f 330//276 522//276 523//276
f 236//418 428//418 427//418
f 332//448 331//448 523//448
f 237//279 429//279 428//279
f 332//280 524//280 525//280
f 238//281 430//281 429//281
f 333//282 525//282 526//282
f 239//283 431//283 430//283
f 335//284 334//284 526//284
f 240//285 432//285 431//285
f 335//286 527//286 528//286
f 241//287 433//287 432//287
f 336//288 528//288 529//288
f 242//289 434//289 433//289
f 337//290 529//290 530//290
f 243//291 435//291 434//291
f 338//292 530//292 531//292
f 244//293 436//293 435//293
f 340//294 339//294 531//294
f 245//295 437//295 436//295
f 340//296 532//296 533//296
f 246//297 438//297 437//297
f 341//298 533//298 534//298
f 247//390 439//390 438//390
f 342//449 534//449 535//449
f 248//301 440//301 439//301
f 343//302 535//302 536//302
f 249//303 441//303 440//303
f 344//304 536//304 537//304
f 250//305 442//305 441//305
f 345//306 537//306 538//306
f 251//307 443//307 442//307
f 346//308 538//308 539//308
f 252//309 444//309 443//309
f 348//310 347//310 539//310
f 253//311 445//311 444//311
f 348//312 540//312 541//312
f 254//313 446//313 445//313
f 349//314 541//314 542//314
f 255//315 447//315 446//315
f 351//316 350//316 542//316
f 256//317 448//317 447//317
f 351//318 543//318 544//318
f 257//319 449//319 448//319
f 352//320 544//320 545//320
f 258//321 450//321 449//321
f 353//322 545//322 546//322
f 259//323 451//323 450//323
f 354//324 546//324 547//324
f 260//325 452//325 451//325
f 356//326 355//326 547//326
f 261//327 453//327 452//327
f 356//328 548//328 549//328
f 262//329 454//329 453//329
f 357//330 549//330 550//330
f 263//331 455//331 454//331
f 359//332 358//332 550//332
f 264//333 456//333 455//333
f 359//334 551//334 552//334
f 265//335 457//335 456//335
f 360//336 552//336 553//336
f 266//337 458//337 457//337
f 361//338 553//338 554//338
f 267//339 459//339 458//339
f 362//340 554//340 555//340
f 268//341 460//341 459//341
f 364//342 363//342 555//342
f 269//343 461//343 460//343
f 364//344 556//344 557//344
f 270//345 462//345 461//345
f 365//346 557//346 558//346
f 271//347 463//347 462//347
f 366//348 558//348 559//348
f 272//349 464//349 463//349
f 367//350 559//350 560//350
f 273//351 465//351 464//351
f 368//352 560//352 561//352
f 274//353 466//353 465//353
f 369//354 561//354 562//354
f 275//355 467//355 466//355
f 370//356 562//356 563//356
f 276//357 468//357 467//357
f 372//358 371//358 563//358
f 277//359 469//359 468//359
f 372//360 564//360 565//360
f 278//361 470//361 469//361
f 373//362 565//362 566//362
f 279//363 471//363 470//363
f 375//364 374//364 566//364
f 280//365 472//365 471//365
f 375//366 567//366 568//366
f 281//367 473//367 472//367
f 376//368 568//368 569//368
f 282//369 474//369 473//369
f 377//370 569//370 570//370
f 283//371 475//371 474//371
f 378//372 570//372 571//372
f 284//415 476//415 475//415
f 380//450 379//450 571//450
f 285//375 477//375 476//375
f 380//376 572//376 573//376
f 286//377 478//377 477//377
f 381//378 573//378 574//378
f 287//379 479//379 478//379
f 383//380 382//380 574//380
f 288//381 480//381 479//381
f 383//382 575//382 576//382
f 193//383 385//383 480//383
f 384//384 576//384 481//384
f 1//385 97//385 98//385
f 386//386 482//386 481//386
f 3//385 2//385 98//385
f 387//386 483//386 482//386
f 4//385 3//385 99//385
f 388//386 484//386 483//386
f 4//385 100//385 101//385
f 388//386 389//386 485//386
f 6//385 5//385 101//385
f 389//386 390//386 486//386
f 7//385 6//385 102//385
f 391//386 487//386 486//386
f 8//385 7//385 103//385
f 392//386 488//386 487//386
f 9//385 8//385 104//385
f 393//386 489//386 488//386
f 10//385 9//385 105//385
f 393//386 394//386 490//386
f 10//385 106//385 107//385
f 394//386 395//386 491//386
f 11//385 107//385 108//385
f 396//386 492//386 491//386
f 13//385 12//385 108//385
f 397//386 493//386 492//386
f 13//385 109//385 110//385
f 397//386 398//386 494//386
f 15//385 14//385 110//385
f 398//386 399//386 495//386
f 15//385 111//385 112//385
f 400//386 496//386 495//386
f 16//385 112//385 113//385
f 401//386 497//386 496//386
f 17//385 113//385 114//385
f 401//386 402//386 498//386
f 18//385 114//385 115//385
f 402//386 403//386 499//386
f 19//385 115//385 116//385
f 403//386 404//386 500//386
f 20//385 116//385 117//385
f 405//386 501//386 500//386
f 21//385 117//385 118//385
f 406//386 502//386 501//386
f 22//385 118//385 119//385
f 406//386 407//386 503//386
f 23//385 119//385 120//385
f 407//386 408//386 504//386
f 24//385 120//385 121//385
f 409//386 505//386 504//386
f 25//385 121//385 122//385
f 410//386 506//386 505//386
f 27//385 26//385 122//385
f 411//386 507//386 506//386
f 28//385 27//385 123//385
f 412//386 508//386 507//386
f 28//385 124//385 125//385
f 412//386 413//386 509//386
f 30//385 29//385 125//385
f 413//386 414//386 510//386
f 31//385 30//385 126//385
f 415//386 511//386 510//386
f 32//385 31//385 127//385
f 416//386 512//386 511//386
f 33//385 32//385 128//385
f 417//386 513//386 512//386
f 34//385 33//385 129//385
f 417//386 418//386 514//386
f 34//385 130//385 131//385
f 418//386 419//386 515//386
f 35//385 131//385 132//385
f 420//386 516//386 515//386
f 37//385 36//385 132//385
f 421//386 517//386 516//386
f 37//385 133//385 134//385
f 421//386 422//386 518//386
f 39//385 38//385 134//385
f 422//386 423//386 519//386
f 39//385 135//385 136//385
f 424//386 520//386 519//386
f 40//385 136//385 137//385
f 425//386 521//386 520//386
f 41//385 137//385 138//385
f 425//386 426//386 522//386
f 42//385 138//385 139//385
f 426//386 427//386 523//386
f 43//385 139//385 140//385
f 427//386 428//386 524//386
f 44//385 140//385 141//385
f 429//386 525//386 524//386
f 45//385 141//385 142//385
f 430//386 526//386 525//386
f 46//385 142//385 143//385
f 430//386 431//386 527//386
f 47//385 143//385 144//385
f 431//386 432//386 528//386
f 48//385 144//385 145//385
f 433//386 529//386 528//386
f 49//385 145//385 146//385
f 434//386 530//386 529//386
f 51//385 50//385 146//385
f 435//386 531//386 530//386
f 52//385 51//385 147//385
f 436//386 532//386 531//386
f 52//385 148//385 149//385
f 436//386 437//386 533//386
f 54//385 53//385 149//385
f 437//386 438//386 534//386
f 55//385 54//385 150//385
f 439//386 535//386 534//386
f 56//385 55//385 151//385
f 440//386 536//386 535//386
f 57//385 56//385 152//385
f 441//386 537//386 536//386
f 58//385 57//385 153//385
f 441//386 442//386 538//386
f 58//385 154//385 155//385
f 442//386 443//386 539//386
f 59//385 155//385 156//385
f 444//386 540//386 539//386
f 61//385 60//385 156//385
f 445//386 541//386 540//386
f 61//385 157//385 158//385
f 445//386 446//386 542//386
f 63//385 62//385 158//385
f 446//386 447//386 543//386
f 63//385 159//385 160//385
f 448//386 544//386 543//386
f 64//385 160//385 161//385
f 449//386 545//386 544//386
f 65//385 161//385 162//385
f 449//386 450//386 546//386
f 66//385 162//385 163//385
f 450//386 451//386 547//386
f 67//385 163//385 164//385
f 451//386 452//386 548//386
f 68//385 164//385 165//385
f 453//386 549//386 548//386
f 69//385 165//385 166//385
f 454//386 550//386 549//386
f 70//385 166//385 167//385
f 454//386 455//386 551//386
f 71//385 167//385 168//385
f 455//386 456//386 552//386
f 72//385 168//385 169//385
f 457//386 553//386 552//386
f 73//385 169//385 170//385
f 458//386 554//386 553//386
f 75//385 74//385 170//385
f 459//386 555//386 554//386
f 76//385 75//385 171//385
f 460//386 556//386 555//386
f 76//385 172//385 173//385
f 460//386 461//386 557//386
f 78//385 77//385 173//385
f 461//386 462//386 558//386
f 79//385 78//385 174//385
f 463//386 559//386 558//386
f 80//385 79//385 175//385
f 464//386 560//386 559//386
f 81//385 80//385 176//385
f 465//386 561//386 560//386
f 82//385 81//385 177//385
f 465//386 466//386 562//386
f 82//385 178//385 179//385
f 466//386 467//386 563//386
f 83//385 179//385 180//385
f 468//386 564//386 563//386
f 85//385 84//385 180//385
f 469//386 565//386 564//386
f 85//385 181//385 182//385
f 469//386 470//386 566//386
f 87//385 86//385 182//385
f 470//386 471//386 567//386
f 87//385 183//385 184//385
f 472//386 568//386 567//386
f 88//385 184//385 185//385
f 473//386 569//386 568//386
f 89//385 185//385 186//385
f 473//386 474//386 570//386
f 90//385 186//385 187//385
f 474//386 475//386 571//386
f 91//385 187//385 188//385
f 475//386 476//386 572//386
f 92//385 188//385 189//385
f 477//386 573//386 572//386
f 93//385 189//385 190//385
f 478//386 574//386 573//386
f 94//385 190//385 191//385
f 478//386 479//386 575//386
f 95//385 191//385 192//385
f 479//386 480//386 576//386
f 96//385 192//385 97//385
f 385//386 481//386 576//386
f 578//387 577//387 581//387
f 603//388 601//388 602//388
f 583//386 581//386 577//386
f 577//386 579//386 585//386
f 585//386 589//386 593//386
f 593//386 597//386 601//386
f 601//386 603//386 599//386
f 601//386 599//386 595//386
f 585//386 593//386 601//386
f 583//386 577//386 585//386
f 587//386 583//386 585//386
f 585//386 601//386 595//386
f 591//386 587//386 585//386
f 604//385 602//385 598//385
f 598//385 594//385 590//385
f 590//385 586//385 580//385
f 580//385 578//385 582//385
f 580//385 582//385 584//385
f 598//385 590//385 580//385
f 600//385 604//385 598//385
f 596//385 600//385 598//385
f 580//385 584//385 588//385
f 592//385 596//385 598//385
f 580//385 588//385 592//385
f 605//385 612//385 634//385
f 605//385 606//385 613//385
f 607//385 614//385 613//385
f 608//385 615//385 614//385
f 609//385 616//385 615//385
f 609//385 610//385 617//385
f 611//385 618//385 617//385
f 636//385 618//385 611//385
f 619//329 637//329 634//329
f 644//331 642//331 620//331
f 612//331 613//331 643//331
f 612//331 643//331 641//331
f 644//331 620//331 619//331
f 612//331 641//331 644//331
f 621//333 620//333 642//333
f 613//333 614//333 645//333
f 622//335 621//335 646//335
f 614//335 615//335 647//335
f 623//337 622//337 648//337
f 615//337 616//337 649//337
f 624//339 623//339 650//339
f 616//339 617//339 651//339
f 653//341 651//341 617//341
f 625//341 624//341 652//341
f 625//341 652//341 654//341
f 653//341 617//341 618//341
f 625//341 654//341 653//341
f 625//343 618//343 636//343
f 626//386 639//386 637//386
f 620//386 627//386 626//386
f 620//386 621//386 628//386
f 622//386 629//386 628//386
f 623//386 630//386 629//386
f 624//386 631//386 630//386
f 625//386 632//386 631//386
f 632//386 625//386 638//386
f 605//233 633//233 639//233
f 658//235 656//235 606//235
f 626//235 627//235 657//235
f 626//235 657//235 655//235
f 658//235 606//235 605//235
f 626//235 655//235 658//235
f 606//237 656//237 659//237
f 627//237 628//237 660//237
f 607//239 659//239 661//239
f 629//239 662//239 660//239
f 608//241 661//241 663//241
f 629//241 630//241 664//241
f 609//243 663//243 665//243
f 630//243 631//243 666//243
f 666//245 631//245 632//245
f 611//245 610//245 665//245
f 611//245 665//245 668//245
f 667//245 666//245 632//245
f 611//245 668//245 667//245
f 611//247 632//247 640//247
f 634//388 637//388 639//388
f 638//387 636//387 635//387
f 644//387 641//387 658//387
f 667//388 668//388 653//388
f 656//386 658//386 641//386
f 641//386 643//386 645//386
f 645//386 647//386 649//386
f 649//386 651//386 653//386
f 653//386 668//386 665//386
f 653//386 665//386 663//386
f 645//386 649//386 653//386
f 656//386 641//386 645//386
f 659//386 656//386 645//386
f 645//386 653//386 663//386
f 661//386 659//386 645//386
f 667//385 654//385 652//385
f 652//385 650//385 648//385
f 648//385 646//385 642//385
f 642//385 644//385 655//385
f 642//385 655//385 657//385
f 652//385 648//385 642//385
f 666//385 667//385 652//385
f 664//385 666//385 652//385
f 652//385 642//385 657//385
f 652//385 657//385 660//385
f 662//385 664//385 652//385
usemtl steel_grey
f 670//385 765//385 669//385
f 670//385 767//385 766//385
f 672//385 767//385 671//385
f 672//385 769//385 768//385
f 674//385 769//385 673//385
f 674//385 771//385 770//385
f 675//385 772//385 771//385
f 677//385 772//385 676//385
f 678//385 773//385 677//385
f 679//385 774//385 678//385
f 679//385 776//385 775//385
f 681//385 776//385 680//385
f 681//385 778//385 777//385
f 683//385 778//385 682//385
f 683//385 780//385 779//385
f 685//385 780//385 684//385
f 686//385 781//385 685//385
f 687//385 782//385 686//385
f 688//385 783//385 687//385
f 689//385 784//385 688//385
f 690//385 785//385 689//385
f 690//385 787//385 786//385
f 692//385 787//385 691//385
f 692//385 789//385 788//385
f 694//385 789//385 693//385
f 694//385 791//385 790//385
f 696//385 791//385 695//385
f 696//385 793//385 792//385
f 698//385 793//385 697//385
f 698//385 795//385 794//385
f 699//385 796//385 795//385
f 701//385 796//385 700//385
f 702//385 797//385 701//385
f 703//385 798//385 702//385
f 703//385 800//385 799//385
f 705//385 800//385 704//385
f 705//385 802//385 801//385
f 707//385 802//385 706//385
f 707//385 804//385 803//385
f 709//385 804//385 708//385
f 710//385 805//385 709//385
f 711//385 806//385 710//385
f 712//385 807//385 711//385
f 713//385 808//385 712//385
f 714//385 809//385 713//385
f 714//385 811//385 810//385
f 716//385 811//385 715//385
f 716//385 813//385 812//385
f 718//385 813//385 717//385
f 718//385 815//385 814//385
f 720//385 815//385 719//385
f 720//385 817//385 816//385
f 722//385 817//385 721//385
f 722//385 819//385 818//385
f 723//385 820//385 819//385
f 725//385 820//385 724//385
f 726//385 821//385 725//385
f 727//385 822//385 726//385
f 727//385 824//385 823//385
f 729//385 824//385 728//385
f 729//385 826//385 825//385
f 731//385 826//385 730//385
f 731//385 828//385 827//385
f 733//385 828//385 732//385
f 734//385 829//385 733//385
f 735//385 830//385 734//385
f 736//385 831//385 735//385
f 737//385 832//385 736//385
f 738//385 833//385 737//385
f 738//385 835//385 834//385
f 740//385 835//385 739//385
f 740//385 837//385 836//385
f 742//385 837//385 741//385
f 742//385 839//385 838//385
f 744//385 839//385 743//385
f 744//385 841//385 840//385
f 746//385 841//385 745//385
f 746//385 843//385 842//385
f 747//385 844//385 843//385
f 749//385 844//385 748//385
f 750//385 845//385 749//385
f 751//385 846//385 750//385
f 751//385 848//385 847//385
f 753//385 848//385 752//385
f 753//385 850//385 849//385
f 755//385 850//385 754//385
f 755//385 852//385 851//385
f 757//385 852//385 756//385
f 758//385 853//385 757//385
f 759//385 854//385 758//385
f 760//385 855//385 759//385
f 761//385 856//385 760//385
f 762//385 857//385 761//385
f 762//385 859//385 858//385
f 764//385 859//385 763//385
f 764//385 765//385 860//385
f 766//193 861//193 765//193
f 767//195 862//195 766//195
f 768//197 863//197 767//197
f 769//199 864//199 768//199
f 770//201 865//201 769//201
f 771//389 866//389 770//389
f 772//205 867//205 771//205
f 773//207 868//207 772//207
f 774//209 869//209 773//209
f 775//211 870//211 774//211
f 776//213 871//213 775//213
f 777//215 872//215 776//215
f 778//217 873//217 777//217
f 779//219 874//219 778//219
f 780//221 875//221 779//221
f 781//223 876//223 780//223
f 782//225 877//225 781//225
f 783//227 878//227 782//227
f 784//229 879//229 783//229
f 785//231 880//231 784//231
f 786//233 881//233 785//233
f 787//235 882//235 786//235
f 788//237 883//237 787//237
f 789//239 884//239 788//239
f 790//241 885//241 789//241
f 791//243 886//243 790//243
f 792//245 887//245 791//245
f 793//247 888//247 792//247
f 794//249 889//249 793//249
f 795//251 890//251 794//251
f 796//253 891//253 795//253
f 797//255 892//255 796//255
f 798//257 893//257 797//257
f 799//259 894//259 798//259
f 800//261 895//261 799//261
f 801//263 896//263 800//263
f 802//265 897//265 801//265
f 803//267 898//267 802//267
f 804//269 899//269 803//269
f 805//271 900//271 804//271
f 806//273 901//273 805//273
f 807//275 902//275 806//275
f 808//277 903//277 807//277
f 809//279 904//279 808//279
f 810//281 905//281 809//281
f 811//283 906//283 810//283
f 812//285 907//285 811//285
f 813//287 908//287 812//287
f 814//289 909//289 813//289
f 815//291 910//291 814//291
f 816//293 911//293 815//293
f 817//295 912//295 816//295
f 818//297 913//297 817//297
f 819//390 914//390 818//390
f 820//301 915//301 819//301
f 821//303 916//303 820//303
f 822//305 917//305 821//305
f 823//307 918//307 822//307
f 824//309 919//309 823//309
f 825//311 920//311 824//311
f 826//313 921//313 825//313
f 827//315 922//315 826//315
f 828//317 923//317 827//317
f 829//319 924//319 828//319
f 830//321 925//321 829//321
f 831//323 926//323 830//323
f 832//325 927//325 831//325
f 833//327 928//327 832//327
f 834//329 929//329 833//329
f 835//331 930//331 834//331
f 836//333 931//333 835//333
f 837//335 932//335 836//335
f 838//337 933//337 837//337
f 839//339 934//339 838//339
f 840//341 935//341 839//341
f 841//343 936//343 840//343
f 842//345 937//345 841//345
f 843//347 938//347 842//347
f 844//349 939//349 843//349
f 845//351 940//351 844//351
f 846//353 941//353 845//353
f 847//355 942//355 846//355
f 848//357 943//357 847//357
f 849//359 944//359 848//359
f 850//361 945//361 849//361
f 851//363 946//363 850//363
f 852//365 947//365 851//365
f 853//367 948//367 852//367
f 854//369 949//369 853//369
f 855//371 950//371 854//371
f 856//373 951//373 855//373
f 857//375 952//375 856//375
f 858//377 953//377 857//377
f 859//379 954//379 858//379
f 860//381 955//381 859//381
f 765//383 956//383 860//383
f 861//386 958//386 957//386
f 863//386 958//386 862//386
f 864//386 959//386 863//386
f 865//386 960//386 864//386
f 866//386 961//386 865//386
f 867//386 962//386 866//386
f 868//386 963//386 867//386
f 869//386 964//386 868//386
f 870//386 965//386 869//386
f 870//386 967//386 966//386
f 872//386 967//386 871//386
f 872//386 969//386 968//386
f 874//386 969//386 873//386
f 875//386 970//386 874//386
f 876//386 971//386 875//386
f 877//386 972//386 876//386
f 878//386 973//386 877//386
f 878//386 975//386 974//386
f 879//386 976//386 975//386
f 881//386 976//386 880//386
f 881//386 978//386 977//386
f 882//386 979//386 978//386
f 883//386 980//386 979//386
f 885//386 980//386 884//386
f 885//386 982//386 981//386
f 887//386 982//386 886//386
f 888//386 983//386 887//386
f 889//386 984//386 888//386
f 890//386 985//386 889//386
f 891//386 986//386 890//386
f 892//386 987//386 891//386
f 893//386 988//386 892//386
f 894//386 989//386 893//386
f 894//386 991//386 990//386
f 896//386 991//386 895//386
f 896//386 993//386 992//386
f 898//386 993//386 897//386
f 899//386 994//386 898//386
f 900//386 995//386 899//386
f 901//386 996//386 900//386
f 902//386 997//386 901//386
f 902//386 999//386 998//386
f 903//386 1000//386 999//386
f 905//386 1000//386 904//386
f 905//386 1002//386 1001//386
f 906//386 1003//386 1002//386
f 907//386 1004//386 1003//386
f 909//386 1004//386 908//386
f 909//386 1006//386 1005//386
f 911//386 1006//386 910//386
f 912//386 1007//386 911//386
f 913//386 1008//386 912//386
f 914//386 1009//386 913//386
f 915//386 1010//386 914//386
f 916//386 1011//386 915//386
f 917//386 1012//386 916//386
f 918//386 1013//386 917//386
f 918//386 1015//386 1014//386
f 920//386 1015//386 919//386
f 920//386 1017//386 1016//386
f 922//386 1017//386 921//386
f 923//386 1018//386 922//386
f 924//386 1019//386 923//386
f 925//386 1020//386 924//386
f 926//386 1021//386 925//386
f 926//386 1023//386 1022//386
f 927//386 1024//386 1023//386
f 929//386 1024//386 928//386
f 929//386 1026//386 1025//386
f 930//386 1027//386 1026//386
f 931//386 1028//386 1027//386
f 933//386 1028//386 932//386
f 933//386 1030//386 1029//386
f 935//386 1030//386 934//386
f 936//386 1031//386 935//386
f 937//386 1032//386 936//386
f 938//386 1033//386 937//386
f 939//386 1034//386 938//386
f 940//386 1035//386 939//386
f 941//386 1036//386 940//386
f 942//386 1037//386 941//386
f 942//386 1039//386 1038//386
f 944//386 1039//386 943//386
f 944//386 1041//386 1040//386
f 946//386 1041//386 945//386
f 947//386 1042//386 946//386
f 948//386 1043//386 947//386
f 949//386 1044//386 948//386
f 950//386 1045//386 949//386
f 950//386 1047//386 1046//386
f 951//386 1048//386 1047//386
f 953//386 1048//386 952//386
f 953//386 1050//386 1049//386
f 954//386 1051//386 1050//386
f 955//386 1052//386 1051//386
f 861//386 1052//386 956//386
f 958//289 1053//289 957//289
f 959//291 1054//291 958//291
f 960//293 1055//293 959//293
f 961//295 1056//295 960//295
f 962//297 1057//297 961//297
f 963//390 1058//390 962//390
f 964//301 1059//301 963//301
f 965//303 1060//303 964//303
f 966//305 1061//305 965//305
f 967//307 1062//307 966//307
f 968//309 1063//309 967//309
f 969//311 1064//311 968//311
f 970//313 1065//313 969//313
f 971//315 1066//315 970//315
f 972//317 1067//317 971//317
f 973//319 1068//319 972//319
f 974//321 1069//321 973//321
f 975//323 1070//323 974//323
f 976//391 1071//391 975//391
f 977//327 1072//327 976//327
f 978//329 1073//329 977//329
f 979//331 1074//331 978//331
f 980//333 1075//333 979//333
f 981//335 1076//335 980//335
f 982//337 1077//337 981//337
f 983//339 1078//339 982//339
f 984//341 1079//341 983//341
f 985//343 1080//343 984//343
f 986//345 1081//345 985//345
f 987//392 1082//392 986//392
f 988//349 1083//349 987//349
f 989//351 1084//351 988//351
f 990//353 1085//353 989//353
f 991//355 1086//355 990//355
f 992//357 1087//357 991//357
f 993//359 1088//359 992//359
f 994//361 1089//361 993//361
f 995//363 1090//363 994//363
f 996//365 1091//365 995//365
f 997//367 1092//367 996//367
f 998//369 1093//369 997//369
f 999//371 1094//371 998//371
f 1000//373 1095//373 999//373
f 1001//375 1096//375 1000//375
f 1002//377 1097//377 1001//377
f 1003//379 1098//379 1002//379
f 1004//381 1099//381 1003//381
f 1005//383 1100//383 1004//383
f 1006//193 1101//193 1005//193
f 1007//195 1102//195 1006//195
f 1008//197 1103//197 1007//197
f 1009//199 1104//199 1008//199
f 1010//201 1105//201 1009//201
f 1011//389 1106//389 1010//389
f 1012//205 1107//205 1011//205
f 1013//207 1108//207 1012//207
f 1014//209 1109//209 1013//209
f 1015//211 1110//211 1014//211
f 1016//213 1111//213 1015//213
f 1017//215 1112//215 1016//215
f 1018//217 1113//217 1017//217
f 1019//219 1114//219 1018//219
f 1020//221 1115//221 1019//221
f 1021//223 1116//223 1020//223
f 1022//225 1117//225 1021//225
f 1023//227 1118//227 1022//227
f 1024//393 1119//393 1023//393
f 1025//231 1120//231 1024//231
f 1026//233 1121//233 1025//233
f 1027//235 1122//235 1026//235
f 1028//237 1123//237 1027//237
f 1029//239 1124//239 1028//239
f 1030//241 1125//241 1029//241
f 1031//243 1126//243 1030//243
f 1032//245 1127//245 1031//245
f 1033//247 1128//247 1032//247
f 1034//249 1129//249 1033//249
f 1035//394 1130//394 1034//394
f 1036//253 1131//253 1035//253
f 1037//255 1132//255 1036//255
f 1038//257 1133//257 1037//257
f 1039//259 1134//259 1038//259
f 1040//261 1135//261 1039//261
f 1041//263 1136//263 1040//263
f 1042//265 1137//265 1041//265
f 1043//267 1138//267 1042//267
f 1044//269 1139//269 1043//269
f 1045//271 1140//271 1044//271
f 1046//273 1141//273 1045//273
f 1047//275 1142//275 1046//275
f 1048//277 1143//277 1047//277
f 1049//279 1144//279 1048//279
f 1050//281 1145//281 1049//281
f 1051//283 1146//283 1050//283
f 1052//285 1147//285 1051//285
f 957//287 1148//287 1052//287
f 3837//385 3934//385 3933//385
f 3839//385 3934//385 3838//385
f 3839//385 3936//385 3935//385
f 3841//385 3936//385 3840//385
f 3841//385 3938//385 3937//385
f 3843//385 3938//385 3842//385
f 3844//385 3939//385 3843//385
f 3844//385 3941//385 3940//385
f 3845//385 3942//385 3941//385
f 3847//385 3942//385 3846//385
f 3847//385 3944//385 3943//385
f 3849//385 3944//385 3848//385
f 3850//385 3945//385 3849//385
f 3851//385 3946//385 3850//385
f 3852//385 3947//385 3851//385
f 3853//385 3948//385 3852//385
f 3854//385 3949//385 3853//385
f 3854//385 3951//385 3950//385
f 3855//385 3952//385 3951//385
f 3857//385 3952//385 3856//385
f 3857//385 3954//385 3953//385
f 3859//385 3954//385 3858//385
f 3859//385 3956//385 3955//385
f 3861//385 3956//385 3860//385
f 3861//385 3958//385 3957//385
f 3863//385 3958//385 3862//385
f 3863//385 3960//385 3959//385
f 3865//385 3960//385 3864//385
f 3865//385 3962//385 3961//385
f 3867//385 3962//385 3866//385
f 3868//385 3963//385 3867//385
f 3868//385 3965//385 3964//385
f 3869//385 3966//385 3965//385
f 3871//385 3966//385 3870//385
f 3871//385 3968//385 3967//385
f 3873//385 3968//385 3872//385
f 3874//385 3969//385 3873//385
f 3875//385 3970//385 3874//385
f 3876//385 3971//385 3875//385
f 3877//385 3972//385 3876//385
f 3878//385 3973//385 3877//385
f 3878//385 3975//385 3974//385
f 3879//385 3976//385 3975//385
f 3881//385 3976//385 3880//385
f 3881//385 3978//385 3977//385
f 3883//385 3978//385 3882//385
f 3883//385 3980//385 3979//385
f 3885//385 3980//385 3884//385
f 3885//385 3982//385 3981//385
f 3887//385 3982//385 3886//385
f 3887//385 3984//385 3983//385
f 3889//385 3984//385 3888//385
f 3889//385 3986//385 3985//385
f 3891//385 3986//385 3890//385
f 3892//385 3987//385 3891//385
f 3892//385 3989//385 3988//385
f 3893//385 3990//385 3989//385
f 3895//385 3990//385 3894//385
f 3895//385 3992//385 3991//385
f 3897//385 3992//385 3896//385
f 3898//385 3993//385 3897//385
f 3899//385 3994//385 3898//385
f 3900//385 3995//385 3899//385
f 3901//385 3996//385 3900//385
f 3902//385 3997//385 3901//385
f 3902//385 3999//385 3998//385
f 3903//385 4000//385 3999//385
f 3905//385 4000//385 3904//385
f 3905//385 4002//385 4001//385
f 3907//385 4002//385 3906//385
f 3907//385 4004//385 4003//385
f 3909//385 4004//385 3908//385
f 3909//385 4006//385 4005//385
f 3911//385 4006//385 3910//385
f 3911//385 4008//385 4007//385
f 3913//385 4008//385 3912//385
f 3913//385 4010//385 4009//385
f 3915//385 4010//385 3914//385
f 3916//385 4011//385 3915//385
f 3916//385 4013//385 4012//385
f 3917//385 4014//385 4013//385
f 3919//385 4014//385 3918//385
f 3919//385 4016//385 4015//385
f 3921//385 4016//385 3920//385
f 3922//385 4017//385 3921//385
f 3923//385 4018//385 3922//385
f 3924//385 4019//385 3923//385
f 3925//385 4020//385 3924//385
f 3926//385 4021//385 3925//385
f 3926//385 4023//385 4022//385
f 3927//385 4024//385 4023//385
f 3929//385 4024//385 3928//385
f 3929//385 4026//385 4025//385
f 3931//385 4026//385 3930//385
f 3931//385 4028//385 4027//385
f 3837//385 4028//385 3932//385
f 3934//193 4029//193 3933//193
f 3935//195 4030//195 3934//195
f 3936//197 4031//197 3935//197
f 3937//199 4032//199 3936//199
f 3938//201 4033//201 3937//201
f 3939//389 4034//389 3938//389
f 3940//205 4035//205 3939//205
f 3941//207 4036//207 3940//207
f 3942//209 4037//209 3941//209
f 3943//211 4038//211 3942//211
f 3944//213 4039//213 3943//213
f 3945//215 4040//215 3944//215
f 3946//217 4041//217 3945//217
f 3947//219 4042//219 3946//219
f 3948//221 4043//221 3947//221
f 3949//223 4044//223 3948//223
f 3950//225 4045//225 3949//225
f 3951//227 4046//227 3950//227
f 3952//229 4047//229 3951//229
f 3953//231 4048//231 3952//231
f 3954//233 4049//233 3953//233
f 3955//235 4050//235 3954//235
f 3956//237 4051//237 3955//237
f 3957//239 4052//239 3956//239
f 3958//241 4053//241 3957//241
f 3959//243 4054//243 3958//243
f 3960//245 4055//245 3959//245
f 3961//247 4056//247 3960//247
f 3962//249 4057//249 3961//249
f 3963//251 4058//251 3962//251
f 3964//253 4059//253 3963//253
f 3965//255 4060//255 3964//255
f 3966//257 4061//257 3965//257
f 3967//259 4062//259 3966//259
f 3968//261 4063//261 3967//261
f 3969//263 4064//263 3968//263
f 3970//265 4065//265 3969//265
f 3971//267 4066//267 3970//267
f 3972//411 4067//411 3971//411
f 3973//271 4068//271 3972//271
f 3974//273 4069//273 3973//273
f 3975//275 4070//275 3974//275
f 3976//277 4071//277 3975//277
f 3977//279 4072//279 3976//279
f 3978//281 4073//281 3977//281
f 3979//283 4074//283 3978//283
f 3980//285 4075//285 3979//285
f 3981//287 4076//287 3980//287
f 3982//289 4077//289 3981//289
f 3983//291 4078//291 3982//291
f 3984//293 4079//293 3983//293
f 3985//295 4080//295 3984//295
f 3986//297 4081//297 3985//297
f 3987//390 4082//390 3986//390
f 3988//301 4083//301 3987//301
f 3989//303 4084//303 3988//303
f 3990//305 4085//305 3989//305
f 3991//307 4086//307 3990//307
f 3992//309 4087//309 3991//309
f 3993//311 4088//311 3992//311
f 3994//313 4089//313 3993//313
f 3995//315 4090//315 3994//315
f 3996//317 4091//317 3995//317
f 3997//319 4092//319 3996//319
f 3998//321 4093//321 3997//321
f 3999//323 4094//323 3998//323
f 4000//325 4095//325 3999//325
f 4001//327 4096//327 4000//327
f 4002//329 4097//329 4001//329
f 4003//331 4098//331 4002//331
f 4004//333 4099//333 4003//333
f 4005//335 4100//335 4004//335
f 4006//337 4101//337 4005//337
f 4007//339 4102//339 4006//339
f 4008//341 4103//341 4007//341
f 4009//343 4104//343 4008//343
f 4010//345 4105//345 4009//345
f 4011//347 4106//347 4010//347
f 4012//349 4107//349 4011//349
f 4013//351 4108//351 4012//351
f 4014//353 4109//353 4013//353
f 4015//355 4110//355 4014//355
f 4016//357 4111//357 4015//357
f 4017//359 4112//359 4016//359
f 4018//361 4113//361 4017//361
f 4019//363 4114//363 4018//363
f 4020//412 4115//412 4019//412
f 4021//367 4116//367 4020//367
f 4022//369 4117//369 4021//369
f 4023//371 4118//371 4022//371
f 4024//373 4119//373 4023//373
f 4025//375 4120//375 4024//375
f 4026//377 4121//377 4025//377
f 4027//379 4122//379 4026//379
f 4028//381 4123//381 4027//381
f 3933//383 4124//383 4028//383
f 4030//386 4125//386 4029//386
f 4030//386 4127//386 4126//386
f 4032//386 4127//386 4031//386
f 4032//386 4129//386 4128//386
f 4034//386 4129//386 4033//386
f 4034//386 4131//386 4130//386
f 4035//386 4132//386 4131//386
f 4037//386 4132//386 4036//386
f 4038//386 4133//386 4037//386
f 4039//386 4134//386 4038//386
f 4040//386 4135//386 4039//386
f 4041//386 4136//386 4040//386
f 4042//386 4137//386 4041//386
f 4042//386 4139//386 4138//386
f 4044//386 4139//386 4043//386
f 4045//386 4140//386 4044//386
f 4045//386 4142//386 4141//386
f 4047//386 4142//386 4046//386
f 4048//386 4143//386 4047//386
f 4048//386 4145//386 4144//386
f 4050//386 4145//386 4049//386
f 4050//386 4147//386 4146//386
f 4052//386 4147//386 4051//386
f 4052//386 4149//386 4148//386
f 4054//386 4149//386 4053//386
f 4054//386 4151//386 4150//386
f 4056//386 4151//386 4055//386
f 4056//386 4153//386 4152//386
f 4058//386 4153//386 4057//386
f 4058//386 4155//386 4154//386
f 4059//386 4156//386 4155//386
f 4061//386 4156//386 4060//386
f 4062//386 4157//386 4061//386
f 4063//386 4158//386 4062//386
f 4064//386 4159//386 4063//386
f 4065//386 4160//386 4064//386
f 4066//386 4161//386 4065//386
f 4066//386 4163//386 4162//386
f 4068//386 4163//386 4067//386
f 4069//386 4164//386 4068//386
f 4069//386 4166//386 4165//386
f 4071//386 4166//386 4070//386
f 4072//386 4167//386 4071//386
f 4072//386 4169//386 4168//386
f 4074//386 4169//386 4073//386
f 4074//386 4171//386 4170//386
f 4076//386 4171//386 4075//386
f 4076//386 4173//386 4172//386
f 4078//386 4173//386 4077//386
f 4078//386 4175//386 4174//386
f 4080//386 4175//386 4079//386
f 4080//386 4177//386 4176//386
f 4082//386 4177//386 4081//386
f 4082//386 4179//386 4178//386
f 4083//386 4180//386 4179//386
f 4085//386 4180//386 4084//386
f 4086//386 4181//386 4085//386
f 4087//386 4182//386 4086//386
f 4088//386 4183//386 4087//386
f 4089//386 4184//386 4088//386
f 4090//386 4185//386 4089//386
f 4090//386 4187//386 4186//386
f 4092//386 4187//386 4091//386
f 4093//386 4188//386 4092//386
f 4093//386 4190//386 4189//386
f 4095//386 4190//386 4094//386
f 4096//386 4191//386 4095//386
f 4096//386 4193//386 4192//386
f 4098//386 4193//386 4097//386
f 4098//386 4195//386 4194//386
f 4100//386 4195//386 4099//386
f 4100//386 4197//386 4196//386
f 4102//386 4197//386 4101//386
f 4102//386 4199//386 4198//386
f 4104//386 4199//386 4103//386
f 4104//386 4201//386 4200//386
f 4106//386 4201//386 4105//386
f 4106//386 4203//386 4202//386
f 4107//386 4204//386 4203//386
f 4109//386 4204//386 4108//386
f 4110//386 4205//386 4109//386
f 4111//386 4206//386 4110//386
f 4112//386 4207//386 4111//386
f 4113//386 4208//386 4112//386
f 4114//386 4209//386 4113//386
f 4114//386 4211//386 4210//386
f 4116//386 4211//386 4115//386
f 4117//386 4212//386 4116//386
f 4117//386 4214//386 4213//386
f 4119//386 4214//386 4118//386
f 4120//386 4215//386 4119//386
f 4120//386 4217//386 4216//386
f 4122//386 4217//386 4121//386
f 4122//386 4219//386 4218//386
f 4124//386 4219//386 4123//386
f 4124//386 4125//386 4220//386
f 4126//289 4221//289 4125//289
f 4127//291 4222//291 4126//291
f 4128//293 4223//293 4127//293
f 4129//295 4224//295 4128//295
f 4130//297 4225//297 4129//297
f 4131//299 4226//299 4130//299
f 4132//301 4227//301 4131//301
f 4133//303 4228//303 4132//303
f 4134//305 4229//305 4133//305
f 4135//307 4230//307 4134//307
f 4136//309 4231//309 4135//309
f 4137//311 4232//311 4136//311
f 4138//313 4233//313 4137//313
f 4139//315 4234//315 4138//315
f 4140//413 4235//413 4139//413
f 4141//319 4236//319 4140//319
f 4142//321 4237//321 4141//321
f 4143//323 4238//323 4142//323
f 4144//325 4239//325 4143//325
f 4145//327 4240//327 4144//327
f 4146//329 4241//329 4145//329
f 4147//331 4242//331 4146//331
f 4148//333 4243//333 4147//333
f 4149//335 4244//335 4148//335
f 4150//337 4245//337 4149//337
f 4151//339 4246//339 4150//339
f 4152//341 4247//341 4151//341
f 4153//343 4248//343 4152//343
f 4154//345 4249//345 4153//345
f 4155//347 4250//347 4154//347
f 4156//349 4251//349 4155//349
f 4157//351 4252//351 4156//351
f 4158//353 4253//353 4157//353
f 4159//414 4254//414 4158//414
f 4160//357 4255//357 4159//357
f 4161//359 4256//359 4160//359
f 4162//361 4257//361 4161//361
f 4163//363 4258//363 4162//363
f 4164//365 4259//365 4163//365
f 4165//367 4260//367 4164//367
f 4166//369 4261//369 4165//369
f 4167//371 4262//371 4166//371
f 4168//415 4263//415 4167//415
f 4169//375 4264//375 4168//375
f 4170//377 4265//377 4169//377
f 4171//379 4266//379 4170//379
f 4172//381 4267//381 4171//381
f 4173//383 4268//383 4172//383
f 4174//193 4269//193 4173//193
f 4175//195 4270//195 4174//195
f 4176//197 4271//197 4175//197
f 4177//199 4272//199 4176//199
f 4178//201 4273//201 4177//201
f 4179//203 4274//203 4178//203
f 4180//205 4275//205 4179//205
f 4181//207 4276//207 4180//207
f 4182//209 4277//209 4181//209
f 4183//211 4278//211 4182//211
f 4184//213 4279//213 4183//213
f 4185//215 4280//215 4184//215
f 4186//217 4281//217 4185//217
f 4187//219 4282//219 4186//219
f 4188//416 4283//416 4187//416
f 4189//223 4284//223 4188//223
f 4190//225 4285//225 4189//225
f 4191//227 4286//227 4190//227
f 4192//229 4287//229 4191//229
f 4193//231 4288//231 4192//231
f 4194//233 4289//233 4193//233
f 4195//235 4290//235 4194//235
f 4196//237 4291//237 4195//237
f 4197//239 4292//239 4196//239
f 4198//241 4293//241 4197//241
f 4199//243 4294//243 4198//243
f 4200//245 4295//245 4199//245
f 4201//247 4296//247 4200//247
f 4202//249 4297//249 4201//249
f 4203//251 4298//251 4202//251
f 4204//253 4299//253 4203//253
f 4205//255 4300//255 4204//255
f 4206//257 4301//257 4205//257
f 4207//417 4302//417 4206//417
f 4208//261 4303//261 4207//261
f 4209//263 4304//263 4208//263
f 4210//265 4305//265 4209//265
f 4211//267 4306//267 4210//267
f 4212//269 4307//269 4211//269
f 4213//271 4308//271 4212//271
f 4214//273 4309//273 4213//273
f 4215//275 4310//275 4214//275
f 4216//418 4311//418 4215//418
f 4217//279 4312//279 4216//279
f 4218//281 4313//281 4217//281
f 4219//283 4314//283 4218//283
f 4220//285 4315//285 4219//285
f 4125//287 4316//287 4220//287
f 4318//385 4413//385 4317//385
f 4318//385 4415//385 4414//385
f 4320//419 4415//419 4319//419
f 4320//385 4417//385 4416//385
f 4322//385 4417//385 4321//385
f 4322//385 4419//385 4418//385
f 4324//420 4419//420 4323//420
f 4325//420 4420//420 4324//420
f 4326//385 4421//385 4325//385
f 4327//420 4422//420 4326//420
f 4328//421 4423//421 4327//421
f 4329//420 4424//420 4328//420
f 4329//385 4426//385 4425//385
f 4331//385 4426//385 4330//385
f 4331//419 4428//419 4427//419
f 4332//385 4429//385 4428//385
f 4333//421 4430//421 4429//421
f 4335//385 4430//385 4334//385
f 4336//385 4431//385 4335//385
f 4337//385 4432//385 4336//385
f 4338//385 4433//385 4337//385
f 4338//385 4435//385 4434//385
f 4340//385 4435//385 4339//385
f 4341//385 4436//385 4340//385
f 4342//385 4437//385 4341//385
f 4342//385 4439//385 4438//385
f 4344//385 4439//385 4343//385
f 4344//385 4441//385 4440//385
f 4346//421 4441//421 4345//421
f 4346//421 4443//421 4442//421
f 4348//385 4443//385 4347//385
f 4349//421 4444//421 4348//421
f 4350//421 4445//421 4349//421
f 4351//385 4446//385 4350//385
f 4352//421 4447//421 4351//421
f 4353//385 4448//385 4352//385
f 4353//385 4450//385 4449//385
f 4355//420 4450//420 4354//420
f 4355//385 4452//385 4451//385
f 4356//385 4453//385 4452//385
f 4357//385 4454//385 4453//385
f 4359//421 4454//421 4358//421
f 4360//420 4455//420 4359//420
f 4361//420 4456//420 4360//420
f 4362//421 4457//421 4361//421
f 4362//385 4459//385 4458//385
f 4364//422 4459//422 4363//422
f 4365//420 4460//420 4364//420
f 4366//385 4461//385 4365//385
f 4366//385 4463//385 4462//385
f 4368//422 4463//422 4367//422
f 4368//385 4465//385 4464//385
f 4370//385 4465//385 4369//385
f 4370//385 4467//385 4466//385
f 4372//421 4467//421 4371//421
f 4373//421 4468//421 4372//421
f 4374//385 4469//385 4373//385
f 4375//421 4470//421 4374//421
f 4376//420 4471//420 4375//420
f 4377//421 4472//421 4376//421
f 4377//385 4474//385 4473//385
f 4379//385 4474//385 4378//385
f 4379//422 4476//422 4475//422
f 4380//385 4477//385 4476//385
f 4381//420 4478//420 4477//420
f 4383//385 4478//385 4382//385
f 4384//385 4479//385 4383//385
f 4385//385 4480//385 4384//385
f 4386//385 4481//385 4385//385
f 4386//385 4483//385 4482//385
f 4388//385 4483//385 4387//385
f 4389//385 4484//385 4388//385
f 4390//385 4485//385 4389//385
f 4390//385 4487//385 4486//385
f 4392//385 4487//385 4391//385
f 4392//385 4489//385 4488//385
f 4394//420 4489//420 4393//420
f 4394//420 4491//420 4490//420
f 4396//385 4491//385 4395//385
f 4397//420 4492//420 4396//420
f 4398//420 4493//420 4397//420
f 4399//385 4494//385 4398//385
f 4400//420 4495//420 4399//420
f 4401//385 4496//385 4400//385
f 4401//385 4498//385 4497//385
f 4403//421 4498//421 4402//421
f 4403//385 4500//385 4499//385
f 4404//385 4501//385 4500//385
f 4405//385 4502//385 4501//385
f 4407//420 4502//420 4406//420
f 4408//421 4503//421 4407//421
f 4409//421 4504//421 4408//421
f 4410//420 4505//420 4409//420
f 4410//385 4507//385 4506//385
f 4412//419 4507//419 4411//419
f 4317//421 4508//421 4412//421
f 4414//193 4509//193 4413//193
f 4415//195 4510//195 4414//195
f 4416//197 4511//197 4415//197
f 4417//199 4512//199 4416//199
f 4418//201 4513//201 4417//201
f 4419//389 4514//389 4418//389
f 4420//205 4515//205 4419//205
f 4421//207 4516//207 4420//207
f 4422//423 4517//423 4421//423
f 4423//424 4518//424 4422//424
f 4424//213 4519//213 4423//213
f 4425//215 4520//215 4424//215
f 4426//425 4521//425 4425//425
f 4427//219 4522//219 4426//219
f 4428//221 4523//221 4427//221
f 4429//223 4524//223 4428//223
f 4430//225 4525//225 4429//225
f 4431//227 4526//227 4430//227
f 4432//229 4527//229 4431//229
f 4433//231 4528//231 4432//231
f 4434//233 4529//233 4433//233
f 4435//235 4530//235 4434//235
f 4436//237 4531//237 4435//237
f 4437//239 4532//239 4436//239
f 4438//241 4533//241 4437//241
f 4439//243 4534//243 4438//243
f 4440//245 4535//245 4439//245
f 4441//247 4536//247 4440//247
f 4442//249 4537//249 4441//249
f 4443//251 4538//251 4442//251
f 4444//253 4539//253 4443//253
f 4445//255 4540//255 4444//255
f 4446//257 4541//257 4445//257
f 4447//259 4542//259 4446//259
f 4448//261 4543//261 4447//261
f 4449//426 4544//426 4448//426
f 4450//265 4545//265 4449//265
f 4451//267 4546//267 4450//267
f 4452//427 4547//427 4451//427
f 4453//428 4548//428 4452//428
f 4454//273 4549//273 4453//273
f 4455//275 4550//275 4454//275
f 4456//277 4551//277 4455//277
f 4457//279 4552//279 4456//279
f 4458//281 4553//281 4457//281
f 4459//283 4554//283 4458//283
f 4460//285 4555//285 4459//285
f 4461//287 4556//287 4460//287
f 4462//289 4557//289 4461//289
f 4463//291 4558//291 4462//291
f 4464//293 4559//293 4463//293
f 4465//295 4560//295 4464//295
f 4466//297 4561//297 4465//297
f 4467//390 4562//390 4466//390
f 4468//301 4563//301 4467//301
f 4469//303 4564//303 4468//303
f 4470//429 4565//429 4469//429
f 4471//430 4566//430 4470//430
f 4472//309 4567//309 4471//309
f 4473//311 4568//311 4472//311
f 4474//431 4569//431 4473//431
f 4475//315 4570//315 4474//315
f 4476//317 4571//317 4475//317
f 4477//319 4572//319 4476//319
f 4478//321 4573//321 4477//321
f 4479//323 4574//323 4478//323
f 4480//325 4575//325 4479//325
f 4481//327 4576//327 4480//327
f 4482//329 4577//329 4481//329
f 4483//331 4578//331 4482//331
f 4484//333 4579//333 4483//333
f 4485//335 4580//335 4484//335
f 4486//337 4581//337 4485//337
f 4487//339 4582//339 4486//339
f 4488//341 4583//341 4487//341
f 4489//343 4584//343 4488//343
f 4490//345 4585//345 4489//345
f 4491//347 4586//347 4490//347
f 4492//349 4587//349 4491//349
f 4493//351 4588//351 4492//351
f 4494//353 4589//353 4493//353
f 4495//355 4590//355 4494//355
f 4496//357 4591//357 4495//357
f 4497//432 4592//432 4496//432
f 4498//361 4593//361 4497//361
f 4499//363 4594//363 4498//363
f 4500//433 4595//433 4499//433
f 4501//434 4596//434 4500//434
f 4502//369 4597//369 4501//369
f 4503//371 4598//371 4502//371
f 4504//373 4599//373 4503//373
f 4505//375 4600//375 4504//375
f 4506//377 4601//377 4505//377
f 4507//379 4602//379 4506//379
f 4508//381 4603//381 4507//381
f 4413//383 4604//383 4508//383
f 4510//386 4605//386 4509//386
f 4511//435 4606//435 4510//435
f 4512//435 4607//435 4511//435
f 4512//386 4609//386 4608//386
f 4514//435 4609//435 4513//435
f 4515//386 4610//386 4514//386
f 4515//386 4612//386 4611//386
f 4516//386 4613//386 4612//386
f 4517//386 4614//386 4613//386
f 4519//435 4614//435 4518//435
f 4519//386 4616//386 4615//386
f 4520//386 4617//386 4616//386
f 4521//386 4618//386 4617//386
f 4523//436 4618//436 4522//436
f 4524//386 4619//386 4523//386
f 4525//386 4620//386 4524//386
f 4526//386 4621//386 4525//386
f 4527//436 4622//436 4526//436
f 4527//386 4624//386 4623//386
f 4529//386 4624//386 4528//386
f 4530//386 4625//386 4529//386
f 4531//386 4626//386 4530//386
f 4532//386 4627//386 4531//386
f 4533//386 4628//386 4532//386
f 4534//386 4629//386 4533//386
f 4535//386 4630//386 4534//386
f 4536//386 4631//386 4535//386
f 4536//386 4633//386 4632//386
f 4538//386 4633//386 4537//386
f 4539//436 4634//436 4538//436
f 4539//386 4636//386 4635//386
f 4540//435 4637//435 4636//435
f 4541//386 4638//386 4637//386
f 4543//386 4638//386 4542//386
f 4543//386 4640//386 4639//386
f 4544//437 4641//437 4640//437
f 4545//386 4642//386 4641//386
f 4547//386 4642//386 4546//386
f 4548//386 4643//386 4547//386
f 4549//435 4644//435 4548//435
f 4550//386 4645//386 4549//386
f 4551//435 4646//435 4550//435
f 4551//386 4648//386 4647//386
f 4553//437 4648//437 4552//437
f 4554//435 4649//435 4553//435
f 4555//437 4650//437 4554//437
f 4556//437 4651//437 4555//437
f 4557//437 4652//437 4556//437
f 4558//386 4653//386 4557//386
f 4559//436 4654//436 4558//436
f 4560//436 4655//436 4559//436
f 4560//386 4657//386 4656//386
f 4562//436 4657//436 4561//436
f 4563//386 4658//386 4562//386
f 4563//386 4660//386 4659//386
f 4564//386 4661//386 4660//386
f 4565//386 4662//386 4661//386
f 4567//436 4662//436 4566//436
f 4567//386 4664//386 4663//386
f 4568//386 4665//386 4664//386
f 4569//386 4666//386 4665//386
f 4571//435 4666//435 4570//435
f 4572//386 4667//386 4571//386
f 4573//386 4668//386 4572//386
f 4574//386 4669//386 4573//386
f 4575//435 4670//435 4574//435
f 4575//386 4672//386 4671//386
f 4577//386 4672//386 4576//386
f 4578//386 4673//386 4577//386
f 4579//386 4674//386 4578//386
f 4580//386 4675//386 4579//386
f 4581//386 4676//386 4580//386
f 4582//386 4677//386 4581//386
f 4583//386 4678//386 4582//386
f 4584//386 4679//386 4583//386
f 4584//386 4681//386 4680//386
f 4586//386 4681//386 4585//386
f 4587//435 4682//435 4586//435
f 4587//386 4684//386 4683//386
f 4588//436 4685//436 4684//436
f 4589//386 4686//386 4685//386
f 4591//386 4686//386 4590//386
f 4591//386 4688//386 4687//386
f 4592//438 4689//438 4688//438
f 4593//386 4690//386 4689//386
f 4595//386 4690//386 4594//386
f 4596//386 4691//386 4595//386
f 4597//436 4692//436 4596//436
f 4598//386 4693//386 4597//386
f 4599//436 4694//436 4598//436
f 4599//386 4696//386 4695//386
f 4601//438 4696//438 4600//438
f 4602//436 4697//436 4601//436
f 4603//438 4698//438 4602//438
f 4604//438 4699//438 4603//438
f 4509//438 4700//438 4604//438
f 4606//289 4701//289 4605//289
f 4607//291 4702//291 4606//291
f 4608//293 4703//293 4607//293
f 4609//295 4704//295 4608//295
f 4610//297 4705//297 4609//297
f 4611//299 4706//299 4610//299
f 4612//301 4707//301 4611//301
f 4613//303 4708//303 4612//303
f 4614//305 4709//305 4613//305
f 4615//307 4710//307 4614//307
f 4616//309 4711//309 4615//309
f 4617//439 4712//439 4616//439
f 4618//313 4713//313 4617//313
f 4619//315 4714//315 4618//315
f 4620//413 4715//413 4619//413
f 4621//440 4716//440 4620//440
f 4622//321 4717//321 4621//321
f 4623//323 4718//323 4622//323
f 4624//391 4719//391 4623//391
f 4625//327 4720//327 4624//327
f 4626//329 4721//329 4625//329
f 4627//331 4722//331 4626//331
f 4628//333 4723//333 4627//333
f 4629//335 4724//335 4628//335
f 4630//337 4725//337 4629//337
f 4631//339 4726//339 4630//339
f 4632//341 4727//341 4631//341
f 4633//343 4728//343 4632//343
f 4634//345 4729//345 4633//345
f 4635//392 4730//392 4634//392
f 4636//349 4731//349 4635//349
f 4637//351 4732//351 4636//351
f 4638//441 4733//441 4637//441
f 4639//414 4734//414 4638//414
f 4640//357 4735//357 4639//357
f 4641//359 4736//359 4640//359
f 4642//442 4737//442 4641//442
f 4643//363 4738//363 4642//363
f 4644//365 4739//365 4643//365
f 4645//367 4740//367 4644//367
f 4646//369 4741//369 4645//369
f 4647//371 4742//371 4646//371
f 4648//415 4743//415 4647//415
f 4649//375 4744//375 4648//375
f 4650//377 4745//377 4649//377
f 4651//379 4746//379 4650//379
f 4652//381 4747//381 4651//381
f 4653//383 4748//383 4652//383
f 4654//193 4749//193 4653//193
f 4655//195 4750//195 4654//195
f 4656//197 4751//197 4655//197
f 4657//199 4752//199 4656//199
f 4658//201 4753//201 4657//201
f 4659//203 4754//203 4658//203
f 4660//205 4755//205 4659//205
f 4661//207 4756//207 4660//207
f 4662//209 4757//209 4661//209
f 4663//211 4758//211 4662//211
f 4664//213 4759//213 4663//213
f 4665//443 4760//443 4664//443
f 4666//217 4761//217 4665//217
f 4667//219 4762//219 4666//219
f 4668//416 4763//416 4667//416
f 4669//444 4764//444 4668//444
f 4670//225 4765//225 4669//225
f 4671//227 4766//227 4670//227
f 4672//393 4767//393 4671//393
f 4673//231 4768//231 4672//231
f 4674//233 4769//233 4673//233
f 4675//235 4770//235 4674//235
f 4676//237 4771//237 4675//237
f 4677//239 4772//239 4676//239
f 4678//241 4773//241 4677//241
f 4679//243 4774//243 4678//243
f 4680//245 4775//245 4679//245
f 4681//247 4776//247 4680//247
f 4682//249 4777//249 4681//249
f 4683//394 4778//394 4682//394
f 4684//253 4779//253 4683//253
f 4685//255 4780//255 4684//255
f 4686//445 4781//445 4685//445
f 4687//417 4782//417 4686//417
f 4688//261 4783//261 4687//261
f 4689//263 4784//263 4688//263
f 4690//446 4785//446 4689//446
f 4691//267 4786//267 4690//267
f 4692//269 4787//269 4691//269
f 4693//271 4788//271 4692//271
f 4694//273 4789//273 4693//273
f 4695//275 4790//275 4694//275
f 4696//418 4791//418 4695//418
f 4697//279 4792//279 4696//279
f 4698//281 4793//281 4697//281
f 4699//283 4794//283 4698//283
f 4700//285 4795//285 4699//285
f 4605//287 4796//287 4700//287
f 670//385 766//385 765//385
f 670//385 671//385 767//385
f 672//385 768//385 767//385
f 672//385 673//385 769//385
f 674//385 770//385 769//385
f 674//385 675//385 771//385
f 675//385 676//385 772//385
f 677//385 773//385 772//385
f 678//385 774//385 773//385
f 679//385 775//385 774//385
f 679//385 680//385 776//385
f 681//385 777//385 776//385
f 681//385 682//385 778//385
f 683//385 779//385 778//385
f 683//385 684//385 780//385
f 685//385 781//385 780//385
f 686//385 782//385 781//385
f 687//385 783//385 782//385
f 688//385 784//385 783//385
f 689//385 785//385 784//385
f 690//385 786//385 785//385
f 690//385 691//385 787//385
f 692//385 788//385 787//385
f 692//385 693//385 789//385
f 694//385 790//385 789//385
f 694//385 695//385 791//385
f 696//385 792//385 791//385
f 696//385 697//385 793//385
f 698//385 794//385 793//385
f 698//385 699//385 795//385
f 699//385 700//385 796//385
f 701//385 797//385 796//385
f 702//385 798//385 797//385
f 703//385 799//385 798//385
f 703//385 704//385 800//385
f 705//385 801//385 800//385
f 705//385 706//385 802//385
f 707//385 803//385 802//385
f 707//385 708//385 804//385
f 709//385 805//385 804//385
f 710//385 806//385 805//385
f 711//385 807//385 806//385
f 712//385 808//385 807//385
f 713//385 809//385 808//385
f 714//385 810//385 809//385
f 714//385 715//385 811//385
f 716//385 812//385 811//385
f 716//385 717//385 813//385
f 718//385 814//385 813//385
f 718//385 719//385 815//385
f 720//385 816//385 815//385
f 720//385 721//385 817//385
f 722//385 818//385 817//385
f 722//385 723//385 819//385
f 723//385 724//385 820//385
f 725//385 821//385 820//385
f 726//385 822//385 821//385
f 727//385 823//385 822//385
f 727//385 728//385 824//385
f 729//385 825//385 824//385
f 729//385 730//385 826//385
f 731//385 827//385 826//385
f 731//385 732//385 828//385
f 733//385 829//385 828//385
f 734//385 830//385 829//385
f 735//385 831//385 830//385
f 736//385 832//385 831//385
f 737//385 833//385 832//385
f 738//385 834//385 833//385
f 738//385 739//385 835//385
f 740//385 836//385 835//385
f 740//385 741//385 837//385
f 742//385 838//385 837//385
f 742//385 743//385 839//385
f 744//385 840//385 839//385
f 744//385 745//385 841//385
f 746//385 842//385 841//385
f 746//385 747//385 843//385
f 747//385 748//385 844//385
f 749//385 845//385 844//385
f 750//385 846//385 845//385
f 751//385 847//385 846//385
f 751//385 752//385 848//385
f 753//385 849//385 848//385
f 753//385 754//385 850//385
f 755//385 851//385 850//385
f 755//385 756//385 852//385
f 757//385 853//385 852//385
f 758//385 854//385 853//385
f 759//385 855//385 854//385
f 760//385 856//385 855//385
f 761//385 857//385 856//385
f 762//385 858//385 857//385
f 762//385 763//385 859//385
f 764//385 860//385 859//385
f 764//385 669//385 765//385
f 766//193 862//193 861//193
f 767//195 863//195 862//195
f 768//197 864//197 863//197
f 769//199 865//199 864//199
f 770//201 866//201 865//201
f 771//389 867//389 866//389
f 772//205 868//205 867//205
f 773//207 869//207 868//207
f 774//209 870//209 869//209
f 775//211 871//211 870//211
f 776//213 872//213 871//213
f 777//215 873//215 872//215
f 778//217 874//217 873//217
f 779//219 875//219 874//219
f 780//221 876//221 875//221
f 781//223 877//223 876//223
f 782//225 878//225 877//225
f 783//227 879//227 878//227
f 784//229 880//229 879//229
f 785//231 881//231 880//231
f 786//233 882//233 881//233
f 787//235 883//235 882//235
f 788//237 884//237 883//237
f 789//239 885//239 884//239
f 790//241 886//241 885//241
f 791//243 887//243 886//243
f 792//245 888//245 887//245
f 793//247 889//247 888//247
f 794//249 890//249 889//249
f 795//251 891//251 890//251
f 796//253 892//253 891//253
f 797//255 893//255 892//255
f 798//257 894//257 893//257
f 799//259 895//259 894//259
f 800//261 896//261 895//261
f 801//263 897//263 896//263
f 802//265 898//265 897//265
f 803//267 899//267 898//267
f 804//269 900//269 899//269
f 805//271 901//271 900//271
f 806//273 902//273 901//273
f 807//275 903//275 902//275
f 808//277 904//277 903//277
f 809//279 905//279 904//279
f 810//281 906//281 905//281
f 811//283 907//283 906//283
f 812//285 908//285 907//285
f 813//287 909//287 908//287
f 814//289 910//289 909//289
f 815//291 911//291 910//291
f 816//293 912//293 911//293
f 817//295 913//295 912//295
f 818//297 914//297 913//297
f 819//390 915//390 914//390
f 820//301 916//301 915//301
f 821//303 917//303 916//303
f 822//305 918//305 917//305
f 823//307 919//307 918//307
f 824//309 920//309 919//309
f 825//311 921//311 920//311
f 826//313 922//313 921//313
f 827//315 923//315 922//315
f 828//317 924//317 923//317
f 829//319 925//319 924//319
f 830//321 926//321 925//321
f 831//323 927//323 926//323
f 832//325 928//325 927//325
f 833//327 929//327 928//327
f 834//329 930//329 929//329
f 835//331 931//331 930//331
f 836//333 932//333 931//333
f 837//335 933//335 932//335
f 838//337 934//337 933//337
f 839//339 935//339 934//339
f 840//341 936//341 935//341
f 841//343 937//343 936//343
f 842//345 938//345 937//345
f 843//347 939//347 938//347
f 844//349 940//349 939//349
f 845//351 941//351 940//351
f 846//353 942//353 941//353
f 847//355 943//355 942//355
f 848//357 944//357 943//357
f 849//359 945//359 944//359
f 850//361 946//361 945//361
f 851//363 947//363 946//363
f 852//365 948//365 947//365
f 853//367 949//367 948//367
f 854//369 950//369 949//369
f 855//371 951//371 950//371
f 856//373 952//373 951//373
f 857//375 953//375 952//375
f 858//377 954//377 953//377
f 859//379 955//379 954//379
f 860//381 956//381 955//381
f 765//383 861//383 956//383
f 861//386 862//386 958//386
f 863//386 959//386 958//386
f 864//386 960//386 959//386
f 865//386 961//386 960//386
f 866//386 962//386 961//386
f 867//386 963//386 962//386
f 868//386 964//386 963//386
f 869//386 965//386 964//386
f 870//386 966//386 965//386
f 870//386 871//386 967//386
f 872//386 968//386 967//386
f 872//386 873//386 969//386
f 874//386 970//386 969//386
f 875//386 971//386 970//386
f 876//386 972//386 971//386
f 877//386 973//386 972//386
f 878//386 974//386 973//386
f 878//386 879//386 975//386
f 879//386 880//386 976//386
f 881//386 977//386 976//386
f 881//386 882//386 978//386
f 882//386 883//386 979//386
f 883//386 884//386 980//386
f 885//386 981//386 980//386
f 885//386 886//386 982//386
f 887//386 983//386 982//386
f 888//386 984//386 983//386
f 889//386 985//386 984//386
f 890//386 986//386 985//386
f 891//386 987//386 986//386
f 892//386 988//386 987//386
f 893//386 989//386 988//386
f 894//386 990//386 989//386
f 894//386 895//386 991//386
f 896//386 992//386 991//386
f 896//386 897//386 993//386
f 898//386 994//386 993//386
f 899//386 995//386 994//386
f 900//386 996//386 995//386
f 901//386 997//386 996//386
f 902//386 998//386 997//386
f 902//386 903//386 999//386
f 903//386 904//386 1000//386
f 905//386 1001//386 1000//386
f 905//386 906//386 1002//386
f 906//386 907//386 1003//386
f 907//386 908//386 1004//386
f 909//386 1005//386 1004//386
f 909//386 910//386 1006//386
f 911//386 1007//386 1006//386
f 912//386 1008//386 1007//386
f 913//386 1009//386 1008//386
f 914//386 1010//386 1009//386
f 915//386 1011//386 1010//386
f 916//386 1012//386 1011//386
f 917//386 1013//386 1012//386
f 918//386 1014//386 1013//386
f 918//386 919//386 1015//386
f 920//386 1016//386 1015//386
f 920//386 921//386 1017//386
f 922//386 1018//386 1017//386
f 923//386 1019//386 1018//386
f 924//386 1020//386 1019//386
f 925//386 1021//386 1020//386
f 926//386 1022//386 1021//386
f 926//386 927//386 1023//386
f 927//386 928//386 1024//386
f 929//386 1025//386 1024//386
f 929//386 930//386 1026//386
f 930//386 931//386 1027//386
f 931//386 932//386 1028//386
f 933//386 1029//386 1028//386
f 933//386 934//386 1030//386
f 935//386 1031//386 1030//386
f 936//386 1032//386 1031//386
f 937//386 1033//386 1032//386
f 938//386 1034//386 1033//386
f 939//386 1035//386 1034//386
f 940//386 1036//386 1035//386
f 941//386 1037//386 1036//386
f 942//386 1038//386 1037//386
f 942//386 943//386 1039//386
f 944//386 1040//386 1039//386
f 944//386 945//386 1041//386
f 946//386 1042//386 1041//386
f 947//386 1043//386 1042//386
f 948//386 1044//386 1043//386
f 949//386 1045//386 1044//386
f 950//386 1046//386 1045//386
f 950//386 951//386 1047//386
f 951//386 952//386 1048//386
f 953//386 1049//386 1048//386
f 953//386 954//386 1050//386
f 954//386 955//386 1051//386
f 955//386 956//386 1052//386
f 861//386 957//386 1052//386
f 958//289 1054//289 1053//289
f 959//291 1055//291 1054//291
f 960//293 1056//293 1055//293
f 961//295 1057//295 1056//295
f 962//297 1058//297 1057//297
f 963//390 1059//390 1058//390
f 964//301 1060//301 1059//301
f 965//303 1061//303 1060//303
f 966//305 1062//305 1061//305
f 967//307 1063//307 1062//307
f 968//309 1064//309 1063//309
f 969//311 1065//311 1064//311
f 970//313 1066//313 1065//313
f 971//315 1067//315 1066//315
f 972//317 1068//317 1067//317
f 973//319 1069//319 1068//319
f 974//321 1070//321 1069//321
f 975//323 1071//323 1070//323
f 976//391 1072//391 1071//391
f 977//327 1073//327 1072//327
f 978//329 1074//329 1073//329
f 979//331 1075//331 1074//331
f 980//333 1076//333 1075//333
f 981//335 1077//335 1076//335
f 982//337 1078//337 1077//337
f 983//339 1079//339 1078//339
f 984//341 1080//341 1079//341
f 985//343 1081//343 1080//343
f 986//345 1082//345 1081//345
f 987//392 1083//392 1082//392
f 988//349 1084//349 1083//349
f 989//351 1085//351 1084//351
f 990//353 1086//353 1085//353
f 991//355 1087//355 1086//355
f 992//357 1088//357 1087//357
f 993//359 1089//359 1088//359
f 994//361 1090//361 1089//361
f 995//363 1091//363 1090//363
f 996//365 1092//365 1091//365
f 997//367 1093//367 1092//367
f 998//369 1094//369 1093//369
f 999//371 1095//371 1094//371
f 1000//373 1096//373 1095//373
f 1001//375 1097//375 1096//375
f 1002//377 1098//377 1097//377
f 1003//379 1099//379 1098//379
f 1004//381 1100//381 1099//381
f 1005//383 1101//383 1100//383
f 1006//193 1102//193 1101//193
f 1007//195 1103//195 1102//195
f 1008//197 1104//197 1103//197
f 1009//199 1105//199 1104//199
f 1010//201 1106//201 1105//201
f 1011//389 1107//389 1106//389
f 1012//205 1108//205 1107//205
f 1013//207 1109//207 1108//207
f 1014//209 1110//209 1109//209
f 1015//211 1111//211 1110//211
f 1016//213 1112//213 1111//213
f 1017//215 1113//215 1112//215
f 1018//217 1114//217 1113//217
f 1019//219 1115//219 1114//219
f 1020//221 1116//221 1115//221
f 1021//223 1117//223 1116//223
f 1022//225 1118//225 1117//225
f 1023//227 1119//227 1118//227
f 1024//393 1120//393 1119//393
f 1025//231 1121//231 1120//231
f 1026//233 1122//233 1121//233
f 1027//235 1123//235 1122//235
f 1028//237 1124//237 1123//237
f 1029//239 1125//239 1124//239
f 1030//241 1126//241 1125//241
f 1031//243 1127//243 1126//243
f 1032//245 1128//245 1127//245
f 1033//247 1129//247 1128//247
f 1034//249 1130//249 1129//249
f 1035//394 1131//394 1130//394
f 1036//253 1132//253 1131//253
f 1037//255 1133//255 1132//255
f 1038//257 1134//257 1133//257
f 1039//259 1135//259 1134//259
f 1040//261 1136//261 1135//261
f 1041//263 1137//263 1136//263
f 1042//265 1138//265 1137//265
f 1043//267 1139//267 1138//267
f 1044//269 1140//269 1139//269
f 1045//271 1141//271 1140//271
f 1046//273 1142//273 1141//273
f 1047//275 1143//275 1142//275
f 1048//277 1144//277 1143//277
f 1049//279 1145//279 1144//279
f 1050//281 1146//281 1145//281
f 1051//283 1147//283 1146//283
f 1052//285 1148//285 1147//285
f 957//287 1053//287 1148//287
f 3837//385 3838//385 3934//385
f 3839//385 3935//385 3934//385
f 3839//385 3840//385 3936//385
f 3841//385 3937//385 3936//385
f 3841//385 3842//385 3938//385
f 3843//385 3939//385 3938//385
f 3844//385 3940//385 3939//385
f 3844//385 3845//385 3941//385
f 3845//385 3846//385 3942//385
f 3847//385 3943//385 3942//385
f 3847//385 3848//385 3944//385
f 3849//385 3945//385 3944//385
f 3850//385 3946//385 3945//385
f 3851//385 3947//385 3946//385
f 3852//385 3948//385 3947//385
f 3853//385 3949//385 3948//385
f 3854//385 3950//385 3949//385
f 3854//385 3855//385 3951//385
f 3855//385 3856//385 3952//385
f 3857//385 3953//385 3952//385
f 3857//385 3858//385 3954//385
f 3859//385 3955//385 3954//385
f 3859//385 3860//385 3956//385
f 3861//385 3957//385 3956//385
f 3861//385 3862//385 3958//385
f 3863//385 3959//385 3958//385
f 3863//385 3864//385 3960//385
f 3865//385 3961//385 3960//385
f 3865//385 3866//385 3962//385
f 3867//385 3963//385 3962//385
f 3868//385 3964//385 3963//385
f 3868//385 3869//385 3965//385
f 3869//385 3870//385 3966//385
f 3871//385 3967//385 3966//385
f 3871//385 3872//385 3968//385
f 3873//385 3969//385 3968//385
f 3874//385 3970//385 3969//385
f 3875//385 3971//385 3970//385
f 3876//385 3972//385 3971//385
f 3877//385 3973//385 3972//385
f 3878//385 3974//385 3973//385
f 3878//385 3879//385 3975//385
f 3879//385 3880//385 3976//385
f 3881//385 3977//385 3976//385
f 3881//385 3882//385 3978//385
f 3883//385 3979//385 3978//385
f 3883//385 3884//385 3980//385
f 3885//385 3981//385 3980//385
f 3885//385 3886//385 3982//385
f 3887//385 3983//385 3982//385
f 3887//385 3888//385 3984//385
f 3889//385 3985//385 3984//385
f 3889//385 3890//385 3986//385
f 3891//385 3987//385 3986//385
f 3892//385 3988//385 3987//385
f 3892//385 3893//385 3989//385
f 3893//385 3894//385 3990//385
f 3895//385 3991//385 3990//385
f 3895//385 3896//385 3992//385
f 3897//385 3993//385 3992//385
f 3898//385 3994//385 3993//385
f 3899//385 3995//385 3994//385
f 3900//385 3996//385 3995//385
f 3901//385 3997//385 3996//385
f 3902//385 3998//385 3997//385
f 3902//385 3903//385 3999//385
f 3903//385 3904//385 4000//385
f 3905//385 4001//385 4000//385
f 3905//385 3906//385 4002//385
f 3907//385 4003//385 4002//385
f 3907//385 3908//385 4004//385
f 3909//385 4005//385 4004//385
f 3909//385 3910//385 4006//385
f 3911//385 4007//385 4006//385
f 3911//385 3912//385 4008//385
f 3913//385 4009//385 4008//385
f 3913//385 3914//385 4010//385
f 3915//385 4011//385 4010//385
f 3916//385 4012//385 4011//385
f 3916//385 3917//385 4013//385
f 3917//385 3918//385 4014//385
f 3919//385 4015//385 4014//385
f 3919//385 3920//385 4016//385
f 3921//385 4017//385 4016//385
f 3922//385 4018//385 4017//385
f 3923//385 4019//385 4018//385
f 3924//385 4020//385 4019//385
f 3925//385 4021//385 4020//385
f 3926//385 4022//385 4021//385
f 3926//385 3927//385 4023//385
f 3927//385 3928//385 4024//385
f 3929//385 4025//385 4024//385
f 3929//385 3930//385 4026//385
f 3931//385 4027//385 4026//385
f 3931//385 3932//385 4028//385
f 3837//385 3933//385 4028//385
f 3934//193 4030//193 4029//193
f 3935//195 4031//195 4030//195
f 3936//197 4032//197 4031//197
f 3937//199 4033//199 4032//199
f 3938//201 4034//201 4033//201
f 3939//203 4035//203 4034//203
f 3940//205 4036//205 4035//205
f 3941//207 4037//207 4036//207
f 3942//209 4038//209 4037//209
f 3943//211 4039//211 4038//211
f 3944//213 4040//213 4039//213
f 3945//215 4041//215 4040//215
f 3946//217 4042//217 4041//217
f 3947//219 4043//219 4042//219
f 3948//221 4044//221 4043//221
f 3949//223 4045//223 4044//223
f 3950//225 4046//225 4045//225
f 3951//227 4047//227 4046//227
f 3952//393 4048//393 4047//393
f 3953//231 4049//231 4048//231
f 3954//233 4050//233 4049//233
f 3955//235 4051//235 4050//235
f 3956//237 4052//237 4051//237
f 3957//239 4053//239 4052//239
f 3958//241 4054//241 4053//241
f 3959//243 4055//243 4054//243
f 3960//245 4056//245 4055//245
f 3961//247 4057//247 4056//247
f 3962//249 4058//249 4057//249
f 3963//394 4059//394 4058//394
f 3964//253 4060//253 4059//253
f 3965//255 4061//255 4060//255
f 3966//257 4062//257 4061//257
f 3967//259 4063//259 4062//259
f 3968//261 4064//261 4063//261
f 3969//263 4065//263 4064//263
f 3970//265 4066//265 4065//265
f 3971//267 4067//267 4066//267
f 3972//269 4068//269 4067//269
f 3973//271 4069//271 4068//271
f 3974//273 4070//273 4069//273
f 3975//275 4071//275 4070//275
f 3976//418 4072//418 4071//418
f 3977//279 4073//279 4072//279
f 3978//281 4074//281 4073//281
f 3979//283 4075//283 4074//283
f 3980//285 4076//285 4075//285
f 3981//287 4077//287 4076//287
f 3982//289 4078//289 4077//289
f 3983//291 4079//291 4078//291
f 3984//293 4080//293 4079//293
f 3985//295 4081//295 4080//295
f 3986//297 4082//297 4081//297
f 3987//299 4083//299 4082//299
f 3988//301 4084//301 4083//301
f 3989//303 4085//303 4084//303
f 3990//305 4086//305 4085//305
f 3991//307 4087//307 4086//307
f 3992//309 4088//309 4087//309
f 3993//311 4089//311 4088//311
f 3994//313 4090//313 4089//313
f 3995//315 4091//315 4090//315
f 3996//317 4092//317 4091//317
f 3997//319 4093//319 4092//319
f 3998//321 4094//321 4093//321
f 3999//323 4095//323 4094//323
f 4000//391 4096//391 4095//391
f 4001//327 4097//327 4096//327
f 4002//329 4098//329 4097//329
f 4003//331 4099//331 4098//331
f 4004//333 4100//333 4099//333
f 4005//335 4101//335 4100//335
f 4006//337 4102//337 4101//337
f 4007//339 4103//339 4102//339
f 4008//341 4104//341 4103//341
f 4009//343 4105//343 4104//343
f 4010//345 4106//345 4105//345
f 4011//392 4107//392 4106//392
f 4012//349 4108//349 4107//349
f 4013//351 4109//351 4108//351
f 4014//353 4110//353 4109//353
f 4015//355 4111//355 4110//355
f 4016//357 4112//357 4111//357
f 4017//359 4113//359 4112//359
f 4018//361 4114//361 4113//361
f 4019//363 4115//363 4114//363
f 4020//365 4116//365 4115//365
f 4021//367 4117//367 4116//367
f 4022//369 4118//369 4117//369
f 4023//371 4119//371 4118//371
f 4024//415 4120//415 4119//415
f 4025//375 4121//375 4120//375
f 4026//377 4122//377 4121//377
f 4027//379 4123//379 4122//379
f 4028//381 4124//381 4123//381
f 3933//383 4029//383 4124//383
f 4030//386 4126//386 4125//386
f 4030//386 4031//386 4127//386
f 4032//386 4128//386 4127//386
f 4032//386 4033//386 4129//386
f 4034//386 4130//386 4129//386
f 4034//386 4035//386 4131//386
f 4035//386 4036//386 4132//386
f 4037//386 4133//386 4132//386
f 4038//386 4134//386 4133//386
f 4039//386 4135//386 4134//386
f 4040//386 4136//386 4135//386
f 4041//386 4137//386 4136//386
f 4042//386 4138//386 4137//386
f 4042//386 4043//386 4139//386
f 4044//386 4140//386 4139//386
f 4045//386 4141//386 4140//386
f 4045//386 4046//386 4142//386
f 4047//386 4143//386 4142//386
f 4048//386 4144//386 4143//386
f 4048//386 4049//386 4145//386
f 4050//386 4146//386 4145//386
f 4050//386 4051//386 4147//386
f 4052//386 4148//386 4147//386
f 4052//386 4053//386 4149//386
f 4054//386 4150//386 4149//386
f 4054//386 4055//386 4151//386
f 4056//386 4152//386 4151//386
f 4056//386 4057//386 4153//386
f 4058//386 4154//386 4153//386
f 4058//386 4059//386 4155//386
f 4059//386 4060//386 4156//386
f 4061//386 4157//386 4156//386
f 4062//386 4158//386 4157//386
f 4063//386 4159//386 4158//386
f 4064//386 4160//386 4159//386
f 4065//386 4161//386 4160//386
f 4066//386 4162//386 4161//386
f 4066//386 4067//386 4163//386
f 4068//386 4164//386 4163//386
f 4069//386 4165//386 4164//386
f 4069//386 4070//386 4166//386
f 4071//386 4167//386 4166//386
f 4072//386 4168//386 4167//386
f 4072//386 4073//386 4169//386
f 4074//386 4170//386 4169//386
f 4074//386 4075//386 4171//386
f 4076//386 4172//386 4171//386
f 4076//386 4077//386 4173//386
f 4078//386 4174//386 4173//386
f 4078//386 4079//386 4175//386
f 4080//386 4176//386 4175//386
f 4080//386 4081//386 4177//386
f 4082//386 4178//386 4177//386
f 4082//386 4083//386 4179//386
f 4083//386 4084//386 4180//386
f 4085//386 4181//386 4180//386
f 4086//386 4182//386 4181//386
f 4087//386 4183//386 4182//386
f 4088//386 4184//386 4183//386
f 4089//386 4185//386 4184//386
f 4090//386 4186//386 4185//386
f 4090//386 4091//386 4187//386
f 4092//386 4188//386 4187//386
f 4093//386 4189//386 4188//386
f 4093//386 4094//386 4190//386
f 4095//386 4191//386 4190//386
f 4096//386 4192//386 4191//386
f 4096//386 4097//386 4193//386
f 4098//386 4194//386 4193//386
f 4098//386 4099//386 4195//386
f 4100//386 4196//386 4195//386
f 4100//386 4101//386 4197//386
f 4102//386 4198//386 4197//386
f 4102//386 4103//386 4199//386
f 4104//386 4200//386 4199//386
f 4104//386 4105//386 4201//386
f 4106//386 4202//386 4201//386
f 4106//386 4107//386 4203//386
f 4107//386 4108//386 4204//386
f 4109//386 4205//386 4204//386
f 4110//386 4206//386 4205//386
f 4111//386 4207//386 4206//386
f 4112//386 4208//386 4207//386
f 4113//386 4209//386 4208//386
f 4114//386 4210//386 4209//386
f 4114//386 4115//386 4211//386
f 4116//386 4212//386 4211//386
f 4117//386 4213//386 4212//386
f 4117//386 4118//386 4214//386
f 4119//386 4215//386 4214//386
f 4120//386 4216//386 4215//386
f 4120//386 4121//386 4217//386
f 4122//386 4218//386 4217//386
f 4122//386 4123//386 4219//386
f 4124//386 4220//386 4219//386
f 4124//386 4029//386 4125//386
f 4126//289 4222//289 4221//289
f 4127//291 4223//291 4222//291
f 4128//293 4224//293 4223//293
f 4129//295 4225//295 4224//295
f 4130//297 4226//297 4225//297
f 4131//390 4227//390 4226//390
f 4132//301 4228//301 4227//301
f 4133//303 4229//303 4228//303
f 4134//305 4230//305 4229//305
f 4135//451 4231//451 4230//451
f 4136//309 4232//309 4231//309
f 4137//311 4233//311 4232//311
f 4138//313 4234//313 4233//313
f 4139//315 4235//315 4234//315
f 4140//317 4236//317 4235//317
f 4141//319 4237//319 4236//319
f 4142//321 4238//321 4237//321
f 4143//323 4239//323 4238//323
f 4144//325 4240//325 4239//325
f 4145//327 4241//327 4240//327
f 4146//329 4242//329 4241//329
f 4147//331 4243//331 4242//331
f 4148//333 4244//333 4243//333
f 4149//335 4245//335 4244//335
f 4150//337 4246//337 4245//337
f 4151//339 4247//339 4246//339
f 4152//341 4248//341 4247//341
f 4153//343 4249//343 4248//343
f 4154//345 4250//345 4249//345
f 4155//347 4251//347 4250//347
f 4156//349 4252//349 4251//349
f 4157//351 4253//351 4252//351
f 4158//353 4254//353 4253//353
f 4159//355 4255//355 4254//355
f 4160//357 4256//357 4255//357
f 4161//359 4257//359 4256//359
f 4162//361 4258//361 4257//361
f 4163//363 4259//363 4258//363
f 4164//412 4260//412 4259//412
f 4165//367 4261//367 4260//367
f 4166//369 4262//369 4261//369
f 4167//371 4263//371 4262//371
f 4168//373 4264//373 4263//373
f 4169//375 4265//375 4264//375
f 4170//377 4266//377 4265//377
f 4171//379 4267//379 4266//379
f 4172//381 4268//381 4267//381
f 4173//383 4269//383 4268//383
f 4174//193 4270//193 4269//193
f 4175//195 4271//195 4270//195
f 4176//197 4272//197 4271//197
f 4177//199 4273//199 4272//199
f 4178//201 4274//201 4273//201
f 4179//389 4275//389 4274//389
f 4180//205 4276//205 4275//205
f 4181//207 4277//207 4276//207
f 4182//209 4278//209 4277//209
f 4183//452 4279//452 4278//452
f 4184//213 4280//213 4279//213
f 4185//215 4281//215 4280//215
f 4186//217 4282//217 4281//217
f 4187//219 4283//219 4282//219
f 4188//221 4284//221 4283//221
f 4189//223 4285//223 4284//223
f 4190//225 4286//225 4285//225
f 4191//227 4287//227 4286//227
f 4192//229 4288//229 4287//229
f 4193//231 4289//231 4288//231
f 4194//233 4290//233 4289//233
f 4195//235 4291//235 4290//235
f 4196//237 4292//237 4291//237
f 4197//239 4293//239 4292//239
f 4198//241 4294//241 4293//241
f 4199//243 4295//243 4294//243
f 4200//245 4296//245 4295//245
f 4201//247 4297//247 4296//247
f 4202//249 4298//249 4297//249
f 4203//251 4299//251 4298//251
f 4204//253 4300//253 4299//253
f 4205//255 4301//255 4300//255
f 4206//257 4302//257 4301//257
f 4207//259 4303//259 4302//259
f 4208//261 4304//261 4303//261
f 4209//263 4305//263 4304//263
f 4210//265 4306//265 4305//265
f 4211//267 4307//267 4306//267
f 4212//411 4308//411 4307//411
f 4213//271 4309//271 4308//271
f 4214//273 4310//273 4309//273
f 4215//275 4311//275 4310//275
f 4216//277 4312//277 4311//277
f 4217//279 4313//279 4312//279
f 4218//281 4314//281 4313//281
f 4219//283 4315//283 4314//283
f 4220//285 4316//285 4315//285
f 4125//287 4221//287 4316//287
f 4318//385 4414//385 4413//385
f 4318//419 4319//419 4415//419
f 4320//385 4416//385 4415//385
f 4320//420 4321//420 4417//420
f 4322//385 4418//385 4417//385
f 4322//421 4323//421 4419//421
f 4324//419 4420//419 4419//419
f 4325//385 4421//385 4420//385
f 4326//385 4422//385 4421//385
f 4327//385 4423//385 4422//385
f 4328//422 4424//422 4423//422
f 4329//385 4425//385 4424//385
f 4329//385 4330//385 4426//385
f 4331//422 4427//422 4426//422
f 4331//385 4332//385 4428//385
f 4332//420 4333//420 4429//420
f 4333//420 4334//420 4430//420
f 4335//385 4431//385 4430//385
f 4336//420 4432//420 4431//420
f 4337//385 4433//385 4432//385
f 4338//385 4434//385 4433//385
f 4338//385 4339//385 4435//385
f 4340//385 4436//385 4435//385
f 4341//385 4437//385 4436//385
f 4342//385 4438//385 4437//385
f 4342//385 4343//385 4439//385
f 4344//385 4440//385 4439//385
f 4344//385 4345//385 4441//385
f 4346//420 4442//420 4441//420
f 4346//385 4347//385 4443//385
f 4348//385 4444//385 4443//385
f 4349//420 4445//420 4444//420
f 4350//385 4446//385 4445//385
f 4351//422 4447//422 4446//422
f 4352//385 4448//385 4447//385
f 4353//385 4449//385 4448//385
f 4353//421 4354//421 4450//421
f 4355//385 4451//385 4450//385
f 4355//421 4356//421 4452//421
f 4356//385 4357//385 4453//385
f 4357//421 4358//421 4454//421
f 4359//385 4455//385 4454//385
f 4360//385 4456//385 4455//385
f 4361//453 4457//453 4456//453
f 4362//385 4458//385 4457//385
f 4362//422 4363//422 4459//422
f 4364//385 4460//385 4459//385
f 4365//385 4461//385 4460//385
f 4366//385 4462//385 4461//385
f 4366//422 4367//422 4463//422
f 4368//385 4464//385 4463//385
f 4368//421 4369//421 4465//421
f 4370//385 4466//385 4465//385
f 4370//420 4371//420 4467//420
f 4372//422 4468//422 4467//422
f 4373//385 4469//385 4468//385
f 4374//385 4470//385 4469//385
f 4375//385 4471//385 4470//385
f 4376//419 4472//419 4471//419
f 4377//385 4473//385 4472//385
f 4377//385 4378//385 4474//385
f 4379//419 4475//419 4474//419
f 4379//385 4380//385 4476//385
f 4380//421 4381//421 4477//421
f 4381//421 4382//421 4478//421
f 4383//385 4479//385 4478//385
f 4384//421 4480//421 4479//421
f 4385//385 4481//385 4480//385
f 4386//385 4482//385 4481//385
f 4386//385 4387//385 4483//385
f 4388//385 4484//385 4483//385
f 4389//385 4485//385 4484//385
f 4390//385 4486//385 4485//385
f 4390//385 4391//385 4487//385
f 4392//385 4488//385 4487//385
f 4392//385 4393//385 4489//385
f 4394//421 4490//421 4489//421
f 4394//385 4395//385 4491//385
f 4396//385 4492//385 4491//385
f 4397//421 4493//421 4492//421
f 4398//385 4494//385 4493//385
f 4399//419 4495//419 4494//419
f 4400//385 4496//385 4495//385
f 4401//385 4497//385 4496//385
f 4401//420 4402//420 4498//420
f 4403//385 4499//385 4498//385
f 4403//420 4404//420 4500//420
f 4404//385 4405//385 4501//385
f 4405//420 4406//420 4502//420
f 4407//385 4503//385 4502//385
f 4408//385 4504//385 4503//385
f 4409//454 4505//454 4504//454
f 4410//385 4506//385 4505//385
f 4410//419 4411//419 4507//419
f 4412//385 4508//385 4507//385
f 4317//385 4413//385 4508//385
f 4414//193 4510//193 4509//193
f 4415//195 4511//195 4510//195
f 4416//197 4512//197 4511//197
f 4417//199 4513//199 4512//199
f 4418//201 4514//201 4513//201
f 4419//203 4515//203 4514//203
f 4420//455 4516//455 4515//455
f 4421//207 4517//207 4516//207
f 4422//209 4518//209 4517//209
f 4423//211 4519//211 4518//211
f 4424//213 4520//213 4519//213
f 4425//443 4521//443 4520//443
f 4426//456 4522//456 4521//456
f 4427//219 4523//219 4522//219
f 4428//221 4524//221 4523//221
f 4429//223 4525//223 4524//223
f 4430//225 4526//225 4525//225
f 4431//227 4527//227 4526//227
f 4432//229 4528//229 4527//229
f 4433//231 4529//231 4528//231
f 4434//233 4530//233 4529//233
f 4435//235 4531//235 4530//235
f 4436//237 4532//237 4531//237
f 4437//239 4533//239 4532//239
f 4438//241 4534//241 4533//241
f 4439//243 4535//243 4534//243
f 4440//245 4536//245 4535//245
f 4441//247 4537//247 4536//247
f 4442//249 4538//249 4537//249
f 4443//251 4539//251 4538//251
f 4444//253 4540//253 4539//253
f 4445//255 4541//255 4540//255
f 4446//257 4542//257 4541//257
f 4447//259 4543//259 4542//259
f 4448//261 4544//261 4543//261
f 4449//457 4545//457 4544//457
f 4450//446 4546//446 4545//446
f 4451//267 4547//267 4546//267
f 4452//269 4548//269 4547//269
f 4453//271 4549//271 4548//271
f 4454//273 4550//273 4549//273
f 4455//458 4551//458 4550//458
f 4456//418 4552//418 4551//418
f 4457//279 4553//279 4552//279
f 4458//281 4554//281 4553//281
f 4459//283 4555//283 4554//283
f 4460//285 4556//285 4555//285
f 4461//287 4557//287 4556//287
f 4462//289 4558//289 4557//289
f 4463//291 4559//291 4558//291
f 4464//293 4560//293 4559//293
f 4465//295 4561//295 4560//295
f 4466//297 4562//297 4561//297
f 4467//299 4563//299 4562//299
f 4468//459 4564//459 4563//459
f 4469//303 4565//303 4564//303
f 4470//305 4566//305 4565//305
f 4471//307 4567//307 4566//307
f 4472//309 4568//309 4567//309
f 4473//439 4569//439 4568//439
f 4474//460 4570//460 4569//460
f 4475//315 4571//315 4570//315
f 4476//317 4572//317 4571//317
f 4477//319 4573//319 4572//319
f 4478//321 4574//321 4573//321
f 4479//323 4575//323 4574//323
f 4480//325 4576//325 4575//325
f 4481//327 4577//327 4576//327
f 4482//329 4578//329 4577//329
f 4483//331 4579//331 4578//331
f 4484//333 4580//333 4579//333
f 4485//335 4581//335 4580//335
f 4486//337 4582//337 4581//337
f 4487//339 4583//339 4582//339
f 4488//341 4584//341 4583//341
f 4489//343 4585//343 4584//343
f 4490//345 4586//345 4585//345
f 4491//347 4587//347 4586//347
f 4492//349 4588//349 4587//349
f 4493//351 4589//351 4588//351
f 4494//353 4590//353 4589//353
f 4495//355 4591//355 4590//355
f 4496//357 4592//357 4591//357
f 4497//461 4593//461 4592//461
f 4498//442 4594//442 4593//442
f 4499//363 4595//363 4594//363
f 4500//365 4596//365 4595//365
f 4501//367 4597//367 4596//367
f 4502//369 4598//369 4597//369
f 4503//462 4599//462 4598//462
f 4504//415 4600//415 4599//415
f 4505//375 4601//375 4600//375
f 4506//377 4602//377 4601//377
f 4507//379 4603//379 4602//379
f 4508//381 4604//381 4603//381
f 4413//383 4509//383 4604//383
f 4510//463 4606//463 4605//463
f 4511//386 4607//386 4606//386
f 4512//386 4608//386 4607//386
f 4512//436 4513//436 4609//436
f 4514//386 4610//386 4609//386
f 4515//386 4611//386 4610//386
f 4515//436 4516//436 4612//436
f 4516//386 4517//386 4613//386
f 4517//436 4518//436 4614//436
f 4519//386 4615//386 4614//386
f 4519//386 4520//386 4616//386
f 4520//386 4521//386 4617//386
f 4521//436 4522//436 4618//436
f 4523//386 4619//386 4618//386
f 4524//386 4620//386 4619//386
f 4525//386 4621//386 4620//386
f 4526//436 4622//436 4621//436
f 4527//386 4623//386 4622//386
f 4527//435 4528//435 4624//435
f 4529//386 4625//386 4624//386
f 4530//386 4626//386 4625//386
f 4531//386 4627//386 4626//386
f 4532//386 4628//386 4627//386
f 4533//386 4629//386 4628//386
f 4534//386 4630//386 4629//386
f 4535//386 4631//386 4630//386
f 4536//386 4632//386 4631//386
f 4536//386 4537//386 4633//386
f 4538//386 4634//386 4633//386
f 4539//386 4635//386 4634//386
f 4539//435 4540//435 4636//435
f 4540//386 4541//386 4637//386
f 4541//386 4542//386 4638//386
f 4543//386 4639//386 4638//386
f 4543//435 4544//435 4640//435
f 4544//435 4545//435 4641//435
f 4545//386 4546//386 4642//386
f 4547//386 4643//386 4642//386
f 4548//386 4644//386 4643//386
f 4549//386 4645//386 4644//386
f 4550//386 4646//386 4645//386
f 4551//386 4647//386 4646//386
f 4551//386 4552//386 4648//386
f 4553//386 4649//386 4648//386
f 4554//386 4650//386 4649//386
f 4555//463 4651//463 4650//463
f 4556//463 4652//463 4651//463
f 4557//386 4653//386 4652//386
f 4558//464 4654//464 4653//464
f 4559//386 4655//386 4654//386
f 4560//386 4656//386 4655//386
f 4560//435 4561//435 4657//435
f 4562//386 4658//386 4657//386
f 4563//386 4659//386 4658//386
f 4563//435 4564//435 4660//435
f 4564//386 4565//386 4661//386
f 4565//435 4566//435 4662//435
f 4567//386 4663//386 4662//386
f 4567//386 4568//386 4664//386
f 4568//386 4569//386 4665//386
f 4569//435 4570//435 4666//435
f 4571//386 4667//386 4666//386
f 4572//386 4668//386 4667//386
f 4573//386 4669//386 4668//386
f 4574//435 4670//435 4669//435
f 4575//386 4671//386 4670//386
f 4575//436 4576//436 4672//436
f 4577//386 4673//386 4672//386
f 4578//386 4674//386 4673//386
f 4579//386 4675//386 4674//386
f 4580//386 4676//386 4675//386
f 4581//386 4677//386 4676//386
f 4582//386 4678//386 4677//386
f 4583//386 4679//386 4678//386
f 4584//386 4680//386 4679//386
f 4584//386 4585//386 4681//386
f 4586//386 4682//386 4681//386
f 4587//386 4683//386 4682//386
f 4587//436 4588//436 4684//436
f 4588//386 4589//386 4685//386
f 4589//386 4590//386 4686//386
f 4591//386 4687//386 4686//386
f 4591//436 4592//436 4688//436
f 4592//436 4593//436 4689//436
f 4593//386 4594//386 4690//386
f 4595//386 4691//386 4690//386
f 4596//386 4692//386 4691//386
f 4597//386 4693//386 4692//386
f 4598//386 4694//386 4693//386
f 4599//386 4695//386 4694//386
f 4599//386 4600//386 4696//386
f 4601//386 4697//386 4696//386
f 4602//386 4698//386 4697//386
f 4603//464 4699//464 4698//464
f 4604//464 4700//464 4699//464
f 4509//386 4605//386 4700//386
f 4606//289 4702//289 4701//289
f 4607//291 4703//291 4702//291
f 4608//293 4704//293 4703//293
f 4609//295 4705//295 4704//295
f 4610//297 4706//297 4705//297
f 4611//390 4707//390 4706//390
f 4612//301 4708//301 4707//301
f 4613//303 4709//303 4708//303
f 4614//429 4710//429 4709//429
f 4615//430 4711//430 4710//430
f 4616//309 4712//309 4711//309
f 4617//311 4713//311 4712//311
f 4618//431 4714//431 4713//431
f 4619//315 4715//315 4714//315
f 4620//317 4716//317 4715//317
f 4621//319 4717//319 4716//319
f 4622//321 4718//321 4717//321
f 4623//465 4719//465 4718//465
f 4624//325 4720//325 4719//325
f 4625//327 4721//327 4720//327
f 4626//329 4722//329 4721//329
f 4627//331 4723//331 4722//331
f 4628//333 4724//333 4723//333
f 4629//335 4725//335 4724//335
f 4630//337 4726//337 4725//337
f 4631//339 4727//339 4726//339
f 4632//341 4728//341 4727//341
f 4633//343 4729//343 4728//343
f 4634//345 4730//345 4729//345
f 4635//347 4731//347 4730//347
f 4636//466 4732//466 4731//466
f 4637//351 4733//351 4732//351
f 4638//353 4734//353 4733//353
f 4639//355 4735//355 4734//355
f 4640//357 4736//357 4735//357
f 4641//432 4737//432 4736//432
f 4642//361 4738//361 4737//361
f 4643//363 4739//363 4738//363
f 4644//433 4740//433 4739//433
f 4645//434 4741//434 4740//434
f 4646//369 4742//369 4741//369
f 4647//371 4743//371 4742//371
f 4648//373 4744//373 4743//373
f 4649//375 4745//375 4744//375
f 4650//377 4746//377 4745//377
f 4651//379 4747//379 4746//379
f 4652//381 4748//381 4747//381
f 4653//383 4749//383 4748//383
f 4654//193 4750//193 4749//193
f 4655//195 4751//195 4750//195
f 4656//197 4752//197 4751//197
f 4657//199 4753//199 4752//199
f 4658//201 4754//201 4753//201
f 4659//389 4755//389 4754//389
f 4660//205 4756//205 4755//205
f 4661//207 4757//207 4756//207
f 4662//423 4758//423 4757//423
f 4663//424 4759//424 4758//424
f 4664//213 4760//213 4759//213
f 4665//215 4761//215 4760//215
f 4666//425 4762//425 4761//425
f 4667//219 4763//219 4762//219
f 4668//221 4764//221 4763//221
f 4669//223 4765//223 4764//223
f 4670//225 4766//225 4765//225
f 4671//467 4767//467 4766//467
f 4672//229 4768//229 4767//229
f 4673//231 4769//231 4768//231
f 4674//233 4770//233 4769//233
f 4675//235 4771//235 4770//235
f 4676//237 4772//237 4771//237
f 4677//239 4773//239 4772//239
f 4678//241 4774//241 4773//241
f 4679//243 4775//243 4774//243
f 4680//245 4776//245 4775//245
f 4681//247 4777//247 4776//247
f 4682//249 4778//249 4777//249
f 4683//251 4779//251 4778//251
f 4684//468 4780//468 4779//468
f 4685//255 4781//255 4780//255
f 4686//257 4782//257 4781//257
f 4687//259 4783//259 4782//259
f 4688//261 4784//261 4783//261
f 4689//426 4785//426 4784//426
f 4690//265 4786//265 4785//265
f 4691//267 4787//267 4786//267
f 4692//427 4788//427 4787//427
f 4693//428 4789//428 4788//428
f 4694//273 4790//273 4789//273
f 4695//275 4791//275 4790//275
f 4696//277 4792//277 4791//277
f 4697//279 4793//279 4792//279
f 4698//281 4794//281 4793//281
f 4699//283 4795//283 4794//283
f 4700//285 4796//285 4795//285
f 4605//287 4701//287 4796//287
usemtl bolt_black
f 1150//395 1151//395 1149//395
f 1152//387 1153//387 1151//387
f 1154//396 1155//396 1153//396
f 1156//397 1157//397 1155//397
f 1150//386 1158//386 1154//386
f 1158//388 1159//388 1157//388
f 1160//398 1149//398 1159//398
f 1151//385 1155//385 1159//385
f 1178//395 1179//395 1177//395
f 1180//387 1181//387 1179//387
f 1182//396 1183//396 1181//396
f 1184//397 1185//397 1183//397
f 1178//386 1186//386 1182//386
f 1186//388 1187//388 1185//388
f 1188//398 1177//398 1187//398
f 1179//385 1183//385 1187//385
f 1206//395 1207//395 1205//395
f 1208//387 1209//387 1207//387
f 1210//396 1211//396 1209//396
f 1212//397 1213//397 1211//397
f 1206//386 1214//386 1210//386
f 1214//388 1215//388 1213//388
f 1216//398 1205//398 1215//398
f 1207//385 1211//385 1215//385
f 1234//395 1235//395 1233//395
f 1236//387 1237//387 1235//387
f 1238//396 1239//396 1237//396
f 1240//397 1241//397 1239//397
f 1234//386 1242//386 1238//386
f 1242//388 1243//388 1241//388
f 1244//398 1233//398 1243//398
f 1235//385 1239//385 1243//385
f 1262//395 1263//395 1261//395
f 1264//387 1265//387 1263//387
f 1266//396 1267//396 1265//396
f 1268//397 1269//397 1267//397
f 1262//386 1270//386 1266//386
f 1270//388 1271//388 1269//388
f 1272//398 1261//398 1271//398
f 1263//385 1267//385 1271//385
f 1290//395 1291//395 1289//395
f 1292//387 1293//387 1291//387
f 1294//396 1295//396 1293//396
f 1296//397 1297//397 1295//397
f 1290//386 1298//386 1294//386
f 1298//388 1299//388 1297//388
f 1300//398 1289//398 1299//398
f 1291//385 1295//385 1299//385
f 1318//395 1319//395 1317//395
f 1320//387 1321//387 1319//387
f 1322//396 1323//396 1321//396
f 1324//397 1325//397 1323//397
f 1318//386 1326//386 1322//386
f 1326//388 1327//388 1325//388
f 1328//398 1317//398 1327//398
f 1319//385 1323//385 1327//385
f 1346//395 1347//395 1345//395
f 1348//387 1349//387 1347//387
f 1350//396 1351//396 1349//396
f 1352//397 1353//397 1351//397
f 1346//386 1354//386 1350//386
f 1354//388 1355//388 1353//388
f 1356//398 1345//398 1355//398
f 1347//385 1351//385 1355//385
f 1374//395 1375//395 1373//395
f 1376//387 1377//387 1375//387
f 1378//396 1379//396 1377//396
f 1380//397 1381//397 1379//397
f 1374//386 1382//386 1378//386
f 1382//388 1383//388 1381//388
f 1384//398 1373//398 1383//398
f 1375//385 1379//385 1383//385
f 1402//395 1403//395 1401//395
f 1404//387 1405//387 1403//387
f 1406//396 1407//396 1405//396
f 1408//397 1409//397 1407//397
f 1402//386 1410//386 1406//386
f 1410//388 1411//388 1409//388
f 1412//398 1401//398 1411//398
f 1403//385 1407//385 1411//385
f 1430//395 1431//395 1429//395
f 1432//387 1433//387 1431//387
f 1434//396 1435//396 1433//396
f 1436//397 1437//397 1435//397
f 1430//386 1438//386 1434//386
f 1438//388 1439//388 1437//388
f 1440//398 1429//398 1439//398
f 1431//385 1435//385 1439//385
f 1458//395 1459//395 1457//395
f 1460//387 1461//387 1459//387
f 1462//396 1463//396 1461//396
f 1464//397 1465//397 1463//397
f 1458//386 1466//386 1462//386
f 1466//388 1467//388 1465//388
f 1468//398 1457//398 1467//398
f 1459//385 1463//385 1467//385
f 1486//395 1487//395 1485//395
f 1488//387 1489//387 1487//387
f 1490//396 1491//396 1489//396
f 1492//397 1493//397 1491//397
f 1486//386 1494//386 1490//386
f 1494//388 1495//388 1493//388
f 1496//398 1485//398 1495//398
f 1487//385 1491//385 1495//385
f 1514//395 1515//395 1513//395
f 1516//387 1517//387 1515//387
f 1518//396 1519//396 1517//396
f 1520//397 1521//397 1519//397
f 1514//386 1522//386 1518//386
f 1522//388 1523//388 1521//388
f 1524//398 1513//398 1523//398
f 1515//385 1519//385 1523//385
f 1542//395 1543//395 1541//395
f 1544//387 1545//387 1543//387
f 1546//396 1547//396 1545//396
f 1548//397 1549//397 1547//397
f 1542//386 1550//386 1546//386
f 1550//388 1551//388 1549//388
f 1552//398 1541//398 1551//398
f 1543//385 1547//385 1551//385
f 1570//395 1571//395 1569//395
f 1572//387 1573//387 1571//387
f 1574//396 1575//396 1573//396
f 1576//397 1577//397 1575//397
f 1570//386 1578//386 1574//386
f 1578//388 1579//388 1577//388
f 1580//398 1569//398 1579//398
f 1571//385 1575//385 1579//385
f 1598//395 1599//395 1597//395
f 1600//387 1601//387 1599//387
f 1602//396 1603//396 1601//396
f 1604//397 1605//397 1603//397
f 1598//386 1606//386 1602//386
f 1606//388 1607//388 1605//388
f 1608//398 1597//398 1607//398
f 1599//385 1603//385 1607//385
f 1626//395 1627//395 1625//395
f 1628//387 1629//387 1627//387
f 1630//396 1631//396 1629//396
f 1632//397 1633//397 1631//397
f 1626//386 1634//386 1630//386
f 1634//388 1635//388 1633//388
f 1636//398 1625//398 1635//398
f 1627//385 1631//385 1635//385
f 1654//395 1655//395 1653//395
f 1656//387 1657//387 1655//387
f 1658//396 1659//396 1657//396
f 1660//397 1661//397 1659//397
f 1654//386 1662//386 1658//386
f 1662//388 1663//388 1661//388
f 1664//398 1653//398 1663//398
f 1655//385 1659//385 1663//385
f 1682//395 1683//395 1681//395
f 1684//387 1685//387 1683//387
f 1686//396 1687//396 1685//396
f 1688//397 1689//397 1687//397
f 1682//386 1690//386 1686//386
f 1690//388 1691//388 1689//388
f 1692//398 1681//398 1691//398
f 1683//385 1687//385 1691//385
f 1710//395 1711//395 1709//395
f 1712//387 1713//387 1711//387
f 1714//396 1715//396 1713//396
f 1716//397 1717//397 1715//397
f 1710//386 1718//386 1714//386
f 1718//388 1719//388 1717//388
f 1720//398 1709//398 1719//398
f 1711//385 1715//385 1719//385
f 1738//395 1739//395 1737//395
f 1740//387 1741//387 1739//387
f 1742//396 1743//396 1741//396
f 1744//397 1745//397 1743//397
f 1738//386 1746//386 1742//386
f 1746//388 1747//388 1745//388
f 1748//398 1737//398 1747//398
f 1739//385 1743//385 1747//385
f 1766//395 1767//395 1765//395
f 1768//387 1769//387 1767//387
f 1770//396 1771//396 1769//396
f 1772//397 1773//397 1771//397
f 1766//386 1774//386 1770//386
f 1774//388 1775//388 1773//388
f 1776//398 1765//398 1775//398
f 1767//385 1771//385 1775//385
f 1794//395 1795//395 1793//395
f 1796//387 1797//387 1795//387
f 1798//396 1799//396 1797//396
f 1800//397 1801//397 1799//397
f 1794//386 1802//386 1798//386
f 1802//388 1803//388 1801//388
f 1804//398 1793//398 1803//398
f 1795//385 1799//385 1803//385
f 1822//395 1823//395 1821//395
f 1824//387 1825//387 1823//387
f 1826//396 1827//396 1825//396
f 1828//397 1829//397 1827//397
f 1822//386 1830//386 1826//386
f 1830//388 1831//388 1829//388
f 1832//398 1821//398 1831//398
f 1823//385 1827//385 1831//385
f 1850//395 1851//395 1849//395
f 1852//387 1853//387 1851//387
f 1854//396 1855//396 1853//396
f 1856//397 1857//397 1855//397
f 1850//386 1858//386 1854//386
f 1858//388 1859//388 1857//388
f 1860//398 1849//398 1859//398
f 1851//385 1855//385 1859//385
f 1878//395 1879//395 1877//395
f 1880//387 1881//387 1879//387
f 1882//396 1883//396 1881//396
f 1884//397 1885//397 1883//397
f 1878//386 1886//386 1882//386
f 1886//388 1887//388 1885//388
f 1888//398 1877//398 1887//398
f 1879//385 1883//385 1887//385
f 1906//395 1907//395 1905//395
f 1908//387 1909//387 1907//387
f 1910//396 1911//396 1909//396
f 1912//397 1913//397 1911//397
f 1906//386 1914//386 1910//386
f 1914//388 1915//388 1913//388
f 1916//398 1905//398 1915//398
f 1907//385 1911//385 1915//385
f 1934//395 1935//395 1933//395
f 1936//387 1937//387 1935//387
f 1938//396 1939//396 1937//396
f 1940//397 1941//397 1939//397
f 1934//386 1942//386 1938//386
f 1942//388 1943//388 1941//388
f 1944//398 1933//398 1943//398
f 1935//385 1939//385 1943//385
f 1962//395 1963//395 1961//395
f 1964//387 1965//387 1963//387
f 1966//396 1967//396 1965//396
f 1968//397 1969//397 1967//397
f 1962//386 1970//386 1966//386
f 1970//388 1971//388 1969//388
f 1972//398 1961//398 1971//398
f 1963//385 1967//385 1971//385
f 1990//395 1991//395 1989//395
f 1992//387 1993//387 1991//387
f 1994//396 1995//396 1993//396
f 1996//397 1997//397 1995//397
f 1990//386 1998//386 1994//386
f 1998//388 1999//388 1997//388
f 2000//398 1989//398 1999//398
f 1991//385 1995//385 1999//385
f 2018//395 2019//395 2017//395
f 2020//387 2021//387 2019//387
f 2022//396 2023//396 2021//396
f 2024//397 2025//397 2023//397
f 2018//386 2026//386 2022//386
f 2026//388 2027//388 2025//388
f 2028//398 2017//398 2027//398
f 2019//385 2023//385 2027//385
f 2046//395 2047//395 2045//395
f 2048//387 2049//387 2047//387
f 2050//396 2051//396 2049//396
f 2052//397 2053//397 2051//397
f 2046//386 2054//386 2050//386
f 2054//388 2055//388 2053//388
f 2056//398 2045//398 2055//398
f 2047//385 2051//385 2055//385
f 2074//395 2075//395 2073//395
f 2076//387 2077//387 2075//387
f 2078//396 2079//396 2077//396
f 2080//397 2081//397 2079//397
f 2074//386 2082//386 2078//386
f 2082//388 2083//388 2081//388
f 2084//398 2073//398 2083//398
f 2075//385 2079//385 2083//385
f 2102//395 2103//395 2101//395
f 2104//387 2105//387 2103//387
f 2106//396 2107//396 2105//396
f 2108//397 2109//397 2107//397
f 2102//386 2110//386 2106//386
f 2110//388 2111//388 2109//388
f 2112//398 2101//398 2111//398
f 2103//385 2107//385 2111//385
f 2130//395 2131//395 2129//395
f 2132//387 2133//387 2131//387
f 2134//396 2135//396 2133//396
f 2136//397 2137//397 2135//397
f 2130//386 2138//386 2134//386
f 2138//388 2139//388 2137//388
f 2140//398 2129//398 2139//398
f 2131//385 2135//385 2139//385
f 2158//395 2159//395 2157//395
f 2160//387 2161//387 2159//387
f 2162//396 2163//396 2161//396
f 2164//397 2165//397 2163//397
f 2158//386 2166//386 2162//386
f 2166//388 2167//388 2165//388
f 2168//398 2157//398 2167//398
f 2159//385 2163//385 2167//385
f 2186//395 2187//395 2185//395
f 2188//387 2189//387 2187//387
f 2190//396 2191//396 2189//396
f 2192//397 2193//397 2191//397
f 2186//386 2194//386 2190//386
f 2194//388 2195//388 2193//388
f 2196//398 2185//398 2195//398
f 2187//385 2191//385 2195//385
f 2214//395 2215//395 2213//395
f 2216//387 2217//387 2215//387
f 2218//396 2219//396 2217//396
f 2220//397 2221//397 2219//397
f 2214//386 2222//386 2218//386
f 2222//388 2223//388 2221//388
f 2224//398 2213//398 2223//398
f 2215//385 2219//385 2223//385
f 2242//395 2243//395 2241//395
f 2244//387 2245//387 2243//387
f 2246//396 2247//396 2245//396
f 2248//397 2249//397 2247//397
f 2242//386 2250//386 2246//386
f 2250//388 2251//388 2249//388
f 2252//398 2241//398 2251//398
f 2243//385 2247//385 2251//385
f 2270//395 2271//395 2269//395
f 2272//387 2273//387 2271//387
f 2274//396 2275//396 2273//396
f 2276//397 2277//397 2275//397
f 2270//386 2278//386 2274//386
f 2278//388 2279//388 2277//388
f 2280//398 2269//398 2279//398
f 2271//385 2275//385 2279//385
f 2298//395 2299//395 2297//395
f 2300//387 2301//387 2299//387
f 2302//396 2303//396 2301//396
f 2304//397 2305//397 2303//397
f 2298//386 2306//386 2302//386
f 2306//388 2307//388 2305//388
f 2308//398 2297//398 2307//398
f 2299//385 2303//385 2307//385
f 2326//395 2327//395 2325//395
f 2328//387 2329//387 2327//387
f 2330//396 2331//396 2329//396
f 2332//397 2333//397 2331//397
f 2326//386 2334//386 2330//386
f 2334//388 2335//388 2333//388
f 2336//398 2325//398 2335//398
f 2327//385 2331//385 2335//385
f 2354//395 2355//395 2353//395
f 2356//387 2357//387 2355//387
f 2358//396 2359//396 2357//396
f 2360//397 2361//397 2359//397
f 2354//386 2362//386 2358//386
f 2362//388 2363//388 2361//388
f 2364//398 2353//398 2363//398
f 2355//385 2359//385 2363//385
f 2382//395 2383//395 2381//395
f 2384//387 2385//387 2383//387
f 2386//396 2387//396 2385//396
f 2388//397 2389//397 2387//397
f 2382//386 2390//386 2386//386
f 2390//388 2391//388 2389//388
f 2392//398 2381//398 2391//398
f 2383//385 2387//385 2391//385
f 2410//395 2411//395 2409//395
f 2412//387 2413//387 2411//387
f 2414//396 2415//396 2413//396
f 2416//397 2417//397 2415//397
f 2410//386 2418//386 2414//386
f 2418//388 2419//388 2417//388
f 2420//398 2409//398 2419//398
f 2411//385 2415//385 2419//385
f 2438//395 2439//395 2437//395
f 2440//387 2441//387 2439//387
f 2442//396 2443//396 2441//396
f 2444//397 2445//397 2443//397
f 2438//386 2446//386 2442//386
f 2446//388 2447//388 2445//388
f 2448//398 2437//398 2447//398
f 2439//385 2443//385 2447//385
f 2466//395 2467//395 2465//395
f 2468//387 2469//387 2467//387
f 2470//396 2471//396 2469//396
f 2472//397 2473//397 2471//397
f 2466//386 2474//386 2470//386
f 2474//388 2475//388 2473//388
f 2476//398 2465//398 2475//398
f 2467//385 2471//385 2475//385
f 2494//395 2495//395 2493//395
f 2496//387 2497//387 2495//387
f 2498//396 2499//396 2497//396
f 2500//397 2501//397 2499//397
f 2494//386 2502//386 2498//386
f 2502//388 2503//388 2501//388
f 2504//398 2493//398 2503//398
f 2495//385 2499//385 2503//385
f 2522//395 2523//395 2521//395
f 2524//387 2525//387 2523//387
f 2526//396 2527//396 2525//396
f 2528//397 2529//397 2527//397
f 2522//386 2530//386 2526//386
f 2530//388 2531//388 2529//388
f 2532//398 2521//398 2531//398
f 2523//385 2527//385 2531//385
f 2550//395 2551//395 2549//395
f 2552//387 2553//387 2551//387
f 2554//396 2555//396 2553//396
f 2556//397 2557//397 2555//397
f 2550//386 2558//386 2554//386
f 2558//388 2559//388 2557//388
f 2560//398 2549//398 2559//398
f 2551//385 2555//385 2559//385
f 2578//395 2579//395 2577//395
f 2580//387 2581//387 2579//387
f 2582//396 2583//396 2581//396
f 2584//397 2585//397 2583//397
f 2578//386 2586//386 2582//386
f 2586//388 2587//388 2585//388
f 2588//398 2577//398 2587//398
f 2579//385 2583//385 2587//385
f 2606//395 2607//395 2605//395
f 2608//387 2609//387 2607//387
f 2610//396 2611//396 2609//396
f 2612//397 2613//397 2611//397
f 2606//386 2614//386 2610//386
f 2614//388 2615//388 2613//388
f 2616//398 2605//398 2615//398
f 2607//385 2611//385 2615//385
f 2634//395 2635//395 2633//395
f 2636//387 2637//387 2635//387
f 2638//396 2639//396 2637//396
f 2640//397 2641//397 2639//397
f 2634//386 2642//386 2638//386
f 2642//388 2643//388 2641//388
f 2644//398 2633//398 2643//398
f 2635//385 2639//385 2643//385
f 2662//395 2663//395 2661//395
f 2664//387 2665//387 2663//387
f 2666//396 2667//396 2665//396
f 2668//397 2669//397 2667//397
f 2662//386 2670//386 2666//386
f 2670//388 2671//388 2669//388
f 2672//398 2661//398 2671//398
f 2663//385 2667//385 2671//385
f 2690//395 2691//395 2689//395
f 2692//387 2693//387 2691//387
f 2694//396 2695//396 2693//396
f 2696//397 2697//397 2695//397
f 2690//386 2698//386 2694//386
f 2698//388 2699//388 2697//388
f 2700//398 2689//398 2699//398
f 2691//385 2695//385 2699//385
f 2718//395 2719//395 2717//395
f 2720//387 2721//387 2719//387
f 2722//396 2723//396 2721//396
f 2724//397 2725//397 2723//397
f 2718//386 2726//386 2722//386
f 2726//388 2727//388 2725//388
f 2728//398 2717//398 2727//398
f 2719//385 2723//385 2727//385
f 2746//395 2747//395 2745//395
f 2748//387 2749//387 2747//387
f 2750//396 2751//396 2749//396
f 2752//397 2753//397 2751//397
f 2746//386 2754//386 2750//386
f 2754//388 2755//388 2753//388
f 2756//398 2745//398 2755//398
f 2747//385 2751//385 2755//385
f 2774//395 2775//395 2773//395
f 2776//387 2777//387 2775//387
f 2778//396 2779//396 2777//396
f 2780//397 2781//397 2779//397
f 2774//386 2782//386 2778//386
f 2782//388 2783//388 2781//388
f 2784//398 2773//398 2783//398
f 2775//385 2779//385 2783//385
f 2802//395 2803//395 2801//395
f 2804//387 2805//387 2803//387
f 2806//396 2807//396 2805//396
f 2808//397 2809//397 2807//397
f 2802//386 2810//386 2806//386
f 2810//388 2811//388 2809//388
f 2812//398 2801//398 2811//398
f 2803//385 2807//385 2811//385
f 2830//395 2831//395 2829//395
f 2832//387 2833//387 2831//387
f 2834//396 2835//396 2833//396
f 2836//397 2837//397 2835//397
f 2830//386 2838//386 2834//386
f 2838//388 2839//388 2837//388
f 2840//398 2829//398 2839//398
f 2831//385 2835//385 2839//385
f 2858//395 2859//395 2857//395
f 2860//387 2861//387 2859//387
f 2862//396 2863//396 2861//396
f 2864//397 2865//397 2863//397
f 2858//386 2866//386 2862//386
f 2866//388 2867//388 2865//388
f 2868//398 2857//398 2867//398
f 2859//385 2863//385 2867//385
f 2886//395 2887//395 2885//395
f 2888//387 2889//387 2887//387
f 2890//396 2891//396 2889//396
f 2892//397 2893//397 2891//397
f 2886//386 2894//386 2890//386
f 2894//388 2895//388 2893//388
f 2896//398 2885//398 2895//398
f 2887//385 2891//385 2895//385
f 2914//395 2915//395 2913//395
f 2916//387 2917//387 2915//387
f 2918//396 2919//396 2917//396
f 2920//397 2921//397 2919//397
f 2914//386 2922//386 2918//386
f 2922//388 2923//388 2921//388
f 2924//398 2913//398 2923//398
f 2915//385 2919//385 2923//385
f 2942//395 2943//395 2941//395
f 2944//387 2945//387 2943//387
f 2946//396 2947//396 2945//396
f 2948//397 2949//397 2947//397
f 2942//386 2950//386 2946//386
f 2950//388 2951//388 2949//388
f 2952//398 2941//398 2951//398
f 2943//385 2947//385 2951//385
f 2970//395 2971//395 2969//395
f 2972//387 2973//387 2971//387
f 2974//396 2975//396 2973//396
f 2976//397 2977//397 2975//397
f 2970//386 2978//386 2974//386
f 2978//388 2979//388 2977//388
f 2980//398 2969//398 2979//398
f 2971//385 2975//385 2979//385
f 2998//395 2999//395 2997//395
f 3000//387 3001//387 2999//387
f 3002//396 3003//396 3001//396
f 3004//397 3005//397 3003//397
f 2998//386 3006//386 3002//386
f 3006//388 3007//388 3005//388
f 3008//398 2997//398 3007//398
f 2999//385 3003//385 3007//385
f 3026//395 3027//395 3025//395
f 3028//387 3029//387 3027//387
f 3030//396 3031//396 3029//396
f 3032//397 3033//397 3031//397
f 3026//386 3034//386 3030//386
f 3034//388 3035//388 3033//388
f 3036//398 3025//398 3035//398
f 3027//385 3031//385 3035//385
f 3054//395 3055//395 3053//395
f 3056//387 3057//387 3055//387
f 3058//396 3059//396 3057//396
f 3060//397 3061//397 3059//397
f 3054//386 3062//386 3058//386
f 3062//388 3063//388 3061//388
f 3064//398 3053//398 3063//398
f 3055//385 3059//385 3063//385
f 3082//395 3083//395 3081//395
f 3084//387 3085//387 3083//387
f 3086//396 3087//396 3085//396
f 3088//397 3089//397 3087//397
f 3082//386 3090//386 3086//386
f 3090//388 3091//388 3089//388
f 3092//398 3081//398 3091//398
f 3083//385 3087//385 3091//385
f 3110//395 3111//395 3109//395
f 3112//387 3113//387 3111//387
f 3114//396 3115//396 3113//396
f 3116//397 3117//397 3115//397
f 3110//386 3118//386 3114//386
f 3118//388 3119//388 3117//388
f 3120//398 3109//398 3119//398
f 3111//385 3115//385 3119//385
f 3138//395 3139//395 3137//395
f 3140//387 3141//387 3139//387
f 3142//396 3143//396 3141//396
f 3144//397 3145//397 3143//397
f 3138//386 3146//386 3142//386
f 3146//388 3147//388 3145//388
f 3148//398 3137//398 3147//398
f 3139//385 3143//385 3147//385
f 3166//395 3167//395 3165//395
f 3168//387 3169//387 3167//387
f 3170//396 3171//396 3169//396
f 3172//397 3173//397 3171//397
f 3166//386 3174//386 3170//386
f 3174//388 3175//388 3173//388
f 3176//398 3165//398 3175//398
f 3167//385 3171//385 3175//385
f 3194//395 3195//395 3193//395
f 3196//387 3197//387 3195//387
f 3198//396 3199//396 3197//396
f 3200//397 3201//397 3199//397
f 3194//386 3202//386 3198//386
f 3202//388 3203//388 3201//388
f 3204//398 3193//398 3203//398
f 3195//385 3199//385 3203//385
f 3222//395 3223//395 3221//395
f 3224//387 3225//387 3223//387
f 3226//396 3227//396 3225//396
f 3228//397 3229//397 3227//397
f 3222//386 3230//386 3226//386
f 3230//388 3231//388 3229//388
f 3232//398 3221//398 3231//398
f 3223//385 3227//385 3231//385
f 3250//395 3251//395 3249//395
f 3252//387 3253//387 3251//387
f 3254//396 3255//396 3253//396
f 3256//397 3257//397 3255//397
f 3250//386 3258//386 3254//386
f 3258//388 3259//388 3257//388
f 3260//398 3249//398 3259//398
f 3251//385 3255//385 3259//385
f 3278//395 3279//395 3277//395
f 3280//387 3281//387 3279//387
f 3282//396 3283//396 3281//396
f 3284//397 3285//397 3283//397
f 3278//386 3286//386 3282//386
f 3286//388 3287//388 3285//388
f 3288//398 3277//398 3287//398
f 3279//385 3283//385 3287//385
f 3306//395 3307//395 3305//395
f 3308//387 3309//387 3307//387
f 3310//396 3311//396 3309//396
f 3312//397 3313//397 3311//397
f 3306//386 3314//386 3310//386
f 3314//388 3315//388 3313//388
f 3316//398 3305//398 3315//398
f 3307//385 3311//385 3315//385
f 3334//395 3335//395 3333//395
f 3336//387 3337//387 3335//387
f 3338//396 3339//396 3337//396
f 3340//397 3341//397 3339//397
f 3334//386 3342//386 3338//386
f 3342//388 3343//388 3341//388
f 3344//398 3333//398 3343//398
f 3335//385 3339//385 3343//385
f 3362//395 3363//395 3361//395
f 3364//387 3365//387 3363//387
f 3366//396 3367//396 3365//396
f 3368//397 3369//397 3367//397
f 3362//386 3370//386 3366//386
f 3370//388 3371//388 3369//388
f 3372//398 3361//398 3371//398
f 3363//385 3367//385 3371//385
f 3390//395 3391//395 3389//395
f 3392//387 3393//387 3391//387
f 3394//396 3395//396 3393//396
f 3396//397 3397//397 3395//397
f 3390//386 3398//386 3394//386
f 3398//388 3399//388 3397//388
f 3400//398 3389//398 3399//398
f 3391//385 3395//385 3399//385
f 3418//395 3419//395 3417//395
f 3420//387 3421//387 3419//387
f 3422//396 3423//396 3421//396
f 3424//397 3425//397 3423//397
f 3418//386 3426//386 3422//386
f 3426//388 3427//388 3425//388
f 3428//398 3417//398 3427//398
f 3419//385 3423//385 3427//385
f 3446//395 3447//395 3445//395
f 3448//387 3449//387 3447//387
f 3450//396 3451//396 3449//396
f 3452//397 3453//397 3451//397
f 3446//386 3454//386 3450//386
f 3454//388 3455//388 3453//388
f 3456//398 3445//398 3455//398
f 3447//385 3451//385 3455//385
f 3474//395 3475//395 3473//395
f 3476//387 3477//387 3475//387
f 3478//396 3479//396 3477//396
f 3480//397 3481//397 3479//397
f 3474//386 3482//386 3478//386
f 3482//388 3483//388 3481//388
f 3484//398 3473//398 3483//398
f 3475//385 3479//385 3483//385
f 3502//395 3503//395 3501//395
f 3504//387 3505//387 3503//387
f 3506//396 3507//396 3505//396
f 3508//397 3509//397 3507//397
f 3502//386 3510//386 3506//386
f 3510//388 3511//388 3509//388
f 3512//398 3501//398 3511//398
f 3503//385 3507//385 3511//385
f 3530//395 3531//395 3529//395
f 3532//387 3533//387 3531//387
f 3534//396 3535//396 3533//396
f 3536//397 3537//397 3535//397
f 3530//386 3538//386 3534//386
f 3538//388 3539//388 3537//388
f 3540//398 3529//398 3539//398
f 3531//385 3535//385 3539//385
f 3558//395 3559//395 3557//395
f 3560//387 3561//387 3559//387
f 3562//396 3563//396 3561//396
f 3564//397 3565//397 3563//397
f 3558//386 3566//386 3562//386
f 3566//388 3567//388 3565//388
f 3568//398 3557//398 3567//398
f 3559//385 3563//385 3567//385
f 3586//395 3587//395 3585//395
f 3588//387 3589//387 3587//387
f 3590//396 3591//396 3589//396
f 3592//397 3593//397 3591//397
f 3586//386 3594//386 3590//386
f 3594//388 3595//388 3593//388
f 3596//398 3585//398 3595//398
f 3587//385 3591//385 3595//385
f 3614//395 3615//395 3613//395
f 3616//387 3617//387 3615//387
f 3618//396 3619//396 3617//396
f 3620//397 3621//397 3619//397
f 3614//386 3622//386 3618//386
f 3622//388 3623//388 3621//388
f 3624//398 3613//398 3623//398
f 3615//385 3619//385 3623//385
f 3642//395 3643//395 3641//395
f 3644//387 3645//387 3643//387
f 3646//396 3647//396 3645//396
f 3648//397 3649//397 3647//397
f 3642//386 3650//386 3646//386
f 3650//388 3651//388 3649//388
f 3652//398 3641//398 3651//398
f 3643//385 3647//385 3651//385
f 3670//395 3671//395 3669//395
f 3672//387 3673//387 3671//387
f 3674//396 3675//396 3673//396
f 3676//397 3677//397 3675//397
f 3670//386 3678//386 3674//386
f 3678//388 3679//388 3677//388
f 3680//398 3669//398 3679//398
f 3671//385 3675//385 3679//385
f 3698//395 3699//395 3697//395
f 3700//387 3701//387 3699//387
f 3702//396 3703//396 3701//396
f 3704//397 3705//397 3703//397
f 3698//386 3706//386 3702//386
f 3706//388 3707//388 3705//388
f 3708//398 3697//398 3707//398
f 3699//385 3703//385 3707//385
f 3726//395 3727//395 3725//395
f 3728//387 3729//387 3727//387
f 3730//396 3731//396 3729//396
f 3732//397 3733//397 3731//397
f 3726//386 3734//386 3730//386
f 3734//388 3735//388 3733//388
f 3736//398 3725//398 3735//398
f 3727//385 3731//385 3735//385
f 3754//395 3755//395 3753//395
f 3756//387 3757//387 3755//387
f 3758//396 3759//396 3757//396
f 3760//397 3761//397 3759//397
f 3754//386 3762//386 3758//386
f 3762//388 3763//388 3761//388
f 3764//398 3753//398 3763//398
f 3755//385 3759//385 3763//385
f 3782//395 3783//395 3781//395
f 3784//387 3785//387 3783//387
f 3786//396 3787//396 3785//396
f 3788//397 3789//397 3787//397
f 3782//386 3790//386 3786//386
f 3790//388 3791//388 3789//388
f 3792//398 3781//398 3791//398
f 3783//385 3787//385 3791//385
f 3810//395 3811//395 3809//395
f 3812//387 3813//387 3811//387
f 3814//396 3815//396 3813//396
f 3816//397 3817//397 3815//397
f 3810//386 3818//386 3814//386
f 3818//388 3819//388 3817//388
f 3820//398 3809//398 3819//398
f 3811//385 3815//385 3819//385
f 1150//395 1152//395 1151//395
f 1152//387 1154//387 1153//387
f 1154//396 1156//396 1155//396
f 1156//397 1158//397 1157//397
f 1154//386 1152//386 1150//386
f 1150//386 1160//386 1158//386
f 1158//386 1156//386 1154//386
f 1158//388 1160//388 1159//388
f 1160//398 1150//398 1149//398
f 1159//385 1149//385 1151//385
f 1151//385 1153//385 1155//385
f 1155//385 1157//385 1159//385
f 1178//395 1180//395 1179//395
f 1180//387 1182//387 1181//387
f 1182//396 1184//396 1183//396
f 1184//397 1186//397 1185//397
f 1182//386 1180//386 1178//386
f 1178//386 1188//386 1186//386
f 1186//386 1184//386 1182//386
f 1186//388 1188//388 1187//388
f 1188//398 1178//398 1177//398
f 1187//385 1177//385 1179//385
f 1179//385 1181//385 1183//385
f 1183//385 1185//385 1187//385
f 1206//395 1208//395 1207//395
f 1208//387 1210//387 1209//387
f 1210//396 1212//396 1211//396
f 1212//397 1214//397 1213//397
f 1210//386 1208//386 1206//386
f 1206//386 1216//386 1214//386
f 1214//386 1212//386 1210//386
f 1214//388 1216//388 1215//388
f 1216//398 1206//398 1205//398
f 1215//385 1205//385 1207//385
f 1207//385 1209//385 1211//385
f 1211//385 1213//385 1215//385
f 1234//395 1236//395 1235//395
f 1236//387 1238//387 1237//387
f 1238//396 1240//396 1239//396
f 1240//397 1242//397 1241//397
f 1238//386 1236//386 1234//386
f 1234//386 1244//386 1242//386
f 1242//386 1240//386 1238//386
f 1242//388 1244//388 1243//388
f 1244//398 1234//398 1233//398
f 1243//385 1233//385 1235//385
f 1235//385 1237//385 1239//385
f 1239//385 1241//385 1243//385
f 1262//395 1264//395 1263//395
f 1264//387 1266//387 1265//387
f 1266//396 1268//396 1267//396
f 1268//397 1270//397 1269//397
f 1266//386 1264//386 1262//386
f 1262//386 1272//386 1270//386
f 1270//386 1268//386 1266//386
f 1270//388 1272//388 1271//388
f 1272//398 1262//398 1261//398
f 1271//385 1261//385 1263//385
f 1263//385 1265//385 1267//385
f 1267//385 1269//385 1271//385
f 1290//395 1292//395 1291//395
f 1292//387 1294//387 1293//387
f 1294//396 1296//396 1295//396
f 1296//397 1298//397 1297//397
f 1294//386 1292//386 1290//386
f 1290//386 1300//386 1298//386
f 1298//386 1296//386 1294//386
f 1298//388 1300//388 1299//388
f 1300//398 1290//398 1289//398
f 1299//385 1289//385 1291//385
f 1291//385 1293//385 1295//385
f 1295//385 1297//385 1299//385
f 1318//395 1320//395 1319//395
f 1320//387 1322//387 1321//387
f 1322//396 1324//396 1323//396
f 1324//397 1326//397 1325//397
f 1322//386 1320//386 1318//386
f 1318//386 1328//386 1326//386
f 1326//386 1324//386 1322//386
f 1326//388 1328//388 1327//388
f 1328//398 1318//398 1317//398
f 1327//385 1317//385 1319//385
f 1319//385 1321//385 1323//385
f 1323//385 1325//385 1327//385
f 1346//395 1348//395 1347//395
f 1348//387 1350//387 1349//387
f 1350//396 1352//396 1351//396
f 1352//397 1354//397 1353//397
f 1350//386 1348//386 1346//386
f 1346//386 1356//386 1354//386
f 1354//386 1352//386 1350//386
f 1354//388 1356//388 1355//388
f 1356//398 1346//398 1345//398
f 1355//385 1345//385 1347//385
f 1347//385 1349//385 1351//385
f 1351//385 1353//385 1355//385
f 1374//395 1376//395 1375//395
f 1376//387 1378//387 1377//387
f 1378//396 1380//396 1379//396
f 1380//397 1382//397 1381//397
f 1378//386 1376//386 1374//386
f 1374//386 1384//386 1382//386
f 1382//386 1380//386 1378//386
f 1382//388 1384//388 1383//388
f 1384//398 1374//398 1373//398
f 1383//385 1373//385 1375//385
f 1375//385 1377//385 1379//385
f 1379//385 1381//385 1383//385
f 1402//395 1404//395 1403//395
f 1404//387 1406//387 1405//387
f 1406//396 1408//396 1407//396
f 1408//397 1410//397 1409//397
f 1406//386 1404//386 1402//386
f 1402//386 1412//386 1410//386
f 1410//386 1408//386 1406//386
f 1410//388 1412//388 1411//388
f 1412//398 1402//398 1401//398
f 1411//385 1401//385 1403//385
f 1403//385 1405//385 1407//385
f 1407//385 1409//385 1411//385
f 1430//395 1432//395 1431//395
f 1432//387 1434//387 1433//387
f 1434//396 1436//396 1435//396
f 1436//397 1438//397 1437//397
f 1434//386 1432//386 1430//386
f 1430//386 1440//386 1438//386
f 1438//386 1436//386 1434//386
f 1438//388 1440//388 1439//388
f 1440//398 1430//398 1429//398
f 1439//385 1429//385 1431//385
f 1431//385 1433//385 1435//385
f 1435//385 1437//385 1439//385
f 1458//395 1460//395 1459//395
f 1460//387 1462//387 1461//387
f 1462//396 1464//396 1463//396
f 1464//397 1466//397 1465//397
f 1462//386 1460//386 1458//386
f 1458//386 1468//386 1466//386
f 1466//386 1464//386 1462//386
f 1466//388 1468//388 1467//388
f 1468//398 1458//398 1457//398
f 1467//385 1457//385 1459//385
f 1459//385 1461//385 1463//385
f 1463//385 1465//385 1467//385
f 1486//395 1488//395 1487//395
f 1488//387 1490//387 1489//387
f 1490//396 1492//396 1491//396
f 1492//397 1494//397 1493//397
f 1490//386 1488//386 1486//386
f 1486//386 1496//386 1494//386
f 1494//386 1492//386 1490//386
f 1494//388 1496//388 1495//388
f 1496//398 1486//398 1485//398
f 1495//385 1485//385 1487//385
f 1487//385 1489//385 1491//385
f 1491//385 1493//385 1495//385
f 1514//395 1516//395 1515//395
f 1516//387 1518//387 1517//387
f 1518//396 1520//396 1519//396
f 1520//397 1522//397 1521//397
f 1518//386 1516//386 1514//386
f 1514//386 1524//386 1522//386
f 1522//386 1520//386 1518//386
f 1522//388 1524//388 1523//388
f 1524//398 1514//398 1513//398
f 1523//385 1513//385 1515//385
f 1515//385 1517//385 1519//385
f 1519//385 1521//385 1523//385
f 1542//395 1544//395 1543//395
f 1544//387 1546//387 1545//387
f 1546//396 1548//396 1547//396
f 1548//397 1550//397 1549//397
f 1546//386 1544//386 1542//386
f 1542//386 1552//386 1550//386
f 1550//386 1548//386 1546//386
f 1550//388 1552//388 1551//388
f 1552//398 1542//398 1541//398
f 1551//385 1541//385 1543//385
f 1543//385 1545//385 1547//385
f 1547//385 1549//385 1551//385
f 1570//395 1572//395 1571//395
f 1572//387 1574//387 1573//387
f 1574//396 1576//396 1575//396
f 1576//397 1578//397 1577//397
f 1574//386 1572//386 1570//386
f 1570//386 1580//386 1578//386
f 1578//386 1576//386 1574//386
f 1578//388 1580//388 1579//388
f 1580//398 1570//398 1569//398
f 1579//385 1569//385 1571//385
f 1571//385 1573//385 1575//385
f 1575//385 1577//385 1579//385
f 1598//395 1600//395 1599//395
f 1600//387 1602//387 1601//387
f 1602//396 1604//396 1603//396
f 1604//397 1606//397 1605//397
f 1602//386 1600//386 1598//386
f 1598//386 1608//386 1606//386
f 1606//386 1604//386 1602//386
f 1606//388 1608//388 1607//388
f 1608//398 1598//398 1597//398
f 1607//385 1597//385 1599//385
f 1599//385 1601//385 1603//385
f 1603//385 1605//385 1607//385
f 1626//395 1628//395 1627//395
f 1628//387 1630//387 1629//387
f 1630//396 1632//396 1631//396
f 1632//397 1634//397 1633//397
f 1630//386 1628//386 1626//386
f 1626//386 1636//386 1634//386
f 1634//386 1632//386 1630//386
f 1634//388 1636//388 1635//388
f 1636//398 1626//398 1625//398
f 1635//385 1625//385 1627//385
f 1627//385 1629//385 1631//385
f 1631//385 1633//385 1635//385
f 1654//395 1656//395 1655//395
f 1656//387 1658//387 1657//387
f 1658//396 1660//396 1659//396
f 1660//397 1662//397 1661//397
f 1658//386 1656//386 1654//386
f 1654//386 1664//386 1662//386
f 1662//386 1660//386 1658//386
f 1662//388 1664//388 1663//388
f 1664//398 1654//398 1653//398
f 1663//385 1653//385 1655//385
f 1655//385 1657//385 1659//385
f 1659//385 1661//385 1663//385
f 1682//395 1684//395 1683//395
f 1684//387 1686//387 1685//387
f 1686//396 1688//396 1687//396
f 1688//397 1690//397 1689//397
f 1686//386 1684//386 1682//386
f 1682//386 1692//386 1690//386
f 1690//386 1688//386 1686//386
f 1690//388 1692//388 1691//388
f 1692//398 1682//398 1681//398
f 1691//385 1681//385 1683//385
f 1683//385 1685//385 1687//385
f 1687//385 1689//385 1691//385
f 1710//395 1712//395 1711//395
f 1712//387 1714//387 1713//387
f 1714//396 1716//396 1715//396
f 1716//397 1718//397 1717//397
f 1714//386 1712//386 1710//386
f 1710//386 1720//386 1718//386
f 1718//386 1716//386 1714//386
f 1718//388 1720//388 1719//388
f 1720//398 1710//398 1709//398
f 1719//385 1709//385 1711//385
f 1711//385 1713//385 1715//385
f 1715//385 1717//385 1719//385
f 1738//395 1740//395 1739//395
f 1740//387 1742//387 1741//387
f 1742//396 1744//396 1743//396
f 1744//397 1746//397 1745//397
f 1742//386 1740//386 1738//386
f 1738//386 1748//386 1746//386
f 1746//386 1744//386 1742//386
f 1746//388 1748//388 1747//388
f 1748//398 1738//398 1737//398
f 1747//385 1737//385 1739//385
f 1739//385 1741//385 1743//385
f 1743//385 1745//385 1747//385
f 1766//395 1768//395 1767//395
f 1768//387 1770//387 1769//387
f 1770//396 1772//396 1771//396
f 1772//397 1774//397 1773//397
f 1770//386 1768//386 1766//386
f 1766//386 1776//386 1774//386
f 1774//386 1772//386 1770//386
f 1774//388 1776//388 1775//388
f 1776//398 1766//398 1765//398
f 1775//385 1765//385 1767//385
f 1767//385 1769//385 1771//385
f 1771//385 1773//385 1775//385
f 1794//395 1796//395 1795//395
f 1796//387 1798//387 1797//387
f 1798//396 1800//396 1799//396
f 1800//397 1802//397 1801//397
f 1798//386 1796//386 1794//386
f 1794//386 1804//386 1802//386
f 1802//386 1800//386 1798//386
f 1802//388 1804//388 1803//388
f 1804//398 1794//398 1793//398
f 1803//385 1793//385 1795//385
f 1795//385 1797//385 1799//385
f 1799//385 1801//385 1803//385
f 1822//395 1824//395 1823//395
f 1824//387 1826//387 1825//387
f 1826//396 1828//396 1827//396
f 1828//397 1830//397 1829//397
f 1826//386 1824//386 1822//386
f 1822//386 1832//386 1830//386
f 1830//386 1828//386 1826//386
f 1830//388 1832//388 1831//388
f 1832//398 1822//398 1821//398
f 1831//385 1821//385 1823//385
f 1823//385 1825//385 1827//385
f 1827//385 1829//385 1831//385
f 1850//395 1852//395 1851//395
f 1852//387 1854//387 1853//387
f 1854//396 1856//396 1855//396
f 1856//397 1858//397 1857//397
f 1854//386 1852//386 1850//386
f 1850//386 1860//386 1858//386
f 1858//386 1856//386 1854//386
f 1858//388 1860//388 1859//388
f 1860//398 1850//398 1849//398
f 1859//385 1849//385 1851//385
f 1851//385 1853//385 1855//385
f 1855//385 1857//385 1859//385
f 1878//395 1880//395 1879//395
f 1880//387 1882//387 1881//387
f 1882//396 1884//396 1883//396
f 1884//397 1886//397 1885//397
f 1882//386 1880//386 1878//386
f 1878//386 1888//386 1886//386
f 1886//386 1884//386 1882//386
f 1886//388 1888//388 1887//388
f 1888//398 1878//398 1877//398
f 1887//385 1877//385 1879//385
f 1879//385 1881//385 1883//385
f 1883//385 1885//385 1887//385
f 1906//395 1908//395 1907//395
f 1908//387 1910//387 1909//387
f 1910//396 1912//396 1911//396
f 1912//397 1914//397 1913//397
f 1910//386 1908//386 1906//386
f 1906//386 1916//386 1914//386
f 1914//386 1912//386 1910//386
f 1914//388 1916//388 1915//388
f 1916//398 1906//398 1905//398
f 1915//385 1905//385 1907//385
f 1907//385 1909//385 1911//385
f 1911//385 1913//385 1915//385
f 1934//395 1936//395 1935//395
f 1936//387 1938//387 1937//387
f 1938//396 1940//396 1939//396
f 1940//397 1942//397 1941//397
f 1938//386 1936//386 1934//386
f 1934//386 1944//386 1942//386
f 1942//386 1940//386 1938//386
f 1942//388 1944//388 1943//388
f 1944//398 1934//398 1933//398
f 1943//385 1933//385 1935//385
f 1935//385 1937//385 1939//385
f 1939//385 1941//385 1943//385
f 1962//395 1964//395 1963//395
f 1964//387 1966//387 1965//387
f 1966//396 1968//396 1967//396
f 1968//397 1970//397 1969//397
f 1966//386 1964//386 1962//386
f 1962//386 1972//386 1970//386
f 1970//386 1968//386 1966//386
f 1970//388 1972//388 1971//388
f 1972//398 1962//398 1961//398
f 1971//385 1961//385 1963//385
f 1963//385 1965//385 1967//385
f 1967//385 1969//385 1971//385
f 1990//395 1992//395 1991//395
f 1992//387 1994//387 1993//387
f 1994//396 1996//396 1995//396
f 1996//397 1998//397 1997//397
f 1994//386 1992//386 1990//386
f 1990//386 2000//386 1998//386
f 1998//386 1996//386 1994//386
f 1998//388 2000//388 1999//388
f 2000//398 1990//398 1989//398
f 1999//385 1989//385 1991//385
f 1991//385 1993//385 1995//385
f 1995//385 1997//385 1999//385
f 2018//395 2020//395 2019//395
f 2020//387 2022//387 2021//387
f 2022//396 2024//396 2023//396
f 2024//397 2026//397 2025//397
f 2022//386 2020//386 2018//386
f 2018//386 2028//386 2026//386
f 2026//386 2024//386 2022//386
f 2026//388 2028//388 2027//388
f 2028//398 2018//398 2017//398
f 2027//385 2017//385 2019//385
f 2019//385 2021//385 2023//385
f 2023//385 2025//385 2027//385
f 2046//395 2048//395 2047//395
f 2048//387 2050//387 2049//387
f 2050//396 2052//396 2051//396
f 2052//397 2054//397 2053//397
f 2050//386 2048//386 2046//386
f 2046//386 2056//386 2054//386
f 2054//386 2052//386 2050//386
f 2054//388 2056//388 2055//388
f 2056//398 2046//398 2045//398
f 2055//385 2045//385 2047//385
f 2047//385 2049//385 2051//385
f 2051//385 2053//385 2055//385
f 2074//395 2076//395 2075//395
f 2076//387 2078//387 2077//387
f 2078//396 2080//396 2079//396
f 2080//397 2082//397 2081//397
f 2078//386 2076//386 2074//386
f 2074//386 2084//386 2082//386
f 2082//386 2080//386 2078//386
f 2082//388 2084//388 2083//388
f 2084//398 2074//398 2073//398
f 2083//385 2073//385 2075//385
f 2075//385 2077//385 2079//385
f 2079//385 2081//385 2083//385
f 2102//395 2104//395 2103//395
f 2104//387 2106//387 2105//387
f 2106//396 2108//396 2107//396
f 2108//397 2110//397 2109//397
f 2106//386 2104//386 2102//386
f 2102//386 2112//386 2110//386
f 2110//386 2108//386 2106//386
f 2110//388 2112//388 2111//388
f 2112//398 2102//398 2101//398
f 2111//385 2101//385 2103//385
f 2103//385 2105//385 2107//385
f 2107//385 2109//385 2111//385
f 2130//395 2132//395 2131//395
f 2132//387 2134//387 2133//387
f 2134//396 2136//396 2135//396
f 2136//397 2138//397 2137//397
f 2134//386 2132//386 2130//386
f 2130//386 2140//386 2138//386
f 2138//386 2136//386 2134//386
f 2138//388 2140//388 2139//388
f 2140//398 2130//398 2129//398
f 2139//385 2129//385 2131//385
f 2131//385 2133//385 2135//385
f 2135//385 2137//385 2139//385
f 2158//395 2160//395 2159//395
f 2160//387 2162//387 2161//387
f 2162//396 2164//396 2163//396
f 2164//397 2166//397 2165//397
f 2162//386 2160//386 2158//386
f 2158//386 2168//386 2166//386
f 2166//386 2164//386 2162//386
f 2166//388 2168//388 2167//388
f 2168//398 2158//398 2157//398
f 2167//385 2157//385 2159//385
f 2159//385 2161//385 2163//385
f 2163//385 2165//385 2167//385
f 2186//395 2188//395 2187//395
f 2188//387 2190//387 2189//387
f 2190//396 2192//396 2191//396
f 2192//397 2194//397 2193//397
f 2190//386 2188//386 2186//386
f 2186//386 2196//386 2194//386
f 2194//386 2192//386 2190//386
f 2194//388 2196//388 2195//388
f 2196//398 2186//398 2185//398
f 2195//385 2185//385 2187//385
f 2187//385 2189//385 2191//385
f 2191//385 2193//385 2195//385
f 2214//395 2216//395 2215//395
f 2216//387 2218//387 2217//387
f 2218//396 2220//396 2219//396
f 2220//397 2222//397 2221//397
f 2218//386 2216//386 2214//386
f 2214//386 2224//386 2222//386
f 2222//386 2220//386 2218//386
f 2222//388 2224//388 2223//388
f 2224//398 2214//398 2213//398
f 2223//385 2213//385 2215//385
f 2215//385 2217//385 2219//385
f 2219//385 2221//385 2223//385
f 2242//395 2244//395 2243//395
f 2244//387 2246//387 2245//387
f 2246//396 2248//396 2247//396
f 2248//397 2250//397 2249//397
f 2246//386 2244//386 2242//386
f 2242//386 2252//386 2250//386
f 2250//386 2248//386 2246//386
f 2250//388 2252//388 2251//388
f 2252//398 2242//398 2241//398
f 2251//385 2241//385 2243//385
f 2243//385 2245//385 2247//385
f 2247//385 2249//385 2251//385
f 2270//395 2272//395 2271//395
f 2272//387 2274//387 2273//387
f 2274//396 2276//396 2275//396
f 2276//397 2278//397 2277//397
f 2274//386 2272//386 2270//386
f 2270//386 2280//386 2278//386
f 2278//386 2276//386 2274//386
f 2278//388 2280//388 2279//388
f 2280//398 2270//398 2269//398
f 2279//385 2269//385 2271//385
f 2271//385 2273//385 2275//385
f 2275//385 2277//385 2279//385
f 2298//395 2300//395 2299//395
f 2300//387 2302//387 2301//387
f 2302//396 2304//396 2303//396
f 2304//397 2306//397 2305//397
f 2302//386 2300//386 2298//386
f 2298//386 2308//386 2306//386
f 2306//386 2304//386 2302//386
f 2306//388 2308//388 2307//388
f 2308//398 2298//398 2297//398
f 2307//385 2297//385 2299//385
f 2299//385 2301//385 2303//385
f 2303//385 2305//385 2307//385
f 2326//395 2328//395 2327//395
f 2328//387 2330//387 2329//387
f 2330//396 2332//396 2331//396
f 2332//397 2334//397 2333//397
f 2330//386 2328//386 2326//386
f 2326//386 2336//386 2334//386
f 2334//386 2332//386 2330//386
f 2334//388 2336//388 2335//388
f 2336//398 2326//398 2325//398
f 2335//385 2325//385 2327//385
f 2327//385 2329//385 2331//385
f 2331//385 2333//385 2335//385
f 2354//395 2356//395 2355//395
f 2356//387 2358//387 2357//387
f 2358//396 2360//396 2359//396
f 2360//397 2362//397 2361//397
f 2358//386 2356//386 2354//386
f 2354//386 2364//386 2362//386
f 2362//386 2360//386 2358//386
f 2362//388 2364//388 2363//388
f 2364//398 2354//398 2353//398
f 2363//385 2353//385 2355//385
f 2355//385 2357//385 2359//385
f 2359//385 2361//385 2363//385
f 2382//395 2384//395 2383//395
f 2384//387 2386//387 2385//387
f 2386//396 2388//396 2387//396
f 2388//397 2390//397 2389//397
f 2386//386 2384//386 2382//386
f 2382//386 2392//386 2390//386
f 2390//386 2388//386 2386//386
f 2390//388 2392//388 2391//388
f 2392//398 2382//398 2381//398
f 2391//385 2381//385 2383//385
f 2383//385 2385//385 2387//385
f 2387//385 2389//385 2391//385
f 2410//395 2412//395 2411//395
f 2412//387 2414//387 2413//387
f 2414//396 2416//396 2415//396
f 2416//397 2418//397 2417//397
f 2414//386 2412//386 2410//386
f 2410//386 2420//386 2418//386
f 2418//386 2416//386 2414//386
f 2418//388 2420//388 2419//388
f 2420//398 2410//398 2409//398
f 2419//385 2409//385 2411//385
f 2411//385 2413//385 2415//385
f 2415//385 2417//385 2419//385
f 2438//395 2440//395 2439//395
f 2440//387 2442//387 2441//387
f 2442//396 2444//396 2443//396
f 2444//397 2446//397 2445//397
f 2442//386 2440//386 2438//386
f 2438//386 2448//386 2446//386
f 2446//386 2444//386 2442//386
f 2446//388 2448//388 2447//388
f 2448//398 2438//398 2437//398
f 2447//385 2437//385 2439//385
f 2439//385 2441//385 2443//385
f 2443//385 2445//385 2447//385
f 2466//395 2468//395 2467//395
f 2468//387 2470//387 2469//387
f 2470//396 2472//396 2471//396
f 2472//397 2474//397 2473//397
f 2470//386 2468//386 2466//386
f 2466//386 2476//386 2474//386
f 2474//386 2472//386 2470//386
f 2474//388 2476//388 2475//388
f 2476//398 2466//398 2465//398
f 2475//385 2465//385 2467//385
f 2467//385 2469//385 2471//385
f 2471//385 2473//385 2475//385
f 2494//395 2496//395 2495//395
f 2496//387 2498//387 2497//387
f 2498//396 2500//396 2499//396
f 2500//397 2502//397 2501//397
f 2498//386 2496//386 2494//386
f 2494//386 2504//386 2502//386
f 2502//386 2500//386 2498//386
f 2502//388 2504//388 2503//388
f 2504//398 2494//398 2493//398
f 2503//385 2493//385 2495//385
f 2495//385 2497//385 2499//385
f 2499//385 2501//385 2503//385
f 2522//395 2524//395 2523//395
f 2524//387 2526//387 2525//387
f 2526//396 2528//396 2527//396
f 2528//397 2530//397 2529//397
f 2526//386 2524//386 2522//386
f 2522//386 2532//386 2530//386
f 2530//386 2528//386 2526//386
f 2530//388 2532//388 2531//388
f 2532//398 2522//398 2521//398
f 2531//385 2521//385 2523//385
f 2523//385 2525//385 2527//385
f 2527//385 2529//385 2531//385
f 2550//395 2552//395 2551//395
f 2552//387 2554//387 2553//387
f 2554//396 2556//396 2555//396
f 2556//397 2558//397 2557//397
f 2554//386 2552//386 2550//386
f 2550//386 2560//386 2558//386
f 2558//386 2556//386 2554//386
f 2558//388 2560//388 2559//388
f 2560//398 2550//398 2549//398
f 2559//385 2549//385 2551//385
f 2551//385 2553//385 2555//385
f 2555//385 2557//385 2559//385
f 2578//395 2580//395 2579//395
f 2580//387 2582//387 2581//387
f 2582//396 2584//396 2583//396
f 2584//397 2586//397 2585//397
f 2582//386 2580//386 2578//386
f 2578//386 2588//386 2586//386
f 2586//386 2584//386 2582//386
f 2586//388 2588//388 2587//388
f 2588//398 2578//398 2577//398
f 2587//385 2577//385 2579//385
f 2579//385 2581//385 2583//385
f 2583//385 2585//385 2587//385
f 2606//395 2608//395 2607//395
f 2608//387 2610//387 2609//387
f 2610//396 2612//396 2611//396
f 2612//397 2614//397 2613//397
f 2610//386 2608//386 2606//386
f 2606//386 2616//386 2614//386
f 2614//386 2612//386 2610//386
f 2614//388 2616//388 2615//388
f 2616//398 2606//398 2605//398
f 2615//385 2605//385 2607//385
f 2607//385 2609//385 2611//385
f 2611//385 2613//385 2615//385
f 2634//395 2636//395 2635//395
f 2636//387 2638//387 2637//387
f 2638//396 2640//396 2639//396
f 2640//397 2642//397 2641//397
f 2638//386 2636//386 2634//386
f 2634//386 2644//386 2642//386
f 2642//386 2640//386 2638//386
f 2642//388 2644//388 2643//388
f 2644//398 2634//398 2633//398
f 2643//385 2633//385 2635//385
f 2635//385 2637//385 2639//385
f 2639//385 2641//385 2643//385
f 2662//395 2664//395 2663//395
f 2664//387 2666//387 2665//387
f 2666//396 2668//396 2667//396
f 2668//397 2670//397 2669//397
f 2666//386 2664//386 2662//386
f 2662//386 2672//386 2670//386
f 2670//386 2668//386 2666//386
f 2670//388 2672//388 2671//388
f 2672//398 2662//398 2661//398
f 2671//385 2661//385 2663//385
f 2663//385 2665//385 2667//385
f 2667//385 2669//385 2671//385
f 2690//395 2692//395 2691//395
f 2692//387 2694//387 2693//387
f 2694//396 2696//396 2695//396
f 2696//397 2698//397 2697//397
f 2694//386 2692//386 2690//386
f 2690//386 2700//386 2698//386
f 2698//386 2696//386 2694//386
f 2698//388 2700//388 2699//388
f 2700//398 2690//398 2689//398
f 2699//385 2689//385 2691//385
f 2691//385 2693//385 2695//385
f 2695//385 2697//385 2699//385
f 2718//395 2720//395 2719//395
f 2720//387 2722//387 2721//387
f 2722//396 2724//396 2723//396
f 2724//397 2726//397 2725//397
f 2722//386 2720//386 2718//386
f 2718//386 2728//386 2726//386
f 2726//386 2724//386 2722//386
f 2726//388 2728//388 2727//388
f 2728//398 2718//398 2717//398
f 2727//385 2717//385 2719//385
f 2719//385 2721//385 2723//385
f 2723//385 2725//385 2727//385
f 2746//395 2748//395 2747//395
f 2748//387 2750//387 2749//387
f 2750//396 2752//396 2751//396
f 2752//397 2754//397 2753//397
f 2750//386 2748//386 2746//386
f 2746//386 2756//386 2754//386
f 2754//386 2752//386 2750//386
f 2754//388 2756//388 2755//388
f 2756//398 2746//398 2745//398
f 2755//385 2745//385 2747//385
f 2747//385 2749//385 2751//385
f 2751//385 2753//385 2755//385
f 2774//395 2776//395 2775//395
f 2776//387 2778//387 2777//387
f 2778//396 2780//396 2779//396
f 2780//397 2782//397 2781//397
f 2778//386 2776//386 2774//386
f 2774//386 2784//386 2782//386
f 2782//386 2780//386 2778//386
f 2782//388 2784//388 2783//388
f 2784//398 2774//398 2773//398
f 2783//385 2773//385 2775//385
f 2775//385 2777//385 2779//385
f 2779//385 2781//385 2783//385
f 2802//395 2804//395 2803//395
f 2804//387 2806//387 2805//387
f 2806//396 2808//396 2807//396
f 2808//397 2810//397 2809//397
f 2806//386 2804//386 2802//386
f 2802//386 2812//386 2810//386
f 2810//386 2808//386 2806//386
f 2810//388 2812//388 2811//388
f 2812//398 2802//398 2801//398
f 2811//385 2801//385 2803//385
f 2803//385 2805//385 2807//385
f 2807//385 2809//385 2811//385
f 2830//395 2832//395 2831//395
f 2832//387 2834//387 2833//387
f 2834//396 2836//396 2835//396
f 2836//397 2838//397 2837//397
f 2834//386 2832//386 2830//386
f 2830//386 2840//386 2838//386
f 2838//386 2836//386 2834//386
f 2838//388 2840//388 2839//388
f 2840//398 2830//398 2829//398
f 2839//385 2829//385 2831//385
f 2831//385 2833//385 2835//385
f 2835//385 2837//385 2839//385
f 2858//395 2860//395 2859//395
f 2860//387 2862//387 2861//387
f 2862//396 2864//396 2863//396
f 2864//397 2866//397 2865//397
f 2862//386 2860//386 2858//386
f 2858//386 2868//386 2866//386
f 2866//386 2864//386 2862//386
f 2866//388 2868//388 2867//388
f 2868//398 2858//398 2857//398
f 2867//385 2857//385 2859//385
f 2859//385 2861//385 2863//385
f 2863//385 2865//385 2867//385
f 2886//395 2888//395 2887//395
f 2888//387 2890//387 2889//387
f 2890//396 2892//396 2891//396
f 2892//397 2894//397 2893//397
f 2890//386 2888//386 2886//386
f 2886//386 2896//386 2894//386
f 2894//386 2892//386 2890//386
f 2894//388 2896//388 2895//388
f 2896//398 2886//398 2885//398
f 2895//385 2885//385 2887//385
f 2887//385 2889//385 2891//385
f 2891//385 2893//385 2895//385
f 2914//395 2916//395 2915//395
f 2916//387 2918//387 2917//387
f 2918//396 2920//396 2919//396
f 2920//397 2922//397 2921//397
f 2918//386 2916//386 2914//386
f 2914//386 2924//386 2922//386
f 2922//386 2920//386 2918//386
f 2922//388 2924//388 2923//388
f 2924//398 2914//398 2913//398
f 2923//385 2913//385 2915//385
f 2915//385 2917//385 2919//385
f 2919//385 2921//385 2923//385
f 2942//395 2944//395 2943//395
f 2944//387 2946//387 2945//387
f 2946//396 2948//396 2947//396
f 2948//397 2950//397 2949//397
f 2946//386 2944//386 2942//386
f 2942//386 2952//386 2950//386
f 2950//386 2948//386 2946//386
f 2950//388 2952//388 2951//388
f 2952//398 2942//398 2941//398
f 2951//385 2941//385 2943//385
f 2943//385 2945//385 2947//385
f 2947//385 2949//385 2951//385
f 2970//395 2972//395 2971//395
f 2972//387 2974//387 2973//387
f 2974//396 2976//396 2975//396
f 2976//397 2978//397 2977//397
f 2974//386 2972//386 2970//386
f 2970//386 2980//386 2978//386
f 2978//386 2976//386 2974//386
f 2978//388 2980//388 2979//388
f 2980//398 2970//398 2969//398
f 2979//385 2969//385 2971//385
f 2971//385 2973//385 2975//385
f 2975//385 2977//385 2979//385
f 2998//395 3000//395 2999//395
f 3000//387 3002//387 3001//387
f 3002//396 3004//396 3003//396
f 3004//397 3006//397 3005//397
f 3002//386 3000//386 2998//386
f 2998//386 3008//386 3006//386
f 3006//386 3004//386 3002//386
f 3006//388 3008//388 3007//388
f 3008//398 2998//398 2997//398
f 3007//385 2997//385 2999//385
f 2999//385 3001//385 3003//385
f 3003//385 3005//385 3007//385
f 3026//395 3028//395 3027//395
f 3028//387 3030//387 3029//387
f 3030//396 3032//396 3031//396
f 3032//397 3034//397 3033//397
f 3030//386 3028//386 3026//386
f 3026//386 3036//386 3034//386
f 3034//386 3032//386 3030//386
f 3034//388 3036//388 3035//388
f 3036//398 3026//398 3025//398
f 3035//385 3025//385 3027//385
f 3027//385 3029//385 3031//385
f 3031//385 3033//385 3035//385
f 3054//395 3056//395 3055//395
f 3056//387 3058//387 3057//387
f 3058//396 3060//396 3059//396
f 3060//397 3062//397 3061//397
f 3058//386 3056//386 3054//386
f 3054//386 3064//386 3062//386
f 3062//386 3060//386 3058//386
f 3062//388 3064//388 3063//388
f 3064//398 3054//398 3053//398
f 3063//385 3053//385 3055//385
f 3055//385 3057//385 3059//385
f 3059//385 3061//385 3063//385
f 3082//395 3084//395 3083//395
f 3084//387 3086//387 3085//387
f 3086//396 3088//396 3087//396
f 3088//397 3090//397 3089//397
f 3086//386 3084//386 3082//386
f 3082//386 3092//386 3090//386
f 3090//386 3088//386 3086//386
f 3090//388 3092//388 3091//388
f 3092//398 3082//398 3081//398
f 3091//385 3081//385 3083//385
f 3083//385 3085//385 3087//385
f 3087//385 3089//385 3091//385
f 3110//395 3112//395 3111//395
f 3112//387 3114//387 3113//387
f 3114//396 3116//396 3115//396
f 3116//397 3118//397 3117//397
f 3114//386 3112//386 3110//386
f 3110//386 3120//386 3118//386
f 3118//386 3116//386 3114//386
f 3118//388 3120//388 3119//388
f 3120//398 3110//398 3109//398
f 3119//385 3109//385 3111//385
f 3111//385 3113//385 3115//385
f 3115//385 3117//385 3119//385
f 3138//395 3140//395 3139//395
f 3140//387 3142//387 3141//387
f 3142//396 3144//396 3143//396
f 3144//397 3146//397 3145//397
f 3142//386 3140//386 3138//386
f 3138//386 3148//386 3146//386
f 3146//386 3144//386 3142//386
f 3146//388 3148//388 3147//388
f 3148//398 3138//398 3137//398
f 3147//385 3137//385 3139//385
f 3139//385 3141//385 3143//385
f 3143//385 3145//385 3147//385
f 3166//395 3168//395 3167//395
f 3168//387 3170//387 3169//387
f 3170//396 3172//396 3171//396
f 3172//397 3174//397 3173//397
f 3170//386 3168//386 3166//386
f 3166//386 3176//386 3174//386
f 3174//386 3172//386 3170//386
f 3174//388 3176//388 3175//388
f 3176//398 3166//398 3165//398
f 3175//385 3165//385 3167//385
f 3167//385 3169//385 3171//385
f 3171//385 3173//385 3175//385
f 3194//395 3196//395 3195//395
f 3196//387 3198//387 3197//387
f 3198//396 3200//396 3199//396
f 3200//397 3202//397 3201//397
f 3198//386 3196//386 3194//386
f 3194//386 3204//386 3202//386
f 3202//386 3200//386 3198//386
f 3202//388 3204//388 3203//388
f 3204//398 3194//398 3193//398
f 3203//385 3193//385 3195//385
f 3195//385 3197//385 3199//385
f 3199//385 3201//385 3203//385
f 3222//395 3224//395 3223//395
f 3224//387 3226//387 3225//387
f 3226//396 3228//396 3227//396
f 3228//397 3230//397 3229//397
f 3226//386 3224//386 3222//386
f 3222//386 3232//386 3230//386
f 3230//386 3228//386 3226//386
f 3230//388 3232//388 3231//388
f 3232//398 3222//398 3221//398
f 3231//385 3221//385 3223//385
f 3223//385 3225//385 3227//385
f 3227//385 3229//385 3231//385
f 3250//395 3252//395 3251//395
f 3252//387 3254//387 3253//387
f 3254//396 3256//396 3255//396
f 3256//397 3258//397 3257//397
f 3254//386 3252//386 3250//386
f 3250//386 3260//386 3258//386
f 3258//386 3256//386 3254//386
f 3258//388 3260//388 3259//388
f 3260//398 3250//398 3249//398
f 3259//385 3249//385 3251//385
f 3251//385 3253//385 3255//385
f 3255//385 3257//385 3259//385
f 3278//395 3280//395 3279//395
f 3280//387 3282//387 3281//387
f 3282//396 3284//396 3283//396
f 3284//397 3286//397 3285//397
f 3282//386 3280//386 3278//386
f 3278//386 3288//386 3286//386
f 3286//386 3284//386 3282//386
f 3286//388 3288//388 3287//388
f 3288//398 3278//398 3277//398
f 3287//385 3277//385 3279//385
f 3279//385 3281//385 3283//385
f 3283//385 3285//385 3287//385
f 3306//395 3308//395 3307//395
f 3308//387 3310//387 3309//387
f 3310//396 3312//396 3311//396
f 3312//397 3314//397 3313//397
f 3310//386 3308//386 3306//386
f 3306//386 3316//386 3314//386
f 3314//386 3312//386 3310//386
f 3314//388 3316//388 3315//388
f 3316//398 3306//398 3305//398
f 3315//385 3305//385 3307//385
f 3307//385 3309//385 3311//385
f 3311//385 3313//385 3315//385
f 3334//395 3336//395 3335//395
f 3336//387 3338//387 3337//387
f 3338//396 3340//396 3339//396
f 3340//397 3342//397 3341//397
f 3338//386 3336//386 3334//386
f 3334//386 3344//386 3342//386
f 3342//386 3340//386 3338//386
f 3342//388 3344//388 3343//388
f 3344//398 3334//398 3333//398
f 3343//385 3333//385 3335//385
f 3335//385 3337//385 3339//385
f 3339//385 3341//385 3343//385
f 3362//395 3364//395 3363//395
f 3364//387 3366//387 3365//387
f 3366//396 3368//396 3367//396
f 3368//397 3370//397 3369//397
f 3366//386 3364//386 3362//386
f 3362//386 3372//386 3370//386
f 3370//386 3368//386 3366//386
f 3370//388 3372//388 3371//388
f 3372//398 3362//398 3361//398
f 3371//385 3361//385 3363//385
f 3363//385 3365//385 3367//385
f 3367//385 3369//385 3371//385
f 3390//395 3392//395 3391//395
f 3392//387 3394//387 3393//387
f 3394//396 3396//396 3395//396
f 3396//397 3398//397 3397//397
f 3394//386 3392//386 3390//386
f 3390//386 3400//386 3398//386
f 3398//386 3396//386 3394//386
f 3398//388 3400//388 3399//388
f 3400//398 3390//398 3389//398
f 3399//385 3389//385 3391//385
f 3391//385 3393//385 3395//385
f 3395//385 3397//385 3399//385
f 3418//395 3420//395 3419//395
f 3420//387 3422//387 3421//387
f 3422//396 3424//396 3423//396
f 3424//397 3426//397 3425//397
f 3422//386 3420//386 3418//386
f 3418//386 3428//386 3426//386
f 3426//386 3424//386 3422//386
f 3426//388 3428//388 3427//388
f 3428//398 3418//398 3417//398
f 3427//385 3417//385 3419//385
f 3419//385 3421//385 3423//385
f 3423//385 3425//385 3427//385
f 3446//395 3448//395 3447//395
f 3448//387 3450//387 3449//387
f 3450//396 3452//396 3451//396
f 3452//397 3454//397 3453//397
f 3450//386 3448//386 3446//386
f 3446//386 3456//386 3454//386
f 3454//386 3452//386 3450//386
f 3454//388 3456//388 3455//388
f 3456//398 3446//398 3445//398
f 3455//385 3445//385 3447//385
f 3447//385 3449//385 3451//385
f 3451//385 3453//385 3455//385
f 3474//395 3476//395 3475//395
f 3476//387 3478//387 3477//387
f 3478//396 3480//396 3479//396
f 3480//397 3482//397 3481//397
f 3478//386 3476//386 3474//386
f 3474//386 3484//386 3482//386
f 3482//386 3480//386 3478//386
f 3482//388 3484//388 3483//388
f 3484//398 3474//398 3473//398
f 3483//385 3473//385 3475//385
f 3475//385 3477//385 3479//385
f 3479//385 3481//385 3483//385
f 3502//395 3504//395 3503//395
f 3504//387 3506//387 3505//387
f 3506//396 3508//396 3507//396
f 3508//397 3510//397 3509//397
f 3506//386 3504//386 3502//386
f 3502//386 3512//386 3510//386
f 3510//386 3508//386 3506//386
f 3510//388 3512//388 3511//388
f 3512//398 3502//398 3501//398
f 3511//385 3501//385 3503//385
f 3503//385 3505//385 3507//385
f 3507//385 3509//385 3511//385
f 3530//395 3532//395 3531//395
f 3532//387 3534//387 3533//387
f 3534//396 3536//396 3535//396
f 3536//397 3538//397 3537//397
f 3534//386 3532//386 3530//386
f 3530//386 3540//386 3538//386
f 3538//386 3536//386 3534//386
f 3538//388 3540//388 3539//388
f 3540//398 3530//398 3529//398
f 3539//385 3529//385 3531//385
f 3531//385 3533//385 3535//385
f 3535//385 3537//385 3539//385
f 3558//395 3560//395 3559//395
f 3560//387 3562//387 3561//387
f 3562//396 3564//396 3563//396
f 3564//397 3566//397 3565//397
f 3562//386 3560//386 3558//386
f 3558//386 3568//386 3566//386
f 3566//386 3564//386 3562//386
f 3566//388 3568//388 3567//388
f 3568//398 3558//398 3557//398
f 3567//385 3557//385 3559//385
f 3559//385 3561//385 3563//385
f 3563//385 3565//385 3567//385
f 3586//395 3588//395 3587//395
f 3588//387 3590//387 3589//387
f 3590//396 3592//396 3591//396
f 3592//397 3594//397 3593//397
f 3590//386 3588//386 3586//386
f 3586//386 3596//386 3594//386
f 3594//386 3592//386 3590//386
f 3594//388 3596//388 3595//388
f 3596//398 3586//398 3585//398
f 3595//385 3585//385 3587//385
f 3587//385 3589//385 3591//385
f 3591//385 3593//385 3595//385
f 3614//395 3616//395 3615//395
f 3616//387 3618//387 3617//387
f 3618//396 3620//396 3619//396
f 3620//397 3622//397 3621//397
f 3618//386 3616//386 3614//386
f 3614//386 3624//386 3622//386
f 3622//386 3620//386 3618//386
f 3622//388 3624//388 3623//388
f 3624//398 3614//398 3613//398
f 3623//385 3613//385 3615//385
f 3615//385 3617//385 3619//385
f 3619//385 3621//385 3623//385
f 3642//395 3644//395 3643//395
f 3644//387 3646//387 3645//387
f 3646//396 3648//396 3647//396
f 3648//397 3650//397 3649//397
f 3646//386 3644//386 3642//386
f 3642//386 3652//386 3650//386
f 3650//386 3648//386 3646//386
f 3650//388 3652//388 3651//388
f 3652//398 3642//398 3641//398
f 3651//385 3641//385 3643//385
f 3643//385 3645//385 3647//385
f 3647//385 3649//385 3651//385
f 3670//395 3672//395 3671//395
f 3672//387 3674//387 3673//387
f 3674//396 3676//396 3675//396
f 3676//397 3678//397 3677//397
f 3674//386 3672//386 3670//386
f 3670//386 3680//386 3678//386
f 3678//386 3676//386 3674//386
f 3678//388 3680//388 3679//388
f 3680//398 3670//398 3669//398
f 3679//385 3669//385 3671//385
f 3671//385 3673//385 3675//385
f 3675//385 3677//385 3679//385
f 3698//395 3700//395 3699//395
f 3700//387 3702//387 3701//387
f 3702//396 3704//396 3703//396
f 3704//397 3706//397 3705//397
f 3702//386 3700//386 3698//386
f 3698//386 3708//386 3706//386
f 3706//386 3704//386 3702//386
f 3706//388 3708//388 3707//388
f 3708//398 3698//398 3697//398
f 3707//385 3697//385 3699//385
f 3699//385 3701//385 3703//385
f 3703//385 3705//385 3707//385
f 3726//395 3728//395 3727//395
f 3728//387 3730//387 3729//387
f 3730//396 3732//396 3731//396
f 3732//397 3734//397 3733//397
f 3730//386 3728//386 3726//386
f 3726//386 3736//386 3734//386
f 3734//386 3732//386 3730//386
f 3734//388 3736//388 3735//388
f 3736//398 3726//398 3725//398
f 3735//385 3725//385 3727//385
f 3727//385 3729//385 3731//385
f 3731//385 3733//385 3735//385
f 3754//395 3756//395 3755//395
f 3756//387 3758//387 3757//387
f 3758//396 3760//396 3759//396
f 3760//397 3762//397 3761//397
f 3758//386 3756//386 3754//386
f 3754//386 3764//386 3762//386
f 3762//386 3760//386 3758//386
f 3762//388 3764//388 3763//388
f 3764//398 3754//398 3753//398
f 3763//385 3753//385 3755//385
f 3755//385 3757//385 3759//385
f 3759//385 3761//385 3763//385
f 3782//395 3784//395 3783//395
f 3784//387 3786//387 3785//387
f 3786//396 3788//396 3787//396
f 3788//397 3790//397 3789//397
f 3786//386 3784//386 3782//386
f 3782//386 3792//386 3790//386
f 3790//386 3788//386 3786//386
f 3790//388 3792//388 3791//388
f 3792//398 3782//398 3781//398
f 3791//385 3781//385 3783//385
f 3783//385 3785//385 3787//385
f 3787//385 3789//385 3791//385
f 3810//395 3812//395 3811//395
f 3812//387 3814//387 3813//387
f 3814//396 3816//396 3815//396
f 3816//397 3818//397 3817//397
f 3814//386 3812//386 3810//386
f 3810//386 3820//386 3818//386
f 3818//386 3816//386 3814//386
f 3818//388 3820//388 3819//388
f 3820//398 3810//398 3809//398
f 3819//385 3809//385 3811//385
f 3811//385 3813//385 3815//385
f 3815//385 3817//385 3819//385
usemtl pipe_steel
f 1162//399 1163//399 1161//399
f 1164//400 1165//400 1163//400
f 1166//401 1167//401 1165//401
f 1168//402 1169//402 1167//402
f 1170//403 1171//403 1169//403
f 1172//404 1173//404 1171//404
f 1174//386 1170//386 1166//386
f 1174//405 1175//405 1173//405
f 1176//406 1161//406 1175//406
f 1167//385 1171//385 1175//385
f 1190//399 1191//399 1189//399
f 1192//407 1193//407 1191//407
f 1194//401 1195//401 1193//401
f 1196//402 1197//402 1195//402
f 1198//403 1199//403 1197//403
f 1200//408 1201//408 1199//408
f 1202//386 1198//386 1194//386
f 1202//405 1203//405 1201//405
f 1204//406 1189//406 1203//406
f 1195//385 1199//385 1203//385
f 1218//399 1219//399 1217//399
f 1220//407 1221//407 1219//407
f 1222//401 1223//401 1221//401
f 1224//402 1225//402 1223//402
f 1226//403 1227//403 1225//403
f 1228//408 1229//408 1227//408
f 1230//386 1226//386 1222//386
f 1230//405 1231//405 1229//405
f 1232//406 1217//406 1231//406
f 1223//385 1227//385 1231//385
f 1246//399 1247//399 1245//399
f 1248//407 1249//407 1247//407
f 1250//401 1251//401 1249//401
f 1252//402 1253//402 1251//402
f 1254//403 1255//403 1253//403
f 1256//408 1257//408 1255//408
f 1258//386 1254//386 1250//386
f 1258//405 1259//405 1257//405
f 1260//406 1245//406 1259//406
f 1251//385 1255//385 1259//385
f 1274//399 1275//399 1273//399
f 1276//407 1277//407 1275//407
f 1278//401 1279//401 1277//401
f 1280//402 1281//402 1279//402
f 1282//403 1283//403 1281//403
f 1284//408 1285//408 1283//408
f 1286//386 1282//386 1278//386
f 1286//405 1287//405 1285//405
f 1288//406 1273//406 1287//406
f 1279//385 1283//385 1287//385
f 1302//399 1303//399 1301//399
f 1304//407 1305//407 1303//407
f 1306//401 1307//401 1305//401
f 1308//402 1309//402 1307//402
f 1310//403 1311//403 1309//403
f 1312//408 1313//408 1311//408
f 1314//386 1310//386 1306//386
f 1314//405 1315//405 1313//405
f 1316//406 1301//406 1315//406
f 1307//385 1311//385 1315//385
f 1330//399 1331//399 1329//399
f 1332//407 1333//407 1331//407
f 1334//401 1335//401 1333//401
f 1336//402 1337//402 1335//402
f 1338//403 1339//403 1337//403
f 1340//408 1341//408 1339//408
f 1342//386 1338//386 1334//386
f 1342//405 1343//405 1341//405
f 1344//406 1329//406 1343//406
f 1335//385 1339//385 1343//385
f 1358//399 1359//399 1357//399
f 1360//400 1361//400 1359//400
f 1362//401 1363//401 1361//401
f 1364//402 1365//402 1363//402
f 1366//403 1367//403 1365//403
f 1368//404 1369//404 1367//404
f 1370//386 1366//386 1362//386
f 1370//405 1371//405 1369//405
f 1372//406 1357//406 1371//406
f 1363//385 1367//385 1371//385
f 1386//399 1387//399 1385//399
f 1388//407 1389//407 1387//407
f 1390//401 1391//401 1389//401
f 1392//402 1393//402 1391//402
f 1394//403 1395//403 1393//403
f 1396//408 1397//408 1395//408
f 1398//386 1394//386 1390//386
f 1398//405 1399//405 1397//405
f 1400//406 1385//406 1399//406
f 1391//385 1395//385 1399//385
f 1414//399 1415//399 1413//399
f 1416//407 1417//407 1415//407
f 1418//401 1419//401 1417//401
f 1420//402 1421//402 1419//402
f 1422//403 1423//403 1421//403
f 1424//408 1425//408 1423//408
f 1426//386 1422//386 1418//386
f 1426//405 1427//405 1425//405
f 1428//406 1413//406 1427//406
f 1419//385 1423//385 1427//385
f 1442//399 1443//399 1441//399
f 1444//400 1445//400 1443//400
f 1446//401 1447//401 1445//401
f 1448//402 1449//402 1447//402
f 1450//403 1451//403 1449//403
f 1452//408 1453//408 1451//408
f 1454//386 1450//386 1446//386
f 1454//405 1455//405 1453//405
f 1456//406 1441//406 1455//406
f 1447//385 1451//385 1455//385
f 1470//399 1471//399 1469//399
f 1472//407 1473//407 1471//407
f 1474//409 1475//409 1473//409
f 1476//402 1477//402 1475//402
f 1478//403 1479//403 1477//403
f 1480//408 1481//408 1479//408
f 1482//386 1478//386 1474//386
f 1482//405 1483//405 1481//405
f 1484//406 1469//406 1483//406
f 1475//385 1479//385 1483//385
f 1498//399 1499//399 1497//399
f 1500//400 1501//400 1499//400
f 1502//401 1503//401 1501//401
f 1504//402 1505//402 1503//402
f 1506//403 1507//403 1505//403
f 1508//404 1509//404 1507//404
f 1510//386 1506//386 1502//386
f 1510//405 1511//405 1509//405
f 1512//406 1497//406 1511//406
f 1503//385 1507//385 1511//385
f 1526//399 1527//399 1525//399
f 1528//400 1529//400 1527//400
f 1530//401 1531//401 1529//401
f 1532//402 1533//402 1531//402
f 1534//403 1535//403 1533//403
f 1536//408 1537//408 1535//408
f 1538//386 1534//386 1530//386
f 1538//405 1539//405 1537//405
f 1540//406 1525//406 1539//406
f 1531//385 1535//385 1539//385
f 1554//399 1555//399 1553//399
f 1556//407 1557//407 1555//407
f 1558//401 1559//401 1557//401
f 1560//402 1561//402 1559//402
f 1562//403 1563//403 1561//403
f 1564//408 1565//408 1563//408
f 1566//386 1562//386 1558//386
f 1566//405 1567//405 1565//405
f 1568//406 1553//406 1567//406
f 1559//385 1563//385 1567//385
f 1582//399 1583//399 1581//399
f 1584//407 1585//407 1583//407
f 1586//401 1587//401 1585//401
f 1588//402 1589//402 1587//402
f 1590//403 1591//403 1589//403
f 1592//408 1593//408 1591//408
f 1594//386 1590//386 1586//386
f 1594//405 1595//405 1593//405
f 1596//406 1581//406 1595//406
f 1587//385 1591//385 1595//385
f 1610//399 1611//399 1609//399
f 1612//407 1613//407 1611//407
f 1614//401 1615//401 1613//401
f 1616//402 1617//402 1615//402
f 1618//403 1619//403 1617//403
f 1620//408 1621//408 1619//408
f 1622//386 1618//386 1614//386
f 1622//405 1623//405 1621//405
f 1624//406 1609//406 1623//406
f 1615//385 1619//385 1623//385
f 1638//399 1639//399 1637//399
f 1640//407 1641//407 1639//407
f 1642//401 1643//401 1641//401
f 1644//402 1645//402 1643//402
f 1646//403 1647//403 1645//403
f 1648//408 1649//408 1647//408
f 1650//386 1646//386 1642//386
f 1650//405 1651//405 1649//405
f 1652//406 1637//406 1651//406
f 1643//385 1647//385 1651//385
f 1666//399 1667//399 1665//399
f 1668//407 1669//407 1667//407
f 1670//401 1671//401 1669//401
f 1672//402 1673//402 1671//402
f 1674//403 1675//403 1673//403
f 1676//408 1677//408 1675//408
f 1678//386 1674//386 1670//386
f 1678//405 1679//405 1677//405
f 1680//406 1665//406 1679//406
f 1671//385 1675//385 1679//385
f 1694//399 1695//399 1693//399
f 1696//407 1697//407 1695//407
f 1698//401 1699//401 1697//401
f 1700//402 1701//402 1699//402
f 1702//403 1703//403 1701//403
f 1704//408 1705//408 1703//408
f 1706//386 1702//386 1698//386
f 1706//405 1707//405 1705//405
f 1708//406 1693//406 1707//406
f 1699//385 1703//385 1707//385
f 1722//399 1723//399 1721//399
f 1724//407 1725//407 1723//407
f 1726//401 1727//401 1725//401
f 1728//402 1729//402 1727//402
f 1730//403 1731//403 1729//403
f 1732//408 1733//408 1731//408
f 1734//386 1730//386 1726//386
f 1734//405 1735//405 1733//405
f 1736//406 1721//406 1735//406
f 1727//385 1731//385 1735//385
f 1750//399 1751//399 1749//399
f 1752//407 1753//407 1751//407
f 1754//401 1755//401 1753//401
f 1756//402 1757//402 1755//402
f 1758//403 1759//403 1757//403
f 1760//408 1761//408 1759//408
f 1762//386 1758//386 1754//386
f 1762//405 1763//405 1761//405
f 1764//406 1749//406 1763//406
f 1755//385 1759//385 1763//385
f 1778//399 1779//399 1777//399
f 1780//407 1781//407 1779//407
f 1782//401 1783//401 1781//401
f 1784//402 1785//402 1783//402
f 1786//403 1787//403 1785//403
f 1788//408 1789//408 1787//408
f 1790//386 1786//386 1782//386
f 1790//405 1791//405 1789//405
f 1792//406 1777//406 1791//406
f 1783//385 1787//385 1791//385
f 1806//399 1807//399 1805//399
f 1808//407 1809//407 1807//407
f 1810//401 1811//401 1809//401
f 1812//402 1813//402 1811//402
f 1814//403 1815//403 1813//403
f 1816//408 1817//408 1815//408
f 1818//386 1814//386 1810//386
f 1818//405 1819//405 1817//405
f 1820//406 1805//406 1819//406
f 1811//385 1815//385 1819//385
f 1834//399 1835//399 1833//399
f 1836//407 1837//407 1835//407
f 1838//401 1839//401 1837//401
f 1840//402 1841//402 1839//402
f 1842//403 1843//403 1841//403
f 1844//408 1845//408 1843//408
f 1846//386 1842//386 1838//386
f 1846//405 1847//405 1845//405
f 1848//406 1833//406 1847//406
f 1839//385 1843//385 1847//385
f 1862//399 1863//399 1861//399
f 1864//407 1865//407 1863//407
f 1866//401 1867//401 1865//401
f 1868//402 1869//402 1867//402
f 1870//403 1871//403 1869//403
f 1872//408 1873//408 1871//408
f 1874//386 1870//386 1866//386
f 1874//405 1875//405 1873//405
f 1876//406 1861//406 1875//406
f 1867//385 1871//385 1875//385
f 1890//399 1891//399 1889//399
f 1892//407 1893//407 1891//407
f 1894//401 1895//401 1893//401
f 1896//402 1897//402 1895//402
f 1898//403 1899//403 1897//403
f 1900//408 1901//408 1899//408
f 1902//386 1898//386 1894//386
f 1902//405 1903//405 1901//405
f 1904//406 1889//406 1903//406
f 1895//385 1899//385 1903//385
f 1918//399 1919//399 1917//399
f 1920//407 1921//407 1919//407
f 1922//401 1923//401 1921//401
f 1924//402 1925//402 1923//402
f 1926//403 1927//403 1925//403
f 1928//408 1929//408 1927//408
f 1930//386 1926//386 1922//386
f 1930//405 1931//405 1929//405
f 1932//406 1917//406 1931//406
f 1923//385 1927//385 1931//385
f 1946//399 1947//399 1945//399
f 1948//407 1949//407 1947//407
f 1950//401 1951//401 1949//401
f 1952//402 1953//402 1951//402
f 1954//403 1955//403 1953//403
f 1956//408 1957//408 1955//408
f 1958//386 1954//386 1950//386
f 1958//405 1959//405 1957//405
f 1960//406 1945//406 1959//406
f 1951//385 1955//385 1959//385
f 1974//399 1975//399 1973//399
f 1976//407 1977//407 1975//407
f 1978//401 1979//401 1977//401
f 1980//402 1981//402 1979//402
f 1982//403 1983//403 1981//403
f 1984//408 1985//408 1983//408
f 1986//386 1982//386 1978//386
f 1986//405 1987//405 1985//405
f 1988//406 1973//406 1987//406
f 1979//385 1983//385 1987//385
f 2002//399 2003//399 2001//399
f 2004//407 2005//407 2003//407
f 2006//401 2007//401 2005//401
f 2008//402 2009//402 2007//402
f 2010//403 2011//403 2009//403
f 2012//408 2013//408 2011//408
f 2014//386 2010//386 2006//386
f 2014//405 2015//405 2013//405
f 2016//406 2001//406 2015//406
f 2007//385 2011//385 2015//385
f 2030//399 2031//399 2029//399
f 2032//407 2033//407 2031//407
f 2034//401 2035//401 2033//401
f 2036//402 2037//402 2035//402
f 2038//403 2039//403 2037//403
f 2040//408 2041//408 2039//408
f 2042//386 2038//386 2034//386
f 2042//405 2043//405 2041//405
f 2044//406 2029//406 2043//406
f 2035//385 2039//385 2043//385
f 2058//399 2059//399 2057//399
f 2060//407 2061//407 2059//407
f 2062//401 2063//401 2061//401
f 2064//402 2065//402 2063//402
f 2066//403 2067//403 2065//403
f 2068//408 2069//408 2067//408
f 2070//386 2066//386 2062//386
f 2070//405 2071//405 2069//405
f 2072//406 2057//406 2071//406
f 2063//385 2067//385 2071//385
f 2086//399 2087//399 2085//399
f 2088//407 2089//407 2087//407
f 2090//401 2091//401 2089//401
f 2092//402 2093//402 2091//402
f 2094//403 2095//403 2093//403
f 2096//408 2097//408 2095//408
f 2098//386 2094//386 2090//386
f 2098//405 2099//405 2097//405
f 2100//406 2085//406 2099//406
f 2091//385 2095//385 2099//385
f 2114//399 2115//399 2113//399
f 2116//407 2117//407 2115//407
f 2118//401 2119//401 2117//401
f 2120//402 2121//402 2119//402
f 2122//403 2123//403 2121//403
f 2124//408 2125//408 2123//408
f 2126//386 2122//386 2118//386
f 2126//405 2127//405 2125//405
f 2128//406 2113//406 2127//406
f 2119//385 2123//385 2127//385
f 2142//399 2143//399 2141//399
f 2144//407 2145//407 2143//407
f 2146//401 2147//401 2145//401
f 2148//402 2149//402 2147//402
f 2150//403 2151//403 2149//403
f 2152//404 2153//404 2151//404
f 2154//386 2150//386 2146//386
f 2154//405 2155//405 2153//405
f 2156//406 2141//406 2155//406
f 2147//385 2151//385 2155//385
f 2170//399 2171//399 2169//399
f 2172//400 2173//400 2171//400
f 2174//401 2175//401 2173//401
f 2176//402 2177//402 2175//402
f 2178//403 2179//403 2177//403
f 2180//404 2181//404 2179//404
f 2182//386 2178//386 2174//386
f 2182//405 2183//405 2181//405
f 2184//406 2169//406 2183//406
f 2175//385 2179//385 2183//385
f 2198//399 2199//399 2197//399
f 2200//407 2201//407 2199//407
f 2202//401 2203//401 2201//401
f 2204//402 2205//402 2203//402
f 2206//403 2207//403 2205//403
f 2208//408 2209//408 2207//408
f 2210//386 2206//386 2202//386
f 2210//410 2211//410 2209//410
f 2212//406 2197//406 2211//406
f 2203//385 2207//385 2211//385
f 2226//399 2227//399 2225//399
f 2228//407 2229//407 2227//407
f 2230//401 2231//401 2229//401
f 2232//402 2233//402 2231//402
f 2234//403 2235//403 2233//403
f 2236//404 2237//404 2235//404
f 2238//386 2234//386 2230//386
f 2238//405 2239//405 2237//405
f 2240//406 2225//406 2239//406
f 2231//385 2235//385 2239//385
f 2254//399 2255//399 2253//399
f 2256//407 2257//407 2255//407
f 2258//401 2259//401 2257//401
f 2260//402 2261//402 2259//402
f 2262//403 2263//403 2261//403
f 2264//408 2265//408 2263//408
f 2266//386 2262//386 2258//386
f 2266//405 2267//405 2265//405
f 2268//406 2253//406 2267//406
f 2259//385 2263//385 2267//385
f 2282//399 2283//399 2281//399
f 2284//407 2285//407 2283//407
f 2286//401 2287//401 2285//401
f 2288//402 2289//402 2287//402
f 2290//403 2291//403 2289//403
f 2292//408 2293//408 2291//408
f 2294//386 2290//386 2286//386
f 2294//405 2295//405 2293//405
f 2296//406 2281//406 2295//406
f 2287//385 2291//385 2295//385
f 2310//399 2311//399 2309//399
f 2312//400 2313//400 2311//400
f 2314//401 2315//401 2313//401
f 2316//402 2317//402 2315//402
f 2318//403 2319//403 2317//403
f 2320//404 2321//404 2319//404
f 2322//386 2318//386 2314//386
f 2322//405 2323//405 2321//405
f 2324//406 2309//406 2323//406
f 2315//385 2319//385 2323//385
f 2338//399 2339//399 2337//399
f 2340//407 2341//407 2339//407
f 2342//401 2343//401 2341//401
f 2344//402 2345//402 2343//402
f 2346//403 2347//403 2345//403
f 2348//408 2349//408 2347//408
f 2350//386 2346//386 2342//386
f 2350//405 2351//405 2349//405
f 2352//406 2337//406 2351//406
f 2343//385 2347//385 2351//385
f 2366//399 2367//399 2365//399
f 2368//407 2369//407 2367//407
f 2370//401 2371//401 2369//401
f 2372//402 2373//402 2371//402
f 2374//403 2375//403 2373//403
f 2376//408 2377//408 2375//408
f 2378//386 2374//386 2370//386
f 2378//405 2379//405 2377//405
f 2380//406 2365//406 2379//406
f 2371//385 2375//385 2379//385
f 2394//399 2395//399 2393//399
f 2396//407 2397//407 2395//407
f 2398//401 2399//401 2397//401
f 2400//402 2401//402 2399//402
f 2402//403 2403//403 2401//403
f 2404//408 2405//408 2403//408
f 2406//386 2402//386 2398//386
f 2406//405 2407//405 2405//405
f 2408//406 2393//406 2407//406
f 2399//385 2403//385 2407//385
f 2422//399 2423//399 2421//399
f 2424//407 2425//407 2423//407
f 2426//401 2427//401 2425//401
f 2428//402 2429//402 2427//402
f 2430//403 2431//403 2429//403
f 2432//408 2433//408 2431//408
f 2434//386 2430//386 2426//386
f 2434//405 2435//405 2433//405
f 2436//406 2421//406 2435//406
f 2427//385 2431//385 2435//385
f 2450//399 2451//399 2449//399
f 2452//407 2453//407 2451//407
f 2454//401 2455//401 2453//401
f 2456//402 2457//402 2455//402
f 2458//403 2459//403 2457//403
f 2460//408 2461//408 2459//408
f 2462//386 2458//386 2454//386
f 2462//405 2463//405 2461//405
f 2464//406 2449//406 2463//406
f 2455//385 2459//385 2463//385
f 2478//399 2479//399 2477//399
f 2480//407 2481//407 2479//407
f 2482//401 2483//401 2481//401
f 2484//402 2485//402 2483//402
f 2486//403 2487//403 2485//403
f 2488//408 2489//408 2487//408
f 2490//386 2486//386 2482//386
f 2490//405 2491//405 2489//405
f 2492//406 2477//406 2491//406
f 2483//385 2487//385 2491//385
f 2506//399 2507//399 2505//399
f 2508//400 2509//400 2507//400
f 2510//401 2511//401 2509//401
f 2512//402 2513//402 2511//402
f 2514//403 2515//403 2513//403
f 2516//404 2517//404 2515//404
f 2518//386 2514//386 2510//386
f 2518//405 2519//405 2517//405
f 2520//406 2505//406 2519//406
f 2511//385 2515//385 2519//385
f 2534//399 2535//399 2533//399
f 2536//407 2537//407 2535//407
f 2538//401 2539//401 2537//401
f 2540//402 2541//402 2539//402
f 2542//403 2543//403 2541//403
f 2544//408 2545//408 2543//408
f 2546//386 2542//386 2538//386
f 2546//405 2547//405 2545//405
f 2548//406 2533//406 2547//406
f 2539//385 2543//385 2547//385
f 2562//399 2563//399 2561//399
f 2564//407 2565//407 2563//407
f 2566//401 2567//401 2565//401
f 2568//402 2569//402 2567//402
f 2570//403 2571//403 2569//403
f 2572//408 2573//408 2571//408
f 2574//386 2570//386 2566//386
f 2574//405 2575//405 2573//405
f 2576//406 2561//406 2575//406
f 2567//385 2571//385 2575//385
f 2590//399 2591//399 2589//399
f 2592//407 2593//407 2591//407
f 2594//401 2595//401 2593//401
f 2596//402 2597//402 2595//402
f 2598//403 2599//403 2597//403
f 2600//408 2601//408 2599//408
f 2602//386 2598//386 2594//386
f 2602//405 2603//405 2601//405
f 2604//406 2589//406 2603//406
f 2595//385 2599//385 2603//385
f 2618//399 2619//399 2617//399
f 2620//407 2621//407 2619//407
f 2622//401 2623//401 2621//401
f 2624//402 2625//402 2623//402
f 2626//403 2627//403 2625//403
f 2628//408 2629//408 2627//408
f 2630//386 2626//386 2622//386
f 2630//405 2631//405 2629//405
f 2632//406 2617//406 2631//406
f 2623//385 2627//385 2631//385
f 2646//399 2647//399 2645//399
f 2648//407 2649//407 2647//407
f 2650//401 2651//401 2649//401
f 2652//402 2653//402 2651//402
f 2654//403 2655//403 2653//403
f 2656//408 2657//408 2655//408
f 2658//386 2654//386 2650//386
f 2658//405 2659//405 2657//405
f 2660//406 2645//406 2659//406
f 2651//385 2655//385 2659//385
f 2674//399 2675//399 2673//399
f 2676//407 2677//407 2675//407
f 2678//401 2679//401 2677//401
f 2680//402 2681//402 2679//402
f 2682//403 2683//403 2681//403
f 2684//408 2685//408 2683//408
f 2686//386 2682//386 2678//386
f 2686//405 2687//405 2685//405
f 2688//406 2673//406 2687//406
f 2679//385 2683//385 2687//385
f 2702//399 2703//399 2701//399
f 2704//400 2705//400 2703//400
f 2706//401 2707//401 2705//401
f 2708//402 2709//402 2707//402
f 2710//403 2711//403 2709//403
f 2712//404 2713//404 2711//404
f 2714//386 2710//386 2706//386
f 2714//405 2715//405 2713//405
f 2716//406 2701//406 2715//406
f 2707//385 2711//385 2715//385
f 2730//399 2731//399 2729//399
f 2732//407 2733//407 2731//407
f 2734//401 2735//401 2733//401
f 2736//402 2737//402 2735//402
f 2738//403 2739//403 2737//403
f 2740//408 2741//408 2739//408
f 2742//386 2738//386 2734//386
f 2742//405 2743//405 2741//405
f 2744//406 2729//406 2743//406
f 2735//385 2739//385 2743//385
f 2758//399 2759//399 2757//399
f 2760//407 2761//407 2759//407
f 2762//401 2763//401 2761//401
f 2764//402 2765//402 2763//402
f 2766//403 2767//403 2765//403
f 2768//408 2769//408 2767//408
f 2770//386 2766//386 2762//386
f 2770//405 2771//405 2769//405
f 2772//406 2757//406 2771//406
f 2763//385 2767//385 2771//385
f 2786//399 2787//399 2785//399
f 2788//407 2789//407 2787//407
f 2790//401 2791//401 2789//401
f 2792//402 2793//402 2791//402
f 2794//403 2795//403 2793//403
f 2796//404 2797//404 2795//404
f 2798//386 2794//386 2790//386
f 2798//405 2799//405 2797//405
f 2800//406 2785//406 2799//406
f 2791//385 2795//385 2799//385
f 2814//399 2815//399 2813//399
f 2816//407 2817//407 2815//407
f 2818//401 2819//401 2817//401
f 2820//402 2821//402 2819//402
f 2822//403 2823//403 2821//403
f 2824//408 2825//408 2823//408
f 2826//386 2822//386 2818//386
f 2826//410 2827//410 2825//410
f 2828//406 2813//406 2827//406
f 2819//385 2823//385 2827//385
f 2842//399 2843//399 2841//399
f 2844//400 2845//400 2843//400
f 2846//401 2847//401 2845//401
f 2848//402 2849//402 2847//402
f 2850//403 2851//403 2849//403
f 2852//404 2853//404 2851//404
f 2854//386 2850//386 2846//386
f 2854//405 2855//405 2853//405
f 2856//406 2841//406 2855//406
f 2847//385 2851//385 2855//385
f 2870//399 2871//399 2869//399
f 2872//407 2873//407 2871//407
f 2874//401 2875//401 2873//401
f 2876//402 2877//402 2875//402
f 2878//403 2879//403 2877//403
f 2880//404 2881//404 2879//404
f 2882//386 2878//386 2874//386
f 2882//405 2883//405 2881//405
f 2884//406 2869//406 2883//406
f 2875//385 2879//385 2883//385
f 2898//399 2899//399 2897//399
f 2900//407 2901//407 2899//407
f 2902//401 2903//401 2901//401
f 2904//402 2905//402 2903//402
f 2906//403 2907//403 2905//403
f 2908//408 2909//408 2907//408
f 2910//386 2906//386 2902//386
f 2910//405 2911//405 2909//405
f 2912//406 2897//406 2911//406
f 2903//385 2907//385 2911//385
f 2926//399 2927//399 2925//399
f 2928//407 2929//407 2927//407
f 2930//401 2931//401 2929//401
f 2932//402 2933//402 2931//402
f 2934//403 2935//403 2933//403
f 2936//408 2937//408 2935//408
f 2938//386 2934//386 2930//386
f 2938//405 2939//405 2937//405
f 2940//406 2925//406 2939//406
f 2931//385 2935//385 2939//385
f 2954//399 2955//399 2953//399
f 2956//407 2957//407 2955//407
f 2958//401 2959//401 2957//401
f 2960//402 2961//402 2959//402
f 2962//403 2963//403 2961//403
f 2964//408 2965//408 2963//408
f 2966//386 2962//386 2958//386
f 2966//405 2967//405 2965//405
f 2968//406 2953//406 2967//406
f 2959//385 2963//385 2967//385
f 2982//399 2983//399 2981//399
f 2984//407 2985//407 2983//407
f 2986//401 2987//401 2985//401
f 2988//402 2989//402 2987//402
f 2990//403 2991//403 2989//403
f 2992//408 2993//408 2991//408
f 2994//386 2990//386 2986//386
f 2994//405 2995//405 2993//405
f 2996//406 2981//406 2995//406
f 2987//385 2991//385 2995//385
f 3010//399 3011//399 3009//399
f 3012//407 3013//407 3011//407
f 3014//401 3015//401 3013//401
f 3016//402 3017//402 3015//402
f 3018//403 3019//403 3017//403
f 3020//408 3021//408 3019//408
f 3022//386 3018//386 3014//386
f 3022//405 3023//405 3021//405
f 3024//406 3009//406 3023//406
f 3015//385 3019//385 3023//385
f 3038//399 3039//399 3037//399
f 3040//407 3041//407 3039//407
f 3042//401 3043//401 3041//401
f 3044//402 3045//402 3043//402
f 3046//403 3047//403 3045//403
f 3048//408 3049//408 3047//408
f 3050//386 3046//386 3042//386
f 3050//405 3051//405 3049//405
f 3052//406 3037//406 3051//406
f 3043//385 3047//385 3051//385
f 3066//399 3067//399 3065//399
f 3068//407 3069//407 3067//407
f 3070//401 3071//401 3069//401
f 3072//402 3073//402 3071//402
f 3074//403 3075//403 3073//403
f 3076//408 3077//408 3075//408
f 3078//386 3074//386 3070//386
f 3078//405 3079//405 3077//405
f 3080//406 3065//406 3079//406
f 3071//385 3075//385 3079//385
f 3094//399 3095//399 3093//399
f 3096//407 3097//407 3095//407
f 3098//401 3099//401 3097//401
f 3100//402 3101//402 3099//402
f 3102//403 3103//403 3101//403
f 3104//408 3105//408 3103//408
f 3106//386 3102//386 3098//386
f 3106//405 3107//405 3105//405
f 3108//406 3093//406 3107//406
f 3099//385 3103//385 3107//385
f 3122//399 3123//399 3121//399
f 3124//407 3125//407 3123//407
f 3126//401 3127//401 3125//401
f 3128//402 3129//402 3127//402
f 3130//403 3131//403 3129//403
f 3132//408 3133//408 3131//408
f 3134//386 3130//386 3126//386
f 3134//405 3135//405 3133//405
f 3136//406 3121//406 3135//406
f 3127//385 3131//385 3135//385
f 3150//399 3151//399 3149//399
f 3152//407 3153//407 3151//407
f 3154//401 3155//401 3153//401
f 3156//402 3157//402 3155//402
f 3158//403 3159//403 3157//403
f 3160//408 3161//408 3159//408
f 3162//386 3158//386 3154//386
f 3162//405 3163//405 3161//405
f 3164//406 3149//406 3163//406
f 3155//385 3159//385 3163//385
f 3178//399 3179//399 3177//399
f 3180//407 3181//407 3179//407
f 3182//401 3183//401 3181//401
f 3184//402 3185//402 3183//402
f 3186//403 3187//403 3185//403
f 3188//408 3189//408 3187//408
f 3190//386 3186//386 3182//386
f 3190//405 3191//405 3189//405
f 3192//406 3177//406 3191//406
f 3183//385 3187//385 3191//385
f 3206//399 3207//399 3205//399
f 3208//407 3209//407 3207//407
f 3210//401 3211//401 3209//401
f 3212//402 3213//402 3211//402
f 3214//403 3215//403 3213//403
f 3216//408 3217//408 3215//408
f 3218//386 3214//386 3210//386
f 3218//405 3219//405 3217//405
f 3220//406 3205//406 3219//406
f 3211//385 3215//385 3219//385
f 3234//399 3235//399 3233//399
f 3236//407 3237//407 3235//407
f 3238//401 3239//401 3237//401
f 3240//402 3241//402 3239//402
f 3242//403 3243//403 3241//403
f 3244//408 3245//408 3243//408
f 3246//386 3242//386 3238//386
f 3246//405 3247//405 3245//405
f 3248//406 3233//406 3247//406
f 3239//385 3243//385 3247//385
f 3262//399 3263//399 3261//399
f 3264//407 3265//407 3263//407
f 3266//401 3267//401 3265//401
f 3268//402 3269//402 3267//402
f 3270//403 3271//403 3269//403
f 3272//408 3273//408 3271//408
f 3274//386 3270//386 3266//386
f 3274//405 3275//405 3273//405
f 3276//406 3261//406 3275//406
f 3267//385 3271//385 3275//385
f 3290//399 3291//399 3289//399
f 3292//407 3293//407 3291//407
f 3294//401 3295//401 3293//401
f 3296//402 3297//402 3295//402
f 3298//403 3299//403 3297//403
f 3300//408 3301//408 3299//408
f 3302//386 3298//386 3294//386
f 3302//405 3303//405 3301//405
f 3304//406 3289//406 3303//406
f 3295//385 3299//385 3303//385
f 3318//399 3319//399 3317//399
f 3320//407 3321//407 3319//407
f 3322//401 3323//401 3321//401
f 3324//402 3325//402 3323//402
f 3326//403 3327//403 3325//403
f 3328//408 3329//408 3327//408
f 3330//386 3326//386 3322//386
f 3330//405 3331//405 3329//405
f 3332//406 3317//406 3331//406
f 3323//385 3327//385 3331//385
f 3346//399 3347//399 3345//399
f 3348//407 3349//407 3347//407
f 3350//401 3351//401 3349//401
f 3352//402 3353//402 3351//402
f 3354//403 3355//403 3353//403
f 3356//408 3357//408 3355//408
f 3358//386 3354//386 3350//386
f 3358//405 3359//405 3357//405
f 3360//406 3345//406 3359//406
f 3351//385 3355//385 3359//385
f 3374//399 3375//399 3373//399
f 3376//407 3377//407 3375//407
f 3378//401 3379//401 3377//401
f 3380//402 3381//402 3379//402
f 3382//403 3383//403 3381//403
f 3384//408 3385//408 3383//408
f 3386//386 3382//386 3378//386
f 3386//405 3387//405 3385//405
f 3388//406 3373//406 3387//406
f 3379//385 3383//385 3387//385
f 3402//399 3403//399 3401//399
f 3404//407 3405//407 3403//407
f 3406//401 3407//401 3405//401
f 3408//402 3409//402 3407//402
f 3410//403 3411//403 3409//403
f 3412//408 3413//408 3411//408
f 3414//386 3410//386 3406//386
f 3414//405 3415//405 3413//405
f 3416//406 3401//406 3415//406
f 3407//385 3411//385 3415//385
f 3430//399 3431//399 3429//399
f 3432//407 3433//407 3431//407
f 3434//401 3435//401 3433//401
f 3436//402 3437//402 3435//402
f 3438//403 3439//403 3437//403
f 3440//408 3441//408 3439//408
f 3442//386 3438//386 3434//386
f 3442//405 3443//405 3441//405
f 3444//406 3429//406 3443//406
f 3435//385 3439//385 3443//385
f 3458//399 3459//399 3457//399
f 3460//407 3461//407 3459//407
f 3462//401 3463//401 3461//401
f 3464//402 3465//402 3463//402
f 3466//403 3467//403 3465//403
f 3468//408 3469//408 3467//408
f 3470//386 3466//386 3462//386
f 3470//405 3471//405 3469//405
f 3472//406 3457//406 3471//406
f 3463//385 3467//385 3471//385
f 3486//399 3487//399 3485//399
f 3488//400 3489//400 3487//400
f 3490//401 3491//401 3489//401
f 3492//402 3493//402 3491//402
f 3494//403 3495//403 3493//403
f 3496//408 3497//408 3495//408
f 3498//386 3494//386 3490//386
f 3498//405 3499//405 3497//405
f 3500//406 3485//406 3499//406
f 3491//385 3495//385 3499//385
f 3514//399 3515//399 3513//399
f 3516//400 3517//400 3515//400
f 3518//401 3519//401 3517//401
f 3520//402 3521//402 3519//402
f 3522//403 3523//403 3521//403
f 3524//404 3525//404 3523//404
f 3526//386 3522//386 3518//386
f 3526//405 3527//405 3525//405
f 3528//406 3513//406 3527//406
f 3519//385 3523//385 3527//385
f 3542//399 3543//399 3541//399
f 3544//407 3545//407 3543//407
f 3546//409 3547//409 3545//409
f 3548//402 3549//402 3547//402
f 3550//403 3551//403 3549//403
f 3552//408 3553//408 3551//408
f 3554//386 3550//386 3546//386
f 3554//405 3555//405 3553//405
f 3556//406 3541//406 3555//406
f 3547//385 3551//385 3555//385
f 3570//399 3571//399 3569//399
f 3572//400 3573//400 3571//400
f 3574//401 3575//401 3573//401
f 3576//402 3577//402 3575//402
f 3578//403 3579//403 3577//403
f 3580//408 3581//408 3579//408
f 3582//386 3578//386 3574//386
f 3582//405 3583//405 3581//405
f 3584//406 3569//406 3583//406
f 3575//385 3579//385 3583//385
f 3598//399 3599//399 3597//399
f 3600//407 3601//407 3599//407
f 3602//401 3603//401 3601//401
f 3604//402 3605//402 3603//402
f 3606//403 3607//403 3605//403
f 3608//408 3609//408 3607//408
f 3610//386 3606//386 3602//386
f 3610//405 3611//405 3609//405
f 3612//406 3597//406 3611//406
f 3603//385 3607//385 3611//385
f 3626//399 3627//399 3625//399
f 3628//407 3629//407 3627//407
f 3630//401 3631//401 3629//401
f 3632//402 3633//402 3631//402
f 3634//403 3635//403 3633//403
f 3636//408 3637//408 3635//408
f 3638//386 3634//386 3630//386
f 3638//405 3639//405 3637//405
f 3640//406 3625//406 3639//406
f 3631//385 3635//385 3639//385
f 3654//399 3655//399 3653//399
f 3656//400 3657//400 3655//400
f 3658//401 3659//401 3657//401
f 3660//402 3661//402 3659//402
f 3662//403 3663//403 3661//403
f 3664//404 3665//404 3663//404
f 3666//386 3662//386 3658//386
f 3666//405 3667//405 3665//405
f 3668//406 3653//406 3667//406
f 3659//385 3663//385 3667//385
f 3682//399 3683//399 3681//399
f 3684//407 3685//407 3683//407
f 3686//401 3687//401 3685//401
f 3688//402 3689//402 3687//402
f 3690//403 3691//403 3689//403
f 3692//408 3693//408 3691//408
f 3694//386 3690//386 3686//386
f 3694//405 3695//405 3693//405
f 3696//406 3681//406 3695//406
f 3687//385 3691//385 3695//385
f 3710//399 3711//399 3709//399
f 3712//407 3713//407 3711//407
f 3714//401 3715//401 3713//401
f 3716//402 3717//402 3715//402
f 3718//403 3719//403 3717//403
f 3720//408 3721//408 3719//408
f 3722//386 3718//386 3714//386
f 3722//405 3723//405 3721//405
f 3724//406 3709//406 3723//406
f 3715//385 3719//385 3723//385
f 3738//399 3739//399 3737//399
f 3740//407 3741//407 3739//407
f 3742//401 3743//401 3741//401
f 3744//402 3745//402 3743//402
f 3746//403 3747//403 3745//403
f 3748//408 3749//408 3747//408
f 3750//386 3746//386 3742//386
f 3750//405 3751//405 3749//405
f 3752//406 3737//406 3751//406
f 3743//385 3747//385 3751//385
f 3766//399 3767//399 3765//399
f 3768//407 3769//407 3767//407
f 3770//401 3771//401 3769//401
f 3772//402 3773//402 3771//402
f 3774//403 3775//403 3773//403
f 3776//408 3777//408 3775//408
f 3778//386 3774//386 3770//386
f 3778//405 3779//405 3777//405
f 3780//406 3765//406 3779//406
f 3771//385 3775//385 3779//385
f 3794//399 3795//399 3793//399
f 3796//407 3797//407 3795//407
f 3798//401 3799//401 3797//401
f 3800//402 3801//402 3799//402
f 3802//403 3803//403 3801//403
f 3804//408 3805//408 3803//408
f 3806//386 3802//386 3798//386
f 3806//405 3807//405 3805//405
f 3808//406 3793//406 3807//406
f 3799//385 3803//385 3807//385
f 3822//399 3823//399 3821//399
f 3824//407 3825//407 3823//407
f 3826//401 3827//401 3825//401
f 3828//402 3829//402 3827//402
f 3830//403 3831//403 3829//403
f 3832//408 3833//408 3831//408
f 3834//386 3830//386 3826//386
f 3834//405 3835//405 3833//405
f 3836//406 3821//406 3835//406
f 3827//385 3831//385 3835//385
f 1162//399 1164//399 1163//399
f 1164//407 1166//407 1165//407
f 1166//409 1168//409 1167//409
f 1168//402 1170//402 1169//402
f 1170//403 1172//403 1171//403
f 1172//408 1174//408 1173//408
f 1166//386 1164//386 1162//386
f 1162//386 1176//386 1174//386
f 1174//386 1172//386 1170//386
f 1170//386 1168//386 1166//386
f 1166//386 1162//386 1174//386
f 1174//410 1176//410 1175//410
f 1176//406 1162//406 1161//406
f 1175//385 1161//385 1163//385
f 1163//385 1165//385 1167//385
f 1167//385 1169//385 1171//385
f 1171//385 1173//385 1175//385
f 1175//385 1163//385 1167//385
f 1190//399 1192//399 1191//399
f 1192//400 1194//400 1193//400
f 1194//401 1196//401 1195//401
f 1196//402 1198//402 1197//402
f 1198//403 1200//403 1199//403
f 1200//408 1202//408 1201//408
f 1194//386 1192//386 1190//386
f 1190//386 1204//386 1202//386
f 1202//386 1200//386 1198//386
f 1198//386 1196//386 1194//386
f 1194//386 1190//386 1202//386
f 1202//405 1204//405 1203//405
f 1204//406 1190//406 1189//406
f 1203//385 1189//385 1191//385
f 1191//385 1193//385 1195//385
f 1195//385 1197//385 1199//385
f 1199//385 1201//385 1203//385
f 1203//385 1191//385 1195//385
f 1218//399 1220//399 1219//399
f 1220//400 1222//400 1221//400
f 1222//401 1224//401 1223//401
f 1224//402 1226//402 1225//402
f 1226//403 1228//403 1227//403
f 1228//408 1230//408 1229//408
f 1222//386 1220//386 1218//386
f 1218//386 1232//386 1230//386
f 1230//386 1228//386 1226//386
f 1226//386 1224//386 1222//386
f 1222//386 1218//386 1230//386
f 1230//405 1232//405 1231//405
f 1232//406 1218//406 1217//406
f 1231//385 1217//385 1219//385
f 1219//385 1221//385 1223//385
f 1223//385 1225//385 1227//385
f 1227//385 1229//385 1231//385
f 1231//385 1219//385 1223//385
f 1246//399 1248//399 1247//399
f 1248//407 1250//407 1249//407
f 1250//401 1252//401 1251//401
f 1252//402 1254//402 1253//402
f 1254//403 1256//403 1255//403
f 1256//408 1258//408 1257//408
f 1250//386 1248//386 1246//386
f 1246//386 1260//386 1258//386
f 1258//386 1256//386 1254//386
f 1254//386 1252//386 1250//386
f 1250//386 1246//386 1258//386
f 1258//405 1260//405 1259//405
f 1260//406 1246//406 1245//406
f 1259//385 1245//385 1247//385
f 1247//385 1249//385 1251//385
f 1251//385 1253//385 1255//385
f 1255//385 1257//385 1259//385
f 1259//385 1247//385 1251//385
f 1274//399 1276//399 1275//399
f 1276//407 1278//407 1277//407
f 1278//409 1280//409 1279//409
f 1280//402 1282//402 1281//402
f 1282//403 1284//403 1283//403
f 1284//408 1286//408 1285//408
f 1278//386 1276//386 1274//386
f 1274//386 1288//386 1286//386
f 1286//386 1284//386 1282//386
f 1282//386 1280//386 1278//386
f 1278//386 1274//386 1286//386
f 1286//405 1288//405 1287//405
f 1288//406 1274//406 1273//406
f 1287//385 1273//385 1275//385
f 1275//385 1277//385 1279//385
f 1279//385 1281//385 1283//385
f 1283//385 1285//385 1287//385
f 1287//385 1275//385 1279//385
f 1302//399 1304//399 1303//399
f 1304//407 1306//407 1305//407
f 1306//401 1308//401 1307//401
f 1308//402 1310//402 1309//402
f 1310//403 1312//403 1311//403
f 1312//408 1314//408 1313//408
f 1306//386 1304//386 1302//386
f 1302//386 1316//386 1314//386
f 1314//386 1312//386 1310//386
f 1310//386 1308//386 1306//386
f 1306//386 1302//386 1314//386
f 1314//405 1316//405 1315//405
f 1316//406 1302//406 1301//406
f 1315//385 1301//385 1303//385
f 1303//385 1305//385 1307//385
f 1307//385 1309//385 1311//385
f 1311//385 1313//385 1315//385
f 1315//385 1303//385 1307//385
f 1330//399 1332//399 1331//399
f 1332//407 1334//407 1333//407
f 1334//401 1336//401 1335//401
f 1336//402 1338//402 1337//402
f 1338//403 1340//403 1339//403
f 1340//408 1342//408 1341//408
f 1334//386 1332//386 1330//386
f 1330//386 1344//386 1342//386
f 1342//386 1340//386 1338//386
f 1338//386 1336//386 1334//386
f 1334//386 1330//386 1342//386
f 1342//405 1344//405 1343//405
f 1344//406 1330//406 1329//406
f 1343//385 1329//385 1331//385
f 1331//385 1333//385 1335//385
f 1335//385 1337//385 1339//385
f 1339//385 1341//385 1343//385
f 1343//385 1331//385 1335//385
f 1358//399 1360//399 1359//399
f 1360//407 1362//407 1361//407
f 1362//409 1364//409 1363//409
f 1364//402 1366//402 1365//402
f 1366//403 1368//403 1367//403
f 1368//408 1370//408 1369//408
f 1362//386 1360//386 1358//386
f 1358//386 1372//386 1370//386
f 1370//386 1368//386 1366//386
f 1366//386 1364//386 1362//386
f 1362//386 1358//386 1370//386
f 1370//410 1372//410 1371//410
f 1372//406 1358//406 1357//406
f 1371//385 1357//385 1359//385
f 1359//385 1361//385 1363//385
f 1363//385 1365//385 1367//385
f 1367//385 1369//385 1371//385
f 1371//385 1359//385 1363//385
f 1386//399 1388//399 1387//399
f 1388//407 1390//407 1389//407
f 1390//401 1392//401 1391//401
f 1392//402 1394//402 1393//402
f 1394//403 1396//403 1395//403
f 1396//408 1398//408 1397//408
f 1390//386 1388//386 1386//386
f 1386//386 1400//386 1398//386
f 1398//386 1396//386 1394//386
f 1394//386 1392//386 1390//386
f 1390//386 1386//386 1398//386
f 1398//405 1400//405 1399//405
f 1400//406 1386//406 1385//406
f 1399//385 1385//385 1387//385
f 1387//385 1389//385 1391//385
f 1391//385 1393//385 1395//385
f 1395//385 1397//385 1399//385
f 1399//385 1387//385 1391//385
f 1414//399 1416//399 1415//399
f 1416//407 1418//407 1417//407
f 1418//401 1420//401 1419//401
f 1420//402 1422//402 1421//402
f 1422//403 1424//403 1423//403
f 1424//408 1426//408 1425//408
f 1418//386 1416//386 1414//386
f 1414//386 1428//386 1426//386
f 1426//386 1424//386 1422//386
f 1422//386 1420//386 1418//386
f 1418//386 1414//386 1426//386
f 1426//405 1428//405 1427//405
f 1428//406 1414//406 1413//406
f 1427//385 1413//385 1415//385
f 1415//385 1417//385 1419//385
f 1419//385 1421//385 1423//385
f 1423//385 1425//385 1427//385
f 1427//385 1415//385 1419//385
f 1442//399 1444//399 1443//399
f 1444//407 1446//407 1445//407
f 1446//409 1448//409 1447//409
f 1448//402 1450//402 1449//402
f 1450//403 1452//403 1451//403
f 1452//408 1454//408 1453//408
f 1446//386 1444//386 1442//386
f 1442//386 1456//386 1454//386
f 1454//386 1452//386 1450//386
f 1450//386 1448//386 1446//386
f 1446//386 1442//386 1454//386
f 1454//405 1456//405 1455//405
f 1456//406 1442//406 1441//406
f 1455//385 1441//385 1443//385
f 1443//385 1445//385 1447//385
f 1447//385 1449//385 1451//385
f 1451//385 1453//385 1455//385
f 1455//385 1443//385 1447//385
f 1470//399 1472//399 1471//399
f 1472//400 1474//400 1473//400
f 1474//401 1476//401 1475//401
f 1476//402 1478//402 1477//402
f 1478//403 1480//403 1479//403
f 1480//408 1482//408 1481//408
f 1474//386 1472//386 1470//386
f 1470//386 1484//386 1482//386
f 1482//386 1480//386 1478//386
f 1478//386 1476//386 1474//386
f 1474//386 1470//386 1482//386
f 1482//405 1484//405 1483//405
f 1484//406 1470//406 1469//406
f 1483//385 1469//385 1471//385
f 1471//385 1473//385 1475//385
f 1475//385 1477//385 1479//385
f 1479//385 1481//385 1483//385
f 1483//385 1471//385 1475//385
f 1498//399 1500//399 1499//399
f 1500//407 1502//407 1501//407
f 1502//409 1504//409 1503//409
f 1504//402 1506//402 1505//402
f 1506//403 1508//403 1507//403
f 1508//408 1510//408 1509//408
f 1502//386 1500//386 1498//386
f 1498//386 1512//386 1510//386
f 1510//386 1508//386 1506//386
f 1506//386 1504//386 1502//386
f 1502//386 1498//386 1510//386
f 1510//410 1512//410 1511//410
f 1512//406 1498//406 1497//406
f 1511//385 1497//385 1499//385
f 1499//385 1501//385 1503//385
f 1503//385 1505//385 1507//385
f 1507//385 1509//385 1511//385
f 1511//385 1499//385 1503//385
f 1526//399 1528//399 1527//399
f 1528//407 1530//407 1529//407
f 1530//409 1532//409 1531//409
f 1532//402 1534//402 1533//402
f 1534//403 1536//403 1535//403
f 1536//408 1538//408 1537//408
f 1530//386 1528//386 1526//386
f 1526//386 1540//386 1538//386
f 1538//386 1536//386 1534//386
f 1534//386 1532//386 1530//386
f 1530//386 1526//386 1538//386
f 1538//405 1540//405 1539//405
f 1540//406 1526//406 1525//406
f 1539//385 1525//385 1527//385
f 1527//385 1529//385 1531//385
f 1531//385 1533//385 1535//385
f 1535//385 1537//385 1539//385
f 1539//385 1527//385 1531//385
f 1554//399 1556//399 1555//399
f 1556//407 1558//407 1557//407
f 1558//401 1560//401 1559//401
f 1560//402 1562//402 1561//402
f 1562//403 1564//403 1563//403
f 1564//408 1566//408 1565//408
f 1558//386 1556//386 1554//386
f 1554//386 1568//386 1566//386
f 1566//386 1564//386 1562//386
f 1562//386 1560//386 1558//386
f 1558//386 1554//386 1566//386
f 1566//405 1568//405 1567//405
f 1568//406 1554//406 1553//406
f 1567//385 1553//385 1555//385
f 1555//385 1557//385 1559//385
f 1559//385 1561//385 1563//385
f 1563//385 1565//385 1567//385
f 1567//385 1555//385 1559//385
f 1582//399 1584//399 1583//399
f 1584//407 1586//407 1585//407
f 1586//401 1588//401 1587//401
f 1588//402 1590//402 1589//402
f 1590//403 1592//403 1591//403
f 1592//408 1594//408 1593//408
f 1586//386 1584//386 1582//386
f 1582//386 1596//386 1594//386
f 1594//386 1592//386 1590//386
f 1590//386 1588//386 1586//386
f 1586//386 1582//386 1594//386
f 1594//405 1596//405 1595//405
f 1596//406 1582//406 1581//406
f 1595//385 1581//385 1583//385
f 1583//385 1585//385 1587//385
f 1587//385 1589//385 1591//385
f 1591//385 1593//385 1595//385
f 1595//385 1583//385 1587//385
f 1610//399 1612//399 1611//399
f 1612//407 1614//407 1613//407
f 1614//401 1616//401 1615//401
f 1616//402 1618//402 1617//402
f 1618//403 1620//403 1619//403
f 1620//408 1622//408 1621//408
f 1614//386 1612//386 1610//386
f 1610//386 1624//386 1622//386
f 1622//386 1620//386 1618//386
f 1618//386 1616//386 1614//386
f 1614//386 1610//386 1622//386
f 1622//405 1624//405 1623//405
f 1624//406 1610//406 1609//406
f 1623//385 1609//385 1611//385
f 1611//385 1613//385 1615//385
f 1615//385 1617//385 1619//385
f 1619//385 1621//385 1623//385
f 1623//385 1611//385 1615//385
f 1638//399 1640//399 1639//399
f 1640//407 1642//407 1641//407
f 1642//401 1644//401 1643//401
f 1644//402 1646//402 1645//402
f 1646//403 1648//403 1647//403
f 1648//408 1650//408 1649//408
f 1642//386 1640//386 1638//386
f 1638//386 1652//386 1650//386
f 1650//386 1648//386 1646//386
f 1646//386 1644//386 1642//386
f 1642//386 1638//386 1650//386
f 1650//405 1652//405 1651//405
f 1652//406 1638//406 1637//406
f 1651//385 1637//385 1639//385
f 1639//385 1641//385 1643//385
f 1643//385 1645//385 1647//385
f 1647//385 1649//385 1651//385
f 1651//385 1639//385 1643//385
f 1666//399 1668//399 1667//399
f 1668//407 1670//407 1669//407
f 1670//401 1672//401 1671//401
f 1672//402 1674//402 1673//402
f 1674//403 1676//403 1675//403
f 1676//408 1678//408 1677//408
f 1670//386 1668//386 1666//386
f 1666//386 1680//386 1678//386
f 1678//386 1676//386 1674//386
f 1674//386 1672//386 1670//386
f 1670//386 1666//386 1678//386
f 1678//405 1680//405 1679//405
f 1680//406 1666//406 1665//406
f 1679//385 1665//385 1667//385
f 1667//385 1669//385 1671//385
f 1671//385 1673//385 1675//385
f 1675//385 1677//385 1679//385
f 1679//385 1667//385 1671//385
f 1694//399 1696//399 1695//399
f 1696//407 1698//407 1697//407
f 1698//401 1700//401 1699//401
f 1700//402 1702//402 1701//402
f 1702//403 1704//403 1703//403
f 1704//408 1706//408 1705//408
f 1698//386 1696//386 1694//386
f 1694//386 1708//386 1706//386
f 1706//386 1704//386 1702//386
f 1702//386 1700//386 1698//386
f 1698//386 1694//386 1706//386
f 1706//405 1708//405 1707//405
f 1708//406 1694//406 1693//406
f 1707//385 1693//385 1695//385
f 1695//385 1697//385 1699//385
f 1699//385 1701//385 1703//385
f 1703//385 1705//385 1707//385
f 1707//385 1695//385 1699//385
f 1722//399 1724//399 1723//399
f 1724//407 1726//407 1725//407
f 1726//401 1728//401 1727//401
f 1728//402 1730//402 1729//402
f 1730//403 1732//403 1731//403
f 1732//408 1734//408 1733//408
f 1726//386 1724//386 1722//386
f 1722//386 1736//386 1734//386
f 1734//386 1732//386 1730//386
f 1730//386 1728//386 1726//386
f 1726//386 1722//386 1734//386
f 1734//405 1736//405 1735//405
f 1736//406 1722//406 1721//406
f 1735//385 1721//385 1723//385
f 1723//385 1725//385 1727//385
f 1727//385 1729//385 1731//385
f 1731//385 1733//385 1735//385
f 1735//385 1723//385 1727//385
f 1750//399 1752//399 1751//399
f 1752//407 1754//407 1753//407
f 1754//401 1756//401 1755//401
f 1756//402 1758//402 1757//402
f 1758//403 1760//403 1759//403
f 1760//408 1762//408 1761//408
f 1754//386 1752//386 1750//386
f 1750//386 1764//386 1762//386
f 1762//386 1760//386 1758//386
f 1758//386 1756//386 1754//386
f 1754//386 1750//386 1762//386
f 1762//405 1764//405 1763//405
f 1764//406 1750//406 1749//406
f 1763//385 1749//385 1751//385
f 1751//385 1753//385 1755//385
f 1755//385 1757//385 1759//385
f 1759//385 1761//385 1763//385
f 1763//385 1751//385 1755//385
f 1778//399 1780//399 1779//399
f 1780//407 1782//407 1781//407
f 1782//401 1784//401 1783//401
f 1784//402 1786//402 1785//402
f 1786//403 1788//403 1787//403
f 1788//408 1790//408 1789//408
f 1782//386 1780//386 1778//386
f 1778//386 1792//386 1790//386
f 1790//386 1788//386 1786//386
f 1786//386 1784//386 1782//386
f 1782//386 1778//386 1790//386
f 1790//405 1792//405 1791//405
f 1792//406 1778//406 1777//406
f 1791//385 1777//385 1779//385
f 1779//385 1781//385 1783//385
f 1783//385 1785//385 1787//385
f 1787//385 1789//385 1791//385
f 1791//385 1779//385 1783//385
f 1806//399 1808//399 1807//399
f 1808//407 1810//407 1809//407
f 1810//401 1812//401 1811//401
f 1812//402 1814//402 1813//402
f 1814//403 1816//403 1815//403
f 1816//408 1818//408 1817//408
f 1810//386 1808//386 1806//386
f 1806//386 1820//386 1818//386
f 1818//386 1816//386 1814//386
f 1814//386 1812//386 1810//386
f 1810//386 1806//386 1818//386
f 1818//405 1820//405 1819//405
f 1820//406 1806//406 1805//406
f 1819//385 1805//385 1807//385
f 1807//385 1809//385 1811//385
f 1811//385 1813//385 1815//385
f 1815//385 1817//385 1819//385
f 1819//385 1807//385 1811//385
f 1834//399 1836//399 1835//399
f 1836//407 1838//407 1837//407
f 1838//401 1840//401 1839//401
f 1840//402 1842//402 1841//402
f 1842//403 1844//403 1843//403
f 1844//408 1846//408 1845//408
f 1838//386 1836//386 1834//386
f 1834//386 1848//386 1846//386
f 1846//386 1844//386 1842//386
f 1842//386 1840//386 1838//386
f 1838//386 1834//386 1846//386
f 1846//405 1848//405 1847//405
f 1848//406 1834//406 1833//406
f 1847//385 1833//385 1835//385
f 1835//385 1837//385 1839//385
f 1839//385 1841//385 1843//385
f 1843//385 1845//385 1847//385
f 1847//385 1835//385 1839//385
f 1862//399 1864//399 1863//399
f 1864//407 1866//407 1865//407
f 1866//401 1868//401 1867//401
f 1868//402 1870//402 1869//402
f 1870//403 1872//403 1871//403
f 1872//408 1874//408 1873//408
f 1866//386 1864//386 1862//386
f 1862//386 1876//386 1874//386
f 1874//386 1872//386 1870//386
f 1870//386 1868//386 1866//386
f 1866//386 1862//386 1874//386
f 1874//405 1876//405 1875//405
f 1876//406 1862//406 1861//406
f 1875//385 1861//385 1863//385
f 1863//385 1865//385 1867//385
f 1867//385 1869//385 1871//385
f 1871//385 1873//385 1875//385
f 1875//385 1863//385 1867//385
f 1890//399 1892//399 1891//399
f 1892//407 1894//407 1893//407
f 1894//401 1896//401 1895//401
f 1896//402 1898//402 1897//402
f 1898//403 1900//403 1899//403
f 1900//408 1902//408 1901//408
f 1894//386 1892//386 1890//386
f 1890//386 1904//386 1902//386
f 1902//386 1900//386 1898//386
f 1898//386 1896//386 1894//386
f 1894//386 1890//386 1902//386
f 1902//405 1904//405 1903//405
f 1904//406 1890//406 1889//406
f 1903//385 1889//385 1891//385
f 1891//385 1893//385 1895//385
f 1895//385 1897//385 1899//385
f 1899//385 1901//385 1903//385
f 1903//385 1891//385 1895//385
f 1918//399 1920//399 1919//399
f 1920//407 1922//407 1921//407
f 1922//401 1924//401 1923//401
f 1924//402 1926//402 1925//402
f 1926//403 1928//403 1927//403
f 1928//408 1930//408 1929//408
f 1922//386 1920//386 1918//386
f 1918//386 1932//386 1930//386
f 1930//386 1928//386 1926//386
f 1926//386 1924//386 1922//386
f 1922//386 1918//386 1930//386
f 1930//405 1932//405 1931//405
f 1932//406 1918//406 1917//406
f 1931//385 1917//385 1919//385
f 1919//385 1921//385 1923//385
f 1923//385 1925//385 1927//385
f 1927//385 1929//385 1931//385
f 1931//385 1919//385 1923//385
f 1946//399 1948//399 1947//399
f 1948//407 1950//407 1949//407
f 1950//401 1952//401 1951//401
f 1952//402 1954//402 1953//402
f 1954//403 1956//403 1955//403
f 1956//408 1958//408 1957//408
f 1950//386 1948//386 1946//386
f 1946//386 1960//386 1958//386
f 1958//386 1956//386 1954//386
f 1954//386 1952//386 1950//386
f 1950//386 1946//386 1958//386
f 1958//405 1960//405 1959//405
f 1960//406 1946//406 1945//406
f 1959//385 1945//385 1947//385
f 1947//385 1949//385 1951//385
f 1951//385 1953//385 1955//385
f 1955//385 1957//385 1959//385
f 1959//385 1947//385 1951//385
f 1974//399 1976//399 1975//399
f 1976//407 1978//407 1977//407
f 1978//401 1980//401 1979//401
f 1980//402 1982//402 1981//402
f 1982//403 1984//403 1983//403
f 1984//408 1986//408 1985//408
f 1978//386 1976//386 1974//386
f 1974//386 1988//386 1986//386
f 1986//386 1984//386 1982//386
f 1982//386 1980//386 1978//386
f 1978//386 1974//386 1986//386
f 1986//405 1988//405 1987//405
f 1988//406 1974//406 1973//406
f 1987//385 1973//385 1975//385
f 1975//385 1977//385 1979//385
f 1979//385 1981//385 1983//385
f 1983//385 1985//385 1987//385
f 1987//385 1975//385 1979//385
f 2002//399 2004//399 2003//399
f 2004//407 2006//407 2005//407
f 2006//401 2008//401 2007//401
f 2008//402 2010//402 2009//402
f 2010//403 2012//403 2011//403
f 2012//408 2014//408 2013//408
f 2006//386 2004//386 2002//386
f 2002//386 2016//386 2014//386
f 2014//386 2012//386 2010//386
f 2010//386 2008//386 2006//386
f 2006//386 2002//386 2014//386
f 2014//405 2016//405 2015//405
f 2016//406 2002//406 2001//406
f 2015//385 2001//385 2003//385
f 2003//385 2005//385 2007//385
f 2007//385 2009//385 2011//385
f 2011//385 2013//385 2015//385
f 2015//385 2003//385 2007//385
f 2030//399 2032//399 2031//399
f 2032//407 2034//407 2033//407
f 2034//401 2036//401 2035//401
f 2036//402 2038//402 2037//402
f 2038//403 2040//403 2039//403
f 2040//408 2042//408 2041//408
f 2034//386 2032//386 2030//386
f 2030//386 2044//386 2042//386
f 2042//386 2040//386 2038//386
f 2038//386 2036//386 2034//386
f 2034//386 2030//386 2042//386
f 2042//405 2044//405 2043//405
f 2044//406 2030//406 2029//406
f 2043//385 2029//385 2031//385
f 2031//385 2033//385 2035//385
f 2035//385 2037//385 2039//385
f 2039//385 2041//385 2043//385
f 2043//385 2031//385 2035//385
f 2058//399 2060//399 2059//399
f 2060//407 2062//407 2061//407
f 2062//401 2064//401 2063//401
f 2064//402 2066//402 2065//402
f 2066//403 2068//403 2067//403
f 2068//408 2070//408 2069//408
f 2062//386 2060//386 2058//386
f 2058//386 2072//386 2070//386
f 2070//386 2068//386 2066//386
f 2066//386 2064//386 2062//386
f 2062//386 2058//386 2070//386
f 2070//405 2072//405 2071//405
f 2072//406 2058//406 2057//406
f 2071//385 2057//385 2059//385
f 2059//385 2061//385 2063//385
f 2063//385 2065//385 2067//385
f 2067//385 2069//385 2071//385
f 2071//385 2059//385 2063//385
f 2086//399 2088//399 2087//399
f 2088//407 2090//407 2089//407
f 2090//401 2092//401 2091//401
f 2092//402 2094//402 2093//402
f 2094//403 2096//403 2095//403
f 2096//408 2098//408 2097//408
f 2090//386 2088//386 2086//386
f 2086//386 2100//386 2098//386
f 2098//386 2096//386 2094//386
f 2094//386 2092//386 2090//386
f 2090//386 2086//386 2098//386
f 2098//405 2100//405 2099//405
f 2100//406 2086//406 2085//406
f 2099//385 2085//385 2087//385
f 2087//385 2089//385 2091//385
f 2091//385 2093//385 2095//385
f 2095//385 2097//385 2099//385
f 2099//385 2087//385 2091//385
f 2114//399 2116//399 2115//399
f 2116//407 2118//407 2117//407
f 2118//401 2120//401 2119//401
f 2120//402 2122//402 2121//402
f 2122//403 2124//403 2123//403
f 2124//408 2126//408 2125//408
f 2118//386 2116//386 2114//386
f 2114//386 2128//386 2126//386
f 2126//386 2124//386 2122//386
f 2122//386 2120//386 2118//386
f 2118//386 2114//386 2126//386
f 2126//405 2128//405 2127//405
f 2128//406 2114//406 2113//406
f 2127//385 2113//385 2115//385
f 2115//385 2117//385 2119//385
f 2119//385 2121//385 2123//385
f 2123//385 2125//385 2127//385
f 2127//385 2115//385 2119//385
f 2142//399 2144//399 2143//399
f 2144//407 2146//407 2145//407
f 2146//401 2148//401 2147//401
f 2148//402 2150//402 2149//402
f 2150//403 2152//403 2151//403
f 2152//408 2154//408 2153//408
f 2146//386 2144//386 2142//386
f 2142//386 2156//386 2154//386
f 2154//386 2152//386 2150//386
f 2150//386 2148//386 2146//386
f 2146//386 2142//386 2154//386
f 2154//410 2156//410 2155//410
f 2156//406 2142//406 2141//406
f 2155//385 2141//385 2143//385
f 2143//385 2145//385 2147//385
f 2147//385 2149//385 2151//385
f 2151//385 2153//385 2155//385
f 2155//385 2143//385 2147//385
f 2170//399 2172//399 2171//399
f 2172//407 2174//407 2173//407
f 2174//409 2176//409 2175//409
f 2176//402 2178//402 2177//402
f 2178//403 2180//403 2179//403
f 2180//408 2182//408 2181//408
f 2174//386 2172//386 2170//386
f 2170//386 2184//386 2182//386
f 2182//386 2180//386 2178//386
f 2178//386 2176//386 2174//386
f 2174//386 2170//386 2182//386
f 2182//410 2184//410 2183//410
f 2184//406 2170//406 2169//406
f 2183//385 2169//385 2171//385
f 2171//385 2173//385 2175//385
f 2175//385 2177//385 2179//385
f 2179//385 2181//385 2183//385
f 2183//385 2171//385 2175//385
f 2198//399 2200//399 2199//399
f 2200//407 2202//407 2201//407
f 2202//401 2204//401 2203//401
f 2204//402 2206//402 2205//402
f 2206//403 2208//403 2207//403
f 2208//404 2210//404 2209//404
f 2202//386 2200//386 2198//386
f 2198//386 2212//386 2210//386
f 2210//386 2208//386 2206//386
f 2206//386 2204//386 2202//386
f 2202//386 2198//386 2210//386
f 2210//405 2212//405 2211//405
f 2212//406 2198//406 2197//406
f 2211//385 2197//385 2199//385
f 2199//385 2201//385 2203//385
f 2203//385 2205//385 2207//385
f 2207//385 2209//385 2211//385
f 2211//385 2199//385 2203//385
f 2226//399 2228//399 2227//399
f 2228//407 2230//407 2229//407
f 2230//401 2232//401 2231//401
f 2232//402 2234//402 2233//402
f 2234//403 2236//403 2235//403
f 2236//408 2238//408 2237//408
f 2230//386 2228//386 2226//386
f 2226//386 2240//386 2238//386
f 2238//386 2236//386 2234//386
f 2234//386 2232//386 2230//386
f 2230//386 2226//386 2238//386
f 2238//410 2240//410 2239//410
f 2240//406 2226//406 2225//406
f 2239//385 2225//385 2227//385
f 2227//385 2229//385 2231//385
f 2231//385 2233//385 2235//385
f 2235//385 2237//385 2239//385
f 2239//385 2227//385 2231//385
f 2254//399 2256//399 2255//399
f 2256//407 2258//407 2257//407
f 2258//401 2260//401 2259//401
f 2260//402 2262//402 2261//402
f 2262//403 2264//403 2263//403
f 2264//408 2266//408 2265//408
f 2258//386 2256//386 2254//386
f 2254//386 2268//386 2266//386
f 2266//386 2264//386 2262//386
f 2262//386 2260//386 2258//386
f 2258//386 2254//386 2266//386
f 2266//405 2268//405 2267//405
f 2268//406 2254//406 2253//406
f 2267//385 2253//385 2255//385
f 2255//385 2257//385 2259//385
f 2259//385 2261//385 2263//385
f 2263//385 2265//385 2267//385
f 2267//385 2255//385 2259//385
f 2282//399 2284//399 2283//399
f 2284//407 2286//407 2285//407
f 2286//401 2288//401 2287//401
f 2288//402 2290//402 2289//402
f 2290//403 2292//403 2291//403
f 2292//408 2294//408 2293//408
f 2286//386 2284//386 2282//386
f 2282//386 2296//386 2294//386
f 2294//386 2292//386 2290//386
f 2290//386 2288//386 2286//386
f 2286//386 2282//386 2294//386
f 2294//405 2296//405 2295//405
f 2296//406 2282//406 2281//406
f 2295//385 2281//385 2283//385
f 2283//385 2285//385 2287//385
f 2287//385 2289//385 2291//385
f 2291//385 2293//385 2295//385
f 2295//385 2283//385 2287//385
f 2310//399 2312//399 2311//399
f 2312//407 2314//407 2313//407
f 2314//409 2316//409 2315//409
f 2316//402 2318//402 2317//402
f 2318//403 2320//403 2319//403
f 2320//408 2322//408 2321//408
f 2314//386 2312//386 2310//386
f 2310//386 2324//386 2322//386
f 2322//386 2320//386 2318//386
f 2318//386 2316//386 2314//386
f 2314//386 2310//386 2322//386
f 2322//410 2324//410 2323//410
f 2324//406 2310//406 2309//406
f 2323//385 2309//385 2311//385
f 2311//385 2313//385 2315//385
f 2315//385 2317//385 2319//385
f 2319//385 2321//385 2323//385
f 2323//385 2311//385 2315//385
f 2338//399 2340//399 2339//399
f 2340//407 2342//407 2341//407
f 2342//401 2344//401 2343//401
f 2344//402 2346//402 2345//402
f 2346//403 2348//403 2347//403
f 2348//408 2350//408 2349//408
f 2342//386 2340//386 2338//386
f 2338//386 2352//386 2350//386
f 2350//386 2348//386 2346//386
f 2346//386 2344//386 2342//386
f 2342//386 2338//386 2350//386
f 2350//405 2352//405 2351//405
f 2352//406 2338//406 2337//406
f 2351//385 2337//385 2339//385
f 2339//385 2341//385 2343//385
f 2343//385 2345//385 2347//385
f 2347//385 2349//385 2351//385
f 2351//385 2339//385 2343//385
f 2366//399 2368//399 2367//399
f 2368//407 2370//407 2369//407
f 2370//401 2372//401 2371//401
f 2372//402 2374//402 2373//402
f 2374//403 2376//403 2375//403
f 2376//408 2378//408 2377//408
f 2370//386 2368//386 2366//386
f 2366//386 2380//386 2378//386
f 2378//386 2376//386 2374//386
f 2374//386 2372//386 2370//386
f 2370//386 2366//386 2378//386
f 2378//405 2380//405 2379//405
f 2380//406 2366//406 2365//406
f 2379//385 2365//385 2367//385
f 2367//385 2369//385 2371//385
f 2371//385 2373//385 2375//385
f 2375//385 2377//385 2379//385
f 2379//385 2367//385 2371//385
f 2394//399 2396//399 2395//399
f 2396//407 2398//407 2397//407
f 2398//401 2400//401 2399//401
f 2400//402 2402//402 2401//402
f 2402//403 2404//403 2403//403
f 2404//408 2406//408 2405//408
f 2398//386 2396//386 2394//386
f 2394//386 2408//386 2406//386
f 2406//386 2404//386 2402//386
f 2402//386 2400//386 2398//386
f 2398//386 2394//386 2406//386
f 2406//410 2408//410 2407//410
f 2408//406 2394//406 2393//406
f 2407//385 2393//385 2395//385
f 2395//385 2397//385 2399//385
f 2399//385 2401//385 2403//385
f 2403//385 2405//385 2407//385
f 2407//385 2395//385 2399//385
f 2422//399 2424//399 2423//399
f 2424//407 2426//407 2425//407
f 2426//401 2428//401 2427//401
f 2428//402 2430//402 2429//402
f 2430//403 2432//403 2431//403
f 2432//408 2434//408 2433//408
f 2426//386 2424//386 2422//386
f 2422//386 2436//386 2434//386
f 2434//386 2432//386 2430//386
f 2430//386 2428//386 2426//386
f 2426//386 2422//386 2434//386
f 2434//405 2436//405 2435//405
f 2436//406 2422//406 2421//406
f 2435//385 2421//385 2423//385
f 2423//385 2425//385 2427//385
f 2427//385 2429//385 2431//385
f 2431//385 2433//385 2435//385
f 2435//385 2423//385 2427//385
f 2450//399 2452//399 2451//399
f 2452//407 2454//407 2453//407
f 2454//401 2456//401 2455//401
f 2456//402 2458//402 2457//402
f 2458//403 2460//403 2459//403
f 2460//404 2462//404 2461//404
f 2454//386 2452//386 2450//386
f 2450//386 2464//386 2462//386
f 2462//386 2460//386 2458//386
f 2458//386 2456//386 2454//386
f 2454//386 2450//386 2462//386
f 2462//405 2464//405 2463//405
f 2464//406 2450//406 2449//406
f 2463//385 2449//385 2451//385
f 2451//385 2453//385 2455//385
f 2455//385 2457//385 2459//385
f 2459//385 2461//385 2463//385
f 2463//385 2451//385 2455//385
f 2478//399 2480//399 2479//399
f 2480//407 2482//407 2481//407
f 2482//401 2484//401 2483//401
f 2484//402 2486//402 2485//402
f 2486//403 2488//403 2487//403
f 2488//404 2490//404 2489//404
f 2482//386 2480//386 2478//386
f 2478//386 2492//386 2490//386
f 2490//386 2488//386 2486//386
f 2486//386 2484//386 2482//386
f 2482//386 2478//386 2490//386
f 2490//405 2492//405 2491//405
f 2492//406 2478//406 2477//406
f 2491//385 2477//385 2479//385
f 2479//385 2481//385 2483//385
f 2483//385 2485//385 2487//385
f 2487//385 2489//385 2491//385
f 2491//385 2479//385 2483//385
f 2506//399 2508//399 2507//399
f 2508//407 2510//407 2509//407
f 2510//409 2512//409 2511//409
f 2512//402 2514//402 2513//402
f 2514//403 2516//403 2515//403
f 2516//408 2518//408 2517//408
f 2510//386 2508//386 2506//386
f 2506//386 2520//386 2518//386
f 2518//386 2516//386 2514//386
f 2514//386 2512//386 2510//386
f 2510//386 2506//386 2518//386
f 2518//410 2520//410 2519//410
f 2520//406 2506//406 2505//406
f 2519//385 2505//385 2507//385
f 2507//385 2509//385 2511//385
f 2511//385 2513//385 2515//385
f 2515//385 2517//385 2519//385
f 2519//385 2507//385 2511//385
f 2534//399 2536//399 2535//399
f 2536//407 2538//407 2537//407
f 2538//401 2540//401 2539//401
f 2540//402 2542//402 2541//402
f 2542//403 2544//403 2543//403
f 2544//404 2546//404 2545//404
f 2538//386 2536//386 2534//386
f 2534//386 2548//386 2546//386
f 2546//386 2544//386 2542//386
f 2542//386 2540//386 2538//386
f 2538//386 2534//386 2546//386
f 2546//405 2548//405 2547//405
f 2548//406 2534//406 2533//406
f 2547//385 2533//385 2535//385
f 2535//385 2537//385 2539//385
f 2539//385 2541//385 2543//385
f 2543//385 2545//385 2547//385
f 2547//385 2535//385 2539//385
f 2562//399 2564//399 2563//399
f 2564//407 2566//407 2565//407
f 2566//401 2568//401 2567//401
f 2568//402 2570//402 2569//402
f 2570//403 2572//403 2571//403
f 2572//404 2574//404 2573//404
f 2566//386 2564//386 2562//386
f 2562//386 2576//386 2574//386
f 2574//386 2572//386 2570//386
f 2570//386 2568//386 2566//386
f 2566//386 2562//386 2574//386
f 2574//405 2576//405 2575//405
f 2576//406 2562//406 2561//406
f 2575//385 2561//385 2563//385
f 2563//385 2565//385 2567//385
f 2567//385 2569//385 2571//385
f 2571//385 2573//385 2575//385
f 2575//385 2563//385 2567//385
f 2590//399 2592//399 2591//399
f 2592//407 2594//407 2593//407
f 2594//401 2596//401 2595//401
f 2596//402 2598//402 2597//402
f 2598//403 2600//403 2599//403
f 2600//408 2602//408 2601//408
f 2594//386 2592//386 2590//386
f 2590//386 2604//386 2602//386
f 2602//386 2600//386 2598//386
f 2598//386 2596//386 2594//386
f 2594//386 2590//386 2602//386
f 2602//405 2604//405 2603//405
f 2604//406 2590//406 2589//406
f 2603//385 2589//385 2591//385
f 2591//385 2593//385 2595//385
f 2595//385 2597//385 2599//385
f 2599//385 2601//385 2603//385
f 2603//385 2591//385 2595//385
f 2618//399 2620//399 2619//399
f 2620//407 2622//407 2621//407
f 2622//401 2624//401 2623//401
f 2624//402 2626//402 2625//402
f 2626//403 2628//403 2627//403
f 2628//408 2630//408 2629//408
f 2622//386 2620//386 2618//386
f 2618//386 2632//386 2630//386
f 2630//386 2628//386 2626//386
f 2626//386 2624//386 2622//386
f 2622//386 2618//386 2630//386
f 2630//410 2632//410 2631//410
f 2632//406 2618//406 2617//406
f 2631//385 2617//385 2619//385
f 2619//385 2621//385 2623//385
f 2623//385 2625//385 2627//385
f 2627//385 2629//385 2631//385
f 2631//385 2619//385 2623//385
f 2646//399 2648//399 2647//399
f 2648//407 2650//407 2649//407
f 2650//401 2652//401 2651//401
f 2652//402 2654//402 2653//402
f 2654//403 2656//403 2655//403
f 2656//408 2658//408 2657//408
f 2650//386 2648//386 2646//386
f 2646//386 2660//386 2658//386
f 2658//386 2656//386 2654//386
f 2654//386 2652//386 2650//386
f 2650//386 2646//386 2658//386
f 2658//405 2660//405 2659//405
f 2660//406 2646//406 2645//406
f 2659//385 2645//385 2647//385
f 2647//385 2649//385 2651//385
f 2651//385 2653//385 2655//385
f 2655//385 2657//385 2659//385
f 2659//385 2647//385 2651//385
f 2674//399 2676//399 2675//399
f 2676//407 2678//407 2677//407
f 2678//401 2680//401 2679//401
f 2680//402 2682//402 2681//402
f 2682//403 2684//403 2683//403
f 2684//408 2686//408 2685//408
f 2678//386 2676//386 2674//386
f 2674//386 2688//386 2686//386
f 2686//386 2684//386 2682//386
f 2682//386 2680//386 2678//386
f 2678//386 2674//386 2686//386
f 2686//405 2688//405 2687//405
f 2688//406 2674//406 2673//406
f 2687//385 2673//385 2675//385
f 2675//385 2677//385 2679//385
f 2679//385 2681//385 2683//385
f 2683//385 2685//385 2687//385
f 2687//385 2675//385 2679//385
f 2702//399 2704//399 2703//399
f 2704//407 2706//407 2705//407
f 2706//409 2708//409 2707//409
f 2708//402 2710//402 2709//402
f 2710//403 2712//403 2711//403
f 2712//408 2714//408 2713//408
f 2706//386 2704//386 2702//386
f 2702//386 2716//386 2714//386
f 2714//386 2712//386 2710//386
f 2710//386 2708//386 2706//386
f 2706//386 2702//386 2714//386
f 2714//410 2716//410 2715//410
f 2716//406 2702//406 2701//406
f 2715//385 2701//385 2703//385
f 2703//385 2705//385 2707//385
f 2707//385 2709//385 2711//385
f 2711//385 2713//385 2715//385
f 2715//385 2703//385 2707//385
f 2730//399 2732//399 2731//399
f 2732//407 2734//407 2733//407
f 2734//401 2736//401 2735//401
f 2736//402 2738//402 2737//402
f 2738//403 2740//403 2739//403
f 2740//408 2742//408 2741//408
f 2734//386 2732//386 2730//386
f 2730//386 2744//386 2742//386
f 2742//386 2740//386 2738//386
f 2738//386 2736//386 2734//386
f 2734//386 2730//386 2742//386
f 2742//405 2744//405 2743//405
f 2744//406 2730//406 2729//406
f 2743//385 2729//385 2731//385
f 2731//385 2733//385 2735//385
f 2735//385 2737//385 2739//385
f 2739//385 2741//385 2743//385
f 2743//385 2731//385 2735//385
f 2758//399 2760//399 2759//399
f 2760//407 2762//407 2761//407
f 2762//401 2764//401 2763//401
f 2764//402 2766//402 2765//402
f 2766//403 2768//403 2767//403
f 2768//408 2770//408 2769//408
f 2762//386 2760//386 2758//386
f 2758//386 2772//386 2770//386
f 2770//386 2768//386 2766//386
f 2766//386 2764//386 2762//386
f 2762//386 2758//386 2770//386
f 2770//405 2772//405 2771//405
f 2772//406 2758//406 2757//406
f 2771//385 2757//385 2759//385
f 2759//385 2761//385 2763//385
f 2763//385 2765//385 2767//385
f 2767//385 2769//385 2771//385
f 2771//385 2759//385 2763//385
f 2786//399 2788//399 2787//399
f 2788//407 2790//407 2789//407
f 2790//401 2792//401 2791//401
f 2792//402 2794//402 2793//402
f 2794//403 2796//403 2795//403
f 2796//408 2798//408 2797//408
f 2790//386 2788//386 2786//386
f 2786//386 2800//386 2798//386
f 2798//386 2796//386 2794//386
f 2794//386 2792//386 2790//386
f 2790//386 2786//386 2798//386
f 2798//410 2800//410 2799//410
f 2800//406 2786//406 2785//406
f 2799//385 2785//385 2787//385
f 2787//385 2789//385 2791//385
f 2791//385 2793//385 2795//385
f 2795//385 2797//385 2799//385
f 2799//385 2787//385 2791//385
f 2814//399 2816//399 2815//399
f 2816//407 2818//407 2817//407
f 2818//401 2820//401 2819//401
f 2820//402 2822//402 2821//402
f 2822//403 2824//403 2823//403
f 2824//404 2826//404 2825//404
f 2818//386 2816//386 2814//386
f 2814//386 2828//386 2826//386
f 2826//386 2824//386 2822//386
f 2822//386 2820//386 2818//386
f 2818//386 2814//386 2826//386
f 2826//405 2828//405 2827//405
f 2828//406 2814//406 2813//406
f 2827//385 2813//385 2815//385
f 2815//385 2817//385 2819//385
f 2819//385 2821//385 2823//385
f 2823//385 2825//385 2827//385
f 2827//385 2815//385 2819//385
f 2842//399 2844//399 2843//399
f 2844//407 2846//407 2845//407
f 2846//409 2848//409 2847//409
f 2848//402 2850//402 2849//402
f 2850//403 2852//403 2851//403
f 2852//408 2854//408 2853//408
f 2846//386 2844//386 2842//386
f 2842//386 2856//386 2854//386
f 2854//386 2852//386 2850//386
f 2850//386 2848//386 2846//386
f 2846//386 2842//386 2854//386
f 2854//410 2856//410 2855//410
f 2856//406 2842//406 2841//406
f 2855//385 2841//385 2843//385
f 2843//385 2845//385 2847//385
f 2847//385 2849//385 2851//385
f 2851//385 2853//385 2855//385
f 2855//385 2843//385 2847//385
f 2870//399 2872//399 2871//399
f 2872//407 2874//407 2873//407
f 2874//401 2876//401 2875//401
f 2876//402 2878//402 2877//402
f 2878//403 2880//403 2879//403
f 2880//408 2882//408 2881//408
f 2874//386 2872//386 2870//386
f 2870//386 2884//386 2882//386
f 2882//386 2880//386 2878//386
f 2878//386 2876//386 2874//386
f 2874//386 2870//386 2882//386
f 2882//410 2884//410 2883//410
f 2884//406 2870//406 2869//406
f 2883//385 2869//385 2871//385
f 2871//385 2873//385 2875//385
f 2875//385 2877//385 2879//385
f 2879//385 2881//385 2883//385
f 2883//385 2871//385 2875//385
f 2898//399 2900//399 2899//399
f 2900//407 2902//407 2901//407
f 2902//401 2904//401 2903//401
f 2904//402 2906//402 2905//402
f 2906//403 2908//403 2907//403
f 2908//408 2910//408 2909//408
f 2902//386 2900//386 2898//386
f 2898//386 2912//386 2910//386
f 2910//386 2908//386 2906//386
f 2906//386 2904//386 2902//386
f 2902//386 2898//386 2910//386
f 2910//405 2912//405 2911//405
f 2912//406 2898//406 2897//406
f 2911//385 2897//385 2899//385
f 2899//385 2901//385 2903//385
f 2903//385 2905//385 2907//385
f 2907//385 2909//385 2911//385
f 2911//385 2899//385 2903//385
f 2926//399 2928//399 2927//399
f 2928//407 2930//407 2929//407
f 2930//401 2932//401 2931//401
f 2932//402 2934//402 2933//402
f 2934//403 2936//403 2935//403
f 2936//408 2938//408 2937//408
f 2930//386 2928//386 2926//386
f 2926//386 2940//386 2938//386
f 2938//386 2936//386 2934//386
f 2934//386 2932//386 2930//386
f 2930//386 2926//386 2938//386
f 2938//405 2940//405 2939//405
f 2940//406 2926//406 2925//406
f 2939//385 2925//385 2927//385
f 2927//385 2929//385 2931//385
f 2931//385 2933//385 2935//385
f 2935//385 2937//385 2939//385
f 2939//385 2927//385 2931//385
f 2954//399 2956//399 2955//399
f 2956//407 2958//407 2957//407
f 2958//401 2960//401 2959//401
f 2960//402 2962//402 2961//402
f 2962//403 2964//403 2963//403
f 2964//408 2966//408 2965//408
f 2958//386 2956//386 2954//386
f 2954//386 2968//386 2966//386
f 2966//386 2964//386 2962//386
f 2962//386 2960//386 2958//386
f 2958//386 2954//386 2966//386
f 2966//405 2968//405 2967//405
f 2968//406 2954//406 2953//406
f 2967//385 2953//385 2955//385
f 2955//385 2957//385 2959//385
f 2959//385 2961//385 2963//385
f 2963//385 2965//385 2967//385
f 2967//385 2955//385 2959//385
f 2982//399 2984//399 2983//399
f 2984//407 2986//407 2985//407
f 2986//401 2988//401 2987//401
f 2988//402 2990//402 2989//402
f 2990//403 2992//403 2991//403
f 2992//408 2994//408 2993//408
f 2986//386 2984//386 2982//386
f 2982//386 2996//386 2994//386
f 2994//386 2992//386 2990//386
f 2990//386 2988//386 2986//386
f 2986//386 2982//386 2994//386
f 2994//405 2996//405 2995//405
f 2996//406 2982//406 2981//406
f 2995//385 2981//385 2983//385
f 2983//385 2985//385 2987//385
f 2987//385 2989//385 2991//385
f 2991//385 2993//385 2995//385
f 2995//385 2983//385 2987//385
f 3010//399 3012//399 3011//399
f 3012//407 3014//407 3013//407
f 3014//401 3016//401 3015//401
f 3016//402 3018//402 3017//402
f 3018//403 3020//403 3019//403
f 3020//408 3022//408 3021//408
f 3014//386 3012//386 3010//386
f 3010//386 3024//386 3022//386
f 3022//386 3020//386 3018//386
f 3018//386 3016//386 3014//386
f 3014//386 3010//386 3022//386
f 3022//405 3024//405 3023//405
f 3024//406 3010//406 3009//406
f 3023//385 3009//385 3011//385
f 3011//385 3013//385 3015//385
f 3015//385 3017//385 3019//385
f 3019//385 3021//385 3023//385
f 3023//385 3011//385 3015//385
f 3038//399 3040//399 3039//399
f 3040//407 3042//407 3041//407
f 3042//401 3044//401 3043//401
f 3044//402 3046//402 3045//402
f 3046//403 3048//403 3047//403
f 3048//408 3050//408 3049//408
f 3042//386 3040//386 3038//386
f 3038//386 3052//386 3050//386
f 3050//386 3048//386 3046//386
f 3046//386 3044//386 3042//386
f 3042//386 3038//386 3050//386
f 3050//405 3052//405 3051//405
f 3052//406 3038//406 3037//406
f 3051//385 3037//385 3039//385
f 3039//385 3041//385 3043//385
f 3043//385 3045//385 3047//385
f 3047//385 3049//385 3051//385
f 3051//385 3039//385 3043//385
f 3066//399 3068//399 3067//399
f 3068//407 3070//407 3069//407
f 3070//401 3072//401 3071//401
f 3072//402 3074//402 3073//402
f 3074//403 3076//403 3075//403
f 3076//408 3078//408 3077//408
f 3070//386 3068//386 3066//386
f 3066//386 3080//386 3078//386
f 3078//386 3076//386 3074//386
f 3074//386 3072//386 3070//386
f 3070//386 3066//386 3078//386
f 3078//405 3080//405 3079//405
f 3080//406 3066//406 3065//406
f 3079//385 3065//385 3067//385
f 3067//385 3069//385 3071//385
f 3071//385 3073//385 3075//385
f 3075//385 3077//385 3079//385
f 3079//385 3067//385 3071//385
f 3094//399 3096//399 3095//399
f 3096//407 3098//407 3097//407
f 3098//401 3100//401 3099//401
f 3100//402 3102//402 3101//402
f 3102//403 3104//403 3103//403
f 3104//408 3106//408 3105//408
f 3098//386 3096//386 3094//386
f 3094//386 3108//386 3106//386
f 3106//386 3104//386 3102//386
f 3102//386 3100//386 3098//386
f 3098//386 3094//386 3106//386
f 3106//405 3108//405 3107//405
f 3108//406 3094//406 3093//406
f 3107//385 3093//385 3095//385
f 3095//385 3097//385 3099//385
f 3099//385 3101//385 3103//385
f 3103//385 3105//385 3107//385
f 3107//385 3095//385 3099//385
f 3122//399 3124//399 3123//399
f 3124//407 3126//407 3125//407
f 3126//401 3128//401 3127//401
f 3128//402 3130//402 3129//402
f 3130//403 3132//403 3131//403
f 3132//408 3134//408 3133//408
f 3126//386 3124//386 3122//386
f 3122//386 3136//386 3134//386
f 3134//386 3132//386 3130//386
f 3130//386 3128//386 3126//386
f 3126//386 3122//386 3134//386
f 3134//405 3136//405 3135//405
f 3136//406 3122//406 3121//406
f 3135//385 3121//385 3123//385
f 3123//385 3125//385 3127//385
f 3127//385 3129//385 3131//385
f 3131//385 3133//385 3135//385
f 3135//385 3123//385 3127//385
f 3150//399 3152//399 3151//399
f 3152//407 3154//407 3153//407
f 3154//401 3156//401 3155//401
f 3156//402 3158//402 3157//402
f 3158//403 3160//403 3159//403
f 3160//408 3162//408 3161//408
f 3154//386 3152//386 3150//386
f 3150//386 3164//386 3162//386
f 3162//386 3160//386 3158//386
f 3158//386 3156//386 3154//386
f 3154//386 3150//386 3162//386
f 3162//405 3164//405 3163//405
f 3164//406 3150//406 3149//406
f 3163//385 3149//385 3151//385
f 3151//385 3153//385 3155//385
f 3155//385 3157//385 3159//385
f 3159//385 3161//385 3163//385
f 3163//385 3151//385 3155//385
f 3178//399 3180//399 3179//399
f 3180//407 3182//407 3181//407
f 3182//401 3184//401 3183//401
f 3184//402 3186//402 3185//402
f 3186//403 3188//403 3187//403
f 3188//408 3190//408 3189//408
f 3182//386 3180//386 3178//386
f 3178//386 3192//386 3190//386
f 3190//386 3188//386 3186//386
f 3186//386 3184//386 3182//386
f 3182//386 3178//386 3190//386
f 3190//405 3192//405 3191//405
f 3192//406 3178//406 3177//406
f 3191//385 3177//385 3179//385
f 3179//385 3181//385 3183//385
f 3183//385 3185//385 3187//385
f 3187//385 3189//385 3191//385
f 3191//385 3179//385 3183//385
f 3206//399 3208//399 3207//399
f 3208//407 3210//407 3209//407
f 3210//401 3212//401 3211//401
f 3212//402 3214//402 3213//402
f 3214//403 3216//403 3215//403
f 3216//408 3218//408 3217//408
f 3210//386 3208//386 3206//386
f 3206//386 3220//386 3218//386
f 3218//386 3216//386 3214//386
f 3214//386 3212//386 3210//386
f 3210//386 3206//386 3218//386
f 3218//405 3220//405 3219//405
f 3220//406 3206//406 3205//406
f 3219//385 3205//385 3207//385
f 3207//385 3209//385 3211//385
f 3211//385 3213//385 3215//385
f 3215//385 3217//385 3219//385
f 3219//385 3207//385 3211//385
f 3234//399 3236//399 3235//399
f 3236//407 3238//407 3237//407
f 3238//401 3240//401 3239//401
f 3240//402 3242//402 3241//402
f 3242//403 3244//403 3243//403
f 3244//408 3246//408 3245//408
f 3238//386 3236//386 3234//386
f 3234//386 3248//386 3246//386
f 3246//386 3244//386 3242//386
f 3242//386 3240//386 3238//386
f 3238//386 3234//386 3246//386
f 3246//405 3248//405 3247//405
f 3248//406 3234//406 3233//406
f 3247//385 3233//385 3235//385
f 3235//385 3237//385 3239//385
f 3239//385 3241//385 3243//385
f 3243//385 3245//385 3247//385
f 3247//385 3235//385 3239//385
f 3262//399 3264//399 3263//399
f 3264//407 3266//407 3265//407
f 3266//401 3268//401 3267//401
f 3268//402 3270//402 3269//402
f 3270//403 3272//403 3271//403
f 3272//408 3274//408 3273//408
f 3266//386 3264//386 3262//386
f 3262//386 3276//386 3274//386
f 3274//386 3272//386 3270//386
f 3270//386 3268//386 3266//386
f 3266//386 3262//386 3274//386
f 3274//405 3276//405 3275//405
f 3276//406 3262//406 3261//406
f 3275//385 3261//385 3263//385
f 3263//385 3265//385 3267//385
f 3267//385 3269//385 3271//385
f 3271//385 3273//385 3275//385
f 3275//385 3263//385 3267//385
f 3290//399 3292//399 3291//399
f 3292//407 3294//407 3293//407
f 3294//401 3296//401 3295//401
f 3296//402 3298//402 3297//402
f 3298//403 3300//403 3299//403
f 3300//408 3302//408 3301//408
f 3294//386 3292//386 3290//386
f 3290//386 3304//386 3302//386
f 3302//386 3300//386 3298//386
f 3298//386 3296//386 3294//386
f 3294//386 3290//386 3302//386
f 3302//405 3304//405 3303//405
f 3304//406 3290//406 3289//406
f 3303//385 3289//385 3291//385
f 3291//385 3293//385 3295//385
f 3295//385 3297//385 3299//385
f 3299//385 3301//385 3303//385
f 3303//385 3291//385 3295//385
f 3318//399 3320//399 3319//399
f 3320//407 3322//407 3321//407
f 3322//401 3324//401 3323//401
f 3324//402 3326//402 3325//402
f 3326//403 3328//403 3327//403
f 3328//408 3330//408 3329//408
f 3322//386 3320//386 3318//386
f 3318//386 3332//386 3330//386
f 3330//386 3328//386 3326//386
f 3326//386 3324//386 3322//386
f 3322//386 3318//386 3330//386
f 3330//405 3332//405 3331//405
f 3332//406 3318//406 3317//406
f 3331//385 3317//385 3319//385
f 3319//385 3321//385 3323//385
f 3323//385 3325//385 3327//385
f 3327//385 3329//385 3331//385
f 3331//385 3319//385 3323//385
f 3346//399 3348//399 3347//399
f 3348//407 3350//407 3349//407
f 3350//401 3352//401 3351//401
f 3352//402 3354//402 3353//402
f 3354//403 3356//403 3355//403
f 3356//408 3358//408 3357//408
f 3350//386 3348//386 3346//386
f 3346//386 3360//386 3358//386
f 3358//386 3356//386 3354//386
f 3354//386 3352//386 3350//386
f 3350//386 3346//386 3358//386
f 3358//405 3360//405 3359//405
f 3360//406 3346//406 3345//406
f 3359//385 3345//385 3347//385
f 3347//385 3349//385 3351//385
f 3351//385 3353//385 3355//385
f 3355//385 3357//385 3359//385
f 3359//385 3347//385 3351//385
f 3374//399 3376//399 3375//399
f 3376//407 3378//407 3377//407
f 3378//401 3380//401 3379//401
f 3380//402 3382//402 3381//402
f 3382//403 3384//403 3383//403
f 3384//408 3386//408 3385//408
f 3378//386 3376//386 3374//386
f 3374//386 3388//386 3386//386
f 3386//386 3384//386 3382//386
f 3382//386 3380//386 3378//386
f 3378//386 3374//386 3386//386
f 3386//405 3388//405 3387//405
f 3388//406 3374//406 3373//406
f 3387//385 3373//385 3375//385
f 3375//385 3377//385 3379//385
f 3379//385 3381//385 3383//385
f 3383//385 3385//385 3387//385
f 3387//385 3375//385 3379//385
f 3402//399 3404//399 3403//399
f 3404//407 3406//407 3405//407
f 3406//401 3408//401 3407//401
f 3408//402 3410//402 3409//402
f 3410//403 3412//403 3411//403
f 3412//408 3414//408 3413//408
f 3406//386 3404//386 3402//386
f 3402//386 3416//386 3414//386
f 3414//386 3412//386 3410//386
f 3410//386 3408//386 3406//386
f 3406//386 3402//386 3414//386
f 3414//405 3416//405 3415//405
f 3416//406 3402//406 3401//406
f 3415//385 3401//385 3403//385
f 3403//385 3405//385 3407//385
f 3407//385 3409//385 3411//385
f 3411//385 3413//385 3415//385
f 3415//385 3403//385 3407//385
f 3430//399 3432//399 3431//399
f 3432//407 3434//407 3433//407
f 3434//401 3436//401 3435//401
f 3436//402 3438//402 3437//402
f 3438//403 3440//403 3439//403
f 3440//408 3442//408 3441//408
f 3434//386 3432//386 3430//386
f 3430//386 3444//386 3442//386
f 3442//386 3440//386 3438//386
f 3438//386 3436//386 3434//386
f 3434//386 3430//386 3442//386
f 3442//405 3444//405 3443//405
f 3444//406 3430//406 3429//406
f 3443//385 3429//385 3431//385
f 3431//385 3433//385 3435//385
f 3435//385 3437//385 3439//385
f 3439//385 3441//385 3443//385
f 3443//385 3431//385 3435//385
f 3458//399 3460//399 3459//399
f 3460//407 3462//407 3461//407
f 3462//401 3464//401 3463//401
f 3464//402 3466//402 3465//402
f 3466//403 3468//403 3467//403
f 3468//408 3470//408 3469//408
f 3462//386 3460//386 3458//386
f 3458//386 3472//386 3470//386
f 3470//386 3468//386 3466//386
f 3466//386 3464//386 3462//386
f 3462//386 3458//386 3470//386
f 3470//405 3472//405 3471//405
f 3472//406 3458//406 3457//406
f 3471//385 3457//385 3459//385
f 3459//385 3461//385 3463//385
f 3463//385 3465//385 3467//385
f 3467//385 3469//385 3471//385
f 3471//385 3459//385 3463//385
f 3486//399 3488//399 3487//399
f 3488//407 3490//407 3489//407
f 3490//409 3492//409 3491//409
f 3492//402 3494//402 3493//402
f 3494//403 3496//403 3495//403
f 3496//408 3498//408 3497//408
f 3490//386 3488//386 3486//386
f 3486//386 3500//386 3498//386
f 3498//386 3496//386 3494//386
f 3494//386 3492//386 3490//386
f 3490//386 3486//386 3498//386
f 3498//405 3500//405 3499//405
f 3500//406 3486//406 3485//406
f 3499//385 3485//385 3487//385
f 3487//385 3489//385 3491//385
f 3491//385 3493//385 3495//385
f 3495//385 3497//385 3499//385
f 3499//385 3487//385 3491//385
f 3514//399 3516//399 3515//399
f 3516//407 3518//407 3517//407
f 3518//409 3520//409 3519//409
f 3520//402 3522//402 3521//402
f 3522//403 3524//403 3523//403
f 3524//408 3526//408 3525//408
f 3518//386 3516//386 3514//386
f 3514//386 3528//386 3526//386
f 3526//386 3524//386 3522//386
f 3522//386 3520//386 3518//386
f 3518//386 3514//386 3526//386
f 3526//410 3528//410 3527//410
f 3528//406 3514//406 3513//406
f 3527//385 3513//385 3515//385
f 3515//385 3517//385 3519//385
f 3519//385 3521//385 3523//385
f 3523//385 3525//385 3527//385
f 3527//385 3515//385 3519//385
f 3542//399 3544//399 3543//399
f 3544//400 3546//400 3545//400
f 3546//401 3548//401 3547//401
f 3548//402 3550//402 3549//402
f 3550//403 3552//403 3551//403
f 3552//408 3554//408 3553//408
f 3546//386 3544//386 3542//386
f 3542//386 3556//386 3554//386
f 3554//386 3552//386 3550//386
f 3550//386 3548//386 3546//386
f 3546//386 3542//386 3554//386
f 3554//405 3556//405 3555//405
f 3556//406 3542//406 3541//406
f 3555//385 3541//385 3543//385
f 3543//385 3545//385 3547//385
f 3547//385 3549//385 3551//385
f 3551//385 3553//385 3555//385
f 3555//385 3543//385 3547//385
f 3570//399 3572//399 3571//399
f 3572//407 3574//407 3573//407
f 3574//409 3576//409 3575//409
f 3576//402 3578//402 3577//402
f 3578//403 3580//403 3579//403
f 3580//408 3582//408 3581//408
f 3574//386 3572//386 3570//386
f 3570//386 3584//386 3582//386
f 3582//386 3580//386 3578//386
f 3578//386 3576//386 3574//386
f 3574//386 3570//386 3582//386
f 3582//405 3584//405 3583//405
f 3584//406 3570//406 3569//406
f 3583//385 3569//385 3571//385
f 3571//385 3573//385 3575//385
f 3575//385 3577//385 3579//385
f 3579//385 3581//385 3583//385
f 3583//385 3571//385 3575//385
f 3598//399 3600//399 3599//399
f 3600//407 3602//407 3601//407
f 3602//401 3604//401 3603//401
f 3604//402 3606//402 3605//402
f 3606//403 3608//403 3607//403
f 3608//408 3610//408 3609//408
f 3602//386 3600//386 3598//386
f 3598//386 3612//386 3610//386
f 3610//386 3608//386 3606//386
f 3606//386 3604//386 3602//386
f 3602//386 3598//386 3610//386
f 3610//405 3612//405 3611//405
f 3612//406 3598//406 3597//406
f 3611//385 3597//385 3599//385
f 3599//385 3601//385 3603//385
f 3603//385 3605//385 3607//385
f 3607//385 3609//385 3611//385
f 3611//385 3599//385 3603//385
f 3626//399 3628//399 3627//399
f 3628//407 3630//407 3629//407
f 3630//401 3632//401 3631//401
f 3632//402 3634//402 3633//402
f 3634//403 3636//403 3635//403
f 3636//408 3638//408 3637//408
f 3630//386 3628//386 3626//386
f 3626//386 3640//386 3638//386
f 3638//386 3636//386 3634//386
f 3634//386 3632//386 3630//386
f 3630//386 3626//386 3638//386
f 3638//405 3640//405 3639//405
f 3640//406 3626//406 3625//406
f 3639//385 3625//385 3627//385
f 3627//385 3629//385 3631//385
f 3631//385 3633//385 3635//385
f 3635//385 3637//385 3639//385
f 3639//385 3627//385 3631//385
f 3654//399 3656//399 3655//399
f 3656//407 3658//407 3657//407
f 3658//409 3660//409 3659//409
f 3660//402 3662//402 3661//402
f 3662//403 3664//403 3663//403
f 3664//408 3666//408 3665//408
f 3658//386 3656//386 3654//386
f 3654//386 3668//386 3666//386
f 3666//386 3664//386 3662//386
f 3662//386 3660//386 3658//386
f 3658//386 3654//386 3666//386
f 3666//410 3668//410 3667//410
f 3668//406 3654//406 3653//406
f 3667//385 3653//385 3655//385
f 3655//385 3657//385 3659//385
f 3659//385 3661//385 3663//385
f 3663//385 3665//385 3667//385
f 3667//385 3655//385 3659//385
f 3682//399 3684//399 3683//399
f 3684//407 3686//407 3685//407
f 3686//401 3688//401 3687//401
f 3688//402 3690//402 3689//402
f 3690//403 3692//403 3691//403
f 3692//408 3694//408 3693//408
f 3686//386 3684//386 3682//386
f 3682//386 3696//386 3694//386
f 3694//386 3692//386 3690//386
f 3690//386 3688//386 3686//386
f 3686//386 3682//386 3694//386
f 3694//405 3696//405 3695//405
f 3696//406 3682//406 3681//406
f 3695//385 3681//385 3683//385
f 3683//385 3685//385 3687//385
f 3687//385 3689//385 3691//385
f 3691//385 3693//385 3695//385
f 3695//385 3683//385 3687//385
f 3710//399 3712//399 3711//399
f 3712//407 3714//407 3713//407
f 3714//401 3716//401 3715//401
f 3716//402 3718//402 3717//402
f 3718//403 3720//403 3719//403
f 3720//408 3722//408 3721//408
f 3714//386 3712//386 3710//386
f 3710//386 3724//386 3722//386
f 3722//386 3720//386 3718//386
f 3718//386 3716//386 3714//386
f 3714//386 3710//386 3722//386
f 3722//405 3724//405 3723//405
f 3724//406 3710//406 3709//406
f 3723//385 3709//385 3711//385
f 3711//385 3713//385 3715//385
f 3715//385 3717//385 3719//385
f 3719//385 3721//385 3723//385
f 3723//385 3711//385 3715//385
f 3738//399 3740//399 3739//399
f 3740//407 3742//407 3741//407
f 3742//409 3744//409 3743//409
f 3744//402 3746//402 3745//402
f 3746//403 3748//403 3747//403
f 3748//408 3750//408 3749//408
f 3742//386 3740//386 3738//386
f 3738//386 3752//386 3750//386
f 3750//386 3748//386 3746//386
f 3746//386 3744//386 3742//386
f 3742//386 3738//386 3750//386
f 3750//405 3752//405 3751//405
f 3752//406 3738//406 3737//406
f 3751//385 3737//385 3739//385
f 3739//385 3741//385 3743//385
f 3743//385 3745//385 3747//385
f 3747//385 3749//385 3751//385
f 3751//385 3739//385 3743//385
f 3766//399 3768//399 3767//399
f 3768//407 3770//407 3769//407
f 3770//401 3772//401 3771//401
f 3772//402 3774//402 3773//402
f 3774//403 3776//403 3775//403
f 3776//408 3778//408 3777//408
f 3770//386 3768//386 3766//386
f 3766//386 3780//386 3778//386
f 3778//386 3776//386 3774//386
f 3774//386 3772//386 3770//386
f 3770//386 3766//386 3778//386
f 3778//405 3780//405 3779//405
f 3780//406 3766//406 3765//406
f 3779//385 3765//385 3767//385
f 3767//385 3769//385 3771//385
f 3771//385 3773//385 3775//385
f 3775//385 3777//385 3779//385
f 3779//385 3767//385 3771//385
f 3794//399 3796//399 3795//399
f 3796//400 3798//400 3797//400
f 3798//401 3800//401 3799//401
f 3800//402 3802//402 3801//402
f 3802//403 3804//403 3803//403
f 3804//408 3806//408 3805//408
f 3798//386 3796//386 3794//386
f 3794//386 3808//386 3806//386
f 3806//386 3804//386 3802//386
f 3802//386 3800//386 3798//386
f 3798//386 3794//386 3806//386
f 3806//405 3808//405 3807//405
f 3808//406 3794//406 3793//406
f 3807//385 3793//385 3795//385
f 3795//385 3797//385 3799//385
f 3799//385 3801//385 3803//385
f 3803//385 3805//385 3807//385
f 3807//385 3795//385 3799//385
f 3822//399 3824//399 3823//399
f 3824//400 3826//400 3825//400
f 3826//401 3828//401 3827//401
f 3828//402 3830//402 3829//402
f 3830//403 3832//403 3831//403
f 3832//408 3834//408 3833//408
f 3826//386 3824//386 3822//386
f 3822//386 3836//386 3834//386
f 3834//386 3832//386 3830//386
f 3830//386 3828//386 3826//386
f 3826//386 3822//386 3834//386
f 3834//405 3836//405 3835//405
f 3836//406 3822//406 3821//406
f 3835//385 3821//385 3823//385
f 3823//385 3825//385 3827//385
f 3827//385 3829//385 3831//385
f 3831//385 3833//385 3835//385
f 3835//385 3823//385 3827//385
