# Blender 5.2.2 LTS
# www.blender.org
mtllib gearbox.mtl
o gearbox
v 0.000000 0.280000 0.000000
v 0.200000 0.280000 -0.000000
v 0.000000 0.278652 -0.027445
v 0.200000 0.278652 -0.027445
v 0.000000 0.274620 -0.054625
v 0.200000 0.274620 -0.054625
v 0.000000 0.267943 -0.081280
v 0.200000 0.267943 -0.081280
v -0.000000 0.258686 -0.107151
v 0.200000 0.258686 -0.107151
v -0.000000 0.246938 -0.131991
v 0.200000 0.246938 -0.131991
v -0.000000 0.232811 -0.155560
v 0.200000 0.232811 -0.155560
v -0.000000 0.216443 -0.177630
v 0.200000 0.216443 -0.177630
v -0.000000 0.197990 -0.197990
v 0.200000 0.197990 -0.197990
v -0.000000 0.177630 -0.216443
v 0.200000 0.177630 -0.216443
v -0.000000 0.155560 -0.232811
v 0.200000 0.155560 -0.232811
v -0.000000 0.131991 -0.246938
v 0.200000 0.131991 -0.246938
v -0.000000 0.107151 -0.258686
v 0.200000 0.107151 -0.258686
v -0.000000 0.081280 -0.267943
v 0.200000 0.081280 -0.267943
v -0.000000 0.054625 -0.274620
v 0.200000 0.054625 -0.274620
v -0.000000 0.027445 -0.278652
v 0.200000 0.027445 -0.278652
v -0.000000 0.000000 -0.280000
v 0.200000 0.000000 -0.280000
v -0.000000 -0.027445 -0.278652
v 0.200000 -0.027445 -0.278652
v -0.000000 -0.054625 -0.274620
v 0.200000 -0.054625 -0.274620
v -0.000000 -0.081280 -0.267943
v 0.200000 -0.081280 -0.267943
v -0.000000 -0.107151 -0.258686
v 0.200000 -0.107151 -0.258686
v -0.000000 -0.131991 -0.246938
v 0.200000 -0.131991 -0.246938
v -0.000000 -0.155560 -0.232811
v 0.200000 -0.155560 -0.232811
v -0.000000 -0.177630 -0.216443
v 0.200000 -0.177630 -0.216443
v -0.000000 -0.197990 -0.197990
v 0.200000 -0.197990 -0.197990
v -0.000000 -0.216443 -0.177630
v 0.200000 -0.216443 -0.177630
v -0.000000 -0.232811 -0.155560
v 0.200000 -0.232811 -0.155560
v -0.000000 -0.246938 -0.131991
v 0.200000 -0.246938 -0.131991
v -0.000000 -0.258686 -0.107151
v 0.200000 -0.258686 -0.107151
v 0.000000 -0.267943 -0.081280
v 0.200000 -0.267943 -0.081280
v 0.000000 -0.274620 -0.054625
v 0.200000 -0.274620 -0.054625
v 0.000000 -0.278652 -0.027445
v 0.200000 -0.278652 -0.027445
v 0.000000 -0.280000 0.000000
v 0.200000 -0.280000 -0.000000
v 0.000000 -0.278652 0.027445
v 0.200000 -0.278652 0.027445
v 0.000000 -0.274620 0.054625
v 0.200000 -0.274620 0.054625
v 0.000000 -0.267943 0.081280
v 0.200000 -0.267943 0.081280
v 0.000000 -0.258686 0.107151
v 0.200000 -0.258686 0.107151
v 0.000000 -0.246938 0.131991
v 0.200000 -0.246938 0.131991
v 0.000000 -0.232811 0.155560
v 0.200000 -0.232811 0.155560
v 0.000000 -0.216443 0.177630
v 0.200000 -0.216443 0.177630
v 0.000000 -0.197990 0.197990
v 0.200000 -0.197990 0.197990
v 0.000000 -0.177630 0.216443
v 0.200000 -0.177630 0.216443
v 0.000000 -0.155560 0.232811
v 0.200000 -0.155560 0.232811
v 0.000000 -0.131991 0.246938
v 0.200000 -0.131991 0.246938
v 0.000000 -0.107151 0.258686
v 0.200000 -0.107151 0.258686
v 0.000000 -0.081280 0.267943
v 0.200000 -0.081280 0.267943
v 0.000000 -0.054625 0.274620
v 0.200000 -0.054625 0.274620
v 0.000000 -0.027445 0.278652
v 0.200000 -0.027445 0.278652
v 0.000000 0.000000 0.280000
v 0.200000 0.000000 0.280000
v 0.000000 0.027445 0.278652
v 0.200000 0.027445 0.278652
v 0.000000 0.054625 0.274620
v 0.200000 0.054625 0.274620
v 0.000000 0.081280 0.267943
v 0.200000 0.081280 0.267943
v 0.000000 0.107151 0.258686
v 0.200000 0.107151 0.258686
v 0.000000 0.131991 0.246938
v 0.200000 0.131991 0.246938
v 0.000000 0.155560 0.232811
v 0.200000 0.155560 0.232811
v 0.000000 0.177630 0.216443
v 0.200000 0.177630 0.216443
v 0.000000 0.197990 0.197990
v 0.200000 0.197990 0.197990
v 0.000000 0.216443 0.177630
v 0.200000 0.216443 0.177630
v 0.000000 0.232811 0.155560
v 0.200000 0.232811 0.155560
v 0.000000 0.246938 0.131991
v 0.200000 0.246938 0.131991
v 0.000000 0.258686 0.107151
v 0.200000 0.258686 0.107151
v 0.000000 0.267943 0.081280
v 0.200000 0.267943 0.081280
v 0.000000 0.274620 0.054625
v 0.200000 0.274620 0.054625
v 0.000000 0.278652 0.027445
v 0.200000 0.278652 0.027445
v -0.150000 0.800000 0.000000
v -0.000000 0.800000 -0.000000
v -0.150000 0.796148 -0.078414
v -0.000000 0.796148 -0.078414
v -0.150000 0.784628 -0.156072
v -0.000000 0.784628 -0.156072
v -0.150000 0.765552 -0.232228
v -0.000000 0.765552 -0.232228
v -0.150000 0.739104 -0.306147
v -0.000000 0.739104 -0.306147
v -0.150000 0.705537 -0.377117
v -0.000000 0.705537 -0.377117
v -0.150000 0.665176 -0.444456
v -0.000000 0.665176 -0.444456
v -0.150000 0.618408 -0.507515
v -0.000000 0.618408 -0.507515
v -0.150000 0.565685 -0.565685
v -0.000000 0.565685 -0.565685
v -0.150000 0.507515 -0.618408
v -0.000000 0.507515 -0.618408
v -0.150000 0.444456 -0.665176
v -0.000000 0.444456 -0.665176
v -0.150000 0.377117 -0.705537
v -0.000000 0.377117 -0.705537
v -0.150000 0.306147 -0.739104
v -0.000000 0.306147 -0.739104
v -0.150000 0.232228 -0.765552
v -0.000000 0.232228 -0.765552
v -0.150000 0.156072 -0.784628
v -0.000000 0.156072 -0.784628
v -0.150000 0.078414 -0.796148
v -0.000000 0.078414 -0.796148
v -0.150000 0.000000 -0.800000
v -0.000000 0.000000 -0.800000
v -0.150000 -0.078414 -0.796148
v -0.000000 -0.078414 -0.796148
v -0.150000 -0.156072 -0.784628
v -0.000000 -0.156072 -0.784628
v -0.150000 -0.232228 -0.765552
v -0.000000 -0.232228 -0.765552
v -0.150000 -0.306147 -0.739104
v -0.000000 -0.306147 -0.739104
v -0.150000 -0.377117 -0.705537
v -0.000000 -0.377117 -0.705537
v -0.150000 -0.444456 -0.665176
v -0.000000 -0.444456 -0.665176
v -0.150000 -0.507515 -0.618408
v -0.000000 -0.507515 -0.618408
v -0.150000 -0.565685 -0.565685
v -0.000000 -0.565685 -0.565685
v -0.150000 -0.618408 -0.507515
v -0.000000 -0.618408 -0.507515
v -0.150000 -0.665176 -0.444456
v -0.000000 -0.665176 -0.444456
v -0.150000 -0.705537 -0.377117
v -0.000000 -0.705537 -0.377117
v -0.150000 -0.739104 -0.306147
v -0.000000 -0.739104 -0.306147
v -0.150000 -0.765552 -0.232228
v -0.000000 -0.765552 -0.232228
v -0.150000 -0.784628 -0.156072
v -0.000000 -0.784628 -0.156072
v -0.150000 -0.796148 -0.078414
v -0.000000 -0.796148 -0.078414
v -0.150000 -0.800000 0.000000
v -0.000000 -0.800000 -0.000000
v -0.150000 -0.796148 0.078414
v -0.000000 -0.796148 0.078414
v -0.150000 -0.784628 0.156072
v 0.000000 -0.784628 0.156072
v -0.150000 -0.765552 0.232228
v 0.000000 -0.765552 0.232228
v -0.150000 -0.739104 0.306147
v 0.000000 -0.739104 0.306147
v -0.150000 -0.705537 0.377117
v 0.000000 -0.705537 0.377117
v -0.150000 -0.665176 0.444456
v 0.000000 -0.665176 0.444456
v -0.150000 -0.618408 0.507515
v 0.000000 -0.618408 0.507515
v -0.150000 -0.565685 0.565685
v 0.000000 -0.565685 0.565685
v -0.150000 -0.507515 0.618408
v 0.000000 -0.507515 0.618408
v -0.150000 -0.444456 0.665176
v 0.000000 -0.444456 0.665176
v -0.150000 -0.377117 0.705537
v 0.000000 -0.377117 0.705537
v -0.150000 -0.306147 0.739104
v 0.000000 -0.306147 0.739104
v -0.150000 -0.232228 0.765552
v 0.000000 -0.232228 0.765552
v -0.150000 -0.156072 0.784628
v 0.000000 -0.156072 0.784628
v -0.150000 -0.078414 0.796148
v 0.000000 -0.078414 0.796148
v -0.150000 0.000000 0.800000
v 0.000000 0.000000 0.800000
v -0.150000 0.078414 0.796148
v 0.000000 0.078414 0.796148
v -0.150000 0.156072 0.784628
v 0.000000 0.156072 0.784628
v -0.150000 0.232228 0.765552
v 0.000000 0.232228 0.765552
v -0.150000 0.306147 0.739104
v 0.000000 0.306147 0.739104
v -0.150000 0.377117 0.705537
v 0.000000 0.377117 0.705537
v -0.150000 0.444456 0.665176
v 0.000000 0.444456 0.665176
v -0.150000 0.507515 0.618408
v 0.000000 0.507515 0.618408
v -0.150000 0.565685 0.565685
v 0.000000 0.565685 0.565685
v -0.150000 0.618408 0.507515
v 0.000000 0.618408 0.507515
v -0.150000 0.665176 0.444456
v 0.000000 0.665176 0.444456
v -0.150000 0.705537 0.377117
v 0.000000 0.705537 0.377117
v -0.150000 0.739104 0.306147
v 0.000000 0.739104 0.306147
v -0.150000 0.765552 0.232228
v 0.000000 0.765552 0.232228
v -0.150000 0.784628 0.156072
v 0.000000 0.784628 0.156072
v -0.150000 0.796148 0.078414
v -0.000000 0.796148 0.078414
v -1.200000 0.950000 0.000000
v -0.150000 0.950000 -0.000000
v -1.200000 0.945425 -0.093116
v -0.150000 0.945425 -0.093116
v -1.200000 0.931746 -0.185336
v -0.150000 0.931746 -0.185336
v -1.200000 0.909093 -0.275770
v -0.150000 0.909093 -0.275770
v -1.200000 0.877686 -0.363549
v -0.150000 0.877686 -0.363549
v -1.200000 0.837825 -0.447827
v -0.150000 0.837825 -0.447827
v -1.200000 0.789896 -0.527792
v -0.150000 0.789896 -0.527792
v -1.200000 0.734360 -0.602674
v -0.150000 0.734360 -0.602674
v -1.200000 0.671751 -0.671751
v -0.150000 0.671751 -0.671751
v -1.200000 0.602674 -0.734360
v -0.150000 0.602674 -0.734360
v -1.200000 0.527792 -0.789896
v -0.150000 0.527792 -0.789896
v -1.200000 0.447827 -0.837825
v -0.150000 0.447827 -0.837825
v -1.200000 0.363549 -0.877686
v -0.150000 0.363549 -0.877686
v -1.200000 0.275770 -0.909093
v -0.150000 0.275770 -0.909093
v -1.200000 0.185336 -0.931746
v -0.150000 0.185336 -0.931746
v -1.200000 0.093116 -0.945425
v -0.150000 0.093116 -0.945426
v -1.200000 0.000000 -0.950000
v -0.150000 0.000000 -0.950000
v -1.200000 -0.093116 -0.945425
v -0.150000 -0.093116 -0.945426
v -1.200000 -0.185336 -0.931746
v -0.150000 -0.185336 -0.931746
v -1.200000 -0.275770 -0.909093
v -0.150000 -0.275770 -0.909093
v -1.200000 -0.363549 -0.877686
v -0.150000 -0.363549 -0.877686
v -1.200000 -0.447827 -0.837825
v -0.150000 -0.447827 -0.837825
v -1.200000 -0.527792 -0.789896
v -0.150000 -0.527792 -0.789896
v -1.200000 -0.602674 -0.734360
v -0.150000 -0.602674 -0.734360
v -1.200000 -0.671751 -0.671751
v -0.150000 -0.671751 -0.671751
v -1.200000 -0.734360 -0.602674
v -0.150000 -0.734360 -0.602674
v -1.200000 -0.789896 -0.527792
v -0.150000 -0.789896 -0.527792
v -1.200000 -0.837825 -0.447827
v -0.150000 -0.837825 -0.447827
v -1.200000 -0.877686 -0.363549
v -0.150000 -0.877686 -0.363549
v -1.200000 -0.909093 -0.275770
v -0.150000 -0.909093 -0.275770
v -1.200000 -0.931746 -0.185336
v -0.150000 -0.931746 -0.185336
v -1.200000 -0.945425 -0.093116
v -0.150000 -0.945425 -0.093116
v -1.200000 -0.950000 0.000000
v -0.150000 -0.950000 -0.000000
v -1.200000 -0.945425 0.093116
v -0.150000 -0.945425 0.093116
v -1.200000 -0.931746 0.185336
v -0.150000 -0.931746 0.185336
v -1.200000 -0.909093 0.275770
v -0.150000 -0.909093 0.275770
v -1.200000 -0.877686 0.363549
v -0.150000 -0.877686 0.363549
v -1.200000 -0.837825 0.447827
v -0.150000 -0.837825 0.447827
v -1.200000 -0.789896 0.527792
v -0.150000 -0.789896 0.527792
v -1.200000 -0.734360 0.602674
v -0.150000 -0.734360 0.602674
v -1.200000 -0.671751 0.671751
v -0.150000 -0.671751 0.671751
v -1.200000 -0.602674 0.734360
v -0.150000 -0.602674 0.734360
v -1.200000 -0.527792 0.789896
v -0.150000 -0.527792 0.789896
v -1.200000 -0.447827 0.837825
v -0.150000 -0.447827 0.837825
v -1.200000 -0.363549 0.877686
v -0.150000 -0.363549 0.877685
v -1.200000 -0.275770 0.909093
v -0.150000 -0.275770 0.909093
v -1.200000 -0.185336 0.931746
v -0.150000 -0.185336 0.931746
v -1.200000 -0.093116 0.945425
v -0.150000 -0.093116 0.945425
v -1.200000 0.000000 0.950000
v -0.150000 0.000000 0.950000
v -1.200000 0.093116 0.945425
v -0.150000 0.093116 0.945425
v -1.200000 0.185336 0.931746
v -0.150000 0.185336 0.931746
v -1.200000 0.275770 0.909093
v -0.150000 0.275770 0.909093
v -1.200000 0.363549 0.877686
v -0.150000 0.363549 0.877685
v -1.200000 0.447827 0.837825
v -0.150000 0.447827 0.837825
v -1.200000 0.527792 0.789896
v -0.150000 0.527792 0.789896
v -1.200000 0.602674 0.734360
v -0.150000 0.602674 0.734360
v -1.200000 0.671751 0.671751
v -0.150000 0.671751 0.671751
v -1.200000 0.734360 0.602674
v -0.150000 0.734360 0.602674
v -1.200000 0.789896 0.527792
v -0.150000 0.789896 0.527792
v -1.200000 0.837825 0.447827
v -0.150000 0.837825 0.447827
v -1.200000 0.877686 0.363549
v -0.150000 0.877686 0.363549
v -1.200000 0.909093 0.275770
v -0.150000 0.909093 0.275770
v -1.200000 0.931746 0.185336
v -0.150000 0.931746 0.185336
v -1.200000 0.945425 0.093116
v -0.150000 0.945425 0.093116
v -0.330000 0.980000 0.000000
v -0.270000 0.980000 -0.000000
v -0.330000 0.975281 -0.096057
v -0.270000 0.975281 -0.096057
v -0.330000 0.961170 -0.191189
v -0.270000 0.961170 -0.191189
v -0.330000 0.937802 -0.284479
v -0.270000 0.937802 -0.284479
v -0.330000 0.905402 -0.375030
v -0.270000 0.905402 -0.375030
v -0.330000 0.864283 -0.461969
v -0.270000 0.864283 -0.461969
v -0.330000 0.814840 -0.544459
v -0.270000 0.814840 -0.544459
v -0.330000 0.757550 -0.621705
v -0.270000 0.757550 -0.621705
v -0.330000 0.692965 -0.692965
v -0.270000 0.692965 -0.692965
v -0.330000 0.621705 -0.757550
v -0.270000 0.621705 -0.757550
v -0.330000 0.544459 -0.814840
v -0.270000 0.544459 -0.814840
v -0.330000 0.461969 -0.864283
v -0.270000 0.461969 -0.864283
v -0.330000 0.375030 -0.905402
v -0.270000 0.375030 -0.905402
v -0.330000 0.284479 -0.937802
v -0.270000 0.284479 -0.937802
v -0.330000 0.191189 -0.961170
v -0.270000 0.191189 -0.961170
v -0.330000 0.096057 -0.975281
v -0.270000 0.096057 -0.975281
v -0.330000 0.000000 -0.980000
v -0.270000 0.000000 -0.980000
v -0.330000 -0.096057 -0.975281
v -0.270000 -0.096057 -0.975281
v -0.330000 -0.191189 -0.961170
v -0.270000 -0.191189 -0.961170
v -0.330000 -0.284479 -0.937802
v -0.270000 -0.284479 -0.937802
v -0.330000 -0.375030 -0.905402
v -0.270000 -0.375030 -0.905402
v -0.330000 -0.461969 -0.864283
v -0.270000 -0.461969 -0.864283
v -0.330000 -0.544459 -0.814840
v -0.270000 -0.544459 -0.814840
v -0.330000 -0.621705 -0.757550
v -0.270000 -0.621705 -0.757550
v -0.330000 -0.692965 -0.692965
v -0.270000 -0.692965 -0.692965
v -0.330000 -0.757550 -0.621705
v -0.270000 -0.757550 -0.621705
v -0.330000 -0.814840 -0.544459
v -0.270000 -0.814840 -0.544459
v -0.330000 -0.864283 -0.461969
v -0.270000 -0.864283 -0.461969
v -0.330000 -0.905402 -0.375030
v -0.270000 -0.905402 -0.375030
v -0.330000 -0.937802 -0.284479
v -0.270000 -0.937802 -0.284479
v -0.330000 -0.961170 -0.191189
v -0.270000 -0.961170 -0.191189
v -0.330000 -0.975281 -0.096057
v -0.270000 -0.975281 -0.096057
v -0.330000 -0.980000 0.000000
v -0.270000 -0.980000 -0.000000
v -0.330000 -0.975281 0.096057
v -0.270000 -0.975281 0.096057
v -0.330000 -0.961170 0.191189
v -0.270000 -0.961170 0.191189
v -0.330000 -0.937802 0.284479
v -0.270000 -0.937802 0.284479
v -0.330000 -0.905402 0.375030
v -0.270000 -0.905402 0.375030
v -0.330000 -0.864283 0.461969
v -0.270000 -0.864283 0.461969
v -0.330000 -0.814840 0.544459
v -0.270000 -0.814840 0.544459
v -0.330000 -0.757550 0.621705
v -0.270000 -0.757550 0.621705
v -0.330000 -0.692965 0.692965
v -0.270000 -0.692965 0.692965
v -0.330000 -0.621705 0.757550
v -0.270000 -0.621705 0.757550
v -0.330000 -0.544459 0.814840
v -0.270000 -0.544459 0.814840
v -0.330000 -0.461969 0.864283
v -0.270000 -0.461969 0.864283
v -0.330000 -0.375030 0.905402
v -0.270000 -0.375030 0.905402
v -0.330000 -0.284479 0.937802
v -0.270000 -0.284479 0.937802
v -0.330000 -0.191189 0.961170
v -0.270000 -0.191189 0.961170
v -0.330000 -0.096057 0.975281
v -0.270000 -0.096057 0.975281
v -0.330000 0.000000 0.980000
v -0.270000 0.000000 0.980000
v -0.330000 0.096057 0.975281
v -0.270000 0.096057 0.975281
v -0.330000 0.191189 0.961170
v -0.270000 0.191189 0.961170
v -0.330000 0.284479 0.937802
v -0.270000 0.284479 0.937802
v -0.330000 0.375030 0.905402
v -0.270000 0.375030 0.905402
v -0.330000 0.461969 0.864283
v -0.270000 0.461969 0.864283
v -0.330000 0.544459 0.814840
v -0.270000 0.544459 0.814840
v -0.330000 0.621705 0.757550
v -0.270000 0.621705 0.757550
v -0.330000 0.692965 0.692965
v -0.270000 0.692965 0.692965
v -0.330000 0.757550 0.621705
v -0.270000 0.757550 0.621705
v -0.330000 0.814840 0.544459
v -0.270000 0.814840 0.544459
v -0.330000 0.864283 0.461969
v -0.270000 0.864283 0.461969
v -0.330000 0.905402 0.375030
v -0.270000 0.905402 0.375030
v -0.330000 0.937802 0.284479
v -0.270000 0.937802 0.284479
v -0.330000 0.961170 0.191189
v -0.270000 0.961170 0.191189
v -0.330000 0.975281 0.096057
v -0.270000 0.975281 0.096057
v -1.080000 0.980000 0.000000
v -1.020000 0.980000 -0.000000
v -1.080000 0.975281 -0.096057
v -1.020000 0.975281 -0.096057
v -1.080000 0.961170 -0.191189
v -1.020000 0.961170 -0.191189
v -1.080000 0.937802 -0.284479
v -1.020000 0.937802 -0.284479
v -1.080000 0.905402 -0.375030
v -1.020000 0.905402 -0.375030
v -1.080000 0.864283 -0.461969
v -1.020000 0.864283 -0.461969
v -1.080000 0.814840 -0.544459
v -1.020000 0.814840 -0.544459
v -1.080000 0.757550 -0.621705
v -1.020000 0.757550 -0.621705
v -1.080000 0.692965 -0.692965
v -1.020000 0.692965 -0.692965
v -1.080000 0.621705 -0.757550
v -1.020000 0.621705 -0.757550
v -1.080000 0.544459 -0.814840
v -1.020000 0.544459 -0.814840
v -1.080000 0.461969 -0.864283
v -1.020000 0.461969 -0.864283
v -1.080000 0.375030 -0.905402
v -1.020000 0.375030 -0.905402
v -1.080000 0.284479 -0.937802
v -1.020000 0.284479 -0.937802
v -1.080000 0.191189 -0.961170
v -1.020000 0.191189 -0.961170
v -1.080000 0.096057 -0.975281
v -1.020000 0.096057 -0.975281
v -1.080000 0.000000 -0.980000
v -1.020000 0.000000 -0.980000
v -1.080000 -0.096057 -0.975281
v -1.020000 -0.096057 -0.975281
v -1.080000 -0.191189 -0.961170
v -1.020000 -0.191189 -0.961170
v -1.080000 -0.284479 -0.937802
v -1.020000 -0.284479 -0.937802
v -1.080000 -0.375030 -0.905402
v -1.020000 -0.375030 -0.905402
v -1.080000 -0.461969 -0.864283
v -1.020000 -0.461969 -0.864283
v -1.080000 -0.544459 -0.814840
v -1.020000 -0.544459 -0.814840
v -1.080000 -0.621705 -0.757550
v -1.020000 -0.621705 -0.757550
v -1.080000 -0.692965 -0.692965
v -1.020000 -0.692965 -0.692965
v -1.080000 -0.757550 -0.621705
v -1.020000 -0.757550 -0.621705
v -1.080000 -0.814840 -0.544459
v -1.020000 -0.814840 -0.544459
v -1.080000 -0.864283 -0.461969
v -1.020000 -0.864283 -0.461969
v -1.080000 -0.905402 -0.375030
v -1.020000 -0.905402 -0.375030
v -1.080000 -0.937802 -0.284479
v -1.020000 -0.937802 -0.284479
v -1.080000 -0.961170 -0.191189
v -1.020000 -0.961170 -0.191189
v -1.080000 -0.975281 -0.096057
v -1.020000 -0.975281 -0.096057
v -1.080000 -0.980000 0.000000
v -1.020000 -0.980000 -0.000000
v -1.080000 -0.975281 0.096057
v -1.020000 -0.975281 0.096057
v -1.080000 -0.961170 0.191189
v -1.020000 -0.961170 0.191189
v -1.080000 -0.937802 0.284479
v -1.020000 -0.937802 0.284479
v -1.080000 -0.905402 0.375030
v -1.020000 -0.905402 0.375030
v -1.080000 -0.864283 0.461969
v -1.020000 -0.864283 0.461969
v -1.080000 -0.814840 0.544459
v -1.020000 -0.814840 0.544459
v -1.080000 -0.757550 0.621705
v -1.020000 -0.757550 0.621705
v -1.080000 -0.692965 0.692965
v -1.020000 -0.692965 0.692965
v -1.080000 -0.621705 0.757550
v -1.020000 -0.621705 0.757550
v -1.080000 -0.544459 0.814840
v -1.020000 -0.544459 0.814840
v -1.080000 -0.461969 0.864283
v -1.020000 -0.461969 0.864283
v -1.080000 -0.375030 0.905402
v -1.020000 -0.375030 0.905402
v -1.080000 -0.284479 0.937802
v -1.020000 -0.284479 0.937802
v -1.080000 -0.191189 0.961170
v -1.020000 -0.191189 0.961170
v -1.080000 -0.096057 0.975281
v -1.020000 -0.096057 0.975281
v -1.080000 0.000000 0.980000
v -1.020000 0.000000 0.980000
v -1.080000 0.096057 0.975281
v -1.020000 0.096057 0.975281
v -1.080000 0.191189 0.961170
v -1.020000 0.191189 0.961170
v -1.080000 0.284479 0.937802
v -1.020000 0.284479 0.937802
v -1.080000 0.375030 0.905402
v -1.020000 0.375030 0.905402
v -1.080000 0.461969 0.864283
v -1.020000 0.461969 0.864283
v -1.080000 0.544459 0.814840
v -1.020000 0.544459 0.814840
v -1.080000 0.621705 0.757550
v -1.020000 0.621705 0.757550
v -1.080000 0.692965 0.692965
v -1.020000 0.692965 0.692965
v -1.080000 0.757550 0.621705
v -1.020000 0.757550 0.621705
v -1.080000 0.814840 0.544459
v -1.020000 0.814840 0.544459
v -1.080000 0.864283 0.461969
v -1.020000 0.864283 0.461969
v -1.080000 0.905402 0.375030
v -1.020000 0.905402 0.375030
v -1.080000 0.937802 0.284479
v -1.020000 0.937802 0.284479
v -1.080000 0.961170 0.191189
v -1.020000 0.961170 0.191189
v -1.080000 0.975281 0.096057
v -1.020000 0.975281 0.096057
v -2.180000 -0.580000 -0.800000
v -2.180000 -0.700000 -0.680000
v -2.300000 -0.580000 -0.680000
v -2.180000 -0.639921 -0.783968
v -2.239921 -0.580000 -0.783968
v -2.237386 -0.637385 -0.768396
v -2.239921 -0.683968 -0.680000
v -2.180000 -0.683968 -0.739921
v -2.237386 -0.668396 -0.737385
v -2.283968 -0.580000 -0.739921
v -2.283968 -0.639921 -0.680000
v -2.268396 -0.637385 -0.737385
v -2.180000 -0.700000 0.680000
v -2.180000 -0.580000 0.800000
v -2.300000 -0.580000 0.680000
v -2.180000 -0.683968 0.739921
v -2.239921 -0.683968 0.680000
v -2.237386 -0.668396 0.737386
v -2.239922 -0.580000 0.783969
v -2.180000 -0.639921 0.783969
v -2.237386 -0.637385 0.768396
v -2.283968 -0.639921 0.680000
v -2.283969 -0.580000 0.739921
v -2.268396 -0.637385 0.737386
v -2.180000 0.580000 -0.800000
v -2.300000 0.580000 -0.680000
v -2.180000 0.700000 -0.680000
v -2.239921 0.580000 -0.783968
v -2.180000 0.639921 -0.783968
v -2.237386 0.637385 -0.768396
v -2.283968 0.639921 -0.680000
v -2.283968 0.580000 -0.739921
v -2.268396 0.637385 -0.737385
v -2.180000 0.683968 -0.739921
v -2.239921 0.683968 -0.680000
v -2.237386 0.668396 -0.737385
v -2.180000 0.580000 0.800000
v -2.180000 0.700000 0.680000
v -2.300000 0.580000 0.680000
v -2.180000 0.639921 0.783969
v -2.239922 0.580000 0.783969
v -2.237386 0.637385 0.768396
v -2.239921 0.683968 0.680000
v -2.180000 0.683968 0.739921
v -2.237386 0.668396 0.737386
v -2.283969 0.580000 0.739921
v -2.283968 0.639921 0.680000
v -2.268396 0.637385 0.737386
v -1.270000 -0.580000 -0.800000
v -1.150000 -0.580000 -0.680000
v -1.270000 -0.700000 -0.680000
v -1.210079 -0.580000 -0.783969
v -1.270000 -0.639921 -0.783969
v -1.212615 -0.637385 -0.768396
v -1.166032 -0.639921 -0.680000
v -1.166031 -0.580000 -0.739921
v -1.181604 -0.637385 -0.737385
v -1.270000 -0.683968 -0.739921
v -1.210079 -0.683968 -0.680000
v -1.212615 -0.668396 -0.737385
v -1.270000 -0.580000 0.800000
v -1.270000 -0.700000 0.680000
v -1.150000 -0.580000 0.680000
v -1.270000 -0.639921 0.783969
v -1.210079 -0.580000 0.783969
v -1.212615 -0.637385 0.768396
v -1.210079 -0.683968 0.680000
v -1.270000 -0.683968 0.739921
v -1.212615 -0.668396 0.737385
v -1.166032 -0.580000 0.739921
v -1.166032 -0.639921 0.680000
v -1.181604 -0.637385 0.737385
v -1.270000 0.580000 -0.800000
v -1.270000 0.700000 -0.680000
v -1.150000 0.580000 -0.680000
v -1.270000 0.639921 -0.783969
v -1.210079 0.580000 -0.783969
v -1.212615 0.637385 -0.768396
v -1.210079 0.683968 -0.680000
v -1.270000 0.683968 -0.739921
v -1.212615 0.668396 -0.737385
v -1.166031 0.580000 -0.739921
v -1.166032 0.639921 -0.680000
v -1.181604 0.637385 -0.737385
v -1.270000 0.580000 0.800000
v -1.150000 0.580000 0.680000
v -1.270000 0.700000 0.680000
v -1.210079 0.580000 0.783969
v -1.270000 0.639921 0.783969
v -1.212615 0.637385 0.768396
v -1.166032 0.639921 0.680000
v -1.166032 0.580000 0.739921
v -1.181604 0.637385 0.737385
v -1.270000 0.683968 0.739921
v -1.210079 0.683968 0.680000
v -1.212615 0.668396 0.737385
v -2.500000 0.100000 0.300000
v -2.300000 0.100000 0.300000
v -2.500000 0.099518 0.290198
v -2.300000 0.099518 0.290198
v -2.500000 0.098079 0.280491
v -2.300000 0.098079 0.280491
v -2.500000 0.095694 0.270972
v -2.300000 0.095694 0.270972
v -2.500000 0.092388 0.261732
v -2.300000 0.092388 0.261732
v -2.500000 0.088192 0.252860
v -2.300000 0.088192 0.252860
v -2.500000 0.083147 0.244443
v -2.300000 0.083147 0.244443
v -2.500000 0.077301 0.236561
v -2.300000 0.077301 0.236561
v -2.500000 0.070711 0.229289
v -2.300000 0.070711 0.229289
v -2.500000 0.063439 0.222699
v -2.300000 0.063439 0.222699
v -2.500000 0.055557 0.216853
v -2.300000 0.055557 0.216853
v -2.500000 0.047140 0.211808
v -2.300000 0.047140 0.211808
v -2.500000 0.038268 0.207612
v -2.300000 0.038268 0.207612
v -2.500000 0.029028 0.204306
v -2.300000 0.029028 0.204306
v -2.500000 0.019509 0.201921
v -2.300000 0.019509 0.201921
v -2.500000 0.009802 0.200482
v -2.300000 0.009802 0.200482
v -2.500000 0.000000 0.200000
v -2.300000 0.000000 0.200000
v -2.500000 -0.009802 0.200482
v -2.300000 -0.009802 0.200482
v -2.500000 -0.019509 0.201921
v -2.300000 -0.019509 0.201921
v -2.500000 -0.029028 0.204306
v -2.300000 -0.029028 0.204306
v -2.500000 -0.038268 0.207612
v -2.300000 -0.038268 0.207612
v -2.500000 -0.047140 0.211808
v -2.300000 -0.047140 0.211808
v -2.500000 -0.055557 0.216853
v -2.300000 -0.055557 0.216853
v -2.500000 -0.063439 0.222699
v -2.300000 -0.063439 0.222699
v -2.500000 -0.070711 0.229289
v -2.300000 -0.070711 0.229289
v -2.500000 -0.077301 0.236561
v -2.300000 -0.077301 0.236561
v -2.500000 -0.083147 0.244443
v -2.300000 -0.083147 0.244443
v -2.500000 -0.088192 0.252860
v -2.300000 -0.088192 0.252860
v -2.500000 -0.092388 0.261732
v -2.300000 -0.092388 0.261732
v -2.500000 -0.095694 0.270972
v -2.300000 -0.095694 0.270972
v -2.500000 -0.098079 0.280491
v -2.300000 -0.098079 0.280491
v -2.500000 -0.099518 0.290198
v -2.300000 -0.099518 0.290198
v -2.500000 -0.100000 0.300000
v -2.300000 -0.100000 0.300000
v -2.500000 -0.099518 0.309802
v -2.300000 -0.099518 0.309802
v -2.500000 -0.098079 0.319509
v -2.300000 -0.098079 0.319509
v -2.500000 -0.095694 0.329028
v -2.300000 -0.095694 0.329028
v -2.500000 -0.092388 0.338268
v -2.300000 -0.092388 0.338268
v -2.500000 -0.088192 0.347140
v -2.300000 -0.088192 0.347140
v -2.500000 -0.083147 0.355557
v -2.300000 -0.083147 0.355557
v -2.500000 -0.077301 0.363439
v -2.300000 -0.077301 0.363439
v -2.500000 -0.070711 0.370711
v -2.300000 -0.070711 0.370711
v -2.500000 -0.063439 0.377301
v -2.300000 -0.063439 0.377301
v -2.500000 -0.055557 0.383147
v -2.300000 -0.055557 0.383147
v -2.500000 -0.047140 0.388192
v -2.300000 -0.047140 0.388192
v -2.500000 -0.038268 0.392388
v -2.300000 -0.038268 0.392388
v -2.500000 -0.029028 0.395694
v -2.300000 -0.029028 0.395694
v -2.500000 -0.019509 0.398079
v -2.300000 -0.019509 0.398079
v -2.500000 -0.009802 0.399518
v -2.300000 -0.009802 0.399518
v -2.500000 0.000000 0.400000
v -2.300000 0.000000 0.400000
v -2.500000 0.009802 0.399518
v -2.300000 0.009802 0.399518
v -2.500000 0.019509 0.398079
v -2.300000 0.019509 0.398079
v -2.500000 0.029028 0.395694
v -2.300000 0.029028 0.395694
v -2.500000 0.038268 0.392388
v -2.300000 0.038268 0.392388
v -2.500000 0.047140 0.388192
v -2.300000 0.047140 0.388192
v -2.500000 0.055557 0.383147
v -2.300000 0.055557 0.383147
v -2.500000 0.063439 0.377301
v -2.300000 0.063439 0.377301
v -2.500000 0.070711 0.370711
v -2.300000 0.070711 0.370711
v -2.500000 0.077301 0.363439
v -2.300000 0.077301 0.363439
v -2.500000 0.083147 0.355557
v -2.300000 0.083147 0.355557
v -2.500000 0.088192 0.347140
v -2.300000 0.088192 0.347140
v -2.500000 0.092388 0.338268
v -2.300000 0.092388 0.338268
v -2.500000 0.095694 0.329028
v -2.300000 0.095694 0.329028
v -2.500000 0.098079 0.319509
v -2.300000 0.098079 0.319509
v -2.500000 0.099518 0.309802
v -2.300000 0.099518 0.309802
v -0.950000 -1.320000 -0.300000
v -0.950000 -1.320000 0.200000
v -0.950000 -0.700000 -0.300000
v -0.950000 -0.700000 0.200000
v -0.450000 -1.320000 -0.300000
v -0.450000 -1.320000 0.200000
v -0.450000 -0.700000 -0.300000
v -0.450000 -0.700000 0.200000
v -0.950000 -1.260000 -0.050000
v -0.950000 -1.257310 -0.077313
v -0.950000 -1.259326 -0.063722
v -0.950000 -1.259326 -0.036278
v -0.950000 -1.257310 -0.022687
v -0.950000 -1.253972 -0.009360
v -0.950000 -1.249343 -0.103576
v -0.950000 -1.253972 -0.090640
v -0.950000 -1.249343 0.003576
v -0.950000 -1.243469 -0.115996
v -0.950000 -1.228221 -0.138815
v -0.950000 -1.228221 0.038815
v -0.950000 -1.236406 -0.127780
v -0.950000 -1.236406 0.027780
v -0.950000 -1.197780 -0.166406
v -0.950000 -1.197780 0.066406
v -0.950000 -1.208815 -0.158221
v -0.950000 -1.208815 0.058221
v -0.950000 -1.218995 -0.148995
v -0.950000 -1.218995 0.048995
v -0.950000 -1.243469 0.015996
v -0.950000 -1.160640 0.083972
v -0.950000 -1.173576 -0.179343
v -0.950000 -1.173576 0.079343
v -0.950000 -1.133722 0.089326
v -0.950000 -1.120000 0.090000
v -0.950000 -1.092687 0.087310
v -0.950000 -1.079360 0.083972
v -0.950000 -1.106278 0.089326
v -0.950000 -1.147313 0.087310
v -0.950000 -1.042220 0.066406
v -0.950000 -1.054004 0.073469
v -0.950000 -1.011779 0.038815
v -0.950000 -1.021005 0.048995
v -0.950000 -1.031185 0.058221
v -0.950000 -0.990657 0.003576
v -0.950000 -0.996531 0.015996
v -0.950000 -0.982690 -0.022687
v -0.950000 -0.986028 -0.009360
v -0.950000 -1.003594 0.027780
v -0.950000 -1.066424 0.079343
v -0.950000 -1.185996 -0.173469
v -0.950000 -1.185996 0.073469
v -0.950000 -1.160640 -0.183972
v -0.950000 -1.120000 -0.190000
v -0.950000 -1.133722 -0.189326
v -0.950000 -1.147313 -0.187310
v -0.950000 -1.079360 -0.183972
v -0.950000 -1.092687 -0.187310
v -0.950000 -1.042220 -0.166406
v -0.950000 -1.054004 -0.173469
v -0.950000 -1.066424 -0.179343
v -0.950000 -1.106278 -0.189326
v -0.950000 -1.011779 -0.138815
v -0.950000 -1.021005 -0.148995
v -0.950000 -0.990657 -0.103576
v -0.950000 -0.996531 -0.115996
v -0.950000 -1.003594 -0.127780
v -0.950000 -0.982690 -0.077313
v -0.950000 -0.980000 -0.050000
v -0.950000 -0.980674 -0.036278
v -0.950000 -0.986028 -0.090640
v -0.950000 -0.980674 -0.063722
v -0.950000 -1.031185 -0.158221
v -0.450000 -1.160640 0.083972
v -0.450000 -1.147313 0.087310
v -0.450000 -1.133722 0.089326
v -0.450000 -1.120000 0.090000
v -0.450000 -1.106278 0.089326
v -0.450000 -1.092687 0.087310
v -0.450000 -1.079360 0.083972
v -0.450000 -1.054004 0.073469
v -0.450000 -1.042220 0.066406
v -0.450000 -1.066424 0.079343
v -0.450000 -1.021005 0.048995
v -0.450000 -1.011779 0.038815
v -0.450000 -0.996531 0.015996
v -0.450000 -0.990657 0.003576
v -0.450000 -1.003594 0.027780
v -0.450000 -0.982690 -0.022687
v -0.450000 -0.980000 -0.050000
v -0.450000 -0.980674 -0.036278
v -0.450000 -0.980674 -0.063722
v -0.450000 -0.986028 -0.009360
v -0.450000 -1.031185 0.058221
v -0.450000 -1.260000 -0.050000
v -0.450000 -1.257310 -0.077313
v -0.450000 -1.259326 -0.063722
v -0.450000 -1.259326 -0.036278
v -0.450000 -1.257310 -0.022687
v -0.450000 -1.253972 -0.009360
v -0.450000 -1.249343 -0.103576
v -0.450000 -1.253972 -0.090640
v -0.450000 -1.249343 0.003576
v -0.450000 -1.243469 -0.115996
v -0.450000 -1.228221 -0.138815
v -0.450000 -1.228221 0.038815
v -0.450000 -1.236406 -0.127780
v -0.450000 -1.236406 0.027780
v -0.450000 -1.197780 -0.166406
v -0.450000 -1.197780 0.066406
v -0.450000 -1.208815 -0.158221
v -0.450000 -1.208815 0.058221
v -0.450000 -1.218995 -0.148995
v -0.450000 -1.218995 0.048995
v -0.450000 -1.243469 0.015996
v -0.450000 -1.160640 -0.183972
v -0.450000 -1.173576 -0.179343
v -0.450000 -1.173576 0.079343
v -0.450000 -1.120000 -0.190000
v -0.450000 -1.133722 -0.189326
v -0.450000 -1.079360 -0.183972
v -0.450000 -1.092687 -0.187310
v -0.450000 -1.106278 -0.189326
v -0.450000 -1.147313 -0.187310
v -0.450000 -1.054004 -0.173469
v -0.450000 -1.031185 -0.158221
v -0.450000 -1.021005 -0.148995
v -0.450000 -1.042220 -0.166406
v -0.450000 -1.003594 -0.127780
v -0.450000 -0.996531 -0.115996
v -0.450000 -0.986028 -0.090640
v -0.450000 -0.982690 -0.077313
v -0.450000 -0.990657 -0.103576
v -0.450000 -1.066424 -0.179343
v -0.450000 -1.011779 -0.138815
v -0.450000 -1.185996 -0.173469
v -0.450000 -1.185996 0.073469
v -1.300000 -1.070000 -0.050000
v -0.100000 -1.070000 -0.050000
v -1.300000 -1.070241 -0.054901
v -0.100000 -1.070241 -0.054901
v -1.300000 -1.070961 -0.059754
v -0.100000 -1.070961 -0.059755
v -1.300000 -1.072153 -0.064514
v -0.100000 -1.072153 -0.064514
v -1.300000 -1.073806 -0.069134
v -0.100000 -1.073806 -0.069134
v -1.300000 -1.075904 -0.073570
v -0.100000 -1.075904 -0.073570
v -1.300000 -1.078426 -0.077778
v -0.100000 -1.078426 -0.077779
v -1.300000 -1.081349 -0.081720
v -0.100000 -1.081349 -0.081720
v -1.300000 -1.084645 -0.085355
v -0.100000 -1.084645 -0.085355
v -1.300000 -1.088280 -0.088650
v -0.100000 -1.088280 -0.088651
v -1.300000 -1.092221 -0.091573
v -0.100000 -1.092221 -0.091574
v -1.300000 -1.096430 -0.094096
v -0.100000 -1.096430 -0.094096
v -1.300000 -1.100866 -0.096194
v -0.100000 -1.100866 -0.096194
v -1.300000 -1.105486 -0.097847
v -0.100000 -1.105486 -0.097847
v -1.300000 -1.110245 -0.099039
v -0.100000 -1.110245 -0.099039
v -1.300000 -1.115099 -0.099759
v -0.100000 -1.115099 -0.099759
v -1.300000 -1.120000 -0.100000
v -0.100000 -1.120000 -0.100000
v -1.300000 -1.124901 -0.099759
v -0.100000 -1.124901 -0.099759
v -1.300000 -1.129755 -0.099039
v -0.100000 -1.129755 -0.099039
v -1.300000 -1.134514 -0.097847
v -0.100000 -1.134514 -0.097847
v -1.300000 -1.139134 -0.096194
v -0.100000 -1.139134 -0.096194
v -1.300000 -1.143570 -0.094096
v -0.100000 -1.143570 -0.094096
v -1.300000 -1.147779 -0.091573
v -0.100000 -1.147779 -0.091574
v -1.300000 -1.151720 -0.088650
v -0.100000 -1.151720 -0.088651
v -1.300000 -1.155355 -0.085355
v -0.100000 -1.155355 -0.085355
v -1.300000 -1.158651 -0.081720
v -0.100000 -1.158651 -0.081720
v -1.300000 -1.161574 -0.077778
v -0.100000 -1.161574 -0.077779
v -1.300000 -1.164096 -0.073570
v -0.100000 -1.164096 -0.073570
v -1.300000 -1.166194 -0.069134
v -0.100000 -1.166194 -0.069134
v -1.300000 -1.167847 -0.064514
v -0.100000 -1.167847 -0.064514
v -1.300000 -1.169039 -0.059754
v -0.100000 -1.169039 -0.059755
v -1.300000 -1.169759 -0.054901
v -0.100000 -1.169759 -0.054901
v -1.300000 -1.170000 -0.050000
v -0.100000 -1.170000 -0.050000
v -1.300000 -1.169759 -0.045099
v -0.100000 -1.169759 -0.045099
v -1.300000 -1.169039 -0.040245
v -0.100000 -1.169039 -0.040246
v -1.300000 -1.167847 -0.035486
v -0.100000 -1.167847 -0.035486
v -1.300000 -1.166194 -0.030866
v -0.100000 -1.166194 -0.030866
v -1.300000 -1.164096 -0.026430
v -0.100000 -1.164096 -0.026430
v -1.300000 -1.161574 -0.022221
v -0.100000 -1.161574 -0.022222
v -1.300000 -1.158651 -0.018280
v -0.100000 -1.158651 -0.018280
v -1.300000 -1.155355 -0.014645
v -0.100000 -1.155355 -0.014645
v -1.300000 -1.151720 -0.011349
v -0.100000 -1.151720 -0.011350
v -1.300000 -1.147779 -0.008426
v -0.100000 -1.147779 -0.008427
v -1.300000 -1.143570 -0.005904
v -0.100000 -1.143570 -0.005904
v -1.300000 -1.139134 -0.003806
v -0.100000 -1.139134 -0.003806
v -1.300000 -1.134514 -0.002153
v -0.100000 -1.134514 -0.002153
v -1.300000 -1.129755 -0.000961
v -0.100000 -1.129755 -0.000961
v -1.300000 -1.124901 -0.000241
v -0.100000 -1.124901 -0.000241
v -1.300000 -1.120000 0.000000
v -0.100000 -1.120000 -0.000000
v -1.300000 -1.115099 -0.000241
v -0.100000 -1.115099 -0.000241
v -1.300000 -1.110245 -0.000961
v -0.100000 -1.110245 -0.000961
v -1.300000 -1.105486 -0.002153
v -0.100000 -1.105486 -0.002153
v -1.300000 -1.100866 -0.003806
v -0.100000 -1.100866 -0.003806
v -1.300000 -1.096430 -0.005904
v -0.100000 -1.096430 -0.005904
v -1.300000 -1.092221 -0.008426
v -0.100000 -1.092221 -0.008427
v -1.300000 -1.088280 -0.011349
v -0.100000 -1.088280 -0.011350
v -1.300000 -1.084645 -0.014645
v -0.100000 -1.084645 -0.014645
v -1.300000 -1.081349 -0.018280
v -0.100000 -1.081349 -0.018280
v -1.300000 -1.078426 -0.022221
v -0.100000 -1.078426 -0.022222
v -1.300000 -1.075904 -0.026430
v -0.100000 -1.075904 -0.026430
v -1.300000 -1.073806 -0.030866
v -0.100000 -1.073806 -0.030866
v -1.300000 -1.072153 -0.035486
v -0.100000 -1.072153 -0.035486
v -1.300000 -1.070961 -0.040245
v -0.100000 -1.070961 -0.040246
v -1.300000 -1.070241 -0.045099
v -0.100000 -1.070241 -0.045099
v -0.950000 0.700000 -0.300000
v -0.950000 0.700000 0.200000
v -0.950000 1.320000 -0.300000
v -0.950000 1.320000 0.200000
v -0.450000 0.700000 -0.300000
v -0.450000 0.700000 0.200000
v -0.450000 1.320000 -0.300000
v -0.450000 1.320000 0.200000
v -0.950000 0.980000 -0.050000
v -0.950000 0.982690 -0.022687
v -0.950000 0.980674 -0.063722
v -0.950000 0.980674 -0.036278
v -0.950000 0.996531 0.015996
v -0.950000 0.990657 0.003576
v -0.950000 1.021005 0.048995
v -0.950000 1.011779 0.038815
v -0.950000 1.003594 0.027780
v -0.950000 0.986028 -0.009360
v -0.950000 1.054004 0.073469
v -0.950000 1.042220 0.066406
v -0.950000 1.092687 0.087310
v -0.950000 1.079360 0.083972
v -0.950000 1.066424 0.079343
v -0.950000 1.133722 0.089326
v -0.950000 1.120000 0.090000
v -0.950000 1.160640 0.083972
v -0.950000 1.147313 0.087310
v -0.950000 1.106278 0.089326
v -0.950000 1.031185 0.058221
v -0.950000 0.982690 -0.077313
v -0.950000 0.996531 -0.115996
v -0.950000 0.990657 -0.103576
v -0.950000 0.986028 -0.090640
v -0.950000 1.011779 -0.138815
v -0.950000 1.031185 -0.158221
v -0.950000 1.042220 -0.166406
v -0.950000 1.021005 -0.148995
v -0.950000 1.054004 -0.173469
v -0.950000 1.003594 -0.127780
v -0.950000 1.079360 -0.183972
v -0.950000 1.066424 -0.179343
v -0.950000 1.120000 -0.190000
v -0.950000 1.106278 -0.189326
v -0.950000 1.092687 -0.187310
v -0.950000 1.160640 -0.183972
v -0.950000 1.147313 -0.187310
v -0.950000 1.173576 0.079343
v -0.950000 1.173576 -0.179343
v -0.950000 1.133722 -0.189326
v -0.950000 1.208815 -0.158221
v -0.950000 1.208815 0.058221
v -0.950000 1.197780 -0.166406
v -0.950000 1.197780 0.066406
v -0.950000 1.236406 -0.127780
v -0.950000 1.236406 0.027780
v -0.950000 1.228221 -0.138815
v -0.950000 1.228221 0.038815
v -0.950000 1.218995 -0.148995
v -0.950000 1.218995 0.048995
v -0.950000 1.253972 -0.009360
v -0.950000 1.249343 -0.103576
v -0.950000 1.249343 0.003576
v -0.950000 1.257310 -0.077313
v -0.950000 1.260000 -0.050000
v -0.950000 1.259326 -0.036278
v -0.950000 1.259326 -0.063722
v -0.950000 1.257310 -0.022687
v -0.950000 1.243469 -0.115996
v -0.950000 1.253972 -0.090640
v -0.950000 1.243469 0.015996
v -0.950000 1.185996 0.073469
v -0.950000 1.185996 -0.173469
v -0.450000 0.982690 -0.022687
v -0.450000 0.986028 -0.009360
v -0.450000 0.990657 0.003576
v -0.450000 0.996531 0.015996
v -0.450000 1.003594 0.027780
v -0.450000 1.021005 0.048995
v -0.450000 1.011779 0.038815
v -0.450000 1.054004 0.073469
v -0.450000 1.042220 0.066406
v -0.450000 1.031185 0.058221
v -0.450000 1.079360 0.083972
v -0.450000 1.106278 0.089326
v -0.450000 1.120000 0.090000
v -0.450000 1.092687 0.087310
v -0.450000 1.147313 0.087310
v -0.450000 1.160640 0.083972
v -0.450000 1.173576 -0.179343
v -0.450000 1.173576 0.079343
v -0.450000 1.133722 0.089326
v -0.450000 1.066424 0.079343
v -0.450000 1.197780 0.066406
v -0.450000 1.208815 -0.158221
v -0.450000 1.197780 -0.166406
v -0.450000 1.208815 0.058221
v -0.450000 1.236406 -0.127780
v -0.450000 1.236406 0.027780
v -0.450000 1.228221 -0.138815
v -0.450000 1.228221 0.038815
v -0.450000 1.218995 -0.148995
v -0.450000 1.218995 0.048995
v -0.450000 1.253972 -0.009360
v -0.450000 1.249343 -0.103576
v -0.450000 1.249343 0.003576
v -0.450000 1.257310 -0.077313
v -0.450000 1.260000 -0.050000
v -0.450000 1.259326 -0.036278
v -0.450000 1.259326 -0.063722
v -0.450000 1.257310 -0.022687
v -0.450000 1.243469 -0.115996
v -0.450000 1.253972 -0.090640
v -0.450000 1.243469 0.015996
v -0.450000 1.185996 -0.173469
v -0.450000 1.185996 0.073469
v -0.450000 0.980000 -0.050000
v -0.450000 0.980674 -0.063722
v -0.450000 0.982690 -0.077313
v -0.450000 0.980674 -0.036278
v -0.450000 0.996531 -0.115996
v -0.450000 0.990657 -0.103576
v -0.450000 1.021005 -0.148995
v -0.450000 1.011779 -0.138815
v -0.450000 1.003594 -0.127780
v -0.450000 0.986028 -0.090640
v -0.450000 1.054004 -0.173469
v -0.450000 1.042220 -0.166406
v -0.450000 1.092687 -0.187310
v -0.450000 1.079360 -0.183972
v -0.450000 1.066424 -0.179343
v -0.450000 1.133722 -0.189326
v -0.450000 1.120000 -0.190000
v -0.450000 1.147313 -0.187310
v -0.450000 1.160640 -0.183972
v -0.450000 1.106278 -0.189326
v -0.450000 1.031185 -0.158221
v -1.000000 1.260000 -0.050000
v -0.400000 1.260000 -0.050000
v -1.000000 1.259326 -0.063722
v -0.400000 1.259326 -0.063722
v -1.000000 1.257310 -0.077313
v -0.400000 1.257310 -0.077313
v -1.000000 1.253972 -0.090640
v -0.400000 1.253972 -0.090640
v -1.000000 1.249343 -0.103576
v -0.400000 1.249343 -0.103576
v -1.000000 1.243469 -0.115996
v -0.400000 1.243469 -0.115996
v -1.000000 1.236406 -0.127780
v -0.400000 1.236406 -0.127780
v -1.000000 1.228221 -0.138815
v -0.400000 1.228221 -0.138815
v -1.000000 1.218995 -0.148995
v -0.400000 1.218995 -0.148995
v -1.000000 1.208815 -0.158221
v -0.400000 1.208815 -0.158221
v -1.000000 1.197780 -0.166406
v -0.400000 1.197780 -0.166406
v -1.000000 1.185996 -0.173469
v -0.400000 1.185996 -0.173469
v -1.000000 1.173576 -0.179343
v -0.400000 1.173576 -0.179343
v -1.000000 1.160640 -0.183972
v -0.400000 1.160640 -0.183972
v -1.000000 1.147313 -0.187310
v -0.400000 1.147313 -0.187310
v -1.000000 1.133722 -0.189326
v -0.400000 1.133722 -0.189326
v -1.000000 1.120000 -0.190000
v -0.400000 1.120000 -0.190000
v -1.000000 1.106278 -0.189326
v -0.400000 1.106278 -0.189326
v -1.000000 1.092687 -0.187310
v -0.400000 1.092687 -0.187310
v -1.000000 1.079360 -0.183972
v -0.400000 1.079360 -0.183972
v -1.000000 1.066424 -0.179343
v -0.400000 1.066424 -0.179343
v -1.000000 1.054004 -0.173469
v -0.400000 1.054004 -0.173469
v -1.000000 1.042220 -0.166406
v -0.400000 1.042220 -0.166406
v -1.000000 1.031185 -0.158221
v -0.400000 1.031185 -0.158221
v -1.000000 1.021005 -0.148995
v -0.400000 1.021005 -0.148995
v -1.000000 1.011779 -0.138815
v -0.400000 1.011779 -0.138815
v -1.000000 1.003594 -0.127780
v -0.400000 1.003594 -0.127780
v -1.000000 0.996531 -0.115996
v -0.400000 0.996531 -0.115996
v -1.000000 0.990657 -0.103576
v -0.400000 0.990657 -0.103576
v -1.000000 0.986028 -0.090640
v -0.400000 0.986028 -0.090640
v -1.000000 0.982690 -0.077313
v -0.400000 0.982690 -0.077313
v -1.000000 0.980674 -0.063722
v -0.400000 0.980674 -0.063722
v -1.000000 0.980000 -0.050000
v -0.400000 0.980000 -0.050000
v -1.000000 0.980674 -0.036278
v -0.400000 0.980674 -0.036278
v -1.000000 0.982690 -0.022687
v -0.400000 0.982690 -0.022687
v -1.000000 0.986028 -0.009360
v -0.400000 0.986028 -0.009360
v -1.000000 0.990657 0.003576
v -0.400000 0.990657 0.003576
v -1.000000 0.996531 0.015996
v -0.400000 0.996531 0.015996
v -1.000000 1.003594 0.027780
v -0.400000 1.003594 0.027780
v -1.000000 1.011779 0.038815
v -0.400000 1.011779 0.038815
v -1.000000 1.021005 0.048995
v -0.400000 1.021005 0.048995
v -1.000000 1.031185 0.058221
v -0.400000 1.031185 0.058221
v -1.000000 1.042220 0.066406
v -0.400000 1.042220 0.066406
v -1.000000 1.054004 0.073469
v -0.400000 1.054004 0.073469
v -1.000000 1.066424 0.079343
v -0.400000 1.066424 0.079343
v -1.000000 1.079360 0.083972
v -0.400000 1.079360 0.083972
v -1.000000 1.092687 0.087310
v -0.400000 1.092687 0.087310
v -1.000000 1.106278 0.089326
v -0.400000 1.106278 0.089326
v -1.000000 1.120000 0.090000
v -0.400000 1.120000 0.090000
v -1.000000 1.133722 0.089326
v -0.400000 1.133722 0.089326
v -1.000000 1.147313 0.087310
v -0.400000 1.147313 0.087310
v -1.000000 1.160640 0.083972
v -0.400000 1.160640 0.083972
v -1.000000 1.173576 0.079343
v -0.400000 1.173576 0.079343
v -1.000000 1.185996 0.073469
v -0.400000 1.185996 0.073469
v -1.000000 1.197780 0.066406
v -0.400000 1.197780 0.066406
v -1.000000 1.208815 0.058221
v -0.400000 1.208815 0.058221
v -1.000000 1.218995 0.048995
v -0.400000 1.218995 0.048995
v -1.000000 1.228221 0.038815
v -0.400000 1.228221 0.038815
v -1.000000 1.236406 0.027780
v -0.400000 1.236406 0.027780
v -1.000000 1.243469 0.015996
v -0.400000 1.243469 0.015996
v -1.000000 1.249343 0.003576
v -0.400000 1.249343 0.003576
v -1.000000 1.253972 -0.009360
v -0.400000 1.253972 -0.009360
v -1.000000 1.257310 -0.022687
v -0.400000 1.257310 -0.022687
v -1.000000 1.259326 -0.036278
v -0.400000 1.259326 -0.036278
v -1.300000 1.170000 -0.050000
v -0.100000 1.170000 -0.050000
v -1.300000 1.169759 -0.054901
v -0.100000 1.169759 -0.054901
v -1.300000 1.169039 -0.059754
v -0.100000 1.169039 -0.059755
v -1.300000 1.167847 -0.064514
v -0.100000 1.167847 -0.064514
v -1.300000 1.166194 -0.069134
v -0.100000 1.166194 -0.069134
v -1.300000 1.164096 -0.073570
v -0.100000 1.164096 -0.073570
v -1.300000 1.161574 -0.077778
v -0.100000 1.161574 -0.077779
v -1.300000 1.158651 -0.081720
v -0.100000 1.158651 -0.081720
v -1.300000 1.155355 -0.085355
v -0.100000 1.155355 -0.085355
v -1.300000 1.151720 -0.088650
v -0.100000 1.151720 -0.088651
v -1.300000 1.147779 -0.091573
v -0.100000 1.147779 -0.091574
v -1.300000 1.143570 -0.094096
v -0.100000 1.143570 -0.094096
v -1.300000 1.139134 -0.096194
v -0.100000 1.139134 -0.096194
v -1.300000 1.134514 -0.097847
v -0.100000 1.134514 -0.097847
v -1.300000 1.129755 -0.099039
v -0.100000 1.129755 -0.099039
v -1.300000 1.124901 -0.099759
v -0.100000 1.124901 -0.099759
v -1.300000 1.120000 -0.100000
v -0.100000 1.120000 -0.100000
v -1.300000 1.115099 -0.099759
v -0.100000 1.115099 -0.099759
v -1.300000 1.110245 -0.099039
v -0.100000 1.110245 -0.099039
v -1.300000 1.105486 -0.097847
v -0.100000 1.105486 -0.097847
v -1.300000 1.100866 -0.096194
v -0.100000 1.100866 -0.096194
v -1.300000 1.096430 -0.094096
v -0.100000 1.096430 -0.094096
v -1.300000 1.092221 -0.091573
v -0.100000 1.092221 -0.091574
v -1.300000 1.088280 -0.088650
v -0.100000 1.088280 -0.088651
v -1.300000 1.084645 -0.085355
v -0.100000 1.084645 -0.085355
v -1.300000 1.081349 -0.081720
v -0.100000 1.081349 -0.081720
v -1.300000 1.078426 -0.077778
v -0.100000 1.078426 -0.077779
v -1.300000 1.075904 -0.073570
v -0.100000 1.075904 -0.073570
v -1.300000 1.073806 -0.069134
v -0.100000 1.073806 -0.069134
v -1.300000 1.072153 -0.064514
v -0.100000 1.072153 -0.064514
v -1.300000 1.070961 -0.059754
v -0.100000 1.070961 -0.059755
v -1.300000 1.070241 -0.054901
v -0.100000 1.070241 -0.054901
v -1.300000 1.070000 -0.050000
v -0.100000 1.070000 -0.050000
v -1.300000 1.070241 -0.045099
v -0.100000 1.070241 -0.045099
v -1.300000 1.070961 -0.040245
v -0.100000 1.070961 -0.040246
v -1.300000 1.072153 -0.035486
v -0.100000 1.072153 -0.035486
v -1.300000 1.073806 -0.030866
v -0.100000 1.073806 -0.030866
v -1.300000 1.075904 -0.026430
v -0.100000 1.075904 -0.026430
v -1.300000 1.078426 -0.022221
v -0.100000 1.078426 -0.022222
v -1.300000 1.081349 -0.018280
v -0.100000 1.081349 -0.018280
v -1.300000 1.084645 -0.014645
v -0.100000 1.084645 -0.014645
v -1.300000 1.088280 -0.011349
v -0.100000 1.088280 -0.011350
v -1.300000 1.092221 -0.008426
v -0.100000 1.092221 -0.008427
v -1.300000 1.096430 -0.005904
v -0.100000 1.096430 -0.005904
v -1.300000 1.100866 -0.003806
v -0.100000 1.100866 -0.003806
v -1.300000 1.105486 -0.002153
v -0.100000 1.105486 -0.002153
v -1.300000 1.110245 -0.000961
v -0.100000 1.110245 -0.000961
v -1.300000 1.115099 -0.000241
v -0.100000 1.115099 -0.000241
v -1.300000 1.120000 0.000000
v -0.100000 1.120000 -0.000000
v -1.300000 1.124901 -0.000241
v -0.100000 1.124901 -0.000241
v -1.300000 1.129755 -0.000961
v -0.100000 1.129755 -0.000961
v -1.300000 1.134514 -0.002153
v -0.100000 1.134514 -0.002153
v -1.300000 1.139134 -0.003806
v -0.100000 1.139134 -0.003806
v -1.300000 1.143570 -0.005904
v -0.100000 1.143570 -0.005904
v -1.300000 1.147779 -0.008426
v -0.100000 1.147779 -0.008427
v -1.300000 1.151720 -0.011349
v -0.100000 1.151720 -0.011350
v -1.300000 1.155355 -0.014645
v -0.100000 1.155355 -0.014645
v -1.300000 1.158651 -0.018280
v -0.100000 1.158651 -0.018280
v -1.300000 1.161574 -0.022221
v -0.100000 1.161574 -0.022222
v -1.300000 1.164096 -0.026430
v -0.100000 1.164096 -0.026430
v -1.300000 1.166194 -0.030866
v -0.100000 1.166194 -0.030866
v -1.300000 1.167847 -0.035486
v -0.100000 1.167847 -0.035486
v -1.300000 1.169039 -0.040245
v -0.100000 1.169039 -0.040246
v -1.300000 1.169759 -0.045099
v -0.100000 1.169759 -0.045099
v -2.250000 -0.500000 0.800000
v -2.250000 -0.500000 1.250000
v -2.250000 0.500000 0.800000
v -2.250000 0.500000 1.250000
v -1.800000 -0.500000 0.800000
v -1.800000 -0.500000 1.250000
v -1.800000 0.500000 0.800000
v -1.800000 0.500000 1.250000
v -2.025000 0.190000 1.250000
v -2.025000 0.190000 1.280000
v -2.000200 0.188375 1.250000
v -2.000200 0.188375 1.280000
v -1.975825 0.183526 1.250000
v -1.975825 0.183526 1.280000
v -1.952290 0.175537 1.250000
v -1.952290 0.175537 1.280000
v -1.930000 0.164545 1.250000
v -1.930000 0.164545 1.280000
v -1.909335 0.150737 1.250000
v -1.909335 0.150737 1.280000
v -1.890650 0.134350 1.250000
v -1.890650 0.134350 1.280000
v -1.874263 0.115665 1.250000
v -1.874263 0.115665 1.280000
v -1.860455 0.095000 1.250000
v -1.860455 0.095000 1.280000
v -1.849463 0.072710 1.250000
v -1.849463 0.072710 1.280000
v -1.841474 0.049176 1.250000
v -1.841474 0.049176 1.280000
v -1.836626 0.024800 1.250000
v -1.836626 0.024800 1.280000
v -1.835000 0.000000 1.250000
v -1.835000 0.000000 1.280000
v -1.836626 -0.024800 1.250000
v -1.836626 -0.024800 1.280000
v -1.841474 -0.049176 1.250000
v -1.841474 -0.049176 1.280000
v -1.849463 -0.072710 1.250000
v -1.849463 -0.072710 1.280000
v -1.860455 -0.095000 1.250000
v -1.860455 -0.095000 1.280000
v -1.874263 -0.115665 1.250000
v -1.874263 -0.115665 1.280000
v -1.890650 -0.134350 1.250000
v -1.890650 -0.134350 1.280000
v -1.909335 -0.150737 1.250000
v -1.909335 -0.150737 1.280000
v -1.930000 -0.164545 1.250000
v -1.930000 -0.164545 1.280000
v -1.952290 -0.175537 1.250000
v -1.952290 -0.175537 1.280000
v -1.975825 -0.183526 1.250000
v -1.975825 -0.183526 1.280000
v -2.000200 -0.188375 1.250000
v -2.000200 -0.188375 1.280000
v -2.025000 -0.190000 1.250000
v -2.025000 -0.190000 1.280000
v -2.049800 -0.188375 1.250000
v -2.049800 -0.188375 1.280000
v -2.074176 -0.183526 1.250000
v -2.074176 -0.183526 1.280000
v -2.097710 -0.175537 1.250000
v -2.097710 -0.175537 1.280000
v -2.120000 -0.164545 1.250000
v -2.120000 -0.164545 1.280000
v -2.140665 -0.150737 1.250000
v -2.140665 -0.150737 1.280000
v -2.159351 -0.134350 1.250000
v -2.159351 -0.134350 1.280000
v -2.175737 -0.115665 1.250000
v -2.175737 -0.115665 1.280000
v -2.189545 -0.095000 1.250000
v -2.189545 -0.095000 1.280000
v -2.200537 -0.072710 1.250000
v -2.200537 -0.072710 1.280000
v -2.208526 -0.049176 1.250000
v -2.208526 -0.049176 1.280000
v -2.213375 -0.024800 1.250000
v -2.213375 -0.024800 1.280000
v -2.215000 0.000000 1.250000
v -2.215000 0.000000 1.280000
v -2.213375 0.024800 1.250000
v -2.213375 0.024800 1.280000
v -2.208526 0.049176 1.250000
v -2.208526 0.049176 1.280000
v -2.200537 0.072710 1.250000
v -2.200537 0.072710 1.280000
v -2.189545 0.095000 1.250000
v -2.189545 0.095000 1.280000
v -2.175737 0.115665 1.250000
v -2.175737 0.115665 1.280000
v -2.159351 0.134350 1.250000
v -2.159351 0.134350 1.280000
v -2.140665 0.150737 1.250000
v -2.140665 0.150737 1.280000
v -2.120000 0.164545 1.250000
v -2.120000 0.164545 1.280000
v -2.097710 0.175537 1.250000
v -2.097710 0.175537 1.280000
v -2.074176 0.183526 1.250000
v -2.074176 0.183526 1.280000
v -2.049800 0.188375 1.250000
v -2.049800 0.188375 1.280000
v -1.750000 -0.350000 0.800000
v -1.750000 -0.350000 0.830000
v -1.750000 0.350000 0.800000
v -1.750000 0.350000 0.830000
v -1.250000 -0.350000 0.800000
v -1.250000 -0.350000 0.830000
v -1.250000 0.350000 0.800000
v -1.250000 0.350000 0.830000
v -1.700000 -0.700000 -0.360000
v -1.700000 -0.720000 -0.360000
v -1.688253 -0.700000 -0.360770
v -1.688253 -0.720000 -0.360770
v -1.676706 -0.700000 -0.363067
v -1.676706 -0.720000 -0.363067
v -1.665559 -0.700000 -0.366851
v -1.665559 -0.720000 -0.366851
v -1.655000 -0.700000 -0.372058
v -1.655000 -0.720000 -0.372058
v -1.645212 -0.700000 -0.378598
v -1.645212 -0.720000 -0.378598
v -1.636360 -0.700000 -0.386360
v -1.636360 -0.720000 -0.386360
v -1.628598 -0.700000 -0.395211
v -1.628598 -0.720000 -0.395211
v -1.622058 -0.700000 -0.405000
v -1.622058 -0.720000 -0.405000
v -1.616851 -0.700000 -0.415558
v -1.616851 -0.720000 -0.415558
v -1.613067 -0.700000 -0.426706
v -1.613067 -0.720000 -0.426706
v -1.610770 -0.700000 -0.438253
v -1.610770 -0.720000 -0.438253
v -1.610000 -0.700000 -0.450000
v -1.610000 -0.720000 -0.450000
v -1.610770 -0.700000 -0.461747
v -1.610770 -0.720000 -0.461747
v -1.613067 -0.700000 -0.473294
v -1.613067 -0.720000 -0.473294
v -1.616851 -0.700000 -0.484441
v -1.616851 -0.720000 -0.484441
v -1.622058 -0.700000 -0.495000
v -1.622058 -0.720000 -0.495000
v -1.628598 -0.700000 -0.504789
v -1.628598 -0.720000 -0.504789
v -1.636360 -0.700000 -0.513640
v -1.636360 -0.720000 -0.513640
v -1.645211 -0.700000 -0.521402
v -1.645211 -0.720000 -0.521402
v -1.655000 -0.700000 -0.527942
v -1.655000 -0.720000 -0.527942
v -1.665559 -0.700000 -0.533149
v -1.665559 -0.720000 -0.533149
v -1.676706 -0.700000 -0.536933
v -1.676706 -0.720000 -0.536933
v -1.688253 -0.700000 -0.539230
v -1.688253 -0.720000 -0.539230
v -1.700000 -0.700000 -0.540000
v -1.700000 -0.720000 -0.540000
v -1.711747 -0.700000 -0.539230
v -1.711747 -0.720000 -0.539230
v -1.723294 -0.700000 -0.536933
v -1.723294 -0.720000 -0.536933
v -1.734442 -0.700000 -0.533149
v -1.734442 -0.720000 -0.533149
v -1.745000 -0.700000 -0.527942
v -1.745000 -0.720000 -0.527942
v -1.754789 -0.700000 -0.521402
v -1.754789 -0.720000 -0.521402
v -1.763640 -0.700000 -0.513640
v -1.763640 -0.720000 -0.513640
v -1.771402 -0.700000 -0.504789
v -1.771402 -0.720000 -0.504789
v -1.777942 -0.700000 -0.495000
v -1.777942 -0.720000 -0.495000
v -1.783149 -0.700000 -0.484441
v -1.783149 -0.720000 -0.484441
v -1.786933 -0.700000 -0.473294
v -1.786933 -0.720000 -0.473294
v -1.789230 -0.700000 -0.461747
v -1.789230 -0.720000 -0.461747
v -1.790000 -0.700000 -0.450000
v -1.790000 -0.720000 -0.450000
v -1.789230 -0.700000 -0.438253
v -1.789230 -0.720000 -0.438253
v -1.786933 -0.700000 -0.426706
v -1.786933 -0.720000 -0.426706
v -1.783149 -0.700000 -0.415558
v -1.783149 -0.720000 -0.415558
v -1.777942 -0.700000 -0.405000
v -1.777942 -0.720000 -0.405000
v -1.771402 -0.700000 -0.395211
v -1.771402 -0.720000 -0.395211
v -1.763640 -0.700000 -0.386360
v -1.763640 -0.720000 -0.386360
v -1.754789 -0.700000 -0.378598
v -1.754789 -0.720000 -0.378598
v -1.745000 -0.700000 -0.372058
v -1.745000 -0.720000 -0.372058
v -1.734442 -0.700000 -0.366851
v -1.734442 -0.720000 -0.366851
v -1.723294 -0.700000 -0.363067
v -1.723294 -0.720000 -0.363067
v -1.711747 -0.700000 -0.360770
v -1.711747 -0.720000 -0.360770
v -1.765000 -0.720000 -0.450000
v -1.764444 -0.720000 -0.441516
v -1.760052 -0.720000 -0.425126
v -1.751568 -0.720000 -0.410430
v -1.756292 -0.720000 -0.417500
v -1.762785 -0.720000 -0.433177
v -1.732500 -0.720000 -0.393708
v -1.739570 -0.720000 -0.398432
v -1.716823 -0.720000 -0.387215
v -1.700000 -0.720000 -0.385000
v -1.708484 -0.720000 -0.385556
v -1.724874 -0.720000 -0.389948
v -1.745962 -0.720000 -0.404038
v -1.756292 -0.720000 -0.482500
v -1.751568 -0.720000 -0.489569
v -1.745962 -0.720000 -0.495962
v -1.739570 -0.720000 -0.501568
v -1.724874 -0.720000 -0.510052
v -1.732500 -0.720000 -0.506292
v -1.700000 -0.720000 -0.515000
v -1.708484 -0.720000 -0.514444
v -1.683177 -0.720000 -0.512785
v -1.667500 -0.720000 -0.506292
v -1.675126 -0.720000 -0.510052
v -1.691516 -0.720000 -0.514444
v -1.716823 -0.720000 -0.512785
v -1.667500 -0.720000 -0.393708
v -1.660431 -0.720000 -0.398432
v -1.654038 -0.720000 -0.404038
v -1.648432 -0.720000 -0.410430
v -1.643708 -0.720000 -0.482500
v -1.643708 -0.720000 -0.417500
v -1.637215 -0.720000 -0.466823
v -1.635000 -0.720000 -0.450000
v -1.635556 -0.720000 -0.458484
v -1.635556 -0.720000 -0.441516
v -1.639948 -0.720000 -0.474874
v -1.637215 -0.720000 -0.433177
v -1.639948 -0.720000 -0.425126
v -1.762785 -0.720000 -0.466823
v -1.764444 -0.720000 -0.458484
v -1.691516 -0.720000 -0.385556
v -1.760052 -0.720000 -0.474874
v -1.675126 -0.720000 -0.389948
v -1.654038 -0.720000 -0.495962
v -1.648432 -0.720000 -0.489569
v -1.660431 -0.720000 -0.501568
v -1.683177 -0.720000 -0.387215
v -1.691516 -0.700000 -0.385556
v -1.683177 -0.700000 -0.387215
v -1.675126 -0.700000 -0.389948
v -1.667500 -0.700000 -0.393708
v -1.654038 -0.700000 -0.404038
v -1.660431 -0.700000 -0.398432
v -1.643708 -0.700000 -0.417500
v -1.637215 -0.700000 -0.433177
v -1.639948 -0.700000 -0.425126
v -1.635000 -0.700000 -0.450000
v -1.635556 -0.700000 -0.458484
v -1.635556 -0.700000 -0.441516
v -1.648432 -0.700000 -0.410430
v -1.739570 -0.700000 -0.501568
v -1.732500 -0.700000 -0.506292
v -1.724874 -0.700000 -0.510052
v -1.716823 -0.700000 -0.512785
v -1.700000 -0.700000 -0.515000
v -1.708484 -0.700000 -0.514444
v -1.683177 -0.700000 -0.512785
v -1.675126 -0.700000 -0.510052
v -1.667500 -0.700000 -0.506292
v -1.660431 -0.700000 -0.501568
v -1.648432 -0.700000 -0.489569
v -1.654038 -0.700000 -0.495962
v -1.691516 -0.700000 -0.514444
v -1.764444 -0.700000 -0.458484
v -1.765000 -0.700000 -0.450000
v -1.764444 -0.700000 -0.441516
v -1.762785 -0.700000 -0.466823
v -1.762785 -0.700000 -0.433177
v -1.760052 -0.700000 -0.474874
v -1.760052 -0.700000 -0.425126
v -1.751568 -0.700000 -0.410430
v -1.756292 -0.700000 -0.417500
v -1.739570 -0.700000 -0.398432
v -1.724874 -0.700000 -0.389948
v -1.732500 -0.700000 -0.393708
v -1.745962 -0.700000 -0.404038
v -1.751568 -0.700000 -0.489569
v -1.756292 -0.700000 -0.482500
v -1.716823 -0.700000 -0.387215
v -1.745962 -0.700000 -0.495962
v -1.700000 -0.700000 -0.385000
v -1.639948 -0.700000 -0.474874
v -1.637215 -0.700000 -0.466823
v -1.643708 -0.700000 -0.482500
v -1.708484 -0.700000 -0.385556
v -2.050000 -0.750000 -0.350000
v -2.050000 -0.750000 0.300000
v -2.035642 -0.750941 -0.350000
v -2.035642 -0.750941 0.300000
v -2.021530 -0.753748 -0.350000
v -2.021530 -0.753748 0.300000
v -2.007905 -0.758373 -0.350000
v -2.007905 -0.758373 0.300000
v -1.995000 -0.764737 -0.350000
v -1.995000 -0.764737 0.300000
v -1.983036 -0.772731 -0.350000
v -1.983036 -0.772731 0.300000
v -1.972218 -0.782218 -0.350000
v -1.972218 -0.782218 0.300000
v -1.962731 -0.793036 -0.350000
v -1.962731 -0.793036 0.300000
v -1.954737 -0.805000 -0.350000
v -1.954737 -0.805000 0.300000
v -1.948373 -0.817905 -0.350000
v -1.948373 -0.817905 0.300000
v -1.943748 -0.831530 -0.350000
v -1.943748 -0.831530 0.300000
v -1.940941 -0.845642 -0.350000
v -1.940941 -0.845642 0.300000
v -1.940000 -0.860000 -0.350000
v -1.940000 -0.860000 0.300000
v -1.940941 -0.874358 -0.350000
v -1.940941 -0.874358 0.300000
v -1.943748 -0.888470 -0.350000
v -1.943748 -0.888470 0.300000
v -1.948373 -0.902095 -0.350000
v -1.948373 -0.902095 0.300000
v -1.954737 -0.915000 -0.350000
v -1.954737 -0.915000 0.300000
v -1.962731 -0.926964 -0.350000
v -1.962731 -0.926964 0.300000
v -1.972218 -0.937782 -0.350000
v -1.972218 -0.937782 0.300000
v -1.983036 -0.947269 -0.350000
v -1.983036 -0.947269 0.300000
v -1.995000 -0.955263 -0.350000
v -1.995000 -0.955263 0.300000
v -2.007905 -0.961627 -0.350000
v -2.007905 -0.961627 0.300000
v -2.021530 -0.966252 -0.350000
v -2.021530 -0.966252 0.300000
v -2.035642 -0.969059 -0.350000
v -2.035642 -0.969059 0.300000
v -2.050000 -0.970000 -0.350000
v -2.050000 -0.970000 0.300000
v -2.064358 -0.969059 -0.350000
v -2.064358 -0.969059 0.300000
v -2.078470 -0.966252 -0.350000
v -2.078470 -0.966252 0.300000
v -2.092095 -0.961627 -0.350000
v -2.092095 -0.961627 0.300000
v -2.105000 -0.955263 -0.350000
v -2.105000 -0.955263 0.300000
v -2.116964 -0.947269 -0.350000
v -2.116964 -0.947269 0.300000
v -2.127782 -0.937782 -0.350000
v -2.127782 -0.937782 0.300000
v -2.137269 -0.926964 -0.350000
v -2.137269 -0.926964 0.300000
v -2.145263 -0.915000 -0.350000
v -2.145263 -0.915000 0.300000
v -2.151627 -0.902095 -0.350000
v -2.151627 -0.902095 0.300000
v -2.156252 -0.888470 -0.350000
v -2.156252 -0.888470 0.300000
v -2.159059 -0.874358 -0.350000
v -2.159059 -0.874358 0.300000
v -2.160000 -0.860000 -0.350000
v -2.160000 -0.860000 0.300000
v -2.159059 -0.845642 -0.350000
v -2.159059 -0.845642 0.300000
v -2.156252 -0.831530 -0.350000
v -2.156252 -0.831530 0.300000
v -2.151627 -0.817905 -0.350000
v -2.151627 -0.817905 0.300000
v -2.145263 -0.805000 -0.350000
v -2.145263 -0.805000 0.300000
v -2.137269 -0.793036 -0.350000
v -2.137269 -0.793036 0.300000
v -2.127782 -0.782218 -0.350000
v -2.127782 -0.782218 0.300000
v -2.116964 -0.772731 -0.350000
v -2.116964 -0.772731 0.300000
v -2.105000 -0.764737 -0.350000
v -2.105000 -0.764737 0.300000
v -2.092095 -0.758373 -0.350000
v -2.092095 -0.758373 0.300000
v -2.078470 -0.753748 -0.350000
v -2.078470 -0.753748 0.300000
v -2.064358 -0.750941 -0.350000
v -2.064358 -0.750941 0.300000
v -2.100000 -0.860000 -0.100000
v -2.100000 -0.860000 0.050000
v -2.100000 -0.700000 -0.100000
v -2.100000 -0.700000 0.050000
v -2.000000 -0.860000 -0.100000
v -2.000000 -0.860000 0.050000
v -2.000000 -0.700000 -0.100000
v -2.000000 -0.700000 0.050000
v -2.017320 -0.870000 0.300000
v -2.010000 -0.877321 0.300000
v -2.000000 -0.880000 0.300000
v -1.990000 -0.877321 0.300000
v -1.982679 -0.870000 0.300000
v -1.980000 -0.860000 0.300000
v -1.982679 -0.850000 0.300000
v -1.990000 -0.842680 0.300000
v -2.000000 -0.840000 0.300000
v -2.010000 -0.842680 0.300000
v -2.017320 -0.850000 0.300000
v -2.020000 -0.860000 0.300000
v -2.014331 -0.868626 0.399604
v -2.007016 -0.875949 0.399403
v -1.997031 -0.878637 0.398904
v -1.987050 -0.875967 0.398241
v -1.979748 -0.868657 0.397592
v -1.977082 -0.858664 0.397131
v -1.979766 -0.848666 0.396981
v -1.987081 -0.841342 0.397183
v -1.997066 -0.838655 0.397682
v -2.007047 -0.841325 0.398345
v -2.014349 -0.848635 0.398994
v -2.017015 -0.858628 0.399455
v -2.006060 -0.864081 0.495208
v -1.998755 -0.871410 0.494899
v -1.988806 -0.874119 0.493973
v -1.978879 -0.871481 0.492677
v -1.971634 -0.864204 0.491358
v -1.969013 -0.854238 0.490370
v -1.971717 -0.844252 0.489978
v -1.979023 -0.836923 0.490286
v -1.988972 -0.834215 0.491212
v -1.998899 -0.836852 0.492508
v -2.006144 -0.844129 0.493827
v -2.008765 -0.854096 0.494815
v -1.993556 -0.855728 0.585953
v -1.986248 -0.863055 0.585664
v -1.976344 -0.865795 0.584401
v -1.966499 -0.863215 0.582503
v -1.959351 -0.856005 0.580479
v -1.956814 -0.846098 0.578871
v -1.959569 -0.836147 0.578109
v -1.966877 -0.828820 0.578399
v -1.976781 -0.826080 0.579662
v -1.986625 -0.828660 0.581560
v -1.993774 -0.835870 0.583584
v -1.996310 -0.845777 0.585192
v -1.977860 -0.842917 0.670998
v -1.970522 -0.850219 0.670869
v -1.960663 -0.852997 0.669365
v -1.950924 -0.850506 0.666891
v -1.943914 -0.843413 0.664108
v -1.941513 -0.833620 0.661762
v -1.944363 -0.823750 0.660483
v -1.951700 -0.816447 0.660613
v -1.961559 -0.813670 0.662116
v -1.971298 -0.816161 0.664591
v -1.978308 -0.823253 0.667374
v -1.980709 -0.833047 0.669719
v -1.960011 -0.824988 0.749500
v -1.952600 -0.832214 0.749695
v -1.942771 -0.835023 0.748057
v -1.933158 -0.832663 0.745024
v -1.926337 -0.825765 0.741410
v -1.924135 -0.816178 0.738182
v -1.927142 -0.806471 0.736206
v -1.934553 -0.799244 0.736011
v -1.944381 -0.796435 0.737649
v -1.953994 -0.798795 0.740682
v -1.960816 -0.805693 0.744296
v -1.963018 -0.815280 0.747524
v -1.941046 -0.801259 0.820611
v -1.933499 -0.808310 0.821321
v -1.923674 -0.811124 0.819668
v -1.914205 -0.808948 0.816094
v -1.907628 -0.802365 0.811557
v -1.905706 -0.793139 0.807273
v -1.908953 -0.783741 0.804389
v -1.916501 -0.776690 0.803679
v -1.926325 -0.773876 0.805332
v -1.935795 -0.776052 0.808906
v -1.942372 -0.782635 0.813443
v -1.944294 -0.791861 0.817727
v -1.922008 -0.771026 0.883460
v -1.914243 -0.777721 0.884893
v -1.904383 -0.780477 0.883358
v -1.895069 -0.778556 0.879266
v -1.888798 -0.772472 0.873713
v -1.887250 -0.763856 0.868186
v -1.890839 -0.755016 0.864168
v -1.898604 -0.748320 0.862734
v -1.908465 -0.745564 0.864269
v -1.917778 -0.747485 0.868361
v -1.924049 -0.753569 0.873915
v -1.925597 -0.762186 0.879441
v -1.903956 -0.733570 0.937121
v -1.895887 -0.739616 0.939467
v -1.885942 -0.742192 0.938185
v -1.876787 -0.740608 0.933618
v -1.870874 -0.735289 0.926990
v -1.869789 -0.727659 0.920077
v -1.873821 -0.719764 0.914731
v -1.881891 -0.713718 0.912385
v -1.891836 -0.711141 0.913667
v -1.900991 -0.712725 0.918234
v -1.906903 -0.718044 0.924862
v -1.907989 -0.725674 0.931775
v -1.887989 -0.688212 0.980582
v -1.879556 -0.693201 0.983926
v -1.869484 -0.695407 0.982994
v -1.860471 -0.694237 0.978036
v -1.854933 -0.690007 0.970381
v -1.854352 -0.683849 0.962079
v -1.858886 -0.677413 0.955355
v -1.867319 -0.672424 0.952012
v -1.877391 -0.670218 0.952944
v -1.886404 -0.671388 0.957901
v -1.891942 -0.675618 0.965557
v -1.892522 -0.681776 0.973859
v -1.875240 -0.634413 1.012769
v -1.866463 -0.637918 1.016995
v -1.856252 -0.639525 1.016419
v -1.847343 -0.638803 1.011195
v -1.842123 -0.635945 1.002724
v -1.841991 -0.631718 0.993274
v -1.846982 -0.627254 0.985379
v -1.855759 -0.623749 0.981153
v -1.865970 -0.622142 0.981729
v -1.874879 -0.622864 0.986953
v -1.880099 -0.625721 0.995425
v -1.880231 -0.629948 1.004874
v -1.866830 -0.571803 1.032674
v -1.857821 -0.573561 1.037462
v -1.847507 -0.574392 1.037135
v -1.838651 -0.574075 1.031781
v -1.833628 -0.572693 1.022835
v -1.833782 -0.570618 1.012693
v -1.839072 -0.568405 1.004074
v -1.848082 -0.566647 0.999286
v -1.858396 -0.565816 0.999613
v -1.867251 -0.566133 1.004967
v -1.872275 -0.567515 1.013913
v -1.872121 -0.569590 1.024055
v -1.863806 -0.500000 1.039471
v -1.854721 -0.500000 1.044435
v -1.844371 -0.500000 1.044191
v -1.835529 -0.500000 1.038806
v -1.830565 -0.500000 1.029721
v -1.830809 -0.500000 1.019371
v -1.836194 -0.500000 1.010529
v -1.845279 -0.500000 1.005565
v -1.855629 -0.500000 1.005808
v -1.864471 -0.500000 1.011194
v -1.869435 -0.500000 1.020279
v -1.869192 -0.500000 1.030629
vn -0.0000 0.9988 -0.0491
vn -0.0000 0.9892 -0.1467
vn -0.0000 0.9700 -0.2430
vn -0.0000 0.9415 -0.3369
vn -0.0000 0.9040 -0.4276
vn -0.0000 0.8577 -0.5141
vn -0.0000 0.8032 -0.5957
vn -0.0000 0.7410 -0.6716
vn -0.0000 0.6716 -0.7410
vn -0.0000 0.5957 -0.8032
vn -0.0000 0.5141 -0.8577
vn -0.0000 0.4276 -0.9040
vn -0.0000 0.3369 -0.9415
vn -0.0000 0.2430 -0.9700
vn -0.0000 0.1467 -0.9892
vn -0.0000 0.0491 -0.9988
vn -0.0000 -0.0491 -0.9988
vn -0.0000 -0.1467 -0.9892
vn -0.0000 -0.2430 -0.9700
vn -0.0000 -0.3369 -0.9415
vn -0.0000 -0.4276 -0.9040
vn -0.0000 -0.5141 -0.8577
vn -0.0000 -0.5957 -0.8032
vn -0.0000 -0.6716 -0.7410
vn -0.0000 -0.7410 -0.6716
vn -0.0000 -0.8032 -0.5957
vn -0.0000 -0.8577 -0.5141
vn -0.0000 -0.9040 -0.4276
vn -0.0000 -0.9415 -0.3369
vn -0.0000 -0.9700 -0.2430
vn -0.0000 -0.9892 -0.1467
vn -0.0000 -0.9988 -0.0491
vn -0.0000 -0.9988 0.0491
vn -0.0000 -0.9892 0.1467
vn -0.0000 -0.9700 0.2430
vn -0.0000 -0.9415 0.3369
vn -0.0000 -0.9040 0.4276
vn -0.0000 -0.8577 0.5141
vn -0.0000 -0.8032 0.5957
vn -0.0000 -0.7410 0.6716
vn -0.0000 -0.6716 0.7410
vn -0.0000 -0.5957 0.8032
vn -0.0000 -0.5141 0.8577
vn -0.0000 -0.4276 0.9040
vn -0.0000 -0.3369 0.9415
vn -0.0000 -0.2430 0.9700
vn -0.0000 -0.1467 0.9892
vn -0.0000 -0.0491 0.9988
vn -0.0000 0.0491 0.9988
vn -0.0000 0.1467 0.9892
vn -0.0000 0.2430 0.9700
vn -0.0000 0.3369 0.9415
vn -0.0000 0.4276 0.9040
vn -0.0000 0.5141 0.8577
vn -0.0000 0.5957 0.8032
vn -0.0000 0.6716 0.7410
vn -0.0000 0.7410 0.6716
vn -0.0000 0.8032 0.5957
vn -0.0000 0.8577 0.5141
vn -0.0000 0.9040 0.4276
vn -0.0000 0.9415 0.3369
vn -0.0000 0.9700 0.2430
vn 1.0000 -0.0000 -0.0000
vn -0.0000 0.9892 0.1467
vn -0.0000 0.9988 0.0491
vn -1.0000 -0.0000 -0.0000
vn -0.2502 -0.2502 -0.9353
vn -0.2178 -0.6901 -0.6901
vn -0.2502 -0.9353 -0.2502
vn -0.6901 -0.6901 -0.2178
vn -0.9353 -0.2502 -0.2502
vn -0.6901 -0.2178 -0.6901
vn -0.5774 -0.5773 -0.5773
vn -0.2502 -0.9353 0.2502
vn -0.2178 -0.6901 0.6901
vn -0.2502 -0.2502 0.9353
vn -0.6901 -0.2178 0.6901
vn -0.9353 -0.2502 0.2502
vn -0.6901 -0.6901 0.2178
vn -0.5773 -0.5774 0.5774
vn -0.2502 0.2502 -0.9353
vn -0.6901 0.2178 -0.6901
vn -0.9353 0.2502 -0.2502
vn -0.6901 0.6901 -0.2178
vn -0.2502 0.9353 -0.2502
vn -0.2178 0.6901 -0.6901
vn -0.5774 0.5773 -0.5773
vn -0.2502 0.2502 0.9353
vn -0.2178 0.6901 0.6901
vn -0.2502 0.9353 0.2502
vn -0.6901 0.6901 0.2178
vn -0.9353 0.2502 0.2502
vn -0.6901 0.2178 0.6901
vn -0.5773 0.5774 0.5774
vn 0.2502 -0.2502 -0.9353
vn 0.6901 -0.2178 -0.6901
vn 0.9353 -0.2502 -0.2502
vn 0.6901 -0.6901 -0.2178
vn 0.2502 -0.9353 -0.2502
vn 0.2178 -0.6901 -0.6901
vn 0.5773 -0.5774 -0.5774
vn 0.2502 -0.2502 0.9353
vn 0.2178 -0.6901 0.6901
vn 0.2502 -0.9353 0.2502
vn 0.6901 -0.6901 0.2178
vn 0.9353 -0.2502 0.2502
vn 0.6901 -0.2178 0.6901
vn 0.5774 -0.5773 0.5774
vn 0.2502 0.2502 -0.9353
vn 0.2178 0.6901 -0.6901
vn 0.2502 0.9353 -0.2502
vn 0.6901 0.6901 -0.2178
vn 0.9353 0.2502 -0.2502
vn 0.6901 0.2178 -0.6901
vn 0.5773 0.5774 -0.5774
vn 0.2502 0.2502 0.9353
vn 0.6901 0.2178 0.6901
vn 0.9353 0.2502 0.2502
vn 0.6901 0.6901 0.2178
vn 0.2502 0.9353 0.2502
vn 0.2178 0.6901 0.6901
vn 0.5774 0.5773 0.5774
vn -0.2585 -0.0000 -0.9660
vn -0.7071 -0.0000 -0.7071
vn -0.9660 -0.0000 -0.2585
vn -0.2585 -0.9660 -0.0000
vn -0.7071 -0.7071 -0.0000
vn -0.9660 -0.2585 -0.0000
vn -0.2585 -0.0000 0.9660
vn -0.7071 -0.0000 0.7071
vn -0.9660 -0.0000 0.2585
vn -0.2585 0.9660 -0.0000
vn -0.7071 0.7071 -0.0000
vn -0.9660 0.2585 -0.0000
vn -0.0000 0.2585 -0.9660
vn -0.0000 0.7071 -0.7071
vn -0.0000 0.9660 -0.2585
vn -0.0000 0.2585 0.9660
vn -0.0000 0.7071 0.7071
vn -0.0000 0.9660 0.2585
vn 0.9660 0.2585 -0.0000
vn 0.7071 0.7071 -0.0000
vn 0.2585 0.9660 -0.0000
vn 0.2585 -0.0000 -0.9660
vn 0.7071 -0.0000 -0.7071
vn 0.9660 -0.0000 -0.2585
vn 0.2585 -0.0000 0.9660
vn 0.7071 -0.0000 0.7071
vn 0.9660 -0.0000 0.2585
vn 0.2585 -0.9660 -0.0000
vn 0.7071 -0.7071 -0.0000
vn 0.9660 -0.2585 -0.0000
vn -0.0000 -0.2585 -0.9660
vn -0.0000 -0.7071 -0.7071
vn -0.0000 -0.9660 -0.2585
vn -0.0000 -0.2585 0.9660
vn -0.0000 -0.7071 0.7071
vn -0.0000 -0.9660 0.2585
vn -0.0000 -0.0000 -1.0000
vn -0.0000 -1.0000 -0.0000
vn -0.0000 -0.0000 1.0000
vn -0.0000 1.0000 -0.0000
vn -0.0000 0.6716 0.7409
vn -0.0000 0.9040 -0.4275
vn -0.0000 0.6716 -0.7409
vn -0.0000 -0.6716 -0.7409
vn -0.0000 -0.9040 -0.4275
vn -0.0000 -0.9040 0.4275
vn -0.0000 -0.6716 0.7409
vn -0.0000 0.9040 0.4275
vn 0.0654 0.9979 -0.0000
vn 0.1951 0.9808 -0.0000
vn 0.3214 0.9469 -0.0000
vn 0.4423 0.8969 -0.0000
vn 0.5556 0.8315 -0.0000
vn 0.6593 0.7518 -0.0000
vn 0.7518 0.6593 -0.0000
vn 0.8315 0.5556 -0.0000
vn 0.8969 0.4423 -0.0000
vn 0.9469 0.3214 -0.0000
vn 0.9808 0.1951 -0.0000
vn 0.9979 0.0654 -0.0000
vn 0.9979 -0.0654 -0.0000
vn 0.9808 -0.1951 -0.0000
vn 0.9469 -0.3214 -0.0000
vn 0.8969 -0.4423 -0.0000
vn 0.8315 -0.5556 -0.0000
vn 0.7518 -0.6593 -0.0000
vn 0.6593 -0.7518 -0.0000
vn 0.5556 -0.8315 -0.0000
vn 0.4423 -0.8969 -0.0000
vn 0.3214 -0.9469 -0.0000
vn 0.1951 -0.9808 -0.0000
vn 0.0654 -0.9979 -0.0000
vn -0.0654 -0.9979 -0.0000
vn -0.1951 -0.9808 -0.0000
vn -0.3214 -0.9469 -0.0000
vn -0.4423 -0.8969 -0.0000
vn -0.5556 -0.8315 -0.0000
vn -0.6593 -0.7518 -0.0000
vn -0.7518 -0.6593 -0.0000
vn -0.8315 -0.5556 -0.0000
vn -0.8969 -0.4423 -0.0000
vn -0.9469 -0.3214 -0.0000
vn -0.9808 -0.1951 -0.0000
vn -0.9979 -0.0654 -0.0000
vn -0.9979 0.0654 -0.0000
vn -0.9808 0.1951 -0.0000
vn -0.9469 0.3214 -0.0000
vn -0.8969 0.4423 -0.0000
vn -0.8315 0.5556 -0.0000
vn -0.7518 0.6593 -0.0000
vn -0.6593 0.7518 -0.0000
vn -0.5556 0.8315 -0.0000
vn -0.4423 0.8969 -0.0000
vn -0.3214 0.9469 -0.0000
vn -0.1951 0.9808 -0.0000
vn -0.0654 0.9979 -0.0000
vn 0.0654 -0.0000 0.9979
vn 0.1951 -0.0000 0.9808
vn 0.3214 -0.0000 0.9469
vn 0.4423 -0.0000 0.8969
vn 0.5556 -0.0000 0.8315
vn 0.6593 -0.0000 0.7518
vn 0.7518 -0.0000 0.6593
vn 0.8315 -0.0000 0.5556
vn 0.8969 -0.0000 0.4423
vn 0.9469 -0.0000 0.3214
vn 0.9808 -0.0000 0.1951
vn 0.9979 -0.0000 0.0654
vn 0.9979 -0.0000 -0.0654
vn 0.9808 -0.0000 -0.1951
vn 0.9469 -0.0000 -0.3214
vn 0.8969 -0.0000 -0.4423
vn 0.8315 -0.0000 -0.5555
vn 0.7518 -0.0000 -0.6594
vn 0.6593 -0.0000 -0.7518
vn 0.5556 -0.0000 -0.8315
vn 0.4423 -0.0000 -0.8969
vn 0.3214 -0.0000 -0.9469
vn 0.1951 -0.0000 -0.9808
vn 0.0654 -0.0000 -0.9979
vn -0.0654 -0.0000 -0.9979
vn -0.1951 -0.0000 -0.9808
vn -0.3214 -0.0000 -0.9469
vn -0.4423 -0.0000 -0.8969
vn -0.5556 -0.0000 -0.8315
vn -0.6594 -0.0000 -0.7518
vn -0.7518 -0.0000 -0.6593
vn -0.8315 -0.0000 -0.5556
vn -0.8969 -0.0000 -0.4423
vn -0.9469 -0.0000 -0.3214
vn -0.9808 -0.0000 -0.1951
vn -0.9979 -0.0000 -0.0654
vn -0.9979 -0.0000 0.0654
vn -0.9808 -0.0000 0.1951
vn -0.9469 -0.0000 0.3214
vn -0.8969 -0.0000 0.4423
vn -0.8315 -0.0000 0.5555
vn -0.7518 -0.0000 0.6594
vn -0.6594 -0.0000 0.7518
vn -0.5556 -0.0000 0.8315
vn -0.4423 -0.0000 0.8969
vn -0.3214 -0.0000 0.9469
vn -0.1951 -0.0000 0.9808
vn -0.0654 -0.0000 0.9979
vn -0.6593 -0.0000 -0.7518
vn -0.7519 -0.0000 -0.6593
vn -0.8315 -0.0000 0.5556
vn -0.7519 -0.0000 0.6593
vn -0.6593 -0.0000 0.7518
vn 0.5555 -0.0000 0.8315
vn 0.7519 -0.0000 0.6593
vn 0.8314 -0.0000 -0.5556
vn 0.7519 -0.0000 -0.6593
vn 0.6594 -0.0000 -0.7518
vn -0.8658 -0.4993 0.0329
vn -0.9983 -0.0019 0.0582
vn -0.9995 -0.0023 0.0300
vn -0.5025 -0.8641 0.0270
vn -0.8641 -0.4991 0.0656
vn -0.0049 -0.9999 0.0139
vn -0.5006 -0.8639 0.0556
vn 0.4953 -0.8687 -0.0029
vn -0.0037 -0.9995 0.0308
vn 0.8626 -0.5046 -0.0348
vn 0.8636 -0.5038 -0.0190
vn 0.9983 -0.0037 -0.0580
vn 0.9995 -0.0023 -0.0300
vn 0.8642 0.4989 -0.0656
vn 0.8653 0.5002 -0.0329
vn 0.4961 0.8665 -0.0554
vn 0.4971 0.8673 -0.0269
vn -0.0055 0.9995 -0.0303
vn -0.0050 0.9999 -0.0136
vn -0.5046 0.8634 0.0030
vn -0.5047 0.8633 0.0033
vn -0.8681 0.4961 0.0192
vn -0.8673 0.4965 0.0353
vn -0.9938 -0.0000 0.1114
vn -0.8581 -0.4966 0.1308
vn -0.4948 -0.8613 0.1155
vn 0.4952 -0.8687 -0.0022
vn 0.0001 -0.9976 0.0695
vn 0.8602 -0.5063 -0.0611
vn 0.9938 -0.0072 -0.1109
vn 0.8591 0.4948 -0.1307
vn 0.4917 0.8631 -0.1152
vn -0.0083 0.9976 -0.0685
vn -0.5051 0.8630 -0.0035
vn -0.8653 0.4974 0.0623
vn -0.9873 0.0034 0.1586
vn -0.8486 -0.4914 0.1962
vn -0.4850 -0.8554 0.1817
vn 0.4959 -0.8684 0.0049
vn 0.0073 -0.9929 0.1191
vn 0.8577 -0.5084 -0.0766
vn 0.9874 -0.0127 -0.1575
vn 0.8508 0.4876 -0.1960
vn 0.4835 0.8563 -0.1815
vn -0.0146 0.9929 -0.1178
vn -0.5078 0.8612 -0.0225
vn -0.8634 0.4984 0.0787
vn -0.9798 0.0085 0.2000
vn -0.8356 -0.4822 0.2631
vn -0.4704 -0.8444 0.2564
vn 0.4985 -0.8666 0.0247
vn 0.0193 -0.9831 0.1819
vn 0.8566 -0.5097 -0.0799
vn 0.9800 -0.0202 -0.1978
vn 0.8393 0.4761 -0.2626
vn 0.4707 0.8442 -0.2563
vn -0.0256 0.9832 -0.1805
vn -0.5142 0.8558 -0.0559
vn -0.8630 0.4983 0.0834
vn -0.9718 0.0150 0.2355
vn -0.8190 -0.4674 0.3330
vn -0.4499 -0.8250 0.3421
vn 0.5045 -0.8614 0.0591
vn 0.0376 -0.9646 0.2610
vn 0.8583 -0.5084 -0.0694
vn 0.9724 -0.0299 -0.2315
vn 0.8245 0.4584 -0.3317
vn 0.4525 0.8235 -0.3421
vn -0.0429 0.9648 -0.2594
vn -0.5260 0.8438 -0.1064
vn -0.8656 0.4951 0.0749
vn -0.9640 0.0227 0.2649
vn -0.7983 -0.4440 0.4069
vn -0.4223 -0.7919 0.4411
vn 0.5343 -0.8253 0.1826
vn 0.5158 -0.8495 0.1107
vn 0.8645 -0.5009 -0.0428
vn 0.9653 -0.0412 -0.2578
vn 0.8064 0.4318 -0.4041
vn 0.4277 0.7890 -0.4410
vn -0.0684 0.9314 -0.3576
vn -0.5453 0.8194 -0.1767
vn -0.8727 0.4856 0.0515
vn -0.9573 0.0307 0.2874
vn -0.7734 -0.4080 0.4851
vn 0.0642 -0.9311 0.3592
vn -0.3866 -0.7372 0.5542
vn 0.5619 -0.7796 0.2765
vn 0.8767 -0.4811 0.0015
vn 0.9599 -0.0528 -0.2753
vn 0.7850 0.3923 -0.4794
vn 0.3955 0.7328 -0.5538
vn -0.1035 0.8731 -0.4764
vn -0.5737 0.7738 -0.2686
vn -0.8858 0.4639 0.0117
vn -0.9526 0.0374 0.3021
vn -0.7454 -0.3542 0.5648
vn 0.1007 -0.8726 0.4780
vn -0.3434 -0.6503 0.6776
vn 0.5989 -0.6997 0.3896
vn 0.8958 -0.4399 0.0627
vn 0.9572 -0.0619 -0.2827
vn 0.7615 0.3358 -0.5544
vn 0.3566 0.6445 -0.6764
vn -0.1480 0.7766 -0.6123
vn -0.6115 0.6943 -0.3794
vn -0.9055 0.4220 -0.0435
vn -0.9504 0.0402 0.3083
vn -0.7172 -0.2790 0.6386
vn 0.1468 -0.7759 0.6135
vn -0.2974 -0.5226 0.7991
vn 0.1980 -0.6295 0.7514
vn 0.9204 -0.3676 0.1332
vn 0.9577 -0.0634 -0.2805
vn 0.7381 0.2606 -0.6223
vn 0.3149 0.5161 -0.7965
vn -0.1973 0.6300 -0.7511
vn -0.6550 0.5690 -0.4972
vn -0.9300 0.3514 -0.1076
vn -0.9510 0.0356 0.3070
vn -0.6944 -0.1860 0.6952
vn -0.2575 -0.3570 0.8979
vn 0.6419 -0.5733 0.5091
vn 0.2441 -0.4346 0.8669
vn 0.9450 -0.2612 0.1970
vn 0.9606 -0.0527 -0.2729
vn 0.7187 0.1718 -0.6738
vn 0.2782 0.3513 -0.8940
vn -0.2417 0.4345 -0.8676
vn -0.6948 0.3969 -0.5998
vn -0.9537 0.2497 -0.1674
vn -0.6817 -0.0884 0.7263
vn -0.2330 -0.1745 0.9567
vn 0.6824 -0.3999 0.6119
vn 0.2741 -0.2147 0.9374
vn 0.7098 -0.1993 0.6756
vn 0.9624 -0.1321 0.2373
vn 0.9634 -0.0297 -0.2664
vn 0.7063 0.0814 -0.7032
vn -0.2703 0.2141 -0.9387
vn -0.7204 0.1977 -0.6647
vn -0.9698 0.1267 -0.2082
vn -0.9532 0.0217 0.3016
vn -0.6784 -0.0408 0.7336
vn -0.2253 -0.0825 0.9708
vn 0.2821 -0.1023 0.9539
vn 0.7158 -0.0957 0.6917
vn 0.9665 -0.0642 0.2484
vn 0.9640 -0.0155 -0.2653
vn 0.2544 0.1711 -0.9518
vn 0.7011 0.0376 -0.7120
vn 0.2455 0.0806 -0.9660
vn -0.7248 0.0947 -0.6825
vn -0.9730 0.0619 -0.2224
vn -0.9546 0.0121 0.2976
vn -0.2635 -0.2635 -0.9280
vn -0.2635 -0.9280 -0.2635
vn -0.9280 -0.2635 -0.2635
vn -0.2635 -0.9280 0.2635
vn -0.2635 -0.2635 0.9280
vn -0.9280 -0.2635 0.2635
vn -0.2635 0.2635 -0.9280
vn -0.9280 0.2635 -0.2635
vn -0.2635 0.9280 -0.2635
vn -0.2635 0.2635 0.9280
vn -0.2635 0.9280 0.2635
vn -0.9280 0.2635 0.2635
vn 0.2635 -0.2635 -0.9280
vn 0.9280 -0.2635 -0.2635
vn 0.2635 -0.9280 -0.2635
vn 0.2635 -0.2635 0.9280
vn 0.2635 -0.9280 0.2635
vn 0.9280 -0.2635 0.2635
vn 0.2635 0.2635 -0.9280
vn 0.2635 0.9280 -0.2635
vn 0.9280 0.2635 -0.2635
vn 0.2635 0.2635 0.9280
vn 0.9280 0.2635 0.2635
vn 0.2635 0.9280 0.2635
vn -0.9660 -0.0000 0.2584
vn 1.0000 -0.0000 0.0002
vn 1.0000 -0.0000 0.0004
vn 1.0000 -0.0000 -0.0001
vn 1.0000 -0.0000 -0.0002
vn 1.0000 -0.0000 -0.0004
vn 1.0000 -0.0000 0.0001
vn -1.0000 -0.0000 0.0001
vn -1.0000 -0.0000 0.0002
vn -1.0000 -0.0000 -0.0002
vn -1.0000 -0.0000 0.0004
vn -1.0000 -0.0000 -0.0004
vn -1.0000 -0.0000 -0.0001
vn -1.0000 -0.0000 0.0043
vn -1.0000 -0.0000 0.0008
vn 1.0000 -0.0000 0.0007
vn 1.0000 -0.0000 -0.0005
vn -1.0000 -0.0000 -0.0043
vn -1.0000 -0.0000 -0.0008
vn 1.0000 -0.0000 -0.0007
vn 1.0000 -0.0000 0.0005
vn -0.0000 0.0001 1.0000
vn -0.0000 -0.0001 1.0000
vn 0.7518 -0.0000 0.6594
vn 0.8315 -0.0000 -0.5556
vn 0.7518 -0.0000 -0.6593
vn -0.7518 -0.0000 -0.6594
vn -0.7518 -0.0000 0.6593
vn -0.0001 -1.0000 -0.0000
vn 0.0001 -1.0000 -0.0000
vn -0.0001 1.0000 -0.0000
vn 0.0001 1.0000 -0.0000
vn -0.0002 1.0000 -0.0000
vn -0.8314 -0.0000 -0.5556
vn 0.6594 -0.0000 0.7518
vn 0.5555 -0.0000 -0.8315
vn -0.2778 0.1016 -0.9553
s 0
usemtl pipe_steel
f 2//1 3//1 1//1
f 4//2 5//2 3//2
f 6//3 7//3 5//3
f 8//4 9//4 7//4
f 10//5 11//5 9//5
f 12//6 13//6 11//6
f 14//7 15//7 13//7
f 16//8 17//8 15//8
f 18//9 19//9 17//9
f 20//10 21//10 19//10
f 22//11 23//11 21//11
f 24//12 25//12 23//12
f 26//13 27//13 25//13
f 28//14 29//14 27//14
f 30//15 31//15 29//15
f 32//16 33//16 31//16
f 34//17 35//17 33//17
f 36//18 37//18 35//18
f 38//19 39//19 37//19
f 40//20 41//20 39//20
f 42//21 43//21 41//21
f 44//22 45//22 43//22
f 46//23 47//23 45//23
f 48//24 49//24 47//24
f 50//25 51//25 49//25
f 52//26 53//26 51//26
f 54//27 55//27 53//27
f 56//28 57//28 55//28
f 58//29 59//29 57//29
f 60//30 61//30 59//30
f 62//31 63//31 61//31
f 64//32 65//32 63//32
f 66//33 67//33 65//33
f 68//34 69//34 67//34
f 70//35 71//35 69//35
f 72//36 73//36 71//36
f 74//37 75//37 73//37
f 76//38 77//38 75//38
f 78//39 79//39 77//39
f 80//40 81//40 79//40
f 82//41 83//41 81//41
f 84//42 85//42 83//42
f 86//43 87//43 85//43
f 88//44 89//44 87//44
f 90//45 91//45 89//45
f 92//46 93//46 91//46
f 94//47 95//47 93//47
f 96//48 97//48 95//48
f 98//49 99//49 97//49
f 100//50 101//50 99//50
f 102//51 103//51 101//51
f 104//52 105//52 103//52
f 106//53 107//53 105//53
f 108//54 109//54 107//54
f 110//55 111//55 109//55
f 112//56 113//56 111//56
f 114//57 115//57 113//57
f 116//58 117//58 115//58
f 118//59 119//59 117//59
f 120//60 121//60 119//60
f 122//61 123//61 121//61
f 124//62 125//62 123//62
f 70//63 38//63 6//63
f 126//64 127//64 125//64
f 128//65 1//65 127//65
f 63//66 95//66 127//66
f 738//1 739//1 737//1
f 740//2 741//2 739//2
f 742//3 743//3 741//3
f 744//4 745//4 743//4
f 746//5 747//5 745//5
f 748//6 749//6 747//6
f 750//7 751//7 749//7
f 752//8 753//8 751//8
f 754//9 755//9 753//9
f 756//10 757//10 755//10
f 758//11 759//11 757//11
f 760//12 761//12 759//12
f 762//13 763//13 761//13
f 764//14 765//14 763//14
f 766//15 767//15 765//15
f 768//16 769//16 767//16
f 770//17 771//17 769//17
f 772//18 773//18 771//18
f 774//19 775//19 773//19
f 776//20 777//20 775//20
f 778//21 779//21 777//21
f 780//22 781//22 779//22
f 782//23 783//23 781//23
f 784//24 785//24 783//24
f 786//25 787//25 785//25
f 788//26 789//26 787//26
f 790//27 791//27 789//27
f 792//28 793//28 791//28
f 794//29 795//29 793//29
f 796//30 797//30 795//30
f 798//31 799//31 797//31
f 800//32 801//32 799//32
f 802//33 803//33 801//33
f 804//34 805//34 803//34
f 806//35 807//35 805//35
f 808//36 809//36 807//36
f 810//37 811//37 809//37
f 812//38 813//38 811//38
f 814//39 815//39 813//39
f 816//40 817//40 815//40
f 818//41 819//41 817//41
f 820//42 821//42 819//42
f 822//43 823//43 821//43
f 824//44 825//44 823//44
f 826//45 827//45 825//45
f 828//46 829//46 827//46
f 830//47 831//47 829//47
f 832//48 833//48 831//48
f 834//49 835//49 833//49
f 836//50 837//50 835//50
f 838//51 839//51 837//51
f 840//52 841//52 839//52
f 842//53 843//53 841//53
f 844//54 845//54 843//54
f 846//55 847//55 845//55
f 848//163 849//163 847//163
f 850//57 851//57 849//57
f 852//58 853//58 851//58
f 854//59 855//59 853//59
f 856//60 857//60 855//60
f 858//61 859//61 857//61
f 860//62 861//62 859//62
f 806//63 774//63 742//63
f 862//64 863//64 861//64
f 864//65 737//65 863//65
f 799//66 831//66 863//66
f 1002//1 1003//1 1001//1
f 1004//2 1005//2 1003//2
f 1006//3 1007//3 1005//3
f 1008//4 1009//4 1007//4
f 1010//164 1011//164 1009//164
f 1012//6 1013//6 1011//6
f 1014//7 1015//7 1013//7
f 1016//8 1017//8 1015//8
f 1018//165 1019//165 1017//165
f 1020//10 1021//10 1019//10
f 1022//11 1023//11 1021//11
f 1024//12 1025//12 1023//12
f 1026//13 1027//13 1025//13
f 1028//14 1029//14 1027//14
f 1030//15 1031//15 1029//15
f 1032//16 1033//16 1031//16
f 1034//17 1035//17 1033//17
f 1036//18 1037//18 1035//18
f 1038//19 1039//19 1037//19
f 1040//20 1041//20 1039//20
f 1042//21 1043//21 1041//21
f 1044//22 1045//22 1043//22
f 1046//23 1047//23 1045//23
f 1048//166 1049//166 1047//166
f 1050//25 1051//25 1049//25
f 1052//26 1053//26 1051//26
f 1054//27 1055//27 1053//27
f 1056//167 1057//167 1055//167
f 1058//29 1059//29 1057//29
f 1060//30 1061//30 1059//30
f 1062//31 1063//31 1061//31
f 1064//32 1065//32 1063//32
f 1066//33 1067//33 1065//33
f 1068//34 1069//34 1067//34
f 1070//35 1071//35 1069//35
f 1072//36 1073//36 1071//36
f 1074//168 1075//168 1073//168
f 1076//38 1077//38 1075//38
f 1078//39 1079//39 1077//39
f 1080//40 1081//40 1079//40
f 1082//169 1083//169 1081//169
f 1084//42 1085//42 1083//42
f 1086//43 1087//43 1085//43
f 1088//44 1089//44 1087//44
f 1090//45 1091//45 1089//45
f 1092//46 1093//46 1091//46
f 1094//47 1095//47 1093//47
f 1096//48 1097//48 1095//48
f 1098//49 1099//49 1097//49
f 1100//50 1101//50 1099//50
f 1102//51 1103//51 1101//51
f 1104//52 1105//52 1103//52
f 1106//53 1107//53 1105//53
f 1108//54 1109//54 1107//54
f 1110//55 1111//55 1109//55
f 1112//163 1113//163 1111//163
f 1114//57 1115//57 1113//57
f 1116//58 1117//58 1115//58
f 1118//59 1119//59 1117//59
f 1120//170 1121//170 1119//170
f 1122//61 1123//61 1121//61
f 1124//62 1125//62 1123//62
f 1070//63 1038//63 1006//63
f 1126//64 1127//64 1125//64
f 1128//65 1001//65 1127//65
f 1063//66 1095//66 1127//66
f 1394//1 1395//1 1393//1
f 1396//2 1397//2 1395//2
f 1398//3 1399//3 1397//3
f 1400//4 1401//4 1399//4
f 1402//164 1403//164 1401//164
f 1404//6 1405//6 1403//6
f 1406//7 1407//7 1405//7
f 1408//8 1409//8 1407//8
f 1410//165 1411//165 1409//165
f 1412//10 1413//10 1411//10
f 1414//11 1415//11 1413//11
f 1416//12 1417//12 1415//12
f 1418//13 1419//13 1417//13
f 1420//14 1421//14 1419//14
f 1422//15 1423//15 1421//15
f 1424//16 1425//16 1423//16
f 1426//17 1427//17 1425//17
f 1428//18 1429//18 1427//18
f 1430//19 1431//19 1429//19
f 1432//20 1433//20 1431//20
f 1434//21 1435//21 1433//21
f 1436//22 1437//22 1435//22
f 1438//23 1439//23 1437//23
f 1440//166 1441//166 1439//166
f 1442//25 1443//25 1441//25
f 1444//26 1445//26 1443//26
f 1446//27 1447//27 1445//27
f 1448//167 1449//167 1447//167
f 1450//29 1451//29 1449//29
f 1452//30 1453//30 1451//30
f 1454//31 1455//31 1453//31
f 1456//32 1457//32 1455//32
f 1458//33 1459//33 1457//33
f 1460//34 1461//34 1459//34
f 1462//35 1463//35 1461//35
f 1464//36 1465//36 1463//36
f 1466//168 1467//168 1465//168
f 1468//38 1469//38 1467//38
f 1470//39 1471//39 1469//39
f 1472//40 1473//40 1471//40
f 1474//169 1475//169 1473//169
f 1476//42 1477//42 1475//42
f 1478//43 1479//43 1477//43
f 1480//44 1481//44 1479//44
f 1482//45 1483//45 1481//45
f 1484//46 1485//46 1483//46
f 1486//47 1487//47 1485//47
f 1488//48 1489//48 1487//48
f 1490//49 1491//49 1489//49
f 1492//50 1493//50 1491//50
f 1494//51 1495//51 1493//51
f 1496//52 1497//52 1495//52
f 1498//53 1499//53 1497//53
f 1500//54 1501//54 1499//54
f 1502//55 1503//55 1501//55
f 1504//163 1505//163 1503//163
f 1506//57 1507//57 1505//57
f 1508//58 1509//58 1507//58
f 1510//59 1511//59 1509//59
f 1512//170 1513//170 1511//170
f 1514//61 1515//61 1513//61
f 1516//62 1517//62 1515//62
f 1462//63 1430//63 1398//63
f 1518//64 1519//64 1517//64
f 1520//65 1393//65 1519//65
f 1455//66 1487//66 1519//66
f 1634//219 1635//219 1633//219
f 1636//220 1637//220 1635//220
f 1638//221 1639//221 1637//221
f 1640//222 1641//222 1639//222
f 1642//223 1643//223 1641//223
f 1644//224 1645//224 1643//224
f 1646//225 1647//225 1645//225
f 1648//226 1649//226 1647//226
f 1650//227 1651//227 1649//227
f 1652//228 1653//228 1651//228
f 1654//229 1655//229 1653//229
f 1656//230 1657//230 1655//230
f 1658//231 1659//231 1657//231
f 1660//232 1661//232 1659//232
f 1662//233 1663//233 1661//233
f 1664//234 1665//234 1663//234
f 1666//235 1667//235 1665//235
f 1668//236 1669//236 1667//236
f 1670//237 1671//237 1669//237
f 1672//238 1673//238 1671//238
f 1674//239 1675//239 1673//239
f 1676//240 1677//240 1675//240
f 1678//241 1679//241 1677//241
f 1680//242 1681//242 1679//242
f 1682//243 1683//243 1681//243
f 1684//244 1685//244 1683//244
f 1686//245 1687//245 1685//245
f 1688//246 1689//246 1687//246
f 1690//247 1691//247 1689//247
f 1692//248 1693//248 1691//248
f 1694//249 1695//249 1693//249
f 1696//250 1697//250 1695//250
f 1698//251 1699//251 1697//251
f 1700//252 1701//252 1699//252
f 1702//253 1703//253 1701//253
f 1704//254 1705//254 1703//254
f 1706//255 1707//255 1705//255
f 1708//256 1709//256 1707//256
f 1710//257 1711//257 1709//257
f 1712//258 1713//258 1711//258
f 1714//259 1715//259 1713//259
f 1716//260 1717//260 1715//260
f 1718//261 1719//261 1717//261
f 1720//262 1721//262 1719//262
f 1722//263 1723//263 1721//263
f 1724//264 1725//264 1723//264
f 1757//160 1758//160 1646//160
f 1696//160 1744//160 1743//160
f 1726//265 1727//265 1725//265
f 1728//266 1633//266 1727//266
f 1637//162 1779//162 1778//162
f 1695//162 1792//162 1793//162
f 1770//243 1820//243 1777//243
f 1776//244 1777//244 1778//244
f 1772//245 1778//245 1779//245
f 1755//246 1779//246 1780//246
f 1756//247 1780//247 1782//247
f 1757//267 1782//267 1781//267
f 1757//268 1789//268 1758//268
f 1758//250 1783//250 1760//250
f 1760//251 1785//251 1767//251
f 1767//252 1784//252 1766//252
f 1766//253 1788//253 1764//253
f 1764//254 1786//254 1762//254
f 1762//255 1787//255 1763//255
f 1763//256 1822//256 1761//256
f 1761//257 1821//257 1765//257
f 1765//258 1823//258 1759//258
f 1759//269 1800//269 1774//269
f 1774//270 1801//270 1773//270
f 1773//271 1799//271 1775//271
f 1775//262 1798//262 1751//262
f 1751//263 1797//263 1752//263
f 1752//264 1796//264 1750//264
f 1750//265 1802//265 1753//265
f 1753//266 1794//266 1748//266
f 1748//219 1795//219 1749//219
f 1749//220 1793//220 1754//220
f 1754//221 1792//221 1746//221
f 1746//222 1791//222 1747//222
f 1747//272 1790//272 1745//272
f 1745//224 1819//224 1744//224
f 1743//273 1819//273 1816//273
f 1742//226 1816//226 1817//226
f 1771//227 1817//227 1808//227
f 1768//228 1808//228 1806//228
f 1769//229 1806//229 1803//229
f 1729//230 1803//230 1804//230
f 1730//231 1804//231 1805//231
f 1734//232 1805//232 1807//232
f 1731//233 1807//233 1809//233
f 1733//234 1809//234 1811//234
f 1732//274 1811//274 1810//274
f 1741//275 1810//275 1815//275
f 1736//276 1815//276 1812//276
f 1735//238 1812//238 1814//238
f 1740//239 1814//239 1813//239
f 1737//240 1813//240 1818//240
f 1739//241 1818//241 1824//241
f 1738//242 1824//242 1820//242
s 1
f 1929//277 1952//278 1940//279
f 1930//280 1941//281 1929//277
f 1931//282 1942//283 1930//280
f 1932//284 1943//285 1931//282
f 1945//286 1932//284 1933//287
f 1946//288 1933//287 1934//289
f 1947//290 1934//289 1935//291
f 1948//292 1935//291 1936//293
f 1949//294 1936//293 1937//295
f 1950//296 1937//295 1938//297
f 1939//298 1950//296 1938//297
f 1940//279 1951//299 1939//298
f 1941//281 1964//300 1952//278
f 1942//283 1953//301 1941//281
f 1943//285 1954//302 1942//283
f 1944//303 1955//304 1943//285
f 1957//305 1944//303 1945//286
f 1958//306 1945//286 1946//288
f 1959//307 1946//288 1947//290
f 1960//308 1947//290 1948//292
f 1961//309 1948//292 1949//294
f 1962//310 1949//294 1950//296
f 1951//299 1962//310 1950//296
f 1952//278 1963//311 1951//299
f 1953//301 1976//312 1964//300
f 1954//302 1965//313 1953//301
f 1955//304 1966//314 1954//302
f 1956//315 1967//316 1955//304
f 1969//317 1956//315 1957//305
f 1970//318 1957//305 1958//306
f 1971//319 1958//306 1959//307
f 1972//320 1959//307 1960//308
f 1973//321 1960//308 1961//309
f 1974//322 1961//309 1962//310
f 1963//311 1974//322 1962//310
f 1964//300 1975//323 1963//311
f 1965//313 1988//324 1976//312
f 1966//314 1977//325 1965//313
f 1967//316 1978//326 1966//314
f 1968//327 1979//328 1967//316
f 1981//329 1968//327 1969//317
f 1982//330 1969//317 1970//318
f 1983//331 1970//318 1971//319
f 1984//332 1971//319 1972//320
f 1985//333 1972//320 1973//321
f 1986//334 1973//321 1974//322
f 1975//323 1986//334 1974//322
f 1976//312 1987//335 1975//323
f 1977//325 2000//336 1988//324
f 1978//326 1989//337 1977//325
f 1979//328 1990//338 1978//326
f 1980//339 1991//340 1979//328
f 1993//341 1980//339 1981//329
f 1994//342 1981//329 1982//330
f 1995//343 1982//330 1983//331
f 1996//344 1983//331 1984//332
f 1997//345 1984//332 1985//333
f 1998//346 1985//333 1986//334
f 1987//335 1998//346 1986//334
f 1988//324 1999//347 1987//335
f 1989//337 2012//348 2000//336
f 1990//338 2001//349 1989//337
f 1991//340 2002//350 1990//338
f 2004//351 1991//340 1992//352
f 2005//353 1992//352 1993//341
f 2006//354 1993//341 1994//342
f 2007//355 1994//342 1995//343
f 2008//356 1995//343 1996//344
f 2009//357 1996//344 1997//345
f 1998//346 2009//357 1997//345
f 1999//347 2010//358 1998//346
f 2000//336 2011//359 1999//347
f 2001//349 2024//360 2012//348
f 2002//350 2013//361 2001//349
f 2003//362 2014//363 2002//350
f 2016//364 2003//362 2004//351
f 2017//365 2004//351 2005//353
f 2018//366 2005//353 2006//354
f 2019//367 2006//354 2007//355
f 2020//368 2007//355 2008//356
f 2021//369 2008//356 2009//357
f 2010//358 2021//369 2009//357
f 2011//359 2022//370 2010//358
f 2012//348 2023//371 2011//359
f 2013//361 2036//372 2024//360
f 2014//363 2025//373 2013//361
f 2015//374 2026//375 2014//363
f 2028//376 2015//374 2016//364
f 2029//377 2016//364 2017//365
f 2030//378 2017//365 2018//366
f 2031//379 2018//366 2019//367
f 2032//380 2019//367 2020//368
f 2033//381 2020//368 2021//369
f 2022//370 2033//381 2021//369
f 2023//371 2034//382 2022//370
f 2024//360 2035//383 2023//371
f 2025//373 2048//384 2036//372
f 2026//375 2037//385 2025//373
f 2027//386 2038//387 2026//375
f 2028//376 2039//388 2027//386
f 2041//389 2028//376 2029//377
f 2042//390 2029//377 2030//378
f 2043//391 2030//378 2031//379
f 2044//392 2031//379 2032//380
f 2045//393 2032//380 2033//381
f 2046//394 2033//381 2034//382
f 2035//383 2046//394 2034//382
f 2036//372 2047//395 2035//383
f 2037//385 2060//396 2048//384
f 2038//387 2049//397 2037//385
f 2039//388 2050//398 2038//387
f 2040//399 2051//400 2039//388
f 2053//401 2040//399 2041//389
f 2054//402 2041//389 2042//390
f 2055//403 2042//390 2043//391
f 2056//404 2043//391 2044//392
f 2057//405 2044//392 2045//393
f 2058//406 2045//393 2046//394
f 2047//395 2058//406 2046//394
f 2048//384 2059//407 2047//395
f 2061//408 2060//396 2049//397
f 2062//409 2049//397 2050//398
f 2051//400 2062//409 2050//398
f 2052//410 2063//411 2051//400
f 2053//401 2064//412 2052//410
f 2054//402 2065//413 2053//401
f 2055//403 2066//414 2054//402
f 2056//404 2067//415 2055//403
f 2069//416 2056//404 2057//405
f 2070//417 2057//405 2058//406
f 2071//418 2058//406 2059//407
f 2072//419 2059//407 2060//396
f 2073//420 2072//419 2061//408
f 2074//421 2061//408 2062//409
f 2075//422 2062//409 2063//411
f 2064//412 2075//422 2063//411
f 2065//413 2076//423 2064//412
f 2066//414 2077//424 2065//413
f 2067//415 2078//425 2066//414
f 2068//426 2079//427 2067//415
f 2069//416 2080//428 2068//426
f 2082//429 2069//416 2070//417
f 2083//430 2070//417 2071//418
f 2084//431 2071//418 2072//419
s 0
f 2//1 4//1 3//1
f 4//2 6//2 5//2
f 6//3 8//3 7//3
f 8//4 10//4 9//4
f 10//5 12//5 11//5
f 12//6 14//6 13//6
f 14//7 16//7 15//7
f 16//8 18//8 17//8
f 18//9 20//9 19//9
f 20//10 22//10 21//10
f 22//11 24//11 23//11
f 24//12 26//12 25//12
f 26//13 28//13 27//13
f 28//14 30//14 29//14
f 30//15 32//15 31//15
f 32//16 34//16 33//16
f 34//17 36//17 35//17
f 36//18 38//18 37//18
f 38//19 40//19 39//19
f 40//20 42//20 41//20
f 42//21 44//21 43//21
f 44//22 46//22 45//22
f 46//23 48//23 47//23
f 48//24 50//24 49//24
f 50//25 52//25 51//25
f 52//26 54//26 53//26
f 54//27 56//27 55//27
f 56//28 58//28 57//28
f 58//29 60//29 59//29
f 60//30 62//30 61//30
f 62//31 64//31 63//31
f 64//32 66//32 65//32
f 66//33 68//33 67//33
f 68//34 70//34 69//34
f 70//35 72//35 71//35
f 72//36 74//36 73//36
f 74//37 76//37 75//37
f 76//38 78//38 77//38
f 78//39 80//39 79//39
f 80//40 82//40 81//40
f 82//41 84//41 83//41
f 84//42 86//42 85//42
f 86//43 88//43 87//43
f 88//44 90//44 89//44
f 90//45 92//45 91//45
f 92//46 94//46 93//46
f 94//47 96//47 95//47
f 96//48 98//48 97//48
f 98//49 100//49 99//49
f 100//50 102//50 101//50
f 102//51 104//51 103//51
f 104//52 106//52 105//52
f 106//53 108//53 107//53
f 108//54 110//54 109//54
f 110//55 112//55 111//55
f 112//56 114//56 113//56
f 114//57 116//57 115//57
f 116//58 118//58 117//58
f 118//59 120//59 119//59
f 120//60 122//60 121//60
f 122//61 124//61 123//61
f 124//62 126//62 125//62
f 6//63 4//63 2//63
f 2//63 128//63 126//63
f 126//63 124//63 122//63
f 122//63 120//63 118//63
f 118//63 116//63 114//63
f 114//63 112//63 110//63
f 110//63 108//63 106//63
f 106//63 104//63 102//63
f 102//63 100//63 98//63
f 98//63 96//63 94//63
f 94//63 92//63 90//63
f 90//63 88//63 86//63
f 86//63 84//63 82//63
f 82//63 80//63 78//63
f 78//63 76//63 74//63
f 74//63 72//63 70//63
f 70//63 68//63 66//63
f 66//63 64//63 62//63
f 62//63 60//63 58//63
f 58//63 56//63 54//63
f 54//63 52//63 50//63
f 50//63 48//63 46//63
f 46//63 44//63 42//63
f 42//63 40//63 38//63
f 38//63 36//63 34//63
f 34//63 32//63 30//63
f 30//63 28//63 26//63
f 26//63 24//63 22//63
f 22//63 20//63 18//63
f 18//63 16//63 14//63
f 14//63 12//63 10//63
f 10//63 8//63 6//63
f 6//63 2//63 126//63
f 126//63 122//63 118//63
f 118//63 114//63 110//63
f 110//63 106//63 102//63
f 102//63 98//63 94//63
f 94//63 90//63 86//63
f 86//63 82//63 78//63
f 78//63 74//63 70//63
f 70//63 66//63 62//63
f 62//63 58//63 54//63
f 54//63 50//63 46//63
f 46//63 42//63 38//63
f 38//63 34//63 30//63
f 30//63 26//63 22//63
f 22//63 18//63 14//63
f 14//63 10//63 6//63
f 6//63 126//63 118//63
f 118//63 110//63 102//63
f 102//63 94//63 86//63
f 86//63 78//63 70//63
f 70//63 62//63 54//63
f 54//63 46//63 38//63
f 38//63 30//63 22//63
f 22//63 14//63 6//63
f 6//63 118//63 102//63
f 102//63 86//63 70//63
f 70//63 54//63 38//63
f 38//63 22//63 6//63
f 6//63 102//63 70//63
f 126//64 128//64 127//64
f 128//65 2//65 1//65
f 127//66 1//66 3//66
f 3//66 5//66 7//66
f 7//66 9//66 11//66
f 11//66 13//66 15//66
f 15//66 17//66 19//66
f 19//66 21//66 23//66
f 23//66 25//66 27//66
f 27//66 29//66 31//66
f 31//66 33//66 35//66
f 35//66 37//66 39//66
f 39//66 41//66 43//66
f 43//66 45//66 47//66
f 47//66 49//66 51//66
f 51//66 53//66 55//66
f 55//66 57//66 59//66
f 59//66 61//66 63//66
f 63//66 65//66 67//66
f 67//66 69//66 71//66
f 71//66 73//66 75//66
f 75//66 77//66 79//66
f 79//66 81//66 83//66
f 83//66 85//66 87//66
f 87//66 89//66 91//66
f 91//66 93//66 95//66
f 95//66 97//66 99//66
f 99//66 101//66 103//66
f 103//66 105//66 107//66
f 107//66 109//66 111//66
f 111//66 113//66 115//66
f 115//66 117//66 119//66
f 119//66 121//66 123//66
f 123//66 125//66 127//66
f 127//66 3//66 7//66
f 7//66 11//66 15//66
f 15//66 19//66 23//66
f 23//66 27//66 31//66
f 31//66 35//66 39//66
f 39//66 43//66 47//66
f 47//66 51//66 55//66
f 55//66 59//66 63//66
f 63//66 67//66 71//66
f 71//66 75//66 79//66
f 79//66 83//66 87//66
f 87//66 91//66 95//66
f 95//66 99//66 103//66
f 103//66 107//66 111//66
f 111//66 115//66 119//66
f 119//66 123//66 127//66
f 127//66 7//66 15//66
f 15//66 23//66 31//66
f 31//66 39//66 47//66
f 47//66 55//66 63//66
f 63//66 71//66 79//66
f 79//66 87//66 95//66
f 95//66 103//66 111//66
f 111//66 119//66 127//66
f 127//66 15//66 31//66
f 31//66 47//66 63//66
f 63//66 79//66 95//66
f 95//66 111//66 127//66
f 127//66 31//66 63//66
f 738//1 740//1 739//1
f 740//2 742//2 741//2
f 742//3 744//3 743//3
f 744//4 746//4 745//4
f 746//5 748//5 747//5
f 748//6 750//6 749//6
f 750//7 752//7 751//7
f 752//8 754//8 753//8
f 754//9 756//9 755//9
f 756//10 758//10 757//10
f 758//11 760//11 759//11
f 760//12 762//12 761//12
f 762//13 764//13 763//13
f 764//14 766//14 765//14
f 766//15 768//15 767//15
f 768//16 770//16 769//16
f 770//17 772//17 771//17
f 772//18 774//18 773//18
f 774//19 776//19 775//19
f 776//20 778//20 777//20
f 778//21 780//21 779//21
f 780//22 782//22 781//22
f 782//23 784//23 783//23
f 784//24 786//24 785//24
f 786//25 788//25 787//25
f 788//26 790//26 789//26
f 790//27 792//27 791//27
f 792//28 794//28 793//28
f 794//29 796//29 795//29
f 796//30 798//30 797//30
f 798//31 800//31 799//31
f 800//32 802//32 801//32
f 802//33 804//33 803//33
f 804//34 806//34 805//34
f 806//35 808//35 807//35
f 808//36 810//36 809//36
f 810//37 812//37 811//37
f 812//38 814//38 813//38
f 814//39 816//39 815//39
f 816//40 818//40 817//40
f 818//169 820//169 819//169
f 820//42 822//42 821//42
f 822//43 824//43 823//43
f 824//44 826//44 825//44
f 826//45 828//45 827//45
f 828//46 830//46 829//46
f 830//47 832//47 831//47
f 832//48 834//48 833//48
f 834//49 836//49 835//49
f 836//50 838//50 837//50
f 838//51 840//51 839//51
f 840//52 842//52 841//52
f 842//53 844//53 843//53
f 844//54 846//54 845//54
f 846//55 848//55 847//55
f 848//56 850//56 849//56
f 850//57 852//57 851//57
f 852//58 854//58 853//58
f 854//59 856//59 855//59
f 856//60 858//60 857//60
f 858//61 860//61 859//61
f 860//62 862//62 861//62
f 742//63 740//63 738//63
f 738//63 864//63 862//63
f 862//63 860//63 858//63
f 858//457 856//457 854//457
f 854//458 852//458 850//458
f 850//63 848//63 846//63
f 846//63 844//63 842//63
f 842//458 840//458 838//458
f 838//63 836//63 834//63
f 834//63 832//63 830//63
f 830//458 828//458 826//458
f 826//63 824//63 822//63
f 822//63 820//63 818//63
f 818//457 816//457 814//457
f 814//457 812//457 810//457
f 810//459 808//459 806//459
f 806//63 804//63 802//63
f 802//63 800//63 798//63
f 798//63 796//63 794//63
f 794//460 792//460 790//460
f 790//461 788//461 786//461
f 786//63 784//63 782//63
f 782//63 780//63 778//63
f 778//461 776//461 774//461
f 774//63 772//63 770//63
f 770//63 768//63 766//63
f 766//461 764//461 762//461
f 762//63 760//63 758//63
f 758//63 756//63 754//63
f 754//460 752//460 750//460
f 750//460 748//460 746//460
f 746//462 744//462 742//462
f 742//63 738//63 862//63
f 862//63 858//63 854//63
f 854//63 850//63 846//63
f 846//63 842//63 838//63
f 838//63 834//63 830//63
f 830//63 826//63 822//63
f 822//63 818//63 814//63
f 814//63 810//63 806//63
f 806//63 802//63 798//63
f 798//63 794//63 790//63
f 790//63 786//63 782//63
f 782//63 778//63 774//63
f 774//63 770//63 766//63
f 766//63 762//63 758//63
f 758//63 754//63 750//63
f 750//63 746//63 742//63
f 742//63 862//63 854//63
f 854//63 846//63 838//63
f 838//459 830//459 822//459
f 822//63 814//63 806//63
f 806//63 798//63 790//63
f 790//63 782//63 774//63
f 774//462 766//462 758//462
f 758//63 750//63 742//63
f 742//63 854//63 838//63
f 838//63 822//63 806//63
f 806//63 790//63 774//63
f 774//63 758//63 742//63
f 742//63 838//63 806//63
f 862//64 864//64 863//64
f 864//65 738//65 737//65
f 863//66 737//66 739//66
f 739//463 741//463 743//463
f 743//464 745//464 747//464
f 747//465 749//465 751//465
f 751//66 753//66 755//66
f 755//466 757//466 759//466
f 759//66 761//66 763//66
f 763//467 765//467 767//467
f 767//66 769//66 771//66
f 771//467 773//467 775//467
f 775//66 777//66 779//66
f 779//466 781//466 783//466
f 783//66 785//66 787//66
f 787//465 789//465 791//465
f 791//464 793//464 795//464
f 795//66 797//66 799//66
f 799//66 801//66 803//66
f 803//468 805//468 807//468
f 807//465 809//465 811//465
f 811//464 813//464 815//464
f 815//66 817//66 819//66
f 819//467 821//467 823//467
f 823//66 825//66 827//66
f 827//466 829//466 831//466
f 831//66 833//66 835//66
f 835//466 837//466 839//466
f 839//66 841//66 843//66
f 843//467 845//467 847//467
f 847//66 849//66 851//66
f 851//464 853//464 855//464
f 855//465 857//465 859//465
f 859//66 861//66 863//66
f 863//66 739//66 743//66
f 743//66 747//66 751//66
f 751//66 755//66 759//66
f 759//463 763//463 767//463
f 767//463 771//463 775//463
f 775//468 779//468 783//468
f 783//66 787//66 791//66
f 791//66 795//66 799//66
f 799//66 803//66 807//66
f 807//66 811//66 815//66
f 815//66 819//66 823//66
f 823//468 827//468 831//468
f 831//468 835//468 839//468
f 839//463 843//463 847//463
f 847//66 851//66 855//66
f 855//66 859//66 863//66
f 863//66 743//66 751//66
f 751//66 759//66 767//66
f 767//66 775//66 783//66
f 783//66 791//66 799//66
f 799//66 807//66 815//66
f 815//66 823//66 831//66
f 831//66 839//66 847//66
f 847//66 855//66 863//66
f 863//66 751//66 767//66
f 767//66 783//66 799//66
f 799//66 815//66 831//66
f 831//66 847//66 863//66
f 863//66 767//66 799//66
f 1002//1 1004//1 1003//1
f 1004//2 1006//2 1005//2
f 1006//3 1008//3 1007//3
f 1008//4 1010//4 1009//4
f 1010//164 1012//164 1011//164
f 1012//6 1014//6 1013//6
f 1014//7 1016//7 1015//7
f 1016//8 1018//8 1017//8
f 1018//165 1020//165 1019//165
f 1020//10 1022//10 1021//10
f 1022//11 1024//11 1023//11
f 1024//12 1026//12 1025//12
f 1026//13 1028//13 1027//13
f 1028//14 1030//14 1029//14
f 1030//15 1032//15 1031//15
f 1032//16 1034//16 1033//16
f 1034//17 1036//17 1035//17
f 1036//18 1038//18 1037//18
f 1038//19 1040//19 1039//19
f 1040//20 1042//20 1041//20
f 1042//21 1044//21 1043//21
f 1044//22 1046//22 1045//22
f 1046//23 1048//23 1047//23
f 1048//166 1050//166 1049//166
f 1050//25 1052//25 1051//25
f 1052//26 1054//26 1053//26
f 1054//27 1056//27 1055//27
f 1056//167 1058//167 1057//167
f 1058//29 1060//29 1059//29
f 1060//30 1062//30 1061//30
f 1062//31 1064//31 1063//31
f 1064//32 1066//32 1065//32
f 1066//33 1068//33 1067//33
f 1068//34 1070//34 1069//34
f 1070//35 1072//35 1071//35
f 1072//36 1074//36 1073//36
f 1074//168 1076//168 1075//168
f 1076//38 1078//38 1077//38
f 1078//39 1080//39 1079//39
f 1080//40 1082//40 1081//40
f 1082//169 1084//169 1083//169
f 1084//42 1086//42 1085//42
f 1086//43 1088//43 1087//43
f 1088//44 1090//44 1089//44
f 1090//45 1092//45 1091//45
f 1092//46 1094//46 1093//46
f 1094//47 1096//47 1095//47
f 1096//48 1098//48 1097//48
f 1098//49 1100//49 1099//49
f 1100//50 1102//50 1101//50
f 1102//51 1104//51 1103//51
f 1104//52 1106//52 1105//52
f 1106//53 1108//53 1107//53
f 1108//54 1110//54 1109//54
f 1110//55 1112//55 1111//55
f 1112//163 1114//163 1113//163
f 1114//57 1116//57 1115//57
f 1116//58 1118//58 1117//58
f 1118//59 1120//59 1119//59
f 1120//170 1122//170 1121//170
f 1122//61 1124//61 1123//61
f 1124//62 1126//62 1125//62
f 1006//63 1004//63 1002//63
f 1002//63 1128//63 1126//63
f 1126//63 1124//63 1122//63
f 1122//63 1120//63 1118//63
f 1118//63 1116//63 1114//63
f 1114//63 1112//63 1110//63
f 1110//63 1108//63 1106//63
f 1106//63 1104//63 1102//63
f 1102//63 1100//63 1098//63
f 1098//63 1096//63 1094//63
f 1094//63 1092//63 1090//63
f 1090//63 1088//63 1086//63
f 1086//63 1084//63 1082//63
f 1082//63 1080//63 1078//63
f 1078//63 1076//63 1074//63
f 1074//63 1072//63 1070//63
f 1070//63 1068//63 1066//63
f 1066//63 1064//63 1062//63
f 1062//63 1060//63 1058//63
f 1058//63 1056//63 1054//63
f 1054//63 1052//63 1050//63
f 1050//63 1048//63 1046//63
f 1046//63 1044//63 1042//63
f 1042//63 1040//63 1038//63
f 1038//63 1036//63 1034//63
f 1034//63 1032//63 1030//63
f 1030//63 1028//63 1026//63
f 1026//63 1024//63 1022//63
f 1022//63 1020//63 1018//63
f 1018//63 1016//63 1014//63
f 1014//63 1012//63 1010//63
f 1010//63 1008//63 1006//63
f 1006//63 1002//63 1126//63
f 1126//63 1122//63 1118//63
f 1118//63 1114//63 1110//63
f 1110//63 1106//63 1102//63
f 1102//63 1098//63 1094//63
f 1094//63 1090//63 1086//63
f 1086//63 1082//63 1078//63
f 1078//63 1074//63 1070//63
f 1070//63 1066//63 1062//63
f 1062//63 1058//63 1054//63
f 1054//63 1050//63 1046//63
f 1046//63 1042//63 1038//63
f 1038//63 1034//63 1030//63
f 1030//63 1026//63 1022//63
f 1022//63 1018//63 1014//63
f 1014//63 1010//63 1006//63
f 1006//63 1126//63 1118//63
f 1118//63 1110//63 1102//63
f 1102//63 1094//63 1086//63
f 1086//63 1078//63 1070//63
f 1070//63 1062//63 1054//63
f 1054//63 1046//63 1038//63
f 1038//63 1030//63 1022//63
f 1022//63 1014//63 1006//63
f 1006//63 1118//63 1102//63
f 1102//63 1086//63 1070//63
f 1070//63 1054//63 1038//63
f 1038//63 1022//63 1006//63
f 1006//63 1102//63 1070//63
f 1126//64 1128//64 1127//64
f 1128//65 1002//65 1001//65
f 1127//66 1001//66 1003//66
f 1003//66 1005//66 1007//66
f 1007//465 1009//465 1011//465
f 1011//66 1013//66 1015//66
f 1015//467 1017//467 1019//467
f 1019//66 1021//66 1023//66
f 1023//66 1025//66 1027//66
f 1027//467 1029//467 1031//467
f 1031//66 1033//66 1035//66
f 1035//467 1037//467 1039//467
f 1039//66 1041//66 1043//66
f 1043//66 1045//66 1047//66
f 1047//467 1049//467 1051//467
f 1051//66 1053//66 1055//66
f 1055//465 1057//465 1059//465
f 1059//66 1061//66 1063//66
f 1063//66 1065//66 1067//66
f 1067//66 1069//66 1071//66
f 1071//464 1073//464 1075//464
f 1075//66 1077//66 1079//66
f 1079//466 1081//466 1083//466
f 1083//66 1085//66 1087//66
f 1087//66 1089//66 1091//66
f 1091//466 1093//466 1095//466
f 1095//66 1097//66 1099//66
f 1099//466 1101//466 1103//466
f 1103//66 1105//66 1107//66
f 1107//66 1109//66 1111//66
f 1111//466 1113//466 1115//466
f 1115//66 1117//66 1119//66
f 1119//464 1121//464 1123//464
f 1123//66 1125//66 1127//66
f 1127//66 1003//66 1007//66
f 1007//66 1011//66 1015//66
f 1015//463 1019//463 1023//463
f 1023//463 1027//463 1031//463
f 1031//66 1035//66 1039//66
f 1039//66 1043//66 1047//66
f 1047//463 1051//463 1055//463
f 1055//66 1059//66 1063//66
f 1063//66 1067//66 1071//66
f 1071//66 1075//66 1079//66
f 1079//468 1083//468 1087//468
f 1087//468 1091//468 1095//468
f 1095//66 1099//66 1103//66
f 1103//66 1107//66 1111//66
f 1111//468 1115//468 1119//468
f 1119//66 1123//66 1127//66
f 1127//66 1007//66 1015//66
f 1015//66 1023//66 1031//66
f 1031//66 1039//66 1047//66
f 1047//66 1055//66 1063//66
f 1063//66 1071//66 1079//66
f 1079//66 1087//66 1095//66
f 1095//66 1103//66 1111//66
f 1111//66 1119//66 1127//66
f 1127//66 1015//66 1031//66
f 1031//66 1047//66 1063//66
f 1063//66 1079//66 1095//66
f 1095//66 1111//66 1127//66
f 1127//66 1031//66 1063//66
f 1394//1 1396//1 1395//1
f 1396//2 1398//2 1397//2
f 1398//3 1400//3 1399//3
f 1400//4 1402//4 1401//4
f 1402//164 1404//164 1403//164
f 1404//6 1406//6 1405//6
f 1406//7 1408//7 1407//7
f 1408//8 1410//8 1409//8
f 1410//165 1412//165 1411//165
f 1412//10 1414//10 1413//10
f 1414//11 1416//11 1415//11
f 1416//12 1418//12 1417//12
f 1418//13 1420//13 1419//13
f 1420//14 1422//14 1421//14
f 1422//15 1424//15 1423//15
f 1424//16 1426//16 1425//16
f 1426//17 1428//17 1427//17
f 1428//18 1430//18 1429//18
f 1430//19 1432//19 1431//19
f 1432//20 1434//20 1433//20
f 1434//21 1436//21 1435//21
f 1436//22 1438//22 1437//22
f 1438//23 1440//23 1439//23
f 1440//166 1442//166 1441//166
f 1442//25 1444//25 1443//25
f 1444//26 1446//26 1445//26
f 1446//27 1448//27 1447//27
f 1448//167 1450//167 1449//167
f 1450//29 1452//29 1451//29
f 1452//30 1454//30 1453//30
f 1454//31 1456//31 1455//31
f 1456//32 1458//32 1457//32
f 1458//33 1460//33 1459//33
f 1460//34 1462//34 1461//34
f 1462//35 1464//35 1463//35
f 1464//36 1466//36 1465//36
f 1466//168 1468//168 1467//168
f 1468//38 1470//38 1469//38
f 1470//39 1472//39 1471//39
f 1472//40 1474//40 1473//40
f 1474//169 1476//169 1475//169
f 1476//42 1478//42 1477//42
f 1478//43 1480//43 1479//43
f 1480//44 1482//44 1481//44
f 1482//45 1484//45 1483//45
f 1484//46 1486//46 1485//46
f 1486//47 1488//47 1487//47
f 1488//48 1490//48 1489//48
f 1490//49 1492//49 1491//49
f 1492//50 1494//50 1493//50
f 1494//51 1496//51 1495//51
f 1496//52 1498//52 1497//52
f 1498//53 1500//53 1499//53
f 1500//54 1502//54 1501//54
f 1502//55 1504//55 1503//55
f 1504//163 1506//163 1505//163
f 1506//57 1508//57 1507//57
f 1508//58 1510//58 1509//58
f 1510//59 1512//59 1511//59
f 1512//170 1514//170 1513//170
f 1514//61 1516//61 1515//61
f 1516//62 1518//62 1517//62
f 1398//63 1396//63 1394//63
f 1394//63 1520//63 1518//63
f 1518//63 1516//63 1514//63
f 1514//63 1512//63 1510//63
f 1510//63 1508//63 1506//63
f 1506//63 1504//63 1502//63
f 1502//63 1500//63 1498//63
f 1498//63 1496//63 1494//63
f 1494//63 1492//63 1490//63
f 1490//63 1488//63 1486//63
f 1486//63 1484//63 1482//63
f 1482//63 1480//63 1478//63
f 1478//63 1476//63 1474//63
f 1474//63 1472//63 1470//63
f 1470//63 1468//63 1466//63
f 1466//63 1464//63 1462//63
f 1462//63 1460//63 1458//63
f 1458//63 1456//63 1454//63
f 1454//63 1452//63 1450//63
f 1450//63 1448//63 1446//63
f 1446//63 1444//63 1442//63
f 1442//63 1440//63 1438//63
f 1438//63 1436//63 1434//63
f 1434//63 1432//63 1430//63
f 1430//63 1428//63 1426//63
f 1426//63 1424//63 1422//63
f 1422//63 1420//63 1418//63
f 1418//63 1416//63 1414//63
f 1414//63 1412//63 1410//63
f 1410//63 1408//63 1406//63
f 1406//63 1404//63 1402//63
f 1402//63 1400//63 1398//63
f 1398//63 1394//63 1518//63
f 1518//63 1514//63 1510//63
f 1510//63 1506//63 1502//63
f 1502//63 1498//63 1494//63
f 1494//63 1490//63 1486//63
f 1486//63 1482//63 1478//63
f 1478//63 1474//63 1470//63
f 1470//63 1466//63 1462//63
f 1462//63 1458//63 1454//63
f 1454//63 1450//63 1446//63
f 1446//63 1442//63 1438//63
f 1438//63 1434//63 1430//63
f 1430//63 1426//63 1422//63
f 1422//63 1418//63 1414//63
f 1414//63 1410//63 1406//63
f 1406//63 1402//63 1398//63
f 1398//63 1518//63 1510//63
f 1510//63 1502//63 1494//63
f 1494//63 1486//63 1478//63
f 1478//63 1470//63 1462//63
f 1462//63 1454//63 1446//63
f 1446//63 1438//63 1430//63
f 1430//63 1422//63 1414//63
f 1414//63 1406//63 1398//63
f 1398//63 1510//63 1494//63
f 1494//63 1478//63 1462//63
f 1462//63 1446//63 1430//63
f 1430//63 1414//63 1398//63
f 1398//63 1494//63 1462//63
f 1518//64 1520//64 1519//64
f 1520//65 1394//65 1393//65
f 1519//66 1393//66 1395//66
f 1395//66 1397//66 1399//66
f 1399//465 1401//465 1403//465
f 1403//66 1405//66 1407//66
f 1407//467 1409//467 1411//467
f 1411//66 1413//66 1415//66
f 1415//66 1417//66 1419//66
f 1419//467 1421//467 1423//467
f 1423//66 1425//66 1427//66
f 1427//467 1429//467 1431//467
f 1431//66 1433//66 1435//66
f 1435//66 1437//66 1439//66
f 1439//467 1441//467 1443//467
f 1443//66 1445//66 1447//66
f 1447//465 1449//465 1451//465
f 1451//66 1453//66 1455//66
f 1455//66 1457//66 1459//66
f 1459//66 1461//66 1463//66
f 1463//464 1465//464 1467//464
f 1467//66 1469//66 1471//66
f 1471//466 1473//466 1475//466
f 1475//66 1477//66 1479//66
f 1479//66 1481//66 1483//66
f 1483//466 1485//466 1487//466
f 1487//66 1489//66 1491//66
f 1491//466 1493//466 1495//466
f 1495//66 1497//66 1499//66
f 1499//66 1501//66 1503//66
f 1503//466 1505//466 1507//466
f 1507//66 1509//66 1511//66
f 1511//464 1513//464 1515//464
f 1515//66 1517//66 1519//66
f 1519//66 1395//66 1399//66
f 1399//66 1403//66 1407//66
f 1407//463 1411//463 1415//463
f 1415//463 1419//463 1423//463
f 1423//66 1427//66 1431//66
f 1431//66 1435//66 1439//66
f 1439//463 1443//463 1447//463
f 1447//66 1451//66 1455//66
f 1455//66 1459//66 1463//66
f 1463//66 1467//66 1471//66
f 1471//468 1475//468 1479//468
f 1479//468 1483//468 1487//468
f 1487//66 1491//66 1495//66
f 1495//66 1499//66 1503//66
f 1503//468 1507//468 1511//468
f 1511//66 1515//66 1519//66
f 1519//66 1399//66 1407//66
f 1407//66 1415//66 1423//66
f 1423//66 1431//66 1439//66
f 1439//66 1447//66 1455//66
f 1455//66 1463//66 1471//66
f 1471//66 1479//66 1487//66
f 1487//66 1495//66 1503//66
f 1503//66 1511//66 1519//66
f 1519//66 1407//66 1423//66
f 1423//66 1439//66 1455//66
f 1455//66 1471//66 1487//66
f 1487//66 1503//66 1519//66
f 1519//66 1423//66 1455//66
f 1634//219 1636//219 1635//219
f 1636//220 1638//220 1637//220
f 1638//221 1640//221 1639//221
f 1640//222 1642//222 1641//222
f 1642//223 1644//223 1643//223
f 1644//224 1646//224 1645//224
f 1646//479 1648//479 1647//479
f 1648//226 1650//226 1649//226
f 1650//227 1652//227 1651//227
f 1652//228 1654//228 1653//228
f 1654//229 1656//229 1655//229
f 1656//230 1658//230 1657//230
f 1658//231 1660//231 1659//231
f 1660//232 1662//232 1661//232
f 1662//233 1664//233 1663//233
f 1664//234 1666//234 1665//234
f 1666//480 1668//480 1667//480
f 1668//481 1670//481 1669//481
f 1670//276 1672//276 1671//276
f 1672//238 1674//238 1673//238
f 1674//239 1676//239 1675//239
f 1676//240 1678//240 1677//240
f 1678//241 1680//241 1679//241
f 1680//242 1682//242 1681//242
f 1682//243 1684//243 1683//243
f 1684//244 1686//244 1685//244
f 1686//245 1688//245 1687//245
f 1688//246 1690//246 1689//246
f 1690//247 1692//247 1691//247
f 1692//267 1694//267 1693//267
f 1694//482 1696//482 1695//482
f 1696//250 1698//250 1697//250
f 1698//251 1700//251 1699//251
f 1700//252 1702//252 1701//252
f 1702//253 1704//253 1703//253
f 1704//254 1706//254 1705//254
f 1706//255 1708//255 1707//255
f 1708//256 1710//256 1709//256
f 1710//257 1712//257 1711//257
f 1712//258 1714//258 1713//258
f 1714//269 1716//269 1715//269
f 1716//483 1718//483 1717//483
f 1718//271 1720//271 1719//271
f 1720//262 1722//262 1721//262
f 1722//263 1724//263 1723//263
f 1724//264 1726//264 1725//264
f 1724//160 1722//160 1720//160
f 1720//160 1718//160 1741//160
f 1720//160 1741//160 1736//160
f 1726//160 1724//160 1720//160
f 1634//160 1728//160 1726//160
f 1638//160 1636//160 1634//160
f 1642//160 1640//160 1638//160
f 1646//484 1644//484 1642//484
f 1650//160 1648//160 1646//160
f 1654//484 1652//484 1650//484
f 1658//160 1656//160 1654//160
f 1662//484 1660//484 1658//484
f 1666//484 1664//484 1662//484
f 1670//160 1668//160 1666//160
f 1774//160 1773//160 1670//160
f 1759//160 1774//160 1670//160
f 1670//160 1666//160 1662//160
f 1662//160 1658//160 1654//160
f 1654//160 1650//160 1646//160
f 1646//160 1642//160 1638//160
f 1638//160 1634//160 1726//160
f 1726//160 1720//160 1736//160
f 1726//160 1736//160 1735//160
f 1646//160 1638//160 1726//160
f 1662//160 1654//160 1646//160
f 1759//160 1670//160 1662//160
f 1765//160 1759//160 1662//160
f 1726//160 1735//160 1740//160
f 1726//160 1740//160 1737//160
f 1761//160 1765//160 1662//160
f 1763//160 1761//160 1662//160
f 1726//160 1737//160 1739//160
f 1726//160 1739//160 1738//160
f 1762//160 1763//160 1662//160
f 1764//160 1762//160 1662//160
f 1646//160 1726//160 1738//160
f 1646//160 1738//160 1770//160
f 1764//160 1662//160 1646//160
f 1766//484 1764//484 1646//484
f 1646//160 1770//160 1776//160
f 1646//160 1776//160 1772//160
f 1767//160 1766//160 1646//160
f 1760//160 1767//160 1646//160
f 1646//160 1772//160 1755//160
f 1646//160 1755//160 1756//160
f 1758//160 1760//160 1646//160
f 1646//160 1756//160 1757//160
f 1741//160 1718//160 1716//160
f 1716//484 1714//484 1712//484
f 1712//160 1710//160 1708//160
f 1708//160 1706//160 1704//160
f 1704//485 1702//485 1700//485
f 1700//484 1698//484 1696//484
f 1696//485 1694//485 1692//485
f 1692//160 1690//160 1688//160
f 1688//160 1686//160 1684//160
f 1684//160 1682//160 1680//160
f 1680//160 1678//160 1676//160
f 1676//485 1674//485 1672//485
f 1672//160 1670//160 1773//160
f 1672//160 1773//160 1775//160
f 1680//160 1676//160 1672//160
f 1688//160 1684//160 1680//160
f 1696//160 1692//160 1688//160
f 1704//160 1700//160 1696//160
f 1712//160 1708//160 1704//160
f 1741//160 1716//160 1712//160
f 1732//160 1741//160 1712//160
f 1712//160 1704//160 1696//160
f 1696//160 1688//160 1680//160
f 1680//160 1672//160 1775//160
f 1680//160 1775//160 1751//160
f 1733//160 1732//160 1712//160
f 1731//160 1733//160 1712//160
f 1680//160 1751//160 1752//160
f 1680//160 1752//160 1750//160
f 1734//160 1731//160 1712//160
f 1730//160 1734//160 1712//160
f 1680//160 1750//160 1753//160
f 1680//160 1753//160 1748//160
f 1730//160 1712//160 1696//160
f 1729//160 1730//160 1696//160
f 1680//160 1748//160 1749//160
f 1680//160 1749//160 1754//160
f 1769//160 1729//160 1696//160
f 1768//160 1769//160 1696//160
f 1696//160 1680//160 1754//160
f 1696//160 1754//160 1746//160
f 1771//160 1768//160 1696//160
f 1742//160 1771//160 1696//160
f 1696//160 1746//160 1747//160
f 1696//160 1747//160 1745//160
f 1743//160 1742//160 1696//160
f 1696//160 1745//160 1744//160
f 1726//265 1728//265 1727//265
f 1728//266 1634//266 1633//266
f 1725//162 1727//162 1633//162
f 1633//162 1635//162 1637//162
f 1637//162 1639//162 1641//162
f 1641//162 1643//162 1645//162
f 1645//162 1647//162 1649//162
f 1649//486 1651//486 1653//486
f 1653//487 1655//487 1657//487
f 1657//162 1659//162 1661//162
f 1661//162 1663//162 1821//162
f 1661//162 1821//162 1822//162
f 1653//162 1657//162 1661//162
f 1645//162 1649//162 1653//162
f 1637//162 1641//162 1645//162
f 1725//162 1633//162 1637//162
f 1721//162 1723//162 1725//162
f 1717//162 1719//162 1721//162
f 1713//487 1715//487 1717//487
f 1809//162 1711//162 1713//162
f 1811//162 1809//162 1713//162
f 1713//162 1717//162 1721//162
f 1721//162 1725//162 1637//162
f 1637//162 1645//162 1653//162
f 1653//162 1661//162 1822//162
f 1653//162 1822//162 1787//162
f 1713//162 1721//162 1637//162
f 1810//162 1811//162 1713//162
f 1815//162 1810//162 1713//162
f 1653//162 1787//162 1786//162
f 1653//162 1786//162 1788//162
f 1812//162 1815//162 1713//162
f 1814//162 1812//162 1713//162
f 1653//162 1788//162 1784//162
f 1653//162 1784//162 1785//162
f 1814//162 1713//162 1637//162
f 1813//488 1814//488 1637//488
f 1653//162 1785//162 1783//162
f 1653//162 1783//162 1789//162
f 1818//162 1813//162 1637//162
f 1824//162 1818//162 1637//162
f 1637//162 1653//162 1789//162
f 1637//162 1789//162 1781//162
f 1820//162 1824//162 1637//162
f 1777//162 1820//162 1637//162
f 1637//162 1781//162 1782//162
f 1637//162 1782//162 1780//162
f 1778//162 1777//162 1637//162
f 1637//162 1780//162 1779//162
f 1823//162 1821//162 1663//162
f 1663//162 1665//162 1667//162
f 1667//162 1669//162 1671//162
f 1671//162 1673//162 1675//162
f 1675//162 1677//162 1679//162
f 1679//162 1681//162 1683//162
f 1683//162 1685//162 1687//162
f 1687//486 1689//486 1691//486
f 1691//162 1693//162 1695//162
f 1695//487 1697//487 1699//487
f 1699//162 1701//162 1703//162
f 1703//162 1705//162 1707//162
f 1707//487 1709//487 1711//487
f 1711//162 1809//162 1807//162
f 1711//162 1807//162 1805//162
f 1703//162 1707//162 1711//162
f 1695//162 1699//162 1703//162
f 1687//162 1691//162 1695//162
f 1679//162 1683//162 1687//162
f 1671//162 1675//162 1679//162
f 1663//162 1667//162 1671//162
f 1800//162 1823//162 1663//162
f 1801//162 1800//162 1663//162
f 1663//162 1671//162 1679//162
f 1679//162 1687//162 1695//162
f 1695//162 1703//162 1711//162
f 1711//162 1805//162 1804//162
f 1711//162 1804//162 1803//162
f 1801//162 1663//162 1679//162
f 1799//162 1801//162 1679//162
f 1695//162 1711//162 1803//162
f 1695//162 1803//162 1806//162
f 1798//162 1799//162 1679//162
f 1797//162 1798//162 1679//162
f 1695//162 1806//162 1808//162
f 1695//162 1808//162 1817//162
f 1796//162 1797//162 1679//162
f 1802//162 1796//162 1679//162
f 1695//162 1817//162 1816//162
f 1695//162 1816//162 1819//162
f 1794//162 1802//162 1679//162
f 1795//162 1794//162 1679//162
f 1695//162 1819//162 1790//162
f 1695//162 1790//162 1791//162
f 1795//162 1679//162 1695//162
f 1793//162 1795//162 1695//162
f 1695//162 1791//162 1792//162
f 1770//243 1738//243 1820//243
f 1776//244 1770//244 1777//244
f 1772//245 1776//245 1778//245
f 1755//246 1772//246 1779//246
f 1756//247 1755//247 1780//247
f 1757//267 1756//267 1782//267
f 1757//268 1781//268 1789//268
f 1758//489 1789//489 1783//489
f 1760//251 1783//251 1785//251
f 1767//252 1785//252 1784//252
f 1766//253 1784//253 1788//253
f 1764//254 1788//254 1786//254
f 1762//255 1786//255 1787//255
f 1763//256 1787//256 1822//256
f 1761//257 1822//257 1821//257
f 1765//258 1821//258 1823//258
f 1759//269 1823//269 1800//269
f 1774//270 1800//270 1801//270
f 1773//271 1801//271 1799//271
f 1775//262 1799//262 1798//262
f 1751//263 1798//263 1797//263
f 1752//264 1797//264 1796//264
f 1750//265 1796//265 1802//265
f 1753//266 1802//266 1794//266
f 1748//219 1794//219 1795//219
f 1749//220 1795//220 1793//220
f 1754//221 1793//221 1792//221
f 1746//222 1792//222 1791//222
f 1747//223 1791//223 1790//223
f 1745//490 1790//490 1819//490
f 1743//273 1744//273 1819//273
f 1742//226 1743//226 1816//226
f 1771//227 1742//227 1817//227
f 1768//228 1771//228 1808//228
f 1769//229 1768//229 1806//229
f 1729//230 1769//230 1803//230
f 1730//231 1729//231 1804//231
f 1734//232 1730//232 1805//232
f 1731//233 1734//233 1807//233
f 1733//234 1731//234 1809//234
f 1732//480 1733//480 1811//480
f 1741//275 1732//275 1810//275
f 1736//237 1741//237 1815//237
f 1735//491 1736//491 1812//491
f 1740//239 1735//239 1814//239
f 1737//240 1740//240 1813//240
f 1739//241 1737//241 1818//241
f 1738//242 1739//242 1824//242
s 1
f 1929//277 1941//281 1952//278
f 1930//280 1942//283 1941//281
f 1931//282 1943//285 1942//283
f 1932//284 1944//303 1943//285
f 1945//286 1944//303 1932//284
f 1946//288 1945//286 1933//287
f 1947//290 1946//288 1934//289
f 1948//292 1947//290 1935//291
f 1949//294 1948//292 1936//293
f 1950//296 1949//294 1937//295
f 1939//298 1951//299 1950//296
f 1940//279 1952//278 1951//299
f 1941//281 1953//301 1964//300
f 1942//283 1954//302 1953//301
f 1943//285 1955//304 1954//302
f 1944//303 1956//315 1955//304
f 1957//305 1956//315 1944//303
f 1958//306 1957//305 1945//286
f 1959//307 1958//306 1946//288
f 1960//308 1959//307 1947//290
f 1961//309 1960//308 1948//292
f 1962//310 1961//309 1949//294
f 1951//299 1963//311 1962//310
f 1952//278 1964//300 1963//311
f 1953//301 1965//313 1976//312
f 1954//302 1966//314 1965//313
f 1955//304 1967//316 1966//314
f 1956//315 1968//327 1967//316
f 1969//317 1968//327 1956//315
f 1970//318 1969//317 1957//305
f 1971//319 1970//318 1958//306
f 1972//320 1971//319 1959//307
f 1973//321 1972//320 1960//308
f 1974//322 1973//321 1961//309
f 1963//311 1975//323 1974//322
f 1964//300 1976//312 1975//323
f 1965//313 1977//325 1988//324
f 1966//314 1978//326 1977//325
f 1967//316 1979//328 1978//326
f 1968//327 1980//339 1979//328
f 1981//329 1980//339 1968//327
f 1982//330 1981//329 1969//317
f 1983//331 1982//330 1970//318
f 1984//332 1983//331 1971//319
f 1985//333 1984//332 1972//320
f 1986//334 1985//333 1973//321
f 1975//323 1987//335 1986//334
f 1976//312 1988//324 1987//335
f 1977//325 1989//337 2000//336
f 1978//326 1990//338 1989//337
f 1979//328 1991//340 1990//338
f 1980//339 1992//352 1991//340
f 1993//341 1992//352 1980//339
f 1994//342 1993//341 1981//329
f 1995//343 1994//342 1982//330
f 1996//344 1995//343 1983//331
f 1997//345 1996//344 1984//332
f 1998//346 1997//345 1985//333
f 1987//335 1999//347 1998//346
f 1988//324 2000//336 1999//347
f 1989//337 2001//349 2012//348
f 1990//338 2002//350 2001//349
f 1991//340 2003//362 2002//350
f 2004//351 2003//362 1991//340
f 2005//353 2004//351 1992//352
f 2006//354 2005//353 1993//341
f 2007//355 2006//354 1994//342
f 2008//356 2007//355 1995//343
f 2009//357 2008//356 1996//344
f 1998//346 2010//358 2009//357
f 1999//347 2011//359 2010//358
f 2000//336 2012//348 2011//359
f 2001//349 2013//361 2024//360
f 2002//350 2014//363 2013//361
f 2003//362 2015//374 2014//363
f 2016//364 2015//374 2003//362
f 2017//365 2016//364 2004//351
f 2018//366 2017//365 2005//353
f 2019//367 2018//366 2006//354
f 2020//368 2019//367 2007//355
f 2021//369 2020//368 2008//356
f 2010//358 2022//370 2021//369
f 2011//359 2023//371 2022//370
f 2012//348 2024//360 2023//371
f 2013//361 2025//373 2036//372
f 2014//363 2026//375 2025//373
f 2015//374 2027//386 2026//375
f 2028//376 2027//386 2015//374
f 2029//377 2028//376 2016//364
f 2030//378 2029//377 2017//365
f 2031//379 2030//378 2018//366
f 2032//380 2031//379 2019//367
f 2033//381 2032//380 2020//368
f 2022//370 2034//382 2033//381
f 2023//371 2035//383 2034//382
f 2024//360 2036//372 2035//383
f 2025//373 2037//385 2048//384
f 2026//375 2038//387 2037//385
f 2027//386 2039//388 2038//387
f 2028//376 2040//399 2039//388
f 2041//389 2040//399 2028//376
f 2042//390 2041//389 2029//377
f 2043//391 2042//390 2030//378
f 2044//392 2043//391 2031//379
f 2045//393 2044//392 2032//380
f 2046//394 2045//393 2033//381
f 2035//383 2047//395 2046//394
f 2036//372 2048//384 2047//395
f 2037//385 2049//397 2060//396
f 2038//387 2050//398 2049//397
f 2039//388 2051//400 2050//398
f 2040//399 2052//410 2051//400
f 2053//401 2052//410 2040//399
f 2054//402 2053//401 2041//389
f 2055//403 2054//402 2042//390
f 2056//404 2055//403 2043//391
f 2057//405 2056//404 2044//392
f 2058//406 2057//405 2045//393
f 2047//395 2059//407 2058//406
f 2048//384 2060//396 2059//407
f 2061//408 2072//419 2060//396
f 2062//409 2061//408 2049//397
f 2051//400 2063//411 2062//409
f 2052//410 2064//412 2063//411
f 2053//401 2065//413 2064//412
f 2054//402 2066//414 2065//413
f 2055//403 2067//415 2066//414
f 2056//404 2068//426 2067//415
f 2069//416 2068//426 2056//404
f 2070//417 2069//416 2057//405
f 2071//418 2070//417 2058//406
f 2072//419 2071//418 2059//407
f 2073//420 2084//431 2072//419
f 2074//421 2073//420 2061//408
f 2075//422 2074//421 2062//409
f 2064//412 2076//423 2075//422
f 2065//413 2077//424 2076//423
f 2066//414 2078//425 2077//424
f 2067//415 2079//427 2078//425
f 2068//426 2080//428 2079//427
f 2069//416 2081//492 2080//428
f 2082//429 2081//492 2069//416
f 2083//430 2082//429 2070//417
f 2084//431 2083//430 2071//418
s 0
usemtl gear_paint
f 130//1 131//1 129//1
f 132//2 133//2 131//2
f 134//3 135//3 133//3
f 136//4 137//4 135//4
f 138//5 139//5 137//5
f 140//6 141//6 139//6
f 142//7 143//7 141//7
f 144//8 145//8 143//8
f 146//9 147//9 145//9
f 148//10 149//10 147//10
f 150//11 151//11 149//11
f 152//12 153//12 151//12
f 154//13 155//13 153//13
f 156//14 157//14 155//14
f 158//15 159//15 157//15
f 160//16 161//16 159//16
f 162//17 163//17 161//17
f 164//18 165//18 163//18
f 166//19 167//19 165//19
f 168//20 169//20 167//20
f 170//21 171//21 169//21
f 172//22 173//22 171//22
f 174//23 175//23 173//23
f 176//24 177//24 175//24
f 178//25 179//25 177//25
f 180//26 181//26 179//26
f 182//27 183//27 181//27
f 184//28 185//28 183//28
f 186//29 187//29 185//29
f 188//30 189//30 187//30
f 190//31 191//31 189//31
f 192//32 193//32 191//32
f 194//33 195//33 193//33
f 196//34 197//34 195//34
f 198//35 199//35 197//35
f 200//36 201//36 199//36
f 202//37 203//37 201//37
f 204//38 205//38 203//38
f 206//39 207//39 205//39
f 208//40 209//40 207//40
f 210//41 211//41 209//41
f 212//42 213//42 211//42
f 214//43 215//43 213//43
f 216//44 217//44 215//44
f 218//45 219//45 217//45
f 220//46 221//46 219//46
f 222//47 223//47 221//47
f 224//48 225//48 223//48
f 226//49 227//49 225//49
f 228//50 229//50 227//50
f 230//51 231//51 229//51
f 232//52 233//52 231//52
f 234//53 235//53 233//53
f 236//54 237//54 235//54
f 238//55 239//55 237//55
f 240//56 241//56 239//56
f 242//57 243//57 241//57
f 244//58 245//58 243//58
f 246//59 247//59 245//59
f 248//60 249//60 247//60
f 250//61 251//61 249//61
f 252//62 253//62 251//62
f 198//63 166//63 134//63
f 254//64 255//64 253//64
f 256//65 129//65 255//65
f 191//66 223//66 255//66
f 258//1 259//1 257//1
f 260//2 261//2 259//2
f 262//3 263//3 261//3
f 264//4 265//4 263//4
f 266//5 267//5 265//5
f 268//6 269//6 267//6
f 270//7 271//7 269//7
f 272//8 273//8 271//8
f 274//9 275//9 273//9
f 276//10 277//10 275//10
f 278//11 279//11 277//11
f 280//12 281//12 279//12
f 282//13 283//13 281//13
f 284//14 285//14 283//14
f 286//15 287//15 285//15
f 288//16 289//16 287//16
f 290//17 291//17 289//17
f 292//18 293//18 291//18
f 294//19 295//19 293//19
f 296//20 297//20 295//20
f 298//21 299//21 297//21
f 300//22 301//22 299//22
f 302//23 303//23 301//23
f 304//24 305//24 303//24
f 306//25 307//25 305//25
f 308//26 309//26 307//26
f 310//27 311//27 309//27
f 312//28 313//28 311//28
f 314//29 315//29 313//29
f 316//30 317//30 315//30
f 318//31 319//31 317//31
f 320//32 321//32 319//32
f 322//33 323//33 321//33
f 324//34 325//34 323//34
f 326//35 327//35 325//35
f 328//36 329//36 327//36
f 330//37 331//37 329//37
f 332//38 333//38 331//38
f 334//39 335//39 333//39
f 336//40 337//40 335//40
f 338//41 339//41 337//41
f 340//42 341//42 339//42
f 342//43 343//43 341//43
f 344//44 345//44 343//44
f 346//45 347//45 345//45
f 348//46 349//46 347//46
f 350//47 351//47 349//47
f 352//48 353//48 351//48
f 354//49 355//49 353//49
f 356//50 357//50 355//50
f 358//51 359//51 357//51
f 360//52 361//52 359//52
f 362//53 363//53 361//53
f 364//54 365//54 363//54
f 366//55 367//55 365//55
f 368//56 369//56 367//56
f 370//57 371//57 369//57
f 372//58 373//58 371//58
f 374//59 375//59 373//59
f 376//60 377//60 375//60
f 378//61 379//61 377//61
f 380//62 381//62 379//62
f 326//63 294//63 262//63
f 382//64 383//64 381//64
f 384//65 257//65 383//65
f 319//66 351//66 383//66
f 386//1 387//1 385//1
f 388//2 389//2 387//2
f 390//3 391//3 389//3
f 392//4 393//4 391//4
f 394//5 395//5 393//5
f 396//6 397//6 395//6
f 398//7 399//7 397//7
f 400//8 401//8 399//8
f 402//9 403//9 401//9
f 404//10 405//10 403//10
f 406//11 407//11 405//11
f 408//12 409//12 407//12
f 410//13 411//13 409//13
f 412//14 413//14 411//14
f 414//15 415//15 413//15
f 416//16 417//16 415//16
f 418//17 419//17 417//17
f 420//18 421//18 419//18
f 422//19 423//19 421//19
f 424//20 425//20 423//20
f 426//21 427//21 425//21
f 428//22 429//22 427//22
f 430//23 431//23 429//23
f 432//24 433//24 431//24
f 434//25 435//25 433//25
f 436//26 437//26 435//26
f 438//27 439//27 437//27
f 440//28 441//28 439//28
f 442//29 443//29 441//29
f 444//30 445//30 443//30
f 446//31 447//31 445//31
f 448//32 449//32 447//32
f 450//33 451//33 449//33
f 452//34 453//34 451//34
f 454//35 455//35 453//35
f 456//36 457//36 455//36
f 458//37 459//37 457//37
f 460//38 461//38 459//38
f 462//39 463//39 461//39
f 464//40 465//40 463//40
f 466//41 467//41 465//41
f 468//42 469//42 467//42
f 470//43 471//43 469//43
f 472//44 473//44 471//44
f 474//45 475//45 473//45
f 476//46 477//46 475//46
f 478//47 479//47 477//47
f 480//48 481//48 479//48
f 482//49 483//49 481//49
f 484//50 485//50 483//50
f 486//51 487//51 485//51
f 488//52 489//52 487//52
f 490//53 491//53 489//53
f 492//54 493//54 491//54
f 494//55 495//55 493//55
f 496//56 497//56 495//56
f 498//57 499//57 497//57
f 500//58 501//58 499//58
f 502//59 503//59 501//59
f 504//60 505//60 503//60
f 506//61 507//61 505//61
f 508//62 509//62 507//62
f 454//63 422//63 390//63
f 510//64 511//64 509//64
f 512//65 385//65 511//65
f 447//66 479//66 511//66
f 514//1 515//1 513//1
f 516//2 517//2 515//2
f 518//3 519//3 517//3
f 520//4 521//4 519//4
f 522//5 523//5 521//5
f 524//6 525//6 523//6
f 526//7 527//7 525//7
f 528//8 529//8 527//8
f 530//9 531//9 529//9
f 532//10 533//10 531//10
f 534//11 535//11 533//11
f 536//12 537//12 535//12
f 538//13 539//13 537//13
f 540//14 541//14 539//14
f 542//15 543//15 541//15
f 544//16 545//16 543//16
f 546//17 547//17 545//17
f 548//18 549//18 547//18
f 550//19 551//19 549//19
f 552//20 553//20 551//20
f 554//21 555//21 553//21
f 556//22 557//22 555//22
f 558//23 559//23 557//23
f 560//24 561//24 559//24
f 562//25 563//25 561//25
f 564//26 565//26 563//26
f 566//27 567//27 565//27
f 568//28 569//28 567//28
f 570//29 571//29 569//29
f 572//30 573//30 571//30
f 574//31 575//31 573//31
f 576//32 577//32 575//32
f 578//33 579//33 577//33
f 580//34 581//34 579//34
f 582//35 583//35 581//35
f 584//36 585//36 583//36
f 586//37 587//37 585//37
f 588//38 589//38 587//38
f 590//39 591//39 589//39
f 592//40 593//40 591//40
f 594//41 595//41 593//41
f 596//42 597//42 595//42
f 598//43 599//43 597//43
f 600//44 601//44 599//44
f 602//45 603//45 601//45
f 604//46 605//46 603//46
f 606//47 607//47 605//47
f 608//48 609//48 607//48
f 610//49 611//49 609//49
f 612//50 613//50 611//50
f 614//51 615//51 613//51
f 616//52 617//52 615//52
f 618//53 619//53 617//53
f 620//54 621//54 619//54
f 622//55 623//55 621//55
f 624//56 625//56 623//56
f 626//57 627//57 625//57
f 628//58 629//58 627//58
f 630//59 631//59 629//59
f 632//60 633//60 631//60
f 634//61 635//61 633//61
f 636//62 637//62 635//62
f 582//63 550//63 518//63
f 638//64 639//64 637//64
f 640//65 513//65 639//65
f 575//66 607//66 639//66
f 644//67 645//67 641//67
f 648//68 646//68 644//68
f 647//69 648//69 642//69
f 651//70 649//70 647//70
f 650//71 651//71 643//71
f 650//72 646//72 652//72
f 646//73 649//73 652//73
f 656//74 657//74 653//74
f 656//75 661//75 658//75
f 659//76 660//76 654//76
f 659//77 664//77 661//77
f 662//78 663//78 655//78
f 662//79 658//79 664//79
f 658//80 661//80 664//80
f 668//81 669//81 665//81
f 672//82 670//82 668//82
f 671//83 672//83 666//83
f 671//84 676//84 673//84
f 674//85 675//85 667//85
f 674//86 670//86 676//86
f 670//87 673//87 676//87
f 680//88 681//88 677//88
f 684//89 682//89 680//89
f 683//90 684//90 678//90
f 687//91 685//91 683//91
f 686//92 687//92 679//92
f 686//93 682//93 688//93
f 682//94 685//94 688//94
f 692//95 693//95 689//95
f 692//96 697//96 694//96
f 695//97 696//97 690//97
f 695//98 700//98 697//98
f 698//99 699//99 691//99
f 693//100 700//100 698//100
f 694//101 697//101 700//101
f 704//102 705//102 701//102
f 708//103 706//103 704//103
f 707//104 708//104 702//104
f 707//105 712//105 709//105
f 710//106 711//106 703//106
f 705//107 712//107 710//107
f 706//108 709//108 712//108
f 716//109 717//109 713//109
f 716//110 721//110 718//110
f 719//111 720//111 714//111
f 723//112 721//112 719//112
f 722//113 723//113 715//113
f 717//114 724//114 722//114
f 718//115 721//115 724//115
f 728//116 729//116 725//116
f 728//117 733//117 730//117
f 731//118 732//118 726//118
f 735//119 733//119 731//119
f 734//120 735//120 727//120
f 734//121 730//121 736//121
f 730//122 733//122 736//122
f 665//123 645//123 668//123
f 645//124 672//124 668//124
f 650//125 666//125 672//125
f 653//126 647//126 642//126
f 657//127 651//127 647//127
f 662//128 643//128 651//128
f 654//129 681//129 659//129
f 681//130 663//130 659//130
f 686//131 655//131 663//131
f 667//132 683//132 678//132
f 675//133 687//133 683//133
f 671//134 679//134 687//134
f 665//135 716//135 713//135
f 669//136 720//136 716//136
f 720//137 667//137 714//137
f 725//138 680//138 677//138
f 729//139 684//139 680//139
f 734//140 678//140 684//140
f 715//141 731//141 726//141
f 723//142 735//142 731//142
f 719//143 727//143 735//143
f 689//144 717//144 692//144
f 717//145 696//145 692//145
f 722//146 690//146 696//146
f 725//147 705//147 728//147
f 705//148 732//148 728//148
f 710//149 726//149 732//149
f 691//150 707//150 702//150
f 699//151 711//151 707//151
f 695//152 703//152 711//152
f 641//153 693//153 644//153
f 693//154 648//154 644//154
f 698//155 642//155 648//155
f 654//156 704//156 701//156
f 660//157 708//157 704//157
f 656//158 702//158 708//158
f 713//159 641//159 665//159
f 655//66 666//66 643//66
f 702//160 642//160 691//160
f 677//161 701//161 725//161
f 678//162 714//162 667//162
f 726//63 690//63 715//63
f 866//66 873//66 875//66
f 868//66 935//66 932//66
f 868//162 871//162 867//162
f 871//63 954//63 953//63
f 869//63 958//63 961//63
f 870//160 865//160 869//160
f 871//159 865//159 867//159
f 868//161 870//161 872//161
f 935//33 953//33 932//33
f 931//34 955//34 935//34
f 934//35 995//35 931//35
f 928//36 994//36 934//36
f 929//37 996//37 928//37
f 930//38 993//38 929//38
f 926//39 992//39 930//39
f 927//40 998//40 926//40
f 936//41 990//41 927//41
f 922//42 989//42 936//42
f 923//43 991//43 922//43
f 924//44 988//44 923//44
f 920//45 997//45 924//45
f 921//46 984//46 920//46
f 925//47 985//47 921//47
f 917//48 986//48 925//48
f 918//49 982//49 917//49
f 919//50 983//50 918//50
f 916//51 987//51 919//51
f 895//52 979//52 916//52
f 914//53 980//53 895//53
f 887//54 999//54 914//54
f 889//55 972//55 887//55
f 891//56 974//56 889//56
f 968//57 891//57 883//57
f 970//58 883//58 885//58
f 967//59 885//59 882//59
f 964//60 882//60 879//60
f 965//61 879//61 880//61
f 959//62 880//62 874//62
f 960//64 874//64 875//64
f 958//65 875//65 873//65
f 961//1 873//1 876//1
f 962//2 876//2 877//2
f 963//3 877//3 878//3
f 966//4 878//4 881//4
f 978//5 881//5 893//5
f 971//6 893//6 886//6
f 969//7 886//7 884//7
f 977//8 884//8 892//8
f 975//9 892//9 890//9
f 973//10 890//10 888//10
f 1000//11 888//11 915//11
f 981//12 915//12 896//12
f 894//13 981//13 896//13
f 938//14 894//14 902//14
f 939//15 902//15 897//15
f 940//16 897//16 898//16
f 941//17 898//17 901//17
f 942//18 901//18 899//18
f 943//19 899//19 900//19
f 946//20 900//20 913//20
f 944//21 913//21 904//21
f 945//22 904//22 903//22
f 957//23 903//23 907//23
f 947//24 907//24 906//24
f 905//25 947//25 906//25
f 912//26 948//26 905//26
f 909//27 951//27 912//27
f 908//28 949//28 909//28
f 911//29 950//29 908//29
f 910//30 956//30 911//30
f 933//31 952//31 910//31
f 932//32 954//32 933//32
f 1129//66 1140//66 1137//66
f 1131//66 1192//66 1193//66
f 1132//162 1135//162 1131//162
f 1136//63 1235//63 1237//63
f 1134//63 1245//63 1244//63
f 1134//160 1129//160 1133//160
f 1135//159 1129//159 1131//159
f 1132//161 1134//161 1136//161
f 1194//33 1235//33 1192//33
f 1191//34 1237//34 1194//34
f 1197//35 1234//35 1191//35
f 1189//36 1240//36 1197//36
f 1196//37 1232//37 1189//37
f 1182//38 1239//38 1196//38
f 1184//39 1225//39 1182//39
f 1186//40 1227//40 1184//40
f 1178//41 1229//41 1186//41
f 1180//42 1222//42 1178//42
f 1200//43 1223//43 1180//43
f 1176//44 1242//44 1200//44
f 1176//45 1262//45 1217//45
f 1174//46 1262//46 1173//46
f 1177//47 1261//47 1174//47
f 1170//48 1259//48 1177//48
f 1171//49 1260//49 1170//49
f 1172//50 1263//50 1171//50
f 1168//51 1256//51 1172//51
f 1169//52 1257//52 1168//52
f 1166//53 1258//53 1169//53
f 1164//54 1254//54 1166//54
f 1163//55 1255//55 1164//55
f 1165//56 1264//56 1163//56
f 1251//57 1165//57 1162//57
f 1252//58 1162//58 1167//58
f 1248//59 1167//59 1159//59
f 1249//60 1159//60 1160//60
f 1253//61 1160//61 1161//61
f 1246//62 1161//62 1158//62
f 1245//64 1158//64 1139//64
f 1244//65 1139//65 1137//65
f 1247//1 1137//1 1140//1
f 1201//2 1140//2 1138//2
f 1202//3 1138//3 1146//3
f 1203//4 1146//4 1142//4
f 1204//5 1142//5 1141//5
f 1205//6 1141//6 1145//6
f 1207//7 1145//7 1144//7
f 1206//8 1144//8 1143//8
f 1210//9 1143//9 1157//9
f 1209//10 1157//10 1148//10
f 1208//11 1148//11 1147//11
f 1220//12 1147//12 1151//12
f 1211//13 1151//13 1150//13
f 1214//14 1150//14 1149//14
f 1212//15 1149//15 1156//15
f 1213//16 1156//16 1153//16
f 1219//17 1153//17 1152//17
f 1215//18 1152//18 1155//18
f 1216//19 1155//19 1154//19
f 1218//20 1154//20 1175//20
f 1243//21 1175//21 1199//21
f 1221//22 1199//22 1181//22
f 1224//23 1181//23 1179//23
f 1230//24 1179//24 1187//24
f 1185//25 1230//25 1187//25
f 1183//26 1228//26 1185//26
f 1198//27 1226//27 1183//27
f 1190//28 1241//28 1198//28
f 1188//29 1233//29 1190//29
f 1195//30 1231//30 1188//30
f 1193//31 1238//31 1195//31
f 1192//32 1236//32 1193//32
f 130//1 132//1 131//1
f 132//2 134//2 133//2
f 134//3 136//3 135//3
f 136//4 138//4 137//4
f 138//5 140//5 139//5
f 140//6 142//6 141//6
f 142//7 144//7 143//7
f 144//8 146//8 145//8
f 146//9 148//9 147//9
f 148//10 150//10 149//10
f 150//11 152//11 151//11
f 152//12 154//12 153//12
f 154//13 156//13 155//13
f 156//14 158//14 157//14
f 158//15 160//15 159//15
f 160//16 162//16 161//16
f 162//17 164//17 163//17
f 164//18 166//18 165//18
f 166//19 168//19 167//19
f 168//20 170//20 169//20
f 170//21 172//21 171//21
f 172//22 174//22 173//22
f 174//23 176//23 175//23
f 176//24 178//24 177//24
f 178//25 180//25 179//25
f 180//26 182//26 181//26
f 182//27 184//27 183//27
f 184//28 186//28 185//28
f 186//29 188//29 187//29
f 188//30 190//30 189//30
f 190//31 192//31 191//31
f 192//32 194//32 193//32
f 194//33 196//33 195//33
f 196//34 198//34 197//34
f 198//35 200//35 199//35
f 200//36 202//36 201//36
f 202//37 204//37 203//37
f 204//38 206//38 205//38
f 206//39 208//39 207//39
f 208//40 210//40 209//40
f 210//41 212//41 211//41
f 212//42 214//42 213//42
f 214//43 216//43 215//43
f 216//44 218//44 217//44
f 218//45 220//45 219//45
f 220//46 222//46 221//46
f 222//47 224//47 223//47
f 224//48 226//48 225//48
f 226//49 228//49 227//49
f 228//50 230//50 229//50
f 230//51 232//51 231//51
f 232//52 234//52 233//52
f 234//53 236//53 235//53
f 236//54 238//54 237//54
f 238//55 240//55 239//55
f 240//56 242//56 241//56
f 242//57 244//57 243//57
f 244//58 246//58 245//58
f 246//59 248//59 247//59
f 248//60 250//60 249//60
f 250//61 252//61 251//61
f 252//62 254//62 253//62
f 134//63 132//63 130//63
f 130//63 256//63 254//63
f 254//63 252//63 250//63
f 250//63 248//63 246//63
f 246//63 244//63 242//63
f 242//63 240//63 238//63
f 238//63 236//63 234//63
f 234//63 232//63 230//63
f 230//63 228//63 226//63
f 226//63 224//63 222//63
f 222//63 220//63 218//63
f 218//63 216//63 214//63
f 214//63 212//63 210//63
f 210//63 208//63 206//63
f 206//63 204//63 202//63
f 202//63 200//63 198//63
f 198//63 196//63 194//63
f 194//63 192//63 190//63
f 190//63 188//63 186//63
f 186//63 184//63 182//63
f 182//63 180//63 178//63
f 178//63 176//63 174//63
f 174//63 172//63 170//63
f 170//63 168//63 166//63
f 166//63 164//63 162//63
f 162//63 160//63 158//63
f 158//63 156//63 154//63
f 154//63 152//63 150//63
f 150//63 148//63 146//63
f 146//63 144//63 142//63
f 142//63 140//63 138//63
f 138//63 136//63 134//63
f 134//63 130//63 254//63
f 254//63 250//63 246//63
f 246//63 242//63 238//63
f 238//63 234//63 230//63
f 230//63 226//63 222//63
f 222//63 218//63 214//63
f 214//63 210//63 206//63
f 206//63 202//63 198//63
f 198//63 194//63 190//63
f 190//63 186//63 182//63
f 182//63 178//63 174//63
f 174//63 170//63 166//63
f 166//63 162//63 158//63
f 158//63 154//63 150//63
f 150//63 146//63 142//63
f 142//63 138//63 134//63
f 134//63 254//63 246//63
f 246//63 238//63 230//63
f 230//63 222//63 214//63
f 214//63 206//63 198//63
f 198//63 190//63 182//63
f 182//63 174//63 166//63
f 166//63 158//63 150//63
f 150//63 142//63 134//63
f 134//63 246//63 230//63
f 230//63 214//63 198//63
f 198//63 182//63 166//63
f 166//63 150//63 134//63
f 134//63 230//63 198//63
f 254//64 256//64 255//64
f 256//65 130//65 129//65
f 255//66 129//66 131//66
f 131//66 133//66 135//66
f 135//66 137//66 139//66
f 139//66 141//66 143//66
f 143//66 145//66 147//66
f 147//66 149//66 151//66
f 151//66 153//66 155//66
f 155//66 157//66 159//66
f 159//66 161//66 163//66
f 163//66 165//66 167//66
f 167//66 169//66 171//66
f 171//66 173//66 175//66
f 175//66 177//66 179//66
f 179//66 181//66 183//66
f 183//66 185//66 187//66
f 187//66 189//66 191//66
f 191//66 193//66 195//66
f 195//66 197//66 199//66
f 199//66 201//66 203//66
f 203//66 205//66 207//66
f 207//66 209//66 211//66
f 211//66 213//66 215//66
f 215//66 217//66 219//66
f 219//66 221//66 223//66
f 223//66 225//66 227//66
f 227//66 229//66 231//66
f 231//66 233//66 235//66
f 235//66 237//66 239//66
f 239//66 241//66 243//66
f 243//66 245//66 247//66
f 247//66 249//66 251//66
f 251//66 253//66 255//66
f 255//66 131//66 135//66
f 135//66 139//66 143//66
f 143//66 147//66 151//66
f 151//66 155//66 159//66
f 159//66 163//66 167//66
f 167//66 171//66 175//66
f 175//66 179//66 183//66
f 183//66 187//66 191//66
f 191//66 195//66 199//66
f 199//66 203//66 207//66
f 207//66 211//66 215//66
f 215//66 219//66 223//66
f 223//66 227//66 231//66
f 231//66 235//66 239//66
f 239//66 243//66 247//66
f 247//66 251//66 255//66
f 255//66 135//66 143//66
f 143//66 151//66 159//66
f 159//66 167//66 175//66
f 175//66 183//66 191//66
f 191//66 199//66 207//66
f 207//66 215//66 223//66
f 223//66 231//66 239//66
f 239//66 247//66 255//66
f 255//66 143//66 159//66
f 159//66 175//66 191//66
f 191//66 207//66 223//66
f 223//66 239//66 255//66
f 255//66 159//66 191//66
f 258//1 260//1 259//1
f 260//2 262//2 261//2
f 262//3 264//3 263//3
f 264//4 266//4 265//4
f 266//5 268//5 267//5
f 268//6 270//6 269//6
f 270//7 272//7 271//7
f 272//8 274//8 273//8
f 274//9 276//9 275//9
f 276//10 278//10 277//10
f 278//11 280//11 279//11
f 280//12 282//12 281//12
f 282//13 284//13 283//13
f 284//14 286//14 285//14
f 286//15 288//15 287//15
f 288//16 290//16 289//16
f 290//17 292//17 291//17
f 292//18 294//18 293//18
f 294//19 296//19 295//19
f 296//20 298//20 297//20
f 298//21 300//21 299//21
f 300//22 302//22 301//22
f 302//23 304//23 303//23
f 304//24 306//24 305//24
f 306//25 308//25 307//25
f 308//26 310//26 309//26
f 310//27 312//27 311//27
f 312//28 314//28 313//28
f 314//29 316//29 315//29
f 316//30 318//30 317//30
f 318//31 320//31 319//31
f 320//32 322//32 321//32
f 322//33 324//33 323//33
f 324//34 326//34 325//34
f 326//35 328//35 327//35
f 328//36 330//36 329//36
f 330//37 332//37 331//37
f 332//38 334//38 333//38
f 334//39 336//39 335//39
f 336//40 338//40 337//40
f 338//41 340//41 339//41
f 340//42 342//42 341//42
f 342//43 344//43 343//43
f 344//44 346//44 345//44
f 346//45 348//45 347//45
f 348//46 350//46 349//46
f 350//47 352//47 351//47
f 352//48 354//48 353//48
f 354//49 356//49 355//49
f 356//50 358//50 357//50
f 358//51 360//51 359//51
f 360//52 362//52 361//52
f 362//53 364//53 363//53
f 364//54 366//54 365//54
f 366//55 368//55 367//55
f 368//56 370//56 369//56
f 370//57 372//57 371//57
f 372//58 374//58 373//58
f 374//59 376//59 375//59
f 376//60 378//60 377//60
f 378//61 380//61 379//61
f 380//62 382//62 381//62
f 262//63 260//63 258//63
f 258//63 384//63 382//63
f 382//63 380//63 378//63
f 378//63 376//63 374//63
f 374//63 372//63 370//63
f 370//63 368//63 366//63
f 366//63 364//63 362//63
f 362//63 360//63 358//63
f 358//63 356//63 354//63
f 354//63 352//63 350//63
f 350//63 348//63 346//63
f 346//63 344//63 342//63
f 342//63 340//63 338//63
f 338//63 336//63 334//63
f 334//63 332//63 330//63
f 330//63 328//63 326//63
f 326//63 324//63 322//63
f 322//63 320//63 318//63
f 318//63 316//63 314//63
f 314//63 312//63 310//63
f 310//63 308//63 306//63
f 306//63 304//63 302//63
f 302//63 300//63 298//63
f 298//63 296//63 294//63
f 294//63 292//63 290//63
f 290//63 288//63 286//63
f 286//63 284//63 282//63
f 282//63 280//63 278//63
f 278//63 276//63 274//63
f 274//63 272//63 270//63
f 270//63 268//63 266//63
f 266//63 264//63 262//63
f 262//63 258//63 382//63
f 382//63 378//63 374//63
f 374//63 370//63 366//63
f 366//63 362//63 358//63
f 358//63 354//63 350//63
f 350//63 346//63 342//63
f 342//63 338//63 334//63
f 334//63 330//63 326//63
f 326//63 322//63 318//63
f 318//63 314//63 310//63
f 310//63 306//63 302//63
f 302//63 298//63 294//63
f 294//63 290//63 286//63
f 286//63 282//63 278//63
f 278//63 274//63 270//63
f 270//63 266//63 262//63
f 262//63 382//63 374//63
f 374//63 366//63 358//63
f 358//63 350//63 342//63
f 342//63 334//63 326//63
f 326//63 318//63 310//63
f 310//63 302//63 294//63
f 294//63 286//63 278//63
f 278//63 270//63 262//63
f 262//63 374//63 358//63
f 358//63 342//63 326//63
f 326//63 310//63 294//63
f 294//63 278//63 262//63
f 262//63 358//63 326//63
f 382//64 384//64 383//64
f 384//65 258//65 257//65
f 383//66 257//66 259//66
f 259//66 261//66 263//66
f 263//66 265//66 267//66
f 267//66 269//66 271//66
f 271//66 273//66 275//66
f 275//66 277//66 279//66
f 279//66 281//66 283//66
f 283//66 285//66 287//66
f 287//66 289//66 291//66
f 291//66 293//66 295//66
f 295//66 297//66 299//66
f 299//66 301//66 303//66
f 303//66 305//66 307//66
f 307//66 309//66 311//66
f 311//66 313//66 315//66
f 315//66 317//66 319//66
f 319//66 321//66 323//66
f 323//66 325//66 327//66
f 327//66 329//66 331//66
f 331//66 333//66 335//66
f 335//66 337//66 339//66
f 339//66 341//66 343//66
f 343//66 345//66 347//66
f 347//66 349//66 351//66
f 351//66 353//66 355//66
f 355//66 357//66 359//66
f 359//66 361//66 363//66
f 363//66 365//66 367//66
f 367//66 369//66 371//66
f 371//66 373//66 375//66
f 375//66 377//66 379//66
f 379//66 381//66 383//66
f 383//66 259//66 263//66
f 263//66 267//66 271//66
f 271//66 275//66 279//66
f 279//66 283//66 287//66
f 287//66 291//66 295//66
f 295//66 299//66 303//66
f 303//66 307//66 311//66
f 311//66 315//66 319//66
f 319//66 323//66 327//66
f 327//66 331//66 335//66
f 335//66 339//66 343//66
f 343//66 347//66 351//66
f 351//66 355//66 359//66
f 359//66 363//66 367//66
f 367//66 371//66 375//66
f 375//66 379//66 383//66
f 383//66 263//66 271//66
f 271//66 279//66 287//66
f 287//66 295//66 303//66
f 303//66 311//66 319//66
f 319//66 327//66 335//66
f 335//66 343//66 351//66
f 351//66 359//66 367//66
f 367//66 375//66 383//66
f 383//66 271//66 287//66
f 287//66 303//66 319//66
f 319//66 335//66 351//66
f 351//66 367//66 383//66
f 383//66 287//66 319//66
f 386//1 388//1 387//1
f 388//2 390//2 389//2
f 390//3 392//3 391//3
f 392//4 394//4 393//4
f 394//5 396//5 395//5
f 396//6 398//6 397//6
f 398//7 400//7 399//7
f 400//8 402//8 401//8
f 402//9 404//9 403//9
f 404//10 406//10 405//10
f 406//11 408//11 407//11
f 408//12 410//12 409//12
f 410//13 412//13 411//13
f 412//14 414//14 413//14
f 414//15 416//15 415//15
f 416//16 418//16 417//16
f 418//17 420//17 419//17
f 420//18 422//18 421//18
f 422//19 424//19 423//19
f 424//20 426//20 425//20
f 426//21 428//21 427//21
f 428//22 430//22 429//22
f 430//23 432//23 431//23
f 432//24 434//24 433//24
f 434//25 436//25 435//25
f 436//26 438//26 437//26
f 438//27 440//27 439//27
f 440//28 442//28 441//28
f 442//29 444//29 443//29
f 444//30 446//30 445//30
f 446//31 448//31 447//31
f 448//32 450//32 449//32
f 450//33 452//33 451//33
f 452//34 454//34 453//34
f 454//35 456//35 455//35
f 456//36 458//36 457//36
f 458//37 460//37 459//37
f 460//38 462//38 461//38
f 462//39 464//39 463//39
f 464//40 466//40 465//40
f 466//41 468//41 467//41
f 468//42 470//42 469//42
f 470//43 472//43 471//43
f 472//44 474//44 473//44
f 474//45 476//45 475//45
f 476//46 478//46 477//46
f 478//47 480//47 479//47
f 480//48 482//48 481//48
f 482//49 484//49 483//49
f 484//50 486//50 485//50
f 486//51 488//51 487//51
f 488//52 490//52 489//52
f 490//53 492//53 491//53
f 492//54 494//54 493//54
f 494//55 496//55 495//55
f 496//56 498//56 497//56
f 498//57 500//57 499//57
f 500//58 502//58 501//58
f 502//59 504//59 503//59
f 504//60 506//60 505//60
f 506//61 508//61 507//61
f 508//62 510//62 509//62
f 390//63 388//63 386//63
f 386//63 512//63 510//63
f 510//63 508//63 506//63
f 506//63 504//63 502//63
f 502//63 500//63 498//63
f 498//63 496//63 494//63
f 494//63 492//63 490//63
f 490//63 488//63 486//63
f 486//63 484//63 482//63
f 482//63 480//63 478//63
f 478//63 476//63 474//63
f 474//63 472//63 470//63
f 470//63 468//63 466//63
f 466//63 464//63 462//63
f 462//63 460//63 458//63
f 458//63 456//63 454//63
f 454//63 452//63 450//63
f 450//63 448//63 446//63
f 446//63 444//63 442//63
f 442//63 440//63 438//63
f 438//63 436//63 434//63
f 434//63 432//63 430//63
f 430//63 428//63 426//63
f 426//63 424//63 422//63
f 422//63 420//63 418//63
f 418//63 416//63 414//63
f 414//63 412//63 410//63
f 410//63 408//63 406//63
f 406//63 404//63 402//63
f 402//63 400//63 398//63
f 398//63 396//63 394//63
f 394//63 392//63 390//63
f 390//63 386//63 510//63
f 510//63 506//63 502//63
f 502//63 498//63 494//63
f 494//63 490//63 486//63
f 486//63 482//63 478//63
f 478//63 474//63 470//63
f 470//63 466//63 462//63
f 462//63 458//63 454//63
f 454//63 450//63 446//63
f 446//63 442//63 438//63
f 438//63 434//63 430//63
f 430//63 426//63 422//63
f 422//63 418//63 414//63
f 414//63 410//63 406//63
f 406//63 402//63 398//63
f 398//63 394//63 390//63
f 390//63 510//63 502//63
f 502//63 494//63 486//63
f 486//63 478//63 470//63
f 470//63 462//63 454//63
f 454//63 446//63 438//63
f 438//63 430//63 422//63
f 422//63 414//63 406//63
f 406//63 398//63 390//63
f 390//63 502//63 486//63
f 486//63 470//63 454//63
f 454//63 438//63 422//63
f 422//63 406//63 390//63
f 390//63 486//63 454//63
f 510//64 512//64 511//64
f 512//65 386//65 385//65
f 511//66 385//66 387//66
f 387//66 389//66 391//66
f 391//66 393//66 395//66
f 395//66 397//66 399//66
f 399//66 401//66 403//66
f 403//66 405//66 407//66
f 407//66 409//66 411//66
f 411//66 413//66 415//66
f 415//66 417//66 419//66
f 419//66 421//66 423//66
f 423//66 425//66 427//66
f 427//66 429//66 431//66
f 431//66 433//66 435//66
f 435//66 437//66 439//66
f 439//66 441//66 443//66
f 443//66 445//66 447//66
f 447//66 449//66 451//66
f 451//66 453//66 455//66
f 455//66 457//66 459//66
f 459//66 461//66 463//66
f 463//66 465//66 467//66
f 467//66 469//66 471//66
f 471//66 473//66 475//66
f 475//66 477//66 479//66
f 479//66 481//66 483//66
f 483//66 485//66 487//66
f 487//66 489//66 491//66
f 491//66 493//66 495//66
f 495//66 497//66 499//66
f 499//66 501//66 503//66
f 503//66 505//66 507//66
f 507//66 509//66 511//66
f 511//66 387//66 391//66
f 391//66 395//66 399//66
f 399//66 403//66 407//66
f 407//66 411//66 415//66
f 415//66 419//66 423//66
f 423//66 427//66 431//66
f 431//66 435//66 439//66
f 439//66 443//66 447//66
f 447//66 451//66 455//66
f 455//66 459//66 463//66
f 463//66 467//66 471//66
f 471//66 475//66 479//66
f 479//66 483//66 487//66
f 487//66 491//66 495//66
f 495//66 499//66 503//66
f 503//66 507//66 511//66
f 511//66 391//66 399//66
f 399//66 407//66 415//66
f 415//66 423//66 431//66
f 431//66 439//66 447//66
f 447//66 455//66 463//66
f 463//66 471//66 479//66
f 479//66 487//66 495//66
f 495//66 503//66 511//66
f 511//66 399//66 415//66
f 415//66 431//66 447//66
f 447//66 463//66 479//66
f 479//66 495//66 511//66
f 511//66 415//66 447//66
f 514//1 516//1 515//1
f 516//2 518//2 517//2
f 518//3 520//3 519//3
f 520//4 522//4 521//4
f 522//5 524//5 523//5
f 524//6 526//6 525//6
f 526//7 528//7 527//7
f 528//8 530//8 529//8
f 530//9 532//9 531//9
f 532//10 534//10 533//10
f 534//11 536//11 535//11
f 536//12 538//12 537//12
f 538//13 540//13 539//13
f 540//14 542//14 541//14
f 542//15 544//15 543//15
f 544//16 546//16 545//16
f 546//17 548//17 547//17
f 548//18 550//18 549//18
f 550//19 552//19 551//19
f 552//20 554//20 553//20
f 554//21 556//21 555//21
f 556//22 558//22 557//22
f 558//23 560//23 559//23
f 560//24 562//24 561//24
f 562//25 564//25 563//25
f 564//26 566//26 565//26
f 566//27 568//27 567//27
f 568//28 570//28 569//28
f 570//29 572//29 571//29
f 572//30 574//30 573//30
f 574//31 576//31 575//31
f 576//32 578//32 577//32
f 578//33 580//33 579//33
f 580//34 582//34 581//34
f 582//35 584//35 583//35
f 584//36 586//36 585//36
f 586//37 588//37 587//37
f 588//38 590//38 589//38
f 590//39 592//39 591//39
f 592//40 594//40 593//40
f 594//41 596//41 595//41
f 596//42 598//42 597//42
f 598//43 600//43 599//43
f 600//44 602//44 601//44
f 602//45 604//45 603//45
f 604//46 606//46 605//46
f 606//47 608//47 607//47
f 608//48 610//48 609//48
f 610//49 612//49 611//49
f 612//50 614//50 613//50
f 614//51 616//51 615//51
f 616//52 618//52 617//52
f 618//53 620//53 619//53
f 620//54 622//54 621//54
f 622//55 624//55 623//55
f 624//56 626//56 625//56
f 626//57 628//57 627//57
f 628//58 630//58 629//58
f 630//59 632//59 631//59
f 632//60 634//60 633//60
f 634//61 636//61 635//61
f 636//62 638//62 637//62
f 518//63 516//63 514//63
f 514//63 640//63 638//63
f 638//63 636//63 634//63
f 634//63 632//63 630//63
f 630//63 628//63 626//63
f 626//63 624//63 622//63
f 622//63 620//63 618//63
f 618//63 616//63 614//63
f 614//63 612//63 610//63
f 610//63 608//63 606//63
f 606//63 604//63 602//63
f 602//63 600//63 598//63
f 598//63 596//63 594//63
f 594//63 592//63 590//63
f 590//63 588//63 586//63
f 586//63 584//63 582//63
f 582//63 580//63 578//63
f 578//63 576//63 574//63
f 574//63 572//63 570//63
f 570//63 568//63 566//63
f 566//63 564//63 562//63
f 562//63 560//63 558//63
f 558//63 556//63 554//63
f 554//63 552//63 550//63
f 550//63 548//63 546//63
f 546//63 544//63 542//63
f 542//63 540//63 538//63
f 538//63 536//63 534//63
f 534//63 532//63 530//63
f 530//63 528//63 526//63
f 526//63 524//63 522//63
f 522//63 520//63 518//63
f 518//63 514//63 638//63
f 638//63 634//63 630//63
f 630//63 626//63 622//63
f 622//63 618//63 614//63
f 614//63 610//63 606//63
f 606//63 602//63 598//63
f 598//63 594//63 590//63
f 590//63 586//63 582//63
f 582//63 578//63 574//63
f 574//63 570//63 566//63
f 566//63 562//63 558//63
f 558//63 554//63 550//63
f 550//63 546//63 542//63
f 542//63 538//63 534//63
f 534//63 530//63 526//63
f 526//63 522//63 518//63
f 518//63 638//63 630//63
f 630//63 622//63 614//63
f 614//63 606//63 598//63
f 598//63 590//63 582//63
f 582//63 574//63 566//63
f 566//63 558//63 550//63
f 550//63 542//63 534//63
f 534//63 526//63 518//63
f 518//63 630//63 614//63
f 614//63 598//63 582//63
f 582//63 566//63 550//63
f 550//63 534//63 518//63
f 518//63 614//63 582//63
f 638//64 640//64 639//64
f 640//65 514//65 513//65
f 639//66 513//66 515//66
f 515//66 517//66 519//66
f 519//66 521//66 523//66
f 523//66 525//66 527//66
f 527//66 529//66 531//66
f 531//66 533//66 535//66
f 535//66 537//66 539//66
f 539//66 541//66 543//66
f 543//66 545//66 547//66
f 547//66 549//66 551//66
f 551//66 553//66 555//66
f 555//66 557//66 559//66
f 559//66 561//66 563//66
f 563//66 565//66 567//66
f 567//66 569//66 571//66
f 571//66 573//66 575//66
f 575//66 577//66 579//66
f 579//66 581//66 583//66
f 583//66 585//66 587//66
f 587//66 589//66 591//66
f 591//66 593//66 595//66
f 595//66 597//66 599//66
f 599//66 601//66 603//66
f 603//66 605//66 607//66
f 607//66 609//66 611//66
f 611//66 613//66 615//66
f 615//66 617//66 619//66
f 619//66 621//66 623//66
f 623//66 625//66 627//66
f 627//66 629//66 631//66
f 631//66 633//66 635//66
f 635//66 637//66 639//66
f 639//66 515//66 519//66
f 519//66 523//66 527//66
f 527//66 531//66 535//66
f 535//66 539//66 543//66
f 543//66 547//66 551//66
f 551//66 555//66 559//66
f 559//66 563//66 567//66
f 567//66 571//66 575//66
f 575//66 579//66 583//66
f 583//66 587//66 591//66
f 591//66 595//66 599//66
f 599//66 603//66 607//66
f 607//66 611//66 615//66
f 615//66 619//66 623//66
f 623//66 627//66 631//66
f 631//66 635//66 639//66
f 639//66 519//66 527//66
f 527//66 535//66 543//66
f 543//66 551//66 559//66
f 559//66 567//66 575//66
f 575//66 583//66 591//66
f 591//66 599//66 607//66
f 607//66 615//66 623//66
f 623//66 631//66 639//66
f 639//66 527//66 543//66
f 543//66 559//66 575//66
f 575//66 591//66 607//66
f 607//66 623//66 639//66
f 639//66 543//66 575//66
f 644//432 646//432 645//432
f 648//68 649//68 646//68
f 647//433 649//433 648//433
f 651//70 652//70 649//70
f 650//434 652//434 651//434
f 650//72 645//72 646//72
f 656//435 658//435 657//435
f 656//75 660//75 661//75
f 659//436 661//436 660//436
f 659//77 663//77 664//77
f 662//437 664//437 663//437
f 662//79 657//79 658//79
f 668//438 670//438 669//438
f 672//82 673//82 670//82
f 671//439 673//439 672//439
f 671//84 675//84 676//84
f 674//440 676//440 675//440
f 674//86 669//86 670//86
f 680//441 682//441 681//441
f 684//89 685//89 682//89
f 683//442 685//442 684//442
f 687//91 688//91 685//91
f 686//443 688//443 687//443
f 686//93 681//93 682//93
f 692//444 694//444 693//444
f 692//96 696//96 697//96
f 695//445 697//445 696//445
f 695//98 699//98 700//98
f 698//446 700//446 699//446
f 693//100 694//100 700//100
f 704//447 706//447 705//447
f 708//103 709//103 706//103
f 707//448 709//448 708//448
f 707//105 711//105 712//105
f 710//449 712//449 711//449
f 705//107 706//107 712//107
f 716//450 718//450 717//450
f 716//110 720//110 721//110
f 719//451 721//451 720//451
f 723//112 724//112 721//112
f 722//452 724//452 723//452
f 717//114 718//114 724//114
f 728//453 730//453 729//453
f 728//117 732//117 733//117
f 731//454 733//454 732//454
f 735//119 736//119 733//119
f 734//455 736//455 735//455
f 734//121 729//121 730//121
f 665//123 641//123 645//123
f 645//124 650//124 672//124
f 650//125 643//125 666//125
f 653//126 657//126 647//126
f 657//127 662//127 651//127
f 662//128 655//128 643//128
f 654//129 677//129 681//129
f 681//130 686//130 663//130
f 686//456 679//456 655//456
f 667//132 675//132 683//132
f 675//133 671//133 687//133
f 671//134 666//134 679//134
f 665//135 669//135 716//135
f 669//136 674//136 720//136
f 720//137 674//137 667//137
f 725//138 729//138 680//138
f 729//139 734//139 684//139
f 734//140 727//140 678//140
f 715//141 723//141 731//141
f 723//142 719//142 735//142
f 719//143 714//143 727//143
f 689//144 713//144 717//144
f 717//145 722//145 696//145
f 722//146 715//146 690//146
f 725//147 701//147 705//147
f 705//148 710//148 732//148
f 710//149 703//149 726//149
f 691//150 699//150 707//150
f 699//151 695//151 711//151
f 695//152 690//152 703//152
f 641//153 689//153 693//153
f 693//154 698//154 648//154
f 698//155 691//155 642//155
f 654//156 660//156 704//156
f 660//157 656//157 708//157
f 656//158 653//158 702//158
f 713//159 689//159 641//159
f 655//66 679//66 666//66
f 702//160 653//160 642//160
f 677//161 654//161 701//161
f 678//162 727//162 714//162
f 726//63 703//63 690//63
f 891//66 889//66 865//66
f 866//66 890//66 892//66
f 866//66 892//66 884//66
f 883//66 891//66 865//66
f 885//66 883//66 865//66
f 866//66 884//66 886//66
f 866//66 886//66 893//66
f 882//66 885//66 865//66
f 879//66 882//66 865//66
f 866//66 893//66 881//66
f 866//66 881//66 878//66
f 880//66 879//66 865//66
f 874//66 880//66 865//66
f 866//66 878//66 877//66
f 866//66 877//66 876//66
f 874//66 865//66 866//66
f 875//66 874//66 866//66
f 866//66 876//66 873//66
f 888//66 890//66 866//66
f 865//66 889//66 887//66
f 865//66 887//66 914//66
f 915//66 888//66 866//66
f 896//66 915//66 866//66
f 865//66 914//66 895//66
f 865//66 895//66 916//66
f 894//66 896//66 866//66
f 902//66 894//66 866//66
f 867//66 865//66 916//66
f 867//469 916//469 919//469
f 902//66 866//66 868//66
f 897//463 902//463 868//463
f 867//468 919//468 918//468
f 867//66 918//66 917//66
f 898//66 897//66 868//66
f 901//66 898//66 868//66
f 867//66 917//66 925//66
f 867//66 925//66 921//66
f 899//66 901//66 868//66
f 900//66 899//66 868//66
f 867//66 921//66 920//66
f 867//66 920//66 924//66
f 913//66 900//66 868//66
f 904//66 913//66 868//66
f 867//66 924//66 923//66
f 867//66 923//66 922//66
f 903//66 904//66 868//66
f 907//66 903//66 868//66
f 867//66 922//66 936//66
f 867//66 936//66 927//66
f 906//66 907//66 868//66
f 905//66 906//66 868//66
f 868//66 867//66 927//66
f 868//470 927//470 926//470
f 912//66 905//66 868//66
f 909//66 912//66 868//66
f 868//66 926//66 930//66
f 868//66 930//66 929//66
f 908//66 909//66 868//66
f 911//66 908//66 868//66
f 868//66 929//66 928//66
f 868//66 928//66 934//66
f 910//66 911//66 868//66
f 933//66 910//66 868//66
f 868//66 934//66 931//66
f 868//66 931//66 935//66
f 932//66 933//66 868//66
f 868//162 872//162 871//162
f 972//63 974//63 869//63
f 870//63 975//63 973//63
f 870//63 973//63 1000//63
f 999//63 972//63 869//63
f 980//63 999//63 869//63
f 870//63 1000//63 981//63
f 870//63 981//63 937//63
f 979//63 980//63 869//63
f 987//63 979//63 869//63
f 872//63 870//63 937//63
f 872//471 937//471 938//471
f 987//63 869//63 871//63
f 983//63 987//63 871//63
f 872//63 938//63 939//63
f 872//63 939//63 940//63
f 982//63 983//63 871//63
f 986//63 982//63 871//63
f 872//63 940//63 941//63
f 872//63 941//63 942//63
f 985//63 986//63 871//63
f 984//63 985//63 871//63
f 872//63 942//63 943//63
f 872//63 943//63 946//63
f 997//63 984//63 871//63
f 988//63 997//63 871//63
f 872//63 946//63 944//63
f 872//63 944//63 945//63
f 991//63 988//63 871//63
f 989//63 991//63 871//63
f 872//63 945//63 957//63
f 872//63 957//63 947//63
f 990//63 989//63 871//63
f 998//63 990//63 871//63
f 871//63 872//63 947//63
f 871//472 947//472 948//472
f 992//63 998//63 871//63
f 993//63 992//63 871//63
f 871//63 948//63 951//63
f 871//63 951//63 949//63
f 996//63 993//63 871//63
f 994//63 996//63 871//63
f 871//63 949//63 950//63
f 871//63 950//63 956//63
f 995//63 994//63 871//63
f 955//63 995//63 871//63
f 871//63 956//63 952//63
f 871//63 952//63 954//63
f 953//63 955//63 871//63
f 977//63 975//63 870//63
f 869//63 974//63 976//63
f 869//63 976//63 968//63
f 969//63 977//63 870//63
f 971//63 969//63 870//63
f 869//63 968//63 970//63
f 869//63 970//63 967//63
f 978//63 971//63 870//63
f 966//63 978//63 870//63
f 869//63 967//63 964//63
f 869//63 964//63 965//63
f 963//63 966//63 870//63
f 962//63 963//63 870//63
f 869//63 965//63 959//63
f 869//63 959//63 960//63
f 962//63 870//63 869//63
f 961//63 962//63 869//63
f 869//63 960//63 958//63
f 870//160 866//160 865//160
f 871//159 869//159 865//159
f 868//161 866//161 870//161
f 935//33 955//33 953//33
f 931//34 995//34 955//34
f 934//35 994//35 995//35
f 928//36 996//36 994//36
f 929//37 993//37 996//37
f 930//38 992//38 993//38
f 926//39 998//39 992//39
f 927//40 990//40 998//40
f 936//41 989//41 990//41
f 922//42 991//42 989//42
f 923//43 988//43 991//43
f 924//44 997//44 988//44
f 920//45 984//45 997//45
f 921//46 985//46 984//46
f 925//47 986//47 985//47
f 917//48 982//48 986//48
f 918//49 983//49 982//49
f 919//50 987//50 983//50
f 916//51 979//51 987//51
f 895//52 980//52 979//52
f 914//53 999//53 980//53
f 887//54 972//54 999//54
f 889//55 974//55 972//55
f 891//56 976//56 974//56
f 968//57 976//57 891//57
f 970//58 968//58 883//58
f 967//59 970//59 885//59
f 964//60 967//60 882//60
f 965//61 964//61 879//61
f 959//62 965//62 880//62
f 960//64 959//64 874//64
f 958//65 960//65 875//65
f 961//1 958//1 873//1
f 962//2 961//2 876//2
f 963//3 962//3 877//3
f 966//4 963//4 878//4
f 978//5 966//5 881//5
f 971//6 978//6 893//6
f 969//7 971//7 886//7
f 977//8 969//8 884//8
f 975//9 977//9 892//9
f 973//10 975//10 890//10
f 1000//11 973//11 888//11
f 981//12 1000//12 915//12
f 894//13 937//13 981//13
f 938//14 937//14 894//14
f 939//15 938//15 902//15
f 940//16 939//16 897//16
f 941//17 940//17 898//17
f 942//18 941//18 901//18
f 943//19 942//19 899//19
f 946//20 943//20 900//20
f 944//21 946//21 913//21
f 945//22 944//22 904//22
f 957//23 945//23 903//23
f 947//24 957//24 907//24
f 905//25 948//25 947//25
f 912//26 951//26 948//26
f 909//27 949//27 951//27
f 908//28 950//28 949//28
f 911//29 956//29 950//29
f 910//30 952//30 956//30
f 933//31 954//31 952//31
f 932//32 953//32 954//32
f 1180//66 1178//66 1131//66
f 1132//66 1179//66 1181//66
f 1132//66 1181//66 1199//66
f 1200//66 1180//66 1131//66
f 1176//66 1200//66 1131//66
f 1132//66 1199//66 1175//66
f 1132//66 1175//66 1154//66
f 1173//66 1176//66 1131//66
f 1174//66 1173//66 1131//66
f 1130//66 1132//66 1154//66
f 1130//473 1154//473 1155//473
f 1174//66 1131//66 1129//66
f 1177//468 1174//468 1129//468
f 1130//463 1155//463 1152//463
f 1130//66 1152//66 1153//66
f 1170//66 1177//66 1129//66
f 1171//66 1170//66 1129//66
f 1130//66 1153//66 1156//66
f 1130//66 1156//66 1149//66
f 1172//66 1171//66 1129//66
f 1168//66 1172//66 1129//66
f 1130//66 1149//66 1150//66
f 1130//66 1150//66 1151//66
f 1169//66 1168//66 1129//66
f 1166//66 1169//66 1129//66
f 1130//66 1151//66 1147//66
f 1130//66 1147//66 1148//66
f 1164//66 1166//66 1129//66
f 1163//66 1164//66 1129//66
f 1130//66 1148//66 1157//66
f 1130//66 1157//66 1143//66
f 1165//66 1163//66 1129//66
f 1162//66 1165//66 1129//66
f 1129//66 1130//66 1143//66
f 1129//474 1143//474 1144//474
f 1167//66 1162//66 1129//66
f 1159//66 1167//66 1129//66
f 1129//66 1144//66 1145//66
f 1129//66 1145//66 1141//66
f 1160//66 1159//66 1129//66
f 1161//66 1160//66 1129//66
f 1129//66 1141//66 1142//66
f 1129//66 1142//66 1146//66
f 1158//66 1161//66 1129//66
f 1139//66 1158//66 1129//66
f 1129//66 1146//66 1138//66
f 1129//66 1138//66 1140//66
f 1137//66 1139//66 1129//66
f 1187//66 1179//66 1132//66
f 1131//66 1178//66 1186//66
f 1131//66 1186//66 1184//66
f 1185//66 1187//66 1132//66
f 1183//66 1185//66 1132//66
f 1131//66 1184//66 1182//66
f 1131//66 1182//66 1196//66
f 1198//66 1183//66 1132//66
f 1190//66 1198//66 1132//66
f 1131//66 1196//66 1189//66
f 1131//66 1189//66 1197//66
f 1188//66 1190//66 1132//66
f 1195//66 1188//66 1132//66
f 1131//66 1197//66 1191//66
f 1131//66 1191//66 1194//66
f 1195//66 1132//66 1131//66
f 1193//66 1195//66 1131//66
f 1131//66 1194//66 1192//66
f 1132//162 1136//162 1135//162
f 1229//63 1222//63 1135//63
f 1136//63 1224//63 1230//63
f 1136//63 1230//63 1228//63
f 1227//63 1229//63 1135//63
f 1225//63 1227//63 1135//63
f 1136//63 1228//63 1226//63
f 1136//63 1226//63 1241//63
f 1239//63 1225//63 1135//63
f 1232//63 1239//63 1135//63
f 1136//63 1241//63 1233//63
f 1136//63 1233//63 1231//63
f 1240//63 1232//63 1135//63
f 1234//63 1240//63 1135//63
f 1136//63 1231//63 1238//63
f 1136//63 1238//63 1236//63
f 1234//63 1135//63 1136//63
f 1237//63 1234//63 1136//63
f 1136//63 1236//63 1235//63
f 1221//63 1224//63 1136//63
f 1135//63 1222//63 1223//63
f 1135//63 1223//63 1242//63
f 1243//63 1221//63 1136//63
f 1218//63 1243//63 1136//63
f 1135//63 1242//63 1217//63
f 1135//63 1217//63 1262//63
f 1216//63 1218//63 1136//63
f 1215//63 1216//63 1136//63
f 1133//63 1135//63 1262//63
f 1133//475 1262//475 1261//475
f 1215//63 1136//63 1134//63
f 1219//63 1215//63 1134//63
f 1133//63 1261//63 1259//63
f 1133//63 1259//63 1260//63
f 1213//63 1219//63 1134//63
f 1212//63 1213//63 1134//63
f 1133//63 1260//63 1263//63
f 1133//63 1263//63 1256//63
f 1214//63 1212//63 1134//63
f 1211//63 1214//63 1134//63
f 1133//63 1256//63 1257//63
f 1133//63 1257//63 1258//63
f 1220//63 1211//63 1134//63
f 1208//63 1220//63 1134//63
f 1133//63 1258//63 1254//63
f 1133//63 1254//63 1255//63
f 1209//63 1208//63 1134//63
f 1210//63 1209//63 1134//63
f 1133//63 1255//63 1264//63
f 1133//63 1264//63 1250//63
f 1206//63 1210//63 1134//63
f 1207//63 1206//63 1134//63
f 1134//63 1133//63 1250//63
f 1134//476 1250//476 1251//476
f 1205//63 1207//63 1134//63
f 1204//63 1205//63 1134//63
f 1134//63 1251//63 1252//63
f 1134//63 1252//63 1248//63
f 1203//63 1204//63 1134//63
f 1202//63 1203//63 1134//63
f 1134//63 1248//63 1249//63
f 1134//63 1249//63 1253//63
f 1201//63 1202//63 1134//63
f 1247//63 1201//63 1134//63
f 1134//63 1253//63 1246//63
f 1134//63 1246//63 1245//63
f 1244//63 1247//63 1134//63
f 1134//160 1130//160 1129//160
f 1135//159 1133//159 1129//159
f 1132//161 1130//161 1134//161
f 1194//33 1237//33 1235//33
f 1191//34 1234//34 1237//34
f 1197//35 1240//35 1234//35
f 1189//36 1232//36 1240//36
f 1196//37 1239//37 1232//37
f 1182//38 1225//38 1239//38
f 1184//39 1227//39 1225//39
f 1186//40 1229//40 1227//40
f 1178//41 1222//41 1229//41
f 1180//42 1223//42 1222//42
f 1200//43 1242//43 1223//43
f 1176//44 1217//44 1242//44
f 1176//45 1173//45 1262//45
f 1174//46 1261//46 1262//46
f 1177//47 1259//47 1261//47
f 1170//48 1260//48 1259//48
f 1171//49 1263//49 1260//49
f 1172//50 1256//50 1263//50
f 1168//51 1257//51 1256//51
f 1169//52 1258//52 1257//52
f 1166//53 1254//53 1258//53
f 1164//54 1255//54 1254//54
f 1163//55 1264//55 1255//55
f 1165//56 1250//56 1264//56
f 1251//57 1250//57 1165//57
f 1252//58 1251//58 1162//58
f 1248//59 1252//59 1167//59
f 1249//60 1248//60 1159//60
f 1253//61 1249//61 1160//61
f 1246//62 1253//62 1161//62
f 1245//64 1246//64 1158//64
f 1244//65 1245//65 1139//65
f 1247//1 1244//1 1137//1
f 1201//2 1247//2 1140//2
f 1202//3 1201//3 1138//3
f 1203//4 1202//4 1146//4
f 1204//5 1203//5 1142//5
f 1205//6 1204//6 1141//6
f 1207//7 1205//7 1145//7
f 1206//8 1207//8 1144//8
f 1210//9 1206//9 1143//9
f 1209//10 1210//10 1157//10
f 1208//11 1209//11 1148//11
f 1220//12 1208//12 1147//12
f 1211//13 1220//13 1151//13
f 1214//14 1211//14 1150//14
f 1212//15 1214//15 1149//15
f 1213//16 1212//16 1156//16
f 1219//17 1213//17 1153//17
f 1215//18 1219//18 1152//18
f 1216//19 1215//19 1155//19
f 1218//20 1216//20 1154//20
f 1243//21 1218//21 1175//21
f 1221//22 1243//22 1199//22
f 1224//23 1221//23 1181//23
f 1230//24 1224//24 1179//24
f 1185//25 1228//25 1230//25
f 1183//26 1226//26 1228//26
f 1198//27 1241//27 1226//27
f 1190//28 1233//28 1241//28
f 1188//29 1231//29 1233//29
f 1195//30 1238//30 1231//30
f 1193//31 1236//31 1238//31
f 1192//32 1235//32 1236//32
usemtl rubber
f 1266//1 1267//1 1265//1
f 1268//2 1269//2 1267//2
f 1270//3 1271//3 1269//3
f 1272//4 1273//4 1271//4
f 1274//5 1275//5 1273//5
f 1276//6 1277//6 1275//6
f 1278//7 1279//7 1277//7
f 1280//8 1281//8 1279//8
f 1282//9 1283//9 1281//9
f 1284//10 1285//10 1283//10
f 1286//11 1287//11 1285//11
f 1288//12 1289//12 1287//12
f 1290//13 1291//13 1289//13
f 1292//14 1293//14 1291//14
f 1294//15 1295//15 1293//15
f 1296//16 1297//16 1295//16
f 1298//17 1299//17 1297//17
f 1300//18 1301//18 1299//18
f 1302//19 1303//19 1301//19
f 1304//20 1305//20 1303//20
f 1306//21 1307//21 1305//21
f 1308//22 1309//22 1307//22
f 1310//23 1311//23 1309//23
f 1312//166 1313//166 1311//166
f 1314//25 1315//25 1313//25
f 1316//26 1317//26 1315//26
f 1318//27 1319//27 1317//27
f 1320//28 1321//28 1319//28
f 1322//29 1323//29 1321//29
f 1324//30 1325//30 1323//30
f 1326//31 1327//31 1325//31
f 1328//32 1329//32 1327//32
f 1330//33 1331//33 1329//33
f 1332//34 1333//34 1331//34
f 1334//35 1335//35 1333//35
f 1336//36 1337//36 1335//36
f 1338//37 1339//37 1337//37
f 1340//38 1341//38 1339//38
f 1342//39 1343//39 1341//39
f 1344//40 1345//40 1343//40
f 1346//41 1347//41 1345//41
f 1348//42 1349//42 1347//42
f 1350//43 1351//43 1349//43
f 1352//44 1353//44 1351//44
f 1354//45 1355//45 1353//45
f 1356//46 1357//46 1355//46
f 1358//47 1359//47 1357//47
f 1360//48 1361//48 1359//48
f 1362//49 1363//49 1361//49
f 1364//50 1365//50 1363//50
f 1366//51 1367//51 1365//51
f 1368//52 1369//52 1367//52
f 1370//53 1371//53 1369//53
f 1372//54 1373//54 1371//54
f 1374//55 1375//55 1373//55
f 1376//56 1377//56 1375//56
f 1378//57 1379//57 1377//57
f 1380//58 1381//58 1379//58
f 1382//59 1383//59 1381//59
f 1384//60 1385//60 1383//60
f 1386//61 1387//61 1385//61
f 1388//62 1389//62 1387//62
f 1334//63 1302//63 1270//63
f 1390//64 1391//64 1389//64
f 1392//65 1265//65 1391//65
f 1327//66 1359//66 1391//66
f 1266//1 1268//1 1267//1
f 1268//2 1270//2 1269//2
f 1270//3 1272//3 1271//3
f 1272//4 1274//4 1273//4
f 1274//5 1276//5 1275//5
f 1276//6 1278//6 1277//6
f 1278//7 1280//7 1279//7
f 1280//8 1282//8 1281//8
f 1282//165 1284//165 1283//165
f 1284//10 1286//10 1285//10
f 1286//11 1288//11 1287//11
f 1288//12 1290//12 1289//12
f 1290//13 1292//13 1291//13
f 1292//14 1294//14 1293//14
f 1294//15 1296//15 1295//15
f 1296//16 1298//16 1297//16
f 1298//17 1300//17 1299//17
f 1300//18 1302//18 1301//18
f 1302//19 1304//19 1303//19
f 1304//20 1306//20 1305//20
f 1306//21 1308//21 1307//21
f 1308//22 1310//22 1309//22
f 1310//23 1312//23 1311//23
f 1312//24 1314//24 1313//24
f 1314//25 1316//25 1315//25
f 1316//26 1318//26 1317//26
f 1318//27 1320//27 1319//27
f 1320//28 1322//28 1321//28
f 1322//29 1324//29 1323//29
f 1324//30 1326//30 1325//30
f 1326//31 1328//31 1327//31
f 1328//32 1330//32 1329//32
f 1330//33 1332//33 1331//33
f 1332//34 1334//34 1333//34
f 1334//35 1336//35 1335//35
f 1336//36 1338//36 1337//36
f 1338//37 1340//37 1339//37
f 1340//38 1342//38 1341//38
f 1342//39 1344//39 1343//39
f 1344//40 1346//40 1345//40
f 1346//41 1348//41 1347//41
f 1348//42 1350//42 1349//42
f 1350//43 1352//43 1351//43
f 1352//44 1354//44 1353//44
f 1354//45 1356//45 1355//45
f 1356//46 1358//46 1357//46
f 1358//47 1360//47 1359//47
f 1360//48 1362//48 1361//48
f 1362//49 1364//49 1363//49
f 1364//50 1366//50 1365//50
f 1366//51 1368//51 1367//51
f 1368//52 1370//52 1369//52
f 1370//53 1372//53 1371//53
f 1372//54 1374//54 1373//54
f 1374//55 1376//55 1375//55
f 1376//56 1378//56 1377//56
f 1378//57 1380//57 1379//57
f 1380//58 1382//58 1381//58
f 1382//59 1384//59 1383//59
f 1384//60 1386//60 1385//60
f 1386//61 1388//61 1387//61
f 1388//62 1390//62 1389//62
f 1270//63 1268//63 1266//63
f 1266//63 1392//63 1390//63
f 1390//63 1388//63 1386//63
f 1386//63 1384//63 1382//63
f 1382//63 1380//63 1378//63
f 1378//63 1376//63 1374//63
f 1374//63 1372//63 1370//63
f 1370//63 1368//63 1366//63
f 1366//63 1364//63 1362//63
f 1362//63 1360//63 1358//63
f 1358//63 1356//63 1354//63
f 1354//63 1352//63 1350//63
f 1350//63 1348//63 1346//63
f 1346//63 1344//63 1342//63
f 1342//63 1340//63 1338//63
f 1338//63 1336//63 1334//63
f 1334//63 1332//63 1330//63
f 1330//63 1328//63 1326//63
f 1326//63 1324//63 1322//63
f 1322//63 1320//63 1318//63
f 1318//63 1316//63 1314//63
f 1314//63 1312//63 1310//63
f 1310//63 1308//63 1306//63
f 1306//63 1304//63 1302//63
f 1302//63 1300//63 1298//63
f 1298//63 1296//63 1294//63
f 1294//63 1292//63 1290//63
f 1290//63 1288//63 1286//63
f 1286//63 1284//63 1282//63
f 1282//63 1280//63 1278//63
f 1278//63 1276//63 1274//63
f 1274//63 1272//63 1270//63
f 1270//63 1266//63 1390//63
f 1390//63 1386//63 1382//63
f 1382//63 1378//63 1374//63
f 1374//63 1370//63 1366//63
f 1366//63 1362//63 1358//63
f 1358//63 1354//63 1350//63
f 1350//63 1346//63 1342//63
f 1342//63 1338//63 1334//63
f 1334//63 1330//63 1326//63
f 1326//63 1322//63 1318//63
f 1318//63 1314//63 1310//63
f 1310//63 1306//63 1302//63
f 1302//63 1298//63 1294//63
f 1294//63 1290//63 1286//63
f 1286//63 1282//63 1278//63
f 1278//63 1274//63 1270//63
f 1270//63 1390//63 1382//63
f 1382//63 1374//63 1366//63
f 1366//63 1358//63 1350//63
f 1350//63 1342//63 1334//63
f 1334//63 1326//63 1318//63
f 1318//63 1310//63 1302//63
f 1302//63 1294//63 1286//63
f 1286//63 1278//63 1270//63
f 1270//63 1382//63 1366//63
f 1366//63 1350//63 1334//63
f 1334//63 1318//63 1302//63
f 1302//63 1286//63 1270//63
f 1270//63 1366//63 1334//63
f 1390//64 1392//64 1391//64
f 1392//65 1266//65 1265//65
f 1391//66 1265//66 1267//66
f 1267//66 1269//66 1271//66
f 1271//468 1273//468 1275//468
f 1275//468 1277//468 1279//468
f 1279//66 1281//66 1283//66
f 1283//66 1285//66 1287//66
f 1287//66 1289//66 1291//66
f 1291//463 1293//463 1295//463
f 1295//66 1297//66 1299//66
f 1299//463 1301//463 1303//463
f 1303//66 1305//66 1307//66
f 1307//66 1309//66 1311//66
f 1311//66 1313//66 1315//66
f 1315//468 1317//468 1319//468
f 1319//463 1321//463 1323//463
f 1323//66 1325//66 1327//66
f 1327//66 1329//66 1331//66
f 1331//66 1333//66 1335//66
f 1335//468 1337//468 1339//468
f 1339//463 1341//463 1343//463
f 1343//66 1345//66 1347//66
f 1347//66 1349//66 1351//66
f 1351//66 1353//66 1355//66
f 1355//468 1357//468 1359//468
f 1359//66 1361//66 1363//66
f 1363//468 1365//468 1367//468
f 1367//66 1369//66 1371//66
f 1371//66 1373//66 1375//66
f 1375//66 1377//66 1379//66
f 1379//463 1381//463 1383//463
f 1383//463 1385//463 1387//463
f 1387//66 1389//66 1391//66
f 1391//66 1267//66 1271//66
f 1271//66 1275//66 1279//66
f 1279//66 1283//66 1287//66
f 1287//66 1291//66 1295//66
f 1295//66 1299//66 1303//66
f 1303//66 1307//66 1311//66
f 1311//66 1315//66 1319//66
f 1319//66 1323//66 1327//66
f 1327//66 1331//66 1335//66
f 1335//66 1339//66 1343//66
f 1343//66 1347//66 1351//66
f 1351//66 1355//66 1359//66
f 1359//66 1363//66 1367//66
f 1367//66 1371//66 1375//66
f 1375//66 1379//66 1383//66
f 1383//66 1387//66 1391//66
f 1391//66 1271//66 1279//66
f 1279//66 1287//66 1295//66
f 1295//66 1303//66 1311//66
f 1311//66 1319//66 1327//66
f 1327//66 1335//66 1343//66
f 1343//66 1351//66 1359//66
f 1359//66 1367//66 1375//66
f 1375//66 1383//66 1391//66
f 1391//66 1279//66 1295//66
f 1295//66 1311//66 1327//66
f 1327//66 1343//66 1359//66
f 1359//66 1375//66 1391//66
f 1391//66 1295//66 1327//66
usemtl steel_grey
f 1522//66 1523//66 1521//66
f 1524//162 1527//162 1523//162
f 1528//63 1525//63 1527//63
f 1526//160 1521//160 1525//160
f 1527//159 1521//159 1523//159
f 1524//161 1526//161 1528//161
f 1626//66 1627//66 1625//66
f 1628//162 1631//162 1627//162
f 1632//63 1629//63 1631//63
f 1630//160 1625//160 1629//160
f 1631//159 1625//159 1627//159
f 1628//161 1630//161 1632//161
f 1826//171 1827//171 1825//171
f 1828//172 1829//172 1827//172
f 1830//173 1831//173 1829//173
f 1832//174 1833//174 1831//174
f 1834//175 1835//175 1833//175
f 1836//176 1837//176 1835//176
f 1838//177 1839//177 1837//177
f 1840//178 1841//178 1839//178
f 1842//179 1843//179 1841//179
f 1843//180 1846//180 1845//180
f 1845//181 1848//181 1847//181
f 1848//182 1849//182 1847//182
f 1850//183 1851//183 1849//183
f 1852//184 1853//184 1851//184
f 1854//185 1855//185 1853//185
f 1856//186 1857//186 1855//186
f 1858//187 1859//187 1857//187
f 1860//188 1861//188 1859//188
f 1862//189 1863//189 1861//189
f 1864//190 1865//190 1863//190
f 1866//191 1867//191 1865//191
f 1868//192 1869//192 1867//192
f 1870//193 1871//193 1869//193
f 1872//194 1873//194 1871//194
f 1874//195 1875//195 1873//195
f 1876//196 1877//196 1875//196
f 1878//197 1879//197 1877//197
f 1880//198 1881//198 1879//198
f 1882//199 1883//199 1881//199
f 1884//200 1885//200 1883//200
f 1886//201 1887//201 1885//201
f 1888//202 1889//202 1887//202
f 1890//203 1891//203 1889//203
f 1892//204 1893//204 1891//204
f 1894//205 1895//205 1893//205
f 1896//206 1897//206 1895//206
f 1898//207 1899//207 1897//207
f 1900//208 1901//208 1899//208
f 1901//209 1904//209 1903//209
f 1904//210 1905//210 1903//210
f 1906//211 1907//211 1905//211
f 1908//212 1909//212 1907//212
f 1910//213 1911//213 1909//213
f 1912//214 1913//214 1911//214
f 1914//215 1915//215 1913//215
f 1916//216 1917//216 1915//216
f 1894//161 1862//161 1830//161
f 1918//217 1919//217 1917//217
f 1920//218 1825//218 1919//218
f 1855//159 1887//159 1919//159
f 1922//66 1923//66 1921//66
f 1924//162 1927//162 1923//162
f 1928//63 1925//63 1927//63
f 1926//160 1921//160 1925//160
f 1927//159 1921//159 1923//159
f 1924//161 1926//161 1928//161
f 1522//66 1524//66 1523//66
f 1524//162 1528//162 1527//162
f 1528//63 1526//63 1525//63
f 1526//160 1522//160 1521//160
f 1527//159 1525//159 1521//159
f 1524//161 1522//161 1526//161
f 1626//66 1628//66 1627//66
f 1628//162 1632//162 1631//162
f 1632//63 1630//63 1629//63
f 1630//160 1626//160 1625//160
f 1631//159 1629//159 1625//159
f 1628//161 1626//161 1630//161
f 1826//171 1828//171 1827//171
f 1828//172 1830//172 1829//172
f 1830//173 1832//173 1831//173
f 1832//174 1834//174 1833//174
f 1834//175 1836//175 1835//175
f 1836//176 1838//176 1837//176
f 1838//177 1840//177 1839//177
f 1840//178 1842//178 1841//178
f 1842//179 1844//179 1843//179
f 1843//180 1844//180 1846//180
f 1845//181 1846//181 1848//181
f 1848//182 1850//182 1849//182
f 1850//183 1852//183 1851//183
f 1852//184 1854//184 1853//184
f 1854//185 1856//185 1855//185
f 1856//186 1858//186 1857//186
f 1858//187 1860//187 1859//187
f 1860//188 1862//188 1861//188
f 1862//189 1864//189 1863//189
f 1864//190 1866//190 1865//190
f 1866//191 1868//191 1867//191
f 1868//192 1870//192 1869//192
f 1870//193 1872//193 1871//193
f 1872//194 1874//194 1873//194
f 1874//195 1876//195 1875//195
f 1876//196 1878//196 1877//196
f 1878//197 1880//197 1879//197
f 1880//198 1882//198 1881//198
f 1882//199 1884//199 1883//199
f 1884//200 1886//200 1885//200
f 1886//201 1888//201 1887//201
f 1888//202 1890//202 1889//202
f 1890//203 1892//203 1891//203
f 1892//204 1894//204 1893//204
f 1894//205 1896//205 1895//205
f 1896//206 1898//206 1897//206
f 1898//207 1900//207 1899//207
f 1900//208 1902//208 1901//208
f 1901//209 1902//209 1904//209
f 1904//210 1906//210 1905//210
f 1906//211 1908//211 1907//211
f 1908//212 1910//212 1909//212
f 1910//213 1912//213 1911//213
f 1912//214 1914//214 1913//214
f 1914//215 1916//215 1915//215
f 1916//216 1918//216 1917//216
f 1830//161 1828//161 1826//161
f 1826//161 1920//161 1918//161
f 1918//161 1916//161 1914//161
f 1914//161 1912//161 1910//161
f 1910//161 1908//161 1906//161
f 1906//161 1904//161 1902//161
f 1902//161 1900//161 1898//161
f 1898//161 1896//161 1894//161
f 1894//161 1892//161 1890//161
f 1890//161 1888//161 1886//161
f 1886//161 1884//161 1882//161
f 1882//161 1880//161 1878//161
f 1878//161 1876//161 1874//161
f 1874//161 1872//161 1870//161
f 1870//161 1868//161 1866//161
f 1866//161 1864//161 1862//161
f 1862//161 1860//161 1858//161
f 1858//161 1856//161 1854//161
f 1854//161 1852//161 1850//161
f 1850//161 1848//161 1846//161
f 1846//161 1844//161 1842//161
f 1842//161 1840//161 1838//161
f 1838//161 1836//161 1834//161
f 1834//161 1832//161 1830//161
f 1830//161 1826//161 1918//161
f 1918//161 1914//161 1910//161
f 1910//161 1906//161 1902//161
f 1902//161 1898//161 1894//161
f 1894//161 1890//161 1886//161
f 1886//161 1882//161 1878//161
f 1878//161 1874//161 1870//161
f 1870//161 1866//161 1862//161
f 1862//161 1858//161 1854//161
f 1854//161 1850//161 1846//161
f 1846//161 1842//161 1838//161
f 1838//161 1834//161 1830//161
f 1830//161 1918//161 1910//161
f 1910//161 1902//161 1894//161
f 1894//161 1886//161 1878//161
f 1878//161 1870//161 1862//161
f 1862//161 1854//161 1846//161
f 1846//161 1838//161 1830//161
f 1830//161 1910//161 1894//161
f 1894//161 1878//161 1862//161
f 1862//161 1846//161 1830//161
f 1918//217 1920//217 1919//217
f 1920//218 1826//218 1825//218
f 1919//159 1825//159 1827//159
f 1827//159 1829//159 1831//159
f 1831//159 1833//159 1835//159
f 1835//159 1837//159 1839//159
f 1839//159 1841//159 1843//159
f 1843//159 1845//159 1847//159
f 1847//159 1849//159 1851//159
f 1851//159 1853//159 1855//159
f 1855//159 1857//159 1859//159
f 1859//159 1861//159 1863//159
f 1863//159 1865//159 1867//159
f 1867//159 1869//159 1871//159
f 1871//159 1873//159 1875//159
f 1875//159 1877//159 1879//159
f 1879//159 1881//159 1883//159
f 1883//159 1885//159 1887//159
f 1887//159 1889//159 1891//159
f 1891//159 1893//159 1895//159
f 1895//159 1897//159 1899//159
f 1899//159 1901//159 1903//159
f 1903//159 1905//159 1907//159
f 1907//159 1909//159 1911//159
f 1911//159 1913//159 1915//159
f 1915//159 1917//159 1919//159
f 1919//159 1827//159 1831//159
f 1831//159 1835//159 1839//159
f 1839//159 1843//159 1847//159
f 1847//159 1851//159 1855//159
f 1855//159 1859//159 1863//159
f 1863//159 1867//159 1871//159
f 1871//159 1875//159 1879//159
f 1879//159 1883//159 1887//159
f 1887//159 1891//159 1895//159
f 1895//159 1899//159 1903//159
f 1903//159 1907//159 1911//159
f 1911//159 1915//159 1919//159
f 1919//159 1831//159 1839//159
f 1839//159 1847//159 1855//159
f 1855//159 1863//159 1871//159
f 1871//159 1879//159 1887//159
f 1887//159 1895//159 1903//159
f 1903//159 1911//159 1919//159
f 1919//159 1839//159 1855//159
f 1855//159 1871//159 1887//159
f 1887//159 1903//159 1919//159
f 1922//66 1924//66 1923//66
f 1924//162 1928//162 1927//162
f 1928//63 1926//63 1925//63
f 1926//160 1922//160 1921//160
f 1927//159 1925//159 1921//159
f 1924//161 1922//161 1926//161
usemtl bolt_black
f 1530//171 1531//171 1529//171
f 1532//172 1533//172 1531//172
f 1534//173 1535//173 1533//173
f 1536//174 1537//174 1535//174
f 1538//175 1539//175 1537//175
f 1540//176 1541//176 1539//176
f 1542//177 1543//177 1541//177
f 1544//178 1545//178 1543//178
f 1546//179 1547//179 1545//179
f 1548//180 1549//180 1547//180
f 1550//181 1551//181 1549//181
f 1552//182 1553//182 1551//182
f 1554//183 1555//183 1553//183
f 1556//184 1557//184 1555//184
f 1558//185 1559//185 1557//185
f 1560//186 1561//186 1559//186
f 1562//187 1563//187 1561//187
f 1564//188 1565//188 1563//188
f 1566//189 1567//189 1565//189
f 1568//190 1569//190 1567//190
f 1570//191 1571//191 1569//191
f 1572//192 1573//192 1571//192
f 1574//193 1575//193 1573//193
f 1576//194 1577//194 1575//194
f 1578//195 1579//195 1577//195
f 1580//196 1581//196 1579//196
f 1582//197 1583//197 1581//197
f 1584//198 1585//198 1583//198
f 1586//199 1587//199 1585//199
f 1588//200 1589//200 1587//200
f 1590//201 1591//201 1589//201
f 1592//202 1593//202 1591//202
f 1594//203 1595//203 1593//203
f 1596//204 1597//204 1595//204
f 1598//205 1599//205 1597//205
f 1600//206 1601//206 1599//206
f 1602//207 1603//207 1601//207
f 1604//208 1605//208 1603//208
f 1606//209 1607//209 1605//209
f 1608//210 1609//210 1607//210
f 1610//211 1611//211 1609//211
f 1612//212 1613//212 1611//212
f 1614//213 1615//213 1613//213
f 1616//214 1617//214 1615//214
f 1618//215 1619//215 1617//215
f 1620//216 1621//216 1619//216
f 1598//161 1566//161 1534//161
f 1622//217 1623//217 1621//217
f 1624//218 1529//218 1623//218
f 1559//159 1591//159 1623//159
f 1530//171 1532//171 1531//171
f 1532//172 1534//172 1533//172
f 1534//173 1536//173 1535//173
f 1536//174 1538//174 1537//174
f 1538//175 1540//175 1539//175
f 1540//176 1542//176 1541//176
f 1542//177 1544//177 1543//177
f 1544//178 1546//178 1545//178
f 1546//179 1548//179 1547//179
f 1548//180 1550//180 1549//180
f 1550//181 1552//181 1551//181
f 1552//182 1554//182 1553//182
f 1554//183 1556//183 1555//183
f 1556//184 1558//184 1557//184
f 1558//185 1560//185 1559//185
f 1560//186 1562//186 1561//186
f 1562//187 1564//187 1563//187
f 1564//188 1566//188 1565//188
f 1566//189 1568//189 1567//189
f 1568//190 1570//190 1569//190
f 1570//191 1572//191 1571//191
f 1572//192 1574//192 1573//192
f 1574//193 1576//193 1575//193
f 1576//194 1578//194 1577//194
f 1578//195 1580//195 1579//195
f 1580//196 1582//196 1581//196
f 1582//197 1584//197 1583//197
f 1584//198 1586//198 1585//198
f 1586//199 1588//199 1587//199
f 1588//200 1590//200 1589//200
f 1590//201 1592//201 1591//201
f 1592//202 1594//202 1593//202
f 1594//203 1596//203 1595//203
f 1596//204 1598//204 1597//204
f 1598//205 1600//205 1599//205
f 1600//206 1602//206 1601//206
f 1602//207 1604//207 1603//207
f 1604//208 1606//208 1605//208
f 1606//209 1608//209 1607//209
f 1608//210 1610//210 1609//210
f 1610//211 1612//211 1611//211
f 1612//212 1614//212 1613//212
f 1614//213 1616//213 1615//213
f 1616//214 1618//214 1617//214
f 1618//215 1620//215 1619//215
f 1620//216 1622//216 1621//216
f 1534//477 1532//477 1530//477
f 1530//477 1624//477 1622//477
f 1622//161 1620//161 1618//161
f 1618//161 1616//161 1614//161
f 1614//161 1612//161 1610//161
f 1610//161 1608//161 1606//161
f 1606//161 1604//161 1602//161
f 1602//161 1600//161 1598//161
f 1598//161 1596//161 1594//161
f 1594//161 1592//161 1590//161
f 1590//161 1588//161 1586//161
f 1586//161 1584//161 1582//161
f 1582//478 1580//478 1578//478
f 1578//478 1576//478 1574//478
f 1574//161 1572//161 1570//161
f 1570//161 1568//161 1566//161
f 1566//161 1564//161 1562//161
f 1562//161 1560//161 1558//161
f 1558//161 1556//161 1554//161
f 1554//161 1552//161 1550//161
f 1550//161 1548//161 1546//161
f 1546//161 1544//161 1542//161
f 1542//161 1540//161 1538//161
f 1538//161 1536//161 1534//161
f 1534//161 1530//161 1622//161
f 1622//161 1618//161 1614//161
f 1614//161 1610//161 1606//161
f 1606//161 1602//161 1598//161
f 1598//161 1594//161 1590//161
f 1590//161 1586//161 1582//161
f 1582//161 1578//161 1574//161
f 1574//161 1570//161 1566//161
f 1566//161 1562//161 1558//161
f 1558//161 1554//161 1550//161
f 1550//161 1546//161 1542//161
f 1542//161 1538//161 1534//161
f 1534//161 1622//161 1614//161
f 1614//161 1606//161 1598//161
f 1598//161 1590//161 1582//161
f 1582//161 1574//161 1566//161
f 1566//161 1558//161 1550//161
f 1550//161 1542//161 1534//161
f 1534//161 1614//161 1598//161
f 1598//161 1582//161 1566//161
f 1566//161 1550//161 1534//161
f 1622//217 1624//217 1623//217
f 1624//218 1530//218 1529//218
f 1623//159 1529//159 1531//159
f 1531//159 1533//159 1535//159
f 1535//159 1537//159 1539//159
f 1539//159 1541//159 1543//159
f 1543//159 1545//159 1547//159
f 1547//159 1549//159 1551//159
f 1551//159 1553//159 1555//159
f 1555//159 1557//159 1559//159
f 1559//159 1561//159 1563//159
f 1563//159 1565//159 1567//159
f 1567//159 1569//159 1571//159
f 1571//159 1573//159 1575//159
f 1575//159 1577//159 1579//159
f 1579//159 1581//159 1583//159
f 1583//159 1585//159 1587//159
f 1587//159 1589//159 1591//159
f 1591//159 1593//159 1595//159
f 1595//159 1597//159 1599//159
f 1599//159 1601//159 1603//159
f 1603//159 1605//159 1607//159
f 1607//159 1609//159 1611//159
f 1611//159 1613//159 1615//159
f 1615//159 1617//159 1619//159
f 1619//159 1621//159 1623//159
f 1623//159 1531//159 1535//159
f 1535//159 1539//159 1543//159
f 1543//159 1547//159 1551//159
f 1551//159 1555//159 1559//159
f 1559//159 1563//159 1567//159
f 1567//159 1571//159 1575//159
f 1575//159 1579//159 1583//159
f 1583//159 1587//159 1591//159
f 1591//159 1595//159 1599//159
f 1599//159 1603//159 1607//159
f 1607//159 1611//159 1615//159
f 1615//159 1619//159 1623//159
f 1623//159 1535//159 1543//159
f 1543//159 1551//159 1559//159
f 1559//159 1567//159 1575//159
f 1575//159 1583//159 1591//159
f 1591//159 1599//159 1607//159
f 1607//159 1615//159 1623//159
f 1623//159 1543//159 1559//159
f 1559//159 1575//159 1591//159
f 1591//159 1607//159 1623//159
