step_index,transport_linear_velocity,placing_linear_velocity,release_opening_velocity,retract_linear_velocity,cube0_final_z,cube1_final_z,cube2_final_z,cube3_final_z
1,0.059951068847921785,0.08905182130210719,0.10505627781770158,0.08178433910154305,0.024754538631568193,0.07469409322514109,0.024869166672692004,0.024869166672692004
1,0.059951068847921785,0.08905182130210719,0.10505627781770158,0.08178433910154305,0.024753724265634977,0.07471678786798518,0.024869166672692004,0.024869166672692004
1,0.059951068847921785,0.08905182130210719,0.10505627781770158,0.08178433910154305,0.024754627172398326,0.07471075539632448,0.024869166672692004,0.024869166672692004
1,0.059951068847921785,0.08905182130210719,0.10505627781770158,0.08178433910154305,0.0247542008439949,0.07469764149588207,0.024869166672692004,0.024869166672692004
2,0.08376986163870562,0.056362253425633835,0.06353752429875309,0.11886457985704539,0.024663878997411664,0.07459214689405706,0.1244010029397534,0.024869166672692004
2,0.08376986163870562,0.056362253425633835,0.06353752429875309,0.11886457985704539,0.024660833562806208,0.07455200594721227,0.12441775533891569,0.024869166672692004
2,0.08376986163870562,0.056362253425633835,0.06353752429875309,0.11886457985704539,0.024664877195063842,0.07454853086622806,0.12437801569867918,0.024869166672692004
2,0.08376986163870562,0.056362253425633835,0.06353752429875309,0.11886457985704539,0.024661711004113077,0.07456732557023697,0.12443429510762435,0.024869166672692004
3,0.08454444274104442,0.07715606347627878,0.05987766853373282,0.03875138545104731,0.02458988326748644,0.07448872173101262,0.12419507832969026,0.17407882876981895
3,0.08454444274104442,0.07715606347627878,0.05987766853373282,0.03875138545104731,0.024589886472671213,0.0744274850440689,0.12418038435459583,0.17400983323703398
3,0.08454444274104442,0.07715606347627878,0.05987766853373282,0.03875138545104731,0.02460630313661454,0.07442607798933885,0.12410457442647045,0.17388230351619244
3,0.08454444274104442,0.07715606347627878,0.05987766853373282,0.03875138545104731,0.024589578538344647,0.07443465075028283,0.12416580927533236,0.17399608334446015
1,0.1263047507675703,0.09080363264511798,0.1112745747759673,0.08531794707870306,0.02475467243852259,0.07467522509916892,0.024666254973687515,0.024963459228605062
1,0.1263047507675703,0.09080363264511798,0.1112745747759673,0.08531794707870306,0.024754102398552816,0.07468152003351182,0.024666254973687515,0.024963459228605062
1,0.1263047507675703,0.09080363264511798,0.1112745747759673,0.08531794707870306,0.024754630478649422,0.07469901280087661,0.024666254973687515,0.024963459228605062
1,0.1263047507675703,0.09080363264511798,0.1112745747759673,0.08531794707870306,0.024755031607191752,0.0746711516555683,0.024666254973687515,0.024963459228605062
1,0.1263047507675703,0.09080363264511798,0.1112745747759673,0.08531794707870306,0.024754742658779503,0.07467437330672402,0.024666254973687515,0.024963459228605062
2,0.08392367504540656,0.06194786937773825,0.10095921836073707,0.10915166180840462,0.024668956970786304,0.07455003841235558,0.12443110237629132,0.024963459228605062
2,0.08392367504540656,0.06194786937773825,0.10095921836073707,0.10915166180840462,0.02466167613005379,0.07451824336335953,0.12445110805229195,0.024963459228605062
2,0.08392367504540656,0.06194786937773825,0.10095921836073707,0.10915166180840462,0.024664084420029635,0.07451714560007812,0.12444584111715483,0.024963459228605062
2,0.08392367504540656,0.06194786937773825,0.10095921836073707,0.10915166180840462,0.02466855058475927,0.07449846823059249,0.12439842321878616,0.024963459228605062
2,0.08392367504540656,0.06194786937773825,0.10095921836073707,0.10915166180840462,0.024664016725872203,0.07450920997824005,0.12443913034887603,0.024963459228605062
3,0.0913429442840212,0.034554630736127925,0.07874400773948609,0.09051535383523368,0.024604421072376148,0.07436035074537789,0.12417656417222414,0.17415563965854863
3,0.0913429442840212,0.034554630736127925,0.07874400773948609,0.09051535383523368,0.024594940353725732,0.07438232088966146,0.12421313854695862,0.17419279026187254
3,0.0913429442840212,0.034554630736127925,0.07874400773948609,0.09051535383523368,0.024591989771360748,0.07437468069729743,0.12427587946663171,0.17425182382214288
3,0.0913429442840212,0.034554630736127925,0.07874400773948609,0.09051535383523368,0.02458771472975159,0.07439106058599952,0.12425122979435885,0.17420290426462762
3,0.0913429442840212,0.034554630736127925,0.07874400773948609,0.09051535383523368,0.02460258713197577,0.07444110278592467,0.12426039658743263,0.1742479078705297
1,0.04067829811927083,0.05025432191376591,0.07208253112402942,0.0879366002713662,0.024753813080246344,0.07470165650136432,0.02490284980333554,0.024963459228605062
1,0.04067829811927083,0.05025432191376591,0.07208253112402942,0.0879366002713662,0.024753604457288414,0.07470378983862228,0.02490284980333554,0.024963459228605062
1,0.04067829811927083,0.05025432191376591,0.07208253112402942,0.0879366002713662,0.02475376399169657,0.07470216123408963,0.02490284980333554,0.024963459228605062
1,0.04067829811927083,0.05025432191376591,0.07208253112402942,0.0879366002713662,0.02475361841180507,0.07470364548736023,0.02490284980333554,0.024963459228605062
1,0.04067829811927083,0.05025432191376591,0.07208253112402942,0.0879366002713662,0.024753947312236124,0.07470027629651182,0.02490284980333554,0.024963459228605062
2,0.1359363382546995,0.06178384976788598,0.07267634107725546,0.048903569872975394,0.024659108999728407,0.07456457247952113,0.12446152628362085,0.024963459228605062
2,0.1359363382546995,0.06178384976788598,0.07267634107725546,0.048903569872975394,0.02466364553293039,0.07458329861863432,0.12444842726647143,0.024963459228605062
2,0.1359363382546995,0.06178384976788598,0.07267634107725546,0.048903569872975394,0.024660800933415588,0.07456290108672985,0.12444122241250953,0.024963459228605062
2,0.1359363382546995,0.06178384976788598,0.07267634107725546,0.048903569872975394,0.024661995733868933,0.07456466705964221,0.12442284840115568,0.024963459228605062
2,0.1359363382546995,0.06178384976788598,0.07267634107725546,0.048903569872975394,0.02466239499719912,0.07456386745244636,0.12441677043894506,0.024963459228605062
3,0.09758162313654922,0.04358035105574462,0.03876213166357251,0.053183148790700005,0.024594476040525698,0.07445655694309472,0.12418643575793781,0.17405943782029148
3,0.09758162313654922,0.04358035105574462,0.03876213166357251,0.053183148790700005,0.02458518828734081,0.07444749938120525,0.12424508995531737,0.17415768645007362
3,0.09758162313654922,0.04358035105574462,0.03876213166357251,0.053183148790700005,0.024597204882530616,0.0744843148408209,0.12424170840721102,0.17415685902684838
3,0.09758162313654922,0.04358035105574462,0.03876213166357251,0.053183148790700005,0.02459550304687814,0.0744569731046359,0.12417248221880098,0.17405639294557698
3,0.09758162313654922,0.04358035105574462,0.03876213166357251,0.053183148790700005,0.024588884873143264,0.07445037077566961,0.12421592365731378,0.17412582916111088
1,0.1359363382546995,0.06178384976788598,0.07267634107725546,0.048903569872975394,0.024755983871044652,0.07463382522281513,0.024963459228605062,0.02490284980333554
1,0.05728201409070789,0.03903612773623046,0.043650908427330465,0.06009178036488705,0.024753987994008884,0.07469986060561301,0.024767520804744952,0.02492696380414073
1,0.05728201409070789,0.03903612773623046,0.043650908427330465,0.06009178036488705,0.02475374149274446,0.07470239246051909,0.024767520804744952,0.02492696380414073
2,0.09758162313654922,0.04358035105574462,0.03876213166357251,0.053183148790700005,0.02466874936247859,0.07444078871020689,0.12434197318357237,0.02490284980333554
2,0.0355024811028379,0.028396501843205576,0.09456641603384473,0.07577134751913486,0.0246594145686315,0.07455990431090058,0.1245461803614669,0.02492696380414073
2,0.0355024811028379,0.028396501843205576,0.09456641603384473,0.07577134751913486,0.024660675049494086,0.0745545368721693,0.12454571465199131,0.02492696380414073
3,0.04680583638971244,0.03636094881910984,0.10002577516295513,0.08502546857624707,0.024584013778732768,0.07443932893441892,0.12441067865893538,0.1744043781810942
3,0.05728201409070789,0.03903612773623046,0.043650908427330465,0.06009178036488705,0.024604959565573424,0.07428553677402477,0.12409343257256587,0.17405284880560606
3,0.04680583638971244,0.03636094881910984,0.10002577516295513,0.08502546857624707,0.024585924002676247,0.07443365846843558,0.12440721330274486,0.1743947131516341
1,0.060244099541576224,0.06989186383871862,0.08477516889063033,0.06947615634441136,0.024754313057675795,0.0746368757492127,0.02496157152517577,0.024963459228605062
1,0.060244099541576224,0.06989186383871862,0.08477516889063033,0.06947615634441136,0.02475487655683374,0.07457505713010247,0.02496157152517577,0.024963459228605062
1,0.060244099541576224,0.06989186383871862,0.08477516889063033,0.06947615634441136,0.02475603138171668,0.07455778071795412,0.02496157152517577,0.024963459228605062
1,0.0355024811028379,0.028396501843205576,0.09456641603384473,0.07577134751913486,0.024753551996499517,0.0747043178298285,0.024767520804744952,0.02492696380414073
1,0.0355024811028379,0.028396501843205576,0.09456641603384473,0.07577134751913486,0.02475368162312711,0.07470300550548524,0.024767520804744952,0.02492696380414073
1,0.0355024811028379,0.028396501843205576,0.09456641603384473,0.07577134751913486,0.024753632289071778,0.07470350710409578,0.02492696380414073,0.024963459228605062
1,0.0355024811028379,0.028396501843205576,0.09456641603384473,0.07577134751913486,0.02475360949944256,0.07470373773029315,0.024767520804744952,0.02492696380414073
2,0.04680583638971244,0.03636094881910984,0.10002577516295513,0.08502546857624707,0.02465947513089236,0.07456083573400486,0.124547871051656,0.02492696380414073
2,0.11750877275176697,0.034168925793223545,0.09082441383769264,0.10210221274842615,0.024661371911060968,0.0743571300535316,0.1241949419992006,0.024963459228605062
2,0.11750877275176697,0.034168925793223545,0.09082441383769264,0.10210221274842615,0.0246690801940191,0.07431488905157117,0.12416350014397404,0.024963459228605062
2,0.04680583638971244,0.03636094881910984,0.10002577516295513,0.08502546857624707,0.024660360156259192,0.07455887514406628,0.12454230526148177,0.02492696380414073
2,0.11750877275176697,0.034168925793223545,0.09082441383769264,0.10210221274842615,0.024663388041609842,0.07434993092748438,0.12417582138049,0.024963459228605062
2,0.04680583638971244,0.03636094881910984,0.10002577516295513,0.08502546857624707,0.024659197645164357,0.0745618029688963,0.12454555056618848,0.02492696380414073
2,0.04680583638971244,0.03636094881910984,0.10002577516295513,0.08502546857624707,0.024659787369937295,0.07456010452854132,0.12454215725473108,0.024963459228605062
3,0.10475516900180212,0.033582841375088365,0.09030730024904776,0.06487373698684645,0.02458951936237449,0.07419767787812621,0.12389115114931393,0.17381091629299414
3,0.10475516900180212,0.033582841375088365,0.09030730024904776,0.06487373698684645,0.02459420169338518,0.0741875270314317,0.12395081485082261,0.17390125785449914
3,0.060244099541576224,0.06989186383871862,0.08477516889063033,0.06947615634441136,0.024583704352402425,0.07444101821849736,0.12441120821995218,0.17424422254901425
3,0.10475516900180212,0.033582841375088365,0.09030730024904776,0.06487373698684645,0.02460403876939886,0.07413577631831779,0.12392050862182204,0.17390770417181278
3,0.060244099541576224,0.06989186383871862,0.08477516889063033,0.06947615634441136,0.024584087396078938,0.07443985193116681,0.1244098995134339,0.17425155313893015
3,0.060244099541576224,0.06989186383871862,0.08477516889063033,0.06947615634441136,0.024583478935485736,0.07444177291990446,0.12441273170765388,0.17424774478697866
3,0.060244099541576224,0.06989186383871862,0.08477516889063033,0.06947615634441136,0.024585778182326556,0.07444099967261401,0.1244149354524757,0.17422590096181997
1,0.11750877275176697,0.034168925793223545,0.09082441383769264,0.10210221274842615,0.024753900546601613,0.07470077487598485,0.024963459228605062,0.02462457290493103
1,0.11750877275176697,0.034168925793223545,0.09082441383769264,0.10210221274842615,0.02475392559037045,0.07471632016929469,0.024963459228605062,0.02462457290493103
2,0.10475516900180212,0.033582841375088365,0.09030730024904776,0.06487373698684645,0.024662291070428034,0.07455429025963857,0.12449763985783828,0.02462457290493103
2,0.10475516900180212,0.033582841375088365,0.09030730024904776,0.06487373698684645,0.024661216317601254,0.07459026358536151,0.12453701176292221,0.02462457290493103
3,0.032956581243377664,0.02743017452433796,0.11353191752705138,0.07983511245910511,0.024589507329386435,0.07448152979513191,0.1243833359116255,0.1743570319518307
3,0.032956581243377664,0.02743017452433796,0.11353191752705138,0.07983511245910511,0.02458978002869859,0.07443483099196851,0.12433583089095446,0.17431176199559084
1,0.10198134603947129,0.04484714358401714,0.06964710122422361,0.08037237879978613,0.02475372540145473,0.07469098880053475,0.024898832438090393,0.02485375084145928
1,0.0711082850173949,0.04080265934848323,0.07862787248646351,0.11821600875109281,0.024753664894596013,0.07470317460826605,0.024933789465498422,0.024963459228605062
1,0.04598973900603302,0.04580025451423187,0.05810031856335022,0.09136556095624761,0.024753949223717483,0.07471294835300767,0.024898832438090393,0.024933789465498422
1,0.0711082850173949,0.04080265934848323,0.07862787248646351,0.11821600875109281,0.024753767034569343,0.0747021307937554,0.02488907907972439,0.024933789465498422
1,0.0711082850173949,0.04080265934848323,0.07862787248646351,0.11821600875109281,0.024753539947834212,0.07470443861078699,0.024933789465498422,0.024963459228605062
2,0.06357264387420072,0.04820000567377745,0.07217639149316529,0.043777854513343595,0.024661425536597188,0.07453517498021615,0.12445881032505154,0.02485375084145928
2,0.10198134603947129,0.04484714358401714,0.06964710122422361,0.08037237879978613,0.024659216361629568,0.07458006340930007,0.12451689677715806,0.024933789465498422
2,0.04598973900603302,0.04580025451423187,0.05810031856335022,0.09136556095624761,0.02465883475984274,0.07456323899793936,0.12450556756577849,0.024963459228605062
2,0.04598973900603302,0.04580025451423187,0.05810031856335022,0.09136556095624761,0.024660386490780253,0.07456208230658284,0.12448866760952744,0.024933789465498422
2,0.04598973900603302,0.04580025451423187,0.05810031856335022,0.09136556095624761,0.024661167607957814,0.0745617500875356,0.12448093896657351,0.024963459228605062
3,0.13318286243006336,0.05262044620167858,0.06842362714876449,0.1589047427315884,0.024591241214243224,0.07441148540561769,0.12429318992983684,0.17411302136242102
3,0.10198134603947129,0.04484714358401714,0.06964710122422361,0.08037237879978613,0.0245916741723156,0.0744455842046961,0.12428555823053515,0.17421750541237296
3,0.10198134603947129,0.04484714358401714,0.06964710122422361,0.08037237879978613,0.024587312053493085,0.07444767356952939,0.12430452233100137,0.17423470119872583
3,0.06357264387420072,0.04820000567377745,0.07217639149316529,0.043777854513343595,0.024585697751098156,0.07442907070773433,0.1243237592854692,0.17411943923305273
3,0.10198134603947129,0.04484714358401714,0.06964710122422361,0.08037237879978613,0.024583828093399384,0.07444426922026208,0.12432923235471116,0.17426278020945588
1,0.04598973900603302,0.04580025451423187,0.05810031856335022,0.09136556095624761,0.024753634018556157,0.0746974856361049,0.024963459228605062,0.024898832438090393
1,0.04598973900603302,0.04580025451423187,0.05810031856335022,0.09136556095624761,0.024753617287374814,0.0746976531132592,0.024933789465498422,0.024963459228605062
1,0.06357264387420072,0.04820000567377745,0.07217639149316529,0.043777854513343595,0.024753500840115888,0.07471789700432536,0.02485375084145928,0.02483974731982994
1,0.06357264387420072,0.04820000567377745,0.07217639149316529,0.043777854513343595,0.024753743944232014,0.07471848401188383,0.02485375084145928,0.02483974731982994
1,0.06357264387420072,0.04820000567377745,0.07217639149316529,0.043777854513343595,0.02475378372541182,0.07471825253760894,0.02485375084145928,0.02483974731982994
1,0.049686732817602074,0.029663524041199568,0.04807346125995894,0.07572887701111107,0.024753667799477533,0.07471776232886844,0.024963459228605062,0.02489069079159785
2,0.10198134603947129,0.04484714358401714,0.06964710122422361,0.08037237879978613,0.02465905731862314,0.07454956245292083,0.12450741738222994,0.024898832438090393
2,0.10198134603947129,0.04484714358401714,0.06964710122422361,0.08037237879978613,0.02465878443574628,0.07455130830335825,0.12448989427887681,0.024963459228605062
2,0.13318286243006336,0.05262044620167858,0.06842362714876449,0.1589047427315884,0.024658877822977765,0.07458842209576406,0.1245436046965326,0.02483974731982994
2,0.13318286243006336,0.05262044620167858,0.06842362714876449,0.1589047427315884,0.024659005551518735,0.07459020372473854,0.12456637792397501,0.02483974731982994
2,0.13318286243006336,0.05262044620167858,0.06842362714876449,0.1589047427315884,0.02466066281324999,0.07458826401424365,0.12453191666281468,0.02483974731982994
2,0.08091753113874518,0.02520374819173665,0.05459445217228049,0.06096004371709604,0.024660176321771202,0.07459194680588409,0.12458227494084614,0.02489069079159785
3,0.07152417151411447,0.037460388999937824,0.08234273463868272,0.09106967127025348,0.02458699474322751,0.07443921076382695,0.12441847774438701,0.1743782637724337
3,0.06357264387420072,0.04820000567377745,0.07217639149316529,0.043777854513343595,0.024583402623628403,0.0744256211026892,0.12434185893830499,0.1742785862972477
3,0.049686732817602074,0.029663524041199568,0.04807346125995894,0.07572887701111107,0.024583788339693026,0.0744833818125737,0.12439861728794545,0.17434632325013655
3,0.06357264387420072,0.04820000567377745,0.07217639149316529,0.043777854513343595,0.024584757934476648,0.0744281206540724,0.12430713434692069,0.17421228540091993
3,0.049686732817602074,0.029663524041199568,0.04807346125995894,0.07572887701111107,0.024588281492129153,0.07444552099687506,0.12432693202539642,0.17429266005774466
3,0.049686732817602074,0.029663524041199568,0.04807346125995894,0.07572887701111107,0.02458503270733929,0.07448544435280335,0.12439464002236832,0.17435294377735241
1,0.07152417151411447,0.037460388999937824,0.08234273463868272,0.09106967127025348,0.024753886786182667,0.07471632236436666,0.024963459228605062,0.024963459228605062
1,0.08091753113874518,0.02520374819173665,0.05459445217228049,0.06096004371709604,0.02475364170894891,0.07470341283984759,0.02489069079159785,0.024963459228605062
1,0.08091753113874518,0.02520374819173665,0.05459445217228049,0.06096004371709604,0.02475364712607204,0.07470335862222802,0.02489069079159785,0.024963459228605062
1,0.05505628753814931,0.040730151633280455,0.05776494496924536,0.03668839962326317,0.024753672197965957,0.07471395693513934,0.024963459228605062,0.024866355385889098
2,0.07152417151411447,0.037460388999937824,0.08234273463868272,0.09106967127025348,0.024659439784843484,0.0745614911422036,0.1245076032377521,0.024963459228605062
2,0.05505628753814931,0.040730151633280455,0.05776494496924536,0.03668839962326317,0.024659176949381592,0.07455781379336232,0.12452310408230234,0.024963459228605062
2,0.07152417151411447,0.037460388999937824,0.08234273463868272,0.09106967127025348,0.02466023563236127,0.0745596847672665,0.12450221536094003,0.024963459228605062
2,0.08828371770545737,0.04469301672285823,0.051817747274988196,0.09456358115176314,0.024659695317884676,0.07456138399967963,0.12454078569780914,0.024866355385889098
3,0.05505628753814931,0.040730151633280455,0.05776494496924536,0.03668839962326317,0.024585918324293562,0.07443976040873297,0.1243327539514059,0.17429995835988177
3,0.09203236787479126,0.03764366908229346,0.04540136824480505,0.12644307630530555,0.024585959081080036,0.07448989884055718,0.12444818612857844,0.17438272491377485
3,0.08828371770545737,0.04469301672285823,0.051817747274988196,0.09456358115176314,0.024583945608019832,0.07443725074619215,0.12436387647203574,0.1743407146182336
3,0.05505628753814931,0.040730151633280455,0.05776494496924536,0.03668839962326317,0.02458516695382875,0.07444199460359543,0.12433626241715409,0.17427852788665826
1,0.09203236787479126,0.03764366908229346,0.04540136824480505,0.12644307630530555,0.024753654424537253,0.07469338676148185,0.024963459228605062,0.024962221618824033
1,0.08828371770545737,0.04469301672285823,0.051817747274988196,0.09456358115176314,0.02475372767742745,0.07471754214428628,0.024866355385889098,0.024963459228605062
1,0.07152417151411447,0.037460388999937824,0.08234273463868272,0.09106967127025348,0.024753728233900568,0.07471770166521992,0.024963459228605062,0.024963459228605062
1,0.08828371770545737,0.04469301672285823,0.051817747274988196,0.09456358115176314,0.024753693300512684,0.07470288599842402,0.024866355385889098,0.024963459228605062
1,0.07152417151411447,0.037460388999937824,0.08234273463868272,0.09106967127025348,0.02475375856709423,0.07471298258417393,0.024963459228605062,0.024963459228605062
1,0.06479206611084441,0.031049286597379645,0.05838249266472286,0.06261744327544785,0.024753628164402925,0.07471922133846613,0.024962221618824033,0.024843902969427956
2,0.05505628753814931,0.040730151633280455,0.05776494496924536,0.03668839962326317,0.024658915099976045,0.07458637454888631,0.12453365855401162,0.024963459228605062
2,0.06479206611084441,0.031049286597379645,0.05838249266472286,0.06261744327544785,0.024659618806004587,0.07454026175078644,0.12451021975363914,0.024962221618824033
2,0.08989738994272871,0.04788907159023067,0.09753231237936524,0.09748685646492009,0.024659680893505547,0.07456326054602833,0.12453933501321957,0.024843902969427956
2,0.09203236787479126,0.03764366908229346,0.04540136824480505,0.12644307630530555,0.024659296882588017,0.0745929951398947,0.12453173612789613,0.024963459228605062
2,0.09203236787479126,0.03764366908229346,0.04540136824480505,0.12644307630530555,0.024659366699346364,0.07456109591823533,0.12450007830271728,0.024963459228605062
2,0.05505628753814931,0.040730151633280455,0.05776494496924536,0.03668839962326317,0.024659075246370326,0.07458456803767918,0.1245544508062761,0.024963459228605062
3,0.08828371770545737,0.04469301672285823,0.051817747274988196,0.09456358115176314,0.02458373647068233,0.0744603819801414,0.12437848359223501,0.17435701544184648
3,0.06479206611084441,0.031049286597379645,0.05838249266472286,0.06261744327544785,0.024584217442679784,0.07448540550203106,0.12436838277453867,0.17432519299024277
3,0.08989738994272871,0.04788907159023067,0.09753231237936524,0.09748685646492009,0.024584647510566267,0.0744117500967563,0.12434734688130566,0.17433057900966367
3,0.09592675607710423,0.034003107045427076,0.039914911277058554,0.08155677342536975,0.024588299769067196,0.07448520751247228,0.12443944620247882,0.17440372825800227
3,0.06479206611084441,0.031049286597379645,0.05838249266472286,0.06261744327544785,0.024584167040814123,0.07448333971937654,0.12436153423022397,0.1743209509424486
3,0.08828371770545737,0.04469301672285823,0.051817747274988196,0.09456358115176314,0.024583899541306527,0.0744845560081424,0.12441769208975818,0.1743970162778225
1,0.09203236787479126,0.03764366908229346,0.04540136824480505,0.12644307630530555,0.024753860146190645,0.07470979826918331,0.024963459228605062,0.024962221618824033
1,0.09203236787479126,0.03764366908229346,0.04540136824480505,0.12644307630530555,0.024753545841745803,0.07469450921050554,0.024963459228605062,0.024962221618824033
1,0.08989738994272871,0.04788907159023067,0.09753231237936524,0.09748685646492009,0.024753612186418077,0.07470370939170017,0.024843902969427956,0.024963459228605062
2,0.06479206611084441,0.031049286597379645,0.05838249266472286,0.06261744327544785,0.02465903201073547,0.0745426515732148,0.12448369538678696,0.024962221618824033
2,0.06479206611084441,0.031049286597379645,0.05838249266472286,0.06261744327544785,0.024660393424119336,0.07453679661687915,0.12449715120624627,0.024962221618824033
2,0.09592675607710423,0.034003107045427076,0.039914911277058554,0.08155677342536975,0.024659776358515385,0.07456199066294669,0.12453139049331508,0.024963459228605062
3,0.08989738994272871,0.04788907159023067,0.09753231237936524,0.09748685646492009,0.024586221210530983,0.07440815863901235,0.124328132742903,0.1743130905216038
3,0.05250730096797136,0.061986035940820826,0.08432254648143168,0.07329400397082499,0.024587607224428543,0.07448013557131947,0.12442666608859404,0.17437885853446208
3,0.08989738994272871,0.04788907159023067,0.09753231237936524,0.09748685646492009,0.0245838704089922,0.07441836322612799,0.12429705987069023,0.17426634369054397
1,0.12239782124683629,0.059423071393094024,0.09759171065710336,0.08557837317275337,0.024754022002640885,0.0746995012889866,0.024963459228605062,0.024705392596123282
1,0.08989738994272871,0.04788907159023067,0.09753231237936524,0.09748685646492009,0.024753762254242678,0.07470217872492071,0.024963459228605062,0.024963459228605062
1,0.07922891523967339,0.02607505414454134,0.04582667499888385,0.08686691749947974,0.0247535581236215,0.0747204406932795,0.02470539259612328,0.02495208939668565
1,0.09592675607710423,0.034003107045427076,0.039914911277058554,0.08155677342536975,0.024753500127839983,0.07470483651753922,0.024963459228605062,0.024963459228605062
1,0.09592675607710423,0.034003107045427076,0.039914911277058554,0.08155677342536975,0.024753649929507703,0.07470333157989732,0.024963459228605062,0.024963459228605062
2,0.09746097920339751,0.01920170048371928,0.09453889424914057,0.08904836390794849,0.024659292442393583,0.07456163772331757,0.12452293688509922,0.02495208939668565
2,0.09592675607710423,0.034003107045427076,0.039914911277058554,0.08155677342536975,0.02466047413212048,0.07458073392289517,0.12455166557896995,0.024963459228605062
2,0.05250730096797136,0.061986035940820826,0.08432254648143168,0.07329400397082499,0.024659591504182916,0.0745635022993262,0.12453065674510891,0.024963459228605062
2,0.07922891523967339,0.02607505414454134,0.04582667499888385,0.08686691749947974,0.024660445613072506,0.0745549479933996,0.12452177247743626,0.024705392596123282
2,0.05250730096797136,0.061986035940820826,0.08432254648143168,0.07329400397082499,0.024659343705172206,0.07456192730457928,0.12453580780909977,0.024963459228605062
3,0.07431671864811973,0.04071090815320222,0.037933404185863946,0.0932683925555068,0.02458706814682063,0.07448777731622498,0.12441713717480063,0.17428595069696168
3,0.060204568853428383,0.03558829457733604,0.05343146902408097,0.034618459288931556,0.024585252408373944,0.0744421918020925,0.12436298507128213,0.17427877959995
3,0.09746097920339751,0.01920170048371928,0.09453889424914057,0.08904836390794849,0.024586451596654978,0.07443206535431739,0.12438577335630711,0.17435311650104013
3,0.05250730096797136,0.061986035940820826,0.08432254648143168,0.07329400397082499,0.024590437901485757,0.07447036794006069,0.12441574522665731,0.17435444591033922
3,0.07431671864811973,0.04071090815320222,0.037933404185863946,0.0932683925555068,0.024583560348232468,0.07444314202225613,0.12439480430535062,0.17431527116095993
1,0.12239782124683629,0.059423071393094024,0.09759171065710336,0.08557837317275337,0.02475404868612782,0.07471610832969654,0.024963459228605062,0.024705392596123282
1,0.060204568853428383,0.03558829457733604,0.05343146902408097,0.034618459288931556,0.02475352260957978,0.07467546397290985,0.024903418994439482,0.024963459228605062
1,0.07431671864811973,0.04071090815320222,0.037933404185863946,0.0932683925555068,0.024753733896055296,0.07463241687398582,0.024941492115456286,0.024963459228605062
2,0.07922891523967339,0.02607505414454134,0.04582667499888385,0.08686691749947974,0.0246612488892782,0.07455297926965292,0.12453335808138045,0.024705392596123282
2,0.09888978246176107,0.0569010062383566,0.03408924675335623,0.05413523621367078,0.02465884087829911,0.07450801293983586,0.1244272986184102,0.024963459228605062
2,0.12239782124683629,0.059423071393094024,0.09759171065710336,0.08557837317275337,0.024658946713459598,0.07443475244650043,0.1243167652744804,0.024963459228605062
3,0.04664842144102225,0.06781855381434344,0.059205225469407506,0.07967709749103939,0.024583812603803032,0.07436666075027469,0.1242129791445359,0.1741295435456761
3,0.09746097920339751,0.01920170048371928,0.09453889424914057,0.08904836390794849,0.024589111466118658,0.07447643245514468,0.12443896498507673,0.17438985887294017
3,0.07922891523967339,0.02607505414454134,0.04582667499888385,0.08686691749947974,0.024583967099283933,0.0742763398107652,0.12405853802739256,0.17399085265203568
1,0.060204568853428383,0.03558829457733604,0.05343146902408097,0.034618459288931556,0.0247540054749112,0.07467014740825112,0.024903418994439482,0.024963459228605062
1,0.09746097920339751,0.01920170048371928,0.09453889424914057,0.08904836390794849,0.024753574887230314,0.0747040880575151,0.02495208939668565,0.024903418994439482
1,0.060204568853428383,0.03558829457733604,0.05343146902408097,0.034618459288931556,0.024753841099494835,0.07467199929267464,0.024903418994439482,0.024963459228605062
1,0.030825870379779352,0.04238360151010924,0.03512360532074333,0.1171535122507001,0.024753843214541108,0.07470134699805431,0.024799870203827797,0.0248526658878823
1,0.14147898418478114,0.02487114571303531,0.1312409571236044,0.13182634543401606,0.02475350992621366,0.07469832452671178,0.024897882535237607,0.024799870203827797
2,0.14267671158818557,0.025022502198842285,0.10311250935379776,0.12077446922201171,0.024660090539140957,0.07455883861532632,0.12454542577529823,0.0248526658878823
2,0.060204568853428383,0.03558829457733604,0.05343146902408097,0.034618459288931556,0.024659737785385976,0.07456117359614998,0.12447680791936805,0.024903418994439482
2,0.09888978246176107,0.0569010062383566,0.03408924675335623,0.05413523621367078,0.02466358358706037,0.07449608218094451,0.12438923811421992,0.024963459228605062
2,0.030825870379779352,0.04238360151010924,0.03512360532074333,0.1171535122507001,0.02466317710293124,0.07455597324461752,0.12442850551279215,0.024799870203827797
2,0.09888978246176107,0.0569010062383566,0.03408924675335623,0.05413523621367078,0.024660732152590834,0.07450017483285773,0.12441948612328484,0.024963459228605062
3,0.14267671158818557,0.025022502198842285,0.10311250935379776,0.12077446922201171,0.024594002487846295,0.07443638495960099,0.12423009806895272,0.17427636697444315
3,0.09144433685971103,0.06057421632767782,0.11635839136825954,0.1125502477156479,0.024588191431422067,0.07444939629461872,0.12440146450056429,0.17428012950821792
3,0.04664842144102225,0.06781855381434344,0.059205225469407506,0.07967709749103939,0.024604391483742247,0.07435703012977608,0.12417152374037377,0.1739893383190364
3,0.04664842144102225,0.06781855381434344,0.059205225469407506,0.07967709749103939,0.02459260114410314,0.07435802819262602,0.12419730680922828,0.17405571769854186
3,0.09888978246176107,0.0569010062383566,0.03408924675335623,0.05413523621367078,0.024592058147986467,0.0744452702251467,0.12427725554098724,0.17408655519401287
1,0.11365632733964295,0.06439221819646063,0.08657644411436563,0.07688048487602601,0.024753882990289036,0.07470093941271266,0.024961534315750822,0.02482330926082253
1,0.030825870379779352,0.04238360151010924,0.03512360532074333,0.1171535122507001,0.024753792181306005,0.07470187423144475,0.024799870203827797,0.0248526658878823
2,0.09724786113377751,0.05242444888053437,0.06124671478603967,0.04506279920190975,0.0246590850197423,0.07456016345699294,0.12436815871011998,0.02482330926082253
2,0.14267671158818557,0.025022502198842285,0.10311250935379776,0.12077446922201171,0.024659586770084587,0.07458996086747753,0.12457342632823543,0.0248526658878823
3,0.10546259573259295,0.045241460400916346,0.09735013411983953,0.07613959293884605,0.02458368226652821,0.07443998009111663,0.1241035855868929,0.1739654941436209
3,0.09144433685971103,0.06057421632767782,0.11635839136825954,0.1125502477156479,0.0245962524755404,0.07449855896183745,0.12444317041376114,0.17419386296340603
1,0.11365632733964295,0.06439221819646063,0.08657644411436563,0.07688048487602601,0.024753601582210343,0.07470381623033162,0.024961534315750822,0.02482330926082253
1,0.09144433685971103,0.06057421632767782,0.11635839136825954,0.1125502477156479,0.024753528782945452,0.07470558897664203,0.024963459228605062,0.024961534315750822
1,0.11365632733964295,0.06439221819646063,0.08657644411436563,0.07688048487602601,0.024754074992295667,0.07469894733394154,0.024961534315750822,0.02482330926082253
1,0.030654490947269783,0.05225652641464519,0.080582078011052,0.06551006119470727,0.02475401028681911,0.07466329000969034,0.024571003815125968,0.02484894820821133
1,0.11365632733964295,0.06439221819646063,0.08657644411436563,0.07688048487602601,0.024753594731751597,0.07470388551254346,0.024963459228605062,0.024961534315750822
2,0.08060183426164887,0.030546050292597465,0.08900104064756179,0.05134353442480033,0.024660493884185147,0.07448652363892293,0.12442817672508755,0.02484894820821133
2,0.09724786113377751,0.05242444888053437,0.06124671478603967,0.04506279920190975,0.024659480662326354,0.07455820860459868,0.12436891579900364,0.02482330926082253
2,0.09724786113377751,0.05242444888053437,0.06124671478603967,0.04506279920190975,0.024658994025078176,0.07459310353476763,0.12438822155136166,0.02482330926082253
2,0.09724786113377751,0.05242444888053437,0.06124671478603967,0.04506279920190975,0.024658796077311848,0.07456261174637113,0.12436889795002529,0.024961534315750822
2,0.11365632733964295,0.06439221819646063,0.08657644411436563,0.07688048487602601,0.024662649267974433,0.07453013953210182,0.12440487978801465,0.024961534315750822
3,0.08485211463411471,0.03947913590024042,0.10096177454007968,0.09598816858286262,0.024585792673585002,0.0743407556801873,0.12422495405377713,0.17418740105444666
3,0.09724786113377751,0.05242444888053437,0.06124671478603967,0.04506279920190975,0.024600401268049854,0.07440294782185897,0.1241388448085847,0.17396039566962546
3,0.10546259573259295,0.045241460400916346,0.09735013411983953,0.07613959293884605,0.024583709277923967,0.07444420900694929,0.12410365657945142,0.17389784625113222
3,0.10546259573259295,0.045241460400916346,0.09735013411983953,0.07613959293884605,0.02458434643878861,0.07444517424563109,0.12409539048739342,0.17389763555984597
3,0.10546259573259295,0.045241460400916346,0.09735013411983953,0.07613959293884605,0.024583915850598673,0.07443889703727413,0.12417553162487173,0.17396847975663854
1,0.030654490947269783,0.05225652641464519,0.080582078011052,0.06551006119470727,0.024754387326362325,0.07465895122101258,0.024571003815125968,0.02484894820821133
1,0.10546259573259295,0.045241460400916346,0.09735013411983953,0.07613959293884605,0.024753957983728005,0.0746921924711002,0.024963459228605062,0.024571003815125968
1,0.030654490947269783,0.05225652641464519,0.080582078011052,0.06551006119470727,0.024753920888048817,0.07466429781142572,0.024571003815125968,0.02484894820821133
1,0.030654490947269783,0.05225652641464519,0.080582078011052,0.06551006119470727,0.02475402214270687,0.0746631386997825,0.024571003815125968,0.02484894820821133
1,0.11365632733964295,0.06439221819646063,0.08657644411436563,0.07688048487602601,0.024753908101457167,0.0747006972087454,0.024961534315750822,0.02482330926082253
1,0.11365632733964295,0.06439221819646063,0.08657644411436563,0.07688048487602601,0.02475357831896374,0.07470405110550195,0.02482330926082253,0.024963459228605062
2,0.09724786113377751,0.05242444888053437,0.06124671478603967,0.04506279920190975,0.024659786470387468,0.07455717750837364,0.12441313627329614,0.02482330926082253
2,0.08060183426164887,0.030546050292597465,0.08900104064756179,0.05134353442480033,0.024662031583841566,0.07448519053196961,0.12441431899233765,0.02484894820821133
2,0.09724786113377751,0.05242444888053437,0.06124671478603967,0.04506279920190975,0.02465884203575331,0.07456245227166759,0.12436901388936619,0.024963459228605062
2,0.030654490947269783,0.05225652641464519,0.080582078011052,0.06551006119470727,0.024660077335502986,0.0745431706853184,0.12445510547247851,0.024571003815125968
2,0.08060183426164887,0.030546050292597465,0.08900104064756179,0.05134353442480033,0.02465988508130742,0.07448990833777315,0.12440547880977876,0.02484894820821133
2,0.08060183426164887,0.030546050292597465,0.08900104064756179,0.05134353442480033,0.024660640902043417,0.07448873593360181,0.12439471949493054,0.02484894820821133
3,0.08485211463411471,0.03947913590024042,0.10096177454007968,0.09598816858286262,0.02459225701832549,0.07434939097988146,0.12417556365539358,0.17411373211070333
3,0.08485211463411471,0.03947913590024042,0.10096177454007968,0.09598816858286262,0.02458855139225991,0.07435679902748532,0.12415056992146316,0.17407667266909618
3,0.10546259573259295,0.045241460400916346,0.09735013411983953,0.07613959293884605,0.024583890921772482,0.07444326517339944,0.12410359751081104,0.1739579546490961
3,0.08060183426164887,0.030546050292597465,0.08900104064756179,0.05134353442480033,0.024590970771512937,0.07442015450983797,0.12423883425136927,0.17408018526011673
3,0.10546259573259295,0.045241460400916346,0.09735013411983953,0.07613959293884605,0.024584391739708365,0.07443654862289462,0.12418858932721177,0.1739969802489007
3,0.08485211463411471,0.03947913590024042,0.10096177454007968,0.09598816858286262,0.024585130721054053,0.07435363861956394,0.1241755525098514,0.17411420243294912
1,0.030654490947269783,0.05225652641464519,0.080582078011052,0.06551006119470727,0.024754072783091254,0.07466255933870539,0.024571003815125968,0.02484894820821133
1,0.03658499210355229,0.07069270510712272,0.09973556778150587,0.10428929922084913,0.024753746435372127,0.07470234489858084,0.02490417042923085,0.024963459228605062
2,0.08060183426164887,0.030546050292597465,0.08900104064756179,0.05134353442480033,0.02466157380490667,0.0744889821618393,0.12438066824839734,0.02484894820821133
2,0.1393292206403596,0.0685877528957203,0.08732461937788981,0.05014544391003224,0.024662008842818186,0.0745575449647161,0.12451055370145549,0.024963459228605062
3,0.09549213123228464,0.05031200858873907,0.08965557811422686,0.1304921505791265,0.024590848252768784,0.07443489125602477,0.12435082824319332,0.17436757557497118
3,0.08485211463411471,0.03947913590024042,0.10096177454007968,0.09598816858286262,0.0245917349163458,0.07435327815110973,0.1241285327779765,0.17407098602695825
1,0.09549213123228464,0.05031200858873907,0.08965557811422686,0.1304921505791265,0.02475423828891445,0.07469723740842793,0.02493081740895924,0.024963459228605062
1,0.0912227562476827,0.03856757610559039,0.05621962928494512,0.1529861283751484,0.024753635469048428,0.07470001758157105,0.024914200348942796,0.02482700314943732
1,0.03658499210355229,0.07069270510712272,0.09973556778150587,0.10428929922084913,0.0247540055844477,0.07469968325297566,0.02490417042923085,0.024963459228605062
1,0.06456250100302313,0.04303668578051632,0.07916808657427876,0.08530017117529354,0.024753869398584587,0.07470107707895395,0.024963459228605062,0.024963459228605062
1,0.06456250100302313,0.04303668578051632,0.07916808657427876,0.08530017117529354,0.02475383478318598,0.07470143373271163,0.024963459228605062,0.024963459228605062
1,0.06456250100302313,0.04303668578051632,0.07916808657427876,0.08530017117529354,0.024754368169457436,0.07469585497431845,0.024963459228605062,0.024963459228605062
2,0.08765325827147981,0.06970766628666941,0.09737898928283999,0.05673644338133437,0.02466241448271169,0.07455608852589408,0.12450170957299511,0.024963459228605062
2,0.060042304207502034,0.0801811282490509,0.0719558104954157,0.07570509570178384,0.02465969614864482,0.07455367352837208,0.12451003063902093,0.02482700314943732
2,0.06456250100302313,0.04303668578051632,0.07916808657427876,0.08530017117529354,0.024663770197703275,0.07454767947179125,0.12452814974596933,0.024963459228605062
2,0.08765325827147981,0.06970766628666941,0.09737898928283999,0.05673644338133437,0.024665783885982465,0.07454463746800517,0.12448232918063395,0.024963459228605062
2,0.1393292206403596,0.0685877528957203,0.08732461937788981,0.05014544391003224,0.024663618639771588,0.07455322083718849,0.12450015018643326,0.024963459228605062
2,0.08765325827147981,0.06970766628666941,0.09737898928283999,0.05673644338133437,0.024664083584028985,0.0745767097052683,0.1245037761376465,0.024963459228605062
3,0.04057379269305383,0.028803983350566977,0.06337296180650852,0.09067061424578542,0.024584584880153065,0.07443021854901265,0.12431317718640086,0.17425997373076604
3,0.07167791834768981,0.029162938513742867,0.0791820081572869,0.097594102917784,0.024595763338141535,0.07443251020505773,0.12432131607389467,0.17426051515798904
3,0.07167791834768981,0.029162938513742867,0.0791820081572869,0.097594102917784,0.024597544604575014,0.07446129144327718,0.12432838751986197,0.17426464871292185
3,0.09549213123228464,0.05031200858873907,0.08965557811422686,0.1304921505791265,0.024593354231486658,0.07443141991214262,0.12434207856988232,0.17435755345669215
3,0.07167791834768981,0.029162938513742867,0.0791820081572869,0.097594102917784,0.0246017109019575,0.07441808019022945,0.12430029092491,0.17424750482959883
3,0.08765325827147981,0.06970766628666941,0.09737898928283999,0.05673644338133437,0.024591536652444963,0.07442515430636129,0.12439788779671353,0.17438787478830717
1,0.07167791834768981,0.029162938513742867,0.0791820081572869,0.097594102917784,0.024753679646374267,0.07468636015169841,0.024963459228605062,0.024914200348942796
1,0.08865493289699597,0.06697188821899538,0.09001578409836607,0.12052569017611975,0.024754780821938386,0.07470330660577673,0.024846572864274438,0.024963459228605062
1,0.0912227562476827,0.03856757610559039,0.05621962928494512,0.1529861283751484,0.024753768602275007,0.07469865004633258,0.024914200348942796,0.02482700314943732
1,0.0912227562476827,0.03856757610559039,0.05621962928494512,0.1529861283751484,0.024754620684672837,0.07468969637783164,0.024914200348942796,0.02482700314943732
1,0.06456250100302313,0.04303668578051632,0.07916808657427876,0.08530017117529354,0.024753722230982107,0.07471834747663171,0.024963459228605062,0.024963459228605062
1,0.0912227562476827,0.03856757610559039,0.05621962928494512,0.1529861283751484,0.024753636259252563,0.07470001039455598,0.024914200348942796,0.02482700314943732
2,0.060042304207502034,0.0801811282490509,0.0719558104954157,0.07570509570178384,0.02466055148569797,0.07455305108978309,0.12448326793065229,0.02482700314943732
2,0.060042304207502034,0.0801811282490509,0.0719558104954157,0.07570509570178384,0.024666181328227735,0.07453720701446187,0.12444517544209006,0.02482700314943732
2,0.060042304207502034,0.0801811282490509,0.0719558104954157,0.07570509570178384,0.024662985982163585,0.07455024441176834,0.12447963645586177,0.02482700314943732
2,0.0912227562476827,0.03856757610559039,0.05621962928494512,0.1529861283751484,0.024659352415894606,0.07452776790115467,0.12448026676512834,0.024914200348942796
2,0.08543613232934696,0.10359570704251564,0.05047343542231553,0.1122781913602918,0.02467060429346582,0.0745632401073644,0.12446627434581192,0.024963459228605062
2,0.08765325827147981,0.06970766628666941,0.09737898928283999,0.05673644338133437,0.024662011521125102,0.07455777633197341,0.12450365318473257,0.024963459228605062
3,0.05818805858481724,0.05556397534401564,0.05062018529825117,0.07498795282406404,0.024615336974720816,0.07437292560555986,0.12411176792718331,0.1741721325547902
3,0.07167791834768981,0.029162938513742867,0.0791820081572869,0.097594102917784,0.024593748260724885,0.07443909413282424,0.12433170777950764,0.17425159236414678
3,0.060042304207502034,0.0801811282490509,0.0719558104954157,0.07570509570178384,0.024587455788399798,0.07439212884257242,0.12431137835571261,0.17421694049384406
3,0.04057379269305383,0.028803983350566977,0.06337296180650852,0.09067061424578542,0.024593916640730566,0.0744285856118209,0.12426275023046164,0.17421316400109094
3,0.04057379269305383,0.028803983350566977,0.06337296180650852,0.09067061424578542,0.02458792304419828,0.07443191976123463,0.12429679556042648,0.174234057469266
3,0.04057379269305383,0.028803983350566977,0.06337296180650852,0.09067061424578542,0.024599970947674285,0.07441172514491846,0.12428660082368724,0.17423336101066322
1,0.08865493289699597,0.06697188821899538,0.09001578409836607,0.12052569017611975,0.024754446095843145,0.07468568476882138,0.024846572864274438,0.024963459228605062
1,0.08865493289699597,0.06697188821899538,0.09001578409836607,0.12052569017611975,0.024754091427567567,0.07468958326456926,0.024846572864274438,0.024963459228605062
1,0.0912227562476827,0.03856757610559039,0.05621962928494512,0.1529861283751484,0.024753813859945656,0.07469817461075344,0.024914200348942796,0.02482700314943732
1,0.06622447453206681,0.066398940030089,0.06378891774372873,0.06944308882148649,0.024754319009070203,0.07469637177503612,0.024963459228605062,0.02494425744522319
1,0.04057379269305383,0.028803983350566977,0.06337296180650852,0.09067061424578542,0.024753537350876986,0.07470446462141285,0.024860267732709856,0.024846572864274438
1,0.08865493289699597,0.06697188821899538,0.09001578409836607,0.12052569017611975,0.024754553058741725,0.07468449262155383,0.024846572864274438,0.024963459228605062
2,0.10327434793808453,0.03421138075907713,0.06968945167657507,0.06343110752667587,0.02466176155882689,0.0745506323671755,0.124457126415444,0.02494425744522319
2,0.060042304207502034,0.0801811282490509,0.0719558104954157,0.07570509570178384,0.024663360152473803,0.07454950823504061,0.12446885388459875,0.02482700314943732
2,0.08543613232934696,0.10359570704251564,0.05047343542231553,0.1122781913602918,0.024668477506296783,0.07452608057900226,0.12440130186210725,0.024963459228605062
2,0.08543613232934696,0.10359570704251564,0.05047343542231553,0.1122781913602918,0.02466423051035698,0.07452709496553668,0.12445476396632056,0.024963459228605062
2,0.08865493289699597,0.06697188821899538,0.09001578409836607,0.12052569017611975,0.02466243117341461,0.07456251655940792,0.12447043991061435,0.024846572864274438
2,0.08543613232934696,0.10359570704251564,0.05047343542231553,0.1122781913602918,0.024664068747829088,0.07453398820558128,0.12444372819136056,0.024963459228605062
3,0.08543613232934696,0.10359570704251564,0.05047343542231553,0.1122781913602918,0.024592982536732717,0.07444349540327035,0.12425564296833633,0.17422213553072805
3,0.07893808989427908,0.04406324939194856,0.05590482793089165,0.1445790146075158,0.024597304377102523,0.07444554077493296,0.1242412756350974,0.17391905161523688
3,0.05818805858481724,0.05556397534401564,0.05062018529825117,0.07498795282406404,0.024613671278247082,0.07439779888553931,0.12415780719889111,0.17409815906089376
3,0.05818805858481724,0.05556397534401564,0.05062018529825117,0.07498795282406404,0.024599769726872254,0.07439496526994384,0.12428828284623483,0.17422925220746405
3,0.04057379269305383,0.028803983350566977,0.06337296180650852,0.09067061424578542,0.024595500209311057,0.07447145931092909,0.1242962762636447,0.17424126426487857
3,0.05818805858481724,0.05556397534401564,0.05062018529825117,0.07498795282406404,0.02460312219669106,0.07440966693235945,0.12422482202489962,0.17413855288893218
1,0.05818805858481724,0.05556397534401564,0.05062018529825117,0.07498795282406404,0.024753638066744212,0.07470344751860933,0.024845819107032145,0.024963459228605062
1,0.08865493289699597,0.06697188821899538,0.09001578409836607,0.12052569017611975,0.024754134756617314,0.07468904832219475,0.024846572864274438,0.024963459228605062
1,0.06622447453206681,0.066398940030089,0.06378891774372873,0.06944308882148649,0.024754526218568846,0.07469417116402437,0.024963459228605062,0.02494425744522319
1,0.06622447453206681,0.066398940030089,0.06378891774372873,0.06944308882148649,0.02475350061378031,0.07470483167427305,0.024963459228605062,0.02494425744522319
2,0.08543613232934696,0.10359570704251564,0.05047343542231553,0.1122781913602918,0.024665594580756307,0.074531754737755,0.12442909434703861,0.024963459228605062
2,0.06622447453206681,0.066398940030089,0.06378891774372873,0.06944308882148649,0.024661963130716034,0.07455892822149528,0.12451379977533325,0.024963459228605062
2,0.10327434793808453,0.03421138075907713,0.06968945167657507,0.06343110752667587,0.024659051237814283,0.07456319000385049,0.12446604037141022,0.02494425744522319
2,0.10327434793808453,0.03421138075907713,0.06968945167657507,0.06343110752667587,0.024662200566010994,0.07454913260404386,0.12445394603242191,0.02494425744522319
3,0.10327434793808453,0.03421138075907713,0.06968945167657507,0.06343110752667587,0.024594530896884303,0.07443977667612914,0.12435173961044535,0.1742483050169138
3,0.07893808989427908,0.04406324939194856,0.05590482793089165,0.1445790146075158,0.02458586669992602,0.07448521829325676,0.12428943877028976,0.17417204725506924
3,0.05818805858481724,0.05556397534401564,0.05062018529825117,0.07498795282406404,0.024609577034610253,0.0744044859114383,0.1241988679574063,0.1740868856700253
3,0.07893808989427908,0.04406324939194856,0.05590482793089165,0.1445790146075158,0.024589985827361275,0.07443188279296847,0.12423994692450081,0.17413536687854797
1,0.08543613232934696,0.10359570704251564,0.05047343542231553,0.1122781913602918,0.024754713475412894,0.07469218251666136,0.024963459228605062,0.024845819107032145
1,0.09876471650112138,0.05423443741747847,0.04732331194529783,0.09143864091888965,0.024753855511424092,0.07464235825455384,0.024763618593702085,0.024938777918153427
1,0.06622447453206681,0.066398940030089,0.06378891774372873,0.06944308882148649,0.024754056801174994,0.07469912884018912,0.024963459228605062,0.02494425744522319
1,0.09876471650112138,0.05423443741747847,0.04732331194529783,0.09143864091888965,0.024753866240001907,0.07459995022184138,0.024763618593702085,0.024938777918153427
1,0.09876471650112138,0.05423443741747847,0.04732331194529783,0.09143864091888965,0.024753915810067053,0.07459940474307127,0.024763618593702085,0.024938777918153427
1,0.07371913902967958,0.04476833207149203,0.08552966647683705,0.11283510897455398,0.024753791017059077,0.07470190043520508,0.024763618593702085,0.024938777918153427
2,0.07371913902967958,0.04476833207149203,0.08552966647683705,0.11283510897455398,0.024661074591357073,0.07445454645859478,0.1243464156643919,0.024938777918153427
2,0.06562178523530039,0.036687006688485554,0.029263126279071565,0.08866423517580771,0.024660012829958708,0.07455958943302095,0.12454189482903151,0.024938777918153427
2,0.07371913902967958,0.04476833207149203,0.08552966647683705,0.11283510897455398,0.02465956586219067,0.07445810915333122,0.12430221433572561,0.024938777918153427
2,0.10327434793808453,0.03421138075907713,0.06968945167657507,0.06343110752667587,0.024660404506219143,0.07455704655099234,0.1244613532837134,0.02494425744522319
2,0.07371913902967958,0.04476833207149203,0.08552966647683705,0.11283510897455398,0.024659397558147195,0.07438231625523864,0.12423582410931813,0.024938777918153427
2,0.05818805858481724,0.05556397534401564,0.05062018529825117,0.07498795282406404,0.024661995360959272,0.0745463092386836,0.12453382441472828,0.024845819107032145
3,0.06622447453206681,0.066398940030089,0.06378891774372873,0.06944308882148649,0.024593287713075177,0.07441832354412563,0.12440249634390951,0.17434910146233717
3,0.06562178523530039,0.036687006688485554,0.029263126279071565,0.08866423517580771,0.024590357242936588,0.07430319825076259,0.12402182133214025,0.17401021490839916
3,0.07893808989427908,0.04406324939194856,0.05590482793089165,0.1445790146075158,0.02459627885735963,0.07445224635565043,0.12424256264371561,0.17391507537409162
3,0.09700718190872616,0.04583232733489698,0.12598673425286422,0.03116925120955294,0.024587301887531676,0.07443800558502846,0.1244040994994239,0.17434431084414392
3,0.06562178523530039,0.036687006688485554,0.029263126279071565,0.08866423517580771,0.0245861295162102,0.07421996030781554,0.12394756381972422,0.17388369277222843
3,0.06562178523530039,0.036687006688485554,0.029263126279071565,0.08866423517580771,0.024584328532820308,0.07421794934157028,0.12394091765050552,0.17392064447070857
1,0.0899278202604368,0.04183698630738161,0.0945208613641209,0.05932905710802474,0.024754146672724884,0.07469821144421303,0.024963459228605062,0.02485491258676227
1,0.09700718190872616,0.04583232733489698,0.12598673425286422,0.03116925120955294,0.024754399645723707,0.07470766930404683,0.024963459228605062,0.024963459228605062
1,0.09876471650112138,0.05423443741747847,0.04732331194529783,0.09143864091888965,0.024754379149129195,0.07459328669626977,0.024763618593702085,0.024938777918153427
2,0.0899278202604368,0.04183698630738161,0.0945208613641209,0.05932905710802474,0.024661861958737256,0.07457376152737566,0.1245367626737526,0.024963459228605062
2,0.07371913902967958,0.04476833207149203,0.08552966647683705,0.11283510897455398,0.024661191757535006,0.07437292591787172,0.1242306235567561,0.024938777918153427
2,0.10000397105740126,0.07239050316874487,0.09442010010877559,0.1108513513594653,0.024663782218865945,0.07455037646522765,0.12449720433852333,0.02485491258676227
3,0.10000397105740126,0.07239050316874487,0.09442010010877559,0.1108513513594653,0.024592129882254104,0.07445844812285142,0.1243865776666375,0.1743097239845638
3,0.09469525869025683,0.053402052458003814,0.0784070776043741,0.059059186434902565,0.024594035224835574,0.07442636700624403,0.12433059374070618,0.17434120026508693
3,0.06562178523530039,0.036687006688485554,0.029263126279071565,0.08866423517580771,0.024586270640251658,0.0742059829706071,0.12393814171517792,0.17393033389379248
1,0.09469525869025683,0.053402052458003814,0.0784070776043741,0.059059186434902565,0.024753723808439685,0.07471373622073643,0.024874312090352124,0.024963459228605062
1,0.09700718190872616,0.04583232733489698,0.12598673425286422,0.03116925120955294,0.024754067897682173,0.07469343802537345,0.024963459228605062,0.024963459228605062
1,0.09876471650112138,0.05423443741747847,0.04732331194529783,0.09143864091888965,0.024753970038781267,0.07459862473726953,0.024938777918153427,0.024963459228605062
1,0.07596492548964702,0.04940489797521893,0.07246107497762591,0.06813415315573079,0.02475388186523941,0.07471577248420432,0.024963459228605062,0.024963459228605062
1,0.09700718190872616,0.04583232733489698,0.12598673425286422,0.03116925120955294,0.024753573890274976,0.07469855425678873,0.024963459228605062,0.024963459228605062
1,0.09469525869025683,0.053402052458003814,0.0784070776043741,0.059059186434902565,0.024753630830082436,0.07470351965404803,0.024874312090352124,0.024963459228605062
2,0.13195458656699274,0.05216090087024539,0.0775825551086473,0.09748866613758789,0.024660076071531433,0.0745779412423841,0.12452405065454157,0.024963459228605062
2,0.07596492548964702,0.04940489797521893,0.07246107497762591,0.06813415315573079,0.024662380797798852,0.07459446303301905,0.12450170867463156,0.024963459228605062
2,0.0899278202604368,0.04183698630738161,0.0945208613641209,0.05932905710802474,0.024661556605827847,0.0745442459332491,0.12447966814931252,0.024963459228605062
2,0.07596492548964702,0.04940489797521893,0.07246107497762591,0.06813415315573079,0.024660375948023335,0.07455938016542601,0.1244998318714678,0.024963459228605062
2,0.0899278202604368,0.04183698630738161,0.0945208613641209,0.05932905710802474,0.024658814458959524,0.07455161660783426,0.12449751967482928,0.024963459228605062
2,0.07371913902967958,0.04476833207149203,0.08552966647683705,0.11283510897455398,0.024660519553327803,0.07438025814888362,0.12422520462339724,0.024963459228605062
3,0.10000397105740126,0.07239050316874487,0.09442010010877559,0.1108513513594653,0.024584059996165145,0.07442999384279361,0.12431708031176521,0.17424987324893426
3,0.13195458656699274,0.05216090087024539,0.0775825551086473,0.09748866613758789,0.024591778619256793,0.07443920972588013,0.12432298588428803,0.17421493655310633
3,0.13195458656699274,0.05216090087024539,0.0775825551086473,0.09748866613758789,0.024597304541265956,0.07448512709619744,0.12430524605520678,0.17422350560627958
3,0.10000397105740126,0.07239050316874487,0.09442010010877559,0.1108513513594653,0.02459333646949078,0.07441871306868193,0.1242813954359175,0.17421558687522845
3,0.07979572792847381,0.016710302315398017,0.056202822142339376,0.12318468338645797,0.024586296873875625,0.07443430136171303,0.12431863725283783,0.17424638572159526
3,0.06562178523530039,0.036687006688485554,0.029263126279071565,0.08866423517580771,0.0245864087810331,0.07429221626151213,0.12401517639768483,0.17401450498862575
1,0.07979572792847381,0.016710302315398017,0.056202822142339376,0.12318468338645797,0.024753594088525135,0.0746423186502896,0.024863251085896286,0.024963459228605062
1,0.13195458656699274,0.05216090087024539,0.0775825551086473,0.09748866613758789,0.024753821207660665,0.07470157761559705,0.024963459228605062,0.024863251085896286
1,0.07979572792847381,0.016710302315398017,0.056202822142339376,0.12318468338645797,0.024753610665445555,0.0746421292338431,0.024863251085896286,0.024963459228605062
1,0.04551511824844319,0.029777328206852204,0.05562738581982567,0.1174584245581676,0.024753628044380662,0.07470354945841873,0.024963459228605062,0.024722866957950094
1,0.09469525869025683,0.053402052458003814,0.0784070776043741,0.059059186434902565,0.024754418463337268,0.07469543459668575,0.024874312090352124,0.024963459228605062
2,0.04551511824844319,0.029777328206852204,0.05562738581982567,0.1174584245581676,0.024659575455509744,0.0744472269650029,0.12433524265107242,0.024963459228605062
2,0.1228759140294029,0.028505570347368392,0.03204450177949541,0.12253862981146815,0.024659287837829023,0.07456042659460245,0.12452750581351461,0.024722866957950094
2,0.04551511824844319,0.029777328206852204,0.05562738581982567,0.1174584245581676,0.024659231536495456,0.0744486019963112,0.12433692140149394,0.024963459228605062
2,0.07596492548964702,0.04940489797521893,0.07246107497762591,0.06813415315573079,0.02466507119494577,0.07454649825126165,0.12446881002755056,0.024963459228605062
2,0.07979572792847381,0.016710302315398017,0.056202822142339376,0.12318468338645797,0.02465987639097277,0.07455820294724542,0.12444792450654288,0.024863251085896286
3,0.04551511824844319,0.029777328206852204,0.05562738581982567,0.1174584245581676,0.02458639878190702,0.07443599407773066,0.12422258308460465,0.1741141725514034
3,0.1228759140294029,0.028505570347368392,0.03204450177949541,0.12253862981146815,0.02458639310367222,0.07428681565320232,0.12407135815826355,0.17402653982634184
3,0.1228759140294029,0.028505570347368392,0.03204450177949541,0.12253862981146815,0.024584626734412925,0.0743572667778478,0.12414281921241829,0.17407873844949856
3,0.13195458656699274,0.05216090087024539,0.0775825551086473,0.09748866613758789,0.02459631859505273,0.07442428731582491,0.12429623885229259,0.17423407166602684
3,0.06763186677635544,0.062229902012567714,0.06750273661437266,0.05752690912934507,0.024583637985056934,0.07444025887251737,0.12437380194059017,0.17432328444235898
1,0.07979572792847381,0.016710302315398017,0.056202822142339376,0.12318468338645797,0.024753514699808583,0.07467143696184803,0.024863251085896286,0.024963459228605062
1,0.13195458656699274,0.05216090087024539,0.0775825551086473,0.09748866613758789,0.024753774014802683,0.07470206437179412,0.024863251085896286,0.024963459228605062
1,0.1228759140294029,0.028505570347368392,0.03204450177949541,0.12253862981146815,0.02475361652659223,0.07470262611559342,0.024722866957950094,0.024880669347733454
1,0.09469525869025683,0.053402052458003814,0.0784070776043741,0.059059186434902565,0.02475391849893841,0.07470057064102424,0.024874312090352124,0.024963459228605062
1,0.08182213034747321,0.08253486186763974,0.07548376662486796,0.05438980565093546,0.024754129003460423,0.07464187217123541,0.02486647844000779,0.02495382173403468
1,0.06763186677635544,0.062229902012567714,0.06750273661437266,0.05752690912934507,0.024754612131142575,0.07470913493699476,0.024880669347733454,0.02486647844000779
1,0.06763186677635544,0.062229902012567714,0.06750273661437266,0.05752690912934507,0.024754336347508225,0.07471346841375769,0.024880669347733454,0.02486647844000779
2,0.08182213034747321,0.08253486186763974,0.07548376662486796,0.05438980565093546,0.024665016863474425,0.07454507412323033,0.12445074937420661,0.02486647844000779
2,0.04551511824844319,0.029777328206852204,0.05562738581982567,0.1174584245581676,0.02465891827056622,0.07444948991245458,0.12433923831393963,0.024963459228605062
2,0.08182213034747321,0.08253486186763974,0.07548376662486796,0.05438980565093546,0.02466770168103569,0.07457628602857709,0.12443397863239311,0.02486647844000779
2,0.07596492548964702,0.04940489797521893,0.07246107497762591,0.06813415315573079,0.024659532317172352,0.07455825986714501,0.12451040533205114,0.024963459228605062
2,0.06307314754555324,0.04334657853365926,0.04287134578628213,0.06438996945501518,0.024659468059667573,0.07445594379421251,0.12435378529717485,0.02495382173403468
2,0.07979572792847381,0.016710302315398017,0.056202822142339376,0.12318468338645797,0.024659427414147485,0.07458462815445285,0.12450868605964353,0.024963459228605062
2,0.06763186677635544,0.062229902012567714,0.06750273661437266,0.05752690912934507,0.024660184265550958,0.07455890180252339,0.1244979368071068,0.024880669347733454
3,0.08182213034747321,0.08253486186763974,0.07548376662486796,0.05438980565093546,0.024587373291078053,0.0744395309849329,0.12432010106657464,0.1742128452420626
3,0.06307314754555324,0.04334657853365926,0.04287134578628213,0.06438996945501518,0.024598101115753692,0.07441942977699434,0.12424330920637336,0.17414841433765285
3,0.1228759140294029,0.028505570347368392,0.03204450177949541,0.12253862981146815,0.02458343825237758,0.074293663357803,0.12408896132824628,0.17400552625443313
3,0.08732092370612386,0.024594758176328318,0.07751043242054881,0.10062530870696273,0.02458433226828463,0.07430201445356152,0.12410373191083146,0.17406819897369985
3,0.04551511824844319,0.029777328206852204,0.05562738581982567,0.1174584245581676,0.02458429130789092,0.07448431712894366,0.12427581453612886,0.17419124467159916
3,0.06307314754555324,0.04334657853365926,0.04287134578628213,0.06438996945501518,0.024599745745379046,0.07447174709951808,0.12422921338466301,0.17414768702919034
3,0.13195458656699274,0.05216090087024539,0.0775825551086473,0.09748866613758789,0.024584294787964405,0.07444427431266018,0.12434013870463724,0.17425579466328234
1,0.06763186677635544,0.062229902012567714,0.06750273661437266,0.05752690912934507,0.024753935945320202,0.07470041042619933,0.024880669347733454,0.02486647844000779
1,0.07979572792847381,0.016710302315398017,0.056202822142339376,0.12318468338645797,0.02475358200839419,0.07464245602897675,0.024863251085896286,0.024963459228605062
1,0.08732092370612386,0.024594758176328318,0.07751043242054881,0.10062530870696273,0.02475353915270006,0.07471732756802653,0.024735485436849693,0.024963459228605062
1,0.1228759140294029,0.028505570347368392,0.03204450177949541,0.12253862981146815,0.024753545103210366,0.07470334737706623,0.024722866957950094,0.024880669347733454
2,0.06763186677635544,0.062229902012567714,0.06750273661437266,0.05752690912934507,0.024660105201285854,0.07455937051642245,0.12449836808918847,0.024880669347733454
2,0.049951471010600636,0.04103942412856939,0.07857453367544832,0.0574478297916805,0.024659665333838232,0.07458598255466509,0.12453418707912915,0.024963459228605062
2,0.08182213034747321,0.08253486186763974,0.07548376662486796,0.05438980565093546,0.02465918105925614,0.07456381570271438,0.12444377299500455,0.02486647844000779
2,0.04551511824844319,0.029777328206852204,0.05562738581982567,0.1174584245581676,0.0246595177836396,0.07444836285539208,0.12436305831973901,0.024963459228605062
3,0.06307314754555324,0.04334657853365926,0.04287134578628213,0.06438996945501518,0.024586604054264768,0.07445400700903702,0.12420520505329642,0.17406638215995174
3,0.08182213034747321,0.08253486186763974,0.07548376662486796,0.05438980565093546,0.02458957896996929,0.07444058448274846,0.12431817349469099,0.17418298898561027
3,0.11257975545392458,0.03953678817212013,0.10009721355706144,0.07569559281181136,0.024586350094538613,0.07444114655119435,0.12434595225068423,0.1742918455128213
3,0.1228759140294029,0.028505570347368392,0.03204450177949541,0.12253862981146815,0.0245858689545267,0.07429001957977038,0.12407214846311683,0.1740221352610208
1,0.06763186677635544,0.062229902012567714,0.06750273661437266,0.05752690912934507,0.02475354847167431,0.07470435315525173,0.024880669347733454,0.02486647844000779
1,0.06307314754555324,0.04334657853365926,0.04287134578628213,0.06438996945501518,0.024753872866318784,0.07471756177670871,0.02495382173403468,0.024735485436849693
1,0.08732092370612386,0.024594758176328318,0.07751043242054881,0.10062530870696273,0.024753558206715074,0.0747042547500285,0.024735485436849693,0.024963459228605062
1,0.0658599593420447,0.06633532940729378,0.07509774611657515,0.12776029647486395,0.024754748750496925,0.0746917741314366,0.02488557219406566,0.024925667588033253
2,0.07974252958241185,0.02999411813601037,0.0660351657148311,0.09517751250980824,0.0246642081500973,0.07454443178834617,0.12440469437137797,0.024925667588033253
2,0.08732092370612386,0.024594758176328318,0.07751043242054881,0.10062530870696273,0.02465981867694832,0.07455748239621621,0.12453408194256434,0.024735485436849693
2,0.049951471010600636,0.04103942412856939,0.07857453367544832,0.0574478297916805,0.024659815563031665,0.0745613200871735,0.12451120910997855,0.024963459228605062
2,0.08182213034747321,0.08253486186763974,0.07548376662486796,0.05438980565093546,0.024661726357274125,0.07456388107274431,0.12441589278324593,0.02486647844000779
3,0.11257975545392458,0.03953678817212013,0.10009721355706144,0.07569559281181136,0.024587064447401434,0.07448398608238482,0.12439576342996561,0.17433249131562828
3,0.09284546874134975,0.047080901252720214,0.09180246269994882,0.0886528612255747,0.024595271411002748,0.07443223429067813,0.12414941171275373,0.17402129859864413
3,0.049951471010600636,0.04103942412856939,0.07857453367544832,0.0574478297916805,0.02458524610514273,0.07443560623038517,0.12439004295994806,0.17434897065884342
3,0.06307314754555324,0.04334657853365926,0.04287134578628213,0.06438996945501518,0.02458853076187904,0.07444521087077909,0.12419639846140414,0.1741211112736877
1,0.0658599593420447,0.06633532940729378,0.07509774611657515,0.12776029647486395,0.024754736454300867,0.07469189670646574,0.02488557219406566,0.024925667588033253
1,0.11257975545392458,0.03953678817212013,0.10009721355706144,0.07569559281181136,0.024753736707799266,0.07471858528343162,0.024902724952319454,0.02488557219406566
2,0.0658599593420447,0.06633532940729378,0.07509774611657515,0.12776029647486395,0.02466136437680012,0.07458863624690786,0.12456129662918866,0.02488557219406566
2,0.07974252958241185,0.02999411813601037,0.0660351657148311,0.09517751250980824,0.024664574328601464,0.07453888097125343,0.12447110514906351,0.024925667588033253
3,0.07974252958241185,0.02999411813601037,0.0660351657148311,0.09517751250980824,0.02458927243467565,0.07448243330467202,0.12443104220298308,0.1743136706165152
3,0.09284546874134975,0.047080901252720214,0.09180246269994882,0.0886528612255747,0.02459160334877252,0.07441845750565793,0.1242932461134761,0.17418839316936927
1,0.048487119843178515,0.08181990261647804,0.0658973470573776,0.03843300215349598,0.024754338211208142,0.0745382212999828,0.02461182503921701,0.024963459228605062
1,0.0658599593420447,0.06633532940729378,0.07509774611657515,0.12776029647486395,0.02475397327350044,0.07471679366643949,0.02488557219406566,0.024925667588033253
2,0.07974252958241185,0.02999411813601037,0.0660351657148311,0.09517751250980824,0.02466161608862362,0.07455920979724279,0.12440749384383548,0.024925667588033253
2,0.048517480995910744,0.015117927384841197,0.09709246298024216,0.08807898758775241,0.024661106102080856,0.07429547166136638,0.12409585142313997,0.024963459228605062
3,0.09284546874134975,0.047080901252720214,0.09180246269994882,0.0886528612255747,0.02459210352035603,0.07444908349439182,0.12414956195237938,0.1740188213362202
3,0.06883564305381507,0.05284689136645863,0.0432757458525745,0.06264397082681217,0.024585318210513317,0.07412943407764354,0.12377896371766589,0.17367918668311982
1,0.06883564305381507,0.05284689136645863,0.0432757458525745,0.06264397082681217,0.024753785894015858,0.07470193604497923,0.02455283350161752,0.024761604757194286
1,0.048487119843178515,0.08181990261647804,0.0658973470573776,0.03843300215349598,0.024754387055745442,0.0745374773309739,0.02490782874376558,0.02461182503921701
1,0.048487119843178515,0.08181990261647804,0.0658973470573776,0.03843300215349598,0.024754104260362137,0.07460377225000649,0.02461182503921701,0.024963459228605062
1,0.10252471577890611,0.02436198069137201,0.04729415754499154,0.12805734532953494,0.024753535946373247,0.07470447840284962,0.024761604757194286,0.02494041713321423
2,0.10252471577890611,0.02436198069137201,0.04729415754499154,0.12805734532953494,0.024659490764180864,0.07455912135342377,0.12452502254274223,0.024761604757194286
2,0.12048196295574123,0.053711464217313286,0.08638211129259052,0.13482573537405235,0.024660048484867185,0.0745622210295754,0.12451363233579225,0.02494041713321423
2,0.048517480995910744,0.015117927384841197,0.09709246298024216,0.08807898758775241,0.024660797915567117,0.0742978137008063,0.12409613652261813,0.024963459228605062
2,0.048517480995910744,0.015117927384841197,0.09709246298024216,0.08807898758775241,0.024662150322902022,0.07429127818616783,0.12409076292691812,0.02461182503921701
3,0.07893307823507154,0.06421939298475592,0.08224028908977418,0.06881631106286218,0.024586922306176064,0.0744427068639894,0.12435251130355554,0.17431258488949175
3,0.06883564305381507,0.05284689136645863,0.0432757458525745,0.06264397082681217,0.02459046880849129,0.07412521050998827,0.12377763449535582,0.17365198547832622
3,0.12048196295574123,0.053711464217313286,0.08638211129259052,0.13482573537405235,0.024585147467160028,0.0744368271070526,0.12436872022077178,0.17432871246119053
3,0.06883564305381507,0.05284689136645863,0.0432757458525745,0.06264397082681217,0.024591874924299782,0.07411692845964353,0.12376907633732283,0.17366607617575516
1,0.10252471577890611,0.02436198069137201,0.04729415754499154,0.12805734532953494,0.02475354919945032,0.0747183529643167,0.024761604757194286,0.02494041713321423
1,0.10074395772990516,0.03577312534881263,0.08444975114130303,0.07791024884796761,0.024753548316090425,0.0747197495867669,0.02490476532115166,0.024959310254196312
1,0.07893307823507154,0.06421939298475592,0.08224028908977418,0.06881631106286218,0.02475389881454295,0.07470077316119611,0.02490302137544867,0.02490476532115166
1,0.048487119843178515,0.08181990261647804,0.0658973470573776,0.03843300215349598,0.02475357493795619,0.0745484774239741,0.02461182503921701,0.024963459228605062
1,0.048487119843178515,0.08181990261647804,0.0658973470573776,0.03843300215349598,0.024753703840799265,0.07454681194595264,0.02461182503921701,0.024963459228605062
1,0.10252471577890611,0.02436198069137201,0.04729415754499154,0.12805734532953494,0.024753514897221204,0.07470468908754857,0.024761604757194286,0.02494041713321423
2,0.048517480995910744,0.015117927384841197,0.09709246298024216,0.08807898758775241,0.024659322214853,0.07430645389871138,0.12409877232410363,0.024963459228605062
2,0.10074395772990516,0.03577312534881263,0.08444975114130303,0.07791024884796761,0.024661266703953206,0.07455492157545092,0.12453390330896863,0.02490476532115166
2,0.12048196295574123,0.053711464217313286,0.08638211129259052,0.13482573537405235,0.02465943972398192,0.07457880961581391,0.12453167119345758,0.02494041713321423
2,0.08023174575389144,0.026415717224984293,0.08299211332489104,0.07887690219653336,0.024659951553554306,0.07459387543396755,0.12457866320335198,0.024959310254196312
2,0.048517480995910744,0.015117927384841197,0.09709246298024216,0.08807898758775241,0.024659644881044118,0.0743045192181981,0.12409844138682877,0.024963459228605062
2,0.12048196295574123,0.053711464217313286,0.08638211129259052,0.13482573537405235,0.024659411767043664,0.07460563887562703,0.12456310201898493,0.02494041713321423
3,0.08023174575389144,0.026415717224984293,0.08299211332489104,0.07887690219653336,0.024589018749396153,0.07443210568637393,0.12440184151578235,0.17439402690841482
3,0.07893307823507154,0.06421939298475592,0.08224028908977418,0.06881631106286218,0.0245874187082173,0.07448161575717821,0.12438172958557128,0.17433485183495284
3,0.05091753663905678,0.04549941315455017,0.06872727293700434,0.08456949614008344,0.02458632293830546,0.07447952434506219,0.12444037498105809,0.17441029203889927
3,0.06883564305381507,0.05284689136645863,0.0432757458525745,0.06264397082681217,0.024587804639607514,0.0741325988118981,0.1237827340350819,0.17365545734975685
3,0.06883564305381507,0.05284689136645863,0.0432757458525745,0.06264397082681217,0.024585161952488305,0.07413338463284495,0.12378263033463002,0.17367962361534786
3,0.07893307823507154,0.06421939298475592,0.08224028908977418,0.06881631106286218,0.02458667648030806,0.07449001241748536,0.12440571070626111,0.17435848726061332
1,0.10252471577890611,0.02436198069137201,0.04729415754499154,0.12805734532953494,0.02475352882623219,0.07470454973554146,0.024761604757194286,0.02494041713321423
1,0.10074395772990516,0.03577312534881263,0.08444975114130303,0.07791024884796761,0.0247536281140308,0.07470354938922474,0.02490476532115166,0.024959310254196312
1,0.10252471577890611,0.02436198069137201,0.04729415754499154,0.12805734532953494,0.024753539893194,0.07470443860434481,0.024761604757194286,0.02494041713321423
1,0.048487119843178515,0.08181990261647804,0.0658973470573776,0.03843300215349598,0.02475482474378884,0.07457903295475274,0.02461182503921701,0.024705108834151755
1,0.10074395772990516,0.03577312534881263,0.08444975114130303,0.07791024884796761,0.02475358805302672,0.07470395497447117,0.02490476532115166,0.024959310254196312
2,0.08023174575389144,0.026415717224984293,0.08299211332489104,0.07887690219653336,0.024659084018220225,0.07456135416457427,0.1245566752497043,0.024959310254196312
2,0.08023174575389144,0.026415717224984293,0.08299211332489104,0.07887690219653336,0.02465939395712594,0.07458435242477061,0.12457733454887521,0.024959310254196312
2,0.048517480995910744,0.015117927384841197,0.09709246298024216,0.08807898758775241,0.02466341460645291,0.074284406451432,0.12408579801405231,0.024705108834151755
2,0.12048196295574123,0.053711464217313286,0.08638211129259052,0.13482573537405235,0.02466159650571979,0.07456350496545805,0.12449309556820672,0.02494041713321423
2,0.12048196295574123,0.053711464217313286,0.08638211129259052,0.13482573537405235,0.02465982655362041,0.07456209698220097,0.12451636229969165,0.02494041713321423
3,0.06883564305381507,0.05284689136645863,0.0432757458525745,0.06264397082681217,0.02459388956588351,0.07410969810640422,0.1237626061320007,0.17366602016159788
3,0.07893307823507154,0.06421939298475592,0.08224028908977418,0.06881631106286218,0.024589494279049592,0.07444365014124406,0.12434688669804846,0.17428923023975007
3,0.05091753663905678,0.04549941315455017,0.06872727293700434,0.08456949614008344,0.024587325568919967,0.07444050033795017,0.12443142753478231,0.17436168081965206
3,0.05091753663905678,0.04549941315455017,0.06872727293700434,0.08456949614008344,0.02458834008797665,0.07447361679462045,0.12445879714803589,0.17438210010089983
3,0.07893307823507154,0.06421939298475592,0.08224028908977418,0.06881631106286218,0.024591900205135197,0.07444753279448817,0.12431714743062157,0.17429623322111346
1,0.10074395772990516,0.03577312534881263,0.08444975114130303,0.07791024884796761,0.024753895689271756,0.07471574665077386,0.02490476532115166,0.024959310254196312
1,0.09904936048777388,0.0240831988898321,0.06869512781135334,0.12261618341165795,0.024753591529299644,0.07467942884683847,0.024963459228605062,0.024910081131966442
1,0.07940689259981154,0.043145128396463506,0.09955760492276962,0.11065393415197479,0.02475393743318783,0.0746882107536523,0.024963459228605062,0.024910081131966442
1,0.10074395772990516,0.03577312534881263,0.08444975114130303,0.07791024884796761,0.02475376035275251,0.07470220799734435,0.02490476532115166,0.024959310254196312
2,0.08023174575389144,0.026415717224984293,0.08299211332489104,0.07887690219653336,0.024660121096305755,0.07455857017539438,0.1245488181022601,0.024959310254196312
2,0.05450316879513882,0.029049628820243704,0.05604708969506742,0.0742081650787308,0.02466090633863534,0.07447840249271011,0.12437824855050586,0.024910081131966442
2,0.08023174575389144,0.026415717224984293,0.08299211332489104,0.07887690219653336,0.02466021850376502,0.07455638467926425,0.12455069043389602,0.024959310254196312
2,0.07940689259981154,0.043145128396463506,0.09955760492276962,0.11065393415197479,0.024663713463962705,0.07445591856045045,0.12427470187764789,0.024910081131966442
3,0.05091753663905678,0.04549941315455017,0.06872727293700434,0.08456949614008344,0.024585592193225838,0.07443454705615611,0.12442223501450636,0.17439375719441283
3,0.0702214863250925,0.07112972030896447,0.07898212242421149,0.12359700680050881,0.02458647194771045,0.07433658542583448,0.12414427959800263,0.17409844964213306
3,0.05091753663905678,0.04549941315455017,0.06872727293700434,0.08456949614008344,0.024584887497474815,0.07443871172410613,0.12442131250819913,0.17439370206387858
3,0.05450316879513882,0.029049628820243704,0.05604708969506742,0.0742081650787308,0.024599974613520665,0.07432357726908571,0.12400587636554987,0.1737994887277085
1,0.10074395772990516,0.03577312534881263,0.08444975114130303,0.07791024884796761,0.024753573131618127,0.07470410375298302,0.02490476532115166,0.024959310254196312
1,0.07940689259981154,0.043145128396463506,0.09955760492276962,0.11065393415197479,0.024753921984830635,0.07465846857801393,0.024963459228605062,0.024910081131966442
1,0.05450316879513882,0.029049628820243704,0.05604708969506742,0.0742081650787308,0.02475349782554587,0.07472899291111364,0.024730333828995626,0.024963459228605062
1,0.0702214863250925,0.07112972030896447,0.07898212242421149,0.12359700680050881,0.024754941427969974,0.07470595294800139,0.0247669647882158,0.024963459228605062
2,0.0702214863250925,0.07112972030896447,0.07898212242421149,0.12359700680050881,0.024659367847897094,0.07456312136226081,0.12452683965777678,0.024963459228605062
2,0.06088229978347934,0.030763768126531282,0.04577418483160222,0.12856478244975042,0.024663799529429056,0.07457519146136583,0.12455009490682259,0.024963459228605062
2,0.08023174575389144,0.026415717224984293,0.08299211332489104,0.07887690219653336,0.024658980124932124,0.0745891563509326,0.12458206039086916,0.024959310254196312
2,0.05450316879513882,0.029049628820243704,0.05604708969506742,0.0742081650787308,0.024660202952284875,0.07447770071854752,0.12441212237117112,0.024910081131966442
3,0.05091753663905678,0.04549941315455017,0.06872727293700434,0.08456949614008344,0.024583421748983644,0.0744799784306971,0.1244650956656765,0.17442519258779657
3,0.0702214863250925,0.07112972030896447,0.07898212242421149,0.12359700680050881,0.02458828184564665,0.07432708917208311,0.12421188156090647,0.1741580966588322
3,0.06088229978347934,0.030763768126531282,0.04577418483160222,0.12856478244975042,0.024586102696154757,0.07448098677371949,0.1244048955693083,0.17436348166332674
3,0.043952612354134134,0.02808255547024132,0.04760561700540843,0.05781475270941261,0.024592583142364084,0.07446753441764578,0.12441441328080108,0.17440853574431336
1,0.0926074439361688,0.026694926296266505,0.06480225506925698,0.09915153584287928,0.024753932528210263,0.0747004230719961,0.024963459228605062,0.02495090772643441
1,0.07940689259981154,0.043145128396463506,0.09955760492276962,0.11065393415197479,0.024754011851971684,0.07465746636784648,0.024963459228605062,0.024910081131966442
1,0.0702214863250925,0.07112972030896447,0.07898212242421149,0.12359700680050881,0.024754450155665308,0.07469497134853421,0.0247669647882158,0.024963459228605062
1,0.06088229978347934,0.030763768126531282,0.04577418483160222,0.12856478244975042,0.024753629778237685,0.07471922350037669,0.024963459228605062,0.024922885206053364
1,0.07044450320618026,0.04814634299831335,0.061919236758554576,0.07619199007633,0.024754407653277504,0.07469543708478059,0.024963459228605062,0.024963459228605062
2,0.05450316879513882,0.029049628820243704,0.05604708969506742,0.0742081650787308,0.024660153282113045,0.0744778072948562,0.12439023211618029,0.024910081131966442
2,0.10202753028478312,0.07654588132971438,0.08495107577757449,0.051994702808620785,0.024663087493158393,0.0745517933496816,0.12446983869515262,0.02495090772643441
2,0.043952612354134134,0.02808255547024132,0.04760561700540843,0.05781475270941261,0.0246590336101293,0.07456115093728782,0.1245536821069449,0.024922885206053364
2,0.0926074439361688,0.026694926296266505,0.06480225506925698,0.09915153584287928,0.024662272084664188,0.07458227939398737,0.12456320084496046,0.024963459228605062
2,0.06088229978347934,0.030763768126531282,0.04577418483160222,0.12856478244975042,0.024661855976012316,0.07454826271922578,0.12452430866487393,0.024963459228605062
3,0.07044450320618026,0.04814634299831335,0.061919236758554576,0.07619199007633,0.024584750399646627,0.07443866922461381,0.12442520071127731,0.1743986044001011
3,0.10202753028478312,0.07654588132971438,0.08495107577757449,0.051994702808620785,0.024587808856944234,0.07443436221433374,0.12437817105863162,0.17429114874725204
3,0.0702214863250925,0.07112972030896447,0.07898212242421149,0.12359700680050881,0.024586432437217986,0.07432708735325619,0.12415581478081916,0.17412694897878428
3,0.05199124629982878,0.05361471568500447,0.07604992680305171,0.09909866063674912,0.02459807710775609,0.07442922228916651,0.12426586585738016,0.17416781278233576
3,0.043952612354134134,0.02808255547024132,0.04760561700540843,0.05781475270941261,0.024587692189548257,0.07442759710320215,0.12437471294102605,0.17437179665075186
1,0.0926074439361688,0.026694926296266505,0.06480225506925698,0.09915153584287928,0.024753511874387856,0.07470471923997331,0.024963459228605062,0.02495090772643441
1,0.05450316879513882,0.029049628820243704,0.05604708969506742,0.0742081650787308,0.024753704998612323,0.07470277255738167,0.0247669647882158,0.024910081131966442
1,0.06088229978347934,0.030763768126531282,0.04577418483160222,0.12856478244975042,0.024753566804228598,0.07470416744061889,0.024963459228605062,0.024922885206053364
2,0.0702214863250925,0.07112972030896447,0.07898212242421149,0.12359700680050881,0.024659490465100693,0.07456088013758085,0.12452891022934598,0.024910081131966442
2,0.043952612354134134,0.02808255547024132,0.04760561700540843,0.05781475270941261,0.024658996757921107,0.07456166052255088,0.12455335619609921,0.024922885206053364
2,0.10202753028478312,0.07654588132971438,0.08495107577757449,0.051994702808620785,0.02465966320039079,0.07456217512154703,0.1244898175967192,0.02495090772643441
3,0.05199124629982878,0.05361471568500447,0.07604992680305171,0.09909866063674912,0.024588662641298546,0.07444367640603007,0.12429575617085271,0.1742079438125255
3,0.07044450320618026,0.04814634299831335,0.061919236758554576,0.07619199007633,0.024585161874971624,0.07444082162283748,0.12442941234845155,0.17439646333211414
3,0.06088229978347934,0.030763768126531282,0.04577418483160222,0.12856478244975042,0.024585406491912206,0.07443877395621604,0.12438931870744001,0.1743679754917941
1,0.04987059962296239,0.08328095023272236,0.07851777097441619,0.0454225478992409,0.024754402467369922,0.07469549496800906,0.02483132308585604,0.024963459228605062
1,0.10683908774518983,0.021290367069674312,0.046228550339080896,0.056313623908691914,0.024753565660837473,0.07470418073477206,0.02491708376144149,0.02472793708453101
1,0.0926074439361688,0.026694926296266505,0.06480225506925698,0.09915153584287928,0.024753573223282678,0.07470410465913785,0.024963459228605062,0.02495090772643441
2,0.06139591294982251,0.047319658308578184,0.07631645695663233,0.11440762057880205,0.024659127109566477,0.07456341549428273,0.12454380059722676,0.02472793708453101
2,0.09052800145941543,0.04479215169168874,0.08810758604267391,0.04815956667437371,0.02466214672886554,0.07454790706293137,0.12451753015793415,0.024963459228605062
2,0.10202753028478312,0.07654588132971438,0.08495107577757449,0.051994702808620785,0.024660269880568166,0.0745609690686748,0.12448522868887364,0.02495090772643441
3,0.13801670428121326,0.07297622833997244,0.0672467855952081,0.0980560762001039,0.024583564574111805,0.07444262820143999,0.12441113210303784,0.17441134738042832
3,0.08287938852100421,0.05490316254789224,0.03772919727064598,0.11381512006828602,0.02458927780106511,0.07443667337301058,0.1243703593376881,0.17418854357110408
3,0.05199124629982878,0.05361471568500447,0.07604992680305171,0.09909866063674912,0.024588205299994434,0.07444221792694383,0.12429496944626946,0.17421979468222096
1,0.04987059962296239,0.08328095023272236,0.07851777097441619,0.0454225478992409,0.024755820486379837,0.07467992625076043,0.024963459228605062,0.024963459228605062
1,0.13801670428121326,0.07297622833997244,0.0672467855952081,0.0980560762001039,0.024753879033736357,0.07470099840079764,0.024963459228605062,0.024963459228605062
1,0.08735450214165683,0.062023808893658335,0.07064756280663635,0.07717887511088688,0.024753716850058886,0.07470264320617356,0.024963459228605062,0.024963459228605062
2,0.09910682859560999,0.04593287301298091,0.0784791983803218,0.07652328370493353,0.024659149660455813,0.07456330765897098,0.12444478946569126,0.024963459228605062
2,0.09052800145941543,0.04479215169168874,0.08810758604267391,0.04815956667437371,0.024665497364166622,0.07452926851916401,0.12450903749828765,0.024963459228605062
2,0.08735450214165683,0.062023808893658335,0.07064756280663635,0.07717887511088688,0.02466213184323614,0.07455473071804296,0.12451657622633217,0.024963459228605062
3,0.07196504157732923,0.05613422275251354,0.04788196518876234,0.03990042899411081,0.024586518562965325,0.07444842064906268,0.12421098213228068,0.1740743439639491
3,0.09910682859560999,0.04593287301298091,0.0784791983803218,0.07652328370493353,0.024588791654894065,0.07443305486033928,0.12437266685966376,0.174274441715194
3,0.08287938852100421,0.05490316254789224,0.03772919727064598,0.11381512006828602,0.024592362952539765,0.07441452936197811,0.12437913709307331,0.17425116904459256
1,0.08735450214165683,0.062023808893658335,0.07064756280663635,0.07717887511088688,0.024754031615649638,0.07469939432837483,0.024963459228605062,0.024963459228605062
1,0.08735450214165683,0.062023808893658335,0.07064756280663635,0.07717887511088688,0.02475443027182288,0.07469518423154062,0.024963459228605062,0.024963459228605062
1,0.07196504157732923,0.05613422275251354,0.04788196518876234,0.03990042899411081,0.024754033895279144,0.07468380629203825,0.0249376591802014,0.024725192629295595
2,0.09910682859560999,0.04593287301298091,0.0784791983803218,0.07652328370493353,0.02466192758821694,0.07454740966210384,0.12447705530645817,0.024963459228605062
2,0.11071815480536616,0.07964148673157921,0.09394487973994858,0.13583781673172252,0.02466086334090726,0.07452402452153183,0.12446108713460248,0.024725192629295595
2,0.09910682859560999,0.04593287301298091,0.0784791983803218,0.07652328370493353,0.024659462423445435,0.07455943890900563,0.12444899012696581,0.024963459228605062
3,0.07196504157732923,0.05613422275251354,0.04788196518876234,0.03990042899411081,0.02458492899126455,0.07443596481920374,0.12424051328635068,0.1741036467871952
3,0.07196504157732923,0.05613422275251354,0.04788196518876234,0.03990042899411081,0.024594111877040248,0.07442016459290304,0.12427736266408461,0.17408266745822312
3,0.08480502862586044,0.02442652243997637,0.08439187208456773,0.06204497304047828,0.024586053595338483,0.07439338921483378,0.12426998089772769,0.17425547418507226
1,0.10276093939255013,0.06650221764932884,0.05747358056903038,0.08450538249377018,0.0247543555795515,0.07464308026298425,0.024963459228605062,0.02487845252183012
1,0.08735450214165683,0.062023808893658335,0.07064756280663635,0.07717887511088688,0.02475379838605138,0.07470180902823159,0.024963459228605062,0.024963459228605062
1,0.11071815480536616,0.07964148673157921,0.09394487973994858,0.13583781673172252,0.024754192232609825,0.07469772351921276,0.024725192629295595,0.024829988962394255
1,0.11071815480536616,0.07964148673157921,0.09394487973994858,0.13583781673172252,0.024754432783178366,0.07469529073619662,0.024725192629295595,0.024829988962394255
1,0.06139591294982251,0.047319658308578184,0.07631645695663233,0.11440762057880205,0.0247537144152713,0.07470267172794334,0.02491708376144149,0.02472793708453101
2,0.08684338893641615,0.027318356856464162,0.05230284207887341,0.13133086732404253,0.02466194028967854,0.07445175343095617,0.12435319925223642,0.02487845252183012
2,0.09910682859560999,0.04593287301298091,0.0784791983803218,0.07652328370493353,0.024658885565192988,0.07456234683494947,0.12444994519450271,0.024963459228605062
2,0.13801670428121326,0.07297622833997244,0.0672467855952081,0.0980560762001039,0.02466365308457829,0.07455894177418323,0.12451427212767381,0.02472793708453101
2,0.08480502862586044,0.02442652243997637,0.08439187208456773,0.06204497304047828,0.024661062890749475,0.07455387279713993,0.12454355420839157,0.024829988962394255
2,0.08480502862586044,0.02442652243997637,0.08439187208456773,0.06204497304047828,0.024662262873869873,0.07454625783142273,0.12454393334259789,0.024829988962394255
3,0.07196504157732923,0.05613422275251354,0.04788196518876234,0.03990042899411081,0.024584095730746276,0.07449112847350531,0.12427093338020521,0.1741884558952042
3,0.08735450214165683,0.062023808893658335,0.07064756280663635,0.07717887511088688,0.02459508647999028,0.07444180584957334,0.12436991329699072,0.17436478206219921
3,0.07206826166189081,0.03550794893177245,0.10905478733351259,0.10307131241782222,0.024592271623060998,0.074293443772877,0.12413320280959332,0.1740934514574175
3,0.1143166358187105,0.06131142993261236,0.12353885297232137,0.11001916865153331,0.024599421925243704,0.07441441171292615,0.12441243378818541,0.17426836855674088
3,0.1143166358187105,0.06131142993261236,0.12353885297232137,0.11001916865153331,0.024586764462808747,0.07443657280279961,0.12440986432686504,0.1743695179681598
1,0.08735450214165683,0.062023808893658335,0.07064756280663635,0.07717887511088688,0.024754685884804367,0.07469245230128431,0.024963459228605062,0.024963459228605062
1,0.11071815480536616,0.07964148673157921,0.09394487973994858,0.13583781673172252,0.024754425268703386,0.07469533950761072,0.024725192629295595,0.024829988962394255
1,0.06290841000701725,0.056713026264668336,0.12835931037581316,0.1111148826715582,0.024754162134371992,0.07469809098206057,0.024963459228605062,0.024934937312266748
1,0.07206826166189081,0.03550794893177245,0.10905478733351259,0.10307131241782222,0.02475377764534942,0.07470203337593125,0.02474418717840118,0.024963459228605062
1,0.10276093939255013,0.06650221764932884,0.05747358056903038,0.08450538249377018,0.024754439556099437,0.07464205997005066,0.024963459228605062,0.02487845252183012
1,0.10276093939255013,0.06650221764932884,0.05747358056903038,0.08450538249377018,0.024753523947745725,0.0746528690440623,0.024963459228605062,0.02487845252183012
2,0.12419381407204799,0.06410488484969219,0.09043016283860673,0.06278273159576142,0.024662781106766327,0.07454996456171101,0.1245024847888389,0.024934937312266748
2,0.09910682859560999,0.04593287301298091,0.0784791983803218,0.07652328370493353,0.024661179238094334,0.07454939865047128,0.12448358131494228,0.024963459228605062
2,0.08684338893641615,0.027318356856464162,0.05230284207887341,0.13133086732404253,0.024658841304323435,0.07446680316286595,0.12436585197824516,0.02487845252183012
2,0.08480502862586044,0.02442652243997637,0.08439187208456773,0.06204497304047828,0.024662001229775157,0.07454812087479153,0.1245435490650306,0.024829988962394255
2,0.08684338893641615,0.027318356856464162,0.05230284207887341,0.13133086732404253,0.024662507587240926,0.07444919745690161,0.12437855647334412,0.02487845252183012
2,0.06290841000701725,0.056713026264668336,0.12835931037581316,0.1111148826715582,0.02466153970595618,0.07455765989419365,0.12451573140290552,0.024963459228605062
3,0.1143166358187105,0.06131142993261236,0.12353885297232137,0.11001916865153331,0.024588006071809818,0.07442595959307471,0.12441214512389077,0.17437825373728777
3,0.12419381407204799,0.06410488484969219,0.09043016283860673,0.06278273159576142,0.02458800072853144,0.07443704803371622,0.12436708787228622,0.17433881334304235
3,0.0869048421973169,0.041284522614302335,0.10617736577945328,0.09851658742094596,0.024590313791159966,0.07442999455955909,0.12433785403685294,0.17432274906158138
3,0.07206826166189081,0.03550794893177245,0.10905478733351259,0.10307131241782222,0.02458422071801783,0.07431523715682892,0.12411980104603236,0.1740792681857881
3,0.07196504157732923,0.05613422275251354,0.04788196518876234,0.03990042899411081,0.024589097199329536,0.07442410223855134,0.12428549561798866,0.17415385932862879
3,0.07206826166189081,0.03550794893177245,0.10905478733351259,0.10307131241782222,0.024590153839135615,0.07429355767638586,0.12415482081777199,0.17413346289479398
1,0.0869048421973169,0.041284522614302335,0.10617736577945328,0.09851658742094596,0.0247536751263897,0.07470307098282239,0.024898206913154305,0.024935229047636284
1,0.06290841000701725,0.056713026264668336,0.12835931037581316,0.1111148826715582,0.02475414145448694,0.07469824127745904,0.024963459228605062,0.024934937312266748
1,0.08480502862586044,0.02442652243997637,0.08439187208456773,0.06204497304047828,0.024753582527483532,0.07470401122765327,0.024829988962394255,0.024963459228605062
1,0.06290841000701725,0.056713026264668336,0.12835931037581316,0.1111148826715582,0.024754792292312765,0.07470600839539868,0.024963459228605062,0.024934937312266748
1,0.059839468489521125,0.03926609669001588,0.0801227045671348,0.05675316716050208,0.024753728880778054,0.07468262250947792,0.024935229047636284,0.024963459228605062
2,0.12419381407204799,0.06410488484969219,0.09043016283860673,0.06278273159576142,0.02466127499309569,0.07455398112965958,0.12451139726784916,0.024934937312266748
2,0.059839468489521125,0.03926609669001588,0.0801227045671348,0.05675316716050208,0.024659469314403503,0.07455998254541849,0.12449050071829038,0.024935229047636284
2,0.1143166358187105,0.06131142993261236,0.12353885297232137,0.11001916865153331,0.024658942789446314,0.0745634161435568,0.1245238335003114,0.024963459228605062
2,0.12419381407204799,0.06410488484969219,0.09043016283860673,0.06278273159576142,0.02466644854524582,0.07453787530933048,0.12447941292555827,0.024934937312266748
2,0.08752217087453207,0.048120883044921396,0.1104465706332275,0.15401864109112334,0.024659169877762246,0.07452251394749763,0.12447139904022195,0.024963459228605062
3,0.10276093939255013,0.06650221764932884,0.05747358056903038,0.08450538249377018,0.02458369504004493,0.07444292782928141,0.12436902800752235,0.17427808361090202
3,0.0869048421973169,0.041284522614302335,0.10617736577945328,0.09851658742094596,0.024601181974867593,0.0744098800175963,0.12429859419325959,0.17428599182273727
3,0.1234758674253347,0.07796147039133879,0.0669852933935714,0.10357040253800426,0.024583866698910876,0.07439290130647946,0.12427596445105642,0.1742306424791191
3,0.0869048421973169,0.041284522614302335,0.10617736577945328,0.09851658742094596,0.02459074492171681,0.07443948631396136,0.12433969708553778,0.17428735252898883
3,0.08752217087453207,0.048120883044921396,0.1104465706332275,0.15401864109112334,0.024583896705339142,0.07449069489769818,0.12434789382535107,0.17426395335156636
1,0.06290841000701725,0.056713026264668336,0.12835931037581316,0.1111148826715582,0.024754055993102164,0.0746991886952744,0.024963459228605062,0.024934937312266748
1,0.10276093939255013,0.06650221764932884,0.05747358056903038,0.08450538249377018,0.024753950211391547,0.07464798514679839,0.024963459228605062,0.02487845252183012
2,0.12419381407204799,0.06410488484969219,0.09043016283860673,0.06278273159576142,0.024661676016941338,0.07455353215342692,0.12450879272434034,0.024934937312266748
2,0.08684338893641615,0.027318356856464162,0.05230284207887341,0.13133086732404253,0.024660115807277373,0.07445975387699895,0.12436297753826356,0.02487845252183012
3,0.0869048421973169,0.041284522614302335,0.10617736577945328,0.09851658742094596,0.02459449096297194,0.07443257582287578,0.1243389501451982,0.17426966078628767
3,0.07206826166189081,0.03550794893177245,0.10905478733351259,0.10307131241782222,0.024584901022967797,0.07430749716549748,0.12411703855252142,0.1740908838490238
1,0.07867599955428438,0.05033342040969574,0.11398261769848472,0.10531679470008116,0.02475453306908439,0.07469410073884995,0.024915624025353997,0.024963459228605062
1,0.12419381407204799,0.06410488484969219,0.09043016283860673,0.06278273159576142,0.02475414333340761,0.074698234015276,0.024934937312266748,0.024898206913154305
2,0.118885230999705,0.07811660074724144,0.07166248165775736,0.11812793537939631,0.024674132311451154,0.07454026706683366,0.12427918723519696,0.024963459228605062
2,0.0869048421973169,0.041284522614302335,0.10617736577945328,0.09851658742094596,0.02466083210345946,0.07455485653632529,0.12452842401583664,0.024898206913154305
3,0.059839468489521125,0.03926609669001588,0.0801227045671348,0.05675316716050208,0.024586380245342355,0.07443874400578768,0.12437860149116588,0.17431007663530887
3,0.07267679593052839,0.04816063648609592,0.06489278489858094,0.03858626777772137,0.02461738370641258,0.07442022301235286,0.12398090109933396,0.1739342573029806
1,0.12419381407204799,0.06410488484969219,0.09043016283860673,0.06278273159576142,0.024754050742175116,0.07469919188548156,0.024963459228605062,0.024934937312266748
2,0.0869048421973169,0.041284522614302335,0.10617736577945328,0.09851658742094596,0.024661277808071008,0.0745570548820952,0.12451963749762239,0.024934937312266748
3,0.059839468489521125,0.03926609669001588,0.0801227045671348,0.05675316716050208,0.024593294270492977,0.07443748949732366,0.12436402442799935,0.1742546031497666
1,0.04269731395853189,0.04307279820148557,0.07665152286602733,0.06261843942204079,0.02475376498337133,0.07464873819914906,0.024963459228605062,0.024811928092716207
1,0.07267679593052839,0.04816063648609592,0.06489278489858094,0.03858626777772137,0.02475420725391292,0.0747067232081263,0.024698384370299725,0.024963459228605062
1,0.04269731395853189,0.04307279820148557,0.07665152286602733,0.06261843942204079,0.02475403393012451,0.07464562495819643,0.024963459228605062,0.024811928092716207
2,0.09261724525090992,0.08023278714451616,0.0493169394537262,0.08443079684202016,0.024662021380590753,0.07445929028445947,0.12432861265630393,0.024811928092716207
2,0.09261724525090992,0.08023278714451616,0.0493169394537262,0.08443079684202016,0.0246646787503473,0.07445513246645523,0.12429837540311128,0.024811928092716207
2,0.053778036412420294,0.06051513240839888,0.03806509693687272,0.07669985384797647,0.024662553718874988,0.07457154148447295,0.12451700265624761,0.024963459228605062
3,0.03746715096640547,0.07907202722294823,0.0836931076731928,0.08598461557300305,0.024598339170282733,0.07445371914958852,0.12434903118052165,0.1742495416761461
3,0.07793841609215016,0.024028668976455256,0.08677886701570717,0.09077726430082268,0.024601374034021094,0.07430457583432676,0.12401138780632921,0.17393262370519472
3,0.07793841609215016,0.024028668976455256,0.08677886701570717,0.09077726430082268,0.02459173190918958,0.07438667628644051,0.12417803574955927,0.17408336232605306
1,0.04269731395853189,0.04307279820148557,0.07665152286602733,0.06261843942204079,0.024753576048715604,0.07465090201240629,0.024811928092716207,0.024892672323746076
1,0.0897375377952547,0.09842694147531751,0.06801531194031504,0.10470911230451647,0.024754897590861195,0.07466646442571025,0.024892672323746076,0.024963459228605062
1,0.11586116237439995,0.06045143145221169,0.07938590679310069,0.07320503584347698,0.024754127298149717,0.07471540765076502,0.0249158954309482,0.024902761937014007
2,0.09261724525090992,0.08023278714451616,0.0493169394537262,0.08443079684202016,0.024660148766632962,0.07446255473667869,0.12434837303519501,0.024892672323746076
2,0.12588943630710883,0.057457577875054705,0.09803946292481573,0.1406407507506947,0.02466097662345958,0.07458751095682772,0.124538157837036,0.024902761937014007
2,0.04269731395853189,0.04307279820148557,0.07665152286602733,0.06261843942204079,0.024662100593914844,0.07450177485491574,0.12440835549624771,0.024963459228605062
3,0.07793841609215016,0.024028668976455256,0.08677886701570717,0.09077726430082268,0.024587074756284136,0.07431016635973843,0.12409651571351216,0.17400934344998706
3,0.09261724525090992,0.08023278714451616,0.0493169394537262,0.08443079684202016,0.024592369646276976,0.07435812241304182,0.12417982447813945,0.17404389007893567
3,0.0897375377952547,0.09842694147531751,0.06801531194031504,0.10470911230451647,0.02459219575371752,0.07443867585876948,0.12434053718539792,0.17421491932567648
1,0.16188065572625482,0.10589139974035493,0.052701260234231134,0.03642942091983045,0.024754055466562782,0.07469914110435921,0.024954310284074653,0.02477842056673687
2,0.06007035869329301,0.0407753398662344,0.04216007547088989,0.0951217913826289,0.024660651229401996,0.07455476975656142,0.12451961775826681,0.02477842056673687
3,0.07745631324444464,0.03921463173150291,0.07009776135665485,0.1400277873365478,0.024586938619604846,0.0744349970461311,0.12436066012643363,0.17434346022668384
1,0.08921630006326853,0.08218671942969447,0.1152816313859909,0.049339530883817255,0.02475391746373545,0.07461010699362758,0.024963459228605062,0.024963459228605062
1,0.11527083378211547,0.0437605618493087,0.06948684567521707,0.071757365789744,0.02475364592211561,0.07470336719810947,0.024665275088132273,0.02489653278353619
1,0.04269731395853189,0.04307279820148557,0.07665152286602733,0.06261843942204079,0.024753749706913068,0.07464891449507838,0.024811928092716207,0.024892672323746076
2,0.10216885677296869,0.06944864502072069,0.0717632926406528,0.08334296272590302,0.024661383997767634,0.07458364617698908,0.12451566449045286,0.02489653278353619
2,0.09261724525090992,0.08023278714451616,0.0493169394537262,0.08443079684202016,0.024662392479830975,0.07445832897111787,0.12432511619464393,0.024892672323746076
2,0.05254659463784306,0.031122363906230886,0.1037628491709698,0.07673226017492145,0.024660739906898786,0.07439424680543667,0.12429658636372326,0.024963459228605062
3,0.07793841609215016,0.024028668976455256,0.08677886701570717,0.09077726430082268,0.02459285577641536,0.07430630369997415,0.12406503874294937,0.17398427056970442
3,0.07349811089450284,0.05041206634146363,0.11540448412767529,0.12162674755736524,0.024594476196430612,0.07449051863544505,0.12436477609897476,0.17428281439189022
3,0.11527083378211547,0.0437605618493087,0.06948684567521707,0.071757365789744,0.024585240813577523,0.07422957657717041,0.12397755998961817,0.17393087475048385
1,0.09543216533287964,0.07579895375601928,0.10933298009017173,0.07012134633353201,0.024754038062929296,0.07469933067861864,0.024883601224387562,0.024963459228605062
1,0.04269731395853189,0.04307279820148557,0.07665152286602733,0.06261843942204079,0.024753957401430705,0.0746464804417581,0.024963459228605062,0.024811928092716207
1,0.08921630006326853,0.08218671942969447,0.1152816313859909,0.049339530883817255,0.024754832095826768,0.07459818582584753,0.024963459228605062,0.024963459228605062
2,0.04905503753913955,0.05317668764904858,0.07312459237837865,0.12568113928418856,0.024660229590126394,0.07455734335313263,0.12454629322828739,0.024963459228605062
2,0.05254659463784306,0.031122363906230886,0.1037628491709698,0.07673226017492145,0.024663864389685024,0.07437777064768293,0.12424445201887493,0.024963459228605062
2,0.09261724525090992,0.08023278714451616,0.0493169394537262,0.08443079684202016,0.024663573304928826,0.07445450709508976,0.1243161463748176,0.024811928092716207
3,0.10646032965109688,0.06476089756654325,0.06697800743750129,0.10501663591540589,0.024586860546964226,0.0744345130286883,0.12442359319634304,0.17433409222722657
3,0.07793841609215016,0.024028668976455256,0.08677886701570717,0.09077726430082268,0.024597553954948524,0.0743027974361918,0.12404193180023626,0.17398674138756395
3,0.11527083378211547,0.0437605618493087,0.06948684567521707,0.071757365789744,0.024591307485992756,0.07420895900387173,0.12396076418569119,0.1739226399259131
1,0.08936172702970455,0.04075922287072043,0.08476669696775184,0.060565626338648426,0.024754495589967902,0.07469463240221337,0.024963459228605062,0.024772102320670675
1,0.10216885677296869,0.06944864502072069,0.0717632926406528,0.08334296272590302,0.024753810272733795,0.07470170354829916,0.02489653278353619,0.024963459228605062
1,0.08921630006326853,0.08218671942969447,0.1152816313859909,0.049339530883817255,0.02475391708149423,0.07461004979881564,0.024963459228605062,0.024963459228605062
2,0.05254659463784306,0.031122363906230886,0.1037628491709698,0.07673226017492145,0.024660009555990754,0.07439661274471132,0.12426139530693735,0.024963459228605062
2,0.07349811089450284,0.05041206634146363,0.11540448412767529,0.12162674755736524,0.024661588050346323,0.0745563679210903,0.12449962744740055,0.024963459228605062
2,0.08953341152196082,0.03634503582671052,0.10057014121356692,0.11753767534981133,0.024662873839679376,0.07454804965223544,0.12450866627558974,0.024772102320670675
3,0.09543216533287964,0.07579895375601928,0.10933298009017173,0.07012134633353201,0.02458893849794481,0.07443420781784822,0.12432924186155125,0.17433116243003915
3,0.11527083378211547,0.0437605618493087,0.06948684567521707,0.071757365789744,0.024587875856058917,0.0742382553520713,0.1239836913777217,0.17387242607958914
3,0.082540857914488,0.03168944433227443,0.1000560266022307,0.06877050703255934,0.024590561447869114,0.07443021592654535,0.12435217983909753,0.17433025695640122
1,0.09543216533287964,0.07579895375601928,0.10933298009017173,0.07012134633353201,0.024753819265135975,0.07471806477637619,0.024963459228605062,0.024963459228605062
1,0.05254659463784306,0.031122363906230886,0.1037628491709698,0.07673226017492145,0.02475359368939493,0.07470389901491581,0.024665275088132273,0.024963459228605062
1,0.06007035869329301,0.0407753398662344,0.04216007547088989,0.0951217913826289,0.02475389160903791,0.07471680433136255,0.0249029096686255,0.02477842056673687
1,0.10216885677296869,0.06944864502072069,0.0717632926406528,0.08334296272590302,0.024755711590787752,0.07468812268718057,0.02489653278353619,0.024963459228605062
2,0.04905503753913955,0.05317668764904858,0.07312459237837865,0.12568113928418856,0.024662837498600133,0.07458963665868097,0.1245560149944909,0.024963459228605062
2,0.11527083378211547,0.0437605618493087,0.06948684567521707,0.071757365789744,0.02465934085682041,0.0745615006704916,0.1245196366116961,0.024963459228605062
2,0.07745631324444464,0.03921463173150291,0.07009776135665485,0.1400277873365478,0.024660581431674742,0.07458732924298796,0.12458040840317323,0.02477842056673687
2,0.07349811089450284,0.05041206634146363,0.11540448412767529,0.12162674755736524,0.02466465178117204,0.07452272272825501,0.12447876707774577,0.024963459228605062
3,0.10216885677296869,0.06944864502072069,0.0717632926406528,0.08334296272590302,0.02458543663726629,0.07444223281408195,0.12436011177117208,0.17430274334158566
3,0.10646032965109688,0.06476089756654325,0.06697800743750129,0.10501663591540589,0.024594414692235635,0.07444077515837479,0.12438380938773573,0.17420842586974608
3,0.08921630006326853,0.08218671942969447,0.1152816313859909,0.049339530883817255,0.024584248069704676,0.07448391267874757,0.12447184338035638,0.17433586200616552
3,0.09543216533287964,0.07579895375601928,0.10933298009017173,0.07012134633353201,0.024599484907931464,0.07440257706725768,0.12433275230512882,0.1742727047355492
1,0.08936172702970455,0.04075922287072043,0.08476669696775184,0.060565626338648426,0.024753765072335884,0.07470215665881771,0.024963459228605062,0.024772102320670675
1,0.10646032965109688,0.06476089756654325,0.06697800743750129,0.10501663591540589,0.02475402089209468,0.0746896524881429,0.024963459228605062,0.024963075962530522
1,0.05254659463784306,0.031122363906230886,0.1037628491709698,0.07673226017492145,0.02475364978466107,0.07470332730288873,0.024963459228605062,0.024665275088132273
2,0.08953341152196082,0.03634503582671052,0.10057014121356692,0.11753767534981133,0.024660936260485853,0.07455787438878887,0.12451305121079939,0.024772102320670675
2,0.11527083378211547,0.0437605618493087,0.06948684567521707,0.071757365789744,0.024658975811698448,0.07456174741813355,0.12452323075792648,0.024665275088132273
2,0.08936172702970455,0.04075922287072043,0.08476669696775184,0.060565626338648426,0.024660095642190235,0.07453344521906421,0.12444511273540276,0.024963075962530522
3,0.08953341152196082,0.03634503582671052,0.10057014121356692,0.11753767534981133,0.024587661706445718,0.07433655279581566,0.12416984648635689,0.1740771704123976
3,0.10216885677296869,0.06944864502072069,0.0717632926406528,0.08334296272590302,0.024584657907862392,0.07448526433192616,0.12440557440404063,0.17435141999616244
3,0.082540857914488,0.03168944433227443,0.1000560266022307,0.06877050703255934,0.02458863472085314,0.07444017567736456,0.12435280822434053,0.17432711126350006
1,0.06783347193439297,0.07720619455269163,0.09472155664150168,0.05995304708381649,0.024754570945236448,0.074693692120205,0.024956281676452616,0.02461763586899734
1,0.07349811089450284,0.05041206634146363,0.11540448412767529,0.12162674755736524,0.02475417683567254,0.07469787429818082,0.024963459228605062,0.024883601224387562
2,0.09543216533287964,0.07579895375601928,0.10933298009017173,0.07012134633353201,0.024664303747682078,0.0745489230494403,0.12451513128617377,0.024883601224387562
2,0.07698761319322597,0.04250828221998787,0.07653353977188944,0.0905146249059892,0.024661574854811318,0.07454981894741225,0.12453398496326022,0.02461763586899734
3,0.04905503753913955,0.05317668764904858,0.07312459237837865,0.12568113928418856,0.024595964504784372,0.07442693359504689,0.12437288171536937,0.17436289498439553
3,0.08978388618898263,0.046840062912570576,0.09787309383743728,0.08250635122239472,0.024587493992224776,0.07443284558817075,0.12439180621808706,0.17437888918714808
1,0.08936172702970455,0.04075922287072043,0.08476669696775184,0.060565626338648426,0.024753869699016787,0.07470109217101815,0.024963459228605062,0.024772102320670675
1,0.11792735666473718,0.030897807120255708,0.07480359697792625,0.08831747941850658,0.02475383980957136,0.07471778810365033,0.024963459228605062,0.024963459228605062
1,0.07551798453595356,0.04571878938289026,0.058436241209096955,0.08766458174076427,0.024754539375515708,0.07469404665328466,0.02495194455501509,0.024963459228605062
2,0.08953341152196082,0.03634503582671052,0.10057014121356692,0.11753767534981133,0.024660516961023043,0.07455650778835655,0.12452037769671807,0.024772102320670675
2,0.06782729907247471,0.05754810502422267,0.061449170699577414,0.08119703169735898,0.024660282103028397,0.07455306905189445,0.12447215589275099,0.024963459228605062
2,0.07664595531541056,0.049058398351051684,0.021358049666098465,0.08475369618747933,0.024660050590410206,0.07458935656775113,0.12457445136838935,0.024963459228605062
3,0.07551798453595356,0.04571878938289026,0.058436241209096955,0.08766458174076427,0.024586989278872096,0.0744360373325126,0.12440702562567167,0.17439239780365848
3,0.08458491335986539,0.033160751625782726,0.08385780816503666,0.09752867858913798,0.024584418434350913,0.07443601141675538,0.12426689444200911,0.17417547981271828
3,0.082540857914488,0.03168944433227443,0.1000560266022307,0.06877050703255934,0.02458644620578518,0.07443795110072066,0.12436823767648787,0.17434033707433527
1,0.07698761319322597,0.04250828221998787,0.07653353977188944,0.0905146249059892,0.02475361108503162,0.07470372318970263,0.02494864747633274,0.024956281676452616
1,0.06782729907247471,0.05754810502422267,0.061449170699577414,0.08119703169735898,0.024754634732381875,0.07465208301588465,0.024963459228605062,0.024963459228605062
2,0.08458491335986539,0.033160751625782726,0.08385780816503666,0.09752867858913798,0.024662633018157697,0.07446918671090899,0.12438584782737984,0.024963459228605062
2,0.08978388618898263,0.046840062912570576,0.09787309383743728,0.08250635122239472,0.024659800281226052,0.07456142729280668,0.12454323958737606,0.024956281676452616
3,0.11792735666473718,0.030897807120255708,0.07480359697792625,0.08831747941850658,0.024592117006734228,0.07444790094764364,0.12440296762774093,0.17431537183112947
3,0.08069549913563207,0.05634912424755972,0.06610949260975367,0.06839983835306537,0.02459071134508949,0.074326025287764,0.12416256192591231,0.17413104478879443
1,0.11792735666473718,0.030897807120255708,0.07480359697792625,0.08831747941850658,0.024755221199559613,0.07468658028624929,0.024963459228605062,0.024963459228605062
1,0.09236791196809929,0.04557703461672829,0.0929141808184504,0.0988348370070703,0.02475388063444314,0.07471525452535702,0.024944006745701477,0.02490348254313518
1,0.034782719925368376,0.04923935917496234,0.09883772180228814,0.10298486880911265,0.024753565643761268,0.07470417911180922,0.0249273307188231,0.024944006745701477
1,0.07664595531541056,0.049058398351051684,0.021358049666098465,0.08475369618747933,0.02475383952191908,0.07471776667380105,0.024963459228605062,0.02495194455501509
2,0.034782719925368376,0.04923935917496234,0.09883772180228814,0.10298486880911265,0.02466017522591201,0.07458722728634187,0.12456526072726277,0.02490348254313518
2,0.0903917183396426,0.06299361207662764,0.08663190932194671,0.03320974701878963,0.024660729923481707,0.07456085568798923,0.1244911584400722,0.024944006745701477
2,0.07551798453595356,0.04571878938289026,0.058436241209096955,0.08766458174076427,0.024659579536417727,0.07458930711888882,0.12457585495871536,0.02495194455501509
2,0.07664595531541056,0.049058398351051684,0.021358049666098465,0.08475369618747933,0.024666893903064955,0.0745714822706926,0.12454285398139985,0.024963459228605062
3,0.07551798453595356,0.04571878938289026,0.058436241209096955,0.08766458174076427,0.024600463829587495,0.0744625923703781,0.1244139580099638,0.17439711448575104
3,0.0903917183396426,0.06299361207662764,0.08663190932194671,0.03320974701878963,0.024585062582226404,0.07448415781758981,0.12442390870487763,0.17436830217724397
3,0.07446611074864022,0.033252113606224404,0.06336714324146843,0.07934822345141368,0.02458778787706628,0.07444078700668348,0.12431210465871302,0.174268448525155
3,0.06782729907247471,0.05754810502422267,0.061449170699577414,0.08119703169735898,0.024585718375770674,0.07447825330626477,0.12445812325090956,0.17436280157237039
1,0.06782729907247471,0.05754810502422267,0.061449170699577414,0.08119703169735898,0.02475399581120868,0.07465968549015202,0.024963459228605062,0.024963459228605062
1,0.11328950178050022,0.04120761564082559,0.0672795076562262,0.09570393142415237,0.024753769715008502,0.07470211357269019,0.024859098558408746,0.024908841178078223
1,0.13102752203216214,0.048797904761740424,0.08114880266390684,0.08013829140564177,0.024753949617842483,0.07457735134587802,0.02490801244764523,0.024963459228605062
2,0.11671126088668621,0.044425906469777066,0.07292434781135104,0.11301693399083226,0.024659212576125147,0.07455975585250514,0.12454395401987964,0.024908841178078223
2,0.08458491335986539,0.033160751625782726,0.08385780816503666,0.09752867858913798,0.02466132121243927,0.07448099919210364,0.12438199490738394,0.024963459228605062
2,0.057828897738617505,0.05491461032724676,0.08402432429466708,0.10689498989206773,0.02466265377724526,0.07434510388885601,0.12415062207377771,0.024963459228605062
3,0.08069549913563207,0.05634912424755972,0.06610949260975367,0.06839983835306537,0.024594460133457872,0.07433446550767538,0.12413774213523082,0.1740468186941797
3,0.05567771295000566,0.04468951543783817,0.086626884711599,0.08494298949150605,0.024583598136980224,0.07444166739119404,0.1244035518504459,0.17438740366469185
3,0.1316416813459884,0.05806323698682186,0.057796308516097385,0.1088031313950151,0.02459212261026736,0.07418159654692305,0.12384861577347783,0.17372140389112808
1,0.10520265215158967,0.05855974728512683,0.08934446938981794,0.09425461897597931,0.02475402088478571,0.07469951799261305,0.024949523788846212,0.024963459228605062
1,0.05567771295000566,0.04468951543783817,0.086626884711599,0.08494298949150605,0.02475373559400521,0.07470245638037726,0.024963459228605062,0.024949523788846212
1,0.07551798453595356,0.04571878938289026,0.058436241209096955,0.08766458174076427,0.024753741645019638,0.07470238978398688,0.02495194455501509,0.024963459228605062
1,0.07155381926033712,0.050432643999682246,0.06048704058573156,0.07682593383691681,0.024755313631277125,0.07456552393410666,0.024736506110345516,0.024956281676452616
2,0.06782729907247471,0.05754810502422267,0.061449170699577414,0.08119703169735898,0.024659136836525635,0.07459193853918861,0.12450389910130202,0.024963459228605062
2,0.06783347193439297,0.07720619455269163,0.09472155664150168,0.05995304708381649,0.02466912900188581,0.0743283218461006,0.12412025484593024,0.024956281676452616
2,0.05800995057089634,0.05849608358031483,0.06677909686602099,0.05475688351234692,0.02466003110655906,0.07455642936577424,0.12443470834417297,0.024963459228605062
2,0.10520265215158967,0.05855974728512683,0.08934446938981794,0.09425461897597931,0.02466070154443439,0.07455811292610637,0.12454513017921591,0.024949523788846212
3,0.08458491335986539,0.033160751625782726,0.08385780816503666,0.09752867858913798,0.02458379280456045,0.07448242914920432,0.12430527659829611,0.17421259430893357
3,0.07698761319322597,0.04250828221998787,0.07653353977188944,0.0905146249059892,0.024614930047732526,0.07417127378234302,0.1237808091371029,0.17367124130637854
3,0.05800995057089634,0.05849608358031483,0.06677909686602099,0.05475688351234692,0.024587449245925284,0.07443467347776116,0.12441203074839301,0.1743027503496005
3,0.08334330223078361,0.07877661479331394,0.056809394041640336,0.11461861461573072,0.024584409381960586,0.07443633268699253,0.12420688759037295,0.17408799012820475
1,0.08334330223078361,0.07877661479331394,0.056809394041640336,0.11461861461573072,0.02475375228257965,0.07461152293239108,0.024963459228605062,0.024695042884776208
1,0.08978388618898263,0.046840062912570576,0.09787309383743728,0.08250635122239472,0.024753591972154272,0.07470391372634197,0.02494864747633274,0.024963459228605062
1,0.07551798453595356,0.04571878938289026,0.058436241209096955,0.08766458174076427,0.024753687009724565,0.07470294936250227,0.024963459228605062,0.024963459228605062
1,0.07309955196809215,0.04616191910854029,0.09272282885631086,0.12524104779465287,0.024753946043393052,0.07470028275894759,0.024695042884776204,0.024664154774352322
1,0.11328950178050022,0.04120761564082559,0.0672795076562262,0.09570393142415237,0.02475404997770023,0.07469925091472479,0.024859098558408746,0.024908841178078223
2,0.07309955196809215,0.04616191910854029,0.09272282885631086,0.12524104779465287,0.024659046252812695,0.0744003921192379,0.12426290252482972,0.024695042884776208
2,0.11671126088668621,0.044425906469777066,0.07292434781135104,0.11301693399083226,0.02466420987532442,0.07455185340303579,0.12450329209287,0.024908841178078223
2,0.11792735666473718,0.030897807120255708,0.07480359697792625,0.08831747941850658,0.02466408674478757,0.07459143765753115,0.12451203714139926,0.024963459228605062
2,0.09403580081149022,0.04386770844155865,0.06845501288435135,0.08991356281768238,0.02465968899713521,0.07457874144202485,0.12454602172042376,0.024664154774352322
2,0.06782729907247471,0.05754810502422267,0.061449170699577414,0.08119703169735898,0.02466111912231609,0.07457720938741547,0.1244705916484778,0.024963459228605062
3,0.08458491335986539,0.033160751625782726,0.08385780816503666,0.09752867858913798,0.024587372795098768,0.07448499834028945,0.12430117617775988,0.17421998537089448
3,0.09403580081149022,0.04386770844155865,0.06845501288435135,0.08991356281768238,0.02458346126281806,0.07423736575841199,0.12397773452229409,0.17394378758698248
3,0.07664595531541056,0.049058398351051684,0.021358049666098465,0.08475369618747933,0.024602044702640317,0.07445695518912918,0.1242884800990792,0.17427449670090492
3,0.05567771295000566,0.04468951543783817,0.086626884711599,0.08494298949150605,0.024597733858964008,0.07443248040045698,0.12434843741193448,0.17431164324181891
3,0.07676664913292928,0.016168119658161666,0.05715176200415741,0.08868057094904426,0.024585077476065576,0.07443678192240938,0.1243646100379498,0.17429704330367904
1,0.05567771295000566,0.04468951543783817,0.086626884711599,0.08494298949150605,0.024753924245160163,0.07470050888549973,0.024963459228605062,0.024949523788846212
1,0.07551798453595356,0.04571878938289026,0.058436241209096955,0.08766458174076427,0.02475369294345417,0.07470288823664359,0.02495194455501509,0.024963459228605062
1,0.10520265215158967,0.05855974728512683,0.08934446938981794,0.09425461897597931,0.024753754404297897,0.07471782287558008,0.024949523788846212,0.024963459228605062
1,0.08069549913563207,0.05634912424755972,0.06610949260975367,0.06839983835306537,0.024754110045441438,0.07469857539146656,0.024771662742252145,0.024944006745701477
2,0.10520265215158967,0.05855974728512683,0.08934446938981794,0.09425461897597931,0.02466022433937465,0.07456097153646657,0.12454528069635688,0.024949523788846212
2,0.09236791196809929,0.04557703461672829,0.0929141808184504,0.0988348370070703,0.024660563671448244,0.07455380690585393,0.12452215989458311,0.024944006745701477
2,0.06782729907247471,0.05754810502422267,0.061449170699577414,0.08119703169735898,0.024660574941222823,0.07458425507253025,0.12448581847973578,0.024963459228605062
2,0.05800995057089634,0.05849608358031483,0.06677909686602099,0.05475688351234692,0.024660501248304764,0.07458979112482458,0.12446063540821332,0.024963459228605062
3,0.08334330223078361,0.07877661479331394,0.056809394041640336,0.11461861461573072,0.024587022641300655,0.074482586575253,0.12424256289046565,0.17410926845114014
3,0.05800995057089634,0.05849608358031483,0.06677909686602099,0.05475688351234692,0.02458715273085755,0.07444283760226936,0.12441143720172897,0.17428873102746534
3,0.08458491335986539,0.033160751625782726,0.08385780816503666,0.09752867858913798,0.024587584471178602,0.07448391411355822,0.12435291659165816,0.17425983458192545
3,0.034782719925368376,0.04923935917496234,0.09883772180228814,0.10298486880911265,0.02459310042330528,0.07444136246455876,0.12436586925777957,0.17421959324927927
1,0.11328950178050022,0.04120761564082559,0.0672795076562262,0.09570393142415237,0.024753817490980736,0.07470161434430805,0.024859098558408746,0.024908841178078223
1,0.10263993273337328,0.07040668044984771,0.06954679256587754,0.08304022039811984,0.024753979405708757,0.07469995528273896,0.024910451363799737,0.024846810062109932
1,0.04338098476728875,0.0777664553523437,0.05539969642390499,0.03254340135505561,0.02475401031747185,0.07468810804819724,0.02489600186949127,0.024939190539678517
2,0.11671126088668621,0.044425906469777066,0.07292434781135104,0.11301693399083226,0.024660596958548046,0.07455924473773398,0.12452988311882962,0.024908841178078223
2,0.0798110858422071,0.10162147436811086,0.07989528290934439,0.07863020707991306,0.024664116239411824,0.07452962119301886,0.12443679460654085,0.024939190539678517
2,0.05655649558472581,0.08533894312629074,0.05148555226606126,0.06946276334529114,0.024660922905881625,0.0745550485086267,0.1245400387064307,0.024846810062109932
3,0.05567771295000566,0.04468951543783817,0.086626884711599,0.08494298949150605,0.024592694567606464,0.07444129084729133,0.12437768893822418,0.17431643997765317
3,0.04837787250003971,0.0497291127899379,0.09446749629520843,0.06866620134910904,0.02460418642966102,0.07440246128706725,0.12421618692823626,0.17407499778862864
3,0.06319149029740667,0.04515084719032368,0.05656802335559808,0.0843350797142153,0.024585301630988057,0.07443574341483095,0.12440907132447791,0.1743951651884313
1,0.10263993273337328,0.07040668044984771,0.06954679256587754,0.08304022039811984,0.024754898183450613,0.0746902388600715,0.024910451363799737,0.024846810062109932
1,0.07676664913292928,0.016168119658161666,0.05715176200415741,0.08868057094904426,0.024753621409931006,0.07469539936925476,0.02489600186949127,0.024939190539678517
1,0.034782719925368376,0.04923935917496234,0.09883772180228814,0.10298486880911265,0.024753751560432573,0.07470228878971087,0.0249273307188231,0.024944006745701477
2,0.05655649558472581,0.08533894312629074,0.05148555226606126,0.06946276334529114,0.024663354044289598,0.07454009252205723,0.12453665817331576,0.024846810062109932
2,0.04338098476728875,0.0777664553523437,0.05539969642390499,0.03254340135505561,0.024659866014478705,0.07454689896139907,0.1244727320711509,0.024939190539678517
2,0.0903917183396426,0.06299361207662764,0.08663190932194671,0.03320974701878963,0.02465912263632932,0.07458773940701867,0.12453204223604225,0.024944006745701477
3,0.06319149029740667,0.04515084719032368,0.05656802335559808,0.0843350797142153,0.024593746242622252,0.07442943312754001,0.12440432929614961,0.17430370502718015
3,0.07446611074864022,0.033252113606224404,0.06336714324146843,0.07934822345141368,0.024584411142472607,0.07444018441289545,0.12433411769514408,0.17426929619256373
3,0.0798110858422071,0.10162147436811086,0.07989528290934439,0.07863020707991306,0.0245858124673995,0.07446516087824012,0.1243312007793072,0.1742820438539137
1,0.07309955196809215,0.04616191910854029,0.09272282885631086,0.12524104779465287,0.024754159609012588,0.07469805472566374,0.024695042884776204,0.024664154774352322
1,0.10263993273337328,0.07040668044984771,0.06954679256587754,0.08304022039811984,0.024754626606950398,0.0747109062753403,0.024910451363799737,0.024846810062109932
1,0.10520265215158967,0.05855974728512683,0.08934446938981794,0.09425461897597931,0.02475384186485951,0.07470136493251475,0.024949523788846212,0.024963459228605062
1,0.11328950178050022,0.04120761564082559,0.0672795076562262,0.09570393142415237,0.024753678361073502,0.07470304355034106,0.024859098558408746,0.024908841178078223
1,0.07203246299521636,0.04363957710651072,0.08640557874616046,0.10113595286522785,0.02475385686699289,0.074701217630793,0.024963459228605062,0.024937852492380005
1,0.06750851556496003,0.05880877559946093,0.09293879316876974,0.10403585332119318,0.024753821557225483,0.07470158258538491,0.02491491722526831,0.024963459228605062
2,0.05558405807243971,0.04336259627411848,0.04820460893072083,0.11861551700870457,0.024659253023611192,0.07456008601931938,0.12452982150806592,0.024937852492380005
2,0.09403580081149022,0.04386770844155865,0.06845501288435135,0.08991356281768238,0.02466061732642747,0.07455304520698486,0.12451995074288552,0.024664154774352322
2,0.05800995057089634,0.05849608358031483,0.06677909686602099,0.05475688351234692,0.02466062765510302,0.07455633057700335,0.12442969997756713,0.024963459228605062
2,0.11671126088668621,0.044425906469777066,0.07292434781135104,0.11301693399083226,0.02465956162668391,0.0745612349232168,0.12453790701055996,0.024908841178078223
2,0.12152679011284744,0.04466471338916164,0.11769158296507556,0.10110489236647137,0.024663712111420006,0.07456024005941175,0.12450911082894765,0.024963459228605062
2,0.05655649558472581,0.08533894312629074,0.05148555226606126,0.06946276334529114,0.024662300314554426,0.07457557124396623,0.12456715363545479,0.024846810062109932
3,0.11191482454173302,0.07444081545336262,0.08595159797548281,0.08272502594069915,0.024584180813538983,0.07444047996009391,0.12438289451956866,0.1743324615584411
3,0.06319149029740667,0.04515084719032368,0.05656802335559808,0.0843350797142153,0.02459585966162224,0.0744774049511718,0.12444275109667666,0.17434408053133893
3,0.08334330223078361,0.07877661479331394,0.056809394041640336,0.11461861461573072,0.024595271313462043,0.07443335367223822,0.12420085002483931,0.17393583789155886
3,0.07676664913292928,0.016168119658161666,0.05715176200415741,0.08868057094904426,0.02458629255265111,0.0744326460726828,0.12436304476842391,0.17429506566202943
3,0.05567771295000566,0.04468951543783817,0.086626884711599,0.08494298949150605,0.024585545721975376,0.07444318574162503,0.12439462785544508,0.1743692737139605
3,0.07419733748170723,0.0464391303164565,0.05450690675309395,0.07003013906907093,0.024596235890917553,0.07444547175727505,0.12435951440199015,0.17433314433103905
1,0.09191446355418469,0.0878192298293031,0.06628861289204549,0.08040526539679868,0.024753706215641512,0.07470275712794239,0.024963459228605062,0.0248997446366402
1,0.10520265215158967,0.05855974728512683,0.08934446938981794,0.09425461897597931,0.02475384316326176,0.07470135057224708,0.024949523788846212,0.024963459228605062
1,0.06750851556496003,0.05880877559946093,0.09293879316876974,0.10403585332119318,0.024753734923789513,0.0747024584828167,0.02491491722526831,0.024963459228605062
1,0.07203246299521636,0.04363957710651072,0.08640557874616046,0.10113595286522785,0.024753816774507283,0.07470162746273191,0.024963459228605062,0.024937852492380005
1,0.04338098476728875,0.0777664553523437,0.05539969642390499,0.03254340135505561,0.024754043962683825,0.0746877283451985,0.024939190539678517,0.02484812973374448
2,0.12152679011284744,0.04466471338916164,0.11769158296507556,0.10110489236647137,0.024660022069828532,0.07455984831661379,0.12455047461172848,0.024963459228605062
2,0.0798110858422071,0.10162147436811086,0.07989528290934439,0.07863020707991306,0.024665940101133547,0.07452869273659535,0.12441384804297921,0.02484812973374448
2,0.05558405807243971,0.04336259627411848,0.04820460893072083,0.11861551700870457,0.024659978953992325,0.07455886287348831,0.12452478974304405,0.024937852492380005
2,0.059055045410690926,0.06546957659410432,0.03960903797631118,0.0962233565064306,0.02465920013212305,0.07456008289322102,0.12451499959964211,0.0248997446366402
2,0.05800995057089634,0.05849608358031483,0.06677909686602099,0.05475688351234692,0.024664198177781874,0.07455436554939739,0.12443329311789056,0.024963459228605062
3,0.04837787250003971,0.0497291127899379,0.09446749629520843,0.06866620134910904,0.02460990490775449,0.07440402670741021,0.12418414644402974,0.17401482881174923
3,0.07419733748170723,0.0464391303164565,0.05450690675309395,0.07003013906907093,0.024589043890845378,0.07443951071148229,0.12442070658399848,0.17437126884757453
3,0.058229998715964695,0.045918921836108684,0.08152275021328265,0.10750570799656184,0.024584740450474256,0.07443759702373222,0.12434674905283268,0.17428316611014708
3,0.11191482454173302,0.07444081545336262,0.08595159797548281,0.08272502594069915,0.024587790807276324,0.07443638226169762,0.12437075235585321,0.17432322217879404
3,0.08334330223078361,0.07877661479331394,0.056809394041640336,0.11461861461573072,0.024595015694452375,0.07443120367782463,0.1241910064946185,0.174107931331845
1,0.04338098476728875,0.0777664553523437,0.05539969642390499,0.03254340135505561,0.024753850028441684,0.07468983572327192,0.024939190539678517,0.02484812973374448
1,0.07309955196809215,0.04616191910854029,0.09272282885631086,0.12524104779465287,0.024753777926127398,0.07470202739419018,0.024695042884776204,0.024664154774352322
1,0.05655621756444243,0.06052527813436152,0.05146500480898421,0.06892781966281519,0.024754107048165615,0.07469866587102841,0.02483206992253519,0.024963459228605062
1,0.09191446355418469,0.0878192298293031,0.06628861289204549,0.08040526539679868,0.024754154571588374,0.07469811370524049,0.024963459228605062,0.0248997446366402
1,0.06750851556496003,0.05880877559946093,0.09293879316876974,0.10403585332119318,0.0247542696641197,0.07469689213986523,0.02491491722526831,0.024963459228605062
1,0.10263993273337328,0.07040668044984771,0.06954679256587754,0.08304022039811984,0.024754764595076088,0.07469162465625609,0.024910451363799737,0.024846810062109932
2,0.059055045410690926,0.06546957659410432,0.03960903797631118,0.0962233565064306,0.024660374407084296,0.07455363430900533,0.12451498636548977,0.0248997446366402
2,0.09403580081149022,0.04386770844155865,0.06845501288435135,0.08991356281768238,0.024660370311716626,0.0745586855243081,0.12451333338142173,0.024664154774352322
2,0.05655649558472581,0.08533894312629074,0.05148555226606126,0.06946276334529114,0.02466908084277201,0.07453668944908082,0.12447962592115294,0.024846810062109932
2,0.0798110858422071,0.10162147436811086,0.07989528290934439,0.07863020707991306,0.024661945901312297,0.07453379641704025,0.12445656097623833,0.02484812973374448
2,0.12152679011284744,0.04466471338916164,0.11769158296507556,0.10110489236647137,0.02466154930632175,0.07455358382792208,0.12454244011943791,0.024963459228605062
2,0.056005974899841784,0.06606092389233936,0.06917038191202171,0.07951632709373731,0.024659368208029536,0.07455830584175599,0.12454602786603415,0.024963459228605062
3,0.06319149029740667,0.04515084719032368,0.05656802335559808,0.0843350797142153,0.024605046724278237,0.07441650879637035,0.1243292481085034,0.1743091855666506
3,0.07676664913292928,0.016168119658161666,0.05715176200415741,0.08868057094904426,0.024591525429826386,0.07444521821953126,0.12434784553988971,0.1742222793856356
3,0.10514539838335597,0.05007377733983744,0.11922199949694534,0.048384808070978,0.02458367698755209,0.07443999075691879,0.1244063541699481,0.17437706285343554
3,0.04837787250003971,0.0497291127899379,0.09446749629520843,0.06866620134910904,0.024591385528287563,0.07440593753704927,0.12426289790248454,0.17418755252557994
3,0.058229998715964695,0.045918921836108684,0.08152275021328265,0.10750570799656184,0.024587494013848358,0.07442939373834351,0.12435055258859168,0.17429257635076886
3,0.07419733748170723,0.0464391303164565,0.05450690675309395,0.07003013906907093,0.024590055625786547,0.07442973289660118,0.12441474982921058,0.1743696320067372
1,0.10263993273337328,0.07040668044984771,0.06954679256587754,0.08304022039811984,0.0247539776888034,0.07469996631160185,0.024910451363799737,0.024846810062109932
2,0.05655649558472581,0.08533894312629074,0.05148555226606126,0.06946276334529114,0.024664219165881365,0.07455309088773897,0.1245094969061966,0.024846810062109932
3,0.06319149029740667,0.04515084719032368,0.05656802335559808,0.0843350797142153,0.02459492041512804,0.07444174036214675,0.12437882115872882,0.17431627195529376
1,0.059055045410690926,0.06546957659410432,0.03960903797631118,0.0962233565064306,0.024753864663248623,0.07468645495737068,0.024963459228605062,0.0248997446366402
1,0.059055045410690926,0.06546957659410432,0.03960903797631118,0.0962233565064306,0.024753821922051868,0.07468690515450023,0.0248997446366402,0.02488820389111262
1,0.08523942088923935,0.05252838927635101,0.07715105418907582,0.09487557603569235,0.02475406003457122,0.07471557179553694,0.024867540255094897,0.0248744015588419
1,0.10263993273337328,0.07040668044984771,0.06954679256587754,0.08304022039811984,0.024754803306524107,0.0746911840876761,0.024910451363799737,0.024846810062109932
2,0.058229998715964695,0.045918921836108684,0.08152275021328265,0.10750570799656184,0.02466094874598871,0.0745301764930824,0.12445395545450308,0.02488820389111262
2,0.08565971264367886,0.05549701364254569,0.09884773159997369,0.08268808292370299,0.02466136867866532,0.07455293743742901,0.12451190430530847,0.0248744015588419
2,0.058229998715964695,0.045918921836108684,0.08152275021328265,0.10750570799656184,0.024661779520967403,0.07452808517930919,0.12446855246953084,0.0248997446366402
2,0.05655649558472581,0.08533894312629074,0.05148555226606126,0.06946276334529114,0.024663986934237457,0.07454454796561931,0.12452204351288731,0.024846810062109932
3,0.12631937587457764,0.05042471216302684,0.10506729917506394,0.0651469278845773,0.024588984053147498,0.07448050704878795,0.12440865761208057,0.17431519159917275
3,0.06319149029740667,0.04515084719032368,0.05656802335559808,0.0843350797142153,0.024598296646413945,0.07443319019825177,0.12436765757452088,0.1742935366523998
3,0.05655621756444243,0.06052527813436152,0.05146500480898421,0.06892781966281519,0.024592800979633116,0.0743967584592744,0.12424020803537383,0.17420699252716482
3,0.05655621756444243,0.06052527813436152,0.05146500480898421,0.06892781966281519,0.024590634076605934,0.07439929379420274,0.12425434698895406,0.17421113539680494
1,0.07203246299521636,0.04363957710651072,0.08640557874616046,0.10113595286522785,0.02475414548856322,0.07469826991429838,0.024963459228605062,0.024937852492380005
1,0.056005974899841784,0.06606092389233936,0.06917038191202171,0.07951632709373731,0.024753700475310537,0.07470281346548367,0.024963459228605062,0.02495422244719458
1,0.09191446355418469,0.0878192298293031,0.06628861289204549,0.08040526539679868,0.02475649115808184,0.07467207602970598,0.024963459228605062,0.0248997446366402
1,0.09202457320522173,0.04838261787941261,0.046144479398387936,0.10862402530060097,0.024753969955790822,0.07470003655169871,0.024897096676855825,0.024963459228605062
1,0.06750851556496003,0.05880877559946093,0.09293879316876974,0.10403585332119318,0.02475423558893904,0.07469725518381795,0.02491491722526831,0.024963459228605062
2,0.10514539838335597,0.05007377733983744,0.11922199949694534,0.048384808070978,0.024659980005189177,0.07456144412526432,0.12452299888031036,0.02495422244719458
2,0.12152679011284744,0.04466471338916164,0.11769158296507556,0.10110489236647137,0.02466160099945692,0.07455634466559914,0.12453668772084983,0.024963459228605062
2,0.07224795340683557,0.047810557191234414,0.08164924729517489,0.037196938520172244,0.024661682602123775,0.0745535488890785,0.12453341541690237,0.024963459228605062
2,0.05558405807243971,0.04336259627411848,0.04820460893072083,0.11861551700870457,0.02466081624889879,0.07455419573135988,0.12452329850020387,0.024937852492380005
2,0.059055045410690926,0.06546957659410432,0.03960903797631118,0.0962233565064306,0.024677599970509015,0.07449813532856714,0.12437358891461553,0.0248997446366402
3,0.07419733748170723,0.0464391303164565,0.05450690675309395,0.07003013906907093,0.024590932921270243,0.07444152674813075,0.1243933712310939,0.17435556010299186
3,0.11191482454173302,0.07444081545336262,0.08595159797548281,0.08272502594069915,0.024590895847659746,0.07443190809926746,0.12436253561251935,0.17430473222013568
3,0.04917807383376145,0.055603014040518296,0.0806312274717547,0.034387216269852576,0.024589855566430972,0.07444862256417731,0.12435822147005615,0.17430245085429288
3,0.09638835629697777,0.0355837832117294,0.06377188326429999,0.0977524300081315,0.02458874405878848,0.07443124585499768,0.12438687636829023,0.17436116739945995
3,0.058229998715964695,0.045918921836108684,0.08152275021328265,0.10750570799656184,0.024620878337067584,0.07436665571177045,0.12415222189760906,0.1741063956557669
1,0.06750851556496003,0.05880877559946093,0.09293879316876974,0.10403585332119318,0.02475388012579559,0.07471761814850926,0.02491491722526831,0.024963459228605062
1,0.09191446355418469,0.0878192298293031,0.06628861289204549,0.08040526539679868,0.0247546179962683,0.0746931738302247,0.024963459228605062,0.0248997446366402
1,0.05655621756444243,0.06052527813436152,0.05146500480898421,0.06892781966281519,0.024753571587829815,0.07470411928297965,0.02483206992253519,0.024963459228605062
2,0.12152679011284744,0.04466471338916164,0.11769158296507556,0.10110489236647137,0.0246618125439382,0.07456095099396881,0.12452797563911722,0.024963459228605062
2,0.056005974899841784,0.06606092389233936,0.06917038191202171,0.07951632709373731,0.024659072396796718,0.07456284036130015,0.12454200019847408,0.024963459228605062
2,0.059055045410690926,0.06546957659410432,0.03960903797631118,0.0962233565064306,0.024668087517115127,0.07453861154699418,0.12443157771017364,0.0248997446366402
3,0.07419733748170723,0.0464391303164565,0.05450690675309395,0.07003013906907093,0.024593802176650567,0.0744954616107704,0.12443049927732665,0.1743786785308469
3,0.058229998715964695,0.045918921836108684,0.08152275021328265,0.10750570799656184,0.024602962113405256,0.0744198831420762,0.12423001320683971,0.17416093573701677
3,0.10514539838335597,0.05007377733983744,0.11922199949694534,0.048384808070978,0.024584058036390088,0.07444161801079578,0.12441591446155548,0.17435687926019985
1,0.09202457320522173,0.04838261787941261,0.046144479398387936,0.10862402530060097,0.024753970155562775,0.07470003697972519,0.024897096676855825,0.024963459228605062
2,0.07224795340683557,0.047810557191234414,0.08164924729517489,0.037196938520172244,0.024659820714500468,0.0745576868561505,0.12454122766508455,0.024963459228605062
3,0.09638835629697777,0.0355837832117294,0.06377188326429999,0.0977524300081315,0.024585303407284025,0.07443795464215343,0.12440035587693186,0.1743646654470444
1,0.058229998715964695,0.045918921836108684,0.08152275021328265,0.10750570799656184,0.02475355959021447,0.07470424093741494,0.02483206992253519,0.0248997446366402
1,0.07820549552362022,0.023149100718837193,0.0361779375615788,0.08829165396265921,0.024753652499570022,0.07450609138631617,0.024743567096565902,0.02494459428073748
1,0.07224795340683557,0.047810557191234414,0.08164924729517489,0.037196938520172244,0.024753666440232865,0.07470316144682004,0.024963459228605062,0.02495210544460381
1,0.12631937587457764,0.05042471216302684,0.10506729917506394,0.0651469278845773,0.02475366803998037,0.07471703939166069,0.0248744015588419,0.02489509682599775
1,0.08523942088923935,0.05252838927635101,0.07715105418907582,0.09487557603569235,0.02475401051983995,0.07469962417139982,0.024867540255094897,0.0248744015588419
1,0.0641701150286281,0.05029079418370627,0.06519402891028833,0.055036545411657874,0.024753719225848316,0.07470261934690108,0.024963459228605062,0.02486608794323581
2,0.08565971264367886,0.05549701364254569,0.09884773159997369,0.08268808292370299,0.02466204556377388,0.07455364368622054,0.1245031550059483,0.0248744015588419
2,0.09638835629697777,0.0355837832117294,0.06377188326429999,0.0977524300081315,0.024658960649992456,0.07456147954221647,0.12451253100764226,0.02495210544460381
2,0.05655621756444243,0.06052527813436152,0.05146500480898421,0.06892781966281519,0.02465938257489252,0.07456377114824239,0.12453690408946544,0.0248997446366402
2,0.09202457320522173,0.04838261787941261,0.046144479398387936,0.10862402530060097,0.02465940373748026,0.07456206483413799,0.12453883881793683,0.02489509682599775
2,0.05892028688809227,0.052031969500169424,0.0513456121289833,0.05962737337655828,0.024660958107811784,0.07456197714904059,0.12445712378976165,0.02486608794323581
2,0.1332170855252964,0.057088208928475076,0.06333970857528157,0.120797286203809,0.02465959679711003,0.07426431951618552,0.12397516701286442,0.02494459428073748
3,0.06791140211479318,0.039066239814799175,0.03778787684714867,0.08215136607719895,0.024589796201186544,0.07412152989218856,0.1236376546015177,0.17354560833720087
3,0.056005974899841784,0.06606092389233936,0.06917038191202171,0.07951632709373731,0.024586753183107428,0.07444662536070698,0.12439312130940891,0.17435887121561797
3,0.05483029524918423,0.057928823815513335,0.07819849996877551,0.08242036035848274,0.024589525745571213,0.07444391031925705,0.12424611958055938,0.1741506539732822
3,0.07224795340683557,0.047810557191234414,0.08164924729517489,0.037196938520172244,0.02458552217400497,0.07444570926171429,0.12439424948204957,0.17436701765044083
3,0.0641701150286281,0.05029079418370627,0.06519402891028833,0.055036545411657874,0.024583963149314037,0.07443984620179776,0.12437454460213482,0.17432307615965797
3,0.12631937587457764,0.05042471216302684,0.10506729917506394,0.0651469278845773,0.024594359815675513,0.07443207052784982,0.1243313444462077,0.1742625265211796
1,0.10514539838335597,0.05007377733983744,0.11922199949694534,0.048384808070978,0.02475366679778829,0.07470315793235181,0.02495422244719458,0.024963459228605062
1,0.06592330891852494,0.03092759833600309,0.06145149177304834,0.10307558138957774,0.024753626366271948,0.07470356951276409,0.024963459228605062,0.024949722323806055
1,0.09638835629697777,0.0355837832117294,0.06377188326429999,0.0977524300081315,0.02475367798208626,0.07470185409462837,0.02495210544460381,0.024963459228605062
1,0.09202457320522173,0.04838261787941261,0.046144479398387936,0.10862402530060097,0.02475402030482004,0.0746995100713937,0.024897096676855825,0.024963459228605062
2,0.04917807383376145,0.055603014040518296,0.0806312274717547,0.034387216269852576,0.0246590256030094,0.07456147013824867,0.12454006383390694,0.024963459228605062
2,0.09545268191113201,0.0355926301936915,0.08356774408278464,0.1206441118298005,0.024661037823381075,0.07456083152363681,0.1245153117966283,0.024949722323806055
2,0.07224795340683557,0.047810557191234414,0.08164924729517489,0.037196938520172244,0.024660643381867887,0.07455542140857027,0.12453674121855096,0.024963459228605062
2,0.0641701150286281,0.05029079418370627,0.06519402891028833,0.055036545411657874,0.024659828961619206,0.07455735722146536,0.12450388780391805,0.024963459228605062
3,0.08860761886442532,0.04582717819557506,0.08410944008874843,0.08098057414028437,0.024584107495107328,0.07444312966622606,0.12439732557814344,0.17434004287551208
3,0.11405698243666176,0.03049239970079328,0.06717506949516952,0.10308006752195874,0.024592209604373225,0.07444534197474012,0.12435246123011895,0.17428404615632098
3,0.09638835629697777,0.0355837832117294,0.06377188326429999,0.0977524300081315,0.024585724375258293,0.07443609047684678,0.12439906462502505,0.1743748331530274
3,0.05892028688809227,0.052031969500169424,0.0513456121289833,0.05962737337655828,0.024586163053636933,0.07443715930991851,0.12432796886066963,0.17424167855500905
1,0.06791140211479318,0.039066239814799175,0.03778787684714867,0.08215136607719895,0.024753662700512286,0.07470320208497758,0.024494671283443764,0.024963459228605062
1,0.09202457320522173,0.04838261787941261,0.046144479398387936,0.10862402530060097,0.024754267854190232,0.07469691840171695,0.024897096676855825,0.024963459228605062
1,0.15466908734393475,0.04911464538724653,0.07819958228984578,0.09262366478349227,0.024753744477475883,0.07470237371212418,0.024963459228605062,0.024867540255094897
1,0.0641701150286281,0.05029079418370627,0.06519402891028833,0.055036545411657874,0.024753724449275365,0.07471860436479433,0.024963459228605062,0.02486608794323581
1,0.05483029524918423,0.057928823815513335,0.07819849996877551,0.08242036035848274,0.024754844416814758,0.0746724943503509,0.02494127944015904,0.02479225356492103
1,0.04362572811251451,0.04495122936610795,0.06677080964199647,0.08265895410830168,0.024753770508178497,0.07470209391781414,0.02490433800996743,0.024963459228605062
1,0.07820549552362022,0.023149100718837193,0.0361779375615788,0.08829165396265921,0.02475354214262489,0.07450750160184416,0.024743567096565902,0.02494459428073748
2,0.05892028688809227,0.052031969500169424,0.0513456121289833,0.05962737337655828,0.024663532758915564,0.07458838821106814,0.1244914824784286,0.02486608794323581
2,0.08523942088923935,0.05252838927635101,0.07715105418907582,0.09487557603569235,0.024659927270038354,0.07456138025143022,0.1245043681599006,0.024867540255094897
2,0.09211029556477987,0.04950939235387057,0.03218469890531341,0.04852517485728851,0.024662191545379276,0.07451392622285252,0.12440931382269367,0.02479225356492103
2,0.1332170855252964,0.057088208928475076,0.06333970857528157,0.120797286203809,0.024664694600001494,0.0742697181416984,0.1238984632668261,0.02494459428073748
2,0.06592330891852494,0.03092759833600309,0.06145149177304834,0.10307558138957774,0.024659314280754956,0.07456043222454192,0.12454218470277882,0.024963459228605062
2,0.07224795340683557,0.047810557191234414,0.08164924729517489,0.037196938520172244,0.024663705557739942,0.07454678700163864,0.12451725175118662,0.024963459228605062
2,0.05618188391789124,0.06502738722834922,0.08152895071194911,0.10614152730722913,0.024658886305013908,0.07456160673496674,0.1244984118530757,0.024963459228605062
3,0.09638835629697777,0.0355837832117294,0.06377188326429999,0.0977524300081315,0.024593372664946243,0.07442260965321701,0.12436975535727794,0.17433204939351288
3,0.09545268191113201,0.0355926301936915,0.08356774408278464,0.1206441118298005,0.02458571870802114,0.07443997710618168,0.12440175811296313,0.1743520771439975
3,0.08565971264367886,0.05549701364254569,0.09884773159997369,0.08268808292370299,0.024585639392154066,0.07444282911280652,0.12433382638547606,0.17429920280679717
3,0.06791140211479318,0.039066239814799175,0.03778787684714867,0.08215136607719895,0.02460826258034741,0.07423847942563437,0.12363042954828946,0.17355026413328503
3,0.0797091230564642,0.0729725749258047,0.07660373940681028,0.062190556772987696,0.024584199490603927,0.07444895914685128,0.12430583472642984,0.17424124057663892
3,0.07820549552362022,0.023149100718837193,0.0361779375615788,0.08829165396265921,0.024590018142145217,0.0742974460399711,0.12410219997749979,0.17384660918109177
3,0.05483029524918423,0.057928823815513335,0.07819849996877551,0.08242036035848274,0.024594741273068235,0.07447735775995863,0.12425680237019633,0.17421604176018843
1,0.1332170855252964,0.057088208928475076,0.06333970857528157,0.120797286203809,0.0247535335436052,0.07470450265440899,0.02494459428073748,0.024494671283443764
1,0.0641701150286281,0.05029079418370627,0.06519402891028833,0.055036545411657874,0.024753749430257207,0.07470231029725154,0.024963459228605062,0.02486608794323581
1,0.12631937587457764,0.05042471216302684,0.10506729917506394,0.0651469278845773,0.024754060960037114,0.07469908562456222,0.02489509682599775,0.024897096676855825
2,0.09202457320522173,0.04838261787941261,0.046144479398387936,0.10862402530060097,0.024660264094081407,0.07455640539886482,0.12453928275828272,0.024897096676855825
2,0.05892028688809227,0.052031969500169424,0.0513456121289833,0.05962737337655828,0.02466176434805289,0.07455670577491195,0.1244598613698004,0.02486608794323581
2,0.06791140211479318,0.039066239814799175,0.03778787684714867,0.08215136607719895,0.024658886609093145,0.07456306802286411,0.12454190279777612,0.024494671283443764
3,0.05483029524918423,0.057928823815513335,0.07819849996877551,0.08242036035848274,0.024587102783495022,0.07447941471554612,0.12431852157558028,0.17424425355809414
3,0.06592330891852494,0.03092759833600309,0.06145149177304834,0.10307558138957774,0.02458346994265733,0.07444249020212644,0.12440551855973943,0.17438043641035178
3,0.07224795340683557,0.047810557191234414,0.08164924729517489,0.037196938520172244,0.024585600597064165,0.07444009690628943,0.12439849697579987,0.1743747552136526
1,0.09638835629697777,0.0355837832117294,0.06377188326429999,0.0977524300081315,0.024753569462575745,0.07470294918442949,0.02495210544460381,0.024963459228605062
1,0.09545268191113201,0.0355926301936915,0.08356774408278464,0.1206441118298005,0.024753642129826767,0.07470340819441965,0.024949722323806055,0.024963459228605062
1,0.09211029556477987,0.04950939235387057,0.03218469890531341,0.04852517485728851,0.024753577594694227,0.07471966634847532,0.02479225356492103,0.024743567096565902
2,0.07820549552362022,0.023149100718837193,0.0361779375615788,0.08829165396265921,0.024659069872401948,0.07456280322034074,0.12431049952431968,0.024743567096565902
2,0.0641701150286281,0.05029079418370627,0.06519402891028833,0.055036545411657874,0.024659972766859974,0.0745584817266986,0.12451736012827894,0.024963459228605062
2,0.11405698243666176,0.03049239970079328,0.06717506949516952,0.10308006752195874,0.0246601671660232,0.07456129004284467,0.12451416507936992,0.024963459228605062
3,0.1332170855252964,0.057088208928475076,0.06333970857528157,0.120797286203809,0.024583616943852887,0.07444372203071706,0.12404750449621102,0.17373068459623225
3,0.04362572811251451,0.04495122936610795,0.06677080964199647,0.08265895410830168,0.024587308302324404,0.07444382983405437,0.12434964635597323,0.17433204748967662
3,0.05892028688809227,0.052031969500169424,0.0513456121289833,0.05962737337655828,0.024586016292973033,0.0744399771352128,0.12433535900042147,0.1742189722049238
1,0.05618188391789124,0.06502738722834922,0.08152895071194911,0.10614152730722913,0.02475507429557359,0.07467340270071875,0.024963459228605062,0.02494730847581543
1,0.06208843217386492,0.05147789878443094,0.031394644134567974,0.10266658928615822,0.024754157419206765,0.07469066703577772,0.02484112246223375,0.024963459228605062
1,0.05483029524918423,0.057928823815513335,0.07819849996877551,0.08242036035848274,0.02475478437277689,0.07463746389800985,0.02494127944015904,0.02479225356492103
2,0.0797091230564642,0.0729725749258047,0.07660373940681028,0.062190556772987696,0.024671091882553984,0.07449928152669283,0.12437904794432396,0.02494730847581543
2,0.09211029556477987,0.04950939235387057,0.03218469890531341,0.04852517485728851,0.02466413743425046,0.07443990081171606,0.12434244161351256,0.02479225356492103
2,0.08138981795655714,0.03854335954820764,0.06776828932141236,0.040919989938724526,0.024661502590109376,0.07453702999880042,0.12448178522885978,0.024963459228605062
3,0.07820549552362022,0.023149100718837193,0.0361779375615788,0.08829165396265921,0.024591906754061418,0.07435655125961768,0.12417473849358111,0.17392752278002285
3,0.12001859461553697,0.06640342060970623,0.03998987867911344,0.04907595955538376,0.024592615712418175,0.07440673149633527,0.12429943903533666,0.17420270641326463
3,0.07526688553017365,0.06831910705364587,0.05745165939174336,0.08932913744920784,0.024622932739532335,0.07436471084643609,0.12413393135885875,0.1739135896101252
1,0.08005722949861013,0.027854102435822328,0.03268194984048193,0.035639604513389114,0.024753515450860783,0.07470468348668446,0.024813834119645932,0.02484112246223375
1,0.09545268191113201,0.0355926301936915,0.08356774408278464,0.1206441118298005,0.024753671026787542,0.07470311218620923,0.024494671283443764,0.024963459228605062
1,0.07439054717981951,0.04220823488128826,0.060926662882696624,0.06614594035803062,0.024753883209703766,0.07470093656834922,0.02486041959692896,0.02493423473787688
1,0.06592330891852494,0.03092759833600309,0.06145149177304834,0.10307558138957774,0.024753846669204518,0.07470131772157136,0.024494671283443764,0.024963459228605062
1,0.049410451245368095,0.06869364071209662,0.10345932721621098,0.03232217783238155,0.02475419228201091,0.0746753609233433,0.024907320488520204,0.02480466445394022
2,0.06208843217386492,0.05147789878443094,0.031394644134567974,0.10266658928615822,0.02465891706545268,0.074562501391777,0.12450510385993595,0.02484112246223375
2,0.11899066753686673,0.053899055872746106,0.06099698644626193,0.08363316346997715,0.02466074905934128,0.07451197113193242,0.12444153303028242,0.02480466445394022
2,0.09545268191113201,0.0355926301936915,0.08356774408278464,0.1206441118298005,0.024661117373458396,0.0745566545169318,0.1245118296206865,0.024963459228605062
2,0.03189867481585444,0.03898594410009996,0.05573236976008052,0.043376219483533304,0.024659398645994077,0.07455886472526982,0.12450509585829506,0.02493423473787688
2,0.11405698243666176,0.03049239970079328,0.06717506949516952,0.10308006752195874,0.02465985152061001,0.07456114726003849,0.12452937220842492,0.024963459228605062
3,0.08138981795655714,0.03854335954820764,0.06776828932141236,0.040919989938724526,0.024588719860407213,0.07444614621173301,0.12433013145050278,0.17418129519415437
3,0.11405698243666176,0.03049239970079328,0.06717506949516952,0.10308006752195874,0.024588547118793356,0.0744678011523125,0.12439862213012509,0.17435774121327965
3,0.04362572811251451,0.04495122936610795,0.06677080964199647,0.08265895410830168,0.024586321651054385,0.07444569032158503,0.12437906457940148,0.17435232609864584
3,0.08005722949861013,0.027854102435822328,0.03268194984048193,0.035639604513389114,0.02458742400631133,0.07438089489826726,0.12423064744138529,0.1741510523159434
3,0.07160637393172642,0.07384502796082397,0.057800698861359884,0.07438135422045193,0.0245863278783056,0.0744355092532459,0.12433296202219893,0.17425057731079432
1,0.07359755140616406,0.04827853613957315,0.08241894772483213,0.08461337786211136,0.024754471883316143,0.07469478294974137,0.02484852529457073,0.02493927639726411
1,0.06592330891852494,0.03092759833600309,0.06145149177304834,0.10307558138957774,0.02475380918014248,0.07470170402543828,0.024949722323806055,0.024494671283443764
1,0.12001859461553697,0.06640342060970623,0.03998987867911344,0.04907595955538376,0.02475427216607471,0.074696915381218,0.02485041911329511,0.02486041959692896
1,0.06208843217386492,0.05147789878443094,0.031394644134567974,0.10266658928615822,0.024753848092465502,0.07469394123907379,0.02484112246223375,0.024963459228605062
1,0.11899066753686673,0.053899055872746106,0.06099698644626193,0.08363316346997715,0.024754285223996267,0.07468556953088692,0.02480466445394022,0.02490433800996743
2,0.07439054717981951,0.04220823488128826,0.060926662882696624,0.06614594035803062,0.024660621031880145,0.07455515412066686,0.12452582731754161,0.02486041959692896
2,0.08005722949861013,0.027854102435822328,0.03268194984048193,0.035639604513389114,0.02466119871533946,0.07452900496509786,0.1244745795420032,0.02490433800996743
2,0.09854705681799528,0.03477990823565949,0.037091958740098255,0.15101995380205252,0.024661823292253627,0.07454872772862166,0.12445383252339984,0.02493927639726411
2,0.08138981795655714,0.03854335954820764,0.06776828932141236,0.040919989938724526,0.024659730916659007,0.0745437239699351,0.12449021558149755,0.024963459228605062
2,0.09545268191113201,0.0355926301936915,0.08356774408278464,0.1206441118298005,0.024660346428539606,0.07455908231490714,0.1245160895790505,0.024494671283443764
3,0.12001859461553697,0.06640342060970623,0.03998987867911344,0.04907595955538376,0.02458727332427849,0.0744151205702392,0.12434431847822915,0.17426843094795066
3,0.03189867481585444,0.03898594410009996,0.05573236976008052,0.043376219483533304,0.024584787548557006,0.07443954194774934,0.1243756401624652,0.17432404249715508
3,0.06208843217386492,0.05147789878443094,0.031394644134567974,0.10266658928615822,0.024592899438204047,0.07439878193806614,0.12428178299833342,0.17415469194000813
3,0.11405698243666176,0.03049239970079328,0.06717506949516952,0.10308006752195874,0.02458693243725483,0.07443930728451617,0.12435392909214141,0.1743299809967147
3,0.03424273986884447,0.03665045423923624,0.07226415600117846,0.06626891579969359,0.02458717647096836,0.07443094700406833,0.12429475861547408,0.17414776719699743
1,0.11380851463934093,0.044634661308316725,0.08738345185062771,0.07885012079705817,0.0247539443237682,0.07470032353251063,0.024747905727245098,0.024719923082588323
1,0.0797091230564642,0.0729725749258047,0.07660373940681028,0.062190556772987696,0.024754165423672883,0.07469799286867015,0.024833281383896493,0.024963459228605062
1,0.08138981795655714,0.03854335954820764,0.06776828932141236,0.040919989938724526,0.024753942538917474,0.0746968912626214,0.024963459228605062,0.02485041911329511
2,0.07526688553017365,0.06831910705364587,0.05745165939174336,0.08932913744920784,0.02466076057834791,0.07455378342944283,0.12448122847120634,0.024963459228605062
2,0.12001859461553697,0.06640342060970623,0.03998987867911344,0.04907595955538376,0.024659754014562194,0.07455208040120305,0.12449917687798323,0.02485041911329511
2,0.0982516577095086,0.07121591380286321,0.051508167835473184,0.08681659828567474,0.024661890983879425,0.07455491631689662,0.1245129362683461,0.024719923082588323
3,0.07439054717981951,0.04220823488128826,0.060926662882696624,0.06614594035803062,0.024586058708159858,0.0744325492058417,0.12431801268678729,0.17427631287315676
3,0.08813495325467832,0.06857047999819416,0.08167512968695174,0.12073251131815714,0.024589001371834292,0.074435658708983,0.12435816702960624,0.17434577187288203
3,0.049410451245368095,0.06869364071209662,0.10345932721621098,0.03232217783238155,0.024587970984001336,0.07443124595943913,0.12429142479162752,0.17420281228610968
1,0.03189867481585444,0.03898594410009996,0.05573236976008052,0.043376219483533304,0.024753909307322543,0.07469253731263738,0.02486041959692896,0.02493423473787688
1,0.11899066753686673,0.053899055872746106,0.06099698644626193,0.08363316346997715,0.02475427785339758,0.07468563505542575,0.02480466445394022,0.024813834119645932
1,0.03189867481585444,0.03898594410009996,0.05573236976008052,0.043376219483533304,0.024753956671895977,0.07469203885279047,0.02493423473787688,0.024927013165487923
2,0.07160637393172642,0.07384502796082397,0.057800698861359884,0.07438135422045193,0.02466363032029485,0.07453662076512677,0.1244517476857222,0.024927013165487923
2,0.07160637393172642,0.07384502796082397,0.057800698861359884,0.07438135422045193,0.02466041516956403,0.0745405074616517,0.12450223883517411,0.02493423473787688
2,0.08005722949861013,0.027854102435822328,0.03268194984048193,0.035639604513389114,0.024661610162479128,0.07452955256789463,0.12446855026689783,0.024813834119645932
3,0.07359755140616406,0.04827853613957315,0.08241894772483213,0.08461337786211136,0.024589878954767,0.07441267073748635,0.12433387294852223,0.17427186224098856
3,0.07359755140616406,0.04827853613957315,0.08241894772483213,0.08461337786211136,0.024595664095842552,0.07440780110662075,0.12424838237730199,0.17423877005985047
3,0.06208843217386492,0.05147789878443094,0.031394644134567974,0.10266658928615822,0.024594588051528282,0.07439700854580818,0.1242733330040765,0.17415647272450455
1,0.0982516577095086,0.07121591380286321,0.051508167835473184,0.08681659828567474,0.024754673842487012,0.07469258065852309,0.024719923082588323,0.024921430779279247
1,0.09854705681799528,0.03477990823565949,0.037091958740098255,0.15101995380205252,0.024753706434705158,0.07465249002979694,0.02493927639726411,0.024963459228605062
1,0.05572695102366196,0.06275435409607763,0.05679399781081378,0.07104891698537652,0.0247536044514626,0.07470378863971414,0.024790802635943788,0.024963459228605062
1,0.049410451245368095,0.06869364071209662,0.10345932721621098,0.03232217783238155,0.024754135166715544,0.07467600513025806,0.02480466445394022,0.024963459228605062
2,0.08813495325467832,0.06857047999819416,0.08167512968695174,0.12073251131815714,0.02466498981373373,0.07455605025448572,0.12452954077612316,0.024921430779279247
2,0.03424273986884447,0.03665045423923624,0.07226415600117846,0.06626891579969359,0.024659598223917438,0.07446744498252206,0.12435190066518685,0.024963459228605062
2,0.11899066753686673,0.053899055872746106,0.06099698644626193,0.08363316346997715,0.02466000190476129,0.07451348439151209,0.12444813038257246,0.024963459228605062
2,0.046740480980003,0.04445529186443502,0.06832856352253926,0.0832907976519948,0.024658800237511103,0.0745624126183282,0.12451921070137864,0.024963459228605062
3,0.03936740415441433,0.03605099402278775,0.04572344917987217,0.0884733027450867,0.02459543171573989,0.07444363643022783,0.12439997128053223,0.17439869862092253
3,0.04422456680085782,0.019571227004769095,0.043504976452414496,0.05931681080597055,0.0245835359007217,0.07444283385422823,0.12435451461845581,0.17432367203377455
3,0.08005722949861013,0.027854102435822328,0.03268194984048193,0.035639604513389114,0.02458506781263158,0.07437834252060199,0.12424414842732383,0.17419040607398736
3,0.11380851463934093,0.044634661308316725,0.08738345185062771,0.07885012079705817,0.024586934858228833,0.07431324758647258,0.12409765053115993,0.173969974573881
1,0.12001859461553697,0.06640342060970623,0.03998987867911344,0.04907595955538376,0.024753883406906155,0.0747009442850235,0.024963459228605062,0.02485041911329511
1,0.10501385346726083,0.03970597302254327,0.09999759366384188,0.14205208433323968,0.024755349455496418,0.07468537423742429,0.024926155400777972,0.024963459228605062
1,0.03600294679759943,0.03825105437014084,0.06269084855065168,0.1014914059301632,0.02475390934032951,0.0746688941550928,0.024963459228605062,0.024963459228605062
1,0.06208843217386492,0.05147789878443094,0.031394644134567974,0.10266658928615822,0.024754449948360815,0.07468749402521233,0.02484112246223375,0.024963459228605062
1,0.0982516577095086,0.07121591380286321,0.051508167835473184,0.08681659828567474,0.024754418345289866,0.0746953331478315,0.024719923082588323,0.024921430779279247
1,0.12001859461553697,0.06640342060970623,0.03998987867911344,0.04907595955538376,0.02475354141296756,0.07470442319941084,0.02485041911329511,0.02486041959692896
1,0.0982516577095086,0.07121591380286321,0.051508167835473184,0.08681659828567474,0.02475421172105617,0.07469753737464463,0.024719923082588323,0.024921430779279247
2,0.07439054717981951,0.04220823488128826,0.060926662882696624,0.06614594035803062,0.024659406675659166,0.07455861985050838,0.12454365809248434,0.02485041911329511
2,0.08138981795655714,0.03854335954820764,0.06776828932141236,0.040919989938724526,0.02466387465374565,0.07453372536353449,0.12445848439066226,0.024963459228605062
2,0.0546171672770202,0.05621638871288566,0.04867497410228773,0.06414802316230918,0.02466009721994198,0.07449882534065062,0.12441467166187152,0.024963459228605062
2,0.06861168635651861,0.0595208709713089,0.06455871569789684,0.10784459789155693,0.024668294942637174,0.07453008725594269,0.12447718295144815,0.024963459228605062
2,0.08813495325467832,0.06857047999819416,0.08167512968695174,0.12073251131815714,0.024663681481829,0.07454904527340127,0.12451414785171233,0.024921430779279247
2,0.07439054717981951,0.04220823488128826,0.060926662882696624,0.06614594035803062,0.024660147222771624,0.07456669495112667,0.1245112357366421,0.02486041959692896
2,0.08813495325467832,0.06857047999819416,0.08167512968695174,0.12073251131815714,0.02466590064844907,0.07454374687867198,0.12449704620434564,0.024921430779279247
3,0.06998251994309122,0.030194579108658078,0.025204540238317648,0.08890415918198306,0.02459888762346779,0.07440700337732359,0.12430331145638183,0.17426795739851478
3,0.12001859461553697,0.06640342060970623,0.03998987867911344,0.04907595955538376,0.02459355299574438,0.07446241478833313,0.12431688409144283,0.17424997707375442
3,0.03936740415441433,0.03605099402278775,0.04572344917987217,0.0884733027450867,0.024592273012515507,0.07442777724327196,0.12437094214695545,0.17437626528528652
3,0.03189867481585444,0.03898594410009996,0.05573236976008052,0.043376219483533304,0.02458760404044909,0.07449795440331304,0.12440151914891003,0.1743471200271534
3,0.03936740415441433,0.03605099402278775,0.04572344917987217,0.0884733027450867,0.0246000453753278,0.07442724024776172,0.12434612664699346,0.17431168782235856
3,0.03189867481585444,0.03898594410009996,0.05573236976008052,0.043376219483533304,0.024583733592149964,0.07444163470607071,0.12440223791620561,0.17434155131630671
3,0.05572695102366196,0.06275435409607763,0.05679399781081378,0.07104891698537652,0.02458654064222186,0.07435638272894349,0.12418937141987944,0.1741578656756957
1,0.10068761044217475,0.10183400060111666,0.1063397248370421,0.07034340553372302,0.02475481623396038,0.07469545586351593,0.02491149608290122,0.024805145280278086
1,0.07160637393172642,0.07384502796082397,0.057800698861359884,0.07438135422045193,0.024753839177231802,0.07470138887897698,0.024927013165487923,0.02484852529457073
1,0.07160637393172642,0.07384502796082397,0.057800698861359884,0.07438135422045193,0.02475515705005071,0.0746873006280571,0.024927013165487923,0.02484852529457073
1,0.03600294679759943,0.03825105437014084,0.06269084855065168,0.1014914059301632,0.024753884022947613,0.0746691885331097,0.024963459228605062,0.024963459228605062
1,0.046740480980003,0.04445529186443502,0.06832856352253926,0.0832907976519948,0.02475357530490046,0.07470408214205723,0.024963459228605062,0.024883601536041588
2,0.0546171672770202,0.05621638871288566,0.04867497410228773,0.06414802316230918,0.024660711115189884,0.07449598364537006,0.12443275351984663,0.024963459228605062
2,0.07359755140616406,0.04827853613957315,0.08241894772483213,0.08461337786211136,0.024662831320784194,0.0745412396992146,0.12453037821503272,0.02484852529457073
2,0.07359755140616406,0.04827853613957315,0.08241894772483213,0.08461337786211136,0.024659467449225266,0.07455918817836914,0.12453845228392983,0.02484852529457073
2,0.04422456680085782,0.019571227004769095,0.043504976452414496,0.05931681080597055,0.02465903510820475,0.07456148569911468,0.12454191141873623,0.024883601536041588
2,0.08905143012510412,0.07258296834601355,0.07247931729783517,0.0672613368992868,0.024668446855424197,0.07455760810662727,0.12447958803408357,0.024805145280278086
3,0.06401543466890577,0.033154109042127705,0.06405645559170875,0.05613665342165454,0.024604469932209334,0.07443526165450699,0.1242728053612875,0.17424605007408592
3,0.09854705681799528,0.03477990823565949,0.037091958740098255,0.15101995380205252,0.024584626045737426,0.07443900858300964,0.12439384062274363,0.17429336535865594
3,0.05572695102366196,0.06275435409607763,0.05679399781081378,0.07104891698537652,0.02459024680361698,0.07435144364831688,0.12418939463979667,0.1741178028978901
3,0.09854705681799528,0.03477990823565949,0.037091958740098255,0.15101995380205252,0.02459153161025248,0.0744253568031341,0.1243857105265417,0.1742382555400762
3,0.10501385346726083,0.03970597302254327,0.09999759366384188,0.14205208433323968,0.024583901929544894,0.07443962690877079,0.12440999423967221,0.1743859578121067
1,0.032765132028639725,0.06226935261661161,0.051978583411878984,0.08543198378883783,0.024753892849500143,0.07470083261545295,0.024963459228605062,0.024880957320290102
1,0.07359755140616406,0.04827853613957315,0.08241894772483213,0.08461337786211136,0.024753873982421945,0.07470102806582207,0.02484852529457073,0.02493927639726411
1,0.06861168635651861,0.0595208709713089,0.06455871569789684,0.10784459789155693,0.02475411482726406,0.0746985196846787,0.024963459228605062,0.024930849964042306
1,0.046740480980003,0.04445529186443502,0.06832856352253926,0.0832907976519948,0.024753523798661466,0.07470459995330804,0.024963459228605062,0.024883601536041588
2,0.06998251994309122,0.030194579108658078,0.025204540238317648,0.08890415918198306,0.024661853177116177,0.07455439729881436,0.1244661359505194,0.024930849964042306
2,0.09854705681799528,0.03477990823565949,0.037091958740098255,0.15101995380205252,0.024660250389188565,0.07458964247708441,0.12448688456418229,0.02493927639726411
2,0.09656922895159306,0.035504993783168445,0.03259797767440462,0.09345449295071523,0.02465986784853707,0.0745573907636306,0.12455389367520386,0.024880957320290102
2,0.04422456680085782,0.019571227004769095,0.043504976452414496,0.05931681080597055,0.024658853406912744,0.07456225510249559,0.12454392081496132,0.024883601536041588
3,0.05822762683909424,0.05752815550490412,0.058114654442777275,0.046138439468304836,0.024585044527676903,0.07443660763251536,0.12442528043781974,0.17431790693702093
3,0.10068761044217475,0.10183400060111666,0.1063397248370421,0.07034340553372302,0.024591837371699763,0.07443278559805357,0.12426471618765213,0.17420585037097303
3,0.03424273986884447,0.03665045423923624,0.07226415600117846,0.06626891579969359,0.024591169887718117,0.07444744759907625,0.12423683560690478,0.17400410057645269
3,0.10501385346726083,0.03970597302254327,0.09999759366384188,0.14205208433323968,0.024584289576631214,0.07444107619042206,0.12440507992264081,0.17436974710600836
1,0.09082817588441065,0.05939165222197028,0.05672421839776513,0.07263670073893025,0.02475401915197435,0.07469953017868572,0.024963459228605062,0.02472183370737998
1,0.08905143012510412,0.07258296834601355,0.07247931729783517,0.0672613368992868,0.024754318053714777,0.0746963946564796,0.024805145280278086,0.024854393933866598
1,0.0982516577095086,0.07121591380286321,0.051508167835473184,0.08681659828567474,0.0247546811524315,0.07469250433804413,0.024921430779279247,0.024747905727245098
1,0.08813495325467832,0.06857047999819416,0.08167512968695174,0.12073251131815714,0.024754709351291235,0.07469224143664827,0.024921430779279247,0.024952372953457192
2,0.03936740415441433,0.03605099402278775,0.04572344917987217,0.0884733027450867,0.024663181048837836,0.0745442593594745,0.12453978565296102,0.024952372953457192
2,0.08979889569565015,0.06445585293776711,0.08489731015718138,0.05178295476390104,0.02466373915161227,0.07455134675823548,0.12449627716266752,0.02472183370737998
2,0.06401543466890577,0.033154109042127705,0.06405645559170875,0.05613665342165454,0.02466162120957688,0.07455048405755227,0.12452019674118119,0.024854393933866598
2,0.08813495325467832,0.06857047999819416,0.08167512968695174,0.12073251131815714,0.024666316831312145,0.07453933775583231,0.1244991551924231,0.024747905727245098
3,0.032765132028639725,0.06226935261661161,0.051978583411878984,0.08543198378883783,0.02458682943250928,0.07442971752561649,0.1243707113250286,0.17433605022772353
3,0.03936740415441433,0.03605099402278775,0.04572344917987217,0.0884733027450867,0.024596957613322066,0.07441937683718097,0.1243571360284559,0.17435623856781202
3,0.09032257401543967,0.046688273971582823,0.11379196427365962,0.06478632843871274,0.024599484592835414,0.07443008746652083,0.12432309871853343,0.17428646955793264
3,0.03600294679759943,0.03825105437014084,0.06269084855065168,0.1014914059301632,0.024588863696449748,0.0744242935147692,0.12441678833409674,0.1743479430754356
1,0.03600294679759943,0.03825105437014084,0.06269084855065168,0.1014914059301632,0.02475376577432246,0.07469580345760317,0.024963459228605062,0.024963459228605062
1,0.0546171672770202,0.05621638871288566,0.04867497410228773,0.06414802316230918,0.024754011989578783,0.07469959604224062,0.024963459228605062,0.024790802635943788
1,0.10068761044217475,0.10183400060111666,0.1063397248370421,0.07034340553372302,0.024756788190861374,0.0746820454954207,0.024805145280278086,0.024930849964042306
2,0.0546171672770202,0.05621638871288566,0.04867497410228773,0.06414802316230918,0.024662577338853468,0.07453946363133723,0.12442177700025503,0.024963459228605062
2,0.08905143012510412,0.07258296834601355,0.07247931729783517,0.0672613368992868,0.0246707569344425,0.07453506128238759,0.12451126167000064,0.024930849964042306
2,0.05572695102366196,0.06275435409607763,0.05679399781081378,0.07104891698537652,0.024664767605895973,0.0745514785157482,0.1244869968098539,0.024790802635943788
3,0.046740480980003,0.04445529186443502,0.06832856352253926,0.0832907976519948,0.024594708094879663,0.07443136088242461,0.12432492730521104,0.17430595566972265
3,0.06401543466890577,0.033154109042127705,0.06405645559170875,0.05613665342165454,0.02460681744297205,0.07441707102556891,0.12436467134577511,0.1743161123560305
3,0.05572695102366196,0.06275435409607763,0.05679399781081378,0.07104891698537652,0.024600586451016444,0.07441731456362581,0.12418232411716992,0.17404609330035342
1,0.032765132028639725,0.06226935261661161,0.051978583411878984,0.08543198378883783,0.02475393495683694,0.07470039831300214,0.024963459228605062,0.024880957320290102
1,0.046740480980003,0.04445529186443502,0.06832856352253926,0.0832907976519948,0.024753757886256545,0.07471767780547778,0.024963459228605062,0.024883601536041588
1,0.05572695102366196,0.06275435409607763,0.05679399781081378,0.07104891698537652,0.024753857047908685,0.0747012213280613,0.024790802635943788,0.024963459228605062
2,0.046740480980003,0.04445529186443502,0.06832856352253926,0.0832907976519948,0.02465951529216593,0.07455853143719632,0.12451821872466509,0.024963459228605062
2,0.09656922895159306,0.035504993783168445,0.03259797767440462,0.09345449295071523,0.024660686851839243,0.07455961757004277,0.12454064335380276,0.024880957320290102
2,0.04422456680085782,0.019571227004769095,0.043504976452414496,0.05931681080597055,0.02465959480787506,0.0745589235825658,0.12453296290625093,0.024883601536041588
3,0.05822762683909424,0.05752815550490412,0.058114654442777275,0.046138439468304836,0.024586724019793227,0.0744454317029748,0.12440569843867888,0.1742982178181187
3,0.10501385346726083,0.03970597302254327,0.09999759366384188,0.14205208433323968,0.02458437572140254,0.07443820184539485,0.12440120901111223,0.1743780949123116
3,0.04422456680085782,0.019571227004769095,0.043504976452414496,0.05931681080597055,0.024584386422986847,0.07443773272744618,0.1243538632187891,0.17432560503091832
1,0.07442317226980785,0.06750783397396655,0.03382541537999095,0.07711730263012972,0.024754293298613724,0.07469665447097719,0.024963459228605062,0.024963459228605062
1,0.07100758962785966,0.040533444533624785,0.10395608256216474,0.03156496109417154,0.024753503802355612,0.07472094437665976,0.024963459228605062,0.02491717996393502
2,0.0557751849156827,0.039116804921438264,0.046187956597715005,0.1605655166701403,0.024660318882113043,0.07455354387364262,0.12454856758595512,0.024963459228605062
2,0.08982549479478182,0.024146887787944823,0.07437136194807788,0.07323781311040095,0.024658806314778157,0.07456239648584974,0.12454227742594853,0.02491717996393502
3,0.10859613362804832,0.01824778718017038,0.1077595054809592,0.0622483800926074,0.024583420847817256,0.07444144560343337,0.1244007694588218,0.17427871721287447
3,0.04897903824785858,0.03354239799606766,0.0775180438678009,0.08046484415116208,0.02458424356109667,0.07443686094124823,0.12441507751327556,0.17440013902421067
1,0.08905143012510412,0.07258296834601355,0.07247931729783517,0.0672613368992868,0.02475412373688577,0.07469845747786083,0.024805145280278086,0.024854393933866598
1,0.032765132028639725,0.06226935261661161,0.051978583411878984,0.08543198378883783,0.024754061030608242,0.07469911000669556,0.024963459228605062,0.024930849964042306
2,0.06401543466890577,0.033154109042127705,0.06405645559170875,0.05613665342165454,0.024660918916105792,0.07455310506757422,0.12451063128275994,0.024854393933866598
2,0.09656922895159306,0.035504993783168445,0.03259797767440462,0.09345449295071523,0.02465982483186926,0.07455672147750796,0.12455526343297289,0.024930849964042306
3,0.05822762683909424,0.05752815550490412,0.058114654442777275,0.046138439468304836,0.024589453541520877,0.07443075952830588,0.1244303017180787,0.17430050533392602
3,0.032765132028639725,0.06226935261661161,0.051978583411878984,0.08543198378883783,0.02458575055647902,0.07443345724615265,0.12434486296284054,0.17430821495410173
1,0.06401543466890577,0.033154109042127705,0.06405645559170875,0.05613665342165454,0.02475370357472975,0.07471913590509277,0.024854393933866598,0.024963459228605062
1,0.0557751849156827,0.039116804921438264,0.046187956597715005,0.1605655166701403,0.02475364220337088,0.07471650475299446,0.024963459228605062,0.024963459228605062
1,0.07356164032144004,0.03836369224109641,0.05954983648509796,0.08975976552539203,0.024753739370309346,0.07470242532155853,0.024944439216120086,0.02470131463194416
2,0.032765132028639725,0.06226935261661161,0.051978583411878984,0.08543198378883783,0.024659299282429367,0.0745847475613693,0.12454298198106864,0.024963459228605062
2,0.08241376921371302,0.03259292083361965,0.07732947799206205,0.04823008417230328,0.02465971357147143,0.07455917926529222,0.12454944419757669,0.02470131463194416
2,0.04897903824785858,0.03354239799606766,0.0775180438678009,0.08046484415116208,0.024659305974236132,0.0745913771964054,0.12458282495615833,0.024963459228605062
3,0.09656922895159306,0.035504993783168445,0.03259797767440462,0.09345449295071523,0.024583519670274417,0.0744420788232044,0.12435071453458978,0.17434583452051652
3,0.044146898690938845,0.05307249371750825,0.061740015249911406,0.0922226143790818,0.02458537539729397,0.07443831249631945,0.12442141213917567,0.1743889246655267
3,0.07442317226980785,0.06750783397396655,0.03382541537999095,0.07711730263012972,0.024587143501007522,0.07443703075555676,0.1244191153461981,0.17438895681469718
1,0.05822762683909424,0.05752815550490412,0.058114654442777275,0.046138439468304836,0.024753715825911585,0.07464042806527273,0.024963459228605062,0.024963459228605062
1,0.0557751849156827,0.039116804921438264,0.046187956597715005,0.1605655166701403,0.024753674577095562,0.07471852047012477,0.024963459228605062,0.024963459228605062
1,0.08708639367975346,0.08332428315335627,0.06515829235961643,0.08927864065865301,0.024754560904741284,0.07469385918654696,0.02495406347047125,0.02493212651625931
1,0.0924947801800699,0.05346868990606829,0.05598087189838991,0.1421133282730621,0.024754107201423063,0.07469213588456525,0.02489165121975545,0.02495406347047125
1,0.09082817588441065,0.05939165222197028,0.05672421839776513,0.07263670073893025,0.02475404364145874,0.07469928147832958,0.02472183370737998,0.024963459228605062
2,0.09082817588441065,0.05939165222197028,0.05672421839776513,0.07263670073893025,0.024661406728903563,0.074445940744992,0.12430905327736469,0.024963459228605062
2,0.06146085066774684,0.04237979557764884,0.06844033699118467,0.04758397619271246,0.024661202552893904,0.07454872201831308,0.12451783271313226,0.02493212651625931
2,0.08862503491692397,0.04650184206654873,0.07170622275419854,0.10894295315390631,0.024659935715760056,0.07454350772885944,0.12450294494460754,0.02495406347047125
2,0.04897903824785858,0.03354239799606766,0.0775180438678009,0.08046484415116208,0.02465918753053899,0.07458912774822397,0.12457217744840839,0.024963459228605062
2,0.08979889569565015,0.06445585293776711,0.08489731015718138,0.05178295476390104,0.02465969281956234,0.07455660823451389,0.12453142976968364,0.024963459228605062
3,0.0924947801800699,0.05346868990606829,0.05598087189838991,0.1421133282730621,0.024585205218867673,0.07443561265123404,0.12435493505306663,0.1742955679255959
3,0.11155521627540221,0.04861303841879877,0.07721207453506122,0.12358371873749656,0.024584226623368687,0.07442248854700745,0.1243336845142725,0.17425164967462461
3,0.044146898690938845,0.05307249371750825,0.061740015249911406,0.0922226143790818,0.02458593399656945,0.07443848412277415,0.12441819341387046,0.17437558934796882
3,0.08979889569565015,0.06445585293776711,0.08489731015718138,0.05178295476390104,0.024589402570475795,0.07429051450985384,0.12404800153871412,0.17402254110730353
3,0.09032257401543967,0.046688273971582823,0.11379196427365962,0.06478632843871274,0.02458418733230425,0.07443731748594336,0.12437954638474205,0.17437332733530733
1,0.07356164032144004,0.03836369224109641,0.05954983648509796,0.08975976552539203,0.024753677587129593,0.07470305196237095,0.024944439216120086,0.02470131463194416
2,0.08241376921371302,0.03259292083361965,0.07732947799206205,0.04823008417230328,0.024659755246200055,0.07455932041831978,0.12455160375038513,0.02470131463194416
3,0.07442317226980785,0.06750783397396655,0.03382541537999095,0.07711730263012972,0.02458501768023002,0.07443829010369811,0.12442543810751559,0.17440928914280432
1,0.10859613362804832,0.01824778718017038,0.1077595054809592,0.0622483800926074,0.024753586358785235,0.07463216957783625,0.024963459228605062,0.024944439216120086
1,0.0924947801800699,0.05346868990606829,0.05598087189838991,0.1421133282730621,0.024754117765315435,0.07469202632200665,0.024948712563724912,0.02493212651625931
1,0.11155521627540221,0.04861303841879877,0.07721207453506122,0.12358371873749656,0.024753634205108416,0.07470349075924577,0.024948712563724912,0.02485278333331948
1,0.0557751849156827,0.039116804921438264,0.046187956597715005,0.1605655166701403,0.02475357991493611,0.07470403730081875,0.024963459228605062,0.024963459228605062
1,0.07356164032144004,0.03836369224109641,0.05954983648509796,0.08975976552539203,0.02475400395302151,0.0746996827613418,0.024944439216120086,0.02470131463194416
1,0.06362584316470281,0.04379685316273889,0.07103013416779293,0.07837534105373258,0.024753745878290385,0.07466919131828753,0.024792142204956,0.024957677933675145
2,0.08862503491692397,0.04650184206654873,0.07170622275419854,0.10894295315390631,0.02466003862096485,0.07454301034428333,0.12448331312331087,0.02493212651625931
2,0.04897903824785858,0.03354239799606766,0.0775180438678009,0.08046484415116208,0.02465897445656025,0.07456177008266075,0.1245449858593171,0.024963459228605062
2,0.09859497257500474,0.04551710296128695,0.09375240738383508,0.15303688486068362,0.024659583203603633,0.0745597922957251,0.12453807096578373,0.02485278333331948
2,0.08241376921371302,0.03259292083361965,0.07732947799206205,0.04823008417230328,0.02466066434838537,0.07455409082484177,0.12454725880270447,0.02470131463194416
2,0.04132168803633892,0.08217298052551358,0.03921041209825786,0.04307480638419035,0.024659271078887764,0.074504621205651,0.12438467818133249,0.024957677933675145
2,0.07356164032144004,0.03836369224109641,0.05954983648509796,0.08975976552539203,0.024659222829265765,0.07443169930112067,0.12430834773059732,0.024944439216120086
3,0.07349056604697442,0.05128718571891683,0.055670929194910276,0.1152108799731747,0.024585448117676337,0.07444067499676392,0.1243947847420267,0.17430534065612988
3,0.08241376921371302,0.03259292083361965,0.07732947799206205,0.04823008417230328,0.024584566654929363,0.07427140187923703,0.1240407169011634,0.1740260210764926
3,0.07442317226980785,0.06750783397396655,0.03382541537999095,0.07711730263012972,0.0245897028303517,0.0744306177978349,0.1244158749179854,0.17437847989952743
3,0.08503026154407288,0.07567161214154261,0.03741927247036142,0.10685589750005448,0.0245847520112009,0.07436933037442936,0.12413203135385519,0.17407933497126216
3,0.11155521627540221,0.04861303841879877,0.07721207453506122,0.12358371873749656,0.02458752812770058,0.07441366737226068,0.1242945186527795,0.17420935218653288
3,0.044146898690938845,0.05307249371750825,0.061740015249911406,0.0922226143790818,0.024585963993544045,0.07444409336145097,0.12440407640276949,0.17435248411355822
1,0.07356164032144004,0.03836369224109641,0.05954983648509796,0.08975976552539203,0.024753642628949694,0.07471960502363958,0.024944439216120086,0.02470131463194416
1,0.09859497257500474,0.04551710296128695,0.09375240738383508,0.15303688486068362,0.02475376255489331,0.0747021912531541,0.02482796784987593,0.024957677933675145
1,0.08708639367975346,0.08332428315335627,0.06515829235961643,0.08927864065865301,0.02475431359252143,0.07469644382208473,0.02495406347047125,0.02493212651625931
1,0.0557751849156827,0.039116804921438264,0.046187956597715005,0.1605655166701403,0.024753597648211383,0.07470385587512927,0.024963459228605062,0.024963459228605062
1,0.06362584316470281,0.04379685316273889,0.07103013416779293,0.07837534105373258,0.024754106840647716,0.07466696938337573,0.02494333577003739,0.024792142204956
1,0.07442317226980785,0.06750783397396655,0.03382541537999095,0.07711730263012972,0.02475391408665088,0.0747006173287192,0.024963459228605062,0.024963459228605062
2,0.07349056604697442,0.05128718571891683,0.055670929194910276,0.1152108799731747,0.02466217036383243,0.07455760838875573,0.12446835411372463,0.024957677933675145
2,0.04132168803633892,0.08217298052551358,0.03921041209825786,0.04307480638419035,0.02466011425177541,0.07450112377672712,0.12438097979835383,0.024792142204956
2,0.08241376921371302,0.03259292083361965,0.07732947799206205,0.04823008417230328,0.024659867382231318,0.07459137960510726,0.12457892256236723,0.02470131463194416
2,0.04897903824785858,0.03354239799606766,0.0775180438678009,0.08046484415116208,0.02465881934884609,0.07456223595315632,0.12454571251207679,0.024963459228605062
2,0.0557751849156827,0.039116804921438264,0.046187956597715005,0.1605655166701403,0.02465983215159905,0.0745573662565188,0.1245478894203289,0.024963459228605062
2,0.06146085066774684,0.04237979557764884,0.06844033699118467,0.04758397619271246,0.02466039133243521,0.0745535399267109,0.12451899344329732,0.02493212651625931
3,0.04897903824785858,0.03354239799606766,0.0775180438678009,0.08046484415116208,0.02458445784124155,0.07447897701430138,0.12445384399188807,0.17444473591140672
3,0.044146898690938845,0.05307249371750825,0.061740015249911406,0.0922226143790818,0.02458406590982105,0.07444016727621176,0.1244108839478814,0.17437555323581208
3,0.08503026154407288,0.07567161214154261,0.03741927247036142,0.10685589750005448,0.02458382406341803,0.07428254139929102,0.12405435125646541,0.17400485869709445
3,0.06362584316470281,0.04379685316273889,0.07103013416779293,0.07837534105373258,0.024592629345619572,0.07443689404280501,0.12424324749391129,0.17412538851880155
3,0.07442317226980785,0.06750783397396655,0.03382541537999095,0.07711730263012972,0.024584250574744188,0.0744837859084549,0.12446370668468235,0.17444849640493376
3,0.0924947801800699,0.05346868990606829,0.05598087189838991,0.1421133282730621,0.02458464137094901,0.0744394631483105,0.12435500217166534,0.1742947380947463
1,0.04132168803633892,0.08217298052551358,0.03921041209825786,0.04307480638419035,0.02475419047146703,0.07469775784009083,0.024792142204956,0.024709632376815793
1,0.07040188374877816,0.04593346654650253,0.056061028935604246,0.10505817707532386,0.024754020876640324,0.07469950401515081,0.02493658915314284,0.024963459228605062
1,0.0557751849156827,0.039116804921438264,0.046187956597715005,0.1605655166701403,0.024753638301725334,0.07471965908246958,0.024963459228605062,0.024963459228605062
1,0.044146898690938845,0.05307249371750825,0.061740015249911406,0.0922226143790818,0.024754129075520007,0.07469837186577682,0.024963459228605062,0.02495406347047125
1,0.08862503491692397,0.04650184206654873,0.07170622275419854,0.10894295315390631,0.024754017858969198,0.07470344001815821,0.024948712563724912,0.02485278333331948
1,0.08708639367975346,0.08332428315335627,0.06515829235961643,0.08927864065865301,0.024754978983056536,0.07468941271343718,0.02495406347047125,0.02493212651625931
2,0.062117438111861885,0.050489675299508624,0.05479690291257741,0.06437656296595802,0.02466644755894078,0.07455173816896117,0.12441067442353289,0.024963459228605062
2,0.06146085066774684,0.04237979557764884,0.06844033699118467,0.04758397619271246,0.02466200652525668,0.07454421726681638,0.12451656848534037,0.02493212651625931
2,0.11155521627540221,0.04861303841879877,0.07721207453506122,0.12358371873749656,0.024659569946893584,0.07453039569831042,0.12445797532183062,0.02485278333331948
2,0.04897903824785858,0.03354239799606766,0.0775180438678009,0.08046484415116208,0.024658861146975495,0.07456191070219732,0.12454566041266536,0.024963459228605062
2,0.08708639367975346,0.08332428315335627,0.06515829235961643,0.08927864065865301,0.024663640634288064,0.07454953561243882,0.1244908019349621,0.02495406347047125
2,0.08503026154407288,0.07567161214154261,0.03741927247036142,0.10685589750005448,0.024664693022457038,0.07454922521342207,0.1244856128841755,0.024709632376815793
3,0.06146085066774684,0.04237979557764884,0.06844033699118467,0.04758397619271246,0.02459855932279023,0.07442608800682801,0.12431167748749328,0.1742556509797461
3,0.044146898690938845,0.05307249371750825,0.061740015249911406,0.0922226143790818,0.024583662719385103,0.07444489997484385,0.12440514965581848,0.17437194227463546
3,0.0924947801800699,0.05346868990606829,0.05598087189838991,0.1421133282730621,0.02458892094244162,0.07444484824668864,0.1243590554606917,0.17415835087274384
3,0.06886473264317802,0.044683613766446376,0.044891766975230556,0.12565335166889297,0.024603554623916543,0.07442649812890084,0.12430304812749345,0.1742167206379032
3,0.08636923779116845,0.06983233581855636,0.041820451090590724,0.06343669188631765,0.0245997055788669,0.07443718177879984,0.12419072807474564,0.1741196031787032
3,0.09859497257500474,0.04551710296128695,0.09375240738383508,0.15303688486068362,0.02458463852232513,0.0744039250086198,0.12425706334424379,0.17422442544339206
1,0.08708639367975346,0.08332428315335627,0.06515829235961643,0.08927864065865301,0.024755343766958995,0.07468534785071163,0.02495406347047125,0.02493212651625931
1,0.07349056604697442,0.05128718571891683,0.055670929194910276,0.1152108799731747,0.024754298296457627,0.07468761775109461,0.024957677933675145,0.02494333577003739
1,0.08862503491692397,0.04650184206654873,0.07170622275419854,0.10894295315390631,0.024754322535953256,0.07467979358798806,0.024948712563724912,0.02485278333331948
1,0.0924947801800699,0.05346868990606829,0.05598087189838991,0.1421133282730621,0.024754255969047158,0.07469057864894373,0.02489165121975545,0.024948712563724912
2,0.06146085066774684,0.04237979557764884,0.06844033699118467,0.04758397619271246,0.02466251698931408,0.0745425597339904,0.12451364377173454,0.02493212651625931
2,0.08862503491692397,0.04650184206654873,0.07170622275419854,0.10894295315390631,0.024660045499564315,0.07454263314547184,0.1244979403087992,0.024948712563724912
2,0.06362584316470281,0.04379685316273889,0.07103013416779293,0.07837534105373258,0.024661743584425008,0.07454147826571214,0.12442464447368685,0.02494333577003739
2,0.11155521627540221,0.04861303841879877,0.07721207453506122,0.12358371873749656,0.02466437154740594,0.07451436292910588,0.12444970749718756,0.02485278333331948
3,0.04132168803633892,0.08217298052551358,0.03921041209825786,0.04307480638419035,0.02458912672312076,0.07435542768260883,0.12411871500593752,0.17398252558464158
3,0.11155521627540221,0.04861303841879877,0.07721207453506122,0.12358371873749656,0.024584094683965114,0.07442112969257005,0.12432335239690444,0.17424773697072723
3,0.09859497257500474,0.04551710296128695,0.09375240738383508,0.15303688486068362,0.02459330701585356,0.07438039824252991,0.12426464880631079,0.17425470854051425
3,0.0924947801800699,0.05346868990606829,0.05598087189838991,0.1421133282730621,0.024587331007727798,0.0744262722498299,0.12435084829322039,0.17430037785318567
1,0.09859497257500474,0.04551710296128695,0.09375240738383508,0.15303688486068362,0.02475406490906895,0.07469904645838,0.02482796784987593,0.024957677933675145
1,0.07349056604697442,0.05128718571891683,0.055670929194910276,0.1152108799731747,0.024753768974457406,0.07467100641698585,0.024957677933675145,0.02494333577003739
1,0.06424802774396554,0.035285103438708595,0.05178445625823155,0.035632686267656394,0.02475384347593929,0.07466344573580698,0.024792425524209755,0.024929100951257846
1,0.08465524650303695,0.07483777535492235,0.06088197336548691,0.10907952715650324,0.024754763335140442,0.07469161903786312,0.024952041683308456,0.024853530744738936
1,0.08862503491692397,0.04650184206654873,0.07170622275419854,0.10894295315390631,0.024753628888198303,0.07468729144728102,0.024948712563724912,0.02485278333331948
1,0.07040188374877816,0.04593346654650253,0.056061028935604246,0.10505817707532386,0.024753498141922934,0.07472744060739488,0.024963459228605062,0.02487926968501099
2,0.11155521627540221,0.04861303841879877,0.07721207453506122,0.12358371873749656,0.024660608615768232,0.0745295027335394,0.12444806135892078,0.02485278333331948
2,0.06362584316470281,0.04379685316273889,0.07103013416779293,0.07837534105373258,0.0246591988810805,0.07450277342086452,0.1243837924460851,0.02494333577003739
2,0.07349056604697442,0.05128718571891683,0.055670929194910276,0.1152108799731747,0.02466020851651306,0.07455678810671618,0.12447630585645077,0.024957677933675145
2,0.062117438111861885,0.050489675299508624,0.05479690291257741,0.06437656296595802,0.024658969443694164,0.07459358178994657,0.12453746809269817,0.02487926968501099
2,0.06471549626028429,0.05141285142607695,0.07110709070442575,0.13588096938415534,0.024660947676734383,0.07448549828222457,0.12439064500026341,0.024929100951257846
2,0.08233001057599253,0.08090309417548629,0.05740901810884789,0.11754700747191493,0.024668168241238957,0.07453703676164208,0.12448980824164481,0.024853530744738936
3,0.08636923779116845,0.06983233581855636,0.041820451090590724,0.06343669188631765,0.024584329812495465,0.07444121326932453,0.12428083400708353,0.174206191206066
3,0.09859497257500474,0.04551710296128695,0.09375240738383508,0.15303688486068362,0.024586590722412458,0.0744002922964184,0.12425213408400289,0.17423156049721958
3,0.047144203247694146,0.04807387969676147,0.05780034671323127,0.10874903707977464,0.024605834584298863,0.07441069671860487,0.12433167951814322,0.17428130270221381
3,0.06362584316470281,0.04379685316273889,0.07103013416779293,0.07837534105373258,0.024589011884762264,0.0744356790279461,0.12427516258139569,0.1741245208876672
3,0.10017214735776656,0.06976529365303204,0.09926867394106285,0.06300755123919932,0.024592794980394454,0.07433980190888483,0.12415320535811639,0.17404793363190835
3,0.04132168803633892,0.08217298052551358,0.03921041209825786,0.04307480638419035,0.024589147768966237,0.0743741160748395,0.12412471243710702,0.1738971144219714
1,0.08465524650303695,0.07483777535492235,0.06088197336548691,0.10907952715650324,0.02475429261605102,0.07469666869801987,0.024952041683308456,0.024853530744738936
1,0.04132168803633892,0.08217298052551358,0.03921041209825786,0.04307480638419035,0.02475405330583749,0.0746992012667617,0.024792142204956,0.024709632376815793
1,0.07349056604697442,0.05128718571891683,0.055670929194910276,0.1152108799731747,0.024753782862421615,0.07467085855737218,0.024957677933675145,0.02494333577003739
1,0.11930600858202878,0.04324729845098021,0.08398032222319328,0.08159231379314229,0.024753737736374088,0.07470243681222928,0.02487926968501099,0.02493658915314284
1,0.10348412436605794,0.08303121452927348,0.10664912839723514,0.06362049478230711,0.02475497027086404,0.07468936689920841,0.024963459228605062,0.024843966166396905
2,0.0842536240690189,0.06521815096339242,0.12745093552547243,0.09685189756803327,0.02467114871080824,0.07452954329101219,0.12443020240276745,0.024843966166396905
2,0.06362584316470281,0.04379685316273889,0.07103013416779293,0.07837534105373258,0.02466016051676992,0.07450059714386767,0.12437657102931847,0.02494333577003739
2,0.08233001057599253,0.08090309417548629,0.05740901810884789,0.11754700747191493,0.02466653004166093,0.0745464635227336,0.12449425555077501,0.024853530744738936
2,0.07040188374877816,0.04593346654650253,0.056061028935604246,0.10505817707532386,0.024659308677842797,0.07455951449884836,0.12456053477456104,0.02493658915314284
2,0.08503026154407288,0.07567161214154261,0.03741927247036142,0.10685589750005448,0.024663926875054133,0.07455194574154085,0.12448990082160837,0.024709632376815793
3,0.062117438111861885,0.050489675299508624,0.05479690291257741,0.06437656296595802,0.024583517495105706,0.07444091957978131,0.12443809283352986,0.1743577600668658
3,0.047144203247694146,0.04807387969676147,0.05780034671323127,0.10874903707977464,0.02461070009925245,0.0744264858344817,0.12432397059627583,0.17420111784490244
3,0.04132168803633892,0.08217298052551358,0.03921041209825786,0.04307480638419035,0.024586843753953196,0.07436423403412545,0.1241199234693725,0.17398984389330244
3,0.06886473264317802,0.044683613766446376,0.044891766975230556,0.12565335166889297,0.0246038806580546,0.07442685432926353,0.12431472668189289,0.1741859794167649
3,0.1126148623215413,0.061389961702215,0.05539706782766213,0.07259282823145437,0.0246026861407778,0.07441163920153851,0.12426441228999215,0.17426161529211687
1,0.10076507562382787,0.044540752565330376,0.022360801771290406,0.045653681666366575,0.02475360312318849,0.07470380129803099,0.024911079015755636,0.02487926968501099
1,0.08465524650303695,0.07483777535492235,0.06088197336548691,0.10907952715650324,0.024753650206339434,0.07470332249405691,0.024952041683308456,0.024853530744738936
1,0.08636923779116845,0.06983233581855636,0.041820451090590724,0.06343669188631765,0.024754051219599754,0.07469919996183187,0.024963459228605062,0.024792425524209755
2,0.06424802774396554,0.035285103438708595,0.05178445625823155,0.035632686267656394,0.024660087928620417,0.07455543416924465,0.12447372449053333,0.024792425524209755
2,0.11930600858202878,0.04324729845098021,0.08398032222319328,0.08159231379314229,0.024660184145223175,0.07456111445008835,0.12452626089018966,0.02487926968501099
2,0.08233001057599253,0.08090309417548629,0.05740901810884789,0.11754700747191493,0.024659653602713473,0.07456137032919151,0.12454629950220038,0.024853530744738936
3,0.047144203247694146,0.04807387969676147,0.05780034671323127,0.10874903707977464,0.02458769677282977,0.07444732793827669,0.12440695038048197,0.1743243615730321
3,0.06471549626028429,0.05141285142607695,0.07110709070442575,0.13588096938415534,0.024584208308017563,0.07443783213439084,0.12427185431410909,0.17418016659701802
3,0.07040188374877816,0.04593346654650253,0.056061028935604246,0.10505817707532386,0.024585428991087545,0.07444529306736185,0.12437860337694612,0.1743772738213788
1,0.10348412436605794,0.08303121452927348,0.10664912839723514,0.06362049478230711,0.024754496381862175,0.07469451445902399,0.024963459228605062,0.024843966166396905
1,0.062117438111861885,0.050489675299508624,0.05479690291257741,0.06437656296595802,0.024754463082853107,0.07469165846119655,0.024963459228605062,0.024963459228605062
1,0.0842536240690189,0.06521815096339242,0.12745093552547243,0.09685189756803327,0.024754368700357538,0.07469587441083768,0.024963459228605062,0.024843966166396905
1,0.10017214735776656,0.06976529365303204,0.09926867394106285,0.06300755123919932,0.02475449087736304,0.07468838049052873,0.024776372513219704,0.024952041683308456
1,0.11930600858202878,0.04324729845098021,0.08398032222319328,0.08159231379314229,0.024753699064493918,0.07470282596467288,0.02487926968501099,0.02493658915314284
2,0.08465524650303695,0.07483777535492235,0.06088197336548691,0.10907952715650324,0.024667283260910253,0.07453072128835748,0.12444891192947877,0.024952041683308456
2,0.0842536240690189,0.06521815096339242,0.12745093552547243,0.09685189756803327,0.02466358940394819,0.07454647985885042,0.12449411904809306,0.024843966166396905
2,0.08636923779116845,0.06983233581855636,0.041820451090590724,0.06343669188631765,0.024665214416485955,0.07453753946634387,0.1244370806896824,0.024963459228605062
2,0.07040188374877816,0.04593346654650253,0.056061028935604246,0.10505817707532386,0.024660530491332665,0.07455827717463259,0.12454994693264093,0.02493658915314284
2,0.1126148623215413,0.061389961702215,0.05539706782766213,0.07259282823145437,0.024661159964356052,0.07455125569870798,0.12451143948512111,0.024843966166396905
3,0.062117438111861885,0.050489675299508624,0.05479690291257741,0.06437656296595802,0.02458650211547224,0.07443686142250677,0.12442444631594933,0.17435286523904164
3,0.1126148623215413,0.061389961702215,0.05539706782766213,0.07259282823145437,0.02458832730398507,0.07443024042952302,0.12433919432562388,0.17429731402261356
3,0.08233001057599253,0.08090309417548629,0.05740901810884789,0.11754700747191493,0.024600426271057043,0.07440623793099918,0.12426690854340595,0.1742803297665145
3,0.0859215008127842,0.023109205175291407,0.03171287720769653,0.08061237249558152,0.02458660472015247,0.07443092924465973,0.12434833646536525,0.17434728515662556
3,0.06424802774396554,0.035285103438708595,0.05178445625823155,0.035632686267656394,0.024600059034615818,0.07437309299422334,0.12416135226955483,0.17409525871772927
1,0.047144203247694146,0.04807387969676147,0.05780034671323127,0.10874903707977464,0.02475379293172067,0.07469196005236002,0.024963459228605062,0.024963459228605062
1,0.06471549626028429,0.05141285142607695,0.07110709070442575,0.13588096938415534,0.02475374385774645,0.07470236670377281,0.024929100951257846,0.024776372513219708
1,0.0859215008127842,0.023109205175291407,0.03171287720769653,0.08061237249558152,0.024753523323403633,0.07470460496798956,0.024884908278642877,0.024963459228605062
2,0.10348412436605794,0.08303121452927348,0.10664912839723514,0.06362049478230711,0.024658898050019588,0.07457336653041735,0.12450516367025424,0.024963459228605062
2,0.11821673912994546,0.08546471015148785,0.06560753597337987,0.058539411200152575,0.024659039542934715,0.07456331609303413,0.12452686299122684,0.024963459228605062
2,0.10017214735776656,0.06976529365303204,0.09926867394106285,0.06300755123919932,0.024659331001252834,0.07459327112168027,0.12452795664477831,0.024776372513219708
3,0.08465524650303695,0.07483777535492235,0.06088197336548691,0.10907952715650324,0.02458726891825277,0.07449129590885765,0.12436114669796243,0.1742897515500787
3,0.0842536240690189,0.06521815096339242,0.12745093552547243,0.09685189756803327,0.024584941311447624,0.07446216413347877,0.12431779017145164,0.17424827261608858
3,0.06066056776380806,0.047852878628061965,0.05333708943215769,0.08599584313885617,0.024583610402374216,0.07444212299864035,0.12437617498780694,0.1743477652529526
1,0.06471549626028429,0.05141285142607695,0.07110709070442575,0.13588096938415534,0.024754424448203985,0.07469525059085237,0.024776372513219704,0.024792425524209755
1,0.11607413952426113,0.06264687541572626,0.1437426535706986,0.060195367346677235,0.02475432329943184,0.074696427234923,0.024915018739429955,0.024963459228605062
2,0.10017214735776656,0.06976529365303204,0.09926867394106285,0.06300755123919932,0.024667042940831684,0.0745414823918929,0.12444867976419377,0.024792425524209755
2,0.061182882355148266,0.028805391291817663,0.08437513923098296,0.09491819640613249,0.02466052933674354,0.07455344887234015,0.12452828938921538,0.024963459228605062
3,0.11350435401995015,0.05016732359838907,0.08912772761493443,0.13972963149281936,0.02458535890740993,0.07443840101377483,0.12437235680283462,0.1743576347873393
3,0.08465524650303695,0.07483777535492235,0.06088197336548691,0.10907952715650324,0.02459670183058207,0.0744210400799099,0.1242690593276663,0.17424776256953028
1,0.0608556458022846,0.07148233340315421,0.08701823432333528,0.09029403898516813,0.024754337563014567,0.07469617558043705,0.024963459228605062,0.024963459228605062
1,0.08233001057599253,0.08090309417548629,0.05740901810884789,0.11754700747191493,0.024754525232959717,0.0746942446218973,0.024853530744738936,0.024963459228605062
1,0.10348412436605794,0.08303121452927348,0.10664912839723514,0.06362049478230711,0.02475431049086802,0.07469648214780762,0.024843966166396905,0.024963459228605062
2,0.0842536240690189,0.06521815096339242,0.12745093552547243,0.09685189756803327,0.02466774461383856,0.07454368385910695,0.12444881594121052,0.024963459228605062
2,0.047144203247694146,0.04807387969676147,0.05780034671323127,0.10874903707977464,0.02466751461691326,0.07454075891283987,0.12445377267471765,0.024963459228605062
2,0.11457262552045319,0.07120770815153708,0.06371245680248422,0.12509835865223373,0.024664206113450854,0.07454648555992256,0.12450288688414696,0.024963459228605062
3,0.10348412436605794,0.08303121452927348,0.10664912839723514,0.06362049478230711,0.024601302442780023,0.07441543400838427,0.12423956374143114,0.17421662415447584
3,0.1126148623215413,0.061389961702215,0.05539706782766213,0.07259282823145437,0.02460369052204135,0.0744192023515003,0.12425355389615265,0.17423999322843237
3,0.052794380155644596,0.05284669937705001,0.09595982718354133,0.09631924482968524,0.024595010928655486,0.07442123277820502,0.12434343326584664,0.17415761779350358
1,0.0842536240690189,0.06521815096339242,0.12745093552547243,0.09685189756803327,0.0247549289501064,0.07468990643261937,0.024843966166396905,0.02495954152639855
1,0.0859215008127842,0.023109205175291407,0.03171287720769653,0.08061237249558152,0.02475353482525211,0.0747205392116381,0.024884908278642877,0.024963459228605062
1,0.0608556458022846,0.07148233340315421,0.08701823432333528,0.09029403898516813,0.024754714660823636,0.07469212896666513,0.024963459228605062,0.024963459228605062
1,0.07374797981582384,0.03760132977032434,0.025008456614667593,0.08446153336330872,0.024753553515572783,0.07470430152703994,0.024963459228605062,0.024560806260073315
2,0.059637143165762005,0.03836691851790899,0.06825423891999188,0.0886535117621869,0.024658873752930792,0.07456212713839214,0.12446020417906276,0.024560806260073315
2,0.11821673912994546,0.08546471015148785,0.06560753597337987,0.058539411200152575,0.024659866201276102,0.07459288584780768,0.12454644965658444,0.024963459228605062
2,0.1126148623215413,0.061389961702215,0.05539706782766213,0.07259282823145437,0.024662711699345148,0.07454187412912873,0.12450964317776456,0.02495954152639855
2,0.11457262552045319,0.07120770815153708,0.06371245680248422,0.12509835865223373,0.02466408871566399,0.07456571023166327,0.1245226308006923,0.024963459228605062
3,0.06066056776380806,0.047852878628061965,0.05333708943215769,0.08599584313885617,0.02458686845552329,0.07448394353279673,0.12439764515576689,0.17438286428650876
3,0.0859215008127842,0.023109205175291407,0.03171287720769653,0.08061237249558152,0.02458867186584141,0.07442163136762213,0.12434514754674081,0.17434514658599154
3,0.052794380155644596,0.05284669937705001,0.09595982718354133,0.09631924482968524,0.02460335386097006,0.07446284285146872,0.12437850974633366,0.17405599561810914
3,0.10897478233766802,0.058144683329250775,0.05519236042133561,0.13486252313979266,0.02458758010412455,0.07448818848614569,0.12429816241016103,0.17403992731859214
1,0.06687058020780959,0.036203012024900644,0.05142726963737875,0.11185392411718162,0.024753635652148224,0.07471958821874161,0.024740709803764156,0.024963459228605062
1,0.11457262552045319,0.07120770815153708,0.06371245680248422,0.12509835865223373,0.024754051932701217,0.07469919970867524,0.024963459228605062,0.024897469103476788
1,0.10897478233766802,0.058144683329250775,0.05519236042133561,0.13486252313979266,0.02475388107603045,0.07471734421221007,0.024963459228605062,0.024560806260073315
1,0.07374797981582384,0.03760132977032434,0.025008456614667593,0.08446153336330872,0.024753535476059147,0.07470448292171522,0.024963459228605062,0.024560806260073315
1,0.11821673912994546,0.08546471015148785,0.06560753597337987,0.058539411200152575,0.024753987663371547,0.07469989074281386,0.024963459228605062,0.024963459228605062
2,0.052794380155644596,0.05284669937705001,0.09595982718354133,0.09631924482968524,0.0246620391632799,0.07455235782404784,0.12434478789339687,0.024897469103476788
2,0.06687058020780959,0.036203012024900644,0.05142726963737875,0.11185392411718162,0.024660352029030223,0.07455615852809981,0.12455225453145545,0.024560806260073315
2,0.059637143165762005,0.03836691851790899,0.06825423891999188,0.0886535117621869,0.0246591462123864,0.07456235738559897,0.12448752936499792,0.024560806260073315
2,0.04455812063341299,0.05726447177305634,0.061456397579668996,0.08134830546914265,0.0246591614017873,0.07459079636286643,0.12458603665011093,0.024963459228605062
2,0.06066056776380806,0.047852878628061965,0.05333708943215769,0.08599584313885617,0.024661246055311507,0.07455345897549141,0.12452697465762884,0.024963459228605062
3,0.11607413952426113,0.06264687541572626,0.1437426535706986,0.060195367346677235,0.024593431482504934,0.07443013555886566,0.12437867000196826,0.17430426444181546
3,0.07374797981582384,0.03760132977032434,0.025008456614667593,0.08446153336330872,0.024595212521255377,0.07443588361608397,0.12407822745298715,0.17374632904893542
3,0.04455812063341299,0.05726447177305634,0.061456397579668996,0.08134830546914265,0.02458496877428389,0.07443651359203567,0.1244279325308969,0.17442931938040698
3,0.10365672631832634,0.03497319566484178,0.09334763348951283,0.08518492958271318,0.024583743835675676,0.07444038715137048,0.12442868899981462,0.17428545067864296
3,0.10897478233766802,0.058144683329250775,0.05519236042133561,0.13486252313979266,0.02458583625475453,0.07448107327312761,0.1243395699879234,0.1742086179697558
1,0.06687058020780959,0.036203012024900644,0.05142726963737875,0.11185392411718162,0.024754022041253862,0.07469949987733467,0.024740709803764156,0.024963459228605062
1,0.11588482156471583,0.03774267560863495,0.07923654664788987,0.1263315321591782,0.024753626513838632,0.07471976065025275,0.024963459228605062,0.02465413965173349
1,0.059637143165762005,0.03836691851790899,0.06825423891999188,0.0886535117621869,0.024753735896429475,0.07464891110701727,0.024560806260073315,0.024895274660090477
1,0.0608556458022846,0.07148233340315421,0.08701823432333528,0.09029403898516813,0.02475439831327551,0.0747098022767213,0.024963459228605062,0.024963459228605062
2,0.0703312292883691,0.05213637143271325,0.09625633178211912,0.1433902597618168,0.024664310725539637,0.07456784386819454,0.12444599648796588,0.02465413965173349
2,0.04455812063341299,0.05726447177305634,0.061456397579668996,0.08134830546914265,0.024659937483208723,0.07455596551627251,0.12455501305069415,0.024963459228605062
2,0.11457262552045319,0.07120770815153708,0.06371245680248422,0.12509835865223373,0.024661937709678564,0.07455767001997879,0.12449677371272536,0.024963459228605062
2,0.10897478233766802,0.058144683329250775,0.05519236042133561,0.13486252313979266,0.024661091133662744,0.07446147061449339,0.12433492513199465,0.024895274660090477
3,0.052794380155644596,0.05284669937705001,0.09595982718354133,0.09631924482968524,0.024591461763272173,0.07448321476290577,0.12436745552105073,0.17415792710046915
3,0.1078895153736588,0.03713957147717802,0.09383225933856185,0.1008356632826021,0.024593224834461,0.07446996730693983,0.12428412253813274,0.17419844467876985
3,0.06687058020780959,0.036203012024900644,0.05142726963737875,0.11185392411718162,0.024589938504984133,0.07431354604916637,0.12407590943459135,0.17405954573860186
3,0.10365672631832634,0.03497319566484178,0.09334763348951283,0.08518492958271318,0.02458427064698447,0.07443826112112163,0.12442894164950079,0.1742805460415706
1,0.07374797981582384,0.03760132977032434,0.025008456614667593,0.08446153336330872,0.024753522324783186,0.07470461496323433,0.024963459228605062,0.024560806260073315
1,0.04455812063341299,0.05726447177305634,0.061456397579668996,0.08134830546914265,0.0247539508625194,0.0747159316104223,0.024963459228605062,0.024963459228605062
1,0.13313173991240332,0.07075715347219562,0.057597574229072246,0.09438774475374258,0.02475487074768522,0.07466286876522249,0.024963459228605062,0.024924912369787253
1,0.11350435401995015,0.05016732359838907,0.08912772761493443,0.13972963149281936,0.024753640314721957,0.07471723157394691,0.024963459228605062,0.024919867084482263
2,0.0608556458022846,0.07148233340315421,0.08701823432333528,0.09029403898516813,0.024662407145169603,0.07458871445186274,0.12451862259480104,0.024919867084482263
2,0.10365672631832634,0.03497319566484178,0.09334763348951283,0.08518492958271318,0.024659402508164525,0.07455912348983855,0.12441612865867846,0.024963459228605062
2,0.04031709949225491,0.05069286757437136,0.08287231293289167,0.09171024497831257,0.024661195357725128,0.0744976731605637,0.12445621616131859,0.024924912369787253
2,0.059637143165762005,0.03836691851790899,0.06825423891999188,0.0886535117621869,0.024658832710333832,0.07456285773689848,0.12448853714595012,0.024560806260073315
3,0.0847745057438995,0.03830210728921977,0.04278487470150918,0.1207803908660498,0.024586221165993315,0.07435884067862791,0.12426564678845586,0.17422995602329872
3,0.10897478233766802,0.058144683329250775,0.05519236042133561,0.13486252313979266,0.024584480715540757,0.07444389441632653,0.12430547620557432,0.17418691681947904
3,0.11588482156471583,0.03774267560863495,0.07923654664788987,0.1263315321591782,0.024583998936407843,0.07443848449848905,0.12417489333939236,0.1740288687206594
3,0.11457262552045319,0.07120770815153708,0.06371245680248422,0.12509835865223373,0.0245903975755931,0.07448885709888013,0.12438189489186736,0.17434225203921747
1,0.09576140263027605,0.05143508441023565,0.064719093058427,0.07852781074521407,0.024753691437893174,0.07470290377249171,0.024900408867069103,0.024904555513936357
1,0.06687058020780959,0.036203012024900644,0.05142726963737875,0.11185392411718162,0.02475365368685755,0.07470328776309472,0.024740709803764156,0.024963459228605062
1,0.052794380155644596,0.05284669937705001,0.09595982718354133,0.09631924482968524,0.02475355226511128,0.07455399477444899,0.024897469103476788,0.02496345922860507
2,0.07374797981582384,0.03760132977032434,0.025008456614667593,0.08446153336330872,0.02465924233753848,0.07431406587302826,0.12411096285973863,0.02496345922860507
2,0.04455812063341299,0.05726447177305634,0.061456397579668996,0.08134830546914265,0.024658901088617267,0.07456165494294126,0.1245568005013896,0.024963459228605062
2,0.09865711060237778,0.05675009017089744,0.07977529416877409,0.04418977799575324,0.024658869095100983,0.07456204054497485,0.12453794288333263,0.024904555513936357
3,0.09411535315152103,0.06819178748907653,0.08461405309523647,0.0677940937122806,0.024584076069403278,0.07443969923160128,0.12439606936185638,0.17434737310059517
3,0.059637143165762005,0.03836691851790899,0.06825423891999188,0.0886535117621869,0.024585815527302643,0.07414517531030647,0.1238607220933818,0.17376302543223093
3,0.10365672631832634,0.03497319566484178,0.09334763348951283,0.08518492958271318,0.024583466453794254,0.0744424143062085,0.12443250328389109,0.17428568683820797
1,0.11588482156471583,0.03774267560863495,0.07923654664788987,0.1263315321591782,0.02475357357707498,0.07470409919878604,0.024963459228605062,0.02465413965173349
1,0.04031709949225491,0.05069286757437136,0.08287231293289167,0.09171024497831257,0.024753842753231507,0.07470135376964814,0.024924912369787253,0.024802012197794106
1,0.09411535315152103,0.06819178748907653,0.08461405309523647,0.0677940937122806,0.0247546577210656,0.07468125655465298,0.02493503598268486,0.024963459228605062
2,0.0703312292883691,0.05213637143271325,0.09625633178211912,0.1433902597618168,0.024659555580107215,0.07458865926524735,0.12454630070845855,0.02465413965173349
2,0.10883111290226544,0.04197639867626264,0.06375311724029176,0.06070943269470058,0.024661915927811015,0.0745253104798153,0.12446895922207389,0.024963459228605062
2,0.0847745057438995,0.03830210728921977,0.04278487470150918,0.1207803908660498,0.02466995500679066,0.0745563979749086,0.12440449918263101,0.024802012197794106
3,0.04815731753761406,0.06245675227938817,0.07484473133072943,0.08510624689222795,0.02458831828122874,0.07439797216713617,0.12427261733761376,0.17425828151119876
3,0.09576140263027605,0.05143508441023565,0.064719093058427,0.07852781074521407,0.024620296385762887,0.07444516767665704,0.12414976964198961,0.17407411602140607
3,0.1078895153736588,0.03713957147717802,0.09383225933856185,0.1008356632826021,0.024584892968099115,0.07443802338173515,0.12435941580900872,0.17432809395502097
1,0.07030016958022992,0.05989658162548283,0.05093974152640826,0.08953432575396529,0.024754354749988636,0.07469599910080604,0.024949777309924842,0.024854743980016736
1,0.09865711060237778,0.05675009017089744,0.07977529416877409,0.04418977799575324,0.024754305233834154,0.07469652607564352,0.024904555513936357,0.02493503598268486
1,0.06687058020780959,0.036203012024900644,0.05142726963737875,0.11185392411718162,0.024753896578956453,0.07470080107681008,0.024895274660090477,0.024740709803764156
1,0.13313173991240332,0.07075715347219562,0.057597574229072246,0.09438774475374258,0.02475409367307465,0.07467156829416728,0.024963459228605062,0.024924912369787253
1,0.10479367258216908,0.063140634158098,0.1058796751504503,0.12348658091527093,0.024753962351482247,0.07471303655717143,0.024963459228605062,0.024949777309924842
2,0.04455812063341299,0.05726447177305634,0.061456397579668996,0.08134830546914265,0.02465950926882381,0.07455783064612229,0.12455650676955689,0.024740709803764156
2,0.09092580454401704,0.04371683213210721,0.06496509548969394,0.12193805094088352,0.024661710585187055,0.07455076974570056,0.12453975157221615,0.024854743980016736
2,0.07030016958022992,0.05989658162548283,0.05093974152640826,0.08953432575396529,0.024662913661726116,0.0745405776997047,0.12448736863156692,0.024949777309924842
2,0.09411535315152103,0.06819178748907653,0.08461405309523647,0.0677940937122806,0.02466545004463197,0.0745479551059026,0.12445188655075809,0.02493503598268486
2,0.04031709949225491,0.05069286757437136,0.08287231293289167,0.09171024497831257,0.02466100972636101,0.07450484880450407,0.12442168601393115,0.024924912369787253
3,0.10365672631832634,0.03497319566484178,0.09334763348951283,0.08518492958271318,0.02458420836504512,0.07443746881630234,0.12442893743250721,0.17433202066830886
3,0.10883111290226544,0.04197639867626264,0.06375311724029176,0.06070943269470058,0.024596764181971806,0.0744259310986766,0.12425952889459842,0.17422077291187363
3,0.08400314304339766,0.04822170745228583,0.08718959531638316,0.07089330238580714,0.024588395421250398,0.07443034593488419,0.1244056838466696,0.17439205217101547
3,0.0847745057438995,0.03830210728921977,0.04278487470150918,0.1207803908660498,0.0245877449138416,0.07436500538717046,0.12420498308910359,0.17417275262625506
3,0.09092580454401704,0.04371683213210721,0.06496509548969394,0.12193805094088352,0.024592564991948375,0.07441046094748818,0.12431033423218424,0.1743169558983069
1,0.09576140263027605,0.05143508441023565,0.064719093058427,0.07852781074521407,0.024753949661545,0.07470025241314937,0.024900408867069103,0.024904555513936357
1,0.04815731753761406,0.06245675227938817,0.07484473133072943,0.08510624689222795,0.024753709671829275,0.0747027205624462,0.024840336372614676,0.024963459228605062
1,0.10479367258216908,0.063140634158098,0.1058796751504503,0.12348658091527093,0.024754012644770465,0.07469392116494553,0.024963459228605062,0.024949777309924842
2,0.09865711060237778,0.05675009017089744,0.07977529416877409,0.04418977799575324,0.024659754096883226,0.07455759264400744,0.12453591059718441,0.024904555513936357
2,0.07030016958022992,0.05989658162548283,0.05093974152640826,0.08953432575396529,0.024660154805600243,0.0745444800451928,0.12449400535272664,0.024949777309924842
2,0.10479367258216908,0.063140634158098,0.1058796751504503,0.12348658091527093,0.02465971966473498,0.07455821786054163,0.12450526046206395,0.024963459228605062
3,0.07030016958022992,0.05989658162548283,0.05093974152640826,0.08953432575396529,0.024586668067498506,0.07443549607080834,0.12433262411020868,0.17426120329824055
3,0.09411535315152103,0.06819178748907653,0.08461405309523647,0.0677940937122806,0.024584111303078235,0.07443891785854832,0.12438906005328404,0.17433029545588238
3,0.09092580454401704,0.04371683213210721,0.06496509548969394,0.12193805094088352,0.024586413350945188,0.07442086945609054,0.1243094544065695,0.17428727245604944
1,0.08716060394079574,0.05113121695722991,0.06800450532593598,0.07129464240463647,0.024754380761721168,0.07461953517939604,0.02473757425753102,0.024961571329357644
1,0.08716060394079574,0.05113121695722991,0.06800450532593598,0.07129464240463647,0.0247540494902362,0.07462373303815253,0.024961571329357644,0.02495607522162999
1,0.10883111290226544,0.04197639867626264,0.06375311724029176,0.06070943269470058,0.02475356899361501,0.0747041469886912,0.024963459228605062,0.024840336372614676
1,0.13313173991240332,0.07075715347219562,0.057597574229072246,0.09438774475374258,0.02475408445741926,0.07467166839935872,0.024963459228605062,0.024924912369787253
2,0.04796675808763392,0.05868431230496589,0.04389010201844873,0.09817166793330047,0.024659776834688608,0.07449110543046884,0.12436390462078094,0.02495607522162999
2,0.04796675808763392,0.05868431230496589,0.04389010201844873,0.09817166793330047,0.024662189706941944,0.0744119331141466,0.12428916250036333,0.024961571329357644
2,0.04031709949225491,0.05069286757437136,0.08287231293289167,0.09171024497831257,0.02466026155224821,0.07450629525398589,0.12442798391893485,0.024924912369787253
2,0.04815731753761406,0.06245675227938817,0.07484473133072943,0.08510624689222795,0.024660070349403165,0.07456160936595799,0.12453222248803208,0.024840336372614676
3,0.10073920379196871,0.04222032769162708,0.07016520914820522,0.06977939956811201,0.024589449276476022,0.07425320895150922,0.1240845641037146,0.17406526090977165
3,0.10479367258216908,0.063140634158098,0.1058796751504503,0.12348658091527093,0.024585061422116784,0.0744869632245397,0.12444415494040088,0.17438929475963763
3,0.0847745057438995,0.03830210728921977,0.04278487470150918,0.1207803908660498,0.02458456196775507,0.07436988429229092,0.12421657154103598,0.17417948519258417
3,0.10073920379196871,0.04222032769162708,0.07016520914820522,0.06977939956811201,0.024586938743362624,0.0742675582892003,0.1240278226696642,0.17396293637025606
1,0.09576140263027605,0.05143508441023565,0.064719093058427,0.07852781074521407,0.024753864383476508,0.0747011353852372,0.024900408867069103,0.024904555513936357
1,0.08400314304339766,0.04822170745228583,0.08718959531638316,0.07089330238580714,0.024753937245825176,0.07470037708583924,0.024854743980016733,0.024963459228605062
1,0.07030016958022992,0.05989658162548283,0.05093974152640826,0.08953432575396529,0.024754232962134345,0.07469727767333864,0.024949777309924842,0.024854743980016736
1,0.08716060394079574,0.05113121695722991,0.06800450532593598,0.07129464240463647,0.024754571690780935,0.07461710121275968,0.02473757425753102,0.024961571329357644
2,0.08436159864975187,0.04890269039552343,0.052104652496332574,0.0610486239205652,0.024659019392161138,0.07456045782851652,0.1244579415586791,0.024963459228605062
2,0.09865711060237778,0.05675009017089744,0.07977529416877409,0.04418977799575324,0.024659455251667704,0.07455983027208132,0.12453574457279114,0.024904555513936357
2,0.09092580454401704,0.04371683213210721,0.06496509548969394,0.12193805094088352,0.024661225799553828,0.07455375137075484,0.12454038232408356,0.024854743980016736
2,0.04796675808763392,0.05868431230496589,0.04389010201844873,0.09817166793330047,0.02466348495643091,0.07441867219776402,0.1242467823917449,0.024961571329357644
3,0.10073920379196871,0.04222032769162708,0.07016520914820522,0.06977939956811201,0.024597951431650212,0.07428247551992889,0.12393612298090137,0.17384769716919032
3,0.09411535315152103,0.06819178748907653,0.08461405309523647,0.0677940937122806,0.024587209868910023,0.07444533631989378,0.12438511106539415,0.17428637363996632
3,0.08400314304339766,0.04822170745228583,0.08718959531638316,0.07089330238580714,0.02458811420300985,0.07443585331797294,0.12440284747768578,0.1743864802120345
3,0.09348591892034434,0.07196328581207666,0.05902178027726042,0.08864355284733738,0.02458451841025177,0.07443766588757873,0.12424767023282872,0.17413158639704474
1,0.08436159864975187,0.04890269039552343,0.052104652496332574,0.0610486239205652,0.024753579339762466,0.0746492573892114,0.024963459228605062,0.02495607522162999
1,0.06562150597329561,0.051403666366876224,0.08740480732133685,0.062176493095616236,0.024754377281730248,0.07469575099193068,0.024947481759701004,0.024963459228605062
2,0.09348591892034434,0.07196328581207666,0.05902178027726042,0.08864355284733738,0.024660455908795936,0.07446107253666882,0.1243356415902722,0.02495607522162999
2,0.07038904935981036,0.060961190618553276,0.04331927461469197,0.127263415998007,0.024665643095854454,0.07454461986255372,0.12450786826737047,0.024963459228605062
3,0.07848701976393509,0.0457131369202603,0.0807331240782868,0.10307377507072586,0.02459654364025008,0.07442145668884162,0.1243718834539689,0.17438114844319846
3,0.08716060394079574,0.05113121695722991,0.06800450532593598,0.07129464240463647,0.024587986993315828,0.07431570272569928,0.12408034055466015,0.17393105475470924
1,0.07848701976393509,0.0457131369202603,0.0807331240782868,0.10307377507072586,0.02475381698357116,0.07470162091078218,0.024947481759701004,0.024963459228605062
1,0.10073920379196871,0.04222032769162708,0.07016520914820522,0.06977939956811201,0.024753656514354377,0.07470326315624484,0.024947481759701004,0.024961571329357644
1,0.07947417662058487,0.0744969963323424,0.08342336082407548,0.10631753926185095,0.024754924625395993,0.07462648339617874,0.024963459228605062,0.024963459228605062
1,0.07947417662058487,0.0744969963323424,0.08342336082407548,0.10631753926185095,0.02475401482098395,0.07463796186707047,0.024963459228605062,0.02496173062235797
1,0.04796675808763392,0.05868431230496589,0.04389010201844873,0.09817166793330047,0.02475385588678124,0.07470122112881417,0.024961571329357644,0.024695530510512494
2,0.06562150597329561,0.051403666366876224,0.08740480732133685,0.062176493095616236,0.02466067314565243,0.07455897373159569,0.12454310653053946,0.024961571329357644
2,0.07130635414248179,0.03222319049552301,0.07314770439267956,0.04901276470553519,0.024661225675363573,0.07444161995132993,0.12432698801313698,0.02496173062235797
2,0.10073920379196871,0.04222032769162708,0.07016520914820522,0.06977939956811201,0.024659918426758253,0.07456149014671984,0.12453188263395026,0.024695530510512494
2,0.07947417662058487,0.0744969963323424,0.08342336082407548,0.10631753926185095,0.024665188877817136,0.07455477476348565,0.12438915661802076,0.024963459228605062
2,0.07130635414248179,0.03222319049552301,0.07314770439267956,0.04901276470553519,0.02466598254202173,0.07443053130730114,0.12426871554588809,0.024963459228605062
3,0.09488467763599297,0.054865714753747706,0.11994480400388594,0.08368351355348465,0.024585532495804207,0.07428525060193204,0.12408163528113822,0.17401549678139802
3,0.07130635414248179,0.03222319049552301,0.07314770439267956,0.04901276470553519,0.02459968594286986,0.07443147247578105,0.12413400762084305,0.17406593527830574
3,0.07038904935981036,0.060961190618553276,0.04331927461469197,0.127263415998007,0.024595559646560825,0.07444630065837193,0.1244256515768269,0.17428817030107685
3,0.06562150597329561,0.051403666366876224,0.08740480732133685,0.062176493095616236,0.0245905626717189,0.07444868464656021,0.1243781465433981,0.17432180510674972
3,0.09488467763599297,0.054865714753747706,0.11994480400388594,0.08368351355348465,0.02459722724903069,0.07428677919879843,0.12398443255870475,0.17397035250041146
1,0.09488467763599297,0.054865714753747706,0.11994480400388594,0.08368351355348465,0.02475405441486314,0.07469916288106343,0.024724203827658366,0.024869531611226597
1,0.08436159864975187,0.04890269039552343,0.052104652496332574,0.0610486239205652,0.02475405654452567,0.07464367028738987,0.024963459228605062,0.02495607522162999
2,0.0851999516242866,0.04317526471545709,0.059571790712124664,0.13430931050421194,0.024660742877855305,0.07455775756204747,0.12453959761053889,0.024869531611226597
2,0.09348591892034434,0.07196328581207666,0.05902178027726042,0.08864355284733738,0.024663046955664025,0.07451282484126398,0.1244251638069187,0.02495607522162999
3,0.047982881729264217,0.03652356633920162,0.04026261032225992,0.09943117886433803,0.024588373381909057,0.0744418258024405,0.12439811696279329,0.1743211881417688
3,0.08716060394079574,0.05113121695722991,0.06800450532593598,0.07129464240463647,0.02458903264159959,0.07429641828053343,0.12408162908343326,0.17397665880838298
1,0.1254204833777257,0.0749052971282329,0.07087367107313604,0.10956589652855947,0.024754150657275625,0.07469816134704375,0.02480440398976869,0.024963459228605062
1,0.08762837530008648,0.048456020645068716,0.04180457008815258,0.09103384330910547,0.024753667238759793,0.07471780444651573,0.02480440398976869,0.02493023495438257
1,0.04796675808763392,0.05868431230496589,0.04389010201844873,0.09817166793330047,0.02475365541120282,0.07471937776806134,0.024961571329357644,0.024695530510512494
1,0.07848701976393509,0.0457131369202603,0.0807331240782868,0.10307377507072586,0.0247538684737583,0.07470108486443341,0.024963459228605062,0.024963459228605062
2,0.07947417662058487,0.0744969963323424,0.08342336082407548,0.10631753926185095,0.024662641444390825,0.0745595944474103,0.12443551268147675,0.024963459228605062
2,0.08762837530008648,0.048456020645068716,0.04180457008815258,0.09103384330910547,0.024665297148730985,0.07454917953422398,0.1244862289121347,0.024963459228605062
2,0.1156892777396176,0.04254012896083345,0.10379047654029186,0.09374111044033209,0.024660068879784742,0.07459030401530492,0.12452646114194962,0.02493023495438257
2,0.10073920379196871,0.04222032769162708,0.07016520914820522,0.06977939956811201,0.024660097875978105,0.07459100557084186,0.1245719954435065,0.024695530510512494
3,0.1156892777396176,0.04254012896083345,0.10379047654029186,0.09374111044033209,0.024598784967648064,0.07442746161924077,0.12431496094739977,0.17427361772050376
3,0.12255814062904699,0.08604438095415193,0.07218878552173041,0.10416541157270748,0.0245891894905185,0.07443945497539045,0.12430637918519288,0.17420259957755618
3,0.06562150597329561,0.051403666366876224,0.08740480732133685,0.062176493095616236,0.024586322586716548,0.0744888306366751,0.12444798438351676,0.17443125090773956
3,0.07130635414248179,0.03222319049552301,0.07314770439267956,0.04901276470553519,0.024592958274969642,0.07444501479115945,0.12421474870505095,0.174175429181646
1,0.09488467763599297,0.054865714753747706,0.11994480400388594,0.08368351355348465,0.024753668908867314,0.07471794634786164,0.024724203827658366,0.024869531611226597
1,0.12255814062904699,0.08604438095415193,0.07218878552173041,0.10416541157270748,0.02475452374608765,0.07466710078319864,0.024941659577883843,0.024838098128800598
1,0.11186657632329289,0.04407420023789777,0.06387748132351843,0.06890590505144936,0.02475432635364842,0.0746963935470799,0.024838098128800598,0.024802997421549147
2,0.05363854962690159,0.06073396319599789,0.028208138134022405,0.08679341065306935,0.024663059457492788,0.07455048299455583,0.12449489293643999,0.024802997421549147
2,0.11186657632329289,0.04407420023789777,0.06387748132351843,0.06890590505144936,0.024662106144532677,0.07449492663235241,0.12444824130905525,0.024838098128800598
2,0.0851999516242866,0.04317526471545709,0.059571790712124664,0.13430931050421194,0.024662125641783408,0.07456369312864444,0.12451536005312176,0.024869531611226597
3,0.05363854962690159,0.06073396319599789,0.028208138134022405,0.08679341065306935,0.024591619054935728,0.07434874039045097,0.1242546257355846,0.17421172147879738
3,0.047982881729264217,0.03652356633920162,0.04026261032225992,0.09943117886433803,0.024597411344152983,0.07445563456426728,0.12435220233344768,0.17424888382450962
3,0.08038819448240035,0.06517977053527464,0.06877432758366617,0.06677439286478645,0.024593232977450485,0.0744329392200486,0.1243234314383181,0.17427856132848443
1,0.06890487501238926,0.05997043301737938,0.06590441982745265,0.08834912817862248,0.024754044202778384,0.07469926260185943,0.024963459228605062,0.02491713690981384
1,0.07130635414248179,0.03222319049552301,0.07314770439267956,0.04901276470553519,0.02475367373216971,0.07471941556805,0.02496173062235797,0.024724203827658366
1,0.11186657632329289,0.04407420023789777,0.06387748132351843,0.06890590505144936,0.024754006424615914,0.0746996968866345,0.024838098128800598,0.024802997421549147
2,0.09488467763599297,0.054865714753747706,0.11994480400388594,0.08368351355348465,0.0246616288384836,0.07459331219191732,0.12450402865353671,0.024724203827658366
2,0.05363854962690159,0.06073396319599789,0.028208138134022405,0.08679341065306935,0.024662503398520212,0.07455405034073734,0.12449601171321037,0.024802997421549147
2,0.0742389221005832,0.04295940187704787,0.08033591692322505,0.08307114521977386,0.02466007314952038,0.0745560481128095,0.12454208173533036,0.02491713690981384
3,0.08038819448240035,0.06517977053527464,0.06877432758366617,0.06677439286478645,0.02459140512818007,0.07443328106656331,0.12435221297186168,0.1743299964526983
3,0.0851999516242866,0.04317526471545709,0.059571790712124664,0.13430931050421194,0.02459582375918052,0.07449229897367046,0.12430528886578958,0.17425578736712885
3,0.07159363037154909,0.032370046753352255,0.07388312360617998,0.08356119716134518,0.024586304218613117,0.07443517247472403,0.12439902422150871,0.17438672331593444
1,0.047982881729264217,0.03652356633920162,0.04026261032225992,0.09943117886433803,0.0247537399948504,0.07470144071146936,0.024963459228605062,0.024963459228605062
1,0.08252423210871239,0.053262995350577526,0.08971861669836663,0.08110657244413486,0.02475389768191981,0.07470078351502753,0.024963459228605062,0.024963459228605062
1,0.06890487501238926,0.05997043301737938,0.06590441982745265,0.08834912817862248,0.024753578109145424,0.07470405348447628,0.024963459228605062,0.02491713690981384
1,0.08762837530008648,0.048456020645068716,0.04180457008815258,0.09103384330910547,0.024754193527494306,0.07469769992017256,0.024963459228605062,0.02480440398976869
1,0.05363854962690159,0.06073396319599789,0.028208138134022405,0.08679341065306935,0.024753965029766994,0.07470010478649457,0.024802997421549147,0.024890972554880795
2,0.1254204833777257,0.0749052971282329,0.07087367107313604,0.10956589652855947,0.02466292586503467,0.0745576560651766,0.12444816853173749,0.024963459228605062
2,0.0742389221005832,0.04295940187704787,0.08033591692322505,0.08307114521977386,0.024658989153210315,0.07456245335397667,0.1245431605336945,0.02491713690981384
2,0.08038819448240035,0.06517977053527464,0.06877432758366617,0.06677439286478645,0.024663818213860152,0.07455235702289005,0.12449327109409616,0.024890972554880795
2,0.06283027547428012,0.0473745095157923,0.08010128747702303,0.0961022064409307,0.024662300777753752,0.07456081970960475,0.12445982383685542,0.024963459228605062
2,0.1156892777396176,0.04254012896083345,0.10379047654029186,0.09374111044033209,0.02466127170325556,0.07455455865990337,0.1244873821002661,0.02480440398976869
3,0.12255814062904699,0.08604438095415193,0.07218878552173041,0.10416541157270748,0.02459003695142975,0.07443147218331546,0.12429788839384219,0.1742258949719871
3,0.07159363037154909,0.032370046753352255,0.07388312360617998,0.08356119716134518,0.024587057692858575,0.0744487414637433,0.12440112465255738,0.17434206482374673
3,0.06890487501238926,0.05997043301737938,0.06590441982745265,0.08834912817862248,0.02459991551749419,0.07443267410938098,0.12431468243548123,0.17425648641824662
3,0.08762837530008648,0.048456020645068716,0.04180457008815258,0.09103384330910547,0.024592389718147388,0.07443502099972553,0.12423870662878159,0.17420078953206367
3,0.06411871824084053,0.06331973450894858,0.029098636292478726,0.05301161643778729,0.024598081459542516,0.07444839349404249,0.12424904314144408,0.1741221315235946
1,0.05703504919496946,0.07813297325850348,0.048265447377246876,0.09949793869719019,0.02475385228099969,0.07470126463318194,0.02483899853046947,0.024898080676254056
1,0.0742389221005832,0.04295940187704787,0.08033591692322505,0.08307114521977386,0.024753790120093672,0.074701892579137,0.02491713690981384,0.024953241651916955
2,0.09437580689179334,0.04192773832502617,0.039313141136669144,0.12811292091958465,0.02466003731128178,0.07456299910276269,0.1245217772694979,0.024898080676254056
2,0.07159363037154909,0.032370046753352255,0.07388312360617998,0.08356119716134518,0.024660217109664876,0.07458736626276044,0.12457146034482412,0.024953241651916955
3,0.08252423210871239,0.053262995350577526,0.08971861669836663,0.08110657244413486,0.02458679886473836,0.07448522455456703,0.12444642484167624,0.17442015983204384
3,0.0529242279373367,0.04503821905174284,0.07294155461146115,0.08184923645443677,0.024589293953288533,0.07444655217692117,0.12436200988044951,0.17432207479135955
1,0.0529242279373367,0.04503821905174284,0.07294155461146115,0.08184923645443677,0.024754251195317774,0.07469709633962679,0.024952354184820467,0.024936425978715565
1,0.06283027547428012,0.0473745095157923,0.08010128747702303,0.0961022064409307,0.02475402165420026,0.07468755313352592,0.024963459228605062,0.024963459228605062
1,0.06890487501238926,0.05997043301737938,0.06590441982745265,0.08834912817862248,0.024754088663953552,0.07469879619842285,0.024963459228605062,0.02491713690981384
1,0.05703504919496946,0.07813297325850348,0.048265447377246876,0.09949793869719019,0.024754954202570935,0.07470806247584515,0.02483899853046947,0.024898080676254056
1,0.06546059555979246,0.038060985034416205,0.09311405397423883,0.06232615476432014,0.02475385365654325,0.07470124871862154,0.024936425978715565,0.024929009408453186
1,0.05363854962690159,0.06073396319599789,0.028208138134022405,0.08679341065306935,0.02475391272578332,0.07470062705992213,0.024802997421549147,0.024890972554880795
2,0.06546059555979246,0.038060985034416205,0.09311405397423883,0.06232615476432014,0.024660768369863396,0.07455215288474283,0.12453205442650078,0.024936425978715565
2,0.09437580689179334,0.04192773832502617,0.039313141136669144,0.12811292091958465,0.024663508768904233,0.07457929172883995,0.12455142694480911,0.024898080676254056
2,0.08038819448240035,0.06517977053527464,0.06877432758366617,0.06677439286478645,0.024664336330063326,0.07455269032993117,0.12448684791051728,0.024890972554880795
2,0.0743776768104449,0.03686831461316464,0.07064885395887792,0.08643717547968333,0.02465968764872264,0.07455802838058788,0.12453557120689261,0.024929009408453186
2,0.0742389221005832,0.04295940187704787,0.08033591692322505,0.08307114521977386,0.024660618443405613,0.07455533325201666,0.12453721280185263,0.02491713690981384
2,0.06411871824084053,0.06331973450894858,0.029098636292478726,0.05301161643778729,0.024663790761675627,0.0745282055549762,0.12444075008525626,0.024963459228605062
3,0.05703504919496946,0.07813297325850348,0.048265447377246876,0.09949793869719019,0.024589314253969683,0.07440219595146515,0.12426226234158985,0.1742354966952122
3,0.0743776768104449,0.03686831461316464,0.07064885395887792,0.08643717547968333,0.02458574161345326,0.07443296934580827,0.12438500161225752,0.17435957573400584
3,0.07159363037154909,0.032370046753352255,0.07388312360617998,0.08356119716134518,0.024588182957854195,0.07443496235025218,0.12438981695766563,0.17437697505708946
3,0.06890487501238926,0.05997043301737938,0.06590441982745265,0.08834912817862248,0.024604445017987316,0.07443422924196909,0.12430111480793156,0.17421352912728322
3,0.12525766433818597,0.056159466472633465,0.0638184848029183,0.06739610185146377,0.024587124996631113,0.07443434731040642,0.12439065961235851,0.17434793127525938
3,0.0529242279373367,0.04503821905174284,0.07294155461146115,0.08184923645443677,0.02459150394080873,0.07447410850423168,0.1244154141979704,0.1743939618367205
1,0.12525766433818597,0.056159466472633465,0.0638184848029183,0.06739610185146377,0.02475371682302006,0.07470265216846796,0.024932596840680856,0.024963459228605062
1,0.09437580689179334,0.04192773832502617,0.039313141136669144,0.12811292091958465,0.0247536655711038,0.07470316847110312,0.024898080676254056,0.02495235418482047
1,0.06546059555979246,0.038060985034416205,0.09311405397423883,0.06232615476432014,0.024753799499420442,0.07470179627460884,0.024936425978715565,0.024929009408453186
1,0.0742389221005832,0.04295940187704787,0.08033591692322505,0.08307114521977386,0.024753891367480397,0.07471665619843608,0.02491713690981384,0.024953241651916955
1,0.08095145304036078,0.056363986028842905,0.060129158715360995,0.13015376771964599,0.024754100655425094,0.07469867187695271,0.024963459228605062,0.02493485959146785
2,0.057714749709171634,0.06112871984869479,0.0658466933592827,0.1053772618646368,0.024663888137699114,0.07454983676200577,0.12450754258953187,0.02493485959146785
2,0.07159363037154909,0.032370046753352255,0.07388312360617998,0.08356119716134518,0.024660562042163586,0.07458996915708581,0.12457352818849565,0.024953241651916955
2,0.0529242279373367,0.04503821905174284,0.07294155461146115,0.08184923645443677,0.0246598352424219,0.07456278560013878,0.12452384202462866,0.02495235418482047
2,0.08095145304036078,0.056363986028842905,0.060129158715360995,0.13015376771964599,0.02466076455343405,0.07455809235080203,0.12453101154826726,0.024963459228605062
2,0.0743776768104449,0.03686831461316464,0.07064885395887792,0.08643717547968333,0.02465972553491001,0.07455828658941817,0.12453488435283203,0.024929009408453186
3,0.08252423210871239,0.053262995350577526,0.08971861669836663,0.08110657244413486,0.024588141960416744,0.07448482594936513,0.12444868556053,0.17443324385802159
3,0.050776017877108004,0.054912540365427545,0.0413164178526463,0.07970876221824814,0.024597315524945658,0.07442401432131078,0.12434245426351558,0.17433400440212812
3,0.057714749709171634,0.06112871984869479,0.0658466933592827,0.1053772618646368,0.024588719332015802,0.07443760900508581,0.1243929443991676,0.17435818788903917
3,0.12525766433818597,0.056159466472633465,0.0638184848029183,0.06739610185146377,0.024587612948033855,0.07446226840174035,0.12441983969421538,0.17436294585822024
3,0.06546059555979246,0.038060985034416205,0.09311405397423883,0.06232615476432014,0.024585906597568086,0.07444601018908573,0.12437064731479171,0.17434275795433327
1,0.050776017877108004,0.054912540365427545,0.0413164178526463,0.07970876221824814,0.02475371272596256,0.07470268947067289,0.024963459228605062,0.02494507547874243
1,0.0743776768104449,0.03686831461316464,0.07064885395887792,0.08643717547968333,0.024753808499881475,0.07470170398337453,0.024929009408453186,0.024932596840680856
1,0.08095145304036078,0.056363986028842905,0.060129158715360995,0.13015376771964599,0.024754456713193502,0.07469491363824199,0.024963459228605062,0.02493485959146785
1,0.06283027547428012,0.0473745095157923,0.08010128747702303,0.0961022064409307,0.024754329150066912,0.07468428646933477,0.024963459228605062,0.024963459228605062
2,0.057714749709171634,0.06112871984869479,0.0658466933592827,0.1053772618646368,0.02466478570393184,0.07454338507851542,0.12450771025113984,0.02493485959146785
2,0.12525766433818597,0.056159466472633465,0.0638184848029183,0.06739610185146377,0.024660134869772136,0.07456103160130674,0.12452614675658678,0.024932596840680856
2,0.06411871824084053,0.06331973450894858,0.029098636292478726,0.05301161643778729,0.02466319268069551,0.07452511788801885,0.1244544394243146,0.024963459228605062
2,0.15678777427393648,0.042530867925736716,0.07788877982327516,0.08848693250057511,0.024658900384212045,0.07456197895802047,0.12450902319764322,0.02494507547874243
3,0.05703504919496946,0.07813297325850348,0.048265447377246876,0.09949793869719019,0.024591789306816426,0.07439423086505866,0.12426166566443807,0.17424068863165346
3,0.050776017877108004,0.054912540365427545,0.0413164178526463,0.07970876221824814,0.024604371419026883,0.07441897478661527,0.12434569582434765,0.17425394727205057
3,0.08095145304036078,0.056363986028842905,0.060129158715360995,0.13015376771964599,0.024586373366432244,0.0744425578198673,0.124376061703841,0.17435448169984955
3,0.08523903814295106,0.08529204113266656,0.0687324636853267,0.05791751487547387,0.024584232605990224,0.07444450210170893,0.12433748550680593,0.174256536824765
1,0.09437580689179334,0.04192773832502617,0.039313141136669144,0.12811292091958465,0.02475385504217304,0.07470124052939554,0.024898080676254056,0.02495235418482047
1,0.05759215736577452,0.06695018363674642,0.07697610631725549,0.06277437216471042,0.02475458992992726,0.07459774985272856,0.024858759760527857,0.024963459228605062
1,0.15678777427393648,0.042530867925736716,0.07788877982327516,0.08848693250057511,0.024753561441088784,0.07471490897730793,0.02494507547874243,0.02495085794998119
1,0.09843645674687125,0.02295791710160607,0.05572829675373444,0.0872418199562253,0.024753613327994806,0.07469745782871175,0.024963459228605062,0.024658659655030793
1,0.06546059555979246,0.038060985034416205,0.09311405397423883,0.06232615476432014,0.024753743355278898,0.0747023858894888,0.024936425978715565,0.024929009408453186
2,0.08523903814295106,0.08529204113266656,0.0687324636853267,0.05791751487547387,0.024659628628679566,0.0745849943530011,0.12452155636623484,0.02495085794998119
2,0.09843645674687125,0.02295791710160607,0.05572829675373444,0.0872418199562253,0.02466233335767406,0.07437973306818106,0.12424261529965089,0.024963459228605062
2,0.0743776768104449,0.03686831461316464,0.07064885395887792,0.08643717547968333,0.024660071965852383,0.07455870204509839,0.1245306262168463,0.024929009408453186
2,0.04897364503834678,0.0641115372683889,0.077895672198131,0.0660473696941681,0.02465975243145496,0.07458254997849281,0.12452325149039042,0.024658659655030793
2,0.0529242279373367,0.04503821905174284,0.07294155461146115,0.08184923645443677,0.02465978594663547,0.07455898083570203,0.12453137391649638,0.02495235418482047
3,0.12525766433818597,0.056159466472633465,0.0638184848029183,0.06739610185146377,0.02458509360259298,0.0744415681757039,0.1243850152582937,0.17435635342031333
3,0.04897364503834678,0.0641115372683889,0.077895672198131,0.0660473696941681,0.024596521351807645,0.07421222459874831,0.12402767989424775,0.1738963614521748
3,0.06546059555979246,0.038060985034416205,0.09311405397423883,0.06232615476432014,0.02458473592339861,0.07444005562499828,0.12438308094031382,0.17435697401425324
3,0.07130172944184499,0.06832112586237521,0.08961560304723934,0.07210051494694086,0.024585728273007784,0.07446748661442555,0.12435692464939913,0.17428150633278916
3,0.05759215736577452,0.06695018363674642,0.07697610631725549,0.06277437216471042,0.024585891580986483,0.07442873319484987,0.12430806406921031,0.1741795724848407
1,0.0743776768104449,0.03686831461316464,0.07064885395887792,0.08643717547968333,0.024754014315015147,0.07469957410082646,0.024929009408453186,0.024932596840680856
1,0.07099789990402529,0.06013632267906735,0.11869784770604697,0.0904602320451346,0.02475395011029969,0.07470023888327877,0.024939954558581924,0.024834523255291962
1,0.09843645674687125,0.02295791710160607,0.05572829675373444,0.0872418199562253,0.02475353028363004,0.0746983073772857,0.024963459228605062,0.024658659655030793
1,0.07130172944184499,0.06832112586237521,0.08961560304723934,0.07210051494694086,0.024754521492639125,0.074680247041462,0.02485315030196937,0.024939954558581924
2,0.07099789990402529,0.06013632267906735,0.11869784770604697,0.0904602320451346,0.024663164725275785,0.07453266465913969,0.12441666892531471,0.024939954558581924
2,0.04897364503834678,0.0641115372683889,0.077895672198131,0.0660473696941681,0.024659758587784637,0.07455059485218604,0.12448427650020578,0.024658659655030793
2,0.12525766433818597,0.056159466472633465,0.0638184848029183,0.06739610185146377,0.024660835600929864,0.0745540691193505,0.12453068006307291,0.024932596840680856
2,0.10959559175998818,0.05727706496337615,0.06745591639864892,0.07575611722261176,0.02466211256693109,0.07455381088809646,0.12451992105590795,0.024834523255291962
3,0.07828661670259958,0.05744625941557408,0.07961439949641104,0.045217666794366805,0.02459567241553917,0.07443079227901754,0.1243624956583874,0.17430816603641883
3,0.08095145304036078,0.056363986028842905,0.060129158715360995,0.13015376771964599,0.02458808531198957,0.0744329930278698,0.12438360604707736,0.17435880951736996
3,0.07130172944184499,0.06832112586237521,0.08961560304723934,0.07210051494694086,0.024588155350026914,0.07447655459031732,0.1243453880519497,0.17425087109270795
3,0.10959559175998818,0.05727706496337615,0.06745591639864892,0.07575611722261176,0.024596107548770858,0.07441491467017892,0.12417629401361477,0.1741604172369245
1,0.07099789990402529,0.06013632267906735,0.11869784770604697,0.0904602320451346,0.0247541563211091,0.07469808549505853,0.024939954558581924,0.024834523255291962
1,0.07828661670259958,0.05744625941557408,0.07961439949641104,0.045217666794366805,0.024754140832349027,0.07469825003259611,0.024963459228605062,0.024941673587999424
1,0.15678777427393648,0.042530867925736716,0.07788877982327516,0.08848693250057511,0.02475357211738811,0.07471695311832774,0.02494507547874243,0.02495085794998119
1,0.09843645674687125,0.02295791710160607,0.05572829675373444,0.0872418199562253,0.024753656283529338,0.07469701408630787,0.024963459228605062,0.024658659655030793
2,0.10959559175998818,0.05727706496337615,0.06745591639864892,0.07575611722261176,0.024660682005313704,0.07455313103106742,0.12453587393664015,0.024834523255291962
2,0.0789741513388558,0.03363622149683519,0.05063685434053444,0.12853719593798546,0.024660960780527597,0.07455218514403585,0.12454933158289094,0.024941673587999424
2,0.04897364503834678,0.0641115372683889,0.077895672198131,0.0660473696941681,0.024659896261929784,0.07454796171140916,0.12448737543245064,0.024658659655030793
2,0.08523903814295106,0.08529204113266656,0.0687324636853267,0.05791751487547387,0.024660405477377894,0.07458592649562205,0.12451715956435175,0.02495085794998119
3,0.06618347050851231,0.041111379657655774,0.0904107499925669,0.10166549716077208,0.02459097371612794,0.0744281901779436,0.12441981786542018,0.17436742439735783
3,0.07828661670259958,0.05744625941557408,0.07961439949641104,0.045217666794366805,0.02458614567447778,0.07443499055003894,0.12439055857852141,0.1743681791432905
3,0.07130172944184499,0.06832112586237521,0.08961560304723934,0.07210051494694086,0.02458546528559784,0.07442119936298089,0.12430882051456092,0.1742693522264448
3,0.05759215736577452,0.06695018363674642,0.07697610631725549,0.06277437216471042,0.024589389045666068,0.07448109347318187,0.1243574945763324,0.1741931513423524
1,0.07099789990402529,0.06013632267906735,0.11869784770604697,0.0904602320451346,0.02475376871531502,0.07470212425118677,0.024939954558581924,0.024834523255291962
1,0.09843645674687125,0.02295791710160607,0.05572829675373444,0.0872418199562253,0.02475358016817821,0.07469780026576303,0.024963459228605062,0.024658659655030793
2,0.10959559175998818,0.05727706496337615,0.06745591639864892,0.07575611722261176,0.024660741865818424,0.07455874942674379,0.12452698210116922,0.024834523255291962
2,0.04897364503834678,0.0641115372683889,0.077895672198131,0.0660473696941681,0.024659790164206587,0.07455239650162426,0.12447829425301228,0.024658659655030793
3,0.07130172944184499,0.06832112586237521,0.08961560304723934,0.07210051494694086,0.024588249835419195,0.0744378282589438,0.12428460850085185,0.17417215527517396
3,0.07828661670259958,0.05744625941557408,0.07961439949641104,0.045217666794366805,0.024587657211799212,0.07444324456695267,0.1243935659507627,0.17432067108405971
1,0.03681152412757846,0.06304620976034869,0.06421097953410665,0.11450670022614154,0.02475365942058393,0.07470323081964539,0.02494777698826529,0.02488120123053388
1,0.12598446924571532,0.04239312140141324,0.0788714491281397,0.08541176086519725,0.02475425423012313,0.07469714413995707,0.024963459228605062,0.02496223975384409
2,0.06597623544349321,0.043509367798306345,0.0594290103980119,0.07848322076412456,0.024661031743824162,0.07455934467952348,0.1245300594096269,0.02488120123053388
2,0.06277056627567972,0.0701748866514061,0.07391409413352082,0.07809774623446061,0.024660574414317158,0.0745541046957837,0.12455217276715946,0.02496223975384409
3,0.07625331797856853,0.05189075583686974,0.1071770524821802,0.08824393141111385,0.024588549120930593,0.07442931844914903,0.12442381383003966,0.17436924011669153
3,0.12598446924571532,0.04239312140141324,0.0788714491281397,0.08541176086519725,0.02459168914238686,0.07443940633910305,0.124383368940733,0.17435228674546768
1,0.06277056627567972,0.0701748866514061,0.07391409413352082,0.07809774623446061,0.024753812513912326,0.0747178945030045,0.02496223975384409,0.024963459228605062
1,0.07828661670259958,0.05744625941557408,0.07961439949641104,0.045217666794366805,0.024754803072661785,0.07469119218437663,0.024941673587999424,0.024834523255291962
1,0.07130172944184499,0.06832112586237521,0.08961560304723934,0.07210051494694086,0.024754186981366038,0.07468392117933086,0.024658659655030793,0.02485315030196937
1,0.03681152412757846,0.06304620976034869,0.06421097953410665,0.11450670022614154,0.024754031704355826,0.07469939240839778,0.02494777698826529,0.02488120123053388
2,0.07625331797856853,0.05189075583686974,0.1071770524821802,0.08824393141111385,0.024662312221377772,0.07458757617215701,0.12452195917075619,0.024963459228605062
2,0.06597623544349321,0.043509367798306345,0.0594290103980119,0.07848322076412456,0.024659742315044385,0.07455635572570135,0.12454828997091721,0.02488120123053388
2,0.07099789990402529,0.06013632267906735,0.11869784770604697,0.0904602320451346,0.02466367080781184,0.07452144760485908,0.12444233100700737,0.02485315030196937
2,0.0789741513388558,0.03363622149683519,0.05063685434053444,0.12853719593798546,0.024663242509907323,0.07454098392856985,0.12454186345207888,0.024834523255291962
3,0.074480166435444,0.03572874740269999,0.04682446959577652,0.07799287812411138,0.024591954874736605,0.07448141183763315,0.12436175623840569,0.17432406479369666
3,0.06618347050851231,0.041111379657655774,0.0904107499925669,0.10166549716077208,0.02458942249963834,0.07441941745306836,0.12441228030440367,0.17440764722045266
3,0.12598446924571532,0.04239312140141324,0.0788714491281397,0.08541176086519725,0.024585167123960142,0.07443624020639544,0.12441220929825805,0.17439238218561404
3,0.10959559175998818,0.05727706496337615,0.06745591639864892,0.07575611722261176,0.024594304924971295,0.07439329957883559,0.12427115008262227,0.17413858931623089
1,0.10357901360357327,0.025705583670256195,0.0766126671361664,0.09679982028161455,0.024753541465165653,0.07470442312717804,0.02484685753352996,0.02486409895993191
1,0.07828661670259958,0.05744625941557408,0.07961439949641104,0.045217666794366805,0.024753943235997694,0.07470031291471516,0.024963459228605062,0.024941673587999424
1,0.13429622033790292,0.050585711066019015,0.0634434176762515,0.040727885992244126,0.02475391552522556,0.07470059982320397,0.024963459228605062,0.02494777698826529
2,0.0789741513388558,0.03363622149683519,0.05063685434053444,0.12853719593798546,0.02466040009834061,0.07455507699831851,0.12455260812120131,0.024941673587999424
2,0.03681152412757846,0.06304620976034869,0.06421097953410665,0.11450670022614154,0.0246600060054177,0.07455668851260712,0.12451470807330244,0.02494777698826529
2,0.05079022591856121,0.0460894606055981,0.05026594601758749,0.0432110336682054,0.024658932798398224,0.07456261653849915,0.1244912518754005,0.02486409895993191
3,0.06618347050851231,0.041111379657655774,0.0904107499925669,0.10166549716077208,0.024585507266318023,0.07443359515931908,0.12442539883074773,0.17441259341161072
3,0.06597623544349321,0.043509367798306345,0.0594290103980119,0.07848322076412456,0.024589955292068068,0.07443546009568176,0.12434894943195761,0.1742842585581197
3,0.07212910195186184,0.06945247686536113,0.08606244102294407,0.08692879535682062,0.02458431173732633,0.07448782916251906,0.12434818929503424,0.17427026850985716
1,0.10357901360357327,0.025705583670256195,0.0766126671361664,0.09679982028161455,0.0247535423377651,0.07471685496523901,0.02486409895993191,0.024949872074238728
1,0.12598446924571532,0.04239312140141324,0.0788714491281397,0.08541176086519725,0.024753755196731578,0.07470226270081674,0.024963459228605062,0.02496223975384409
1,0.13333397029509242,0.042347585655351114,0.10621464450235518,0.12150712962178827,0.024753715806283685,0.07470265570419007,0.02481673732333203,0.024887344422720108
1,0.13429622033790292,0.050585711066019015,0.0634434176762515,0.040727885992244126,0.024754425125259265,0.07469524868064464,0.024963459228605062,0.02494777698826529
2,0.03681152412757846,0.06304620976034869,0.06421097953410665,0.11450670022614154,0.02466299006700244,0.07454788899041136,0.12449698397886941,0.02494777698826529
2,0.05079022591856121,0.0460894606055981,0.05026594601758749,0.0432110336682054,0.024660448643536212,0.07459594075057795,0.12450228693135496,0.024949872074238728
2,0.06277056627567972,0.0701748866514061,0.07391409413352082,0.07809774623446061,0.02466199834368368,0.07455795372111255,0.12453028460650402,0.02496223975384409
2,0.08017400233305717,0.04745943230163291,0.09215914149210495,0.07727891034102369,0.02466171917379647,0.0745577997489628,0.12444729064546069,0.024887344422720108
3,0.07625331797856853,0.05189075583686974,0.1071770524821802,0.08824393141111385,0.024594743330389267,0.07443858239887073,0.12438499455640152,0.17432360293725233
3,0.06682761033789607,0.04275448866726973,0.08070681090995638,0.15524930047684532,0.02459108519552428,0.07443681722748816,0.1242292388282773,0.17414603836444562
3,0.06597623544349321,0.043509367798306345,0.0594290103980119,0.07848322076412456,0.024590401911377603,0.0744269527597958,0.1243610602965046,0.174351695474248
3,0.07212910195186184,0.06945247686536113,0.08606244102294407,0.08692879535682062,0.024591093224546487,0.07448692891253166,0.1242845564979438,0.17417941107538962
1,0.07748262205885577,0.046414871435288364,0.06116416264069309,0.07863904224669514,0.02475379356557083,0.07471690848156433,0.02476714710999544,0.024911654346303252
1,0.12598446924571532,0.04239312140141324,0.0788714491281397,0.08541176086519725,0.024753593283140907,0.07470390293065886,0.024963459228605062,0.02496223975384409
1,0.10357901360357327,0.025705583670256195,0.0766126671361664,0.09679982028161455,0.024753607572378006,0.07470375821610867,0.02486409895993191,0.024949872074238728
2,0.06277056627567972,0.0701748866514061,0.07391409413352082,0.07809774623446061,0.02466091227531988,0.0745611881951958,0.12453615792481007,0.02496223975384409
2,0.05079022591856121,0.0460894606055981,0.05026594601758749,0.0432110336682054,0.024659320887060004,0.07456088505246478,0.12449046195563677,0.024949872074238728
2,0.08115662254421621,0.0805259650953378,0.07545005860402773,0.07383036653962832,0.024663992258220694,0.07455621571926253,0.12445102949317788,0.024911654346303252
3,0.07212910195186184,0.06945247686536113,0.08606244102294407,0.08692879535682062,0.02458340611882555,0.07444173719438753,0.12430698832973949,0.17422539242920793
3,0.07625331797856853,0.05189075583686974,0.1071770524821802,0.08824393141111385,0.024588164501947868,0.07444023416853728,0.12440101625505272,0.17437160407586222
3,0.09571510609342405,0.049841005760851737,0.06421640856842703,0.05258649516526055,0.024595731251737973,0.07443478180475947,0.12420497357110138,0.17415493038325525
1,0.08078367413589047,0.041522307264276075,0.0816509493151223,0.05793790021643826,0.02475371755829693,0.07468805301486647,0.024782023143089974,0.02488338239732857
1,0.07748262205885577,0.046414871435288364,0.06116416264069309,0.07863904224669514,0.02475383099749914,0.07470147836087283,0.02476714710999544,0.024911654346303252
1,0.08082644499159229,0.06561822288360167,0.1044054860850801,0.10360100925125897,0.02475462953932181,0.07468405537188255,0.024963459228605062,0.02488053788870472
1,0.074480166435444,0.03572874740269999,0.04682446959577652,0.07799287812411138,0.024753616489110845,0.07471940377093989,0.024963459228605062,0.02488053788870472
2,0.08115662254421621,0.0805259650953378,0.07545005860402773,0.07383036653962832,0.024663773781638074,0.07455488113895417,0.12443395679900336,0.024911654346303252
2,0.07595743615773505,0.07852311064537451,0.062136571439875735,0.08279002514431537,0.024661580571253065,0.0745302002855853,0.12434879235964266,0.02488338239732857
2,0.08082644499159229,0.06561822288360167,0.1044054860850801,0.10360100925125897,0.024663148741200062,0.0745935264668129,0.12449049690917918,0.02488053788870472
2,0.0935514641417855,0.023864164291271944,0.10969677593881111,0.09959444249278923,0.024662560679053515,0.0745290380729567,0.12447395653403945,0.02488053788870472
3,0.10357901360357327,0.025705583670256195,0.0766126671361664,0.09679982028161455,0.02459131610016625,0.0744000910706152,0.12428254422626452,0.17422987736527368
3,0.09571510609342405,0.049841005760851737,0.06421640856842703,0.05258649516526055,0.024594804597911045,0.07443286329654185,0.12427108708032787,0.17423109858475191
3,0.0935514641417855,0.023864164291271944,0.10969677593881111,0.09959444249278923,0.02460709467935457,0.07446250511354746,0.12420899013054634,0.173986001429078
3,0.05777198270888715,0.030897150190179017,0.054658688773913215,0.0911792605705821,0.024589668651843057,0.07444022796181043,0.12411157435462783,0.17397238780330657
1,0.07748262205885577,0.046414871435288364,0.06116416264069309,0.07863904224669514,0.024753971982486012,0.07471136322047056,0.02476714710999544,0.024911654346303252
1,0.07953873946443896,0.06921603524184561,0.036835248001418186,0.06946362007138318,0.02475372392091753,0.07470257138269078,0.024626600428561254,0.024955501331583318
2,0.1136507891073277,0.05799787232045041,0.08376722304902051,0.041595057684693876,0.02466023983550547,0.07456112962635805,0.12453072780052961,0.024955501331583318
2,0.08115662254421621,0.0805259650953378,0.07545005860402773,0.07383036653962832,0.024666762648451995,0.07457812308484624,0.12442302653460395,0.024911654346303252
3,0.10275790323536055,0.05241705748277308,0.09816042317017427,0.11216961154432215,0.024590373040358264,0.07448270639472229,0.12440814189843262,0.17435536287635142
3,0.09571510609342405,0.049841005760851737,0.06421640856842703,0.05258649516526055,0.02460020817809517,0.07443291596638961,0.1241793685703004,0.1741290952212014
1,0.08078367413589047,0.041522307264276075,0.0816509493151223,0.05793790021643826,0.02475408983492046,0.0747014345434705,0.024782023143089974,0.02488338239732857
1,0.13333397029509242,0.042347585655351114,0.10621464450235518,0.12150712962178827,0.02475363862695457,0.07471816049014088,0.02481673732333203,0.024887344422720108
1,0.07595743615773505,0.07852311064537451,0.062136571439875735,0.08279002514431537,0.024753964708582415,0.07458856864641757,0.024782023143089974,0.02488338239732857
1,0.08017400233305717,0.04745943230163291,0.09215914149210495,0.07727891034102369,0.02475355226205123,0.0746627053519844,0.024887344422720108,0.024963459228605062
2,0.08017400233305717,0.04745943230163291,0.09215914149210495,0.07727891034102369,0.024661967068898023,0.07459109985930609,0.12447366443822458,0.024887344422720108
2,0.05777198270888715,0.030897150190179017,0.054658688773913215,0.0911792605705821,0.02466020436571135,0.07436329960819825,0.1242532507312199,0.02488338239732857
2,0.07595743615773505,0.07852311064537451,0.062136571439875735,0.08279002514431537,0.024666583583058732,0.07455491893307332,0.12431848233172893,0.02488338239732857
2,0.06682761033789607,0.04275448866726973,0.08070681090995638,0.15524930047684532,0.024658823551110806,0.07448568832995985,0.12439141565478826,0.024963459228605062
3,0.07953873946443896,0.06921603524184561,0.036835248001418186,0.06946362007138318,0.024584057139204245,0.0741998765450344,0.12399188369442317,0.17396472600816773
3,0.06682761033789607,0.04275448866726973,0.08070681090995638,0.15524930047684532,0.02459705987390062,0.07448820411156647,0.1242543503441488,0.17414268588076293
3,0.07748262205885577,0.046414871435288364,0.06116416264069309,0.07863904224669514,0.024583649920893368,0.07433714683050803,0.12415920100125397,0.17413541074399821
3,0.05777198270888715,0.030897150190179017,0.054658688773913215,0.0911792605705821,0.024604542768728473,0.07445674418598558,0.12406461443809728,0.1739703119064677
1,0.08115662254421621,0.0805259650953378,0.07545005860402773,0.07383036653962832,0.024754517046751495,0.07465807406105333,0.024911654346303252,0.024963459228605062
2,0.09571510609342405,0.049841005760851737,0.06421640856842703,0.05258649516526055,0.024662042685019397,0.0744803350927124,0.12440105811256488,0.024963459228605062
3,0.08078367413589047,0.041522307264276075,0.0816509493151223,0.05793790021643826,0.024587965717564726,0.07433950153823167,0.12417448943797095,0.17410690705022705
1,0.07595743615773505,0.07852311064537451,0.062136571439875735,0.08279002514431537,0.024755356301694346,0.07457017105442773,0.02488338239732857,0.024832205213322706
1,0.10275790323536055,0.05241705748277308,0.09816042317017427,0.11216961154432215,0.024753821424198123,0.07470158888371844,0.024955501331583318,0.024963459228605062
1,0.08115662254421621,0.0805259650953378,0.07545005860402773,0.07383036653962832,0.0247543076498435,0.0746605796006233,0.02476714710999544,0.024911654346303252
2,0.13232652910992282,0.047598923543039004,0.023476816987992165,0.0841152845943261,0.024659518679380037,0.07455904432487177,0.12445723848956243,0.024963459228605062
2,0.09571510609342405,0.049841005760851737,0.06421640856842703,0.05258649516526055,0.024660002182326047,0.07449094753541266,0.1244047430916764,0.024911654346303252
2,0.05777198270888715,0.030897150190179017,0.054658688773913215,0.0911792605705821,0.0246651324934768,0.07433815234271199,0.12418849541521133,0.024832205213322706
3,0.05977930507597369,0.08712145704881502,0.07522684079698912,0.12252158448060899,0.02458848089201274,0.07443724511377185,0.12424200385185767,0.1740156672463089
3,0.07953873946443896,0.06921603524184561,0.036835248001418186,0.06946362007138318,0.024598574431731423,0.07416257115303597,0.1238866964142404,0.17384713384045275
3,0.08078367413589047,0.041522307264276075,0.0816509493151223,0.05793790021643826,0.024586428500880508,0.07435467177972493,0.124162962408643,0.17410741280410144
1,0.07595743615773505,0.07852311064537451,0.062136571439875735,0.08279002514431537,0.024754779802421377,0.0745779921548939,0.02488338239732857,0.024832205213322706
1,0.08136844506758714,0.07258819112232709,0.08763415174134466,0.11323605012289803,0.0247546441532692,0.07466892350645253,0.024797422458516547,0.02480623318525471
1,0.1136507891073277,0.05799787232045041,0.08376722304902051,0.041595057684693876,0.024753867903471886,0.07471633852543212,0.024955501331583318,0.024963459228605062
2,0.0951437681693327,0.06678053171943553,0.05295390041226152,0.159988118467294,0.024664195504207176,0.07449857139005722,0.12441510267842407,0.02480623318525471
2,0.10275790323536055,0.05241705748277308,0.09816042317017427,0.11216961154432215,0.02466031316782484,0.0745872506856884,0.12456514801115394,0.024963459228605062
2,0.05777198270888715,0.030897150190179017,0.054658688773913215,0.0911792605705821,0.024664998954039515,0.07434347075266828,0.12425578965266564,0.024832205213322706
3,0.13232652910992282,0.047598923543039004,0.023476816987992165,0.0841152845943261,0.02458471828091276,0.07444498962164588,0.1244000068463873,0.1742764530275945
3,0.11789058800332625,0.050511257881223355,0.07980014849700649,0.1081884721386941,0.024597331070428562,0.0743570963065911,0.12420034620403125,0.17411165590442598
3,0.07953873946443896,0.06921603524184561,0.036835248001418186,0.06946362007138318,0.024600927671522388,0.07417217895984697,0.12399931329636758,0.17391387864289135
1,0.08936562737779352,0.051593728485618974,0.06084432285818878,0.047556946002466835,0.024753633412913284,0.07467837415614109,0.024548265864260878,0.02457324677560499
1,0.05977930507597369,0.08712145704881502,0.07522684079698912,0.12252158448060899,0.02475445081479845,0.07456796921443182,0.024963459228605062,0.024740979502858945
1,0.08936562737779352,0.051593728485618974,0.06084432285818878,0.047556946002466835,0.02475432041157055,0.07467088005931717,0.024548265864260878,0.02457324677560499
2,0.12112227628055776,0.03677518897833177,0.11127931813842258,0.1099673787208018,0.024662194931138484,0.07433819106203901,0.12414924981630313,0.024740979502858945
2,0.05416263835932439,0.03342672121709822,0.06657962067728614,0.09011289541907751,0.024662077634288286,0.07450306416922706,0.12442260371349158,0.02457324677560499
2,0.05416263835932439,0.03342672121709822,0.06657962067728614,0.09011289541907751,0.024658942347610277,0.07451514807563366,0.12443820299568671,0.02457324677560499
3,0.036747171374598826,0.07931500001753782,0.09129203272463945,0.10998011142026025,0.024603376724340036,0.07437266532230206,0.12419416817796929,0.1739068105837018
3,0.08328249445975638,0.02694245611844413,0.10870853970655843,0.07604212466980083,0.024589885179013775,0.07417493093434231,0.12384432587237858,0.17367036573029043
3,0.036747171374598826,0.07931500001753782,0.09129203272463945,0.10998011142026025,0.024590599004591245,0.07439311217388823,0.12421588592828575,0.1739810406240415
1,0.1291246987220931,0.037517128782466914,0.05984500897722941,0.08890495951479815,0.024754041099003792,0.07455557296229177,0.024963459228605062,0.02454826586426088
1,0.09513416930339831,0.0772710522002101,0.03614375283055464,0.06464917373318596,0.02475507615169572,0.07468461438934137,0.02495497249919128,0.0248054246337033
1,0.08136844506758714,0.07258819112232709,0.08763415174134466,0.11323605012289803,0.02475452845646536,0.07467018663795028,0.024947999451232633,0.024797422458516547
1,0.13232652910992282,0.047598923543039004,0.023476816987992165,0.0841152845943261,0.0247541506013379,0.07464415485722693,0.024963459228605062,0.024963459228605062
2,0.0951437681693327,0.06678053171943553,0.05295390041226152,0.159988118467294,0.024667732732201332,0.07449632252596967,0.12437172991043743,0.024797422458516547
2,0.08936562737779352,0.051593728485618974,0.06084432285818878,0.047556946002466835,0.024662341116807734,0.07431552725823418,0.12410766205353074,0.02454826586426088
2,0.05977930507597369,0.08712145704881502,0.07522684079698912,0.12252158448060899,0.024659853919616715,0.07445808118961228,0.12428698897967108,0.024963459228605062
2,0.08654248912897655,0.047604452350338014,0.03977213310689649,0.07794043509061505,0.024663114909661634,0.07453455936242381,0.1244903150149377,0.0248054246337033
3,0.10320937202384743,0.03398043111009202,0.0953347909153486,0.08119813962406289,0.024591387139275295,0.0744094420392609,0.12430961010370889,0.17430599764573382
3,0.11789058800332625,0.050511257881223355,0.07980014849700649,0.1081884721386941,0.02459715304988101,0.07436095347248943,0.12416470044128672,0.174139662791489
3,0.12112227628055776,0.03677518897833177,0.11127931813842258,0.1099673787208018,0.024587534451917477,0.07430328167021624,0.12408939679136184,0.17386316005318042
3,0.05416263835932439,0.03342672121709822,0.06657962067728614,0.09011289541907751,0.02459430310096842,0.07414939482866285,0.12379014079824147,0.1736822716690091
1,0.05630855164283796,0.050572592722094606,0.0738044680478874,0.07674304703884137,0.024753628934907027,0.07470353909371734,0.024963459228605062,0.024963459228605062
1,0.08328249445975638,0.02694245611844413,0.10870853970655843,0.07604212466980083,0.024753552086019377,0.07454571933279538,0.024602309661356837,0.024963459228605062
2,0.06713164482796552,0.06010624108969038,0.0455920037985591,0.10621717673262204,0.024660588388266545,0.07459237041237728,0.12455873376235481,0.024963459228605062
2,0.1291246987220931,0.037517128782466914,0.05984500897722941,0.08890495951479815,0.024658976984143217,0.07430272764913683,0.12409556098908447,0.024963459228605062
3,0.08936562737779352,0.051593728485618974,0.06084432285818878,0.047556946002466835,0.02458340781590011,0.07413269475772474,0.12386459063599038,0.17370745648497804
3,0.09548567126303249,0.019793631824226825,0.05903481840977853,0.08702852381961425,0.024587492838403044,0.07443897707908002,0.12437331577514349,0.17435649861517202
1,0.1335389653663557,0.059524645796855125,0.06396205868560748,0.10733069504272935,0.02475385378758357,0.07470125800679223,0.024963459228605062,0.024941823792081763
1,0.05416263835932439,0.03342672121709822,0.06657962067728614,0.09011289541907751,0.02475387257194516,0.07469688410102965,0.02457324677560499,0.02480623318525471
1,0.11789058800332625,0.050511257881223355,0.07980014849700649,0.1081884721386941,0.024753663778443354,0.07470318571933279,0.024810183760046664,0.024848711558007913
2,0.10374581047269231,0.06810490003791685,0.1114390066322235,0.11511510152645235,0.024661547375634845,0.07455968798403095,0.1244733433505786,0.024848711558007913
2,0.036747171374598826,0.07931500001753782,0.09129203272463945,0.10998011142026025,0.02466164898488477,0.07457283199718197,0.12448370321443261,0.02480623318525471
2,0.055726474823478395,0.0503238544092789,0.07660565623493844,0.09037825099901683,0.024660284701082315,0.07455774417751122,0.12453149697174047,0.024941823792081763
3,0.03821456739295843,0.045639882506498225,0.09608015408056567,0.08886662374255583,0.02458549582844542,0.0744380579969606,0.12438712504863635,0.17437070128339022
3,0.10300029558084166,0.06446923156607641,0.08844507247136092,0.06867085808802793,0.02458914366172302,0.07448646367649427,0.12433798979820616,0.17429022140920608
3,0.08136844506758714,0.07258819112232709,0.08763415174134466,0.11323605012289803,0.02458888165025947,0.07446410602719089,0.1242948808975164,0.17421289814747298
1,0.05630855164283796,0.050572592722094606,0.0738044680478874,0.07674304703884137,0.024753697001553318,0.0747028532891094,0.024963459228605062,0.024963459228605062
1,0.12375803970092858,0.023159298533419165,0.11210088921622696,0.09648170800393646,0.024753791993801684,0.07467632860043932,0.02483346148706336,0.02495497249919128
2,0.09513416930339831,0.0772710522002101,0.03614375283055464,0.06464917373318596,0.02466054802351089,0.07451203507972015,0.12442142586411223,0.02495497249919128
2,0.06713164482796552,0.06010624108969038,0.0455920037985591,0.10621717673262204,0.02466120856091864,0.07455880673460528,0.1245184583353952,0.024963459228605062
3,0.09548567126303249,0.019793631824226825,0.05903481840977853,0.08702852381961425,0.02458859451370701,0.07443899412881295,0.12436805741425334,0.17435046722991043
3,0.08654248912897655,0.047604452350338014,0.03977213310689649,0.07794043509061505,0.024586146818553967,0.0743758124793967,0.12421068007585945,0.1741826057842253
1,0.09534178143504586,0.04449038628029184,0.06949745791920495,0.09921328754564158,0.02475383567381763,0.07470142621814321,0.024925105212556493,0.024963459228605062
1,0.1335389653663557,0.059524645796855125,0.06396205868560748,0.10733069504272935,0.024753746555282702,0.074702351755087,0.024963459228605062,0.024941823792081763
2,0.07409679663252669,0.041860121885972566,0.06489857230628157,0.03771413069665683,0.024660061772902482,0.07455949367477464,0.1245140791417963,0.024963459228605062
2,0.055726474823478395,0.0503238544092789,0.07660565623493844,0.09037825099901683,0.024658874959062178,0.07456209039157793,0.12452825717465346,0.024941823792081763
3,0.1402520756012577,0.052087087538871917,0.06032616068312865,0.05708282303489315,0.02458369516036391,0.07444326400946748,0.12435812072945372,0.17431414058206887
3,0.03821456739295843,0.045639882506498225,0.09608015408056567,0.08886662374255583,0.02458353436448748,0.07444420812553586,0.12437188684962253,0.17434917573971717
1,0.09548567126303249,0.019793631824226825,0.05903481840977853,0.08702852381961425,0.024753512945476824,0.07470470859795064,0.024963459228605062,0.02486040614634864
1,0.12375803970092858,0.023159298533419165,0.11210088921622696,0.09648170800393646,0.02475371763372451,0.07467714120632081,0.02483346148706336,0.02495497249919128
1,0.05630855164283796,0.050572592722094606,0.0738044680478874,0.07674304703884137,0.0247536277257483,0.07470355153800104,0.02486040614634864,0.024963459228605062
2,0.06713164482796552,0.06010624108969038,0.0455920037985591,0.10621717673262204,0.024660730314780988,0.07458948259342649,0.12455809974068917,0.024963459228605062
2,0.1335389653663557,0.059524645796855125,0.06396205868560748,0.10733069504272935,0.02465960095444161,0.0746085294224179,0.12456738684838088,0.02486040614634864
2,0.09513416930339831,0.0772710522002101,0.03614375283055464,0.06464917373318596,0.024659786571689744,0.07451434401723445,0.12442602222915458,0.02495497249919128
3,0.08654248912897655,0.047604452350338014,0.03977213310689649,0.07794043509061505,0.024585834833427137,0.07437607453779672,0.12421258657399045,0.1741660312640406
3,0.09548567126303249,0.019793631824226825,0.05903481840977853,0.08702852381961425,0.0245890402236805,0.07443952330518219,0.12436769614861398,0.17435164310351933
3,0.055726474823478395,0.0503238544092789,0.07660565623493844,0.09037825099901683,0.02458690437496451,0.07450994995015545,0.12442646437782905,0.17439055280647864
1,0.044122013813140064,0.06906412211391726,0.03943433518310016,0.13010779535501416,0.02475404488586083,0.07467659823904975,0.024963459228605062,0.024963459228605062
2,0.06742198598017654,0.030412058714450803,0.10955633277522478,0.07304796049682186,0.02466099429541208,0.07451036176559551,0.12443424993088041,0.024963459228605062
3,0.08376741942701388,0.054489410633151505,0.07106973300212233,0.10454521086796076,0.024587043030875787,0.07437235771674475,0.12418643255608296,0.17405104037541116
1,0.11097653168983447,0.03251955312277166,0.05037968393108143,0.08685045514340449,0.0247537486327866,0.07470233049746403,0.024893121820593802,0.024963459228605062
1,0.10369094076933694,0.07966681254008975,0.06471203253991527,0.05497945727696385,0.024753743355429944,0.07471664767891913,0.024671143526909006,0.024906338767974164
1,0.09534178143504586,0.04449038628029184,0.06949745791920495,0.09921328754564158,0.024753797339849,0.07470181777307482,0.024482183769544454,0.024925105212556493
1,0.055726474823478395,0.0503238544092789,0.07660565623493844,0.09037825099901683,0.024753709066953383,0.07470272405262207,0.024963459228605062,0.024941823792081763
2,0.06680431016177775,0.020240794754093062,0.048090496766136914,0.10704946676339155,0.024659479635585065,0.07458768176368913,0.12458320865484429,0.024906338767974164
2,0.07409679663252669,0.041860121885972566,0.06489857230628157,0.03771413069665683,0.024662793984442356,0.07457552116812294,0.12450472146897863,0.024925105212556493
2,0.03821456739295843,0.045639882506498225,0.09608015408056567,0.08886662374255583,0.024658967178852177,0.07456110051163746,0.12453764879213686,0.024941823792081763
2,0.05691491723832183,0.02646800679308735,0.038771639588047455,0.07431510979917963,0.024660445858796426,0.07455838116780822,0.12453349613904023,0.024963459228605062
3,0.031038014850858518,0.07140563193234781,0.08993024660894865,0.08585096822045798,0.0245834223954962,0.07444393747896962,0.12438975767790003,0.17412582549818512
3,0.05429744036594507,0.048956415290952945,0.07586716966254933,0.08994177380908298,0.024588496834484337,0.07443824124463796,0.12439058602651612,0.1743618964309658
3,0.1402520756012577,0.052087087538871917,0.06032616068312865,0.05708282303489315,0.02459385883284574,0.07444120102974562,0.1243264948947272,0.1742372540870712
3,0.11788563889415876,0.055806346623361175,0.03526206397491944,0.09320818690049817,0.02458558746237243,0.07444214957855429,0.12443543234436336,0.17440614230606793
1,0.044122013813140064,0.06906412211391726,0.03943433518310016,0.13010779535501416,0.024753681598064688,0.07468057673625118,0.024963459228605062,0.024963459228605062
1,0.11097653168983447,0.03251955312277166,0.05037968393108143,0.08685045514340449,0.024753706049863773,0.07470275349128931,0.024893121820593802,0.024963459228605062
1,0.1006601246094555,0.034930176853336124,0.05452494632727665,0.09527208552141234,0.02475370366425926,0.07470278070286616,0.024963459228605062,0.024482183769544454
1,0.08100139229644254,0.015730200489240453,0.049020689608961915,0.12197870678697952,0.02475355667626111,0.07470427058734035,0.024963459228605062,0.024963459228605062
2,0.05691491723832183,0.02646800679308735,0.038771639588047455,0.07431510979917963,0.02465954810038745,0.07455949750876947,0.1245501942339258,0.024963459228605062
2,0.05125423880909134,0.07413760793750644,0.0842226647054384,0.06934703729198044,0.024660133068391817,0.07456093961701828,0.12450992064261572,0.024963459228605062
2,0.06742198598017654,0.030412058714450803,0.10955633277522478,0.07304796049682186,0.024658980800775068,0.07451892850447468,0.12438390507666172,0.024963459228605062
2,0.09534178143504586,0.04449038628029184,0.06949745791920495,0.09921328754564158,0.02466087360091509,0.07455861505549215,0.12451939411146841,0.024482183769544454
3,0.08376741942701388,0.054489410633151505,0.07106973300212233,0.10454521086796076,0.024584257142927134,0.07438274854171803,0.1241271755682354,0.17398481389705364
3,0.04285844619086436,0.05287386666540416,0.11022332944656943,0.07375882927100746,0.02458648037952189,0.07444154865837457,0.12434694870393542,0.17423871778521194
3,0.05429744036594507,0.048956415290952945,0.07586716966254933,0.08994177380908298,0.024584546032878064,0.07443932524416634,0.12442045495470735,0.1744039106189378
3,0.07409679663252669,0.041860121885972566,0.06489857230628157,0.03771413069665683,0.024596754420758236,0.07447586622735011,0.12438775692642348,0.17424905207516775
1,0.055726474823478395,0.0503238544092789,0.07660565623493844,0.09037825099901683,0.024753761025226452,0.07470219209925802,0.02491002409488677,0.024963459228605062
1,0.07639400880176203,0.04450345101339358,0.053486102281136316,0.06349269762008995,0.024753652652055782,0.07470330173538196,0.02488932988201709,0.024750945802156643
2,0.07891985123989416,0.053503169305201395,0.06281015322949285,0.08654616905401565,0.024662818746769496,0.07456460949407727,0.12440392975364985,0.024750945802156643
2,0.03821456739295843,0.045639882506498225,0.09608015408056567,0.08886662374255583,0.024659551569671766,0.07455915332893963,0.12453508755919936,0.024963459228605062
3,0.031038014850858518,0.07140563193234781,0.08993024660894865,0.08585096822045798,0.02458362949308605,0.07444160653718865,0.12439017765967515,0.17412983645038838
3,0.12661420787067612,0.03187444657879566,0.03273577856287083,0.09312666943379078,0.02459631760269693,0.07449205834482708,0.12420961200289099,0.17414526860053858
1,0.08100139229644254,0.015730200489240453,0.049020689608961915,0.12197870678697952,0.024753551993951507,0.0747043177578255,0.024963459228605062,0.024963459228605062
1,0.11097653168983447,0.03251955312277166,0.05037968393108143,0.08685045514340449,0.024753689875831403,0.07470292417702183,0.024963459228605062,0.024893121820593802
2,0.05125423880909134,0.07413760793750644,0.0842226647054384,0.06934703729198044,0.024659480070775577,0.07456357340916159,0.12451136024020687,0.024963459228605062
2,0.05691491723832183,0.02646800679308735,0.038771639588047455,0.07431510979917963,0.02465950414034346,0.07456010615354244,0.12454061493015166,0.024893121820593802
3,0.04285844619086436,0.05287386666540416,0.11022332944656943,0.07375882927100746,0.02458869468193163,0.07444969993266796,0.12433536651526635,0.17419954840770785
3,0.05429744036594507,0.048956415290952945,0.07586716966254933,0.08994177380908298,0.02458539961381979,0.07443931584158,0.1244126552812013,0.17439215605858818
1,0.044122013813140064,0.06906412211391726,0.03943433518310016,0.13010779535501416,0.024753746678139284,0.07467988092168679,0.024963459228605062,0.024963459228605062
1,0.07639400880176203,0.04450345101339358,0.053486102281136316,0.06349269762008995,0.02475364168226494,0.07470340953930056,0.02488932988201709,0.024750945802156643
1,0.09534178143504586,0.04449038628029184,0.06949745791920495,0.09921328754564158,0.024753957311884223,0.07470017723679165,0.024963459228605062,0.024482183769544454
2,0.07891985123989416,0.053503169305201395,0.06281015322949285,0.08654616905401565,0.02466010996039082,0.07459154201041339,0.12448554227016945,0.024750945802156643
2,0.06742198598017654,0.030412058714450803,0.10955633277522478,0.07304796049682186,0.024659593988958964,0.07451605986460934,0.12442492297053363,0.024963459228605062
2,0.07409679663252669,0.041860121885972566,0.06489857230628157,0.03771413069665683,0.02465952330238343,0.07455900828634028,0.12451990361436073,0.024482183769544454
3,0.12661420787067612,0.03187444657879566,0.03273577856287083,0.09312666943379078,0.02458760667602423,0.07444148704036838,0.1242366874392223,0.17411924825589153
3,0.1402520756012577,0.052087087538871917,0.06032616068312865,0.05708282303489315,0.024584204675221946,0.0744374358463556,0.12437573989521124,0.17433215222234305
3,0.08376741942701388,0.054489410633151505,0.07106973300212233,0.10454521086796076,0.024584660387385656,0.07437982015281627,0.12412797384507711,0.1739849295191205
1,0.09440141332377779,0.05278748834798257,0.08844503883531188,0.07877716563853289,0.02475428665211446,0.0746773544344763,0.024963459228605062,0.024856635434242207
1,0.04299861174049902,0.05028388374837738,0.0687257490330365,0.11078215595591788,0.024753698928963702,0.0747028273742863,0.024749535842988748,0.024963459228605062
1,0.11097653168983447,0.03251955312277166,0.05037968393108143,0.08685045514340449,0.02475357086559619,0.07470412799811339,0.024893121820593802,0.024963459228605062
2,0.12113007235518625,0.06528891543177043,0.0667347388014763,0.08881277175086015,0.024663124468946016,0.07452029536772055,0.12441213297406072,0.024856635434242207
2,0.05691491723832183,0.02646800679308735,0.038771639588047455,0.07431510979917963,0.024658974958247867,0.07456195165070784,0.12455027313502315,0.024963459228605062
2,0.06951651298178396,0.0580710289948811,0.04903291676666021,0.10284042532399262,0.024659010265249217,0.07459055508659458,0.12451604233571226,0.024963459228605062
3,0.09089422105712813,0.03313860254830617,0.030849442847878994,0.10255530776411215,0.024586100328400667,0.07448993670573621,0.12434778557278812,0.1741979181497716
3,0.13538648965663094,0.05440640570481429,0.05314811603203742,0.059364274988753685,0.02458854991267183,0.07439541279275146,0.12420489723809937,0.1742189416374034
3,0.05429744036594507,0.048956415290952945,0.07586716966254933,0.08994177380908298,0.024583940662520305,0.07444163736197898,0.12442064660578257,0.17440183341168933
1,0.08100139229644254,0.015730200489240453,0.049020689608961915,0.12197870678697952,0.024753551757329587,0.07470431922035954,0.024963459228605062,0.024963459228605062
1,0.06465392806526161,0.0489355436997724,0.0392373815051482,0.07231532983870598,0.02475356937397504,0.07470414201048396,0.024963459228605062,0.024949002116352183
1,0.0768242562132252,0.0400013240618851,0.05714058225234815,0.0748432956609311,0.024753706705720562,0.07470274724418406,0.02480834495262078,0.024954868299969058
2,0.10004374770794253,0.047207740333560046,0.03759275664600795,0.06108862023187549,0.024661228241481245,0.0745621180463951,0.12449704587060083,0.024949002116352183
2,0.05125423880909134,0.07413760793750644,0.0842226647054384,0.06934703729198044,0.024659977066368723,0.07457381570214683,0.12451610889321058,0.024963459228605062
2,0.09782411567988827,0.03522357352764414,0.11978538402778241,0.0519390736301005,0.024659503120418133,0.07459239538357056,0.12453540047521437,0.024954868299969058
3,0.04285844619086436,0.05287386666540416,0.11022332944656943,0.07375882927100746,0.024591621720904268,0.07445060360626927,0.12432109061919838,0.1741815276913247
3,0.09440141332377779,0.05278748834798257,0.08844503883531188,0.07877716563853289,0.0245859700744304,0.07448501468214394,0.12437588203094012,0.17431559341221864
3,0.06854551348257053,0.04250846471625843,0.10363710345309013,0.035802081389286484,0.024592151317135637,0.07449035685197318,0.124366609994208,0.1743456332064133
1,0.07639400880176203,0.04450345101339358,0.053486102281136316,0.06349269762008995,0.02475406904431412,0.07469901071229068,0.02488932988201709,0.024750945802156643
1,0.06742198598017654,0.030412058714450803,0.10955633277522478,0.07304796049682186,0.024753611628230317,0.07461685186872143,0.024963459228605062,0.024963459228605062
1,0.06951651298178396,0.0580710289948811,0.04903291676666021,0.10284042532399262,0.024754620791955728,0.07466820909666094,0.024963459228605062,0.024963459228605062
1,0.12113007235518625,0.06528891543177043,0.0667347388014763,0.08881277175086015,0.02475371901340778,0.0747026224255906,0.024856635434242207,0.02482115199410549
2,0.13538648965663094,0.05440640570481429,0.05314811603203742,0.059364274988753685,0.024659356578833426,0.07456048571183341,0.12454100119535762,0.02482115199410549
2,0.07891985123989416,0.053503169305201395,0.06281015322949285,0.08654616905401565,0.024660365684357314,0.07455502583693951,0.1244589899946576,0.024750945802156643
2,0.09089422105712813,0.03313860254830617,0.030849442847878994,0.10255530776411215,0.024662475777336965,0.07449836407489771,0.12443085384713885,0.024963459228605062
2,0.08376741942701388,0.054489410633151505,0.07106973300212233,0.10454521086796076,0.024659261686098173,0.07440678816340979,0.12426862020599728,0.024963459228605062
3,0.0768242562132252,0.0400013240618851,0.05714058225234815,0.0748432956609311,0.024588941016861716,0.07435886695576462,0.12422065921941615,0.17421284191680733
3,0.10369094076933694,0.07966681254008975,0.06471203253991527,0.05497945727696385,0.02458362187002395,0.07424293115072285,0.12399692486410752,0.17394214639216346
3,0.12661420787067612,0.03187444657879566,0.03273577856287083,0.09312666943379078,0.024585581673324166,0.07443332734398865,0.12425034009037167,0.17420061111101706
3,0.06465392806526161,0.0489355436997724,0.0392373815051482,0.07231532983870598,0.024585529467606046,0.07443882172039192,0.12440194613237451,0.17437241284455834
1,0.10004374770794253,0.047207740333560046,0.03759275664600795,0.06108862023187549,0.024753718156273054,0.07470263777660159,0.024949002116352183,0.024963459228605062
1,0.09782411567988827,0.03522357352764414,0.11978538402778241,0.0519390736301005,0.02475411007817361,0.07469369500916632,0.024954868299969058,0.024963459228605062
2,0.09440141332377779,0.05278748834798257,0.08844503883531188,0.07877716563853289,0.024662028278503785,0.07454338167293019,0.12446561265462605,0.024963459228605062
2,0.06854551348257053,0.04250846471625843,0.10363710345309013,0.035802081389286484,0.024660289190540172,0.07455868943423684,0.12451430241011427,0.024963459228605062
3,0.12113007235518625,0.06528891543177043,0.0667347388014763,0.08881277175086015,0.024591039029817924,0.07441911372491528,0.12427414027392168,0.17418782342436304
3,0.08466070830865151,0.05166604198778109,0.07630385882708847,0.1140474382661724,0.024586188283467106,0.07444095506608002,0.12435406909991427,0.17432722617538354
1,0.13538648965663094,0.05440640570481429,0.05314811603203742,0.059364274988753685,0.024753784064085727,0.07471586763951657,0.02482115199410549,0.024963459228605062
1,0.05125423880909134,0.07413760793750644,0.0842226647054384,0.06934703729198044,0.024753924926030083,0.07471093941785728,0.024963459228605062,0.024963459228605062
1,0.05666042460233099,0.057230381861597845,0.0681708404310938,0.05624971631714168,0.024753687655056346,0.074702947356356,0.02495284118599377,0.024963459228605062
2,0.04456040020922654,0.07051660660981146,0.09000102911211308,0.09249471278900552,0.024659066142514306,0.07456077569908488,0.12452067231401123,0.024963459228605062
2,0.06465392806526161,0.0489355436997724,0.0392373815051482,0.07231532983870598,0.02466145651953005,0.07458887886971069,0.12456899184991395,0.024963459228605062
2,0.04285844619086436,0.05287386666540416,0.11022332944656943,0.07375882927100746,0.024659991350187538,0.0745577233133142,0.12445957921152634,0.024963459228605062
3,0.10969572355857084,0.07739794079569397,0.09186036923033453,0.07893284812513528,0.02458460395505273,0.07443830936959839,0.12432790417768853,0.17424884411310185
3,0.07639400880176203,0.04450345101339358,0.053486102281136316,0.06349269762008995,0.024590904016460587,0.07443704229503172,0.12424524920088302,0.174078130832556
3,0.10004374770794253,0.047207740333560046,0.03759275664600795,0.06108862023187549,0.024592997135909015,0.07448316690194508,0.12444502607123503,0.17438923543948573
1,0.07891985123989416,0.053503169305201395,0.06281015322949285,0.08654616905401565,0.024754148017402267,0.07464803955065234,0.024750945802156643,0.024963459228605062
1,0.06854551348257053,0.04250846471625843,0.10363710345309013,0.035802081389286484,0.02475364758581146,0.07470335055720016,0.024963459228605062,0.024895375443197244
1,0.1090379083363041,0.024012384086230142,0.06716299551626106,0.11023612324049674,0.024753748339125504,0.07470233571648235,0.0249105634545272,0.024963459228605062
2,0.12661420787067612,0.03187444657879566,0.03273577856287083,0.09312666943379078,0.024661648012771153,0.0744599815680816,0.12438874703381732,0.024963459228605062
2,0.0833425268729572,0.07203501404346949,0.10425020158222381,0.08898818261336501,0.02465914881874137,0.07456190553894465,0.12451377946707144,0.024963459228605062
2,0.08466070830865151,0.05166604198778109,0.07630385882708847,0.1140474382661724,0.024660636917699746,0.0745829504783354,0.1245520809230925,0.024895375443197244
3,0.05666042460233099,0.057230381861597845,0.0681708404310938,0.05624971631714168,0.02459299041242654,0.0744865949942352,0.12442842989035154,0.17436196842724808
3,0.04299861174049902,0.05028388374837738,0.0687257490330365,0.11078215595591788,0.0245872033540514,0.07431566402466887,0.12417081771762487,0.17415864305055775
3,0.09211439256025183,0.06516410375344515,0.06657594083940613,0.09570431698633532,0.024583616912763964,0.07444024091894247,0.12435198164515862,0.17431294610280898
1,0.06997647746133664,0.04853033699443632,0.04380698460080176,0.05029519355642113,0.02475401549857553,0.07469957077741073,0.024949902593723795,0.024963459228605062
1,0.04456040020922654,0.07051660660981146,0.09000102911211308,0.09249471278900552,0.024753553921318807,0.07469261893464006,0.024963459228605062,0.024933344314573048
1,0.06951651298178396,0.0580710289948811,0.04903291676666021,0.10284042532399262,0.024754030298529763,0.07467493511373768,0.024963459228605062,0.024963459228605062
2,0.10969572355857084,0.07739794079569397,0.09186036923033453,0.07893284812513528,0.024660804793117254,0.07457250994811557,0.12448482614763383,0.024933344314573048
2,0.0802115222762353,0.02654635534227839,0.09038098205508036,0.06760716967640813,0.024661232811704202,0.07455396582198238,0.12452826794136018,0.024963459228605062
2,0.09089422105712813,0.03313860254830617,0.030849442847878994,0.10255530776411215,0.02466171564997488,0.0745073273964287,0.12442551115132418,0.024963459228605062
3,0.0768242562132252,0.0400013240618851,0.05714058225234815,0.0748432956609311,0.02458955868130714,0.07437136897234727,0.12421421239672521,0.17418292181514128
3,0.1090379083363041,0.024012384086230142,0.06716299551626106,0.11023612324049674,0.024588696803645154,0.07443208083899293,0.12436182369070815,0.17430390129905593
3,0.07483787593734208,0.07945499698344151,0.11321518538033777,0.07568012366269976,0.024597705616965403,0.07442098740669129,0.1242434917072349,0.1740261481338626
1,0.0833425268729572,0.07203501404346949,0.10425020158222381,0.08898818261336501,0.02475489219277744,0.07469042222257162,0.024963459228605062,0.024880358730971077
1,0.06854551348257053,0.04250846471625843,0.10363710345309013,0.035802081389286484,0.02475407271744452,0.0746989684224955,0.024895375443197244,0.024949002116352183
1,0.11511024074153256,0.032545341833169567,0.06352181566927412,0.09119979607887965,0.02475362695661872,0.07470211769285479,0.024961773369038532,0.024897234949791548
1,0.09782411567988827,0.03522357352764414,0.11978538402778241,0.0519390736301005,0.02475384755024148,0.07469640377022736,0.024954868299969058,0.024963459228605062
2,0.09440141332377779,0.05278748834798257,0.08844503883531188,0.07877716563853289,0.02466044426469422,0.07454786710228407,0.12447568663712384,0.024963459228605062
2,0.08466070830865151,0.05166604198778109,0.07630385882708847,0.1140474382661724,0.024662971039603875,0.07455080396731957,0.12451923040343042,0.024949002116352183
2,0.11416686127620054,0.030867816864924118,0.02975865541275393,0.10478477412971887,0.024659156493690985,0.0745592347324542,0.12450546482912225,0.024897234949791548
2,0.09211439256025183,0.06516410375344515,0.06657594083940613,0.09570431698633532,0.024667656589831184,0.07453547964123067,0.12447055975623035,0.024880358730971077
3,0.09993854201784519,0.0668065235092,0.07548629057813132,0.06324468994454259,0.024589551261058874,0.0744532583945457,0.12432011307548396,0.17416297255043536
3,0.0871253845018222,0.04653420403091378,0.03013226784989914,0.08466344874460952,0.02459832143500663,0.07441293553104018,0.124302642072217,0.17429344316294368
3,0.05666042460233099,0.057230381861597845,0.0681708404310938,0.05624971631714168,0.02459127034972527,0.07442725934688944,0.12437211571804302,0.1743683080352638
3,0.12113007235518625,0.06528891543177043,0.0667347388014763,0.08881277175086015,0.02458952299256398,0.07442461016835342,0.12428184383637512,0.17417340251186267
1,0.06447585105219497,0.03304557026670807,0.03839818300645751,0.05024248031677334,0.02475365002836853,0.07470332626225719,0.024963459228605062,0.024780901567556475
1,0.04456040020922654,0.07051660660981146,0.09000102911211308,0.09249471278900552,0.024753975942427973,0.07468817218577568,0.024963459228605062,0.024933344314573048
1,0.11511024074153256,0.032545341833169567,0.06352181566927412,0.09119979607887965,0.02475392932303298,0.0746990133421767,0.024897234949791548,0.024963459228605062
2,0.10969572355857084,0.07739794079569397,0.09186036923033453,0.07893284812513528,0.024661158583817896,0.074534292969532,0.12446177531867718,0.024933344314573048
2,0.11416686127620054,0.030867816864924118,0.02975865541275393,0.10478477412971887,0.024667775810702765,0.07455926171712778,0.12439241280239545,0.024963459228605062
2,0.06997647746133664,0.04853033699443632,0.04380698460080176,0.05029519355642113,0.02465928589619831,0.07456147993780016,0.12452547970620034,0.024780901567556475
3,0.0802115222762353,0.02654635534227839,0.09038098205508036,0.06760716967640813,0.02458434494629961,0.07448077674881093,0.1244152240880093,0.17438917917176328
3,0.07483787593734208,0.07945499698344151,0.11321518538033777,0.07568012366269976,0.024599736640925386,0.07440724631798841,0.12425264844975797,0.1740292605299076
3,0.09993854201784519,0.0668065235092,0.07548629057813132,0.06324468994454259,0.024601753516155594,0.07442959477228217,0.12419447179327525,0.1742432932258588
1,0.1090379083363041,0.024012384086230142,0.06716299551626106,0.11023612324049674,0.024753671101423746,0.07470311449147737,0.0249105634545272,0.024963459228605062
2,0.0833425268729572,0.07203501404346949,0.10425020158222381,0.08898818261336501,0.024659657092896643,0.0745608871720659,0.12452617350457325,0.024963459228605062
3,0.09211439256025183,0.06516410375344515,0.06657594083940613,0.09570431698633532,0.024585318215129142,0.07447469396785308,0.12440575201263013,0.17437454967859817
1,0.0802115222762353,0.02654635534227839,0.09038098205508036,0.06760716967640813,0.0247535846632207,0.07470398977523736,0.024963459228605062,0.0249105634545272
1,0.10003263617074051,0.08196139655176665,0.05227491652920188,0.10593185639948301,0.02475384230341164,0.07465896646926778,0.024924676982996826,0.024963459228605062
2,0.08598371391772601,0.04075342186871349,0.06362531739894457,0.03852149122986369,0.02466182275367392,0.07447714009408525,0.12436724789302685,0.024963459228605062
2,0.1090379083363041,0.024012384086230142,0.06716299551626106,0.11023612324049674,0.024659076550377062,0.07458936783431169,0.12455504875442075,0.0249105634545272
3,0.0833425268729572,0.07203501404346949,0.10425020158222381,0.08898818261336501,0.02458376081403983,0.07448309383157677,0.12439368463545641,0.17434806417205578
3,0.08810156345724113,0.04218816708410177,0.04367926266189089,0.09224608715072911,0.02459256820638379,0.07432940154397155,0.12412274183329877,0.17409489037204687
1,0.09211439256025183,0.06516410375344515,0.06657594083940613,0.09570431698633532,0.024754140849180765,0.07469825368306528,0.024880358730971077,0.024961773369038532
1,0.12002290083580527,0.04615973365376997,0.07505831113462101,0.10734552686379534,0.0247548502156392,0.07469077471868424,0.024963459228605062,0.024963459228605062
2,0.0871253845018222,0.04653420403091378,0.03013226784989914,0.08466344874460952,0.024660704154352175,0.07455502031993361,0.124515361591008,0.024961773369038532
2,0.07837942034020536,0.07749012866485631,0.108829353222423,0.06230404280961732,0.024666140911739232,0.07454083303327498,0.12433618622500317,0.024963459228605062
3,0.11511024074153256,0.032545341833169567,0.06352181566927412,0.09119979607887965,0.024587157072823836,0.07443592568928928,0.12435217254670677,0.17429714015493913
3,0.07766615839763377,0.05789194450246314,0.07826106286148501,0.07805131975754087,0.02459930298128103,0.07441431476409324,0.12406612387368171,0.1738972941680437
1,0.11416686127620054,0.030867816864924118,0.02975865541275393,0.10478477412971887,0.02475412157816938,0.074698478986455,0.024963459228605062,0.024865445156575936
1,0.07837942034020536,0.07749012866485631,0.108829353222423,0.06230404280961732,0.02475573871695921,0.07454640133034739,0.024963459228605062,0.02493567290559859
1,0.0679906361554164,0.06772860059754274,0.07951636483409394,0.08289664020190717,0.024753862403415948,0.07466671792826994,0.024963459228605062,0.024963459228605062
1,0.030016535247688714,0.03312447110325535,0.09171199232992662,0.034582306845761676,0.024753788392653686,0.07462314568135382,0.024595914960085664,0.024863221417716626
2,0.06848377775988279,0.027544089667282636,0.12353789075066282,0.09506006701055757,0.024659954094307695,0.07441683669743164,0.12428863206014454,0.024863221417716626
2,0.07766615839763377,0.05789194450246314,0.07826106286148501,0.07805131975754087,0.024671402079521287,0.0743022867386485,0.12407444935205325,0.02493567290559859
2,0.09514022691421498,0.04015016873644771,0.07461630589108739,0.11927702186013667,0.024659415922536156,0.07449667744850277,0.1244084736183506,0.024963459228605062
2,0.09993854201784519,0.0668065235092,0.07548629057813132,0.06324468994454259,0.02466039194171425,0.07455586305488965,0.1245122719394711,0.024865445156575936
3,0.04871969992935216,0.041410180188434065,0.09803201675164576,0.05872477145703764,0.024591722129958863,0.07427271537471122,0.12402256868880279,0.17371097925840756
3,0.08516664137321978,0.04132298713675349,0.022963162615228044,0.0750592176858636,0.024583595022072992,0.0743579506709119,0.12418479583396284,0.17414143973283375
3,0.030016535247688714,0.03312447110325535,0.09171199232992662,0.034582306845761676,0.02460974211546778,0.07413164972465132,0.123738715505748,0.17364959357434157
3,0.1643087541853691,0.019990781846692663,0.06884826649281967,0.09839290198322842,0.0245890652810229,0.0744342522648736,0.12434759347569681,0.1742727696233911
1,0.0679906361554164,0.06772860059754274,0.07951636483409394,0.08289664020190717,0.02475484821428262,0.07465517335728399,0.024882025325139025,0.024963459228605062
1,0.14434005785570386,0.05613266094049724,0.08109505527973528,0.04465039848404666,0.024753502806738503,0.07470480983207453,0.024941769375472288,0.024729405868424065
2,0.06593814450762923,0.03755958740214458,0.0652527000188507,0.09074260826707489,0.024659038375237842,0.0745917447538461,0.12448714523228432,0.024729405868424065
2,0.09514022691421498,0.04015016873644771,0.07461630589108739,0.11927702186013667,0.02466205615864476,0.07448023052438238,0.12440675896330926,0.024963459228605062
3,0.08112559341714433,0.0489926006987909,0.02966067732353593,0.0881784709493808,0.0245847499948157,0.0744867875279216,0.12428506189830134,0.17417265381187907
3,0.08516664137321978,0.04132298713675349,0.022963162615228044,0.0750592176858636,0.024588484551323488,0.0743337792700007,0.12418030806545191,0.17416308372150258
1,0.04821052609003581,0.04945962505487757,0.05783208360478378,0.05011080920478339,0.024753862126445512,0.07457771442382531,0.024737749058145055,0.02495241749042798
2,0.08858214953401007,0.030051364133977722,0.07093666223017389,0.10323934562993785,0.02465970741505823,0.07434770355929383,0.1241798581812304,0.02495241749042798
3,0.0934727453234166,0.05738376108002424,0.08621824341321635,0.1147049636839224,0.024586451704328514,0.07417696753828128,0.1238773837019151,0.17385018119426532
1,0.07837942034020536,0.07749012866485631,0.108829353222423,0.06230404280961732,0.02475406153640959,0.07456931512569873,0.024963459228605062,0.02493567290559859
1,0.05248960469425652,0.07463912920901054,0.05614861438157976,0.08016860785928284,0.024754595682372788,0.07467855997106064,0.024963459228605062,0.024963459228605062
1,0.0679906361554164,0.06772860059754274,0.07951636483409394,0.08289664020190717,0.024755747638770625,0.07464483280497977,0.024882025325139025,0.024963459228605062
2,0.07766615839763377,0.05789194450246314,0.07826106286148501,0.07805131975754087,0.024665168927407576,0.07433368357245816,0.12410158612844785,0.02493567290559859
2,0.09514022691421498,0.04015016873644771,0.07461630589108739,0.11927702186013667,0.02466984123426454,0.07446112557122751,0.1243376411875788,0.024963459228605062
2,0.07251633788161332,0.09036092381494212,0.04120790728452197,0.11482820812691522,0.02466890035887687,0.07451087310523076,0.12438016751382719,0.024963459228605062
3,0.0704259706484272,0.05220262559129217,0.12167159692568771,0.15135318692621735,0.024626732726448143,0.07437883997774371,0.12410365486488086,0.1737863881677269
3,0.08516664137321978,0.04132298713675349,0.022963162615228044,0.0750592176858636,0.024607489711313928,0.07431942938035693,0.12408852001561278,0.17403377621766566
3,0.030016535247688714,0.03312447110325535,0.09171199232992662,0.034582306845761676,0.024597582123529988,0.0741722746733231,0.12378987135766957,0.17366046788587153
1,0.10455014681891386,0.015917203626230142,0.11523085491843768,0.07762043170590878,0.024753549957993465,0.07467939843111349,0.024817191974836905,0.0247804701711663
1,0.07837942034020536,0.07749012866485631,0.108829353222423,0.06230404280961732,0.024754134869831163,0.07456845981726125,0.024963459228605062,0.02493567290559859
2,0.09679050703960562,0.04167680477718535,0.07898510676973183,0.058525873433615774,0.024660138235073716,0.07451805082752458,0.12441546917417962,0.0247804701711663
2,0.07766615839763377,0.05789194450246314,0.07826106286148501,0.07805131975754087,0.02467079840412539,0.07435852157511687,0.1239276992594336,0.02493567290559859
3,0.08156123971303904,0.035947810812430044,0.0663919456899899,0.05695608699940289,0.02459144568864745,0.07439188792377492,0.12417894922297872,0.17410728321694272
3,0.030016535247688714,0.03312447110325535,0.09171199232992662,0.034582306845761676,0.024620114221561983,0.07425013749834962,0.12355183375047397,0.17338510514558222
1,0.0704259706484272,0.05220262559129217,0.12167159692568771,0.15135318692621735,0.024755454097436822,0.07464598320447065,0.024963459228605062,0.024832524883602478
1,0.06458082051169825,0.05217739086365405,0.08729583394259877,0.10091314288810871,0.024753798625148468,0.0747018053835752,0.024946504894082875,0.024959835370251423
1,0.08598371391772601,0.04075342186871349,0.06362531739894457,0.03852149122986369,0.024753685282879093,0.07470296933468808,0.024766006239614936,0.02491110513368846
1,0.06593814450762923,0.03755958740214458,0.0652527000188507,0.09074260826707489,0.02475388777157504,0.07464576424808698,0.024729405868424065,0.024963459228605062
2,0.08112559341714433,0.0489926006987909,0.02966067732353593,0.0881784709493808,0.024661431907266333,0.07445185331306536,0.12434290528665244,0.024963459228605062
2,0.10455014681891386,0.015917203626230142,0.11523085491843768,0.07762043170590878,0.02466581254037761,0.0744613218348126,0.1243807272027892,0.024832524883602478
2,0.08253853653452559,0.045811565993085446,0.06640132887183593,0.08743290366401311,0.02465901869658438,0.07458438231041233,0.12456923832855092,0.024959835370251423
2,0.08810156345724113,0.04218816708410177,0.04367926266189089,0.09224608715072911,0.02465980577648877,0.07455895145903758,0.1245459462208137,0.02491110513368846
3,0.12346660688339123,0.020612535107948613,0.09871294369955355,0.06961083932753259,0.024583709752918688,0.07444346033963781,0.12439508182003134,0.1742552614201882
3,0.04821052609003581,0.04945962505487757,0.05783208360478378,0.05011080920478339,0.02459564095991319,0.0742961470007709,0.12408460511475362,0.17383690289244885
3,0.09679050703960562,0.04167680477718535,0.07898510676973183,0.058525873433615774,0.0245942536608268,0.07431448284382275,0.12415262214892299,0.17409755859096146
3,0.12002290083580527,0.04615973365376997,0.07505831113462101,0.10734552686379534,0.024586227173969324,0.07444012831592237,0.12440943509949687,0.17437760200002655
1,0.07837942034020536,0.07749012866485631,0.108829353222423,0.06230404280961732,0.024753940603996678,0.07457093026241655,0.024963459228605062,0.02493567290559859
1,0.04871969992935216,0.041410180188434065,0.09803201675164576,0.05872477145703764,0.024753737668545772,0.07467857092552829,0.024863221417716626,0.024687853198365448
1,0.08156123971303904,0.035947810812430044,0.0663919456899899,0.05695608699940289,0.024753514227212774,0.07470469578164832,0.02480655416388858,0.024946504894082875
2,0.14434005785570386,0.05613266094049724,0.08109505527973528,0.04465039848404666,0.024660485945275232,0.07445510734992104,0.12432142478282976,0.024687853198365448
2,0.06458082051169825,0.05217739086365405,0.08729583394259877,0.10091314288810871,0.024659137646790553,0.07459117024617423,0.12456825828357279,0.024946504894082875
2,0.07766615839763377,0.05789194450246314,0.07826106286148501,0.07805131975754087,0.024660262063389903,0.074346740883662,0.12413872656962861,0.02493567290559859
3,0.06593814450762923,0.03755958740214458,0.0652527000188507,0.09074260826707489,0.02458795932421824,0.07430352694687273,0.12405734994977546,0.1739589989078408
3,0.08253853653452559,0.045811565993085446,0.06640132887183593,0.08743290366401311,0.024584112542641257,0.07448513594086698,0.12443982470936972,0.1744191698694006
3,0.030016535247688714,0.03312447110325535,0.09171199232992662,0.034582306845761676,0.024588680062988304,0.07419086219499725,0.12381509199017093,0.173676318198289
1,0.08112559341714433,0.0489926006987909,0.02966067732353593,0.0881784709493808,0.024754676845977975,0.07469265169982364,0.024963459228605062,0.024737749058145055
1,0.06848377775988279,0.027544089667282636,0.12353789075066282,0.09506006701055757,0.02475443929957597,0.07469511459511623,0.024863221417716626,0.024687853198365448
2,0.04821052609003581,0.04945962505487757,0.05783208360478378,0.05011080920478339,0.02466053600127182,0.07455302225426141,0.12438477410713941,0.024737749058145055
2,0.04871969992935216,0.041410180188434065,0.09803201675164576,0.05872477145703764,0.024666195676049427,0.07454444315546534,0.12439871560971379,0.024687853198365448
3,0.14434005785570386,0.05613266094049724,0.08109505527973528,0.04465039848404666,0.024588135085965985,0.07442653422173735,0.12421144242734204,0.1740745265646358
3,0.08858214953401007,0.030051364133977722,0.07093666223017389,0.10323934562993785,0.02458688897863257,0.07443225431463019,0.12412324143662119,0.17394849215976294
1,0.0704259706484272,0.05220262559129217,0.12167159692568771,0.15135318692621735,0.02475549951539643,0.0746454918309896,0.024817191974836905,0.02460546483215946
1,0.06593814450762923,0.03755958740214458,0.0652527000188507,0.09074260826707489,0.024753892718722484,0.07467998462411939,0.024729405868424065,0.024963459228605062
2,0.08112559341714433,0.0489926006987909,0.02966067732353593,0.0881784709493808,0.024660125168019336,0.07451832555781218,0.12441098629062827,0.024963459228605062
2,0.10455014681891386,0.015917203626230142,0.11523085491843768,0.07762043170590878,0.024666304366356757,0.07445784173459334,0.12442001459703714,0.02460546483215946
3,0.04821052609003581,0.04945962505487757,0.05783208360478378,0.05011080920478339,0.024587675197051965,0.07437837968005981,0.12417737061967725,0.1739881849685329
3,0.09679050703960562,0.04167680477718535,0.07898510676973183,0.058525873433615774,0.0245959353201365,0.0743065931956324,0.1242230775230433,0.17416766196411218
1,0.08156123971303904,0.035947810812430044,0.0663919456899899,0.05695608699940289,0.024753666019296804,0.0747031666925492,0.02480655416388858,0.024946504894082875
1,0.0704259706484272,0.05220262559129217,0.12167159692568771,0.15135318692621735,0.024754055693923433,0.07466287437195458,0.024832524883602478,0.024817191974836905
1,0.06084678507289859,0.06678526447470678,0.03556330989958963,0.08679333349606921,0.024754101739922825,0.07471544136210397,0.02488952775198005,0.024898328538372917
2,0.06458082051169825,0.05217739086365405,0.08729583394259877,0.10091314288810871,0.02466121096944852,0.0745588986887186,0.1245211400409071,0.024946504894082875
2,0.06968991998717405,0.027006533379011363,0.07695426031442672,0.06663388378655542,0.02466086939733556,0.07455469906693797,0.12440107342931407,0.024898328538372917
2,0.10455014681891386,0.015917203626230142,0.11523085491843768,0.07762043170590878,0.024660533245824876,0.07448776110308715,0.12444479910446896,0.024817191974836905
3,0.14552807718235325,0.019546354677898285,0.07335506826368496,0.11898457936999163,0.024589209901534,0.07443958523959887,0.12416989909202109,0.17386172071187245
3,0.09679050703960562,0.04167680477718535,0.07898510676973183,0.058525873433615774,0.024585830248854076,0.0743563582902559,0.12426578134779526,0.1740513120861625
3,0.08253853653452559,0.045811565993085446,0.06640132887183593,0.08743290366401311,0.024588711437617847,0.07443767786300973,0.12437134268250302,0.1743604353748537
1,0.12346660688339123,0.020612535107948613,0.09871294369955355,0.06961083932753259,0.024753602428185518,0.07461694997167977,0.024941024829900727,0.024963459228605062
1,0.04103307183636592,0.032796530882075875,0.07221312800052801,0.04990599168878793,0.02475387283533138,0.07470105824785633,0.024540427724775195,0.024879326149395784
1,0.07251633788161332,0.09036092381494212,0.04120790728452197,0.11482820812691522,0.024753863723591403,0.07468038912005942,0.024963459228605062,0.024832524883602478
2,0.11820841366215853,0.05380977946844938,0.09663425971212067,0.054494475338088655,0.02466280640527222,0.07457174976141888,0.12448322680394372,0.024879326149395784
2,0.12698875643688448,0.062306414356875534,0.055288308660781736,0.11639785811451706,0.024659367216250828,0.07441459616974398,0.1242443287640839,0.024963459228605062
2,0.0704259706484272,0.05220262559129217,0.12167159692568771,0.15135318692621735,0.024659802030127825,0.07451771052841547,0.12443686078251397,0.024832524883602478
3,0.12033002213542002,0.06458072601959311,0.12479529899118849,0.06157427940361171,0.024583428705585823,0.07424684321143385,0.12397972944345578,0.17392027416231262
3,0.10455014681891386,0.015917203626230142,0.11523085491843768,0.07762043170590878,0.024584916970482148,0.07438164040314854,0.12422122068472448,0.17413500472030757
3,0.09666534427417553,0.02497199110247494,0.0345849299027411,0.06391086456021294,0.024598067799226023,0.0744672299136582,0.12429345735139068,0.17423787956741407
1,0.04103307183636592,0.032796530882075875,0.07221312800052801,0.04990599168878793,0.024753534294895897,0.07470449463576916,0.024540427724775195,0.024879326149395784
1,0.059714937320590675,0.037419961585103,0.07525108683889267,0.08468079389418676,0.02475365677444984,0.07470325620345422,0.024963459228605062,0.024791071504266782
1,0.09679050703960562,0.04167680477718535,0.07898510676973183,0.058525873433615774,0.02475361748847044,0.07470365477958668,0.0247804701711663,0.02480655416388858
2,0.08311566932986272,0.017681927002486837,0.10038177499163793,0.1046028212238367,0.024659158682236292,0.07456081467997037,0.12454105466229846,0.024791071504266782
2,0.08156123971303904,0.035947810812430044,0.0663919456899899,0.05695608699940289,0.02465941555079828,0.07458436356584966,0.12456371543417309,0.02480655416388858
2,0.11820841366215853,0.05380977946844938,0.09663425971212067,0.054494475338088655,0.024665427189287766,0.07457217069317038,0.12445579148505174,0.024879326149395784
3,0.09666534427417553,0.02497199110247494,0.0345849299027411,0.06391086456021294,0.02460544336410598,0.07450305361758518,0.1243119773239861,0.1742507801494366
3,0.05288921200949226,0.028307975874530825,0.07833789849259294,0.11003443100544355,0.024584869330978986,0.07444243154358578,0.12439998401419983,0.17426381913617134
3,0.06458082051169825,0.05217739086365405,0.08729583394259877,0.10091314288810871,0.02458803001121407,0.07444319728152468,0.12439313000835561,0.1743365903779629
1,0.059714937320590675,0.037419961585103,0.07525108683889267,0.08468079389418676,0.02475364249172616,0.07470340162415463,0.024963459228605062,0.024791071504266782
1,0.10067015071874832,0.04175223377953626,0.06393426649565943,0.059989287668279226,0.02475367035247533,0.07470312398594639,0.024963459228605062,0.02472328020364372
1,0.09663659092733756,0.022537200617778738,0.0909308926270728,0.09912185606423472,0.024753548781808927,0.07464165043587381,0.024811581060473358,0.024963459228605062
2,0.08311566932986272,0.017681927002486837,0.10038177499163793,0.1046028212238367,0.024659297382337426,0.0745606594611882,0.12453993288180548,0.024791071504266782
2,0.09827449020940288,0.05981048445070156,0.054080328920987845,0.09000298212542103,0.02466040851480101,0.07455983187118055,0.12452941820607902,0.02472328020364372
2,0.09942595823268839,0.04969155962081525,0.06187135122257459,0.10432654338900957,0.02466004418961081,0.07444660732410974,0.1243223169946317,0.024963459228605062
3,0.05288921200949226,0.028307975874530825,0.07833789849259294,0.11003443100544355,0.0245856863191972,0.07448001424075394,0.12443580713015388,0.17429320027221706
3,0.09359146544148078,0.025046667674862105,0.04526393991919299,0.0989700560921255,0.024587342106356158,0.07429240206075556,0.12406240207463883,0.1740004227555319
3,0.07847174383710688,0.04740759138473624,0.05206362714423249,0.07833866562438511,0.0245859009015959,0.0744401582191024,0.12439111748309196,0.1742369702586337
1,0.11380771662361905,0.08657386446186177,0.12968096381546423,0.05722032102769797,0.02475506527526437,0.07468842612846402,0.02474529458493588,0.02488952775198005
1,0.13424684791294642,0.0315316994332803,0.023295639743018175,0.08305241147007608,0.02475366915153158,0.07465174108049667,0.024899943144241026,0.024953852588864706
1,0.12033002213542002,0.06458072601959311,0.12479529899118849,0.06157427940361171,0.024753571371711802,0.07471642115119703,0.024671126545024957,0.024811581060473358
1,0.10067015071874832,0.04175223377953626,0.06393426649565943,0.059989287668279226,0.02475371096047714,0.07470270316540253,0.024963459228605062,0.02472328020364372
1,0.08805186299859141,0.06956166613660689,0.05252027576735077,0.07560650453470787,0.024753651285424096,0.07470331539355189,0.024963459228605062,0.024642454897483186
2,0.06084678507289859,0.06678526447470678,0.03556330989958963,0.08679333349606921,0.024669887226288767,0.07452990336129724,0.12446026493954526,0.02488952775198005
2,0.09663659092733756,0.022537200617778738,0.0909308926270728,0.09912185606423472,0.024658937741973596,0.07459046315802352,0.12450426345937375,0.024811581060473358
2,0.09827449020940288,0.05981048445070156,0.054080328920987845,0.09000298212542103,0.024659736919339925,0.07459283868990267,0.12456547082171303,0.02472328020364372
2,0.094008869696112,0.05349265777323103,0.05979761634148793,0.11256563629608766,0.02465918322909551,0.07456018391474775,0.12454759637862968,0.024642454897483186
2,0.13090322494408074,0.06296298773933659,0.026215518177899015,0.07805080743570691,0.02466237559980003,0.07446309351519176,0.12435405902238245,0.024953852588864706
3,0.07847174383710688,0.04740759138473624,0.05206362714423249,0.07833866562438511,0.0245871035862838,0.07444701027114038,0.1243836823371523,0.1742113082319571
3,0.11380771662361905,0.08657386446186177,0.12968096381546423,0.05722032102769797,0.024599225669971168,0.07432659268847977,0.12410273193363404,0.173941698311069
3,0.09942595823268839,0.04969155962081525,0.06187135122257459,0.10432654338900957,0.024583381610871,0.07444201207113137,0.1242954001722674,0.17418053898640995
3,0.06968991998717405,0.027006533379011363,0.07695426031442672,0.06663388378655542,0.024609515403170606,0.07439843673929414,0.12425785888459798,0.1740583107061416
3,0.10788700484562734,0.06371842712519873,0.05632827841395251,0.07515857153380007,0.024586354062581556,0.07444240615591373,0.1244197618290651,0.1742953448744131
1,0.14552807718235325,0.019546354677898285,0.07335506826368496,0.11898457936999163,0.024753562821882655,0.07470420825364261,0.024963459228605062,0.024540427724775198
2,0.04103307183636592,0.032796530882075875,0.07221312800052801,0.04990599168878793,0.024659063876558675,0.07456193784473363,0.12451590455133273,0.024540427724775198
3,0.11820841366215853,0.05380977946844938,0.09663425971212067,0.054494475338088655,0.024587320697435917,0.07444115410660766,0.12434239435540692,0.1743071988628468
1,0.07313393674875193,0.04279769789318397,0.06943862967814288,0.0876908148491199,0.024753891723497047,0.07469423417737112,0.02490547131938601,0.02490350023674797
1,0.11380771662361905,0.08657386446186177,0.12968096381546423,0.05722032102769797,0.02475510783656197,0.07468793596618234,0.02474529458493588,0.02488952775198005
1,0.08620825897118142,0.03872549521963008,0.09497271751075384,0.10696409761076518,0.02475400602860887,0.0746996733142071,0.024963459228605062,0.024842769219611805
2,0.09698357637423403,0.059173019771102627,0.11317870028287315,0.12384738660029943,0.02466194874781181,0.0745535068119468,0.12450878772340643,0.024842769219611805
2,0.06084678507289859,0.06678526447470678,0.03556330989958963,0.08679333349606921,0.02466680892501502,0.07453191353135194,0.12449734603907897,0.02488952775198005
2,0.07901992791088985,0.06367010545128575,0.04305448847976731,0.047557204359831656,0.024660515957832523,0.07454651365921057,0.12448005619032146,0.02490350023674797
3,0.08701634449094996,0.057754230297549926,0.09018363678728264,0.0516102226556399,0.024593709618976358,0.07443189913940013,0.12436690800915114,0.17430299277555905
3,0.0986182011094876,0.09107401101228382,0.04125276334363555,0.0608490231026657,0.02458696426820753,0.07441860929263487,0.12430198825254542,0.1742887576833563
3,0.06968991998717405,0.027006533379011363,0.07695426031442672,0.06663388378655542,0.024601280949575,0.07440070141582827,0.12433441928138313,0.17412773881762456
1,0.14552807718235325,0.019546354677898285,0.07335506826368496,0.11898457936999163,0.02475372931987943,0.07470252870302135,0.024963459228605062,0.024540427724775198
2,0.04103307183636592,0.032796530882075875,0.07221312800052801,0.04990599168878793,0.024660081290969298,0.074558575145104,0.12451083214439687,0.024540427724775198
3,0.11820841366215853,0.05380977946844938,0.09663425971212067,0.054494475338088655,0.02458489927499538,0.07443754289441977,0.12436992388438096,0.1743665911629028
1,0.05504591025972237,0.04487081706146359,0.060810716658637985,0.04970295016340881,0.02475370039176178,0.07470281158378123,0.024962987909066817,0.024963459228605062
1,0.06294570034411998,0.04021219489964107,0.031653704504554334,0.1178116841496562,0.02475366511277437,0.07470317657498939,0.024963459228605062,0.024963459228605062
1,0.07847174383710688,0.04740759138473624,0.05206362714423249,0.07833866562438511,0.024753850523980717,0.07459876113172331,0.024943996599742918,0.024963459228605062
2,0.08805186299859141,0.06956166613660689,0.05252027576735077,0.07560650453470787,0.024662524959658823,0.07437743555031882,0.12419618580361952,0.024963459228605062
2,0.036540055503337616,0.030454596335134292,0.06070922519735354,0.11054382940957447,0.02465911328109709,0.07456084606237315,0.12454680441726332,0.024963459228605062
2,0.05896908806323784,0.06329825566289156,0.05824332396634084,0.03690288544582316,0.024659061029098008,0.07458863096581708,0.1245725649496765,0.024963459228605062
3,0.06294570034411998,0.04021219489964107,0.031653704504554334,0.1178116841496562,0.024584345836607183,0.07448966601837727,0.12444826611491024,0.1744220657782785
3,0.094008869696112,0.05349265777323103,0.05979761634148793,0.11256563629608766,0.02459060873682843,0.07421423874651145,0.12398057059021488,0.17396036223233988
3,0.10238643056620109,0.05664029584840751,0.05913490276448035,0.1246786376408443,0.024584768313542022,0.0744391856213494,0.1243982488788458,0.17434712406519515
1,0.0719885248449773,0.05453105555294743,0.07354091098547519,0.06980674440054764,0.02475453288075256,0.07469411717834258,0.024963459228605062,0.024829717518355894
1,0.036540055503337616,0.030454596335134292,0.06070922519735354,0.11054382940957447,0.024753540894790503,0.07472060786114397,0.024963459228605062,0.024941212170086463
1,0.10067015071874832,0.04175223377953626,0.06393426649565943,0.059989287668279226,0.02475360645824407,0.07471996401618583,0.024963459228605062,0.024791071504266782
1,0.10788700484562734,0.06371842712519873,0.05632827841395251,0.07515857153380007,0.024754635725884436,0.07468245865495213,0.02496058439298728,0.024963459228605062
2,0.10238643056620109,0.05664029584840751,0.05913490276448035,0.1246786376408443,0.02465882143541947,0.07456236293197177,0.124498345655057,0.024941212170086463
2,0.09827449020940288,0.05981048445070156,0.054080328920987845,0.09000298212542103,0.0246594689875663,0.07457131100120258,0.12454948402961716,0.024791071504266782
2,0.08967820393055356,0.05043354051570062,0.05754865533370028,0.13174147797154223,0.02466142526530775,0.07454929021055347,0.1245377420856359,0.024829717518355894
2,0.08620825897118142,0.03872549521963008,0.09497271751075384,0.10696409761076518,0.02466375958146156,0.07452356585706377,0.12445959822810343,0.024963459228605062
3,0.07847174383710688,0.04740759138473624,0.05206362714423249,0.07833866562438511,0.024586624698818973,0.0744449112114423,0.12438707073492455,0.17421834901196936
3,0.09698357637423403,0.059173019771102627,0.11317870028287315,0.12384738660029943,0.024592451211683176,0.07439355422397885,0.12426511855071377,0.1742386155553089
3,0.08882162048336806,0.05988711318798743,0.07376344056109466,0.0762118503481518,0.024584406707953695,0.07443594791173166,0.12440339010551321,0.17436137738486818
3,0.0719885248449773,0.05453105555294743,0.07354091098547519,0.06980674440054764,0.02458408932253296,0.0744444395379173,0.12431628000749752,0.1742247459583694
1,0.08805186299859141,0.06956166613660689,0.05252027576735077,0.07560650453470787,0.02475383234811228,0.07470145805092653,0.024963459228605062,0.024642454897483186
1,0.10067015071874832,0.04175223377953626,0.06393426649565943,0.059989287668279226,0.024753638813816967,0.07471806444357401,0.024944179343308847,0.024963459228605062
1,0.08701634449094996,0.057754230297549926,0.09018363678728264,0.0516102226556399,0.024754113075079673,0.07469854233916191,0.024961753578046846,0.02490547131938601
1,0.10201845563803451,0.08806215819546054,0.03930470851022974,0.08932031218735996,0.02475546499579568,0.07470338243495613,0.024953119047915848,0.024885460846576196
2,0.07313393674875193,0.04279769789318397,0.06943862967814288,0.0876908148491199,0.0246601744769384,0.07455481921968124,0.12450554511279129,0.02490547131938601
2,0.0666060818332172,0.0582205275396562,0.08562650982891855,0.12285612382913882,0.024671520187439566,0.07456472761439357,0.12449115321832385,0.024885460846576196
2,0.094008869696112,0.05349265777323103,0.05979761634148793,0.11256563629608766,0.02466387054350241,0.07458618901505293,0.12452096373823186,0.024642454897483186
2,0.09827449020940288,0.05981048445070156,0.054080328920987845,0.09000298212542103,0.024660878574286345,0.07457860927737767,0.12453969369020339,0.024963459228605062
3,0.10453331532850971,0.02972027127084863,0.07237468386515591,0.054183729600020526,0.024612514028087354,0.07443883391887537,0.1243019984889589,0.17422515273843883
3,0.07847174383710688,0.04740759138473624,0.05206362714423249,0.07833866562438511,0.02458909793082899,0.07448510968503208,0.12442342098217546,0.17428305830198468
3,0.07901992791088985,0.06367010545128575,0.04305448847976731,0.047557204359831656,0.02458472624232824,0.07445950929790172,0.12435064981831048,0.17429409465108625
3,0.10788700484562734,0.06371842712519873,0.05632827841395251,0.07515857153380007,0.02459326857076573,0.0744862943123287,0.12438562018281298,0.17435922051189928
1,0.08818689706958917,0.06733657213844531,0.06075221640518613,0.04491499861300679,0.024754170566913668,0.07469795327213316,0.024894355492355736,0.024918264417720916
1,0.08620825897118142,0.03872549521963008,0.09497271751075384,0.10696409761076518,0.024753694920426127,0.07471389286740991,0.024963459228605062,0.024842769219611805
1,0.08805186299859141,0.06956166613660689,0.05252027576735077,0.07560650453470787,0.024753877038517388,0.07470101273788486,0.024963459228605062,0.024642454897483186
2,0.09698357637423403,0.059173019771102627,0.11317870028287315,0.12384738660029943,0.024658874429750205,0.07459487287124396,0.12455680908118019,0.024842769219611805
2,0.094008869696112,0.05349265777323103,0.05979761634148793,0.11256563629608766,0.024659237557772377,0.07456095531933113,0.12454525595717571,0.024642454897483186
2,0.057579997658447235,0.03073540528634399,0.060959882257875526,0.030058540174007234,0.024661333416033195,0.07455431830644671,0.12454527342398898,0.024918264417720916
3,0.08701634449094996,0.057754230297549926,0.09018363678728264,0.0516102226556399,0.024584956087246486,0.07449358469229403,0.12440865817046808,0.17435954552602212
3,0.1224569444022226,0.019359729549477935,0.05100927879795279,0.07059028903462486,0.02458780643177382,0.07443229202827627,0.12443260948943834,0.17441095749456917
3,0.10788700484562734,0.06371842712519873,0.05632827841395251,0.07515857153380007,0.024585407764417554,0.07444074783981539,0.1244072149862688,0.17433838800653034
1,0.06294570034411998,0.04021219489964107,0.031653704504554334,0.1178116841496562,0.024753998638160184,0.07469974510935887,0.024956058716536146,0.024963459228605062
1,0.10453331532850971,0.02972027127084863,0.07237468386515591,0.054183729600020526,0.02475363160792242,0.07470351195578845,0.024963459228605062,0.02489435549235574
2,0.08818689706958917,0.06733657213844531,0.06075221640518613,0.04491499861300679,0.024659515863002905,0.07459344704442936,0.12456838319380174,0.02489435549235574
2,0.036540055503337616,0.030454596335134292,0.06070922519735354,0.11054382940957447,0.024660117508137645,0.0745560709879152,0.1245443962574936,0.024963459228605062
3,0.057579997658447235,0.03073540528634399,0.060959882257875526,0.030058540174007234,0.024585987316065174,0.07444087603711998,0.12439184054511865,0.1743829513844208
3,0.10238643056620109,0.05664029584840751,0.05913490276448035,0.1246786376408443,0.024584381646539085,0.07448135908315479,0.12444022638957775,0.1743807866488435
1,0.1224569444022226,0.019359729549477935,0.05100927879795279,0.07059028903462486,0.024753614596518578,0.07470368556147872,0.024963459228605062,0.024963459228605062
2,0.06579745526353267,0.09527496367133101,0.07178687159757545,0.0723457834673392,0.0246624844461217,0.07455613836787603,0.12450218816347516,0.024963459228605062
3,0.06107654068648495,0.04404596589599167,0.0596474401378652,0.04868724333875443,0.024588915682413504,0.07443591013268112,0.12434929099195348,0.1742925308635843
1,0.10201845563803451,0.08806215819546054,0.03930470851022974,0.08932031218735996,0.02475559560142872,0.07468262103978242,0.024953119047915848,0.024885460846576196
1,0.09193993741515988,0.05833629744017878,0.057760575930368506,0.0912264656989736,0.024753534171543454,0.07470449641503676,0.024963459228605062,0.024963459228605062
2,0.10552989700247628,0.06233143420282784,0.05979885599892133,0.07435749740990423,0.024659164023134707,0.07456105667694489,0.12449341268624144,0.024963459228605062
2,0.0666060818332172,0.0582205275396562,0.08562650982891855,0.12285612382913882,0.024664230781954385,0.07453312308960548,0.12451081671829267,0.024885460846576196
3,0.08833296809299832,0.048042958180560126,0.03535338519527883,0.09358909257645848,0.02458355235134969,0.07444321357071336,0.12430909769257592,0.17422480444628216
3,0.10453331532850971,0.02972027127084863,0.07237468386515591,0.054183729600020526,0.024592730924979198,0.07440721841432191,0.12436795970742712,0.1743328049492323
1,0.08818689706958917,0.06733657213844531,0.06075221640518613,0.04491499861300679,0.024753975632186852,0.07469997924440182,0.024894355492355736,0.024918264417720916
1,0.0719885248449773,0.05453105555294743,0.07354091098547519,0.06980674440054764,0.024753909181541994,0.07471577815033419,0.024963459228605062,0.024829717518355894
1,0.06219276703385941,0.04319753127497537,0.08364056316131827,0.0928239100112754,0.024753657977069302,0.0747032435976157,0.024525100576324142,0.024963459228605062
2,0.09193993741515988,0.05833629744017878,0.057760575930368506,0.0912264656989736,0.024661009761027742,0.07455894914244399,0.12453179518909846,0.024963459228605062
2,0.08967820393055356,0.05043354051570062,0.05754865533370028,0.13174147797154223,0.024665049420299547,0.0745632674385054,0.12447198339207145,0.024829717518355894
2,0.057579997658447235,0.03073540528634399,0.060959882257875526,0.030058540174007234,0.024660424987082232,0.07455593509292942,0.12455149314008272,0.024918264417720916
3,0.10552989700247628,0.06233143420282784,0.05979885599892133,0.07435749740990423,0.024587939661978524,0.07443721296778877,0.12440047787739777,0.17434446410525728
3,0.08882162048336806,0.05988711318798743,0.07376344056109466,0.0762118503481518,0.024603173726889763,0.07450520454900927,0.1243378945508656,0.1742868702207065
3,0.1224569444022226,0.019359729549477935,0.05100927879795279,0.07059028903462486,0.024587046497079136,0.07443833070904987,0.12442442756708898,0.17440767883190175
1,0.06579745526353267,0.09527496367133101,0.07178687159757545,0.0723457834673392,0.024754990462431424,0.07468916245704108,0.024963459228605062,0.024963459228605062
1,0.10201845563803451,0.08806215819546054,0.03930470851022974,0.08932031218735996,0.024753723212759093,0.0747025837482804,0.024953119047915848,0.024885460846576196
1,0.0719885248449773,0.05453105555294743,0.07354091098547519,0.06980674440054764,0.02475404462002927,0.07471613236954228,0.024963459228605062,0.024829717518355894
2,0.08967820393055356,0.05043354051570062,0.05754865533370028,0.13174147797154223,0.02466025957354998,0.0745893944226994,0.12456996820940945,0.024829717518355894
2,0.0666060818332172,0.0582205275396562,0.08562650982891855,0.12285612382913882,0.02465878536071414,0.07456308208857271,0.12452138684889398,0.024885460846576196
2,0.06107654068648495,0.04404596589599167,0.0596474401378652,0.04868724333875443,0.02466159533114031,0.07454679249236039,0.12448125781910618,0.024963459228605062
3,0.09413711326554447,0.06634962509899728,0.0944351677349502,0.07853638658730526,0.02459389835977241,0.07441588918380006,0.12429671833320383,0.17408638686597133
3,0.10453331532850971,0.02972027127084863,0.07237468386515591,0.054183729600020526,0.02458351557009486,0.07444290821825587,0.12435992836614378,0.17433379498119167
3,0.08882162048336806,0.05988711318798743,0.07376344056109466,0.0762118503481518,0.024585339492424974,0.07443459464059654,0.12440223333298393,0.17436113640732645
1,0.10201845563803451,0.08806215819546054,0.03930470851022974,0.08932031218735996,0.024754050208347474,0.07469920022697503,0.024953119047915848,0.024885460846576196
1,0.08472610045563106,0.08512984086219713,0.11708261207245654,0.05335755271515813,0.024753896788257675,0.07470293740631619,0.0249524549433447,0.02469237205828716
1,0.08818689706958917,0.06733657213844531,0.06075221640518613,0.04491499861300679,0.024754150362970396,0.07469815828877462,0.024894355492355736,0.024918264417720916
2,0.10239106509706287,0.020506042476152002,0.11507438503801326,0.12435629413381456,0.024661174288713582,0.07452657496334478,0.1244446855949627,0.02469237205828716
2,0.0666060818332172,0.0582205275396562,0.08562650982891855,0.12285612382913882,0.024659500475349358,0.07457283069183708,0.12454556759167995,0.024885460846576196
2,0.057579997658447235,0.03073540528634399,0.060959882257875526,0.030058540174007234,0.024662936815904025,0.07455753975641181,0.12452061055089189,0.024918264417720916
3,0.10453331532850971,0.02972027127084863,0.07237468386515591,0.054183729600020526,0.024583873074222214,0.07443894707485307,0.12438751356078397,0.17434597649418643
3,0.10852476086597679,0.05166543489155418,0.0898436265885823,0.0685723759493351,0.024587614742265628,0.07443864404628121,0.12427737753578788,0.17429149302301106
3,0.1224569444022226,0.019359729549477935,0.05100927879795279,0.07059028903462486,0.02459545000029154,0.07445063128463106,0.12437352154974564,0.17434128281975264
1,0.08472610045563106,0.08512984086219713,0.11708261207245654,0.05335755271515813,0.024754406211202087,0.07467732603999898,0.0249524549433447,0.02469237205828716
2,0.10239106509706287,0.020506042476152002,0.11507438503801326,0.12435629413381456,0.024662177007548115,0.07451526675078857,0.12446531179458367,0.02469237205828716
3,0.10852476086597679,0.05166543489155418,0.0898436265885823,0.0685723759493351,0.02458875606451392,0.07438509163335594,0.12427370211721621,0.17426151935311524
1,0.1224569444022226,0.019359729549477935,0.05100927879795279,0.07059028903462486,0.02475358580922949,0.07470397559821154,0.024963459228605062,0.024918264417720916
1,0.05965186414905752,0.041727301794869,0.08012521469534215,0.05028302319816047,0.024753837715805905,0.07470140333804219,0.024963459228605062,0.024960564014455785
1,0.0844179058277751,0.03677525459917113,0.07673448494071236,0.11825850596398199,0.024753663644355727,0.07470319282172716,0.024963459228605062,0.024963459228605062
2,0.10321584181737646,0.032305751585850875,0.05965018711046742,0.06972152603670531,0.0246608289822089,0.07455928287989422,0.1245380492473704,0.024963459228605062
2,0.13511877428902558,0.03977974107943862,0.08152520245618497,0.08923638522682999,0.02465973267621276,0.07455811870229548,0.12433853550173206,0.024960564014455785
2,0.06579745526353267,0.09527496367133101,0.07178687159757545,0.0723457834673392,0.024659135018387176,0.07456246615849658,0.12452770297833586,0.024918264417720916
3,0.08757092395490242,0.04712394582402018,0.1123959390647214,0.07514948179812386,0.02458955727288678,0.07444142830368033,0.12440012870675031,0.17437580162796892
3,0.06107654068648495,0.04404596589599167,0.0596474401378652,0.04868724333875443,0.024583811718180935,0.07448241720299541,0.12441332642281279,0.1743384918410405
3,0.08657703062135697,0.02454226611685095,0.05861901686321293,0.06602132459233474,0.02458569813874065,0.07443702554009232,0.12406417613091061,0.17387943036703363
1,0.05965186414905752,0.041727301794869,0.08012521469534215,0.05028302319816047,0.024753652583555767,0.07471717630660457,0.024963459228605062,0.024960564014455785
1,0.09413711326554447,0.06634962509899728,0.0944351677349502,0.07853638658730526,0.02475407432136299,0.07460655350122943,0.024915936921851196,0.024803003612830575
1,0.053707288696074676,0.06738399504192542,0.08202637002050253,0.08103072372672865,0.024754077245106247,0.07469896353954453,0.024528081683361305,0.024887427224576254
1,0.06219276703385941,0.04319753127497537,0.08364056316131827,0.0928239100112754,0.02475351778891618,0.07472012733764842,0.024963459228605062,0.024662273408601547
2,0.09375995222905795,0.04973809377582956,0.11570745496887275,0.10960353990981334,0.02465898665952165,0.07439963904153966,0.12417503602067576,0.024803003612830575
2,0.13511877428902558,0.03977974107943862,0.08152520245618497,0.08923638522682999,0.02465931683300066,0.07456008493038686,0.12440634656507689,0.024960564014455785
2,0.04225277274328395,0.04333966859371115,0.03342009276083108,0.09761611423674663,0.02466060475357259,0.07455408655784605,0.12452261545731477,0.024887427224576254
2,0.09193993741515988,0.05833629744017878,0.057760575930368506,0.0912264656989736,0.02465914473653011,0.074562974829418,0.12454480606526956,0.024662273408601547
3,0.10552989700247628,0.06233143420282784,0.05979885599892133,0.07435749740990423,0.024583624577381936,0.07444396943696593,0.12441343071490361,0.17433777915463142
3,0.07302338837531318,0.07945388214496918,0.08733910837215514,0.11245351907942505,0.024585032174143467,0.07423418913062836,0.12386106221961281,0.173607636924941
3,0.08657703062135697,0.02454226611685095,0.05861901686321293,0.06602132459233474,0.024584283071290517,0.07443892008977661,0.12415950601997625,0.17399675326728087
3,0.0770551109960299,0.056944675322081084,0.04222389767836368,0.057738459874451725,0.024585398818581156,0.07443522909211635,0.12436707420769894,0.17433332999732193
1,0.053707288696074676,0.06738399504192542,0.08202637002050253,0.08103072372672865,0.02475400171123763,0.07469974518882487,0.024528081683361305,0.024887427224576254
1,0.06949137571025928,0.040010267931191106,0.09320882240965457,0.043956101331974896,0.024753623182205694,0.07470359988836976,0.024906203920864206,0.024961750026743265
1,0.08472610045563106,0.08512984086219713,0.11708261207245654,0.05335755271515813,0.024754802084868553,0.07467302468123929,0.0249524549433447,0.02469237205828716
2,0.10239106509706287,0.020506042476152002,0.11507438503801326,0.12435629413381456,0.024663427896628416,0.07451007609845234,0.12446213481616707,0.02469237205828716
2,0.12433102431743706,0.033312367046707286,0.050118768337022335,0.061662529417935985,0.024660248056501886,0.07456106601875793,0.12451670102930526,0.024961750026743265
2,0.04225277274328395,0.04333966859371115,0.03342009276083108,0.09761611423674663,0.024659909165849335,0.07455683880024265,0.12452531707607849,0.024887427224576254
3,0.10852476086597679,0.05166543489155418,0.0898436265885823,0.0685723759493351,0.024594805271992294,0.07437347590579972,0.12425759737729815,0.17421745860418175
3,0.0770551109960299,0.056944675322081084,0.04222389767836368,0.057738459874451725,0.02458446141527796,0.07443803756492612,0.12436935234152872,0.17433392882182958
3,0.054635462331335705,0.02336295407149217,0.06798279696429056,0.11646332471576293,0.02458570810640188,0.0744878528174148,0.12440806600457446,0.17438402823586266
1,0.06949137571025928,0.040010267931191106,0.09320882240965457,0.043956101331974896,0.02475388374518759,0.07470094958046022,0.024906203920864206,0.024961750026743265
1,0.0844179058277751,0.03677525459917113,0.07673448494071236,0.11825850596398199,0.0247536921314411,0.07470290179104656,0.024963459228605062,0.024963459228605062
1,0.08029435032967,0.05078055036686503,0.03240925956980445,0.08215090442256684,0.024753883008602474,0.07471724478773675,0.024925941836548088,0.024926138962637397
2,0.0867383891937658,0.056630567933864624,0.03844144331649162,0.06472481046030512,0.0246606842176237,0.07458766858613104,0.12456795482559527,0.024926138962637397
2,0.12433102431743706,0.033312367046707286,0.050118768337022335,0.061662529417935985,0.02466216404627265,0.07455729320464625,0.12451446856420476,0.024961750026743265
2,0.10321584181737646,0.032305751585850875,0.05965018711046742,0.06972152603670531,0.02465998831346254,0.07456071099691433,0.12454009012907269,0.024963459228605062
3,0.054635462331335705,0.02336295407149217,0.06798279696429056,0.11646332471576293,0.02458977475867984,0.07443876664395259,0.12436799382061779,0.1743480525997742
3,0.08757092395490242,0.04712394582402018,0.1123959390647214,0.07514948179812386,0.02458651752611116,0.07444235915259108,0.1244008232467235,0.17438351499777424
3,0.09492088392956746,0.06276456206803592,0.07250673015955009,0.05700577911202905,0.0245876448622491,0.07443398051119507,0.12439292216935346,0.1743090677004086
1,0.08029435032967,0.05078055036686503,0.03240925956980445,0.08215090442256684,0.024754028058851813,0.0746994273088874,0.024925941836548088,0.024926138962637397
1,0.05965186414905752,0.041727301794869,0.08012521469534215,0.05028302319816047,0.02475375459050619,0.07470225815597696,0.024963459228605062,0.024960564014455785
1,0.08833296809299832,0.048042958180560126,0.03535338519527883,0.09358909257645848,0.024753500010830955,0.07470483767677508,0.024821014188906303,0.024963459228605062
1,0.07661803779302812,0.07864406752189268,0.11625794211036941,0.07959228337048087,0.02475489018024823,0.07463640156537876,0.024963459228605062,0.0247864449713497
2,0.13511877428902558,0.03977974107943862,0.08152520245618497,0.08923638522682999,0.024659594988729907,0.07458779216545942,0.12443594811976204,0.024960564014455785
2,0.04455375684732055,0.040159130195589865,0.10500976293020355,0.09454512386495503,0.024663987501202463,0.07444019451542515,0.12437915737696607,0.0247864449713497
2,0.0867383891937658,0.056630567933864624,0.03844144331649162,0.06472481046030512,0.024660682047866325,0.0745555596940452,0.1245281860857373,0.024926138962637397
2,0.09215392034537714,0.05919110116923699,0.04581136334445103,0.09410828853238716,0.024659179763411882,0.07456292564749072,0.1245462038143797,0.024963459228605062
3,0.08657703062135697,0.02454226611685095,0.05861901686321293,0.06602132459233474,0.024584718034310952,0.07448386026086778,0.12420603536857094,0.1739800590196075
3,0.06869199746655869,0.0354219471429465,0.11582315297719048,0.09016412454133257,0.024596125669225605,0.07427953487011006,0.12415601805330619,0.1740594668875359
3,0.09492088392956746,0.06276456206803592,0.07250673015955009,0.05700577911202905,0.02459021604083361,0.0744720278331178,0.12442385703417008,0.174306711757354
3,0.04114738794202728,0.07694796973957017,0.03235266207763032,0.0924036620017715,0.02458776012430514,0.07444566884087249,0.12443242967285585,0.17430425636385669
1,0.10607657725237371,0.04594319607344117,0.09674168888836185,0.11908431400757566,0.02475360717648095,0.07470375950100626,0.02480200302637471,0.02495711808352971
1,0.053707288696074676,0.06738399504192542,0.08202637002050253,0.08103072372672865,0.02475378530604156,0.0747019538636365,0.024528081683361305,0.024887427224576254
1,0.07661803779302812,0.07864406752189268,0.11625794211036941,0.07959228337048087,0.024754288056655235,0.07464398293572408,0.024963459228605062,0.0247864449713497
2,0.04225277274328395,0.04333966859371115,0.03342009276083108,0.09761611423674663,0.024659181580882542,0.07456005061981047,0.1245276436771787,0.024887427224576254
2,0.04455375684732055,0.040159130195589865,0.10500976293020355,0.09454512386495503,0.024660400412335262,0.07445756538205653,0.12439362836401281,0.0247864449713497
2,0.10045258094556689,0.024497723240221588,0.041436890996270154,0.10151397934316952,0.024659329029996003,0.07459226816794348,0.12457024683444606,0.02495711808352971
3,0.06869199746655869,0.0354219471429465,0.11582315297719048,0.09016412454133257,0.024587833197053436,0.07429960256314377,0.12411817793814839,0.17403097881742774
3,0.07501874126497982,0.05404007906232309,0.03590874429410779,0.06143070253676284,0.02458470828342856,0.07448504951614471,0.12443630073133286,0.17439873194533909
3,0.0770551109960299,0.056944675322081084,0.04222389767836368,0.057738459874451725,0.024584093849617357,0.07443935265915698,0.1243908816056987,0.17435061825710949
1,0.09707614584752376,0.021113392241634894,0.08979460522756974,0.05851250900364017,0.024753677230265957,0.07471936547151795,0.02491579732736856,0.024963459228605062
1,0.10607657725237371,0.04594319607344117,0.09674168888836185,0.11908431400757566,0.024753676971204255,0.07470305172345106,0.02480200302637471,0.02495711808352971
1,0.08472610045563106,0.08512984086219713,0.11708261207245654,0.05335755271515813,0.02475461671832825,0.0746749477752061,0.0249524549433447,0.02469237205828716
1,0.06949137571025928,0.040010267931191106,0.09320882240965457,0.043956101331974896,0.02475433984007413,0.07469617093490101,0.024906203920864206,0.024961750026743265
2,0.10243320931124603,0.037916065612529665,0.10286000290553134,0.11835142830557856,0.02466235993481801,0.07455762081935428,0.12449498195523984,0.024963459228605062
2,0.10045258094556689,0.024497723240221588,0.041436890996270154,0.10151397934316952,0.02465908359385352,0.07459278099696463,0.12456141690065664,0.02495711808352971
2,0.10239106509706287,0.020506042476152002,0.11507438503801326,0.12435629413381456,0.024662289082399536,0.07451399133852767,0.12444525166077275,0.02469237205828716
2,0.12433102431743706,0.033312367046707286,0.050118768337022335,0.061662529417935985,0.024663567985593958,0.07454753354419978,0.12450322615628664,0.024961750026743265
3,0.10852476086597679,0.05166543489155418,0.0898436265885823,0.0685723759493351,0.024590188144350912,0.0743864698600077,0.12424059203017333,0.17419073812584782
3,0.07501874126497982,0.05404007906232309,0.03590874429410779,0.06143070253676284,0.024583540906409938,0.07448602778681622,0.12442177999287249,0.17438747432670412
3,0.10099361355462882,0.054111900087016766,0.06837822457896602,0.07171663138965542,0.024591528165020787,0.0744403260375524,0.12433182289748558,0.17428443189993542
3,0.054635462331335705,0.02336295407149217,0.06798279696429056,0.11646332471576293,0.02459374263339301,0.07442639963177698,0.12434013102599525,0.1743221128796727
1,0.0844179058277751,0.03677525459917113,0.07673448494071236,0.11825850596398199,0.024753738247719478,0.07470243192513382,0.024963459228605062,0.024963459228605062
1,0.09707614584752376,0.021113392241634894,0.08979460522756974,0.05851250900364017,0.024753500635549156,0.07471850546183524,0.02491579732736856,0.024963459228605062
1,0.08029435032967,0.05078055036686503,0.03240925956980445,0.08215090442256684,0.02475390298557186,0.074700732720965,0.024925941836548088,0.024926138962637397
2,0.10243320931124603,0.037916065612529665,0.10286000290553134,0.11835142830557856,0.024659382828683005,0.07460751415841349,0.12457093174109811,0.024963459228605062
2,0.10321584181737646,0.032305751585850875,0.05965018711046742,0.06972152603670531,0.02466162745221084,0.07455812322055574,0.1245315024421437,0.024963459228605062
2,0.0867383891937658,0.056630567933864624,0.03844144331649162,0.06472481046030512,0.02466012679148338,0.07455981701475203,0.12452675680774046,0.024926138962637397
3,0.08757092395490242,0.04712394582402018,0.1123959390647214,0.07514948179812386,0.02458910849802476,0.07444121713249054,0.12439584969560645,0.17438924398690203
3,0.10099361355462882,0.054111900087016766,0.06837822457896602,0.07171663138965542,0.024590551356382388,0.07450822651858507,0.12443082295105723,0.17432459357923477
3,0.09492088392956746,0.06276456206803592,0.07250673015955009,0.05700577911202905,0.024591004927218756,0.07444261804345395,0.12437077895756318,0.17423970407249112
1,0.05965186414905752,0.041727301794869,0.08012521469534215,0.05028302319816047,0.024753917581754936,0.07471167355990226,0.024963459228605062,0.024960564014455785
1,0.09273074391267698,0.051408839817324914,0.07467643669445646,0.031770921086365714,0.02475389340003102,0.07470082827631397,0.02496019549544866,0.024817606650481126
2,0.10305247595760365,0.06591962833729673,0.09364075525110857,0.08400240722319215,0.024662906417494468,0.07455344545901621,0.1245300897747623,0.024817606650481126
2,0.13511877428902558,0.03977974107943862,0.08152520245618497,0.08923638522682999,0.024660515536747873,0.07458483585472389,0.12445837846333326,0.024960564014455785
3,0.062494831766945605,0.0808990091114247,0.082982823273181,0.07797470558244878,0.02459989974426107,0.07443281782439282,0.12438490914285183,0.17433353930031645
3,0.08657703062135697,0.02454226611685095,0.05861901686321293,0.06602132459233474,0.024590835593847758,0.07443927305648007,0.12422403182401887,0.17390390294001454
1,0.05533543246373582,0.04291540522536979,0.06832395403971446,0.10093113838326695,0.024753693592800535,0.07470288072666056,0.024963459228605062,0.024963459228605062
2,0.09602711893823077,0.05439293726964451,0.111783966128571,0.04730929883132339,0.024659118285835144,0.07456061206863814,0.12451727076070256,0.024963459228605062
3,0.1797572329781085,0.02868621397694798,0.057211475956722914,0.09638285008138478,0.02458429948931462,0.07443854127647866,0.12435272285683575,0.1742898770309165
1,0.08240541986320674,0.03134275117730289,0.06022796586904767,0.10001013852845043,0.024753632656426043,0.07470350644611767,0.02487935676448546,0.024839232077910566
1,0.10607657725237371,0.04594319607344117,0.09674168888836185,0.11908431400757566,0.024753788332654177,0.07471501197468806,0.02495711808352971,0.0247864449713497
1,0.05533543246373582,0.04291540522536979,0.06832395403971446,0.10093113838326695,0.02475371256404658,0.07470269688727624,0.024963459228605062,0.024963459228605062
1,0.04225277274328395,0.04333966859371115,0.03342009276083108,0.09761611423674663,0.02475349973214661,0.07470484045787723,0.024528081683361305,0.024887427224576254
2,0.09602711893823077,0.05439293726964451,0.111783966128571,0.04730929883132339,0.024658891126262485,0.07456293131657238,0.12451488275107858,0.024963459228605062
2,0.0770551109960299,0.056944675322081084,0.04222389767836368,0.057738459874451725,0.024659620691323728,0.07456306445780322,0.12451778806158594,0.024887427224576254
2,0.10045258094556689,0.024497723240221588,0.041436890996270154,0.10151397934316952,0.024662306351750173,0.07456371867728635,0.1245011256735298,0.0247864449713497
2,0.06454789920603626,0.07229885728311561,0.07814399258570467,0.06708836607021978,0.0246594201272523,0.07456052098462856,0.1244918696494125,0.024839232077910566
3,0.038526299122568025,0.026794988964422783,0.06134805025996648,0.09119388634465236,0.02458366118851699,0.07444380014605587,0.1243421798833455,0.1742209423880785
3,0.1797572329781085,0.02868621397694798,0.057211475956722914,0.09638285008138478,0.024584267857445975,0.07444774467668172,0.12434593852206055,0.17426112825784681
3,0.06949137571025928,0.040010267931191106,0.09320882240965457,0.043956101331974896,0.024589973140088713,0.07444912946833482,0.12437636108204016,0.17430073851020128
3,0.07501874126497982,0.05404007906232309,0.03590874429410779,0.06143070253676284,0.024597060361427118,0.07445568175535512,0.12430050016941686,0.17424841944781888
1,0.12433102431743706,0.033312367046707286,0.050118768337022335,0.061662529417935985,0.024753645129870945,0.07470338017777255,0.024961750026743265,0.024913354724072696
1,0.08240541986320674,0.03134275117730289,0.06022796586904767,0.10001013852845043,0.02475361348847081,0.07470369801573724,0.02487935676448546,0.024839232077910566
1,0.09707614584752376,0.021113392241634894,0.08979460522756974,0.05851250900364017,0.024753513846616622,0.07470469956294108,0.02491579732736856,0.024963459228605062
2,0.054635462331335705,0.02336295407149217,0.06798279696429056,0.11646332471576293,0.024658829587910745,0.07456212365077906,0.12453531191646983,0.024913354724072696
2,0.06454789920603626,0.07229885728311561,0.07814399258570467,0.06708836607021978,0.024659068349645177,0.07456425040776925,0.12448728396115463,0.024839232077910566
2,0.10243320931124603,0.037916065612529665,0.10286000290553134,0.11835142830557856,0.024659397087993133,0.07458604239076905,0.12454129497477608,0.024963459228605062
3,0.038526299122568025,0.026794988964422783,0.06134805025996648,0.09119388634465236,0.02458538209408936,0.07444980502619909,0.12429120770928143,0.1741597666971776
3,0.10099361355462882,0.054111900087016766,0.06837822457896602,0.07171663138965542,0.02458452488309698,0.0744767300929001,0.12441215818637484,0.17432117731199967
3,0.08029435032967,0.05078055036686503,0.03240925956980445,0.08215090442256684,0.024583731543111394,0.07444250654027137,0.1243873481865547,0.17435099185804986
1,0.0867383891937658,0.056630567933864624,0.03844144331649162,0.06472481046030512,0.024754025650165122,0.07471116030408724,0.024926138962637397,0.02493185270464246
1,0.03217028096369935,0.06367937110094683,0.11408350149455329,0.06494212128269577,0.02475376670157135,0.07470213448470951,0.024824579308193692,0.024711112653952948
2,0.0621843645573307,0.028904900904624147,0.04501284832040227,0.03128674476903448,0.024659798631291332,0.07455896577337616,0.12443004546139348,0.024711112653952948
2,0.09492088392956746,0.06276456206803592,0.07250673015955009,0.05700577911202905,0.024660146280144648,0.0745774662503491,0.12449923909411759,0.02493185270464246
3,0.12080026422143395,0.07367006033764258,0.05944470031605359,0.04385203332396638,0.024587409064932883,0.07442732620395603,0.1241895468750251,0.17406712519240175
3,0.07661803779302812,0.07864406752189268,0.11625794211036941,0.07959228337048087,0.024596491082806322,0.07448975817790904,0.1243183315881029,0.17394107472317785
1,0.09273074391267698,0.051408839817324914,0.07467643669445646,0.031770921086365714,0.024753983482246195,0.07471584978060475,0.02496019549544866,0.024817606650481126
1,0.04455375684732055,0.040159130195589865,0.10500976293020355,0.09454512386495503,0.02475377479712491,0.07467508999992416,0.0247864449713497,0.024744156118624412
2,0.06869199746655869,0.0354219471429465,0.11582315297719048,0.09016412454133257,0.02466019920680939,0.07450759150925834,0.12442671520715459,0.024744156118624412
2,0.10305247595760365,0.06591962833729673,0.09364075525110857,0.08400240722319215,0.02465956779761046,0.07458260610348028,0.12458866914238373,0.024817606650481126
3,0.10607657725237371,0.04594319607344117,0.09674168888836185,0.11908431400757566,0.02458857303519032,0.07437108451126888,0.12420609355606475,0.1741616859186027
3,0.062494831766945605,0.0808990091114247,0.082982823273181,0.07797470558244878,0.02458633810733607,0.07448052686562412,0.12448215927894384,0.17446622149702987
1,0.07990360442155085,0.0778947694205751,0.03856327934583609,0.08604951468647097,0.02475499177531713,0.07468614237534968,0.024963459228605062,0.024948539199239842
2,0.09892029591107787,0.055447976977059464,0.08388422621184678,0.06252610322132209,0.024661693178649708,0.07454057948221506,0.1245178224990173,0.024948539199239842
3,0.08425573820565353,0.03385792359072022,0.04880489521972689,0.07317153933831788,0.02458759785895662,0.07441832000112583,0.12435888893026428,0.17430762129629102
1,0.08514255462647685,0.05815561670688822,0.04825867311487711,0.09953019257464628,0.02475380484027422,0.07471739022153029,0.024871306447492778,0.024955050669219308
1,0.07990360442155085,0.0778947694205751,0.03856327934583609,0.08604951468647097,0.024754751882973835,0.07468891350428487,0.024963459228605062,0.024948539199239842
1,0.08240541986320674,0.03134275117730289,0.06022796586904767,0.10001013852845043,0.02475362309842828,0.07470359798095134,0.02487935676448546,0.024839232077910566
2,0.09892029591107787,0.055447976977059464,0.08388422621184678,0.06252610322132209,0.024661315845959295,0.07454392199427282,0.1244995791901911,0.024948539199239842
2,0.06454789920603626,0.07229885728311561,0.07814399258570467,0.06708836607021978,0.02466200094829491,0.07455978857544031,0.1244638926788639,0.024839232077910566
2,0.04171577892517791,0.0569370903582259,0.04554962924289335,0.05328212510461341,0.024659438486273576,0.07456017728214631,0.12453275076390405,0.024955050669219308
3,0.08425573820565353,0.03385792359072022,0.04880489521972689,0.07317153933831788,0.02458624089758124,0.07442293031772507,0.1243279358364049,0.1742789634576515
3,0.038526299122568025,0.026794988964422783,0.06134805025996648,0.09119388634465236,0.0245891882926322,0.07444036039378414,0.12427503655130161,0.17417625060507
3,0.09306832656737814,0.03839160659949567,0.03779142541527442,0.057493399722216475,0.02458436974972742,0.07448780494389534,0.12442931323144156,0.1743997030148411
1,0.09041924369676309,0.05584949745538884,0.07907051631291881,0.03290947725488644,0.02475389944376615,0.07471596265849934,0.024893663600616796,0.024963459228605062
1,0.08514255462647685,0.05815561670688822,0.04825867311487711,0.09953019257464628,0.024754103942599148,0.07469864293471185,0.024871306447492778,0.024955050669219308
1,0.03217028096369935,0.06367937110094683,0.11408350149455329,0.06494212128269577,0.024753934919322897,0.07470039961288873,0.024824579308193692,0.024711112653952948
2,0.04171577892517791,0.0569370903582259,0.04554962924289335,0.05328212510461341,0.024659732295659917,0.07455621707533017,0.1245357314214093,0.024955050669219308
2,0.0621843645573307,0.028904900904624147,0.04501284832040227,0.03128674476903448,0.02466046620682295,0.07455560975363329,0.12442911206958553,0.024711112653952948
2,0.0801682245133812,0.03596005996311952,0.04832519965484584,0.09563195448461409,0.02465946952040611,0.07455857096042143,0.12449207202237757,0.024963459228605062
3,0.09273074391267698,0.051408839817324914,0.07467643669445646,0.031770921086365714,0.02458454300183311,0.07444203454784881,0.12430178524271739,0.17421561921605688
3,0.09306832656737814,0.03839160659949567,0.03779142541527442,0.057493399722216475,0.024585291869856737,0.07443308800942441,0.12438665468443742,0.17436825325918787
3,0.12080026422143395,0.07367006033764258,0.05944470031605359,0.04385203332396638,0.02458551236455107,0.07443639226593535,0.12419825955255687,0.17406960981225386
1,0.0430507045023599,0.022289458491842756,0.06255323149166733,0.08407183596353743,0.024753505093669356,0.07472061684715162,0.024963459228605062,0.024963459228605062
1,0.10305247595760365,0.06591962833729673,0.09364075525110857,0.08400240722319215,0.024753919306586946,0.07470056346357307,0.024817606650481126,0.024963459228605062
2,0.062494831766945605,0.0808990091114247,0.082982823273181,0.07797470558244878,0.024664576226742282,0.07455281988790959,0.12451292070418436,0.024963459228605062
2,0.07148225441838024,0.04474502133640581,0.07675446067471968,0.13155335205563984,0.024662724906022154,0.07459543020839529,0.12449384186677087,0.024963459228605062
3,0.13919718627436245,0.04448661337341954,0.04205120895943984,0.07822695142701952,0.024597661236416726,0.07445364843648093,0.12426306817725008,0.17417900594759061
3,0.05533543246373582,0.04291540522536979,0.06832395403971446,0.10093113838326695,0.024596075630719763,0.07443150855437493,0.12437191218697921,0.17438376703770075
1,0.06454789920603626,0.07229885728311561,0.07814399258570467,0.06708836607021978,0.024754243220279436,0.07470253579926973,0.024839232077910566,0.024902462519682596
1,0.07148225441838024,0.04474502133640581,0.07675446067471968,0.13155335205563984,0.024753875839556037,0.07470100976611262,0.024963459228605062,0.024934818782004767
2,0.13919718627436245,0.04448661337341954,0.04205120895943984,0.07822695142701952,0.024662895882120926,0.07457144357738336,0.12448847400616514,0.024934818782004767
2,0.038526299122568025,0.026794988964422783,0.06134805025996648,0.09119388634465236,0.024661784941077455,0.07451605395188833,0.12443806681593308,0.024902462519682596
3,0.03217028096369935,0.06367937110094683,0.11408350149455329,0.06494212128269577,0.024586744980723895,0.07438329222030834,0.1242310471884921,0.17414885224929416
3,0.08122067213617883,0.03993032378028568,0.06866534908963778,0.05384282800710696,0.02459320904813107,0.07445819671929749,0.12430745458682267,0.1742714955957108
1,0.14846887787735968,0.07595860389818351,0.05209360222712069,0.04493647286811737,0.02475415106388447,0.07469820919785336,0.024858168866509198,0.024963459228605062
2,0.11682103824348646,0.0543858071101884,0.07279285639645457,0.08898994399019228,0.024662911646918282,0.07455120944549792,0.12449448132727034,0.024963459228605062
3,0.053236792344502494,0.04593251762713872,0.04369937845241682,0.04840326227063722,0.024607255300468776,0.0744413017694304,0.12430742524324989,0.17396087593634366
1,0.09433689496768144,0.053595941410149894,0.07144528386634337,0.088372280634121,0.024753831733879936,0.07471235644435492,0.024963459228605062,0.024963459228605062
1,0.07772579327662212,0.06206715270624713,0.039459423447714324,0.05198155928049242,0.024753956317035475,0.07470017972578563,0.024963459228605062,0.024721641351418862
1,0.12080026422143395,0.07367006033764258,0.05944470031605359,0.04385203332396638,0.02475427012857088,0.07469691972340427,0.024711112653952948,0.024932506132030092
2,0.14690893216717182,0.03811114983723798,0.08955972097852603,0.05180715492663511,0.024660224670699553,0.07455850227536877,0.1245050720081525,0.024963459228605062
2,0.0660194252883411,0.07857611868889677,0.11795179029788361,0.03436564253307665,0.024666738173647784,0.0745455528801157,0.12444884005448675,0.024932506132030092
2,0.03389075405019257,0.04571899673105194,0.03228923643423135,0.11389048386594545,0.024659456441611226,0.07455865604875928,0.1245562290654937,0.024721641351418862
3,0.0898223410476173,0.04822430953620138,0.06901449862572907,0.12911528708287073,0.024598253860784167,0.07442602532808429,0.12426485670789936,0.1742407268720836
3,0.07909656751044668,0.06076900120672565,0.06367025084457695,0.10194574200463087,0.024588261967095723,0.07443706229666518,0.12433223008079755,0.17427348627980438
3,0.11979003914166965,0.03455439821423432,0.05247482520610924,0.10721292380217465,0.0245841848391925,0.07448092360325305,0.12446803720285309,0.17446081368128866
1,0.11020120950881085,0.02409731326013424,0.0940766140858999,0.0773359220963507,0.024753652944668393,0.0747033011613993,0.024863269361790105,0.024963459228605062
1,0.07148225441838024,0.04474502133640581,0.07675446067471968,0.13155335205563984,0.02475392486025521,0.07471623105335047,0.024934818782004767,0.024963459228605062
1,0.09433689496768144,0.053595941410149894,0.07144528386634337,0.088372280634121,0.024754111000168857,0.07469856177898597,0.024963459228605062,0.024963459228605062
2,0.13919718627436245,0.04448661337341954,0.04205120895943984,0.07822695142701952,0.024662629510558427,0.07455290116227152,0.12448361425480448,0.024963459228605062
2,0.1099549360135674,0.04097923747141401,0.09274098667539901,0.06210088329718825,0.024659948080568733,0.07455868907498388,0.12453790897765837,0.024963459228605062
2,0.14690893216717182,0.03811114983723798,0.08955972097852603,0.05180715492663511,0.02466137051070486,0.07455313015555469,0.12451783647949449,0.024963459228605062
3,0.07909656751044668,0.06076900120672565,0.06367025084457695,0.10194574200463087,0.024587605516226543,0.07443291832588468,0.12435942205895036,0.17431243454538514
3,0.07990360442155085,0.0778947694205751,0.03856327934583609,0.08604951468647097,0.024589494061003046,0.07443665607475981,0.12440267305996261,0.17429376501841537
3,0.08122067213617883,0.03993032378028568,0.06866534908963778,0.05384282800710696,0.024591579788099022,0.07443260200683746,0.12430508619828534,0.17425058194219853
1,0.10319545590807831,0.03952393710104622,0.04786354144611053,0.07753327346396831,0.024753583646313283,0.07470399965467278,0.02487231901730005,0.024963459228605062
2,0.06903349523069889,0.03227159856883896,0.042223157304170554,0.06486431629804489,0.024659116959501976,0.07456125767169282,0.12452473130988774,0.024963459228605062
3,0.1356703742463152,0.053073268342608414,0.08879961503968342,0.11980942326503018,0.024584500519600535,0.07443728199059496,0.12436062634312027,0.1742003592726238
1,0.04171577892517791,0.0569370903582259,0.04554962924289335,0.05328212510461341,0.024753837406625363,0.07470141870359054,0.024955050669219308,0.02495006282682934
1,0.07772579327662212,0.06206715270624713,0.039459423447714324,0.05198155928049242,0.02475383207276803,0.0747014612551135,0.024963459228605062,0.024721641351418862
2,0.03389075405019257,0.04571899673105194,0.03228923643423135,0.11389048386594545,0.024659230822774016,0.07455953608315655,0.12455717620709689,0.024721641351418862
2,0.09306832656737814,0.03839160659949567,0.03779142541527442,0.057493399722216475,0.02465992024666092,0.07455720046713409,0.12453282857963534,0.02495006282682934
3,0.11979003914166965,0.03455439821423432,0.05247482520610924,0.10721292380217465,0.024583893356215865,0.07444232025914198,0.12443109141547631,0.17441569865374695
3,0.09914485432950064,0.037763282057171464,0.07143463088050002,0.10687811900570997,0.024585224693642632,0.07443893432509609,0.12440118192621374,0.17431610901084738
1,0.09433689496768144,0.053595941410149894,0.07144528386634337,0.088372280634121,0.024753581862196294,0.07470401660862028,0.024963459228605062,0.024963459228605062
1,0.07821075218909727,0.03554264858980374,0.06995224136798062,0.06174760231439638,0.024753600508296773,0.07470382980467455,0.0248925694139553,0.024647773514710848
1,0.0737714881949676,0.05858434674902606,0.09129206803086368,0.11425732692108304,0.02475409171907496,0.07469876296216532,0.02471878551373804,0.024963459228605062
2,0.14690893216717182,0.03811114983723798,0.08955972097852603,0.05180715492663511,0.024659013497995715,0.07456145637830891,0.12452917727905545,0.024963459228605062
2,0.054998225401510455,0.09361097993030162,0.11307189715151059,0.08541756753034212,0.024659643860523824,0.07456060875243867,0.12453808877259277,0.024647773514710848
2,0.09171991257269041,0.06655723113701605,0.0929912050091524,0.11228316666360519,0.024665133908718915,0.0745656916974965,0.12442525615754291,0.024963459228605062
3,0.04386648276030221,0.0518008746313058,0.061515217511042344,0.07657369455519743,0.024586792588948584,0.07443988517883572,0.12439551400394852,0.17429497311951317
3,0.07909656751044668,0.06076900120672565,0.06367025084457695,0.10194574200463087,0.024583405655171912,0.07444184166025729,0.1243782512459102,0.17432747157791348
3,0.07968394562773568,0.04672566748979314,0.061267880317478714,0.047826030310308215,0.02459873321199527,0.07445730172392022,0.12420700009492153,0.17412275183255854
1,0.11361826124169924,0.04742934109629,0.06316910288445622,0.0890285494043397,0.024753787061295565,0.07471828368062024,0.024756457298217897,0.024963459228605062
1,0.056003632244288525,0.06318680570638452,0.11001315796708805,0.0982512556165353,0.024753631689221522,0.07470351542506153,0.024963459228605062,0.02471878551373804
2,0.0737714881949676,0.05858434674902606,0.09129206803086368,0.11425732692108304,0.024660564986997823,0.07455979487477696,0.12454055584009803,0.02471878551373804
2,0.12823596514311836,0.05296145320754586,0.04090886881251031,0.11481617954896364,0.024661254972065817,0.07459273105631989,0.12450693891330016,0.024963459228605062
3,0.057649785335831844,0.036696828125023395,0.06756945909224146,0.035455492270838065,0.024589405655273216,0.07449127706403105,0.12432763872200737,0.1742665755028824
3,0.09171991257269041,0.06655723113701605,0.0929912050091524,0.11228316666360519,0.02458471081132948,0.0744418843198534,0.12441832330683494,0.17432494885229483
1,0.07968394562773568,0.04672566748979314,0.061267880317478714,0.047826030310308215,0.024753695321196343,0.07470286325983429,0.024963459228605062,0.024756457298217897
1,0.08831932423522729,0.03205654092700667,0.09005103950916812,0.1096062424138764,0.02475358237661357,0.07470401046327656,0.024840504247771643,0.024932093408761652
2,0.11361826124169924,0.04742934109629,0.06316910288445622,0.0890285494043397,0.024660267003415146,0.07456213107684596,0.12453295750170136,0.024756457298217897
2,0.0702701156761992,0.060891945089737436,0.04100054014420906,0.09033371184103535,0.02465882230131439,0.07456271220491595,0.12446172949318203,0.024932093408761652
3,0.12823596514311836,0.05296145320754586,0.04090886881251031,0.11481617954896364,0.02458862348174812,0.0744485674684598,0.12438480819198756,0.1743114061697432
3,0.07334080960222655,0.07613782296294828,0.08549363681818876,0.09494689809341597,0.024583550777664057,0.07444243275916844,0.12430636397882683,0.17422083661644577
1,0.07772579327662212,0.06206715270624713,0.039459423447714324,0.05198155928049242,0.024753898545186774,0.07470077453067145,0.024963459228605062,0.024721641351418862
1,0.07821075218909727,0.03554264858980374,0.06995224136798062,0.06174760231439638,0.024753763642644814,0.07470218031705382,0.0248925694139553,0.024647773514710848
1,0.08883306507705477,0.047354612299151826,0.034379021850276234,0.046279729283280044,0.024753564051563773,0.07467949375617075,0.024748883527165037,0.024963459228605062
1,0.057649785335831844,0.036696828125023395,0.06756945909224146,0.035455492270838065,0.024753706225762787,0.07471857010773035,0.02496208821758035,0.024840504247771643
2,0.03389075405019257,0.04571899673105194,0.03228923643423135,0.11389048386594545,0.024659411661751365,0.07455881237728115,0.12455652736849891,0.024721641351418862
2,0.08831932423522729,0.03205654092700667,0.09005103950916812,0.1096062424138764,0.02465963640704136,0.07459118277750952,0.1245592643416044,0.024840504247771643
2,0.08305703925630192,0.07153798824076774,0.05130403130108468,0.12154169684091085,0.024661562603643605,0.0745148309438357,0.12440268436767762,0.024963459228605062
2,0.054998225401510455,0.09361097993030162,0.11307189715151059,0.08541756753034212,0.024659474926066956,0.07456254747653551,0.12453501333601684,0.024647773514710848
3,0.11979003914166965,0.03455439821423432,0.05247482520610924,0.10721292380217465,0.02458465029455772,0.0744366688630226,0.12442991250088267,0.17442634556311695
3,0.11234546719307109,0.06001812190489344,0.09768578259724756,0.08151113746871619,0.024590354984765445,0.07438200780771463,0.12418410009463725,0.17407619925872694
3,0.0702701156761992,0.060891945089737436,0.04100054014420906,0.09033371184103535,0.024591334292169226,0.07448930759889304,0.12442035715818432,0.17426913286180534
3,0.04386648276030221,0.0518008746313058,0.061515217511042344,0.07657369455519743,0.02458884160353038,0.07445215064087352,0.12437944640903484,0.17422182686583162
1,0.056003632244288525,0.06318680570638452,0.11001315796708805,0.0982512556165353,0.02475354917851872,0.07471675098571233,0.024963459228605062,0.02471878551373804
1,0.07334080960222655,0.07613782296294828,0.08549363681818876,0.09494689809341597,0.024754080995735273,0.07469888073092382,0.024963459228605062,0.02474888352716504
1,0.09433689496768144,0.053595941410149894,0.07144528386634337,0.088372280634121,0.024754258754985426,0.07469700768084686,0.024963459228605062,0.024963459228605062
1,0.12291484123057432,0.05043848867995966,0.11552543937833024,0.09022075156529853,0.024753985979547914,0.07469987478016774,0.024796166672258823,0.024963459228605062
2,0.08883306507705477,0.047354612299151826,0.034379021850276234,0.046279729283280044,0.02466002866736179,0.07455594970519842,0.12448596837103668,0.02474888352716504
2,0.0737714881949676,0.05858434674902606,0.09129206803086368,0.11425732692108304,0.02466034177716751,0.07458187642013936,0.1245577415175072,0.02471878551373804
2,0.14690893216717182,0.03811114983723798,0.08955972097852603,0.05180715492663511,0.02466640744606192,0.07455005751292497,0.12444714750532529,0.024963459228605062
2,0.06820385914981225,0.037498289641719695,0.07831152193285847,0.06942089373990584,0.024661029157887027,0.07459067621513409,0.12454662270580508,0.024963459228605062
3,0.08305703925630192,0.07153798824076774,0.05130403130108468,0.12154169684091085,0.02458748172015378,0.07443217009443243,0.12429853711550891,0.17421092562465995
3,0.06287270749292964,0.029440501960219075,0.069982609321197,0.038436066544636355,0.02460311243876189,0.07450146903962017,0.1243779721623939,0.17417411454168455
3,0.07909656751044668,0.06076900120672565,0.06367025084457695,0.10194574200463087,0.024608476720633037,0.0744390823811789,0.12421440194951616,0.17411092985185372
3,0.09171991257269041,0.06655723113701605,0.0929912050091524,0.11228316666360519,0.02458638591270593,0.07444144215975375,0.12441239757890518,0.17432395783700455
1,0.07968394562773568,0.04672566748979314,0.061267880317478714,0.047826030310308215,0.024753638497814697,0.07470344454624868,0.024963459228605062,0.024756457298217897
1,0.09989623166273423,0.03726345738671326,0.04941038681129349,0.07952044716659427,0.024753584394889467,0.07470399161910203,0.024916973191833284,0.024941306979819004
2,0.11361826124169924,0.04742934109629,0.06316910288445622,0.0890285494043397,0.024660491085086826,0.0745608416684401,0.12453325189421842,0.024756457298217897
2,0.06796534009414572,0.036132946421596396,0.10604522336392022,0.1114852609567502,0.024659169429538576,0.07458294496725322,0.12456786248971691,0.024941306979819004
3,0.12823596514311836,0.05296145320754586,0.04090886881251031,0.11481617954896364,0.024588042553992433,0.07444443041317446,0.12438904623091751,0.1743454105797573
3,0.06622898558684825,0.06020831745019402,0.06305595326414622,0.06610276690469355,0.024584747996301316,0.07447315246348513,0.12444192524450881,0.17442308075579124
1,0.12291484123057432,0.05043848867995966,0.11552543937833024,0.09022075156529853,0.024753690767567706,0.07470291659007389,0.024807145948445852,0.024796166672258823
1,0.06903349523069889,0.03227159856883896,0.042223157304170554,0.06486431629804489,0.02475391795266026,0.07471697446453739,0.02487231901730005,0.024963459228605062
2,0.06820385914981225,0.037498289641719695,0.07831152193285847,0.06942089373990584,0.02465947223812486,0.0745600324859703,0.12452877069475426,0.024796166672258823
2,0.1356703742463152,0.053073268342608414,0.08879961503968342,0.11980942326503018,0.024661902875977786,0.07455455614738914,0.12439249815455371,0.024963459228605062
3,0.06287270749292964,0.029440501960219075,0.069982609321197,0.038436066544636355,0.024591003154721795,0.07444383265415284,0.12437324008074614,0.1742580359663986
3,0.05730810873003303,0.03389215000767462,0.07587326183574959,0.11764700343221182,0.024591270247439748,0.07443396113534373,0.12413590688034215,0.1739878850777909
1,0.0805793185500982,0.052981643941316395,0.03950973582424785,0.0781356972038732,0.02475412819089815,0.07471190523065625,0.024647773514710848,0.024929565173024165
1,0.09989623166273423,0.03726345738671326,0.04941038681129349,0.07952044716659427,0.024753706682636368,0.07471551714979636,0.024916973191833284,0.024941306979819004
1,0.0702701156761992,0.060891945089737436,0.04100054014420906,0.09033371184103535,0.024755211028577837,0.0746351386102999,0.024963459228605062,0.024840504247771643
1,0.05052516288695156,0.036613589434118486,0.08322974274068715,0.07522045785177463,0.024753893109753403,0.07471516704635237,0.024885000407095573,0.024818238584451386
2,0.07821075218909727,0.03554264858980374,0.06995224136798062,0.06174760231439638,0.024661496096134404,0.07455211555602706,0.12452152859122972,0.024929565173024165
2,0.06796534009414572,0.036132946421596396,0.10604522336392022,0.1114852609567502,0.02465929280130481,0.07458775249950046,0.12457258260010359,0.024941306979819004
2,0.07334080960222655,0.07613782296294828,0.08549363681818876,0.09494689809341597,0.02466898505461244,0.07443297869042267,0.12430485479082415,0.024840504247771643
2,0.07589819154278285,0.05725152377988601,0.06861422380482446,0.11944101287258274,0.02465965883966355,0.07455731981019807,0.12450404319979447,0.024818238584451386
3,0.054998225401510455,0.09361097993030162,0.11307189715151059,0.08541756753034212,0.02459397408494456,0.0744280569398396,0.12436820400286853,0.17429852714379962
3,0.04580899715011511,0.06592004449304686,0.08272902671406297,0.0694687646660723,0.02458874167114798,0.07446734169708201,0.12436428375227117,0.17419961770363437
3,0.08883306507705477,0.047354612299151826,0.034379021850276234,0.046279729283280044,0.024613584563709667,0.07427919346623697,0.12403039468698797,0.17383191232499345
3,0.06622898558684825,0.06020831745019402,0.06305595326414622,0.06610276690469355,0.024583800079832616,0.07444147053398896,0.12440486742450886,0.17439338688866338
1,0.10333691011364753,0.04749241161967386,0.042212825813628146,0.0805622849366219,0.024753797426146387,0.07470182723509972,0.02477708216692769,0.024821477042341444
1,0.04386648276030221,0.0518008746313058,0.061515217511042344,0.07657369455519743,0.02475411654487801,0.07463416134556153,0.024948506782055714,0.024963459228605062
1,0.09020481082907218,0.05490193308442725,0.1064183401131751,0.08680027425265112,0.024754063897289513,0.07469911033248823,0.024963459228605062,0.024963459228605062
1,0.08305703925630192,0.07153798824076774,0.05130403130108468,0.12154169684091085,0.024754626728832878,0.0746629326521334,0.024963459228605062,0.024807145948445856
2,0.11234546719307109,0.06001812190489344,0.09768578259724756,0.08151113746871619,0.02466157254492593,0.07449156526231175,0.12442274170030634,0.024807145948445856
2,0.060078763167018406,0.03962925836877379,0.04915012958625508,0.06057326549040298,0.02465946679077423,0.0745580973886439,0.12451943425494397,0.024963459228605062
2,0.053139876580485634,0.057096902441981366,0.07353058430341906,0.04114701003232223,0.02465902698078598,0.0745620387894293,0.12453455058799963,0.024821477042341444
2,0.056003632244288525,0.06318680570638452,0.11001315796708805,0.0982512556165353,0.024660043098240093,0.07449273291814755,0.12439085844277259,0.024963459228605062
3,0.059315305260626644,0.01834486377566865,0.06545063801081563,0.07372216423104737,0.024583576728960783,0.07444049500467283,0.12435549558494306,0.17430667576705583
3,0.0737714881949676,0.05858434674902606,0.09129206803086368,0.11425732692108304,0.02458553136769027,0.07435188340680225,0.12414412822225074,0.17413911271542706
3,0.05779825803156498,0.05852961668153801,0.06783212296362912,0.10923272178796888,0.024589114981857462,0.07446091078687869,0.12438640606410545,0.1741405393931708
3,0.12291484123057432,0.05043848867995966,0.11552543937833024,0.09022075156529853,0.02459017886548709,0.0743443687456047,0.12420754802120117,0.17416555129239109
1,0.11361826124169924,0.04742934109629,0.06316910288445622,0.0890285494043397,0.024754379369097922,0.07469584669156083,0.024963459228605062,0.024963459228605062
2,0.12823596514311836,0.05296145320754586,0.04090886881251031,0.11481617954896364,0.024668273003495902,0.07454315076203315,0.1244262882787363,0.024963459228605062
3,0.057649785335831844,0.036696828125023395,0.06756945909224146,0.035455492270838065,0.024606685864494195,0.07442254997377869,0.12421527234877171,0.17416216470261697
1,0.060078763167018406,0.03962925836877379,0.04915012958625508,0.06057326549040298,0.024755449400007262,0.07469662052550191,0.024963459228605062,0.02491149329635491
1,0.07039588196130198,0.04142046868275718,0.07027193702675719,0.05460564466522322,0.02475397804496153,0.07469995110550302,0.024919594632457326,0.024778979840817953
2,0.059315305260626644,0.01834486377566865,0.06545063801081563,0.07372216423104737,0.024665332630363992,0.07455196866719015,0.12451951265468697,0.02491149329635491
2,0.10509529749501048,0.04311844295579399,0.0874397843943929,0.05718249321463705,0.024659061558778145,0.07456023600141862,0.12455222176129137,0.024778979840817953
3,0.11267193225125349,0.062224273410470696,0.05104833954302453,0.07477449010986838,0.024583865250032696,0.07444513274257167,0.1244179390113248,0.17439360127141618
3,0.05052516288695156,0.036613589434118486,0.08322974274068715,0.07522045785177463,0.024596668064770604,0.07442662544373915,0.12435973096980983,0.17429254396855184
1,0.06217259528239863,0.0670074833778583,0.05570394768382661,0.11576491882319355,0.024755057276227174,0.07466013776465064,0.024963459228605062,0.024802470948944444
1,0.05185182254866104,0.05807160152533904,0.08771177104272758,0.07305373402821312,0.024759778708270046,0.07464771424083226,0.024963459228605062,0.024963459228605062
2,0.05895521025622215,0.055608985455272035,0.07903191274971486,0.048135970870276996,0.024681045708528707,0.0744851731340545,0.1244709901779598,0.024963459228605062
2,0.09658868278735856,0.031439818541527345,0.11453744305132746,0.12731978920177892,0.024665370877721377,0.07440825420093315,0.12432408096395857,0.024802470948944444
3,0.10358390927207765,0.07248990907793204,0.044616573392671735,0.11121123479505338,0.024607388164820467,0.07436284721935899,0.12433694185916588,0.17428676076867702
3,0.10069733657702487,0.05803269294100581,0.05268666376631197,0.10524645606114223,0.024591614036576,0.07425123318817009,0.12409328673760668,0.17408742403812133
1,0.06637167589888164,0.045634483046606555,0.06579528954027064,0.07988451352956548,0.024753796675442995,0.0747018267608782,0.02492088088608285,0.024915926125560414
2,0.11665179250289699,0.04586443621442812,0.06697637446952191,0.06616730089729345,0.024659466101695084,0.07456106072064675,0.12454600228458843,0.024915926125560414
3,0.047314918033453265,0.04034987295701984,0.09388091093353898,0.07346919034725066,0.024584298988278876,0.07444275664744708,0.1244121814560195,0.17440147475327436
1,0.04618528896504185,0.047738520620758305,0.08298098784259637,0.08655669630973697,0.024753837295413163,0.07471146383087313,0.024963459228605062,0.024963459228605062
1,0.11267193225125349,0.062224273410470696,0.05104833954302453,0.07477449010986838,0.0247539521281221,0.07470022152717803,0.024963459228605062,0.024963459228605062
2,0.054973601198865026,0.04405375963215785,0.07937255833304054,0.07878571862163608,0.024659321446004235,0.0745599379819629,0.12451377418565535,0.024963459228605062
2,0.05185182254866104,0.05807160152533904,0.08771177104272758,0.07305373402821312,0.024659788745344063,0.07456227135667852,0.12454070945367966,0.024963459228605062
3,0.05895521025622215,0.055608985455272035,0.07903191274971486,0.048135970870276996,0.02458856871811189,0.07444536964796733,0.12440034819449136,0.1743465581128985
3,0.09224594912625506,0.05008645284598626,0.10756628198707999,0.07538807746169914,0.024584446358760354,0.07448828109425053,0.12441059931236607,0.17433619265125133
1,0.08668016367646515,0.04854943235039874,0.10580416685052696,0.04300610955054195,0.02475396039328945,0.07470013612923429,0.024872465899555475,0.024962124890371536
1,0.06217259528239863,0.0670074833778583,0.05570394768382661,0.11576491882319355,0.024754621645987688,0.07466443724338799,0.024963459228605062,0.024930242988103025
1,0.10358390927207765,0.07248990907793204,0.044616573392671735,0.11121123479505338,0.02475421457470459,0.07469747153936111,0.024963459228605062,0.02492088088608285
1,0.09989623166273423,0.03726345738671326,0.04941038681129349,0.07952044716659427,0.02475365328224866,0.07470329485068423,0.024916973191833284,0.024941306979819004
2,0.09628007136476951,0.06489708806120736,0.025953729773316156,0.10066699731192034,0.02465985118100515,0.07455700957647175,0.12455228037491851,0.024962124890371536
2,0.09658868278735856,0.031439818541527345,0.11453744305132746,0.12731978920177892,0.024663096405866978,0.07441810788104099,0.12433467307345845,0.024930242988103025
2,0.06796534009414572,0.036132946421596396,0.10604522336392022,0.1114852609567502,0.024659411139081194,0.07456081721855239,0.12454174066370496,0.024941306979819004
2,0.06637167589888164,0.045634483046606555,0.06579528954027064,0.07988451352956548,0.024660656247835703,0.07455512375488056,0.12452312004981175,0.02492088088608285
3,0.06622898558684825,0.06020831745019402,0.06305595326414622,0.06610276690469355,0.02458631269689426,0.07443920583300923,0.12440392077968206,0.17437618835195778
3,0.11665179250289699,0.04586443621442812,0.06697637446952191,0.06616730089729345,0.024589584846511057,0.07443359172061605,0.12436783815826355,0.17433239237823217
3,0.10069733657702487,0.05803269294100581,0.05268666376631197,0.10524645606114223,0.024594930507061154,0.07425402683769525,0.1240929759675149,0.1740417319939681
3,0.06744765795622747,0.01878552456752044,0.08992613065309421,0.030736661428218626,0.02458474831367135,0.07443793991625507,0.12442210521946137,0.17438474036830096
1,0.09020481082907218,0.05490193308442725,0.1064183401131751,0.08680027425265112,0.024753920679426517,0.07470055083088795,0.024963459228605062,0.024963459228605062
1,0.047314918033453265,0.04034987295701984,0.09388091093353898,0.07346919034725066,0.024753556496545016,0.07470427257395626,0.024963459228605062,0.024963459228605062
1,0.06867783518600763,0.09718232289954608,0.06220372819108555,0.04892247344712511,0.024754647062051917,0.07469292810252436,0.024963459228605062,0.0248955828378062
1,0.07239593051079876,0.04731189979546945,0.0419206932269648,0.08233109164816958,0.02475446089935145,0.07465740979945534,0.024963459228605062,0.024919594632457326
2,0.060078763167018406,0.03962925836877379,0.04915012958625508,0.06057326549040298,0.024659516179380895,0.07455860420421656,0.12451818385639588,0.024963459228605062
2,0.07039588196130198,0.04142046868275718,0.07027193702675719,0.05460564466522322,0.0246610667117828,0.07448107102651573,0.12440368853496034,0.024919594632457326
2,0.04618528896504185,0.047738520620758305,0.08298098784259637,0.08655669630973697,0.0246624059952718,0.07456348971913491,0.12450047244409909,0.024963459228605062
2,0.04562682683720166,0.04162527435618084,0.12527071268681683,0.11800129477127827,0.02466168830480457,0.0745477747660922,0.12453893800197227,0.0248955828378062
3,0.05630714583834466,0.017020814158328006,0.05694354836984456,0.08585827162527372,0.024588305406733027,0.07442552189990953,0.12440060129113673,0.17439837564374558
3,0.054973601198865026,0.04405375963215785,0.07937255833304054,0.07878571862163608,0.024596558455146526,0.07445090757178567,0.12432889212047653,0.1742675898863497
3,0.10509529749501048,0.04311844295579399,0.0874397843943929,0.05718249321463705,0.024586291579850726,0.07433588743678662,0.12422763037587854,0.1742140422425748
3,0.059315305260626644,0.01834486377566865,0.06545063801081563,0.07372216423104737,0.024584954221867336,0.07443921393018456,0.12435073768528072,0.17431385247801764
1,0.09224594912625506,0.05008645284598626,0.10756628198707999,0.07538807746169914,0.02475351164390943,0.07471712141961294,0.02494476986640891,0.02487246589955548
1,0.11267193225125349,0.062224273410470696,0.05104833954302453,0.07477449010986838,0.024753919290580663,0.07470057365053512,0.024963459228605062,0.024963459228605062
2,0.08668016367646515,0.04854943235039874,0.10580416685052696,0.04300610955054195,0.024659089722329858,0.07457699930138889,0.1245633645545845,0.02487246589955548
2,0.05185182254866104,0.05807160152533904,0.08771177104272758,0.07305373402821312,0.02465913883221379,0.07455991016166139,0.12455410163703617,0.024963459228605062
3,0.05895521025622215,0.055608985455272035,0.07903191274971486,0.048135970870276996,0.024583509438604535,0.0744432221466673,0.12442129844965899,0.1743887596601341
3,0.09628007136476951,0.06489708806120736,0.025953729773316156,0.10066699731192034,0.024584091150423183,0.07444305213860418,0.1244118689623036,0.17439747003519107
1,0.06744765795622747,0.01878552456752044,0.08992613065309421,0.030736661428218626,0.02475350087186734,0.07472057290072222,0.024963459228605062,0.024963459228605062
1,0.04580899715011511,0.06592004449304686,0.08272902671406297,0.0694687646660723,0.02475456182380454,0.07467453247767813,0.02477708216692769,0.024818238584451386
1,0.10358390927207765,0.07248990907793204,0.044616573392671735,0.11121123479505338,0.024754241726863354,0.07469718647123058,0.024963459228605062,0.02492088088608285
2,0.10333691011364753,0.04749241161967386,0.042212825813628146,0.0805622849366219,0.024659907920214493,0.07451993667538685,0.12445620885347676,0.024818238584451386
2,0.06637167589888164,0.045634483046606555,0.06579528954027064,0.07988451352956548,0.024661297812403612,0.0745496411850061,0.12452537421523649,0.02492088088608285
2,0.06867783518600763,0.09718232289954608,0.06220372819108555,0.04892247344712511,0.02465956995877758,0.07458930783237884,0.1245311102220171,0.024963459228605062
3,0.11665179250289699,0.04586443621442812,0.06697637446952191,0.06616730089729345,0.02458635743533141,0.07443406229351156,0.12437407123026689,0.1743538361096547
3,0.04562682683720166,0.04162527435618084,0.12527071268681683,0.11800129477127827,0.024584852479582097,0.07450488319700795,0.12440824026827521,0.17440517843486353
3,0.053139876580485634,0.057096902441981366,0.07353058430341906,0.04114701003232223,0.024585846041006394,0.07438421313848304,0.12425439318522787,0.1742238087749252
1,0.047314918033453265,0.04034987295701984,0.09388091093353898,0.07346919034725066,0.024753621479577766,0.0747036157269627,0.024963459228605062,0.024963459228605062
1,0.05630714583834466,0.017020814158328006,0.05694354836984456,0.08585827162527372,0.024753520346630895,0.07470463459223262,0.024955086946029412,0.024963459228605062
2,0.04618528896504185,0.047738520620758305,0.08298098784259637,0.08655669630973697,0.024660582398180808,0.07455914429035893,0.12452915341926209,0.024963459228605062
2,0.08901267055454189,0.052506354844237706,0.10845491152469844,0.05473532855866523,0.02465941219188566,0.07456359534168631,0.12455236119119067,0.024963459228605062
3,0.06603870000040865,0.04488548326237233,0.02649674034390112,0.09936513746243952,0.024586889199853242,0.07444678673515728,0.12442023557112229,0.17440970505463205
3,0.054973601198865026,0.04405375963215785,0.07937255833304054,0.07878571862163608,0.024588850310447136,0.07443946352635773,0.12438249422620218,0.17432288804619242
1,0.08850564971175956,0.05406732945284823,0.06852347127056868,0.10962673923162752,0.02475372470733342,0.07470256631897527,0.024963459228605062,0.024963459228605062
1,0.09224594912625506,0.05008645284598626,0.10756628198707999,0.07538807746169914,0.024753653809631695,0.07470328611075497,0.02494476986640891,0.02487246589955548
1,0.07273390910945185,0.07849327910951057,0.06694278811224602,0.1181372290141888,0.024754854429675816,0.07469062733338759,0.02482121779043726,0.024885003368747705
2,0.07690921952725557,0.0474404157252286,0.09307099224636284,0.07637016033184316,0.02466257448016046,0.07454456794973582,0.12452953940526691,0.024885003368747705
2,0.08668016367646515,0.04854943235039874,0.10580416685052696,0.04300610955054195,0.02465887086421595,0.07456216950908759,0.12454791851630216,0.02487246589955548
2,0.11379556172226424,0.06447810699025379,0.06403659742114748,0.11448959820146543,0.024659358496435902,0.0745594280476072,0.12449569522882654,0.024963459228605062
3,0.06610512529631399,0.05190463900445421,0.059447220917834345,0.10569998954688628,0.024584111086843555,0.0744413563873718,0.12430952591377507,0.1742354112890967
3,0.10418088670288296,0.08040079109843198,0.0873401743731313,0.10222171175251665,0.024595815663099478,0.0744208909460568,0.12438667600328428,0.17426753567605038
3,0.09628007136476951,0.06489708806120736,0.025953729773316156,0.10066699731192034,0.024583889298938642,0.07444044880001371,0.12441378360010032,0.17440615862052963
1,0.07239593051079876,0.04731189979546945,0.0419206932269648,0.08233109164816958,0.024753578106462528,0.0746675234234388,0.024963459228605062,0.024919594632457326
1,0.06744765795622747,0.01878552456752044,0.08992613065309421,0.030736661428218626,0.024753537406386392,0.07472055121725318,0.024963459228605062,0.024963459228605062
2,0.06867783518600763,0.09718232289954608,0.06220372819108555,0.04892247344712511,0.02466058930931633,0.07459529378159092,0.124542694326076,0.024963459228605062
2,0.07039588196130198,0.04142046868275718,0.07027193702675719,0.05460564466522322,0.02465935007214763,0.07449295473877678,0.12440379070923907,0.024919594632457326
3,0.10509529749501048,0.04311844295579399,0.0874397843943929,0.05718249321463705,0.02458386310228339,0.07435188907887483,0.12418694995849308,0.17413168581323213
3,0.04562682683720166,0.04162527435618084,0.12527071268681683,0.11800129477127827,0.024587579911825204,0.0744802009682233,0.12438815574426243,0.17439325469116765
1,0.11267193225125349,0.062224273410470696,0.05104833954302453,0.07477449010986838,0.024753656353760013,0.07470326333854227,0.024963459228605062,0.024963459228605062
1,0.0897266702624231,0.02923452590116292,0.07808670893212702,0.05710978670055891,0.02475393388983331,0.07470042484144732,0.024963459228605062,0.024963459228605062
1,0.07273390910945185,0.07849327910951057,0.06694278811224602,0.1181372290141888,0.024754745998571272,0.07469185443939266,0.02482121779043726,0.024885003368747705
1,0.05630714583834466,0.017020814158328006,0.05694354836984456,0.08585827162527372,0.024753502195749615,0.07470481591378872,0.024955086946029412,0.024963459228605062
2,0.05185182254866104,0.05807160152533904,0.08771177104272758,0.07305373402821312,0.024659083827171527,0.07456273507506232,0.12454755940730536,0.024963459228605062
2,0.08901267055454189,0.052506354844237706,0.10845491152469844,0.05473532855866523,0.024659080467696035,0.07456228305616598,0.12455827265747965,0.024963459228605062
2,0.033710836737280356,0.07066310959519757,0.07681884508868125,0.0758977589401979,0.024663271591658986,0.07455101837894414,0.12447117540383765,0.024963459228605062
2,0.07690921952725557,0.0474404157252286,0.09307099224636284,0.07637016033184316,0.024666085788231488,0.07453868738371933,0.12449963867237288,0.024885003368747705
3,0.10418088670288296,0.08040079109843198,0.0873401743731313,0.10222171175251665,0.0246062485273776,0.07441411913326428,0.12433487335043747,0.17421915821825967
3,0.06603870000040865,0.04488548326237233,0.02649674034390112,0.09936513746243952,0.024584741220353385,0.07444175429224074,0.12443337992737719,0.17442838956961676
3,0.05895521025622215,0.055608985455272035,0.07903191274971486,0.048135970870276996,0.02458421737615865,0.07444443170526951,0.12441294451585576,0.17437988384092734
3,0.048493472886772165,0.06703511200046247,0.05258505164876982,0.0997963792946485,0.024599887267461148,0.07442722948417718,0.12426121507239836,0.17417122035329236
1,0.09611108348911769,0.03250950587288815,0.0770775583848727,0.09161640736232973,0.024753620516022395,0.07470362492385713,0.02494409254155805,0.024863544727994603
1,0.10358390927207765,0.07248990907793204,0.044616573392671735,0.11121123479505338,0.024753988546121687,0.07469984268787222,0.024963459228605062,0.02492088088608285
2,0.06637167589888164,0.045634483046606555,0.06579528954027064,0.07988451352956548,0.024659837995457515,0.07455682026574924,0.12452940337565069,0.02492088088608285
2,0.13456808625119795,0.03078817297168683,0.0931908436226679,0.04706573294406948,0.024659608014559447,0.07456088779500127,0.12454651750083646,0.024863544727994603
3,0.11665179250289699,0.04586443621442812,0.06697637446952191,0.06616730089729345,0.024584734891846798,0.07444065052393008,0.12437578943642986,0.17435431538076795
3,0.084950468760143,0.0615201377766909,0.0780176299995716,0.10855639829031409,0.024584125309746085,0.07444198688458206,0.12441113279599643,0.17440351848435948
1,0.11379556172226424,0.06447810699025379,0.06403659742114748,0.11448959820146543,0.024754195520110878,0.07468059827145787,0.024963459228605062,0.024963459228605062
1,0.0897266702624231,0.02923452590116292,0.07808670893212702,0.05710978670055891,0.024753869905994635,0.07470107863334662,0.024963459228605062,0.024963459228605062
1,0.047314918033453265,0.04034987295701984,0.09388091093353898,0.07346919034725066,0.02475350508583691,0.07470478711394948,0.024963459228605062,0.024963459228605062
2,0.06610512529631399,0.05190463900445421,0.059447220917834345,0.10569998954688628,0.02466063119067963,0.07452427869240284,0.12445362178010147,0.024963459228605062
2,0.04618528896504185,0.047738520620758305,0.08298098784259637,0.08655669630973697,0.02466016557937748,0.0745635698426551,0.12452553489974608,0.024963459228605062
2,0.033710836737280356,0.07066310959519757,0.07681884508868125,0.0758977589401979,0.024662677254380164,0.07458478753820141,0.12451145120223585,0.024963459228605062
3,0.048493472886772165,0.06703511200046247,0.05258505164876982,0.0997963792946485,0.02459563299860081,0.07443297430673658,0.12427421027680025,0.17418415645174473
3,0.054973601198865026,0.04405375963215785,0.07937255833304054,0.07878571862163608,0.024588833798326368,0.07444720428980772,0.12437224007635495,0.1743140279303894
3,0.10504459504793169,0.045560984180236026,0.05936369873292681,0.10694030303659655,0.024584717355206696,0.07444606213214655,0.12430166498992173,0.17414992062084628
1,0.10961461998752137,0.06584000113703165,0.05880858533106572,0.11549796525795344,0.024754208965274995,0.07467825063418698,0.024932846302984774,0.024661450416306824
2,0.04695379637771279,0.05796642752639938,0.051596242655193206,0.08012001304237563,0.024662689829761074,0.0745131062177553,0.12443568645854598,0.024661450416306824
3,0.07273390910945185,0.07849327910951057,0.06694278811224602,0.1181372290141888,0.024596807117196726,0.07437647692087543,0.12422546329489488,0.17412545718563524
1,0.07690921952725557,0.0474404157252286,0.09307099224636284,0.07637016033184316,0.02475358900358712,0.07470394310723238,0.024885003368747705,0.024944245305790362
1,0.06744765795622747,0.01878552456752044,0.08992613065309421,0.030736661428218626,0.02475356363442895,0.0747042005887265,0.024963459228605062,0.024963459228605062
1,0.08250539788879065,0.024744793457212762,0.05147369217294691,0.061501983379285474,0.02475363991992825,0.07470269665718088,0.024963459228605062,0.024963459228605062
1,0.05621744276325593,0.04308938572993519,0.03646534538836355,0.1020348121469847,0.024753886632582347,0.07470090224309865,0.02486665685648083,0.024963459228605062
2,0.10418088670288296,0.08040079109843198,0.0873401743731313,0.10222171175251665,0.02466024212583081,0.07456068026712222,0.12449891611847562,0.024944245305790362
2,0.10680060862845267,0.08576424427081356,0.03004903052294587,0.04623056330546963,0.024660159932843914,0.0745589112900159,0.12452633143742879,0.024963459228605062
2,0.09539222496952349,0.038748213034500566,0.04681936894330754,0.07587108551622285,0.024660250108817127,0.07455765130838136,0.1244878358885934,0.024963459228605062
2,0.06867783518600763,0.09718232289954608,0.06220372819108555,0.04892247344712511,0.02465901759517824,0.07456310944051414,0.12451986900630224,0.024963459228605062
3,0.09611108348911769,0.03250950587288815,0.0770775583848727,0.09161640736232973,0.024585978877823062,0.07444002714645698,0.12432651945349461,0.17428262199755634
3,0.04562682683720166,0.04162527435618084,0.12527071268681683,0.11800129477127827,0.02458355848501112,0.07444222101591211,0.12436124094614646,0.17435223068393607
3,0.039440776022804915,0.04811061817336167,0.08153582982274164,0.08947386401401915,0.02458514234280893,0.07443811276739733,0.12437741492271133,0.1743804590116309
3,0.06835241288730433,0.07425033540266214,0.06963723335906763,0.07030180809979267,0.024584750979215485,0.07443954388545153,0.12430932343101178,0.17422937631612959
1,0.05630714583834466,0.017020814158328006,0.05694354836984456,0.08585827162527372,0.024753513681768525,0.07470470127887091,0.024955086946029412,0.024963459228605062
1,0.11585238084466767,0.06462512938428953,0.09601884689853943,0.07247507064487625,0.02475395747332446,0.0747001631202508,0.024963459228605062,0.024963459228605062
1,0.13456808625119795,0.03078817297168683,0.0931908436226679,0.04706573294406948,0.024753617907500053,0.07470365511258545,0.024863544727994603,0.024963459228605062
1,0.09294792421480623,0.044610396455090295,0.043097488475201194,0.11709956878213416,0.024753910181395427,0.07470065405632466,0.02483181847267342,0.024935992685148338
2,0.08901267055454189,0.052506354844237706,0.10845491152469844,0.05473532855866523,0.02465904756847127,0.07456264481654026,0.12455853164257738,0.024963459228605062
2,0.084950468760143,0.0615201377766909,0.0780176299995716,0.10855639829031409,0.024660232026738255,0.07456033963056194,0.12453905160050167,0.024963459228605062
2,0.08250539788879065,0.024744793457212762,0.05147369217294691,0.061501983379285474,0.02466069233399403,0.07455496620496456,0.12450547560715866,0.024963459228605062
2,0.06192337444095826,0.04213345751562406,0.09493758055182433,0.10494908881107361,0.02466016366918949,0.07457519253338281,0.12453594788745007,0.024935992685148338
3,0.09539222496952349,0.038748213034500566,0.04681936894330754,0.07587108551622285,0.02458672179969002,0.07443238777765802,0.12436539321310894,0.1743091268470489
3,0.0897266702624231,0.02923452590116292,0.07808670893212702,0.05710978670055891,0.024587425515459622,0.07444007978093087,0.12440220842833452,0.17438957180441436
3,0.06603870000040865,0.04488548326237233,0.02649674034390112,0.09936513746243952,0.02458346144836789,0.07447855838178978,0.12447480820872599,0.17447796393312923
3,0.06769631038379081,0.03034089677741899,0.09523786518120983,0.07365908332690399,0.024585015783673555,0.07443539656349187,0.12434846512048969,0.17428445598201858
1,0.06835241288730433,0.07425033540266214,0.06963723335906763,0.07030180809979267,0.024754879476806067,0.07469034238537973,0.024867269478838192,0.02483181847267342
1,0.08200510980422412,0.04113558282019305,0.06936539679696269,0.1291920285475602,0.02475366357839666,0.07470318923161207,0.024828098900254832,0.024914250439584947
1,0.08850564971175956,0.05406732945284823,0.06852347127056868,0.10962673923162752,0.024753864878076483,0.07470112547031026,0.024963459228605062,0.024963459228605062
2,0.07650381710867797,0.0634882498216318,0.06775858455940983,0.059235307891658553,0.024660766619401867,0.07455888875947245,0.12453767079335716,0.024914250439584947
2,0.09294792421480623,0.044610396455090295,0.043097488475201194,0.11709956878213416,0.024663840351009214,0.07454124919013688,0.12451751792193469,0.02483181847267342
2,0.11379556172226424,0.06447810699025379,0.06403659742114748,0.11448959820146543,0.024666970608570996,0.0745556309789864,0.1244096312738411,0.024963459228605062
3,0.0726213946266534,0.05568014180023082,0.08569750830939342,0.07947170330949872,0.024592187145494868,0.07443879344335168,0.12439585406674046,0.1743263104451358
3,0.06610512529631399,0.05190463900445421,0.059447220917834345,0.10569998954688628,0.02458980501816074,0.07443628268945476,0.12427335500971813,0.1741838446120411
3,0.06192337444095826,0.04213345751562406,0.09493758055182433,0.10494908881107361,0.02459059574763386,0.07442059188429594,0.12437052988428167,0.1743208246769803
1,0.10504459504793169,0.045560984180236026,0.05936369873292681,0.10694030303659655,0.024753570716475045,0.07461232168787509,0.024826607122687503,0.024932846302984774
1,0.06769631038379081,0.03034089677741899,0.09523786518120983,0.07365908332690399,0.02475358206362285,0.07470401365222387,0.024963459228605062,0.024828098900254832
2,0.08200510980422412,0.04113558282019305,0.06936539679696269,0.1291920285475602,0.024659548464129304,0.0745859629009012,0.12455038699437097,0.024828098900254832
2,0.10961461998752137,0.06584000113703165,0.05880858533106572,0.11549796525795344,0.024660271915050058,0.07439767879706131,0.12424477888470334,0.024932846302984774
3,0.07650381710867797,0.0634882498216318,0.06775858455940983,0.059235307891658553,0.02458618326810615,0.07447904308481769,0.12441098892645445,0.17438596598008257
3,0.04695379637771279,0.05796642752639938,0.051596242655193206,0.08012001304237563,0.024586135811379438,0.074232116197627,0.12395825534549154,0.17392229700683204
1,0.10680060862845267,0.08576424427081356,0.03004903052294587,0.04623056330546963,0.02475378797821004,0.07471830476851625,0.024963459228605062,0.024889787865707554
1,0.11186988094151872,0.0811100736953464,0.10141511691130374,0.05365705577185202,0.02475450351236372,0.07469441285277677,0.02474129602348129,0.024897159394637238
1,0.0726213946266534,0.05568014180023082,0.08569750830939342,0.07947170330949872,0.024754180900134315,0.07471248635577944,0.024963459228605062,0.024963459228605062
2,0.08523125353627388,0.03165027246504065,0.079566013607002,0.06845308437875187,0.024667412740426893,0.07456240813232032,0.12440963853325279,0.024963459228605062
2,0.039440776022804915,0.04811061817336167,0.08153582982274164,0.08947386401401915,0.024659077929475963,0.07459100048216723,0.12458850011756348,0.024889787865707554
2,0.06751015872021388,0.06907692417299734,0.043598198378967654,0.07955201158785677,0.02466706062944898,0.07454202192935501,0.12448569879379494,0.024897159394637238
3,0.12707046120307205,0.048156258469935126,0.09878937050627039,0.07845636055600692,0.02460831265539491,0.07441905873889804,0.12431442500177581,0.17423199508737022
3,0.05067685064436343,0.0547586659649183,0.05605044384467567,0.10531055374731992,0.024601770184043435,0.07449693594374741,0.12425099364290547,0.1742485322178792
3,0.11585238084466767,0.06462512938428953,0.09601884689853943,0.07247507064487625,0.024587263749653827,0.07444087293915982,0.12443809820618336,0.17439225742955175
1,0.11186988094151872,0.0811100736953464,0.10141511691130374,0.05365705577185202,0.0247540694784675,0.07469900478488647,0.024963459228605062,0.02474129602348129
1,0.08250539788879065,0.024744793457212762,0.05147369217294691,0.061501983379285474,0.024753552363834804,0.07471959383790767,0.024963459228605062,0.024963459228605062
1,0.0992292191126922,0.04431144461458526,0.08396243198947238,0.059128122983189216,0.02475436961704634,0.07469588942719667,0.024950684340437176,0.024893852602724875
1,0.09611108348911769,0.03250950587288815,0.0770775583848727,0.09161640736232973,0.024753511349956233,0.07470472457571632,0.02494409254155805,0.024863544727994603
2,0.07863361483331707,0.03560108149162982,0.06856971480883893,0.05477065935089729,0.02466077823833556,0.07455159347142032,0.12452993690051099,0.024893852602724875
2,0.06751015872021388,0.06907692417299734,0.043598198378967654,0.07955201158785677,0.024663320299583825,0.07455212941487091,0.12451171411397169,0.02474129602348129
2,0.13456808625119795,0.03078817297168683,0.0931908436226679,0.04706573294406948,0.0246590252874097,0.07456337026968916,0.1245464769260856,0.024863544727994603
2,0.09539222496952349,0.038748213034500566,0.04681936894330754,0.07587108551622285,0.024660213309209724,0.07458935122747459,0.12452060750861564,0.024963459228605062
3,0.084950468760143,0.0615201377766909,0.0780176299995716,0.10855639829031409,0.024583920863585657,0.07448505518373098,0.12445333915103647,0.17444405578902736
3,0.09509600795218817,0.07506760740892607,0.06809650217661484,0.08715629240962382,0.024586602843976707,0.07443041561923633,0.12437966013798588,0.17433698432302766
3,0.06835241288730433,0.07425033540266214,0.06963723335906763,0.07030180809979267,0.02458606794228831,0.07444050852162566,0.12434064354227815,0.17424500936811146
3,0.12707046120307205,0.048156258469935126,0.09878937050627039,0.07845636055600692,0.024597744918618877,0.07443173039719893,0.12435312875878829,0.17428649761178505
1,0.0992292191126922,0.04431144461458526,0.08396243198947238,0.059128122983189216,0.024753628891809647,0.07471662922829596,0.024950684340437176,0.024893852602724875
1,0.09294792421480623,0.044610396455090295,0.043097488475201194,0.11709956878213416,0.02475375343409324,0.07470227349114823,0.02483181847267342,0.024935992685148338
1,0.0897266702624231,0.02923452590116292,0.07808670893212702,0.05710978670055891,0.024753685509122214,0.07470296484192628,0.024963459228605062,0.024963459228605062
2,0.06192337444095826,0.04213345751562406,0.09493758055182433,0.10494908881107361,0.024659435129051048,0.07455880996223915,0.1245160511804601,0.024935992685148338
2,0.07863361483331707,0.03560108149162982,0.06856971480883893,0.05477065935089729,0.02466026443872378,0.07455978952661836,0.12452249512166169,0.024893852602724875
2,0.033710836737280356,0.07066310959519757,0.07681884508868125,0.0758977589401979,0.02466148905215125,0.0745884639913746,0.12451725984966927,0.024963459228605062
3,0.048493472886772165,0.06703511200046247,0.05258505164876982,0.0997963792946485,0.02459012746303651,0.0744826197154216,0.12434002185926847,0.17428204333809613
3,0.06769631038379081,0.03034089677741899,0.09523786518120983,0.07365908332690399,0.02458448008278167,0.07443807965273849,0.12434776566395121,0.17428035807095196
3,0.09509600795218817,0.07506760740892607,0.06809650217661484,0.08715629240962382,0.02458675944812453,0.0744401616707522,0.12436985927750341,0.17432787680104264
1,0.08200510980422412,0.04113558282019305,0.06936539679696269,0.1291920285475602,0.02475353097418971,0.0747045280275006,0.024828098900254832,0.024914250439584947
1,0.08979916253407214,0.04111455248250265,0.03617305256166113,0.034849844201893854,0.024753712846457384,0.07470268591679884,0.02472507731084138,0.02489619009459204
2,0.07650381710867797,0.0634882498216318,0.06775858455940983,0.059235307891658553,0.024659418618022396,0.07459023938274013,0.12457435034035658,0.024914250439584947
2,0.06916852211661274,0.06168845401476014,0.09832784795298509,0.07083425758367075,0.024661373924663405,0.07455774677603627,0.12451585031973328,0.02489619009459204
3,0.0726213946266534,0.05568014180023082,0.08569750830939342,0.07947170330949872,0.024585176006350035,0.07448469832235989,0.12445585434117029,0.17442348274111585
3,0.12204738315857941,0.048154119610366454,0.036417430896374815,0.07115924913460482,0.024588762726715584,0.07443709765221333,0.12436486036047964,0.1742592930311729
1,0.06916852211661274,0.06168845401476014,0.09832784795298509,0.07083425758367075,0.02475433112085424,0.07469624388798216,0.02472507731084138,0.024926762093253948
1,0.05621744276325593,0.04308938572993519,0.03646534538836355,0.1020348121469847,0.024753640377872893,0.07470342747273624,0.02486665685648083,0.024963459228605062
2,0.10680060862845267,0.08576424427081356,0.03004903052294587,0.04623056330546963,0.024660775669282636,0.07455932904860918,0.12450560723889133,0.024963459228605062
2,0.12204738315857941,0.048154119610366454,0.036417430896374815,0.07115924913460482,0.024661026425593306,0.07455266785909218,0.12444702391665409,0.024926762093253948
3,0.039440776022804915,0.04811061817336167,0.08153582982274164,0.08947386401401915,0.024587895728427026,0.07443737153214608,0.12433866232524167,0.17434707945478586
3,0.09738791234102948,0.021234068055477912,0.05774978993982771,0.08852180134650117,0.024587847607949666,0.07443457703578256,0.12422926383789124,0.17412571033611102
1,0.06751015872021388,0.06907692417299734,0.043598198378967654,0.07955201158785677,0.024754394384793488,0.07470839448035538,0.02474129602348129,0.024963459228605062
1,0.11585238084466767,0.06462512938428953,0.09601884689853943,0.07247507064487625,0.024753951004361036,0.07470025869062628,0.024963459228605062,0.024963459228605062
2,0.12707046120307205,0.048156258469935126,0.09878937050627039,0.07845636055600692,0.02466588459676348,0.07455623498397614,0.12444763183639876,0.024963459228605062
2,0.08250539788879065,0.024744793457212762,0.05147369217294691,0.061501983379285474,0.024661143935767026,0.07455214551368419,0.12451983942507575,0.024963459228605062
3,0.0992292191126922,0.04431144461458526,0.08396243198947238,0.059128122983189216,0.02460147154707588,0.07447361921337486,0.12428920992238457,0.174270622349553
3,0.09539222496952349,0.038748213034500566,0.04681936894330754,0.07587108551622285,0.024587165470578754,0.07442978714409426,0.12437082835723919,0.17431443989518755
1,0.07863361483331707,0.03560108149162982,0.06856971480883893,0.05477065935089729,0.024753637511007367,0.0747034542471512,0.024893852602724875,0.024921116399222766
1,0.06835241288730433,0.07425033540266214,0.06963723335906763,0.07030180809979267,0.024754831621213974,0.07469086169942814,0.024867269478838192,0.02483181847267342
1,0.06587331157084092,0.028418652445104983,0.06387246121220592,0.041294473809989934,0.0247536019534252,0.07470381468000331,0.024963459228605062,0.02493336978542738
2,0.05775146283890068,0.04303238817371339,0.07772496860234249,0.05454454753221551,0.024658870104951703,0.07456195567590522,0.12453244823840814,0.02493336978542738
2,0.09294792421480623,0.044610396455090295,0.043097488475201194,0.11709956878213416,0.024662811173482423,0.07454265843895604,0.12452738280418414,0.02483181847267342
2,0.09509600795218817,0.07506760740892607,0.06809650217661484,0.08715629240962382,0.024661276435114968,0.07455994156883859,0.12450135918665603,0.024921116399222766
3,0.06235960485856834,0.0749098082811641,0.0687705871038074,0.09177524296032886,0.02459796582621677,0.07444512925130076,0.12431726241041947,0.17419822829434745
3,0.06192337444095826,0.04213345751562406,0.09493758055182433,0.10494908881107361,0.024588407302024717,0.07442328925758471,0.12438322498993983,0.1743254666379292
3,0.048953884885450064,0.04045666717534623,0.05576440344582505,0.11662744127115839,0.024584503246380618,0.07444001293224678,0.12438350846154188,0.174340736885308
1,0.05775146283890068,0.04303238817371339,0.07772496860234249,0.05454454753221551,0.02475514752897649,0.07470135282301503,0.02493336978542738,0.02495180909465323
1,0.0998003822046625,0.047633720319062434,0.10896067639697872,0.10448969321347001,0.02475380242404292,0.07464087547084618,0.02491800820684946,0.024918458368858892
1,0.1180845527964943,0.06953574337009,0.06471851712973359,0.09311677236976612,0.024755054122141244,0.07462552057973763,0.02489619009459204,0.024928911531746565
2,0.08684100422620414,0.060704729165957046,0.07007278486101479,0.06783134375617786,0.024662288032285016,0.07444809495171302,0.12421757568779371,0.024918458368858892
2,0.08979916253407214,0.04111455248250265,0.03617305256166113,0.034849844201893854,0.024662995444340176,0.07442849428266363,0.124326796946092,0.024928911531746565
2,0.048953884885450064,0.04045666717534623,0.05576440344582505,0.11662744127115839,0.024662983468646614,0.07456868894143216,0.12455876810928805,0.02495180909465323
3,0.10023854504416156,0.04485188498960867,0.043977932627180055,0.07275163136773188,0.024595866249059496,0.07430957195974532,0.12389556955239343,0.173755879107223
3,0.06916852211661274,0.06168845401476014,0.09832784795298509,0.07083425758367075,0.024586996363780117,0.07427799796210913,0.12407427190419876,0.1740525129648217
3,0.0998003822046625,0.047633720319062434,0.10896067639697872,0.10448969321347001,0.024588708614459838,0.07446377848904283,0.12443348268040767,0.1742818504508119
1,0.12204738315857941,0.048154119610366454,0.036417430896374815,0.07115924913460482,0.02475435251869362,0.07463769576556123,0.024926762093253948,0.024934622184521343
1,0.10466192749498128,0.06823206925001363,0.08460455696282711,0.14006595745815673,0.024754538846596955,0.07470936208936033,0.024696779806734678,0.02490785453136747
2,0.09738791234102948,0.021234068055477912,0.05774978993982771,0.08852180134650117,0.02466113351163774,0.0744435163145337,0.1243708486284172,0.024934622184521343
2,0.11119451265437719,0.05243821520895375,0.10315902120021059,0.06403386492371357,0.024662579853321525,0.07457328829252155,0.12451976298405111,0.02490785453136747
3,0.07349143952723838,0.046207684626456906,0.050986313240186654,0.08042980303682425,0.024588996235515213,0.07446552868657699,0.12434989066698421,0.17426887446635098
3,0.0475540170584337,0.055325731679894685,0.13138048479431486,0.09201056389454146,0.024585064491804438,0.07429315475600153,0.12409456404599822,0.1739955594302143
1,0.04666123075612364,0.029882040989215108,0.10368360953098428,0.09869404057263696,0.024753633590220484,0.07470349237699897,0.024786251245549666,0.024944541125117025
1,0.10023854504416156,0.04485188498960867,0.043977932627180055,0.07275163136773188,0.024753512136914946,0.07470471675229076,0.024918458368858892,0.024623376506610707
1,0.05809096471222092,0.07447202978499196,0.10760468752902297,0.031896700968548394,0.024754754404886704,0.07469170975733634,0.024963459228605062,0.0247665185239991
2,0.10543130216107652,0.04933424128396836,0.08720503290652483,0.1407878723238315,0.024661861545680383,0.07454618955137843,0.1245313262207394,0.0247665185239991
2,0.10466192749498128,0.06823206925001363,0.08460455696282711,0.14006595745815673,0.024658874526321005,0.0745944492056543,0.124558942290177,0.024623376506610707
2,0.13440633745690794,0.04447672433349253,0.03816930711249794,0.08951608322902635,0.024658870212486958,0.07459368459282792,0.12449397254985382,0.024944541125117025
3,0.0366514917888559,0.04842303190383446,0.09549574915493636,0.08521032282775133,0.024584093542137635,0.0744863983460999,0.12429439551125025,0.17421615488739875
3,0.11119451265437719,0.05243821520895375,0.10315902120021059,0.06403386492371357,0.02458344588532542,0.07444190732236632,0.12437427195803359,0.17428926958054816
3,0.06587331157084092,0.028418652445104983,0.06387246121220592,0.041294473809989934,0.024588198598482047,0.07442798427287688,0.12438603809864845,0.17434316112838216
1,0.0992292191126922,0.04431144461458526,0.08396243198947238,0.059128122983189216,0.024753718277586406,0.07470263007660147,0.024950684340437176,0.024893852602724875
1,0.05227562060906038,0.021181648496051256,0.06087897122217061,0.07243352003049618,0.024753538878229935,0.0747044485687883,0.024746962176377892,0.024962849212649282
1,0.05775146283890068,0.04303238817371339,0.07772496860234249,0.05454454753221551,0.024753647792053437,0.0747033494987254,0.02493336978542738,0.02495180909465323
2,0.07863361483331707,0.03560108149162982,0.06856971480883893,0.05477065935089729,0.024659786592235264,0.0745593529510692,0.12452802549660014,0.024893852602724875
2,0.048953884885450064,0.04045666717534623,0.05576440344582505,0.11662744127115839,0.024658861356807893,0.07456204082979857,0.1245413878139686,0.02495180909465323
2,0.09374512938900853,0.055966725925547633,0.04116353279660473,0.04891110570876927,0.024659058449586737,0.0745885593359728,0.12456161796787064,0.024962849212649282
3,0.1140421307756324,0.06618252080473963,0.055211404896611846,0.08737151647681475,0.02458702173648943,0.07443903178606626,0.12440245952601617,0.1743609419661153
3,0.0998003822046625,0.047633720319062434,0.10896067639697872,0.10448969321347001,0.02458377772019507,0.07444244051239789,0.12439824651888261,0.17422981338906668
3,0.09509600795218817,0.07506760740892607,0.06809650217661484,0.08715629240962382,0.024585143384631934,0.07443987149338357,0.12437478206517943,0.1743374177436604
1,0.10823927984449697,0.05566485381016786,0.10845822942351194,0.09057546835618335,0.02475363542688326,0.07470347837728371,0.024963459228605062,0.02489985596955843
1,0.06235960485856834,0.0749098082811641,0.0687705871038074,0.09177524296032886,0.024754588278414664,0.07469349712735596,0.024963459228605062,0.02489619009459204
2,0.1180845527964943,0.06953574337009,0.06471851712973359,0.09311677236976612,0.024666407746819035,0.07453999615891382,0.12440283656190153,0.02489619009459204
2,0.08217636709161191,0.06723505669761304,0.07892113392868005,0.10006443197266411,0.02466125676313192,0.07456188517858751,0.1244949613155068,0.02489985596955843
3,0.08979916253407214,0.04111455248250265,0.03617305256166113,0.034849844201893854,0.024601055104308937,0.07441360877193626,0.12416195667361644,0.17409856639933588
3,0.14929962408081227,0.03886143356274982,0.06520229625499596,0.05742412715329036,0.024587266195882782,0.07444283994929857,0.12433569782181558,0.17430644474464488
1,0.1140421307756324,0.06618252080473963,0.055211404896611846,0.08737151647681475,0.024753955246631484,0.07470018942039341,0.02494695337106522,0.024963459228605062
1,0.06916852211661274,0.06168845401476014,0.09832784795298509,0.07083425758367075,0.024754384112394907,0.07471300717436773,0.02472507731084138,0.024926762093253948
2,0.10823927984449697,0.05566485381016786,0.10845822942351194,0.09057546835618335,0.024660219147288276,0.07455776382587173,0.12451685015884707,0.024963459228605062
2,0.12204738315857941,0.048154119610366454,0.036417430896374815,0.07115924913460482,0.02466128233249525,0.07454891046240687,0.12444891256039307,0.024926762093253948
3,0.09738791234102948,0.021234068055477912,0.05774978993982771,0.08852180134650117,0.02458687561916656,0.07443247214638093,0.12422812664179335,0.17410321254139877
3,0.08217636709161191,0.06723505669761304,0.07892113392868005,0.10006443197266411,0.02458588991859693,0.0744399403952208,0.12435136646991214,0.17431533169026903
1,0.07349143952723838,0.046207684626456906,0.050986313240186654,0.08042980303682425,0.02475471229607643,0.0746921850168775,0.02494973801717231,0.024786251245549666
1,0.14929962408081227,0.03886143356274982,0.06520229625499596,0.05742412715329036,0.024753726395499446,0.07470255558720724,0.02495682170577871,0.02489193805364829
1,0.0475540170584337,0.055325731679894685,0.13138048479431486,0.09201056389454146,0.024754160301305676,0.074655543408585,0.02473211121270512,0.024963459228605062
2,0.0735731268796543,0.046448674615725605,0.049990400790684064,0.05641298084796044,0.024661315400130696,0.07455758307575616,0.12453556874990955,0.02489193805364829
2,0.04666123075612364,0.029882040989215108,0.10368360953098428,0.09869404057263696,0.024662406992766818,0.07454507423355655,0.12453730481863302,0.024786251245549666
2,0.05809096471222092,0.07447202978499196,0.10760468752902297,0.031896700968548394,0.024664871156937926,0.0744687370592643,0.1243417560885508,0.024963459228605062
3,0.03037941000931907,0.07434464067498733,0.07170151820925788,0.10570798409279443,0.024590078259398428,0.07443323018769912,0.1243907701543414,0.1743584871660712
3,0.10543130216107652,0.04933424128396836,0.08720503290652483,0.1407878723238315,0.024611466453735638,0.07432779133104836,0.12408222152603858,0.1738277813407685
3,0.13440633745690794,0.04447672433349253,0.03816930711249794,0.08951608322902635,0.02458664983544574,0.07442992225450884,0.12440870733206831,0.17430196369777437
1,0.09688616310443322,0.0598330770995114,0.06290284472235959,0.12182465952591812,0.024754010614246525,0.07471496235960154,0.024963459228605062,0.024862416350605453
1,0.06587331157084092,0.028418652445104983,0.06387246121220592,0.041294473809989934,0.02475381259639187,0.07470166354323102,0.024963459228605062,0.02493336978542738
1,0.0366514917888559,0.04842303190383446,0.09549574915493636,0.08521032282775133,0.024753700235464367,0.07471511179604241,0.024963459228605062,0.024746962176377892
1,0.07205625294053866,0.08892440571965426,0.08446689572330812,0.07807600637563507,0.024754869478572375,0.07469045283469541,0.024862416350605453,0.024963459228605062
2,0.08063411931073738,0.08158667017516738,0.08112609706781838,0.0708655222360553,0.024662507694488665,0.07455408030183525,0.12441453038843038,0.024862416350605453
2,0.05227562060906038,0.021181648496051256,0.06087897122217061,0.07243352003049618,0.02465950864729122,0.0745855440042283,0.12457220014182134,0.024746962176377892
2,0.05775146283890068,0.04303238817371339,0.07772496860234249,0.05454454753221551,0.024659286212431984,0.07455952859344678,0.12454183115691721,0.02493336978542738
2,0.07101281878190778,0.06279812633174592,0.05355557482665696,0.08216290085368436,0.024668041809701634,0.07453432546336744,0.12450333697629329,0.024963459228605062
3,0.07205625294053866,0.08892440571965426,0.08446689572330812,0.07807600637563507,0.024599590934641712,0.0744353900984204,0.12416900310817697,0.17394997354325428
3,0.09031384237210241,0.03454349662110416,0.03939448040620171,0.0905279605263458,0.024602224813228754,0.07440791206856075,0.12436338232293014,0.17438120012937058
3,0.09374512938900853,0.055966725925547633,0.04116353279660473,0.04891110570876927,0.02458856697394619,0.07444347695353662,0.12441495962199012,0.17433468398788649
3,0.048953884885450064,0.04045666717534623,0.05576440344582505,0.11662744127115839,0.02458601011312606,0.07443631280052601,0.12440100453455362,0.174348971959503
1,0.06095737125260259,0.0375931795228243,0.0506965922873847,0.09560605472723824,0.024754871704117953,0.07468684582559164,0.024963459228605062,0.024963459228605062
1,0.07101281878190778,0.06279812633174592,0.05355557482665696,0.08216290085368436,0.024754386048031114,0.07470978012553305,0.0247020797704752,0.024963459228605062
2,0.09031384237210241,0.03454349662110416,0.03939448040620171,0.0905279605263458,0.024662004187063477,0.07457943648346572,0.124579492254937,0.024963459228605062
2,0.03430907067560691,0.068264064985561,0.06485292541909654,0.1463260553856723,0.02466119181912158,0.07454280006800038,0.12449761049237526,0.024963459228605062
3,0.07414690381703917,0.020758262418253525,0.07865710879574865,0.07641338491090187,0.02458580401216826,0.07447133366349318,0.12440059357615246,0.1743605493949481
3,0.06095737125260259,0.0375931795228243,0.0506965922873847,0.09560605472723824,0.02459929445416459,0.07445760951241714,0.12446985561799816,0.17428063607193534
1,0.03430907067560691,0.068264064985561,0.06485292541909654,0.1463260553856723,0.02475397386831925,0.07469999487850941,0.024963459228605062,0.024860232613279385
2,0.07414690381703917,0.020758262418253525,0.07865710879574865,0.07641338491090187,0.02465998330416196,0.07458881602281278,0.12454160730294413,0.024860232613279385
3,0.045531025308337546,0.03976225653426387,0.07481784236008544,0.0455720826810282,0.024589579061235694,0.07448304821445018,0.12438745155899962,0.17424698625850693
1,0.07134054165548041,0.04781905603554765,0.07041247846348707,0.09701565839864291,0.024753612816520842,0.07470370351288781,0.02480541765383712,0.024828195182223154
1,0.03037941000931907,0.07434464067498733,0.07170151820925788,0.10570798409279443,0.024754051047390944,0.07469653595926912,0.024963459228605062,0.024963459228605062
1,0.10023854504416156,0.04485188498960867,0.043977932627180055,0.07275163136773188,0.024753901132491433,0.07471581644228975,0.02491800820684946,0.024918458368858892
1,0.051491840412897144,0.05590197697164627,0.04061757903201439,0.08116959843967182,0.02475370517489788,0.07470276524021975,0.024936502446412854,0.024898698733109466
2,0.10466192749498128,0.06823206925001363,0.08460455696282711,0.14006595745815673,0.02465943692715382,0.07458813533814201,0.12455312742431492,0.024918458368858892
2,0.06303240303355366,0.08294653833546986,0.06845242051519203,0.08173798265608676,0.024659036433074898,0.07456342418166988,0.12454011943281706,0.024898698733109466
2,0.06500405721295201,0.09340700997007345,0.054393705397872666,0.10759004550443933,0.024661636921969418,0.07456036950192665,0.12449728227189118,0.024828195182223154
2,0.09688616310443322,0.0598330770995114,0.06290284472235959,0.12182465952591812,0.024660790797415916,0.07455070902248902,0.12449454200314307,0.024963459228605062
3,0.08408955734113015,0.05857231476115561,0.07184695287678187,0.07255252623136864,0.024585084781951465,0.07445152440505003,0.12439960311432899,0.17428367359900082
3,0.11119451265437719,0.05243821520895375,0.10315902120021059,0.06403386492371357,0.024584875332863354,0.07444326590147773,0.1243635908609774,0.1742745175056317
3,0.08063411931073738,0.08158667017516738,0.08112609706781838,0.0708655222360553,0.024591052517284755,0.07447537501763977,0.12436774559182333,0.17421578499381593
3,0.051491840412897144,0.05590197697164627,0.04061757903201439,0.08116959843967182,0.024592531975109123,0.07443812290360374,0.12431544821380178,0.1742962638734792
1,0.07205625294053866,0.08892440571965426,0.08446689572330812,0.07807600637563507,0.024755062997141822,0.07468834493766051,0.024963459228605062,0.0247020797704752
1,0.06303240303355366,0.08294653833546986,0.06845242051519203,0.08173798265608676,0.024754922563157037,0.07468987820281318,0.024898698733109466,0.024963459228605062
1,0.05941509936491843,0.036177967920725945,0.04208522906685447,0.06402294378023006,0.024753710950639895,0.0747027043942789,0.024953334336560645,0.0247693948010871
2,0.07101281878190778,0.06279812633174592,0.05355557482665696,0.08216290085368436,0.024662620609701567,0.07454145019870557,0.12455319350328388,0.0247020797704752
2,0.08408955734113015,0.05857231476115561,0.07184695287678187,0.07255252623136864,0.02467023176557808,0.07453969393579261,0.12436857879353916,0.024963459228605062
2,0.09820501293301054,0.019091776996874612,0.07663686074808637,0.057766589052804594,0.024659280503351904,0.07458670367121228,0.12458812567850328,0.0247693948010871
3,0.05941509936491843,0.036177967920725945,0.04208522906685447,0.06402294378023006,0.02460893348775639,0.07442004406783476,0.12411362157035181,0.17405942212651587
3,0.07756694063461074,0.043658179074240834,0.10668603009152947,0.08770973220252122,0.024583952931890175,0.07448514793377634,0.1244833776761002,0.17431985937325672
3,0.09031384237210241,0.03454349662110416,0.03939448040620171,0.0905279605263458,0.02458753564981821,0.07442414919194629,0.12443059062994391,0.17443782085400097
1,0.0366514917888559,0.04842303190383446,0.09549574915493636,0.08521032282775133,0.024753828143841864,0.07471357981485341,0.024963459228605062,0.024746962176377892
1,0.09820501293301054,0.019091776996874612,0.07663686074808637,0.057766589052804594,0.024753538552879865,0.07470445255178843,0.0247693948010871,0.024963459228605062
1,0.061757618493397795,0.05058416177917447,0.08751694251399594,0.059501661823040494,0.024753546812256087,0.07470436880867819,0.024963459228605062,0.024618106559179283
2,0.05227562060906038,0.021181648496051256,0.06087897122217061,0.07243352003049618,0.024659790098671905,0.07459025259072168,0.1245718321452135,0.024746962176377892
2,0.08858798069485166,0.0633438790435676,0.04871549201631,0.056057451400536806,0.024660878279021095,0.07459316304566707,0.12453307828248929,0.024618106559179283
2,0.07756694063461074,0.043658179074240834,0.10668603009152947,0.08770973220252122,0.024658829705499416,0.07456258506397258,0.12439810577605126,0.024963459228605062
3,0.09374512938900853,0.055966725925547633,0.04116353279660473,0.04891110570876927,0.024586859667580112,0.07448720944074394,0.124458400734702,0.17439289304609962
3,0.07928781419163898,0.02216684547731162,0.07347543970623933,0.09454220122285734,0.024587992088514827,0.07444259833903367,0.12432785137035536,0.1742810427757654
3,0.061757618493397795,0.05058416177917447,0.08751694251399594,0.059501661823040494,0.0245848736899466,0.07444310775056584,0.12414822781235844,0.1739493314260392
1,0.09127451499769124,0.03948766347172922,0.13401743920952885,0.062358993049522554,0.024753591053911946,0.07470392326991392,0.024880209150005533,0.024963459228605062
1,0.1140421307756324,0.06618252080473963,0.055211404896611846,0.08737151647681475,0.024754017452122835,0.074699541558014,0.02494695337106522,0.024963459228605062
2,0.0428908796202269,0.060333214993489495,0.06204897166705163,0.11085722719545338,0.02465890160904014,0.07456208029429823,0.12455569633568317,0.024963459228605062
2,0.10823927984449697,0.05566485381016786,0.10845822942351194,0.09057546835618335,0.024660290653740254,0.07455439259879577,0.12452253829260836,0.024963459228605062
3,0.08217636709161191,0.06723505669761304,0.07892113392868005,0.10006443197266411,0.02458588706975543,0.07443202618380473,0.12436145730796115,0.1743259969479328
3,0.06646679231573845,0.04315914818184406,0.0983885209847621,0.06989685847914849,0.02458375450232338,0.07444399858750421,0.12442664368492715,0.1743965833645133
1,0.06500405721295201,0.09340700997007345,0.054393705397872666,0.10759004550443933,0.02475506553761348,0.07468830358061779,0.024828195182223154,0.024936502446412854
1,0.14929962408081227,0.03886143356274982,0.06520229625499596,0.05742412715329036,0.024753756717119914,0.07470224147674273,0.02495682170577871,0.02489193805364829
1,0.0428908796202269,0.060333214993489495,0.06204897166705163,0.11085722719545338,0.024753835795919353,0.07470142249636884,0.024963459228605062,0.024963459228605062
2,0.0735731268796543,0.046448674615725605,0.049990400790684064,0.05641298084796044,0.024659188692327152,0.07456137428726152,0.12455139543162792,0.02489193805364829
2,0.06646679231573845,0.04315914818184406,0.0983885209847621,0.06989685847914849,0.024660721757221005,0.07455576654959618,0.12453250629741991,0.024963459228605062
2,0.051491840412897144,0.05590197697164627,0.04061757903201439,0.08116959843967182,0.024661341058622974,0.07454911774226969,0.12451834397571662,0.024936502446412854
3,0.03037941000931907,0.07434464067498733,0.07170151820925788,0.10570798409279443,0.0245840296848503,0.07444327291296181,0.12441876657098237,0.17436626441465136
3,0.06303240303355366,0.08294653833546986,0.06845242051519203,0.08173798265608676,0.024591254648825153,0.07442446243472212,0.12436401981815941,0.1743060579149999
3,0.05352391590037708,0.05377329748306199,0.08533944127720758,0.09351364436462267,0.024584852094653737,0.07443652862593546,0.1243864540023099,0.17437680916994452
1,0.06691104945328855,0.02687215875652901,0.05730035864980924,0.06132935868909846,0.024753559538738888,0.07471970976546273,0.024876533823358308,0.02495493150918252
1,0.08602893919617809,0.07667273323714283,0.09003119625462118,0.05935472498956726,0.024754004478348208,0.0746997052694101,0.024933654295270797,0.024963459228605062
2,0.030842587855616978,0.06103640719606134,0.11672354908732588,0.10334291148174661,0.024660101605194964,0.07455746710295193,0.12451010378579176,0.024963459228605062
2,0.0666211704423189,0.060886667112073696,0.07561736533155865,0.10473971697026488,0.024659364338941357,0.07459225358412154,0.12456046467822536,0.02495493150918252
3,0.06691104945328855,0.02687215875652901,0.05730035864980924,0.06132935868909846,0.024584653443462723,0.07443949275931633,0.12434434367802201,0.17432412575411205
3,0.04041007534471061,0.030263930778583116,0.05627583419588876,0.08276643868105095,0.024586436226992955,0.07449571463829235,0.12443397925703169,0.17434284217830112
1,0.08063411931073738,0.08158667017516738,0.08112609706781838,0.0708655222360553,0.024754717275142134,0.07461850305051539,0.024963459228605062,0.024862416350605453
1,0.09393320399208978,0.056027838381590964,0.05250421738961958,0.08622350639592463,0.024753674290165308,0.07470308329046912,0.024924526087293133,0.024929281881113798
1,0.0666211704423189,0.060886667112073696,0.07561736533155865,0.10473971697026488,0.024753810510704022,0.07470168470222219,0.02495493150918252,0.024944938018166718
2,0.04041007534471061,0.030263930778583116,0.05627583419588876,0.08276643868105095,0.02465995219109449,0.07455790282208664,0.12453845168451542,0.024944938018166718
2,0.08055846255023585,0.04069138072495228,0.09171440801850247,0.06364606341728851,0.024660726228054434,0.07455824881099346,0.12454058456424548,0.024929281881113798
2,0.07205625294053866,0.08892440571965426,0.08446689572330812,0.07807600637563507,0.024668904476469838,0.07440880256173131,0.12421328413788797,0.024862416350605453
3,0.09393320399208978,0.056027838381590964,0.05250421738961958,0.08622350639592463,0.024584633401389912,0.07444149272043843,0.1243847134398927,0.17434741082303462
3,0.07188132760344071,0.029073103981437455,0.030587515688160205,0.11311050755117696,0.02458844407334689,0.0744366724576819,0.12440408587790619,0.1744021729673777
3,0.07101281878190778,0.06279812633174592,0.05355557482665696,0.08216290085368436,0.02461624440503487,0.07425661476364695,0.12388829117166661,0.17381431459856306
1,0.08055846255023585,0.04069138072495228,0.09171440801850247,0.06364606341728851,0.024753525883360376,0.07472038048821783,0.024929281881113798,0.024963459228605062
1,0.05736818359272067,0.06659620659079798,0.06710250379672064,0.08409372871796308,0.024754685715243654,0.07469249397762093,0.024963459228605062,0.024963459228605062
1,0.08858798069485166,0.0633438790435676,0.04871549201631,0.056057451400536806,0.02475383269296072,0.07470147422629608,0.024618106559179283,0.024944279132960562
2,0.05306516377158574,0.02270172202369326,0.11096481627883216,0.11744857088413656,0.02466326525756969,0.07454294888675497,0.12451864538603494,0.024963459228605062
2,0.07928781419163898,0.02216684547731162,0.07347543970623933,0.09454220122285734,0.02465958326796688,0.0745588894895179,0.12452887421852954,0.024944279132960562
2,0.07188132760344071,0.029073103981437455,0.030587515688160205,0.11311050755117696,0.02465884343435045,0.07456242697424068,0.1245571925025465,0.024963459228605062
3,0.09127451499769124,0.03948766347172922,0.13401743920952885,0.062358993049522554,0.024583883735955193,0.07443937615601773,0.12435204617657312,0.1743460044521551
3,0.05736818359272067,0.06659620659079798,0.06710250379672064,0.08409372871796308,0.024584133969679213,0.07444185791083041,0.1244308173314053,0.17439717757509554
3,0.06259737906223714,0.03096632031910948,0.11981496720090853,0.10495385779878988,0.024591360622208597,0.07441851166501985,0.12438238026795934,0.1743622579769285
1,0.07414690381703917,0.020758262418253525,0.07865710879574865,0.07641338491090187,0.024753525208039636,0.07467919261086567,0.024860232613279385,0.024961790751073062
1,0.0428908796202269,0.060333214993489495,0.06204897166705163,0.11085722719545338,0.02475389553982249,0.07470080562752679,0.024963459228605062,0.024963459228605062
2,0.045531025308337546,0.03976225653426387,0.07481784236008544,0.0455720826810282,0.024658946512489757,0.07451386561802181,0.12443958718871527,0.024961790751073062
2,0.06646679231573845,0.04315914818184406,0.0983885209847621,0.06989685847914849,0.024659030029343873,0.07456045741868236,0.12453829993943491,0.024963459228605062
3,0.07134054165548041,0.04781905603554765,0.07041247846348707,0.09701565839864291,0.024583564820672178,0.07437526593849614,0.1242321183374844,0.17415658467848194
3,0.05352391590037708,0.05377329748306199,0.08533944127720758,0.09351364436462267,0.024584777469466818,0.07443704530822479,0.12439644523272463,0.17436014808162034
1,0.050916675809572515,0.03488136647636341,0.11512315479035923,0.08345702373727529,0.024754709951291694,0.07469757877928687,0.024923832084874333,0.02492583331377592
1,0.06500405721295201,0.09340700997007345,0.054393705397872666,0.10759004550443933,0.02475409757247191,0.07469870626879946,0.024828195182223154,0.024936502446412854
1,0.08602893919617809,0.07667273323714283,0.09003119625462118,0.05935472498956726,0.024755167518817477,0.07468717303098425,0.024933654295270797,0.024963459228605062
2,0.030842587855616978,0.06103640719606134,0.11672354908732588,0.10334291148174661,0.0246625273964401,0.07457024944700182,0.12454028289455338,0.024963459228605062
2,0.051491840412897144,0.05590197697164627,0.04061757903201439,0.08116959843967182,0.024659308689115495,0.07455847577357752,0.12452496359693792,0.024936502446412854
2,0.06071673779359123,0.055207329488390494,0.07234508373721642,0.08159119744673221,0.02466818688804884,0.07454734406278563,0.12445692647205986,0.02492583331377592
3,0.09748627319196101,0.06254619979238667,0.07006850622533825,0.08354601084837997,0.024603235686825417,0.07442916950175305,0.12427290149436668,0.17429501089742372
3,0.06303240303355366,0.08294653833546986,0.06845242051519203,0.08173798265608676,0.024585131060928894,0.07443559103435099,0.1243697811534602,0.17434113719947367
3,0.06691104945328855,0.02687215875652901,0.05730035864980924,0.06132935868909846,0.024589121877751457,0.07446835272937073,0.12438382654345537,0.174363481710001
1,0.0666211704423189,0.060886667112073696,0.07561736533155865,0.10473971697026488,0.02475407601851232,0.07469892836925651,0.02495493150918252,0.024944938018166718
1,0.04340621762836459,0.07388705078852131,0.06337340613961862,0.06829793656196174,0.024753927358391818,0.07470047747042308,0.024811614109069537,0.024963459228605062
1,0.04617550151624928,0.06487508511247504,0.058218063311248174,0.12492979963403976,0.024753785578108846,0.07469304006403021,0.024963459228605062,0.024963459228605062
1,0.08408955734113015,0.05857231476115561,0.07184695287678187,0.07255252623136864,0.02475428061376106,0.0746553338949938,0.024963459228605062,0.024953334336560645
2,0.04041007534471061,0.030263930778583116,0.05627583419588876,0.08276643868105095,0.024660906947093608,0.07458692653910713,0.124567275786149,0.024944938018166718
2,0.08905884032739497,0.05742551783777551,0.08680253226943098,0.09399462479478378,0.024659428154197267,0.07455938689270371,0.12452618809745451,0.024963459228605062
2,0.05941509936491843,0.036177967920725945,0.04208522906685447,0.06402294378023006,0.024661654924219616,0.07447551783770036,0.12440982398759805,0.024953334336560645
2,0.09031769962558468,0.06817649909796224,0.04703452614536814,0.12497779645538008,0.024661503903073853,0.07453883556375407,0.12445479958104898,0.024963459228605062
3,0.09393320399208978,0.056027838381590964,0.05250421738961958,0.08622350639592463,0.024587448093629928,0.07447639154033274,0.12443661277522115,0.17440141586097957
3,0.07158829595475945,0.05688037527518772,0.0464563442610483,0.06060653381216583,0.02459448252236889,0.07441171508099703,0.1242437639735621,0.17412254526392767
3,0.09820501293301054,0.019091776996874612,0.07663686074808637,0.057766589052804594,0.024589012623891966,0.07432606709240315,0.12420152383846407,0.17420054648647443
3,0.10553374419961042,0.0497114715506234,0.061730233750281596,0.10784973739203008,0.02458378721239116,0.07444036436769425,0.1243704179033329,0.17434536311108748
1,0.08055846255023585,0.04069138072495228,0.09171440801850247,0.06364606341728851,0.02475369473387159,0.07470287000403283,0.024929281881113798,0.024963459228605062
1,0.07062660861321168,0.054996560638553973,0.09047775172357109,0.11413848487286762,0.02475413041566832,0.07469835686157392,0.024945393145344913,0.024930607832923737
1,0.07756694063461074,0.043658179074240834,0.10668603009152947,0.08770973220252122,0.02475388277139518,0.07458471628965435,0.024963459228605062,0.024963459228605062
2,0.07188132760344071,0.029073103981437455,0.030587515688160205,0.11311050755117696,0.024659442833314678,0.07455996932610626,0.12455496670834687,0.024963459228605062
2,0.08907184869151188,0.08629370911071046,0.04229738810912708,0.10092997843186977,0.02466619577312545,0.07456700034393145,0.12450293946123998,0.024930607832923737
2,0.061757618493397795,0.05058416177917447,0.08751694251399594,0.059501661823040494,0.024662504093949728,0.07443158811383342,0.12428926953237554,0.024963459228605062
3,0.05736818359272067,0.06659620659079798,0.06710250379672064,0.08409372871796308,0.024584927086365654,0.07443911046150295,0.12442633281362085,0.17439907726556483
3,0.08858798069485166,0.0633438790435676,0.04871549201631,0.056057451400536806,0.024587083479091987,0.07418808236041533,0.12387793568129718,0.1738514476502567
3,0.08826860153359725,0.034625508081189096,0.07265815718723694,0.14855940586704158,0.024600073705252863,0.07448072376644382,0.12439995530228916,0.17439314488164617
1,0.07062660861321168,0.054996560638553973,0.09047775172357109,0.11413848487286762,0.024754072401226946,0.07469896583056358,0.024945393145344913,0.024930607832923737
1,0.07928781419163898,0.02216684547731162,0.07347543970623933,0.09454220122285734,0.0247535563557438,0.07471154882674892,0.024944279132960562,0.024880209150005533
1,0.06465197674401683,0.05262588037366061,0.06276161780433098,0.14087344535427082,0.02475439043745397,0.07471233860683651,0.024963459228605062,0.024950904273650435
2,0.09127451499769124,0.03948766347172922,0.13401743920952885,0.062358993049522554,0.024659334090523132,0.07456257623018095,0.1245456786324299,0.024880209150005533
2,0.06140893637235527,0.05830593638594174,0.0665312449620818,0.04697204299040054,0.024665701042664686,0.07454396656006389,0.12447740483068633,0.024950904273650435
2,0.08907184869151188,0.08629370911071046,0.04229738810912708,0.10092997843186977,0.024661432993580215,0.0745524335386468,0.12454477543777308,0.024930607832923737
3,0.08826860153359725,0.034625508081189096,0.07265815718723694,0.14855940586704158,0.02458814992498093,0.07442957879464038,0.12441516875021333,0.17440220797879397
3,0.10375035064726595,0.05237131129323724,0.04421249472067197,0.11538957895501574,0.024597234304628207,0.07442246311107183,0.12430571176517617,0.17429354319960896
3,0.0428908796202269,0.060333214993489495,0.06204897166705163,0.11085722719545338,0.024586770690714806,0.07448802674278612,0.12445817304375756,0.17444142054850087
1,0.050916675809572515,0.03488136647636341,0.11512315479035923,0.08345702373727529,0.024753826114735384,0.07469225993026958,0.024923832084874333,0.02492583331377592
1,0.06465197674401683,0.05262588037366061,0.06276161780433098,0.14087344535427082,0.024753944890263065,0.07470029874282923,0.024963459228605062,0.024950904273650435
1,0.054928809666711736,0.02992035159198458,0.051066878791188264,0.038924349553904704,0.02475373738475377,0.0747024382488051,0.024958852454888363,0.024930268235160993
2,0.07904189355066112,0.04660632531590046,0.06101880595700054,0.11292928876267858,0.02465943550205281,0.07456029816477905,0.12455766174680519,0.024930268235160993
2,0.06140893637235527,0.05830593638594174,0.0665312449620818,0.04697204299040054,0.024663470812419756,0.07455311181307,0.12448819915766242,0.024950904273650435
2,0.06071673779359123,0.055207329488390494,0.07234508373721642,0.08159119744673221,0.024663660102880666,0.07453780817166569,0.12444085855407981,0.02492583331377592
3,0.07887607223563474,0.05192219973291025,0.10047016984655745,0.10129311429668297,0.02458478023115854,0.07448392571301488,0.12447831994616075,0.17441986420665134
3,0.09748627319196101,0.06254619979238667,0.07006850622533825,0.08354601084837997,0.024600587471237435,0.0744133459615413,0.12421824522474269,0.17417922980286477
3,0.10375035064726595,0.05237131129323724,0.04421249472067197,0.11538957895501574,0.02460409193197735,0.0744661099481182,0.12432302798730308,0.17419253478792063
1,0.054928809666711736,0.02992035159198458,0.051066878791188264,0.038924349553904704,0.02475366566066188,0.07471825954803273,0.024958852454888363,0.024930268235160993
1,0.11187910922470443,0.04521685042344824,0.11707185410516008,0.10875068775316414,0.02475412260225502,0.07469844920872672,0.024963459228605062,0.024837858589136737
2,0.07904189355066112,0.04660632531590046,0.06101880595700054,0.11292928876267858,0.02466107489489382,0.0745593782544539,0.1245411084979225,0.024930268235160993
2,0.05891781067190282,0.074082202638043,0.09615550955036951,0.0715097815206452,0.024659236310981495,0.07455912866219522,0.12454502543367602,0.024837858589136737
3,0.07887607223563474,0.05192219973291025,0.10047016984655745,0.10129311429668297,0.0245885228315276,0.07443990316093427,0.12441201575632682,0.17435306285872867
3,0.08473366980353149,0.03924908001258997,0.08897435214310256,0.037684280599719275,0.024584450041851925,0.07444021854704452,0.12441002233969393,0.17437961235143112
1,0.11187910922470443,0.04521685042344824,0.11707185410516008,0.10875068775316414,0.02475377909292852,0.0747020100093106,0.024963459228605062,0.024837858589136737
1,0.04340621762836459,0.07388705078852131,0.06337340613961862,0.06829793656196174,0.024754033410766683,0.07469937234368851,0.024811614109069537,0.024963459228605062
2,0.08905884032739497,0.05742551783777551,0.08680253226943098,0.09399462479478378,0.02466219861314459,0.07455319867470821,0.12451817904132619,0.024963459228605062
2,0.05891781067190282,0.074082202638043,0.09615550955036951,0.0715097815206452,0.024659036201973294,0.07456141479221999,0.12454393154096485,0.024837858589136737
3,0.10553374419961042,0.0497114715506234,0.061730233750281596,0.10784973739203008,0.02458853456912178,0.0744317186931595,0.12437244340491063,0.17436223205667065
3,0.08473366980353149,0.03924908001258997,0.08897435214310256,0.037684280599719275,0.024584069232040838,0.07444355726255734,0.12440343751818306,0.17438442266585957
1,0.07188132760344071,0.029073103981437455,0.030587515688160205,0.11311050755117696,0.024753708604265075,0.07470272929602625,0.024963459228605062,0.024963459228605062
1,0.07062660861321168,0.054996560638553973,0.09047775172357109,0.11413848487286762,0.024753843950440422,0.07471397622605623,0.024945393145344913,0.024930607832923737
1,0.09098893165659956,0.05019477047141359,0.07556933932657764,0.07982058409253266,0.024754631093613654,0.07469307008575815,0.024963459228605062,0.02495592992373549
2,0.08907184869151188,0.08629370911071046,0.04229738810912708,0.10092997843186977,0.024663245949542636,0.07455509739903035,0.12451454738745209,0.024930607832923737
2,0.0765421265224383,0.058294534345609175,0.12564163465211758,0.05334488117485883,0.024666969212453864,0.0745395074723669,0.12448004673170189,0.02495592992373549
2,0.05736818359272067,0.06659620659079798,0.06710250379672064,0.08409372871796308,0.0246599342354062,0.07456102463884683,0.12453423212634468,0.024963459228605062
3,0.09299739389077785,0.05259338147298029,0.0644956790527103,0.13481145421878568,0.024600898091371556,0.07441520564173637,0.12430875495421993,0.17431161192169614
3,0.08826860153359725,0.034625508081189096,0.07265815718723694,0.14855940586704158,0.024594863577152525,0.07446710378611414,0.12439392010760628,0.17438591680606333
3,0.05306516377158574,0.02270172202369326,0.11096481627883216,0.11744857088413656,0.024586562789269756,0.07444130589538836,0.12439147221350477,0.1743618541685222
1,0.06465197674401683,0.05262588037366061,0.06276161780433098,0.14087344535427082,0.024753985651306383,0.07469987358361392,0.024963459228605062,0.024950904273650435
1,0.06259737906223714,0.03096632031910948,0.11981496720090853,0.10495385779878988,0.024753675689112183,0.07470306509051765,0.02492583331377592,0.02495456673274053
2,0.050916675809572515,0.03488136647636341,0.11512315479035923,0.08345702373727529,0.0246593355859761,0.07456011639959206,0.12453017384518386,0.02495456673274053
2,0.06140893637235527,0.05830593638594174,0.0665312449620818,0.04697204299040054,0.024659411742678453,0.07455966000291392,0.1245218696709337,0.024950904273650435
3,0.06071673779359123,0.055207329488390494,0.07234508373721642,0.08159119744673221,0.024586164760332235,0.0744380442284553,0.1243635651315078,0.17428707225851997
3,0.10375035064726595,0.05237131129323724,0.04421249472067197,0.11538957895501574,0.024584010895617965,0.07443960001401495,0.12436222567429919,0.17433777675518813
1,0.04743009516191306,0.03370306043761524,0.05085317348584678,0.056835422179946735,0.024753623046914527,0.07452702752091897,0.024951813094385197,0.024963459228605062
1,0.054928809666711736,0.02992035159198458,0.051066878791188264,0.038924349553904704,0.024753525081647524,0.07472003094956438,0.024958852454888363,0.024930268235160993
2,0.07904189355066112,0.04660632531590046,0.06101880595700054,0.11292928876267858,0.024658838918304952,0.07459320317402429,0.12459011243238663,0.024930268235160993
2,0.07628206666940675,0.05763728186684886,0.11299813566058756,0.06770928653796993,0.024661394132430577,0.07427975719988501,0.12402523540237752,0.024963459228605062
3,0.07887607223563474,0.05192219973291025,0.10047016984655745,0.10129311429668297,0.024583396630450477,0.07448229762468225,0.12447424711293782,0.17444217819185281
3,0.10126133828779917,0.0686278243334165,0.0726410968617169,0.09118314972323328,0.024595349137140864,0.07412469502360665,0.12369679790361085,0.1735973526267173
1,0.11187910922470443,0.04521685042344824,0.11707185410516008,0.10875068775316414,0.024753822483256856,0.07470155929197429,0.024963459228605062,0.024837858589136737
2,0.05891781067190282,0.074082202638043,0.09615550955036951,0.0715097815206452,0.02465979517033035,0.07455817957992696,0.12454163699920139,0.024837858589136737
3,0.08473366980353149,0.03924908001258997,0.08897435214310256,0.037684280599719275,0.024584392809777967,0.07443904870626536,0.12440335298432757,0.17439681371786042
1,0.06823078100983831,0.061285299678166906,0.08449276501165365,0.06620414809913269,0.024753647584314475,0.07470335021293723,0.024947731563874385,0.024963459228605062
1,0.1448069608892113,0.06718193100814217,0.06662818313876098,0.050358894130120915,0.024753825392561192,0.07470154443065768,0.024963459228605062,0.024963459228605062
1,0.04340621762836459,0.07388705078852131,0.06337340613961862,0.06829793656196174,0.02475384005820122,0.07471673802090663,0.024811614109069537,0.024963459228605062
2,0.08994035391350519,0.04022509148116266,0.032099597877467766,0.07399465534592783,0.024659139986448857,0.07456081388235618,0.12452854513648584,0.024963459228605062
2,0.08905884032739497,0.05742551783777551,0.08680253226943098,0.09399462479478378,0.024661784141024507,0.07458811562180008,0.12455627619495094,0.024963459228605062
2,0.07164107281465505,0.05817070908600524,0.04804135873593029,0.10280977817335862,0.024660338848846552,0.07455954242642311,0.12450701259223072,0.024963459228605062
3,0.10553374419961042,0.0497114715506234,0.061730233750281596,0.10784973739203008,0.024589370937804885,0.07443252145105378,0.12436806042410924,0.1743579181391223
3,0.10065310471213545,0.05161585779754375,0.10238427579210732,0.09574821260870116,0.024586488538483754,0.0744374317551285,0.12433793594876688,0.17432500208179563
3,0.11354811272059823,0.015011699709076579,0.09374078118314452,0.09666912732359101,0.024583719535432636,0.0744413180738809,0.12437494367543973,0.17435589501696788
1,0.07062660861321168,0.054996560638553973,0.09047775172357109,0.11413848487286762,0.024753695667334628,0.07470286158658664,0.024945393145344913,0.024930607832923737
1,0.09098893165659956,0.05019477047141359,0.07556933932657764,0.07982058409253266,0.024754088746722924,0.07469879385761408,0.024963459228605062,0.02495592992373549
1,0.06823078100983831,0.061285299678166906,0.08449276501165365,0.06620414809913269,0.024754674787920615,0.0747031129282795,0.024947731563874385,0.024963459228605062
2,0.08907184869151188,0.08629370911071046,0.04229738810912708,0.10092997843186977,0.024661537660209877,0.0745590013318053,0.12452691601148597,0.024930607832923737
2,0.07164107281465505,0.05817070908600524,0.04804135873593029,0.10280977817335862,0.024664709782952866,0.07454171433087006,0.12448721586794827,0.024963459228605062
2,0.0765421265224383,0.058294534345609175,0.12564163465211758,0.05334488117485883,0.02466330777606185,0.07458180068384322,0.12453658277184816,0.02495592992373549
3,0.10065310471213545,0.05161585779754375,0.10238427579210732,0.09574821260870116,0.024595958073244554,0.07442274580101338,0.1243286561158893,0.17427525448786438
3,0.09299739389077785,0.05259338147298029,0.0644956790527103,0.13481145421878568,0.024592809041377867,0.07442814812913982,0.12434651816082366,0.17433758152479653
3,0.08826860153359725,0.034625508081189096,0.07265815718723694,0.14855940586704158,0.024589932169619726,0.07443834705562519,0.12438510477909116,0.17437485662550062
1,0.06465197674401683,0.05262588037366061,0.06276161780433098,0.14087344535427082,0.024753885519825644,0.07470092418031128,0.024963459228605062,0.024950904273650435
1,0.057161056876631,0.062463979741928966,0.07009991530289841,0.0744253318524097,0.02475369852850101,0.0747028320605412,0.024951813094385197,0.024963459228605062
1,0.07644907404253794,0.07090165553599062,0.045776679575652734,0.035941324365519015,0.02475384444943897,0.07471782489519412,0.024932233716510568,0.024961661928933312
2,0.04743009516191306,0.03370306043761524,0.05085317348584678,0.056835422179946735,0.024659644175662295,0.07459253558972163,0.12436010426009751,0.024963459228605062
2,0.10275579439411761,0.05633164376397881,0.06108299513999994,0.09791654178359717,0.02465976501834684,0.07459258082344176,0.124454951722434,0.024961661928933312
2,0.06140893637235527,0.05830593638594174,0.0665312449620818,0.04697204299040054,0.02466029533196189,0.07455893011603848,0.12451350807219334,0.024950904273650435
3,0.10375035064726595,0.05237131129323724,0.04421249472067197,0.11538957895501574,0.024589583118697432,0.07444223493322204,0.12434225103916366,0.17429046513342691
3,0.11383393858366872,0.033961567551810914,0.09025641182310488,0.1270479426170027,0.02458556810043145,0.07448703971618362,0.12423340607305554,0.17411002949843005
3,0.07628206666940675,0.05763728186684886,0.11299813566058756,0.06770928653796993,0.024585894242212965,0.0744883492613721,0.12409634632025578,0.17385737006579957
1,0.05323483805305908,0.03565582127283837,0.0525834752177677,0.07587479411795728,0.024753713501215326,0.0747169910497756,0.024961819316653467,0.024963459228605062
1,0.03686749049147985,0.055807550958616496,0.045868167918963365,0.08165672136760813,0.024754057579169153,0.07469912342601744,0.024686371504508663,0.024948858815571524
2,0.0895613957626375,0.0498540692352967,0.0364257718614855,0.08826882675475248,0.024661216969717147,0.07455337322656423,0.12453196916274067,0.024948858815571524
2,0.07815398763570656,0.05763701064637373,0.044756088076504025,0.06275529360294786,0.024661661115502213,0.07458840396250384,0.12455940666893267,0.024963459228605062
3,0.11397326604153568,0.06548980695361192,0.05354095406029846,0.08860986310598956,0.02458719937285947,0.07443154655024467,0.12438966970129589,0.1743831344155873
3,0.0953298769336635,0.07511922807043123,0.09148465151019576,0.06400476965230124,0.024588062796365565,0.07443807985267341,0.12437937423092871,0.17436612981364033
1,0.06823078100983831,0.061285299678166906,0.08449276501165365,0.06620414809913269,0.02475399201417496,0.07471634408408932,0.024781266360882286,0.024947731563874385
1,0.05323483805305908,0.03565582127283837,0.0525834752177677,0.07587479411795728,0.02475357673280331,0.07470406814478914,0.024961819316653467,0.024963459228605062
1,0.07887607223563474,0.05192219973291025,0.10047016984655745,0.10129311429668297,0.02475429425804405,0.0746842169039056,0.024963459228605062,0.024930268235160993
2,0.07164107281465505,0.05817070908600524,0.04804135873593029,0.10280977817335862,0.024662669937991676,0.07457976153459996,0.12451606720922488,0.024947731563874385
2,0.11187910922470443,0.04521685042344824,0.11707185410516008,0.10875068775316414,0.02466444699189427,0.07452534484167603,0.12443419657883668,0.024930268235160993
2,0.07815398763570656,0.05763701064637373,0.044756088076504025,0.06275529360294786,0.024659572301767005,0.07456301075644436,0.1245342356223638,0.024963459228605062
3,0.10065310471213545,0.05161585779754375,0.10238427579210732,0.09574821260870116,0.024591424264043,0.07443161578119772,0.12431889548337802,0.17430404151924198
3,0.0953298769336635,0.07511922807043123,0.09148465151019576,0.06400476965230124,0.024588606563081462,0.07444815420384705,0.12438196366326681,0.1743297020122001
3,0.05891781067190282,0.074082202638043,0.09615550955036951,0.0715097815206452,0.02459964228483584,0.07439488556677029,0.12422938596589814,0.17417127868362067
1,0.09624262842980845,0.05548960763396808,0.09999896864652077,0.10391614299253277,0.02475365708242484,0.0747032537474869,0.024963459228605062,0.024906430709848444
1,0.06653418913794241,0.07048995380409888,0.060809343098951876,0.0689485931326334,0.024755286448738534,0.07468585471840707,0.02494889381044173,0.024932421160280382
1,0.08473366980353149,0.03924908001258997,0.08897435214310256,0.037684280599719275,0.024753506970218365,0.07470476832105939,0.0249526878624481,0.024963459228605062
2,0.1448069608892113,0.06718193100814217,0.06662818313876098,0.050358894130120915,0.024664356401987105,0.07456731730348683,0.12445547398772078,0.024963459228605062
2,0.10036613656312778,0.016009416569547484,0.09361889781649499,0.12274196077916884,0.024664601514966113,0.07453668858708615,0.12449870255753932,0.024932421160280382
2,0.03928803728408312,0.04888990922440924,0.08142115136267253,0.13777002685396986,0.02465910440833089,0.07456095341838778,0.12454319772009978,0.024906430709848444
3,0.1091887451132176,0.05010036141138764,0.05425681706482961,0.07291045123954283,0.024583467899671356,0.07444321762855821,0.12440275052880588,0.17419379600064294
3,0.08994035391350519,0.04022509148116266,0.032099597877467766,0.07399465534592783,0.024615151710168877,0.07447486511809266,0.12421430570518316,0.17401212438619404
3,0.06807586404616017,0.08333822063252247,0.08247437216582873,0.047160459132647964,0.024587039943087228,0.07442861683798414,0.12434864576283579,0.17431971494035453
1,0.09299739389077785,0.05259338147298029,0.0644956790527103,0.13481145421878568,0.024753664277467197,0.07470317993815914,0.024922360507303877,0.024951813094385197
1,0.1091887451132176,0.05010036141138764,0.05425681706482961,0.07291045123954283,0.02475360398581744,0.07461120861852422,0.024963459228605062,0.024906430709848444
1,0.11397326604153568,0.06548980695361192,0.05354095406029846,0.08860986310598956,0.02475405022317561,0.07469922626865234,0.024961819316653467,0.024948858815571524
2,0.05323483805305908,0.03565582127283837,0.0525834752177677,0.07587479411795728,0.024660091692713472,0.0745559623127924,0.1245531426405824,0.024948858815571524
2,0.059305611678618336,0.0544558269192275,0.02804532801919276,0.06748051734381844,0.024661963857348975,0.07430771816312821,0.12405981877716027,0.024906430709848444
2,0.057161056876631,0.062463979741928966,0.07009991530289841,0.0744253318524097,0.024658981108252025,0.07456182725108648,0.12453224838553151,0.024951813094385197
3,0.04743009516191306,0.03370306043761524,0.05085317348584678,0.056835422179946735,0.024583694982330352,0.07444442093495034,0.12437973402352083,0.17414908995622516
3,0.06333694997048823,0.053632089833241074,0.046943897653125774,0.10285960948175883,0.02459840974006231,0.07415557410086544,0.12372448401036401,0.17349449494494715
3,0.07815398763570656,0.05763701064637373,0.044756088076504025,0.06275529360294786,0.02458442054477213,0.07443687931832359,0.12442604957140219,0.17441104908541114
1,0.07628206666940675,0.05763728186684886,0.11299813566058756,0.06770928653796993,0.0247539906249069,0.07469981858691471,0.024920864878384873,0.024522543236607217
2,0.10126133828779917,0.0686278243334165,0.0726410968617169,0.09118314972323328,0.024663043696456183,0.07455234103658301,0.12452023000248554,0.024522543236607217
3,0.03414776400166466,0.08080638973713467,0.04189706726203411,0.051480435979510415,0.024591210516536885,0.07443147861305016,0.12438005624919113,0.17433622316456646
1,0.07873912707623629,0.04037154759055968,0.0868869063133143,0.051475333763661146,0.024753693704384485,0.07469610135192728,0.024842557255740694,0.024796689347888812
2,0.08479821070162215,0.057884217155491774,0.06813201147700851,0.0581758546985873,0.02466201479902008,0.07454508483445944,0.12444640220291137,0.024796689347888812
3,0.03037804550135101,0.07598883540393456,0.09118053515107986,0.144143262545524,0.024591251495804788,0.07441827994380017,0.12423929405246494,0.17417784614645168
1,0.1091887451132176,0.05010036141138764,0.05425681706482961,0.07291045123954283,0.024756607168060333,0.07450239514181016,0.024949779080566826,0.024963459228605062
1,0.08479821070162215,0.057884217155491774,0.06813201147700851,0.0581758546985873,0.024754190012867,0.0746729096904398,0.024796689347888812,0.024851790756740426
1,0.0553060480729151,0.10613859618077695,0.02033792561038187,0.078450171709939,0.02475426547460998,0.07469697564545494,0.024807871658139743,0.024963459228605062
2,0.059305611678618336,0.0544558269192275,0.02804532801919276,0.06748051734381844,0.024671331197612657,0.07424826464196174,0.12403675397668935,0.024963459228605062
2,0.08224839703382822,0.048758710849856,0.08892287206232437,0.16126377907686984,0.02466574258030627,0.07454570753547345,0.12451412981913124,0.024963459228605062
2,0.03037804550135101,0.07598883540393456,0.09118053515107986,0.144143262545524,0.024660328846343844,0.07450870792807752,0.12443726693267436,0.024851790756740426
3,0.06333694997048823,0.053632089833241074,0.046943897653125774,0.10285960948175883,0.024604965736376487,0.07407099660674378,0.12370979444365976,0.17359760502658217
3,0.0553060480729151,0.10613859618077695,0.02033792561038187,0.078450171709939,0.024589548000008125,0.0743670984853487,0.12423107768913703,0.17417836896756167
3,0.07124081061613503,0.06263306761868041,0.06284827966184436,0.11106943820608238,0.02460321442113709,0.0744231617871019,0.12437132110967276,0.17432939608161485
1,0.0359797446241419,0.06105668851704498,0.07818881878238193,0.05070414197509466,0.024753877167712796,0.07470099916175592,0.024963459228605062,0.024963459228605062
1,0.08220151007885934,0.07980330120605007,0.07334085401534152,0.08713241040840572,0.024754658738014863,0.0746927732650369,0.02464013053010903,0.024963459228605062
1,0.03686749049147985,0.055807550958616496,0.045868167918963365,0.08165672136760813,0.024753780211080947,0.07471524029633328,0.024686371504508663,0.024948858815571524
2,0.10344285966463243,0.08722400785621484,0.0632885339752284,0.0470208987352423,0.024660526276791047,0.0745533857215076,0.12451072996876032,0.024963459228605062
2,0.12433818154758235,0.07412857028295265,0.07728771282759991,0.04884226504778105,0.024662114508709303,0.07455530831424527,0.12450574675526266,0.024963459228605062
2,0.0895613957626375,0.0498540692352967,0.0364257718614855,0.08826882675475248,0.024660234131110233,0.07458704659291795,0.12456186040498007,0.024948858815571524
3,0.0801488697207928,0.05829737372422809,0.08782629780210448,0.09319088648692556,0.024595830994056274,0.07445514228945135,0.1243322335389592,0.1741182698482694
3,0.1005552228754159,0.03832314605070539,0.10838094380771116,0.0956073451499513,0.024593355050155565,0.0744405348373859,0.12434051158117314,0.17425924068993445
3,0.11397326604153568,0.06548980695361192,0.05354095406029846,0.08860986310598956,0.024588736883876753,0.07444361680127361,0.12437717894954702,0.1743512047262593
1,0.0359797446241419,0.06105668851704498,0.07818881878238193,0.05070414197509466,0.02475354882135184,0.07470434901412695,0.024963459228605062,0.024963459228605062
2,0.12433818154758235,0.07412857028295265,0.07728771282759991,0.04884226504778105,0.024660299146759553,0.0745869514273284,0.12453757115545427,0.024963459228605062
3,0.1005552228754159,0.03832314605070539,0.10838094380771116,0.0956073451499513,0.024588080317270028,0.07444129069410486,0.12435219648973045,0.17432301403789385
1,0.09637700584009568,0.04850599816602638,0.06296428739993375,0.08618539794962538,0.02475370434041645,0.07469605837036672,0.024502149695495936,0.02493556910775384
1,0.0953298769336635,0.07511922807043123,0.09148465151019576,0.06400476965230124,0.02475465086671494,0.07469286490204145,0.02494889381044173,0.024963459228605062
1,0.13239666727524632,0.05747167868318497,0.06128183167919808,0.06923116072490476,0.02475370559889153,0.07470276631387454,0.024911759185037234,0.02493556910775384
1,0.07873912707623629,0.04037154759055968,0.0868869063133143,0.051475333763661146,0.02475378374071393,0.0746951575923876,0.024796689347888812,0.024961455059156687
2,0.06653418913794241,0.07048995380409888,0.060809343098951876,0.0689485931326334,0.02466771935890605,0.07453812245859623,0.1244599666620116,0.024963459228605062
2,0.08479821070162215,0.057884217155491774,0.06813201147700851,0.0581758546985873,0.024663748031021934,0.07454150444967136,0.12443141681901453,0.024961455059156687
2,0.07381701388502429,0.0625085692721608,0.03293528762655967,0.11756164685819914,0.02466214799648785,0.07454439911118321,0.1244365813580964,0.02493556910775384
2,0.08710459437689025,0.021809405578989038,0.04049944134498862,0.07755251018378685,0.02465926506774463,0.07456249747269975,0.12430754013436301,0.02493556910775384
3,0.059869639550941156,0.06362996590707133,0.08835356226775679,0.05791873602222955,0.024597587681229795,0.07442199010652312,0.12420525579808052,0.17406627205708788
3,0.10036613656312778,0.016009416569547484,0.09361889781649499,0.12274196077916884,0.02460473952896518,0.07441348547914603,0.12427525231472922,0.1742272201953015
3,0.03037804550135101,0.07598883540393456,0.09118053515107986,0.144143262545524,0.02459488485679836,0.07441402795522493,0.12426410905766383,0.17421485099096085
3,0.09637700584009568,0.04850599816602638,0.06296428739993375,0.08618539794962538,0.024585439820857667,0.07445064419764198,0.12402208358797027,0.1737539049404043
1,0.06807586404616017,0.08333822063252247,0.08247437216582873,0.047160459132647964,0.024754870566487987,0.07469044467462387,0.02488832336000533,0.024963459228605062
1,0.06365407662941958,0.02505638072415553,0.044096454406552216,0.03549821441693101,0.02475361356175626,0.07470369586822737,0.024785155827367743,0.024926667502911573
1,0.0553060480729151,0.10613859618077695,0.02033792561038187,0.078450171709939,0.02475437770428435,0.07469577193765353,0.024807871658139743,0.024963459228605062
1,0.07381701388502429,0.0625085692721608,0.03293528762655967,0.11756164685819914,0.024753878489083385,0.07466685831085401,0.024502149695495936,0.02485198279227318
2,0.08224839703382822,0.048758710849856,0.08892287206232437,0.16126377907686984,0.024665965212391346,0.07454367199847492,0.12451430224649473,0.024963459228605062
2,0.09624262842980845,0.05548960763396808,0.09999896864652077,0.10391614299253277,0.024663314363166024,0.07454653966166638,0.12450381452768258,0.024963459228605062
2,0.07724438406047354,0.015893380257083277,0.06819919805260441,0.0577370210673197,0.024659140872730537,0.07456144099859355,0.12455459363258564,0.024926667502911573
2,0.059869639550941156,0.06362996590707133,0.08835356226775679,0.05791873602222955,0.024661187987055473,0.0744917031324688,0.12439989229248818,0.02485198279227318
3,0.03928803728408312,0.04888990922440924,0.08142115136267253,0.13777002685396986,0.024592289616274934,0.07443191483685907,0.12433413667235854,0.17431363027490016
3,0.07402983378278821,0.05314379754117066,0.06117503959082208,0.09078930219886498,0.0245838397273103,0.07444065181190183,0.12442818017630429,0.17441773714494682
3,0.06365407662941958,0.02505638072415553,0.044096454406552216,0.03549821441693101,0.0245901860266508,0.07434531061977288,0.12416853036629318,0.1741396728036058
3,0.07124081061613503,0.06263306761868041,0.06284827966184436,0.11106943820608238,0.02460308241727988,0.07441963287817253,0.12436518744153151,0.1743464235290738
1,0.1091887451132176,0.05010036141138764,0.05425681706482961,0.07291045123954283,0.024753660040754195,0.07454711910453952,0.024949779080566826,0.024963459228605062
1,0.06500253994364572,0.0596033526152213,0.07126979092180638,0.11101676606177537,0.0247542326591863,0.07469733281053555,0.024963459228605062,0.024963459228605062
2,0.059305611678618336,0.0544558269192275,0.02804532801919276,0.06748051734381844,0.024660445636495873,0.07430350204332531,0.1240894607569917,0.024963459228605062
2,0.08785669820506817,0.05857356096194604,0.07848473570855094,0.08371882106767042,0.024663760425932536,0.07454844916204413,0.12444839583615991,0.024963459228605062
3,0.051794663685543044,0.031962370151724734,0.07448850219002016,0.10821338642825773,0.024591961239488442,0.0744266951204225,0.12424515367606162,0.17417926312892415
3,0.06333694997048823,0.053632089833241074,0.046943897653125774,0.10285960948175883,0.02459112164851398,0.07413767644102677,0.12376758745128337,0.1735695168598322
1,0.12433818154758235,0.07412857028295265,0.07728771282759991,0.04884226504778105,0.024754601795259276,0.07469345543706755,0.024963459228605062,0.024963459228605062
1,0.08785669820506817,0.05857356096194604,0.07848473570855094,0.08371882106767042,0.024753837727061655,0.07466696485503908,0.024963459228605062,0.02490403866117583
2,0.1005552228754159,0.03832314605070539,0.10838094380771116,0.0956073451499513,0.024660672622909725,0.07455410712406789,0.12452211138123022,0.024963459228605062
2,0.051794663685543044,0.031962370151724734,0.07448850219002016,0.10821338642825773,0.024660982167633044,0.07449132516471682,0.12440072719810664,0.02490403866117583
3,0.13239666727524632,0.05747167868318497,0.06128183167919808,0.06923116072490476,0.024594628302232167,0.07446522605224615,0.124353856652813,0.17410105607272552
3,0.12696422114207245,0.050622597813480615,0.06612286891264627,0.03574749876958705,0.024595020537661674,0.07435009445161726,0.12416342898868916,0.1740667567278726
1,0.11303586807237886,0.04624790427235281,0.09114260457229285,0.09225336091301325,0.024753902566711807,0.074700744990718,0.024784354521979787,0.024959676423241896
1,0.12537691103157567,0.07166305579428961,0.07249794291705902,0.07081104194237212,0.024753550368551654,0.07469393163878679,0.024963459228605062,0.024961455059156687
2,0.0739550639658282,0.056562136359305834,0.07684399494653502,0.09184087710172441,0.02466057208291211,0.07455781868446441,0.12450582900419972,0.024959676423241896
2,0.08959822215445867,0.04707800382359117,0.03582669847190017,0.054464873509091544,0.02465891146528489,0.07454302646845729,0.1244618435586346,0.024961455059156687
3,0.07873912707623629,0.04037154759055968,0.0868869063133143,0.051475333763661146,0.024583677926725497,0.07441519985124428,0.12425834241385994,0.17417806549417889
3,0.0872548105799075,0.052853695442451706,0.06930569827463155,0.1390545030351389,0.02458801148110929,0.07443449337365651,0.12433418419170901,0.1742162406868608
1,0.08479821070162215,0.057884217155491774,0.06813201147700851,0.0581758546985873,0.024754202164732557,0.07467276913108131,0.024796689347888812,0.024851790756740426
1,0.09637700584009568,0.04850599816602638,0.06296428739993375,0.08618539794962538,0.024753729818384536,0.07471287161098863,0.02493556910775384,0.024910994721125214
2,0.03037804550135101,0.07598883540393456,0.09118053515107986,0.144143262545524,0.024660234510999,0.07450896347560883,0.12443801678177706,0.024851790756740426
2,0.07381701388502429,0.0625085692721608,0.03293528762655967,0.11756164685819914,0.024662416910648938,0.07454478428635944,0.12443203344468655,0.024910994721125214
3,0.0553060480729151,0.10613859618077695,0.02033792561038187,0.078450171709939,0.024584448180542385,0.07437896646346091,0.12422557082719088,0.17420372012320356
3,0.059869639550941156,0.06362996590707133,0.08835356226775679,0.05791873602222955,0.024598808094734137,0.07442326354469257,0.12419933586619546,0.17404919484689738
1,0.08224839703382822,0.048758710849856,0.08892287206232437,0.16126377907686984,0.02475383065142116,0.0747014777422613,0.024963459228605062,0.024963459228605062
1,0.1104150366764276,0.052617038052389015,0.07025060559749183,0.09801768444781501,0.024754003453520065,0.074716475179947,0.02492351035035967,0.02492657988871869
1,0.06365407662941958,0.02505638072415553,0.044096454406552216,0.03549821441693101,0.02475376461169059,0.07470215669762918,0.024785155827367743,0.024926667502911573
2,0.09230751275952156,0.07626292169620162,0.05420713047075512,0.077475614756548,0.024659942161533124,0.07455681742200171,0.12455620841005204,0.02492657988871869
2,0.07124081061613503,0.06263306761868041,0.06284827966184436,0.11106943820608238,0.024662762906504498,0.07455568333869822,0.12452356172327562,0.024963459228605062
2,0.07724438406047354,0.015893380257083277,0.06819919805260441,0.0577370210673197,0.02465996226840116,0.07455848125676365,0.12455079516695915,0.024926667502911573
3,0.0359797446241419,0.06105668851704498,0.07818881878238193,0.05070414197509466,0.024590293612800577,0.07443596703303239,0.12439077622644833,0.17438342902032797
3,0.11122153111578097,0.047875605848222355,0.0771758286921157,0.07092305020243385,0.024585017047152373,0.07443542315060563,0.12443106987106445,0.17428461451826446
3,0.07402983378278821,0.05314379754117066,0.06117503959082208,0.09078930219886498,0.024585635445666536,0.07443791747340966,0.12442514013339513,0.17440937415125607
1,0.06500253994364572,0.0596033526152213,0.07126979092180638,0.11101676606177537,0.02475374469150187,0.07470237218740879,0.024963459228605062,0.024963459228605062
1,0.13969299993677659,0.05689278349960124,0.0790675826914903,0.04550063056702011,0.0247537074822756,0.07470274335316046,0.024529586154999422,0.02492351035035967
2,0.1104150366764276,0.052617038052389015,0.07025060559749183,0.09801768444781501,0.024659411065096736,0.07456378848498611,0.12452540735541512,0.02492351035035967
2,0.08785669820506817,0.05857356096194604,0.07848473570855094,0.08371882106767042,0.024659957023445245,0.07455801185747216,0.12447464365215341,0.024963459228605062
3,0.09230751275952156,0.07626292169620162,0.05420713047075512,0.077475614756548,0.024590753296087207,0.07445380699193799,0.12436297324232949,0.17428815282192686
3,0.051794663685543044,0.031962370151724734,0.07448850219002016,0.10821338642825773,0.024585433734568802,0.07443803273252421,0.12427585450531681,0.17418861184606657
1,0.12696422114207245,0.050622597813480615,0.06612286891264627,0.03574749876958705,0.024753810981092257,0.07470168311059694,0.024784354521979787,0.024959676423241896
2,0.11303586807237886,0.04624790427235281,0.09114260457229285,0.09225336091301325,0.024662460996698336,0.07455558872158755,0.1244887999802489,0.024959676423241896
3,0.0739550639658282,0.056562136359305834,0.07684399494653502,0.09184087710172441,0.024595748289360054,0.07443223344054625,0.12430954671958801,0.17423622997972313
1,0.06276459531989126,0.03947237494987577,0.12597028960813852,0.09920168443539823,0.024753796078486132,0.07471419598752291,0.024963459228605062,0.024941528076205158
1,0.039268288361667986,0.055662049402257524,0.06954445309640767,0.09174080689353349,0.0247539360525965,0.07470825010301596,0.024494365405364257,0.024963459228605062
1,0.07381701388502429,0.0625085692721608,0.03293528762655967,0.11756164685819914,0.02475441157568662,0.07466068699323605,0.02485198279227318,0.024912211642464804
2,0.059869639550941156,0.06362996590707133,0.08835356226775679,0.05791873602222955,0.02466630938708745,0.0744772928938282,0.12435604999222705,0.024912211642464804
2,0.08024285739885054,0.05675430392746662,0.0814300376482309,0.09600691509157029,0.0246603979662722,0.07457565177276597,0.12433145652269549,0.024941528076205158
2,0.07795335917338542,0.034425356631371425,0.06775687106364998,0.07026730383173485,0.02466013264962228,0.07457434441233754,0.12450938974697676,0.024963459228605062
3,0.039268288361667986,0.055662049402257524,0.06954445309640767,0.09174080689353349,0.02458539356146852,0.07447655670723323,0.12407440015511101,0.17383231438400398
3,0.06365407662941958,0.02505638072415553,0.044096454406552216,0.03549821441693101,0.024603864518568826,0.07432875909393352,0.12409593335187329,0.17407781544626189
3,0.08402408494596053,0.04307771321703268,0.0738678894277073,0.05875751171328354,0.024587881636498485,0.07445868585378382,0.1243173609235745,0.1742808043557043
1,0.07724438406047354,0.015893380257083277,0.06819919805260441,0.0577370210673197,0.024753538605581597,0.07470445131635076,0.024926667502911573,0.024963459228605062
1,0.07795335917338542,0.034425356631371425,0.06775687106364998,0.07026730383173485,0.024753955594304607,0.07470018677738106,0.024494365405364257,0.02484022196712891
2,0.08402408494596053,0.04307771321703268,0.0738678894277073,0.05875751171328354,0.024662315504422962,0.07458743848651424,0.12456499628879968,0.02484022196712891
2,0.07402983378278821,0.05314379754117066,0.06117503959082208,0.09078930219886498,0.02465960676662136,0.07456196960237495,0.12454524632531258,0.024963459228605062
3,0.06500253994364572,0.0596033526152213,0.07126979092180638,0.11101676606177537,0.02458604847230333,0.07448382598432536,0.12445268649831671,0.17440792857078144
3,0.10544287799264014,0.08208663394038929,0.06636377803570646,0.10838254896401996,0.024588809864304232,0.07448162025693156,0.12445323659286583,0.17439008839178605
1,0.06276459531989126,0.03947237494987577,0.12597028960813852,0.09920168443539823,0.024753721595837986,0.07471807812435988,0.024963459228605062,0.024941528076205158
1,0.06562479295948727,0.06479201365436965,0.045427241546493045,0.04174005820444871,0.024754261888607115,0.07469697619571171,0.024963056192266252,0.024963459228605062
1,0.07179476774562939,0.048665165375052756,0.06274008650828235,0.0786067646220876,0.024753973686092782,0.07469999663772274,0.0245581328853832,0.024805323579240767
2,0.0800578308627423,0.05955460448274687,0.10157681306246233,0.07660583993884844,0.02466419450265842,0.07455174609741036,0.12450765501196209,0.024805323579240767
2,0.10738347058184256,0.04426506469752227,0.07649834526287275,0.057477527509209606,0.024660354639756892,0.07455411359917885,0.12451017101230961,0.024963459228605062
2,0.08024285739885054,0.05675430392746662,0.0814300376482309,0.09600691509157029,0.02465962835377495,0.07456286657165927,0.12429553048641886,0.024941528076205158
3,0.039268288361667986,0.055662049402257524,0.06954445309640767,0.09174080689353349,0.02458511178803374,0.07444925692456458,0.12401232546448357,0.17376223771681112
3,0.06562479295948727,0.06479201365436965,0.045427241546493045,0.04174005820444871,0.024604953621835856,0.07443422149124189,0.12434474876098559,0.1742392944436783
3,0.1122520136124803,0.08393463136271892,0.07733965921583202,0.1158261564848255,0.024588379897778137,0.07443038399009924,0.12434682837019002,0.1742627245133498
1,0.06591948757324001,0.052033050766651795,0.05067086904986178,0.04392731406296751,0.024753824249747907,0.07465648131100328,0.02486805497125457,0.024920171564478826
1,0.10738347058184256,0.04426506469752227,0.07649834526287275,0.057477527509209606,0.024753639620432148,0.07470299984006792,0.024963459228605062,0.024871898159154457
1,0.07795335917338542,0.034425356631371425,0.06775687106364998,0.07026730383173485,0.024753586573669953,0.07470397055585642,0.024494365405364257,0.02484022196712891
2,0.04397519224737669,0.07695558393690471,0.07500593414152652,0.08734015338486255,0.024660090627758365,0.07447466142275713,0.12437815294335629,0.024920171564478826
2,0.1122520136124803,0.08393463136271892,0.07733965921583202,0.1158261564848255,0.024660806605779673,0.07459210207003898,0.12453008220122318,0.024871898159154457
2,0.08402408494596053,0.04307771321703268,0.0738678894277073,0.05875751171328354,0.024659773754704357,0.0745591577608294,0.12454810795160004,0.02484022196712891
3,0.06591948757324001,0.052033050766651795,0.05067086904986178,0.04392731406296751,0.024594552361662,0.07449241438924595,0.12436437853549459,0.17421208524595103
3,0.10544287799264014,0.08208663394038929,0.06636377803570646,0.10838254896401996,0.0245851390748154,0.07443765431945867,0.12442245114039725,0.17433733136476973
3,0.09105972001026652,0.05124336319642964,0.09610002151488398,0.09648773626545848,0.024588057033501223,0.0743243484098683,0.12413895620346894,0.17410032196365308
1,0.07056554082237135,0.023839598510462877,0.050128898518773696,0.09109495362008953,0.02475352225712093,0.07470461555632413,0.024963459228605062,0.024805323579240767
2,0.03539360100950639,0.04501333943095638,0.09258321348409815,0.04252456055704139,0.02466010997163578,0.07456241921312791,0.1243446867642084,0.024805323579240767
3,0.07179476774562939,0.048665165375052756,0.06274008650828235,0.0786067646220876,0.02458431052588552,0.07444195282708334,0.1241103826595398,0.1738060049471699
1,0.09230751275952156,0.07626292169620162,0.05420713047075512,0.077475614756548,0.024754139818087204,0.0746982647476827,0.02492657988871869,0.024963459228605062
1,0.0953251080759406,0.0681468948507592,0.1106639021795345,0.06777852054677623,0.024753807286027735,0.07468940885550379,0.024953789718121355,0.024924945624168974
2,0.11122153111578097,0.047875605848222355,0.0771758286921157,0.07092305020243385,0.02465916643515039,0.07455999045366826,0.124410459476555,0.024963459228605062
2,0.11190818739694237,0.04015756095033701,0.08171730367829441,0.07753403704466666,0.024659177023427657,0.0745377074717238,0.12447507156304811,0.024924945624168974
3,0.07008853383097567,0.03878988326917502,0.05429543792381963,0.1149339315278424,0.02458372659029708,0.07444070234540141,0.12416432857938692,0.17401287054248987
3,0.10480678024534233,0.06947701514321097,0.050303387771742536,0.11913448566943072,0.02458466769530485,0.07440522326800225,0.12428896264329414,0.17416984764526475
1,0.08055626650150019,0.05208381837121686,0.0714040190759039,0.058968757913760314,0.024754076946130854,0.07468753497373927,0.024902793808495353,0.024719317970796205
1,0.032383517928492,0.03792738015084537,0.059119538378212176,0.12031410026836202,0.024753713951187382,0.07470267448127496,0.02484048533256492,0.024963459228605062
2,0.109984553165857,0.05420272901983119,0.06822923278411185,0.06623742084696986,0.024660405624189308,0.07453918256123995,0.12446320696523634,0.024719317970796205
2,0.10779635268486266,0.05491662601826083,0.0684689428987711,0.06592311615445667,0.02466022491331741,0.07456061706112324,0.12453414819725583,0.024963459228605062
3,0.0594972395733135,0.03426524842992639,0.07094498137664798,0.06313629057026512,0.02458612806705817,0.07444346721539088,0.12439330213891991,0.1743305805117116
3,0.032383517928492,0.03792738015084537,0.059119538378212176,0.12031410026836202,0.024588189400782744,0.07441657711147727,0.12426056676300952,0.17423396772899666
1,0.10779635268486266,0.05491662601826083,0.0684689428987711,0.06592311615445667,0.024753978732632836,0.07469997899265386,0.024963459228605062,0.02495665693854438
1,0.04397519224737669,0.07695558393690471,0.07500593414152652,0.08734015338486255,0.02475413532763904,0.07469831536928478,0.024920171564478826,0.024759854332173172
1,0.08252595895108633,0.039453706471477765,0.06703578626113868,0.07821034486149979,0.024753674157042764,0.07470308474208344,0.024963459228605062,0.024963459228605062
2,0.09105972001026652,0.05124336319642964,0.09610002151488398,0.09648773626545848,0.024660185016730448,0.07455756693094413,0.12453832095898164,0.024759854332173172
2,0.0594972395733135,0.03426524842992639,0.07094498137664798,0.06313629057026512,0.024660900524555534,0.07455348909554532,0.12449481745894193,0.02495665693854438
2,0.06276459531989126,0.03947237494987577,0.12597028960813852,0.09920168443539823,0.024659634699333216,0.07456064895293993,0.12453503260300884,0.024963459228605062
3,0.08024285739885054,0.05675430392746662,0.0814300376482309,0.09600691509157029,0.024584730308462255,0.07444148050762485,0.12439200772353408,0.17414202522782615
3,0.09903924577952197,0.033437774791323385,0.06498815086572873,0.11418233699829891,0.02458628248776807,0.07443219061424035,0.12431489743663438,0.17423035492615987
3,0.1262943224358663,0.02157282067949828,0.055258332417911074,0.05949588924793295,0.024585152650003172,0.07443778844238268,0.12440032842826136,0.17437644815510978
1,0.13193424069410387,0.03328497647691975,0.04106482127319472,0.04963844107665472,0.02475365123631003,0.07470331805941767,0.024768029765423843,0.024950184601204427
2,0.0658636575784278,0.04706714553339099,0.04743704012425175,0.08004450424891667,0.02466166506289297,0.07455928463723124,0.12450895906840855,0.024950184601204427
3,0.07404770090148466,0.0682804082660311,0.061377828173246274,0.10288117277877334,0.024592214217539054,0.0744383021948722,0.12434218464485507,0.1743191341772444
1,0.10544287799264014,0.08208663394038929,0.06636377803570646,0.10838254896401996,0.024755091197349973,0.07466130159869132,0.024963459228605062,0.024963459228605062
1,0.06297047697829329,0.05747047711317833,0.05402505907290793,0.0898453571676859,0.024754085614819468,0.07462275526339684,0.02492373093837102,0.024963459228605062
1,0.03521514112888722,0.09422232410669987,0.0342501916976909,0.12785831210522275,0.02475433744437231,0.07469619521973869,0.024694391467054013,0.02492373093837102
2,0.0901979554468216,0.04951791432450472,0.09316293659222703,0.062453975499004236,0.0246605045386497,0.07455397187739246,0.1245395726928798,0.02492373093837102
2,0.03521514112888722,0.09422232410669987,0.0342501916976909,0.12785831210522275,0.024660613098735726,0.07441982450590469,0.12429127091204022,0.024963459228605062
2,0.07056554082237135,0.023839598510462877,0.050128898518773696,0.09109495362008953,0.02466450008167008,0.07448824905591934,0.12441470617247849,0.024963459228605062
3,0.0901979554468216,0.04951791432450472,0.09316293659222703,0.062453975499004236,0.02458824529119912,0.07426178495427484,0.12401135812116486,0.17397881191089598
3,0.03539360100950639,0.04501333943095638,0.09258321348409815,0.04252456055704139,0.02459077340412414,0.0743513033120793,0.1242092789663841,0.174072001875957
3,0.05752140878567084,0.05623942893357673,0.05047450392727,0.08982474824513195,0.024585158158037853,0.07443697802385271,0.12439787365823306,0.17438174886248212
1,0.10779635268486266,0.05491662601826083,0.0684689428987711,0.06592311615445667,0.024753719174697784,0.07470262073978866,0.024963459228605062,0.02495665693854438
1,0.05752140878567084,0.05623942893357673,0.05047450392727,0.08982474824513195,0.024754180554441896,0.07471495328106649,0.024963459228605062,0.024950881373367397
1,0.07179476774562939,0.048665165375052756,0.06274008650828235,0.0786067646220876,0.0247538277415079,0.07470151319627655,0.024963459228605062,0.0245581328853832
2,0.0800578308627423,0.05955460448274687,0.10157681306246233,0.07660583993884844,0.024662372204732018,0.07455679524511388,0.12451957843331263,0.0245581328853832
2,0.07086193488803331,0.07510860961227964,0.07490996017039771,0.07958792066769307,0.024663431397930553,0.07454909975972826,0.12452738912873693,0.024950881373367397
2,0.0594972395733135,0.03426524842992639,0.07094498137664798,0.06313629057026512,0.02465935680591933,0.07455943012577111,0.12447154086678554,0.02495665693854438
3,0.0767837680860207,0.05256109176044247,0.06543111623531501,0.10962618986499435,0.024605694868338322,0.07442545147871417,0.12437172859649487,0.17420387186982966
3,0.06562479295948727,0.06479201365436965,0.045427241546493045,0.04174005820444871,0.02459961980707439,0.07443897355507349,0.1243599967843105,0.17425484463654986
3,0.09903924577952197,0.033437774791323385,0.06498815086572873,0.11418233699829891,0.024584142998005935,0.07444091653958478,0.12426665845406959,0.17416821824396775
1,0.07297030734302308,0.08537531575442794,0.07813060900205643,0.1423058179215325,0.024755211680485188,0.07468669489845754,0.024842605555349048,0.024896103035728378
2,0.047912717093358315,0.04933996392258304,0.0540169061376299,0.10014833204240878,0.024661606130837177,0.0745461964098955,0.12455432641203079,0.024896103035728378
3,0.058494780676786054,0.04070336623631035,0.05470930004079004,0.041239149739380795,0.02458659738941656,0.07443120696010223,0.1244273057809497,0.17440049053681958
1,0.06591948757324001,0.052033050766651795,0.05067086904986178,0.04392731406296751,0.02475352801358047,0.07465978540377051,0.024920171564478826,0.024871898159154457
1,0.07404770090148466,0.0682804082660311,0.061377828173246274,0.10288117277877334,0.02475432583689249,0.07469630314575475,0.02492373093837102,0.024950184601204427
1,0.058494780676786054,0.04070336623631035,0.05470930004079004,0.041239149739380795,0.024754033460491875,0.07469937842390188,0.024963459228605062,0.024963459228605062
1,0.09731547092155605,0.04923786502105064,0.05423180619276828,0.10342888408003993,0.024753956042206694,0.07470018195229283,0.024963459228605062,0.02493307320394271
2,0.06297047697829329,0.05747047711317833,0.05402505907290793,0.0898453571676859,0.024667150238233775,0.07454843043867534,0.12436002205548176,0.024950184601204427
2,0.05656361598226939,0.0467022237445872,0.07506395905988567,0.06166149146918912,0.024663023656889334,0.07455299934383837,0.12448708559516787,0.02493307320394271
2,0.04397519224737669,0.07695558393690471,0.07500593414152652,0.08734015338486255,0.02465903936913867,0.07447938370432024,0.12438158432569948,0.024871898159154457
2,0.09731547092155605,0.04923786502105064,0.05423180619276828,0.10342888408003993,0.024660377030694777,0.07455433276889378,0.12453052725497647,0.024963459228605062
3,0.05656361598226939,0.0467022237445872,0.07506395905988567,0.06166149146918912,0.024586023739662583,0.07443211820854835,0.12437946582175588,0.17433814267274023
3,0.09105972001026652,0.05124336319642964,0.09610002151488398,0.09648773626545848,0.024584404608307818,0.07433190715368553,0.12414291443984188,0.17411350358658975
3,0.08391366675953887,0.07154011487805936,0.044651678205523446,0.06633286901418331,0.024598664521617103,0.07443224794571393,0.12433482314389209,0.1742480772135205
3,0.03521514112888722,0.09422232410669987,0.0342501916976909,0.12785831210522275,0.02460160457517022,0.07443036360216652,0.1240992053117007,0.17399445021003437
1,0.0784738826869111,0.0595366203483273,0.06485478388423244,0.049495568180373706,0.0247543356843874,0.07467942692800489,0.024879099198140308,0.024945517657441036
2,0.09009400249886437,0.054593809754761385,0.034378369253082026,0.11650805101204835,0.02466049676900925,0.07452242485270598,0.12441117940524442,0.024945517657441036
3,0.09060769729384284,0.043265246767603446,0.07469875694834596,0.033779286975168986,0.024586773554884624,0.07438606504409016,0.12417155208573064,0.1740587619133359
1,0.10480678024534233,0.06947701514321097,0.050303387771742536,0.11913448566943072,0.024754191171407758,0.07463360990249272,0.02483795919815062,0.024902793808495353
1,0.09009400249886437,0.054593809754761385,0.034378369253082026,0.11650805101204835,0.024754241290513405,0.0746297519153801,0.02482755725862334,0.024879099198140308
2,0.08055626650150019,0.05208381837121686,0.0714040190759039,0.058968757913760314,0.02466495285410805,0.07443102032042397,0.12428120355607766,0.024902793808495353
2,0.09060769729384284,0.043265246767603446,0.07469875694834596,0.033779286975168986,0.024660911930111558,0.07443259115056267,0.12431492328953868,0.024879099198140308
3,0.08284578353289102,0.044299361094262434,0.06131953578689664,0.035758603176718196,0.024586264229514397,0.07427530735406643,0.12405052919385684,0.17404157152503344
3,0.109984553165857,0.05420272901983119,0.06822923278411185,0.06623742084696986,0.024595090160918737,0.07427645137385608,0.12406782991001558,0.1740313827077916
1,0.1488123463800399,0.06925366885172876,0.0541541106750683,0.08564348909501411,0.024754262897463603,0.07469496779721464,0.024944618537623937,0.024933416519457404
1,0.07086193488803331,0.07510860961227964,0.07490996017039771,0.07958792066769307,0.02475490904769398,0.0746900534491576,0.024694391467054013,0.024963459228605062
2,0.0767837680860207,0.05256109176044247,0.06543111623531501,0.10962618986499435,0.02466200442888346,0.07454512458943874,0.12449635475412776,0.024963459228605062
2,0.10583169117046605,0.05523167529726106,0.07916923499881612,0.10187691786802908,0.024659851342497558,0.07455183293619873,0.12450700004179119,0.024933416519457404
3,0.08098236604606555,0.019438629881370136,0.03755969290387002,0.05765790038669634,0.0245852437547958,0.07442831976311777,0.12433329779187928,0.17427420154594897
3,0.13551383703368433,0.03734816076834879,0.05730487883981611,0.13705004489982994,0.024587859280730217,0.07442786148825846,0.12432255663731795,0.17423911055125185
1,0.0594972395733135,0.03426524842992639,0.07094498137664798,0.06313629057026512,0.024753694876937064,0.0746615074507596,0.024963459228605062,0.024963459228605062
1,0.07297030734302308,0.08537531575442794,0.07813060900205643,0.1423058179215325,0.024753773943272547,0.0747020588450979,0.024842605555349048,0.024896103035728378
1,0.1488123463800399,0.06925366885172876,0.0541541106750683,0.08564348909501411,0.02475441361453418,0.074693412932812,0.024933416519457404,0.024957902385276915
2,0.10583169117046605,0.05523167529726106,0.07916923499881612,0.10187691786802908,0.02466034542938809,0.0745490650121039,0.12450566192631558,0.024957902385276915
2,0.09903924577952197,0.033437774791323385,0.06498815086572873,0.11418233699829891,0.024660853028587414,0.0744821521097661,0.12440270910884164,0.024963459228605062
2,0.047912717093358315,0.04933996392258304,0.0540169061376299,0.10014833204240878,0.024659243260774292,0.07456154231461683,0.12455528863594259,0.024896103035728378
3,0.058494780676786054,0.04070336623631035,0.05470930004079004,0.041239149739380795,0.02458404221570507,0.07444211031874841,0.12442873445688787,0.17440554372389086
3,0.08098236604606555,0.019438629881370136,0.03755969290387002,0.05765790038669634,0.024586169105140884,0.07442409945903934,0.12433240308300665,0.174273044795191
3,0.13193424069410387,0.03328497647691975,0.04106482127319472,0.04963844107665472,0.024591245141358724,0.07433997313219762,0.12418332848132738,0.1741329010128374
1,0.0658636575784278,0.04706714553339099,0.04743704012425175,0.08004450424891667,0.024754179406074793,0.07469784397948344,0.024950184601204427,0.024947814534298233
1,0.09731547092155605,0.04923786502105064,0.05423180619276828,0.10342888408003993,0.024753893105045558,0.07470083314905054,0.024963459228605062,0.02493307320394271
2,0.05656361598226939,0.0467022237445872,0.07506395905988567,0.06166149146918912,0.024659344809473592,0.07455890704532808,0.12451686211072126,0.02493307320394271
2,0.07404770090148466,0.0682804082660311,0.061377828173246274,0.10288117277877334,0.024660908685909273,0.07455314119090874,0.12452671901877094,0.024947814534298233
3,0.08391366675953887,0.07154011487805936,0.044651678205523446,0.06633286901418331,0.024585195669169016,0.07443602029074331,0.12435406586511268,0.1742995473658651
3,0.06297047697829329,0.05747047711317833,0.05402505907290793,0.0898453571676859,0.024587501452389957,0.07442985033569365,0.12439037402228197,0.1742166688470082
1,0.03521514112888722,0.09422232410669987,0.0342501916976909,0.12785831210522275,0.024754119583512722,0.07469847798239725,0.024963459228605062,0.024694391467054013
1,0.07576414124976825,0.04926118132130644,0.10161229748194901,0.09454618843791526,0.02475362904936507,0.07470353742041276,0.024886779046160563,0.024813947037337303
1,0.0784738826869111,0.0595366203483273,0.06485478388423244,0.049495568180373706,0.024756331400138894,0.0746568208562553,0.024879099198140308,0.024945517657441036
2,0.0901979554468216,0.04951791432450472,0.09316293659222703,0.062453975499004236,0.024660423859070805,0.07455541398157875,0.1245384610437891,0.024694391467054013
2,0.054496447594395495,0.031382562752759635,0.07652257698455789,0.10109153734595996,0.024659316776910745,0.0745903308038242,0.12458457054141342,0.024813947037337303
2,0.09009400249886437,0.054593809754761385,0.034378369253082026,0.11650805101204835,0.024683348039039398,0.07446399457411626,0.1242154547607461,0.024945517657441036
3,0.05752140878567084,0.05623942893357673,0.05047450392727,0.08982474824513195,0.024589610224115887,0.07444400894854687,0.12439246889748011,0.17431977219116512
3,0.1034645534176111,0.054608740905770656,0.0438547121639122,0.09165009328983537,0.02458532630780581,0.07448039902975744,0.12446550960065429,0.17442964768366928
3,0.09060769729384284,0.043265246767603446,0.07469875694834596,0.033779286975168986,0.024643526361704454,0.0743288541673973,0.12385888167471316,0.1737308669419695
1,0.07576414124976825,0.04926118132130644,0.10161229748194901,0.09454618843791526,0.024753617332378405,0.07470366054441724,0.024886779046160563,0.024813947037337303
1,0.08284578353289102,0.044299361094262434,0.06131953578689664,0.035758603176718196,0.024753525231683636,0.07470458546984271,0.024712749061076282,0.024963459228605062
2,0.054496447594395495,0.031382562752759635,0.07652257698455789,0.10109153734595996,0.024660022181759837,0.07456035800197663,0.12454894357805789,0.024813947037337303
2,0.09266194512110881,0.043560002214638696,0.06495196498185404,0.05928874355324312,0.024658929937674684,0.07456308715988823,0.1245396015076052,0.024963459228605062
3,0.07612824512046026,0.03949513573043184,0.04483490147916974,0.090924949240039,0.024585226224426618,0.07444552156212428,0.12439319371354485,0.1743549617291545
3,0.1034645534176111,0.054608740905770656,0.0438547121639122,0.09165009328983537,0.02458553290720073,0.07444066260715985,0.12442361481856216,0.17439014890667326
1,0.1488123463800399,0.06925366885172876,0.0541541106750683,0.08564348909501411,0.024754127197315047,0.07469638316260245,0.024944618537623937,0.024933416519457404
1,0.057190180810490834,0.024634776625757523,0.0849921978605769,0.0821333211769182,0.02475362088582841,0.07466260241207531,0.024963459228605062,0.02492982167999201
2,0.10583169117046605,0.05523167529726106,0.07916923499881612,0.10187691786802908,0.024660345853878857,0.07454955524336379,0.1245055652731543,0.024933416519457404
2,0.08496462598849579,0.09437384465976151,0.054659617400180716,0.07414794636733961,0.02466018415296424,0.07448761763194746,0.12437065526170447,0.02492982167999201
3,0.08098236604606555,0.019438629881370136,0.03755969290387002,0.05765790038669634,0.024585889999234,0.07442624288481164,0.12433241258164839,0.17428780021134177
3,0.1324340376337577,0.05394357929838342,0.052265302086943785,0.06390482454510037,0.024588798775459567,0.0743628739487779,0.12415404647772617,0.17397645236993753
1,0.09731547092155605,0.04923786502105064,0.05423180619276828,0.10342888408003993,0.02475399100158576,0.07469983542510897,0.024963459228605062,0.02493307320394271
1,0.045500191016724596,0.05584241660154945,0.07253241588174895,0.11991913413259284,0.024753535124685658,0.0747044868089487,0.024963459228605062,0.024963459228605062
2,0.10213573083825354,0.055540347355277214,0.08054185743692757,0.06616829017331421,0.02466010151777071,0.07456213309308256,0.12446927395234683,0.024963459228605062
2,0.05656361598226939,0.0467022237445872,0.07506395905988567,0.06166149146918912,0.024663224986258024,0.07455202680156169,0.12448671281714599,0.02493307320394271
3,0.11181166970104713,0.05213164790105543,0.052790217476016185,0.07109769960373225,0.02459007862861334,0.07444507919679985,0.12425983392842896,0.17414871768632684
3,0.08391366675953887,0.07154011487805936,0.044651678205523446,0.06633286901418331,0.024593062282407756,0.07443188960213726,0.12431523882006754,0.17426501887245457
1,0.06637798061203533,0.05218633013004956,0.030306878125554902,0.053244279284403506,0.02475400582626974,0.07471412250719549,0.02487471667580135,0.024813947037337303
1,0.0784738826869111,0.0595366203483273,0.06485478388423244,0.049495568180373706,0.02475412605934987,0.07468175802194799,0.024879099198140308,0.024945517657441036
1,0.04012485387983275,0.03105857607126822,0.08797136479192795,0.11530705487136478,0.024753623832430377,0.07470359181718557,0.024793818967070363,0.024963274825265565
2,0.12939322206593906,0.05063470882463474,0.08939416662573264,0.1326237609357099,0.02466213631540812,0.07457947707415903,0.12447387661788678,0.024963274825265565
2,0.10308167677729774,0.07478170468723101,0.06936278036920006,0.09365429632333454,0.02465966954808505,0.07458974192392355,0.1245414081439359,0.024813947037337303
2,0.09009400249886437,0.054593809754761385,0.034378369253082026,0.11650805101204835,0.02466110449518407,0.07452000633990033,0.12440858533183935,0.024945517657441036
3,0.09060769729384284,0.043265246767603446,0.07469875694834596,0.033779286975168986,0.024585147399609344,0.07439275337030675,0.12417570665745482,0.1740501382249333
3,0.15279092383693627,0.020486075775575624,0.07883368057267398,0.06023209390906929,0.024589970202385784,0.07443762935372505,0.12427676632919253,0.1741422083022211
3,0.07576414124976825,0.04926118132130644,0.10161229748194901,0.09454618843791526,0.02458958147232086,0.07448753261979821,0.12437873672041559,0.17429810931663497
1,0.04012485387983275,0.03105857607126822,0.08797136479192795,0.11530705487136478,0.024753555609031405,0.07470428160521889,0.024793818967070363,0.024963274825265565
2,0.12939322206593906,0.05063470882463474,0.08939416662573264,0.1326237609357099,0.02465901209450823,0.07456190395325801,0.12448950100158357,0.024963274825265565
3,0.15279092383693627,0.020486075775575624,0.07883368057267398,0.06023209390906929,0.02458348153289099,0.07444148429019927,0.1243191505674844,0.17422997829537137
1,0.1488123463800399,0.06925366885172876,0.0541541106750683,0.08564348909501411,0.024754493332036092,0.07469257026003984,0.024944618537623937,0.024933416519457404
1,0.09717955838556462,0.043422590815405886,0.062252153677970316,0.1193185981391847,0.024753619629939168,0.07461195950154893,0.024810994940732863,0.024963459228605062
2,0.07016340861041363,0.04839244994660455,0.1169239896670167,0.0964220273510771,0.02465894734657621,0.07440020058321942,0.12425769588853948,0.024963459228605062
2,0.10583169117046605,0.05523167529726106,0.07916923499881612,0.10187691786802908,0.024660134502861576,0.07455015894177687,0.1245062631559738,0.024933416519457404
3,0.08098236604606555,0.019438629881370136,0.03755969290387002,0.05765790038669634,0.024586257167521216,0.0744260169093753,0.12433054041783104,0.17426863101187914
3,0.06845040406592125,0.032270124420831464,0.07312709414261445,0.11220228383077217,0.02458384123929246,0.07423905415067113,0.1239715243806095,0.17393610082602198
1,0.08076167979601863,0.07364212215162497,0.09525346969195893,0.04906105744660856,0.024754083277309116,0.07465650234706199,0.024952532504585737,0.024963459228605062
2,0.06128659188537028,0.06296578776223012,0.06546158637669461,0.12187401581439386,0.02465989525381643,0.0744773984267533,0.12439276071374984,0.024963459228605062
3,0.06399890073741597,0.04843319357863252,0.029798111267419457,0.056929081003662174,0.024584204636464446,0.07433285444337372,0.12419555047766662,0.1741506066797882
1,0.10213573083825354,0.055540347355277214,0.08054185743692757,0.06616829017331421,0.024754229073930073,0.07466660213774551,0.024963459228605062,0.024958267759673157
2,0.11181166970104713,0.05213164790105543,0.052790217476016185,0.07109769960373225,0.024660189582697865,0.07449716362985243,0.12442313281429426,0.024958267759673157
3,0.04012485387983275,0.03105857607126822,0.08797136479192795,0.11530705487136478,0.024584969376996363,0.07435860253050447,0.12420156042163608,0.1741743410083469
1,0.054850554469450204,0.061119943972632554,0.07277461688482643,0.11795958019206729,0.024753894823717964,0.07470082278825342,0.024916059422278546,0.02494830268044943
1,0.07576414124976825,0.04926118132130644,0.10161229748194901,0.09454618843791526,0.02475350197208893,0.0747048181279214,0.024886779046160563,0.024813947037337303
1,0.12939322206593906,0.05063470882463474,0.08939416662573264,0.1326237609357099,0.02475415375187432,0.07467471418620203,0.024963274825265565,0.024933574496174258
2,0.15279092383693627,0.020486075775575624,0.07883368057267398,0.06023209390906929,0.024660472685036797,0.07452425221327065,0.12439657145274625,0.024933574496174258
2,0.08033742632131129,0.03710109517159334,0.06007555239833331,0.09138685943525769,0.024659604056825275,0.0745586247898373,0.12445488168898085,0.02494830268044943
2,0.054496447594395495,0.031382562752759635,0.07652257698455789,0.10109153734595996,0.02465892069832744,0.07456290404839185,0.12455603616800535,0.024813947037337303
3,0.1034645534176111,0.054608740905770656,0.0438547121639122,0.09165009328983537,0.024583960152073606,0.07444389360477367,0.12442939360138089,0.17439194075537243
3,0.034492816738491854,0.04947423879555414,0.09103343211421362,0.09083389081941122,0.024584450938879752,0.0744402467407436,0.12423612099296259,0.17412827435573375
3,0.09717955838556462,0.043422590815405886,0.062252153677970316,0.1193185981391847,0.02458904036762694,0.0744024884851676,0.12416580029178098,0.17404007097642743
1,0.06072846658039404,0.03306061314711137,0.13487223661407627,0.047562471710669914,0.024753820863407144,0.07470159157378538,0.02473609422363316,0.02494923761811579
1,0.07016340861041363,0.04839244994660455,0.1169239896670167,0.0964220273510771,0.0247543085477879,0.0747097408087325,0.024963459228605062,0.02466187493973328
1,0.06072846658039404,0.03306061314711137,0.13487223661407627,0.047562471710669914,0.024753701439023338,0.074702803219427,0.02473609422363316,0.02494923761811579
2,0.06845040406592125,0.032270124420831464,0.07312709414261445,0.11220228383077217,0.024662045256913793,0.07458243744109383,0.12456583555422672,0.02466187493973328
2,0.06012901249241387,0.044908192002696336,0.045480792224457625,0.06732429656250309,0.02465882627847175,0.07456226577189604,0.1245484138685933,0.02494923761811579
2,0.06012901249241387,0.044908192002696336,0.045480792224457625,0.06732429656250309,0.02465991761522572,0.07455927993941709,0.12454163537863575,0.02494923761811579
3,0.09515197891769121,0.05150178825471311,0.06636377685596251,0.07915580192457689,0.024586846794601065,0.07444170021494918,0.12439875310605074,0.17428963904862954
3,0.09515197891769121,0.05150178825471311,0.06636377685596251,0.07915580192457689,0.024586902681368657,0.07444956133531576,0.1244093879233605,0.17424378616765535
3,0.08076167979601863,0.07364212215162497,0.09525346969195893,0.04906105744660856,0.02458732225824125,0.07443090786370105,0.12440248197101535,0.174324314901477
1,0.07735211710809119,0.0261840038153595,0.08483808479674951,0.09515576710483217,0.024753617564802755,0.07471965421427991,0.024963459228605062,0.024743709234673426
1,0.07151584367577475,0.04546114256956541,0.0811345415524279,0.07256386461280608,0.024753890911499776,0.07470085435364497,0.024963459228605062,0.024911030607696363
2,0.09212230456828491,0.06476527804167367,0.11510959769394277,0.05669852831563035,0.024661660729102843,0.07456042345803084,0.12441876111485198,0.024743709234673426
2,0.13441089760308422,0.03281974159814905,0.11090781453643768,0.11336596868011313,0.024660281176933405,0.07455606814297452,0.12453903534590754,0.024911030607696363
3,0.10030338919824666,0.055013803593708915,0.02978247325904397,0.055730083934423635,0.024604004623337318,0.07447524158952994,0.12418337680791189,0.1738415723898621
3,0.057190180810490834,0.024634776625757523,0.0849921978605769,0.0821333211769182,0.024585771640028332,0.07443702261066489,0.12438934620057271,0.17427046605039287
1,0.03855655302978476,0.08829499561869025,0.0834742275603185,0.07378303699581952,0.024753639421054675,0.07470066740562738,0.02471730151595543,0.024807603383314968
2,0.10883752265448154,0.06183288382621218,0.05063307061927917,0.05317549214573622,0.02465891823012631,0.07455839790628267,0.12450108317629441,0.024807603383314968
3,0.06922526060028154,0.08814585300443523,0.062346309665168624,0.09615994970710998,0.02458867241687897,0.07444766938709892,0.12431381404050164,0.174172067467899
1,0.03855655302978476,0.08829499561869025,0.0834742275603185,0.07378303699581952,0.024754018314932544,0.07469675891242858,0.024807603383314968,0.024743709234673426
1,0.10213573083825354,0.055540347355277214,0.08054185743692757,0.06616829017331421,0.024753733755760458,0.07467211567823907,0.024963459228605062,0.024958267759673157
2,0.11181166970104713,0.05213164790105543,0.052790217476016185,0.07109769960373225,0.024659312392702797,0.07450582445574787,0.12441687793132422,0.024958267759673157
2,0.10883752265448154,0.06183288382621218,0.05063307061927917,0.05317549214573622,0.024661917897189804,0.07455065998538835,0.12448067381011817,0.024743709234673426
3,0.04012485387983275,0.03105857607126822,0.08797136479192795,0.11530705487136478,0.02458404373826741,0.07436605512698095,0.12419762925598005,0.17417746974517226
3,0.06922526060028154,0.08814585300443523,0.062346309665168624,0.09615994970710998,0.024590077979390067,0.07442495819711734,0.12431047993325454,0.174249837148788
1,0.09943339394321345,0.08685693635914547,0.043324098350706046,0.07781718142039959,0.024754354902213123,0.07461335367146149,0.024922701057452992,0.024590440758320564
1,0.034492816738491854,0.04947423879555414,0.09103343211421362,0.09083389081941122,0.02475390941424916,0.07471728588048164,0.024940876226017566,0.024963459228605062
2,0.06072846658039404,0.03306061314711137,0.13487223661407627,0.047562471710669914,0.02466021659994761,0.07455605766583501,0.1245442450584199,0.024963459228605062
2,0.04377420239623687,0.060395372840330176,0.07491187260608868,0.10605720711626117,0.024660160214847557,0.0744079093939283,0.12428598359621898,0.024590440758320564
3,0.11109066935113066,0.08110215415570321,0.08155883596825768,0.08222928305652857,0.02458538582108835,0.07425207308329228,0.12401192823768652,0.17395488143326496
3,0.06012901249241387,0.044908192002696336,0.045480792224457625,0.06732429656250309,0.024584164802279804,0.07446087746760874,0.12443245077335065,0.1744184041948319
1,0.09943339394321345,0.08685693635914547,0.043324098350706046,0.07781718142039959,0.02475586070767683,0.07464248340180096,0.024922701057452992,0.024590440758320564
1,0.05962436021718627,0.0389533343797726,0.08518154686697424,0.06537658348759179,0.0247540772881659,0.07469892856537268,0.024947146601402313,0.024963459228605062
1,0.15279092383693627,0.020486075775575624,0.07883368057267398,0.06023209390906929,0.02475366068236808,0.07470321821563206,0.024963274825265565,0.024933574496174258
2,0.04377420239623687,0.060395372840330176,0.07491187260608868,0.10605720711626117,0.024665863938560087,0.07442655240097112,0.12432287219958146,0.024590440758320564
2,0.09717955838556462,0.043422590815405886,0.062252153677970316,0.1193185981391847,0.024661177599928186,0.07455793599301644,0.12440341183165952,0.024933574496174258
2,0.12027338341947219,0.03928967833808247,0.06911769396237005,0.07858486818915753,0.02466109350007715,0.07455400135285602,0.12451285671490347,0.024963459228605062
3,0.07016340861041363,0.04839244994660455,0.1169239896670167,0.0964220273510771,0.02459213884003947,0.0744393121459094,0.12415508243893597,0.17396641270372498
3,0.08209141271048036,0.08545782648383846,0.04475911186526607,0.11779079499687876,0.024590699870100093,0.07442985088830938,0.12435110645602736,0.17428811777373163
3,0.11109066935113066,0.08110215415570321,0.08155883596825768,0.08222928305652857,0.024601081048526176,0.07429720754140685,0.12408154212596795,0.1740126681994799
1,0.07735211710809119,0.0261840038153595,0.08483808479674951,0.09515576710483217,0.024753575421744795,0.07470408189453516,0.024961649018067553,0.024963459228605062
2,0.09212230456828491,0.06476527804167367,0.11510959769394277,0.05669852831563035,0.02466375049105703,0.0745633055419219,0.1243798523917538,0.024963459228605062
3,0.10030338919824666,0.055013803593708915,0.02978247325904397,0.055730083934423635,0.02460730870630303,0.07445799645454253,0.12409494526326924,0.1738551493003389
1,0.03855655302978476,0.08829499561869025,0.0834742275603185,0.07378303699581952,0.024753792112675976,0.07469909286109516,0.02471730151595543,0.024807603383314968
2,0.10883752265448154,0.06183288382621218,0.05063307061927917,0.05317549214573622,0.024659391277711034,0.07455564516960865,0.12450089172055015,0.024807603383314968
3,0.06922526060028154,0.08814585300443523,0.062346309665168624,0.09615994970710998,0.024585290040568638,0.07444004747546287,0.12431822388444909,0.17424852692964038
1,0.07534437556802738,0.08350698973532018,0.07059867965076184,0.04571275601681797,0.02475532451761756,0.07468556766254533,0.024963459228605062,0.024963459228605062
1,0.09863138533632276,0.05705577903799175,0.05266897837028578,0.11430983178630054,0.024753963535405054,0.07470010055730941,0.024963459228605062,0.024963459228605062
2,0.04519438807857405,0.036529661449357244,0.06127072038455888,0.09994830254175918,0.02465963663180458,0.07455748369288027,0.12455398985414473,0.024963459228605062
2,0.08617169888925519,0.0510057226810631,0.04141514364594198,0.03281316877137077,0.024663986972107577,0.07453662232427566,0.12444766424644581,0.024963459228605062
3,0.033633883295615126,0.05958523579128279,0.08081413741225749,0.13773478777444909,0.02458381849806635,0.07444026761909377,0.12442497774734161,0.17436592714110205
3,0.03793184463946815,0.045999683829154835,0.08036747418115157,0.05052248892377943,0.02458906249411563,0.0744194860473623,0.12427872066003923,0.1741785257680051
1,0.07534437556802738,0.08350698973532018,0.07059867965076184,0.04571275601681797,0.02475476439325346,0.07469161725367524,0.024963459228605062,0.024845861555353958
2,0.08617169888925519,0.0510057226810631,0.04141514364594198,0.03281316877137077,0.024661719533402113,0.07454657644226491,0.12448123524424133,0.024845861555353958
3,0.03793184463946815,0.045999683829154835,0.08036747418115157,0.05052248892377943,0.02458629305794797,0.07442914848298153,0.12428748936739449,0.17418129185001216
1,0.034492816738491854,0.04947423879555414,0.09103343211421362,0.09083389081941122,0.024753759017786772,0.07471604346940013,0.024940876226017566,0.024916059422278546
1,0.045527808730375145,0.03216528279865602,0.07823472452404645,0.08478519499781965,0.024753641454925767,0.07471819527714658,0.024743397658614517,0.024958733287156015
1,0.05962436021718627,0.0389533343797726,0.08518154686697424,0.06537658348759179,0.024753570504304347,0.07470413047184166,0.024947146601402313,0.024963459228605062
2,0.07539690404388613,0.04733370436704057,0.06628452432751404,0.098586197737345,0.024659293625923187,0.07459152427810885,0.124575105953545,0.024958733287156015
2,0.06072846658039404,0.03306061314711137,0.13487223661407627,0.047562471710669914,0.02465929164873441,0.074559738902751,0.12454876723357335,0.024916059422278546
2,0.12027338341947219,0.03928967833808247,0.06911769396237005,0.07858486818915753,0.024658949813471515,0.07458491765404089,0.12454842752905726,0.024963459228605062
3,0.08209141271048036,0.08545782648383846,0.04475911186526607,0.11779079499687876,0.0245840094980628,0.0744424004337787,0.12438830724511556,0.17433933776281155
3,0.06012901249241387,0.044908192002696336,0.045480792224457625,0.06732429656250309,0.02458352343279296,0.07447749683236893,0.12444809936805015,0.17442929362530188
3,0.09746790781675578,0.018247163481058322,0.07908648511652303,0.12306295215163329,0.024584543136750826,0.07444273207135274,0.1244068102351705,0.17436511993856643
1,0.09515197891769121,0.05150178825471311,0.06636377685596251,0.07915580192457689,0.024753863796126215,0.07468252785571525,0.024961649018067553,0.024963459228605062
1,0.09863138533632276,0.05705577903799175,0.05266897837028578,0.11430983178630054,0.02475350554855882,0.07470478247969368,0.024894447117726204,0.024963459228605062
2,0.04519438807857405,0.036529661449357244,0.06127072038455888,0.09994830254175918,0.024658814146498988,0.07456291802697985,0.12454998954672328,0.024963459228605062
2,0.07735211710809119,0.0261840038153595,0.08483808479674951,0.09515576710483217,0.024660997874378903,0.0745181808392807,0.12439591973060174,0.024963459228605062
3,0.09212230456828491,0.06476527804167367,0.11510959769394277,0.05669852831563035,0.024592426157319776,0.07432851270287189,0.12407613041348485,0.17385942758418518
3,0.033633883295615126,0.05958523579128279,0.08081413741225749,0.13773478777444909,0.024585453840746927,0.0744447765979161,0.12441211968181526,0.1743377253569359
1,0.12314607916846856,0.05081164548992865,0.06337239536630404,0.06274851599492053,0.02475375977333015,0.07470220475027457,0.024963459228605062,0.024963459228605062
2,0.06633545171428797,0.05972945348491637,0.05159823825966321,0.07711647585579413,0.02466158544506349,0.07455679661491696,0.12453362583434519,0.024963459228605062
3,0.07096748303888352,0.08788943466328186,0.06544006463260787,0.056067080737543615,0.024596687464647587,0.07443840632535059,0.12438194051645304,0.1742557877785478
1,0.045527808730375145,0.03216528279865602,0.07823472452404645,0.08478519499781965,0.024753634316905603,0.07470348887141627,0.024743397658614517,0.024958733287156015
1,0.03855655302978476,0.08829499561869025,0.0834742275603185,0.07378303699581952,0.024753547901738282,0.07470159599845491,0.024886663513438257,0.02471730151595543
2,0.07539690404388613,0.04733370436704057,0.06628452432751404,0.098586197737345,0.024660667931631547,0.07455960750395867,0.12453140764525099,0.024958733287156015
2,0.10883752265448154,0.06183288382621218,0.05063307061927917,0.05317549214573622,0.024659891032055375,0.07455619678270534,0.12449514406517427,0.02471730151595543
3,0.06922526060028154,0.08814585300443523,0.062346309665168624,0.09615994970710998,0.02458448549582335,0.07443192936534022,0.12432622362288044,0.17427501162953152
3,0.09746790781675578,0.018247163481058322,0.07908648511652303,0.12306295215163329,0.0245885216444451,0.07446644226510042,0.1244189815366981,0.1743913385017935
1,0.13642832499385382,0.03542915782640787,0.053080117902774976,0.1017106922243134,0.02475360690250078,0.07471654333963929,0.024936577599525504,0.024801662605810824
2,0.07585509855415035,0.04608916253315713,0.06767040126854092,0.12516192977570384,0.02465913614058093,0.07458435647856675,0.1245784684235173,0.024801662605810824
3,0.08049559817756091,0.02888305732550124,0.05039806442647955,0.10638471343066416,0.024584288137932033,0.07448152664893143,0.12446450301556485,0.17427363519793598
1,0.04177084772618317,0.048096055135668,0.040697501324800406,0.05553058307636023,0.024753833749739062,0.07470144374328744,0.024963459228605062,0.02457512549572507
1,0.09943339394321345,0.08685693635914547,0.043324098350706046,0.07781718142039959,0.024753984994293404,0.07461804972990442,0.024922701057452992,0.024590440758320564
1,0.13642832499385382,0.03542915782640787,0.053080117902774976,0.1017106922243134,0.024753560412284166,0.07470423266542003,0.024936577599525504,0.024801662605810824
2,0.07585509855415035,0.04608916253315713,0.06767040126854092,0.12516192977570384,0.02465926128328848,0.07456139524331248,0.1245511617781977,0.024801662605810824
2,0.04377420239623687,0.060395372840330176,0.07491187260608868,0.10605720711626117,0.024659933885744847,0.07441036692823211,0.12428577527187289,0.024590440758320564
2,0.10674450314314927,0.02383842864555176,0.1143407071768528,0.0862590764973844,0.02465953405618918,0.07455856844637244,0.12445674083688538,0.02457512549572507
3,0.08049559817756091,0.02888305732550124,0.05039806442647955,0.10638471343066416,0.024585286736363097,0.07443983865045055,0.12441946784182649,0.17422042532851806
3,0.11109066935113066,0.08110215415570321,0.08155883596825768,0.08222928305652857,0.024583481814031416,0.07425502867797998,0.12408228934954967,0.17405911637830834
3,0.0676790876724397,0.04063748808329715,0.08180739536722455,0.09181755076462489,0.024585824339474475,0.07443602929627412,0.12424078038201342,0.17412669111258072
1,0.08671478929651277,0.08979787168301467,0.07380405407367677,0.08593928296960932,0.024754046045764668,0.07471063872530316,0.02473569413612497,0.024957396684796133
2,0.1020244216318906,0.046843158103951024,0.09129719540531436,0.11935962571531586,0.024660874328974694,0.0745602185867629,0.12452469451094264,0.024957396684796133
3,0.1201546703548104,0.033066133416023366,0.029845929424427646,0.07074073431474348,0.024586482718641674,0.07444093754128912,0.12438071411404104,0.17438826012360711
1,0.10136064221625962,0.051079773426165695,0.10497099457229231,0.04108518157543044,0.02475384895506348,0.07470128845944858,0.024963459228605062,0.024831926957948166
2,0.0583237020452992,0.06558808604870117,0.06346750884833585,0.10603992967632006,0.02466327857755661,0.0745547165675885,0.12450748198709954,0.024831926957948166
3,0.07546354922208401,0.036569536194201974,0.04793067654395326,0.034081113248382276,0.02459239015312994,0.07443535798478552,0.12435136857665609,0.17428009000752367
1,0.13642832499385382,0.03542915782640787,0.053080117902774976,0.1017106922243134,0.024753515459503838,0.07470468357409525,0.024936577599525504,0.024801662605810824
1,0.033633883295615126,0.05958523579128279,0.08081413741225749,0.13773478777444909,0.024754176543377533,0.07468861563143882,0.024963459228605062,0.024963459228605062
1,0.10953520493967867,0.04466540609471714,0.06368569646844363,0.0707370345443538,0.024753815421761183,0.07467860368626045,0.024963459228605062,0.024963459228605062
2,0.07585509855415035,0.04608916253315713,0.06767040126854092,0.12516192977570384,0.024659057611454423,0.07456248719285331,0.12455138993143905,0.024801662605810824
2,0.06149888143697682,0.07667363305296317,0.09443383483684098,0.07741583032348853,0.02466282448006273,0.0745127465092554,0.12440828812985436,0.024963459228605062
2,0.07534437556802738,0.08350698973532018,0.07059867965076184,0.04571275601681797,0.024664379327918297,0.07453213147947278,0.12444367148190968,0.024963459228605062
3,0.06438800159834798,0.07401120605621833,0.05547106144110228,0.07686507181491073,0.02459711826808482,0.07437986070366347,0.12417773081230855,0.1741021668822685
3,0.08617169888925519,0.0510057226810631,0.04141514364594198,0.03281316877137077,0.024592755453365894,0.0744436538072427,0.12428490420449957,0.17421164078760165
3,0.08049559817756091,0.02888305732550124,0.05039806442647955,0.10638471343066416,0.02458465823312079,0.07445846473091029,0.12443868240045311,0.17424580243636725
1,0.03793184463946815,0.045999683829154835,0.08036747418115157,0.05052248892377943,0.024753624253046183,0.07470358645888939,0.024963459228605062,0.024743397658614517
1,0.04177084772618317,0.048096055135668,0.040697501324800406,0.05553058307636023,0.024753662073414607,0.07471758091993747,0.024963459228605062,0.02457512549572507
2,0.045527808730375145,0.03216528279865602,0.07823472452404645,0.08478519499781965,0.024658964991484112,0.07458449533347507,0.12457269656577716,0.024743397658614517
2,0.10674450314314927,0.02383842864555176,0.1143407071768528,0.0862590764973844,0.02465933264933246,0.07455994665699565,0.12445670616158455,0.02457512549572507
3,0.0676790876724397,0.04063748808329715,0.08180739536722455,0.09181755076462489,0.024584148014326256,0.07444059857044566,0.12430058927141305,0.17419372582895384
3,0.07539690404388613,0.04733370436704057,0.06628452432751404,0.098586197737345,0.024584428679553474,0.0744394688270832,0.12441217811872533,0.1743937755201729
1,0.09746790781675578,0.018247163481058322,0.07908648511652303,0.12306295215163329,0.02475363744590093,0.07471726900457368,0.024963459228605062,0.024955695358409875
1,0.09573287081883394,0.047395069867549836,0.07654643496674385,0.09109687918016188,0.02475356857797679,0.07459632823158503,0.024846712225120804,0.024963459228605062
1,0.09573287081883394,0.047395069867549836,0.07654643496674385,0.09109687918016188,0.024753925292619692,0.07459191771238809,0.024898357912508193,0.024846712225120804
2,0.07035793510194616,0.06094679869381177,0.07521429446181252,0.06692237413076525,0.024658980838471817,0.07444187894743262,0.1242703482024804,0.024963459228605062
2,0.07035793510194616,0.06094679869381177,0.07521429446181252,0.06692237413076525,0.02466304179307581,0.07436798834605898,0.12421850466670431,0.024846712225120804
2,0.07079306590605661,0.03883571731558194,0.0992013168722215,0.07007154251567005,0.024660665816889162,0.07458642167022991,0.12454236471739857,0.024955695358409875
3,0.07230376169065403,0.04268293353126819,0.057443325777410584,0.09074935212649474,0.024583527069621806,0.07420782387399252,0.12391808265940549,0.17383213261298638
3,0.14722910481235885,0.04502880014381337,0.04809325169194721,0.08610102372029886,0.02458461509088023,0.07447842192980388,0.1244232016996285,0.17437897414089082
3,0.07230376169065403,0.04268293353126819,0.057443325777410584,0.09074935212649474,0.024592826071077527,0.07420209939572522,0.12394615034448266,0.17388424090759022
1,0.10953520493967867,0.04466540609471714,0.06368569646844363,0.0707370345443538,0.024753934218060426,0.07467728386840075,0.024963459228605062,0.024963459228605062
1,0.07467705088333214,0.07391059788784418,0.04743387278284074,0.08377532030559792,0.024754614002357823,0.07468472203067146,0.024963459228605062,0.024678917934695375
2,0.07988736919803627,0.07179890960513727,0.09569467192185166,0.10596414446614205,0.02466767458358935,0.07452278122691286,0.12442414960985818,0.024678917934695375
2,0.06149888143697682,0.07667363305296317,0.09443383483684098,0.07741583032348853,0.02466291848909738,0.0745098965673763,0.12443723666744752,0.024963459228605062
3,0.06438800159834798,0.07401120605621833,0.05547106144110228,0.07686507181491073,0.024599337921853988,0.07437783703707002,0.12423865180825082,0.17410765295655756
3,0.11243079051011198,0.06495811350572982,0.05582655963498458,0.08359579719678478,0.024599841756730138,0.0743972186470478,0.12426943356016991,0.17421605803890675
1,0.0614817732747221,0.03578695672977151,0.07363653615245293,0.07326620376198428,0.024754029645412408,0.0746627164698434,0.024898357912508193,0.024846712225120804
1,0.07098057565959254,0.05595102609659585,0.05899126852087097,0.07474260945619873,0.024754726735953428,0.07469200074389365,0.024963459228605062,0.024830311772237105
1,0.07098057565959254,0.05595102609659585,0.05899126852087097,0.07474260945619873,0.02475450140879027,0.07469444334043071,0.024963459228605062,0.024830311772237105
2,0.08884294190519114,0.07040195298642282,0.08077056868616503,0.13532146619289356,0.024665492591317267,0.07454268592605945,0.12449619973978263,0.024830311772237105
2,0.08884294190519114,0.07040195298642282,0.08077056868616503,0.13532146619289356,0.024666250722899775,0.07454028386651991,0.12447839693580093,0.024830311772237105
2,0.09573287081883394,0.047395069867549836,0.07654643496674385,0.09109687918016188,0.02466045989244557,0.07448834535463728,0.12432622688041176,0.024846712225120804
3,0.05702733203172587,0.0648586112541897,0.06078092168721561,0.04082737845910154,0.024600926466487608,0.07441146451797456,0.12429399334830032,0.17422538662108247
3,0.07035793510194616,0.06094679869381177,0.07521429446181252,0.06692237413076525,0.024585174672585152,0.07434510982690923,0.12408667451657338,0.17381573827082228
3,0.05702733203172587,0.0648586112541897,0.06078092168721561,0.04082737845910154,0.024603080306943307,0.07441651176369356,0.12432456368063369,0.17419981688087124
1,0.07230376169065403,0.04268293353126819,0.057443325777410584,0.09074935212649474,0.024753759008313093,0.07461901630959737,0.02463167340973236,0.024963459228605062
1,0.07519332560184486,0.07369608486508826,0.06342667088556286,0.0990009188631023,0.024754033754126326,0.07469937017927361,0.024963459228605062,0.02476174633782152
2,0.047745702210552604,0.03491075292808316,0.050705117593938295,0.08013784548033831,0.02465996457706691,0.07455631620335772,0.12453552912551967,0.02476174633782152
2,0.07467705088333214,0.07391059788784418,0.04743387278284074,0.08377532030559792,0.02466461547074554,0.07446526491462296,0.12424725382978646,0.024963459228605062
3,0.07988736919803627,0.07179890960513727,0.09569467192185166,0.10596414446614205,0.02460903937223347,0.07426945181784907,0.12388119394758972,0.17369330552151147
3,0.1255877214380991,0.0525616556638266,0.03261282132584679,0.11235544642601997,0.0245878741299425,0.07443396942080951,0.12439095649026627,0.17434078583801055
1,0.0757290689941555,0.04546546363346379,0.028218208828449776,0.07594300631155718,0.024753733077546868,0.07469105106292205,0.024963459228605062,0.024942562284882498
1,0.0757290689941555,0.04546546363346379,0.028218208828449776,0.07594300631155718,0.024753563072639408,0.07469282981440095,0.024963459228605062,0.024942562284882498
1,0.13642832499385382,0.03542915782640787,0.053080117902774976,0.1017106922243134,0.024753660891881614,0.07471742400737809,0.024936577599525504,0.024801662605810824
2,0.10150133306358028,0.07193001589436566,0.10274945035212421,0.032447415100404796,0.02466205393214068,0.07453412471688553,0.12447386604019746,0.024942562284882498
2,0.07585509855415035,0.04608916253315713,0.06767040126854092,0.12516192977570384,0.02465946590961246,0.07456094014329513,0.12454942948468287,0.024801662605810824
2,0.10150133306358028,0.07193001589436566,0.10274945035212421,0.032447415100404796,0.02465925581097025,0.07454073246825803,0.12447479409690854,0.024942562284882498
3,0.04281448123955679,0.04157146367854742,0.05017785226505281,0.09177998868830939,0.02458450251312905,0.07441207214854971,0.12428261292996162,0.17425465795509024
3,0.08049559817756091,0.02888305732550124,0.05039806442647955,0.10638471343066416,0.024586340899209348,0.07444513901434445,0.1244182947586071,0.17419531760375453
3,0.04281448123955679,0.04157146367854742,0.05017785226505281,0.09177998868830939,0.024590893466885283,0.07440324036307218,0.1242923451077781,0.1742704979363514
1,0.05702733203172587,0.0648586112541897,0.06078092168721561,0.04082737845910154,0.024755040159503857,0.07464267651274586,0.024899589410708724,0.024963459228605062
1,0.04177084772618317,0.048096055135668,0.040697501324800406,0.05553058307636023,0.0247537006154916,0.07471737509109082,0.024963459228605062,0.02457512549572507
2,0.07519332560184486,0.07369608486508826,0.06342667088556286,0.0990009188631023,0.024669941331554892,0.07444480781331038,0.12429739730885286,0.024963459228605062
2,0.10674450314314927,0.02383842864555176,0.1143407071768528,0.0862590764973844,0.0246591378336089,0.0745606499914133,0.12445752602097872,0.02457512549572507
3,0.0676790876724397,0.04063748808329715,0.08180739536722455,0.09181755076462489,0.02458524276679386,0.07443904154749345,0.1242431340776999,0.17412144563836812
3,0.047745702210552604,0.03491075292808316,0.050705117593938295,0.08013784548033831,0.024610159682234227,0.07428798006089654,0.12401289718495517,0.1740306641093983
1,0.10953520493967867,0.04466540609471714,0.06368569646844363,0.0707370345443538,0.024753577347375235,0.07468115175177174,0.024963459228605062,0.024963459228605062
1,0.0412407791624969,0.06074130852297744,0.10725118526980659,0.07565562971786645,0.024753937308363436,0.074627369178719,0.024963459228605062,0.024963459228605062
1,0.0412407791624969,0.06074130852297744,0.10725118526980659,0.07565562971786645,0.024754182496814284,0.07462445524235373,0.024963459228605062,0.024963459228605062
1,0.04281448123955679,0.04157146367854742,0.05017785226505281,0.09177998868830939,0.024753783498580574,0.07470196373784617,0.024840109866490493,0.024963459228605062
2,0.03750051034656034,0.05234730349349048,0.08961497663355834,0.08814635966266293,0.02465961021580149,0.07442685857764242,0.12430833502753942,0.024963459228605062
2,0.03750051034656034,0.05234730349349048,0.08961497663355834,0.08814635966266293,0.02466067518018597,0.07442093793692334,0.12430620805559768,0.024963459228605062
2,0.06149888143697682,0.07667363305296317,0.09443383483684098,0.07741583032348853,0.02465956532380549,0.07451891903076652,0.12443769905337734,0.024963459228605062
2,0.07427609797995119,0.03494181216647284,0.06863488164030318,0.037104399190181485,0.024659894911558435,0.0745582085537344,0.12451531752753636,0.024963459228605062
3,0.06438800159834798,0.07401120605621833,0.05547106144110228,0.07686507181491073,0.024588952623970216,0.07438634166772752,0.12422249094114182,0.1741142715595523
3,0.0617581837187243,0.04856136066913644,0.05502885525437959,0.04983947403264788,0.024583737130920484,0.07426987449352031,0.12404011026883008,0.17400493911688494
3,0.08134077374284755,0.03430411003603862,0.052397539008190705,0.13741143420027632,0.024585790343074482,0.07447593482235716,0.1243943891564567,0.17433456937957054
3,0.0617581837187243,0.04856136066913644,0.05502885525437959,0.04983947403264788,0.024586787408575884,0.07426226067115815,0.12404056116717563,0.1739865837082335
1,0.06286591212270112,0.07264679543658686,0.06078939974127145,0.08990615161509624,0.024754434962209238,0.0747122047707617,0.024845265528314384,0.024928959637628454
2,0.06916281586302166,0.04028481254673371,0.04009332186937212,0.10587094384850491,0.024663385113616106,0.07454727163706658,0.12452025415830903,0.024928959637628454
3,0.04401464940565664,0.09212239514089349,0.09052938055196134,0.07731442164219327,0.024594048930893845,0.07447374925891748,0.12443363355038624,0.1743519550378434
1,0.10536916446545701,0.03374663796800034,0.07319003417073817,0.03713854114140286,0.024753942170275847,0.07470032823110624,0.024963459228605062,0.024827903210831597
1,0.07467705088333214,0.07391059788784418,0.04743387278284074,0.08377532030559792,0.024754625414828743,0.07468456810587365,0.02463167340973236,0.024963459228605062
1,0.06916281586302166,0.04028481254673371,0.04009332186937212,0.10587094384850491,0.024753808524527753,0.07470170457639014,0.024845265528314384,0.024928959637628454
2,0.07988736919803627,0.07179890960513727,0.09569467192185166,0.10596414446614205,0.024667895249967344,0.0745237468738904,0.12441917715421849,0.024963459228605062
2,0.0777737377998962,0.10051522343532188,0.08340253900747377,0.051636835908900225,0.02466120525546837,0.0745585330670301,0.1245195101485172,0.024827903210831597
2,0.04401464940565664,0.09212239514089349,0.09052938055196134,0.07731442164219327,0.024662414417034314,0.07457691529274713,0.12448544255426132,0.024928959637628454
3,0.0952437150969788,0.06909618921354241,0.07392607970329225,0.06368278694787936,0.024591183723129715,0.07443466156168903,0.12436418002508236,0.17426663014454127
3,0.11243079051011198,0.06495811350572982,0.05582655963498458,0.08359579719678478,0.024601303354182837,0.07440216105182498,0.12422745350058646,0.17413527046041713
3,0.10536916446545701,0.03374663796800034,0.07319003417073817,0.03713854114140286,0.02458952605165803,0.07448305808342368,0.12433825739446404,0.17429983808608188
1,0.07098057565959254,0.05595102609659585,0.05899126852087097,0.07474260945619873,0.024753706801133087,0.07470274677424077,0.024963459228605062,0.024830311772237105
1,0.0777737377998962,0.10051522343532188,0.08340253900747377,0.051636835908900225,0.024754650813251147,0.07469286085119393,0.024827903210831597,0.02493856995785392
2,0.08884294190519114,0.07040195298642282,0.08077056868616503,0.13532146619289356,0.02466179053938099,0.07455788611568118,0.12450953000410789,0.024830311772237105
2,0.0952437150969788,0.06909618921354241,0.07392607970329225,0.06368278694787936,0.024667402679480706,0.0745412311233048,0.12440230586761844,0.02493856995785392
3,0.09229888729949903,0.06263053094279288,0.061991878069811615,0.12503543845714055,0.024597307739258754,0.07442139793057666,0.12418864939163228,0.17412375200635466
3,0.05702733203172587,0.0648586112541897,0.06078092168721561,0.04082737845910154,0.024598518305210867,0.07444114905210161,0.1243450891843577,0.17417738160378787
1,0.03908341792559256,0.08062986299802519,0.026505726727860238,0.08287471909483175,0.024753701103212917,0.07471752528860898,0.024910448228207354,0.024944956800964885
1,0.10536916446545701,0.03374663796800034,0.07319003417073817,0.03713854114140286,0.024753612012055268,0.07470371420463821,0.024963459228605062,0.024827903210831597
2,0.05380683719224384,0.038683644078283765,0.052171954349059926,0.0765068070532497,0.0246589252052272,0.07456200291035775,0.12455829068626001,0.024944956800964885
2,0.0777737377998962,0.10051522343532188,0.08340253900747377,0.051636835908900225,0.02466220702752528,0.07456088101017164,0.12450534407392902,0.024827903210831597
3,0.0952437150969788,0.06909618921354241,0.07392607970329225,0.06368278694787936,0.02459065909805164,0.07444556608255946,0.12435750408266746,0.17428644756333853
3,0.05650151263362216,0.059055311373483826,0.06122379642223518,0.04642868470160127,0.024584489745224408,0.07443970670600192,0.12443639967906336,0.1743565527152188
1,0.09229888729949903,0.06263053094279288,0.061991878069811615,0.12503543845714055,0.02475509990130637,0.07466236512146746,0.024963459228605062,0.02475239660585117
1,0.03908341792559256,0.08062986299802519,0.026505726727860238,0.08287471909483175,0.024753739506605966,0.07470241690443293,0.024944956800964885,0.0248079205569066
2,0.05380683719224384,0.038683644078283765,0.052171954349059926,0.0765068070532497,0.024659056703262117,0.07456062792527413,0.12455924872526943,0.0248079205569066
2,0.09989586222375424,0.04778556264420031,0.043878068901007504,0.09865632200230479,0.0246633814268481,0.0744920942314074,0.12442905456361025,0.02475239660585117
3,0.05650151263362216,0.059055311373483826,0.06122379642223518,0.04642868470160127,0.024584348582240532,0.07443796344808742,0.12443596861102858,0.17436331919787437
3,0.07582201151548011,0.08737609068072628,0.06718885680639655,0.07359729276576966,0.02459605570556613,0.0743451918127843,0.12422162804797936,0.17414119380665072
1,0.03908341792559256,0.08062986299802519,0.026505726727860238,0.08287471909483175,0.024754178494737038,0.07469791639633432,0.024910448228207354,0.024944956800964885
1,0.07756128078935592,0.05461663942167845,0.06498514142402541,0.05347043929114953,0.024753859197146223,0.07470118549135919,0.024774811055818746,0.02482057678441524
2,0.09417344503615252,0.01840792838715411,0.06846032013884833,0.06752148464710592,0.024660215003289618,0.07458845708343274,0.12456295593658012,0.02482057678441524
2,0.05380683719224384,0.038683644078283765,0.052171954349059926,0.0765068070532497,0.024660036062837457,0.07455497540016424,0.1245580328968662,0.024944956800964885
3,0.05650151263362216,0.059055311373483826,0.06122379642223518,0.04642868470160127,0.024584346822691377,0.0744363150270313,0.12443251299552473,0.17436734141491636
3,0.07582618464380801,0.047524544414721745,0.08133551379670642,0.0834376467921896,0.024586607918035745,0.07447881163548462,0.12444766463844127,0.1743629412475748
1,0.09417344503615252,0.01840792838715411,0.06846032013884833,0.06752148464710592,0.0247536502609956,0.07471959001918356,0.024774811055818746,0.02494370442265853
1,0.05571128992255616,0.02447550162817058,0.06859007407869337,0.09160194364678872,0.024753525759475318,0.07471798885915454,0.024963459228605062,0.02482057678441524
2,0.08798612993384691,0.08627294051619473,0.057687623180598585,0.07596106830263784,0.02466070965102293,0.07456594858305102,0.12444072062428059,0.02482057678441524
2,0.07582618464380801,0.047524544414721745,0.08133551379670642,0.0834376467921896,0.02465995828136076,0.07456000282866637,0.12451581851507418,0.02494370442265853
3,0.07756128078935592,0.05461663942167845,0.06498514142402541,0.05347043929114953,0.024589205828277234,0.07444879611911245,0.12422020691705989,0.1741542837004611
3,0.04023131052070346,0.04261988084132286,0.054447955865076184,0.07135389176992168,0.024585334776237887,0.0744404175975547,0.12435632677422759,0.17421611894811578
1,0.09417344503615252,0.01840792838715411,0.06846032013884833,0.06752148464710592,0.02475375296912302,0.07470227353946098,0.024774811055818746,0.02494370442265853
1,0.09368381158631535,0.07347709326891795,0.08013329094490508,0.06946655454627765,0.024753633341215657,0.07470349525398962,0.024895920030096517,0.024661161271352098
1,0.08028251246602297,0.08602676386940658,0.09419828272367034,0.08983195758159634,0.024753989378253793,0.07468906881784639,0.024963459228605062,0.024838618665530523
2,0.0412407791624969,0.06074130852297744,0.10725118526980659,0.07565562971786645,0.02465937695589162,0.07453822113766577,0.12442010112484153,0.024838618665530523
2,0.08988675146207195,0.0223380529023461,0.06645181118297502,0.11815155807172864,0.024659291737314,0.07456106829283816,0.12448932382564791,0.024661161271352098
2,0.07582618464380801,0.047524544414721745,0.08133551379670642,0.0834376467921896,0.024660426153559185,0.07459166853384654,0.12454513911763222,0.02494370442265853
3,0.04023131052070346,0.04261988084132286,0.054447955865076184,0.07135389176992168,0.02458560745378596,0.07448135049608894,0.12439548332224609,0.1742619525708997
3,0.11207177581958282,0.07344288552532603,0.06015674422584412,0.05980587818738555,0.024585439314525365,0.07443783259382762,0.1243025639619545,0.17422125118467685
3,0.03750051034656034,0.05234730349349048,0.08961497663355834,0.08814635966266293,0.024583425078788544,0.07441368772067537,0.1241827360204943,0.1740502505326353
1,0.09368381158631535,0.07347709326891795,0.08013329094490508,0.06946655454627765,0.024753948602853876,0.07470026242815675,0.024895920030096517,0.024661161271352098
2,0.08988675146207195,0.0223380529023461,0.06645181118297502,0.11815155807172864,0.02466033866215132,0.0745556035095523,0.1244875052448031,0.024661161271352098
3,0.11207177581958282,0.07344288552532603,0.06015674422584412,0.05980587818738555,0.024585000901419643,0.07443614874137836,0.12429945372343096,0.1742308782519162
1,0.06916281586302166,0.04028481254673371,0.04009332186937212,0.10587094384850491,0.02475424274260966,0.07471281573194341,0.02465653358879531,0.024845265528314384
1,0.10251426515595174,0.04506762950400308,0.11057036360145063,0.07657206228510352,0.024753966030885845,0.07469376560376613,0.02461443144076785,0.024963459228605062
2,0.04401464940565664,0.09212239514089349,0.09052938055196134,0.07731442164219327,0.024660967445792385,0.07455313832691117,0.12448881363549046,0.024845265528314384
2,0.08700732646722702,0.056189709453713134,0.07571526393028628,0.1268376193559756,0.024664137523122263,0.07454073696656378,0.12425538817935877,0.024963459228605062
3,0.10536916446545701,0.03374663796800034,0.07319003417073817,0.03713854114140286,0.024588570272338565,0.07443483998032759,0.12429821426269272,0.17421703728926036
3,0.08957973808941831,0.06162978261830512,0.07960706774025209,0.07273499586253462,0.024588877469501225,0.07441500846128721,0.12401285066817105,0.1737237164859261
1,0.08515635624616794,0.025563197823746248,0.06441648842239411,0.11232077242613053,0.024753631769415797,0.07470351428122148,0.024603831149049238,0.024963459228605062
2,0.039724684656396364,0.03720744392604772,0.07770186054253417,0.06857742359847638,0.024659737248143063,0.07456017217377704,0.12438970517477003,0.024963459228605062
3,0.062283530431940765,0.05683834434517274,0.07772350287449344,0.12791233410309993,0.024584005124681774,0.07444051085454208,0.12413957409696937,0.17401010688995772
1,0.06449763212904182,0.04740607651617883,0.06691542619700169,0.0964967345750866,0.024754266814011112,0.07459067038446064,0.02450172720210415,0.02496179046436017
1,0.10251426515595174,0.04506762950400308,0.11057036360145063,0.07657206228510352,0.024753613178831808,0.07469745288471179,0.02461443144076785,0.024963459228605062
2,0.11271859055455341,0.07868260678202217,0.07787560558176643,0.052948709262600924,0.024659565454296015,0.07437598077391717,0.12422189188139185,0.02496179046436017
2,0.08700732646722702,0.056189709453713134,0.07571526393028628,0.1268376193559756,0.024661370972773603,0.07454828573820359,0.12427955698183368,0.024963459228605062
3,0.08957973808941831,0.06162978261830512,0.07960706774025209,0.07273499586253462,0.024588073405689033,0.0744258404071233,0.12399683633971526,0.1737562213348361
3,0.07941338528257755,0.023711110912131822,0.10399224744138053,0.10699269900957967,0.02458474261502252,0.07421026985730635,0.1239273084177975,0.17389423349785502
1,0.07180982890219695,0.062646896688839,0.04806681746223555,0.05866639157752202,0.024753646401374094,0.07470336146806102,0.024937218751420645,0.024947202832433443
1,0.07582201151548011,0.08737609068072628,0.06718885680639655,0.07359729276576966,0.024755425238876888,0.07468448453475969,0.02475239660585117,0.0248079205569066
1,0.07180982890219695,0.062646896688839,0.04806681746223555,0.05866639157752202,0.024754761186343843,0.07469162402423074,0.024937218751420645,0.024947202832433443
1,0.03004848523065467,0.0489194373679909,0.0944873978973538,0.12327634538497605,0.024753895865325067,0.07465640785054366,0.02450172720210415,0.02496179046436017
2,0.03908341792559256,0.08062986299802519,0.026505726727860238,0.08287471909483175,0.024668600991088353,0.07452449459596504,0.12449177966242196,0.0248079205569066
2,0.048162717361826,0.04383770449955131,0.11525931616375384,0.06472317571466266,0.02466231679574645,0.07454567498082557,0.1245227160658193,0.024947202832433443
2,0.048162717361826,0.04383770449955131,0.11525931616375384,0.06472317571466266,0.024658976738135264,0.07456124106995464,0.12453704080714709,0.024947202832433443
2,0.06449763212904182,0.04740607651617883,0.06691542619700169,0.0964967345750866,0.02466356496329389,0.07447063441152926,0.12428096318987195,0.02496179046436017
3,0.08229217949502382,0.03619079649101242,0.10090499605183958,0.057427143217123715,0.024588871092257353,0.07442305789892206,0.12437439389314642,0.17433882613607127
3,0.05380683719224384,0.038683644078283765,0.052171954349059926,0.0765068070532497,0.024606070144200905,0.07439570326542431,0.12432980663600514,0.1743124837930703
3,0.11271859055455341,0.07868260678202217,0.07787560558176643,0.052948709262600924,0.024593452201618196,0.07432268937873435,0.12399614578707047,0.17385465441974998
3,0.08229217949502382,0.03619079649101242,0.10090499605183958,0.057427143217123715,0.024583468373742017,0.07444120598626101,0.12436658800615669,0.17432425904517881
1,0.05650151263362216,0.059055311373483826,0.06122379642223518,0.04642868470160127,0.02475392834157499,0.0746810927783032,0.024963459228605062,0.024963459228605062
1,0.06408248777672598,0.045147760005035405,0.06301292158191801,0.13633410453767303,0.024753820505978835,0.07470158056515024,0.02492922494941333,0.024888882714774175
1,0.07941338528257755,0.023711110912131822,0.10399224744138053,0.10699269900957967,0.024753534193371354,0.07471878777231435,0.02463765080258784,0.024937218751420645
1,0.06408248777672598,0.045147760005035405,0.06301292158191801,0.13633410453767303,0.02475466432799058,0.07469272975328076,0.02492922494941333,0.024888882714774175
2,0.1168947240832103,0.041762157960494664,0.06660786698556234,0.06687459813532057,0.024662628241453072,0.07454413006891346,0.12452216933687367,0.024888882714774175
2,0.1168947240832103,0.041762157960494664,0.06660786698556234,0.06687459813532057,0.02466009165468285,0.07455977421194214,0.12452415633656283,0.024888882714774175
2,0.07180982890219695,0.062646896688839,0.04806681746223555,0.05866639157752202,0.02465952801417429,0.07458904755402128,0.12454425804589034,0.024937218751420645
2,0.05571128992255616,0.02447550162817058,0.06859007407869337,0.09160194364678872,0.024660459694424267,0.07451809070566721,0.1244696550309288,0.024963459228605062
3,0.048162717361826,0.04383770449955131,0.11525931616375384,0.06472317571466266,0.024588342759428693,0.07447753692651299,0.12439324758188869,0.1743031307609308
3,0.06493431830831745,0.02177479867875318,0.08240899480797613,0.05820851586278329,0.024585966043056816,0.074484927145236,0.12441975456322982,0.17439828842726043
3,0.08798612993384691,0.08627294051619473,0.057687623180598585,0.07596106830263784,0.024588623611625518,0.07438090571815247,0.12429492565829575,0.17417915992684704
3,0.06493431830831745,0.02177479867875318,0.08240899480797613,0.05820851586278329,0.02459012377683387,0.07442044429675418,0.12438573903922948,0.1743675264291265
1,0.07756128078935592,0.05461663942167845,0.06498514142402541,0.05347043929114953,0.024753885086198787,0.07470091430258019,0.024963459228605062,0.024774811055818746
1,0.05578669608695837,0.05823202541444526,0.07366250470272391,0.09694094047457591,0.024753870064260948,0.07470109167743426,0.024921945020478502,0.024946697132517456
1,0.08229217949502382,0.03619079649101242,0.10090499605183958,0.057427143217123715,0.0247539031744101,0.07471640897129958,0.02489813390685094,0.024929224949413333
1,0.05578669608695837,0.05823202541444526,0.07366250470272391,0.09694094047457591,0.024753952951408267,0.07471237969414671,0.024921945020478502,0.024946697132517456
2,0.04237029590720426,0.056656041575546864,0.07210096536075156,0.04108984357832234,0.024659679823035272,0.07455774035062782,0.12455277110187957,0.024946697132517456
2,0.06408248777672598,0.045147760005035405,0.06301292158191801,0.13633410453767303,0.02465887043385738,0.07459342726832215,0.12455219175579454,0.024929224949413333
2,0.04237029590720426,0.056656041575546864,0.07210096536075156,0.04108984357832234,0.024659624534779552,0.07455800972589448,0.12455306286337454,0.024946697132517456
2,0.09417344503615252,0.01840792838715411,0.06846032013884833,0.06752148464710592,0.02465990259174455,0.07455834898929554,0.12453672308146772,0.024774811055818746
3,0.1168947240832103,0.041762157960494664,0.06660786698556234,0.06687459813532057,0.02458372712682918,0.07444045865359011,0.1243593492874237,0.1743391700392749
3,0.07677238737275371,0.05189447323061007,0.04102298088942426,0.09511978925190614,0.024589272331441855,0.0744351312597769,0.1244244084482153,0.17435567443366623
3,0.07677238737275371,0.05189447323061007,0.04102298088942426,0.09511978925190614,0.024584208607479237,0.07444521914610511,0.12442720815830877,0.1743753786174723
3,0.07582618464380801,0.047524544414721745,0.08133551379670642,0.0834376467921896,0.024584346505531127,0.0744388881017652,0.12439516694887554,0.17436092000638453
1,0.055519211860765416,0.0330191379062163,0.09304861607111206,0.06803206531303677,0.02475364469275868,0.07470338399589381,0.024963459228605062,0.02493431007216087
1,0.06493431830831745,0.02177479867875318,0.08240899480797613,0.05820851586278329,0.02475351625441116,0.07470467554337448,0.024963459228605062,0.024921945020478502
2,0.05578669608695837,0.05823202541444526,0.07366250470272391,0.09694094047457591,0.02465965790273337,0.07456221246546683,0.12453444434896171,0.024921945020478502
2,0.05867877342695146,0.05321780342854172,0.06184794503887728,0.08836847596621955,0.0246602531721035,0.07455983268991619,0.1245484905140366,0.02493431007216087
3,0.051100834673563696,0.04457658300355793,0.08014101452313474,0.04146238861012436,0.024586056650631863,0.0744413180827687,0.12442228247413817,0.17441637896397105
3,0.04237029590720426,0.056656041575546864,0.07210096536075156,0.04108984357832234,0.02458737049732166,0.07448273934175191,0.12443656836733334,0.174408631335355
1,0.07677238737275371,0.05189447323061007,0.04102298088942426,0.09511978925190614,0.024753738021145066,0.07470242892900998,0.024963459228605062,0.024963459228605062
1,0.05324679409633758,0.05958759657644034,0.0713805515470626,0.07567517701898972,0.024753516406047893,0.07470467404322695,0.024963459228605062,0.024963459228605062
1,0.05867877342695146,0.05321780342854172,0.06184794503887728,0.08836847596621955,0.024753767369949758,0.07470212677510538,0.024963459228605062,0.02493431007216087
2,0.055519211860765416,0.0330191379062163,0.09304861607111206,0.06803206531303677,0.024659422921831733,0.07456061782156793,0.12453421401069972,0.024963459228605062
2,0.051100834673563696,0.04457658300355793,0.08014101452313474,0.04146238861012436,0.02465909747979871,0.07456039691818776,0.12455645391752186,0.02493431007216087
2,0.07334111127069598,0.026944993400094073,0.08827038224017236,0.06503776902952968,0.024658786398194417,0.07456256743605746,0.12453409859644393,0.024963459228605062
3,0.04919431200833296,0.049958893514541386,0.12926682441918655,0.09073113122910062,0.02458388256073671,0.07444146348705548,0.12438403158129216,0.17436913887648037
3,0.05324679409633758,0.05958759657644034,0.0713805515470626,0.07567517701898972,0.024583639591504988,0.07447498212730563,0.12446837768154997,0.17444358748107083
3,0.05867877342695146,0.05321780342854172,0.06184794503887728,0.08836847596621955,0.024585771907121502,0.07444135992591856,0.12438262671117571,0.17437405229833927
1,0.06694772163080147,0.058369092327215634,0.0642111123733548,0.1293594759495095,0.024755946579565036,0.074547956254187,0.02487689768453621,0.024963459228605062
1,0.07334111127069598,0.026944993400094073,0.08827038224017236,0.06503776902952968,0.024753717073140197,0.07470265260057747,0.024963459228605062,0.02492257931392194
1,0.051100834673563696,0.04457658300355793,0.08014101452313474,0.04146238861012436,0.024753831015740555,0.07470147352411262,0.024963459228605062,0.024963459228605062
1,0.08264393588485326,0.04452631232012282,0.08694318037536178,0.08490973019575777,0.02475374340070871,0.07471864551027654,0.024963459228605062,0.0249505731019714
2,0.08515635624616794,0.025563197823746248,0.06441648842239411,0.11232077242613053,0.024665923949798267,0.07431619623407858,0.12415055773430038,0.024963459228605062
2,0.04919431200833296,0.049958893514541386,0.12926682441918655,0.09073113122910062,0.024659096426971353,0.07456177222906034,0.12454164158168039,0.02492257931392194
2,0.08277248205900223,0.05600559889271255,0.06874923542405335,0.05876452847461526,0.024659278279511157,0.07458848850035936,0.12458949306144611,0.0249505731019714
2,0.05324679409633758,0.05958759657644034,0.0713805515470626,0.07567517701898972,0.024658865348927,0.0745618426401667,0.12453304713963129,0.024963459228605062
3,0.06125233614348417,0.055305547113219146,0.07773162063106744,0.0681351116602987,0.024586304016292353,0.07448200851750901,0.12447524010912694,0.174422467323358
3,0.08264393588485326,0.04452631232012282,0.08694318037536178,0.08490973019575777,0.024586303967112755,0.07444500247928657,0.12439805930863036,0.17435170281420354
3,0.039724684656396364,0.03720744392604772,0.07770186054253417,0.06857742359847638,0.024592789537451906,0.074150992249356,0.12385379541437834,0.1737369967605635
3,0.07334111127069598,0.026944993400094073,0.08827038224017236,0.06503776902952968,0.024583469804247714,0.07444315986968687,0.12438018594006953,0.17435121044437743
1,0.08277248205900223,0.05600559889271255,0.06874923542405335,0.05876452847461526,0.024753596131858357,0.07470387112114492,0.0249505731019714,0.024963459228605062
1,0.07997306399791619,0.06076326342980249,0.0691128982499325,0.0872337408389966,0.024754065040242374,0.0745586175381214,0.024963459228605062,0.0248958475147571
2,0.06125233614348417,0.055305547113219146,0.07773162063106744,0.0681351116602987,0.02465883663421349,0.07456210184518332,0.12452410313724073,0.024963459228605062
2,0.09254401610604945,0.03217723126686063,0.06062753187426852,0.08256474361446726,0.02466051883202821,0.07432400045738537,0.12412798782495023,0.0248958475147571
3,0.05823027528148095,0.04897726064922326,0.06713590282820271,0.07127491523388152,0.02458631252848589,0.07415514881188628,0.12389781798134224,0.17389902400240312
3,0.07997306399791619,0.06076326342980249,0.0691128982499325,0.0872337408389966,0.02458349030030573,0.07444310349086543,0.12436349316305892,0.17417170834657103
1,0.09205028224995108,0.05973805995120821,0.047391359196606225,0.09579521819793915,0.024754988203843777,0.0745169456742623,0.024963459228605062,0.024963459228605062
2,0.04155473325358896,0.05325351838449121,0.11939951312166269,0.07840375888539135,0.024661925936286598,0.07427298417069458,0.1240700245422509,0.024963459228605062
3,0.05643482381892666,0.0889684291288558,0.11359556670374132,0.1133118495841476,0.024593429024157124,0.07409784014014065,0.12383474168715504,0.1737756477752431
1,0.06559118157456961,0.05169779161633256,0.10180604609114166,0.09968624847136817,0.024754564052614645,0.07469376216026218,0.024949367736620518,0.024963459228605062
1,0.05823027528148095,0.04897726064922326,0.06713590282820271,0.07127491523388152,0.024753719546109183,0.07471902053155902,0.024895847514757097,0.024578442261256075
1,0.05823027528148095,0.04897726064922326,0.06713590282820271,0.07127491523388152,0.024754291404710447,0.07470708375128597,0.024578442261256075,0.024963459228605062
1,0.08957973808941831,0.06162978261830512,0.07960706774025209,0.07273499586253462,0.02475485419335929,0.07469064086697932,0.02450172720210415,0.02461443144076785
2,0.09205028224995108,0.05973805995120821,0.047391359196606225,0.09579521819793915,0.024661276501390064,0.07458829562285967,0.12436338749554707,0.024578442261256075
2,0.07812028699326692,0.06496290243296432,0.0629339468134881,0.07242265169945122,0.024669297255425125,0.07453705905095424,0.12441662675776428,0.024963459228605062
2,0.03004848523065467,0.0489194373679909,0.0944873978973538,0.12327634538497605,0.024662427489367755,0.07454721656047657,0.12445429867298846,0.02461443144076785
2,0.09205028224995108,0.05973805995120821,0.047391359196606225,0.09579521819793915,0.024667253168099843,0.07457460625913519,0.12430653378728486,0.024963459228605062
3,0.06091328729958685,0.06566283682673085,0.0567756282905299,0.030771563432729736,0.0246183934714913,0.0744122642179375,0.12417363856199808,0.1740199478992262
3,0.04155473325358896,0.05325351838449121,0.11939951312166269,0.07840375888539135,0.02461557941360789,0.07446949117873922,0.12401037263459573,0.17364179230192794
3,0.06449763212904182,0.04740607651617883,0.06691542619700169,0.0964967345750866,0.02458820231154612,0.07442860715454595,0.12424646121894287,0.17409659958825288
3,0.04155473325358896,0.05325351838449121,0.11939951312166269,0.07840375888539135,0.024587007505535913,0.07448243927920353,0.12410728063884983,0.17389648593750218
1,0.05643482381892666,0.0889684291288558,0.11359556670374132,0.1133118495841476,0.024754211879173055,0.07469753920983123,0.024535477370251666,0.024949367736620518
1,0.05643482381892666,0.0889684291288558,0.11359556670374132,0.1133118495841476,0.024753916349320292,0.07470060376018614,0.024535477370251666,0.024949367736620518
2,0.06559118157456961,0.05169779161633256,0.10180604609114166,0.09968624847136817,0.02466036729878279,0.07455312618705714,0.1245395954790038,0.024949367736620518
2,0.06559118157456961,0.05169779161633256,0.10180604609114166,0.09968624847136817,0.024662749985771146,0.07455375008837305,0.12451292889871608,0.024949367736620518
3,0.07812028699326692,0.06496290243296432,0.0629339468134881,0.07242265169945122,0.02459759968185141,0.07443296198432345,0.12435100987006416,0.17425160404906848
3,0.07812028699326692,0.06496290243296432,0.0629339468134881,0.07242265169945122,0.02458540440871337,0.07443317557047845,0.12439596788699588,0.1743308823909334
1,0.048162717361826,0.04383770449955131,0.11525931616375384,0.06472317571466266,0.024753943530943453,0.07470032767815145,0.024947202832433443,0.02489813390685094
1,0.06091328729958685,0.06566283682673085,0.0567756282905299,0.030771563432729736,0.02475427614571394,0.07471029013598371,0.024942449212756953,0.02482660650983901
2,0.0786801351476226,0.05814480187730559,0.046949663725892696,0.10613927846674155,0.024666197196002024,0.07458165513495106,0.1245266189515447,0.02482660650983901
2,0.08229217949502382,0.03619079649101242,0.10090499605183958,0.057427143217123715,0.024660566004987554,0.07455491319302934,0.12451492959892656,0.02489813390685094
3,0.1703857732158152,0.059225192173730914,0.07670265019086556,0.07495908607363684,0.02459979182514097,0.07446788877790561,0.1243740544571506,0.17430465164883627
3,0.06408248777672598,0.045147760005035405,0.06301292158191801,0.13633410453767303,0.024586650723366393,0.07443544608905638,0.12435048173212161,0.17430398068487785
1,0.1168947240832103,0.041762157960494664,0.06660786698556234,0.06687459813532057,0.024753739710648454,0.07471829445816953,0.024888882714774175,0.024963459228605062
1,0.06736738386031625,0.050654458931772714,0.06493552944364378,0.11533293213001171,0.024753733072265215,0.0747183028693462,0.02494982424635698,0.024963459228605062
2,0.06493431830831745,0.02177479867875318,0.08240899480797613,0.05820851586278329,0.02465987392823889,0.07455868525798033,0.1245358899563695,0.024963459228605062
2,0.12498536405187893,0.052000328195871554,0.09736287448041833,0.08888376697999181,0.024661286583994746,0.07456341021307217,0.12450224272787788,0.024963459228605062
3,0.05578669608695837,0.05823202541444526,0.07366250470272391,0.09694094047457591,0.024587914044109534,0.07443668658079869,0.12439144068179997,0.17434970284264445
3,0.06406973639109059,0.05443972547669982,0.07225359313424376,0.09925162829403734,0.024593568703857496,0.07444867428427517,0.1243338630804601,0.17427216047442173
1,0.08736091036894321,0.034204703321624175,0.08560586230298178,0.06634771577462985,0.0247536065727564,0.07470376698917115,0.024920117359404213,0.024963459228605062
1,0.07960341015462193,0.03492043440973936,0.07640588582674432,0.11391722475430047,0.02475360915511365,0.07470374057811657,0.024963459228605062,0.024934490331476593
1,0.04237029590720426,0.056656041575546864,0.07210096536075156,0.04108984357832234,0.024753905539782697,0.07470070459367775,0.024946697132517456,0.024963459228605062
2,0.07637049831044349,0.06722827700701946,0.08852014220856327,0.059383415976032555,0.024660047337860588,0.07455995982250196,0.1245469998887755,0.024934490331476593
2,0.10917114168646778,0.022530550815889974,0.08783929587230951,0.11696707737973644,0.024659161958798432,0.07456204905839246,0.12454152857584873,0.024963459228605062
2,0.07677238737275371,0.05189447323061007,0.04102298088942426,0.09511978925190614,0.024662627578308376,0.07455414218120808,0.12451073714717673,0.024963459228605062
3,0.055519211860765416,0.0330191379062163,0.09304861607111206,0.06803206531303677,0.024593902624829522,0.07443074207787644,0.12434826157098157,0.17433097835853253
3,0.116605302524448,0.06920653113370863,0.0948682693596577,0.09258597304069861,0.02458415150343353,0.07444630574512913,0.1243983224883008,0.17436135769752156
3,0.11130664952986813,0.04122827676088461,0.05502920360733538,0.07451603858235276,0.02458533570510109,0.07447667347022394,0.12445205862089714,0.1743893466695837
1,0.06558704228240891,0.07539070738745668,0.07450550869804944,0.05063013983120494,0.024753640461902766,0.0747034224058236,0.024963459228605062,0.02480775439438534
1,0.05867877342695146,0.05321780342854172,0.06184794503887728,0.08836847596621955,0.024753892965105138,0.07470083171056531,0.02493431007216087,0.024963459228605062
2,0.051100834673563696,0.04457658300355793,0.08014101452313474,0.04146238861012436,0.024659106756106924,0.07455994931822907,0.12455399885211753,0.024963459228605062
2,0.07799915916634587,0.043692454132323685,0.10423614191070246,0.07071616403034656,0.024659376085304732,0.0745618262646638,0.12454328067841429,0.02480775439438534
3,0.061816302060506645,0.01829575546629985,0.06038254034175731,0.10612015762684335,0.02458464783675144,0.07444286112098027,0.12440573626544517,0.17439622796431645
3,0.05324679409633758,0.05958759657644034,0.0713805515470626,0.07567517701898972,0.024586378044202956,0.07443874758766836,0.12442728941269357,0.17436455130658898
1,0.1058113574093495,0.07104446795512334,0.053518788574047196,0.06591044291418162,0.024754534335891743,0.07469063931844404,0.024962139178844656,0.024963459228605062
1,0.06558704228240891,0.07539070738745668,0.07450550869804944,0.05063013983120494,0.024754724253778938,0.07469203401996587,0.024963459228605062,0.02480775439438534
1,0.07334111127069598,0.026944993400094073,0.08827038224017236,0.06503776902952968,0.024753533751889403,0.07470450010967157,0.024963459228605062,0.02492257931392194
1,0.06558704228240891,0.07539070738745668,0.07450550869804944,0.05063013983120494,0.02475550043206265,0.07468349467337095,0.024963459228605062,0.02480775439438534
2,0.07799915916634587,0.043692454132323685,0.10423614191070246,0.07071616403034656,0.024663504058885805,0.0745367099916196,0.12453821850232971,0.02480775439438534
2,0.04919431200833296,0.049958893514541386,0.12926682441918655,0.09073113122910062,0.024659730951503596,0.07458646782545998,0.12455977425819455,0.02492257931392194
2,0.06888844482857381,0.07038377918905483,0.060264811432518134,0.054715560857338065,0.024661770022430876,0.07454061791291773,0.12449607807293954,0.024963459228605062
2,0.07799915916634587,0.043692454132323685,0.10423614191070246,0.07071616403034656,0.02466204861423374,0.07454562111937799,0.1245406284928291,0.02480775439438534
3,0.06869844340045775,0.06259155986835428,0.0591211803714167,0.07765118878316302,0.024589521188953474,0.07441442510625189,0.12431965278761653,0.17429598093183257
3,0.08264393588485326,0.04452631232012282,0.08694318037536178,0.08490973019575777,0.024586003417276486,0.07448965400648486,0.12444068184291598,0.17440801762224484
3,0.061816302060506645,0.01829575546629985,0.06038254034175731,0.10612015762684335,0.024588597054073933,0.07442383408113985,0.12440510996455749,0.1743918912824166
3,0.061816302060506645,0.01829575546629985,0.06038254034175731,0.10612015762684335,0.024590161230353236,0.07441624722207273,0.12440263610275691,0.17439210897843
1,0.11648433835894462,0.027755594857759896,0.04686618467994882,0.06102797247976181,0.02475388796898648,0.07470091337039837,0.024963459228605062,0.024948879005520508
1,0.08277248205900223,0.05600559889271255,0.06874923542405335,0.05876452847461526,0.024754317998282167,0.07469638557848794,0.0249505731019714,0.024963459228605062
2,0.06125233614348417,0.055305547113219146,0.07773162063106744,0.0681351116602987,0.024668429508122775,0.07454754569464483,0.12443596966671826,0.024963459228605062
2,0.07951583076340807,0.0519660926290006,0.05908021672921228,0.0511080788039406,0.024662743986140823,0.07455456182624913,0.12450507461449495,0.024948879005520508
3,0.07997306399791619,0.06076326342980249,0.0691128982499325,0.0872337408389966,0.024608664517964063,0.07448034945705687,0.12429459156460325,0.17413128408172834
3,0.09789665141794306,0.034905050481892894,0.0760036963747472,0.04150069009481073,0.024592793268293438,0.07443507925723923,0.12434774382429924,0.17430705337859745
1,0.11648433835894462,0.027755594857759896,0.04686618467994882,0.06102797247976181,0.024753806594134016,0.07470174069836538,0.024963459228605062,0.024948879005520508
1,0.11648433835894462,0.027755594857759896,0.04686618467994882,0.06102797247976181,0.024753569372303018,0.07470414247492449,0.024963459228605062,0.024948879005520508
1,0.09254401610604945,0.03217723126686063,0.06062753187426852,0.08256474361446726,0.024753580413925138,0.07470403093521451,0.024895847514757097,0.024578442261256075
2,0.07951583076340807,0.0519660926290006,0.05908021672921228,0.0511080788039406,0.024659327825938847,0.07455987362386335,0.12453224709439287,0.024948879005520508
2,0.05823027528148095,0.04897726064922326,0.06713590282820271,0.07127491523388152,0.024660482463344274,0.07458268165139724,0.12455523914596736,0.024578442261256075
2,0.07951583076340807,0.0519660926290006,0.05908021672921228,0.0511080788039406,0.0246595176431359,0.07456251761519964,0.12452627615252655,0.024948879005520508
3,0.09789665141794306,0.034905050481892894,0.0760036963747472,0.04150069009481073,0.024592934265004432,0.0744511630603769,0.12436565726106963,0.17421121237842213
3,0.09789665141794306,0.034905050481892894,0.0760036963747472,0.04150069009481073,0.024583726467125467,0.07444065903880766,0.12438278131068241,0.1743332337411836
3,0.09205028224995108,0.05973805995120821,0.047391359196606225,0.09579521819793915,0.024589741955958443,0.07444499897385758,0.12439901045782353,0.17416416505008867
1,0.07812028699326692,0.06496290243296432,0.0629339468134881,0.07242265169945122,0.024755428553084425,0.07466674589844752,0.024963459228605062,0.024942449212756953
2,0.06091328729958685,0.06566283682673085,0.0567756282905299,0.030771563432729736,0.024668573194765106,0.07449034234041825,0.12441328680900676,0.024942449212756953
3,0.0786801351476226,0.05814480187730559,0.046949663725892696,0.10613927846674155,0.024601718653580944,0.0743508520645859,0.12420011091544012,0.1741979413222175
